ISO-10303-21;
HEADER;
FILE_DESCRIPTION (( 'STEP AP203' ),
    '1' );
FILE_NAME ('DIY 6-LED Holder Cut.STEP',
    '2025-08-01T14:41:50',
    ( '' ),
    ( '' ),
    'SwSTEP 2.0',
    'SolidWorks 2025',
    '' );
FILE_SCHEMA (( 'CONFIG_CONTROL_DESIGN' ));
ENDSEC;

DATA;
#1 = AXIS2_PLACEMENT_3D ( 'NONE', #3829, #4970, #6406 ) ;
#2 = ORIENTED_EDGE ( 'NONE', *, *, #3532, .T. ) ;
#3 = CARTESIAN_POINT ( 'NONE',  ( -77.76788286210067724, 20.78641401289931778, 0.5000000000000004441 ) ) ;
#4 = VECTOR ( 'NONE', #1151, 1000.000000000000000 ) ;
#5 = CARTESIAN_POINT ( 'NONE',  ( -90.00000000000001421, 23.15429687500000355, 0.2500000000000000000 ) ) ;
#6 = EDGE_LOOP ( 'NONE', ( #2776, #5541, #3294, #1382, #6737, #2155 ) ) ;
#7 = EDGE_LOOP ( 'NONE', ( #3013, #6923, #5345, #8239, #1751 ) ) ;
#8 = LINE ( 'NONE', #4503, #6475 ) ;
#9 = CC_DESIGN_PERSON_AND_ORGANIZATION_ASSIGNMENT ( #6415, #5151, ( #7176 ) ) ;
#10 = VECTOR ( 'NONE', #3165, 1000.000000000000000 ) ;
#11 = EDGE_LOOP ( 'NONE', ( #42, #190, #3656, #5255, #3527 ) ) ;
#12 = EDGE_CURVE ( 'NONE', #778, #496, #759, .T. ) ;
#13 = VECTOR ( 'NONE', #6558, 1000.000000000000000 ) ;
#14 = ORIENTED_EDGE ( 'NONE', *, *, #5719, .F. ) ;
#15 = FACE_OUTER_BOUND ( 'NONE', #1237, .T. ) ;
#16 = VECTOR ( 'NONE', #1021, 1000.000000000000000 ) ;
#17 = VECTOR ( 'NONE', #6463, 1000.000000000000114 ) ;
#18 = DIRECTION ( 'NONE',  ( 0.5773502691896323924, -0.5773502691896323924, 0.5773502691896122974 ) ) ;
#19 = VERTEX_POINT ( 'NONE', #3309 ) ;
#20 = ORIENTED_EDGE ( 'NONE', *, *, #138, .T. ) ;
#21 = LINE ( 'NONE', #515, #6603 ) ;
#22 = FACE_OUTER_BOUND ( 'NONE', #8273, .T. ) ;
#23 = EDGE_CURVE ( 'NONE', #5093, #5144, #5850, .T. ) ;
#24 = VECTOR ( 'NONE', #3698, 1000.000000000000000 ) ;
#25 = DIRECTION ( 'NONE',  ( 1.000000000000000000, 4.336808689941999001E-16, 0.000000000000000000 ) ) ;
#26 = DIRECTION ( 'NONE',  ( 1.000000000000000000, 1.259073490628327690E-16, 0.000000000000000000 ) ) ;
#27 =( NAMED_UNIT ( * ) SI_UNIT ( $, .STERADIAN. ) SOLID_ANGLE_UNIT ( ) );
#28 = DIRECTION ( 'NONE',  ( -0.7071067811865479058, 0.7071067811865471286, 1.137307002876294326E-16 ) ) ;
#29 = VERTEX_POINT ( 'NONE', #4454 ) ;
#30 = DIRECTION ( 'NONE',  ( -0.000000000000000000, -1.000000000000000000, -0.000000000000000000 ) ) ;
#31 = ORIENTED_EDGE ( 'NONE', *, *, #3174, .F. ) ;
#32 = ORIENTED_EDGE ( 'NONE', *, *, #23, .F. ) ;
#33 = DIRECTION ( 'NONE',  ( -0.000000000000000000, -0.000000000000000000, 1.000000000000000000 ) ) ;
#34 = ORIENTED_EDGE ( 'NONE', *, *, #6454, .T. ) ;
#35 = DIRECTION ( 'NONE',  ( 1.000000000000000000, 0.000000000000000000, 0.000000000000000000 ) ) ;
#36 = EDGE_CURVE ( 'NONE', #1841, #5422, #4584, .T. ) ;
#37 = DIRECTION ( 'NONE',  ( -0.000000000000000000, -0.000000000000000000, 1.000000000000000000 ) ) ;
#38 = DIRECTION ( 'NONE',  ( -0.000000000000000000, -0.000000000000000000, 1.000000000000000000 ) ) ;
#39 = CARTESIAN_POINT ( 'NONE',  ( -84.75000000000001421, 22.40429687500000355, 6.000000000000000000 ) ) ;
#40 = CARTESIAN_POINT ( 'NONE',  ( 0.000000000000000000, 0.000000000000000000, 1.000000000000000000 ) ) ;
#41 = FACE_OUTER_BOUND ( 'NONE', #3070, .T. ) ;
#42 = ORIENTED_EDGE ( 'NONE', *, *, #656, .F. ) ;
#43 = ORIENTED_EDGE ( 'NONE', *, *, #5442, .T. ) ;
#44 = LINE ( 'NONE', #1344, #555 ) ;
#45 = FACE_OUTER_BOUND ( 'NONE', #7616, .T. ) ;
#46 = EDGE_LOOP ( 'NONE', ( #4187, #4174, #2445, #1493 ) ) ;
#47 = CARTESIAN_POINT ( 'NONE',  ( -9.321524864118385878, 13.13641401289931210, 6.000000000000000000 ) ) ;
#48 = DIRECTION ( 'NONE',  ( 1.000000000000000000, -1.734723475976806709E-18, -0.000000000000000000 ) ) ;
#49 = ORIENTED_EDGE ( 'NONE', *, *, #641, .T. ) ;
#50 = ORIENTED_EDGE ( 'NONE', *, *, #4504, .F. ) ;
#51 = PLANE ( 'NONE',  #5516 ) ;
#52 = ORIENTED_EDGE ( 'NONE', *, *, #6027, .F. ) ;
#53 = ADVANCED_FACE ( 'NONE', ( #8309 ), #2514, .F. ) ;
#54 = ORIENTED_EDGE ( 'NONE', *, *, #8288, .T. ) ;
#55 = AXIS2_PLACEMENT_3D ( 'NONE', #3229, #5174, #7761 ) ;
#56 = PLANE ( 'NONE',  #876 ) ;
#57 = EDGE_CURVE ( 'NONE', #6832, #7006, #3817, .T. ) ;
#58 = PLANE ( 'NONE',  #672 ) ;
#59 = ORIENTED_EDGE ( 'NONE', *, *, #5942, .T. ) ;
#60 = VERTEX_POINT ( 'NONE', #914 ) ;
#61 = CARTESIAN_POINT ( 'NONE',  ( 8.932117137899320269, 15.48641401289931174, 0.5000000000000004441 ) ) ;
#62 = DIRECTION ( 'NONE',  ( 0.000000000000000000, 0.000000000000000000, -1.000000000000000000 ) ) ;
#63 = DIRECTION ( 'NONE',  ( 1.000000000000000000, 1.259073490628327444E-16, -0.000000000000000000 ) ) ;
#64 = FACE_OUTER_BOUND ( 'NONE', #1665, .T. ) ;
#65 = EDGE_CURVE ( 'NONE', #4246, #7858, #2723, .T. ) ;
#66 = VECTOR ( 'NONE', #6160, 1000.000000000000000 ) ;
#67 = CARTESIAN_POINT ( 'NONE',  ( -59.41788286210069714, 22.78641401289931778, 0.5000000000000004441 ) ) ;
#68 = ORIENTED_EDGE ( 'NONE', *, *, #6307, .T. ) ;
#69 = LINE ( 'NONE', #5658, #3615 ) ;
#70 = ORIENTED_EDGE ( 'NONE', *, *, #4441, .T. ) ;
#71 = EDGE_LOOP ( 'NONE', ( #2518, #3718, #6365, #5689 ) ) ;
#72 = VECTOR ( 'NONE', #4526, 1000.000000000000000 ) ;
#73 = DIRECTION ( 'NONE',  ( -0.000000000000000000, 0.000000000000000000, 1.000000000000000000 ) ) ;
#74 = EDGE_LOOP ( 'NONE', ( #2500, #663, #3567, #4419 ) ) ;
#75 = CARTESIAN_POINT ( 'NONE',  ( -29.99999999999998579, 20.85065487298227183, 2.500000000000000000 ) ) ;
#76 = DIRECTION ( 'NONE',  ( 1.000000000000000000, 0.000000000000000000, 0.000000000000000000 ) ) ;
#77 = VECTOR ( 'NONE', #4749, 1000.000000000000114 ) ;
#78 = FACE_OUTER_BOUND ( 'NONE', #506, .T. ) ;
#79 = LINE ( 'NONE', #2635, #6585 ) ;
#80 = CARTESIAN_POINT ( 'NONE',  ( 29.58211713789928154, 20.23277201088163224, 2.500000000000000000 ) ) ;
#81 = DIRECTION ( 'NONE',  ( 1.000000000000000000, -1.734723475976806709E-18, -0.000000000000000000 ) ) ;
#82 = ORIENTED_EDGE ( 'NONE', *, *, #8311, .T. ) ;
#83 = DIRECTION ( 'NONE',  ( -1.734723475976806709E-18, -1.000000000000000000, 0.000000000000000000 ) ) ;
#84 = VERTEX_POINT ( 'NONE', #4620 ) ;
#85 = DIRECTION ( 'NONE',  ( -0.7071067811865479058, 0.7071067811865471286, 0.000000000000000000 ) ) ;
#86 = DIRECTION ( 'NONE',  ( 0.000000000000000000, 0.000000000000000000, -1.000000000000000000 ) ) ;
#87 = VERTEX_POINT ( 'NONE', #3471 ) ;
#88 = CARTESIAN_POINT ( 'NONE',  ( -84.75000000000001421, 13.90429687500000355, 4.000000000000000000 ) ) ;
#89 = LINE ( 'NONE', #3271, #5500 ) ;
#90 = ORIENTED_EDGE ( 'NONE', *, *, #3384, .F. ) ;
#91 = CARTESIAN_POINT ( 'NONE',  ( 13.67847513588157859, 23.17217973710070567, 1.500000000000000444 ) ) ;
#92 = ORIENTED_EDGE ( 'NONE', *, *, #6438, .T. ) ;
#93 = EDGE_CURVE ( 'NONE', #8156, #2159, #962, .T. ) ;
#94 = EDGE_LOOP ( 'NONE', ( #4971, #1022, #4307, #5912 ) ) ;
#95 = DIRECTION ( 'NONE',  ( 4.956352788505169184E-16, 1.000000000000000000, 0.000000000000000000 ) ) ;
#96 = DIRECTION ( 'NONE',  ( -0.000000000000000000, -0.000000000000000000, 1.000000000000000000 ) ) ;
#97 = ORIENTED_EDGE ( 'NONE', *, *, #7372, .T. ) ;
#98 = ORIENTED_EDGE ( 'NONE', *, *, #8101, .T. ) ;
#99 = DIRECTION ( 'NONE',  ( -1.000000000000000000, 0.000000000000000000, 0.000000000000000000 ) ) ;
#100 = EDGE_CURVE ( 'NONE', #7305, #2910, #244, .T. ) ;
#101 = DIRECTION ( 'NONE',  ( 0.000000000000000000, -0.000000000000000000, 1.000000000000000000 ) ) ;
#102 = DIRECTION ( 'NONE',  ( -0.000000000000000000, -0.000000000000000000, 1.000000000000000000 ) ) ;
#103 = VERTEX_POINT ( 'NONE', #7971 ) ;
#104 = FACE_OUTER_BOUND ( 'NONE', #1861, .T. ) ;
#105 = ORIENTED_EDGE ( 'NONE', *, *, #1223, .T. ) ;
#106 = ADVANCED_FACE ( 'NONE', ( #4781 ), #293, .T. ) ;
#107 = ORIENTED_EDGE ( 'NONE', *, *, #480, .F. ) ;
#108 = FACE_OUTER_BOUND ( 'NONE', #2054, .T. ) ;
#109 = AXIS2_PLACEMENT_3D ( 'NONE', #4102, #7446, #3505 ) ;
#110 = CARTESIAN_POINT ( 'NONE',  ( -29.38211713789932844, 16.07582173911838197, 1.500000000000000444 ) ) ;
#111 = EDGE_CURVE ( 'NONE', #6432, #5399, #6650, .T. ) ;
#112 = FACE_OUTER_BOUND ( 'NONE', #3999, .T. ) ;
#113 = DIRECTION ( 'NONE',  ( -0.000000000000000000, 1.000000000000000000, 0.000000000000000000 ) ) ;
#114 = LINE ( 'NONE', #3381, #2891 ) ;
#115 = VECTOR ( 'NONE', #8252, 1000.000000000000000 ) ;
#116 = CARTESIAN_POINT ( 'NONE',  ( -55.32152486411841608, 23.17217973710070567, 1.500000000000000444 ) ) ;
#117 = CARTESIAN_POINT ( 'NONE',  ( -55.32152486411839476, 13.13641401289931210, 4.000000000000000000 ) ) ;
#118 = EDGE_LOOP ( 'NONE', ( #1285, #229, #5294, #1780, #2319, #593, #5470, #201 ) ) ;
#119 = CARTESIAN_POINT ( 'NONE',  ( 6.582117137899287762, 16.07582173911837486, 1.500000000000000444 ) ) ;
#120 = ORIENTED_EDGE ( 'NONE', *, *, #1185, .F. ) ;
#121 = LINE ( 'NONE', #1385, #5664 ) ;
#122 = LINE ( 'NONE', #3307, #3880 ) ;
#123 = EDGE_CURVE ( 'NONE', #3447, #8112, #208, .T. ) ;
#124 = VECTOR ( 'NONE', #7421, 1000.000000000000000 ) ;
#125 = CARTESIAN_POINT ( 'NONE',  ( 8.932117137899320269, 15.48641401289931174, 0.5000000000000004441 ) ) ;
#126 = LINE ( 'NONE', #2685, #5017 ) ;
#127 = CARTESIAN_POINT ( 'NONE',  ( -83.06788286210067440, 20.80448725967914925, 1.000000000000000000 ) ) ;
#128 = VECTOR ( 'NONE', #1375, 1000.000000000000000 ) ;
#129 = ORIENTED_EDGE ( 'NONE', *, *, #668, .F. ) ;
#130 = ORIENTED_EDGE ( 'NONE', *, *, #6712, .T. ) ;
#131 = CARTESIAN_POINT ( 'NONE',  ( -32.41788286210066161, 15.48641401289931174, 0.5000000000000004441 ) ) ;
#132 = ORIENTED_EDGE ( 'NONE', *, *, #5296, .F. ) ;
#133 = AXIS2_PLACEMENT_3D ( 'NONE', #769, #6022, #2814 ) ;
#134 = VECTOR ( 'NONE', #6673, 1000.000000000000000 ) ;
#135 = VERTEX_POINT ( 'NONE', #2061 ) ;
#136 = EDGE_CURVE ( 'NONE', #1560, #634, #1588, .T. ) ;
#137 = DIRECTION ( 'NONE',  ( 0.000000000000000000, 1.000000000000000000, 0.000000000000000000 ) ) ;
#138 = EDGE_CURVE ( 'NONE', #8337, #7364, #1549, .T. ) ;
#139 = CARTESIAN_POINT ( 'NONE',  ( -8.767882862100673691, 15.50448725967914143, 0.5000000000000004441 ) ) ;
#140 = VECTOR ( 'NONE', #4985, 1000.000000000000000 ) ;
#141 = VERTEX_POINT ( 'NONE', #1465 ) ;
#142 = AXIS2_PLACEMENT_3D ( 'NONE', #8075, #2291, #8117 ) ;
#143 = ORIENTED_EDGE ( 'NONE', *, *, #543, .F. ) ;
#144 = CARTESIAN_POINT ( 'NONE',  ( -13.41788286210068826, 20.78641401289931778, 1.500000000000000444 ) ) ;
#145 = VECTOR ( 'NONE', #261, 1000.000000000000000 ) ;
#146 = VECTOR ( 'NONE', #5936, 1000.000000000000000 ) ;
#147 = CARTESIAN_POINT ( 'NONE',  ( -16.41788286210070424, 16.07582173911837486, 1.500000000000000444 ) ) ;
#148 = EDGE_CURVE ( 'NONE', #6955, #6695, #2762, .T. ) ;
#149 = LINE ( 'NONE', #3249, #1084 ) ;
#150 = ORIENTED_EDGE ( 'NONE', *, *, #702, .T. ) ;
#151 = PLANE ( 'NONE',  #8225 ) ;
#152 = EDGE_LOOP ( 'NONE', ( #767, #5054, #1722, #5426 ) ) ;
#153 = VERTEX_POINT ( 'NONE', #6567 ) ;
#154 = VECTOR ( 'NONE', #2352, 1000.000000000000000 ) ;
#155 = DIRECTION ( 'NONE',  ( 0.000000000000000000, 1.000000000000000000, 0.000000000000000000 ) ) ;
#156 = CARTESIAN_POINT ( 'NONE',  ( -59.47847513588163793, 23.17217973710070567, 6.000000000000000000 ) ) ;
#157 = LINE ( 'NONE', #2049, #2260 ) ;
#158 = EDGE_CURVE ( 'NONE', #4509, #7242, #5413, .T. ) ;
#159 = LINE ( 'NONE', #6041, #8144 ) ;
#160 = DIRECTION ( 'NONE',  ( -0.7071067811865479058, -0.7071067811865471286, 0.000000000000000000 ) ) ;
#161 = LINE ( 'NONE', #2755, #6599 ) ;
#162 = EDGE_CURVE ( 'NONE', #1778, #6006, #1509, .T. ) ;
#163 = CARTESIAN_POINT ( 'NONE',  ( -83.06788286210067440, 20.78641401289931423, 1.500000000000000444 ) ) ;
#164 = ORIENTED_EDGE ( 'NONE', *, *, #2440, .T. ) ;
#165 = DIRECTION ( 'NONE',  ( -0.000000000000000000, -0.000000000000000000, 1.000000000000000000 ) ) ;
#166 = ORIENTED_EDGE ( 'NONE', *, *, #3487, .F. ) ;
#167 = DIRECTION ( 'NONE',  ( 1.000000000000000000, -1.734723475976806709E-18, -0.000000000000000000 ) ) ;
#168 = LINE ( 'NONE', #5298, #4082 ) ;
#169 = PLANE ( 'NONE',  #1398 ) ;
#170 =( BOUNDED_CURVE ( )  B_SPLINE_CURVE ( 3, ( #699, #5194, #3206, #7024 ),
 .UNSPECIFIED., .F., .F. ) 
 B_SPLINE_CURVE_WITH_KNOTS ( ( 4, 4 ),
 ( 1.570796326794896558, 3.141592653589793116 ),
 .UNSPECIFIED. ) 
 CURVE ( )  GEOMETRIC_REPRESENTATION_ITEM ( )  RATIONAL_B_SPLINE_CURVE ( ( 1.000000000000000000, 0.8047378541243649375, 0.8047378541243649375, 1.000000000000000000 ) ) 
 REPRESENTATION_ITEM ( '' )  );
#171 = CARTESIAN_POINT ( 'NONE',  ( 39.00000000000002132, 20.85065487298227183, 4.000000000000000000 ) ) ;
#172 = EDGE_CURVE ( 'NONE', #6695, #1520, #6687, .T. ) ;
#173 = ORIENTED_EDGE ( 'NONE', *, *, #2658, .F. ) ;
#174 = CARTESIAN_POINT ( 'NONE',  ( -9.303642002017699753, 23.15429687499999289, 4.000000000000000000 ) ) ;
#175 = ORIENTED_EDGE ( 'NONE', *, *, #1497, .T. ) ;
#176 = VERTEX_POINT ( 'NONE', #5259 ) ;
#177 = FACE_OUTER_BOUND ( 'NONE', #1553, .T. ) ;
#178 = CARTESIAN_POINT ( 'NONE',  ( 7.182117137899318493, 15.48641401289931174, 0.5000000000000004441 ) ) ;
#179 = ORIENTED_EDGE ( 'NONE', *, *, #3076, .F. ) ;
#180 = ORIENTED_EDGE ( 'NONE', *, *, #172, .T. ) ;
#181 = DIRECTION ( 'NONE',  ( 0.000000000000000000, 1.000000000000000000, 0.000000000000000000 ) ) ;
#182 = ADVANCED_FACE ( 'NONE', ( #7211 ), #796, .F. ) ;
#183 = AXIS2_PLACEMENT_3D ( 'NONE', #4955, #1765, #3411 ) ;
#184 = EDGE_CURVE ( 'NONE', #2757, #6026, #168, .T. ) ;
#185 = EDGE_LOOP ( 'NONE', ( #5798, #1711, #7174, #7780 ) ) ;
#186 = DIRECTION ( 'NONE',  ( -1.000000000000000000, -1.119176436114068839E-16, 0.000000000000000000 ) ) ;
#187 = CARTESIAN_POINT ( 'NONE',  ( -59.41788286210069714, 15.48641401289931174, 0.5000000000000004441 ) ) ;
#188 = ORIENTED_EDGE ( 'NONE', *, *, #8141, .T. ) ;
#189 = CARTESIAN_POINT ( 'NONE',  ( -91.75000000000001421, 25.65429687500000355, 0.3999999999999837019 ) ) ;
#190 = ORIENTED_EDGE ( 'NONE', *, *, #1650, .T. ) ;
#191 = ORIENTED_EDGE ( 'NONE', *, *, #1595, .T. ) ;
#192 = CARTESIAN_POINT ( 'NONE',  ( -36.41788286210069714, 13.48641401289930997, 1.500000000000000444 ) ) ;
#193 = FACE_OUTER_BOUND ( 'NONE', #4239, .T. ) ;
#194 = VECTOR ( 'NONE', #8092, 1000.000000000000000 ) ;
#195 = EDGE_CURVE ( 'NONE', #1447, #4207, #877, .T. ) ;
#196 = LINE ( 'NONE', #2671, #4545 ) ;
#197 = LINE ( 'NONE', #3979, #7606 ) ;
#198 = DIRECTION ( 'NONE',  ( -0.7071067811865479058, 0.7071067811865471286, 0.000000000000000000 ) ) ;
#199 = LINE ( 'NONE', #2716, #13 ) ;
#200 = DIRECTION ( 'NONE',  ( 0.7071067811865471286, 0.7071067811865479058, 0.000000000000000000 ) ) ;
#201 = ORIENTED_EDGE ( 'NONE', *, *, #1541, .T. ) ;
#202 = DIRECTION ( 'NONE',  ( -1.000000000000000000, 0.000000000000000000, 0.000000000000000000 ) ) ;
#203 = ORIENTED_EDGE ( 'NONE', *, *, #4796, .T. ) ;
#204 = CARTESIAN_POINT ( 'NONE',  ( -37.06788286210068151, 20.78641401289931068, 1.500000000000000444 ) ) ;
#205 = VECTOR ( 'NONE', #2961, 1000.000000000000000 ) ;
#206 = EDGE_CURVE ( 'NONE', #4862, #4423, #3909, .T. ) ;
#207 = EDGE_CURVE ( 'NONE', #3621, #1447, #839, .T. ) ;
#208 = LINE ( 'NONE', #4741, #7875 ) ;
#209 = CARTESIAN_POINT ( 'NONE',  ( -13.41788286210068826, 22.78641401289931778, 1.500000000000000444 ) ) ;
#210 = CARTESIAN_POINT ( 'NONE',  ( 37.23211713789930855, 20.78641401289931778, 0.5000000000000004441 ) ) ;
#211 = ORIENTED_EDGE ( 'NONE', *, *, #5733, .F. ) ;
#212 = LINE ( 'NONE', #7766, #3364 ) ;
#213 = DIRECTION ( 'NONE',  ( 0.000000000000000000, 1.000000000000000000, 0.000000000000000000 ) ) ;
#214 = EDGE_CURVE ( 'NONE', #3443, #3700, #3431, .T. ) ;
#215 = ORIENTED_EDGE ( 'NONE', *, *, #7371, .F. ) ;
#216 = LINE ( 'NONE', #5305, #1010 ) ;
#217 = CARTESIAN_POINT ( 'NONE',  ( 13.69635799798229669, 13.15429687500000178, 4.000000000000000000 ) ) ;
#218 = ORIENTED_EDGE ( 'NONE', *, *, #719, .T. ) ;
#219 = ORIENTED_EDGE ( 'NONE', *, *, #7102, .T. ) ;
#220 = CARTESIAN_POINT ( 'NONE',  ( 0.000000000000000000, 0.000000000000000000, 4.000000000000000000 ) ) ;
#221 = ORIENTED_EDGE ( 'NONE', *, *, #1748, .T. ) ;
#222 = EDGE_CURVE ( 'NONE', #3285, #1945, #367, .T. ) ;
#223 = ORIENTED_EDGE ( 'NONE', *, *, #2471, .T. ) ;
#224 = DIRECTION ( 'NONE',  ( 0.000000000000000000, 1.000000000000000000, 0.000000000000000000 ) ) ;
#225 = ADVANCED_FACE ( 'NONE', ( #8049 ), #7456, .F. ) ;
#226 = DIRECTION ( 'NONE',  ( 0.000000000000000000, 1.000000000000000000, 0.000000000000000000 ) ) ;
#227 = VERTEX_POINT ( 'NONE', #8131 ) ;
#228 = DIRECTION ( 'NONE',  ( -0.7071067811865479058, -0.7071067811865471286, 0.000000000000000000 ) ) ;
#229 = ORIENTED_EDGE ( 'NONE', *, *, #5213, .T. ) ;
#230 = EDGE_CURVE ( 'NONE', #5896, #4927, #3681, .T. ) ;
#231 = LINE ( 'NONE', #1495, #3729 ) ;
#232 = CARTESIAN_POINT ( 'NONE',  ( -75.38211713789932844, 16.07582173911838197, 1.500000000000000444 ) ) ;
#233 = CARTESIAN_POINT ( 'NONE',  ( -59.47847513588165214, 13.13641401289931210, 6.000000000000000000 ) ) ;
#234 = DIRECTION ( 'NONE',  ( 0.000000000000000000, 1.000000000000000000, 1.608394988049553126E-16 ) ) ;
#235 = DIRECTION ( 'NONE',  ( -0.000000000000000000, -0.000000000000000000, 1.000000000000000000 ) ) ;
#236 = CARTESIAN_POINT ( 'NONE',  ( -8.767882862100673691, 15.50448725967914143, 1.500000000000000444 ) ) ;
#237 = PLANE ( 'NONE',  #1609 ) ;
#238 = ORIENTED_EDGE ( 'NONE', *, *, #1100, .F. ) ;
#239 = EDGE_CURVE ( 'NONE', #4336, #6632, #1670, .T. ) ;
#240 = DIRECTION ( 'NONE',  ( 1.000000000000000000, 0.000000000000000000, -0.000000000000000000 ) ) ;
#241 = VERTEX_POINT ( 'NONE', #5456 ) ;
#242 = CARTESIAN_POINT ( 'NONE',  ( 36.67847513588156971, 23.17217973710070567, 1.500000000000000444 ) ) ;
#243 = VECTOR ( 'NONE', #7403, 1000.000000000000000 ) ;
#244 = LINE ( 'NONE', #2799, #2738 ) ;
#245 = CARTESIAN_POINT ( 'NONE',  ( 0.000000000000000000, 0.000000000000000000, 4.000000000000000000 ) ) ;
#246 = CARTESIAN_POINT ( 'NONE',  ( -61.81788286210068151, 20.80448725967914925, 0.5000000000000004441 ) ) ;
#247 = EDGE_CURVE ( 'NONE', #4961, #5449, #1707, .T. ) ;
#248 = VECTOR ( 'NONE', #7026, 1000.000000000000000 ) ;
#249 = ORIENTED_EDGE ( 'NONE', *, *, #4184, .F. ) ;
#250 = CARTESIAN_POINT ( 'NONE',  ( -37.06788286210068151, 15.48641401289931174, -2.999999999999999112 ) ) ;
#251 = PLANE ( 'NONE',  #2930 ) ;
#252 = ORIENTED_EDGE ( 'NONE', *, *, #2611, .T. ) ;
#253 = VECTOR ( 'NONE', #6565, 1000.000000000000000 ) ;
#254 = DIRECTION ( 'NONE',  ( 1.000000000000000000, 0.000000000000000000, -0.000000000000000000 ) ) ;
#255 = COORDINATED_UNIVERSAL_TIME_OFFSET ( 5, 0, .BEHIND. ) ;
#256 = CC_DESIGN_PERSON_AND_ORGANIZATION_ASSIGNMENT ( #4301, #6893, ( #4719 ) ) ;
#257 = CARTESIAN_POINT ( 'NONE',  ( -9.321524864118412523, 23.17217973710070567, 6.000000000000000000 ) ) ;
#258 = ADVANCED_FACE ( 'NONE', ( #2926 ), #8172, .T. ) ;
#259 = ORIENTED_EDGE ( 'NONE', *, *, #4586, .T. ) ;
#260 = ORIENTED_EDGE ( 'NONE', *, *, #7778, .T. ) ;
#261 = DIRECTION ( 'NONE',  ( -1.000000000000000000, -6.546126324440782623E-16, -0.000000000000000000 ) ) ;
#262 = AXIS2_PLACEMENT_3D ( 'NONE', #1787, #3163, #1871 ) ;
#263 = VERTEX_POINT ( 'NONE', #4352 ) ;
#264 = AXIS2_PLACEMENT_3D ( 'NONE', #6769, #8128, #2344 ) ;
#265 = ORIENTED_EDGE ( 'NONE', *, *, #510, .F. ) ;
#266 = DIRECTION ( 'NONE',  ( 0.7071067811865471286, 0.7071067811865479058, 0.000000000000000000 ) ) ;
#267 = VECTOR ( 'NONE', #378, 1000.000000000000000 ) ;
#268 = VECTOR ( 'NONE', #165, 1000.000000000000000 ) ;
#269 = PLANE ( 'NONE',  #5360 ) ;
#270 = EDGE_CURVE ( 'NONE', #2486, #3048, #6258, .T. ) ;
#271 = ORIENTED_EDGE ( 'NONE', *, *, #3462, .T. ) ;
#272 = FACE_OUTER_BOUND ( 'NONE', #6951, .T. ) ;
#273 = ORIENTED_EDGE ( 'NONE', *, *, #270, .F. ) ;
#274 = CARTESIAN_POINT ( 'NONE',  ( -52.99999999999998579, 15.45793887701772285, 2.499999999999999112 ) ) ;
#275 = DIRECTION ( 'NONE',  ( 1.000000000000000000, -1.734723475976806709E-18, 0.000000000000000000 ) ) ;
#276 = AXIS2_PLACEMENT_3D ( 'NONE', #189, #7310, #7990 ) ;
#277 = VECTOR ( 'NONE', #7201, 1000.000000000000000 ) ;
#278 = CARTESIAN_POINT ( 'NONE',  ( -29.38211713789932844, 20.23277201088161803, 2.500000000000000000 ) ) ;
#279 = DIRECTION ( 'NONE',  ( 1.000000000000000000, 0.000000000000000000, 0.000000000000000000 ) ) ;
#280 = FACE_OUTER_BOUND ( 'NONE', #1402, .T. ) ;
#281 = AXIS2_PLACEMENT_3D ( 'NONE', #220, #2618, #7184 ) ;
#282 = DIRECTION ( 'NONE',  ( -0.000000000000000000, -0.000000000000000000, 1.000000000000000000 ) ) ;
#283 = AXIS2_PLACEMENT_3D ( 'NONE', #2583, #1323, #5152 ) ;
#284 = DIRECTION ( 'NONE',  ( -0.7071067811865479058, 0.7071067811865471286, 0.000000000000000000 ) ) ;
#285 = ORIENTED_EDGE ( 'NONE', *, *, #1552, .F. ) ;
#286 = DIRECTION ( 'NONE',  ( -1.000000000000000000, 0.000000000000000000, 0.000000000000000000 ) ) ;
#287 = ORIENTED_EDGE ( 'NONE', *, *, #2322, .F. ) ;
#288 = CARTESIAN_POINT ( 'NONE',  ( -36.41788286210069714, 15.48641401289931174, 0.5000000000000004441 ) ) ;
#289 = ADVANCED_FACE ( 'NONE', ( #6774 ), #6943, .F. ) ;
#290 = VECTOR ( 'NONE', #7251, 1000.000000000000000 ) ;
#291 = DIRECTION ( 'NONE',  ( 1.000000000000000000, 0.000000000000000000, 0.000000000000000000 ) ) ;
#292 = EDGE_CURVE ( 'NONE', #5887, #3589, #5579, .T. ) ;
#293 = PLANE ( 'NONE',  #6649 ) ;
#294 = PLANE ( 'NONE',  #5289 ) ;
#295 = CARTESIAN_POINT ( 'NONE',  ( 32.58211713789929576, 20.78641401289931778, 1.500000000000000444 ) ) ;
#296 = LOCAL_TIME ( 10, 41, 50.00000000000000000, #255 ) ;
#297 = ORIENTED_EDGE ( 'NONE', *, *, #8006, .F. ) ;
#298 = DIRECTION ( 'NONE',  ( -0.000000000000000000, -1.000000000000000000, -0.000000000000000000 ) ) ;
#299 = FACE_OUTER_BOUND ( 'NONE', #6117, .T. ) ;
#300 = EDGE_CURVE ( 'NONE', #2951, #3425, #2262, .T. ) ;
#301 = EDGE_LOOP ( 'NONE', ( #6129, #4329, #20, #2343 ) ) ;
#302 = FACE_OUTER_BOUND ( 'NONE', #3499, .T. ) ;
#303 = CARTESIAN_POINT ( 'NONE',  ( 8.932117137899320269, 20.78641401289931423, -2.999999999999999112 ) ) ;
#304 = ORIENTED_EDGE ( 'NONE', *, *, #2138, .F. ) ;
#305 = VERTEX_POINT ( 'NONE', #4228 ) ;
#306 = PLANE ( 'NONE',  #2428 ) ;
#307 = EDGE_LOOP ( 'NONE', ( #7301, #3787, #4756, #3405 ) ) ;
#308 = ADVANCED_FACE ( 'NONE', ( #2348 ), #4823, .F. ) ;
#309 = ORIENTED_EDGE ( 'NONE', *, *, #2207, .T. ) ;
#310 = EDGE_CURVE ( 'NONE', #1950, #1372, #6814, .T. ) ;
#311 = EDGE_CURVE ( 'NONE', #5506, #3972, #4192, .T. ) ;
#312 = DIRECTION ( 'NONE',  ( 1.000000000000000000, 0.000000000000000000, 0.000000000000000000 ) ) ;
#313 = CARTESIAN_POINT ( 'NONE',  ( 13.67847513588157859, 23.17217973710070567, 1.500000000000000444 ) ) ;
#314 = EDGE_LOOP ( 'NONE', ( #34, #7938, #2108, #5472 ) ) ;
#315 = CARTESIAN_POINT ( 'NONE',  ( -82.47847513588165214, 13.13641401289931210, 1.500000000000000444 ) ) ;
#316 = ORIENTED_EDGE ( 'NONE', *, *, #6982, .F. ) ;
#317 = CARTESIAN_POINT ( 'NONE',  ( 69.00000000000000000, 0.000000000000000000, 0.5000000000000004441 ) ) ;
#318 = DIRECTION ( 'NONE',  ( 6.938893903907228378E-15, 1.000000000000000000, 0.000000000000000000 ) ) ;
#319 = ADVANCED_FACE ( 'NONE', ( #411 ), #6901, .F. ) ;
#320 = CARTESIAN_POINT ( 'NONE',  ( 14.23211713789931920, 15.48641401289931174, -2.999999999999999112 ) ) ;
#321 = CARTESIAN_POINT ( 'NONE',  ( -84.75000000000001421, 22.40429687500000355, 1.000000000000000000 ) ) ;
#322 = LINE ( 'NONE', #1622, #6149 ) ;
#323 = CARTESIAN_POINT ( 'NONE',  ( -14.06788286210067263, 20.80448725967914925, 0.5000000000000004441 ) ) ;
#324 = FACE_OUTER_BOUND ( 'NONE', #11, .T. ) ;
#325 = ORIENTED_EDGE ( 'NONE', *, *, #310, .T. ) ;
#326 = DIRECTION ( 'NONE',  ( -0.7071067811865479058, -0.7071067811865471286, 0.000000000000000000 ) ) ;
#327 = ORIENTED_EDGE ( 'NONE', *, *, #3429, .F. ) ;
#328 = CARTESIAN_POINT ( 'NONE',  ( -6.999999999999979572, 20.85065487298227183, 1.500000000000000444 ) ) ;
#329 = PLANE ( 'NONE',  #6697 ) ;
#330 = CARTESIAN_POINT ( 'NONE',  ( -15.81788286210067440, 15.48641401289931174, 0.5000000000000004441 ) ) ;
#331 = CARTESIAN_POINT ( 'NONE',  ( -78.32152486411838765, 13.13641401289931210, 4.000000000000000000 ) ) ;
#332 = LINE ( 'NONE', #8219, #2693 ) ;
#333 = ADVANCED_FACE ( 'NONE', ( #4267 ), #998, .F. ) ;
#334 = EDGE_LOOP ( 'NONE', ( #2982, #1982, #6279, #2710, #633, #1529 ) ) ;
#335 = DIRECTION ( 'NONE',  ( -1.000000000000000000, 0.000000000000000000, 0.000000000000000000 ) ) ;
#336 = CARTESIAN_POINT ( 'NONE',  ( 14.23211713789931920, 15.50448725967914143, 1.500000000000000444 ) ) ;
#337 = AXIS2_PLACEMENT_3D ( 'NONE', #1232, #2877, #5528 ) ;
#338 = ORIENTED_EDGE ( 'NONE', *, *, #4543, .F. ) ;
#339 = CARTESIAN_POINT ( 'NONE',  ( -78.32152486411838765, 13.13641401289931210, 6.000000000000000000 ) ) ;
#340 = VECTOR ( 'NONE', #7041, 1000.000000000000000 ) ;
#341 = EDGE_CURVE ( 'NONE', #3921, #6682, #451, .T. ) ;
#342 = LINE ( 'NONE', #927, #1346 ) ;
#343 = ORIENTED_EDGE ( 'NONE', *, *, #8341, .F. ) ;
#344 = ORIENTED_EDGE ( 'NONE', *, *, #896, .F. ) ;
#345 = CARTESIAN_POINT ( 'NONE',  ( -83.06788286210067440, 15.48641401289931174, -2.999999999999999112 ) ) ;
#346 = ORIENTED_EDGE ( 'NONE', *, *, #6910, .F. ) ;
#347 = ORIENTED_EDGE ( 'NONE', *, *, #2929, .F. ) ;
#348 = DIRECTION ( 'NONE',  ( 0.000000000000000000, 0.000000000000000000, -1.000000000000000000 ) ) ;
#349 = EDGE_LOOP ( 'NONE', ( #1769, #4635, #3001, #6963, #6190, #486, #1692, #6577 ) ) ;
#350 = DIRECTION ( 'NONE',  ( 0.000000000000000000, 1.000000000000000000, 1.608394988049553126E-16 ) ) ;
#351 = ORIENTED_EDGE ( 'NONE', *, *, #6851, .F. ) ;
#352 = LINE ( 'NONE', #1616, #1183 ) ;
#353 = EDGE_CURVE ( 'NONE', #84, #7250, #5744, .T. ) ;
#354 = DIRECTION ( 'NONE',  ( -9.251858538542971828E-16, 1.000000000000000000, 0.000000000000000000 ) ) ;
#355 = DIRECTION ( 'NONE',  ( -0.7071067811865479058, 0.7071067811865471286, 0.000000000000000000 ) ) ;
#356 = DIRECTION ( 'NONE',  ( -0.000000000000000000, -0.000000000000000000, 1.000000000000000000 ) ) ;
#357 = CARTESIAN_POINT ( 'NONE',  ( 13.58211713789933484, 15.48641401289931174, 0.5000000000000004441 ) ) ;
#358 = ADVANCED_FACE ( 'NONE', ( #78 ), #2594, .F. ) ;
#359 = PLANE ( 'NONE',  #1893 ) ;
#360 = CARTESIAN_POINT ( 'NONE',  ( -9.303642002017706858, 13.15429687499999467, 6.000000000000000000 ) ) ;
#361 = VERTEX_POINT ( 'NONE', #8345 ) ;
#362 = LINE ( 'NONE', #4308, #4160 ) ;
#363 = EDGE_CURVE ( 'NONE', #673, #3072, #1294, .T. ) ;
#364 = ORIENTED_EDGE ( 'NONE', *, *, #1155, .T. ) ;
#365 = DIRECTION ( 'NONE',  ( 0.000000000000000000, 0.000000000000000000, 1.000000000000000000 ) ) ;
#366 = CARTESIAN_POINT ( 'NONE',  ( -54.76788286210067724, 15.48641401289931174, 1.500000000000000444 ) ) ;
#367 = LINE ( 'NONE', #4993, #8008 ) ;
#368 = CARTESIAN_POINT ( 'NONE',  ( 9.521524864118349640, 13.13641401289931210, 1.500000000000000444 ) ) ;
#369 = CARTESIAN_POINT ( 'NONE',  ( 0.000000000000000000, 0.000000000000000000, 1.000000000000000000 ) ) ;
#370 = EDGE_CURVE ( 'NONE', #2870, #7639, #5666, .T. ) ;
#371 = ORIENTED_EDGE ( 'NONE', *, *, #158, .T. ) ;
#372 = LINE ( 'NONE', #3599, #7158 ) ;
#373 = CARTESIAN_POINT ( 'NONE',  ( -32.41788286210067582, 20.78641401289931778, 0.5000000000000004441 ) ) ;
#374 = AXIS2_PLACEMENT_3D ( 'NONE', #1163, #3679, #3044 ) ;
#375 = EDGE_LOOP ( 'NONE', ( #5680, #8024, #5156, #1149, #6313 ) ) ;
#376 = LINE ( 'NONE', #6267, #5176 ) ;
#377 = VECTOR ( 'NONE', #155, 1000.000000000000000 ) ;
#378 = DIRECTION ( 'NONE',  ( 0.000000000000000000, -1.000000000000000000, 0.000000000000000000 ) ) ;
#379 = ORIENTED_EDGE ( 'NONE', *, *, #3190, .T. ) ;
#380 = ORIENTED_EDGE ( 'NONE', *, *, #7038, .T. ) ;
#381 = DIRECTION ( 'NONE',  ( 1.000000000000000000, 0.000000000000000000, 0.000000000000000000 ) ) ;
#382 = ORIENTED_EDGE ( 'NONE', *, *, #3689, .F. ) ;
#383 = VECTOR ( 'NONE', #3646, 1000.000000000000000 ) ;
#384 = EDGE_CURVE ( 'NONE', #241, #7554, #1968, .T. ) ;
#385 = ORIENTED_EDGE ( 'NONE', *, *, #6801, .T. ) ;
#386 = EDGE_CURVE ( 'NONE', #2951, #2340, #7711, .T. ) ;
#387 = CARTESIAN_POINT ( 'NONE',  ( -37.06788286210068151, 15.48641401289931174, -2.999999999999999112 ) ) ;
#388 = ORIENTED_EDGE ( 'NONE', *, *, #341, .F. ) ;
#389 = VECTOR ( 'NONE', #3296, 1000.000000000000000 ) ;
#390 = EDGE_LOOP ( 'NONE', ( #1644, #6501, #955, #3439 ) ) ;
#391 = DIRECTION ( 'NONE',  ( -1.000000000000000000, 0.000000000000000000, -0.000000000000000000 ) ) ;
#392 = ORIENTED_EDGE ( 'NONE', *, *, #6770, .F. ) ;
#393 = CARTESIAN_POINT ( 'NONE',  ( 16.61788286210066801, 16.07582173911838197, 1.500000000000000444 ) ) ;
#394 = DIRECTION ( 'NONE',  ( 0.000000000000000000, -1.000000000000000000, 0.000000000000000000 ) ) ;
#395 = VECTOR ( 'NONE', #3111, 1000.000000000000000 ) ;
#396 = AXIS2_PLACEMENT_3D ( 'NONE', #718, #2645, #7675 ) ;
#397 = LINE ( 'NONE', #6843, #737 ) ;
#398 = DIRECTION ( 'NONE',  ( 0.000000000000000000, 1.000000000000000000, 1.608394988049553126E-16 ) ) ;
#399 = DIRECTION ( 'NONE',  ( -0.7071067811865479058, 0.7071067811865471286, 0.000000000000000000 ) ) ;
#400 = DIRECTION ( 'NONE',  ( -0.000000000000000000, -0.000000000000000000, 1.000000000000000000 ) ) ;
#401 = LINE ( 'NONE', #4936, #2020 ) ;
#402 = VERTEX_POINT ( 'NONE', #7159 ) ;
#403 = VECTOR ( 'NONE', #6644, 1000.000000000000114 ) ;
#404 = CARTESIAN_POINT ( 'NONE',  ( -82.41788286210069714, 22.78641401289931778, 0.5000000000000004441 ) ) ;
#405 = AXIS2_PLACEMENT_3D ( 'NONE', #965, #8051, #4269 ) ;
#406 = ORIENTED_EDGE ( 'NONE', *, *, #6390, .T. ) ;
#407 = CARTESIAN_POINT ( 'NONE',  ( -84.75000000000001421, 23.15429687499998579, 4.000000000000000000 ) ) ;
#408 = EDGE_CURVE ( 'NONE', #5896, #1545, #7752, .T. ) ;
#409 = LINE ( 'NONE', #5537, #8056 ) ;
#410 = VECTOR ( 'NONE', #4550, 1000.000000000000000 ) ;
#411 = FACE_OUTER_BOUND ( 'NONE', #5550, .T. ) ;
#412 = FACE_OUTER_BOUND ( 'NONE', #7526, .T. ) ;
#413 = EDGE_CURVE ( 'NONE', #1176, #6510, #3847, .T. ) ;
#414 = ADVANCED_FACE ( 'NONE', ( #6298 ), #1926, .F. ) ;
#415 = VECTOR ( 'NONE', #4601, 1000.000000000000000 ) ;
#416 = PLANE ( 'NONE',  #2553 ) ;
#417 = ORIENTED_EDGE ( 'NONE', *, *, #8213, .T. ) ;
#418 = CARTESIAN_POINT ( 'NONE',  ( -14.06788286210067263, 20.80448725967914925, 1.500000000000000444 ) ) ;
#419 = CARTESIAN_POINT ( 'NONE',  ( -6.382117137899323112, 20.23277201088161803, 1.500000000000000444 ) ) ;
#420 = VECTOR ( 'NONE', #5129, 1000.000000000000000 ) ;
#421 = VERTEX_POINT ( 'NONE', #2008 ) ;
#422 = EDGE_CURVE ( 'NONE', #5196, #5013, #4567, .T. ) ;
#423 = LINE ( 'NONE', #2979, #3967 ) ;
#424 = VECTOR ( 'NONE', #3947, 1000.000000000000000 ) ;
#425 = LINE ( 'NONE', #7980, #5768 ) ;
#426 = VERTEX_POINT ( 'NONE', #3215 ) ;
#427 = ORIENTED_EDGE ( 'NONE', *, *, #5687, .F. ) ;
#428 = CARTESIAN_POINT ( 'NONE',  ( -55.41788286210066161, 15.48641401289931174, 1.500000000000000444 ) ) ;
#429 = ORIENTED_EDGE ( 'NONE', *, *, #1265, .T. ) ;
#430 = ORIENTED_EDGE ( 'NONE', *, *, #3943, .T. ) ;
#431 = CARTESIAN_POINT ( 'NONE',  ( -91.34999999999998010, 10.65429687500000355, 6.000000000000000000 ) ) ;
#432 = EDGE_LOOP ( 'NONE', ( #2267, #1352, #3467, #2567 ) ) ;
#433 = ADVANCED_FACE ( 'NONE', ( #5792, #7074 ), #5836, .T. ) ;
#434 = ORIENTED_EDGE ( 'NONE', *, *, #2440, .F. ) ;
#435 = DIRECTION ( 'NONE',  ( 2.790120544412995478E-34, 1.608394988049553126E-16, -1.000000000000000000 ) ) ;
#436 = ORIENTED_EDGE ( 'NONE', *, *, #4074, .F. ) ;
#437 = PLANE ( 'NONE',  #5224 ) ;
#438 = CARTESIAN_POINT ( 'NONE',  ( -82.41788286210069714, 15.48641401289931174, 0.5000000000000004441 ) ) ;
#439 = EDGE_CURVE ( 'NONE', #6270, #4848, #3894, .T. ) ;
#440 = CARTESIAN_POINT ( 'NONE',  ( 31.93211713789931139, 20.78641401289931423, -2.999999999999999112 ) ) ;
#441 = CARTESIAN_POINT ( 'NONE',  ( 8.932117137899320269, 20.78641401289931423, -2.999999999999999112 ) ) ;
#442 = CARTESIAN_POINT ( 'NONE',  ( 7.182117137899318493, 15.48641401289931174, 0.5000000000000004441 ) ) ;
#443 = CARTESIAN_POINT ( 'NONE',  ( -29.99999999999998579, 15.45793887701772285, 1.500000000000000444 ) ) ;
#444 = PLANE ( 'NONE',  #2421 ) ;
#445 = ORIENTED_EDGE ( 'NONE', *, *, #2576, .F. ) ;
#446 = DIRECTION ( 'NONE',  ( 1.000000000000000000, 4.336808689941999001E-16, 0.000000000000000000 ) ) ;
#447 = VERTEX_POINT ( 'NONE', #707 ) ;
#448 = CARTESIAN_POINT ( 'NONE',  ( -36.47847513588163793, 23.17217973710070567, 4.000000000000000000 ) ) ;
#449 = EDGE_CURVE ( 'NONE', #421, #6700, #3806, .T. ) ;
#450 = FACE_BOUND ( 'NONE', #4954, .T. ) ;
#451 = LINE ( 'NONE', #3009, #6246 ) ;
#452 = DIRECTION ( 'NONE',  ( -0.000000000000000000, 0.000000000000000000, 1.000000000000000000 ) ) ;
#453 = CARTESIAN_POINT ( 'NONE',  ( -37.06788286210068151, 20.80448725967914925, 0.5000000000000004441 ) ) ;
#454 = VERTEX_POINT ( 'NONE', #533 ) ;
#455 = DIRECTION ( 'NONE',  ( -1.000000000000000000, -6.546126324440782623E-16, -0.000000000000000000 ) ) ;
#456 = LINE ( 'NONE', #2269, #4813 ) ;
#457 = EDGE_CURVE ( 'NONE', #2340, #2571, #8257, .T. ) ;
#458 = EDGE_CURVE ( 'NONE', #2243, #3823, #5031, .T. ) ;
#459 = VERTEX_POINT ( 'NONE', #8300 ) ;
#460 = DIRECTION ( 'NONE',  ( 0.000000000000000000, 1.000000000000000000, 0.000000000000000000 ) ) ;
#461 = VECTOR ( 'NONE', #5952, 1000.000000000000000 ) ;
#462 = CARTESIAN_POINT ( 'NONE',  ( -75.38211713789932844, 20.23277201088161803, 2.500000000000000000 ) ) ;
#463 = CARTESIAN_POINT ( 'NONE',  ( 9.521524864118363851, 23.17217973710070567, 1.500000000000000444 ) ) ;
#464 = AXIS2_PLACEMENT_3D ( 'NONE', #1312, #728, #2574 ) ;
#465 = ORIENTED_EDGE ( 'NONE', *, *, #6818, .F. ) ;
#466 = ORIENTED_EDGE ( 'NONE', *, *, #7313, .F. ) ;
#467 = LINE ( 'NONE', #2444, #5510 ) ;
#468 = ORIENTED_EDGE ( 'NONE', *, *, #5916, .T. ) ;
#469 = EDGE_CURVE ( 'NONE', #852, #2490, #2506, .T. ) ;
#470 = VECTOR ( 'NONE', #8267, 1000.000000000000000 ) ;
#471 = ORIENTED_EDGE ( 'NONE', *, *, #4158, .F. ) ;
#472 = DIRECTION ( 'NONE',  ( -1.000000000000000000, -1.119176436114068839E-16, 0.000000000000000000 ) ) ;
#473 = ORIENTED_EDGE ( 'NONE', *, *, #7009, .F. ) ;
#474 = VERTEX_POINT ( 'NONE', #1882 ) ;
#475 = CARTESIAN_POINT ( 'NONE',  ( -13.41788286210068826, 13.48641401289930997, 1.500000000000000444 ) ) ;
#476 = ORIENTED_EDGE ( 'NONE', *, *, #539, .F. ) ;
#477 = CARTESIAN_POINT ( 'NONE',  ( 39.25000000000000000, 22.40429687500000355, 4.000000000000000000 ) ) ;
#478 = EDGE_CURVE ( 'NONE', #103, #2666, #2175, .T. ) ;
#479 = FACE_OUTER_BOUND ( 'NONE', #46, .T. ) ;
#480 = EDGE_CURVE ( 'NONE', #5670, #7556, #3339, .T. ) ;
#481 = DIRECTION ( 'NONE',  ( -1.000000000000000000, -1.119176436114068839E-16, 0.000000000000000000 ) ) ;
#482 = LINE ( 'NONE', #3036, #3319 ) ;
#483 = EDGE_CURVE ( 'NONE', #2989, #5897, #7198, .T. ) ;
#484 = LINE ( 'NONE', #2215, #1757 ) ;
#485 = FACE_OUTER_BOUND ( 'NONE', #7044, .T. ) ;
#486 = ORIENTED_EDGE ( 'NONE', *, *, #1855, .F. ) ;
#487 = ORIENTED_EDGE ( 'NONE', *, *, #4773, .F. ) ;
#488 = LINE ( 'NONE', #2543, #1325 ) ;
#489 = EDGE_LOOP ( 'NONE', ( #7463, #5826, #5253, #966 ) ) ;
#490 = DIRECTION ( 'NONE',  ( 0.000000000000000000, 1.000000000000000000, -0.000000000000000000 ) ) ;
#491 = PLANE ( 'NONE',  #4667 ) ;
#492 = DIRECTION ( 'NONE',  ( -1.119176436114068839E-16, 1.000000000000000000, 0.000000000000000000 ) ) ;
#493 = DIRECTION ( 'NONE',  ( -0.000000000000000000, -0.000000000000000000, 1.000000000000000000 ) ) ;
#494 = DIRECTION ( 'NONE',  ( -0.000000000000000000, 0.000000000000000000, 1.000000000000000000 ) ) ;
#495 = ADVANCED_FACE ( 'NONE', ( #4018 ), #5324, .F. ) ;
#496 = VERTEX_POINT ( 'NONE', #1378 ) ;
#497 = PLANE ( 'NONE',  #6612 ) ;
#498 = LINE ( 'NONE', #373, #6846 ) ;
#499 = VERTEX_POINT ( 'NONE', #2835 ) ;
#500 = CARTESIAN_POINT ( 'NONE',  ( 13.67847513588160702, 13.13641401289931210, 4.000000000000000000 ) ) ;
#501 = CARTESIAN_POINT ( 'NONE',  ( 9.521524864118363851, 23.17217973710070567, 6.000000000000000000 ) ) ;
#502 = DIRECTION ( 'NONE',  ( 0.5773502691896323924, 0.5773502691896323924, 0.5773502691896122974 ) ) ;
#503 = ORIENTED_EDGE ( 'NONE', *, *, #5620, .T. ) ;
#504 = VERTEX_POINT ( 'NONE', #3380 ) ;
#505 = LINE ( 'NONE', #6315, #3766 ) ;
#506 = EDGE_LOOP ( 'NONE', ( #4210, #2842, #2300, #4449 ) ) ;
#507 = ORIENTED_EDGE ( 'NONE', *, *, #5189, .T. ) ;
#508 = AXIS2_PLACEMENT_3D ( 'NONE', #3079, #1113, #1282 ) ;
#509 = EDGE_CURVE ( 'NONE', #6690, #2610, #6601, .T. ) ;
#510 = EDGE_CURVE ( 'NONE', #5407, #7588, #4731, .T. ) ;
#511 = EDGE_CURVE ( 'NONE', #6785, #8108, #5921, .T. ) ;
#512 = DIRECTION ( 'NONE',  ( 2.790120544412995478E-34, 1.608394988049553126E-16, -1.000000000000000000 ) ) ;
#513 = ORIENTED_EDGE ( 'NONE', *, *, #4750, .F. ) ;
#514 = EDGE_LOOP ( 'NONE', ( #6747, #1231, #7355, #1291 ) ) ;
#515 = CARTESIAN_POINT ( 'NONE',  ( -84.75000000000001421, 20.90065487298232227, 1.500000000000000444 ) ) ;
#516 = VERTEX_POINT ( 'NONE', #7236 ) ;
#517 = CARTESIAN_POINT ( 'NONE',  ( 0.000000000000000000, 0.000000000000000000, 4.000000000000000000 ) ) ;
#518 = VECTOR ( 'NONE', #7235, 1000.000000000000000 ) ;
#519 = PLANE ( 'NONE',  #3407 ) ;
#520 = PLANE ( 'NONE',  #508 ) ;
#521 = EDGE_CURVE ( 'NONE', #2805, #2486, #785, .T. ) ;
#522 = VECTOR ( 'NONE', #1150, 1000.000000000000000 ) ;
#523 = LINE ( 'NONE', #1917, #4049 ) ;
#524 = LINE ( 'NONE', #2457, #4274 ) ;
#525 = PLANE ( 'NONE',  #2815 ) ;
#526 = EDGE_LOOP ( 'NONE', ( #4374, #5861, #1673, #2510 ) ) ;
#527 = CARTESIAN_POINT ( 'NONE',  ( 38.98211713789931565, 20.78641401289931778, 0.5000000000000004441 ) ) ;
#528 = VERTEX_POINT ( 'NONE', #4686 ) ;
#529 = CARTESIAN_POINT ( 'NONE',  ( 9.582117137899304637, 22.78641401289931778, 1.500000000000000444 ) ) ;
#530 = VECTOR ( 'NONE', #2734, 1000.000000000000000 ) ;
#531 = AXIS2_PLACEMENT_3D ( 'NONE', #1546, #3987, #5410 ) ;
#532 = LINE ( 'NONE', #3090, #4806 ) ;
#533 = CARTESIAN_POINT ( 'NONE',  ( 30.19999999999992113, 20.85065487298227183, 4.000000000000000000 ) ) ;
#534 = FACE_OUTER_BOUND ( 'NONE', #2840, .T. ) ;
#535 = VECTOR ( 'NONE', #30, 1000.000000000000000 ) ;
#536 = CARTESIAN_POINT ( 'NONE',  ( -32.41788286210067582, 13.48641401289931174, 1.500000000000000444 ) ) ;
#537 = VECTOR ( 'NONE', #5756, 1000.000000000000000 ) ;
#538 = VERTEX_POINT ( 'NONE', #7317 ) ;
#539 = EDGE_CURVE ( 'NONE', #3145, #4549, #4062, .T. ) ;
#540 = ORIENTED_EDGE ( 'NONE', *, *, #766, .T. ) ;
#541 = DIRECTION ( 'NONE',  ( -0.000000000000000000, 1.000000000000000000, -0.000000000000000000 ) ) ;
#542 = CARTESIAN_POINT ( 'NONE',  ( 32.58211713789929576, 13.48641401289930997, 1.500000000000000444 ) ) ;
#543 = EDGE_CURVE ( 'NONE', #8127, #6220, #197, .T. ) ;
#544 = VECTOR ( 'NONE', #734, 1000.000000000000000 ) ;
#545 = VECTOR ( 'NONE', #6219, 1000.000000000000000 ) ;
#546 = ORIENTED_EDGE ( 'NONE', *, *, #4807, .F. ) ;
#547 = DIRECTION ( 'NONE',  ( -1.000000000000000000, 0.000000000000000000, -0.000000000000000000 ) ) ;
#548 = CARTESIAN_POINT ( 'NONE',  ( -39.41788286210071135, 20.23277201088163224, 2.500000000000000000 ) ) ;
#549 = VECTOR ( 'NONE', #298, 1000.000000000000000 ) ;
#550 = ORIENTED_EDGE ( 'NONE', *, *, #7824, .F. ) ;
#551 = EDGE_LOOP ( 'NONE', ( #1612, #2585, #3442, #427 ) ) ;
#552 = CARTESIAN_POINT ( 'NONE',  ( 39.61788286210066445, 20.23277201088161803, 4.000000000000000000 ) ) ;
#553 = ORIENTED_EDGE ( 'NONE', *, *, #7934, .F. ) ;
#554 = ADVANCED_FACE ( 'NONE', ( #7911 ), #2128, .F. ) ;
#555 = VECTOR ( 'NONE', #5169, 1000.000000000000114 ) ;
#556 = EDGE_LOOP ( 'NONE', ( #4591, #4745, #546, #7596 ) ) ;
#557 = CARTESIAN_POINT ( 'NONE',  ( -6.382117137899323112, 16.07582173911838197, 1.500000000000000444 ) ) ;
#558 = ORIENTED_EDGE ( 'NONE', *, *, #2322, .T. ) ;
#559 = ORIENTED_EDGE ( 'NONE', *, *, #7034, .F. ) ;
#560 = LINE ( 'NONE', #5729, #7549 ) ;
#561 = ORIENTED_EDGE ( 'NONE', *, *, #4330, .T. ) ;
#562 = LOCAL_TIME ( 10, 41, 50.00000000000000000, #8332 ) ;
#563 = CARTESIAN_POINT ( 'NONE',  ( 36.69635799798228959, 13.15429687500000355, 1.500000000000000444 ) ) ;
#564 = ADVANCED_FACE ( 'NONE', ( #1452 ), #6556, .F. ) ;
#565 = EDGE_CURVE ( 'NONE', #1872, #724, #159, .T. ) ;
#566 = CARTESIAN_POINT ( 'NONE',  ( -84.75000000000001421, 20.90065487298232227, 4.000000000000000000 ) ) ;
#567 = FACE_OUTER_BOUND ( 'NONE', #2893, .T. ) ;
#568 = CARTESIAN_POINT ( 'NONE',  ( -93.16421356237310647, 10.65429687500000355, 5.000000000000000000 ) ) ;
#569 = ORIENTED_EDGE ( 'NONE', *, *, #6546, .T. ) ;
#570 = LINE ( 'NONE', #7065, #2154 ) ;
#571 = EDGE_LOOP ( 'NONE', ( #6144, #6755, #8265, #8305 ) ) ;
#572 = CARTESIAN_POINT ( 'NONE',  ( 37.23211713789930855, 0.000000000000000000, 0.000000000000000000 ) ) ;
#573 = ORIENTED_EDGE ( 'NONE', *, *, #1205, .T. ) ;
#574 = CARTESIAN_POINT ( 'NONE',  ( -32.32152486411839476, 13.13641401289931210, 2.499999999999998668 ) ) ;
#575 = EDGE_CURVE ( 'NONE', #135, #4231, #5403, .T. ) ;
#576 = FACE_OUTER_BOUND ( 'NONE', #5893, .T. ) ;
#577 = CARTESIAN_POINT ( 'NONE',  ( -59.49635799798232938, 13.15429687499999112, 1.500000000000000444 ) ) ;
#578 = DIRECTION ( 'NONE',  ( 0.000000000000000000, -1.000000000000000000, 0.000000000000000000 ) ) ;
#579 = CARTESIAN_POINT ( 'NONE',  ( -78.41788286210068293, 20.78641401289931778, 0.5000000000000004441 ) ) ;
#580 = ORIENTED_EDGE ( 'NONE', *, *, #6235, .T. ) ;
#581 = ORIENTED_EDGE ( 'NONE', *, *, #6116, .T. ) ;
#582 = DIRECTION ( 'NONE',  ( 0.000000000000000000, 1.000000000000000000, 0.000000000000000000 ) ) ;
#583 = LINE ( 'NONE', #5800, #5355 ) ;
#584 = EDGE_CURVE ( 'NONE', #3537, #4203, #3459, .T. ) ;
#585 = AXIS2_PLACEMENT_3D ( 'NONE', #3682, #6134, #5496 ) ;
#586 = ORIENTED_EDGE ( 'NONE', *, *, #3281, .F. ) ;
#587 = DIRECTION ( 'NONE',  ( -1.000000000000000000, 1.734723475976806709E-18, 0.000000000000000000 ) ) ;
#588 = ADVANCED_FACE ( 'NONE', ( #5363 ), #7957, .F. ) ;
#589 = EDGE_CURVE ( 'NONE', #5240, #4231, #749, .T. ) ;
#590 = CARTESIAN_POINT ( 'NONE',  ( -39.41788286210071135, 20.23277201088163224, 2.500000000000000000 ) ) ;
#591 = DIRECTION ( 'NONE',  ( 1.000000000000000000, -1.734723475976806709E-18, 0.000000000000000000 ) ) ;
#592 = ADVANCED_FACE ( 'NONE', ( #7402 ), #1697, .F. ) ;
#593 = ORIENTED_EDGE ( 'NONE', *, *, #3943, .F. ) ;
#594 = ORIENTED_EDGE ( 'NONE', *, *, #36, .T. ) ;
#595 = CARTESIAN_POINT ( 'NONE',  ( -59.41788286210069714, 22.78641401289931778, 0.5000000000000004441 ) ) ;
#596 = VERTEX_POINT ( 'NONE', #7445 ) ;
#597 = ORIENTED_EDGE ( 'NONE', *, *, #1585, .F. ) ;
#598 = LINE ( 'NONE', #441, #4220 ) ;
#599 = EDGE_CURVE ( 'NONE', #5944, #5037, #4182, .T. ) ;
#600 = DIRECTION ( 'NONE',  ( 0.000000000000000000, 1.000000000000000000, -0.000000000000000000 ) ) ;
#601 = ORIENTED_EDGE ( 'NONE', *, *, #65, .F. ) ;
#602 = ORIENTED_EDGE ( 'NONE', *, *, #2668, .F. ) ;
#603 = FACE_BOUND ( 'NONE', #7741, .T. ) ;
#604 = ORIENTED_EDGE ( 'NONE', *, *, #8275, .F. ) ;
#605 = PLANE ( 'NONE',  #6709 ) ;
#606 = VECTOR ( 'NONE', #7030, 1000.000000000000000 ) ;
#607 = CARTESIAN_POINT ( 'NONE',  ( -82.41788286210069714, 13.48641401289930997, 0.5000000000000004441 ) ) ;
#608 = CARTESIAN_POINT ( 'NONE',  ( -6.999999999999978684, 15.45793887701772285, 2.499999999999999112 ) ) ;
#609 = SECURITY_CLASSIFICATION_LEVEL ( 'unclassified' ) ;
#610 = CARTESIAN_POINT ( 'NONE',  ( -13.47847513588162904, 23.17217973710070567, 4.000000000000000000 ) ) ;
#611 = VERTEX_POINT ( 'NONE', #2914 ) ;
#612 = DIRECTION ( 'NONE',  ( 0.000000000000000000, -0.000000000000000000, -1.000000000000000000 ) ) ;
#613 = ORIENTED_EDGE ( 'NONE', *, *, #6320, .T. ) ;
#614 = LINE ( 'NONE', #5158, #787 ) ;
#615 = ORIENTED_EDGE ( 'NONE', *, *, #4324, .F. ) ;
#616 = CARTESIAN_POINT ( 'NONE',  ( -91.75000000000001421, 13.90429687500000355, 6.000000000000000000 ) ) ;
#617 = LINE ( 'NONE', #1123, #3997 ) ;
#618 = CARTESIAN_POINT ( 'NONE',  ( -53.01788286210067724, 20.78641401289931778, 1.500000000000000444 ) ) ;
#619 = DIRECTION ( 'NONE',  ( -0.000000000000000000, 1.000000000000000000, 0.000000000000000000 ) ) ;
#620 = DIRECTION ( 'NONE',  ( -1.000000000000000000, 4.956352788505169184E-16, -0.000000000000000000 ) ) ;
#621 = EDGE_CURVE ( 'NONE', #3700, #6410, #7007, .T. ) ;
#622 = ORIENTED_EDGE ( 'NONE', *, *, #2777, .T. ) ;
#623 = ORIENTED_EDGE ( 'NONE', *, *, #7546, .T. ) ;
#624 = DIRECTION ( 'NONE',  ( 0.000000000000000000, 1.000000000000000000, 1.608394988049553126E-16 ) ) ;
#625 = LINE ( 'NONE', #3728, #1463 ) ;
#626 = EDGE_LOOP ( 'NONE', ( #5337, #2133, #120, #7756 ) ) ;
#627 = CARTESIAN_POINT ( 'NONE',  ( -91.75000000000001421, 15.45793887701772285, 2.499999999999999112 ) ) ;
#628 = FACE_OUTER_BOUND ( 'NONE', #551, .T. ) ;
#629 = ADVANCED_FACE ( 'NONE', ( #4854 ), #7483, .F. ) ;
#630 = ORIENTED_EDGE ( 'NONE', *, *, #1109, .F. ) ;
#631 = VERTEX_POINT ( 'NONE', #2372 ) ;
#632 = DIRECTION ( 'NONE',  ( -1.000000000000000000, 0.000000000000000000, 0.000000000000000000 ) ) ;
#633 = ORIENTED_EDGE ( 'NONE', *, *, #584, .T. ) ;
#634 = VERTEX_POINT ( 'NONE', #4254 ) ;
#635 = PLANE ( 'NONE',  #464 ) ;
#636 = LINE ( 'NONE', #5597, #2546 ) ;
#637 = ORIENTED_EDGE ( 'NONE', *, *, #1220, .T. ) ;
#638 = ORIENTED_EDGE ( 'NONE', *, *, #2743, .F. ) ;
#639 = PLANE ( 'NONE',  #2160 ) ;
#640 = DIRECTION ( 'NONE',  ( 1.000000000000000000, 0.000000000000000000, 0.000000000000000000 ) ) ;
#641 = EDGE_CURVE ( 'NONE', #8139, #4663, #3628, .T. ) ;
#642 = VECTOR ( 'NONE', #5412, 1000.000000000000000 ) ;
#643 = ADVANCED_FACE ( 'NONE', ( #1068 ), #6083, .F. ) ;
#644 = PLANE ( 'NONE',  #4757 ) ;
#645 = FACE_OUTER_BOUND ( 'NONE', #2952, .T. ) ;
#646 = PERSON_AND_ORGANIZATION_ROLE ( 'design_supplier' ) ;
#647 = DIRECTION ( 'NONE',  ( 0.000000000000000000, 1.000000000000000000, 1.608394988049553126E-16 ) ) ;
#648 = ORIENTED_EDGE ( 'NONE', *, *, #7222, .F. ) ;
#649 = AXIS2_PLACEMENT_3D ( 'NONE', #4987, #1791, #6978 ) ;
#650 = CARTESIAN_POINT ( 'NONE',  ( -82.41788286210069714, 22.78641401289931778, 1.500000000000000444 ) ) ;
#651 = ORIENTED_EDGE ( 'NONE', *, *, #1299, .T. ) ;
#652 = ORIENTED_EDGE ( 'NONE', *, *, #422, .T. ) ;
#653 = CARTESIAN_POINT ( 'NONE',  ( -77.76788286210067724, 15.50448725967914143, 0.5000000000000004441 ) ) ;
#654 = ORIENTED_EDGE ( 'NONE', *, *, #1650, .F. ) ;
#655 = DIRECTION ( 'NONE',  ( 0.000000000000000000, 1.000000000000000000, 1.608394988049553126E-16 ) ) ;
#656 = EDGE_CURVE ( 'NONE', #3810, #528, #6762, .T. ) ;
#657 = VECTOR ( 'NONE', #2559, 1000.000000000000000 ) ;
#658 = DIRECTION ( 'NONE',  ( 0.000000000000000000, 0.000000000000000000, 1.000000000000000000 ) ) ;
#659 = DIRECTION ( 'NONE',  ( 1.000000000000000000, 0.000000000000000000, 0.000000000000000000 ) ) ;
#660 = LINE ( 'NONE', #1210, #5555 ) ;
#661 = DIRECTION ( 'NONE',  ( 0.000000000000000000, -0.000000000000000000, 1.000000000000000000 ) ) ;
#662 = CARTESIAN_POINT ( 'NONE',  ( 13.58211713789932240, 20.78641401289931778, 0.5000000000000004441 ) ) ;
#663 = ORIENTED_EDGE ( 'NONE', *, *, #4531, .F. ) ;
#664 = VECTOR ( 'NONE', #2539, 1000.000000000000000 ) ;
#665 = VECTOR ( 'NONE', #7883, 1000.000000000000000 ) ;
#666 = ORIENTED_EDGE ( 'NONE', *, *, #7324, .T. ) ;
#667 = DIRECTION ( 'NONE',  ( -0.7071067811865474617, 0.7071067811865474617, 0.000000000000000000 ) ) ;
#668 = EDGE_CURVE ( 'NONE', #2910, #929, #4217, .T. ) ;
#669 = LINE ( 'NONE', #4493, #1866 ) ;
#670 = EDGE_CURVE ( 'NONE', #3285, #4862, #4811, .T. ) ;
#671 = EDGE_CURVE ( 'NONE', #3486, #1701, #2996, .T. ) ;
#672 = AXIS2_PLACEMENT_3D ( 'NONE', #3241, #4633, #2615 ) ;
#673 = VERTEX_POINT ( 'NONE', #2250 ) ;
#674 = PLANE ( 'NONE',  #55 ) ;
#675 = VECTOR ( 'NONE', #7241, 1000.000000000000000 ) ;
#676 = DIRECTION ( 'NONE',  ( -1.000000000000000000, 0.000000000000000000, -0.000000000000000000 ) ) ;
#677 = ORIENTED_EDGE ( 'NONE', *, *, #7837, .T. ) ;
#678 = ORIENTED_EDGE ( 'NONE', *, *, #3182, .T. ) ;
#679 = DIRECTION ( 'NONE',  ( 0.000000000000000000, -0.000000000000000000, 1.000000000000000000 ) ) ;
#680 = AXIS2_PLACEMENT_3D ( 'NONE', #6679, #2132, #2675 ) ;
#681 = ORIENTED_EDGE ( 'NONE', *, *, #5141, .T. ) ;
#682 = CIRCLE ( 'NONE', #2949, 0.2500000000000000000 ) ;
#683 = ADVANCED_FACE ( 'NONE', ( #8119 ), #3784, .F. ) ;
#684 = ORIENTED_EDGE ( 'NONE', *, *, #2917, .T. ) ;
#685 = DIRECTION ( 'NONE',  ( 0.000000000000000000, 0.000000000000000000, 1.000000000000000000 ) ) ;
#686 = VECTOR ( 'NONE', #181, 1000.000000000000000 ) ;
#687 = AXIS2_PLACEMENT_3D ( 'NONE', #1688, #2324, #4244 ) ;
#688 = DIRECTION ( 'NONE',  ( 0.000000000000000000, 0.000000000000000000, 1.000000000000000000 ) ) ;
#689 = ORIENTED_EDGE ( 'NONE', *, *, #7678, .F. ) ;
#690 = ORIENTED_EDGE ( 'NONE', *, *, #565, .T. ) ;
#691 = DIRECTION ( 'NONE',  ( 1.000000000000000000, 6.938893903907222067E-15, 0.000000000000000000 ) ) ;
#692 = FACE_BOUND ( 'NONE', #6628, .T. ) ;
#693 = VECTOR ( 'NONE', #6990, 1000.000000000000000 ) ;
#694 = CARTESIAN_POINT ( 'NONE',  ( 9.582117137899304637, 22.78641401289931778, 0.5000000000000004441 ) ) ;
#695 = DIRECTION ( 'NONE',  ( -0.000000000000000000, -0.000000000000000000, 1.000000000000000000 ) ) ;
#696 = EDGE_CURVE ( 'NONE', #5077, #5145, #2335, .T. ) ;
#697 = FACE_OUTER_BOUND ( 'NONE', #6989, .T. ) ;
#698 = ORIENTED_EDGE ( 'NONE', *, *, #5320, .F. ) ;
#699 = CARTESIAN_POINT ( 'NONE',  ( -89.50000000000001421, 22.90429687500000355, 0.5999999999999999778 ) ) ;
#700 = VERTEX_POINT ( 'NONE', #6363 ) ;
#701 = ORIENTED_EDGE ( 'NONE', *, *, #727, .T. ) ;
#702 = EDGE_CURVE ( 'NONE', #6543, #884, #2295, .T. ) ;
#703 = CARTESIAN_POINT ( 'NONE',  ( 46.25000000000000000, 22.40429687500000355, 1.000000000000000000 ) ) ;
#704 = ORIENTED_EDGE ( 'NONE', *, *, #1046, .F. ) ;
#705 = CARTESIAN_POINT ( 'NONE',  ( 13.58211713789930819, 22.78641401289931778, 1.500000000000000444 ) ) ;
#706 = PLANE ( 'NONE',  #3867 ) ;
#707 = CARTESIAN_POINT ( 'NONE',  ( -82.47847513588165214, 13.13641401289931210, 6.000000000000000000 ) ) ;
#708 = CARTESIAN_POINT ( 'NONE',  ( 36.58211713789931707, 13.48641401289931174, 1.500000000000000444 ) ) ;
#709 = LINE ( 'NONE', #5125, #6867 ) ;
#710 = CARTESIAN_POINT ( 'NONE',  ( -84.75000000000001421, 13.90429687500000355, 6.000000000000000000 ) ) ;
#711 = ORIENTED_EDGE ( 'NONE', *, *, #3160, .F. ) ;
#712 = EDGE_CURVE ( 'NONE', #4284, #7967, #3581, .T. ) ;
#713 = ORIENTED_EDGE ( 'NONE', *, *, #3028, .F. ) ;
#714 = DIRECTION ( 'NONE',  ( 0.000000000000000000, 0.000000000000000000, -1.000000000000000000 ) ) ;
#715 = DIRECTION ( 'NONE',  ( -1.000000000000000000, 0.000000000000000000, -0.000000000000000000 ) ) ;
#716 = DIRECTION ( 'NONE',  ( 0.000000000000000000, 1.000000000000000000, 0.000000000000000000 ) ) ;
#717 = CARTESIAN_POINT ( 'NONE',  ( -91.75000000000001421, 20.85065487298227183, 4.000000000000000000 ) ) ;
#718 = CARTESIAN_POINT ( 'NONE',  ( -13.41788286210068826, 15.48641401289931174, 0.5000000000000004441 ) ) ;
#719 = EDGE_CURVE ( 'NONE', #7595, #6695, #598, .T. ) ;
#720 = EDGE_LOOP ( 'NONE', ( #1561, #5475, #1446, #338 ) ) ;
#721 = EDGE_CURVE ( 'NONE', #7630, #3145, #5569, .T. ) ;
#722 = ORIENTED_EDGE ( 'NONE', *, *, #5686, .T. ) ;
#723 = DIRECTION ( 'NONE',  ( 1.000000000000000000, -0.000000000000000000, 0.000000000000000000 ) ) ;
#724 = VERTEX_POINT ( 'NONE', #8320 ) ;
#725 = ORIENTED_EDGE ( 'NONE', *, *, #7785, .F. ) ;
#726 = AXIS2_PLACEMENT_3D ( 'NONE', #7987, #5587, #3448 ) ;
#727 = EDGE_CURVE ( 'NONE', #7206, #176, #7770, .T. ) ;
#728 = DIRECTION ( 'NONE',  ( 1.000000000000000000, 6.938893903907222067E-15, 0.000000000000000000 ) ) ;
#729 = APPROVAL ( #2537, 'UNSPECIFIED' ) ;
#730 = CARTESIAN_POINT ( 'NONE',  ( 39.25000000000000000, 13.90429687500000178, 1.000000000000000000 ) ) ;
#731 = ADVANCED_FACE ( 'NONE', ( #15 ), #1399, .F. ) ;
#732 = ORIENTED_EDGE ( 'NONE', *, *, #1516, .T. ) ;
#733 = VERTEX_POINT ( 'NONE', #7180 ) ;
#734 = DIRECTION ( 'NONE',  ( 0.000000000000000000, -0.7071067811865479058, -0.7071067811865472397 ) ) ;
#735 = AXIS2_PLACEMENT_3D ( 'NONE', #2971, #7493, #1633 ) ;
#736 = DIRECTION ( 'NONE',  ( 0.000000000000000000, -0.000000000000000000, 1.000000000000000000 ) ) ;
#737 = VECTOR ( 'NONE', #3503, 1000.000000000000000 ) ;
#738 = DIRECTION ( 'NONE',  ( 1.000000000000000000, 0.000000000000000000, 0.000000000000000000 ) ) ;
#739 = ADVANCED_FACE ( 'NONE', ( #3960 ), #6498, .F. ) ;
#740 = EDGE_LOOP ( 'NONE', ( #6481, #1777, #957, #5956 ) ) ;
#741 = DIRECTION ( 'NONE',  ( 0.000000000000000000, 0.000000000000000000, 1.000000000000000000 ) ) ;
#742 = ORIENTED_EDGE ( 'NONE', *, *, #1596, .F. ) ;
#743 = ORIENTED_EDGE ( 'NONE', *, *, #696, .T. ) ;
#744 = AXIS2_PLACEMENT_3D ( 'NONE', #4445, #6424, #3721 ) ;
#745 = CARTESIAN_POINT ( 'NONE',  ( -91.34999999999998010, 10.65429687500000355, 5.000000000000000000 ) ) ;
#746 = LINE ( 'NONE', #232, #389 ) ;
#747 = DIRECTION ( 'NONE',  ( 1.000000000000000000, -1.734723475976806709E-18, -0.000000000000000000 ) ) ;
#748 = AXIS2_PLACEMENT_3D ( 'NONE', #1847, #2936, #6186 ) ;
#749 = LINE ( 'NONE', #5877, #6789 ) ;
#750 = LINE ( 'NONE', #4568, #4799 ) ;
#751 = DIRECTION ( 'NONE',  ( 0.000000000000000000, 0.000000000000000000, 1.000000000000000000 ) ) ;
#752 = CARTESIAN_POINT ( 'NONE',  ( 46.25000000000000000, 13.90429687500000355, 1.000000000000000000 ) ) ;
#753 = ORIENTED_EDGE ( 'NONE', *, *, #8303, .F. ) ;
#754 = FACE_OUTER_BOUND ( 'NONE', #301, .T. ) ;
#755 = VERTEX_POINT ( 'NONE', #768 ) ;
#756 = CARTESIAN_POINT ( 'NONE',  ( 45.84999999999998721, 25.65429687500000355, 6.000000000000000000 ) ) ;
#757 = PLANE ( 'NONE',  #4956 ) ;
#758 = EDGE_CURVE ( 'NONE', #1841, #733, #2697, .T. ) ;
#759 = LINE ( 'NONE', #6486, #4883 ) ;
#760 = DIRECTION ( 'NONE',  ( -0.7071067811865479058, 0.7071067811865471286, 0.000000000000000000 ) ) ;
#761 = CARTESIAN_POINT ( 'NONE',  ( 16.00000000000001421, 20.85065487298227183, 1.500000000000000444 ) ) ;
#762 = ORIENTED_EDGE ( 'NONE', *, *, #7786, .F. ) ;
#763 = EDGE_LOOP ( 'NONE', ( #7704, #654, #2433 ) ) ;
#764 = LINE ( 'NONE', #4706, #3912 ) ;
#765 = ORIENTED_EDGE ( 'NONE', *, *, #4637, .T. ) ;
#766 = EDGE_CURVE ( 'NONE', #2610, #4644, #4546, .T. ) ;
#767 = ORIENTED_EDGE ( 'NONE', *, *, #836, .T. ) ;
#768 = CARTESIAN_POINT ( 'NONE',  ( -89.50000000000001421, 22.90429687500000355, 0.5999999999999999778 ) ) ;
#769 = CARTESIAN_POINT ( 'NONE',  ( 69.00000000000000000, 0.000000000000000000, 0.5000000000000004441 ) ) ;
#770 = ORIENTED_EDGE ( 'NONE', *, *, #3541, .F. ) ;
#771 = ORIENTED_EDGE ( 'NONE', *, *, #4569, .T. ) ;
#772 = LINE ( 'NONE', #1482, #4038 ) ;
#773 = EDGE_CURVE ( 'NONE', #7575, #305, #7093, .T. ) ;
#774 = CARTESIAN_POINT ( 'NONE',  ( -91.75000000000001421, 20.85065487298227183, 2.500000000000000000 ) ) ;
#775 = LINE ( 'NONE', #2741, #4979 ) ;
#776 = EDGE_LOOP ( 'NONE', ( #3497, #7893, #689, #1107 ) ) ;
#777 = CARTESIAN_POINT ( 'NONE',  ( -76.01788286210067724, 20.78641401289931778, 1.500000000000000444 ) ) ;
#778 = VERTEX_POINT ( 'NONE', #5270 ) ;
#779 = VERTEX_POINT ( 'NONE', #2652 ) ;
#780 = LINE ( 'NONE', #4726, #2791 ) ;
#781 = VECTOR ( 'NONE', #7029, 1000.000000000000000 ) ;
#782 = FACE_OUTER_BOUND ( 'NONE', #5281, .T. ) ;
#783 = EDGE_CURVE ( 'NONE', #2168, #2630, #1271, .T. ) ;
#784 = CARTESIAN_POINT ( 'NONE',  ( 46.25000000000000000, 25.25429687500000497, 0.3999999999999837019 ) ) ;
#785 = LINE ( 'NONE', #7997, #6930 ) ;
#786 = CARTESIAN_POINT ( 'NONE',  ( 36.58211713789930286, 22.78641401289931778, 1.500000000000000444 ) ) ;
#787 = VECTOR ( 'NONE', #33, 1000.000000000000000 ) ;
#788 = CARTESIAN_POINT ( 'NONE',  ( -93.16421356237310647, 10.65429687500000355, 5.000000000000000000 ) ) ;
#789 = LINE ( 'NONE', #1579, #7275 ) ;
#790 = ORIENTED_EDGE ( 'NONE', *, *, #4170, .F. ) ;
#791 = PLANE ( 'NONE',  #4565 ) ;
#792 = ORIENTED_EDGE ( 'NONE', *, *, #7127, .F. ) ;
#793 = LINE ( 'NONE', #5931, #2572 ) ;
#794 = CARTESIAN_POINT ( 'NONE',  ( -9.321524864118412523, 23.17217973710070567, 1.500000000000000444 ) ) ;
#795 = VECTOR ( 'NONE', #86, 1000.000000000000000 ) ;
#796 = PLANE ( 'NONE',  #7735 ) ;
#797 = FACE_OUTER_BOUND ( 'NONE', #4056, .T. ) ;
#798 = DIRECTION ( 'NONE',  ( 1.000000000000000000, -1.734723475976806709E-18, -0.000000000000000000 ) ) ;
#799 = VECTOR ( 'NONE', #4563, 1000.000000000000000 ) ;
#800 = ADVANCED_FACE ( 'NONE', ( #3919 ), #1360, .F. ) ;
#801 = ORIENTED_EDGE ( 'NONE', *, *, #3709, .F. ) ;
#802 = LINE ( 'NONE', #3274, #2297 ) ;
#803 = ORIENTED_EDGE ( 'NONE', *, *, #2025, .F. ) ;
#804 = VECTOR ( 'NONE', #7221, 1000.000000000000000 ) ;
#805 = AXIS2_PLACEMENT_3D ( 'NONE', #2967, #1702, #446 ) ;
#806 = VERTEX_POINT ( 'NONE', #3868 ) ;
#807 = DIRECTION ( 'NONE',  ( 0.000000000000000000, 0.000000000000000000, 1.000000000000000000 ) ) ;
#808 = CARTESIAN_POINT ( 'NONE',  ( 8.932117137899320269, 20.80448725967914925, 1.500000000000000444 ) ) ;
#809 = VECTOR ( 'NONE', #6251, 1000.000000000000000 ) ;
#810 = VERTEX_POINT ( 'NONE', #5139 ) ;
#811 = AXIS2_PLACEMENT_3D ( 'NONE', #6300, #4354, #1970 ) ;
#812 = ORIENTED_EDGE ( 'NONE', *, *, #4796, .F. ) ;
#813 = DIRECTION ( 'NONE',  ( -0.000000000000000000, -0.000000000000000000, 1.000000000000000000 ) ) ;
#814 = EDGE_CURVE ( 'NONE', #3333, #5180, #5899, .T. ) ;
#815 = VECTOR ( 'NONE', #5136, 1000.000000000000000 ) ;
#816 = VECTOR ( 'NONE', #5572, 1000.000000000000000 ) ;
#817 = CARTESIAN_POINT ( 'NONE',  ( 46.00000000000000000, 0.000000000000000000, 0.5000000000000004441 ) ) ;
#818 = DIRECTION ( 'NONE',  ( 1.000000000000000000, 0.000000000000000000, 0.000000000000000000 ) ) ;
#819 = ORIENTED_EDGE ( 'NONE', *, *, #6694, .T. ) ;
#820 = CARTESIAN_POINT ( 'NONE',  ( -32.30364200201771041, 13.15429687499999112, 6.000000000000000000 ) ) ;
#821 = VERTEX_POINT ( 'NONE', #1946 ) ;
#822 = ORIENTED_EDGE ( 'NONE', *, *, #5250, .F. ) ;
#823 = VECTOR ( 'NONE', #3727, 1000.000000000000000 ) ;
#824 = CARTESIAN_POINT ( 'NONE',  ( -39.41788286210071135, 20.23277201088163224, 1.500000000000000444 ) ) ;
#825 = ADVANCED_FACE ( 'NONE', ( #7219 ), #635, .F. ) ;
#826 = EDGE_CURVE ( 'NONE', #4130, #7508, #4631, .T. ) ;
#827 = CARTESIAN_POINT ( 'NONE',  ( 39.25000000000000000, 13.15429687500000355, 4.000000000000000000 ) ) ;
#828 = DIRECTION ( 'NONE',  ( -1.000000000000000000, 0.000000000000000000, 0.000000000000000000 ) ) ;
#829 = CC_DESIGN_APPROVAL ( #729, ( #7168 ) ) ;
#830 = DIRECTION ( 'NONE',  ( 1.259073490628327690E-16, -1.000000000000000000, 0.000000000000000000 ) ) ;
#831 = CARTESIAN_POINT ( 'NONE',  ( 32.52152486411835497, 23.17217973710070567, 1.500000000000000444 ) ) ;
#832 = DIRECTION ( 'NONE',  ( -1.000000000000000000, 0.000000000000000000, -0.000000000000000000 ) ) ;
#833 = LINE ( 'NONE', #3385, #5642 ) ;
#834 = ORIENTED_EDGE ( 'NONE', *, *, #5620, .F. ) ;
#835 = DIRECTION ( 'NONE',  ( 0.7071067811865479058, 0.7071067811865471286, 0.000000000000000000 ) ) ;
#836 = EDGE_CURVE ( 'NONE', #7937, #2385, #6449, .T. ) ;
#837 = ORIENTED_EDGE ( 'NONE', *, *, #8311, .F. ) ;
#838 = CARTESIAN_POINT ( 'NONE',  ( -38.81788286210068151, 20.80448725967914925, 1.500000000000000444 ) ) ;
#839 = LINE ( 'NONE', #7921, #4346 ) ;
#840 = CARTESIAN_POINT ( 'NONE',  ( -52.38211713789932844, 16.07582173911838197, 2.499999999999999112 ) ) ;
#841 = CARTESIAN_POINT ( 'NONE',  ( -82.41788286210069714, 15.48641401289931174, 0.5000000000000004441 ) ) ;
#842 = ADVANCED_FACE ( 'NONE', ( #3192 ), #5766, .F. ) ;
#843 = ORIENTED_EDGE ( 'NONE', *, *, #1025, .T. ) ;
#844 = DIRECTION ( 'NONE',  ( 0.000000000000000000, 0.000000000000000000, 1.000000000000000000 ) ) ;
#845 = CARTESIAN_POINT ( 'NONE',  ( -30.01788286210067724, 20.78641401289931778, 0.5000000000000004441 ) ) ;
#846 = ADVANCED_FACE ( 'NONE', ( #7813 ), #3363, .F. ) ;
#847 = VERTEX_POINT ( 'NONE', #7685 ) ;
#848 = DIRECTION ( 'NONE',  ( 0.000000000000000000, -1.000000000000000000, 0.000000000000000000 ) ) ;
#849 = ADVANCED_FACE ( 'NONE', ( #177 ), #56, .F. ) ;
#850 = DIRECTION ( 'NONE',  ( -1.000000000000000000, 0.000000000000000000, 0.000000000000000000 ) ) ;
#851 = EDGE_LOOP ( 'NONE', ( #8017, #1430, #8028, #1833, #6231 ) ) ;
#852 = VERTEX_POINT ( 'NONE', #7894 ) ;
#853 = FACE_OUTER_BOUND ( 'NONE', #3610, .T. ) ;
#854 = ORIENTED_EDGE ( 'NONE', *, *, #7314, .F. ) ;
#855 = AXIS2_PLACEMENT_3D ( 'NONE', #7265, #266, #2824 ) ;
#856 = EDGE_CURVE ( 'NONE', #6366, #5613, #2898, .T. ) ;
#857 = ORIENTED_EDGE ( 'NONE', *, *, #6306, .T. ) ;
#858 = FACE_OUTER_BOUND ( 'NONE', #776, .T. ) ;
#859 = LINE ( 'NONE', #3412, #415 ) ;
#860 = PERSON ( 'UNSPECIFIED', 'UNSPECIFIED', 'UNSPECIFIED', ('UNSPECIFIED'), ('UNSPECIFIED'), ('UNSPECIFIED') ) ;
#861 = EDGE_LOOP ( 'NONE', ( #975, #2245, #5024 ) ) ;
#862 = DIRECTION ( 'NONE',  ( 1.000000000000000000, 0.000000000000000000, 0.000000000000000000 ) ) ;
#863 = ORIENTED_EDGE ( 'NONE', *, *, #4843, .T. ) ;
#864 = LINE ( 'NONE', #3254, #6288 ) ;
#865 = CARTESIAN_POINT ( 'NONE',  ( -78.41788286210069714, 22.78641401289931778, 1.500000000000000444 ) ) ;
#866 = CARTESIAN_POINT ( 'NONE',  ( 9.582117137899304637, 15.48641401289931174, 0.5000000000000004441 ) ) ;
#867 = DIRECTION ( 'NONE',  ( 1.000000000000000000, -1.734723475976806709E-18, 0.000000000000000000 ) ) ;
#868 = FACE_OUTER_BOUND ( 'NONE', #6507, .T. ) ;
#869 = VECTOR ( 'NONE', #5945, 1000.000000000000000 ) ;
#870 = CARTESIAN_POINT ( 'NONE',  ( 46.05000000000001137, 10.85429687500000284, 0.1999999999999849121 ) ) ;
#871 = DIRECTION ( 'NONE',  ( -1.000000000000000000, -6.546126324440782623E-16, -0.000000000000000000 ) ) ;
#872 = EDGE_LOOP ( 'NONE', ( #7782, #1353, #6378, #2688, #5350, #379 ) ) ;
#873 = CARTESIAN_POINT ( 'NONE',  ( -36.47847513588165214, 13.13641401289931210, 1.500000000000000444 ) ) ;
#874 = ORIENTED_EDGE ( 'NONE', *, *, #4952, .F. ) ;
#875 = LINE ( 'NONE', #288, #7128 ) ;
#876 = AXIS2_PLACEMENT_3D ( 'NONE', #6142, #254, #7979 ) ;
#877 = LINE ( 'NONE', #7246, #2609 ) ;
#878 = CARTESIAN_POINT ( 'NONE',  ( -31.76788286210068080, 15.50448725967914143, 0.5000000000000004441 ) ) ;
#879 = EDGE_CURVE ( 'NONE', #1831, #3017, #2191, .T. ) ;
#880 = LINE ( 'NONE', #4073, #146 ) ;
#881 = ORIENTED_EDGE ( 'NONE', *, *, #6812, .F. ) ;
#882 = DIRECTION ( 'NONE',  ( 0.000000000000000000, 1.000000000000000000, 0.000000000000000000 ) ) ;
#883 = CARTESIAN_POINT ( 'NONE',  ( -55.41788286210067582, 20.78641401289931778, 0.5000000000000004441 ) ) ;
#884 = VERTEX_POINT ( 'NONE', #4121 ) ;
#885 = EDGE_CURVE ( 'NONE', #2484, #7023, #6019, .T. ) ;
#886 = LINE ( 'NONE', #3440, #77 ) ;
#887 = DIRECTION ( 'NONE',  ( 1.000000000000000000, 1.259073490628327690E-16, 0.000000000000000000 ) ) ;
#888 = ORIENTED_EDGE ( 'NONE', *, *, #5471, .F. ) ;
#889 = ORIENTED_EDGE ( 'NONE', *, *, #2264, .F. ) ;
#890 = LINE ( 'NONE', #5187, #3905 ) ;
#891 = VERTEX_POINT ( 'NONE', #7426 ) ;
#892 = ORIENTED_EDGE ( 'NONE', *, *, #621, .F. ) ;
#893 = DIRECTION ( 'NONE',  ( 0.000000000000000000, -0.000000000000000000, -1.000000000000000000 ) ) ;
#894 = LINE ( 'NONE', #3450, #5116 ) ;
#895 = ORIENTED_EDGE ( 'NONE', *, *, #8326, .T. ) ;
#896 = EDGE_CURVE ( 'NONE', #891, #5049, #6696, .T. ) ;
#897 = DIRECTION ( 'NONE',  ( -1.000000000000000000, 0.000000000000000000, 0.000000000000000000 ) ) ;
#898 = EDGE_LOOP ( 'NONE', ( #7149, #8148, #8195, #6419 ) ) ;
#899 = DIRECTION ( 'NONE',  ( 1.000000000000000000, 0.000000000000000000, -0.000000000000000000 ) ) ;
#900 = CARTESIAN_POINT ( 'NONE',  ( 14.23211713789931920, 15.48641401289931174, 0.000000000000000000 ) ) ;
#901 = ADVANCED_FACE ( 'NONE', ( #8019 ), #2109, .F. ) ;
#902 = CARTESIAN_POINT ( 'NONE',  ( -32.41788286210067582, 20.78641401289931778, 0.5000000000000004441 ) ) ;
#903 = DIRECTION ( 'NONE',  ( -1.000000000000000000, -6.546126324440781637E-16, 0.000000000000000000 ) ) ;
#904 = CARTESIAN_POINT ( 'NONE',  ( -84.75000000000001421, 15.40793887701768483, 4.000000000000000000 ) ) ;
#905 = PLANE ( 'NONE',  #1750 ) ;
#906 = CARTESIAN_POINT ( 'NONE',  ( 92.00000000000000000, 0.000000000000000000, 0.5000000000000004441 ) ) ;
#907 = ORIENTED_EDGE ( 'NONE', *, *, #2725, .T. ) ;
#908 = CARTESIAN_POINT ( 'NONE',  ( -78.41788286210066872, 15.48641401289931174, 0.5000000000000004441 ) ) ;
#909 = ORIENTED_EDGE ( 'NONE', *, *, #6546, .F. ) ;
#910 = PLANE ( 'NONE',  #5905 ) ;
#911 = ADVANCED_FACE ( 'NONE', ( #2152 ), #1599, .F. ) ;
#912 = VECTOR ( 'NONE', #5735, 1000.000000000000000 ) ;
#913 = CARTESIAN_POINT ( 'NONE',  ( -59.41788286210069714, 20.78641401289931778, 0.5000000000000004441 ) ) ;
#914 = CARTESIAN_POINT ( 'NONE',  ( -15.80000000000005045, 15.45793887701772285, 3.999999999999999112 ) ) ;
#915 = DIRECTION ( 'NONE',  ( -0.7071067811865479058, -0.7071067811865471286, 0.000000000000000000 ) ) ;
#916 = CARTESIAN_POINT ( 'NONE',  ( -62.41788286210071135, 16.07582173911837486, 6.000000000000000000 ) ) ;
#917 = EDGE_CURVE ( 'NONE', #5037, #6758, #216, .T. ) ;
#918 = VECTOR ( 'NONE', #5960, 1000.000000000000000 ) ;
#919 = ORIENTED_EDGE ( 'NONE', *, *, #5596, .F. ) ;
#920 = LINE ( 'NONE', #3477, #1226 ) ;
#921 = LINE ( 'NONE', #6618, #925 ) ;
#922 = EDGE_CURVE ( 'NONE', #4544, #2204, #3482, .T. ) ;
#923 = EDGE_CURVE ( 'NONE', #6915, #6058, #7380, .T. ) ;
#924 = ORIENTED_EDGE ( 'NONE', *, *, #6622, .T. ) ;
#925 = VECTOR ( 'NONE', #3245, 1000.000000000000000 ) ;
#926 = DIRECTION ( 'NONE',  ( -0.000000000000000000, -0.000000000000000000, 1.000000000000000000 ) ) ;
#927 = CARTESIAN_POINT ( 'NONE',  ( -37.06788286210068151, 20.78641401289931423, 1.500000000000000444 ) ) ;
#928 = EDGE_LOOP ( 'NONE', ( #2323, #2315, #6750, #7193 ) ) ;
#929 = VERTEX_POINT ( 'NONE', #1641 ) ;
#930 = DIRECTION ( 'NONE',  ( 0.000000000000000000, 0.000000000000000000, -1.000000000000000000 ) ) ;
#931 = VECTOR ( 'NONE', #2554, 1000.000000000000000 ) ;
#932 = ORIENTED_EDGE ( 'NONE', *, *, #6562, .T. ) ;
#933 = EDGE_CURVE ( 'NONE', #2818, #2981, #4711, .T. ) ;
#934 = VECTOR ( 'NONE', #655, 1000.000000000000000 ) ;
#935 = ORIENTED_EDGE ( 'NONE', *, *, #5797, .T. ) ;
#936 = DIRECTION ( 'NONE',  ( -1.000000000000000000, -0.000000000000000000, -0.000000000000000000 ) ) ;
#937 = VECTOR ( 'NONE', #5633, 1000.000000000000000 ) ;
#938 = AXIS2_PLACEMENT_3D ( 'NONE', #873, #4067, #2758 ) ;
#939 = FACE_OUTER_BOUND ( 'NONE', #6455, .T. ) ;
#940 = ORIENTED_EDGE ( 'NONE', *, *, #4963, .F. ) ;
#941 = CARTESIAN_POINT ( 'NONE',  ( 14.23211713789931920, 20.78641401289931778, 0.5000000000000004441 ) ) ;
#942 = ORIENTED_EDGE ( 'NONE', *, *, #2568, .T. ) ;
#943 = CARTESIAN_POINT ( 'NONE',  ( 30.19999999999993179, 15.45793887701772285, 1.500000000000000444 ) ) ;
#944 = CARTESIAN_POINT ( 'NONE',  ( 13.58211713789933484, 15.48641401289931174, 0.5000000000000004441 ) ) ;
#945 = VECTOR ( 'NONE', #992, 1000.000000000000000 ) ;
#946 = VECTOR ( 'NONE', #3474, 1000.000000000000114 ) ;
#947 = ADVANCED_FACE ( 'NONE', ( #2274 ), #2771, .F. ) ;
#948 = LINE ( 'NONE', #7444, #5985 ) ;
#949 = DIRECTION ( 'NONE',  ( -0.7071067811865479058, 0.7071067811865471286, 0.000000000000000000 ) ) ;
#950 = DIRECTION ( 'NONE',  ( -1.000000000000000000, 0.000000000000000000, 0.000000000000000000 ) ) ;
#951 = VECTOR ( 'NONE', #3031, 1000.000000000000000 ) ;
#952 = CARTESIAN_POINT ( 'NONE',  ( -31.76788286210068080, 0.000000000000000000, 0.000000000000000000 ) ) ;
#953 = VECTOR ( 'NONE', #738, 1000.000000000000000 ) ;
#954 = CARTESIAN_POINT ( 'NONE',  ( -9.417882862100684704, 22.78641401289931778, 0.5000000000000004441 ) ) ;
#955 = ORIENTED_EDGE ( 'NONE', *, *, #5285, .F. ) ;
#956 = CARTESIAN_POINT ( 'NONE',  ( 29.58211713789928154, 16.07582173911837486, 2.499999999999999112 ) ) ;
#957 = ORIENTED_EDGE ( 'NONE', *, *, #1799, .F. ) ;
#958 = CARTESIAN_POINT ( 'NONE',  ( 39.25000000000000000, 13.15429687500000355, 4.000000000000000000 ) ) ;
#959 = VECTOR ( 'NONE', #5712, 1000.000000000000000 ) ;
#960 = EDGE_CURVE ( 'NONE', #4845, #4502, #971, .T. ) ;
#961 = FACE_BOUND ( 'NONE', #6099, .T. ) ;
#962 = LINE ( 'NONE', #6053, #3957 ) ;
#963 = CARTESIAN_POINT ( 'NONE',  ( -91.75000000000001421, 20.85065487298227183, 4.000000000000000000 ) ) ;
#964 = ADVANCED_FACE ( 'NONE', ( #4200 ), #7299, .F. ) ;
#965 = CARTESIAN_POINT ( 'NONE',  ( -37.06788286210068151, 20.80448725967914925, 0.5000000000000004441 ) ) ;
#966 = ORIENTED_EDGE ( 'NONE', *, *, #1773, .F. ) ;
#967 = DIRECTION ( 'NONE',  ( -0.000000000000000000, -1.000000000000000000, -0.000000000000000000 ) ) ;
#968 = LINE ( 'NONE', #4747, #3062 ) ;
#969 = APPLICATION_CONTEXT ( 'configuration controlled 3d designs of mechanical parts and assemblies' ) ;
#970 = ORIENTED_EDGE ( 'NONE', *, *, #656, .T. ) ;
#971 = LINE ( 'NONE', #5341, #5040 ) ;
#972 = EDGE_CURVE ( 'NONE', #2121, #5646, #886, .T. ) ;
#973 = CARTESIAN_POINT ( 'NONE',  ( 31.93211713789931139, 15.48641401289931174, 0.5000000000000004441 ) ) ;
#974 = ORIENTED_EDGE ( 'NONE', *, *, #896, .T. ) ;
#975 = ORIENTED_EDGE ( 'NONE', *, *, #4443, .F. ) ;
#976 = FACE_OUTER_BOUND ( 'NONE', #1187, .T. ) ;
#977 = ORIENTED_EDGE ( 'NONE', *, *, #1391, .T. ) ;
#978 = ORIENTED_EDGE ( 'NONE', *, *, #712, .T. ) ;
#979 = EDGE_CURVE ( 'NONE', #7906, #3017, #6104, .T. ) ;
#980 = PLANE ( 'NONE',  #1729 ) ;
#981 = ORIENTED_EDGE ( 'NONE', *, *, #4015, .T. ) ;
#982 = DIRECTION ( 'NONE',  ( -0.000000000000000000, -0.000000000000000000, 1.000000000000000000 ) ) ;
#983 = VERTEX_POINT ( 'NONE', #6064 ) ;
#984 = CARTESIAN_POINT ( 'NONE',  ( -52.38211713789932844, 20.23277201088161803, 1.500000000000000444 ) ) ;
#985 = AXIS2_PLACEMENT_3D ( 'NONE', #6310, #2563, #587 ) ;
#986 = FACE_OUTER_BOUND ( 'NONE', #6351, .T. ) ;
#987 = DIRECTION ( 'NONE',  ( -0.000000000000000000, -0.000000000000000000, 1.000000000000000000 ) ) ;
#988 = DIRECTION ( 'NONE',  ( 1.000000000000000000, 0.000000000000000000, 0.000000000000000000 ) ) ;
#989 = CARTESIAN_POINT ( 'NONE',  ( 38.98211713789931565, 20.78641401289931778, 0.5000000000000004441 ) ) ;
#990 = ADVANCED_FACE ( 'NONE', ( #302 ), #5423, .F. ) ;
#991 = CARTESIAN_POINT ( 'NONE',  ( 9.582117137899304637, 15.48641401289931174, 0.5000000000000004441 ) ) ;
#992 = DIRECTION ( 'NONE',  ( -1.000000000000000000, -6.546126324440781637E-16, 0.000000000000000000 ) ) ;
#993 = ORIENTED_EDGE ( 'NONE', *, *, #3532, .F. ) ;
#994 = CARTESIAN_POINT ( 'NONE',  ( -29.38211713789932844, 20.23277201088161803, 1.500000000000000444 ) ) ;
#995 = ORIENTED_EDGE ( 'NONE', *, *, #5497, .F. ) ;
#996 = LINE ( 'NONE', #1666, #3203 ) ;
#997 = FACE_BOUND ( 'NONE', #4967, .T. ) ;
#998 = PLANE ( 'NONE',  #3546 ) ;
#999 = CARTESIAN_POINT ( 'NONE',  ( -32.41788286210067582, 20.78641401289931778, 0.5000000000000004441 ) ) ;
#1000 = CARTESIAN_POINT ( 'NONE',  ( -83.06788286210067440, 15.48641401289931174, 0.5000000000000004441 ) ) ;
#1001 = VECTOR ( 'NONE', #5277, 1000.000000000000000 ) ;
#1002 = ADVANCED_FACE ( 'NONE', ( #1718 ), #7590, .F. ) ;
#1003 = ORIENTED_EDGE ( 'NONE', *, *, #6484, .T. ) ;
#1004 = FACE_OUTER_BOUND ( 'NONE', #5230, .T. ) ;
#1005 = CARTESIAN_POINT ( 'NONE',  ( 39.25000000000000000, 13.15429687500000355, 4.000000000000000000 ) ) ;
#1006 = VECTOR ( 'NONE', #2050, 1000.000000000000000 ) ;
#1007 = EDGE_CURVE ( 'NONE', #2745, #2757, #2316, .T. ) ;
#1008 = ORIENTED_EDGE ( 'NONE', *, *, #5825, .T. ) ;
#1009 = DIRECTION ( 'NONE',  ( 1.000000000000000000, -0.000000000000000000, 0.000000000000000000 ) ) ;
#1010 = VECTOR ( 'NONE', #7256, 1000.000000000000000 ) ;
#1011 = FACE_OUTER_BOUND ( 'NONE', #626, .T. ) ;
#1012 = VERTEX_POINT ( 'NONE', #4403 ) ;
#1013 = ORIENTED_EDGE ( 'NONE', *, *, #1686, .T. ) ;
#1014 = CARTESIAN_POINT ( 'NONE',  ( -75.99999999999998579, 20.85065487298227183, 2.500000000000000000 ) ) ;
#1015 = ORIENTED_EDGE ( 'NONE', *, *, #2679, .F. ) ;
#1016 = EDGE_CURVE ( 'NONE', #7388, #1972, #5588, .T. ) ;
#1017 = VERTEX_POINT ( 'NONE', #1174 ) ;
#1018 = FACE_OUTER_BOUND ( 'NONE', #5724, .T. ) ;
#1019 = ORIENTED_EDGE ( 'NONE', *, *, #386, .T. ) ;
#1020 = ORIENTED_EDGE ( 'NONE', *, *, #6674, .F. ) ;
#1021 = DIRECTION ( 'NONE',  ( -1.000000000000000000, -0.000000000000000000, -0.000000000000000000 ) ) ;
#1022 = ORIENTED_EDGE ( 'NONE', *, *, #7264, .F. ) ;
#1023 = LINE ( 'NONE', #3622, #2525 ) ;
#1024 = CARTESIAN_POINT ( 'NONE',  ( -37.06788286210068151, 20.78641401289931423, 0.000000000000000000 ) ) ;
#1025 = EDGE_CURVE ( 'NONE', #6045, #7431, #1047, .T. ) ;
#1026 = DIRECTION ( 'NONE',  ( 1.000000000000000000, 0.000000000000000000, 0.000000000000000000 ) ) ;
#1027 = DIRECTION ( 'NONE',  ( -6.938893903907222067E-15, 1.000000000000000000, 0.000000000000000000 ) ) ;
#1028 = CARTESIAN_POINT ( 'NONE',  ( 39.25000000000000000, 13.15429687500000355, 4.000000000000000000 ) ) ;
#1029 = DIRECTION ( 'NONE',  ( 0.000000000000000000, 0.000000000000000000, -1.000000000000000000 ) ) ;
#1030 = DIRECTION ( 'NONE',  ( 0.000000000000000000, -0.000000000000000000, 1.000000000000000000 ) ) ;
#1031 = EDGE_LOOP ( 'NONE', ( #7795, #5758, #6226, #1401, #3255 ) ) ;
#1032 = CARTESIAN_POINT ( 'NONE',  ( 30.18211713789931139, 15.48641401289931174, 0.5000000000000004441 ) ) ;
#1033 = ORIENTED_EDGE ( 'NONE', *, *, #7220, .F. ) ;
#1034 = CARTESIAN_POINT ( 'NONE',  ( -32.41788286210066161, 15.48641401289931174, 0.5000000000000004441 ) ) ;
#1035 = EDGE_CURVE ( 'NONE', #3425, #2571, #4365, .T. ) ;
#1036 = EDGE_CURVE ( 'NONE', #7559, #8337, #1135, .T. ) ;
#1037 = CARTESIAN_POINT ( 'NONE',  ( 0.000000000000000000, 22.90429687500000355, 0.3499999999999999223 ) ) ;
#1038 = CARTESIAN_POINT ( 'NONE',  ( -9.417882862100670494, 13.48641401289931174, 0.5000000000000004441 ) ) ;
#1039 = FACE_OUTER_BOUND ( 'NONE', #7768, .T. ) ;
#1040 = CARTESIAN_POINT ( 'NONE',  ( 32.58211713789929576, 20.78641401289931778, 1.500000000000000444 ) ) ;
#1041 = ORIENTED_EDGE ( 'NONE', *, *, #5849, .T. ) ;
#1042 = CARTESIAN_POINT ( 'NONE',  ( -55.32152486411839476, 13.13641401289931210, 6.000000000000000000 ) ) ;
#1043 = DIRECTION ( 'NONE',  ( -1.000000000000000000, -1.119176436114068839E-16, 0.000000000000000000 ) ) ;
#1044 = VECTOR ( 'NONE', #5570, 1000.000000000000000 ) ;
#1045 = EDGE_LOOP ( 'NONE', ( #5041, #6947, #3930, #3138 ) ) ;
#1046 = EDGE_CURVE ( 'NONE', #5064, #3039, #4278, .T. ) ;
#1047 = LINE ( 'NONE', #2479, #8151 ) ;
#1048 = VECTOR ( 'NONE', #7574, 1000.000000000000000 ) ;
#1049 = PLANE ( 'NONE',  #4825 ) ;
#1050 = VERTEX_POINT ( 'NONE', #462 ) ;
#1051 = ORIENTED_EDGE ( 'NONE', *, *, #7676, .T. ) ;
#1052 = DIRECTION ( 'NONE',  ( -1.000000000000000000, -1.119176436114068839E-16, 0.000000000000000000 ) ) ;
#1053 = ORIENTED_EDGE ( 'NONE', *, *, #5431, .F. ) ;
#1054 = AXIS2_PLACEMENT_3D ( 'NONE', #4662, #5147, #4156 ) ;
#1055 = ORIENTED_EDGE ( 'NONE', *, *, #2703, .F. ) ;
#1056 = ADVANCED_FACE ( 'NONE', ( #4874 ), #1224, .F. ) ;
#1057 = CARTESIAN_POINT ( 'NONE',  ( 0.000000000000000000, 0.000000000000000000, 4.000000000000000000 ) ) ;
#1058 = EDGE_LOOP ( 'NONE', ( #7259, #5439, #2599, #573 ) ) ;
#1059 = VECTOR ( 'NONE', #5322, 1000.000000000000000 ) ;
#1060 = EDGE_LOOP ( 'NONE', ( #2707, #7941, #7878, #6497, #7851, #3985, #8270, #5987 ) ) ;
#1061 = CARTESIAN_POINT ( 'NONE',  ( -31.76788286210068080, 15.50448725967914143, 0.5000000000000004441 ) ) ;
#1062 = ORIENTED_EDGE ( 'NONE', *, *, #1223, .F. ) ;
#1063 = LINE ( 'NONE', #5478, #3591 ) ;
#1064 = DIRECTION ( 'NONE',  ( -0.000000000000000000, -0.000000000000000000, 1.000000000000000000 ) ) ;
#1065 = VECTOR ( 'NONE', #6450, 1000.000000000000000 ) ;
#1066 = VECTOR ( 'NONE', #202, 1000.000000000000000 ) ;
#1067 = DIRECTION ( 'NONE',  ( -0.000000000000000000, -0.000000000000000000, 1.000000000000000000 ) ) ;
#1068 = FACE_OUTER_BOUND ( 'NONE', #6213, .T. ) ;
#1069 = CARTESIAN_POINT ( 'NONE',  ( 39.25000000000000000, 22.40429687500000355, 2.500000000000000444 ) ) ;
#1070 = LINE ( 'NONE', #1115, #4709 ) ;
#1071 = EDGE_CURVE ( 'NONE', #1146, #4413, #7464, .T. ) ;
#1072 = EDGE_CURVE ( 'NONE', #7630, #6574, #3776, .T. ) ;
#1073 = CARTESIAN_POINT ( 'NONE',  ( 36.67847513588156971, 23.17217973710070567, 1.500000000000000444 ) ) ;
#1074 = ORIENTED_EDGE ( 'NONE', *, *, #7112, .F. ) ;
#1075 = AXIS2_PLACEMENT_3D ( 'NONE', #4652, #200, #284 ) ;
#1076 = DIRECTION ( 'NONE',  ( 0.000000000000000000, -0.7071067811865465735, 0.7071067811865483499 ) ) ;
#1077 = VECTOR ( 'NONE', #6678, 1000.000000000000000 ) ;
#1078 = EDGE_LOOP ( 'NONE', ( #1521, #2502, #1744, #4176 ) ) ;
#1079 = CARTESIAN_POINT ( 'NONE',  ( -6.382117137899323112, 16.07582173911838197, 1.500000000000000444 ) ) ;
#1080 = DIRECTION ( 'NONE',  ( -0.7071067811865475727, -0.7071067811865475727, 0.000000000000000000 ) ) ;
#1081 = VECTOR ( 'NONE', #4636, 1000.000000000000000 ) ;
#1082 = DIRECTION ( 'NONE',  ( 1.000000000000000000, -0.000000000000000000, 0.000000000000000000 ) ) ;
#1083 = CARTESIAN_POINT ( 'NONE',  ( 13.58211713789933484, 15.48641401289931174, 1.500000000000000444 ) ) ;
#1084 = VECTOR ( 'NONE', #7227, 1000.000000000000000 ) ;
#1085 = DIRECTION ( 'NONE',  ( -1.000000000000000000, 0.000000000000000000, 0.000000000000000000 ) ) ;
#1086 = ADVANCED_FACE ( 'NONE', ( #5044 ), #4236, .F. ) ;
#1087 = ORIENTED_EDGE ( 'NONE', *, *, #7393, .T. ) ;
#1088 = PLANE ( 'NONE',  #8099 ) ;
#1089 = CARTESIAN_POINT ( 'NONE',  ( 45.84999999999998721, 10.65429687500000355, 5.000000000000000000 ) ) ;
#1090 = VECTOR ( 'NONE', #5894, 1000.000000000000000 ) ;
#1091 = VERTEX_POINT ( 'NONE', #3102 ) ;
#1092 = DIRECTION ( 'NONE',  ( -6.938893903907222067E-15, 1.000000000000000000, 0.000000000000000000 ) ) ;
#1093 = CARTESIAN_POINT ( 'NONE',  ( 114.9999999999999716, 20.78641401289936752, 0.000000000000000000 ) ) ;
#1094 = EDGE_CURVE ( 'NONE', #5749, #141, #376, .T. ) ;
#1095 = FACE_OUTER_BOUND ( 'NONE', #3812, .T. ) ;
#1096 = ORIENTED_EDGE ( 'NONE', *, *, #478, .T. ) ;
#1097 = ORIENTED_EDGE ( 'NONE', *, *, #413, .F. ) ;
#1098 = CARTESIAN_POINT ( 'NONE',  ( -83.06788286210067440, 20.80448725967914925, 1.500000000000000444 ) ) ;
#1099 = VERTEX_POINT ( 'NONE', #501 ) ;
#1100 = EDGE_CURVE ( 'NONE', #7682, #5944, #5632, .T. ) ;
#1101 = ADVANCED_FACE ( 'NONE', ( #7632 ), #5677, .F. ) ;
#1102 = ORIENTED_EDGE ( 'NONE', *, *, #4941, .T. ) ;
#1103 = CARTESIAN_POINT ( 'NONE',  ( 39.25000000000000000, 13.15429687500000355, 6.000000000000000000 ) ) ;
#1104 = ORIENTED_EDGE ( 'NONE', *, *, #7607, .F. ) ;
#1105 = ORIENTED_EDGE ( 'NONE', *, *, #1714, .T. ) ;
#1106 = CARTESIAN_POINT ( 'NONE',  ( -91.75000000000001421, 20.85065487298227183, 4.000000000000000000 ) ) ;
#1107 = ORIENTED_EDGE ( 'NONE', *, *, #3270, .F. ) ;
#1108 = LINE ( 'NONE', #7055, #5622 ) ;
#1109 = EDGE_CURVE ( 'NONE', #1991, #459, #423, .T. ) ;
#1110 = CARTESIAN_POINT ( 'NONE',  ( 32.50364200201764930, 23.15429687500000000, 6.000000000000000000 ) ) ;
#1111 = DIRECTION ( 'NONE',  ( -0.000000000000000000, -1.000000000000000000, -0.000000000000000000 ) ) ;
#1112 = VECTOR ( 'NONE', #6477, 1000.000000000000000 ) ;
#1113 = DIRECTION ( 'NONE',  ( 0.000000000000000000, 1.000000000000000000, 0.000000000000000000 ) ) ;
#1114 = FACE_OUTER_BOUND ( 'NONE', #3531, .T. ) ;
#1115 = CARTESIAN_POINT ( 'NONE',  ( 16.61788286210066801, 20.23277201088161803, 6.000000000000000000 ) ) ;
#1116 = DIRECTION ( 'NONE',  ( 0.000000000000000000, 0.000000000000000000, 1.000000000000000000 ) ) ;
#1117 = ORIENTED_EDGE ( 'NONE', *, *, #6575, .F. ) ;
#1118 = CARTESIAN_POINT ( 'NONE',  ( -36.47847513588163793, 23.17217973710070567, 2.500000000000000444 ) ) ;
#1119 = ORIENTED_EDGE ( 'NONE', *, *, #3308, .F. ) ;
#1120 = LINE ( 'NONE', #7452, #3602 ) ;
#1121 = EDGE_CURVE ( 'NONE', #6058, #3328, #8142, .T. ) ;
#1122 = AXIS2_PLACEMENT_3D ( 'NONE', #4721, #2391, #893 ) ;
#1123 = CARTESIAN_POINT ( 'NONE',  ( -36.41788286210069714, 15.48641401289931174, 0.5000000000000004441 ) ) ;
#1124 = CARTESIAN_POINT ( 'NONE',  ( -8.767882862100673691, 0.000000000000000000, 0.000000000000000000 ) ) ;
#1125 = DIRECTION ( 'NONE',  ( 0.7071067811865474617, -0.7071067811865474617, 0.000000000000000000 ) ) ;
#1126 = LINE ( 'NONE', #2384, #2030 ) ;
#1127 = ORIENTED_EDGE ( 'NONE', *, *, #5995, .F. ) ;
#1128 = LINE ( 'NONE', #3097, #7834 ) ;
#1129 = CARTESIAN_POINT ( 'NONE',  ( -84.81788286210067440, 20.80448725967914925, 0.5000000000000004441 ) ) ;
#1130 = CC_DESIGN_PERSON_AND_ORGANIZATION_ASSIGNMENT ( #1243, #1283, ( #3699 ) ) ;
#1131 = EDGE_CURVE ( 'NONE', #2757, #2735, #3650, .T. ) ;
#1132 = ORIENTED_EDGE ( 'NONE', *, *, #384, .F. ) ;
#1133 = CARTESIAN_POINT ( 'NONE',  ( 114.9999999999999858, 0.000000000000000000, 0.5000000000000004441 ) ) ;
#1134 = AXIS2_PLACEMENT_3D ( 'NONE', #5148, #7737, #736 ) ;
#1135 = LINE ( 'NONE', #3055, #1953 ) ;
#1136 = PLANE ( 'NONE',  #4417 ) ;
#1137 = VECTOR ( 'NONE', #7661, 1000.000000000000000 ) ;
#1138 = ORIENTED_EDGE ( 'NONE', *, *, #5953, .F. ) ;
#1139 = EDGE_LOOP ( 'NONE', ( #7000, #1820, #4050, #6314 ) ) ;
#1140 = CARTESIAN_POINT ( 'NONE',  ( -52.38211713789932844, 20.23277201088161803, 4.000000000000000000 ) ) ;
#1141 = ORIENTED_EDGE ( 'NONE', *, *, #3277, .F. ) ;
#1142 = EDGE_CURVE ( 'NONE', #4284, #6999, #5717, .T. ) ;
#1143 = AXIS2_PLACEMENT_3D ( 'NONE', #1517, #3522, #4080 ) ;
#1144 = ORIENTED_EDGE ( 'NONE', *, *, #3604, .F. ) ;
#1145 = CARTESIAN_POINT ( 'NONE',  ( -83.06788286210067440, 15.48641401289931174, -2.999999999999999112 ) ) ;
#1146 = VERTEX_POINT ( 'NONE', #590 ) ;
#1147 = EDGE_LOOP ( 'NONE', ( #2625, #4169, #3228, #2 ) ) ;
#1148 = DIRECTION ( 'NONE',  ( 0.7071067811865474617, -0.7071067811865474617, 0.000000000000000000 ) ) ;
#1149 = ORIENTED_EDGE ( 'NONE', *, *, #4627, .F. ) ;
#1150 = DIRECTION ( 'NONE',  ( 0.000000000000000000, 1.000000000000000000, 0.000000000000000000 ) ) ;
#1151 = DIRECTION ( 'NONE',  ( -1.000000000000000000, -0.000000000000000000, -0.000000000000000000 ) ) ;
#1152 = CARTESIAN_POINT ( 'NONE',  ( -83.06788286210067440, 20.78641401289931423, -2.999999999999999112 ) ) ;
#1153 = FACE_OUTER_BOUND ( 'NONE', #3655, .T. ) ;
#1154 = DIRECTION ( 'NONE',  ( -1.000000000000000000, -6.546126324440781637E-16, 0.000000000000000000 ) ) ;
#1155 = EDGE_CURVE ( 'NONE', #2509, #3285, #2516, .T. ) ;
#1156 = CARTESIAN_POINT ( 'NONE',  ( 46.25000000000000000, 13.90429687500000355, 6.000000000000000000 ) ) ;
#1157 = CARTESIAN_POINT ( 'NONE',  ( 8.932117137899320269, 15.48641401289931174, 0.5000000000000004441 ) ) ;
#1158 = ORIENTED_EDGE ( 'NONE', *, *, #7423, .F. ) ;
#1159 = EDGE_CURVE ( 'NONE', #6999, #1872, #7674, .T. ) ;
#1160 = LINE ( 'NONE', #8208, #6435 ) ;
#1161 = ORIENTED_EDGE ( 'NONE', *, *, #6922, .T. ) ;
#1162 = CARTESIAN_POINT ( 'NONE',  ( 39.25000000000000000, 23.15429687500000000, 4.000000000000000000 ) ) ;
#1163 = CARTESIAN_POINT ( 'NONE',  ( 39.25000000000000000, 23.15429687500000000, 4.000000000000000000 ) ) ;
#1164 = DIRECTION ( 'NONE',  ( -1.000000000000000000, -6.546126324440781637E-16, 0.000000000000000000 ) ) ;
#1165 = CARTESIAN_POINT ( 'NONE',  ( -39.41788286210071135, 16.07582173911837486, 6.000000000000000000 ) ) ;
#1166 = CARTESIAN_POINT ( 'NONE',  ( -91.75000000000001421, 25.65429687500000355, 0.3999999999999837019 ) ) ;
#1167 = ORIENTED_EDGE ( 'NONE', *, *, #2038, .T. ) ;
#1168 = EDGE_CURVE ( 'NONE', #7130, #7967, #4810, .T. ) ;
#1169 = ORIENTED_EDGE ( 'NONE', *, *, #3642, .F. ) ;
#1170 = CARTESIAN_POINT ( 'NONE',  ( -32.30364200201769620, 23.15429687499998934, 6.000000000000000000 ) ) ;
#1171 = DIRECTION ( 'NONE',  ( 1.000000000000000000, -0.000000000000000000, -0.000000000000000000 ) ) ;
#1172 = ORIENTED_EDGE ( 'NONE', *, *, #4180, .F. ) ;
#1173 = DIRECTION ( 'NONE',  ( 1.000000000000000000, 0.000000000000000000, 0.000000000000000000 ) ) ;
#1174 = CARTESIAN_POINT ( 'NONE',  ( -91.75000000000000000, 11.65429687500000355, 6.000000000000000000 ) ) ;
#1175 = EDGE_CURVE ( 'NONE', #6444, #6270, #4100, .T. ) ;
#1176 = VERTEX_POINT ( 'NONE', #5444 ) ;
#1177 = EDGE_CURVE ( 'NONE', #3802, #305, #4181, .T. ) ;
#1178 = VECTOR ( 'NONE', #2496, 1000.000000000000000 ) ;
#1179 = ORIENTED_EDGE ( 'NONE', *, *, #1337, .F. ) ;
#1180 = LINE ( 'NONE', #1229, #2830 ) ;
#1181 = ORIENTED_EDGE ( 'NONE', *, *, #4941, .F. ) ;
#1182 = ORIENTED_EDGE ( 'NONE', *, *, #3064, .T. ) ;
#1183 = VECTOR ( 'NONE', #4851, 1000.000000000000000 ) ;
#1184 = CARTESIAN_POINT ( 'NONE',  ( -85.41788286210071135, 16.07582173911837486, 4.000000000000000000 ) ) ;
#1185 = EDGE_CURVE ( 'NONE', #2036, #4284, #5527, .T. ) ;
#1186 = ORIENTED_EDGE ( 'NONE', *, *, #3932, .T. ) ;
#1187 = EDGE_LOOP ( 'NONE', ( #4562, #4411, #5185, #6551 ) ) ;
#1188 = CARTESIAN_POINT ( 'NONE',  ( 39.25000000000000711, 0.000000000000000000, 1.500000000000000444 ) ) ;
#1189 = ORIENTED_EDGE ( 'NONE', *, *, #7557, .T. ) ;
#1190 = DIRECTION ( 'NONE',  ( -1.000000000000000000, -0.000000000000000000, -0.000000000000000000 ) ) ;
#1191 = AXIS2_PLACEMENT_3D ( 'NONE', #1005, #6821, #2895 ) ;
#1192 = CARTESIAN_POINT ( 'NONE',  ( -9.303642002017701529, 13.15429687499999645, 1.500000000000000444 ) ) ;
#1193 = FACE_OUTER_BOUND ( 'NONE', #2328, .T. ) ;
#1194 = VECTOR ( 'NONE', #1834, 1000.000000000000000 ) ;
#1195 = PERSON_AND_ORGANIZATION ( #860, #5392 ) ;
#1196 = PLANE ( 'NONE',  #3493 ) ;
#1197 = ORIENTED_EDGE ( 'NONE', *, *, #1131, .F. ) ;
#1198 = DIRECTION ( 'NONE',  ( -1.000000000000000000, -0.000000000000000000, -0.000000000000000000 ) ) ;
#1199 = EDGE_LOOP ( 'NONE', ( #8260, #92, #2920, #3572, #4785 ) ) ;
#1200 = CARTESIAN_POINT ( 'NONE',  ( 13.67847513588160702, 13.13641401289931210, 6.000000000000000000 ) ) ;
#1201 = ORIENTED_EDGE ( 'NONE', *, *, #1775, .T. ) ;
#1202 = LINE ( 'NONE', #3845, #934 ) ;
#1203 = AXIS2_PLACEMENT_3D ( 'NONE', #6430, #1720, #4325 ) ;
#1204 = AXIS2_PLACEMENT_3D ( 'NONE', #4736, #3426, #240 ) ;
#1205 = EDGE_CURVE ( 'NONE', #4355, #4448, #7358, .T. ) ;
#1206 = EDGE_CURVE ( 'NONE', #5144, #7439, #2173, .T. ) ;
#1207 = CARTESIAN_POINT ( 'NONE',  ( 0.000000000000000000, 0.000000000000000000, 0.000000000000000000 ) ) ;
#1208 = EDGE_CURVE ( 'NONE', #4502, #4053, #1658, .T. ) ;
#1209 = DIRECTION ( 'NONE',  ( -0.7071067811865479058, -0.7071067811865471286, 0.000000000000000000 ) ) ;
#1210 = CARTESIAN_POINT ( 'NONE',  ( -13.41788286210068826, 22.78641401289931778, 0.5000000000000004441 ) ) ;
#1211 = VECTOR ( 'NONE', #6633, 1000.000000000000000 ) ;
#1212 = CARTESIAN_POINT ( 'NONE',  ( 36.67847513588159813, 13.13641401289931210, 6.000000000000000000 ) ) ;
#1213 = VECTOR ( 'NONE', #4777, 1000.000000000000000 ) ;
#1214 = ORIENTED_EDGE ( 'NONE', *, *, #923, .F. ) ;
#1215 = ORIENTED_EDGE ( 'NONE', *, *, #8303, .T. ) ;
#1216 = DIRECTION ( 'NONE',  ( -0.7071067811865466846, -0.7071067811865483499, 0.000000000000000000 ) ) ;
#1217 = CARTESIAN_POINT ( 'NONE',  ( 13.69635799798228248, 23.15429687500000000, 6.000000000000000000 ) ) ;
#1218 = AXIS2_PLACEMENT_3D ( 'NONE', #345, #4918, #7506 ) ;
#1219 = AXIS2_PLACEMENT_3D ( 'NONE', #3683, #494, #1672 ) ;
#1220 = EDGE_CURVE ( 'NONE', #8271, #3991, #7923, .T. ) ;
#1221 = ORIENTED_EDGE ( 'NONE', *, *, #6653, .T. ) ;
#1222 = PLANE ( 'NONE',  #985 ) ;
#1223 = EDGE_CURVE ( 'NONE', #6758, #1831, #948, .T. ) ;
#1224 = PLANE ( 'NONE',  #2090 ) ;
#1225 = LINE ( 'NONE', #4587, #3346 ) ;
#1226 = VECTOR ( 'NONE', #5419, 1000.000000000000000 ) ;
#1227 = ORIENTED_EDGE ( 'NONE', *, *, #6997, .F. ) ;
#1228 = ORIENTED_EDGE ( 'NONE', *, *, #184, .F. ) ;
#1229 = CARTESIAN_POINT ( 'NONE',  ( -82.41788286210069714, 20.78641401289931778, 0.5000000000000004441 ) ) ;
#1230 = ORIENTED_EDGE ( 'NONE', *, *, #972, .F. ) ;
#1231 = ORIENTED_EDGE ( 'NONE', *, *, #3739, .F. ) ;
#1232 = CARTESIAN_POINT ( 'NONE',  ( -60.06788286210068151, 15.48641401289931174, -2.999999999999999112 ) ) ;
#1233 = DIRECTION ( 'NONE',  ( 1.000000000000000000, -1.734723475976806709E-18, -0.000000000000000000 ) ) ;
#1234 = ORIENTED_EDGE ( 'NONE', *, *, #6405, .T. ) ;
#1235 = EDGE_LOOP ( 'NONE', ( #70, #7693, #5331, #4478 ) ) ;
#1236 = DIRECTION ( 'NONE',  ( 0.000000000000000000, -1.000000000000000000, 0.000000000000000000 ) ) ;
#1237 = EDGE_LOOP ( 'NONE', ( #1384, #637, #5649, #346 ) ) ;
#1238 = DIRECTION ( 'NONE',  ( 0.000000000000000000, 0.000000000000000000, -1.000000000000000000 ) ) ;
#1239 = EDGE_CURVE ( 'NONE', #1176, #2161, #8118, .T. ) ;
#1240 = EDGE_CURVE ( 'NONE', #2073, #5892, #2248, .T. ) ;
#1241 = PLANE ( 'NONE',  #8012 ) ;
#1242 = CARTESIAN_POINT ( 'NONE',  ( -59.41788286210069714, 15.48641401289931174, 0.5000000000000004441 ) ) ;
#1243 = PERSON_AND_ORGANIZATION ( #860, #5392 ) ;
#1244 = CARTESIAN_POINT ( 'NONE',  ( -13.47847513588164325, 13.13641401289931210, 1.500000000000000444 ) ) ;
#1245 = ORIENTED_EDGE ( 'NONE', *, *, #3076, .T. ) ;
#1246 = CARTESIAN_POINT ( 'NONE',  ( -77.76788286210067724, 15.50448725967914143, 0.5000000000000004441 ) ) ;
#1247 = VERTEX_POINT ( 'NONE', #2875 ) ;
#1248 = DIRECTION ( 'NONE',  ( -0.7071067811865479058, 0.7071067811865471286, 1.137307002876294326E-16 ) ) ;
#1249 = ORIENTED_EDGE ( 'NONE', *, *, #6818, .T. ) ;
#1250 = DIRECTION ( 'NONE',  ( 0.7071067811865466846, 0.7071067811865483499, 0.000000000000000000 ) ) ;
#1251 = EDGE_CURVE ( 'NONE', #4235, #8112, #4893, .T. ) ;
#1252 = CARTESIAN_POINT ( 'NONE',  ( -75.38211713789932844, 16.07582173911838197, 1.500000000000000444 ) ) ;
#1253 = CARTESIAN_POINT ( 'NONE',  ( -14.06788286210067263, 15.48641401289931174, 0.5000000000000004441 ) ) ;
#1254 = PLANE ( 'NONE',  #7473 ) ;
#1255 = LINE ( 'NONE', #7116, #2817 ) ;
#1256 = VERTEX_POINT ( 'NONE', #278 ) ;
#1257 = EDGE_LOOP ( 'NONE', ( #540, #6317, #6873, #325, #935, #5991, #3853, #6200 ) ) ;
#1258 = CARTESIAN_POINT ( 'NONE',  ( 39.25000000000000000, 13.15429687500000355, 6.000000000000000000 ) ) ;
#1259 = DIRECTION ( 'NONE',  ( 0.000000000000000000, -1.000000000000000000, 0.000000000000000000 ) ) ;
#1260 = VECTOR ( 'NONE', #1634, 1000.000000000000000 ) ;
#1261 = ORIENTED_EDGE ( 'NONE', *, *, #2812, .T. ) ;
#1262 = DIRECTION ( 'NONE',  ( 1.000000000000000000, -1.734723475976806709E-18, -0.000000000000000000 ) ) ;
#1263 = DIRECTION ( 'NONE',  ( -0.000000000000000000, -0.000000000000000000, 1.000000000000000000 ) ) ;
#1264 = LINE ( 'NONE', #1305, #6453 ) ;
#1265 = EDGE_CURVE ( 'NONE', #733, #3023, #4730, .T. ) ;
#1266 = ORIENTED_EDGE ( 'NONE', *, *, #6812, .T. ) ;
#1267 = ORIENTED_EDGE ( 'NONE', *, *, #3496, .F. ) ;
#1268 = DIRECTION ( 'NONE',  ( -0.000000000000000000, -0.000000000000000000, 1.000000000000000000 ) ) ;
#1269 = VERTEX_POINT ( 'NONE', #2913 ) ;
#1270 = EDGE_LOOP ( 'NONE', ( #8187, #3601, #7772, #2187, #5517, #8207, #6875, #5769 ) ) ;
#1271 = LINE ( 'NONE', #7856, #7745 ) ;
#1272 = AXIS2_PLACEMENT_3D ( 'NONE', #6344, #3767, #3092 ) ;
#1273 = FACE_OUTER_BOUND ( 'NONE', #2896, .T. ) ;
#1274 = ORIENTED_EDGE ( 'NONE', *, *, #2620, .F. ) ;
#1275 = ORIENTED_EDGE ( 'NONE', *, *, #100, .T. ) ;
#1276 = CARTESIAN_POINT ( 'NONE',  ( -38.80000000000005400, 15.45793887701772285, 1.500000000000000444 ) ) ;
#1277 = ORIENTED_EDGE ( 'NONE', *, *, #4773, .T. ) ;
#1278 = EDGE_CURVE ( 'NONE', #6625, #7439, #4216, .T. ) ;
#1279 = LINE ( 'NONE', #1781, #4948 ) ;
#1280 = VECTOR ( 'NONE', #4853, 1000.000000000000000 ) ;
#1281 = CARTESIAN_POINT ( 'NONE',  ( 39.25000000000000000, 23.15429687500000000, 4.000000000000000000 ) ) ;
#1282 = DIRECTION ( 'NONE',  ( 0.000000000000000000, -0.000000000000000000, 1.000000000000000000 ) ) ;
#1283 = PERSON_AND_ORGANIZATION_ROLE ( 'creator' ) ;
#1284 = DIRECTION ( 'NONE',  ( -0.000000000000000000, -0.000000000000000000, 1.000000000000000000 ) ) ;
#1285 = ORIENTED_EDGE ( 'NONE', *, *, #7591, .T. ) ;
#1286 = CARTESIAN_POINT ( 'NONE',  ( -60.06788286210068151, 20.78641401289931423, 0.000000000000000000 ) ) ;
#1287 = ORIENTED_EDGE ( 'NONE', *, *, #5704, .T. ) ;
#1288 = PLANE ( 'NONE',  #7123 ) ;
#1289 = EDGE_CURVE ( 'NONE', #499, #4862, #6122, .T. ) ;
#1290 = EDGE_CURVE ( 'NONE', #4927, #3302, #7482, .T. ) ;
#1291 = ORIENTED_EDGE ( 'NONE', *, *, #5262, .T. ) ;
#1292 = PLANE ( 'NONE',  #8212 ) ;
#1293 = CARTESIAN_POINT ( 'NONE',  ( -91.75000000000001421, 25.65429687500000355, 6.000000000000000000 ) ) ;
#1294 = LINE ( 'NONE', #577, #5848 ) ;
#1295 = DIRECTION ( 'NONE',  ( 0.000000000000000000, -0.000000000000000000, 1.000000000000000000 ) ) ;
#1296 = PLANE ( 'NONE',  #2293 ) ;
#1297 = CARTESIAN_POINT ( 'NONE',  ( 31.93211713789931139, 20.80448725967914925, 1.500000000000000444 ) ) ;
#1298 = ORIENTED_EDGE ( 'NONE', *, *, #3791, .F. ) ;
#1299 = EDGE_CURVE ( 'NONE', #7639, #2742, #2210, .T. ) ;
#1300 = ORIENTED_EDGE ( 'NONE', *, *, #3408, .T. ) ;
#1301 = LINE ( 'NONE', #5884, #7294 ) ;
#1302 = CARTESIAN_POINT ( 'NONE',  ( -78.32152486411841608, 23.17217973710070567, 1.500000000000000444 ) ) ;
#1303 = ORIENTED_EDGE ( 'NONE', *, *, #7335, .T. ) ;
#1304 = CARTESIAN_POINT ( 'NONE',  ( -61.80000000000006821, 20.85065487298227183, 1.500000000000000444 ) ) ;
#1305 = CARTESIAN_POINT ( 'NONE',  ( 32.52152486411835497, 23.17217973710070567, 1.500000000000000444 ) ) ;
#1306 = ORIENTED_EDGE ( 'NONE', *, *, #5779, .T. ) ;
#1307 = EDGE_LOOP ( 'NONE', ( #382, #465, #5690, #8061, #4937, #6835, #7652, #1977, #6542, #7642, #7035, #2656, #1515, #3574, #285, #6752 ) ) ;
#1308 = CARTESIAN_POINT ( 'NONE',  ( 36.67847513588159813, 13.13641401289931210, 1.500000000000000444 ) ) ;
#1309 = ORIENTED_EDGE ( 'NONE', *, *, #2750, .T. ) ;
#1310 = EDGE_CURVE ( 'NONE', #7135, #2805, #3580, .T. ) ;
#1311 = ORIENTED_EDGE ( 'NONE', *, *, #7605, .F. ) ;
#1312 = CARTESIAN_POINT ( 'NONE',  ( -9.417882862100670494, 20.78641401289931778, 0.5000000000000004441 ) ) ;
#1313 = EDGE_CURVE ( 'NONE', #3653, #538, #397, .T. ) ;
#1314 = CARTESIAN_POINT ( 'NONE',  ( 13.58211713789930819, 22.78641401289931778, 0.5000000000000004441 ) ) ;
#1315 = ORIENTED_EDGE ( 'NONE', *, *, #6514, .T. ) ;
#1316 = ORIENTED_EDGE ( 'NONE', *, *, #4843, .F. ) ;
#1317 = FACE_OUTER_BOUND ( 'NONE', #1078, .T. ) ;
#1318 = CARTESIAN_POINT ( 'NONE',  ( -37.06788286210068151, 20.80448725967914925, 1.500000000000000444 ) ) ;
#1319 = VECTOR ( 'NONE', #4981, 1000.000000000000000 ) ;
#1320 = CARTESIAN_POINT ( 'NONE',  ( -54.76788286210067724, 20.78641401289931778, 0.000000000000000000 ) ) ;
#1321 = ADVANCED_FACE ( 'NONE', ( #6001 ), #519, .F. ) ;
#1322 = LINE ( 'NONE', #5823, #5609 ) ;
#1323 = DIRECTION ( 'NONE',  ( 0.000000000000000000, -0.000000000000000000, 1.000000000000000000 ) ) ;
#1324 = ORIENTED_EDGE ( 'NONE', *, *, #7359, .F. ) ;
#1325 = VECTOR ( 'NONE', #1248, 1000.000000000000000 ) ;
#1326 = CARTESIAN_POINT ( 'NONE',  ( 37.23211713789930855, 15.50448725967914143, 1.500000000000000444 ) ) ;
#1327 = VERTEX_POINT ( 'NONE', #1914 ) ;
#1328 = ORIENTED_EDGE ( 'NONE', *, *, #3512, .F. ) ;
#1329 = DIRECTION ( 'NONE',  ( -0.000000000000000000, -1.000000000000000000, -0.000000000000000000 ) ) ;
#1330 = VERTEX_POINT ( 'NONE', #566 ) ;
#1331 = CARTESIAN_POINT ( 'NONE',  ( -36.41788286210069714, 20.78641401289931778, 0.5000000000000004441 ) ) ;
#1332 = VECTOR ( 'NONE', #6060, 1000.000000000000000 ) ;
#1333 = CARTESIAN_POINT ( 'NONE',  ( 38.98211713789931565, 20.78641401289931778, 0.5000000000000004441 ) ) ;
#1334 = DIRECTION ( 'NONE',  ( -0.7071067811865471286, 0.7071067811865479058, 0.000000000000000000 ) ) ;
#1335 = CARTESIAN_POINT ( 'NONE',  ( -59.47847513588163793, 23.17217973710070567, 6.000000000000000000 ) ) ;
#1336 = ADVANCED_FACE ( 'NONE', ( #4427 ), #8287, .F. ) ;
#1337 = EDGE_CURVE ( 'NONE', #7437, #5896, #3626, .T. ) ;
#1338 = FACE_OUTER_BOUND ( 'NONE', #1989, .T. ) ;
#1339 = LINE ( 'NONE', #3941, #4023 ) ;
#1340 = ORIENTED_EDGE ( 'NONE', *, *, #2069, .F. ) ;
#1341 = AXIS2_PLACEMENT_3D ( 'NONE', #4140, #6164, #6894 ) ;
#1342 = VECTOR ( 'NONE', #2258, 1000.000000000000000 ) ;
#1343 = ORIENTED_EDGE ( 'NONE', *, *, #3336, .F. ) ;
#1344 = CARTESIAN_POINT ( 'NONE',  ( -16.41788286210070424, 16.07582173911837486, 4.000000000000000000 ) ) ;
#1345 = LINE ( 'NONE', #1975, #7659 ) ;
#1346 = VECTOR ( 'NONE', #2153, 1000.000000000000000 ) ;
#1347 = ORIENTED_EDGE ( 'NONE', *, *, #469, .T. ) ;
#1348 = LINE ( 'NONE', #5132, #2602 ) ;
#1349 = EDGE_CURVE ( 'NONE', #4084, #3589, #2495, .T. ) ;
#1350 = VECTOR ( 'NONE', #1938, 1000.000000000000000 ) ;
#1351 = CARTESIAN_POINT ( 'NONE',  ( 13.58211713789932240, 13.48641401289931174, 1.500000000000000444 ) ) ;
#1352 = ORIENTED_EDGE ( 'NONE', *, *, #2998, .F. ) ;
#1353 = ORIENTED_EDGE ( 'NONE', *, *, #2333, .T. ) ;
#1354 = PLANE ( 'NONE',  #5933 ) ;
#1355 = VECTOR ( 'NONE', #5317, 1000.000000000000000 ) ;
#1356 = ORIENTED_EDGE ( 'NONE', *, *, #7264, .T. ) ;
#1357 = AXIS2_PLACEMENT_3D ( 'NONE', #8259, #5035, #7663 ) ;
#1358 = ORIENTED_EDGE ( 'NONE', *, *, #2658, .T. ) ;
#1359 = EDGE_CURVE ( 'NONE', #227, #7419, #2995, .T. ) ;
#1360 = PLANE ( 'NONE',  #4090 ) ;
#1361 = VECTOR ( 'NONE', #7939, 1000.000000000000000 ) ;
#1362 = VECTOR ( 'NONE', #6764, 1000.000000000000000 ) ;
#1363 = LINE ( 'NONE', #2034, #530 ) ;
#1364 = ORIENTED_EDGE ( 'NONE', *, *, #3429, .T. ) ;
#1365 = ORIENTED_EDGE ( 'NONE', *, *, #4885, .T. ) ;
#1366 = CARTESIAN_POINT ( 'NONE',  ( -15.81788286210067440, 20.80448725967914925, 0.5000000000000004441 ) ) ;
#1367 = VECTOR ( 'NONE', #1593, 1000.000000000000000 ) ;
#1368 = LINE ( 'NONE', #3200, #4492 ) ;
#1369 = CARTESIAN_POINT ( 'NONE',  ( 31.93211713789931139, 15.48641401289931174, -2.999999999999999112 ) ) ;
#1370 = VERTEX_POINT ( 'NONE', #2534 ) ;
#1371 = CARTESIAN_POINT ( 'NONE',  ( -60.06788286210068151, 20.80448725967914925, 0.5000000000000004441 ) ) ;
#1372 = VERTEX_POINT ( 'NONE', #5694 ) ;
#1373 = ORIENTED_EDGE ( 'NONE', *, *, #111, .T. ) ;
#1374 = LINE ( 'NONE', #192, #5891 ) ;
#1375 = DIRECTION ( 'NONE',  ( 1.000000000000000000, 4.336808689941999001E-16, 0.000000000000000000 ) ) ;
#1376 = EDGE_CURVE ( 'NONE', #2243, #474, #3710, .T. ) ;
#1377 = CARTESIAN_POINT ( 'NONE',  ( 37.23211713789930855, 15.50448725967914143, 1.500000000000000444 ) ) ;
#1378 = CARTESIAN_POINT ( 'NONE',  ( 39.24999999999999289, 15.45793887701772285, 3.999999999999999112 ) ) ;
#1379 = DIRECTION ( 'NONE',  ( 6.542051911182400267E-16, -0.7071067811865479058, -0.7071067811865472397 ) ) ;
#1380 = CARTESIAN_POINT ( 'NONE',  ( 38.98211713789931565, 20.78641401289931778, 1.500000000000000444 ) ) ;
#1381 = CARTESIAN_POINT ( 'NONE',  ( -77.76788286210067724, 15.50448725967914143, 1.500000000000000444 ) ) ;
#1382 = ORIENTED_EDGE ( 'NONE', *, *, #7326, .T. ) ;
#1383 = CARTESIAN_POINT ( 'NONE',  ( -62.41788286210071135, 20.23277201088163224, 1.500000000000000444 ) ) ;
#1384 = ORIENTED_EDGE ( 'NONE', *, *, #3954, .F. ) ;
#1385 = CARTESIAN_POINT ( 'NONE',  ( 29.58211713789928154, 16.07582173911837486, 4.000000000000000000 ) ) ;
#1386 = CARTESIAN_POINT ( 'NONE',  ( -36.47847513588163793, 23.17217973710070567, 6.000000000000000000 ) ) ;
#1387 = EDGE_CURVE ( 'NONE', #2770, #7657, #8247, .T. ) ;
#1388 = ORIENTED_EDGE ( 'NONE', *, *, #5954, .T. ) ;
#1389 = LINE ( 'NONE', #6530, #7999 ) ;
#1390 = FACE_OUTER_BOUND ( 'NONE', #5453, .T. ) ;
#1391 = EDGE_CURVE ( 'NONE', #6809, #87, #5060, .T. ) ;
#1392 = VECTOR ( 'NONE', #5568, 1000.000000000000000 ) ;
#1393 = ORIENTED_EDGE ( 'NONE', *, *, #2207, .F. ) ;
#1394 = LINE ( 'NONE', #3396, #4844 ) ;
#1395 = ORIENTED_EDGE ( 'NONE', *, *, #1239, .T. ) ;
#1396 = ADVANCED_FACE ( 'NONE', ( #2371 ), #1241, .F. ) ;
#1397 = VERTEX_POINT ( 'NONE', #3078 ) ;
#1398 = AXIS2_PLACEMENT_3D ( 'NONE', #245, #2724, #5299 ) ;
#1399 = CYLINDRICAL_SURFACE ( 'NONE', #5981, 0.2500000000000000000 ) ;
#1400 = FACE_OUTER_BOUND ( 'NONE', #3577, .T. ) ;
#1401 = ORIENTED_EDGE ( 'NONE', *, *, #1464, .T. ) ;
#1402 = EDGE_LOOP ( 'NONE', ( #5710, #1840, #6918, #6407 ) ) ;
#1403 = LINE ( 'NONE', #7142, #6321 ) ;
#1404 = EDGE_CURVE ( 'NONE', #2443, #5670, #6247, .T. ) ;
#1405 = LINE ( 'NONE', #3968, #5432 ) ;
#1406 = LINE ( 'NONE', #7435, #2163 ) ;
#1407 = ORIENTED_EDGE ( 'NONE', *, *, #7570, .T. ) ;
#1408 = FACE_OUTER_BOUND ( 'NONE', #3831, .T. ) ;
#1409 = ORIENTED_EDGE ( 'NONE', *, *, #8134, .F. ) ;
#1410 = ORIENTED_EDGE ( 'NONE', *, *, #4078, .F. ) ;
#1411 = VECTOR ( 'NONE', #659, 1000.000000000000000 ) ;
#1412 = CARTESIAN_POINT ( 'NONE',  ( 46.25000000000000000, 13.90429687500000355, 1.000000000000000000 ) ) ;
#1413 = LINE ( 'NONE', #7234, #128 ) ;
#1414 = LINE ( 'NONE', #4609, #7249 ) ;
#1415 = VECTOR ( 'NONE', #1263, 1000.000000000000000 ) ;
#1416 = CARTESIAN_POINT ( 'NONE',  ( -59.41788286210069714, 20.78641401289931778, 0.5000000000000004441 ) ) ;
#1417 = CARTESIAN_POINT ( 'NONE',  ( -60.06788286210068151, 15.48641401289931174, 0.000000000000000000 ) ) ;
#1418 = ADVANCED_FACE ( 'NONE', ( #7647 ), #1867, .F. ) ;
#1419 = CARTESIAN_POINT ( 'NONE',  ( 9.503642002017652857, 23.15429687499999645, 4.000000000000000000 ) ) ;
#1420 = CARTESIAN_POINT ( 'NONE',  ( -29.99999999999998579, 15.45793887701772285, 2.499999999999999112 ) ) ;
#1421 = EDGE_LOOP ( 'NONE', ( #1901, #1681, #364, #4818, #5988, #6336, #586, #1627, #5553, #7391, #2321, #6790, #3127, #4519, #1601, #6211, #7460, #713, #143, #1104, #6768, #6993, #4496, #6836, #1074, #7716, #3571, #14, #1959, #2612, #7635, #2822 ) ) ;
#1422 = CARTESIAN_POINT ( 'NONE',  ( -39.41788286210071135, 16.07582173911837486, 1.500000000000000444 ) ) ;
#1423 = ORIENTED_EDGE ( 'NONE', *, *, #6098, .T. ) ;
#1424 = CARTESIAN_POINT ( 'NONE',  ( 7.199999999999929123, 20.85065487298227183, 1.500000000000000444 ) ) ;
#1425 = PLANE ( 'NONE',  #531 ) ;
#1426 = DIRECTION ( 'NONE',  ( 1.000000000000000000, 0.000000000000000000, 0.000000000000000000 ) ) ;
#1427 = CARTESIAN_POINT ( 'NONE',  ( -13.47847513588162904, 23.17217973710070567, 6.000000000000000000 ) ) ;
#1428 = EDGE_CURVE ( 'NONE', #5978, #3144, #3752, .T. ) ;
#1429 = DIRECTION ( 'NONE',  ( 0.000000000000000000, 1.000000000000000000, 0.000000000000000000 ) ) ;
#1430 = ORIENTED_EDGE ( 'NONE', *, *, #670, .T. ) ;
#1431 = DIRECTION ( 'NONE',  ( 0.000000000000000000, 1.000000000000000000, 0.000000000000000000 ) ) ;
#1432 = VERTEX_POINT ( 'NONE', #7520 ) ;
#1433 = ORIENTED_EDGE ( 'NONE', *, *, #7156, .F. ) ;
#1434 = CARTESIAN_POINT ( 'NONE',  ( -91.75000000000001421, 22.40429687500000711, 1.000000000000000000 ) ) ;
#1435 = ADVANCED_FACE ( 'NONE', ( #1739 ), #4299, .F. ) ;
#1436 = ADVANCED_FACE ( 'NONE', ( #5604 ), #8202, .F. ) ;
#1437 = PLANE ( 'NONE',  #5234 ) ;
#1438 = EDGE_LOOP ( 'NONE', ( #3032, #7051, #1393, #5701 ) ) ;
#1439 = VERTEX_POINT ( 'NONE', #1783 ) ;
#1440 = CARTESIAN_POINT ( 'NONE',  ( -36.47847513588163793, 23.17217973710070567, 1.500000000000000444 ) ) ;
#1441 = DIRECTION ( 'NONE',  ( 1.000000000000000000, -1.734723475976806709E-18, -0.000000000000000000 ) ) ;
#1442 = EDGE_CURVE ( 'NONE', #3121, #5198, #6332, .T. ) ;
#1443 = LINE ( 'NONE', #1369, #4039 ) ;
#1444 = ORIENTED_EDGE ( 'NONE', *, *, #1376, .F. ) ;
#1445 = DIRECTION ( 'NONE',  ( -1.000000000000000000, 0.000000000000000000, -0.000000000000000000 ) ) ;
#1446 = ORIENTED_EDGE ( 'NONE', *, *, #1541, .F. ) ;
#1447 = VERTEX_POINT ( 'NONE', #6284 ) ;
#1448 = LINE ( 'NONE', #824, #5752 ) ;
#1449 = VECTOR ( 'NONE', #6423, 1000.000000000000000 ) ;
#1450 = CARTESIAN_POINT ( 'NONE',  ( -89.25000000000001421, 13.15429687500000533, 0.4964466094067260249 ) ) ;
#1451 = CARTESIAN_POINT ( 'NONE',  ( 7.182117137899318493, 20.80448725967914925, 1.500000000000000444 ) ) ;
#1452 = FACE_OUTER_BOUND ( 'NONE', #3026, .T. ) ;
#1453 = DIRECTION ( 'NONE',  ( -0.7071067811865479058, -0.7071067811865471286, 0.000000000000000000 ) ) ;
#1454 = EDGE_CURVE ( 'NONE', #5409, #3621, #2077, .T. ) ;
#1455 = VECTOR ( 'NONE', #3420, 1000.000000000000114 ) ;
#1456 = CARTESIAN_POINT ( 'NONE',  ( 32.52152486411834076, 13.13641401289931210, 1.500000000000000444 ) ) ;
#1457 = CARTESIAN_POINT ( 'NONE',  ( -9.321524864118385878, 13.13641401289931210, 4.000000000000000000 ) ) ;
#1458 = ORIENTED_EDGE ( 'NONE', *, *, #2259, .T. ) ;
#1459 = CARTESIAN_POINT ( 'NONE',  ( 13.67847513588157859, 23.17217973710070567, 6.000000000000000000 ) ) ;
#1460 = EDGE_CURVE ( 'NONE', #227, #1912, #5313, .T. ) ;
#1461 = ORIENTED_EDGE ( 'NONE', *, *, #8189, .T. ) ;
#1462 = DIRECTION ( 'NONE',  ( 0.7071067811865474617, -0.7071067811865474617, -1.137307002876295066E-16 ) ) ;
#1463 = VECTOR ( 'NONE', #7718, 1000.000000000000000 ) ;
#1464 = EDGE_CURVE ( 'NONE', #5467, #1811, #5776, .T. ) ;
#1465 = CARTESIAN_POINT ( 'NONE',  ( -55.41788286210069003, 22.78641401289931778, 1.500000000000000444 ) ) ;
#1466 = LINE ( 'NONE', #3989, #7728 ) ;
#1467 = PLANE ( 'NONE',  #4969 ) ;
#1468 = VECTOR ( 'NONE', #8170, 1000.000000000000000 ) ;
#1469 = ORIENTED_EDGE ( 'NONE', *, *, #4157, .T. ) ;
#1470 = CARTESIAN_POINT ( 'NONE',  ( 37.23211713789930855, 15.50448725967914143, 0.5000000000000004441 ) ) ;
#1471 = CARTESIAN_POINT ( 'NONE',  ( 13.58211713789932240, 13.48641401289931174, 0.5000000000000004441 ) ) ;
#1472 = EDGE_CURVE ( 'NONE', #2607, #6849, #4639, .T. ) ;
#1473 = VECTOR ( 'NONE', #5051, 1000.000000000000000 ) ;
#1474 = VECTOR ( 'NONE', #4817, 1000.000000000000000 ) ;
#1475 = VERTEX_POINT ( 'NONE', #7777 ) ;
#1476 = CARTESIAN_POINT ( 'NONE',  ( 37.23211713789930855, 20.78641401289931778, 1.500000000000000444 ) ) ;
#1477 = DIRECTION ( 'NONE',  ( -1.000000000000000000, 0.000000000000000000, 0.000000000000000000 ) ) ;
#1478 = VECTOR ( 'NONE', #871, 1000.000000000000000 ) ;
#1479 = EDGE_LOOP ( 'NONE', ( #82, #602, #4225, #2904, #8053, #2628 ) ) ;
#1480 = VECTOR ( 'NONE', #5668, 1000.000000000000114 ) ;
#1481 = ORIENTED_EDGE ( 'NONE', *, *, #4522, .T. ) ;
#1482 = CARTESIAN_POINT ( 'NONE',  ( -83.06788286210067440, 20.80448725967914925, 0.5000000000000004441 ) ) ;
#1483 = ORIENTED_EDGE ( 'NONE', *, *, #5296, .T. ) ;
#1484 = EDGE_CURVE ( 'NONE', #3145, #2286, #2581, .T. ) ;
#1485 = VECTOR ( 'NONE', #1052, 1000.000000000000000 ) ;
#1486 = ORIENTED_EDGE ( 'NONE', *, *, #7485, .F. ) ;
#1487 = AXIS2_PLACEMENT_3D ( 'NONE', #1057, #8031, #7988 ) ;
#1488 = CARTESIAN_POINT ( 'NONE',  ( -84.75000000000001421, 23.15429687499998579, 4.000000000000000000 ) ) ;
#1489 = DIRECTION ( 'NONE',  ( -0.000000000000000000, -0.000000000000000000, 1.000000000000000000 ) ) ;
#1490 = VERTEX_POINT ( 'NONE', #4674 ) ;
#1491 = PLANE ( 'NONE',  #7002 ) ;
#1492 = EDGE_LOOP ( 'NONE', ( #5009, #1900, #1324, #1261 ) ) ;
#1493 = ORIENTED_EDGE ( 'NONE', *, *, #1278, .T. ) ;
#1494 = VECTOR ( 'NONE', #4155, 1000.000000000000000 ) ;
#1495 = CARTESIAN_POINT ( 'NONE',  ( -84.75000000000001421, 15.48641401289931174, -2.999999999999999112 ) ) ;
#1496 = LINE ( 'NONE', #156, #5235 ) ;
#1497 = EDGE_CURVE ( 'NONE', #6281, #3189, #1368, .T. ) ;
#1498 = ADVANCED_FACE ( 'NONE', ( #2116 ), #7862, .F. ) ;
#1499 = CARTESIAN_POINT ( 'NONE',  ( 32.58211713789929576, 22.78641401289931778, 0.5000000000000004441 ) ) ;
#1500 = CARTESIAN_POINT ( 'NONE',  ( -91.75000000000001421, 15.45793887701772285, 3.999999999999999112 ) ) ;
#1501 = CARTESIAN_POINT ( 'NONE',  ( 39.61788286210066445, 20.23277201088161803, 1.500000000000000444 ) ) ;
#1502 = LINE ( 'NONE', #4020, #4702 ) ;
#1503 = LINE ( 'NONE', #4104, #6183 ) ;
#1504 = ORIENTED_EDGE ( 'NONE', *, *, #8199, .T. ) ;
#1505 = CARTESIAN_POINT ( 'NONE',  ( -6.382117137899323112, 20.23277201088161803, 1.500000000000000444 ) ) ;
#1506 = ORIENTED_EDGE ( 'NONE', *, *, #2162, .F. ) ;
#1507 = CARTESIAN_POINT ( 'NONE',  ( -83.06788286210067440, 20.78641401289931068, 1.500000000000000444 ) ) ;
#1508 = EDGE_CURVE ( 'NONE', #4371, #3771, #7226, .T. ) ;
#1509 = LINE ( 'NONE', #7369, #2341 ) ;
#1510 = DIRECTION ( 'NONE',  ( 0.7071067811865474617, -0.7071067811865474617, 0.000000000000000000 ) ) ;
#1511 = FACE_OUTER_BOUND ( 'NONE', #3453, .T. ) ;
#1512 = VERTEX_POINT ( 'NONE', #1320 ) ;
#1513 = DIRECTION ( 'NONE',  ( -0.000000000000000000, -0.000000000000000000, 1.000000000000000000 ) ) ;
#1514 = PLANE ( 'NONE',  #7392 ) ;
#1515 = ORIENTED_EDGE ( 'NONE', *, *, #5442, .F. ) ;
#1516 = EDGE_CURVE ( 'NONE', #6490, #4530, #2704, .T. ) ;
#1517 = CARTESIAN_POINT ( 'NONE',  ( -84.75000000000001421, 13.15429687499998934, 4.000000000000000000 ) ) ;
#1518 = ADVANCED_FACE ( 'NONE', ( #3835 ), #644, .F. ) ;
#1519 = CARTESIAN_POINT ( 'NONE',  ( 39.25000000000000000, 23.15429687500000000, 4.000000000000000000 ) ) ;
#1520 = VERTEX_POINT ( 'NONE', #5906 ) ;
#1521 = ORIENTED_EDGE ( 'NONE', *, *, #5520, .T. ) ;
#1522 = CARTESIAN_POINT ( 'NONE',  ( 9.582117137899304637, 15.48641401289931174, 1.500000000000000444 ) ) ;
#1523 = ORIENTED_EDGE ( 'NONE', *, *, #814, .T. ) ;
#1524 = VECTOR ( 'NONE', #1262, 1000.000000000000000 ) ;
#1525 = ORIENTED_EDGE ( 'NONE', *, *, #1784, .T. ) ;
#1526 = CARTESIAN_POINT ( 'NONE',  ( -54.76788286210067724, 20.78641401289931778, 0.5000000000000004441 ) ) ;
#1527 = ADVANCED_FACE ( 'NONE', ( #3247 ), #7100, .T. ) ;
#1528 = CARTESIAN_POINT ( 'NONE',  ( 31.93211713789931139, 20.78641401289931423, 0.000000000000000000 ) ) ;
#1529 = ORIENTED_EDGE ( 'NONE', *, *, #7326, .F. ) ;
#1530 = CARTESIAN_POINT ( 'NONE',  ( 30.19999999999993179, 20.85065487298227538, 2.500000000000000000 ) ) ;
#1531 = ORIENTED_EDGE ( 'NONE', *, *, #5686, .F. ) ;
#1532 = CARTESIAN_POINT ( 'NONE',  ( -91.75000000000000000, 11.05429687500000036, 0.3999999999999837019 ) ) ;
#1533 = DIRECTION ( 'NONE',  ( -1.734723475976806709E-18, -1.000000000000000000, 0.000000000000000000 ) ) ;
#1534 = CARTESIAN_POINT ( 'NONE',  ( -93.16421356237310647, 25.65429687500000355, 5.000000000000000000 ) ) ;
#1535 = VECTOR ( 'NONE', #1026, 1000.000000000000000 ) ;
#1536 = ADVANCED_FACE ( 'NONE', ( #3326 ), #2040, .F. ) ;
#1537 = DIRECTION ( 'NONE',  ( -0.000000000000000000, -0.000000000000000000, 1.000000000000000000 ) ) ;
#1538 = LINE ( 'NONE', #3629, #6833 ) ;
#1539 = VECTOR ( 'NONE', #5094, 1000.000000000000000 ) ;
#1540 = LINE ( 'NONE', #5879, #1887 ) ;
#1541 = EDGE_CURVE ( 'NONE', #2770, #1050, #1956, .T. ) ;
#1542 = LINE ( 'NONE', #5327, #2683 ) ;
#1543 = ORIENTED_EDGE ( 'NONE', *, *, #4408, .F. ) ;
#1544 = CARTESIAN_POINT ( 'NONE',  ( -39.41788286210071135, 16.07582173911837486, 1.500000000000000444 ) ) ;
#1545 = VERTEX_POINT ( 'NONE', #4600 ) ;
#1546 = CARTESIAN_POINT ( 'NONE',  ( -91.75000000000001421, 20.85065487298227183, 4.000000000000000000 ) ) ;
#1547 = VECTOR ( 'NONE', #6717, 1000.000000000000000 ) ;
#1548 = CYLINDRICAL_SURFACE ( 'NONE', #6968, 0.2500000000000000000 ) ;
#1549 = LINE ( 'NONE', #2140, #3816 ) ;
#1550 = DIRECTION ( 'NONE',  ( 1.000000000000000000, -1.734723475976806709E-18, -0.000000000000000000 ) ) ;
#1551 = DIRECTION ( 'NONE',  ( 0.000000000000000000, 0.000000000000000000, 1.000000000000000000 ) ) ;
#1552 = EDGE_CURVE ( 'NONE', #3481, #4927, #4514, .T. ) ;
#1553 = EDGE_LOOP ( 'NONE', ( #7192, #6421, #970, #2640 ) ) ;
#1554 = DIRECTION ( 'NONE',  ( -0.000000000000000000, -0.000000000000000000, 1.000000000000000000 ) ) ;
#1555 = FACE_OUTER_BOUND ( 'NONE', #5430, .T. ) ;
#1556 = ORIENTED_EDGE ( 'NONE', *, *, #7519, .F. ) ;
#1557 = CARTESIAN_POINT ( 'NONE',  ( 37.23211713789930855, 15.50448725967914143, 0.5000000000000004441 ) ) ;
#1558 = SHAPE_DEFINITION_REPRESENTATION ( #5810, #8214 ) ;
#1559 = DIRECTION ( 'NONE',  ( 0.7071067811865474617, -0.7071067811865474617, -1.137307002876295066E-16 ) ) ;
#1560 = VERTEX_POINT ( 'NONE', #5866 ) ;
#1561 = ORIENTED_EDGE ( 'NONE', *, *, #2869, .T. ) ;
#1562 = CARTESIAN_POINT ( 'NONE',  ( -9.321524864118385878, 13.13641401289931210, 1.500000000000000444 ) ) ;
#1563 = EDGE_LOOP ( 'NONE', ( #6240, #1087, #5684, #6590, #5316, #4593, #4696, #3568, #8157, #2867, #4275, #2493, #7472, #4753, #7203, #2616, #6272, #4939, #6908, #4972, #854, #3313, #32, #4048 ) ) ;
#1564 = EDGE_CURVE ( 'NONE', #7641, #1269, #5233, .T. ) ;
#1565 = ORIENTED_EDGE ( 'NONE', *, *, #4628, .T. ) ;
#1566 = CARTESIAN_POINT ( 'NONE',  ( -29.99999999999998579, 20.85065487298227183, 4.000000000000000000 ) ) ;
#1567 = PLANE ( 'NONE',  #4298 ) ;
#1568 = VERTEX_POINT ( 'NONE', #7185 ) ;
#1569 = DIRECTION ( 'NONE',  ( 6.938893903907228378E-15, 1.000000000000000000, 0.000000000000000000 ) ) ;
#1570 = ORIENTED_EDGE ( 'NONE', *, *, #6746, .T. ) ;
#1571 = DIRECTION ( 'NONE',  ( 0.000000000000000000, 1.000000000000000000, 0.000000000000000000 ) ) ;
#1572 = DIRECTION ( 'NONE',  ( -0.000000000000000000, -0.000000000000000000, 1.000000000000000000 ) ) ;
#1573 = EDGE_CURVE ( 'NONE', #7006, #3333, #1405, .T. ) ;
#1574 = DIRECTION ( 'NONE',  ( 1.000000000000000000, 0.000000000000000000, 0.000000000000000000 ) ) ;
#1575 = DIRECTION ( 'NONE',  ( 0.000000000000000000, 0.7071067811865465735, -0.7071067811865483499 ) ) ;
#1576 = LINE ( 'NONE', #6719, #2653 ) ;
#1577 = LINE ( 'NONE', #443, #4582 ) ;
#1578 = VECTOR ( 'NONE', #5777, 1000.000000000000000 ) ;
#1579 = CARTESIAN_POINT ( 'NONE',  ( 9.503642002017661738, 13.15429687500000000, 1.500000000000000444 ) ) ;
#1580 = ORIENTED_EDGE ( 'NONE', *, *, #1976, .T. ) ;
#1581 = CARTESIAN_POINT ( 'NONE',  ( -8.767882862100673691, 15.48641401289931174, 0.000000000000000000 ) ) ;
#1582 = ORIENTED_EDGE ( 'NONE', *, *, #8178, .T. ) ;
#1583 = DIRECTION ( 'NONE',  ( -1.000000000000000000, 0.000000000000000000, 0.000000000000000000 ) ) ;
#1584 = ADVANCED_FACE ( 'NONE', ( #6586 ), #7307, .T. ) ;
#1585 = EDGE_CURVE ( 'NONE', #8068, #2115, #7545, .T. ) ;
#1586 = VECTOR ( 'NONE', #4442, 1000.000000000000000 ) ;
#1587 = LINE ( 'NONE', #8048, #5219 ) ;
#1588 = LINE ( 'NONE', #4149, #8278 ) ;
#1589 = PLANE ( 'NONE',  #4875 ) ;
#1590 = LINE ( 'NONE', #7973, #8226 ) ;
#1591 = VECTOR ( 'NONE', #6672, 1000.000000000000000 ) ;
#1592 = EDGE_LOOP ( 'NONE', ( #4641, #6523, #3053, #888 ) ) ;
#1593 = DIRECTION ( 'NONE',  ( -1.000000000000000000, -0.000000000000000000, -0.000000000000000000 ) ) ;
#1594 = LINE ( 'NONE', #6182, #5757 ) ;
#1595 = EDGE_CURVE ( 'NONE', #103, #4881, #6667, .T. ) ;
#1596 = EDGE_CURVE ( 'NONE', #2745, #6281, #7351, .T. ) ;
#1597 = EDGE_LOOP ( 'NONE', ( #3253, #2954, #1814, #7147 ) ) ;
#1598 = VECTOR ( 'NONE', #213, 1000.000000000000000 ) ;
#1599 = PLANE ( 'NONE',  #4638 ) ;
#1600 = CARTESIAN_POINT ( 'NONE',  ( -61.81788286210068151, 15.48641401289931174, 1.500000000000000444 ) ) ;
#1601 = ORIENTED_EDGE ( 'NONE', *, *, #4330, .F. ) ;
#1602 = ORIENTED_EDGE ( 'NONE', *, *, #3289, .F. ) ;
#1603 = CARTESIAN_POINT ( 'NONE',  ( -54.76788286210067724, 15.48641401289931174, -2.999999999999999112 ) ) ;
#1604 = AXIS2_PLACEMENT_3D ( 'NONE', #2938, #4751, #8060 ) ;
#1605 = VERTEX_POINT ( 'NONE', #6227 ) ;
#1606 = VECTOR ( 'NONE', #2171, 1000.000000000000000 ) ;
#1607 = EDGE_CURVE ( 'NONE', #2643, #3263, #6074, .T. ) ;
#1608 = ORIENTED_EDGE ( 'NONE', *, *, #1714, .F. ) ;
#1609 = AXIS2_PLACEMENT_3D ( 'NONE', #906, #2793, #6005 ) ;
#1610 = VECTOR ( 'NONE', #6889, 1000.000000000000000 ) ;
#1611 = DIRECTION ( 'NONE',  ( -0.000000000000000000, 0.000000000000000000, 1.000000000000000000 ) ) ;
#1612 = ORIENTED_EDGE ( 'NONE', *, *, #2937, .T. ) ;
#1613 = CARTESIAN_POINT ( 'NONE',  ( -32.32152486411839476, 13.13641401289931210, 1.500000000000000444 ) ) ;
#1614 = ORIENTED_EDGE ( 'NONE', *, *, #7946, .F. ) ;
#1615 = EDGE_CURVE ( 'NONE', #4544, #6634, #6629, .T. ) ;
#1616 = CARTESIAN_POINT ( 'NONE',  ( 36.67847513588159813, 13.13641401289931210, 2.499999999999998668 ) ) ;
#1617 = CARTESIAN_POINT ( 'NONE',  ( -91.34999999999998010, -8.451572774959004164E-14, 0.000000000000000000 ) ) ;
#1618 = VECTOR ( 'NONE', #5014, 1000.000000000000000 ) ;
#1619 = VECTOR ( 'NONE', #6689, 1000.000000000000000 ) ;
#1620 = DIRECTION ( 'NONE',  ( -1.000000000000000000, -1.119176436114068839E-16, 0.000000000000000000 ) ) ;
#1621 = CARTESIAN_POINT ( 'NONE',  ( -91.75000000000001421, 20.85065487298227183, 2.500000000000000000 ) ) ;
#1622 = CARTESIAN_POINT ( 'NONE',  ( -9.417882862100670494, 20.78641401289931778, 1.500000000000000444 ) ) ;
#1623 = EDGE_CURVE ( 'NONE', #2910, #8102, #5630, .T. ) ;
#1624 = VECTOR ( 'NONE', #4328, 1000.000000000000000 ) ;
#1625 = LINE ( 'NONE', #4185, #2958 ) ;
#1626 = CARTESIAN_POINT ( 'NONE',  ( 13.69635799798228248, 23.15429687500000000, 4.000000000000000000 ) ) ;
#1627 = ORIENTED_EDGE ( 'NONE', *, *, #1428, .F. ) ;
#1628 = DIRECTION ( 'NONE',  ( -0.000000000000000000, -0.000000000000000000, 1.000000000000000000 ) ) ;
#1629 = ORIENTED_EDGE ( 'NONE', *, *, #7156, .T. ) ;
#1630 = CARTESIAN_POINT ( 'NONE',  ( -78.32152486411838765, 13.13641401289931210, 1.500000000000000444 ) ) ;
#1631 = AXIS2_PLACEMENT_3D ( 'NONE', #2456, #8290, #3080 ) ;
#1632 = DIRECTION ( 'NONE',  ( 0.000000000000000000, 1.000000000000000000, 0.000000000000000000 ) ) ;
#1633 = DIRECTION ( 'NONE',  ( -1.000000000000000000, -1.119176436114068839E-16, 0.000000000000000000 ) ) ;
#1634 = DIRECTION ( 'NONE',  ( 0.7071067811865466846, 0.7071067811865483499, 1.137307002876296298E-16 ) ) ;
#1635 = LINE ( 'NONE', #7495, #7417 ) ;
#1636 = EDGE_CURVE ( 'NONE', #4246, #3144, #6909, .T. ) ;
#1637 = ORIENTED_EDGE ( 'NONE', *, *, #3012, .F. ) ;
#1638 = CARTESIAN_POINT ( 'NONE',  ( -53.01788286210067724, 20.78641401289931778, 0.5000000000000004441 ) ) ;
#1639 = LINE ( 'NONE', #5000, #6033 ) ;
#1640 = ORIENTED_EDGE ( 'NONE', *, *, #3454, .F. ) ;
#1641 = CARTESIAN_POINT ( 'NONE',  ( 32.52152486411834076, 13.13641401289931210, 6.000000000000000000 ) ) ;
#1642 = DIRECTION ( 'NONE',  ( -6.938893903907222067E-15, 1.000000000000000000, 0.000000000000000000 ) ) ;
#1643 = ADVANCED_FACE ( 'NONE', ( #4051 ), #8180, .F. ) ;
#1644 = ORIENTED_EDGE ( 'NONE', *, *, #7969, .T. ) ;
#1645 = EDGE_LOOP ( 'NONE', ( #6663, #6987, #7900, #1602, #1486, #5111, #6797, #6788 ) ) ;
#1646 = DIRECTION ( 'NONE',  ( -0.000000000000000000, -0.000000000000000000, 1.000000000000000000 ) ) ;
#1647 = EDGE_LOOP ( 'NONE', ( #3252, #2113, #4075, #7271, #2151, #2318, #3208, #7436, #2650, #2420 ) ) ;
#1648 = EDGE_LOOP ( 'NONE', ( #981, #2379, #7052, #2398 ) ) ;
#1649 = DIRECTION ( 'NONE',  ( 0.7071067811865475727, 0.000000000000000000, 0.7071067811865475727 ) ) ;
#1650 = EDGE_CURVE ( 'NONE', #3810, #1568, #5395, .T. ) ;
#1651 = EDGE_LOOP ( 'NONE', ( #6023, #3154, #6777, #6823, #1051, #221, #977, #8027 ) ) ;
#1652 = ORIENTED_EDGE ( 'NONE', *, *, #4047, .F. ) ;
#1653 = DIRECTION ( 'NONE',  ( 0.000000000000000000, 0.000000000000000000, -1.000000000000000000 ) ) ;
#1654 = ORIENTED_EDGE ( 'NONE', *, *, #5311, .F. ) ;
#1655 = CARTESIAN_POINT ( 'NONE',  ( -84.75000000000001421, 13.15429687499998934, 4.000000000000000000 ) ) ;
#1656 = VECTOR ( 'NONE', #4824, 1000.000000000000000 ) ;
#1657 = DIRECTION ( 'NONE',  ( 0.000000000000000000, -0.000000000000000000, -1.000000000000000000 ) ) ;
#1658 = LINE ( 'NONE', #320, #1280 ) ;
#1659 = DIRECTION ( 'NONE',  ( -0.000000000000000000, -0.000000000000000000, 1.000000000000000000 ) ) ;
#1660 = CARTESIAN_POINT ( 'NONE',  ( -38.80000000000005400, 15.45793887701772285, 2.499999999999999112 ) ) ;
#1661 = DIRECTION ( 'NONE',  ( -1.000000000000000000, -1.119176436114068839E-16, 0.000000000000000000 ) ) ;
#1662 = FACE_OUTER_BOUND ( 'NONE', #898, .T. ) ;
#1663 = ORIENTED_EDGE ( 'NONE', *, *, #1071, .F. ) ;
#1664 = DIRECTION ( 'NONE',  ( -0.000000000000000000, -0.000000000000000000, 1.000000000000000000 ) ) ;
#1665 = EDGE_LOOP ( 'NONE', ( #3955, #2004, #6914, #6049, #6265, #5641, #2277, #7637 ) ) ;
#1666 = CARTESIAN_POINT ( 'NONE',  ( -8.767882862100673691, 20.78641401289931778, 0.5000000000000004441 ) ) ;
#1667 = ADVANCED_FACE ( 'NONE', ( #4128 ), #6869, .F. ) ;
#1668 = LINE ( 'NONE', #4148, #5342 ) ;
#1669 = EDGE_CURVE ( 'NONE', #2864, #3589, #2200, .T. ) ;
#1670 = LINE ( 'NONE', #7415, #3808 ) ;
#1671 = DIRECTION ( 'NONE',  ( 6.938893903907228378E-15, 1.000000000000000000, -0.000000000000000000 ) ) ;
#1672 = DIRECTION ( 'NONE',  ( 1.000000000000000000, 0.000000000000000000, 0.000000000000000000 ) ) ;
#1673 = ORIENTED_EDGE ( 'NONE', *, *, #3225, .F. ) ;
#1674 = CARTESIAN_POINT ( 'NONE',  ( -55.30364200201771041, 13.15429687499999112, 1.500000000000000444 ) ) ;
#1675 = PLANE ( 'NONE',  #3469 ) ;
#1676 = AXIS2_PLACEMENT_3D ( 'NONE', #6676, #279, #3936 ) ;
#1677 = ADVANCED_FACE ( 'NONE', ( #8228 ), #2439, .F. ) ;
#1678 = VERTEX_POINT ( 'NONE', #1566 ) ;
#1679 = CARTESIAN_POINT ( 'NONE',  ( 31.93211713789931139, 20.80448725967914925, 0.5000000000000004441 ) ) ;
#1680 = LINE ( 'NONE', #257, #7138 ) ;
#1681 = ORIENTED_EDGE ( 'NONE', *, *, #2725, .F. ) ;
#1682 = ORIENTED_EDGE ( 'NONE', *, *, #3105, .T. ) ;
#1683 = LINE ( 'NONE', #6829, #6740 ) ;
#1684 = VERTEX_POINT ( 'NONE', #4760 ) ;
#1685 = EDGE_LOOP ( 'NONE', ( #487, #3331, #6480, #2446, #7091 ) ) ;
#1686 = EDGE_CURVE ( 'NONE', #6203, #7206, #1717, .T. ) ;
#1687 = ADVANCED_FACE ( 'NONE', ( #858 ), #3018, .F. ) ;
#1688 = CARTESIAN_POINT ( 'NONE',  ( 46.25000000000000000, 22.40429687500000355, 1.000000000000000000 ) ) ;
#1689 = ORIENTED_EDGE ( 'NONE', *, *, #4462, .F. ) ;
#1690 = ORIENTED_EDGE ( 'NONE', *, *, #1007, .F. ) ;
#1691 = CARTESIAN_POINT ( 'NONE',  ( 45.85000000000000142, 10.65429687500000355, 0.3999999999999837019 ) ) ;
#1692 = ORIENTED_EDGE ( 'NONE', *, *, #6153, .F. ) ;
#1693 = LINE ( 'NONE', #2955, #2393 ) ;
#1694 = CARTESIAN_POINT ( 'NONE',  ( 9.503642002017652857, 23.15429687499999645, 6.000000000000000000 ) ) ;
#1695 = EDGE_CURVE ( 'NONE', #2199, #778, #4322, .T. ) ;
#1696 = DIRECTION ( 'NONE',  ( -0.000000000000000000, -0.000000000000000000, 1.000000000000000000 ) ) ;
#1697 = PLANE ( 'NONE',  #3143 ) ;
#1698 = CARTESIAN_POINT ( 'NONE',  ( 32.50364200201764930, 23.15429687500000000, 4.000000000000000000 ) ) ;
#1699 = DIRECTION ( 'NONE',  ( 0.000000000000000000, 1.000000000000000000, 0.000000000000000000 ) ) ;
#1700 = LINE ( 'NONE', #3038, #2948 ) ;
#1701 = VERTEX_POINT ( 'NONE', #2779 ) ;
#1702 = DIRECTION ( 'NONE',  ( 4.336808689941999001E-16, -1.000000000000000000, 0.000000000000000000 ) ) ;
#1703 = EDGE_LOOP ( 'NONE', ( #1483, #107, #4735, #3730, #5927, #2408, #5583, #7787, #4281, #2068 ) ) ;
#1704 = DIRECTION ( 'NONE',  ( 0.7071067811865479058, 0.7071067811865471286, 0.000000000000000000 ) ) ;
#1705 = EDGE_CURVE ( 'NONE', #6366, #4996, #5351, .T. ) ;
#1706 = CARTESIAN_POINT ( 'NONE',  ( -13.41788286210068826, 13.48641401289930997, 0.5000000000000004441 ) ) ;
#1707 = LINE ( 'NONE', #1124, #4752 ) ;
#1708 = CARTESIAN_POINT ( 'NONE',  ( -29.38211713789932844, 20.23277201088161803, 2.500000000000000000 ) ) ;
#1709 = LINE ( 'NONE', #2265, #4031 ) ;
#1710 = EDGE_CURVE ( 'NONE', #673, #847, #5803, .T. ) ;
#1711 = ORIENTED_EDGE ( 'NONE', *, *, #3907, .T. ) ;
#1712 = FACE_OUTER_BOUND ( 'NONE', #7240, .T. ) ;
#1713 = FACE_OUTER_BOUND ( 'NONE', #7984, .T. ) ;
#1714 = EDGE_CURVE ( 'NONE', #6849, #361, #7721, .T. ) ;
#1715 = VECTOR ( 'NONE', #6856, 1000.000000000000000 ) ;
#1716 = EDGE_LOOP ( 'NONE', ( #1230, #6243, #1227, #4705, #4438 ) ) ;
#1717 = LINE ( 'NONE', #4276, #5548 ) ;
#1718 = FACE_OUTER_BOUND ( 'NONE', #2829, .T. ) ;
#1719 = VECTOR ( 'NONE', #5202, 1000.000000000000000 ) ;
#1720 = DIRECTION ( 'NONE',  ( 1.000000000000000000, -6.938893903907228378E-15, 0.000000000000000000 ) ) ;
#1721 = ORIENTED_EDGE ( 'NONE', *, *, #123, .F. ) ;
#1722 = ORIENTED_EDGE ( 'NONE', *, *, #702, .F. ) ;
#1723 = CARTESIAN_POINT ( 'NONE',  ( 39.25000000000000000, 23.15429687500000000, 6.000000000000000000 ) ) ;
#1724 = ADVANCED_FACE ( 'NONE', ( #6952 ), #3775, .F. ) ;
#1725 = ORIENTED_EDGE ( 'NONE', *, *, #4860, .F. ) ;
#1726 = VECTOR ( 'NONE', #6282, 1000.000000000000000 ) ;
#1727 = ORIENTED_EDGE ( 'NONE', *, *, #1036, .F. ) ;
#1728 = FACE_OUTER_BOUND ( 'NONE', #1685, .T. ) ;
#1729 = AXIS2_PLACEMENT_3D ( 'NONE', #6793, #348, #5558 ) ;
#1730 = ORIENTED_EDGE ( 'NONE', *, *, #4206, .T. ) ;
#1731 = VECTOR ( 'NONE', #4310, 1000.000000000000000 ) ;
#1732 = ORIENTED_EDGE ( 'NONE', *, *, #7959, .T. ) ;
#1733 = DIRECTION ( 'NONE',  ( 0.000000000000000000, -1.000000000000000000, 0.000000000000000000 ) ) ;
#1734 = ORIENTED_EDGE ( 'NONE', *, *, #1046, .T. ) ;
#1735 = DIRECTION ( 'NONE',  ( 1.000000000000000000, -0.000000000000000000, 0.000000000000000000 ) ) ;
#1736 = LINE ( 'NONE', #438, #5764 ) ;
#1737 = VECTOR ( 'NONE', #2527, 1000.000000000000000 ) ;
#1738 = CIRCLE ( 'NONE', #7267, 0.2500000000000000000 ) ;
#1739 = FACE_OUTER_BOUND ( 'NONE', #5681, .T. ) ;
#1740 = CARTESIAN_POINT ( 'NONE',  ( -55.30364200201770331, 13.15429687499999467, 4.000000000000000000 ) ) ;
#1741 = APPROVAL_STATUS ( 'not_yet_approved' ) ;
#1742 = LINE ( 'NONE', #952, #7153 ) ;
#1743 = LINE ( 'NONE', #6765, #5774 ) ;
#1744 = ORIENTED_EDGE ( 'NONE', *, *, #1705, .F. ) ;
#1745 = EDGE_CURVE ( 'NONE', #1568, #3991, #8266, .T. ) ;
#1746 = VECTOR ( 'NONE', #1198, 1000.000000000000000 ) ;
#1747 = DIRECTION ( 'NONE',  ( 0.000000000000000000, -1.000000000000000000, -1.608394988049553126E-16 ) ) ;
#1748 = EDGE_CURVE ( 'NONE', #5806, #6809, #4497, .T. ) ;
#1749 = EDGE_CURVE ( 'NONE', #4130, #5012, #1348, .T. ) ;
#1750 = AXIS2_PLACEMENT_3D ( 'NONE', #2674, #2838, #2052 ) ;
#1751 = ORIENTED_EDGE ( 'NONE', *, *, #408, .T. ) ;
#1752 = CARTESIAN_POINT ( 'NONE',  ( 14.23211713789931920, 0.000000000000000000, 0.000000000000000000 ) ) ;
#1753 = CARTESIAN_POINT ( 'NONE',  ( 39.25000000000000000, 22.40429687500000355, 1.000000000000000000 ) ) ;
#1754 = VECTOR ( 'NONE', #1148, 1000.000000000000114 ) ;
#1755 = CARTESIAN_POINT ( 'NONE',  ( -14.06788286210067263, 15.48641401289931174, -2.999999999999999112 ) ) ;
#1756 = CARTESIAN_POINT ( 'NONE',  ( 30.18211713789931139, 15.48641401289931174, 0.5000000000000004441 ) ) ;
#1757 = VECTOR ( 'NONE', #3506, 1000.000000000000000 ) ;
#1758 = CARTESIAN_POINT ( 'NONE',  ( 31.93211713789931139, 20.78641401289931068, 1.500000000000000444 ) ) ;
#1759 = EDGE_CURVE ( 'NONE', #6884, #454, #5042, .T. ) ;
#1760 = ORIENTED_EDGE ( 'NONE', *, *, #8147, .F. ) ;
#1761 = LINE ( 'NONE', #1890, #5656 ) ;
#1762 = DIRECTION ( 'NONE',  ( -1.119176436114068839E-16, 1.000000000000000000, 0.000000000000000000 ) ) ;
#1763 = VECTOR ( 'NONE', #2521, 1000.000000000000000 ) ;
#1764 = ORIENTED_EDGE ( 'NONE', *, *, #4370, .F. ) ;
#1765 = DIRECTION ( 'NONE',  ( 0.000000000000000000, -1.000000000000000000, 0.000000000000000000 ) ) ;
#1766 = DIRECTION ( 'NONE',  ( -0.7071067811865466846, -0.7071067811865483499, 0.000000000000000000 ) ) ;
#1767 =( GEOMETRIC_REPRESENTATION_CONTEXT ( 3 ) GLOBAL_UNCERTAINTY_ASSIGNED_CONTEXT ( ( #5211 ) ) GLOBAL_UNIT_ASSIGNED_CONTEXT ( ( #6334, #5607, #27 ) ) REPRESENTATION_CONTEXT ( 'NONE', 'WORKASPACE' ) );
#1768 = FACE_OUTER_BOUND ( 'NONE', #74, .T. ) ;
#1769 = ORIENTED_EDGE ( 'NONE', *, *, #2059, .T. ) ;
#1770 = ORIENTED_EDGE ( 'NONE', *, *, #6724, .T. ) ;
#1771 = CARTESIAN_POINT ( 'NONE',  ( -8.767882862100673691, 20.78641401289931778, 0.5000000000000004441 ) ) ;
#1772 = ORIENTED_EDGE ( 'NONE', *, *, #6950, .F. ) ;
#1773 = EDGE_CURVE ( 'NONE', #7868, #7575, #1806, .T. ) ;
#1774 = VERTEX_POINT ( 'NONE', #4402 ) ;
#1775 = EDGE_CURVE ( 'NONE', #5101, #6338, #3181, .T. ) ;
#1776 = CARTESIAN_POINT ( 'NONE',  ( -84.81788286210067440, 20.80448725967914925, 1.000000000000000000 ) ) ;
#1777 = ORIENTED_EDGE ( 'NONE', *, *, #1884, .F. ) ;
#1778 = VERTEX_POINT ( 'NONE', #7672 ) ;
#1779 = CARTESIAN_POINT ( 'NONE',  ( -13.49635799798231872, 13.15429687499999289, 4.000000000000000000 ) ) ;
#1780 = ORIENTED_EDGE ( 'NONE', *, *, #4340, .T. ) ;
#1781 = CARTESIAN_POINT ( 'NONE',  ( -82.47847513588163793, 23.17217973710070567, 1.500000000000000444 ) ) ;
#1782 = DIRECTION ( 'NONE',  ( 0.000000000000000000, -0.000000000000000000, 1.000000000000000000 ) ) ;
#1783 = CARTESIAN_POINT ( 'NONE',  ( 46.25000000000000000, 11.05429687500000036, 4.834314575050761675 ) ) ;
#1784 = EDGE_CURVE ( 'NONE', #3840, #2243, #6994, .T. ) ;
#1785 = DIRECTION ( 'NONE',  ( 0.7071067811865466846, 0.7071067811865483499, 0.000000000000000000 ) ) ;
#1786 = DIRECTION ( 'NONE',  ( 1.000000000000000000, 0.000000000000000000, -0.000000000000000000 ) ) ;
#1787 = CARTESIAN_POINT ( 'NONE',  ( 37.23211713789930855, 15.50448725967914143, 0.5000000000000004441 ) ) ;
#1788 = VECTOR ( 'NONE', #6461, 1000.000000000000000 ) ;
#1789 = CARTESIAN_POINT ( 'NONE',  ( 45.85000000000000142, 0.000000000000000000, 0.000000000000000000 ) ) ;
#1790 = ORIENTED_EDGE ( 'NONE', *, *, #7775, .F. ) ;
#1791 = DIRECTION ( 'NONE',  ( 0.000000000000000000, -0.000000000000000000, 1.000000000000000000 ) ) ;
#1792 = ORIENTED_EDGE ( 'NONE', *, *, #449, .T. ) ;
#1793 = LINE ( 'NONE', #3764, #6446 ) ;
#1794 = VECTOR ( 'NONE', #224, 1000.000000000000000 ) ;
#1795 = LINE ( 'NONE', #8215, #6283 ) ;
#1796 = DIRECTION ( 'NONE',  ( -0.000000000000000000, -0.000000000000000000, 1.000000000000000000 ) ) ;
#1797 = CARTESIAN_POINT ( 'NONE',  ( -59.41788286210069714, 22.78641401289931778, 0.5000000000000004441 ) ) ;
#1798 = ADVANCED_FACE ( 'NONE', ( #4455 ), #1222, .F. ) ;
#1799 = EDGE_CURVE ( 'NONE', #4842, #2395, #7084, .T. ) ;
#1800 = DIRECTION ( 'NONE',  ( 1.000000000000000000, 0.000000000000000000, 0.000000000000000000 ) ) ;
#1801 = ORIENTED_EDGE ( 'NONE', *, *, #1607, .F. ) ;
#1802 = EDGE_LOOP ( 'NONE', ( #2042, #3388, #1734, #3041 ) ) ;
#1803 = LINE ( 'NONE', #4319, #4171 ) ;
#1804 = DIRECTION ( 'NONE',  ( -1.000000000000000000, -0.000000000000000000, -0.000000000000000000 ) ) ;
#1805 = VERTEX_POINT ( 'NONE', #88 ) ;
#1806 = LINE ( 'NONE', #7631, #6362 ) ;
#1807 = ADVANCED_FACE ( 'NONE', ( #3731 ), #8310, .F. ) ;
#1808 = VECTOR ( 'NONE', #6931, 1000.000000000000000 ) ;
#1809 = DIRECTION ( 'NONE',  ( -6.938893903907222067E-15, 1.000000000000000000, 0.000000000000000000 ) ) ;
#1810 = VECTOR ( 'NONE', #2091, 1000.000000000000000 ) ;
#1811 = VERTEX_POINT ( 'NONE', #3818 ) ;
#1812 = ORIENTED_EDGE ( 'NONE', *, *, #1884, .T. ) ;
#1813 = DIRECTION ( 'NONE',  ( 0.000000000000000000, 1.000000000000000000, 1.608394988049553126E-16 ) ) ;
#1814 = ORIENTED_EDGE ( 'NONE', *, *, #7372, .F. ) ;
#1815 = VECTOR ( 'NONE', #2334, 1000.000000000000000 ) ;
#1816 = ORIENTED_EDGE ( 'NONE', *, *, #5953, .T. ) ;
#1817 = LINE ( 'NONE', #4465, #7945 ) ;
#1818 = VERTEX_POINT ( 'NONE', #6395 ) ;
#1819 = EDGE_CURVE ( 'NONE', #103, #2577, #1937, .T. ) ;
#1820 = ORIENTED_EDGE ( 'NONE', *, *, #206, .T. ) ;
#1821 = DIRECTION ( 'NONE',  ( 0.000000000000000000, -0.000000000000000000, -1.000000000000000000 ) ) ;
#1822 = EDGE_CURVE ( 'NONE', #4549, #891, #3910, .T. ) ;
#1823 = VERTEX_POINT ( 'NONE', #6437 ) ;
#1824 = FACE_OUTER_BOUND ( 'NONE', #6529, .T. ) ;
#1825 = DIRECTION ( 'NONE',  ( -0.7071067811865471286, 0.7071067811865479058, 0.000000000000000000 ) ) ;
#1826 = CARTESIAN_POINT ( 'NONE',  ( -77.76788286210067724, 20.78641401289931778, -2.999999999999999112 ) ) ;
#1827 = DATE_TIME_ROLE ( 'creation_date' ) ;
#1828 = DIRECTION ( 'NONE',  ( 1.000000000000000000, 2.478176394252582127E-16, -0.000000000000000000 ) ) ;
#1829 = ADVANCED_FACE ( 'NONE', ( #6487 ), #674, .F. ) ;
#1830 = CARTESIAN_POINT ( 'NONE',  ( 45.85000000000000142, 22.40429687500000355, 6.000000000000000000 ) ) ;
#1831 = VERTEX_POINT ( 'NONE', #4536 ) ;
#1832 = DIRECTION ( 'NONE',  ( 1.000000000000000000, 4.336808689941999001E-16, 0.000000000000000000 ) ) ;
#1833 = ORIENTED_EDGE ( 'NONE', *, *, #8201, .T. ) ;
#1834 = DIRECTION ( 'NONE',  ( 0.000000000000000000, 0.000000000000000000, -1.000000000000000000 ) ) ;
#1835 = EDGE_CURVE ( 'NONE', #6690, #1805, #7125, .T. ) ;
#1836 = FACE_OUTER_BOUND ( 'NONE', #4213, .T. ) ;
#1837 = DIRECTION ( 'NONE',  ( 0.000000000000000000, 1.000000000000000000, 0.000000000000000000 ) ) ;
#1838 = CARTESIAN_POINT ( 'NONE',  ( -75.38211713789932844, 20.23277201088161803, 1.500000000000000444 ) ) ;
#1839 = PLANE ( 'NONE',  #811 ) ;
#1840 = ORIENTED_EDGE ( 'NONE', *, *, #5835, .F. ) ;
#1841 = VERTEX_POINT ( 'NONE', #4112 ) ;
#1842 = CARTESIAN_POINT ( 'NONE',  ( 36.67847513588159813, 13.13641401289931210, 4.000000000000000000 ) ) ;
#1843 = CARTESIAN_POINT ( 'NONE',  ( 46.25000000000000000, 11.05429687500000036, 6.000000000000000000 ) ) ;
#1844 = EDGE_CURVE ( 'NONE', #2282, #5613, #3472, .T. ) ;
#1845 = ORIENTED_EDGE ( 'NONE', *, *, #6862, .F. ) ;
#1846 = CARTESIAN_POINT ( 'NONE',  ( -89.75000000000001421, 23.15429687500000355, 0.3499999999999999223 ) ) ;
#1847 = CARTESIAN_POINT ( 'NONE',  ( 31.93211713789931139, 15.48641401289931174, 0.5000000000000004441 ) ) ;
#1848 = CARTESIAN_POINT ( 'NONE',  ( -8.767882862100673691, 15.48641401289931174, -2.999999999999999112 ) ) ;
#1849 = ORIENTED_EDGE ( 'NONE', *, *, #6166, .F. ) ;
#1850 = VECTOR ( 'NONE', #1632, 1000.000000000000000 ) ;
#1851 = ORIENTED_EDGE ( 'NONE', *, *, #7814, .F. ) ;
#1852 = CARTESIAN_POINT ( 'NONE',  ( -0.01666666666770566518, -35.21236979166773295, 46.26666666666613281 ) ) ;
#1853 = CC_DESIGN_PERSON_AND_ORGANIZATION_ASSIGNMENT ( #5778, #646, ( #7168 ) ) ;
#1854 = ORIENTED_EDGE ( 'NONE', *, *, #4856, .T. ) ;
#1855 = EDGE_CURVE ( 'NONE', #6045, #6220, #1466, .T. ) ;
#1856 = ORIENTED_EDGE ( 'NONE', *, *, #1349, .T. ) ;
#1857 = AXIS2_PLACEMENT_3D ( 'NONE', #7831, #7952, #3334 ) ;
#1858 = CARTESIAN_POINT ( 'NONE',  ( 31.93211713789931139, 20.80448725967914925, 0.5000000000000004441 ) ) ;
#1859 = DIRECTION ( 'NONE',  ( 1.000000000000000000, 1.259073490628327444E-16, -0.000000000000000000 ) ) ;
#1860 = ORIENTED_EDGE ( 'NONE', *, *, #1109, .T. ) ;
#1861 = EDGE_LOOP ( 'NONE', ( #1201, #309, #7302, #5856 ) ) ;
#1862 = CARTESIAN_POINT ( 'NONE',  ( -9.321524864118385878, 13.13641401289931210, 1.500000000000000444 ) ) ;
#1863 = ORIENTED_EDGE ( 'NONE', *, *, #247, .T. ) ;
#1864 = FACE_OUTER_BOUND ( 'NONE', #7783, .T. ) ;
#1865 = EDGE_CURVE ( 'NONE', #3476, #1560, #5260, .T. ) ;
#1866 = VECTOR ( 'NONE', #6991, 1000.000000000000000 ) ;
#1867 = PLANE ( 'NONE',  #4088 ) ;
#1868 = CARTESIAN_POINT ( 'NONE',  ( 39.25000000000000000, 13.15429687500000355, 4.000000000000000000 ) ) ;
#1869 = VECTOR ( 'NONE', #2545, 1000.000000000000000 ) ;
#1870 = MECHANICAL_CONTEXT ( 'NONE', #969, 'mechanical' ) ;
#1871 = DIRECTION ( 'NONE',  ( 0.000000000000000000, -0.000000000000000000, -1.000000000000000000 ) ) ;
#1872 = VERTEX_POINT ( 'NONE', #840 ) ;
#1873 = CARTESIAN_POINT ( 'NONE',  ( 15.98211713789932098, 15.50448725967914143, 1.500000000000000444 ) ) ;
#1874 = ORIENTED_EDGE ( 'NONE', *, *, #1686, .F. ) ;
#1875 = FACE_OUTER_BOUND ( 'NONE', #7218, .T. ) ;
#1876 = ORIENTED_EDGE ( 'NONE', *, *, #1865, .F. ) ;
#1877 = DIRECTION ( 'NONE',  ( -1.000000000000000000, -0.000000000000000000, -0.000000000000000000 ) ) ;
#1878 = VECTOR ( 'NONE', #3742, 1000.000000000000114 ) ;
#1879 = AXIS2_PLACEMENT_3D ( 'NONE', #2564, #3104, #7722 ) ;
#1880 = ADVANCED_FACE ( 'NONE', ( #797 ), #3391, .F. ) ;
#1881 = CARTESIAN_POINT ( 'NONE',  ( 16.61788286210066801, 20.23277201088161803, 1.500000000000000444 ) ) ;
#1882 = CARTESIAN_POINT ( 'NONE',  ( 46.25000000000000000, 11.81998229994924188, 5.600000000000001421 ) ) ;
#1883 = DIRECTION ( 'NONE',  ( 0.000000000000000000, -0.000000000000000000, 1.000000000000000000 ) ) ;
#1884 = EDGE_CURVE ( 'NONE', #2395, #141, #5216, .T. ) ;
#1885 = VECTOR ( 'NONE', #3452, 1000.000000000000000 ) ;
#1886 = PLANE ( 'NONE',  #6055 ) ;
#1887 = VECTOR ( 'NONE', #6519, 1000.000000000000114 ) ;
#1888 = EDGE_LOOP ( 'NONE', ( #3508, #1245, #434 ) ) ;
#1889 = ORIENTED_EDGE ( 'NONE', *, *, #4289, .F. ) ;
#1890 = CARTESIAN_POINT ( 'NONE',  ( -84.81788286210067440, 15.48641401289931174, 1.000000000000000000 ) ) ;
#1891 = DIRECTION ( 'NONE',  ( -0.000000000000000000, -1.000000000000000000, -0.000000000000000000 ) ) ;
#1892 = VECTOR ( 'NONE', #4368, 1000.000000000000000 ) ;
#1893 = AXIS2_PLACEMENT_3D ( 'NONE', #323, #1699, #3632 ) ;
#1894 = DIRECTION ( 'NONE',  ( -1.000000000000000000, 0.000000000000000000, -0.000000000000000000 ) ) ;
#1895 = DIRECTION ( 'NONE',  ( 0.000000000000000000, -1.000000000000000000, 0.000000000000000000 ) ) ;
#1896 = CARTESIAN_POINT ( 'NONE',  ( -52.38211713789932844, 16.07582173911838197, 1.500000000000000444 ) ) ;
#1897 = EDGE_CURVE ( 'NONE', #3653, #2617, #4072, .T. ) ;
#1898 = DIRECTION ( 'NONE',  ( -0.000000000000000000, 0.000000000000000000, 1.000000000000000000 ) ) ;
#1899 = VECTOR ( 'NONE', #5078, 1000.000000000000000 ) ;
#1900 = ORIENTED_EDGE ( 'NONE', *, *, #2874, .F. ) ;
#1901 = ORIENTED_EDGE ( 'NONE', *, *, #195, .F. ) ;
#1902 = DIRECTION ( 'NONE',  ( 0.7071067811865479058, -0.7071067811865471286, -0.000000000000000000 ) ) ;
#1903 = ORIENTED_EDGE ( 'NONE', *, *, #7638, .F. ) ;
#1904 = ORIENTED_EDGE ( 'NONE', *, *, #5201, .T. ) ;
#1905 = CARTESIAN_POINT ( 'NONE',  ( -89.50000000000001421, 0.000000000000000000, 0.3499999999999999223 ) ) ;
#1906 = EDGE_CURVE ( 'NONE', #7554, #4407, #3310, .T. ) ;
#1907 = EDGE_CURVE ( 'NONE', #3921, #4105, #3952, .T. ) ;
#1908 = LINE ( 'NONE', #7011, #5498 ) ;
#1909 = ORIENTED_EDGE ( 'NONE', *, *, #879, .T. ) ;
#1910 = ORIENTED_EDGE ( 'NONE', *, *, #8261, .F. ) ;
#1911 = DIRECTION ( 'NONE',  ( 0.000000000000000000, 0.000000000000000000, 1.000000000000000000 ) ) ;
#1912 = VERTEX_POINT ( 'NONE', #5975 ) ;
#1913 = LINE ( 'NONE', #3834, #6578 ) ;
#1914 = CARTESIAN_POINT ( 'NONE',  ( -36.47847513588165214, 13.13641401289931210, 1.500000000000000444 ) ) ;
#1915 = DIRECTION ( 'NONE',  ( -1.000000000000000000, 0.000000000000000000, -0.000000000000000000 ) ) ;
#1916 = EDGE_CURVE ( 'NONE', #3395, #2989, #1389, .T. ) ;
#1917 = CARTESIAN_POINT ( 'NONE',  ( -29.99999999999998579, 20.85065487298227183, 1.500000000000000444 ) ) ;
#1918 = CARTESIAN_POINT ( 'NONE',  ( -53.01788286210067724, 15.50448725967914143, 0.5000000000000004441 ) ) ;
#1919 = ORIENTED_EDGE ( 'NONE', *, *, #3754, .F. ) ;
#1920 = LINE ( 'NONE', #2499, #5104 ) ;
#1921 = VERTEX_POINT ( 'NONE', #209 ) ;
#1922 = DIRECTION ( 'NONE',  ( -0.000000000000000000, 1.000000000000000000, -0.000000000000000000 ) ) ;
#1923 = ORIENTED_EDGE ( 'NONE', *, *, #6017, .T. ) ;
#1924 = LINE ( 'NONE', #574, #1869 ) ;
#1925 = LINE ( 'NONE', #2548, #1586 ) ;
#1926 = PLANE ( 'NONE',  #1947 ) ;
#1927 = DIRECTION ( 'NONE',  ( 0.5773502691896458261, -0.5773502691896258421, -0.5773502691896057470 ) ) ;
#1928 = DIRECTION ( 'NONE',  ( -1.000000000000000000, -6.546126324440782623E-16, -0.000000000000000000 ) ) ;
#1929 = PLANE ( 'NONE',  #7399 ) ;
#1930 = ORIENTED_EDGE ( 'NONE', *, *, #6674, .T. ) ;
#1931 = ORIENTED_EDGE ( 'NONE', *, *, #8189, .F. ) ;
#1932 = CARTESIAN_POINT ( 'NONE',  ( 16.61788286210066801, 16.07582173911838197, 1.500000000000000444 ) ) ;
#1933 = LINE ( 'NONE', #1843, #795 ) ;
#1934 = VECTOR ( 'NONE', #3101, 1000.000000000000000 ) ;
#1935 = EDGE_CURVE ( 'NONE', #5784, #2036, #2763, .T. ) ;
#1936 = EDGE_LOOP ( 'NONE', ( #1942, #6431, #843, #6647, #4091, #3563, #6107, #5004 ) ) ;
#1937 = LINE ( 'NONE', #1304, #1934 ) ;
#1938 = DIRECTION ( 'NONE',  ( 1.000000000000000000, -0.000000000000000000, -0.000000000000000000 ) ) ;
#1939 = ORIENTED_EDGE ( 'NONE', *, *, #856, .F. ) ;
#1940 = ORIENTED_EDGE ( 'NONE', *, *, #7892, .T. ) ;
#1941 = CARTESIAN_POINT ( 'NONE',  ( -37.06788286210068151, 15.48641401289931174, 0.5000000000000004441 ) ) ;
#1942 = ORIENTED_EDGE ( 'NONE', *, *, #922, .T. ) ;
#1943 = EDGE_CURVE ( 'NONE', #426, #2255, #126, .T. ) ;
#1944 = VECTOR ( 'NONE', #2740, 1000.000000000000000 ) ;
#1945 = VERTEX_POINT ( 'NONE', #7847 ) ;
#1946 = CARTESIAN_POINT ( 'NONE',  ( -37.06788286210068151, 20.80448725967914925, 0.5000000000000004441 ) ) ;
#1947 = AXIS2_PLACEMENT_3D ( 'NONE', #5122, #1334, #1209 ) ;
#1948 = DIRECTION ( 'NONE',  ( -0.7071067811865479058, 0.7071067811865471286, 0.000000000000000000 ) ) ;
#1949 = ORIENTED_EDGE ( 'NONE', *, *, #8006, .T. ) ;
#1950 = VERTEX_POINT ( 'NONE', #7922 ) ;
#1951 = PLANE ( 'NONE',  #7281 ) ;
#1952 = DIRECTION ( 'NONE',  ( -0.000000000000000000, -0.000000000000000000, -1.000000000000000000 ) ) ;
#1953 = VECTOR ( 'NONE', #1766, 1000.000000000000000 ) ;
#1954 = ADVANCED_FACE ( 'NONE', ( #6651 ), #169, .T. ) ;
#1955 = EDGE_CURVE ( 'NONE', #5273, #2617, #2062, .T. ) ;
#1956 = LINE ( 'NONE', #2623, #5845 ) ;
#1957 = PLANE ( 'NONE',  #4257 ) ;
#1958 = CARTESIAN_POINT ( 'NONE',  ( 46.11666666666666714, 25.38763020833333428, 0.2666666666666542285 ) ) ;
#1959 = ORIENTED_EDGE ( 'NONE', *, *, #5779, .F. ) ;
#1960 = CARTESIAN_POINT ( 'NONE',  ( 32.52152486411834076, 13.13641401289931210, 6.000000000000000000 ) ) ;
#1961 = ORIENTED_EDGE ( 'NONE', *, *, #1159, .F. ) ;
#1962 = ORIENTED_EDGE ( 'NONE', *, *, #5109, .F. ) ;
#1963 = LINE ( 'NONE', #3167, #248 ) ;
#1964 = ORIENTED_EDGE ( 'NONE', *, *, #5053, .F. ) ;
#1965 = CARTESIAN_POINT ( 'NONE',  ( 32.52152486411835497, 23.17217973710070567, 2.500000000000000444 ) ) ;
#1966 = EDGE_CURVE ( 'NONE', #3164, #2325, #7887, .T. ) ;
#1967 = PLANE ( 'NONE',  #3461 ) ;
#1968 = LINE ( 'NONE', #4391, #1411 ) ;
#1969 = CARTESIAN_POINT ( 'NONE',  ( -54.76788286210067724, 20.78641401289931778, -2.999999999999999112 ) ) ;
#1970 = DIRECTION ( 'NONE',  ( 1.000000000000000000, 0.000000000000000000, 0.000000000000000000 ) ) ;
#1971 = LINE ( 'NONE', #4959, #8077 ) ;
#1972 = VERTEX_POINT ( 'NONE', #6568 ) ;
#1973 = ORIENTED_EDGE ( 'NONE', *, *, #1121, .F. ) ;
#1974 = FACE_OUTER_BOUND ( 'NONE', #8169, .T. ) ;
#1975 = CARTESIAN_POINT ( 'NONE',  ( -14.06788286210067263, 15.48641401289931174, -2.999999999999999112 ) ) ;
#1976 = EDGE_CURVE ( 'NONE', #1945, #6319, #2102, .T. ) ;
#1977 = ORIENTED_EDGE ( 'NONE', *, *, #5520, .F. ) ;
#1978 = CARTESIAN_POINT ( 'NONE',  ( -55.41788286210067582, 20.78641401289931778, 0.5000000000000004441 ) ) ;
#1979 = EDGE_CURVE ( 'NONE', #2818, #5591, #7247, .T. ) ;
#1980 = FACE_OUTER_BOUND ( 'NONE', #851, .T. ) ;
#1981 = ADVANCED_FACE ( 'NONE', ( #5375 ), #7972, .T. ) ;
#1982 = ORIENTED_EDGE ( 'NONE', *, *, #6791, .F. ) ;
#1983 = ORIENTED_EDGE ( 'NONE', *, *, #6770, .T. ) ;
#1984 = FACE_OUTER_BOUND ( 'NONE', #3705, .T. ) ;
#1985 = ORIENTED_EDGE ( 'NONE', *, *, #4234, .T. ) ;
#1986 = ORIENTED_EDGE ( 'NONE', *, *, #4499, .F. ) ;
#1987 = CARTESIAN_POINT ( 'NONE',  ( 39.00000000000000711, 20.85065487298227183, 1.500000000000000444 ) ) ;
#1988 = LINE ( 'NONE', #1314, #7266 ) ;
#1989 = EDGE_LOOP ( 'NONE', ( #1407, #5968, #429, #6665 ) ) ;
#1990 = ADVANCED_FACE ( 'NONE', ( #6095 ), #2383, .F. ) ;
#1991 = VERTEX_POINT ( 'NONE', #8010 ) ;
#1992 = CARTESIAN_POINT ( 'NONE',  ( -29.99999999999998934, 15.45793887701772107, 4.000000000000000000 ) ) ;
#1993 = AXIS2_PLACEMENT_3D ( 'NONE', #7492, #5578, #6173 ) ;
#1994 = DIRECTION ( 'NONE',  ( 0.000000000000000000, -0.000000000000000000, 1.000000000000000000 ) ) ;
#1995 = PERSON_AND_ORGANIZATION ( #860, #5392 ) ;
#1996 = EDGE_CURVE ( 'NONE', #2161, #3147, #4866, .T. ) ;
#1997 = DIRECTION ( 'NONE',  ( 0.000000000000000000, 1.000000000000000000, 1.608394988049553126E-16 ) ) ;
#1998 = ORIENTED_EDGE ( 'NONE', *, *, #5567, .F. ) ;
#1999 = VECTOR ( 'NONE', #3379, 1000.000000000000000 ) ;
#2000 = CARTESIAN_POINT ( 'NONE',  ( -9.417882862100658059, 15.48641401289931174, 0.5000000000000004441 ) ) ;
#2001 = ORIENTED_EDGE ( 'NONE', *, *, #6792, .T. ) ;
#2002 = EDGE_LOOP ( 'NONE', ( #6645, #5771, #6109, #7949 ) ) ;
#2003 = PLANE ( 'NONE',  #1857 ) ;
#2004 = ORIENTED_EDGE ( 'NONE', *, *, #5875, .T. ) ;
#2005 = CARTESIAN_POINT ( 'NONE',  ( -60.06788286210068151, 20.78641401289931068, 0.5000000000000004441 ) ) ;
#2006 = VECTOR ( 'NONE', #640, 1000.000000000000000 ) ;
#2007 = FACE_OUTER_BOUND ( 'NONE', #4211, .T. ) ;
#2008 = CARTESIAN_POINT ( 'NONE',  ( -55.41788286210067582, 13.48641401289931174, 0.5000000000000004441 ) ) ;
#2009 = DIRECTION ( 'NONE',  ( 1.000000000000000000, 0.000000000000000000, 0.000000000000000000 ) ) ;
#2010 = CARTESIAN_POINT ( 'NONE',  ( 9.582117137899304637, 20.78641401289931778, 0.5000000000000004441 ) ) ;
#2011 = ADVANCED_FACE ( 'NONE', ( #2972 ), #294, .T. ) ;
#2012 = EDGE_CURVE ( 'NONE', #1397, #3164, #7494, .T. ) ;
#2013 = DIRECTION ( 'NONE',  ( 0.7071067811865466846, 0.7071067811865483499, 0.000000000000000000 ) ) ;
#2014 = ORIENTED_EDGE ( 'NONE', *, *, #1996, .F. ) ;
#2015 = VECTOR ( 'NONE', #5126, 1000.000000000000000 ) ;
#2016 = LINE ( 'NONE', #6522, #7140 ) ;
#2017 = ORIENTED_EDGE ( 'NONE', *, *, #4958, .F. ) ;
#2018 = LINE ( 'NONE', #2558, #3238 ) ;
#2019 = LINE ( 'NONE', #6350, #657 ) ;
#2020 = VECTOR ( 'NONE', #5531, 1000.000000000000000 ) ;
#2021 = DIRECTION ( 'NONE',  ( 0.000000000000000000, -1.000000000000000000, 0.000000000000000000 ) ) ;
#2022 = DIRECTION ( 'NONE',  ( 1.000000000000000000, 1.259073490628327444E-16, -0.000000000000000000 ) ) ;
#2023 = AXIS2_PLACEMENT_3D ( 'NONE', #6120, #3539, #5480 ) ;
#2024 = CARTESIAN_POINT ( 'NONE',  ( -9.417882862100670494, 20.78641401289931778, 0.5000000000000004441 ) ) ;
#2025 = EDGE_CURVE ( 'NONE', #2607, #6863, #2847, .T. ) ;
#2026 = VERTEX_POINT ( 'NONE', #4782 ) ;
#2027 = CARTESIAN_POINT ( 'NONE',  ( -38.81788286210068151, 20.80448725967914925, 0.5000000000000004441 ) ) ;
#2028 = VECTOR ( 'NONE', #4815, 1000.000000000000000 ) ;
#2029 = ORIENTED_EDGE ( 'NONE', *, *, #3821, .T. ) ;
#2030 = VECTOR ( 'NONE', #4908, 1000.000000000000000 ) ;
#2031 = EDGE_LOOP ( 'NONE', ( #3068, #7470, #1961, #3107, #978, #1186, #7864, #7309 ) ) ;
#2032 = CARTESIAN_POINT ( 'NONE',  ( 36.58211713789931707, 20.78641401289931778, 1.500000000000000444 ) ) ;
#2033 = VECTOR ( 'NONE', #4755, 1000.000000000000000 ) ;
#2034 = CARTESIAN_POINT ( 'NONE',  ( 8.932117137899320269, 15.48641401289931174, 1.500000000000000444 ) ) ;
#2035 = ORIENTED_EDGE ( 'NONE', *, *, #4170, .T. ) ;
#2036 = VERTEX_POINT ( 'NONE', #8132 ) ;
#2037 = DIRECTION ( 'NONE',  ( -0.7071067811865479058, -0.7071067811865471286, 0.000000000000000000 ) ) ;
#2038 = EDGE_CURVE ( 'NONE', #4087, #2161, #2890, .T. ) ;
#2039 = VECTOR ( 'NONE', #5542, 1000.000000000000000 ) ;
#2040 = PLANE ( 'NONE',  #1134 ) ;
#2041 = CARTESIAN_POINT ( 'NONE',  ( -91.75000000000001421, 20.85065487298227183, 2.500000000000000000 ) ) ;
#2042 = ORIENTED_EDGE ( 'NONE', *, *, #7200, .T. ) ;
#2043 = PLANE ( 'NONE',  #276 ) ;
#2044 = VERTEX_POINT ( 'NONE', #8173 ) ;
#2045 = ORIENTED_EDGE ( 'NONE', *, *, #5070, .F. ) ;
#2046 = CARTESIAN_POINT ( 'NONE',  ( 9.582117137899304637, 15.48641401289931174, 0.5000000000000004441 ) ) ;
#2047 = CARTESIAN_POINT ( 'NONE',  ( 46.25000000000000000, 13.90429687500000355, 1.000000000000000000 ) ) ;
#2048 = ADVANCED_FACE ( 'NONE', ( #7370 ), #1589, .F. ) ;
#2049 = CARTESIAN_POINT ( 'NONE',  ( -32.32152486411842318, 23.17217973710070567, 6.000000000000000000 ) ) ;
#2050 = DIRECTION ( 'NONE',  ( -1.000000000000000000, 1.734723475976806709E-18, 0.000000000000000000 ) ) ;
#2051 = LINE ( 'NONE', #2092, #3148 ) ;
#2052 = DIRECTION ( 'NONE',  ( 0.7071067811865466846, 0.7071067811865483499, 0.000000000000000000 ) ) ;
#2053 = CARTESIAN_POINT ( 'NONE',  ( -52.99999999999998579, 20.85065487298227183, 4.000000000000000000 ) ) ;
#2054 = EDGE_LOOP ( 'NONE', ( #3783, #191, #1582, #4597 ) ) ;
#2055 = LINE ( 'NONE', #1459, #1066 ) ;
#2056 = ORIENTED_EDGE ( 'NONE', *, *, #3677, .T. ) ;
#2057 = DIRECTION ( 'NONE',  ( 0.000000000000000000, 0.000000000000000000, -1.000000000000000000 ) ) ;
#2058 = CARTESIAN_POINT ( 'NONE',  ( 14.23211713789931920, 15.50448725967914143, 0.5000000000000004441 ) ) ;
#2059 = EDGE_CURVE ( 'NONE', #1256, #4371, #2349, .T. ) ;
#2060 = EDGE_CURVE ( 'NONE', #6849, #19, #7416, .T. ) ;
#2061 = CARTESIAN_POINT ( 'NONE',  ( -59.41788286210069714, 15.48641401289931174, 1.500000000000000444 ) ) ;
#2062 = LINE ( 'NONE', #7212, #6097 ) ;
#2063 = DIRECTION ( 'NONE',  ( 1.000000000000000000, -0.000000000000000000, 0.000000000000000000 ) ) ;
#2064 = VECTOR ( 'NONE', #5580, 1000.000000000000000 ) ;
#2065 = ORIENTED_EDGE ( 'NONE', *, *, #1615, .T. ) ;
#2066 = ORIENTED_EDGE ( 'NONE', *, *, #5450, .F. ) ;
#2067 = LINE ( 'NONE', #1308, #2169 ) ;
#2068 = ORIENTED_EDGE ( 'NONE', *, *, #5835, .T. ) ;
#2069 = EDGE_CURVE ( 'NONE', #1520, #3704, #6858, .T. ) ;
#2070 = ORIENTED_EDGE ( 'NONE', *, *, #7689, .F. ) ;
#2071 = DIRECTION ( 'NONE',  ( 0.000000000000000000, 1.000000000000000000, 0.000000000000000000 ) ) ;
#2072 = CARTESIAN_POINT ( 'NONE',  ( -84.81788286210067440, 15.48641401289931174, 0.5000000000000004441 ) ) ;
#2073 = VERTEX_POINT ( 'NONE', #999 ) ;
#2074 = EDGE_LOOP ( 'NONE', ( #3757, #834, #7189, #1652 ) ) ;
#2075 = FACE_OUTER_BOUND ( 'NONE', #7497, .T. ) ;
#2076 = CLOSED_SHELL ( 'NONE', ( #5865, #1954, #3945, #5424, #3257, #2011, #333, #3819, #2093, #7932, #7204, #6215, #3903, #1724, #53, #2761, #2862, #683, #8236, #6056, #846, #7071, #5150, #2228, #6342, #2825, #2314, #2813, #5895, #5043, #849, #6879, #4877, #901, #4252, #4263, #731, #1687, #2769, #911, #7056, #947, #3694, #6066, #2918, #6825, #3815, #1981, #4471, #8302, #5606, #7005, #8076, #7899, #800, #2206, #3782, #1056, #2584, #7650, #5059, #4729, #1435, #5344, #2985, #4947, #5507, #5640, #6903, #7398, #3533, #2946, #6941, #7087, #6102, #6495, #2694, #4904, #7441, #2399, #3612, #5353, #3446, #5946, #8319, #2363, #1990, #2649, #6598, #8230, #4868, #4194, #739, #2196, #3701, #6458, #289, #5915, #629, #5648, #3649, #4774, #4821, #414, #7966, #6757, #2150, #7749, #1527, #5329, #3688, #6620, #7262, #3971, #7865, #4386, #358, #7304, #4317, #643, #1002, #7582, #495, #1396, #6085, #4059, #4695, #5904, #6330, #1436, #5594, #3859, #2330, #5119, #3449, #5653, #4120, #6402, #7412, #5103, #3917, #5465, #3021, #433, #6297, #1321, #825, #1880, #1086, #588, #308, #7767, #8155, #2048, #4832, #6643, #7855, #6139, #7629, #2447, #258, #5190, #1829, #6703, #4675, #3282, #4580, #6141, #4975, #2234, #2481, #1498, #6754, #5056, #6465, #3383, #182, #1807, #6596, #5623, #2801, #2304, #6877, #1677, #1101, #2111, #1584, #2646, #7094, #4688, #5814, #7924, #7194, #106, #1518, #3630, #2695, #1536, #7379, #6067, #1336, #4058, #3906, #7170, #1667, #6121, #5383, #5452, #842, #1643, #7085, #3162, #4338, #964, #8354, #6448, #2389, #7117, #319, #3804, #3596, #6496, #6891, #225, #554, #6131, #3865, #7454, #4784, #3235, #7514, #7500, #3430, #1418, #2622, #2897, #8121, #4113, #4797, #5857, #2097, #4482, #5943, #990, #4989, #5429, #7277, #7719, #592, #1798, #6269, #7245, #564, #6187, #7178, #5816 ) ) ;
#2077 = LINE ( 'NONE', #3877, #3006 ) ;
#2078 = EDGE_CURVE ( 'NONE', #5013, #7347, #3556, .T. ) ;
#2079 = AXIS2_PLACEMENT_3D ( 'NONE', #440, #7018, #4472 ) ;
#2080 = DIRECTION ( 'NONE',  ( -0.000000000000000000, -0.000000000000000000, 1.000000000000000000 ) ) ;
#2081 = EDGE_LOOP ( 'NONE', ( #2638, #919, #4367, #1506, #5463 ) ) ;
#2082 = DIRECTION ( 'NONE',  ( 1.000000000000000000, 0.000000000000000000, 0.000000000000000000 ) ) ;
#2083 = EDGE_LOOP ( 'NONE', ( #7476, #8334, #2778, #7964 ) ) ;
#2084 = ORIENTED_EDGE ( 'NONE', *, *, #5972, .T. ) ;
#2085 = EDGE_CURVE ( 'NONE', #5240, #421, #2308, .T. ) ;
#2086 = AXIS2_PLACEMENT_3D ( 'NONE', #3421, #6002, #903 ) ;
#2087 = DIRECTION ( 'NONE',  ( -0.000000000000000000, -0.000000000000000000, 1.000000000000000000 ) ) ;
#2088 = DIRECTION ( 'NONE',  ( 1.000000000000000000, 1.259073490628327444E-16, -0.000000000000000000 ) ) ;
#2089 = CARTESIAN_POINT ( 'NONE',  ( -55.32152486411841608, 23.17217973710070567, 1.500000000000000444 ) ) ;
#2090 = AXIS2_PLACEMENT_3D ( 'NONE', #3732, #6312, #2392 ) ;
#2091 = DIRECTION ( 'NONE',  ( -1.000000000000000000, 0.000000000000000000, 0.000000000000000000 ) ) ;
#2092 = CARTESIAN_POINT ( 'NONE',  ( 36.58211713789931707, 20.78641401289931778, 0.5000000000000004441 ) ) ;
#2093 = ADVANCED_FACE ( 'NONE', ( #7535 ), #4150, .F. ) ;
#2094 = FACE_OUTER_BOUND ( 'NONE', #4723, .T. ) ;
#2095 = CARTESIAN_POINT ( 'NONE',  ( -55.41788286210067582, 13.48641401289931174, 0.5000000000000004441 ) ) ;
#2096 = ORIENTED_EDGE ( 'NONE', *, *, #1695, .T. ) ;
#2097 = ADVANCED_FACE ( 'NONE', ( #1039 ), #6733, .F. ) ;
#2098 = DIRECTION ( 'NONE',  ( -0.000000000000000000, -0.000000000000000000, 1.000000000000000000 ) ) ;
#2099 = ORIENTED_EDGE ( 'NONE', *, *, #721, .T. ) ;
#2100 = FACE_OUTER_BOUND ( 'NONE', #4172, .T. ) ;
#2101 = CARTESIAN_POINT ( 'NONE',  ( 114.9999999999999858, 0.000000000000000000, 0.5000000000000004441 ) ) ;
#2102 = LINE ( 'NONE', #4658, #8269 ) ;
#2103 = LINE ( 'NONE', #761, #6322 ) ;
#2104 = VECTOR ( 'NONE', #5667, 1000.000000000000000 ) ;
#2105 = EDGE_LOOP ( 'NONE', ( #7272, #753, #7120, #2351 ) ) ;
#2106 = CARTESIAN_POINT ( 'NONE',  ( -9.417882862100670494, 20.78641401289931778, 1.500000000000000444 ) ) ;
#2107 = DIRECTION ( 'NONE',  ( -0.000000000000000000, -1.000000000000000000, -0.000000000000000000 ) ) ;
#2108 = ORIENTED_EDGE ( 'NONE', *, *, #6817, .F. ) ;
#2109 = PLANE ( 'NONE',  #6934 ) ;
#2110 = FACE_OUTER_BOUND ( 'NONE', #3284, .T. ) ;
#2111 = ADVANCED_FACE ( 'NONE', ( #412 ), #3010, .F. ) ;
#2112 = ORIENTED_EDGE ( 'NONE', *, *, #6611, .F. ) ;
#2113 = ORIENTED_EDGE ( 'NONE', *, *, #8288, .F. ) ;
#2114 = DIRECTION ( 'NONE',  ( 1.000000000000000000, 1.259073490628327690E-16, 0.000000000000000000 ) ) ;
#2115 = VERTEX_POINT ( 'NONE', #2468 ) ;
#2116 = FACE_OUTER_BOUND ( 'NONE', #7727, .T. ) ;
#2117 = FACE_OUTER_BOUND ( 'NONE', #3004, .T. ) ;
#2118 = EDGE_CURVE ( 'NONE', #5449, #4589, #3046, .T. ) ;
#2119 = ORIENTED_EDGE ( 'NONE', *, *, #8042, .F. ) ;
#2120 = CARTESIAN_POINT ( 'NONE',  ( 36.69635799798228959, 13.15429687500000533, 4.000000000000000000 ) ) ;
#2121 = VERTEX_POINT ( 'NONE', #5745 ) ;
#2122 = ORIENTED_EDGE ( 'NONE', *, *, #668, .T. ) ;
#2123 = CARTESIAN_POINT ( 'NONE',  ( 39.00000000000002132, 20.85065487298226827, 2.500000000000000000 ) ) ;
#2124 = VECTOR ( 'NONE', #7329, 1000.000000000000000 ) ;
#2125 = CARTESIAN_POINT ( 'NONE',  ( -13.47847513588164325, 13.13641401289931210, 6.000000000000000000 ) ) ;
#2126 = CARTESIAN_POINT ( 'NONE',  ( -30.01788286210067724, 15.50448725967914143, 0.5000000000000004441 ) ) ;
#2127 = EDGE_CURVE ( 'NONE', #7634, #499, #5618, .T. ) ;
#2128 = PLANE ( 'NONE',  #4758 ) ;
#2129 = CARTESIAN_POINT ( 'NONE',  ( -13.49635799798234714, 23.15429687499999289, 6.000000000000000000 ) ) ;
#2130 = VECTOR ( 'NONE', #1329, 1000.000000000000000 ) ;
#2131 = DIRECTION ( 'NONE',  ( 0.000000000000000000, -0.000000000000000000, -1.000000000000000000 ) ) ;
#2132 = DIRECTION ( 'NONE',  ( 1.000000000000000000, 6.938893903907222067E-15, 0.000000000000000000 ) ) ;
#2133 = ORIENTED_EDGE ( 'NONE', *, *, #712, .F. ) ;
#2134 = CARTESIAN_POINT ( 'NONE',  ( -36.47847513588163793, 23.17217973710070567, 1.500000000000000444 ) ) ;
#2135 = ORIENTED_EDGE ( 'NONE', *, *, #1007, .T. ) ;
#2136 = CARTESIAN_POINT ( 'NONE',  ( -55.30364200201770331, 13.15429687499999467, 6.000000000000000000 ) ) ;
#2137 = AXIS2_PLACEMENT_3D ( 'NONE', #5846, #715, #4579 ) ;
#2138 = EDGE_CURVE ( 'NONE', #6106, #1921, #660, .T. ) ;
#2139 = EDGE_CURVE ( 'NONE', #4249, #4397, #6299, .T. ) ;
#2140 = CARTESIAN_POINT ( 'NONE',  ( 39.25000000000000000, 13.15429687500000355, 4.000000000000000000 ) ) ;
#2141 = DIRECTION ( 'NONE',  ( -0.000000000000000000, 1.000000000000000000, -0.000000000000000000 ) ) ;
#2142 = AXIS2_PLACEMENT_3D ( 'NONE', #5736, #6287, #7700 ) ;
#2143 = DIRECTION ( 'NONE',  ( -0.000000000000000000, -0.000000000000000000, 1.000000000000000000 ) ) ;
#2144 = VECTOR ( 'NONE', #6842, 1000.000000000000000 ) ;
#2145 = ORIENTED_EDGE ( 'NONE', *, *, #3246, .F. ) ;
#2146 = CARTESIAN_POINT ( 'NONE',  ( 39.25000000000000000, 23.15429687500000000, 6.000000000000000000 ) ) ;
#2147 = LINE ( 'NONE', #5339, #5232 ) ;
#2148 = VECTOR ( 'NONE', #5947, 1000.000000000000000 ) ;
#2149 = VECTOR ( 'NONE', #3466, 1000.000000000000000 ) ;
#2150 = ADVANCED_FACE ( 'NONE', ( #534 ), #3093, .F. ) ;
#2151 = ORIENTED_EDGE ( 'NONE', *, *, #4718, .T. ) ;
#2152 = FACE_OUTER_BOUND ( 'NONE', #5634, .T. ) ;
#2153 = DIRECTION ( 'NONE',  ( -1.000000000000000000, -6.546126324440782623E-16, -0.000000000000000000 ) ) ;
#2154 = VECTOR ( 'NONE', #6377, 1000.000000000000227 ) ;
#2155 = ORIENTED_EDGE ( 'NONE', *, *, #5679, .T. ) ;
#2156 = VECTOR ( 'NONE', #5415, 1000.000000000000000 ) ;
#2157 = ORIENTED_EDGE ( 'NONE', *, *, #8109, .F. ) ;
#2158 = LINE ( 'NONE', #5950, #2957 ) ;
#2159 = VERTEX_POINT ( 'NONE', #1335 ) ;
#2160 = AXIS2_PLACEMENT_3D ( 'NONE', #3197, #4511, #3747 ) ;
#2161 = VERTEX_POINT ( 'NONE', #7621 ) ;
#2162 = EDGE_CURVE ( 'NONE', #4423, #1823, #6944, .T. ) ;
#2163 = VECTOR ( 'NONE', #2866, 1000.000000000000000 ) ;
#2164 = DIRECTION ( 'NONE',  ( 1.000000000000000000, 0.000000000000000000, 0.000000000000000000 ) ) ;
#2165 = DIRECTION ( 'NONE',  ( 2.790120544412995478E-34, 1.608394988049553126E-16, -1.000000000000000000 ) ) ;
#2166 = VERTEX_POINT ( 'NONE', #39 ) ;
#2167 = CARTESIAN_POINT ( 'NONE',  ( 6.582117137899287762, 16.07582173911837486, 4.000000000000000000 ) ) ;
#2168 = VERTEX_POINT ( 'NONE', #5163 ) ;
#2169 = VECTOR ( 'NONE', #2648, 1000.000000000000000 ) ;
#2170 = LINE ( 'NONE', #3377, #918 ) ;
#2171 = DIRECTION ( 'NONE',  ( -0.000000000000000000, -0.000000000000000000, 1.000000000000000000 ) ) ;
#2172 = EDGE_CURVE ( 'NONE', #5948, #2643, #4527, .T. ) ;
#2173 = LINE ( 'NONE', #6761, #7214 ) ;
#2174 = AXIS2_PLACEMENT_3D ( 'NONE', #6524, #6433, #714 ) ;
#2175 = LINE ( 'NONE', #7873, #1006 ) ;
#2176 = DIRECTION ( 'NONE',  ( 1.000000000000000000, -0.000000000000000000, 0.000000000000000000 ) ) ;
#2177 = FACE_OUTER_BOUND ( 'NONE', #2217, .T. ) ;
#2178 = DIRECTION ( 'NONE',  ( -1.000000000000000000, -0.000000000000000000, -0.000000000000000000 ) ) ;
#2179 = ORIENTED_EDGE ( 'NONE', *, *, #6531, .F. ) ;
#2180 = CARTESIAN_POINT ( 'NONE',  ( -89.25000000000001421, 13.15429687500000355, 0.000000000000000000 ) ) ;
#2181 = ORIENTED_EDGE ( 'NONE', *, *, #2538, .F. ) ;
#2182 = DIRECTION ( 'NONE',  ( 0.000000000000000000, 0.000000000000000000, -1.000000000000000000 ) ) ;
#2183 = DIRECTION ( 'NONE',  ( 0.000000000000000000, 1.000000000000000000, 0.000000000000000000 ) ) ;
#2184 = DIRECTION ( 'NONE',  ( -0.000000000000000000, -0.000000000000000000, 1.000000000000000000 ) ) ;
#2185 = DIRECTION ( 'NONE',  ( -0.000000000000000000, -0.000000000000000000, 1.000000000000000000 ) ) ;
#2186 = AXIS2_PLACEMENT_3D ( 'NONE', #5837, #2176, #6003 ) ;
#2187 = ORIENTED_EDGE ( 'NONE', *, *, #4856, .F. ) ;
#2188 = CARTESIAN_POINT ( 'NONE',  ( 39.25000000000000000, 20.85065487298227183, 1.000000000000000000 ) ) ;
#2189 = CARTESIAN_POINT ( 'NONE',  ( 6.582117137899287762, 20.23277201088163224, 1.500000000000000444 ) ) ;
#2190 = VERTEX_POINT ( 'NONE', #8217 ) ;
#2191 = LINE ( 'NONE', #1476, #8291 ) ;
#2192 = LINE ( 'NONE', #7427, #6451 ) ;
#2193 = ORIENTED_EDGE ( 'NONE', *, *, #5581, .F. ) ;
#2194 = ORIENTED_EDGE ( 'NONE', *, *, #7082, .T. ) ;
#2195 = LINE ( 'NONE', #8063, #7414 ) ;
#2196 = ADVANCED_FACE ( 'NONE', ( #5707 ), #1254, .F. ) ;
#2197 = ORIENTED_EDGE ( 'NONE', *, *, #727, .F. ) ;
#2198 = VECTOR ( 'NONE', #3857, 1000.000000000000000 ) ;
#2199 = VERTEX_POINT ( 'NONE', #7031 ) ;
#2200 = LINE ( 'NONE', #6706, #3122 ) ;
#2201 = PLANE ( 'NONE',  #2823 ) ;
#2202 = ORIENTED_EDGE ( 'NONE', *, *, #5275, .T. ) ;
#2203 = DIRECTION ( 'NONE',  ( 0.000000000000000000, 0.000000000000000000, -1.000000000000000000 ) ) ;
#2204 = VERTEX_POINT ( 'NONE', #4446 ) ;
#2205 = PLANE ( 'NONE',  #6295 ) ;
#2206 = ADVANCED_FACE ( 'NONE', ( #5073 ), #2550, .F. ) ;
#2207 = EDGE_CURVE ( 'NONE', #6338, #5781, #6345, .T. ) ;
#2208 = CARTESIAN_POINT ( 'NONE',  ( -83.06788286210067440, 15.48641401289931174, 1.500000000000000444 ) ) ;
#2209 = VECTOR ( 'NONE', #3593, 1000.000000000000000 ) ;
#2210 = LINE ( 'NONE', #4253, #5028 ) ;
#2211 = DIRECTION ( 'NONE',  ( 1.000000000000000000, 1.259073490628327690E-16, 0.000000000000000000 ) ) ;
#2212 = DIRECTION ( 'NONE',  ( 0.7071067811865471286, 0.7071067811865479058, 0.000000000000000000 ) ) ;
#2213 = EDGE_CURVE ( 'NONE', #5049, #3914, #3768, .T. ) ;
#2214 = VECTOR ( 'NONE', #38, 1000.000000000000000 ) ;
#2215 = CARTESIAN_POINT ( 'NONE',  ( -39.41788286210071135, 20.23277201088163224, 1.500000000000000444 ) ) ;
#2216 = LINE ( 'NONE', #163, #1478 ) ;
#2217 = EDGE_LOOP ( 'NONE', ( #2229, #2781, #4920, #8062 ) ) ;
#2218 = APPROVAL ( #1741, 'UNSPECIFIED' ) ;
#2219 = LINE ( 'NONE', #1032, #1474 ) ;
#2220 = EDGE_CURVE ( 'NONE', #1512, #2115, #6425, .T. ) ;
#2221 = ORIENTED_EDGE ( 'NONE', *, *, #1035, .F. ) ;
#2222 = CARTESIAN_POINT ( 'NONE',  ( -13.41788286210068826, 20.78641401289931423, 0.5000000000000004441 ) ) ;
#2223 = VECTOR ( 'NONE', #6911, 1000.000000000000000 ) ;
#2224 = DIRECTION ( 'NONE',  ( -1.000000000000000000, -0.000000000000000000, -0.000000000000000000 ) ) ;
#2225 = DIRECTION ( 'NONE',  ( -0.000000000000000000, 0.000000000000000000, 1.000000000000000000 ) ) ;
#2226 = CARTESIAN_POINT ( 'NONE',  ( -13.47847513588162904, 23.17217973710070567, 1.500000000000000444 ) ) ;
#2227 = CARTESIAN_POINT ( 'NONE',  ( -75.99999999999998579, 20.85065487298227183, 1.500000000000000444 ) ) ;
#2228 = ADVANCED_FACE ( 'NONE', ( #6259 ), #3172, .F. ) ;
#2229 = ORIENTED_EDGE ( 'NONE', *, *, #6427, .T. ) ;
#2230 = DIRECTION ( 'NONE',  ( 0.000000000000000000, -1.000000000000000000, 0.000000000000000000 ) ) ;
#2231 = DIRECTION ( 'NONE',  ( 1.000000000000000000, 6.938893903907222067E-15, 0.000000000000000000 ) ) ;
#2232 = ORIENTED_EDGE ( 'NONE', *, *, #3134, .F. ) ;
#2233 = DIRECTION ( 'NONE',  ( 0.000000000000000000, -0.000000000000000000, -1.000000000000000000 ) ) ;
#2234 = ADVANCED_FACE ( 'NONE', ( #8301, #6387 ), #2430, .T. ) ;
#2235 = LINE ( 'NONE', #1600, #8218 ) ;
#2236 = ORIENTED_EDGE ( 'NONE', *, *, #3892, .T. ) ;
#2237 = ORIENTED_EDGE ( 'NONE', *, *, #6306, .F. ) ;
#2238 = CARTESIAN_POINT ( 'NONE',  ( 13.67847513588157859, 23.17217973710070567, 6.000000000000000000 ) ) ;
#2239 = EDGE_LOOP ( 'NONE', ( #5727, #4469, #7386, #7054, #6511, #8046 ) ) ;
#2240 = ORIENTED_EDGE ( 'NONE', *, *, #3821, .F. ) ;
#2241 = DIRECTION ( 'NONE',  ( 1.000000000000000000, 0.000000000000000000, 0.000000000000000000 ) ) ;
#2242 = FACE_OUTER_BOUND ( 'NONE', #3928, .T. ) ;
#2243 = VERTEX_POINT ( 'NONE', #4353 ) ;
#2244 = DIRECTION ( 'NONE',  ( 0.000000000000000000, 1.000000000000000000, 1.608394988049553126E-16 ) ) ;
#2245 = ORIENTED_EDGE ( 'NONE', *, *, #6438, .F. ) ;
#2246 = DIRECTION ( 'NONE',  ( 0.000000000000000000, 1.000000000000000000, 0.000000000000000000 ) ) ;
#2247 = CARTESIAN_POINT ( 'NONE',  ( 32.52152486411835497, 23.17217973710070567, 4.000000000000000000 ) ) ;
#2248 = LINE ( 'NONE', #902, #7073 ) ;
#2249 = EDGE_CURVE ( 'NONE', #884, #2385, #2507, .T. ) ;
#2250 = CARTESIAN_POINT ( 'NONE',  ( -59.49635799798230806, 13.15429687499998579, 4.000000000000000000 ) ) ;
#2251 = CARTESIAN_POINT ( 'NONE',  ( -52.38211713789932844, 20.23277201088161803, 1.500000000000000444 ) ) ;
#2252 = DIRECTION ( 'NONE',  ( 0.000000000000000000, 0.000000000000000000, 1.000000000000000000 ) ) ;
#2253 = VECTOR ( 'NONE', #2373, 1000.000000000000000 ) ;
#2254 = CARTESIAN_POINT ( 'NONE',  ( 39.25000000000000000, 23.15429687500000000, 4.000000000000000000 ) ) ;
#2255 = VERTEX_POINT ( 'NONE', #7280 ) ;
#2256 = DIRECTION ( 'NONE',  ( 0.000000000000000000, -0.000000000000000000, 1.000000000000000000 ) ) ;
#2257 = ORIENTED_EDGE ( 'NONE', *, *, #1705, .T. ) ;
#2258 = DIRECTION ( 'NONE',  ( -1.000000000000000000, 0.000000000000000000, 0.000000000000000000 ) ) ;
#2259 = EDGE_CURVE ( 'NONE', #3343, #496, #114, .T. ) ;
#2260 = VECTOR ( 'NONE', #5962, 1000.000000000000000 ) ;
#2261 = CARTESIAN_POINT ( 'NONE',  ( 16.00000000000001421, 15.45793887701772285, 2.499999999999999112 ) ) ;
#2262 = LINE ( 'NONE', #2307, #3673 ) ;
#2263 = CARTESIAN_POINT ( 'NONE',  ( 0.000000000000000000, 0.000000000000000000, 6.000000000000000000 ) ) ;
#2264 = EDGE_CURVE ( 'NONE', #6543, #7937, #2051, .T. ) ;
#2265 = CARTESIAN_POINT ( 'NONE',  ( -76.01788286210067724, 15.50448725967914143, 0.5000000000000004441 ) ) ;
#2266 = AXIS2_PLACEMENT_3D ( 'NONE', #6138, #1762, #1043 ) ;
#2267 = ORIENTED_EDGE ( 'NONE', *, *, #195, .T. ) ;
#2268 = CARTESIAN_POINT ( 'NONE',  ( 36.58211713789931707, 20.78641401289931778, 1.500000000000000444 ) ) ;
#2269 = CARTESIAN_POINT ( 'NONE',  ( -93.16421356237310647, 24.65429687500000711, 6.000000000000000000 ) ) ;
#2270 = ORIENTED_EDGE ( 'NONE', *, *, #4462, .T. ) ;
#2271 = EDGE_CURVE ( 'NONE', #6831, #5699, #7874, .T. ) ;
#2272 = VECTOR ( 'NONE', #4738, 1000.000000000000000 ) ;
#2273 = AXIS2_PLACEMENT_3D ( 'NONE', #7912, #7836, #1453 ) ;
#2274 = FACE_OUTER_BOUND ( 'NONE', #3964, .T. ) ;
#2275 = PLANE ( 'NONE',  #6046 ) ;
#2276 = ORIENTED_EDGE ( 'NONE', *, *, #5225, .F. ) ;
#2277 = ORIENTED_EDGE ( 'NONE', *, *, #8100, .F. ) ;
#2278 = CARTESIAN_POINT ( 'NONE',  ( 46.00000000000000000, 0.000000000000000000, 0.5000000000000004441 ) ) ;
#2279 = AXIS2_PLACEMENT_3D ( 'NONE', #7548, #7794, #2597 ) ;
#2280 = ORIENTED_EDGE ( 'NONE', *, *, #5627, .F. ) ;
#2281 = AXIS2_PLACEMENT_3D ( 'NONE', #5969, #83, #7205 ) ;
#2282 = VERTEX_POINT ( 'NONE', #2673 ) ;
#2283 = AXIS2_PLACEMENT_3D ( 'NONE', #6509, #897, #741 ) ;
#2284 = VECTOR ( 'NONE', #1928, 1000.000000000000000 ) ;
#2285 = FACE_OUTER_BOUND ( 'NONE', #4000, .T. ) ;
#2286 = VERTEX_POINT ( 'NONE', #2715 ) ;
#2287 = EDGE_CURVE ( 'NONE', #6625, #5077, #7160, .T. ) ;
#2288 = CARTESIAN_POINT ( 'NONE',  ( 31.93211713789931139, 15.48641401289931174, 1.500000000000000444 ) ) ;
#2289 = VERTEX_POINT ( 'NONE', #3895 ) ;
#2290 = CARTESIAN_POINT ( 'NONE',  ( -82.47847513588165214, 13.13641401289931210, 1.500000000000000444 ) ) ;
#2291 = DIRECTION ( 'NONE',  ( 0.7071067811865483499, -0.7071067811865466846, 0.000000000000000000 ) ) ;
#2292 = AXIS2_PLACEMENT_3D ( 'NONE', #1106, #3661, #6242 ) ;
#2293 = AXIS2_PLACEMENT_3D ( 'NONE', #6429, #661, #4487 ) ;
#2294 = DIRECTION ( 'NONE',  ( 1.000000000000000000, -0.000000000000000000, -0.000000000000000000 ) ) ;
#2295 = LINE ( 'NONE', #3504, #3280 ) ;
#2296 = CARTESIAN_POINT ( 'NONE',  ( -14.06788286210067263, 15.48641401289931174, 0.000000000000000000 ) ) ;
#2297 = VECTOR ( 'NONE', #5221, 1000.000000000000000 ) ;
#2298 = CARTESIAN_POINT ( 'NONE',  ( -77.76788286210067724, 20.78641401289931778, 1.500000000000000444 ) ) ;
#2299 = DIRECTION ( 'NONE',  ( 1.000000000000000000, -1.734723475976806709E-18, -0.000000000000000000 ) ) ;
#2300 = ORIENTED_EDGE ( 'NONE', *, *, #5652, .F. ) ;
#2301 = DIRECTION ( 'NONE',  ( 0.7071067811865474617, -0.7071067811865474617, -1.137307002876295066E-16 ) ) ;
#2302 = VERTEX_POINT ( 'NONE', #5288 ) ;
#2303 = CARTESIAN_POINT ( 'NONE',  ( -91.75000000000001421, 22.40429687500000711, 1.000000000000000000 ) ) ;
#2304 = ADVANCED_FACE ( 'NONE', ( #2790 ), #5964, .F. ) ;
#2305 = APPROVAL_PERSON_ORGANIZATION ( #1995, #5089, #3969 ) ;
#2306 = CARTESIAN_POINT ( 'NONE',  ( -60.06788286210068151, 15.48641401289931174, 0.5000000000000004441 ) ) ;
#2307 = CARTESIAN_POINT ( 'NONE',  ( 36.58211713789933128, 15.48641401289931174, 0.5000000000000004441 ) ) ;
#2308 = LINE ( 'NONE', #2927, #3394 ) ;
#2309 = CARTESIAN_POINT ( 'NONE',  ( -83.06788286210067440, 15.48641401289931174, 0.5000000000000004441 ) ) ;
#2310 = VERTEX_POINT ( 'NONE', #1417 ) ;
#2311 = CARTESIAN_POINT ( 'NONE',  ( -32.32152486411842318, 23.17217973710070567, 1.500000000000000444 ) ) ;
#2312 = CARTESIAN_POINT ( 'NONE',  ( 45.85000000000000142, 13.90429687500000355, 6.000000000000000000 ) ) ;
#2313 = EDGE_CURVE ( 'NONE', #6832, #3176, #4649, .T. ) ;
#2314 = ADVANCED_FACE ( 'NONE', ( #7237 ), #2754, .T. ) ;
#2315 = ORIENTED_EDGE ( 'NONE', *, *, #1636, .F. ) ;
#2316 = LINE ( 'NONE', #7547, #2223 ) ;
#2317 = PLANE ( 'NONE',  #1604 ) ;
#2318 = ORIENTED_EDGE ( 'NONE', *, *, #5091, .F. ) ;
#2319 = ORIENTED_EDGE ( 'NONE', *, *, #1175, .T. ) ;
#2320 = DIRECTION ( 'NONE',  ( -0.7071067811865479058, 0.7071067811865471286, 1.137307002876294326E-16 ) ) ;
#2321 = ORIENTED_EDGE ( 'NONE', *, *, #1175, .F. ) ;
#2322 = EDGE_CURVE ( 'NONE', #1017, #6398, #3980, .T. ) ;
#2323 = ORIENTED_EDGE ( 'NONE', *, *, #1428, .T. ) ;
#2324 = DIRECTION ( 'NONE',  ( 0.000000000000000000, 1.000000000000000000, 0.000000000000000000 ) ) ;
#2325 = VERTEX_POINT ( 'NONE', #2129 ) ;
#2326 = ORIENTED_EDGE ( 'NONE', *, *, #300, .F. ) ;
#2327 = CARTESIAN_POINT ( 'NONE',  ( 36.58211713789933128, 15.48641401289931174, 0.5000000000000004441 ) ) ;
#2328 = EDGE_LOOP ( 'NONE', ( #5367, #4280, #2988, #2943 ) ) ;
#2329 = LINE ( 'NONE', #6799, #7801 ) ;
#2330 = ADVANCED_FACE ( 'NONE', ( #6602 ), #4687, .F. ) ;
#2331 = VECTOR ( 'NONE', #1671, 1000.000000000000000 ) ;
#2332 = LINE ( 'NONE', #4251, #5244 ) ;
#2333 = EDGE_CURVE ( 'NONE', #3537, #1950, #4732, .T. ) ;
#2334 = DIRECTION ( 'NONE',  ( 1.000000000000000000, 0.000000000000000000, 0.000000000000000000 ) ) ;
#2335 = LINE ( 'NONE', #8080, #5030 ) ;
#2336 = DIRECTION ( 'NONE',  ( 0.000000000000000000, 0.000000000000000000, 1.000000000000000000 ) ) ;
#2337 = EDGE_CURVE ( 'NONE', #6510, #3443, #7318, .T. ) ;
#2338 = DIRECTION ( 'NONE',  ( -0.000000000000000000, 1.000000000000000000, -0.000000000000000000 ) ) ;
#2339 = CARTESIAN_POINT ( 'NONE',  ( -84.75000000000001421, 22.40429687500000355, 1.000000000000000000 ) ) ;
#2340 = VERTEX_POINT ( 'NONE', #708 ) ;
#2341 = VECTOR ( 'NONE', #3514, 1000.000000000000000 ) ;
#2342 = CARTESIAN_POINT ( 'NONE',  ( -59.41788286210069714, 15.48641401289931174, 0.5000000000000004441 ) ) ;
#2343 = ORIENTED_EDGE ( 'NONE', *, *, #8323, .T. ) ;
#2344 = DIRECTION ( 'NONE',  ( 1.000000000000000000, 0.000000000000000000, -0.000000000000000000 ) ) ;
#2345 = EDGE_CURVE ( 'NONE', #5145, #5939, #79, .T. ) ;
#2346 = CARTESIAN_POINT ( 'NONE',  ( 29.58211713789928154, 16.07582173911837486, 1.500000000000000444 ) ) ;
#2347 = VECTOR ( 'NONE', #3828, 1000.000000000000000 ) ;
#2348 = FACE_OUTER_BOUND ( 'NONE', #1647, .T. ) ;
#2349 = LINE ( 'NONE', #1708, #7048 ) ;
#2350 = DIRECTION ( 'NONE',  ( 1.000000000000000000, 0.000000000000000000, 0.000000000000000000 ) ) ;
#2351 = ORIENTED_EDGE ( 'NONE', *, *, #4264, .F. ) ;
#2352 = DIRECTION ( 'NONE',  ( 1.000000000000000000, 0.000000000000000000, 0.000000000000000000 ) ) ;
#2353 = DIRECTION ( 'NONE',  ( 1.000000000000000000, 0.000000000000000000, -0.000000000000000000 ) ) ;
#2354 = VECTOR ( 'NONE', #987, 1000.000000000000000 ) ;
#2355 = ORIENTED_EDGE ( 'NONE', *, *, #3119, .F. ) ;
#2356 = CARTESIAN_POINT ( 'NONE',  ( 36.58211713789933128, 15.48641401289931174, 0.5000000000000004441 ) ) ;
#2357 = CARTESIAN_POINT ( 'NONE',  ( -29.38211713789932844, 16.07582173911838197, 2.499999999999999112 ) ) ;
#2358 = VERTEX_POINT ( 'NONE', #4611 ) ;
#2359 = EDGE_LOOP ( 'NONE', ( #3205, #5586, #4291, #1303 ) ) ;
#2360 = CARTESIAN_POINT ( 'NONE',  ( -82.41788286210069714, 22.78641401289931778, 1.500000000000000444 ) ) ;
#2361 = ORIENTED_EDGE ( 'NONE', *, *, #2345, .T. ) ;
#2362 = ORIENTED_EDGE ( 'NONE', *, *, #7034, .T. ) ;
#2363 = ADVANCED_FACE ( 'NONE', ( #868 ), #4019, .T. ) ;
#2364 = PLANE ( 'NONE',  #8211 ) ;
#2365 = ORIENTED_EDGE ( 'NONE', *, *, #7423, .T. ) ;
#2366 = ORIENTED_EDGE ( 'NONE', *, *, #1313, .F. ) ;
#2367 = CARTESIAN_POINT ( 'NONE',  ( -77.76788286210067724, 15.48641401289931174, -2.999999999999999112 ) ) ;
#2368 = ORIENTED_EDGE ( 'NONE', *, *, #4807, .T. ) ;
#2369 = DIRECTION ( 'NONE',  ( -0.000000000000000000, -0.000000000000000000, 1.000000000000000000 ) ) ;
#2370 = PLANE ( 'NONE',  #5098 ) ;
#2371 = FACE_OUTER_BOUND ( 'NONE', #7013, .T. ) ;
#2372 = CARTESIAN_POINT ( 'NONE',  ( -32.41788286210069003, 22.78641401289931778, 0.5000000000000004441 ) ) ;
#2373 = DIRECTION ( 'NONE',  ( -0.000000000000000000, -0.000000000000000000, 1.000000000000000000 ) ) ;
#2374 = EDGE_CURVE ( 'NONE', #4395, #4421, #750, .T. ) ;
#2375 = DIRECTION ( 'NONE',  ( 0.000000000000000000, 1.000000000000000000, -0.000000000000000000 ) ) ;
#2376 = CARTESIAN_POINT ( 'NONE',  ( -75.99999999999998579, 15.45793887701772285, 2.499999999999999112 ) ) ;
#2377 = VERTEX_POINT ( 'NONE', #6557 ) ;
#2378 = CARTESIAN_POINT ( 'NONE',  ( -78.41788286210066872, 15.48641401289931174, 0.5000000000000004441 ) ) ;
#2379 = ORIENTED_EDGE ( 'NONE', *, *, #5652, .T. ) ;
#2380 = CARTESIAN_POINT ( 'NONE',  ( -90.00000000000001421, 23.15429687500000355, 0.2500000000000000000 ) ) ;
#2381 = CARTESIAN_POINT ( 'NONE',  ( 32.52152486411834076, 13.13641401289931210, 1.500000000000000444 ) ) ;
#2382 = DIRECTION ( 'NONE',  ( 0.000000000000000000, 1.000000000000000000, -0.000000000000000000 ) ) ;
#2383 = PLANE ( 'NONE',  #585 ) ;
#2384 = CARTESIAN_POINT ( 'NONE',  ( -38.81788286210068151, 15.48641401289931174, 0.5000000000000004441 ) ) ;
#2385 = VERTEX_POINT ( 'NONE', #786 ) ;
#2386 = DIRECTION ( 'NONE',  ( -1.000000000000000000, -1.119176436114068839E-16, 0.000000000000000000 ) ) ;
#2387 = DIRECTION ( 'NONE',  ( 0.000000000000000000, -0.000000000000000000, 1.000000000000000000 ) ) ;
#2388 = VECTOR ( 'NONE', #8039, 1000.000000000000000 ) ;
#2389 = ADVANCED_FACE ( 'NONE', ( #3340 ), #6804, .F. ) ;
#2390 = EDGE_LOOP ( 'NONE', ( #6838, #1127, #993, #1812 ) ) ;
#2391 = DIRECTION ( 'NONE',  ( 0.000000000000000000, -1.000000000000000000, 0.000000000000000000 ) ) ;
#2392 = DIRECTION ( 'NONE',  ( -1.000000000000000000, -6.546126324440781637E-16, 0.000000000000000000 ) ) ;
#2393 = VECTOR ( 'NONE', #7396, 1000.000000000000000 ) ;
#2394 = LINE ( 'NONE', #7503, #931 ) ;
#2395 = VERTEX_POINT ( 'NONE', #3460 ) ;
#2396 = VERTEX_POINT ( 'NONE', #2296 ) ;
#2397 = LINE ( 'NONE', #4962, #815 ) ;
#2398 = ORIENTED_EDGE ( 'NONE', *, *, #2886, .T. ) ;
#2399 = ADVANCED_FACE ( 'NONE', ( #8120 ), #6162, .F. ) ;
#2400 = VECTOR ( 'NONE', #6434, 1000.000000000000114 ) ;
#2401 = ORIENTED_EDGE ( 'NONE', *, *, #2732, .T. ) ;
#2402 = CARTESIAN_POINT ( 'NONE',  ( -76.01788286210067724, 20.78641401289931778, 0.5000000000000004441 ) ) ;
#2403 = VECTOR ( 'NONE', #1661, 1000.000000000000000 ) ;
#2404 = ORIENTED_EDGE ( 'NONE', *, *, #5033, .F. ) ;
#2405 = VECTOR ( 'NONE', #1877, 1000.000000000000000 ) ;
#2406 = ORIENTED_EDGE ( 'NONE', *, *, #2139, .T. ) ;
#2407 = LINE ( 'NONE', #5100, #3358 ) ;
#2408 = ORIENTED_EDGE ( 'NONE', *, *, #1208, .F. ) ;
#2409 = LINE ( 'NONE', #3749, #4551 ) ;
#2410 = CARTESIAN_POINT ( 'NONE',  ( -14.06788286210067263, 15.48641401289931174, 1.500000000000000444 ) ) ;
#2411 = EDGE_CURVE ( 'NONE', #7595, #6348, #1538, .T. ) ;
#2412 = EDGE_CURVE ( 'NONE', #5939, #5144, #5404, .T. ) ;
#2413 = VECTOR ( 'NONE', #6580, 1000.000000000000000 ) ;
#2414 = VECTOR ( 'NONE', #4179, 1000.000000000000000 ) ;
#2415 = CARTESIAN_POINT ( 'NONE',  ( -13.47847513588162904, 23.17217973710070567, 1.500000000000000444 ) ) ;
#2416 = CARTESIAN_POINT ( 'NONE',  ( 36.58211713789933128, 15.48641401289931174, 1.500000000000000444 ) ) ;
#2417 = CALENDAR_DATE ( 2025, 1, 8 ) ;
#2418 = CARTESIAN_POINT ( 'NONE',  ( -84.81788286210067440, 15.48641401289931174, 0.5000000000000004441 ) ) ;
#2419 = LINE ( 'NONE', #2339, #4571 ) ;
#2420 = ORIENTED_EDGE ( 'NONE', *, *, #230, .T. ) ;
#2421 = AXIS2_PLACEMENT_3D ( 'NONE', #5448, #5610, #1116 ) ;
#2422 = CARTESIAN_POINT ( 'NONE',  ( 45.85000000000000142, 11.05429687500000036, 0.000000000000000000 ) ) ;
#2423 = VECTOR ( 'NONE', #5458, 1000.000000000000000 ) ;
#2424 = VERTEX_POINT ( 'NONE', #904 ) ;
#2425 = CARTESIAN_POINT ( 'NONE',  ( 39.00000000000002132, 15.45793887701772285, 2.499999999999999112 ) ) ;
#2426 = EDGE_CURVE ( 'NONE', #4202, #7595, #4895, .T. ) ;
#2427 = DIRECTION ( 'NONE',  ( -0.000000000000000000, -0.000000000000000000, 1.000000000000000000 ) ) ;
#2428 = AXIS2_PLACEMENT_3D ( 'NONE', #2278, #930, #7430 ) ;
#2429 = DIRECTION ( 'NONE',  ( 0.000000000000000000, -0.000000000000000000, 1.000000000000000000 ) ) ;
#2430 = PLANE ( 'NONE',  #8153 ) ;
#2431 = AXIS2_PLACEMENT_3D ( 'NONE', #3327, #818, #2706 ) ;
#2432 = DIRECTION ( 'NONE',  ( -0.000000000000000000, -0.000000000000000000, 1.000000000000000000 ) ) ;
#2433 = ORIENTED_EDGE ( 'NONE', *, *, #7678, .T. ) ;
#2434 = ORIENTED_EDGE ( 'NONE', *, *, #5459, .F. ) ;
#2435 = CARTESIAN_POINT ( 'NONE',  ( -91.35000000000000853, 25.25429687500000497, 0.000000000000000000 ) ) ;
#2436 = CARTESIAN_POINT ( 'NONE',  ( -52.38211713789932844, 16.07582173911838197, 1.500000000000000444 ) ) ;
#2437 = VECTOR ( 'NONE', #6535, 1000.000000000000000 ) ;
#2438 = EDGE_LOOP ( 'NONE', ( #5384, #6232, #6452, #7043 ) ) ;
#2439 = PLANE ( 'NONE',  #855 ) ;
#2440 = EDGE_CURVE ( 'NONE', #2557, #3343, #2915, .T. ) ;
#2441 = DIRECTION ( 'NONE',  ( 1.000000000000000000, 6.938893903907222067E-15, 0.000000000000000000 ) ) ;
#2442 = EDGE_LOOP ( 'NONE', ( #3386, #4828, #7655, #6032 ) ) ;
#2443 = VERTEX_POINT ( 'NONE', #357 ) ;
#2444 = CARTESIAN_POINT ( 'NONE',  ( -75.38211713789932844, 16.07582173911838197, 2.499999999999999112 ) ) ;
#2445 = ORIENTED_EDGE ( 'NONE', *, *, #2287, .F. ) ;
#2446 = ORIENTED_EDGE ( 'NONE', *, *, #6792, .F. ) ;
#2447 = ADVANCED_FACE ( 'NONE', ( #280 ), #6042, .F. ) ;
#2448 = DIRECTION ( 'NONE',  ( 0.000000000000000000, 0.000000000000000000, -1.000000000000000000 ) ) ;
#2449 = EDGE_LOOP ( 'NONE', ( #2816, #4643, #1663, #4816, #5843, #31, #3361, #615 ) ) ;
#2450 = ORIENTED_EDGE ( 'NONE', *, *, #6166, .T. ) ;
#2451 = DIRECTION ( 'NONE',  ( 0.000000000000000000, -1.000000000000000000, 0.000000000000000000 ) ) ;
#2452 = ORIENTED_EDGE ( 'NONE', *, *, #8342, .F. ) ;
#2453 = DIRECTION ( 'NONE',  ( -0.000000000000000000, -0.000000000000000000, 1.000000000000000000 ) ) ;
#2454 = CARTESIAN_POINT ( 'NONE',  ( -75.38211713789932844, 20.23277201088161803, 1.500000000000000444 ) ) ;
#2455 = DIRECTION ( 'NONE',  ( 0.7071067811865466846, 0.7071067811865483499, 1.137307002876296298E-16 ) ) ;
#2456 = CARTESIAN_POINT ( 'NONE',  ( 0.000000000000000000, 0.000000000000000000, 0.000000000000000000 ) ) ;
#2457 = CARTESIAN_POINT ( 'NONE',  ( 16.61788286210066801, 20.23277201088161803, 2.500000000000000000 ) ) ;
#2458 = EDGE_CURVE ( 'NONE', #778, #3375, #4183, .T. ) ;
#2459 = DIRECTION ( 'NONE',  ( 1.000000000000000000, 0.000000000000000000, 0.000000000000000000 ) ) ;
#2460 = ORIENTED_EDGE ( 'NONE', *, *, #3994, .T. ) ;
#2461 = DIRECTION ( 'NONE',  ( -1.119176436114068839E-16, 1.000000000000000000, 0.000000000000000000 ) ) ;
#2462 = VERTEX_POINT ( 'NONE', #1698 ) ;
#2463 = PLANE ( 'NONE',  #2536 ) ;
#2464 = VECTOR ( 'NONE', #2164, 1000.000000000000000 ) ;
#2465 = FACE_OUTER_BOUND ( 'NONE', #375, .T. ) ;
#2466 = EDGE_CURVE ( 'NONE', #4763, #3658, #4255, .T. ) ;
#2467 = CARTESIAN_POINT ( 'NONE',  ( 36.58211713789933128, 15.48641401289931174, 1.500000000000000444 ) ) ;
#2468 = CARTESIAN_POINT ( 'NONE',  ( -54.76788286210067724, 20.78641401289931778, 0.5000000000000004441 ) ) ;
#2469 = CC_DESIGN_PERSON_AND_ORGANIZATION_ASSIGNMENT ( #5108, #3837, ( #7168 ) ) ;
#2470 = LINE ( 'NONE', #5794, #4426 ) ;
#2471 = EDGE_CURVE ( 'NONE', #5949, #1099, #8081, .T. ) ;
#2472 = ORIENTED_EDGE ( 'NONE', *, *, #184, .T. ) ;
#2473 = ORIENTED_EDGE ( 'NONE', *, *, #7607, .T. ) ;
#2474 = CARTESIAN_POINT ( 'NONE',  ( -60.06788286210068151, 20.78641401289931423, 1.500000000000000444 ) ) ;
#2475 = DIRECTION ( 'NONE',  ( -0.000000000000000000, 0.000000000000000000, 1.000000000000000000 ) ) ;
#2476 = ORIENTED_EDGE ( 'NONE', *, *, #3195, .F. ) ;
#2477 = CARTESIAN_POINT ( 'NONE',  ( 16.61788286210066801, 16.07582173911838197, 1.500000000000000444 ) ) ;
#2478 = VECTOR ( 'NONE', #3035, 1000.000000000000000 ) ;
#2479 = CARTESIAN_POINT ( 'NONE',  ( -32.32152486411842318, 23.17217973710070567, 1.500000000000000444 ) ) ;
#2480 = PLANE ( 'NONE',  #6048 ) ;
#2481 = ADVANCED_FACE ( 'NONE', ( #7998 ), #4933, .F. ) ;
#2482 = VECTOR ( 'NONE', #685, 1000.000000000000000 ) ;
#2483 = ORIENTED_EDGE ( 'NONE', *, *, #1916, .F. ) ;
#2484 = VERTEX_POINT ( 'NONE', #6677 ) ;
#2485 = CARTESIAN_POINT ( 'NONE',  ( -89.50000000000001421, 22.90429687500000355, 0.5999999999999999778 ) ) ;
#2486 = VERTEX_POINT ( 'NONE', #4771 ) ;
#2487 = AXIS2_PLACEMENT_3D ( 'NONE', #5813, #3996, #6579 ) ;
#2488 = ORIENTED_EDGE ( 'NONE', *, *, #2118, .T. ) ;
#2489 = CARTESIAN_POINT ( 'NONE',  ( 39.25000000000000000, 23.15429687500000000, 4.000000000000000000 ) ) ;
#2490 = VERTEX_POINT ( 'NONE', #7361 ) ;
#2491 = ORIENTED_EDGE ( 'NONE', *, *, #6851, .T. ) ;
#2492 = DIRECTION ( 'NONE',  ( 6.938893903907228378E-15, 1.000000000000000000, -0.000000000000000000 ) ) ;
#2493 = ORIENTED_EDGE ( 'NONE', *, *, #6685, .F. ) ;
#2494 = CARTESIAN_POINT ( 'NONE',  ( -84.75000000000001421, 13.90429687500000355, 1.000000000000000000 ) ) ;
#2495 = LINE ( 'NONE', #1152, #5010 ) ;
#2496 = DIRECTION ( 'NONE',  ( 0.000000000000000000, -0.000000000000000000, 1.000000000000000000 ) ) ;
#2497 = CARTESIAN_POINT ( 'NONE',  ( -15.81788286210067440, 15.48641401289931174, 0.5000000000000004441 ) ) ;
#2498 = ORIENTED_EDGE ( 'NONE', *, *, #2787, .F. ) ;
#2499 = CARTESIAN_POINT ( 'NONE',  ( -91.75000000000001421, 25.65429687500000355, 6.000000000000000000 ) ) ;
#2500 = ORIENTED_EDGE ( 'NONE', *, *, #370, .T. ) ;
#2501 = LINE ( 'NONE', #6938, #3191 ) ;
#2502 = ORIENTED_EDGE ( 'NONE', *, *, #5034, .F. ) ;
#2503 = LINE ( 'NONE', #3803, #2405 ) ;
#2504 = EDGE_CURVE ( 'NONE', #7644, #3537, #1576, .T. ) ;
#2505 = CARTESIAN_POINT ( 'NONE',  ( -15.80000000000005045, 15.45793887701772285, 2.499999999999999112 ) ) ;
#2506 = LINE ( 'NONE', #5072, #1137 ) ;
#2507 = LINE ( 'NONE', #3422, #3690 ) ;
#2508 = DIRECTION ( 'NONE',  ( -0.000000000000000000, -0.000000000000000000, 1.000000000000000000 ) ) ;
#2509 = VERTEX_POINT ( 'NONE', #6084 ) ;
#2510 = ORIENTED_EDGE ( 'NONE', *, *, #7991, .F. ) ;
#2511 = LINE ( 'NONE', #2474, #1899 ) ;
#2512 = FACE_OUTER_BOUND ( 'NONE', #2442, .T. ) ;
#2513 = EDGE_CURVE ( 'NONE', #7905, #3636, #322, .T. ) ;
#2514 = PLANE ( 'NONE',  #6379 ) ;
#2515 = CARTESIAN_POINT ( 'NONE',  ( 8.932117137899320269, 20.78641401289931423, -2.999999999999999112 ) ) ;
#2516 = LINE ( 'NONE', #6353, #6798 ) ;
#2517 = LINE ( 'NONE', #6439, #7673 ) ;
#2518 = ORIENTED_EDGE ( 'NONE', *, *, #6954, .F. ) ;
#2519 = VECTOR ( 'NONE', #3836, 1000.000000000000000 ) ;
#2520 = ORIENTED_EDGE ( 'NONE', *, *, #836, .F. ) ;
#2521 = DIRECTION ( 'NONE',  ( 0.000000000000000000, 1.000000000000000000, 0.000000000000000000 ) ) ;
#2522 = EDGE_LOOP ( 'NONE', ( #3347, #4463, #8234, #8232 ) ) ;
#2523 = EDGE_CURVE ( 'NONE', #5832, #7641, #5446, .T. ) ;
#2524 = EDGE_LOOP ( 'NONE', ( #6467, #3800, #1097, #1395 ) ) ;
#2525 = VECTOR ( 'NONE', #2911, 1000.000000000000000 ) ;
#2526 = CARTESIAN_POINT ( 'NONE',  ( 16.61788286210066801, 20.23277201088161803, 1.500000000000000444 ) ) ;
#2527 = DIRECTION ( 'NONE',  ( -0.000000000000000000, -0.000000000000000000, -1.000000000000000000 ) ) ;
#2528 = VERTEX_POINT ( 'NONE', #4812 ) ;
#2529 = VERTEX_POINT ( 'NONE', #1660 ) ;
#2530 = CARTESIAN_POINT ( 'NONE',  ( 13.58211713789933484, 15.48641401289931174, 1.500000000000000444 ) ) ;
#2531 = EDGE_LOOP ( 'NONE', ( #371, #468, #2193, #2700 ) ) ;
#2532 = PLANE ( 'NONE',  #4678 ) ;
#2533 = AXIS2_PLACEMENT_3D ( 'NONE', #1089, #6907, #3686 ) ;
#2534 = CARTESIAN_POINT ( 'NONE',  ( -91.54999999999999716, 25.45429687499999005, 0.1999999999999767242 ) ) ;
#2535 = PLANE ( 'NONE',  #4935 ) ;
#2536 = AXIS2_PLACEMENT_3D ( 'NONE', #3128, #5789, #3211 ) ;
#2537 = APPROVAL_STATUS ( 'not_yet_approved' ) ;
#2538 = EDGE_CURVE ( 'NONE', #402, #3121, #6763, .T. ) ;
#2539 = DIRECTION ( 'NONE',  ( -0.000000000000000000, -0.000000000000000000, 1.000000000000000000 ) ) ;
#2540 = ORIENTED_EDGE ( 'NONE', *, *, #292, .T. ) ;
#2541 = DIRECTION ( 'NONE',  ( 0.000000000000000000, -0.000000000000000000, -1.000000000000000000 ) ) ;
#2542 = ORIENTED_EDGE ( 'NONE', *, *, #4952, .T. ) ;
#2543 = CARTESIAN_POINT ( 'NONE',  ( -52.38211713789932844, 20.23277201088161803, 2.500000000000000000 ) ) ;
#2544 = EDGE_LOOP ( 'NONE', ( #4007, #166, #1760, #1816 ) ) ;
#2545 = DIRECTION ( 'NONE',  ( 0.7071067811865466846, 0.7071067811865483499, 1.137307002876296298E-16 ) ) ;
#2546 = VECTOR ( 'NONE', #5644, 1000.000000000000000 ) ;
#2547 = VECTOR ( 'NONE', #1782, 1000.000000000000000 ) ;
#2548 = CARTESIAN_POINT ( 'NONE',  ( 29.58211713789928154, 20.23277201088163224, 1.500000000000000444 ) ) ;
#2549 = DIRECTION ( 'NONE',  ( 0.000000000000000000, 0.000000000000000000, 1.000000000000000000 ) ) ;
#2550 = PLANE ( 'NONE',  #7624 ) ;
#2551 = VECTOR ( 'NONE', #8123, 1000.000000000000000 ) ;
#2552 = FACE_OUTER_BOUND ( 'NONE', #2083, .T. ) ;
#2553 = AXIS2_PLACEMENT_3D ( 'NONE', #4230, #6776, #3047 ) ;
#2554 = DIRECTION ( 'NONE',  ( -0.000000000000000000, -1.000000000000000000, -0.000000000000000000 ) ) ;
#2555 = VERTEX_POINT ( 'NONE', #4218 ) ;
#2556 = EDGE_CURVE ( 'NONE', #3476, #2590, #3668, .T. ) ;
#2557 = VERTEX_POINT ( 'NONE', #6333 ) ;
#2558 = CARTESIAN_POINT ( 'NONE',  ( 9.582117137899304637, 13.48641401289930997, 0.5000000000000004441 ) ) ;
#2559 = DIRECTION ( 'NONE',  ( 0.000000000000000000, 1.000000000000000000, 0.000000000000000000 ) ) ;
#2560 = AXIS2_PLACEMENT_3D ( 'NONE', #7692, #691, #4422 ) ;
#2561 = VECTOR ( 'NONE', #4984, 1000.000000000000000 ) ;
#2562 = ORIENTED_EDGE ( 'NONE', *, *, #4068, .F. ) ;
#2563 = DIRECTION ( 'NONE',  ( 1.734723475976806709E-18, 1.000000000000000000, 0.000000000000000000 ) ) ;
#2564 = CARTESIAN_POINT ( 'NONE',  ( -93.16421356237310647, 24.65429687500000711, 6.000000000000000000 ) ) ;
#2565 = VECTOR ( 'NONE', #7498, 1000.000000000000000 ) ;
#2566 = EDGE_CURVE ( 'NONE', #528, #4776, #8331, .T. ) ;
#2567 = ORIENTED_EDGE ( 'NONE', *, *, #207, .T. ) ;
#2568 = EDGE_CURVE ( 'NONE', #7858, #2166, #4342, .T. ) ;
#2569 = VERTEX_POINT ( 'NONE', #1740 ) ;
#2570 = CARTESIAN_POINT ( 'NONE',  ( 39.00000000000000711, 15.45793887701772285, 4.000000000000000000 ) ) ;
#2571 = VERTEX_POINT ( 'NONE', #2416 ) ;
#2572 = VECTOR ( 'NONE', #3348, 1000.000000000000000 ) ;
#2573 = ORIENTED_EDGE ( 'NONE', *, *, #8200, .F. ) ;
#2574 = DIRECTION ( 'NONE',  ( -6.938893903907222067E-15, 1.000000000000000000, 0.000000000000000000 ) ) ;
#2575 = CARTESIAN_POINT ( 'NONE',  ( 0.2499999999989455102, 56.65429687500107292, -45.59999999999948983 ) ) ;
#2576 = EDGE_CURVE ( 'NONE', #2630, #3735, #3794, .T. ) ;
#2577 = VERTEX_POINT ( 'NONE', #7609 ) ;
#2578 = ORIENTED_EDGE ( 'NONE', *, *, #5167, .T. ) ;
#2579 = LINE ( 'NONE', #3706, #1618 ) ;
#2580 = DIRECTION ( 'NONE',  ( 0.7071067811865466846, 0.7071067811865483499, 0.000000000000000000 ) ) ;
#2581 = LINE ( 'NONE', #7145, #7208 ) ;
#2582 = LINE ( 'NONE', #7522, #7244 ) ;
#2583 = CARTESIAN_POINT ( 'NONE',  ( 0.000000000000000000, 0.000000000000000000, 4.000000000000000000 ) ) ;
#2584 = ADVANCED_FACE ( 'NONE', ( #567 ), #2535, .F. ) ;
#2585 = ORIENTED_EDGE ( 'NONE', *, *, #5753, .F. ) ;
#2586 = CARTESIAN_POINT ( 'NONE',  ( -59.41788286210069714, 20.78641401289931778, 1.500000000000000444 ) ) ;
#2587 = ORIENTED_EDGE ( 'NONE', *, *, #6830, .T. ) ;
#2588 = ORIENTED_EDGE ( 'NONE', *, *, #5733, .T. ) ;
#2589 = DIRECTION ( 'NONE',  ( -0.000000000000000000, -0.000000000000000000, 1.000000000000000000 ) ) ;
#2590 = VERTEX_POINT ( 'NONE', #5061 ) ;
#2591 = LINE ( 'NONE', #5027, #6172 ) ;
#2592 = EDGE_CURVE ( 'NONE', #3263, #7107, #3118, .T. ) ;
#2593 = PLANE ( 'NONE',  #3325 ) ;
#2594 = PLANE ( 'NONE',  #1272 ) ;
#2595 = DIRECTION ( 'NONE',  ( -0.000000000000000000, -0.000000000000000000, 1.000000000000000000 ) ) ;
#2596 = CARTESIAN_POINT ( 'NONE',  ( 7.199999999999928235, 20.85065487298227183, 4.000000000000000000 ) ) ;
#2597 = DIRECTION ( 'NONE',  ( 1.000000000000000000, 0.000000000000000000, 0.000000000000000000 ) ) ;
#2598 = ORIENTED_EDGE ( 'NONE', *, *, #3713, .F. ) ;
#2599 = ORIENTED_EDGE ( 'NONE', *, *, #7253, .F. ) ;
#2600 = DIRECTION ( 'NONE',  ( 1.000000000000000000, -1.734723475976806709E-18, -0.000000000000000000 ) ) ;
#2601 = CARTESIAN_POINT ( 'NONE',  ( -85.41788286210071135, 16.07582173911837486, 6.000000000000000000 ) ) ;
#2602 = VECTOR ( 'NONE', #1173, 1000.000000000000000 ) ;
#2603 = ORIENTED_EDGE ( 'NONE', *, *, #214, .T. ) ;
#2604 = CARTESIAN_POINT ( 'NONE',  ( 45.84999999999998721, 10.65429687500000355, 5.000000000000000000 ) ) ;
#2605 = CARTESIAN_POINT ( 'NONE',  ( -38.81788286210068151, 15.48641401289931174, 0.5000000000000004441 ) ) ;
#2606 = ORIENTED_EDGE ( 'NONE', *, *, #3875, .F. ) ;
#2607 = VERTEX_POINT ( 'NONE', #5107 ) ;
#2608 = DIRECTION ( 'NONE',  ( -0.000000000000000000, 0.000000000000000000, 1.000000000000000000 ) ) ;
#2609 = VECTOR ( 'NONE', #4029, 1000.000000000000000 ) ;
#2610 = VERTEX_POINT ( 'NONE', #5695 ) ;
#2611 = EDGE_CURVE ( 'NONE', #5832, #241, #4379, .T. ) ;
#2612 = ORIENTED_EDGE ( 'NONE', *, *, #2669, .F. ) ;
#2613 = CARTESIAN_POINT ( 'NONE',  ( -78.32152486411841608, 23.17217973710070567, 1.500000000000000444 ) ) ;
#2614 = VECTOR ( 'NONE', #5162, 1000.000000000000000 ) ;
#2615 = DIRECTION ( 'NONE',  ( 0.7071067811865474617, -0.7071067811865474617, 0.000000000000000000 ) ) ;
#2616 = ORIENTED_EDGE ( 'NONE', *, *, #8141, .F. ) ;
#2617 = VERTEX_POINT ( 'NONE', #6970 ) ;
#2618 = DIRECTION ( 'NONE',  ( 0.000000000000000000, -0.000000000000000000, 1.000000000000000000 ) ) ;
#2619 = DIRECTION ( 'NONE',  ( -6.938893903907222067E-15, 1.000000000000000000, 0.000000000000000000 ) ) ;
#2620 = EDGE_CURVE ( 'NONE', #6898, #7132, #6285, .T. ) ;
#2621 = VECTOR ( 'NONE', #1696, 1000.000000000000000 ) ;
#2622 = ADVANCED_FACE ( 'NONE', ( #1193 ), #6932, .F. ) ;
#2623 = CARTESIAN_POINT ( 'NONE',  ( -75.38211713789932844, 20.23277201088161803, 1.500000000000000444 ) ) ;
#2624 = CARTESIAN_POINT ( 'NONE',  ( -38.80000000000006111, 15.45793887701772285, 3.999999999999999112 ) ) ;
#2625 = ORIENTED_EDGE ( 'NONE', *, *, #6571, .T. ) ;
#2626 = FACE_OUTER_BOUND ( 'NONE', #3030, .T. ) ;
#2627 = ORIENTED_EDGE ( 'NONE', *, *, #6225, .F. ) ;
#2628 = ORIENTED_EDGE ( 'NONE', *, *, #1208, .T. ) ;
#2629 = DIRECTION ( 'NONE',  ( -1.000000000000000000, 0.000000000000000000, -0.000000000000000000 ) ) ;
#2630 = VERTEX_POINT ( 'NONE', #608 ) ;
#2631 = DIRECTION ( 'NONE',  ( 1.000000000000000000, 1.259073490628327444E-16, -0.000000000000000000 ) ) ;
#2632 = EDGE_CURVE ( 'NONE', #7437, #3481, #6372, .T. ) ;
#2633 = DIRECTION ( 'NONE',  ( 4.336808689941999001E-16, -1.000000000000000000, 0.000000000000000000 ) ) ;
#2634 = CARTESIAN_POINT ( 'NONE',  ( -55.41788286210066161, 15.48641401289931174, 0.5000000000000004441 ) ) ;
#2635 = CARTESIAN_POINT ( 'NONE',  ( -82.41788286210069714, 15.48641401289931174, 0.5000000000000004441 ) ) ;
#2636 = CARTESIAN_POINT ( 'NONE',  ( 39.25000000000000000, 22.40429687500000355, 1.000000000000000000 ) ) ;
#2637 = PLANE ( 'NONE',  #1203 ) ;
#2638 = ORIENTED_EDGE ( 'NONE', *, *, #2945, .T. ) ;
#2639 = CARTESIAN_POINT ( 'NONE',  ( 8.932117137899320269, 15.48641401289931174, 0.000000000000000000 ) ) ;
#2640 = ORIENTED_EDGE ( 'NONE', *, *, #2566, .T. ) ;
#2641 = CARTESIAN_POINT ( 'NONE',  ( 29.58211713789928154, 16.07582173911837486, 2.499999999999999112 ) ) ;
#2642 = DIRECTION ( 'NONE',  ( -1.000000000000000000, -0.000000000000000000, -0.000000000000000000 ) ) ;
#2643 = VERTEX_POINT ( 'NONE', #4300 ) ;
#2644 = DIRECTION ( 'NONE',  ( -0.000000000000000000, -0.000000000000000000, 1.000000000000000000 ) ) ;
#2645 = DIRECTION ( 'NONE',  ( -1.000000000000000000, 0.000000000000000000, -0.000000000000000000 ) ) ;
#2646 = ADVANCED_FACE ( 'NONE', ( #1153 ), #520, .F. ) ;
#2647 = ORIENTED_EDGE ( 'NONE', *, *, #3994, .F. ) ;
#2648 = DIRECTION ( 'NONE',  ( -0.000000000000000000, -0.000000000000000000, 1.000000000000000000 ) ) ;
#2649 = ADVANCED_FACE ( 'NONE', ( #645 ), #4428, .F. ) ;
#2650 = ORIENTED_EDGE ( 'NONE', *, *, #408, .F. ) ;
#2651 = EDGE_LOOP ( 'NONE', ( #1315, #5086, #4542, #681 ) ) ;
#2652 = CARTESIAN_POINT ( 'NONE',  ( -31.76788286210068080, 15.48641401289931174, 0.000000000000000000 ) ) ;
#2653 = VECTOR ( 'NONE', #950, 1000.000000000000000 ) ;
#2654 = CARTESIAN_POINT ( 'NONE',  ( -13.41788286210068826, 20.78641401289931778, 0.5000000000000004441 ) ) ;
#2655 = ORIENTED_EDGE ( 'NONE', *, *, #7020, .T. ) ;
#2656 = ORIENTED_EDGE ( 'NONE', *, *, #7892, .F. ) ;
#2657 = PLANE ( 'NONE',  #4164 ) ;
#2658 = EDGE_CURVE ( 'NONE', #5949, #3653, #4473, .T. ) ;
#2659 = VECTOR ( 'NONE', #4805, 1000.000000000000000 ) ;
#2660 = DIRECTION ( 'NONE',  ( -0.000000000000000000, -0.000000000000000000, 1.000000000000000000 ) ) ;
#2661 = CARTESIAN_POINT ( 'NONE',  ( -36.41788286210069714, 20.78641401289931778, 0.5000000000000004441 ) ) ;
#2662 = ORIENTED_EDGE ( 'NONE', *, *, #6222, .T. ) ;
#2663 = AXIS2_PLACEMENT_3D ( 'NONE', #317, #2871, #5441 ) ;
#2664 = CARTESIAN_POINT ( 'NONE',  ( -82.47847513588165214, 13.13641401289931210, 1.500000000000000444 ) ) ;
#2665 = ORIENTED_EDGE ( 'NONE', *, *, #3709, .T. ) ;
#2666 = VERTEX_POINT ( 'NONE', #6248 ) ;
#2667 = DIRECTION ( 'NONE',  ( -0.000000000000000000, 1.000000000000000000, -0.000000000000000000 ) ) ;
#2668 = EDGE_CURVE ( 'NONE', #4066, #3763, #2582, .T. ) ;
#2669 = EDGE_CURVE ( 'NONE', #5173, #1818, #482, .T. ) ;
#2670 = VECTOR ( 'NONE', #4118, 1000.000000000000000 ) ;
#2671 = CARTESIAN_POINT ( 'NONE',  ( 39.25000000000000000, 23.15429687500000000, 4.000000000000000000 ) ) ;
#2672 = DIRECTION ( 'NONE',  ( -0.000000000000000000, -0.000000000000000000, 1.000000000000000000 ) ) ;
#2673 = CARTESIAN_POINT ( 'NONE',  ( -8.767882862100673691, 15.48641401289931174, 1.500000000000000444 ) ) ;
#2674 = CARTESIAN_POINT ( 'NONE',  ( -78.32152486411838765, 13.13641401289931210, 1.500000000000000444 ) ) ;
#2675 = DIRECTION ( 'NONE',  ( -6.938893903907222067E-15, 1.000000000000000000, 0.000000000000000000 ) ) ;
#2676 = ORIENTED_EDGE ( 'NONE', *, *, #5954, .F. ) ;
#2677 = VECTOR ( 'NONE', #6230, 1000.000000000000000 ) ;
#2678 = LINE ( 'NONE', #3984, #5919 ) ;
#2679 = EDGE_CURVE ( 'NONE', #5137, #5513, #1322, .T. ) ;
#2680 = ORIENTED_EDGE ( 'NONE', *, *, #6374, .T. ) ;
#2681 = CARTESIAN_POINT ( 'NONE',  ( -32.30364200201771041, 13.15429687499999112, 4.000000000000000000 ) ) ;
#2682 = CARTESIAN_POINT ( 'NONE',  ( -38.80000000000006821, 20.85065487298227183, 2.500000000000000000 ) ) ;
#2683 = VECTOR ( 'NONE', #6044, 1000.000000000000000 ) ;
#2684 = DIRECTION ( 'NONE',  ( 0.000000000000000000, 1.000000000000000000, 0.000000000000000000 ) ) ;
#2685 = CARTESIAN_POINT ( 'NONE',  ( -91.75000000000001421, 25.65429687500000355, 6.000000000000000000 ) ) ;
#2686 = VECTOR ( 'NONE', #2301, 1000.000000000000114 ) ;
#2687 = FACE_OUTER_BOUND ( 'NONE', #6035, .T. ) ;
#2688 = ORIENTED_EDGE ( 'NONE', *, *, #4089, .F. ) ;
#2689 = ORIENTED_EDGE ( 'NONE', *, *, #5167, .F. ) ;
#2690 = DIRECTION ( 'NONE',  ( 1.000000000000000000, 0.000000000000000000, 0.000000000000000000 ) ) ;
#2691 = VECTOR ( 'NONE', #6749, 1000.000000000000000 ) ;
#2692 = ORIENTED_EDGE ( 'NONE', *, *, #3371, .T. ) ;
#2693 = VECTOR ( 'NONE', #1085, 1000.000000000000000 ) ;
#2694 = ADVANCED_FACE ( 'NONE', ( #64 ), #1957, .F. ) ;
#2695 = ADVANCED_FACE ( 'NONE', ( #7738 ), #4515, .F. ) ;
#2696 = ORIENTED_EDGE ( 'NONE', *, *, #4728, .T. ) ;
#2697 = LINE ( 'NONE', #4595, #2347 ) ;
#2698 = VECTOR ( 'NONE', #3992, 1000.000000000000000 ) ;
#2699 = CARTESIAN_POINT ( 'NONE',  ( -36.41788286210069714, 22.78641401289931778, 0.5000000000000004441 ) ) ;
#2700 = ORIENTED_EDGE ( 'NONE', *, *, #4873, .T. ) ;
#2701 = ORIENTED_EDGE ( 'NONE', *, *, #2060, .F. ) ;
#2702 = DIRECTION ( 'NONE',  ( 1.000000000000000000, 0.000000000000000000, 0.000000000000000000 ) ) ;
#2703 = EDGE_CURVE ( 'NONE', #2289, #5892, #5455, .T. ) ;
#2704 = LINE ( 'NONE', #6412, #1788 ) ;
#2705 = EDGE_CURVE ( 'NONE', #7477, #7135, #2970, .T. ) ;
#2706 = DIRECTION ( 'NONE',  ( 0.000000000000000000, 0.000000000000000000, -1.000000000000000000 ) ) ;
#2707 = ORIENTED_EDGE ( 'NONE', *, *, #1460, .T. ) ;
#2708 = CARTESIAN_POINT ( 'NONE',  ( -54.76788286210067724, 15.50448725967914143, 0.5000000000000004441 ) ) ;
#2709 = ORIENTED_EDGE ( 'NONE', *, *, #7578, .T. ) ;
#2710 = ORIENTED_EDGE ( 'NONE', *, *, #2333, .F. ) ;
#2711 = LINE ( 'NONE', #5321, #2130 ) ;
#2712 = CARTESIAN_POINT ( 'NONE',  ( -1.360704919605653112E-14, 20.78641401289936752, 0.000000000000000000 ) ) ;
#2713 = LINE ( 'NONE', #5245, #1999 ) ;
#2714 = CARTESIAN_POINT ( 'NONE',  ( -84.75000000000001421, 22.40429687500000355, 1.000000000000000000 ) ) ;
#2715 = CARTESIAN_POINT ( 'NONE',  ( 30.18211713789931139, 15.48641401289931174, 0.5000000000000004441 ) ) ;
#2716 = CARTESIAN_POINT ( 'NONE',  ( 39.25000000000000000, 22.40429687500000355, 2.500000000000000444 ) ) ;
#2717 = DIRECTION ( 'NONE',  ( -0.000000000000000000, -0.000000000000000000, 1.000000000000000000 ) ) ;
#2718 = ORIENTED_EDGE ( 'NONE', *, *, #4494, .T. ) ;
#2719 = DIRECTION ( 'NONE',  ( 6.938893903907228378E-15, 1.000000000000000000, 0.000000000000000000 ) ) ;
#2720 = ORIENTED_EDGE ( 'NONE', *, *, #2271, .F. ) ;
#2721 = CARTESIAN_POINT ( 'NONE',  ( -14.06788286210067263, 20.78641401289931423, -2.999999999999999112 ) ) ;
#2722 = EDGE_CURVE ( 'NONE', #4423, #7634, #4227, .T. ) ;
#2723 = LINE ( 'NONE', #7290, #3275 ) ;
#2724 = DIRECTION ( 'NONE',  ( 0.000000000000000000, -0.000000000000000000, 1.000000000000000000 ) ) ;
#2725 = EDGE_CURVE ( 'NONE', #2509, #1447, #6686, .T. ) ;
#2726 = LINE ( 'NONE', #6013, #7683 ) ;
#2727 = APPLICATION_CONTEXT ( 'configuration controlled 3d designs of mechanical parts and assemblies' ) ;
#2728 = VECTOR ( 'NONE', #4030, 1000.000000000000000 ) ;
#2729 = ORIENTED_EDGE ( 'NONE', *, *, #5983, .F. ) ;
#2730 = CARTESIAN_POINT ( 'NONE',  ( -84.75000000000001421, 22.40429687500000355, 4.000000000000000000 ) ) ;
#2731 = ORIENTED_EDGE ( 'NONE', *, *, #575, .T. ) ;
#2732 = EDGE_CURVE ( 'NONE', #5371, #4517, #8171, .T. ) ;
#2733 = DIRECTION ( 'NONE',  ( 0.000000000000000000, 0.7071067811865352493, 0.7071067811865597852 ) ) ;
#2734 = DIRECTION ( 'NONE',  ( 1.000000000000000000, 0.000000000000000000, 0.000000000000000000 ) ) ;
#2735 = VERTEX_POINT ( 'NONE', #2888 ) ;
#2736 = ORIENTED_EDGE ( 'NONE', *, *, #7913, .F. ) ;
#2737 = DIRECTION ( 'NONE',  ( 1.000000000000000000, -0.000000000000000000, -0.000000000000000000 ) ) ;
#2738 = VECTOR ( 'NONE', #3988, 1000.000000000000114 ) ;
#2739 = ORIENTED_EDGE ( 'NONE', *, *, #1508, .F. ) ;
#2740 = DIRECTION ( 'NONE',  ( 0.000000000000000000, 0.000000000000000000, -1.000000000000000000 ) ) ;
#2741 = CARTESIAN_POINT ( 'NONE',  ( -15.80000000000006466, 20.85065487298227183, 1.500000000000000444 ) ) ;
#2742 = VERTEX_POINT ( 'NONE', #366 ) ;
#2743 = EDGE_CURVE ( 'NONE', #6898, #5101, #7413, .T. ) ;
#2744 = FACE_OUTER_BOUND ( 'NONE', #7033, .T. ) ;
#2745 = VERTEX_POINT ( 'NONE', #7455 ) ;
#2746 = EDGE_LOOP ( 'NONE', ( #7425, #4717, #6014, #430 ) ) ;
#2747 = VECTOR ( 'NONE', #7790, 1000.000000000000000 ) ;
#2748 = LINE ( 'NONE', #5241, #2924 ) ;
#2749 = CARTESIAN_POINT ( 'NONE',  ( 45.84999999999998721, 24.65429687500000711, 6.000000000000000000 ) ) ;
#2750 = EDGE_CURVE ( 'NONE', #2424, #1805, #1587, .T. ) ;
#2751 = VECTOR ( 'NONE', #160, 1000.000000000000000 ) ;
#2752 = CARTESIAN_POINT ( 'NONE',  ( -9.417882862100670494, 13.48641401289931174, 1.500000000000000444 ) ) ;
#2753 = DIRECTION ( 'NONE',  ( -0.000000000000000000, 1.000000000000000000, -0.000000000000000000 ) ) ;
#2754 = PLANE ( 'NONE',  #4010 ) ;
#2755 = CARTESIAN_POINT ( 'NONE',  ( -13.47847513588164325, 13.13641401289931210, 1.500000000000000444 ) ) ;
#2756 = CARTESIAN_POINT ( 'NONE',  ( -84.75000000000001421, 15.40793887701768305, 1.500000000000000444 ) ) ;
#2757 = VERTEX_POINT ( 'NONE', #2261 ) ;
#2758 = DIRECTION ( 'NONE',  ( 0.000000000000000000, -0.000000000000000000, -1.000000000000000000 ) ) ;
#2759 = ORIENTED_EDGE ( 'NONE', *, *, #2632, .T. ) ;
#2760 = DIRECTION ( 'NONE',  ( 0.000000000000000000, 0.000000000000000000, -1.000000000000000000 ) ) ;
#2761 = ADVANCED_FACE ( 'NONE', ( #3007 ), #4864, .F. ) ;
#2762 = LINE ( 'NONE', #8009, #5973 ) ;
#2763 = LINE ( 'NONE', #5888, #2863 ) ;
#2764 = CARTESIAN_POINT ( 'NONE',  ( 39.25000000000000000, 15.70793887701771929, 1.500000000000000444 ) ) ;
#2765 = ORIENTED_EDGE ( 'NONE', *, *, #4704, .T. ) ;
#2766 = DIRECTION ( 'NONE',  ( -0.000000000000000000, -1.000000000000000000, -0.000000000000000000 ) ) ;
#2767 = DIRECTION ( 'NONE',  ( 0.7071067811865318076, 6.542051911182251369E-16, 0.7071067811865633379 ) ) ;
#2768 = EDGE_CURVE ( 'NONE', #4066, #5064, #1668, .T. ) ;
#2769 = ADVANCED_FACE ( 'NONE', ( #4822 ), #1548, .F. ) ;
#2770 = VERTEX_POINT ( 'NONE', #3592 ) ;
#2771 = PLANE ( 'NONE',  #4097 ) ;
#2772 = CARTESIAN_POINT ( 'NONE',  ( 46.25000000000000000, 22.40429687500000355, 5.600000000000000533 ) ) ;
#2773 = ORIENTED_EDGE ( 'NONE', *, *, #7342, .T. ) ;
#2774 = ORIENTED_EDGE ( 'NONE', *, *, #1251, .F. ) ;
#2775 = LINE ( 'NONE', #4046, #686 ) ;
#2776 = ORIENTED_EDGE ( 'NONE', *, *, #4921, .T. ) ;
#2777 = EDGE_CURVE ( 'NONE', #3486, #227, #409, .T. ) ;
#2778 = ORIENTED_EDGE ( 'NONE', *, *, #6967, .T. ) ;
#2779 = CARTESIAN_POINT ( 'NONE',  ( -16.41788286210070424, 20.23277201088163224, 2.500000000000000000 ) ) ;
#2780 = FACE_OUTER_BOUND ( 'NONE', #2449, .T. ) ;
#2781 = ORIENTED_EDGE ( 'NONE', *, *, #2012, .F. ) ;
#2782 = CARTESIAN_POINT ( 'NONE',  ( 0.000000000000000000, 0.000000000000000000, 4.000000000000000000 ) ) ;
#2783 = EDGE_LOOP ( 'NONE', ( #3276, #5740, #2240, #8221, #651, #6018, #7978, #5669, #2157, #4715 ) ) ;
#2784 = CARTESIAN_POINT ( 'NONE',  ( -6.382117137899323112, 20.23277201088161803, 1.500000000000000444 ) ) ;
#2785 = VECTOR ( 'NONE', #3545, 1000.000000000000000 ) ;
#2786 = LINE ( 'NONE', #827, #3069 ) ;
#2787 = EDGE_CURVE ( 'NONE', #6785, #4842, #4780, .T. ) ;
#2788 = CARTESIAN_POINT ( 'NONE',  ( -9.321524864118412523, 23.17217973710070567, 1.500000000000000444 ) ) ;
#2789 = CARTESIAN_POINT ( 'NONE',  ( 39.25000000000000000, 13.15429687500000355, 4.000000000000000000 ) ) ;
#2790 = FACE_OUTER_BOUND ( 'NONE', #5869, .T. ) ;
#2791 = VECTOR ( 'NONE', #1571, 1000.000000000000000 ) ;
#2792 = LINE ( 'NONE', #236, #6184 ) ;
#2793 = DIRECTION ( 'NONE',  ( -0.000000000000000000, 0.000000000000000000, 1.000000000000000000 ) ) ;
#2794 = EDGE_LOOP ( 'NONE', ( #5393, #4096, #8339, #3974 ) ) ;
#2795 = DIRECTION ( 'NONE',  ( 0.7071067811865474617, -0.7071067811865474617, 0.000000000000000000 ) ) ;
#2796 = EDGE_LOOP ( 'NONE', ( #2627, #7215, #2056, #8146 ) ) ;
#2797 = CARTESIAN_POINT ( 'NONE',  ( -7.017882862100671915, 20.78641401289931778, 0.5000000000000004441 ) ) ;
#2798 = VECTOR ( 'NONE', #7376, 1000.000000000000000 ) ;
#2799 = CARTESIAN_POINT ( 'NONE',  ( 29.58211713789928154, 16.07582173911837486, 1.500000000000000444 ) ) ;
#2800 = DIRECTION ( 'NONE',  ( -0.7071067811865479058, -0.7071067811865471286, -1.137307002876294573E-16 ) ) ;
#2801 = ADVANCED_FACE ( 'NONE', ( #3470 ), #6730, .F. ) ;
#2802 = VECTOR ( 'NONE', #6707, 1000.000000000000000 ) ;
#2803 = CARTESIAN_POINT ( 'NONE',  ( -82.41788286210069714, 13.48641401289930997, 1.500000000000000444 ) ) ;
#2804 = VECTOR ( 'NONE', #5257, 1000.000000000000000 ) ;
#2805 = VERTEX_POINT ( 'NONE', #1706 ) ;
#2806 = LINE ( 'NONE', #6137, #2039 ) ;
#2807 = CARTESIAN_POINT ( 'NONE',  ( -61.81788286210068151, 20.80448725967914925, 1.500000000000000444 ) ) ;
#2808 = VECTOR ( 'NONE', #5815, 1000.000000000000000 ) ;
#2809 = VECTOR ( 'NONE', #1064, 1000.000000000000000 ) ;
#2810 = ORIENTED_EDGE ( 'NONE', *, *, #6235, .F. ) ;
#2811 = CARTESIAN_POINT ( 'NONE',  ( 15.98211713789932098, 20.78641401289931778, 1.500000000000000444 ) ) ;
#2812 = EDGE_CURVE ( 'NONE', #7504, #5049, #3513, .T. ) ;
#2813 = ADVANCED_FACE ( 'NONE', ( #6216, #997, #450, #2845, #6773, #7368, #961, #6093 ), #329, .F. ) ;
#2814 = DIRECTION ( 'NONE',  ( 1.000000000000000000, 0.000000000000000000, 0.000000000000000000 ) ) ;
#2815 = AXIS2_PLACEMENT_3D ( 'NONE', #4518, #5155, #612 ) ;
#2816 = ORIENTED_EDGE ( 'NONE', *, *, #8188, .T. ) ;
#2817 = VECTOR ( 'NONE', #620, 1000.000000000000000 ) ;
#2818 = VERTEX_POINT ( 'NONE', #4312 ) ;
#2819 = CARTESIAN_POINT ( 'NONE',  ( -78.32152486411841608, 23.17217973710070567, 1.500000000000000444 ) ) ;
#2820 = ORIENTED_EDGE ( 'NONE', *, *, #1822, .T. ) ;
#2821 = VECTOR ( 'NONE', #2702, 1000.000000000000000 ) ;
#2822 = ORIENTED_EDGE ( 'NONE', *, *, #7909, .F. ) ;
#2823 = AXIS2_PLACEMENT_3D ( 'NONE', #4762, #7352, #5436 ) ;
#2824 = DIRECTION ( 'NONE',  ( -0.7071067811865479058, 0.7071067811865471286, 0.000000000000000000 ) ) ;
#2825 = ADVANCED_FACE ( 'NONE', ( #7709 ), #5071, .F. ) ;
#2826 = DIRECTION ( 'NONE',  ( 0.7071067811865352493, 0.7071067811865597852, 0.000000000000000000 ) ) ;
#2827 = ORIENTED_EDGE ( 'NONE', *, *, #7710, .F. ) ;
#2828 = FACE_OUTER_BOUND ( 'NONE', #1031, .T. ) ;
#2829 = EDGE_LOOP ( 'NONE', ( #3885, #7573, #2606, #4913 ) ) ;
#2830 = VECTOR ( 'NONE', #3780, 1000.000000000000000 ) ;
#2831 = DIRECTION ( 'NONE',  ( -1.119176436114068839E-16, 1.000000000000000000, 0.000000000000000000 ) ) ;
#2832 = DIRECTION ( 'NONE',  ( 0.000000000000000000, -1.000000000000000000, 0.000000000000000000 ) ) ;
#2833 = CARTESIAN_POINT ( 'NONE',  ( -14.06788286210067263, 15.48641401289931174, 1.500000000000000444 ) ) ;
#2834 = AXIS2_PLACEMENT_3D ( 'NONE', #756, #3902, #4618 ) ;
#2835 = CARTESIAN_POINT ( 'NONE',  ( -91.34999999999998010, 25.65429687500000355, 5.000000000000000000 ) ) ;
#2836 = DIRECTION ( 'NONE',  ( 0.000000000000000000, 0.000000000000000000, 1.000000000000000000 ) ) ;
#2837 = EDGE_CURVE ( 'NONE', #3700, #1605, #6343, .T. ) ;
#2838 = DIRECTION ( 'NONE',  ( 0.7071067811865483499, -0.7071067811865466846, 0.000000000000000000 ) ) ;
#2839 = CARTESIAN_POINT ( 'NONE',  ( 37.23211713789930855, 15.48641401289931174, 0.000000000000000000 ) ) ;
#2840 = EDGE_LOOP ( 'NONE', ( #666, #7258, #6194, #2991 ) ) ;
#2841 = CARTESIAN_POINT ( 'NONE',  ( -59.41788286210069714, 13.48641401289930997, 0.5000000000000004441 ) ) ;
#2842 = ORIENTED_EDGE ( 'NONE', *, *, #7935, .F. ) ;
#2843 = LINE ( 'NONE', #2797, #2272 ) ;
#2844 = EDGE_CURVE ( 'NONE', #5699, #2026, #1925, .T. ) ;
#2845 = FACE_BOUND ( 'NONE', #2438, .T. ) ;
#2846 = DIRECTION ( 'NONE',  ( -1.000000000000000000, 0.000000000000000000, 0.000000000000000000 ) ) ;
#2847 = LINE ( 'NONE', #331, #7453 ) ;
#2848 = DIRECTION ( 'NONE',  ( 0.000000000000000000, 0.000000000000000000, 1.000000000000000000 ) ) ;
#2849 = EDGE_CURVE ( 'NONE', #3048, #504, #1795, .T. ) ;
#2850 = ORIENTED_EDGE ( 'NONE', *, *, #4068, .T. ) ;
#2851 = PLANE ( 'NONE',  #7289 ) ;
#2852 = CARTESIAN_POINT ( 'NONE',  ( -75.38211713789932844, 16.07582173911838197, 1.500000000000000444 ) ) ;
#2853 = EDGE_CURVE ( 'NONE', #2742, #1432, #5120, .T. ) ;
#2854 = ORIENTED_EDGE ( 'NONE', *, *, #6692, .T. ) ;
#2855 = DIRECTION ( 'NONE',  ( -0.7071067811865352493, 0.000000000000000000, 0.7071067811865597852 ) ) ;
#2856 = VECTOR ( 'NONE', #312, 1000.000000000000000 ) ;
#2857 = DIRECTION ( 'NONE',  ( 0.000000000000000000, 0.000000000000000000, 1.000000000000000000 ) ) ;
#2858 = VERTEX_POINT ( 'NONE', #8299 ) ;
#2859 = ORIENTED_EDGE ( 'NONE', *, *, #5929, .F. ) ;
#2860 = LINE ( 'NONE', #2941, #2033 ) ;
#2861 = VERTEX_POINT ( 'NONE', #2505 ) ;
#2862 = ADVANCED_FACE ( 'NONE', ( #576 ), #3170, .F. ) ;
#2863 = VECTOR ( 'NONE', #1510, 1000.000000000000114 ) ;
#2864 = VERTEX_POINT ( 'NONE', #7619 ) ;
#2865 = DIRECTION ( 'NONE',  ( 0.7071067811865479058, 0.7071067811865471286, 0.000000000000000000 ) ) ;
#2866 = DIRECTION ( 'NONE',  ( -6.938893903907222067E-15, 1.000000000000000000, 0.000000000000000000 ) ) ;
#2867 = ORIENTED_EDGE ( 'NONE', *, *, #2504, .F. ) ;
#2868 = DIRECTION ( 'NONE',  ( 1.000000000000000000, 0.000000000000000000, 0.000000000000000000 ) ) ;
#2869 = EDGE_CURVE ( 'NONE', #3660, #19, #3214, .T. ) ;
#2870 = VERTEX_POINT ( 'NONE', #6384 ) ;
#2871 = DIRECTION ( 'NONE',  ( 0.000000000000000000, -0.000000000000000000, 1.000000000000000000 ) ) ;
#2872 = LINE ( 'NONE', #6159, #3611 ) ;
#2873 = VECTOR ( 'NONE', #5715, 1000.000000000000000 ) ;
#2874 = EDGE_CURVE ( 'NONE', #7715, #3914, #6942, .T. ) ;
#2875 = CARTESIAN_POINT ( 'NONE',  ( -61.81788286210068151, 15.48641401289931174, 1.500000000000000444 ) ) ;
#2876 = VECTOR ( 'NONE', #3648, 1000.000000000000000 ) ;
#2877 = DIRECTION ( 'NONE',  ( 0.000000000000000000, -1.000000000000000000, 0.000000000000000000 ) ) ;
#2878 = DIRECTION ( 'NONE',  ( -6.938893903907222067E-15, 1.000000000000000000, 0.000000000000000000 ) ) ;
#2879 = VECTOR ( 'NONE', #1537, 1000.000000000000000 ) ;
#2880 = LINE ( 'NONE', #2964, #7530 ) ;
#2881 = DIRECTION ( 'NONE',  ( -0.7071067811865475727, 0.7071067811865475727, 0.000000000000000000 ) ) ;
#2882 = ORIENTED_EDGE ( 'NONE', *, *, #457, .T. ) ;
#2883 = LINE ( 'NONE', #2378, #7409 ) ;
#2884 = EDGE_LOOP ( 'NONE', ( #3770, #7850, #4127, #6500 ) ) ;
#2885 = DIRECTION ( 'NONE',  ( 0.000000000000000000, 0.000000000000000000, 1.000000000000000000 ) ) ;
#2886 = EDGE_CURVE ( 'NONE', #5407, #7298, #617, .T. ) ;
#2887 = VECTOR ( 'NONE', #926, 1000.000000000000000 ) ;
#2888 = CARTESIAN_POINT ( 'NONE',  ( 30.19999999999993534, 15.45793887701772285, 2.499999999999999112 ) ) ;
#2889 = DIRECTION ( 'NONE',  ( 1.000000000000000000, 0.000000000000000000, 0.000000000000000000 ) ) ;
#2890 = LINE ( 'NONE', #5457, #3798 ) ;
#2891 = VECTOR ( 'NONE', #3937, 1000.000000000000000 ) ;
#2892 = CARTESIAN_POINT ( 'NONE',  ( -89.75000000000001421, 23.15429687500000355, 0.2500000000000000000 ) ) ;
#2893 = EDGE_LOOP ( 'NONE', ( #6147, #3177, #4802, #822, #8023, #8150 ) ) ;
#2894 = CARTESIAN_POINT ( 'NONE',  ( 32.50364200201764930, 23.15429687500000000, 1.500000000000000444 ) ) ;
#2895 = DIRECTION ( 'NONE',  ( 0.000000000000000000, 0.000000000000000000, -1.000000000000000000 ) ) ;
#2896 = EDGE_LOOP ( 'NONE', ( #4916, #327, #1197, #1690 ) ) ;
#2897 = ADVANCED_FACE ( 'NONE', ( #1836 ), #5743, .F. ) ;
#2898 = LINE ( 'NONE', #6782, #6533 ) ;
#2899 = EDGE_CURVE ( 'NONE', #3189, #3759, #8344, .T. ) ;
#2900 = FACE_OUTER_BOUND ( 'NONE', #1147, .T. ) ;
#2901 = ORIENTED_EDGE ( 'NONE', *, *, #2172, .F. ) ;
#2902 = ORIENTED_EDGE ( 'NONE', *, *, #3438, .T. ) ;
#2903 = CARTESIAN_POINT ( 'NONE',  ( -89.25000000000001421, 23.15429687500000355, 0.3499999999999999223 ) ) ;
#2904 = ORIENTED_EDGE ( 'NONE', *, *, #2139, .F. ) ;
#2905 = ORIENTED_EDGE ( 'NONE', *, *, #5864, .T. ) ;
#2906 = EDGE_CURVE ( 'NONE', #3613, #4434, #5790, .T. ) ;
#2907 = LINE ( 'NONE', #313, #2802 ) ;
#2908 = ORIENTED_EDGE ( 'NONE', *, *, #3614, .T. ) ;
#2909 = LINE ( 'NONE', #315, #3084 ) ;
#2910 = VERTEX_POINT ( 'NONE', #2381 ) ;
#2911 = DIRECTION ( 'NONE',  ( 0.000000000000000000, 1.000000000000000000, 0.000000000000000000 ) ) ;
#2912 = LINE ( 'NONE', #2208, #1610 ) ;
#2913 = CARTESIAN_POINT ( 'NONE',  ( -82.41788286210069714, 20.78641401289931778, 1.500000000000000444 ) ) ;
#2914 = CARTESIAN_POINT ( 'NONE',  ( -31.76788286210068080, 15.48641401289931174, 1.500000000000000444 ) ) ;
#2915 = LINE ( 'NONE', #1069, #8190 ) ;
#2916 = LINE ( 'NONE', #4303, #7283 ) ;
#2917 = EDGE_CURVE ( 'NONE', #5699, #7305, #3765, .T. ) ;
#2918 = ADVANCED_FACE ( 'NONE', ( #2465 ), #491, .F. ) ;
#2919 = CARTESIAN_POINT ( 'NONE',  ( -78.30364200201772462, 13.15429687499998579, 4.000000000000000000 ) ) ;
#2920 = ORIENTED_EDGE ( 'NONE', *, *, #5742, .T. ) ;
#2921 = CARTESIAN_POINT ( 'NONE',  ( -84.81788286210067440, 15.48641401289931174, 0.5000000000000004441 ) ) ;
#2922 = ORIENTED_EDGE ( 'NONE', *, *, #4264, .T. ) ;
#2923 = CARTESIAN_POINT ( 'NONE',  ( 0.000000000000000000, 13.40429687500000355, 0.3499999999999999223 ) ) ;
#2924 = VECTOR ( 'NONE', #3295, 1000.000000000000000 ) ;
#2925 = CARTESIAN_POINT ( 'NONE',  ( -77.76788286210067724, 20.78641401289931778, 0.5000000000000004441 ) ) ;
#2926 = FACE_OUTER_BOUND ( 'NONE', #8044, .T. ) ;
#2927 = CARTESIAN_POINT ( 'NONE',  ( -59.41788286210069714, 13.48641401289930997, 0.5000000000000004441 ) ) ;
#2928 = DIRECTION ( 'NONE',  ( 0.000000000000000000, 0.000000000000000000, -1.000000000000000000 ) ) ;
#2929 = EDGE_CURVE ( 'NONE', #361, #847, #532, .T. ) ;
#2930 = AXIS2_PLACEMENT_3D ( 'NONE', #845, #3873, #62 ) ;
#2931 = ORIENTED_EDGE ( 'NONE', *, *, #3588, .F. ) ;
#2932 = LINE ( 'NONE', #6015, #5791 ) ;
#2933 = CARTESIAN_POINT ( 'NONE',  ( -9.321524864118412523, 23.17217973710070567, 1.500000000000000444 ) ) ;
#2934 = ORIENTED_EDGE ( 'NONE', *, *, #8274, .F. ) ;
#2935 = AXIS2_PLACEMENT_3D ( 'NONE', #7315, #1533, #5961 ) ;
#2936 = DIRECTION ( 'NONE',  ( 1.000000000000000000, -0.000000000000000000, 0.000000000000000000 ) ) ;
#2937 = EDGE_CURVE ( 'NONE', #7559, #60, #5029, .T. ) ;
#2938 = CARTESIAN_POINT ( 'NONE',  ( 23.00000000000000000, 0.000000000000000000, 0.5000000000000004441 ) ) ;
#2939 = VERTEX_POINT ( 'NONE', #7157 ) ;
#2940 = VERTEX_POINT ( 'NONE', #784 ) ;
#2941 = CARTESIAN_POINT ( 'NONE',  ( -59.49635799798235070, 23.15429687499998934, 1.500000000000000444 ) ) ;
#2942 = VECTOR ( 'NONE', #4915, 1000.000000000000114 ) ;
#2943 = ORIENTED_EDGE ( 'NONE', *, *, #7889, .F. ) ;
#2944 = VECTOR ( 'NONE', #1664, 1000.000000000000000 ) ;
#2945 = EDGE_CURVE ( 'NONE', #4862, #516, #7872, .T. ) ;
#2946 = ADVANCED_FACE ( 'NONE', ( #4566 ), #1967, .F. ) ;
#2947 = VERTEX_POINT ( 'NONE', #3978 ) ;
#2948 = VECTOR ( 'NONE', #7448, 1000.000000000000000 ) ;
#2949 = AXIS2_PLACEMENT_3D ( 'NONE', #4103, #5966, #5924 ) ;
#2950 = FACE_OUTER_BOUND ( 'NONE', #2031, .T. ) ;
#2951 = VERTEX_POINT ( 'NONE', #7789 ) ;
#2952 = EDGE_LOOP ( 'NONE', ( #2731, #7078, #2729, #924 ) ) ;
#2953 = FACE_OUTER_BOUND ( 'NONE', #7826, .T. ) ;
#2954 = ORIENTED_EDGE ( 'NONE', *, *, #111, .F. ) ;
#2955 = CARTESIAN_POINT ( 'NONE',  ( 8.932117137899320269, 20.80448725967914925, 0.5000000000000004441 ) ) ;
#2956 = FACE_OUTER_BOUND ( 'NONE', #1651, .T. ) ;
#2957 = VECTOR ( 'NONE', #813, 1000.000000000000000 ) ;
#2958 = VECTOR ( 'NONE', #5657, 1000.000000000000000 ) ;
#2959 = EDGE_CURVE ( 'NONE', #5128, #2555, #1414, .T. ) ;
#2960 = DIRECTION ( 'NONE',  ( -0.000000000000000000, -0.000000000000000000, 1.000000000000000000 ) ) ;
#2961 = DIRECTION ( 'NONE',  ( -0.000000000000000000, -0.000000000000000000, -1.000000000000000000 ) ) ;
#2962 = DIRECTION ( 'NONE',  ( 0.000000000000000000, 1.000000000000000000, 0.000000000000000000 ) ) ;
#2963 = VECTOR ( 'NONE', #967, 1000.000000000000000 ) ;
#2964 = CARTESIAN_POINT ( 'NONE',  ( -77.76788286210067724, 0.000000000000000000, 0.000000000000000000 ) ) ;
#2965 = PLANE ( 'NONE',  #6725 ) ;
#2966 = ORIENTED_EDGE ( 'NONE', *, *, #511, .T. ) ;
#2967 = CARTESIAN_POINT ( 'NONE',  ( 9.582117137899304637, 13.48641401289930997, 0.5000000000000004441 ) ) ;
#2968 = ORIENTED_EDGE ( 'NONE', *, *, #4037, .T. ) ;
#2969 = LINE ( 'NONE', #6853, #1342 ) ;
#2970 = LINE ( 'NONE', #8007, #7377 ) ;
#2971 = CARTESIAN_POINT ( 'NONE',  ( 39.25000000000000000, 23.15429687500000000, 4.000000000000000000 ) ) ;
#2972 = FACE_OUTER_BOUND ( 'NONE', #3702, .T. ) ;
#2973 = CARTESIAN_POINT ( 'NONE',  ( 39.25000000000000000, 13.15429687500000355, 4.000000000000000000 ) ) ;
#2974 = ORIENTED_EDGE ( 'NONE', *, *, #7884, .F. ) ;
#2975 = DIRECTION ( 'NONE',  ( 0.000000000000000000, 0.000000000000000000, -1.000000000000000000 ) ) ;
#2976 = LINE ( 'NONE', #5462, #383 ) ;
#2977 = EDGE_CURVE ( 'NONE', #3575, #6340, #7910, .T. ) ;
#2978 = ORIENTED_EDGE ( 'NONE', *, *, #4988, .F. ) ;
#2979 = CARTESIAN_POINT ( 'NONE',  ( -14.06788286210067263, 20.78641401289931423, -2.999999999999999112 ) ) ;
#2980 = PLANE ( 'NONE',  #7536 ) ;
#2981 = VERTEX_POINT ( 'NONE', #2126 ) ;
#2982 = ORIENTED_EDGE ( 'NONE', *, *, #5303, .F. ) ;
#2983 = FACE_OUTER_BOUND ( 'NONE', #7981, .T. ) ;
#2984 = EDGE_LOOP ( 'NONE', ( #4011, #3549, #5304, #1433, #1930, #1167, #5854, #5312 ) ) ;
#2985 = ADVANCED_FACE ( 'NONE', ( #112 ), #2593, .F. ) ;
#2986 = ORIENTED_EDGE ( 'NONE', *, *, #1695, .F. ) ;
#2987 = CARTESIAN_POINT ( 'NONE',  ( -62.41788286210071135, 20.23277201088163224, 1.500000000000000444 ) ) ;
#2988 = ORIENTED_EDGE ( 'NONE', *, *, #4440, .F. ) ;
#2989 = VERTEX_POINT ( 'NONE', #2089 ) ;
#2990 = LINE ( 'NONE', #2288, #6731 ) ;
#2991 = ORIENTED_EDGE ( 'NONE', *, *, #4570, .F. ) ;
#2992 = DIRECTION ( 'NONE',  ( 0.000000000000000000, 0.000000000000000000, 1.000000000000000000 ) ) ;
#2993 = VECTOR ( 'NONE', #1895, 1000.000000000000000 ) ;
#2994 = PLANE ( 'NONE',  #142 ) ;
#2995 = LINE ( 'NONE', #3667, #3938 ) ;
#2996 = LINE ( 'NONE', #6718, #7885 ) ;
#2997 = DIRECTION ( 'NONE',  ( -1.000000000000000000, 0.000000000000000000, 0.000000000000000000 ) ) ;
#2998 = EDGE_CURVE ( 'NONE', #5467, #4207, #196, .T. ) ;
#2999 = LINE ( 'NONE', #4897, #6874 ) ;
#3000 = FACE_OUTER_BOUND ( 'NONE', #5645, .T. ) ;
#3001 = ORIENTED_EDGE ( 'NONE', *, *, #7020, .F. ) ;
#3002 = VECTOR ( 'NONE', #2684, 1000.000000000000000 ) ;
#3003 = PLANE ( 'NONE',  #3751 ) ;
#3004 = EDGE_LOOP ( 'NONE', ( #6382, #4205, #4673, #3210, #2810, #7744 ) ) ;
#3005 = DIRECTION ( 'NONE',  ( -0.000000000000000000, -0.000000000000000000, 1.000000000000000000 ) ) ;
#3006 = VECTOR ( 'NONE', #3370, 1000.000000000000000 ) ;
#3007 = FACE_OUTER_BOUND ( 'NONE', #307, .T. ) ;
#3008 = VECTOR ( 'NONE', #3318, 1000.000000000000000 ) ;
#3009 = CARTESIAN_POINT ( 'NONE',  ( -52.99999999999998579, 20.85065487298227183, 1.500000000000000444 ) ) ;
#3010 = PLANE ( 'NONE',  #7433 ) ;
#3011 = CARTESIAN_POINT ( 'NONE',  ( -6.999999999999978684, 20.85065487298227183, 4.000000000000000000 ) ) ;
#3012 = EDGE_CURVE ( 'NONE', #3972, #5624, #2713, .T. ) ;
#3013 = ORIENTED_EDGE ( 'NONE', *, *, #7474, .T. ) ;
#3014 = CARTESIAN_POINT ( 'NONE',  ( 8.932117137899320269, 0.000000000000000000, 0.000000000000000000 ) ) ;
#3015 = FACE_OUTER_BOUND ( 'NONE', #5970, .T. ) ;
#3016 = VECTOR ( 'NONE', #8229, 1000.000000000000000 ) ;
#3017 = VERTEX_POINT ( 'NONE', #1377 ) ;
#3018 = CYLINDRICAL_SURFACE ( 'NONE', #183, 0.2500000000000000000 ) ;
#3019 = DIRECTION ( 'NONE',  ( -0.000000000000000000, -0.000000000000000000, 1.000000000000000000 ) ) ;
#3020 = CARTESIAN_POINT ( 'NONE',  ( -54.76788286210067724, 15.50448725967914143, 1.500000000000000444 ) ) ;
#3021 = ADVANCED_FACE ( 'NONE', ( #2007 ), #706, .F. ) ;
#3022 = ORIENTED_EDGE ( 'NONE', *, *, #5797, .F. ) ;
#3023 = VERTEX_POINT ( 'NONE', #4647 ) ;
#3024 = CARTESIAN_POINT ( 'NONE',  ( 13.69635799798229669, 13.15429687500000178, 6.000000000000000000 ) ) ;
#3025 = VERTEX_POINT ( 'NONE', #6637 ) ;
#3026 = EDGE_LOOP ( 'NONE', ( #179, #473, #8113, #5523 ) ) ;
#3027 = CARTESIAN_POINT ( 'NONE',  ( 7.182117137899318493, 15.48641401289931174, 1.500000000000000444 ) ) ;
#3028 = EDGE_CURVE ( 'NONE', #6220, #6347, #157, .T. ) ;
#3029 = ORIENTED_EDGE ( 'NONE', *, *, #7432, .F. ) ;
#3030 = EDGE_LOOP ( 'NONE', ( #7505, #790, #4986, #7903 ) ) ;
#3031 = DIRECTION ( 'NONE',  ( -1.000000000000000000, -1.119176436114068839E-16, 0.000000000000000000 ) ) ;
#3032 = ORIENTED_EDGE ( 'NONE', *, *, #6271, .T. ) ;
#3033 = DIRECTION ( 'NONE',  ( -0.000000000000000000, -0.000000000000000000, 1.000000000000000000 ) ) ;
#3034 = PLANE ( 'NONE',  #5908 ) ;
#3035 = DIRECTION ( 'NONE',  ( -0.7071067811865479058, 0.7071067811865471286, 0.000000000000000000 ) ) ;
#3036 = CARTESIAN_POINT ( 'NONE',  ( 36.67847513588156971, 23.17217973710070567, 6.000000000000000000 ) ) ;
#3037 = FACE_OUTER_BOUND ( 'NONE', #7428, .T. ) ;
#3038 = CARTESIAN_POINT ( 'NONE',  ( -37.06788286210068151, 20.80448725967914925, 1.500000000000000444 ) ) ;
#3039 = VERTEX_POINT ( 'NONE', #5286 ) ;
#3040 = CARTESIAN_POINT ( 'NONE',  ( 36.67847513588156971, 23.17217973710070567, 1.500000000000000444 ) ) ;
#3041 = ORIENTED_EDGE ( 'NONE', *, *, #4370, .T. ) ;
#3042 = FACE_OUTER_BOUND ( 'NONE', #5551, .T. ) ;
#3043 = EDGE_CURVE ( 'NONE', #5670, #4034, #4525, .T. ) ;
#3044 = DIRECTION ( 'NONE',  ( -1.000000000000000000, -1.119176436114068839E-16, 0.000000000000000000 ) ) ;
#3045 = CARTESIAN_POINT ( 'NONE',  ( -84.75000000000001421, 22.40429687500000355, 1.000000000000000000 ) ) ;
#3046 = LINE ( 'NONE', #7580, #4484 ) ;
#3047 = DIRECTION ( 'NONE',  ( 0.000000000000000000, 0.000000000000000000, 1.000000000000000000 ) ) ;
#3048 = VERTEX_POINT ( 'NONE', #2752 ) ;
#3049 = CARTESIAN_POINT ( 'NONE',  ( 23.00000000000000000, 0.000000000000000000, 0.5000000000000004441 ) ) ;
#3050 = CARTESIAN_POINT ( 'NONE',  ( 0.000000000000000000, 0.000000000000000000, 1.500000000000000444 ) ) ;
#3051 = AXIS2_PLACEMENT_3D ( 'NONE', #1293, #6983, #8256 ) ;
#3052 = EDGE_CURVE ( 'NONE', #3121, #3100, #7111, .T. ) ;
#3053 = ORIENTED_EDGE ( 'NONE', *, *, #1376, .T. ) ;
#3054 = DIRECTION ( 'NONE',  ( -0.000000000000000000, -0.000000000000000000, 1.000000000000000000 ) ) ;
#3055 = CARTESIAN_POINT ( 'NONE',  ( -32.32152486411839476, 13.13641401289931210, 4.000000000000000000 ) ) ;
#3056 = VECTOR ( 'NONE', #5358, 1000.000000000000000 ) ;
#3057 = LINE ( 'NONE', #5165, #6992 ) ;
#3058 = VERTEX_POINT ( 'NONE', #1451 ) ;
#3059 = ORIENTED_EDGE ( 'NONE', *, *, #6950, .T. ) ;
#3060 = FACE_OUTER_BOUND ( 'NONE', #4924, .T. ) ;
#3061 = ORIENTED_EDGE ( 'NONE', *, *, #3332, .F. ) ;
#3062 = VECTOR ( 'NONE', #7338, 1000.000000000000000 ) ;
#3063 = ORIENTED_EDGE ( 'NONE', *, *, #5719, .T. ) ;
#3064 = EDGE_CURVE ( 'NONE', #3759, #929, #4017, .T. ) ;
#3065 = EDGE_CURVE ( 'NONE', #5887, #806, #6474, .T. ) ;
#3066 = CARTESIAN_POINT ( 'NONE',  ( -6.382117137899323112, 16.07582173911838197, 1.500000000000000444 ) ) ;
#3067 = VECTOR ( 'NONE', #472, 1000.000000000000000 ) ;
#3068 = ORIENTED_EDGE ( 'NONE', *, *, #4396, .T. ) ;
#3069 = VECTOR ( 'NONE', #2088, 1000.000000000000000 ) ;
#3070 = EDGE_LOOP ( 'NONE', ( #7141, #7583, #678, #2696 ) ) ;
#3071 = FACE_OUTER_BOUND ( 'NONE', #872, .T. ) ;
#3072 = VERTEX_POINT ( 'NONE', #3935 ) ;
#3073 = LINE ( 'NONE', #3116, #6440 ) ;
#3074 = EDGE_CURVE ( 'NONE', #5180, #2377, #6515, .T. ) ;
#3075 = AXIS2_PLACEMENT_3D ( 'NONE', #1073, #3633, #1030 ) ;
#3076 = EDGE_CURVE ( 'NONE', #4261, #3343, #3297, .T. ) ;
#3077 = VECTOR ( 'NONE', #5533, 1000.000000000000000 ) ;
#3078 = CARTESIAN_POINT ( 'NONE',  ( -13.47847513588162904, 23.17217973710070567, 1.500000000000000444 ) ) ;
#3079 = CARTESIAN_POINT ( 'NONE',  ( 31.93211713789931139, 20.80448725967914925, 0.5000000000000004441 ) ) ;
#3080 = DIRECTION ( 'NONE',  ( 1.000000000000000000, 0.000000000000000000, 0.000000000000000000 ) ) ;
#3081 = LINE ( 'NONE', #1918, #3878 ) ;
#3082 = LINE ( 'NONE', #1830, #3217 ) ;
#3083 = ORIENTED_EDGE ( 'NONE', *, *, #2668, .T. ) ;
#3084 = VECTOR ( 'NONE', #2868, 1000.000000000000000 ) ;
#3085 = CARTESIAN_POINT ( 'NONE',  ( 39.25000000000000000, 13.15429687500000355, 4.000000000000000000 ) ) ;
#3086 = VECTOR ( 'NONE', #6615, 1000.000000000000000 ) ;
#3087 = ORIENTED_EDGE ( 'NONE', *, *, #6294, .F. ) ;
#3088 = CARTESIAN_POINT ( 'NONE',  ( 45.84999999999998721, 25.65429687500000355, 0.3999999999999837019 ) ) ;
#3089 = EDGE_CURVE ( 'NONE', #4105, #1146, #5700, .T. ) ;
#3090 = CARTESIAN_POINT ( 'NONE',  ( -61.80000000000006111, 15.45793887701772285, 1.500000000000000444 ) ) ;
#3091 = VECTOR ( 'NONE', #6078, 1000.000000000000000 ) ;
#3092 = DIRECTION ( 'NONE',  ( 1.000000000000000000, 4.336808689941999001E-16, 0.000000000000000000 ) ) ;
#3093 = PLANE ( 'NONE',  #8138 ) ;
#3094 = CARTESIAN_POINT ( 'NONE',  ( 31.93211713789931139, 20.78641401289931423, 1.500000000000000444 ) ) ;
#3095 = ORIENTED_EDGE ( 'NONE', *, *, #3190, .F. ) ;
#3096 = VERTEX_POINT ( 'NONE', #5025 ) ;
#3097 = CARTESIAN_POINT ( 'NONE',  ( -83.06788286210067440, 20.78641401289931423, 1.500000000000000444 ) ) ;
#3098 = CARTESIAN_POINT ( 'NONE',  ( -16.41788286210070424, 20.23277201088163224, 1.500000000000000444 ) ) ;
#3099 = VECTOR ( 'NONE', #6617, 1000.000000000000000 ) ;
#3100 = VERTEX_POINT ( 'NONE', #8296 ) ;
#3101 = DIRECTION ( 'NONE',  ( 0.000000000000000000, 0.000000000000000000, -1.000000000000000000 ) ) ;
#3102 = CARTESIAN_POINT ( 'NONE',  ( -62.41788286210071135, 16.07582173911837486, 2.499999999999999112 ) ) ;
#3103 = VECTOR ( 'NONE', #4491, 1000.000000000000000 ) ;
#3104 = DIRECTION ( 'NONE',  ( 0.000000000000000000, -0.7071067811865484609, -0.7071067811865466846 ) ) ;
#3105 = EDGE_CURVE ( 'NONE', #7868, #5264, #3674, .T. ) ;
#3106 = ORIENTED_EDGE ( 'NONE', *, *, #7169, .F. ) ;
#3107 = ORIENTED_EDGE ( 'NONE', *, *, #1142, .F. ) ;
#3108 = PLANE ( 'NONE',  #5114 ) ;
#3109 = ORIENTED_EDGE ( 'NONE', *, *, #3419, .F. ) ;
#3110 = ORIENTED_EDGE ( 'NONE', *, *, #539, .T. ) ;
#3111 = DIRECTION ( 'NONE',  ( -0.000000000000000000, -0.000000000000000000, 1.000000000000000000 ) ) ;
#3112 = ORIENTED_EDGE ( 'NONE', *, *, #3350, .F. ) ;
#3113 = ORIENTED_EDGE ( 'NONE', *, *, #5402, .F. ) ;
#3114 = CARTESIAN_POINT ( 'NONE',  ( 46.00000000000000000, 0.000000000000000000, 1.500000000000000444 ) ) ;
#3115 = ORIENTED_EDGE ( 'NONE', *, *, #1865, .T. ) ;
#3116 = CARTESIAN_POINT ( 'NONE',  ( 8.932117137899320269, 15.48641401289931174, -2.999999999999999112 ) ) ;
#3117 = DIRECTION ( 'NONE',  ( 0.000000000000000000, 0.000000000000000000, -1.000000000000000000 ) ) ;
#3118 = LINE ( 'NONE', #7060, #4539 ) ;
#3119 = EDGE_CURVE ( 'NONE', #4034, #4798, #5115, .T. ) ;
#3120 = DIRECTION ( 'NONE',  ( 0.000000000000000000, 0.7071067811865472397, -0.7071067811865479058 ) ) ;
#3121 = VERTEX_POINT ( 'NONE', #527 ) ;
#3122 = VECTOR ( 'NONE', #460, 1000.000000000000000 ) ;
#3123 = DIRECTION ( 'NONE',  ( -0.7071067811865474617, 0.000000000000000000, 0.7071067811865474617 ) ) ;
#3124 = VERTEX_POINT ( 'NONE', #4347 ) ;
#3125 = CARTESIAN_POINT ( 'NONE',  ( 32.50364200201764930, 13.15429687500000355, 4.000000000000000000 ) ) ;
#3126 = EDGE_CURVE ( 'NONE', #7066, #2199, #5786, .T. ) ;
#3127 = ORIENTED_EDGE ( 'NONE', *, *, #4453, .F. ) ;
#3128 = CARTESIAN_POINT ( 'NONE',  ( 39.25000000000000000, 13.15429687500000355, 4.000000000000000000 ) ) ;
#3129 = DIRECTION ( 'NONE',  ( -0.000000000000000000, 0.000000000000000000, 1.000000000000000000 ) ) ;
#3130 = CARTESIAN_POINT ( 'NONE',  ( -78.32152486411841608, 23.17217973710070567, 6.000000000000000000 ) ) ;
#3131 = CARTESIAN_POINT ( 'NONE',  ( -91.75000000000000000, 10.65429687500000355, 6.000000000000000000 ) ) ;
#3132 = DIRECTION ( 'NONE',  ( 1.000000000000000000, 6.938893903907222067E-15, 0.000000000000000000 ) ) ;
#3133 = ORIENTED_EDGE ( 'NONE', *, *, #5942, .F. ) ;
#3134 = EDGE_CURVE ( 'NONE', #141, #1490, #2501, .T. ) ;
#3135 = ORIENTED_EDGE ( 'NONE', *, *, #7424, .T. ) ;
#3136 = CARTESIAN_POINT ( 'NONE',  ( -60.06788286210068151, 15.48641401289931174, 0.5000000000000004441 ) ) ;
#3137 = CARTESIAN_POINT ( 'NONE',  ( -9.417882862100658059, 15.48641401289931174, 0.5000000000000004441 ) ) ;
#3138 = ORIENTED_EDGE ( 'NONE', *, *, #5431, .T. ) ;
#3139 = CARTESIAN_POINT ( 'NONE',  ( -62.41788286210071135, 16.07582173911837486, 4.000000000000000000 ) ) ;
#3140 = VECTOR ( 'NONE', #8029, 1000.000000000000000 ) ;
#3141 = CARTESIAN_POINT ( 'NONE',  ( -91.75000000000001421, 15.45793887701772285, 2.499999999999999112 ) ) ;
#3142 = LINE ( 'NONE', #2605, #537 ) ;
#3143 = AXIS2_PLACEMENT_3D ( 'NONE', #1621, #5445, #398 ) ;
#3144 = VERTEX_POINT ( 'NONE', #5739 ) ;
#3145 = VERTEX_POINT ( 'NONE', #4521 ) ;
#3146 = CARTESIAN_POINT ( 'NONE',  ( -14.06788286210067263, 20.78641401289931423, 1.500000000000000444 ) ) ;
#3147 = VERTEX_POINT ( 'NONE', #1200 ) ;
#3148 = VECTOR ( 'NONE', #5922, 1000.000000000000000 ) ;
#3149 = EDGE_CURVE ( 'NONE', #4842, #5749, #614, .T. ) ;
#3150 = ORIENTED_EDGE ( 'NONE', *, *, #7837, .F. ) ;
#3151 = CARTESIAN_POINT ( 'NONE',  ( 31.93211713789931139, 0.000000000000000000, 0.000000000000000000 ) ) ;
#3152 = EDGE_CURVE ( 'NONE', #6758, #7682, #4436, .T. ) ;
#3153 = LINE ( 'NONE', #2575, #6715 ) ;
#3154 = ORIENTED_EDGE ( 'NONE', *, *, #2576, .T. ) ;
#3155 = EDGE_LOOP ( 'NONE', ( #3207, #6290, #3106, #5788 ) ) ;
#3156 = LINE ( 'NONE', #6409, #1754 ) ;
#3157 = VERTEX_POINT ( 'NONE', #6254 ) ;
#3158 = CARTESIAN_POINT ( 'NONE',  ( -82.47847513588165214, 13.13641401289931210, 6.000000000000000000 ) ) ;
#3159 = CARTESIAN_POINT ( 'NONE',  ( -15.81788286210067440, 15.48641401289931174, 0.5000000000000004441 ) ) ;
#3160 = EDGE_CURVE ( 'NONE', #3176, #5173, #1963, .T. ) ;
#3161 = CARTESIAN_POINT ( 'NONE',  ( -15.81788286210067440, 20.80448725967914925, 0.5000000000000004441 ) ) ;
#3162 = ADVANCED_FACE ( 'NONE', ( #1875 ), #4387, .T. ) ;
#3163 = DIRECTION ( 'NONE',  ( 0.000000000000000000, -1.000000000000000000, 0.000000000000000000 ) ) ;
#3164 = VERTEX_POINT ( 'NONE', #8338 ) ;
#3165 = DIRECTION ( 'NONE',  ( 0.7071067811865479058, -0.7071067811865471286, -0.000000000000000000 ) ) ;
#3166 = ORIENTED_EDGE ( 'NONE', *, *, #6791, .T. ) ;
#3167 = CARTESIAN_POINT ( 'NONE',  ( 36.67847513588156971, 23.17217973710070567, 1.500000000000000444 ) ) ;
#3168 = ORIENTED_EDGE ( 'NONE', *, *, #1897, .F. ) ;
#3169 = DIRECTION ( 'NONE',  ( -0.000000000000000000, 0.000000000000000000, 1.000000000000000000 ) ) ;
#3170 = PLANE ( 'NONE',  #3723 ) ;
#3171 = DIRECTION ( 'NONE',  ( -0.000000000000000000, 1.000000000000000000, -0.000000000000000000 ) ) ;
#3172 = PLANE ( 'NONE',  #4362 ) ;
#3173 = EDGE_CURVE ( 'NONE', #6338, #6671, #7705, .T. ) ;
#3174 = EDGE_CURVE ( 'NONE', #724, #3921, #488, .T. ) ;
#3175 = LINE ( 'NONE', #4447, #5105 ) ;
#3176 = VERTEX_POINT ( 'NONE', #3040 ) ;
#3177 = ORIENTED_EDGE ( 'NONE', *, *, #3173, .F. ) ;
#3178 = CARTESIAN_POINT ( 'NONE',  ( -91.95000000000000284, 25.05429687499998437, 5.600000000000018296 ) ) ;
#3179 = DIRECTION ( 'NONE',  ( -0.000000000000000000, -0.000000000000000000, 1.000000000000000000 ) ) ;
#3180 = DIRECTION ( 'NONE',  ( 0.000000000000000000, 0.000000000000000000, 1.000000000000000000 ) ) ;
#3181 = LINE ( 'NONE', #3, #2993 ) ;
#3182 = EDGE_CURVE ( 'NONE', #2981, #7677, #6339, .T. ) ;
#3183 = LINE ( 'NONE', #3820, #5370 ) ;
#3184 = ORIENTED_EDGE ( 'NONE', *, *, #100, .F. ) ;
#3185 = AXIS2_PLACEMENT_3D ( 'NONE', #2251, #2212, #399 ) ;
#3186 = ORIENTED_EDGE ( 'NONE', *, *, #4553, .F. ) ;
#3187 = PLANE ( 'NONE',  #7555 ) ;
#3188 = ORIENTED_EDGE ( 'NONE', *, *, #480, .T. ) ;
#3189 = VERTEX_POINT ( 'NONE', #3125 ) ;
#3190 = EDGE_CURVE ( 'NONE', #6275, #7644, #5660, .T. ) ;
#3191 = VECTOR ( 'NONE', #6420, 1000.000000000000000 ) ;
#3192 = FACE_OUTER_BOUND ( 'NONE', #7295, .T. ) ;
#3193 = LINE ( 'NONE', #1145, #395 ) ;
#3194 = ORIENTED_EDGE ( 'NONE', *, *, #1749, .T. ) ;
#3195 = EDGE_CURVE ( 'NONE', #5399, #5318, #1160, .T. ) ;
#3196 = ORIENTED_EDGE ( 'NONE', *, *, #979, .F. ) ;
#3197 = CARTESIAN_POINT ( 'NONE',  ( -83.06788286210067440, 20.80448725967914925, 0.5000000000000004441 ) ) ;
#3198 = LINE ( 'NONE', #2494, #4147 ) ;
#3199 = VECTOR ( 'NONE', #3179, 1000.000000000000000 ) ;
#3200 = CARTESIAN_POINT ( 'NONE',  ( 39.25000000000000000, 13.15429687500000355, 4.000000000000000000 ) ) ;
#3201 = VECTOR ( 'NONE', #5955, 1000.000000000000000 ) ;
#3202 = CARTESIAN_POINT ( 'NONE',  ( 9.521524864118363851, 23.17217973710070567, 1.500000000000000444 ) ) ;
#3203 = VECTOR ( 'NONE', #4940, 1000.000000000000000 ) ;
#3204 = PLANE ( 'NONE',  #283 ) ;
#3205 = ORIENTED_EDGE ( 'NONE', *, *, #1759, .T. ) ;
#3206 = CARTESIAN_POINT ( 'NONE',  ( -89.75000000000001421, 23.15429687500000000, 0.4964466094067262469 ) ) ;
#3207 = ORIENTED_EDGE ( 'NONE', *, *, #5218, .T. ) ;
#3208 = ORIENTED_EDGE ( 'NONE', *, *, #7546, .F. ) ;
#3209 = CARTESIAN_POINT ( 'NONE',  ( -6.382117137899323112, 20.23277201088161803, 4.000000000000000000 ) ) ;
#3210 = ORIENTED_EDGE ( 'NONE', *, *, #2220, .F. ) ;
#3211 = DIRECTION ( 'NONE',  ( 1.000000000000000000, 1.259073490628327690E-16, 0.000000000000000000 ) ) ;
#3212 = VECTOR ( 'NONE', #1859, 1000.000000000000000 ) ;
#3213 = AXIS2_PLACEMENT_3D ( 'NONE', #404, #3550, #2256 ) ;
#3214 = LINE ( 'NONE', #1252, #5473 ) ;
#3215 = CARTESIAN_POINT ( 'NONE',  ( -91.75000000000001421, 24.65429687500000711, 6.000000000000000000 ) ) ;
#3216 = DIRECTION ( 'NONE',  ( -0.000000000000000000, -0.000000000000000000, 1.000000000000000000 ) ) ;
#3217 = VECTOR ( 'NONE', #3123, 1000.000000000000114 ) ;
#3218 = CARTESIAN_POINT ( 'NONE',  ( -8.767882862100673691, 20.78641401289931778, 0.000000000000000000 ) ) ;
#3219 = VECTOR ( 'NONE', #5326, 1000.000000000000000 ) ;
#3220 = DIRECTION ( 'NONE',  ( -0.000000000000000000, -0.000000000000000000, 1.000000000000000000 ) ) ;
#3221 = VERTEX_POINT ( 'NONE', #2422 ) ;
#3222 = ORIENTED_EDGE ( 'NONE', *, *, #5482, .T. ) ;
#3223 = LINE ( 'NONE', #5256, #3103 ) ;
#3224 = PLANE ( 'NONE',  #2137 ) ;
#3225 = EDGE_CURVE ( 'NONE', #2569, #5007, #3801, .T. ) ;
#3226 = VECTOR ( 'NONE', #7643, 1000.000000000000000 ) ;
#3227 = VECTOR ( 'NONE', #6375, 1000.000000000000000 ) ;
#3228 = ORIENTED_EDGE ( 'NONE', *, *, #1799, .T. ) ;
#3229 = CARTESIAN_POINT ( 'NONE',  ( 15.98211713789932098, 20.78641401289931778, 0.5000000000000004441 ) ) ;
#3230 = CARTESIAN_POINT ( 'NONE',  ( -82.41788286210069714, 15.48641401289931174, 1.500000000000000444 ) ) ;
#3231 = VECTOR ( 'NONE', #6100, 1000.000000000000000 ) ;
#3232 = ORIENTED_EDGE ( 'NONE', *, *, #2118, .F. ) ;
#3233 = ORIENTED_EDGE ( 'NONE', *, *, #6222, .F. ) ;
#3234 = PLANE ( 'NONE',  #3631 ) ;
#3235 = ADVANCED_FACE ( 'NONE', ( #3717 ), #1288, .F. ) ;
#3236 = ORIENTED_EDGE ( 'NONE', *, *, #247, .F. ) ;
#3237 = EDGE_CURVE ( 'NONE', #6619, #6192, #7869, .T. ) ;
#3238 = VECTOR ( 'NONE', #7121, 1000.000000000000000 ) ;
#3239 = ORIENTED_EDGE ( 'NONE', *, *, #4494, .F. ) ;
#3240 = DIRECTION ( 'NONE',  ( -1.000000000000000000, 4.956352788505169184E-16, 0.000000000000000000 ) ) ;
#3241 = CARTESIAN_POINT ( 'NONE',  ( -16.41788286210070424, 16.07582173911837486, 1.500000000000000444 ) ) ;
#3242 = EDGE_LOOP ( 'NONE', ( #8088, #8293, #5901, #7183 ) ) ;
#3243 = ORIENTED_EDGE ( 'NONE', *, *, #3237, .F. ) ;
#3244 = DIRECTION ( 'NONE',  ( 0.000000000000000000, -0.000000000000000000, 1.000000000000000000 ) ) ;
#3245 = DIRECTION ( 'NONE',  ( 0.000000000000000000, 1.000000000000000000, 0.000000000000000000 ) ) ;
#3246 = EDGE_CURVE ( 'NONE', #5784, #1091, #5873, .T. ) ;
#3247 = FACE_OUTER_BOUND ( 'NONE', #5005, .T. ) ;
#3248 = DIRECTION ( 'NONE',  ( -0.7071067811865475727, -0.7071067811865475727, 0.000000000000000000 ) ) ;
#3249 = CARTESIAN_POINT ( 'NONE',  ( 45.85000000000000142, 10.65429687500000355, 6.000000000000000000 ) ) ;
#3250 = ORIENTED_EDGE ( 'NONE', *, *, #3393, .T. ) ;
#3251 = CARTESIAN_POINT ( 'NONE',  ( -36.47847513588165214, 13.13641401289931210, 1.500000000000000444 ) ) ;
#3252 = ORIENTED_EDGE ( 'NONE', *, *, #1290, .T. ) ;
#3253 = ORIENTED_EDGE ( 'NONE', *, *, #5140, .T. ) ;
#3254 = CARTESIAN_POINT ( 'NONE',  ( -32.30364200201771041, 13.15429687499999467, 1.500000000000000444 ) ) ;
#3255 = ORIENTED_EDGE ( 'NONE', *, *, #7710, .T. ) ;
#3256 = PLANE ( 'NONE',  #3475 ) ;
#3257 = ADVANCED_FACE ( 'NONE', ( #108 ), #2003, .T. ) ;
#3258 = DIRECTION ( 'NONE',  ( 0.000000000000000000, -1.000000000000000000, 0.000000000000000000 ) ) ;
#3259 = CARTESIAN_POINT ( 'NONE',  ( 9.521524864118349640, 13.13641401289931210, 1.500000000000000444 ) ) ;
#3260 = CARTESIAN_POINT ( 'NONE',  ( -91.75000000000000000, 10.65429687500000355, 5.000000000000000888 ) ) ;
#3261 = DIRECTION ( 'NONE',  ( 0.000000000000000000, -1.000000000000000000, 0.000000000000000000 ) ) ;
#3262 = DIRECTION ( 'NONE',  ( -0.000000000000000000, 1.000000000000000000, -0.000000000000000000 ) ) ;
#3263 = VERTEX_POINT ( 'NONE', #4013 ) ;
#3264 = ORIENTED_EDGE ( 'NONE', *, *, #917, .F. ) ;
#3265 = CARTESIAN_POINT ( 'NONE',  ( 39.61788286210066445, 20.23277201088161803, 6.000000000000000000 ) ) ;
#3266 = DIRECTION ( 'NONE',  ( -1.000000000000000000, 0.000000000000000000, -0.000000000000000000 ) ) ;
#3267 = AXIS2_PLACEMENT_3D ( 'NONE', #2477, #5755, #5716 ) ;
#3268 = ORIENTED_EDGE ( 'NONE', *, *, #696, .F. ) ;
#3269 = DIRECTION ( 'NONE',  ( 0.000000000000000000, -0.000000000000000000, 1.000000000000000000 ) ) ;
#3270 = EDGE_CURVE ( 'NONE', #2044, #3810, #6594, .T. ) ;
#3271 = CARTESIAN_POINT ( 'NONE',  ( -7.017882862100671915, 15.50448725967914143, 0.5000000000000004441 ) ) ;
#3272 = VECTOR ( 'NONE', #3807, 1000.000000000000000 ) ;
#3273 = ORIENTED_EDGE ( 'NONE', *, *, #1855, .T. ) ;
#3274 = CARTESIAN_POINT ( 'NONE',  ( 39.25000000000000000, 13.15429687500000355, 6.000000000000000000 ) ) ;
#3275 = VECTOR ( 'NONE', #5374, 1000.000000000000000 ) ;
#3276 = ORIENTED_EDGE ( 'NONE', *, *, #3336, .T. ) ;
#3277 = EDGE_CURVE ( 'NONE', #2385, #6340, #6470, .T. ) ;
#3278 = VERTEX_POINT ( 'NONE', #703 ) ;
#3279 = CARTESIAN_POINT ( 'NONE',  ( -13.41788286210068826, 20.78641401289931778, 0.5000000000000004441 ) ) ;
#3280 = VECTOR ( 'NONE', #1027, 1000.000000000000000 ) ;
#3281 = EDGE_CURVE ( 'NONE', #3144, #2166, #2711, .T. ) ;
#3282 = ADVANCED_FACE ( 'NONE', ( #5283 ), #7233, .F. ) ;
#3283 = DIRECTION ( 'NONE',  ( 0.000000000000000000, 0.000000000000000000, -1.000000000000000000 ) ) ;
#3284 = EDGE_LOOP ( 'NONE', ( #1531, #569, #5593, #2365, #3922, #8115, #7819, #6252, #1580, #8192 ) ) ;
#3285 = VERTEX_POINT ( 'NONE', #4561 ) ;
#3286 = CARTESIAN_POINT ( 'NONE',  ( -91.75000000000001421, 13.90429687500000355, 1.000000000000000000 ) ) ;
#3287 = VECTOR ( 'NONE', #6870, 1000.000000000000000 ) ;
#3288 = DIRECTION ( 'NONE',  ( 1.000000000000000000, 0.000000000000000000, -0.000000000000000000 ) ) ;
#3289 = EDGE_CURVE ( 'NONE', #8106, #1146, #1448, .T. ) ;
#3290 = CARTESIAN_POINT ( 'NONE',  ( 9.521524864118363851, 23.17217973710070567, 1.500000000000000444 ) ) ;
#3291 = ORIENTED_EDGE ( 'NONE', *, *, #7320, .F. ) ;
#3292 = DIRECTION ( 'NONE',  ( 0.000000000000000000, -0.000000000000000000, 1.000000000000000000 ) ) ;
#3293 = ORIENTED_EDGE ( 'NONE', *, *, #2466, .T. ) ;
#3294 = ORIENTED_EDGE ( 'NONE', *, *, #3438, .F. ) ;
#3295 = DIRECTION ( 'NONE',  ( 1.000000000000000000, 0.000000000000000000, 0.000000000000000000 ) ) ;
#3296 = DIRECTION ( 'NONE',  ( 0.000000000000000000, 1.000000000000000000, 0.000000000000000000 ) ) ;
#3297 = LINE ( 'NONE', #5876, #115 ) ;
#3298 = DIRECTION ( 'NONE',  ( 1.000000000000000000, 4.336808689941999001E-16, 0.000000000000000000 ) ) ;
#3299 = DIRECTION ( 'NONE',  ( 0.000000000000000000, 0.000000000000000000, -1.000000000000000000 ) ) ;
#3300 = DIRECTION ( 'NONE',  ( -0.000000000000000000, -0.000000000000000000, 1.000000000000000000 ) ) ;
#3301 = LINE ( 'NONE', #5206, #4554 ) ;
#3302 = VERTEX_POINT ( 'NONE', #5197 ) ;
#3303 = DIRECTION ( 'NONE',  ( -0.7071067811865475727, -0.7071067811865475727, 0.000000000000000000 ) ) ;
#3304 = EDGE_CURVE ( 'NONE', #459, #2302, #2170, .T. ) ;
#3305 = VERTEX_POINT ( 'NONE', #5914 ) ;
#3306 = LINE ( 'NONE', #4578, #420 ) ;
#3307 = CARTESIAN_POINT ( 'NONE',  ( 6.582117137899287762, 16.07582173911837486, 2.499999999999999112 ) ) ;
#3308 = EDGE_CURVE ( 'NONE', #5012, #6723, #7152, .T. ) ;
#3309 = CARTESIAN_POINT ( 'NONE',  ( -75.38211713789932844, 16.07582173911838197, 2.499999999999999112 ) ) ;
#3310 = LINE ( 'NONE', #7172, #3664 ) ;
#3311 = CARTESIAN_POINT ( 'NONE',  ( -60.06788286210068151, 20.80448725967914925, 0.5000000000000004441 ) ) ;
#3312 = ORIENTED_EDGE ( 'NONE', *, *, #7969, .F. ) ;
#3313 = ORIENTED_EDGE ( 'NONE', *, *, #1206, .F. ) ;
#3314 = FACE_OUTER_BOUND ( 'NONE', #7104, .T. ) ;
#3315 = ORIENTED_EDGE ( 'NONE', *, *, #4997, .F. ) ;
#3316 = EDGE_CURVE ( 'NONE', #3866, #5468, #1374, .T. ) ;
#3317 = ORIENTED_EDGE ( 'NONE', *, *, #7763, .F. ) ;
#3318 = DIRECTION ( 'NONE',  ( -0.7071067811865479058, 0.7071067811865471286, 0.000000000000000000 ) ) ;
#3319 = VECTOR ( 'NONE', #5605, 1000.000000000000000 ) ;
#3320 = DIRECTION ( 'NONE',  ( 0.000000000000000000, 0.000000000000000000, 1.000000000000000000 ) ) ;
#3321 = VERTEX_POINT ( 'NONE', #745 ) ;
#3322 = ORIENTED_EDGE ( 'NONE', *, *, #3126, .T. ) ;
#3323 = CARTESIAN_POINT ( 'NONE',  ( 69.00000000000000000, 15.48641401289931174, 0.000000000000000000 ) ) ;
#3324 = EDGE_CURVE ( 'NONE', #2610, #6006, #231, .T. ) ;
#3325 = AXIS2_PLACEMENT_3D ( 'NONE', #5920, #828, #7750 ) ;
#3326 = FACE_OUTER_BOUND ( 'NONE', #3916, .T. ) ;
#3327 = CARTESIAN_POINT ( 'NONE',  ( -54.76788286210067724, 20.78641401289931778, -2.999999999999999112 ) ) ;
#3328 = VERTEX_POINT ( 'NONE', #4057 ) ;
#3329 = AXIS2_PLACEMENT_3D ( 'NONE', #3098, #3266, #2475 ) ;
#3330 = CARTESIAN_POINT ( 'NONE',  ( -13.41788286210068826, 15.48641401289931174, 0.5000000000000004441 ) ) ;
#3331 = ORIENTED_EDGE ( 'NONE', *, *, #6489, .F. ) ;
#3332 = EDGE_CURVE ( 'NONE', #7107, #8337, #864, .T. ) ;
#3333 = VERTEX_POINT ( 'NONE', #2123 ) ;
#3334 = DIRECTION ( 'NONE',  ( 1.000000000000000000, 0.000000000000000000, -0.000000000000000000 ) ) ;
#3335 = PLANE ( 'NONE',  #2935 ) ;
#3336 = EDGE_CURVE ( 'NONE', #1247, #135, #2748, .T. ) ;
#3337 = VECTOR ( 'NONE', #3457, 1000.000000000000114 ) ;
#3338 = DIRECTION ( 'NONE',  ( 0.7071067811865474617, -0.7071067811865474617, 0.000000000000000000 ) ) ;
#3339 = LINE ( 'NONE', #7835, #5433 ) ;
#3340 = FACE_OUTER_BOUND ( 'NONE', #432, .T. ) ;
#3341 = LINE ( 'NONE', #7914, #4288 ) ;
#3342 = PLANE ( 'NONE',  #1075 ) ;
#3343 = VERTEX_POINT ( 'NONE', #7195 ) ;
#3344 = VECTOR ( 'NONE', #7755, 1000.000000000000000 ) ;
#3345 = DIRECTION ( 'NONE',  ( 0.7071067811865474617, -0.7071067811865474617, 0.000000000000000000 ) ) ;
#3346 = VECTOR ( 'NONE', #5718, 1000.000000000000000 ) ;
#3347 = ORIENTED_EDGE ( 'NONE', *, *, #8275, .T. ) ;
#3348 = DIRECTION ( 'NONE',  ( -0.000000000000000000, 1.000000000000000000, -0.000000000000000000 ) ) ;
#3349 = CARTESIAN_POINT ( 'NONE',  ( -91.75000000000001421, 20.85065487298227183, 2.500000000000000000 ) ) ;
#3350 = EDGE_CURVE ( 'NONE', #6073, #5292, #3417, .T. ) ;
#3351 = VECTOR ( 'NONE', #7148, 1000.000000000000000 ) ;
#3352 = DIRECTION ( 'NONE',  ( 0.000000000000000000, -1.000000000000000000, 0.000000000000000000 ) ) ;
#3353 = CARTESIAN_POINT ( 'NONE',  ( 6.582117137899287762, 20.23277201088163224, 1.500000000000000444 ) ) ;
#3354 = VECTOR ( 'NONE', #3261, 1000.000000000000000 ) ;
#3355 = CARTESIAN_POINT ( 'NONE',  ( -15.81788286210067440, 15.48641401289931174, 0.5000000000000004441 ) ) ;
#3356 = ORIENTED_EDGE ( 'NONE', *, *, #6503, .F. ) ;
#3357 = CARTESIAN_POINT ( 'NONE',  ( -36.41788286210069714, 15.48641401289931174, 1.500000000000000444 ) ) ;
#3358 = VECTOR ( 'NONE', #7733, 1000.000000000000000 ) ;
#3359 = VERTEX_POINT ( 'NONE', #2784 ) ;
#3360 = VECTOR ( 'NONE', #2338, 1000.000000000000000 ) ;
#3361 = ORIENTED_EDGE ( 'NONE', *, *, #565, .F. ) ;
#3362 = EDGE_CURVE ( 'NONE', #1012, #4490, #5831, .T. ) ;
#3363 = PLANE ( 'NONE',  #2487 ) ;
#3364 = VECTOR ( 'NONE', #7852, 1000.000000000000000 ) ;
#3365 = EDGE_CURVE ( 'NONE', #3621, #5467, #780, .T. ) ;
#3366 = CARTESIAN_POINT ( 'NONE',  ( 13.67847513588160702, 13.13641401289931210, 1.500000000000000444 ) ) ;
#3367 = ORIENTED_EDGE ( 'NONE', *, *, #3512, .T. ) ;
#3368 = ORIENTED_EDGE ( 'NONE', *, *, #4033, .F. ) ;
#3369 = PLANE ( 'NONE',  #7960 ) ;
#3370 = DIRECTION ( 'NONE',  ( -0.000000000000000000, -0.000000000000000000, 1.000000000000000000 ) ) ;
#3371 = EDGE_CURVE ( 'NONE', #1520, #6348, #1693, .T. ) ;
#3372 = FACE_OUTER_BOUND ( 'NONE', #3155, .T. ) ;
#3373 = ORIENTED_EDGE ( 'NONE', *, *, #2337, .T. ) ;
#3374 = FACE_OUTER_BOUND ( 'NONE', #5157, .T. ) ;
#3375 = VERTEX_POINT ( 'NONE', #5563 ) ;
#3376 = ORIENTED_EDGE ( 'NONE', *, *, #6830, .F. ) ;
#3377 = CARTESIAN_POINT ( 'NONE',  ( -14.06788286210067263, 15.48641401289931174, 0.5000000000000004441 ) ) ;
#3378 = CARTESIAN_POINT ( 'NONE',  ( -89.25000000000001421, 13.15429687500000355, 0.3499999999999999223 ) ) ;
#3379 = DIRECTION ( 'NONE',  ( 1.000000000000000000, 1.259073490628327444E-16, -0.000000000000000000 ) ) ;
#3380 = CARTESIAN_POINT ( 'NONE',  ( -9.417882862100658059, 15.48641401289931174, 1.500000000000000444 ) ) ;
#3381 = CARTESIAN_POINT ( 'NONE',  ( 39.25000000000000000, 15.45793887701772285, 1.000000000000000000 ) ) ;
#3382 = LINE ( 'NONE', #3463, #7543 ) ;
#3383 = ADVANCED_FACE ( 'NONE', ( #3501 ), #6036, .F. ) ;
#3384 = EDGE_CURVE ( 'NONE', #1017, #2243, #2329, .T. ) ;
#3385 = CARTESIAN_POINT ( 'NONE',  ( -36.41788286210069714, 13.48641401289930997, 0.5000000000000004441 ) ) ;
#3386 = ORIENTED_EDGE ( 'NONE', *, *, #671, .T. ) ;
#3387 = CARTESIAN_POINT ( 'NONE',  ( -61.81788286210068151, 20.80448725967914925, 0.5000000000000004441 ) ) ;
#3388 = ORIENTED_EDGE ( 'NONE', *, *, #2768, .T. ) ;
#3389 = LINE ( 'NONE', #3349, #6855 ) ;
#3390 = DIRECTION ( 'NONE',  ( -0.000000000000000000, -0.000000000000000000, 1.000000000000000000 ) ) ;
#3391 = PLANE ( 'NONE',  #6912 ) ;
#3392 = DIRECTION ( 'NONE',  ( 0.000000000000000000, -0.000000000000000000, 1.000000000000000000 ) ) ;
#3393 = EDGE_CURVE ( 'NONE', #29, #983, #1023, .T. ) ;
#3394 = VECTOR ( 'NONE', #4229, 1000.000000000000000 ) ;
#3395 = VERTEX_POINT ( 'NONE', #984 ) ;
#3396 = CARTESIAN_POINT ( 'NONE',  ( -90.00000000000001421, 0.000000000000000000, 0.000000000000000000 ) ) ;
#3397 = FACE_OUTER_BOUND ( 'NONE', #740, .T. ) ;
#3398 = ORIENTED_EDGE ( 'NONE', *, *, #6098, .F. ) ;
#3399 = CARTESIAN_POINT ( 'NONE',  ( -91.75000000000000000, 10.65429687500000355, 0.3999999999999837019 ) ) ;
#3400 = CARTESIAN_POINT ( 'NONE',  ( 46.25000000000000000, 25.65429687500000355, 6.000000000000000000 ) ) ;
#3401 = VECTOR ( 'NONE', #1796, 1000.000000000000000 ) ;
#3402 = ORIENTED_EDGE ( 'NONE', *, *, #3939, .T. ) ;
#3403 = ORIENTED_EDGE ( 'NONE', *, *, #6684, .T. ) ;
#3404 = CARTESIAN_POINT ( 'NONE',  ( 7.182117137899318493, 15.48641401289931174, 0.5000000000000004441 ) ) ;
#3405 = ORIENTED_EDGE ( 'NONE', *, *, #2917, .F. ) ;
#3406 = EDGE_CURVE ( 'NONE', #1921, #7508, #1063, .T. ) ;
#3407 = AXIS2_PLACEMENT_3D ( 'NONE', #6890, #7697, #6206 ) ;
#3408 = EDGE_CURVE ( 'NONE', #983, #821, #6204, .T. ) ;
#3409 = VECTOR ( 'NONE', #1575, 1000.000000000000114 ) ;
#3410 = VERTEX_POINT ( 'NONE', #2290 ) ;
#3411 = DIRECTION ( 'NONE',  ( 0.000000000000000000, 0.000000000000000000, -1.000000000000000000 ) ) ;
#3412 = CARTESIAN_POINT ( 'NONE',  ( 37.23211713789930855, 20.78641401289931778, 0.5000000000000004441 ) ) ;
#3413 = VERTEX_POINT ( 'NONE', #6713 ) ;
#3414 = CARTESIAN_POINT ( 'NONE',  ( 30.19999999999993534, 15.45793887701772285, 3.999999999999999112 ) ) ;
#3415 = VERTEX_POINT ( 'NONE', #274 ) ;
#3416 = VECTOR ( 'NONE', #7502, 1000.000000000000000 ) ;
#3417 = LINE ( 'NONE', #5998, #377 ) ;
#3418 = CARTESIAN_POINT ( 'NONE',  ( -91.75000000000000000, 10.65429687500000355, 0.3999999999999837019 ) ) ;
#3419 = EDGE_CURVE ( 'NONE', #3748, #5273, #4890, .T. ) ;
#3420 = DIRECTION ( 'NONE',  ( 0.7071067811865474617, -0.7071067811865474617, 0.000000000000000000 ) ) ;
#3421 = CARTESIAN_POINT ( 'NONE',  ( -37.06788286210068151, 20.78641401289931423, -2.999999999999999112 ) ) ;
#3422 = CARTESIAN_POINT ( 'NONE',  ( 36.58211713789930286, 22.78641401289931778, 0.5000000000000004441 ) ) ;
#3423 = FACE_OUTER_BOUND ( 'NONE', #7829, .T. ) ;
#3424 = CARTESIAN_POINT ( 'NONE',  ( 8.932117137899320269, 20.78641401289931068, 0.5000000000000004441 ) ) ;
#3425 = VERTEX_POINT ( 'NONE', #8160 ) ;
#3426 = DIRECTION ( 'NONE',  ( 0.000000000000000000, -0.000000000000000000, 1.000000000000000000 ) ) ;
#3427 = ORIENTED_EDGE ( 'NONE', *, *, #136, .F. ) ;
#3428 = DIRECTION ( 'NONE',  ( 0.000000000000000000, -1.000000000000000000, -1.608394988049553126E-16 ) ) ;
#3429 = EDGE_CURVE ( 'NONE', #2735, #7096, #7480, .T. ) ;
#3430 = ADVANCED_FACE ( 'NONE', ( #6080 ), #437, .F. ) ;
#3431 = LINE ( 'NONE', #6011, #7058 ) ;
#3432 = CARTESIAN_POINT ( 'NONE',  ( 69.00000000000000000, 0.000000000000000000, 0.5000000000000004441 ) ) ;
#3433 = LINE ( 'NONE', #295, #2156 ) ;
#3434 = VERTEX_POINT ( 'NONE', #1532 ) ;
#3435 = PLANE ( 'NONE',  #6197 ) ;
#3436 = CARTESIAN_POINT ( 'NONE',  ( 16.61788286210066801, 20.23277201088161803, 1.500000000000000444 ) ) ;
#3437 = VECTOR ( 'NONE', #2595, 1000.000000000000000 ) ;
#3438 = EDGE_CURVE ( 'NONE', #1330, #2858, #4098, .T. ) ;
#3439 = ORIENTED_EDGE ( 'NONE', *, *, #3739, .T. ) ;
#3440 = CARTESIAN_POINT ( 'NONE',  ( 51.11666666666678083, 15.92096354166678118, 5.266666666666594665 ) ) ;
#3441 = CARTESIAN_POINT ( 'NONE',  ( -78.30364200201769620, 23.15429687499998579, 6.000000000000000000 ) ) ;
#3442 = ORIENTED_EDGE ( 'NONE', *, *, #4930, .F. ) ;
#3443 = VERTEX_POINT ( 'NONE', #393 ) ;
#3444 = CARTESIAN_POINT ( 'NONE',  ( 39.25000000000000000, 13.15429687500000355, 4.000000000000000000 ) ) ;
#3445 = ORIENTED_EDGE ( 'NONE', *, *, #2703, .T. ) ;
#3446 = ADVANCED_FACE ( 'NONE', ( #7993 ), #2205, .T. ) ;
#3447 = VERTEX_POINT ( 'NONE', #6840 ) ;
#3448 = DIRECTION ( 'NONE',  ( 1.000000000000000000, 2.478176394252582127E-16, 0.000000000000000000 ) ) ;
#3449 = ADVANCED_FACE ( 'NONE', ( #6759 ), #4133, .T. ) ;
#3450 = CARTESIAN_POINT ( 'NONE',  ( -60.06788286210068151, 15.48641401289931174, 1.500000000000000444 ) ) ;
#3451 = ORIENTED_EDGE ( 'NONE', *, *, #4431, .T. ) ;
#3452 = DIRECTION ( 'NONE',  ( 1.000000000000000000, -1.734723475976806709E-18, -0.000000000000000000 ) ) ;
#3453 = EDGE_LOOP ( 'NONE', ( #8284, #5659, #1340, #2692 ) ) ;
#3454 = EDGE_CURVE ( 'NONE', #4249, #2939, #8035, .T. ) ;
#3455 = DIRECTION ( 'NONE',  ( 1.000000000000000000, -0.000000000000000000, -0.000000000000000000 ) ) ;
#3456 = VECTOR ( 'NONE', #2224, 1000.000000000000000 ) ;
#3457 = DIRECTION ( 'NONE',  ( 0.5773502691896359451, 0.5773502691896306160, -0.5773502691896107430 ) ) ;
#3458 = CARTESIAN_POINT ( 'NONE',  ( 39.25000000000000000, 23.15429687500000000, 4.000000000000000000 ) ) ;
#3459 = LINE ( 'NONE', #4101, #7067 ) ;
#3460 = CARTESIAN_POINT ( 'NONE',  ( -55.41788286210069003, 22.78641401289931778, 0.5000000000000004441 ) ) ;
#3461 = AXIS2_PLACEMENT_3D ( 'NONE', #6600, #76, #4685 ) ;
#3462 = EDGE_CURVE ( 'NONE', #4261, #2557, #352, .T. ) ;
#3463 = CARTESIAN_POINT ( 'NONE',  ( -14.06788286210067263, 20.80448725967914925, 0.5000000000000004441 ) ) ;
#3464 = CARTESIAN_POINT ( 'NONE',  ( -39.41788286210071135, 16.07582173911837486, 1.500000000000000444 ) ) ;
#3465 = EDGE_LOOP ( 'NONE', ( #601, #6368, #5902, #7150 ) ) ;
#3466 = DIRECTION ( 'NONE',  ( 0.000000000000000000, 0.000000000000000000, -1.000000000000000000 ) ) ;
#3467 = ORIENTED_EDGE ( 'NONE', *, *, #3365, .F. ) ;
#3468 = DIRECTION ( 'NONE',  ( 0.000000000000000000, 0.000000000000000000, -1.000000000000000000 ) ) ;
#3469 = AXIS2_PLACEMENT_3D ( 'NONE', #419, #4233, #3561 ) ;
#3470 = FACE_OUTER_BOUND ( 'NONE', #6063, .T. ) ;
#3471 = CARTESIAN_POINT ( 'NONE',  ( -9.303642002017706858, 13.15429687499999467, 4.000000000000000000 ) ) ;
#3472 = LINE ( 'NONE', #4701, #6508 ) ;
#3473 = VECTOR ( 'NONE', #3573, 1000.000000000000000 ) ;
#3474 = DIRECTION ( 'NONE',  ( 0.7071067811865474617, -0.7071067811865474617, 0.000000000000000000 ) ) ;
#3475 = AXIS2_PLACEMENT_3D ( 'NONE', #1331, #6341, #7658 ) ;
#3476 = VERTEX_POINT ( 'NONE', #1655 ) ;
#3477 = CARTESIAN_POINT ( 'NONE',  ( -59.47847513588165214, 13.13641401289931210, 1.500000000000000444 ) ) ;
#3478 = LINE ( 'NONE', #6693, #3738 ) ;
#3479 = VECTOR ( 'NONE', #5425, 1000.000000000000000 ) ;
#3480 = VECTOR ( 'NONE', #2795, 1000.000000000000114 ) ;
#3481 = VERTEX_POINT ( 'NONE', #6157 ) ;
#3482 = LINE ( 'NONE', #4162, #4766 ) ;
#3483 = LINE ( 'NONE', #973, #3479 ) ;
#3484 = VECTOR ( 'NONE', #228, 1000.000000000000000 ) ;
#3485 = EDGE_CURVE ( 'NONE', #4084, #7644, #8116, .T. ) ;
#3486 = VERTEX_POINT ( 'NONE', #6966 ) ;
#3487 = EDGE_CURVE ( 'NONE', #4845, #6955, #3073, .T. ) ;
#3488 = AXIS2_PLACEMENT_3D ( 'NONE', #7849, #7248, #4152 ) ;
#3489 = ORIENTED_EDGE ( 'NONE', *, *, #6736, .F. ) ;
#3490 = ORIENTED_EDGE ( 'NONE', *, *, #3558, .T. ) ;
#3491 = VECTOR ( 'NONE', #1236, 1000.000000000000000 ) ;
#3492 = VERTEX_POINT ( 'NONE', #8285 ) ;
#3493 = AXIS2_PLACEMENT_3D ( 'NONE', #568, #3120, #8292 ) ;
#3494 = CARTESIAN_POINT ( 'NONE',  ( -36.47847513588165214, 13.13641401289931210, 6.000000000000000000 ) ) ;
#3495 = PLANE ( 'NONE',  #6191 ) ;
#3496 = EDGE_CURVE ( 'NONE', #2528, #4202, #1913, .T. ) ;
#3497 = ORIENTED_EDGE ( 'NONE', *, *, #4443, .T. ) ;
#3498 = LINE ( 'NONE', #3620, #951 ) ;
#3499 = EDGE_LOOP ( 'NONE', ( #4132, #5131, #1910, #343 ) ) ;
#3500 = VECTOR ( 'NONE', #335, 1000.000000000000000 ) ;
#3501 = FACE_OUTER_BOUND ( 'NONE', #1479, .T. ) ;
#3502 = DIRECTION ( 'NONE',  ( 0.5773502691896341688, 0.5773502691896341688, -0.5773502691896088557 ) ) ;
#3503 = DIRECTION ( 'NONE',  ( 0.000000000000000000, -1.000000000000000000, 0.000000000000000000 ) ) ;
#3504 = CARTESIAN_POINT ( 'NONE',  ( 36.58211713789931707, 20.78641401289931778, 0.5000000000000004441 ) ) ;
#3505 = DIRECTION ( 'NONE',  ( 0.000000000000000000, 0.000000000000000000, 1.000000000000000000 ) ) ;
#3506 = DIRECTION ( 'NONE',  ( 0.000000000000000000, -1.000000000000000000, 0.000000000000000000 ) ) ;
#3507 = CARTESIAN_POINT ( 'NONE',  ( -59.41788286210069714, 20.78641401289931423, 0.5000000000000004441 ) ) ;
#3508 = ORIENTED_EDGE ( 'NONE', *, *, #3462, .F. ) ;
#3509 = FACE_OUTER_BOUND ( 'NONE', #1235, .T. ) ;
#3510 = ORIENTED_EDGE ( 'NONE', *, *, #1206, .T. ) ;
#3511 = DIRECTION ( 'NONE',  ( 0.000000000000000000, 0.000000000000000000, 1.000000000000000000 ) ) ;
#3512 = EDGE_CURVE ( 'NONE', #3914, #2340, #7016, .T. ) ;
#3513 = LINE ( 'NONE', #4191, #6428 ) ;
#3514 = DIRECTION ( 'NONE',  ( -0.000000000000000000, 1.000000000000000000, 0.000000000000000000 ) ) ;
#3515 = CARTESIAN_POINT ( 'NONE',  ( 9.521524864118349640, 13.13641401289931210, 6.000000000000000000 ) ) ;
#3516 = PLANE ( 'NONE',  #405 ) ;
#3517 = ORIENTED_EDGE ( 'NONE', *, *, #2412, .F. ) ;
#3518 = DIRECTION ( 'NONE',  ( 0.000000000000000000, -0.000000000000000000, 1.000000000000000000 ) ) ;
#3519 = CARTESIAN_POINT ( 'NONE',  ( -91.75000000000001421, 25.65429687500000355, 0.3999999999999837019 ) ) ;
#3520 = EDGE_CURVE ( 'NONE', #1972, #3434, #3708, .T. ) ;
#3521 = ORIENTED_EDGE ( 'NONE', *, *, #1404, .T. ) ;
#3522 = DIRECTION ( 'NONE',  ( -1.000000000000000000, 0.000000000000000000, 0.000000000000000000 ) ) ;
#3523 = APPROVAL_DATE_TIME ( #8021, #5089 ) ;
#3524 = VECTOR ( 'NONE', #4742, 1000.000000000000000 ) ;
#3525 = DIRECTION ( 'NONE',  ( 0.000000000000000000, -0.000000000000000000, -1.000000000000000000 ) ) ;
#3526 = ORIENTED_EDGE ( 'NONE', *, *, #5421, .F. ) ;
#3527 = ORIENTED_EDGE ( 'NONE', *, *, #3791, .T. ) ;
#3528 = CARTESIAN_POINT ( 'NONE',  ( 46.00000000000000000, 15.48641401289931174, 0.000000000000000000 ) ) ;
#3529 = EDGE_LOOP ( 'NONE', ( #7982, #3864, #316, #2232, #7224, #1931, #4409, #6958, #6278, #6593, #7684, #4144, #8084, #1343, #4838, #4634 ) ) ;
#3530 = VECTOR ( 'NONE', #2022, 1000.000000000000000 ) ;
#3531 = EDGE_LOOP ( 'NONE', ( #2902, #4154, #5761, #6468 ) ) ;
#3532 = EDGE_CURVE ( 'NONE', #2395, #7747, #6328, .T. ) ;
#3533 = ADVANCED_FACE ( 'NONE', ( #1864 ), #605, .T. ) ;
#3534 = LINE ( 'NONE', #8154, #3473 ) ;
#3535 = EDGE_LOOP ( 'NONE', ( #1347, #2562, #1725, #3862 ) ) ;
#3536 = DIRECTION ( 'NONE',  ( -0.000000000000000000, -1.000000000000000000, -0.000000000000000000 ) ) ;
#3537 = VERTEX_POINT ( 'NONE', #8196 ) ;
#3538 = CARTESIAN_POINT ( 'NONE',  ( -82.47847513588163793, 23.17217973710070567, 4.000000000000000000 ) ) ;
#3539 = DIRECTION ( 'NONE',  ( -0.000000000000000000, 0.000000000000000000, 1.000000000000000000 ) ) ;
#3540 = VECTOR ( 'NONE', #3180, 1000.000000000000000 ) ;
#3541 = EDGE_CURVE ( 'NONE', #7769, #6281, #2409, .T. ) ;
#3542 = CARTESIAN_POINT ( 'NONE',  ( -36.41788286210069714, 22.78641401289931778, 1.500000000000000444 ) ) ;
#3543 = VECTOR ( 'NONE', #1441, 1000.000000000000000 ) ;
#3544 = CARTESIAN_POINT ( 'NONE',  ( -89.25000000000001421, 23.15429687500000355, 0.5999999999999999778 ) ) ;
#3545 = DIRECTION ( 'NONE',  ( -0.000000000000000000, 1.000000000000000000, -0.000000000000000000 ) ) ;
#3546 = AXIS2_PLACEMENT_3D ( 'NONE', #6857, #1082, #6217 ) ;
#3547 = CARTESIAN_POINT ( 'NONE',  ( -82.47847513588163793, 23.17217973710070567, 1.500000000000000444 ) ) ;
#3548 = CARTESIAN_POINT ( 'NONE',  ( 16.00000000000001421, 20.85065487298227183, 4.000000000000000000 ) ) ;
#3549 = ORIENTED_EDGE ( 'NONE', *, *, #4078, .T. ) ;
#3550 = DIRECTION ( 'NONE',  ( -0.000000000000000000, 1.000000000000000000, 0.000000000000000000 ) ) ;
#3551 = ORIENTED_EDGE ( 'NONE', *, *, #7496, .T. ) ;
#3552 = CARTESIAN_POINT ( 'NONE',  ( -32.41788286210069003, 22.78641401289931778, 1.500000000000000444 ) ) ;
#3553 = AXIS2_PLACEMENT_3D ( 'NONE', #1434, #95, #3240 ) ;
#3554 = DIRECTION ( 'NONE',  ( -1.000000000000000000, -0.000000000000000000, -0.000000000000000000 ) ) ;
#3555 = CARTESIAN_POINT ( 'NONE',  ( 39.25000000000000000, 23.15429687500000000, 4.000000000000000000 ) ) ;
#3556 = LINE ( 'NONE', #1083, #2331 ) ;
#3557 = LINE ( 'NONE', #4867, #7010 ) ;
#3558 = EDGE_CURVE ( 'NONE', #6956, #4517, #1108, .T. ) ;
#3559 = EDGE_LOOP ( 'NONE', ( #6239, #5721, #3931, #1041 ) ) ;
#3560 = DIRECTION ( 'NONE',  ( -0.7071067811865479058, -0.7071067811865471286, 0.000000000000000000 ) ) ;
#3561 = DIRECTION ( 'NONE',  ( -0.7071067811865479058, 0.7071067811865471286, 0.000000000000000000 ) ) ;
#3562 = EDGE_CURVE ( 'NONE', #3972, #7066, #4424, .T. ) ;
#3563 = ORIENTED_EDGE ( 'NONE', *, *, #4761, .T. ) ;
#3564 = DIRECTION ( 'NONE',  ( -0.000000000000000000, 1.000000000000000000, -0.000000000000000000 ) ) ;
#3565 = EDGE_CURVE ( 'NONE', #1805, #6632, #3198, .T. ) ;
#3566 = CARTESIAN_POINT ( 'NONE',  ( 13.67847513588157859, 23.17217973710070567, 1.500000000000000444 ) ) ;
#3567 = ORIENTED_EDGE ( 'NONE', *, *, #449, .F. ) ;
#3568 = ORIENTED_EDGE ( 'NONE', *, *, #3570, .T. ) ;
#3569 = LINE ( 'NONE', #6146, #145 ) ;
#3570 = EDGE_CURVE ( 'NONE', #6140, #4203, #1279, .T. ) ;
#3571 = ORIENTED_EDGE ( 'NONE', *, *, #5732, .F. ) ;
#3572 = ORIENTED_EDGE ( 'NONE', *, *, #7786, .T. ) ;
#3573 = DIRECTION ( 'NONE',  ( 1.000000000000000000, 0.000000000000000000, 0.000000000000000000 ) ) ;
#3574 = ORIENTED_EDGE ( 'NONE', *, *, #1290, .F. ) ;
#3575 = VERTEX_POINT ( 'NONE', #3790 ) ;
#3576 = LINE ( 'NONE', #1613, #5381 ) ;
#3577 = EDGE_LOOP ( 'NONE', ( #260, #2257, #6417, #7720 ) ) ;
#3578 = DIRECTION ( 'NONE',  ( 1.000000000000000000, -1.734723475976806709E-18, -0.000000000000000000 ) ) ;
#3579 = CARTESIAN_POINT ( 'NONE',  ( -91.61666666666666003, 25.38763020833332362, 0.2666666666666441254 ) ) ;
#3580 = LINE ( 'NONE', #4136, #66 ) ;
#3581 = LINE ( 'NONE', #7521, #6657 ) ;
#3582 = DIRECTION ( 'NONE',  ( 1.000000000000000000, -0.000000000000000000, 0.000000000000000000 ) ) ;
#3583 = CARTESIAN_POINT ( 'NONE',  ( 29.58211713789928154, 20.23277201088163224, 1.500000000000000444 ) ) ;
#3584 = VECTOR ( 'NONE', #658, 1000.000000000000000 ) ;
#3585 = CARTESIAN_POINT ( 'NONE',  ( 32.52152486411835497, 23.17217973710070567, 1.500000000000000444 ) ) ;
#3586 = ORIENTED_EDGE ( 'NONE', *, *, #5875, .F. ) ;
#3587 = DIRECTION ( 'NONE',  ( -0.7071067811865479058, -0.7071067811865471286, 0.000000000000000000 ) ) ;
#3588 = EDGE_CURVE ( 'NONE', #447, #2484, #5058, .T. ) ;
#3589 = VERTEX_POINT ( 'NONE', #5773 ) ;
#3590 = DIRECTION ( 'NONE',  ( -0.000000000000000000, -0.000000000000000000, 1.000000000000000000 ) ) ;
#3591 = VECTOR ( 'NONE', #4178, 1000.000000000000000 ) ;
#3592 = CARTESIAN_POINT ( 'NONE',  ( -75.38211713789932844, 20.23277201088161803, 1.500000000000000444 ) ) ;
#3593 = DIRECTION ( 'NONE',  ( -0.000000000000000000, 1.000000000000000000, -0.000000000000000000 ) ) ;
#3594 = DIRECTION ( 'NONE',  ( -1.000000000000000000, 1.734723475976806709E-18, 0.000000000000000000 ) ) ;
#3595 = LINE ( 'NONE', #6735, #7276 ) ;
#3596 = ADVANCED_FACE ( 'NONE', ( #5731 ), #7604, .T. ) ;
#3597 = AXIS2_PLACEMENT_3D ( 'NONE', #4534, #3855, #7669 ) ;
#3598 = ORIENTED_EDGE ( 'NONE', *, *, #7591, .F. ) ;
#3599 = CARTESIAN_POINT ( 'NONE',  ( -32.41788286210069003, 22.78641401289931778, 0.5000000000000004441 ) ) ;
#3600 = CARTESIAN_POINT ( 'NONE',  ( -36.41788286210069714, 13.48641401289930997, 1.500000000000000444 ) ) ;
#3601 = ORIENTED_EDGE ( 'NONE', *, *, #1819, .T. ) ;
#3602 = VECTOR ( 'NONE', #5535, 1000.000000000000000 ) ;
#3603 = DIRECTION ( 'NONE',  ( -1.000000000000000000, -6.546126324440781637E-16, 0.000000000000000000 ) ) ;
#3604 = EDGE_CURVE ( 'NONE', #6410, #7599, #4337, .T. ) ;
#3605 = PLANE ( 'NONE',  #4964 ) ;
#3606 = ORIENTED_EDGE ( 'NONE', *, *, #7701, .F. ) ;
#3607 = ORIENTED_EDGE ( 'NONE', *, *, #7871, .T. ) ;
#3608 = CARTESIAN_POINT ( 'NONE',  ( -37.06788286210068151, 15.48641401289931174, 1.500000000000000444 ) ) ;
#3609 = VECTOR ( 'NONE', #600, 1000.000000000000000 ) ;
#3610 = EDGE_LOOP ( 'NONE', ( #4879, #1020, #4123, #7124 ) ) ;
#3611 = VECTOR ( 'NONE', #6760, 1000.000000000000000 ) ;
#3612 = ADVANCED_FACE ( 'NONE', ( #1824 ), #2532, .F. ) ;
#3613 = VERTEX_POINT ( 'NONE', #5102 ) ;
#3614 = EDGE_CURVE ( 'NONE', #821, #7930, #7694, .T. ) ;
#3615 = VECTOR ( 'NONE', #7613, 1000.000000000000000 ) ;
#3616 = VECTOR ( 'NONE', #6816, 1000.000000000000000 ) ;
#3617 = CARTESIAN_POINT ( 'NONE',  ( 39.24999999999999289, 20.85065487298227183, 2.500000000000000000 ) ) ;
#3618 = VERTEX_POINT ( 'NONE', #6244 ) ;
#3619 = ORIENTED_EDGE ( 'NONE', *, *, #2213, .F. ) ;
#3620 = CARTESIAN_POINT ( 'NONE',  ( 39.25000000000000000, 23.15429687500000000, 6.000000000000000000 ) ) ;
#3621 = VERTEX_POINT ( 'NONE', #477 ) ;
#3622 = CARTESIAN_POINT ( 'NONE',  ( -37.06788286210068151, 15.48641401289931174, 0.5000000000000004441 ) ) ;
#3623 = DIRECTION ( 'NONE',  ( 1.000000000000000000, 0.000000000000000000, 0.000000000000000000 ) ) ;
#3624 = VECTOR ( 'NONE', #2492, 1000.000000000000000 ) ;
#3625 = VECTOR ( 'NONE', #1284, 1000.000000000000000 ) ;
#3626 = LINE ( 'NONE', #3159, #7062 ) ;
#3627 = EDGE_CURVE ( 'NONE', #6106, #4130, #2147, .T. ) ;
#3628 = LINE ( 'NONE', #4137, #7210 ) ;
#3629 = CARTESIAN_POINT ( 'NONE',  ( 8.932117137899320269, 15.48641401289931174, 1.500000000000000444 ) ) ;
#3630 = ADVANCED_FACE ( 'NONE', ( #299, #692 ), #6016, .T. ) ;
#3631 = AXIS2_PLACEMENT_3D ( 'NONE', #6573, #5338, #7891 ) ;
#3632 = DIRECTION ( 'NONE',  ( 0.000000000000000000, -0.000000000000000000, 1.000000000000000000 ) ) ;
#3633 = DIRECTION ( 'NONE',  ( 0.000000000000000000, 1.000000000000000000, 0.000000000000000000 ) ) ;
#3634 = EDGE_LOOP ( 'NONE', ( #2603, #7690, #7840, #1358, #5265, #5534, #7349, #3373 ) ) ;
#3635 = CARTESIAN_POINT ( 'NONE',  ( -89.75000000000001421, 23.15429687500000355, 0.5999999999999999778 ) ) ;
#3636 = VERTEX_POINT ( 'NONE', #5820 ) ;
#3637 = DIRECTION ( 'NONE',  ( 0.000000000000000000, -1.000000000000000000, 0.000000000000000000 ) ) ;
#3638 = LOCAL_TIME ( 10, 41, 50.00000000000000000, #7021 ) ;
#3639 = DIRECTION ( 'NONE',  ( -0.000000000000000000, -0.000000000000000000, 1.000000000000000000 ) ) ;
#3640 = DIRECTION ( 'NONE',  ( 0.000000000000000000, -1.000000000000000000, 0.000000000000000000 ) ) ;
#3641 = DIRECTION ( 'NONE',  ( -0.7071067811865479058, 0.7071067811865471286, 1.137307002876294326E-16 ) ) ;
#3642 = EDGE_CURVE ( 'NONE', #4517, #5137, #921, .T. ) ;
#3643 = FACE_OUTER_BOUND ( 'NONE', #4520, .T. ) ;
#3644 = EDGE_LOOP ( 'NONE', ( #49, #1266, #2194, #765 ) ) ;
#3645 = FACE_OUTER_BOUND ( 'NONE', #5559, .T. ) ;
#3646 = DIRECTION ( 'NONE',  ( 1.000000000000000000, 0.000000000000000000, 0.000000000000000000 ) ) ;
#3647 = ORIENTED_EDGE ( 'NONE', *, *, #4902, .T. ) ;
#3648 = DIRECTION ( 'NONE',  ( -1.000000000000000000, -0.000000000000000000, -0.000000000000000000 ) ) ;
#3649 = ADVANCED_FACE ( 'NONE', ( #22 ), #7776, .F. ) ;
#3650 = LINE ( 'NONE', #3141, #7751 ) ;
#3651 = LINE ( 'NONE', #5840, #2677 ) ;
#3652 = ORIENTED_EDGE ( 'NONE', *, *, #7778, .F. ) ;
#3653 = VERTEX_POINT ( 'NONE', #2189 ) ;
#3654 = DIRECTION ( 'NONE',  ( -1.000000000000000000, 0.000000000000000000, 0.000000000000000000 ) ) ;
#3655 = EDGE_LOOP ( 'NONE', ( #4669, #476, #4974, #7285 ) ) ;
#3656 = ORIENTED_EDGE ( 'NONE', *, *, #6225, .T. ) ;
#3657 = LINE ( 'NONE', #5011, #3890 ) ;
#3658 = VERTEX_POINT ( 'NONE', #7297 ) ;
#3659 = EDGE_CURVE ( 'NONE', #5978, #2858, #7929, .T. ) ;
#3660 = VERTEX_POINT ( 'NONE', #2852 ) ;
#3661 = DIRECTION ( 'NONE',  ( 1.734723475976806709E-18, 1.000000000000000000, 0.000000000000000000 ) ) ;
#3662 = ORIENTED_EDGE ( 'NONE', *, *, #7335, .F. ) ;
#3663 = DIRECTION ( 'NONE',  ( -1.000000000000000000, 0.000000000000000000, 0.000000000000000000 ) ) ;
#3664 = VECTOR ( 'NONE', #2184, 1000.000000000000000 ) ;
#3665 = CARTESIAN_POINT ( 'NONE',  ( -91.75000000000001421, 13.90429687500000355, 1.000000000000000000 ) ) ;
#3666 = EDGE_CURVE ( 'NONE', #3096, #2666, #968, .T. ) ;
#3667 = CARTESIAN_POINT ( 'NONE',  ( -16.41788286210070424, 16.07582173911837486, 1.500000000000000444 ) ) ;
#3668 = LINE ( 'NONE', #3711, #5886 ) ;
#3669 = PLANE ( 'NONE',  #5937 ) ;
#3670 = LINE ( 'NONE', #6250, #6038 ) ;
#3671 = CARTESIAN_POINT ( 'NONE',  ( -76.01788286210067724, 20.78641401289931778, 0.5000000000000004441 ) ) ;
#3672 = ORIENTED_EDGE ( 'NONE', *, *, #8067, .F. ) ;
#3673 = VECTOR ( 'NONE', #4944, 1000.000000000000000 ) ;
#3674 = LINE ( 'NONE', #3209, #7926 ) ;
#3675 = EDGE_LOOP ( 'NONE', ( #2362, #4795, #5090, #2122 ) ) ;
#3676 = LINE ( 'NONE', #1630, #4277 ) ;
#3677 = EDGE_CURVE ( 'NONE', #3991, #6073, #3478, .T. ) ;
#3678 = AXIS2_PLACEMENT_3D ( 'NONE', #694, #6545, #101 ) ;
#3679 = DIRECTION ( 'NONE',  ( -1.119176436114068839E-16, 1.000000000000000000, 0.000000000000000000 ) ) ;
#3680 = VECTOR ( 'NONE', #6984, 1000.000000000000000 ) ;
#3681 = LINE ( 'NONE', #330, #7597 ) ;
#3682 = CARTESIAN_POINT ( 'NONE',  ( -54.76788286210067724, 15.50448725967914143, 0.5000000000000004441 ) ) ;
#3683 = CARTESIAN_POINT ( 'NONE',  ( 0.000000000000000000, 0.000000000000000000, 0.5000000000000004441 ) ) ;
#3684 = VERTEX_POINT ( 'NONE', #2807 ) ;
#3685 = CARTESIAN_POINT ( 'NONE',  ( 0.000000000000000000, 0.000000000000000000, 4.000000000000000000 ) ) ;
#3686 = DIRECTION ( 'NONE',  ( 0.000000000000000000, 0.7071067811865479058, 0.7071067811865472397 ) ) ;
#3687 = VECTOR ( 'NONE', #6621, 1000.000000000000000 ) ;
#3688 = ADVANCED_FACE ( 'NONE', ( #5188 ), #251, .F. ) ;
#3689 = EDGE_CURVE ( 'NONE', #4725, #263, #6739, .T. ) ;
#3690 = VECTOR ( 'NONE', #235, 1000.000000000000000 ) ;
#3691 = ORIENTED_EDGE ( 'NONE', *, *, #8253, .F. ) ;
#3692 = DIRECTION ( 'NONE',  ( 0.000000000000000000, -0.000000000000000000, 1.000000000000000000 ) ) ;
#3693 = DIRECTION ( 'NONE',  ( -6.938893903907222067E-15, 1.000000000000000000, 0.000000000000000000 ) ) ;
#3694 = ADVANCED_FACE ( 'NONE', ( #1555 ), #7099, .F. ) ;
#3695 = CARTESIAN_POINT ( 'NONE',  ( -78.41788286210068293, 13.48641401289931174, 0.5000000000000004441 ) ) ;
#3696 = VERTEX_POINT ( 'NONE', #4513 ) ;
#3697 = ORIENTED_EDGE ( 'NONE', *, *, #4315, .T. ) ;
#3698 = DIRECTION ( 'NONE',  ( 0.7071067811865479058, -0.7071067811865471286, -0.000000000000000000 ) ) ;
#3699 = PRODUCT_DEFINITION ( 'UNKNOWN', '', #7168, #3948 ) ;
#3700 = VERTEX_POINT ( 'NONE', #3436 ) ;
#3701 = ADVANCED_FACE ( 'NONE', ( #3397 ), #1514, .F. ) ;
#3702 = EDGE_LOOP ( 'NONE', ( #7918, #4899, #2931, #4548, #3150, #5910, #6521, #5697, #5941, #5046, #5730, #5391, #1637, #3740, #559, #6624, #2045, #8004, #2014, #6464, #7097, #7593, #50, #6088, #1986, #7765, #1801, #2901, #7340, #7702, #6917, #2276 ) ) ;
#3703 = FACE_OUTER_BOUND ( 'NONE', #1888, .T. ) ;
#3704 = VERTEX_POINT ( 'NONE', #5380 ) ;
#3705 = EDGE_LOOP ( 'NONE', ( #2065, #7592, #7890, #7562 ) ) ;
#3706 = CARTESIAN_POINT ( 'NONE',  ( -60.06788286210068151, 0.000000000000000000, 0.000000000000000000 ) ) ;
#3707 = VERTEX_POINT ( 'NONE', #1318 ) ;
#3708 = LINE ( 'NONE', #5016, #4270 ) ;
#3709 = EDGE_CURVE ( 'NONE', #4798, #5013, #6457, .T. ) ;
#3710 = LINE ( 'NONE', #8330, #6110 ) ;
#3711 = CARTESIAN_POINT ( 'NONE',  ( -84.75000000000001421, 13.15429687499998934, 4.000000000000000000 ) ) ;
#3712 = DIRECTION ( 'NONE',  ( 0.000000000000000000, -0.000000000000000000, 1.000000000000000000 ) ) ;
#3713 = EDGE_CURVE ( 'NONE', #3774, #7842, #4036, .T. ) ;
#3714 = CARTESIAN_POINT ( 'NONE',  ( -32.41788286210067582, 20.78641401289931778, 1.500000000000000444 ) ) ;
#3715 = DIRECTION ( 'NONE',  ( 6.938893903907228378E-15, 1.000000000000000000, -0.000000000000000000 ) ) ;
#3716 = ORIENTED_EDGE ( 'NONE', *, *, #7775, .T. ) ;
#3717 = FACE_OUTER_BOUND ( 'NONE', #4055, .T. ) ;
#3718 = ORIENTED_EDGE ( 'NONE', *, *, #1976, .F. ) ;
#3719 = CARTESIAN_POINT ( 'NONE',  ( -55.32152486411839476, 13.13641401289931210, 2.499999999999998668 ) ) ;
#3720 = DIRECTION ( 'NONE',  ( 0.000000000000000000, 0.000000000000000000, -1.000000000000000000 ) ) ;
#3721 = DIRECTION ( 'NONE',  ( 1.000000000000000000, 0.000000000000000000, -0.000000000000000000 ) ) ;
#3722 = CARTESIAN_POINT ( 'NONE',  ( 14.23211713789931920, 20.78641401289931778, -2.999999999999999112 ) ) ;
#3723 = AXIS2_PLACEMENT_3D ( 'NONE', #1753, #6900, #3129 ) ;
#3724 = CARTESIAN_POINT ( 'NONE',  ( -13.41788286210068826, 15.48641401289931174, 1.500000000000000444 ) ) ;
#3725 = ORIENTED_EDGE ( 'NONE', *, *, #2556, .F. ) ;
#3726 = EDGE_LOOP ( 'NONE', ( #5081, #7760, #594, #6090 ) ) ;
#3727 = DIRECTION ( 'NONE',  ( 0.000000000000000000, -1.000000000000000000, 0.000000000000000000 ) ) ;
#3728 = CARTESIAN_POINT ( 'NONE',  ( 32.58211713789929576, 13.48641401289930997, 0.5000000000000004441 ) ) ;
#3729 = VECTOR ( 'NONE', #73, 1000.000000000000000 ) ;
#3730 = ORIENTED_EDGE ( 'NONE', *, *, #5938, .T. ) ;
#3731 = FACE_OUTER_BOUND ( 'NONE', #2544, .T. ) ;
#3732 = CARTESIAN_POINT ( 'NONE',  ( -83.06788286210067440, 20.78641401289931423, -2.999999999999999112 ) ) ;
#3733 = AXIS2_PLACEMENT_3D ( 'NONE', #3519, #2767, #4707 ) ;
#3734 = ORIENTED_EDGE ( 'NONE', *, *, #5938, .F. ) ;
#3735 = VERTEX_POINT ( 'NONE', #6656 ) ;
#3736 = DIRECTION ( 'NONE',  ( -0.000000000000000000, 0.000000000000000000, 1.000000000000000000 ) ) ;
#3737 = ORIENTED_EDGE ( 'NONE', *, *, #3627, .F. ) ;
#3738 = VECTOR ( 'NONE', #1952, 1000.000000000000000 ) ;
#3739 = EDGE_CURVE ( 'NONE', #7930, #4124, #5420, .T. ) ;
#3740 = ORIENTED_EDGE ( 'NONE', *, *, #311, .F. ) ;
#3741 = EDGE_CURVE ( 'NONE', #7383, #3025, #1594, .T. ) ;
#3742 = DIRECTION ( 'NONE',  ( -0.7071067811865474617, 0.7071067811865474617, 0.000000000000000000 ) ) ;
#3743 = VECTOR ( 'NONE', #5688, 1000.000000000000000 ) ;
#3744 = ORIENTED_EDGE ( 'NONE', *, *, #7627, .F. ) ;
#3745 = VECTOR ( 'NONE', #5833, 1000.000000000000000 ) ;
#3746 = EDGE_LOOP ( 'NONE', ( #5958, #3691, #7336, #3188 ) ) ;
#3747 = DIRECTION ( 'NONE',  ( 0.000000000000000000, -0.000000000000000000, 1.000000000000000000 ) ) ;
#3748 = VERTEX_POINT ( 'NONE', #6223 ) ;
#3749 = CARTESIAN_POINT ( 'NONE',  ( 13.69635799798229492, 13.15429687500000000, 1.500000000000000444 ) ) ;
#3750 = VECTOR ( 'NONE', #2717, 1000.000000000000000 ) ;
#3751 = AXIS2_PLACEMENT_3D ( 'NONE', #3635, #286, #8126 ) ;
#3752 = LINE ( 'NONE', #7566, #7334 ) ;
#3753 = DIRECTION ( 'NONE',  ( -0.000000000000000000, 0.000000000000000000, 1.000000000000000000 ) ) ;
#3754 = EDGE_CURVE ( 'NONE', #4623, #6690, #7586, .T. ) ;
#3755 = DATE_AND_TIME ( #4474, #4592 ) ;
#3756 = DIRECTION ( 'NONE',  ( 0.5773502691896390537, -0.5773502691896190697, 0.5773502691896190697 ) ) ;
#3757 = ORIENTED_EDGE ( 'NONE', *, *, #3689, .T. ) ;
#3758 = LINE ( 'NONE', #7742, #10 ) ;
#3759 = VERTEX_POINT ( 'NONE', #8177 ) ;
#3760 = AXIS2_PLACEMENT_3D ( 'NONE', #4764, #391, #6202 ) ;
#3761 = CARTESIAN_POINT ( 'NONE',  ( 9.582117137899304637, 13.48641401289930997, 0.5000000000000004441 ) ) ;
#3762 = AXIS2_PLACEMENT_3D ( 'NONE', #3355, #5335, #2848 ) ;
#3763 = VERTEX_POINT ( 'NONE', #336 ) ;
#3764 = CARTESIAN_POINT ( 'NONE',  ( -61.81788286210068151, 15.48641401289931174, 0.5000000000000004441 ) ) ;
#3765 = LINE ( 'NONE', #4943, #8329 ) ;
#3766 = VECTOR ( 'NONE', #1268, 1000.000000000000000 ) ;
#3767 = DIRECTION ( 'NONE',  ( 4.336808689941999001E-16, -1.000000000000000000, 0.000000000000000000 ) ) ;
#3768 = LINE ( 'NONE', #7662, #6811 ) ;
#3769 = FACE_OUTER_BOUND ( 'NONE', #314, .T. ) ;
#3770 = ORIENTED_EDGE ( 'NONE', *, *, #6630, .T. ) ;
#3771 = VERTEX_POINT ( 'NONE', #5503 ) ;
#3772 = DIRECTION ( 'NONE',  ( 0.7071067811865483499, -0.7071067811865466846, 0.000000000000000000 ) ) ;
#3773 = LINE ( 'NONE', #5672, #7523 ) ;
#3774 = VERTEX_POINT ( 'NONE', #4871 ) ;
#3775 = PLANE ( 'NONE',  #3267 ) ;
#3776 = LINE ( 'NONE', #1679, #6660 ) ;
#3777 = PLANE ( 'NONE',  #6588 ) ;
#3778 = EDGE_LOOP ( 'NONE', ( #4788, #1525, #90, #558, #1277 ) ) ;
#3779 = EDGE_LOOP ( 'NONE', ( #6156, #907, #4557, #5982, #8070, #5026 ) ) ;
#3780 = DIRECTION ( 'NONE',  ( -0.000000000000000000, -0.000000000000000000, 1.000000000000000000 ) ) ;
#3781 = ORIENTED_EDGE ( 'NONE', *, *, #4512, .F. ) ;
#3782 = ADVANCED_FACE ( 'NONE', ( #6101 ), #6949, .T. ) ;
#3783 = ORIENTED_EDGE ( 'NONE', *, *, #478, .F. ) ;
#3784 = PLANE ( 'NONE',  #4896 ) ;
#3785 = CARTESIAN_POINT ( 'NONE',  ( -89.75000000000001421, 23.15429687500000355, 0.5999999999999999778 ) ) ;
#3786 = ORIENTED_EDGE ( 'NONE', *, *, #4361, .T. ) ;
#3787 = ORIENTED_EDGE ( 'NONE', *, *, #5497, .T. ) ;
#3788 = CARTESIAN_POINT ( 'NONE',  ( -37.06788286210068151, 15.48641401289931174, 1.500000000000000444 ) ) ;
#3789 = ORIENTED_EDGE ( 'NONE', *, *, #2538, .T. ) ;
#3790 = CARTESIAN_POINT ( 'NONE',  ( 32.58211713789929576, 22.78641401289931778, 0.5000000000000004441 ) ) ;
#3791 = EDGE_CURVE ( 'NONE', #4480, #528, #7499, .T. ) ;
#3792 = EDGE_CURVE ( 'NONE', #426, #3285, #456, .T. ) ;
#3793 = CARTESIAN_POINT ( 'NONE',  ( 9.582117137899304637, 15.48641401289931174, 0.5000000000000004441 ) ) ;
#3794 = LINE ( 'NONE', #7019, #7509 ) ;
#3795 = APPROVAL_DATE_TIME ( #3755, #729 ) ;
#3796 = DIRECTION ( 'NONE',  ( 0.000000000000000000, -1.000000000000000000, 0.000000000000000000 ) ) ;
#3797 = ORIENTED_EDGE ( 'NONE', *, *, #6540, .T. ) ;
#3798 = VECTOR ( 'NONE', #1125, 1000.000000000000114 ) ;
#3799 = DIRECTION ( 'NONE',  ( 1.000000000000000000, -0.000000000000000000, 0.000000000000000000 ) ) ;
#3800 = ORIENTED_EDGE ( 'NONE', *, *, #6355, .F. ) ;
#3801 = LINE ( 'NONE', #7656, #1048 ) ;
#3802 = VERTEX_POINT ( 'NONE', #2933 ) ;
#3803 = CARTESIAN_POINT ( 'NONE',  ( 14.23211713789931920, 20.78641401289931778, 0.5000000000000004441 ) ) ;
#3804 = ADVANCED_FACE ( 'NONE', ( #4320 ), #4911, .F. ) ;
#3805 = CARTESIAN_POINT ( 'NONE',  ( 32.58211713789929576, 13.48641401289930997, 0.5000000000000004441 ) ) ;
#3806 = LINE ( 'NONE', #2634, #606 ) ;
#3807 = DIRECTION ( 'NONE',  ( 0.000000000000000000, 0.000000000000000000, 1.000000000000000000 ) ) ;
#3808 = VECTOR ( 'NONE', #2889, 1000.000000000000000 ) ;
#3809 = DIRECTION ( 'NONE',  ( 0.000000000000000000, -0.000000000000000000, 1.000000000000000000 ) ) ;
#3810 = VERTEX_POINT ( 'NONE', #8098 ) ;
#3811 = AXIS2_PLACEMENT_3D ( 'NONE', #963, #4945, #3594 ) ;
#3812 = EDGE_LOOP ( 'NONE', ( #812, #1215, #6079, #3168, #173, #223, #4167, #1189 ) ) ;
#3813 = LINE ( 'NONE', #3014, #823 ) ;
#3814 = CARTESIAN_POINT ( 'NONE',  ( 31.93211713789931139, 15.48641401289931174, -2.999999999999999112 ) ) ;
#3815 = ADVANCED_FACE ( 'NONE', ( #3015 ), #4273, .F. ) ;
#3816 = VECTOR ( 'NONE', #6732, 1000.000000000000000 ) ;
#3817 = LINE ( 'NONE', #6394, #3540 ) ;
#3818 = CARTESIAN_POINT ( 'NONE',  ( 36.69635799798228248, 23.15429687500000000, 4.000000000000000000 ) ) ;
#3819 = ADVANCED_FACE ( 'NONE', ( #1713 ), #6865, .F. ) ;
#3820 = CARTESIAN_POINT ( 'NONE',  ( -91.75000000000001421, 15.45793887701772285, 3.999999999999999112 ) ) ;
#3821 = EDGE_CURVE ( 'NONE', #6700, #4917, #1639, .T. ) ;
#3822 = VECTOR ( 'NONE', #3171, 1000.000000000000000 ) ;
#3823 = VERTEX_POINT ( 'NONE', #2312 ) ;
#3824 = ORIENTED_EDGE ( 'NONE', *, *, #3838, .T. ) ;
#3825 = LINE ( 'NONE', #1852, #6880 ) ;
#3826 = ORIENTED_EDGE ( 'NONE', *, *, #5627, .T. ) ;
#3827 = ORIENTED_EDGE ( 'NONE', *, *, #2249, .T. ) ;
#3828 = DIRECTION ( 'NONE',  ( 0.000000000000000000, 0.000000000000000000, -1.000000000000000000 ) ) ;
#3829 = CARTESIAN_POINT ( 'NONE',  ( -91.75000000000001421, 15.45793887701772285, 3.999999999999999112 ) ) ;
#3830 = ORIENTED_EDGE ( 'NONE', *, *, #5109, .T. ) ;
#3831 = EDGE_LOOP ( 'NONE', ( #6356, #7217, #2181, #6937 ) ) ;
#3832 = DIRECTION ( 'NONE',  ( 0.000000000000000000, 0.000000000000000000, -1.000000000000000000 ) ) ;
#3833 = ORIENTED_EDGE ( 'NONE', *, *, #341, .T. ) ;
#3834 = CARTESIAN_POINT ( 'NONE',  ( 9.582117137899304637, 20.78641401289931778, 0.5000000000000004441 ) ) ;
#3835 = FACE_OUTER_BOUND ( 'NONE', #7449, .T. ) ;
#3836 = DIRECTION ( 'NONE',  ( -0.000000000000000000, -0.000000000000000000, 1.000000000000000000 ) ) ;
#3837 = PERSON_AND_ORGANIZATION_ROLE ( 'creator' ) ;
#3838 = EDGE_CURVE ( 'NONE', #7419, #7383, #2976, .T. ) ;
#3839 = FACE_OUTER_BOUND ( 'NONE', #5269, .T. ) ;
#3840 = VERTEX_POINT ( 'NONE', #4198 ) ;
#3841 = DIRECTION ( 'NONE',  ( 0.000000000000000000, 0.000000000000000000, -1.000000000000000000 ) ) ;
#3842 = VERTEX_POINT ( 'NONE', #1129 ) ;
#3843 = CARTESIAN_POINT ( 'NONE',  ( 39.25000000000000000, 23.15429687500000000, 4.000000000000000000 ) ) ;
#3844 = ORIENTED_EDGE ( 'NONE', *, *, #8213, .F. ) ;
#3845 = CARTESIAN_POINT ( 'NONE',  ( -29.38211713789932844, 16.07582173911838197, 2.499999999999999112 ) ) ;
#3846 = CARTESIAN_POINT ( 'NONE',  ( 32.50364200201764930, 13.15429687500000178, 1.500000000000000444 ) ) ;
#3847 = LINE ( 'NONE', #3259, #72 ) ;
#3848 = CARTESIAN_POINT ( 'NONE',  ( -91.34999999999998010, 25.65429687500000355, 6.000000000000000000 ) ) ;
#3849 = CARTESIAN_POINT ( 'NONE',  ( -32.41788286210066161, 15.48641401289931174, 0.5000000000000004441 ) ) ;
#3850 = EDGE_CURVE ( 'NONE', #3023, #5422, #7541, .T. ) ;
#3851 = CARTESIAN_POINT ( 'NONE',  ( 36.67847513588159813, 13.13641401289931210, 1.500000000000000444 ) ) ;
#3852 = EDGE_LOOP ( 'NONE', ( #2578, #7366, #5683, #6152 ) ) ;
#3853 = ORIENTED_EDGE ( 'NONE', *, *, #3754, .T. ) ;
#3854 = CARTESIAN_POINT ( 'NONE',  ( -77.76788286210067724, 15.48641401289931174, 0.000000000000000000 ) ) ;
#3855 = DIRECTION ( 'NONE',  ( 0.000000000000000000, -0.000000000000000000, 1.000000000000000000 ) ) ;
#3856 = ORIENTED_EDGE ( 'NONE', *, *, #1278, .F. ) ;
#3857 = DIRECTION ( 'NONE',  ( -0.000000000000000000, -1.000000000000000000, -0.000000000000000000 ) ) ;
#3858 = CARTESIAN_POINT ( 'NONE',  ( 31.93211713789931139, 15.48641401289931174, 0.5000000000000004441 ) ) ;
#3859 = ADVANCED_FACE ( 'NONE', ( #4830 ), #1675, .F. ) ;
#3860 = ORIENTED_EDGE ( 'NONE', *, *, #7009, .T. ) ;
#3861 = AXIS2_PLACEMENT_3D ( 'NONE', #1028, #3582, #5484 ) ;
#3862 = ORIENTED_EDGE ( 'NONE', *, *, #5034, .T. ) ;
#3863 = DIRECTION ( 'NONE',  ( -1.000000000000000000, 0.000000000000000000, -0.000000000000000000 ) ) ;
#3864 = ORIENTED_EDGE ( 'NONE', *, *, #7618, .F. ) ;
#3865 = ADVANCED_FACE ( 'NONE', ( #6779 ), #5543, .F. ) ;
#3866 = VERTEX_POINT ( 'NONE', #3600 ) ;
#3867 = AXIS2_PLACEMENT_3D ( 'NONE', #4061, #2633, #7833 ) ;
#3868 = CARTESIAN_POINT ( 'NONE',  ( -83.06788286210067440, 15.48641401289931174, 0.000000000000000000 ) ) ;
#3869 = CARTESIAN_POINT ( 'NONE',  ( -32.41788286210066161, 15.48641401289931174, 1.500000000000000444 ) ) ;
#3870 = ORIENTED_EDGE ( 'NONE', *, *, #6000, .T. ) ;
#3871 = ORIENTED_EDGE ( 'NONE', *, *, #3520, .T. ) ;
#3872 = PLANE ( 'NONE',  #5248 ) ;
#3873 = DIRECTION ( 'NONE',  ( 1.000000000000000000, 0.000000000000000000, 0.000000000000000000 ) ) ;
#3874 = AXIS2_PLACEMENT_3D ( 'NONE', #3814, #1259, #7122 ) ;
#3875 = EDGE_CURVE ( 'NONE', #2073, #631, #498, .T. ) ;
#3876 = EDGE_CURVE ( 'NONE', #3636, #1921, #8264, .T. ) ;
#3877 = CARTESIAN_POINT ( 'NONE',  ( 39.25000000000000000, 22.40429687500000355, 1.000000000000000000 ) ) ;
#3878 = VECTOR ( 'NONE', #5780, 1000.000000000000000 ) ;
#3879 = CARTESIAN_POINT ( 'NONE',  ( -62.41788286210071135, 16.07582173911837486, 1.500000000000000444 ) ) ;
#3880 = VECTOR ( 'NONE', #1462, 1000.000000000000114 ) ;
#3881 = CALENDAR_DATE ( 2025, 1, 8 ) ;
#3882 = CARTESIAN_POINT ( 'NONE',  ( -62.41788286210071135, 16.07582173911837486, 2.499999999999999112 ) ) ;
#3883 = ORIENTED_EDGE ( 'NONE', *, *, #521, .F. ) ;
#3884 = CARTESIAN_POINT ( 'NONE',  ( -83.06788286210067440, 15.48641401289931174, 0.5000000000000004441 ) ) ;
#3885 = ORIENTED_EDGE ( 'NONE', *, *, #6027, .T. ) ;
#3886 = ORIENTED_EDGE ( 'NONE', *, *, #7889, .T. ) ;
#3887 = CARTESIAN_POINT ( 'NONE',  ( -9.417882862100670494, 20.78641401289931778, 0.5000000000000004441 ) ) ;
#3888 = ORIENTED_EDGE ( 'NONE', *, *, #4704, .F. ) ;
#3889 = DIRECTION ( 'NONE',  ( -0.7071067811865479058, 0.7071067811865471286, 0.000000000000000000 ) ) ;
#3890 = VECTOR ( 'NONE', #8321, 1000.000000000000000 ) ;
#3891 = AXIS2_PLACEMENT_3D ( 'NONE', #1422, #3303, #6681 ) ;
#3892 = EDGE_CURVE ( 'NONE', #3278, #5409, #3773, .T. ) ;
#3893 = DIRECTION ( 'NONE',  ( -0.000000000000000000, -0.000000000000000000, 1.000000000000000000 ) ) ;
#3894 = LINE ( 'NONE', #3130, #6111 ) ;
#3895 = CARTESIAN_POINT ( 'NONE',  ( -30.01788286210067724, 20.78641401289931778, 1.500000000000000444 ) ) ;
#3896 = VECTOR ( 'NONE', #5065, 1000.000000000000000 ) ;
#3897 = LINE ( 'NONE', #3094, #2284 ) ;
#3898 = AXIS2_PLACEMENT_3D ( 'NONE', #1456, #7838, #2131 ) ;
#3899 = LINE ( 'NONE', #662, #5907 ) ;
#3900 = ORIENTED_EDGE ( 'NONE', *, *, #1749, .F. ) ;
#3901 = EDGE_LOOP ( 'NONE', ( #6741, #4501, #704, #1481 ) ) ;
#3902 = DIRECTION ( 'NONE',  ( -0.7071067811865352493, -0.7071067811865597852, -0.000000000000000000 ) ) ;
#3903 = ADVANCED_FACE ( 'NONE', ( #2512 ), #8353, .F. ) ;
#3904 = FACE_OUTER_BOUND ( 'NONE', #5159, .T. ) ;
#3905 = VECTOR ( 'NONE', #7774, 1000.000000000000000 ) ;
#3906 = ADVANCED_FACE ( 'NONE', ( #45 ), #7037, .F. ) ;
#3907 = EDGE_CURVE ( 'NONE', #7715, #2951, #625, .T. ) ;
#3908 = VECTOR ( 'NONE', #2080, 1000.000000000000000 ) ;
#3909 = LINE ( 'NONE', #6613, #7466 ) ;
#3910 = LINE ( 'NONE', #5002, #2198 ) ;
#3911 = CARTESIAN_POINT ( 'NONE',  ( -82.41788286210069714, 15.48641401289931174, 0.5000000000000004441 ) ) ;
#3912 = VECTOR ( 'NONE', #2690, 1000.000000000000000 ) ;
#3913 = ORIENTED_EDGE ( 'NONE', *, *, #1966, .T. ) ;
#3914 = VERTEX_POINT ( 'NONE', #542 ) ;
#3915 = PLANE ( 'NONE',  #5258 ) ;
#3916 = EDGE_LOOP ( 'NONE', ( #7679, #5802, #2974, #3827 ) ) ;
#3917 = ADVANCED_FACE ( 'NONE', ( #3904 ), #7800, .F. ) ;
#3918 = ORIENTED_EDGE ( 'NONE', *, *, #4114, .T. ) ;
#3919 = FACE_OUTER_BOUND ( 'NONE', #2746, .T. ) ;
#3920 = LINE ( 'NONE', #4668, #6587 ) ;
#3921 = VERTEX_POINT ( 'NONE', #5212 ) ;
#3922 = ORIENTED_EDGE ( 'NONE', *, *, #3926, .T. ) ;
#3923 = LINE ( 'NONE', #4716, #1081 ) ;
#3924 = CARTESIAN_POINT ( 'NONE',  ( 32.58211713789929576, 13.48641401289930997, 0.5000000000000004441 ) ) ;
#3925 = DATE_AND_TIME ( #3881, #6751 ) ;
#3926 = EDGE_CURVE ( 'NONE', #1439, #2121, #1933, .T. ) ;
#3927 = CARTESIAN_POINT ( 'NONE',  ( -36.49635799798232938, 13.15429687499999112, 6.000000000000000000 ) ) ;
#3928 = EDGE_LOOP ( 'NONE', ( #1008, #6472, #3662, #2765, #6926, #1144, #892, #6886 ) ) ;
#3929 = DIRECTION ( 'NONE',  ( -1.000000000000000000, 0.000000000000000000, 0.000000000000000000 ) ) ;
#3930 = ORIENTED_EDGE ( 'NONE', *, *, #3182, .F. ) ;
#3931 = ORIENTED_EDGE ( 'NONE', *, *, #4015, .F. ) ;
#3932 = EDGE_CURVE ( 'NONE', #7967, #4026, #5039, .T. ) ;
#3933 = DIRECTION ( 'NONE',  ( 0.000000000000000000, 0.000000000000000000, -1.000000000000000000 ) ) ;
#3934 = LINE ( 'NONE', #4099, #6311 ) ;
#3935 = CARTESIAN_POINT ( 'NONE',  ( -59.49635799798230806, 13.15429687499998579, 6.000000000000000000 ) ) ;
#3936 = DIRECTION ( 'NONE',  ( 0.000000000000000000, 0.000000000000000000, -1.000000000000000000 ) ) ;
#3937 = DIRECTION ( 'NONE',  ( 0.000000000000000000, 0.000000000000000000, 1.000000000000000000 ) ) ;
#3938 = VECTOR ( 'NONE', #4378, 1000.000000000000114 ) ;
#3939 = EDGE_CURVE ( 'NONE', #8102, #3157, #669, .T. ) ;
#3940 = DIRECTION ( 'NONE',  ( 1.000000000000000000, 0.000000000000000000, 0.000000000000000000 ) ) ;
#3941 = CARTESIAN_POINT ( 'NONE',  ( -53.01788286210067724, 20.78641401289931778, 0.5000000000000004441 ) ) ;
#3942 = ORIENTED_EDGE ( 'NONE', *, *, #5807, .F. ) ;
#3943 = EDGE_CURVE ( 'NONE', #7657, #6270, #7081, .T. ) ;
#3944 = LINE ( 'NONE', #4654, #675 ) ;
#3945 = ADVANCED_FACE ( 'NONE', ( #6393 ), #5079, .T. ) ;
#3946 = ORIENTED_EDGE ( 'NONE', *, *, #641, .F. ) ;
#3947 = DIRECTION ( 'NONE',  ( 0.000000000000000000, -1.000000000000000000, 0.000000000000000000 ) ) ;
#3948 = DESIGN_CONTEXT ( 'detailed design', #2727, 'design' ) ;
#3949 = DIRECTION ( 'NONE',  ( -0.000000000000000000, -0.000000000000000000, 1.000000000000000000 ) ) ;
#3950 = VECTOR ( 'NONE', #7589, 1000.000000000000000 ) ;
#3951 = ORIENTED_EDGE ( 'NONE', *, *, #2287, .T. ) ;
#3952 = LINE ( 'NONE', #5935, #4744 ) ;
#3953 = CARTESIAN_POINT ( 'NONE',  ( 31.93211713789931139, 15.48641401289931174, 0.000000000000000000 ) ) ;
#3954 = EDGE_CURVE ( 'NONE', #8271, #755, #2019, .T. ) ;
#3955 = ORIENTED_EDGE ( 'NONE', *, *, #3246, .T. ) ;
#3956 = CARTESIAN_POINT ( 'NONE',  ( -9.417882862100658059, 15.48641401289931174, 0.5000000000000004441 ) ) ;
#3957 = VECTOR ( 'NONE', #2846, 1000.000000000000000 ) ;
#3958 = ORIENTED_EDGE ( 'NONE', *, *, #5554, .F. ) ;
#3959 = ORIENTED_EDGE ( 'NONE', *, *, #2374, .T. ) ;
#3960 = FACE_OUTER_BOUND ( 'NONE', #2794, .T. ) ;
#3961 = AXIS2_PLACEMENT_3D ( 'NONE', #4464, #7729, #6538 ) ;
#3962 = PLANE ( 'NONE',  #133 ) ;
#3963 = EDGE_CURVE ( 'NONE', #2396, #1545, #1345, .T. ) ;
#3964 = EDGE_LOOP ( 'NONE', ( #211, #2905, #3672, #7254, #7139, #881 ) ) ;
#3965 = EDGE_LOOP ( 'NONE', ( #2718, #2922, #6170, #5319, #5267, #6699, #1316, #2368 ) ) ;
#3966 = CARTESIAN_POINT ( 'NONE',  ( 32.58211713789929576, 15.48641401289931174, 0.5000000000000004441 ) ) ;
#3967 = VECTOR ( 'NONE', #5547, 1000.000000000000000 ) ;
#3968 = CARTESIAN_POINT ( 'NONE',  ( 39.61788286210066445, 20.23277201088161803, 2.500000000000000000 ) ) ;
#3969 = APPROVAL_ROLE ( '' ) ;
#3970 = DIRECTION ( 'NONE',  ( 0.000000000000000000, 0.000000000000000000, -1.000000000000000000 ) ) ;
#3971 = ADVANCED_FACE ( 'NONE', ( #6483 ), #3224, .F. ) ;
#3972 = VERTEX_POINT ( 'NONE', #5751 ) ;
#3973 = CARTESIAN_POINT ( 'NONE',  ( -59.47847513588165214, 13.13641401289931210, 6.000000000000000000 ) ) ;
#3974 = ORIENTED_EDGE ( 'NONE', *, *, #5995, .T. ) ;
#3975 = ORIENTED_EDGE ( 'NONE', *, *, #4418, .T. ) ;
#3976 = DIRECTION ( 'NONE',  ( -1.000000000000000000, -1.119176436114068839E-16, 0.000000000000000000 ) ) ;
#3977 = LINE ( 'NONE', #5284, #1606 ) ;
#3978 = CARTESIAN_POINT ( 'NONE',  ( 31.93211713789931139, 20.78641401289931068, 0.5000000000000004441 ) ) ;
#3979 = CARTESIAN_POINT ( 'NONE',  ( -29.38211713789932844, 20.23277201088161803, 6.000000000000000000 ) ) ;
#3980 = LINE ( 'NONE', #3260, #7696 ) ;
#3981 = DIRECTION ( 'NONE',  ( 0.000000000000000000, -0.000000000000000000, 1.000000000000000000 ) ) ;
#3982 = FACE_OUTER_BOUND ( 'NONE', #6436, .T. ) ;
#3983 = ORIENTED_EDGE ( 'NONE', *, *, #2426, .T. ) ;
#3984 = CARTESIAN_POINT ( 'NONE',  ( -59.47847513588163793, 23.17217973710070567, 1.500000000000000444 ) ) ;
#3985 = ORIENTED_EDGE ( 'NONE', *, *, #2959, .T. ) ;
#3986 = FACE_OUTER_BOUND ( 'NONE', #2081, .T. ) ;
#3987 = DIRECTION ( 'NONE',  ( 1.734723475976806709E-18, 1.000000000000000000, 0.000000000000000000 ) ) ;
#3988 = DIRECTION ( 'NONE',  ( 0.7071067811865474617, -0.7071067811865474617, 0.000000000000000000 ) ) ;
#3989 = CARTESIAN_POINT ( 'NONE',  ( -32.32152486411842318, 23.17217973710070567, 1.500000000000000444 ) ) ;
#3990 = LINE ( 'NONE', #246, #3086 ) ;
#3991 = VERTEX_POINT ( 'NONE', #7167 ) ;
#3992 = DIRECTION ( 'NONE',  ( 1.000000000000000000, 4.336808689941999001E-16, 0.000000000000000000 ) ) ;
#3993 = VERTEX_POINT ( 'NONE', #1217 ) ;
#3994 = EDGE_CURVE ( 'NONE', #8112, #4530, #583, .T. ) ;
#3995 = ORIENTED_EDGE ( 'NONE', *, *, #6010, .F. ) ;
#3996 = DIRECTION ( 'NONE',  ( -1.000000000000000000, 0.000000000000000000, 0.000000000000000000 ) ) ;
#3997 = VECTOR ( 'NONE', #4350, 1000.000000000000000 ) ;
#3998 = LINE ( 'NONE', #5307, #5628 ) ;
#3999 = EDGE_LOOP ( 'NONE', ( #6905, #3317, #6408, #5193 ) ) ;
#4000 = EDGE_LOOP ( 'NONE', ( #97, #6702, #150, #5598 ) ) ;
#4001 = CARTESIAN_POINT ( 'NONE',  ( -54.76788286210067724, 15.50448725967914143, 0.5000000000000004441 ) ) ;
#4002 = VECTOR ( 'NONE', #1922, 1000.000000000000000 ) ;
#4003 = EDGE_CURVE ( 'NONE', #634, #447, #5130, .T. ) ;
#4004 = EDGE_CURVE ( 'NONE', #6347, #1841, #7759, .T. ) ;
#4005 = DIRECTION ( 'NONE',  ( -0.7071067811865479058, 0.7071067811865471286, 1.137307002876294326E-16 ) ) ;
#4006 = LINE ( 'NONE', #4676, #7133 ) ;
#4007 = ORIENTED_EDGE ( 'NONE', *, *, #148, .F. ) ;
#4008 = VECTOR ( 'NONE', #4077, 1000.000000000000000 ) ;
#4009 = DIRECTION ( 'NONE',  ( -0.000000000000000000, 0.000000000000000000, 1.000000000000000000 ) ) ;
#4010 = AXIS2_PLACEMENT_3D ( 'NONE', #5325, #5247, #5878 ) ;
#4011 = ORIENTED_EDGE ( 'NONE', *, *, #8245, .T. ) ;
#4012 = ORIENTED_EDGE ( 'NONE', *, *, #4603, .F. ) ;
#4013 = CARTESIAN_POINT ( 'NONE',  ( -32.32152486411839476, 13.13641401289931210, 6.000000000000000000 ) ) ;
#4014 = CARTESIAN_POINT ( 'NONE',  ( -39.41788286210071135, 16.07582173911837486, 1.500000000000000444 ) ) ;
#4015 = EDGE_CURVE ( 'NONE', #7298, #3696, #875, .T. ) ;
#4016 = VECTOR ( 'NONE', #6513, 1000.000000000000000 ) ;
#4017 = LINE ( 'NONE', #5323, #1455 ) ;
#4018 = FACE_OUTER_BOUND ( 'NONE', #4369, .T. ) ;
#4019 = PLANE ( 'NONE',  #5821 ) ;
#4020 = CARTESIAN_POINT ( 'NONE',  ( 68.99999999999998579, 20.78641401289936752, 0.000000000000000000 ) ) ;
#4021 = DIRECTION ( 'NONE',  ( -0.7071067811865466846, -0.7071067811865483499, 0.000000000000000000 ) ) ;
#4022 = ORIENTED_EDGE ( 'NONE', *, *, #7845, .T. ) ;
#4023 = VECTOR ( 'NONE', #3262, 1000.000000000000000 ) ;
#4024 = DIRECTION ( 'NONE',  ( -0.7071067811865475727, -0.7071067811865475727, 0.000000000000000000 ) ) ;
#4025 = VECTOR ( 'NONE', #5084, 1000.000000000000000 ) ;
#4026 = VERTEX_POINT ( 'NONE', #2136 ) ;
#4027 = CARTESIAN_POINT ( 'NONE',  ( -7.017882862100671915, 20.78641401289931778, 0.5000000000000004441 ) ) ;
#4028 = AXIS2_PLACEMENT_3D ( 'NONE', #4247, #435, #350 ) ;
#4029 = DIRECTION ( 'NONE',  ( 0.000000000000000000, 1.000000000000000000, 0.000000000000000000 ) ) ;
#4030 = DIRECTION ( 'NONE',  ( -0.000000000000000000, -0.000000000000000000, 1.000000000000000000 ) ) ;
#4031 = VECTOR ( 'NONE', #2432, 1000.000000000000000 ) ;
#4032 = PLANE ( 'NONE',  #3488 ) ;
#4033 = EDGE_CURVE ( 'NONE', #4559, #983, #6683, .T. ) ;
#4034 = VERTEX_POINT ( 'NONE', #7968 ) ;
#4035 = LINE ( 'NONE', #2146, #3099 ) ;
#4036 = LINE ( 'NONE', #5980, #2670 ) ;
#4037 = EDGE_CURVE ( 'NONE', #3802, #1397, #7288, .T. ) ;
#4038 = VECTOR ( 'NONE', #99, 1000.000000000000000 ) ;
#4039 = VECTOR ( 'NONE', #7948, 1000.000000000000000 ) ;
#4040 = EDGE_LOOP ( 'NONE', ( #2882, #2221, #2326, #1019 ) ) ;
#4041 = DIRECTION ( 'NONE',  ( 0.000000000000000000, 1.000000000000000000, 0.000000000000000000 ) ) ;
#4042 = AXIS2_PLACEMENT_3D ( 'NONE', #7166, #7717, #7207 ) ;
#4043 = DIRECTION ( 'NONE',  ( -0.000000000000000000, -0.000000000000000000, 1.000000000000000000 ) ) ;
#4044 = ORIENTED_EDGE ( 'NONE', *, *, #7038, .F. ) ;
#4045 = ORIENTED_EDGE ( 'NONE', *, *, #6997, .T. ) ;
#4046 = CARTESIAN_POINT ( 'NONE',  ( -52.38211713789932844, 16.07582173911838197, 1.500000000000000444 ) ) ;
#4047 = EDGE_CURVE ( 'NONE', #4725, #459, #4619, .T. ) ;
#4048 = ORIENTED_EDGE ( 'NONE', *, *, #5276, .F. ) ;
#4049 = VECTOR ( 'NONE', #5062, 1000.000000000000000 ) ;
#4050 = ORIENTED_EDGE ( 'NONE', *, *, #2722, .T. ) ;
#4051 = FACE_OUTER_BOUND ( 'NONE', #7859, .T. ) ;
#4052 = LINE ( 'NONE', #5868, #7940 ) ;
#4053 = VERTEX_POINT ( 'NONE', #5932 ) ;
#4054 = DIRECTION ( 'NONE',  ( -1.000000000000000000, 0.000000000000000000, -0.000000000000000000 ) ) ;
#4055 = EDGE_LOOP ( 'NONE', ( #3243, #1772, #2473, #7528 ) ) ;
#4056 = EDGE_LOOP ( 'NONE', ( #6939, #3194, #4079, #2854 ) ) ;
#4057 = CARTESIAN_POINT ( 'NONE',  ( 13.58211713789932240, 20.78641401289931778, 1.500000000000000444 ) ) ;
#4058 = ADVANCED_FACE ( 'NONE', ( #7844 ), #910, .F. ) ;
#4059 = ADVANCED_FACE ( 'NONE', ( #6526 ), #757, .F. ) ;
#4060 = LINE ( 'NONE', #3418, #3337 ) ;
#4061 = CARTESIAN_POINT ( 'NONE',  ( -13.41788286210068826, 13.48641401289930997, 0.5000000000000004441 ) ) ;
#4062 = LINE ( 'NONE', #5963, #2879 ) ;
#4063 = DIRECTION ( 'NONE',  ( 0.7071067811865466846, 0.7071067811865483499, 0.000000000000000000 ) ) ;
#4064 = DIRECTION ( 'NONE',  ( 0.000000000000000000, 0.000000000000000000, -1.000000000000000000 ) ) ;
#4065 = CARTESIAN_POINT ( 'NONE',  ( -31.76788286210068080, 20.78641401289931778, 1.500000000000000444 ) ) ;
#4066 = VERTEX_POINT ( 'NONE', #2058 ) ;
#4067 = DIRECTION ( 'NONE',  ( 0.000000000000000000, -1.000000000000000000, 0.000000000000000000 ) ) ;
#4068 = EDGE_CURVE ( 'NONE', #7232, #2490, #2843, .T. ) ;
#4069 = VERTEX_POINT ( 'NONE', #204 ) ;
#4070 = DIRECTION ( 'NONE',  ( 1.000000000000000000, 0.000000000000000000, 0.000000000000000000 ) ) ;
#4071 = DIRECTION ( 'NONE',  ( 0.000000000000000000, -0.000000000000000000, -1.000000000000000000 ) ) ;
#4072 = LINE ( 'NONE', #3353, #6772 ) ;
#4073 = CARTESIAN_POINT ( 'NONE',  ( 39.25000000000000000, 13.15429687500000355, 6.000000000000000000 ) ) ;
#4074 = EDGE_CURVE ( 'NONE', #7600, #2577, #3389, .T. ) ;
#4075 = ORIENTED_EDGE ( 'NONE', *, *, #2705, .F. ) ;
#4076 = LINE ( 'NONE', #6655, #4588 ) ;
#4077 = DIRECTION ( 'NONE',  ( 0.000000000000000000, 0.000000000000000000, -1.000000000000000000 ) ) ;
#4078 = EDGE_CURVE ( 'NONE', #700, #3613, #122, .T. ) ;
#4079 = ORIENTED_EDGE ( 'NONE', *, *, #3308, .T. ) ;
#4080 = DIRECTION ( 'NONE',  ( 0.000000000000000000, 0.000000000000000000, 1.000000000000000000 ) ) ;
#4081 = FACE_OUTER_BOUND ( 'NONE', #4540, .T. ) ;
#4082 = VECTOR ( 'NONE', #4657, 1000.000000000000000 ) ;
#4083 = VECTOR ( 'NONE', #1927, 1000.000000000000000 ) ;
#4084 = VERTEX_POINT ( 'NONE', #1507 ) ;
#4085 = ORIENTED_EDGE ( 'NONE', *, *, #5394, .F. ) ;
#4086 = DIRECTION ( 'NONE',  ( 1.259073490628327690E-16, -1.000000000000000000, 0.000000000000000000 ) ) ;
#4087 = VERTEX_POINT ( 'NONE', #5885 ) ;
#4088 = AXIS2_PLACEMENT_3D ( 'NONE', #6371, #4931, #7608 ) ;
#4089 = EDGE_CURVE ( 'NONE', #3842, #6236, #5295, .T. ) ;
#4090 = AXIS2_PLACEMENT_3D ( 'NONE', #2613, #2071, #5183 ) ;
#4091 = ORIENTED_EDGE ( 'NONE', *, *, #5763, .T. ) ;
#4092 = CARTESIAN_POINT ( 'NONE',  ( -29.38211713789932844, 16.07582173911838197, 1.500000000000000444 ) ) ;
#4093 = LINE ( 'NONE', #5909, #3908 ) ;
#4094 = ORIENTED_EDGE ( 'NONE', *, *, #6331, .T. ) ;
#4095 = LINE ( 'NONE', #1371, #4425 ) ;
#4096 = ORIENTED_EDGE ( 'NONE', *, *, #511, .F. ) ;
#4097 = AXIS2_PLACEMENT_3D ( 'NONE', #4789, #2855, #6743 ) ;
#4098 = LINE ( 'NONE', #3538, #1591 ) ;
#4099 = CARTESIAN_POINT ( 'NONE',  ( 39.25000000000000000, 13.15429687500000355, 6.000000000000000000 ) ) ;
#4100 = LINE ( 'NONE', #6802, #6249 ) ;
#4101 = CARTESIAN_POINT ( 'NONE',  ( -84.75000000000001421, 0.000000000000000000, 1.500000000000000444 ) ) ;
#4102 = CARTESIAN_POINT ( 'NONE',  ( 9.582117137899304637, 20.78641401289931778, 0.5000000000000004441 ) ) ;
#4103 = CARTESIAN_POINT ( 'NONE',  ( -90.00000000000001421, 13.15429687500000355, 0.2500000000000000000 ) ) ;
#4104 = CARTESIAN_POINT ( 'NONE',  ( -31.76788286210068080, 20.78641401289931778, -2.999999999999999112 ) ) ;
#4105 = VERTEX_POINT ( 'NONE', #2682 ) ;
#4106 = PLANE ( 'NONE',  #2281 ) ;
#4107 = ORIENTED_EDGE ( 'NONE', *, *, #826, .T. ) ;
#4108 = DIRECTION ( 'NONE',  ( -0.000000000000000000, 0.000000000000000000, 1.000000000000000000 ) ) ;
#4109 = DIRECTION ( 'NONE',  ( 1.000000000000000000, 0.000000000000000000, 0.000000000000000000 ) ) ;
#4110 = PRODUCT_RELATED_PRODUCT_CATEGORY ( 'detail', '', ( #7176 ) ) ;
#4111 = DIRECTION ( 'NONE',  ( 1.000000000000000000, 0.000000000000000000, 0.000000000000000000 ) ) ;
#4112 = CARTESIAN_POINT ( 'NONE',  ( -36.49635799798235780, 23.15429687499998934, 6.000000000000000000 ) ) ;
#4113 = ADVANCED_FACE ( 'NONE', ( #2100 ), #1425, .F. ) ;
#4114 = EDGE_CURVE ( 'NONE', #3176, #6831, #4656, .T. ) ;
#4115 = CARTESIAN_POINT ( 'NONE',  ( -77.76788286210067724, 15.48641401289931174, 1.500000000000000444 ) ) ;
#4116 = ORIENTED_EDGE ( 'NONE', *, *, #6390, .F. ) ;
#4117 = DIRECTION ( 'NONE',  ( -0.7071067811865475727, -0.7071067811865475727, 0.000000000000000000 ) ) ;
#4118 = DIRECTION ( 'NONE',  ( 1.000000000000000000, 0.000000000000000000, 0.000000000000000000 ) ) ;
#4119 = ORIENTED_EDGE ( 'NONE', *, *, #6736, .T. ) ;
#4120 = ADVANCED_FACE ( 'NONE', ( #8005 ), #7243, .F. ) ;
#4121 = CARTESIAN_POINT ( 'NONE',  ( 36.58211713789930286, 22.78641401289931778, 0.5000000000000004441 ) ) ;
#4122 = FACE_OUTER_BOUND ( 'NONE', #5748, .T. ) ;
#4123 = ORIENTED_EDGE ( 'NONE', *, *, #4248, .F. ) ;
#4124 = VERTEX_POINT ( 'NONE', #838 ) ;
#4125 = DIRECTION ( 'NONE',  ( -0.000000000000000000, -0.000000000000000000, 1.000000000000000000 ) ) ;
#4126 = ORIENTED_EDGE ( 'NONE', *, *, #8145, .F. ) ;
#4127 = ORIENTED_EDGE ( 'NONE', *, *, #7102, .F. ) ;
#4128 = FACE_OUTER_BOUND ( 'NONE', #4165, .T. ) ;
#4129 = CARTESIAN_POINT ( 'NONE',  ( -82.47847513588163793, 23.17217973710070567, 1.500000000000000444 ) ) ;
#4130 = VERTEX_POINT ( 'NONE', #2222 ) ;
#4131 = LINE ( 'NONE', #4888, #16 ) ;
#4132 = ORIENTED_EDGE ( 'NONE', *, *, #1508, .T. ) ;
#4133 = PLANE ( 'NONE',  #2663 ) ;
#4134 = VECTOR ( 'NONE', #6296, 1000.000000000000000 ) ;
#4135 = LINE ( 'NONE', #5565, #8220 ) ;
#4136 = CARTESIAN_POINT ( 'NONE',  ( -13.41788286210068826, 15.48641401289931174, 0.5000000000000004441 ) ) ;
#4137 = CARTESIAN_POINT ( 'NONE',  ( -0.000000000000000000, 25.25429687500000497, 0.000000000000000000 ) ) ;
#4138 = DIRECTION ( 'NONE',  ( 0.000000000000000000, -1.000000000000000000, -1.608394988049553126E-16 ) ) ;
#4139 = VECTOR ( 'NONE', #2992, 1000.000000000000000 ) ;
#4140 = CARTESIAN_POINT ( 'NONE',  ( -60.06788286210068151, 20.78641401289931423, -2.999999999999999112 ) ) ;
#4141 = DIRECTION ( 'NONE',  ( 0.000000000000000000, 0.000000000000000000, 1.000000000000000000 ) ) ;
#4142 = ORIENTED_EDGE ( 'NONE', *, *, #7797, .T. ) ;
#4143 = CARTESIAN_POINT ( 'NONE',  ( -91.34999999999998010, 10.65429687500000355, 6.000000000000000000 ) ) ;
#4144 = ORIENTED_EDGE ( 'NONE', *, *, #4441, .F. ) ;
#4145 = CARTESIAN_POINT ( 'NONE',  ( 9.582117137899304637, 20.78641401289931778, 1.500000000000000444 ) ) ;
#4146 = EDGE_CURVE ( 'NONE', #1701, #1912, #5332, .T. ) ;
#4147 = VECTOR ( 'NONE', #7564, 1000.000000000000000 ) ;
#4148 = CARTESIAN_POINT ( 'NONE',  ( 14.23211713789931920, 15.50448725967914143, 0.5000000000000004441 ) ) ;
#4149 = CARTESIAN_POINT ( 'NONE',  ( -82.49635799798232938, 13.15429687499998934, 1.500000000000000444 ) ) ;
#4150 = PLANE ( 'NONE',  #8129 ) ;
#4151 = VECTOR ( 'NONE', #5986, 1000.000000000000000 ) ;
#4152 = DIRECTION ( 'NONE',  ( -9.251858538542971828E-16, 1.000000000000000000, 0.000000000000000000 ) ) ;
#4153 = VECTOR ( 'NONE', #4863, 1000.000000000000000 ) ;
#4154 = ORIENTED_EDGE ( 'NONE', *, *, #6822, .T. ) ;
#4155 = DIRECTION ( 'NONE',  ( 0.000000000000000000, 0.000000000000000000, -1.000000000000000000 ) ) ;
#4156 = DIRECTION ( 'NONE',  ( 1.000000000000000000, 0.000000000000000000, -0.000000000000000000 ) ) ;
#4157 = EDGE_CURVE ( 'NONE', #5944, #2947, #6648, .T. ) ;
#4158 = EDGE_CURVE ( 'NONE', #3447, #6490, #1120, .T. ) ;
#4159 = VECTOR ( 'NONE', #2299, 1000.000000000000000 ) ;
#4160 = VECTOR ( 'NONE', #3587, 1000.000000000000000 ) ;
#4161 = ORIENTED_EDGE ( 'NONE', *, *, #7443, .T. ) ;
#4162 = CARTESIAN_POINT ( 'NONE',  ( -29.38211713789932844, 16.07582173911838197, 1.500000000000000444 ) ) ;
#4163 = CARTESIAN_POINT ( 'NONE',  ( -91.75000000000001421, 24.65429687500000711, 5.999999999999999112 ) ) ;
#4164 = AXIS2_PLACEMENT_3D ( 'NONE', #7225, #5903, #6544 ) ;
#4165 = EDGE_LOOP ( 'NONE', ( #1923, #909, #7003, #6024, #7743, #4241 ) ) ;
#4166 = VECTOR ( 'NONE', #6860, 1000.000000000000000 ) ;
#4167 = ORIENTED_EDGE ( 'NONE', *, *, #7112, .T. ) ;
#4168 = DIRECTION ( 'NONE',  ( -0.000000000000000000, -0.000000000000000000, 1.000000000000000000 ) ) ;
#4169 = ORIENTED_EDGE ( 'NONE', *, *, #2787, .T. ) ;
#4170 = EDGE_CURVE ( 'NONE', #4925, #2484, #3676, .T. ) ;
#4171 = VECTOR ( 'NONE', #7668, 1000.000000000000000 ) ;
#4172 = EDGE_LOOP ( 'NONE', ( #7089, #4333, #1096, #5389 ) ) ;
#4173 = DIRECTION ( 'NONE',  ( 1.000000000000000000, 0.000000000000000000, 0.000000000000000000 ) ) ;
#4174 = ORIENTED_EDGE ( 'NONE', *, *, #4912, .F. ) ;
#4175 = DIRECTION ( 'NONE',  ( 2.790120544412995478E-34, 1.608394988049553126E-16, -1.000000000000000000 ) ) ;
#4176 = ORIENTED_EDGE ( 'NONE', *, *, #856, .T. ) ;
#4177 = AXIS2_PLACEMENT_3D ( 'NONE', #5584, #3772, #4450 ) ;
#4178 = DIRECTION ( 'NONE',  ( -0.000000000000000000, -1.000000000000000000, -0.000000000000000000 ) ) ;
#4179 = DIRECTION ( 'NONE',  ( 0.7071067811865479058, 0.7071067811865471286, 0.000000000000000000 ) ) ;
#4180 = EDGE_CURVE ( 'NONE', #4559, #5629, #7529, .T. ) ;
#4181 = LINE ( 'NONE', #2788, #2621 ) ;
#4182 = LINE ( 'NONE', #3151, #6385 ) ;
#4183 = LINE ( 'NONE', #7484, #5074 ) ;
#4184 = EDGE_CURVE ( 'NONE', #7232, #4589, #996, .T. ) ;
#4185 = CARTESIAN_POINT ( 'NONE',  ( -91.75000000000001421, 22.40429687500000711, 1.000000000000000000 ) ) ;
#4186 = LINE ( 'NONE', #1789, #5637 ) ;
#4187 = ORIENTED_EDGE ( 'NONE', *, *, #7314, .T. ) ;
#4188 = LINE ( 'NONE', #5490, #1213 ) ;
#4189 = ORIENTED_EDGE ( 'NONE', *, *, #4406, .F. ) ;
#4190 = CARTESIAN_POINT ( 'NONE',  ( -37.06788286210068151, 0.000000000000000000, 0.000000000000000000 ) ) ;
#4191 = CARTESIAN_POINT ( 'NONE',  ( 32.58211713789929576, 15.48641401289931174, 0.5000000000000004441 ) ) ;
#4192 = LINE ( 'NONE', #8216, #6919 ) ;
#4193 = DIRECTION ( 'NONE',  ( -1.000000000000000000, 0.000000000000000000, 0.000000000000000000 ) ) ;
#4194 = ADVANCED_FACE ( 'NONE', ( #6171, #7411 ), #6256, .T. ) ;
#4195 = FACE_OUTER_BOUND ( 'NONE', #2651, .T. ) ;
#4196 = ORIENTED_EDGE ( 'NONE', *, *, #2313, .F. ) ;
#4197 = LINE ( 'NONE', #8014, #7695 ) ;
#4198 = CARTESIAN_POINT ( 'NONE',  ( 45.84999999999998721, 10.65429687500000355, 5.000000000000000000 ) ) ;
#4199 = ORIENTED_EDGE ( 'NONE', *, *, #4637, .F. ) ;
#4200 = FACE_OUTER_BOUND ( 'NONE', #3465, .T. ) ;
#4201 = CARTESIAN_POINT ( 'NONE',  ( 9.582117137899304637, 20.78641401289931778, 0.5000000000000004441 ) ) ;
#4202 = VERTEX_POINT ( 'NONE', #4145 ) ;
#4203 = VERTEX_POINT ( 'NONE', #6130 ) ;
#4204 = LINE ( 'NONE', #4794, #4581 ) ;
#4205 = ORIENTED_EDGE ( 'NONE', *, *, #7458, .F. ) ;
#4206 = EDGE_CURVE ( 'NONE', #3025, #3359, #4903, .T. ) ;
#4207 = VERTEX_POINT ( 'NONE', #6214 ) ;
#4208 = EDGE_CURVE ( 'NONE', #6809, #4087, #4262, .T. ) ;
#4209 = CARTESIAN_POINT ( 'NONE',  ( -89.75000000000001421, 13.15429687500000355, 0.2500000000000000000 ) ) ;
#4210 = ORIENTED_EDGE ( 'NONE', *, *, #3316, .T. ) ;
#4211 = EDGE_LOOP ( 'NONE', ( #1940, #273, #3883, #7231 ) ) ;
#4212 = DIRECTION ( 'NONE',  ( -0.000000000000000000, -0.000000000000000000, 1.000000000000000000 ) ) ;
#4213 = EDGE_LOOP ( 'NONE', ( #6376, #1311, #7064, #4259 ) ) ;
#4214 = DIRECTION ( 'NONE',  ( 0.000000000000000000, 0.000000000000000000, -1.000000000000000000 ) ) ;
#4215 = PLANE ( 'NONE',  #2023 ) ;
#4216 = LINE ( 'NONE', #7316, #5411 ) ;
#4217 = LINE ( 'NONE', #6123, #7339 ) ;
#4218 = CARTESIAN_POINT ( 'NONE',  ( -13.47847513588164325, 13.13641401289931210, 6.000000000000000000 ) ) ;
#4219 = EDGE_CURVE ( 'NONE', #6574, #4549, #2969, .T. ) ;
#4220 = VECTOR ( 'NONE', #6161, 1000.000000000000000 ) ;
#4221 = LINE ( 'NONE', #3547, #5382 ) ;
#4222 = PLANE ( 'NONE',  #5504 ) ;
#4223 = ORIENTED_EDGE ( 'NONE', *, *, #7824, .T. ) ;
#4224 = DIRECTION ( 'NONE',  ( 1.000000000000000000, 4.336808689941999001E-16, 0.000000000000000000 ) ) ;
#4225 = ORIENTED_EDGE ( 'NONE', *, *, #7200, .F. ) ;
#4226 = FACE_OUTER_BOUND ( 'NONE', #861, .T. ) ;
#4227 = LINE ( 'NONE', #4740, #2124 ) ;
#4228 = CARTESIAN_POINT ( 'NONE',  ( -9.321524864118412523, 23.17217973710070567, 6.000000000000000000 ) ) ;
#4229 = DIRECTION ( 'NONE',  ( 1.000000000000000000, 4.336808689941999001E-16, 0.000000000000000000 ) ) ;
#4230 = CARTESIAN_POINT ( 'NONE',  ( -61.81788286210068151, 15.48641401289931174, 0.5000000000000004441 ) ) ;
#4231 = VERTEX_POINT ( 'NONE', #5577 ) ;
#4232 = LINE ( 'NONE', #5502, #1367 ) ;
#4233 = DIRECTION ( 'NONE',  ( 0.7071067811865471286, 0.7071067811865479058, 0.000000000000000000 ) ) ;
#4234 = EDGE_CURVE ( 'NONE', #4502, #4249, #6899, .T. ) ;
#4235 = VERTEX_POINT ( 'NONE', #3552 ) ;
#4236 = PLANE ( 'NONE',  #4360 ) ;
#4237 = CARTESIAN_POINT ( 'NONE',  ( 32.58211713789929576, 20.78641401289931423, 0.5000000000000004441 ) ) ;
#4238 = EDGE_LOOP ( 'NONE', ( #6389, #1939, #3652, #3232, #3236, #5346 ) ) ;
#4239 = EDGE_LOOP ( 'NONE', ( #4577, #2017, #7501, #8159 ) ) ;
#4240 = LINE ( 'NONE', #3528, #4837 ) ;
#4241 = ORIENTED_EDGE ( 'NONE', *, *, #5890, .T. ) ;
#4242 = EDGE_CURVE ( 'NONE', #7269, #733, #8210, .T. ) ;
#4243 = ORIENTED_EDGE ( 'NONE', *, *, #1897, .T. ) ;
#4244 = DIRECTION ( 'NONE',  ( 0.000000000000000000, -0.000000000000000000, 1.000000000000000000 ) ) ;
#4245 = EDGE_LOOP ( 'NONE', ( #5576, #4318, #5220, #1732, #98, #6883, #4965, #8193 ) ) ;
#4246 = VERTEX_POINT ( 'NONE', #407 ) ;
#4247 = CARTESIAN_POINT ( 'NONE',  ( -91.75000000000001421, 20.85065487298227183, 2.500000000000000000 ) ) ;
#4248 = EDGE_CURVE ( 'NONE', #87, #3492, #8089, .T. ) ;
#4249 = VERTEX_POINT ( 'NONE', #6729 ) ;
#4250 = CARTESIAN_POINT ( 'NONE',  ( 39.25000000000000000, 23.15429687500000000, 4.000000000000000000 ) ) ;
#4251 = CARTESIAN_POINT ( 'NONE',  ( 23.00000000000000000, 15.48641401289931174, 0.000000000000000000 ) ) ;
#4252 = ADVANCED_FACE ( 'NONE', ( #3042 ), #4819, .T. ) ;
#4253 = CARTESIAN_POINT ( 'NONE',  ( -60.06788286210068151, 15.48641401289931174, 1.500000000000000444 ) ) ;
#4254 = CARTESIAN_POINT ( 'NONE',  ( -82.49635799798228675, 13.15429687499997513, 6.000000000000000000 ) ) ;
#4255 = LINE ( 'NONE', #6845, #1044 ) ;
#4256 = LINE ( 'NONE', #4772, #6445 ) ;
#4257 = AXIS2_PLACEMENT_3D ( 'NONE', #3879, #3248, #5149 ) ;
#4258 = DIRECTION ( 'NONE',  ( 1.000000000000000000, 4.336808689941999001E-16, 0.000000000000000000 ) ) ;
#4259 = ORIENTED_EDGE ( 'NONE', *, *, #4340, .F. ) ;
#4260 = PLANE ( 'NONE',  #6727 ) ;
#4261 = VERTEX_POINT ( 'NONE', #2425 ) ;
#4262 = LINE ( 'NONE', #7491, #6988 ) ;
#4263 = ADVANCED_FACE ( 'NONE', ( #4226 ), #7367, .F. ) ;
#4264 = EDGE_CURVE ( 'NONE', #3748, #5264, #6091, .T. ) ;
#4265 = VECTOR ( 'NONE', #1832, 1000.000000000000000 ) ;
#4266 = DIRECTION ( 'NONE',  ( 0.000000000000000000, 0.000000000000000000, 1.000000000000000000 ) ) ;
#4267 = FACE_OUTER_BOUND ( 'NONE', #720, .T. ) ;
#4268 = CARTESIAN_POINT ( 'NONE',  ( -78.32152486411838765, 13.13641401289931210, 2.499999999999998668 ) ) ;
#4269 = DIRECTION ( 'NONE',  ( 0.000000000000000000, -0.000000000000000000, 1.000000000000000000 ) ) ;
#4270 = VECTOR ( 'NONE', #4470, 1000.000000000000000 ) ;
#4271 = ORIENTED_EDGE ( 'NONE', *, *, #2844, .F. ) ;
#4272 = DIRECTION ( 'NONE',  ( 1.000000000000000000, 0.000000000000000000, -0.000000000000000000 ) ) ;
#4273 = PLANE ( 'NONE',  #2533 ) ;
#4274 = VECTOR ( 'NONE', #28, 1000.000000000000000 ) ;
#4275 = ORIENTED_EDGE ( 'NONE', *, *, #3485, .F. ) ;
#4276 = CARTESIAN_POINT ( 'NONE',  ( 13.58211713789932240, 20.78641401289931778, 0.5000000000000004441 ) ) ;
#4277 = VECTOR ( 'NONE', #3590, 1000.000000000000000 ) ;
#4278 = LINE ( 'NONE', #6953, #3287 ) ;
#4279 = DIRECTION ( 'NONE',  ( -0.000000000000000000, -0.000000000000000000, 1.000000000000000000 ) ) ;
#4280 = ORIENTED_EDGE ( 'NONE', *, *, #363, .F. ) ;
#4281 = ORIENTED_EDGE ( 'NONE', *, *, #7531, .F. ) ;
#4282 = DIRECTION ( 'NONE',  ( 1.000000000000000000, -0.000000000000000000, 0.000000000000000000 ) ) ;
#4283 = AXIS2_PLACEMENT_3D ( 'NONE', #2654, #5271, #688 ) ;
#4284 = VERTEX_POINT ( 'NONE', #5454 ) ;
#4285 = AXIS2_PLACEMENT_3D ( 'NONE', #6205, #394, #1657 ) ;
#4286 = ORIENTED_EDGE ( 'NONE', *, *, #4666, .F. ) ;
#4287 = VECTOR ( 'NONE', #7105, 1000.000000000000000 ) ;
#4288 = VECTOR ( 'NONE', #751, 1000.000000000000000 ) ;
#4289 = EDGE_CURVE ( 'NONE', #1684, #4623, #5492, .T. ) ;
#4290 = CARTESIAN_POINT ( 'NONE',  ( -13.41788286210068826, 22.78641401289931778, 0.5000000000000004441 ) ) ;
#4291 = ORIENTED_EDGE ( 'NONE', *, *, #6178, .T. ) ;
#4292 = ORIENTED_EDGE ( 'NONE', *, *, #23, .T. ) ;
#4293 = CARTESIAN_POINT ( 'NONE',  ( 36.69635799798228248, 23.15429687500000000, 6.000000000000000000 ) ) ;
#4294 = ORIENTED_EDGE ( 'NONE', *, *, #3875, .T. ) ;
#4295 = CARTESIAN_POINT ( 'NONE',  ( -37.06788286210068151, 20.80448725967914925, 0.5000000000000004441 ) ) ;
#4296 = DIRECTION ( 'NONE',  ( 1.000000000000000000, -6.938893903907228378E-15, 0.000000000000000000 ) ) ;
#4297 = VECTOR ( 'NONE', #1653, 1000.000000000000000 ) ;
#4298 = AXIS2_PLACEMENT_3D ( 'NONE', #387, #4884, #4801 ) ;
#4299 = PLANE ( 'NONE',  #8140 ) ;
#4300 = CARTESIAN_POINT ( 'NONE',  ( -36.47847513588165214, 13.13641401289931210, 6.000000000000000000 ) ) ;
#4301 = PERSON_AND_ORGANIZATION ( #860, #5392 ) ;
#4302 = VECTOR ( 'NONE', #1216, 1000.000000000000000 ) ;
#4303 = CARTESIAN_POINT ( 'NONE',  ( -89.25000000000001421, 13.15429687500000355, 0.5999999999999999778 ) ) ;
#4304 = EDGE_CURVE ( 'NONE', #1774, #5407, #6810, .T. ) ;
#4305 = EDGE_CURVE ( 'NONE', #6728, #6634, #1924, .T. ) ;
#4306 = CARTESIAN_POINT ( 'NONE',  ( 39.25000000000000711, 20.60065487298227183, 1.500000000000000444 ) ) ;
#4307 = ORIENTED_EDGE ( 'NONE', *, *, #6959, .F. ) ;
#4308 = CARTESIAN_POINT ( 'NONE',  ( -13.47847513588162904, 23.17217973710070567, 1.500000000000000444 ) ) ;
#4309 = ORIENTED_EDGE ( 'NONE', *, *, #4219, .F. ) ;
#4310 = DIRECTION ( 'NONE',  ( 0.000000000000000000, 1.000000000000000000, 0.000000000000000000 ) ) ;
#4311 = VECTOR ( 'NONE', #85, 1000.000000000000000 ) ;
#4312 = CARTESIAN_POINT ( 'NONE',  ( -31.76788286210068080, 15.50448725967914143, 0.5000000000000004441 ) ) ;
#4313 = DIRECTION ( 'NONE',  ( 0.000000000000000000, -0.000000000000000000, -1.000000000000000000 ) ) ;
#4314 = DIRECTION ( 'NONE',  ( -1.000000000000000000, 0.000000000000000000, 0.000000000000000000 ) ) ;
#4315 = EDGE_CURVE ( 'NONE', #7165, #2026, #6383, .T. ) ;
#4316 = PLANE ( 'NONE',  #1219 ) ;
#4317 = ADVANCED_FACE ( 'NONE', ( #4524 ), #3256, .F. ) ;
#4318 = ORIENTED_EDGE ( 'NONE', *, *, #1916, .T. ) ;
#4319 = CARTESIAN_POINT ( 'NONE',  ( -91.75000000000001421, 15.45793887701772285, 2.499999999999999112 ) ) ;
#4320 = FACE_OUTER_BOUND ( 'NONE', #7467, .T. ) ;
#4321 = ORIENTED_EDGE ( 'NONE', *, *, #5544, .F. ) ;
#4322 = LINE ( 'NONE', #5992, #1794 ) ;
#4323 = CARTESIAN_POINT ( 'NONE',  ( -32.41788286210067582, 20.78641401289931778, 0.5000000000000004441 ) ) ;
#4324 = EDGE_CURVE ( 'NONE', #3415, #1872, #7110, .T. ) ;
#4325 = DIRECTION ( 'NONE',  ( 6.938893903907228378E-15, 1.000000000000000000, 0.000000000000000000 ) ) ;
#4326 = ORIENTED_EDGE ( 'NONE', *, *, #2085, .T. ) ;
#4327 = ORIENTED_EDGE ( 'NONE', *, *, #7811, .F. ) ;
#4328 = DIRECTION ( 'NONE',  ( 1.000000000000000000, -0.000000000000000000, -0.000000000000000000 ) ) ;
#4329 = ORIENTED_EDGE ( 'NONE', *, *, #1036, .T. ) ;
#4330 = EDGE_CURVE ( 'NONE', #5422, #8156, #4439, .T. ) ;
#4331 = ORIENTED_EDGE ( 'NONE', *, *, #12, .F. ) ;
#4332 = DIRECTION ( 'NONE',  ( 1.000000000000000000, -0.000000000000000000, 0.000000000000000000 ) ) ;
#4333 = ORIENTED_EDGE ( 'NONE', *, *, #1819, .F. ) ;
#4334 = ORIENTED_EDGE ( 'NONE', *, *, #5402, .T. ) ;
#4335 = CARTESIAN_POINT ( 'NONE',  ( 32.58211713789929576, 20.78641401289931778, 0.5000000000000004441 ) ) ;
#4336 = VERTEX_POINT ( 'NONE', #616 ) ;
#4337 = LINE ( 'NONE', #6927, #6302 ) ;
#4338 = ADVANCED_FACE ( 'NONE', ( #7070 ), #2463, .F. ) ;
#4339 = LINE ( 'NONE', #6928, #4 ) ;
#4340 = EDGE_CURVE ( 'NONE', #3096, #6444, #5702, .T. ) ;
#4341 = CARTESIAN_POINT ( 'NONE',  ( 37.23211713789930855, 20.78641401289931778, 0.5000000000000004441 ) ) ;
#4342 = LINE ( 'NONE', #8248, #1178 ) ;
#4343 = LINE ( 'NONE', #4516, #664 ) ;
#4344 = CARTESIAN_POINT ( 'NONE',  ( 46.25000000000000000, 11.05429687500000036, 6.000000000000000000 ) ) ;
#4345 = ORIENTED_EDGE ( 'NONE', *, *, #6839, .F. ) ;
#4346 = VECTOR ( 'NONE', #4700, 1000.000000000000000 ) ;
#4347 = CARTESIAN_POINT ( 'NONE',  ( -77.76788286210067724, 20.78641401289931778, 0.000000000000000000 ) ) ;
#4348 = ORIENTED_EDGE ( 'NONE', *, *, #8147, .T. ) ;
#4349 = CARTESIAN_POINT ( 'NONE',  ( 14.23211713789931920, 20.78641401289931778, 0.5000000000000004441 ) ) ;
#4350 = DIRECTION ( 'NONE',  ( -1.000000000000000000, -0.000000000000000000, -0.000000000000000000 ) ) ;
#4351 = VECTOR ( 'NONE', #5859, 1000.000000000000000 ) ;
#4352 = CARTESIAN_POINT ( 'NONE',  ( -14.06788286210067263, 20.80448725967914925, 1.500000000000000444 ) ) ;
#4353 = CARTESIAN_POINT ( 'NONE',  ( 45.84999999999998721, 11.65429687500000533, 6.000000000000000000 ) ) ;
#4354 = DIRECTION ( 'NONE',  ( -0.000000000000000000, 0.000000000000000000, 1.000000000000000000 ) ) ;
#4355 = VERTEX_POINT ( 'NONE', #8340 ) ;
#4356 = EDGE_LOOP ( 'NONE', ( #1730, #863, #2968, #5951, #622, #8096, #3824, #5759 ) ) ;
#4357 = LINE ( 'NONE', #3136, #959 ) ;
#4358 = EDGE_CURVE ( 'NONE', #3658, #1247, #1793, .T. ) ;
#4359 = CARTESIAN_POINT ( 'NONE',  ( -55.30364200201770331, 23.15429687499998934, 1.500000000000000444 ) ) ;
#4360 = AXIS2_PLACEMENT_3D ( 'NONE', #6824, #4957, #3603 ) ;
#4361 = EDGE_CURVE ( 'NONE', #3147, #7769, #2591, .T. ) ;
#4362 = AXIS2_PLACEMENT_3D ( 'NONE', #3131, #7075, #1883 ) ;
#4363 = ORIENTED_EDGE ( 'NONE', *, *, #3558, .F. ) ;
#4364 = DIRECTION ( 'NONE',  ( 0.000000000000000000, 0.7071067811865479058, 0.7071067811865472397 ) ) ;
#4365 = LINE ( 'NONE', #2356, #7611 ) ;
#4366 = ORIENTED_EDGE ( 'NONE', *, *, #3174, .T. ) ;
#4367 = ORIENTED_EDGE ( 'NONE', *, *, #5864, .F. ) ;
#4368 = DIRECTION ( 'NONE',  ( -1.000000000000000000, -6.546126324440782623E-16, -0.000000000000000000 ) ) ;
#4369 = EDGE_LOOP ( 'NONE', ( #3133, #732, #1234, #7015, #3368, #2452, #819, #7119, #1161, #3445, #5168 ) ) ;
#4370 = EDGE_CURVE ( 'NONE', #3039, #4397, #2503, .T. ) ;
#4371 = VERTEX_POINT ( 'NONE', #75 ) ;
#4372 = LINE ( 'NONE', #1184, #1878 ) ;
#4373 = ORIENTED_EDGE ( 'NONE', *, *, #5394, .T. ) ;
#4374 = ORIENTED_EDGE ( 'NONE', *, *, #5124, .T. ) ;
#4375 = CARTESIAN_POINT ( 'NONE',  ( -13.47847513588164325, 13.13641401289931210, 1.500000000000000444 ) ) ;
#4376 = ORIENTED_EDGE ( 'NONE', *, *, #5663, .F. ) ;
#4377 = CARTESIAN_POINT ( 'NONE',  ( -60.06788286210068151, 15.48641401289931174, 0.5000000000000004441 ) ) ;
#4378 = DIRECTION ( 'NONE',  ( 0.7071067811865474617, -0.7071067811865474617, 0.000000000000000000 ) ) ;
#4379 = LINE ( 'NONE', #7648, #1319 ) ;
#4380 = LINE ( 'NONE', #7699, #5263 ) ;
#4381 = EDGE_CURVE ( 'NONE', #6432, #6543, #7707, .T. ) ;
#4382 = FACE_OUTER_BOUND ( 'NONE', #3242, .T. ) ;
#4383 = EDGE_LOOP ( 'NONE', ( #5601, #5066, #1172, #5460 ) ) ;
#4384 = CARTESIAN_POINT ( 'NONE',  ( 39.25000000000000711, 20.60065487298227183, 2.500000000000000000 ) ) ;
#4385 = ORIENTED_EDGE ( 'NONE', *, *, #6224, .T. ) ;
#4386 = ADVANCED_FACE ( 'NONE', ( #7617 ), #1292, .T. ) ;
#4387 = PLANE ( 'NONE',  #649 ) ;
#4388 = EDGE_LOOP ( 'NONE', ( #5223, #347, #1608, #7951 ) ) ;
#4389 = LINE ( 'NONE', #6940, #4555 ) ;
#4390 = CARTESIAN_POINT ( 'NONE',  ( -91.75000000000001421, 15.45793887701772285, 3.999999999999999112 ) ) ;
#4391 = CARTESIAN_POINT ( 'NONE',  ( -82.41788286210069714, 20.78641401289931778, 0.5000000000000004441 ) ) ;
#4392 = CARTESIAN_POINT ( 'NONE',  ( -77.76788286210067724, 15.50448725967914143, 0.5000000000000004441 ) ) ;
#4393 = AXIS2_PLACEMENT_3D ( 'NONE', #2346, #1080, #6051 ) ;
#4394 = LINE ( 'NONE', #6478, #7004 ) ;
#4395 = VERTEX_POINT ( 'NONE', #705 ) ;
#4396 = EDGE_CURVE ( 'NONE', #7764, #3415, #5069, .T. ) ;
#4397 = VERTEX_POINT ( 'NONE', #4349 ) ;
#4398 = FACE_OUTER_BOUND ( 'NONE', #7897, .T. ) ;
#4399 = DIRECTION ( 'NONE',  ( 6.938893903907228378E-15, 1.000000000000000000, 0.000000000000000000 ) ) ;
#4400 = VECTOR ( 'NONE', #4645, 1000.000000000000000 ) ;
#4401 = EDGE_LOOP ( 'NONE', ( #8186, #304, #8262, #7092 ) ) ;
#4402 = CARTESIAN_POINT ( 'NONE',  ( -32.41788286210067582, 13.48641401289931174, 0.5000000000000004441 ) ) ;
#4403 = CARTESIAN_POINT ( 'NONE',  ( 39.25000000000000000, 13.90429687500000178, 1.000000000000000000 ) ) ;
#4404 = FACE_OUTER_BOUND ( 'NONE', #4886, .T. ) ;
#4405 = AXIS2_PLACEMENT_3D ( 'NONE', #3137, #5713, #4399 ) ;
#4406 = EDGE_CURVE ( 'NONE', #6361, #7165, #4389, .T. ) ;
#4407 = VERTEX_POINT ( 'NONE', #7028 ) ;
#4408 = EDGE_CURVE ( 'NONE', #6634, #1256, #1202, .T. ) ;
#4409 = ORIENTED_EDGE ( 'NONE', *, *, #353, .F. ) ;
#4410 = CARTESIAN_POINT ( 'NONE',  ( -91.75000000000001421, 15.45793887701772285, 3.999999999999999112 ) ) ;
#4411 = ORIENTED_EDGE ( 'NONE', *, *, #3371, .F. ) ;
#4412 = VECTOR ( 'NONE', #3889, 1000.000000000000000 ) ;
#4413 = VERTEX_POINT ( 'NONE', #5160 ) ;
#4414 = VECTOR ( 'NONE', #4063, 1000.000000000000000 ) ;
#4415 = DIRECTION ( 'NONE',  ( -1.000000000000000000, 0.000000000000000000, 0.000000000000000000 ) ) ;
#4416 = FACE_OUTER_BOUND ( 'NONE', #556, .T. ) ;
#4417 = AXIS2_PLACEMENT_3D ( 'NONE', #463, #4529, #4574 ) ;
#4418 = EDGE_CURVE ( 'NONE', #5532, #7868, #7748, .T. ) ;
#4419 = ORIENTED_EDGE ( 'NONE', *, *, #6720, .T. ) ;
#4420 = VECTOR ( 'NONE', #1747, 1000.000000000000000 ) ;
#4421 = VERTEX_POINT ( 'NONE', #529 ) ;
#4422 = DIRECTION ( 'NONE',  ( -6.938893903907222067E-15, 1.000000000000000000, 0.000000000000000000 ) ) ;
#4423 = VERTEX_POINT ( 'NONE', #3088 ) ;
#4424 = LINE ( 'NONE', #563, #8343 ) ;
#4425 = VECTOR ( 'NONE', #3929, 1000.000000000000000 ) ;
#4426 = VECTOR ( 'NONE', #7622, 1000.000000000000000 ) ;
#4427 = FACE_OUTER_BOUND ( 'NONE', #4754, .T. ) ;
#4428 = PLANE ( 'NONE',  #6566 ) ;
#4429 = APPLICATION_PROTOCOL_DEFINITION ( 'international standard', 'config_control_design', 1994, #2727 ) ;
#4430 = FACE_OUTER_BOUND ( 'NONE', #8124, .T. ) ;
#4431 = EDGE_CURVE ( 'NONE', #1811, #7182, #7870, .T. ) ;
#4432 = ORIENTED_EDGE ( 'NONE', *, *, #3324, .T. ) ;
#4433 = LINE ( 'NONE', #3251, #7542 ) ;
#4434 = VERTEX_POINT ( 'NONE', #6037 ) ;
#4435 = VECTOR ( 'NONE', #4168, 1000.000000000000000 ) ;
#4436 = LINE ( 'NONE', #572, #6975 ) ;
#4437 = AXIS2_PLACEMENT_3D ( 'NONE', #1244, #3796, #7902 ) ;
#4438 = ORIENTED_EDGE ( 'NONE', *, *, #7736, .F. ) ;
#4439 = LINE ( 'NONE', #8255, #4412 ) ;
#4440 = EDGE_CURVE ( 'NONE', #6863, #673, #2786, .T. ) ;
#4441 = EDGE_CURVE ( 'NONE', #4231, #2870, #1413, .T. ) ;
#4442 = DIRECTION ( 'NONE',  ( -0.000000000000000000, -0.000000000000000000, 1.000000000000000000 ) ) ;
#4443 = EDGE_CURVE ( 'NONE', #2044, #8271, #5867, .T. ) ;
#4444 = VECTOR ( 'NONE', #3560, 1000.000000000000000 ) ;
#4445 = CARTESIAN_POINT ( 'NONE',  ( 69.00000000000000000, 0.000000000000000000, 1.500000000000000444 ) ) ;
#4446 = CARTESIAN_POINT ( 'NONE',  ( -29.38211713789932844, 20.23277201088161803, 1.500000000000000444 ) ) ;
#4447 = CARTESIAN_POINT ( 'NONE',  ( -16.41788286210070424, 16.07582173911837486, 2.499999999999999112 ) ) ;
#4448 = VERTEX_POINT ( 'NONE', #865 ) ;
#4449 = ORIENTED_EDGE ( 'NONE', *, *, #6780, .T. ) ;
#4450 = DIRECTION ( 'NONE',  ( 0.7071067811865466846, 0.7071067811865483499, 0.000000000000000000 ) ) ;
#4451 = DIRECTION ( 'NONE',  ( 0.7071067811865466846, 0.7071067811865483499, 0.000000000000000000 ) ) ;
#4452 = CC_DESIGN_SECURITY_CLASSIFICATION ( #4719, ( #7168 ) ) ;
#4453 = EDGE_CURVE ( 'NONE', #2159, #5546, #1496, .T. ) ;
#4454 = CARTESIAN_POINT ( 'NONE',  ( -37.06788286210068151, 15.48641401289931174, 0.5000000000000004441 ) ) ;
#4455 = FACE_OUTER_BOUND ( 'NONE', #6303, .T. ) ;
#4456 = DIRECTION ( 'NONE',  ( 1.000000000000000000, -1.734723475976806709E-18, -0.000000000000000000 ) ) ;
#4457 = PLANE ( 'NONE',  #396 ) ;
#4458 = ORIENTED_EDGE ( 'NONE', *, *, #6277, .F. ) ;
#4459 = EDGE_LOOP ( 'NONE', ( #5477, #6198, #3844, #7106, #1117, #1973, #1214, #3398, #837, #4660, #7986, #8314, #4793, #132, #5229, #4598 ) ) ;
#4460 = CARTESIAN_POINT ( 'NONE',  ( -32.32152486411839476, 13.13641401289931210, 1.500000000000000444 ) ) ;
#4461 = ORIENTED_EDGE ( 'NONE', *, *, #3838, .F. ) ;
#4462 = EDGE_CURVE ( 'NONE', #1684, #2255, #3977, .T. ) ;
#4463 = ORIENTED_EDGE ( 'NONE', *, *, #8200, .T. ) ;
#4464 = CARTESIAN_POINT ( 'NONE',  ( -59.41788286210069714, 20.78641401289931778, 0.5000000000000004441 ) ) ;
#4465 = CARTESIAN_POINT ( 'NONE',  ( 13.58211713789933484, 15.48641401289931174, 0.5000000000000004441 ) ) ;
#4466 = VERTEX_POINT ( 'NONE', #4014 ) ;
#4467 = ORIENTED_EDGE ( 'NONE', *, *, #7057, .F. ) ;
#4468 = DIRECTION ( 'NONE',  ( 0.000000000000000000, -1.000000000000000000, 0.000000000000000000 ) ) ;
#4469 = ORIENTED_EDGE ( 'NONE', *, *, #6712, .F. ) ;
#4470 = DIRECTION ( 'NONE',  ( 9.251858538542971828E-16, -1.000000000000000000, 0.000000000000000000 ) ) ;
#4471 = ADVANCED_FACE ( 'NONE', ( #193 ), #6554, .F. ) ;
#4472 = DIRECTION ( 'NONE',  ( -1.000000000000000000, -6.546126324440781637E-16, 0.000000000000000000 ) ) ;
#4473 = LINE ( 'NONE', #3202, #1578 ) ;
#4474 = CALENDAR_DATE ( 2025, 1, 8 ) ;
#4475 = LINE ( 'NONE', #7063, #3625 ) ;
#4476 = EDGE_LOOP ( 'NONE', ( #3900, #4107, #1249, #7263, #630, #3958, #2488, #249, #2850, #8295, #392 ) ) ;
#4477 = CARTESIAN_POINT ( 'NONE',  ( -13.49635799798233826, 23.15429687499999289, 1.500000000000000444 ) ) ;
#4478 = ORIENTED_EDGE ( 'NONE', *, *, #589, .T. ) ;
#4479 = DIRECTION ( 'NONE',  ( -1.000000000000000000, -6.546126324440782623E-16, -0.000000000000000000 ) ) ;
#4480 = VERTEX_POINT ( 'NONE', #6636 ) ;
#4481 = DIRECTION ( 'NONE',  ( 0.000000000000000000, -0.000000000000000000, 1.000000000000000000 ) ) ;
#4482 = ADVANCED_FACE ( 'NONE', ( #782 ), #3335, .F. ) ;
#4483 = DIRECTION ( 'NONE',  ( 6.938893903907228378E-15, 1.000000000000000000, -0.000000000000000000 ) ) ;
#4484 = VECTOR ( 'NONE', #493, 1000.000000000000000 ) ;
#4485 = CARTESIAN_POINT ( 'NONE',  ( 9.582117137899304637, 13.48641401289930997, 1.500000000000000444 ) ) ;
#4486 = DIRECTION ( 'NONE',  ( -0.000000000000000000, -0.000000000000000000, 1.000000000000000000 ) ) ;
#4487 = DIRECTION ( 'NONE',  ( 1.000000000000000000, 0.000000000000000000, -0.000000000000000000 ) ) ;
#4488 = LINE ( 'NONE', #8182, #2015 ) ;
#4489 = ORIENTED_EDGE ( 'NONE', *, *, #7848, .F. ) ;
#4490 = VERTEX_POINT ( 'NONE', #2047 ) ;
#4491 = DIRECTION ( 'NONE',  ( -0.000000000000000000, -0.000000000000000000, 1.000000000000000000 ) ) ;
#4492 = VECTOR ( 'NONE', #63, 1000.000000000000000 ) ;
#4493 = CARTESIAN_POINT ( 'NONE',  ( 36.67847513588159813, 13.13641401289931210, 1.500000000000000444 ) ) ;
#4494 = EDGE_CURVE ( 'NONE', #2190, #3748, #5917, .T. ) ;
#4495 = VECTOR ( 'NONE', #4507, 1000.000000000000000 ) ;
#4496 = ORIENTED_EDGE ( 'NONE', *, *, #773, .F. ) ;
#4497 = LINE ( 'NONE', #47, #4612 ) ;
#4498 = CARTESIAN_POINT ( 'NONE',  ( -78.41788286210066872, 15.48641401289931174, 0.5000000000000004441 ) ) ;
#4499 = EDGE_CURVE ( 'NONE', #7107, #5128, #3934, .T. ) ;
#4500 = VECTOR ( 'NONE', #8037, 1000.000000000000000 ) ;
#4501 = ORIENTED_EDGE ( 'NONE', *, *, #7496, .F. ) ;
#4502 = VERTEX_POINT ( 'NONE', #900 ) ;
#4503 = CARTESIAN_POINT ( 'NONE',  ( -89.25000000000001421, 13.15429687500000355, 0.000000000000000000 ) ) ;
#4504 = EDGE_CURVE ( 'NONE', #2555, #5806, #6595, .T. ) ;
#4505 = EDGE_LOOP ( 'NONE', ( #7667, #3029, #5047, #3061 ) ) ;
#4506 = ORIENTED_EDGE ( 'NONE', *, *, #7618, .T. ) ;
#4507 = DIRECTION ( 'NONE',  ( -1.000000000000000000, -0.000000000000000000, -0.000000000000000000 ) ) ;
#4508 = CARTESIAN_POINT ( 'NONE',  ( 9.582117137899304637, 22.78641401289931778, 0.5000000000000004441 ) ) ;
#4509 = VERTEX_POINT ( 'NONE', #7274 ) ;
#4510 = ORIENTED_EDGE ( 'NONE', *, *, #1906, .F. ) ;
#4511 = DIRECTION ( 'NONE',  ( 0.000000000000000000, 1.000000000000000000, 0.000000000000000000 ) ) ;
#4512 = EDGE_CURVE ( 'NONE', #5829, #5207, #4060, .T. ) ;
#4513 = CARTESIAN_POINT ( 'NONE',  ( -36.41788286210069714, 13.48641401289930997, 0.5000000000000004441 ) ) ;
#4514 = LINE ( 'NONE', #5822, #4629 ) ;
#4515 = PLANE ( 'NONE',  #7115 ) ;
#4516 = CARTESIAN_POINT ( 'NONE',  ( 7.182117137899318493, 15.48641401289931174, 0.5000000000000004441 ) ) ;
#4517 = VERTEX_POINT ( 'NONE', #2005 ) ;
#4518 = CARTESIAN_POINT ( 'NONE',  ( -82.47847513588165214, 13.13641401289931210, 1.500000000000000444 ) ) ;
#4519 = ORIENTED_EDGE ( 'NONE', *, *, #93, .F. ) ;
#4520 = EDGE_LOOP ( 'NONE', ( #2361, #2491, #3951, #743 ) ) ;
#4521 = CARTESIAN_POINT ( 'NONE',  ( 30.18211713789931139, 20.80448725967914925, 0.5000000000000004441 ) ) ;
#4522 = EDGE_CURVE ( 'NONE', #5064, #6915, #7953, .T. ) ;
#4523 = EDGE_LOOP ( 'NONE', ( #722, #2236, #1565, #4720 ) ) ;
#4524 = FACE_OUTER_BOUND ( 'NONE', #5515, .T. ) ;
#4525 = LINE ( 'NONE', #866, #518 ) ;
#4526 = DIRECTION ( 'NONE',  ( 1.000000000000000000, 0.000000000000000000, 0.000000000000000000 ) ) ;
#4527 = LINE ( 'NONE', #1165, #6528 ) ;
#4528 = CARTESIAN_POINT ( 'NONE',  ( 46.25000000000000000, 11.65429687500000533, 5.600000000000002309 ) ) ;
#4529 = DIRECTION ( 'NONE',  ( -0.7071067811865471286, 0.7071067811865479058, 0.000000000000000000 ) ) ;
#4530 = VERTEX_POINT ( 'NONE', #5999 ) ;
#4531 = EDGE_CURVE ( 'NONE', #6700, #7639, #7155, .T. ) ;
#4532 = EDGE_LOOP ( 'NONE', ( #6658, #59, #4294, #857 ) ) ;
#4533 = LINE ( 'NONE', #3265, #4311 ) ;
#4534 = CARTESIAN_POINT ( 'NONE',  ( 0.000000000000000000, 0.000000000000000000, 4.000000000000000000 ) ) ;
#4535 = ORIENTED_EDGE ( 'NONE', *, *, #1907, .T. ) ;
#4536 = CARTESIAN_POINT ( 'NONE',  ( 37.23211713789930855, 15.48641401289931174, 1.500000000000000444 ) ) ;
#4537 = CARTESIAN_POINT ( 'NONE',  ( 32.58211713789929576, 15.48641401289931174, 1.500000000000000444 ) ) ;
#4538 = ORIENTED_EDGE ( 'NONE', *, *, #7393, .F. ) ;
#4539 = VECTOR ( 'NONE', #1785, 1000.000000000000000 ) ;
#4540 = EDGE_LOOP ( 'NONE', ( #5830, #5521, #3983, #218, #1138, #1640, #2406, #1764, #3551, #5673, #2112 ) ) ;
#4541 = CARTESIAN_POINT ( 'NONE',  ( -36.49635799798232938, 13.15429687499999467, 1.500000000000000444 ) ) ;
#4542 = ORIENTED_EDGE ( 'NONE', *, *, #2466, .F. ) ;
#4543 = EDGE_CURVE ( 'NONE', #3660, #2770, #746, .T. ) ;
#4544 = VERTEX_POINT ( 'NONE', #110 ) ;
#4545 = VECTOR ( 'NONE', #37, 1000.000000000000000 ) ;
#4546 = LINE ( 'NONE', #6404, #869 ) ;
#4547 = LINE ( 'NONE', #178, #2413 ) ;
#4548 = ORIENTED_EDGE ( 'NONE', *, *, #4003, .F. ) ;
#4549 = VERTEX_POINT ( 'NONE', #7196 ) ;
#4550 = DIRECTION ( 'NONE',  ( -0.000000000000000000, -0.000000000000000000, 1.000000000000000000 ) ) ;
#4551 = VECTOR ( 'NONE', #1238, 1000.000000000000000 ) ;
#4552 = CARTESIAN_POINT ( 'NONE',  ( -75.99999999999998579, 15.45793887701772285, 1.500000000000000444 ) ) ;
#4553 = EDGE_CURVE ( 'NONE', #3124, #5887, #5242, .T. ) ;
#4554 = VECTOR ( 'NONE', #502, 1000.000000000000114 ) ;
#4555 = VECTOR ( 'NONE', #6422, 1000.000000000000000 ) ;
#4556 = DIRECTION ( 'NONE',  ( 0.7071067811865474617, 1.752335333352428150E-16, -0.7071067811865474617 ) ) ;
#4557 = ORIENTED_EDGE ( 'NONE', *, *, #207, .F. ) ;
#4558 = DIRECTION ( 'NONE',  ( 9.251858538542971828E-16, -1.000000000000000000, 0.000000000000000000 ) ) ;
#4559 = VERTEX_POINT ( 'NONE', #1024 ) ;
#4560 = ORIENTED_EDGE ( 'NONE', *, *, #6489, .T. ) ;
#4561 = CARTESIAN_POINT ( 'NONE',  ( 45.84999999999998721, 24.65429687500000711, 6.000000000000000000 ) ) ;
#4562 = ORIENTED_EDGE ( 'NONE', *, *, #2411, .T. ) ;
#4563 = DIRECTION ( 'NONE',  ( -0.000000000000000000, -0.000000000000000000, 1.000000000000000000 ) ) ;
#4564 = VECTOR ( 'NONE', #7714, 1000.000000000000114 ) ;
#4565 = AXIS2_PLACEMENT_3D ( 'NONE', #119, #4024, #3345 ) ;
#4566 = FACE_OUTER_BOUND ( 'NONE', #7374, .T. ) ;
#4567 = LINE ( 'NONE', #4485, #3680 ) ;
#4568 = CARTESIAN_POINT ( 'NONE',  ( 9.582117137899304637, 22.78641401289931778, 1.500000000000000444 ) ) ;
#4569 = EDGE_CURVE ( 'NONE', #5145, #5093, #1736, .T. ) ;
#4570 = EDGE_CURVE ( 'NONE', #4069, #983, #8161, .T. ) ;
#4571 = VECTOR ( 'NONE', #5488, 1000.000000000000000 ) ;
#4572 = DIRECTION ( 'NONE',  ( -1.000000000000000000, -6.546126324440781637E-16, 0.000000000000000000 ) ) ;
#4573 = VECTOR ( 'NONE', #1551, 1000.000000000000000 ) ;
#4574 = DIRECTION ( 'NONE',  ( -0.7071067811865479058, -0.7071067811865471286, 0.000000000000000000 ) ) ;
#4575 = ORIENTED_EDGE ( 'NONE', *, *, #7995, .T. ) ;
#4576 = CARTESIAN_POINT ( 'NONE',  ( -82.47847513588163793, 23.17217973710070567, 6.000000000000000000 ) ) ;
#4577 = ORIENTED_EDGE ( 'NONE', *, *, #222, .T. ) ;
#4578 = CARTESIAN_POINT ( 'NONE',  ( 6.582117137899287762, 16.07582173911837486, 1.500000000000000444 ) ) ;
#4579 = DIRECTION ( 'NONE',  ( -0.000000000000000000, 0.000000000000000000, 1.000000000000000000 ) ) ;
#4580 = ADVANCED_FACE ( 'NONE', ( #4808 ), #2370, .F. ) ;
#4581 = VECTOR ( 'NONE', #6025, 1000.000000000000000 ) ;
#4582 = VECTOR ( 'NONE', #1029, 1000.000000000000000 ) ;
#4583 = CC_DESIGN_DATE_AND_TIME_ASSIGNMENT ( #3925, #6020, ( #4719 ) ) ;
#4584 = LINE ( 'NONE', #7171, #2873 ) ;
#4585 = CARTESIAN_POINT ( 'NONE',  ( -84.75000000000001421, 13.90429687500000355, 1.000000000000000000 ) ) ;
#4586 = EDGE_CURVE ( 'NONE', #3618, #5215, #2912, .T. ) ;
#4587 = CARTESIAN_POINT ( 'NONE',  ( -59.47847513588163793, 23.17217973710070567, 2.500000000000000444 ) ) ;
#4588 = VECTOR ( 'NONE', #882, 1000.000000000000000 ) ;
#4589 = VERTEX_POINT ( 'NONE', #7442 ) ;
#4590 = LINE ( 'NONE', #3956, #2437 ) ;
#4591 = ORIENTED_EDGE ( 'NONE', *, *, #6195, .T. ) ;
#4592 = LOCAL_TIME ( 10, 41, 50.00000000000000000, #6971 ) ;
#4593 = ORIENTED_EDGE ( 'NONE', *, *, #1387, .T. ) ;
#4594 = EDGE_CURVE ( 'NONE', #2607, #847, #6800, .T. ) ;
#4595 = CARTESIAN_POINT ( 'NONE',  ( -36.49635799798235070, 23.15429687499999289, 1.500000000000000444 ) ) ;
#4596 = LINE ( 'NONE', #6541, #4151 ) ;
#4597 = ORIENTED_EDGE ( 'NONE', *, *, #3666, .T. ) ;
#4598 = ORIENTED_EDGE ( 'NONE', *, *, #5297, .F. ) ;
#4599 = PLANE ( 'NONE',  #281 ) ;
#4600 = CARTESIAN_POINT ( 'NONE',  ( -14.06788286210067263, 15.48641401289931174, 0.5000000000000004441 ) ) ;
#4601 = DIRECTION ( 'NONE',  ( 0.000000000000000000, -1.000000000000000000, 0.000000000000000000 ) ) ;
#4602 = ORIENTED_EDGE ( 'NONE', *, *, #6331, .F. ) ;
#4603 = EDGE_CURVE ( 'NONE', #454, #2462, #7518, .T. ) ;
#4604 = CARTESIAN_POINT ( 'NONE',  ( -83.06788286210067440, 20.78641401289931423, -2.999999999999999112 ) ) ;
#4605 = ORIENTED_EDGE ( 'NONE', *, *, #353, .T. ) ;
#4606 = ORIENTED_EDGE ( 'NONE', *, *, #5564, .F. ) ;
#4607 = DIRECTION ( 'NONE',  ( 1.000000000000000000, 4.336808689941999001E-16, 0.000000000000000000 ) ) ;
#4608 = CARTESIAN_POINT ( 'NONE',  ( -55.41788286210066161, 15.48641401289931174, 0.5000000000000004441 ) ) ;
#4609 = CARTESIAN_POINT ( 'NONE',  ( -16.41788286210070424, 16.07582173911837486, 6.000000000000000000 ) ) ;
#4610 = DIRECTION ( 'NONE',  ( -0.000000000000000000, -0.000000000000000000, 1.000000000000000000 ) ) ;
#4611 = CARTESIAN_POINT ( 'NONE',  ( -90.00000000000001421, 13.15429687500000355, 0.000000000000000000 ) ) ;
#4612 = VECTOR ( 'NONE', #6352, 1000.000000000000000 ) ;
#4613 = LINE ( 'NONE', #116, #277 ) ;
#4614 = DIRECTION ( 'NONE',  ( -0.000000000000000000, -0.000000000000000000, 1.000000000000000000 ) ) ;
#4615 = ORIENTED_EDGE ( 'NONE', *, *, #8253, .T. ) ;
#4616 = LINE ( 'NONE', #7325, #4694 ) ;
#4617 = VERTEX_POINT ( 'NONE', #1110 ) ;
#4618 = DIRECTION ( 'NONE',  ( 0.000000000000000000, 0.000000000000000000, -1.000000000000000000 ) ) ;
#4619 = LINE ( 'NONE', #2721, #5631 ) ;
#4620 = CARTESIAN_POINT ( 'NONE',  ( -53.01788286210067724, 15.50448725967914143, 1.500000000000000444 ) ) ;
#4621 = DIRECTION ( 'NONE',  ( -0.000000000000000000, -0.000000000000000000, 1.000000000000000000 ) ) ;
#4622 = CARTESIAN_POINT ( 'NONE',  ( 8.932117137899320269, 20.80448725967914925, 0.5000000000000004441 ) ) ;
#4623 = VERTEX_POINT ( 'NONE', #3665 ) ;
#4624 = LINE ( 'NONE', #7216, #2698 ) ;
#4625 = VECTOR ( 'NONE', #2021, 1000.000000000000000 ) ;
#4626 = ORIENTED_EDGE ( 'NONE', *, *, #5053, .T. ) ;
#4627 = EDGE_CURVE ( 'NONE', #1972, #1370, #8036, .T. ) ;
#4628 = EDGE_CURVE ( 'NONE', #5409, #1012, #4135, .T. ) ;
#4629 = VECTOR ( 'NONE', #5191, 1000.000000000000000 ) ;
#4630 = ORIENTED_EDGE ( 'NONE', *, *, #4594, .F. ) ;
#4631 = LINE ( 'NONE', #3279, #1539 ) ;
#4632 = VECTOR ( 'NONE', #1837, 1000.000000000000000 ) ;
#4633 = DIRECTION ( 'NONE',  ( -0.7071067811865475727, -0.7071067811865475727, 0.000000000000000000 ) ) ;
#4634 = ORIENTED_EDGE ( 'NONE', *, *, #5218, .F. ) ;
#4635 = ORIENTED_EDGE ( 'NONE', *, *, #8341, .T. ) ;
#4636 = DIRECTION ( 'NONE',  ( 0.000000000000000000, 0.000000000000000000, 1.000000000000000000 ) ) ;
#4637 = EDGE_CURVE ( 'NONE', #5207, #8139, #5401, .T. ) ;
#4638 = AXIS2_PLACEMENT_3D ( 'NONE', #3399, #2733, #1009 ) ;
#4639 = LINE ( 'NONE', #4552, #1944 ) ;
#4640 = LINE ( 'NONE', #5236, #6854 ) ;
#4641 = ORIENTED_EDGE ( 'NONE', *, *, #6017, .F. ) ;
#4642 = DIRECTION ( 'NONE',  ( -0.7071067811865474617, 0.7071067811865474617, 0.000000000000000000 ) ) ;
#4643 = ORIENTED_EDGE ( 'NONE', *, *, #6426, .F. ) ;
#4644 = VERTEX_POINT ( 'NONE', #7994 ) ;
#4645 = DIRECTION ( 'NONE',  ( -1.000000000000000000, -0.000000000000000000, -0.000000000000000000 ) ) ;
#4646 = CARTESIAN_POINT ( 'NONE',  ( -89.35355339059326241, 13.25785026559327662, 0.5999999999999998668 ) ) ;
#4647 = CARTESIAN_POINT ( 'NONE',  ( -55.30364200201769620, 23.15429687499998579, 4.000000000000000000 ) ) ;
#4648 = CARTESIAN_POINT ( 'NONE',  ( -32.41788286210066161, 15.48641401289931174, 0.5000000000000004441 ) ) ;
#4649 = LINE ( 'NONE', #1501, #5486 ) ;
#4650 = EDGE_CURVE ( 'NONE', #3704, #3058, #7481, .T. ) ;
#4651 = PLANE ( 'NONE',  #3898 ) ;
#4652 = CARTESIAN_POINT ( 'NONE',  ( -29.38211713789932844, 20.23277201088161803, 1.500000000000000444 ) ) ;
#4653 = VERTEX_POINT ( 'NONE', #1694 ) ;
#4654 = CARTESIAN_POINT ( 'NONE',  ( -7.017882862100671915, 20.78641401289931778, 0.5000000000000004441 ) ) ;
#4655 = ORIENTED_EDGE ( 'NONE', *, *, #1251, .T. ) ;
#4656 = LINE ( 'NONE', #242, #7532 ) ;
#4657 = DIRECTION ( 'NONE',  ( 0.7071067811865466846, 0.7071067811865483499, 1.137307002876296298E-16 ) ) ;
#4658 = CARTESIAN_POINT ( 'NONE',  ( 46.25000000000000000, 11.65429687500000533, 5.600000000000002309 ) ) ;
#4659 = LINE ( 'NONE', #6057, #1619 ) ;
#4660 = ORIENTED_EDGE ( 'NONE', *, *, #6359, .F. ) ;
#4661 = FACE_OUTER_BOUND ( 'NONE', #6, .T. ) ;
#4662 = CARTESIAN_POINT ( 'NONE',  ( 114.9999999999999858, 0.000000000000000000, 1.500000000000000444 ) ) ;
#4663 = VERTEX_POINT ( 'NONE', #4852 ) ;
#4664 = CARTESIAN_POINT ( 'NONE',  ( 31.93211713789931139, 15.48641401289931174, 1.500000000000000444 ) ) ;
#4665 = EDGE_CURVE ( 'NONE', #2115, #1475, #2872, .T. ) ;
#4666 = EDGE_CURVE ( 'NONE', #2302, #7437, #4768, .T. ) ;
#4667 = AXIS2_PLACEMENT_3D ( 'NONE', #5616, #7577, #3720 ) ;
#4668 = CARTESIAN_POINT ( 'NONE',  ( -78.32152486411841608, 23.17217973710070567, 1.500000000000000444 ) ) ;
#4669 = ORIENTED_EDGE ( 'NONE', *, *, #4219, .T. ) ;
#4670 = ORIENTED_EDGE ( 'NONE', *, *, #6539, .F. ) ;
#4671 = LINE ( 'NONE', #4001, #410 ) ;
#4672 = VECTOR ( 'NONE', #6291, 1000.000000000000000 ) ;
#4673 = ORIENTED_EDGE ( 'NONE', *, *, #4665, .F. ) ;
#4674 = CARTESIAN_POINT ( 'NONE',  ( -59.41788286210069714, 22.78641401289931778, 1.500000000000000444 ) ) ;
#4675 = ADVANCED_FACE ( 'NONE', ( #6714 ), #5443, .F. ) ;
#4676 = CARTESIAN_POINT ( 'NONE',  ( 13.58211713789933484, 15.48641401289931174, 0.5000000000000004441 ) ) ;
#4677 = ORIENTED_EDGE ( 'NONE', *, *, #671, .F. ) ;
#4678 = AXIS2_PLACEMENT_3D ( 'NONE', #4377, #1735, #4928 ) ;
#4679 = LINE ( 'NONE', #6670, #1885 ) ;
#4680 = EDGE_LOOP ( 'NONE', ( #1909, #3196, #3995, #4759, #5783, #105 ) ) ;
#4681 = EDGE_LOOP ( 'NONE', ( #2498, #2966, #4506, #7229, #4363, #3376, #7163, #597, #3830, #1461, #4859 ) ) ;
#4682 = CARTESIAN_POINT ( 'NONE',  ( 32.58211713789929576, 22.78641401289931778, 1.500000000000000444 ) ) ;
#4683 = DIRECTION ( 'NONE',  ( -0.7071067811865479058, -0.7071067811865471286, 0.000000000000000000 ) ) ;
#4684 = VECTOR ( 'NONE', #4991, 1000.000000000000000 ) ;
#4685 = DIRECTION ( 'NONE',  ( 0.000000000000000000, 0.000000000000000000, -1.000000000000000000 ) ) ;
#4686 = CARTESIAN_POINT ( 'NONE',  ( -89.25000000000001421, 23.15429687500000355, 0.000000000000000000 ) ) ;
#4687 = PLANE ( 'NONE',  #2186 ) ;
#4688 = ADVANCED_FACE ( 'NONE', ( #986 ), #4215, .T. ) ;
#4689 = FACE_OUTER_BOUND ( 'NONE', #5858, .T. ) ;
#4690 = CARTESIAN_POINT ( 'NONE',  ( -55.41788286210066161, 15.48641401289931174, 0.5000000000000004441 ) ) ;
#4691 = ORIENTED_EDGE ( 'NONE', *, *, #7222, .T. ) ;
#4692 = VECTOR ( 'NONE', #96, 1000.000000000000000 ) ;
#4693 = FACE_OUTER_BOUND ( 'NONE', #2984, .T. ) ;
#4694 = VECTOR ( 'NONE', #835, 1000.000000000000000 ) ;
#4695 = ADVANCED_FACE ( 'NONE', ( #2956 ), #2994, .F. ) ;
#4696 = ORIENTED_EDGE ( 'NONE', *, *, #6369, .T. ) ;
#4697 = CARTESIAN_POINT ( 'NONE',  ( -16.41788286210070424, 20.23277201088163224, 2.500000000000000000 ) ) ;
#4698 = EDGE_CURVE ( 'NONE', #2310, #3413, #2332, .T. ) ;
#4699 = AXIS2_PLACEMENT_3D ( 'NONE', #1246, #7654, #2541 ) ;
#4700 = DIRECTION ( 'NONE',  ( -0.000000000000000000, -0.000000000000000000, 1.000000000000000000 ) ) ;
#4701 = CARTESIAN_POINT ( 'NONE',  ( -8.767882862100673691, 20.78641401289931778, 1.500000000000000444 ) ) ;
#4702 = VECTOR ( 'NONE', #4572, 1000.000000000000000 ) ;
#4703 = LINE ( 'NONE', #2227, #4573 ) ;
#4704 = EDGE_CURVE ( 'NONE', #6881, #3993, #8198, .T. ) ;
#4705 = ORIENTED_EDGE ( 'NONE', *, *, #5916, .F. ) ;
#4706 = CARTESIAN_POINT ( 'NONE',  ( -31.76788286210068080, 15.50448725967914143, 1.500000000000000444 ) ) ;
#4707 = DIRECTION ( 'NONE',  ( 9.251858538542971828E-16, -1.000000000000000000, 0.000000000000000000 ) ) ;
#4708 = VECTOR ( 'NONE', #4468, 1000.000000000000000 ) ;
#4709 = VECTOR ( 'NONE', #8122, 1000.000000000000000 ) ;
#4710 = ORIENTED_EDGE ( 'NONE', *, *, #6929, .F. ) ;
#4711 = LINE ( 'NONE', #5385, #3687 ) ;
#4712 = VECTOR ( 'NONE', #5088, 1000.000000000000000 ) ;
#4713 = CARTESIAN_POINT ( 'NONE',  ( -89.25000000000001421, 13.15429687500000355, 0.3499999999999999223 ) ) ;
#4714 = ORIENTED_EDGE ( 'NONE', *, *, #2998, .T. ) ;
#4715 = ORIENTED_EDGE ( 'NONE', *, *, #4358, .T. ) ;
#4716 = CARTESIAN_POINT ( 'NONE',  ( -13.49635799798232760, 13.15429687499999645, 1.500000000000000444 ) ) ;
#4717 = ORIENTED_EDGE ( 'NONE', *, *, #5679, .F. ) ;
#4718 = EDGE_CURVE ( 'NONE', #504, #2282, #4977, .T. ) ;
#4719 = SECURITY_CLASSIFICATION ( '', '', #609 ) ;
#4720 = ORIENTED_EDGE ( 'NONE', *, *, #3362, .T. ) ;
#4721 = CARTESIAN_POINT ( 'NONE',  ( -91.75000000000001421, 13.90429687500000355, 1.000000000000000000 ) ) ;
#4722 = CARTESIAN_POINT ( 'NONE',  ( 31.93211713789931139, 20.78641401289931423, -2.999999999999999112 ) ) ;
#4723 = EDGE_LOOP ( 'NONE', ( #5796, #6960, #6397, #1903, #2035, #7989, #3886, #803 ) ) ;
#4724 = LINE ( 'NONE', #5356, #1211 ) ;
#4725 = VERTEX_POINT ( 'NONE', #5603 ) ;
#4726 = CARTESIAN_POINT ( 'NONE',  ( 39.25000000000000000, 13.15429687500000355, 4.000000000000000000 ) ) ;
#4727 = CARTESIAN_POINT ( 'NONE',  ( -89.50000000000001421, 13.40429687500000355, 0.5999999999999999778 ) ) ;
#4728 = EDGE_CURVE ( 'NONE', #7677, #7623, #4339, .T. ) ;
#4729 = ADVANCED_FACE ( 'NONE', ( #479 ), #3034, .F. ) ;
#4730 = LINE ( 'NONE', #3458, #6924 ) ;
#4731 = LINE ( 'NONE', #4648, #5705 ) ;
#4732 = LINE ( 'NONE', #5364, #8355 ) ;
#4733 = PLANE ( 'NONE',  #5512 ) ;
#4734 = CARTESIAN_POINT ( 'NONE',  ( -96.61666666666677372, 15.92096354166659644, 5.266666666666525387 ) ) ;
#4735 = ORIENTED_EDGE ( 'NONE', *, *, #1404, .F. ) ;
#4736 = CARTESIAN_POINT ( 'NONE',  ( 0.000000000000000000, 0.000000000000000000, 4.000000000000000000 ) ) ;
#4737 = ORIENTED_EDGE ( 'NONE', *, *, #2471, .F. ) ;
#4738 = DIRECTION ( 'NONE',  ( -0.000000000000000000, -0.000000000000000000, 1.000000000000000000 ) ) ;
#4739 = EDGE_CURVE ( 'NONE', #5897, #2159, #2678, .T. ) ;
#4740 = CARTESIAN_POINT ( 'NONE',  ( -91.75000000000001421, 25.65429687500000355, 0.3999999999999837019 ) ) ;
#4741 = CARTESIAN_POINT ( 'NONE',  ( -36.41788286210069714, 22.78641401289931778, 0.5000000000000004441 ) ) ;
#4742 = DIRECTION ( 'NONE',  ( -0.000000000000000000, -0.000000000000000000, 1.000000000000000000 ) ) ;
#4743 = DIRECTION ( 'NONE',  ( 0.000000000000000000, 0.000000000000000000, 1.000000000000000000 ) ) ;
#4744 = VECTOR ( 'NONE', #1550, 1000.000000000000000 ) ;
#4745 = ORIENTED_EDGE ( 'NONE', *, *, #6862, .T. ) ;
#4746 = FACE_OUTER_BOUND ( 'NONE', #5328, .T. ) ;
#4747 = CARTESIAN_POINT ( 'NONE',  ( -75.38211713789932844, 20.23277201088161803, 4.000000000000000000 ) ) ;
#4748 = ORIENTED_EDGE ( 'NONE', *, *, #1025, .F. ) ;
#4749 = DIRECTION ( 'NONE',  ( -0.5773502691896323924, -0.5773502691896323924, -0.5773502691896122974 ) ) ;
#4750 = EDGE_CURVE ( 'NONE', #7431, #6347, #5842, .T. ) ;
#4751 = DIRECTION ( 'NONE',  ( 0.000000000000000000, 0.000000000000000000, -1.000000000000000000 ) ) ;
#4752 = VECTOR ( 'NONE', #2382, 1000.000000000000000 ) ;
#4753 = ORIENTED_EDGE ( 'NONE', *, *, #6972, .F. ) ;
#4754 = EDGE_LOOP ( 'NONE', ( #7490, #1373, #4901, #1388, #5491, #238, #4869, #4949, #7047, #4334, #889 ) ) ;
#4755 = DIRECTION ( 'NONE',  ( 0.000000000000000000, 0.000000000000000000, -1.000000000000000000 ) ) ;
#4756 = ORIENTED_EDGE ( 'NONE', *, *, #5189, .F. ) ;
#4757 = AXIS2_PLACEMENT_3D ( 'NONE', #3924, #6505, #25 ) ;
#4758 = AXIS2_PLACEMENT_3D ( 'NONE', #2789, #830, #2211 ) ;
#4759 = ORIENTED_EDGE ( 'NONE', *, *, #6381, .F. ) ;
#4760 = CARTESIAN_POINT ( 'NONE',  ( -91.75000000000001421, 22.40429687500000711, 1.000000000000000000 ) ) ;
#4761 = EDGE_CURVE ( 'NONE', #4466, #1327, #6007, .T. ) ;
#4762 = CARTESIAN_POINT ( 'NONE',  ( 16.61788286210066801, 20.23277201088161803, 1.500000000000000444 ) ) ;
#4763 = VERTEX_POINT ( 'NONE', #3387 ) ;
#4764 = CARTESIAN_POINT ( 'NONE',  ( -39.41788286210071135, 20.23277201088163224, 1.500000000000000444 ) ) ;
#4765 = ORIENTED_EDGE ( 'NONE', *, *, #2566, .F. ) ;
#4766 = VECTOR ( 'NONE', #4041, 1000.000000000000000 ) ;
#4767 = DIRECTION ( 'NONE',  ( 0.000000000000000000, -0.000000000000000000, 1.000000000000000000 ) ) ;
#4768 = LINE ( 'NONE', #7357, #7538 ) ;
#4769 = CARTESIAN_POINT ( 'NONE',  ( -89.75000000000001421, 13.15429687500000533, 0.4964466094067262469 ) ) ;
#4770 = CARTESIAN_POINT ( 'NONE',  ( -59.41788286210069714, 15.48641401289931174, 1.500000000000000444 ) ) ;
#4771 = CARTESIAN_POINT ( 'NONE',  ( -9.417882862100670494, 13.48641401289931174, 0.5000000000000004441 ) ) ;
#4772 = CARTESIAN_POINT ( 'NONE',  ( -60.06788286210068151, 15.48641401289931174, -2.999999999999999112 ) ) ;
#4773 = EDGE_CURVE ( 'NONE', #6398, #3321, #7796, .T. ) ;
#4774 = ADVANCED_FACE ( 'NONE', ( #5369 ), #7965, .F. ) ;
#4775 = CARTESIAN_POINT ( 'NONE',  ( -13.41788286210068826, 22.78641401289931778, 0.5000000000000004441 ) ) ;
#4776 = VERTEX_POINT ( 'NONE', #2180 ) ;
#4777 = DIRECTION ( 'NONE',  ( -0.7071067811865479058, -0.7071067811865471286, 0.000000000000000000 ) ) ;
#4778 = ORIENTED_EDGE ( 'NONE', *, *, #1464, .F. ) ;
#4779 = CARTESIAN_POINT ( 'NONE',  ( -37.06788286210068151, 20.78641401289931423, -2.999999999999999112 ) ) ;
#4780 = LINE ( 'NONE', #913, #1715 ) ;
#4781 = FACE_OUTER_BOUND ( 'NONE', #185, .T. ) ;
#4782 = CARTESIAN_POINT ( 'NONE',  ( 29.58211713789928154, 20.23277201088163224, 2.500000000000000000 ) ) ;
#4783 = LINE ( 'NONE', #916, #946 ) ;
#4784 = ADVANCED_FACE ( 'NONE', ( #754 ), #5330, .T. ) ;
#4785 = ORIENTED_EDGE ( 'NONE', *, *, #5545, .T. ) ;
#4786 = CARTESIAN_POINT ( 'NONE',  ( -59.47847513588163793, 23.17217973710070567, 1.500000000000000444 ) ) ;
#4787 = CARTESIAN_POINT ( 'NONE',  ( -38.81788286210068151, 20.80448725967914925, 0.5000000000000004441 ) ) ;
#4788 = ORIENTED_EDGE ( 'NONE', *, *, #5581, .T. ) ;
#4789 = CARTESIAN_POINT ( 'NONE',  ( 46.25000000000000000, 25.65429687500000355, 0.3999999999999837019 ) ) ;
#4790 = CALENDAR_DATE ( 2025, 1, 8 ) ;
#4791 = LINE ( 'NONE', #4163, #2942 ) ;
#4792 = ORIENTED_EDGE ( 'NONE', *, *, #4305, .T. ) ;
#4793 = ORIENTED_EDGE ( 'NONE', *, *, #8052, .F. ) ;
#4794 = CARTESIAN_POINT ( 'NONE',  ( -91.75000000000001421, 20.85065487298227183, 4.000000000000000000 ) ) ;
#4795 = ORIENTED_EDGE ( 'NONE', *, *, #7871, .F. ) ;
#4796 = EDGE_CURVE ( 'NONE', #5434, #5532, #4616, .T. ) ;
#4797 = ADVANCED_FACE ( 'NONE', ( #7917 ), #4106, .F. ) ;
#4798 = VERTEX_POINT ( 'NONE', #6608 ) ;
#4799 = VECTOR ( 'NONE', #7199, 1000.000000000000000 ) ;
#4800 = DIRECTION ( 'NONE',  ( -0.000000000000000000, -0.000000000000000000, 1.000000000000000000 ) ) ;
#4801 = DIRECTION ( 'NONE',  ( 0.000000000000000000, -0.000000000000000000, -1.000000000000000000 ) ) ;
#4802 = ORIENTED_EDGE ( 'NONE', *, *, #1775, .F. ) ;
#4803 = LINE ( 'NONE', #7394, #7008 ) ;
#4804 = ORIENTED_EDGE ( 'NONE', *, *, #6413, .F. ) ;
#4805 = DIRECTION ( 'NONE',  ( -1.000000000000000000, -6.546126324440781637E-16, 0.000000000000000000 ) ) ;
#4806 = VECTOR ( 'NONE', #5665, 1000.000000000000000 ) ;
#4807 = EDGE_CURVE ( 'NONE', #3359, #2190, #2016, .T. ) ;
#4808 = FACE_OUTER_BOUND ( 'NONE', #7724, .T. ) ;
#4809 = EDGE_CURVE ( 'NONE', #7599, #1099, #2055, .T. ) ;
#4810 = LINE ( 'NONE', #233, #1547 ) ;
#4811 = LINE ( 'NONE', #5725, #3409 ) ;
#4812 = CARTESIAN_POINT ( 'NONE',  ( 9.582117137899304637, 20.78641401289931423, 0.5000000000000004441 ) ) ;
#4813 = VECTOR ( 'NONE', #7462, 1000.000000000000000 ) ;
#4814 = CARTESIAN_POINT ( 'NONE',  ( -76.01788286210067724, 15.50448725967914143, 0.5000000000000004441 ) ) ;
#4815 = DIRECTION ( 'NONE',  ( -1.000000000000000000, -1.119176436114068839E-16, 0.000000000000000000 ) ) ;
#4816 = ORIENTED_EDGE ( 'NONE', *, *, #3089, .F. ) ;
#4817 = DIRECTION ( 'NONE',  ( -0.000000000000000000, -0.000000000000000000, 1.000000000000000000 ) ) ;
#4818 = ORIENTED_EDGE ( 'NONE', *, *, #3792, .F. ) ;
#4819 = CYLINDRICAL_SURFACE ( 'NONE', #5361, 0.2500000000000000000 ) ;
#4820 = VECTOR ( 'NONE', #5874, 1000.000000000000000 ) ;
#4821 = ADVANCED_FACE ( 'NONE', ( #6561 ), #5254, .F. ) ;
#4822 = FACE_OUTER_BOUND ( 'NONE', #763, .T. ) ;
#4823 = PLANE ( 'NONE',  #5838 ) ;
#4824 = DIRECTION ( 'NONE',  ( -0.000000000000000000, -0.000000000000000000, 1.000000000000000000 ) ) ;
#4825 = AXIS2_PLACEMENT_3D ( 'NONE', #1519, #5466, #6188 ) ;
#4826 = CARTESIAN_POINT ( 'NONE',  ( -60.06788286210068151, 15.48641401289931174, 0.5000000000000004441 ) ) ;
#4827 = VECTOR ( 'NONE', #5118, 1000.000000000000000 ) ;
#4828 = ORIENTED_EDGE ( 'NONE', *, *, #4146, .T. ) ;
#4829 = LINE ( 'NONE', #7375, #2963 ) ;
#4830 = FACE_OUTER_BOUND ( 'NONE', #3965, .T. ) ;
#4831 = VECTOR ( 'NONE', #3841, 1000.000000000000000 ) ;
#4832 = ADVANCED_FACE ( 'NONE', ( #4693 ), #791, .F. ) ;
#4833 = VECTOR ( 'NONE', #6212, 1000.000000000000000 ) ;
#4834 = ORIENTED_EDGE ( 'NONE', *, *, #7320, .T. ) ;
#4835 = DIRECTION ( 'NONE',  ( 0.7071067811865466846, 0.7071067811865483499, 0.000000000000000000 ) ) ;
#4836 = LINE ( 'NONE', #7382, #267 ) ;
#4837 = VECTOR ( 'NONE', #381, 1000.000000000000000 ) ;
#4838 = ORIENTED_EDGE ( 'NONE', *, *, #6514, .F. ) ;
#4839 = VECTOR ( 'NONE', #1800, 1000.000000000000000 ) ;
#4840 = EDGE_LOOP ( 'NONE', ( #385, #203, #3975, #1682 ) ) ;
#4841 = CARTESIAN_POINT ( 'NONE',  ( -32.41788286210066161, 15.48641401289931174, 1.500000000000000444 ) ) ;
#4842 = VERTEX_POINT ( 'NONE', #7286 ) ;
#4843 = EDGE_CURVE ( 'NONE', #3359, #3802, #5293, .T. ) ;
#4844 = VECTOR ( 'NONE', #2766, 1000.000000000000000 ) ;
#4845 = VERTEX_POINT ( 'NONE', #2639 ) ;
#4846 = CARTESIAN_POINT ( 'NONE',  ( 15.98211713789932098, 20.78641401289931778, 1.500000000000000444 ) ) ;
#4847 = EDGE_LOOP ( 'NONE', ( #7806, #2434, #5182, #1851, #2739, #7406, #1543, #5913 ) ) ;
#4848 = VERTEX_POINT ( 'NONE', #4576 ) ;
#4849 = CARTESIAN_POINT ( 'NONE',  ( 13.58211713789930819, 22.78641401289931778, 0.5000000000000004441 ) ) ;
#4850 = ORIENTED_EDGE ( 'NONE', *, *, #1573, .F. ) ;
#4851 = DIRECTION ( 'NONE',  ( 0.7071067811865466846, 0.7071067811865483499, 1.137307002876296298E-16 ) ) ;
#4852 = CARTESIAN_POINT ( 'NONE',  ( 45.85000000000000142, 25.25429687500000497, 0.000000000000000000 ) ) ;
#4853 = DIRECTION ( 'NONE',  ( -0.000000000000000000, -0.000000000000000000, 1.000000000000000000 ) ) ;
#4854 = FACE_OUTER_BOUND ( 'NONE', #2783, .T. ) ;
#4855 = CARTESIAN_POINT ( 'NONE',  ( -82.41788286210069714, 22.78641401289931778, 0.5000000000000004441 ) ) ;
#4856 = EDGE_CURVE ( 'NONE', #6070, #3305, #7164, .T. ) ;
#4857 = DIRECTION ( 'NONE',  ( -0.000000000000000000, -0.000000000000000000, -1.000000000000000000 ) ) ;
#4858 = LINE ( 'NONE', #2254, #2028 ) ;
#4859 = ORIENTED_EDGE ( 'NONE', *, *, #3149, .F. ) ;
#4860 = EDGE_CURVE ( 'NONE', #4996, #7232, #3944, .T. ) ;
#4861 = CARTESIAN_POINT ( 'NONE',  ( -78.32152486411838765, 13.13641401289931210, 1.500000000000000444 ) ) ;
#4862 = VERTEX_POINT ( 'NONE', #5451 ) ;
#4863 = DIRECTION ( 'NONE',  ( 0.000000000000000000, -1.000000000000000000, 0.000000000000000000 ) ) ;
#4864 = PLANE ( 'NONE',  #1993 ) ;
#4865 = DIRECTION ( 'NONE',  ( 0.6785983445458539931, -0.2810846377147864228, -0.6785983445458539931 ) ) ;
#4866 = LINE ( 'NONE', #3515, #2064 ) ;
#4867 = CARTESIAN_POINT ( 'NONE',  ( -9.417882862100684704, 22.78641401289931778, 0.5000000000000004441 ) ) ;
#4868 = ADVANCED_FACE ( 'NONE', ( #3509 ), #4260, .F. ) ;
#4869 = ORIENTED_EDGE ( 'NONE', *, *, #6381, .T. ) ;
#4870 = CARTESIAN_POINT ( 'NONE',  ( -84.75000000000001421, 13.15429687499998934, 6.000000000000000000 ) ) ;
#4871 = CARTESIAN_POINT ( 'NONE',  ( -38.81788286210068151, 15.48641401289931174, 1.500000000000000444 ) ) ;
#4872 = ORIENTED_EDGE ( 'NONE', *, *, #483, .F. ) ;
#4873 = EDGE_CURVE ( 'NONE', #3321, #4509, #6808, .T. ) ;
#4874 = FACE_OUTER_BOUND ( 'NONE', #5501, .T. ) ;
#4875 = AXIS2_PLACEMENT_3D ( 'NONE', #368, #8093, #8050 ) ;
#4876 = LINE ( 'NONE', #6143, #7809 ) ;
#4877 = ADVANCED_FACE ( 'NONE', ( #5575 ), #3003, .F. ) ;
#4878 = ORIENTED_EDGE ( 'NONE', *, *, #384, .T. ) ;
#4879 = ORIENTED_EDGE ( 'NONE', *, *, #4208, .T. ) ;
#4880 = DIRECTION ( 'NONE',  ( 0.000000000000000000, 0.000000000000000000, -1.000000000000000000 ) ) ;
#4881 = VERTEX_POINT ( 'NONE', #8086 ) ;
#4882 = ORIENTED_EDGE ( 'NONE', *, *, #7676, .F. ) ;
#4883 = VECTOR ( 'NONE', #716, 1000.000000000000000 ) ;
#4884 = DIRECTION ( 'NONE',  ( 0.000000000000000000, -1.000000000000000000, 0.000000000000000000 ) ) ;
#4885 = EDGE_CURVE ( 'NONE', #6309, #4644, #6726, .T. ) ;
#4886 = EDGE_LOOP ( 'NONE', ( #43, #7488, #4909, #54 ) ) ;
#4887 = ORIENTED_EDGE ( 'NONE', *, *, #4912, .T. ) ;
#4888 = CARTESIAN_POINT ( 'NONE',  ( -82.41788286210069714, 22.78641401289931778, 0.5000000000000004441 ) ) ;
#4889 = ORIENTED_EDGE ( 'NONE', *, *, #3642, .T. ) ;
#4890 = LINE ( 'NONE', #7356, #8335 ) ;
#4891 = DIRECTION ( 'NONE',  ( -1.000000000000000000, -6.546126324440781637E-16, 0.000000000000000000 ) ) ;
#4892 = VECTOR ( 'NONE', #5706, 1000.000000000000000 ) ;
#4893 = LINE ( 'NONE', #3542, #4500 ) ;
#4894 = DIRECTION ( 'NONE',  ( -1.000000000000000000, -0.000000000000000000, -0.000000000000000000 ) ) ;
#4895 = LINE ( 'NONE', #5529, #243 ) ;
#4896 = AXIS2_PLACEMENT_3D ( 'NONE', #321, #6803, #5483 ) ;
#4897 = CARTESIAN_POINT ( 'NONE',  ( 0.2499999999989316324, -20.34570312500106581, -45.59999999999948983 ) ) ;
#4898 = LINE ( 'NONE', #6167, #4159 ) ;
#4899 = ORIENTED_EDGE ( 'NONE', *, *, #885, .F. ) ;
#4900 = LINE ( 'NONE', #994, #3077 ) ;
#4901 = ORIENTED_EDGE ( 'NONE', *, *, #3195, .T. ) ;
#4902 = EDGE_CURVE ( 'NONE', #8322, #2735, #6047, .T. ) ;
#4903 = LINE ( 'NONE', #1079, #1731 ) ;
#4904 = ADVANCED_FACE ( 'NONE', ( #8003 ), #8045, .F. ) ;
#4905 = DIRECTION ( 'NONE',  ( -1.000000000000000000, 0.000000000000000000, 0.000000000000000000 ) ) ;
#4906 = DIRECTION ( 'NONE',  ( 1.000000000000000000, 0.000000000000000000, -0.000000000000000000 ) ) ;
#4907 = DIRECTION ( 'NONE',  ( 0.7071067811865475727, 0.000000000000000000, 0.7071067811865475727 ) ) ;
#4908 = DIRECTION ( 'NONE',  ( -0.000000000000000000, -1.000000000000000000, -0.000000000000000000 ) ) ;
#4909 = ORIENTED_EDGE ( 'NONE', *, *, #1310, .F. ) ;
#4910 = LINE ( 'NONE', #8352, #2565 ) ;
#4911 = PLANE ( 'NONE',  #1191 ) ;
#4912 = EDGE_CURVE ( 'NONE', #5077, #3618, #2883, .T. ) ;
#4913 = ORIENTED_EDGE ( 'NONE', *, *, #1240, .T. ) ;
#4914 = CARTESIAN_POINT ( 'NONE',  ( 8.932117137899320269, 20.78641401289931423, 1.500000000000000444 ) ) ;
#4915 = DIRECTION ( 'NONE',  ( 6.542051911182387448E-16, -0.7071067811865465735, 0.7071067811865483499 ) ) ;
#4916 = ORIENTED_EDGE ( 'NONE', *, *, #7313, .T. ) ;
#4917 = VERTEX_POINT ( 'NONE', #2342 ) ;
#4918 = DIRECTION ( 'NONE',  ( 0.000000000000000000, -1.000000000000000000, 0.000000000000000000 ) ) ;
#4919 = ORIENTED_EDGE ( 'NONE', *, *, #6307, .F. ) ;
#4920 = ORIENTED_EDGE ( 'NONE', *, *, #4037, .F. ) ;
#4921 = EDGE_CURVE ( 'NONE', #4848, #5978, #4188, .T. ) ;
#4922 = EDGE_CURVE ( 'NONE', #2204, #1256, #4900, .T. ) ;
#4923 = CARTESIAN_POINT ( 'NONE',  ( -55.32152486411839476, 13.13641401289931210, 1.500000000000000444 ) ) ;
#4924 = EDGE_LOOP ( 'NONE', ( #8209, #6391, #8241, #1860 ) ) ;
#4925 = VERTEX_POINT ( 'NONE', #4861 ) ;
#4926 = CARTESIAN_POINT ( 'NONE',  ( 30.19999999999992113, 20.85065487298227183, 1.500000000000000444 ) ) ;
#4927 = VERTEX_POINT ( 'NONE', #7408 ) ;
#4928 = DIRECTION ( 'NONE',  ( 0.000000000000000000, 0.000000000000000000, -1.000000000000000000 ) ) ;
#4929 = CARTESIAN_POINT ( 'NONE',  ( -37.06788286210068151, 20.78641401289931423, -2.999999999999999112 ) ) ;
#4930 = EDGE_CURVE ( 'NONE', #6728, #2861, #6850, .T. ) ;
#4931 = DIRECTION ( 'NONE',  ( 1.259073490628327690E-16, -1.000000000000000000, 0.000000000000000000 ) ) ;
#4932 = DIRECTION ( 'NONE',  ( 0.000000000000000000, -0.000000000000000000, 1.000000000000000000 ) ) ;
#4933 = PLANE ( 'NONE',  #109 ) ;
#4934 = DIRECTION ( 'NONE',  ( 0.000000000000000000, 1.000000000000000000, -0.000000000000000000 ) ) ;
#4935 = AXIS2_PLACEMENT_3D ( 'NONE', #1826, #5020, #8289 ) ;
#4936 = CARTESIAN_POINT ( 'NONE',  ( -6.382117137899323112, 16.07582173911838197, 2.499999999999999112 ) ) ;
#4937 = ORIENTED_EDGE ( 'NONE', *, *, #2513, .F. ) ;
#4938 = CARTESIAN_POINT ( 'NONE',  ( -91.75000000000001421, 15.45793887701772285, 2.499999999999999112 ) ) ;
#4939 = ORIENTED_EDGE ( 'NONE', *, *, #6271, .F. ) ;
#4940 = DIRECTION ( 'NONE',  ( -1.000000000000000000, -0.000000000000000000, -0.000000000000000000 ) ) ;
#4941 = EDGE_CURVE ( 'NONE', #3305, #1091, #7450, .T. ) ;
#4942 = VECTOR ( 'NONE', #2589, 1000.000000000000000 ) ;
#4943 = CARTESIAN_POINT ( 'NONE',  ( 29.58211713789928154, 20.23277201088163224, 1.500000000000000444 ) ) ;
#4944 = DIRECTION ( 'NONE',  ( 6.938893903907228378E-15, 1.000000000000000000, -0.000000000000000000 ) ) ;
#4945 = DIRECTION ( 'NONE',  ( 1.734723475976806709E-18, 1.000000000000000000, 0.000000000000000000 ) ) ;
#4946 = CARTESIAN_POINT ( 'NONE',  ( 39.25000000000000000, 13.15429687500000355, 4.000000000000000000 ) ) ;
#4947 = ADVANCED_FACE ( 'NONE', ( #6767 ), #7489, .F. ) ;
#4948 = VECTOR ( 'NONE', #6411, 1000.000000000000000 ) ;
#4949 = ORIENTED_EDGE ( 'NONE', *, *, #1442, .F. ) ;
#4950 = CARTESIAN_POINT ( 'NONE',  ( -39.41788286210071135, 20.23277201088163224, 1.500000000000000444 ) ) ;
#4951 = DIRECTION ( 'NONE',  ( 0.000000000000000000, 0.000000000000000000, -1.000000000000000000 ) ) ;
#4952 = EDGE_CURVE ( 'NONE', #2286, #891, #2219, .T. ) ;
#4953 = VECTOR ( 'NONE', #3756, 1000.000000000000227 ) ;
#4954 = EDGE_LOOP ( 'NONE', ( #1863, #8297, #6896, #623 ) ) ;
#4955 = CARTESIAN_POINT ( 'NONE',  ( -89.50000000000001421, 0.000000000000000000, 0.3499999999999999223 ) ) ;
#4956 = AXIS2_PLACEMENT_3D ( 'NONE', #6610, #6050, #4108 ) ;
#4957 = DIRECTION ( 'NONE',  ( -6.546126324440781637E-16, 1.000000000000000000, 0.000000000000000000 ) ) ;
#4958 = EDGE_CURVE ( 'NONE', #516, #1945, #7365, .T. ) ;
#4959 = CARTESIAN_POINT ( 'NONE',  ( -32.32152486411839476, 13.13641401289931210, 1.500000000000000444 ) ) ;
#4960 = ORIENTED_EDGE ( 'NONE', *, *, #2069, .T. ) ;
#4961 = VERTEX_POINT ( 'NONE', #1581 ) ;
#4962 = CARTESIAN_POINT ( 'NONE',  ( -38.80000000000006821, 20.85065487298227183, 1.500000000000000444 ) ) ;
#4963 = EDGE_CURVE ( 'NONE', #1397, #3486, #362, .T. ) ;
#4964 = AXIS2_PLACEMENT_3D ( 'NONE', #5509, #7345, #3525 ) ;
#4965 = ORIENTED_EDGE ( 'NONE', *, *, #1185, .T. ) ;
#4966 = VECTOR ( 'NONE', #2098, 1000.000000000000000 ) ;
#4967 = EDGE_LOOP ( 'NONE', ( #1985, #7828, #4348, #8251 ) ) ;
#4968 = AXIS2_PLACEMENT_3D ( 'NONE', #6034, #2082, #2203 ) ;
#4969 = AXIS2_PLACEMENT_3D ( 'NONE', #4622, #1429, #3392 ) ;
#4970 = DIRECTION ( 'NONE',  ( -1.734723475976806709E-18, -1.000000000000000000, 0.000000000000000000 ) ) ;
#4971 = ORIENTED_EDGE ( 'NONE', *, *, #1607, .T. ) ;
#4972 = ORIENTED_EDGE ( 'NONE', *, *, #4586, .F. ) ;
#4973 = LINE ( 'NONE', #5691, #3624 ) ;
#4974 = ORIENTED_EDGE ( 'NONE', *, *, #721, .F. ) ;
#4975 = ADVANCED_FACE ( 'NONE', ( #6169 ), #6897, .F. ) ;
#4976 = DIRECTION ( 'NONE',  ( 0.000000000000000000, -0.000000000000000000, 1.000000000000000000 ) ) ;
#4977 = LINE ( 'NONE', #2410, #7947 ) ;
#4978 = AXIS2_PLACEMENT_3D ( 'NONE', #1061, #1733, #5522 ) ;
#4979 = VECTOR ( 'NONE', #5315, 1000.000000000000000 ) ;
#4980 = DIRECTION ( 'NONE',  ( -0.7071067811865479058, -0.7071067811865471286, 0.000000000000000000 ) ) ;
#4981 = DIRECTION ( 'NONE',  ( -0.000000000000000000, -1.000000000000000000, -0.000000000000000000 ) ) ;
#4982 = DATE_AND_TIME ( #2417, #3638 ) ;
#4983 = AXIS2_PLACEMENT_3D ( 'NONE', #7045, #3654, #7636 ) ;
#4984 = DIRECTION ( 'NONE',  ( -0.000000000000000000, -1.000000000000000000, -0.000000000000000000 ) ) ;
#4985 = DIRECTION ( 'NONE',  ( -0.5773502691896458261, 0.5773502691896258421, -0.5773502691896057470 ) ) ;
#4986 = ORIENTED_EDGE ( 'NONE', *, *, #7228, .F. ) ;
#4987 = CARTESIAN_POINT ( 'NONE',  ( 0.000000000000000000, 0.000000000000000000, 4.000000000000000000 ) ) ;
#4988 = EDGE_CURVE ( 'NONE', #7726, #496, #3183, .T. ) ;
#4989 = ADVANCED_FACE ( 'NONE', ( #628 ), #5217, .F. ) ;
#4990 = ORIENTED_EDGE ( 'NONE', *, *, #510, .T. ) ;
#4991 = DIRECTION ( 'NONE',  ( 1.000000000000000000, 0.000000000000000000, 0.000000000000000000 ) ) ;
#4992 = CARTESIAN_POINT ( 'NONE',  ( -54.76788286210067724, 20.78641401289931778, 1.500000000000000444 ) ) ;
#4993 = CARTESIAN_POINT ( 'NONE',  ( 50.55264859759905960, 22.70639604679989176, 1.297351402400941156 ) ) ;
#4994 = DIRECTION ( 'NONE',  ( 1.000000000000000000, 0.000000000000000000, -0.000000000000000000 ) ) ;
#4995 = LINE ( 'NONE', #1000, #2423 ) ;
#4996 = VERTEX_POINT ( 'NONE', #7804 ) ;
#4997 = EDGE_CURVE ( 'NONE', #5292, #4480, #1738, .T. ) ;
#4998 = ORIENTED_EDGE ( 'NONE', *, *, #6355, .T. ) ;
#4999 = CARTESIAN_POINT ( 'NONE',  ( -30.01788286210067724, 20.78641401289931778, 1.500000000000000444 ) ) ;
#5000 = CARTESIAN_POINT ( 'NONE',  ( -59.41788286210069714, 15.48641401289931174, 0.5000000000000004441 ) ) ;
#5001 = ORIENTED_EDGE ( 'NONE', *, *, #5336, .F. ) ;
#5002 = CARTESIAN_POINT ( 'NONE',  ( 30.18211713789931139, 15.48641401289931174, 1.500000000000000444 ) ) ;
#5003 = DIRECTION ( 'NONE',  ( 1.734723475976806709E-18, 1.000000000000000000, 0.000000000000000000 ) ) ;
#5004 = ORIENTED_EDGE ( 'NONE', *, *, #6638, .T. ) ;
#5005 = EDGE_LOOP ( 'NONE', ( #3250, #1300, #2908, #6154, #4142 ) ) ;
#5006 = DIRECTION ( 'NONE',  ( 1.000000000000000000, -1.734723475976806709E-18, 0.000000000000000000 ) ) ;
#5007 = VERTEX_POINT ( 'NONE', #5045 ) ;
#5008 = EDGE_CURVE ( 'NONE', #810, #3774, #3142, .T. ) ;
#5009 = ORIENTED_EDGE ( 'NONE', *, *, #2213, .T. ) ;
#5010 = VECTOR ( 'NONE', #7059, 1000.000000000000000 ) ;
#5011 = CARTESIAN_POINT ( 'NONE',  ( -76.01788286210067724, 20.78641401289931778, 1.500000000000000444 ) ) ;
#5012 = VERTEX_POINT ( 'NONE', #2024 ) ;
#5013 = VERTEX_POINT ( 'NONE', #1351 ) ;
#5014 = DIRECTION ( 'NONE',  ( 0.000000000000000000, -1.000000000000000000, 0.000000000000000000 ) ) ;
#5015 = EDGE_LOOP ( 'NONE', ( #6627, #5427, #7025, #6112 ) ) ;
#5016 = CARTESIAN_POINT ( 'NONE',  ( -91.75000000000001421, 25.65429687500000355, 0.3999999999999837019 ) ) ;
#5017 = VECTOR ( 'NONE', #5334, 1000.000000000000000 ) ;
#5018 = DIRECTION ( 'NONE',  ( 0.000000000000000000, 0.000000000000000000, -1.000000000000000000 ) ) ;
#5019 = EDGE_CURVE ( 'NONE', #6831, #1818, #1264, .T. ) ;
#5020 = DIRECTION ( 'NONE',  ( 1.000000000000000000, 0.000000000000000000, 0.000000000000000000 ) ) ;
#5021 = APPROVAL_DATE_TIME ( #4982, #2218 ) ;
#5022 = LINE ( 'NONE', #1958, #4953 ) ;
#5023 = LINE ( 'NONE', #6976, #4831 ) ;
#5024 = ORIENTED_EDGE ( 'NONE', *, *, #1220, .F. ) ;
#5025 = CARTESIAN_POINT ( 'NONE',  ( -78.30364200201769620, 23.15429687499998579, 4.000000000000000000 ) ) ;
#5026 = ORIENTED_EDGE ( 'NONE', *, *, #6742, .T. ) ;
#5027 = CARTESIAN_POINT ( 'NONE',  ( 13.67847513588160702, 13.13641401289931210, 6.000000000000000000 ) ) ;
#5028 = VECTOR ( 'NONE', #1574, 1000.000000000000000 ) ;
#5029 = LINE ( 'NONE', #4390, #1719 ) ;
#5030 = VECTOR ( 'NONE', #4894, 1000.000000000000000 ) ;
#5031 = LINE ( 'NONE', #7620, #4632 ) ;
#5032 = CARTESIAN_POINT ( 'NONE',  ( -0.01666666666985672229, 71.52096354166826586, 46.26666666666665861 ) ) ;
#5033 = EDGE_CURVE ( 'NONE', #2577, #3305, #1225, .T. ) ;
#5034 = EDGE_CURVE ( 'NONE', #4996, #852, #89, .T. ) ;
#5035 = DIRECTION ( 'NONE',  ( 2.790120544412995478E-34, 1.608394988049553126E-16, -1.000000000000000000 ) ) ;
#5036 = ORIENTED_EDGE ( 'NONE', *, *, #7186, .T. ) ;
#5037 = VERTEX_POINT ( 'NONE', #3953 ) ;
#5038 = DIRECTION ( 'NONE',  ( 0.000000000000000000, -0.000000000000000000, 1.000000000000000000 ) ) ;
#5039 = LINE ( 'NONE', #6305, #6163 ) ;
#5040 = VECTOR ( 'NONE', #7933, 1000.000000000000000 ) ;
#5041 = ORIENTED_EDGE ( 'NONE', *, *, #8134, .T. ) ;
#5042 = LINE ( 'NONE', #717, #3950 ) ;
#5043 = ADVANCED_FACE ( 'NONE', ( #1980 ), #7086, .F. ) ;
#5044 = FACE_OUTER_BOUND ( 'NONE', #4476, .T. ) ;
#5045 = CARTESIAN_POINT ( 'NONE',  ( -36.49635799798232938, 13.15429687499999112, 4.000000000000000000 ) ) ;
#5046 = ORIENTED_EDGE ( 'NONE', *, *, #458, .T. ) ;
#5047 = ORIENTED_EDGE ( 'NONE', *, *, #138, .F. ) ;
#5048 = FACE_OUTER_BOUND ( 'NONE', #3852, .T. ) ;
#5049 = VERTEX_POINT ( 'NONE', #4537 ) ;
#5050 = ORIENTED_EDGE ( 'NONE', *, *, #3541, .T. ) ;
#5051 = DIRECTION ( 'NONE',  ( -0.000000000000000000, -0.000000000000000000, 1.000000000000000000 ) ) ;
#5052 = ORIENTED_EDGE ( 'NONE', *, *, #7913, .T. ) ;
#5053 = EDGE_CURVE ( 'NONE', #2286, #6794, #6396, .T. ) ;
#5054 = ORIENTED_EDGE ( 'NONE', *, *, #2249, .F. ) ;
#5055 = DIRECTION ( 'NONE',  ( -0.000000000000000000, -1.000000000000000000, -0.000000000000000000 ) ) ;
#5056 = ADVANCED_FACE ( 'NONE', ( #7762 ), #2480, .F. ) ;
#5057 = ORIENTED_EDGE ( 'NONE', *, *, #5805, .T. ) ;
#5058 = LINE ( 'NONE', #3158, #2006 ) ;
#5059 = ADVANCED_FACE ( 'NONE', ( #1390 ), #3777, .F. ) ;
#5060 = LINE ( 'NONE', #1192, #7739 ) ;
#5061 = CARTESIAN_POINT ( 'NONE',  ( -84.75000000000001421, 13.15429687499998934, 6.000000000000000000 ) ) ;
#5062 = DIRECTION ( 'NONE',  ( 0.000000000000000000, 0.000000000000000000, 1.000000000000000000 ) ) ;
#5063 = LINE ( 'NONE', #2418, #2561 ) ;
#5064 = VERTEX_POINT ( 'NONE', #8313 ) ;
#5065 = DIRECTION ( 'NONE',  ( 1.000000000000000000, 0.000000000000000000, 0.000000000000000000 ) ) ;
#5066 = ORIENTED_EDGE ( 'NONE', *, *, #7995, .F. ) ;
#5067 = CARTESIAN_POINT ( 'NONE',  ( -83.06788286210067440, 20.80448725967914925, 0.5000000000000004441 ) ) ;
#5068 = ORIENTED_EDGE ( 'NONE', *, *, #4396, .F. ) ;
#5069 = LINE ( 'NONE', #6980, #1194 ) ;
#5070 = EDGE_CURVE ( 'NONE', #7769, #3759, #2517, .T. ) ;
#5071 = PLANE ( 'NONE',  #3051 ) ;
#5072 = CARTESIAN_POINT ( 'NONE',  ( -7.017882862100671915, 20.78641401289931778, 1.500000000000000444 ) ) ;
#5073 = FACE_OUTER_BOUND ( 'NONE', #118, .T. ) ;
#5074 = VECTOR ( 'NONE', #2836, 1000.000000000000000 ) ;
#5075 = PLANE ( 'NONE',  #1357 ) ;
#5076 = ORIENTED_EDGE ( 'NONE', *, *, #5019, .T. ) ;
#5077 = VERTEX_POINT ( 'NONE', #4498 ) ;
#5078 = DIRECTION ( 'NONE',  ( -1.000000000000000000, -6.546126324440782623E-16, -0.000000000000000000 ) ) ;
#5079 = PLANE ( 'NONE',  #3597 ) ;
#5080 = VECTOR ( 'NONE', #747, 1000.000000000000000 ) ;
#5081 = ORIENTED_EDGE ( 'NONE', *, *, #1265, .F. ) ;
#5082 = DIRECTION ( 'NONE',  ( -0.000000000000000000, 0.000000000000000000, 1.000000000000000000 ) ) ;
#5083 = DIRECTION ( 'NONE',  ( 0.000000000000000000, 1.000000000000000000, 0.000000000000000000 ) ) ;
#5084 = DIRECTION ( 'NONE',  ( -0.000000000000000000, -0.000000000000000000, 1.000000000000000000 ) ) ;
#5085 = VECTOR ( 'NONE', #1190, 1000.000000000000000 ) ;
#5086 = ORIENTED_EDGE ( 'NONE', *, *, #4358, .F. ) ;
#5087 = EDGE_LOOP ( 'NONE', ( #3403, #5661, #2773, #7223, #4022, #8135, #725, #7773 ) ) ;
#5088 = DIRECTION ( 'NONE',  ( 0.000000000000000000, -1.000000000000000000, 0.000000000000000000 ) ) ;
#5089 = APPROVAL ( #6547, 'UNSPECIFIED' ) ;
#5090 = ORIENTED_EDGE ( 'NONE', *, *, #1623, .F. ) ;
#5091 = EDGE_CURVE ( 'NONE', #4961, #2282, #5678, .T. ) ;
#5092 = VECTOR ( 'NONE', #4891, 1000.000000000000000 ) ;
#5093 = VERTEX_POINT ( 'NONE', #3230 ) ;
#5094 = DIRECTION ( 'NONE',  ( -0.000000000000000000, -0.000000000000000000, 1.000000000000000000 ) ) ;
#5095 = CARTESIAN_POINT ( 'NONE',  ( -32.32152486411842318, 23.17217973710070567, 6.000000000000000000 ) ) ;
#5096 = AXIS2_PLACEMENT_3D ( 'NONE', #5726, #512, #6882 ) ;
#5097 = ORIENTED_EDGE ( 'NONE', *, *, #1573, .T. ) ;
#5098 = AXIS2_PLACEMENT_3D ( 'NONE', #944, #4296, #318 ) ;
#5099 = ORIENTED_EDGE ( 'NONE', *, *, #7570, .F. ) ;
#5100 = CARTESIAN_POINT ( 'NONE',  ( -91.75000000000001421, 15.45793887701772285, 3.999999999999999112 ) ) ;
#5101 = VERTEX_POINT ( 'NONE', #5804 ) ;
#5102 = CARTESIAN_POINT ( 'NONE',  ( 7.199999999999942446, 15.45793887701772285, 2.499999999999999112 ) ) ;
#5103 = ADVANCED_FACE ( 'NONE', ( #4404 ), #4457, .F. ) ;
#5104 = VECTOR ( 'NONE', #4558, 1000.000000000000000 ) ;
#5105 = VECTOR ( 'NONE', #7754, 1000.000000000000114 ) ;
#5106 = DIRECTION ( 'NONE',  ( 1.000000000000000000, 0.000000000000000000, 0.000000000000000000 ) ) ;
#5107 = CARTESIAN_POINT ( 'NONE',  ( -75.99999999999998579, 15.45793887701772285, 4.000000000000000000 ) ) ;
#5108 = PERSON_AND_ORGANIZATION ( #860, #5392 ) ;
#5109 = EDGE_CURVE ( 'NONE', #8068, #7250, #6998, .T. ) ;
#5110 = LINE ( 'NONE', #610, #3227 ) ;
#5111 = ORIENTED_EDGE ( 'NONE', *, *, #4750, .T. ) ;
#5112 = FACE_OUTER_BOUND ( 'NONE', #1438, .T. ) ;
#5113 = ORIENTED_EDGE ( 'NONE', *, *, #4698, .T. ) ;
#5114 = AXIS2_PLACEMENT_3D ( 'NONE', #4410, #6957, #5006 ) ;
#5115 = LINE ( 'NONE', #3761, #4265 ) ;
#5116 = VECTOR ( 'NONE', #6113, 1000.000000000000000 ) ;
#5117 = ORIENTED_EDGE ( 'NONE', *, *, #1835, .F. ) ;
#5118 = DIRECTION ( 'NONE',  ( 0.7071067811865466846, 0.7071067811865483499, 1.137307002876296298E-16 ) ) ;
#5119 = ADVANCED_FACE ( 'NONE', ( #2687 ), #5889, .F. ) ;
#5120 = LINE ( 'NONE', #4992, #781 ) ;
#5121 = VECTOR ( 'NONE', #624, 1000.000000000000000 ) ;
#5122 = CARTESIAN_POINT ( 'NONE',  ( -36.47847513588163793, 23.17217973710070567, 1.500000000000000444 ) ) ;
#5123 = DIRECTION ( 'NONE',  ( -0.7071067811865479058, 0.7071067811865471286, 0.000000000000000000 ) ) ;
#5124 = EDGE_CURVE ( 'NONE', #4026, #5948, #880, .T. ) ;
#5125 = CARTESIAN_POINT ( 'NONE',  ( -32.30364200201770331, 23.15429687499999289, 1.500000000000000444 ) ) ;
#5126 = DIRECTION ( 'NONE',  ( -6.938893903907222067E-15, 1.000000000000000000, 0.000000000000000000 ) ) ;
#5127 = ORIENTED_EDGE ( 'NONE', *, *, #6817, .T. ) ;
#5128 = VERTEX_POINT ( 'NONE', #5261 ) ;
#5129 = DIRECTION ( 'NONE',  ( -0.000000000000000000, -0.000000000000000000, 1.000000000000000000 ) ) ;
#5130 = LINE ( 'NONE', #2601, #2400 ) ;
#5131 = ORIENTED_EDGE ( 'NONE', *, *, #5972, .F. ) ;
#5132 = CARTESIAN_POINT ( 'NONE',  ( -13.41788286210068826, 20.78641401289931778, 0.5000000000000004441 ) ) ;
#5133 = DIRECTION ( 'NONE',  ( -0.000000000000000000, -0.000000000000000000, 1.000000000000000000 ) ) ;
#5134 = ORIENTED_EDGE ( 'NONE', *, *, #8041, .T. ) ;
#5135 = ORIENTED_EDGE ( 'NONE', *, *, #4304, .F. ) ;
#5136 = DIRECTION ( 'NONE',  ( 0.000000000000000000, 0.000000000000000000, -1.000000000000000000 ) ) ;
#5137 = VERTEX_POINT ( 'NONE', #3311 ) ;
#5138 = ORIENTED_EDGE ( 'NONE', *, *, #4902, .F. ) ;
#5139 = CARTESIAN_POINT ( 'NONE',  ( -38.81788286210068151, 15.48641401289931174, 0.5000000000000004441 ) ) ;
#5140 = EDGE_CURVE ( 'NONE', #6340, #5399, #3433, .T. ) ;
#5141 = EDGE_CURVE ( 'NONE', #4763, #3684, #3990, .T. ) ;
#5142 = MANIFOLD_SOLID_BREP ( 'Cut-Extrude16', #2076 ) ;
#5143 = LINE ( 'NONE', #3066, #1473 ) ;
#5144 = VERTEX_POINT ( 'NONE', #2803 ) ;
#5145 = VERTEX_POINT ( 'NONE', #841 ) ;
#5146 = CARTESIAN_POINT ( 'NONE',  ( -91.75000000000001421, 25.25429687499997655, 5.400000000000025224 ) ) ;
#5147 = DIRECTION ( 'NONE',  ( 0.000000000000000000, -0.000000000000000000, 1.000000000000000000 ) ) ;
#5148 = CARTESIAN_POINT ( 'NONE',  ( 32.58211713789929576, 22.78641401289931778, 0.5000000000000004441 ) ) ;
#5149 = DIRECTION ( 'NONE',  ( 0.7071067811865474617, -0.7071067811865474617, 0.000000000000000000 ) ) ;
#5150 = ADVANCED_FACE ( 'NONE', ( #5977 ), #4032, .F. ) ;
#5151 = PERSON_AND_ORGANIZATION_ROLE ( 'design_owner' ) ;
#5152 = DIRECTION ( 'NONE',  ( 1.000000000000000000, 0.000000000000000000, -0.000000000000000000 ) ) ;
#5153 = EDGE_LOOP ( 'NONE', ( #3860, #271, #1904, #7129, #3607, #6325, #6662, #4126 ) ) ;
#5154 = VECTOR ( 'NONE', #936, 1000.000000000000000 ) ;
#5155 = DIRECTION ( 'NONE',  ( 0.000000000000000000, -1.000000000000000000, 0.000000000000000000 ) ) ;
#5156 = ORIENTED_EDGE ( 'NONE', *, *, #6562, .F. ) ;
#5157 = EDGE_LOOP ( 'NONE', ( #4467, #4850, #4321 ) ) ;
#5158 = CARTESIAN_POINT ( 'NONE',  ( -55.41788286210067582, 20.78641401289931778, 0.5000000000000004441 ) ) ;
#5159 = EDGE_LOOP ( 'NONE', ( #5818, #553, #7812, #7311 ) ) ;
#5160 = CARTESIAN_POINT ( 'NONE',  ( -39.41788286210071135, 16.07582173911837486, 2.499999999999999112 ) ) ;
#5161 = DIRECTION ( 'NONE',  ( -0.000000000000000000, -0.000000000000000000, 1.000000000000000000 ) ) ;
#5162 = DIRECTION ( 'NONE',  ( 6.938893903907228378E-15, 1.000000000000000000, -0.000000000000000000 ) ) ;
#5163 = CARTESIAN_POINT ( 'NONE',  ( -6.999999999999982236, 15.45793887701772285, 4.000000000000000000 ) ) ;
#5164 = DIRECTION ( 'NONE',  ( 1.000000000000000000, 0.000000000000000000, 0.000000000000000000 ) ) ;
#5165 = CARTESIAN_POINT ( 'NONE',  ( -59.41788286210069714, 15.48641401289931174, 0.5000000000000004441 ) ) ;
#5166 = ORIENTED_EDGE ( 'NONE', *, *, #1349, .F. ) ;
#5167 = EDGE_CURVE ( 'NONE', #2168, #4434, #5300, .T. ) ;
#5168 = ORIENTED_EDGE ( 'NONE', *, *, #1240, .F. ) ;
#5169 = DIRECTION ( 'NONE',  ( -0.7071067811865474617, 0.7071067811865474617, 0.000000000000000000 ) ) ;
#5170 = VECTOR ( 'NONE', #2294, 1000.000000000000000 ) ;
#5171 = DIRECTION ( 'NONE',  ( -1.000000000000000000, 0.000000000000000000, 0.000000000000000000 ) ) ;
#5172 = VECTOR ( 'NONE', #4415, 1000.000000000000000 ) ;
#5173 = VERTEX_POINT ( 'NONE', #8011 ) ;
#5174 = DIRECTION ( 'NONE',  ( 1.000000000000000000, 0.000000000000000000, 0.000000000000000000 ) ) ;
#5175 = DIRECTION ( 'NONE',  ( -0.000000000000000000, -0.000000000000000000, 1.000000000000000000 ) ) ;
#5176 = VECTOR ( 'NONE', #3693, 1000.000000000000000 ) ;
#5177 = ORIENTED_EDGE ( 'NONE', *, *, #4522, .F. ) ;
#5178 = ORIENTED_EDGE ( 'NONE', *, *, #1710, .T. ) ;
#5179 = LINE ( 'NONE', #5979, #1090 ) ;
#5180 = VERTEX_POINT ( 'NONE', #171 ) ;
#5181 = EDGE_CURVE ( 'NONE', #402, #8175, #2726, .T. ) ;
#5182 = ORIENTED_EDGE ( 'NONE', *, *, #4146, .F. ) ;
#5183 = DIRECTION ( 'NONE',  ( 0.000000000000000000, -0.000000000000000000, 1.000000000000000000 ) ) ;
#5184 = LINE ( 'NONE', #3869, #1065 ) ;
#5185 = ORIENTED_EDGE ( 'NONE', *, *, #172, .F. ) ;
#5186 = ORIENTED_EDGE ( 'NONE', *, *, #5807, .T. ) ;
#5187 = CARTESIAN_POINT ( 'NONE',  ( 9.503642002017656409, 23.15429687499999645, 1.500000000000000444 ) ) ;
#5188 = FACE_OUTER_BOUND ( 'NONE', #1045, .T. ) ;
#5189 = EDGE_CURVE ( 'NONE', #7305, #8322, #1590, .T. ) ;
#5190 = ADVANCED_FACE ( 'NONE', ( #1511 ), #1467, .F. ) ;
#5191 = DIRECTION ( 'NONE',  ( -0.000000000000000000, -1.000000000000000000, -0.000000000000000000 ) ) ;
#5192 = LINE ( 'NONE', #7779, #6471 ) ;
#5193 = ORIENTED_EDGE ( 'NONE', *, *, #2523, .T. ) ;
#5194 = CARTESIAN_POINT ( 'NONE',  ( -89.64644660940673759, 23.05074348440672694, 0.5999999999999998668 ) ) ;
#5195 = ORIENTED_EDGE ( 'NONE', *, *, #6694, .F. ) ;
#5196 = VERTEX_POINT ( 'NONE', #7888 ) ;
#5197 = CARTESIAN_POINT ( 'NONE',  ( -13.41788286210068826, 15.48641401289931174, 1.500000000000000444 ) ) ;
#5198 = VERTEX_POINT ( 'NONE', #210 ) ;
#5199 = CARTESIAN_POINT ( 'NONE',  ( 15.98211713789932098, 15.50448725967914143, 0.5000000000000004441 ) ) ;
#5200 = EDGE_CURVE ( 'NONE', #6361, #6884, #2103, .T. ) ;
#5201 = EDGE_CURVE ( 'NONE', #2557, #3157, #7292, .T. ) ;
#5202 = DIRECTION ( 'NONE',  ( 1.000000000000000000, -1.734723475976806709E-18, -0.000000000000000000 ) ) ;
#5203 = CARTESIAN_POINT ( 'NONE',  ( -55.41788286210066161, 15.48641401289931174, 1.500000000000000444 ) ) ;
#5204 = CARTESIAN_POINT ( 'NONE',  ( 23.00000000000000000, 0.000000000000000000, 0.5000000000000004441 ) ) ;
#5205 = DIRECTION ( 'NONE',  ( -0.000000000000000000, 0.000000000000000000, 1.000000000000000000 ) ) ;
#5206 = CARTESIAN_POINT ( 'NONE',  ( -91.48333333333333428, 25.52096354166665648, 0.2666666666666434593 ) ) ;
#5207 = VERTEX_POINT ( 'NONE', #7925 ) ;
#5208 = DIRECTION ( 'NONE',  ( -0.000000000000000000, -0.000000000000000000, 1.000000000000000000 ) ) ;
#5209 = ORIENTED_EDGE ( 'NONE', *, *, #4739, .F. ) ;
#5210 = CARTESIAN_POINT ( 'NONE',  ( -14.06788286210067263, 0.000000000000000000, 0.000000000000000000 ) ) ;
#5211 = UNCERTAINTY_MEASURE_WITH_UNIT (LENGTH_MEASURE( 1.000000000000000082E-05 ), #6334, 'distance_accuracy_value', 'NONE');
#5212 = CARTESIAN_POINT ( 'NONE',  ( -52.99999999999998579, 20.85065487298227183, 2.500000000000000000 ) ) ;
#5213 = EDGE_CURVE ( 'NONE', #7600, #2666, #4703, .T. ) ;
#5214 = AXIS2_PLACEMENT_3D ( 'NONE', #442, #2997, #2336 ) ;
#5215 = VERTEX_POINT ( 'NONE', #4115 ) ;
#5216 = LINE ( 'NONE', #6054, #7319 ) ;
#5217 = PLANE ( 'NONE',  #8078 ) ;
#5218 = EDGE_CURVE ( 'NONE', #5513, #3684, #4659, .T. ) ;
#5219 = VECTOR ( 'NONE', #8090, 1000.000000000000000 ) ;
#5220 = ORIENTED_EDGE ( 'NONE', *, *, #483, .T. ) ;
#5221 = DIRECTION ( 'NONE',  ( 1.000000000000000000, 1.259073490628327444E-16, -0.000000000000000000 ) ) ;
#5222 = ORIENTED_EDGE ( 'NONE', *, *, #3316, .F. ) ;
#5223 = ORIENTED_EDGE ( 'NONE', *, *, #4594, .T. ) ;
#5224 = AXIS2_PLACEMENT_3D ( 'NONE', #4250, #2831, #7312 ) ;
#5225 = EDGE_CURVE ( 'NONE', #3072, #7130, #4783, .T. ) ;
#5226 = DIRECTION ( 'NONE',  ( 0.000000000000000000, 0.000000000000000000, -1.000000000000000000 ) ) ;
#5227 = EDGE_CURVE ( 'NONE', #6236, #1950, #7373, .T. ) ;
#5228 = CARTESIAN_POINT ( 'NONE',  ( 6.582117137899287762, 20.23277201088163224, 2.500000000000000000 ) ) ;
#5229 = ORIENTED_EDGE ( 'NONE', *, *, #7293, .F. ) ;
#5230 = EDGE_LOOP ( 'NONE', ( #5239, #513, #4748, #3273 ) ) ;
#5231 = DIRECTION ( 'NONE',  ( 0.000000000000000000, 1.000000000000000000, 0.000000000000000000 ) ) ;
#5232 = VECTOR ( 'NONE', #2107, 1000.000000000000000 ) ;
#5233 = LINE ( 'NONE', #7823, #1001 ) ;
#5234 = AXIS2_PLACEMENT_3D ( 'NONE', #3400, #850, #3320 ) ;
#5235 = VECTOR ( 'NONE', #4683, 1000.000000000000000 ) ;
#5236 = CARTESIAN_POINT ( 'NONE',  ( -31.76788286210068080, 20.78641401289931778, 0.5000000000000004441 ) ) ;
#5237 = ORIENTED_EDGE ( 'NONE', *, *, #7935, .T. ) ;
#5238 = PLANE ( 'NONE',  #6597 ) ;
#5239 = ORIENTED_EDGE ( 'NONE', *, *, #3028, .T. ) ;
#5240 = VERTEX_POINT ( 'NONE', #7213 ) ;
#5241 = CARTESIAN_POINT ( 'NONE',  ( -60.06788286210068151, 15.48641401289931174, 1.500000000000000444 ) ) ;
#5242 = LINE ( 'NONE', #2712, #5092 ) ;
#5243 = AXIS2_PLACEMENT_3D ( 'NONE', #4604, #4054, #5957 ) ;
#5244 = VECTOR ( 'NONE', #3623, 1000.000000000000000 ) ;
#5245 = CARTESIAN_POINT ( 'NONE',  ( 39.25000000000000000, 13.15429687500000355, 6.000000000000000000 ) ) ;
#5246 = DIRECTION ( 'NONE',  ( -0.000000000000000000, -0.000000000000000000, 1.000000000000000000 ) ) ;
#5247 = DIRECTION ( 'NONE',  ( -0.000000000000000000, 0.000000000000000000, 1.000000000000000000 ) ) ;
#5248 = AXIS2_PLACEMENT_3D ( 'NONE', #8243, #2451, #1821 ) ;
#5249 = CARTESIAN_POINT ( 'NONE',  ( -9.321524864118412523, 23.17217973710070567, 1.500000000000000444 ) ) ;
#5250 = EDGE_CURVE ( 'NONE', #3124, #5101, #6569, .T. ) ;
#5251 = VECTOR ( 'NONE', #7537, 1000.000000000000000 ) ;
#5252 = DIRECTION ( 'NONE',  ( -0.7071067811865466846, -0.7071067811865483499, 0.000000000000000000 ) ) ;
#5253 = ORIENTED_EDGE ( 'NONE', *, *, #5676, .T. ) ;
#5254 = PLANE ( 'NONE',  #3891 ) ;
#5255 = ORIENTED_EDGE ( 'NONE', *, *, #4997, .T. ) ;
#5256 = CARTESIAN_POINT ( 'NONE',  ( -13.41788286210068826, 15.48641401289931174, 0.5000000000000004441 ) ) ;
#5257 = DIRECTION ( 'NONE',  ( -1.000000000000000000, 0.000000000000000000, 0.000000000000000000 ) ) ;
#5258 = AXIS2_PLACEMENT_3D ( 'NONE', #131, #7175, #7807 ) ;
#5259 = CARTESIAN_POINT ( 'NONE',  ( 9.582117137899304637, 22.78641401289931778, 0.5000000000000004441 ) ) ;
#5260 = LINE ( 'NONE', #6012, #3530 ) ;
#5261 = CARTESIAN_POINT ( 'NONE',  ( -13.49635799798231872, 13.15429687499999289, 6.000000000000000000 ) ) ;
#5262 = EDGE_CURVE ( 'NONE', #821, #3707, #7581, .T. ) ;
#5263 = VECTOR ( 'NONE', #1154, 1000.000000000000000 ) ;
#5264 = VERTEX_POINT ( 'NONE', #3011 ) ;
#5265 = ORIENTED_EDGE ( 'NONE', *, *, #1313, .T. ) ;
#5266 = LINE ( 'NONE', #5302, #290 ) ;
#5267 = ORIENTED_EDGE ( 'NONE', *, *, #773, .T. ) ;
#5268 = CC_DESIGN_APPROVAL ( #5089, ( #4719 ) ) ;
#5269 = EDGE_LOOP ( 'NONE', ( #380, #6292, #297, #6868 ) ) ;
#5270 = CARTESIAN_POINT ( 'NONE',  ( 39.25000000000000000, 13.90429687500000178, 4.000000000000000000 ) ) ;
#5271 = DIRECTION ( 'NONE',  ( -1.000000000000000000, 0.000000000000000000, 0.000000000000000000 ) ) ;
#5272 = ORIENTED_EDGE ( 'NONE', *, *, #2620, .T. ) ;
#5273 = VERTEX_POINT ( 'NONE', #5582 ) ;
#5274 = PLANE ( 'NONE',  #7821 ) ;
#5275 = EDGE_CURVE ( 'NONE', #2199, #5624, #6177, .T. ) ;
#5276 = EDGE_CURVE ( 'NONE', #6006, #5093, #6260, .T. ) ;
#5277 = DIRECTION ( 'NONE',  ( -0.000000000000000000, -1.000000000000000000, -0.000000000000000000 ) ) ;
#5278 = LINE ( 'NONE', #2661, #953 ) ;
#5279 = ORIENTED_EDGE ( 'NONE', *, *, #5070, .T. ) ;
#5280 = LINE ( 'NONE', #2167, #8085 ) ;
#5281 = EDGE_LOOP ( 'NONE', ( #2662, #6201, #7992, #5068 ) ) ;
#5282 = ORIENTED_EDGE ( 'NONE', *, *, #1552, .T. ) ;
#5283 = FACE_OUTER_BOUND ( 'NONE', #3746, .T. ) ;
#5284 = CARTESIAN_POINT ( 'NONE',  ( -91.75000000000001421, 22.40429687500000711, 1.000000000000000000 ) ) ;
#5285 = EDGE_CURVE ( 'NONE', #7930, #810, #1126, .T. ) ;
#5286 = CARTESIAN_POINT ( 'NONE',  ( 15.98211713789932098, 20.78641401289931778, 0.5000000000000004441 ) ) ;
#5287 = DIRECTION ( 'NONE',  ( 0.000000000000000000, -1.000000000000000000, 0.000000000000000000 ) ) ;
#5288 = CARTESIAN_POINT ( 'NONE',  ( -14.06788286210067263, 20.80448725967914925, 0.5000000000000004441 ) ) ;
#5289 = AXIS2_PLACEMENT_3D ( 'NONE', #2263, #5539, #6175 ) ;
#5290 = CARTESIAN_POINT ( 'NONE',  ( -59.49635799798235780, 23.15429687499998579, 6.000000000000000000 ) ) ;
#5291 = CARTESIAN_POINT ( 'NONE',  ( -84.75000000000001421, 13.90429687500000355, 1.000000000000000000 ) ) ;
#5292 = VERTEX_POINT ( 'NONE', #2892 ) ;
#5293 = LINE ( 'NONE', #1505, #5770 ) ;
#5294 = ORIENTED_EDGE ( 'NONE', *, *, #3666, .F. ) ;
#5295 = LINE ( 'NONE', #5372, #665 ) ;
#5296 = EDGE_CURVE ( 'NONE', #6274, #7556, #3595, .T. ) ;
#5297 = EDGE_CURVE ( 'NONE', #6348, #3058, #332, .T. ) ;
#5298 = CARTESIAN_POINT ( 'NONE',  ( 13.67847513588160702, 13.13641401289931210, 2.499999999999998668 ) ) ;
#5299 = DIRECTION ( 'NONE',  ( 1.000000000000000000, 0.000000000000000000, -0.000000000000000000 ) ) ;
#5300 = LINE ( 'NONE', #5377, #6734 ) ;
#5301 = ORIENTED_EDGE ( 'NONE', *, *, #7169, .T. ) ;
#5302 = CARTESIAN_POINT ( 'NONE',  ( 32.58211713789929576, 22.78641401289931778, 0.5000000000000004441 ) ) ;
#5303 = EDGE_CURVE ( 'NONE', #7858, #1330, #1635, .T. ) ;
#5304 = ORIENTED_EDGE ( 'NONE', *, *, #2906, .T. ) ;
#5305 = CARTESIAN_POINT ( 'NONE',  ( 114.9999999999999858, 15.48641401289931174, 0.000000000000000000 ) ) ;
#5306 = AXIS2_PLACEMENT_3D ( 'NONE', #1500, #6639, #867 ) ;
#5307 = CARTESIAN_POINT ( 'NONE',  ( -60.06788286210068151, 20.78641401289931423, -2.999999999999999112 ) ) ;
#5308 = EDGE_LOOP ( 'NONE', ( #4366, #3833, #4327, #5881, #561, #2280, #2483, #7853 ) ) ;
#5309 = ORIENTED_EDGE ( 'NONE', *, *, #7253, .T. ) ;
#5310 = CARTESIAN_POINT ( 'NONE',  ( -9.417882862100658059, 15.48641401289931174, 0.5000000000000004441 ) ) ;
#5311 = EDGE_CURVE ( 'NONE', #6723, #3636, #3557, .T. ) ;
#5312 = ORIENTED_EDGE ( 'NONE', *, *, #5526, .F. ) ;
#5313 = LINE ( 'NONE', #147, #461 ) ;
#5314 = EDGE_CURVE ( 'NONE', #5781, #153, #1709, .T. ) ;
#5315 = DIRECTION ( 'NONE',  ( 0.000000000000000000, 0.000000000000000000, -1.000000000000000000 ) ) ;
#5316 = ORIENTED_EDGE ( 'NONE', *, *, #4543, .T. ) ;
#5317 = DIRECTION ( 'NONE',  ( 1.000000000000000000, 0.000000000000000000, 0.000000000000000000 ) ) ;
#5318 = VERTEX_POINT ( 'NONE', #1758 ) ;
#5319 = ORIENTED_EDGE ( 'NONE', *, *, #1773, .T. ) ;
#5320 = EDGE_CURVE ( 'NONE', #6309, #2864, #4995, .T. ) ;
#5321 = CARTESIAN_POINT ( 'NONE',  ( -84.75000000000001421, 13.15429687499998934, 6.000000000000000000 ) ) ;
#5322 = DIRECTION ( 'NONE',  ( -0.7071067811865479058, 0.7071067811865471286, 1.137307002876294326E-16 ) ) ;
#5323 = CARTESIAN_POINT ( 'NONE',  ( 29.58211713789928154, 16.07582173911837486, 6.000000000000000000 ) ) ;
#5324 = PLANE ( 'NONE',  #2086 ) ;
#5325 = CARTESIAN_POINT ( 'NONE',  ( 0.000000000000000000, 0.000000000000000000, 6.000000000000000000 ) ) ;
#5326 = DIRECTION ( 'NONE',  ( -0.000000000000000000, -1.000000000000000000, -0.000000000000000000 ) ) ;
#5327 = CARTESIAN_POINT ( 'NONE',  ( 46.25000000000000000, 22.40429687500000355, 1.000000000000000000 ) ) ;
#5328 = EDGE_LOOP ( 'NONE', ( #4458, #8244, #5883, #792, #4538, #130 ) ) ;
#5329 = ADVANCED_FACE ( 'NONE', ( #8174 ), #3516, .F. ) ;
#5330 = PLANE ( 'NONE',  #1204 ) ;
#5331 = ORIENTED_EDGE ( 'NONE', *, *, #2085, .F. ) ;
#5332 = LINE ( 'NONE', #4697, #7134 ) ;
#5333 = DIRECTION ( 'NONE',  ( 0.000000000000000000, 0.000000000000000000, -1.000000000000000000 ) ) ;
#5334 = DIRECTION ( 'NONE',  ( 9.251858538542971828E-16, -1.000000000000000000, 0.000000000000000000 ) ) ;
#5335 = DIRECTION ( 'NONE',  ( -1.000000000000000000, 0.000000000000000000, 0.000000000000000000 ) ) ;
#5336 = EDGE_CURVE ( 'NONE', #2377, #3621, #7459, .T. ) ;
#5337 = ORIENTED_EDGE ( 'NONE', *, *, #1168, .T. ) ;
#5338 = DIRECTION ( 'NONE',  ( -0.7071067811865471286, 0.7071067811865479058, 0.000000000000000000 ) ) ;
#5339 = CARTESIAN_POINT ( 'NONE',  ( -13.41788286210068826, 20.78641401289931778, 0.5000000000000004441 ) ) ;
#5340 = ORIENTED_EDGE ( 'NONE', *, *, #2025, .T. ) ;
#5341 = CARTESIAN_POINT ( 'NONE',  ( 92.00000000000000000, 15.48641401289931174, 0.000000000000000000 ) ) ;
#5342 = VECTOR ( 'NONE', #291, 1000.000000000000000 ) ;
#5343 = FACE_OUTER_BOUND ( 'NONE', #6921, .T. ) ;
#5344 = ADVANCED_FACE ( 'NONE', ( #3643 ), #4316, .T. ) ;
#5345 = ORIENTED_EDGE ( 'NONE', *, *, #4666, .T. ) ;
#5346 = ORIENTED_EDGE ( 'NONE', *, *, #5091, .T. ) ;
#5347 = CARTESIAN_POINT ( 'NONE',  ( -78.41788286210068293, 20.78641401289931778, 0.5000000000000004441 ) ) ;
#5348 = ORIENTED_EDGE ( 'NONE', *, *, #3562, .F. ) ;
#5349 = VECTOR ( 'NONE', #3893, 1000.000000000000000 ) ;
#5350 = ORIENTED_EDGE ( 'NONE', *, *, #7424, .F. ) ;
#5351 = LINE ( 'NONE', #7944, #2464 ) ;
#5352 = CARTESIAN_POINT ( 'NONE',  ( -82.41788286210069714, 13.48641401289930997, 0.5000000000000004441 ) ) ;
#5353 = ADVANCED_FACE ( 'NONE', ( #4195 ), #416, .F. ) ;
#5354 = ORIENTED_EDGE ( 'NONE', *, *, #5687, .T. ) ;
#5355 = VECTOR ( 'NONE', #1891, 1000.000000000000000 ) ;
#5356 = CARTESIAN_POINT ( 'NONE',  ( 0.000000000000000000, 11.05429687500000036, 0.000000000000000000 ) ) ;
#5357 = ORIENTED_EDGE ( 'NONE', *, *, #6400, .F. ) ;
#5358 = DIRECTION ( 'NONE',  ( 1.000000000000000000, 2.478176394252582127E-16, -0.000000000000000000 ) ) ;
#5359 = CARTESIAN_POINT ( 'NONE',  ( -6.382117137899323112, 20.23277201088161803, 2.500000000000000000 ) ) ;
#5360 = AXIS2_PLACEMENT_3D ( 'NONE', #431, #2826, #7475 ) ;
#5361 = AXIS2_PLACEMENT_3D ( 'NONE', #2380, #5614, #365 ) ;
#5362 = CARTESIAN_POINT ( 'NONE',  ( -59.47847513588165214, 13.13641401289931210, 1.500000000000000444 ) ) ;
#5363 = FACE_OUTER_BOUND ( 'NONE', #4238, .T. ) ;
#5364 = CARTESIAN_POINT ( 'NONE',  ( -84.75000000000001421, 20.80448725967914925, 0.5000000000000004441 ) ) ;
#5365 = LINE ( 'NONE', #1380, #1077 ) ;
#5366 = DIRECTION ( 'NONE',  ( 0.000000000000000000, 0.000000000000000000, 1.000000000000000000 ) ) ;
#5367 = ORIENTED_EDGE ( 'NONE', *, *, #6196, .T. ) ;
#5368 = VECTOR ( 'NONE', #6826, 1000.000000000000000 ) ;
#5369 = FACE_OUTER_BOUND ( 'NONE', #94, .T. ) ;
#5370 = VECTOR ( 'NONE', #48, 1000.000000000000000 ) ;
#5371 = VERTEX_POINT ( 'NONE', #4826 ) ;
#5372 = CARTESIAN_POINT ( 'NONE',  ( -84.81788286210067440, 20.80448725967914925, 0.5000000000000004441 ) ) ;
#5373 = VECTOR ( 'NONE', #4614, 1000.000000000000000 ) ;
#5374 = DIRECTION ( 'NONE',  ( -0.000000000000000000, -1.000000000000000000, -0.000000000000000000 ) ) ;
#5375 = FACE_OUTER_BOUND ( 'NONE', #71, .T. ) ;
#5376 = VECTOR ( 'NONE', #7333, 1000.000000000000000 ) ;
#5377 = CARTESIAN_POINT ( 'NONE',  ( -91.75000000000001421, 15.45793887701772285, 3.999999999999999112 ) ) ;
#5378 = ORIENTED_EDGE ( 'NONE', *, *, #7909, .T. ) ;
#5379 = CARTESIAN_POINT ( 'NONE',  ( 9.582117137899304637, 15.48641401289931174, 1.500000000000000444 ) ) ;
#5380 = CARTESIAN_POINT ( 'NONE',  ( 7.182117137899318493, 20.80448725967914925, 0.5000000000000004441 ) ) ;
#5381 = VECTOR ( 'NONE', #982, 1000.000000000000000 ) ;
#5382 = VECTOR ( 'NONE', #6805, 1000.000000000000000 ) ;
#5383 = ADVANCED_FACE ( 'NONE', ( #7418 ), #6135, .F. ) ;
#5384 = ORIENTED_EDGE ( 'NONE', *, *, #5663, .T. ) ;
#5385 = CARTESIAN_POINT ( 'NONE',  ( -31.76788286210068080, 15.50448725967914143, 0.5000000000000004441 ) ) ;
#5386 = VECTOR ( 'NONE', #5750, 1000.000000000000000 ) ;
#5387 = LINE ( 'NONE', #4201, #6308 ) ;
#5388 = ORIENTED_EDGE ( 'NONE', *, *, #2138, .T. ) ;
#5389 = ORIENTED_EDGE ( 'NONE', *, *, #5213, .F. ) ;
#5390 = LINE ( 'NONE', #7348, #5923 ) ;
#5391 = ORIENTED_EDGE ( 'NONE', *, *, #8199, .F. ) ;
#5392 = ORGANIZATION ( 'UNSPECIFIED', 'UNSPECIFIED', '' ) ;
#5393 = ORIENTED_EDGE ( 'NONE', *, *, #6982, .T. ) ;
#5394 = EDGE_CURVE ( 'NONE', #3589, #6275, #8095, .T. ) ;
#5395 = LINE ( 'NONE', #7389, #5154 ) ;
#5396 = FACE_OUTER_BOUND ( 'NONE', #1592, .T. ) ;
#5397 = ORIENTED_EDGE ( 'NONE', *, *, #5675, .F. ) ;
#5398 = DIRECTION ( 'NONE',  ( 1.000000000000000000, 0.000000000000000000, -0.000000000000000000 ) ) ;
#5399 = VERTEX_POINT ( 'NONE', #1040 ) ;
#5400 = DIRECTION ( 'NONE',  ( 1.000000000000000000, 0.000000000000000000, 0.000000000000000000 ) ) ;
#5401 = LINE ( 'NONE', #1617, #6179 ) ;
#5402 = EDGE_CURVE ( 'NONE', #3100, #7937, #3897, .T. ) ;
#5403 = LINE ( 'NONE', #4770, #8286 ) ;
#5404 = LINE ( 'NONE', #6208, #5746 ) ;
#5405 = CARTESIAN_POINT ( 'NONE',  ( -8.767882862100673691, 15.50448725967914143, 1.500000000000000444 ) ) ;
#5406 = CARTESIAN_POINT ( 'NONE',  ( -9.417882862100670494, 20.78641401289931778, 0.5000000000000004441 ) ) ;
#5407 = VERTEX_POINT ( 'NONE', #3849 ) ;
#5408 = DIRECTION ( 'NONE',  ( 4.336808689941999001E-16, -1.000000000000000000, 0.000000000000000000 ) ) ;
#5409 = VERTEX_POINT ( 'NONE', #2636 ) ;
#5410 = DIRECTION ( 'NONE',  ( -1.000000000000000000, 1.734723475976806709E-18, 0.000000000000000000 ) ) ;
#5411 = VECTOR ( 'NONE', #6040, 1000.000000000000000 ) ;
#5412 = DIRECTION ( 'NONE',  ( -1.000000000000000000, -6.546126324440782623E-16, -0.000000000000000000 ) ) ;
#5413 = LINE ( 'NONE', #7331, #6237 ) ;
#5414 = DIRECTION ( 'NONE',  ( 0.000000000000000000, -1.000000000000000000, 0.000000000000000000 ) ) ;
#5415 = DIRECTION ( 'NONE',  ( -0.000000000000000000, -1.000000000000000000, -0.000000000000000000 ) ) ;
#5416 = EDGE_CURVE ( 'NONE', #6192, #8127, #709, .T. ) ;
#5417 = VECTOR ( 'NONE', #5674, 1000.000000000000114 ) ;
#5418 = ORIENTED_EDGE ( 'NONE', *, *, #6685, .T. ) ;
#5419 = DIRECTION ( 'NONE',  ( -0.000000000000000000, -0.000000000000000000, 1.000000000000000000 ) ) ;
#5420 = LINE ( 'NONE', #4787, #2798 ) ;
#5421 = EDGE_CURVE ( 'NONE', #8139, #1370, #6388, .T. ) ;
#5422 = VERTEX_POINT ( 'NONE', #7713 ) ;
#5423 = PLANE ( 'NONE',  #5853 ) ;
#5424 = ADVANCED_FACE ( 'NONE', ( #1338 ), #1296, .T. ) ;
#5425 = DIRECTION ( 'NONE',  ( 0.000000000000000000, 1.000000000000000000, 0.000000000000000000 ) ) ;
#5426 = ORIENTED_EDGE ( 'NONE', *, *, #2264, .T. ) ;
#5427 = ORIENTED_EDGE ( 'NONE', *, *, #1071, .T. ) ;
#5428 = LINE ( 'NONE', #1603, #6061 ) ;
#5429 = ADVANCED_FACE ( 'NONE', ( #7076 ), #5075, .F. ) ;
#5430 = EDGE_LOOP ( 'NONE', ( #3781, #1770, #6666, #7177, #3526, #4199 ) ) ;
#5431 = EDGE_CURVE ( 'NONE', #2981, #8167, #4394, .T. ) ;
#5432 = VECTOR ( 'NONE', #4005, 1000.000000000000000 ) ;
#5433 = VECTOR ( 'NONE', #2672, 1000.000000000000000 ) ;
#5434 = VERTEX_POINT ( 'NONE', #2596 ) ;
#5435 = DIRECTION ( 'NONE',  ( 1.000000000000000000, 0.000000000000000000, -0.000000000000000000 ) ) ;
#5436 = DIRECTION ( 'NONE',  ( -0.7071067811865479058, 0.7071067811865471286, 0.000000000000000000 ) ) ;
#5437 = ORIENTED_EDGE ( 'NONE', *, *, #1072, .F. ) ;
#5438 = PLANE ( 'NONE',  #4028 ) ;
#5439 = ORIENTED_EDGE ( 'NONE', *, *, #2523, .F. ) ;
#5440 = VECTOR ( 'NONE', #7341, 1000.000000000000000 ) ;
#5441 = DIRECTION ( 'NONE',  ( 1.000000000000000000, 0.000000000000000000, -0.000000000000000000 ) ) ;
#5442 = EDGE_CURVE ( 'NONE', #3302, #7287, #6986, .T. ) ;
#5443 = PLANE ( 'NONE',  #4285 ) ;
#5444 = CARTESIAN_POINT ( 'NONE',  ( 9.521524864118349640, 13.13641401289931210, 1.500000000000000444 ) ) ;
#5445 = DIRECTION ( 'NONE',  ( 2.790120544412995478E-34, 1.608394988049553126E-16, -1.000000000000000000 ) ) ;
#5446 = LINE ( 'NONE', #4855, #2388 ) ;
#5447 = CARTESIAN_POINT ( 'NONE',  ( 32.52152486411835497, 23.17217973710070567, 6.000000000000000000 ) ) ;
#5448 = CARTESIAN_POINT ( 'NONE',  ( -89.25000000000001421, 23.15429687500000355, 0.5999999999999999778 ) ) ;
#5449 = VERTEX_POINT ( 'NONE', #3218 ) ;
#5450 = EDGE_CURVE ( 'NONE', #5318, #6574, #2470, .T. ) ;
#5451 = CARTESIAN_POINT ( 'NONE',  ( 45.84999999999998721, 25.65429687500000355, 5.000000000000000000 ) ) ;
#5452 = ADVANCED_FACE ( 'NONE', ( #5839 ), #1886, .T. ) ;
#5453 = EDGE_LOOP ( 'NONE', ( #4292, #3517, #6403, #771 ) ) ;
#5454 = CARTESIAN_POINT ( 'NONE',  ( -55.32152486411839476, 13.13641401289931210, 1.500000000000000444 ) ) ;
#5455 = LINE ( 'NONE', #5494, #642 ) ;
#5456 = CARTESIAN_POINT ( 'NONE',  ( -82.41788286210069714, 20.78641401289931423, 0.5000000000000004441 ) ) ;
#5457 = CARTESIAN_POINT ( 'NONE',  ( 6.582117137899287762, 16.07582173911837486, 6.000000000000000000 ) ) ;
#5458 = DIRECTION ( 'NONE',  ( 1.000000000000000000, -0.000000000000000000, -0.000000000000000000 ) ) ;
#5459 = EDGE_CURVE ( 'NONE', #1912, #2861, #3175, .T. ) ;
#5460 = ORIENTED_EDGE ( 'NONE', *, *, #4033, .T. ) ;
#5461 = LINE ( 'NONE', #4786, #4444 ) ;
#5462 = CARTESIAN_POINT ( 'NONE',  ( -13.47847513588164325, 13.13641401289931210, 1.500000000000000444 ) ) ;
#5463 = ORIENTED_EDGE ( 'NONE', *, *, #206, .F. ) ;
#5464 = CARTESIAN_POINT ( 'NONE',  ( -91.75000000000001421, 20.85065487298227183, 4.000000000000000000 ) ) ;
#5465 = ADVANCED_FACE ( 'NONE', ( #2552 ), #1839, .T. ) ;
#5466 = DIRECTION ( 'NONE',  ( -1.119176436114068839E-16, 1.000000000000000000, 0.000000000000000000 ) ) ;
#5467 = VERTEX_POINT ( 'NONE', #7032 ) ;
#5468 = VERTEX_POINT ( 'NONE', #536 ) ;
#5469 = CARTESIAN_POINT ( 'NONE',  ( -9.303642002017699753, 23.15429687499999289, 6.000000000000000000 ) ) ;
#5470 = ORIENTED_EDGE ( 'NONE', *, *, #1387, .F. ) ;
#5471 = EDGE_CURVE ( 'NONE', #6114, #474, #8347, .T. ) ;
#5472 = ORIENTED_EDGE ( 'NONE', *, *, #1906, .T. ) ;
#5473 = VECTOR ( 'NONE', #5703, 1000.000000000000000 ) ;
#5474 = CARTESIAN_POINT ( 'NONE',  ( 45.85000000000000142, 0.000000000000000000, 6.000000000000000000 ) ) ;
#5475 = ORIENTED_EDGE ( 'NONE', *, *, #7701, .T. ) ;
#5476 = FACE_OUTER_BOUND ( 'NONE', #7515, .T. ) ;
#5477 = ORIENTED_EDGE ( 'NONE', *, *, #2411, .F. ) ;
#5478 = CARTESIAN_POINT ( 'NONE',  ( -13.41788286210068826, 20.78641401289931778, 1.500000000000000444 ) ) ;
#5479 = VECTOR ( 'NONE', #5161, 1000.000000000000000 ) ;
#5480 = DIRECTION ( 'NONE',  ( 1.000000000000000000, 0.000000000000000000, 0.000000000000000000 ) ) ;
#5481 = DIRECTION ( 'NONE',  ( -0.000000000000000000, -0.000000000000000000, 1.000000000000000000 ) ) ;
#5482 = EDGE_CURVE ( 'NONE', #2166, #2255, #1255, .T. ) ;
#5483 = DIRECTION ( 'NONE',  ( 0.000000000000000000, 0.000000000000000000, -1.000000000000000000 ) ) ;
#5484 = DIRECTION ( 'NONE',  ( 0.000000000000000000, 0.000000000000000000, -1.000000000000000000 ) ) ;
#5485 = AXIS2_PLACEMENT_3D ( 'NONE', #7977, #8015, #2580 ) ;
#5486 = VECTOR ( 'NONE', #198, 1000.000000000000000 ) ;
#5487 = CARTESIAN_POINT ( 'NONE',  ( 46.25000000000000000, 22.40429687500000355, 1.000000000000000000 ) ) ;
#5488 = DIRECTION ( 'NONE',  ( -0.000000000000000000, -0.000000000000000000, 1.000000000000000000 ) ) ;
#5489 = ORIENTED_EDGE ( 'NONE', *, *, #3225, .T. ) ;
#5490 = CARTESIAN_POINT ( 'NONE',  ( -82.47847513588163793, 23.17217973710070567, 6.000000000000000000 ) ) ;
#5491 = ORIENTED_EDGE ( 'NONE', *, *, #4157, .F. ) ;
#5492 = LINE ( 'NONE', #2303, #4153 ) ;
#5493 = VECTOR ( 'NONE', #6473, 1000.000000000000000 ) ;
#5494 = CARTESIAN_POINT ( 'NONE',  ( -37.06788286210068151, 20.78641401289931423, 1.500000000000000444 ) ) ;
#5495 = CARTESIAN_POINT ( 'NONE',  ( -83.06788286210067440, 20.78641401289931423, -2.999999999999999112 ) ) ;
#5496 = DIRECTION ( 'NONE',  ( 0.000000000000000000, -0.000000000000000000, -1.000000000000000000 ) ) ;
#5497 = EDGE_CURVE ( 'NONE', #2026, #8322, #5747, .T. ) ;
#5498 = VECTOR ( 'NONE', #1233, 1000.000000000000000 ) ;
#5499 = DIRECTION ( 'NONE',  ( -1.000000000000000000, 0.000000000000000000, -0.000000000000000000 ) ) ;
#5500 = VECTOR ( 'NONE', #5175, 1000.000000000000000 ) ;
#5501 = EDGE_LOOP ( 'NONE', ( #1132, #6607, #5418, #1856, #6447, #3186, #5754, #638, #5272, #188, #4510 ) ) ;
#5502 = CARTESIAN_POINT ( 'NONE',  ( 32.58211713789929576, 15.48641401289931174, 0.5000000000000004441 ) ) ;
#5503 = CARTESIAN_POINT ( 'NONE',  ( -15.80000000000006466, 20.85065487298227183, 2.500000000000000000 ) ) ;
#5504 = AXIS2_PLACEMENT_3D ( 'NONE', #7525, #6895, #6806 ) ;
#5505 = VECTOR ( 'NONE', #7793, 1000.000000000000000 ) ;
#5506 = VERTEX_POINT ( 'NONE', #1212 ) ;
#5507 = ADVANCED_FACE ( 'NONE', ( #3769 ), #6346, .F. ) ;
#5508 = DIRECTION ( 'NONE',  ( -1.000000000000000000, 1.734723475976806709E-18, 0.000000000000000000 ) ) ;
#5509 = CARTESIAN_POINT ( 'NONE',  ( -59.47847513588165214, 13.13641401289931210, 1.500000000000000444 ) ) ;
#5510 = VECTOR ( 'NONE', #1813, 1000.000000000000000 ) ;
#5511 = EDGE_LOOP ( 'NONE', ( #6560, #2119, #3063, #3888 ) ) ;
#5512 = AXIS2_PLACEMENT_3D ( 'NONE', #6604, #4064, #832 ) ;
#5513 = VERTEX_POINT ( 'NONE', #8304 ) ;
#5514 = PLANE ( 'NONE',  #8091 ) ;
#5515 = EDGE_LOOP ( 'NONE', ( #2460, #7109, #471, #6979 ) ) ;
#5516 = AXIS2_PLACEMENT_3D ( 'NONE', #7928, #3863, #2608 ) ;
#5517 = ORIENTED_EDGE ( 'NONE', *, *, #7959, .F. ) ;
#5518 = DIRECTION ( 'NONE',  ( 0.7071067811865483499, -0.7071067811865466846, 0.000000000000000000 ) ) ;
#5519 = ORIENTED_EDGE ( 'NONE', *, *, #457, .F. ) ;
#5520 = EDGE_CURVE ( 'NONE', #5613, #852, #2792, .T. ) ;
#5521 = ORIENTED_EDGE ( 'NONE', *, *, #3496, .T. ) ;
#5522 = DIRECTION ( 'NONE',  ( 0.000000000000000000, -0.000000000000000000, -1.000000000000000000 ) ) ;
#5523 = ORIENTED_EDGE ( 'NONE', *, *, #2259, .F. ) ;
#5524 = CARTESIAN_POINT ( 'NONE',  ( 23.00000000000000000, 0.000000000000000000, 0.5000000000000004441 ) ) ;
#5525 = DIRECTION ( 'NONE',  ( -1.000000000000000000, 0.000000000000000000, 0.000000000000000000 ) ) ;
#5526 = EDGE_CURVE ( 'NONE', #538, #1176, #1540, .T. ) ;
#5527 = LINE ( 'NONE', #5362, #1815 ) ;
#5528 = DIRECTION ( 'NONE',  ( 0.000000000000000000, -0.000000000000000000, -1.000000000000000000 ) ) ;
#5529 = CARTESIAN_POINT ( 'NONE',  ( 8.932117137899320269, 20.78641401289931423, 1.500000000000000444 ) ) ;
#5530 = LINE ( 'NONE', #2298, #6605 ) ;
#5531 = DIRECTION ( 'NONE',  ( 0.000000000000000000, 1.000000000000000000, 1.608394988049553126E-16 ) ) ;
#5532 = VERTEX_POINT ( 'NONE', #1419 ) ;
#5533 = DIRECTION ( 'NONE',  ( -0.000000000000000000, -0.000000000000000000, 1.000000000000000000 ) ) ;
#5534 = ORIENTED_EDGE ( 'NONE', *, *, #5526, .T. ) ;
#5535 = DIRECTION ( 'NONE',  ( -0.000000000000000000, -1.000000000000000000, -0.000000000000000000 ) ) ;
#5536 = EDGE_CURVE ( 'NONE', #7419, #2555, #161, .T. ) ;
#5537 = CARTESIAN_POINT ( 'NONE',  ( -16.41788286210070424, 20.23277201088163224, 1.500000000000000444 ) ) ;
#5538 = DIRECTION ( 'NONE',  ( -6.546126324440781637E-16, 1.000000000000000000, 0.000000000000000000 ) ) ;
#5539 = DIRECTION ( 'NONE',  ( -0.000000000000000000, 0.000000000000000000, 1.000000000000000000 ) ) ;
#5540 = CARTESIAN_POINT ( 'NONE',  ( -83.06788286210067440, 15.48641401289931174, 1.500000000000000444 ) ) ;
#5541 = ORIENTED_EDGE ( 'NONE', *, *, #3659, .T. ) ;
#5542 = DIRECTION ( 'NONE',  ( 1.000000000000000000, 0.000000000000000000, 0.000000000000000000 ) ) ;
#5543 = PLANE ( 'NONE',  #2266 ) ;
#5544 = EDGE_CURVE ( 'NONE', #6136, #7006, #199, .T. ) ;
#5545 = EDGE_CURVE ( 'NONE', #2358, #6073, #682, .T. ) ;
#5546 = VERTEX_POINT ( 'NONE', #5290 ) ;
#5547 = DIRECTION ( 'NONE',  ( -0.000000000000000000, -0.000000000000000000, 1.000000000000000000 ) ) ;
#5548 = VECTOR ( 'NONE', #1092, 1000.000000000000000 ) ;
#5549 = CARTESIAN_POINT ( 'NONE',  ( 39.25000000000000000, 13.15429687500000355, 4.000000000000000000 ) ) ;
#5550 = EDGE_LOOP ( 'NONE', ( #4778, #4714, #5378, #6552 ) ) ;
#5551 = EDGE_LOOP ( 'NONE', ( #7079, #2736, #3315, #3112 ) ) ;
#5552 = CARTESIAN_POINT ( 'NONE',  ( -31.76788286210068080, 20.78641401289931778, 0.5000000000000004441 ) ) ;
#5553 = ORIENTED_EDGE ( 'NONE', *, *, #4921, .F. ) ;
#5554 = EDGE_CURVE ( 'NONE', #5449, #1991, #1502, .T. ) ;
#5555 = VECTOR ( 'NONE', #4486, 1000.000000000000000 ) ;
#5556 = ORIENTED_EDGE ( 'NONE', *, *, #1784, .F. ) ;
#5557 = VECTOR ( 'NONE', #5974, 1000.000000000000000 ) ;
#5558 = DIRECTION ( 'NONE',  ( -1.000000000000000000, 0.000000000000000000, -0.000000000000000000 ) ) ;
#5559 = EDGE_LOOP ( 'NONE', ( #2135, #2472, #604, #8254, #4998, #3786, #5050, #742 ) ) ;
#5560 = ORIENTED_EDGE ( 'NONE', *, *, #4504, .T. ) ;
#5561 = FACE_OUTER_BOUND ( 'NONE', #4040, .T. ) ;
#5562 = EDGE_LOOP ( 'NONE', ( #3942, #2084, #8179, #4677, #940, #5959, #3913, #3059 ) ) ;
#5563 = CARTESIAN_POINT ( 'NONE',  ( 39.25000000000000000, 13.90429687500000178, 6.000000000000000000 ) ) ;
#5564 = EDGE_CURVE ( 'NONE', #8175, #3100, #5365, .T. ) ;
#5565 = CARTESIAN_POINT ( 'NONE',  ( 39.25000000000000000, 22.40429687500000355, 1.000000000000000000 ) ) ;
#5566 = VECTOR ( 'NONE', #2753, 1000.000000000000000 ) ;
#5567 = EDGE_CURVE ( 'NONE', #176, #2528, #7876, .T. ) ;
#5568 = DIRECTION ( 'NONE',  ( -1.000000000000000000, -0.000000000000000000, -0.000000000000000000 ) ) ;
#5569 = LINE ( 'NONE', #1858, #5172 ) ;
#5570 = DIRECTION ( 'NONE',  ( -0.000000000000000000, -1.000000000000000000, -0.000000000000000000 ) ) ;
#5571 = VECTOR ( 'NONE', #4835, 1000.000000000000000 ) ;
#5572 = DIRECTION ( 'NONE',  ( 1.000000000000000000, 4.336808689941999001E-16, 0.000000000000000000 ) ) ;
#5573 = CARTESIAN_POINT ( 'NONE',  ( 22.99999999999998579, 20.78641401289936752, 0.000000000000000000 ) ) ;
#5574 = EDGE_LOOP ( 'NONE', ( #5811, #4737, #6669, #5611 ) ) ;
#5575 = FACE_OUTER_BOUND ( 'NONE', #2796, .T. ) ;
#5576 = ORIENTED_EDGE ( 'NONE', *, *, #7519, .T. ) ;
#5577 = CARTESIAN_POINT ( 'NONE',  ( -59.41788286210069714, 13.48641401289930997, 1.500000000000000444 ) ) ;
#5578 = DIRECTION ( 'NONE',  ( -1.000000000000000000, 0.000000000000000000, -0.000000000000000000 ) ) ;
#5579 = LINE ( 'NONE', #5495, #194 ) ;
#5580 = DIRECTION ( 'NONE',  ( 1.000000000000000000, 0.000000000000000000, 0.000000000000000000 ) ) ;
#5581 = EDGE_CURVE ( 'NONE', #3321, #3840, #7961, .T. ) ;
#5582 = CARTESIAN_POINT ( 'NONE',  ( 7.199999999999928235, 20.85065487298227183, 2.500000000000000000 ) ) ;
#5583 = ORIENTED_EDGE ( 'NONE', *, *, #960, .F. ) ;
#5584 = CARTESIAN_POINT ( 'NONE',  ( 13.67847513588160702, 13.13641401289931210, 1.500000000000000444 ) ) ;
#5585 = DIRECTION ( 'NONE',  ( 1.000000000000000000, -0.000000000000000000, 0.000000000000000000 ) ) ;
#5586 = ORIENTED_EDGE ( 'NONE', *, *, #4603, .T. ) ;
#5587 = DIRECTION ( 'NONE',  ( 2.478176394252582127E-16, -1.000000000000000000, 0.000000000000000000 ) ) ;
#5588 = LINE ( 'NONE', #8103, #5714 ) ;
#5589 = LINE ( 'NONE', #7162, #7143 ) ;
#5590 = ORIENTED_EDGE ( 'NONE', *, *, #5976, .F. ) ;
#5591 = VERTEX_POINT ( 'NONE', #7161 ) ;
#5592 = PLANE ( 'NONE',  #4983 ) ;
#5593 = ORIENTED_EDGE ( 'NONE', *, *, #5471, .T. ) ;
#5594 = ADVANCED_FACE ( 'NONE', ( #2177 ), #7238, .F. ) ;
#5595 = ORIENTED_EDGE ( 'NONE', *, *, #2732, .F. ) ;
#5596 = EDGE_CURVE ( 'NONE', #2940, #516, #3341, .T. ) ;
#5597 = CARTESIAN_POINT ( 'NONE',  ( -77.76788286210067724, 15.50448725967914143, 1.500000000000000444 ) ) ;
#5598 = ORIENTED_EDGE ( 'NONE', *, *, #7884, .T. ) ;
#5599 = ORIENTED_EDGE ( 'NONE', *, *, #4406, .T. ) ;
#5600 = PLANE ( 'NONE',  #6872 ) ;
#5601 = ORIENTED_EDGE ( 'NONE', *, *, #3393, .F. ) ;
#5602 = CARTESIAN_POINT ( 'NONE',  ( -59.41788286210069714, 22.78641401289931778, 0.5000000000000004441 ) ) ;
#5603 = CARTESIAN_POINT ( 'NONE',  ( -14.06788286210067263, 20.78641401289931068, 1.500000000000000444 ) ) ;
#5604 = FACE_OUTER_BOUND ( 'NONE', #5562, .T. ) ;
#5605 = DIRECTION ( 'NONE',  ( -1.000000000000000000, 0.000000000000000000, 0.000000000000000000 ) ) ;
#5606 = ADVANCED_FACE ( 'NONE', ( #2094 ), #905, .F. ) ;
#5607 =( NAMED_UNIT ( * ) PLANE_ANGLE_UNIT ( ) SI_UNIT ( $, .RADIAN. ) );
#5608 = LINE ( 'NONE', #1156, #8094 ) ;
#5609 = VECTOR ( 'NONE', #695, 1000.000000000000000 ) ;
#5610 = DIRECTION ( 'NONE',  ( 0.000000000000000000, 1.000000000000000000, -0.000000000000000000 ) ) ;
#5611 = ORIENTED_EDGE ( 'NONE', *, *, #3604, .T. ) ;
#5612 = CARTESIAN_POINT ( 'NONE',  ( -30.01788286210067724, 20.78641401289931778, 0.5000000000000004441 ) ) ;
#5613 = VERTEX_POINT ( 'NONE', #5405 ) ;
#5614 = DIRECTION ( 'NONE',  ( 0.000000000000000000, 1.000000000000000000, 0.000000000000000000 ) ) ;
#5615 = VECTOR ( 'NONE', #2246, 1000.000000000000000 ) ;
#5616 = CARTESIAN_POINT ( 'NONE',  ( -91.75000000000001421, 25.25429687499997655, 6.000000000000000000 ) ) ;
#5617 = DIRECTION ( 'NONE',  ( -0.000000000000000000, -0.000000000000000000, 1.000000000000000000 ) ) ;
#5618 = LINE ( 'NONE', #3848, #3272 ) ;
#5619 = CARTESIAN_POINT ( 'NONE',  ( -77.76788286210067724, 20.78641401289931778, -2.999999999999999112 ) ) ;
#5620 = EDGE_CURVE ( 'NONE', #2302, #263, #3382, .T. ) ;
#5621 = ORIENTED_EDGE ( 'NONE', *, *, #2592, .T. ) ;
#5622 = VECTOR ( 'NONE', #2369, 1000.000000000000000 ) ;
#5623 = ADVANCED_FACE ( 'NONE', ( #6642 ), #4651, .F. ) ;
#5624 = VERTEX_POINT ( 'NONE', #6004 ) ;
#5625 = DIRECTION ( 'NONE',  ( -0.000000000000000000, 0.000000000000000000, 1.000000000000000000 ) ) ;
#5626 = DIRECTION ( 'NONE',  ( 0.7071067811865466846, 0.7071067811865483499, 0.000000000000000000 ) ) ;
#5627 = EDGE_CURVE ( 'NONE', #2989, #8156, #4613, .T. ) ;
#5628 = VECTOR ( 'NONE', #3283, 1000.000000000000000 ) ;
#5629 = VERTEX_POINT ( 'NONE', #7282 ) ;
#5630 = LINE ( 'NONE', #6030, #2856 ) ;
#5631 = VECTOR ( 'NONE', #2182, 1000.000000000000000 ) ;
#5632 = LINE ( 'NONE', #1093, #3016 ) ;
#5633 = DIRECTION ( 'NONE',  ( -0.000000000000000000, -0.000000000000000000, 1.000000000000000000 ) ) ;
#5634 = EDGE_LOOP ( 'NONE', ( #8349, #7384, #8073, #2001, #6072, #6324 ) ) ;
#5635 = ORIENTED_EDGE ( 'NONE', *, *, #2899, .F. ) ;
#5636 = LINE ( 'NONE', #8235, #7017 ) ;
#5637 = VECTOR ( 'NONE', #8166, 1000.000000000000000 ) ;
#5638 = EDGE_LOOP ( 'NONE', ( #5097, #1523, #2827, #3451, #895, #711, #4196, #6563 ) ) ;
#5639 = AXIS2_PLACEMENT_3D ( 'NONE', #6089, #8168, #326 ) ;
#5640 = ADVANCED_FACE ( 'NONE', ( #4689 ), #4733, .F. ) ;
#5641 = ORIENTED_EDGE ( 'NONE', *, *, #5225, .T. ) ;
#5642 = VECTOR ( 'NONE', #7284, 1000.000000000000000 ) ;
#5643 = VECTOR ( 'NONE', #6652, 1000.000000000000000 ) ;
#5644 = DIRECTION ( 'NONE',  ( 1.000000000000000000, 0.000000000000000000, 0.000000000000000000 ) ) ;
#5645 = EDGE_LOOP ( 'NONE', ( #466, #5990, #175, #8327 ) ) ;
#5646 = VERTEX_POINT ( 'NONE', #870 ) ;
#5647 = LINE ( 'NONE', #6456, #4708 ) ;
#5648 = ADVANCED_FACE ( 'NONE', ( #3423 ), #7486, .F. ) ;
#5649 = ORIENTED_EDGE ( 'NONE', *, *, #1745, .F. ) ;
#5650 = DIRECTION ( 'NONE',  ( 1.000000000000000000, 0.000000000000000000, -0.000000000000000000 ) ) ;
#5651 = VECTOR ( 'NONE', #4212, 1000.000000000000000 ) ;
#5652 = EDGE_CURVE ( 'NONE', #3696, #1774, #8000, .T. ) ;
#5653 = ADVANCED_FACE ( 'NONE', ( #3037 ), #359, .F. ) ;
#5654 = DIRECTION ( 'NONE',  ( 1.000000000000000000, 4.336808689941999001E-16, 0.000000000000000000 ) ) ;
#5655 = CARTESIAN_POINT ( 'NONE',  ( -89.25000000000001421, 23.15429687500000355, 0.000000000000000000 ) ) ;
#5656 = VECTOR ( 'NONE', #582, 1000.000000000000000 ) ;
#5657 = DIRECTION ( 'NONE',  ( -1.000000000000000000, 4.956352788505169184E-16, -0.000000000000000000 ) ) ;
#5658 = CARTESIAN_POINT ( 'NONE',  ( -30.01788286210067724, 20.78641401289931778, 0.5000000000000004441 ) ) ;
#5659 = ORIENTED_EDGE ( 'NONE', *, *, #4650, .F. ) ;
#5660 = LINE ( 'NONE', #5067, #8059 ) ;
#5661 = ORIENTED_EDGE ( 'NONE', *, *, #6426, .T. ) ;
#5662 = CARTESIAN_POINT ( 'NONE',  ( 32.58211713789929576, 20.78641401289931778, 0.5000000000000004441 ) ) ;
#5663 = EDGE_CURVE ( 'NONE', #779, #7410, #1742, .T. ) ;
#5664 = VECTOR ( 'NONE', #667, 1000.000000000000114 ) ;
#5665 = DIRECTION ( 'NONE',  ( 0.000000000000000000, 0.000000000000000000, 1.000000000000000000 ) ) ;
#5666 = LINE ( 'NONE', #5203, #2614 ) ;
#5667 = DIRECTION ( 'NONE',  ( 1.000000000000000000, 0.000000000000000000, 0.000000000000000000 ) ) ;
#5668 = DIRECTION ( 'NONE',  ( -0.5773502691896366112, 0.5773502691896302830, 0.5773502691896102990 ) ) ;
#5669 = ORIENTED_EDGE ( 'NONE', *, *, #5675, .T. ) ;
#5670 = VERTEX_POINT ( 'NONE', #991 ) ;
#5671 = CARTESIAN_POINT ( 'NONE',  ( 38.98211713789931565, 15.50448725967914143, 1.500000000000000444 ) ) ;
#5672 = CARTESIAN_POINT ( 'NONE',  ( 46.25000000000000000, 22.40429687500000355, 1.000000000000000000 ) ) ;
#5673 = ORIENTED_EDGE ( 'NONE', *, *, #1121, .T. ) ;
#5674 = DIRECTION ( 'NONE',  ( -0.7071067811865474617, 0.7071067811865474617, 0.000000000000000000 ) ) ;
#5675 = EDGE_CURVE ( 'NONE', #2310, #5371, #4256, .T. ) ;
#5676 = EDGE_CURVE ( 'NONE', #4653, #7575, #7447, .T. ) ;
#5677 = PLANE ( 'NONE',  #748 ) ;
#5678 = LINE ( 'NONE', #1848, #4025 ) ;
#5679 = EDGE_CURVE ( 'NONE', #6140, #4848, #4221, .T. ) ;
#5680 = ORIENTED_EDGE ( 'NONE', *, *, #8201, .F. ) ;
#5681 = EDGE_LOOP ( 'NONE', ( #3510, #3856, #351, #5720 ) ) ;
#5682 = DIRECTION ( 'NONE',  ( -0.5773502691896323924, -0.5773502691896323924, 0.5773502691896122974 ) ) ;
#5683 = ORIENTED_EDGE ( 'NONE', *, *, #6653, .F. ) ;
#5684 = ORIENTED_EDGE ( 'NONE', *, *, #7228, .T. ) ;
#5685 = AXIS2_PLACEMENT_3D ( 'NONE', #7332, #4907, #5414 ) ;
#5686 = EDGE_CURVE ( 'NONE', #4490, #3278, #6209, .T. ) ;
#5687 = EDGE_CURVE ( 'NONE', #7559, #6728, #1577, .T. ) ;
#5688 = DIRECTION ( 'NONE',  ( -0.000000000000000000, 1.000000000000000000, -0.000000000000000000 ) ) ;
#5689 = ORIENTED_EDGE ( 'NONE', *, *, #1155, .F. ) ;
#5690 = ORIENTED_EDGE ( 'NONE', *, *, #3406, .F. ) ;
#5691 = CARTESIAN_POINT ( 'NONE',  ( -78.41788286210066872, 15.48641401289931174, 1.500000000000000444 ) ) ;
#5692 = ORIENTED_EDGE ( 'NONE', *, *, #6374, .F. ) ;
#5693 = DIRECTION ( 'NONE',  ( 0.000000000000000000, 0.000000000000000000, -1.000000000000000000 ) ) ;
#5694 = CARTESIAN_POINT ( 'NONE',  ( -84.75000000000001421, 22.40429687500000355, 1.000000000000000000 ) ) ;
#5695 = CARTESIAN_POINT ( 'NONE',  ( -84.75000000000001421, 15.48641401289931174, 1.000000000000000000 ) ) ;
#5696 = CARTESIAN_POINT ( 'NONE',  ( -9.321524864118385878, 13.13641401289931210, 6.000000000000000000 ) ) ;
#5697 = ORIENTED_EDGE ( 'NONE', *, *, #6929, .T. ) ;
#5698 = LINE ( 'NONE', #650, #1746 ) ;
#5699 = VERTEX_POINT ( 'NONE', #3583 ) ;
#5700 = LINE ( 'NONE', #1118, #4672 ) ;
#5701 = ORIENTED_EDGE ( 'NONE', *, *, #3173, .T. ) ;
#5702 = LINE ( 'NONE', #5741, #6584 ) ;
#5703 = DIRECTION ( 'NONE',  ( -0.000000000000000000, -0.000000000000000000, 1.000000000000000000 ) ) ;
#5704 = EDGE_CURVE ( 'NONE', #8276, #3124, #2880, .T. ) ;
#5705 = VECTOR ( 'NONE', #4610, 1000.000000000000000 ) ;
#5706 = DIRECTION ( 'NONE',  ( 6.938893903907228378E-15, 1.000000000000000000, -0.000000000000000000 ) ) ;
#5707 = FACE_OUTER_BOUND ( 'NONE', #2390, .T. ) ;
#5708 = DIRECTION ( 'NONE',  ( -6.938893903907222067E-15, 1.000000000000000000, 0.000000000000000000 ) ) ;
#5709 = EDGE_CURVE ( 'NONE', #5215, #6671, #5530, .T. ) ;
#5710 = ORIENTED_EDGE ( 'NONE', *, *, #7293, .T. ) ;
#5711 = ORIENTED_EDGE ( 'NONE', *, *, #1131, .T. ) ;
#5712 = DIRECTION ( 'NONE',  ( 1.000000000000000000, -0.000000000000000000, -0.000000000000000000 ) ) ;
#5713 = DIRECTION ( 'NONE',  ( 1.000000000000000000, -6.938893903907228378E-15, 0.000000000000000000 ) ) ;
#5714 = VECTOR ( 'NONE', #6996, 1000.000000000000000 ) ;
#5715 = DIRECTION ( 'NONE',  ( -1.000000000000000000, -1.119176436114068839E-16, 0.000000000000000000 ) ) ;
#5716 = DIRECTION ( 'NONE',  ( 0.000000000000000000, 0.000000000000000000, -1.000000000000000000 ) ) ;
#5717 = LINE ( 'NONE', #8312, #340 ) ;
#5718 = DIRECTION ( 'NONE',  ( -0.7071067811865479058, -0.7071067811865471286, -1.137307002876294573E-16 ) ) ;
#5719 = EDGE_CURVE ( 'NONE', #4617, #3993, #8082, .T. ) ;
#5720 = ORIENTED_EDGE ( 'NONE', *, *, #2412, .T. ) ;
#5721 = ORIENTED_EDGE ( 'NONE', *, *, #6780, .F. ) ;
#5722 = CARTESIAN_POINT ( 'NONE',  ( -52.99999999999998579, 15.45793887701772285, 4.000000000000000000 ) ) ;
#5723 = ORIENTED_EDGE ( 'NONE', *, *, #8042, .T. ) ;
#5724 = EDGE_LOOP ( 'NONE', ( #5738, #7808, #5930, #4990, #2709, #6253, #3744, #4575, #7732, #6145 ) ) ;
#5725 = CARTESIAN_POINT ( 'NONE',  ( 45.84999999999998721, 24.65429687500000711, 6.000000000000000000 ) ) ;
#5726 = CARTESIAN_POINT ( 'NONE',  ( -91.75000000000001421, 20.85065487298227183, 2.500000000000000000 ) ) ;
#5727 = ORIENTED_EDGE ( 'NONE', *, *, #2750, .F. ) ;
#5728 = ORIENTED_EDGE ( 'NONE', *, *, #1623, .T. ) ;
#5729 = CARTESIAN_POINT ( 'NONE',  ( 16.61788286210066801, 20.23277201088161803, 4.000000000000000000 ) ) ;
#5730 = ORIENTED_EDGE ( 'NONE', *, *, #5890, .F. ) ;
#5731 = FACE_OUTER_BOUND ( 'NONE', #7069, .T. ) ;
#5732 = EDGE_CURVE ( 'NONE', #3993, #7599, #1070, .T. ) ;
#5733 = EDGE_CURVE ( 'NONE', #1823, #4663, #2999, .T. ) ;
#5734 = DIRECTION ( 'NONE',  ( 4.336808689941999001E-16, -1.000000000000000000, 0.000000000000000000 ) ) ;
#5735 = DIRECTION ( 'NONE',  ( -0.000000000000000000, -0.000000000000000000, 1.000000000000000000 ) ) ;
#5736 = CARTESIAN_POINT ( 'NONE',  ( -91.75000000000001421, 20.85065487298227183, 4.000000000000000000 ) ) ;
#5737 = ORIENTED_EDGE ( 'NONE', *, *, #4440, .T. ) ;
#5738 = ORIENTED_EDGE ( 'NONE', *, *, #3713, .T. ) ;
#5739 = CARTESIAN_POINT ( 'NONE',  ( -84.75000000000001421, 23.15429687499998579, 6.000000000000000000 ) ) ;
#5740 = ORIENTED_EDGE ( 'NONE', *, *, #6622, .F. ) ;
#5741 = CARTESIAN_POINT ( 'NONE',  ( -78.30364200201769620, 23.15429687499998579, 1.500000000000000444 ) ) ;
#5742 = EDGE_CURVE ( 'NONE', #2044, #4776, #2916, .T. ) ;
#5743 = PLANE ( 'NONE',  #374 ) ;
#5744 = LINE ( 'NONE', #618, #3822 ) ;
#5745 = CARTESIAN_POINT ( 'NONE',  ( 46.25000000000000000, 11.05429687500000036, 0.3999999999999837019 ) ) ;
#5746 = VECTOR ( 'NONE', #6124, 1000.000000000000000 ) ;
#5747 = LINE ( 'NONE', #80, #5505 ) ;
#5748 = EDGE_LOOP ( 'NONE', ( #6781, #8013, #8152, #5348 ) ) ;
#5749 = VERTEX_POINT ( 'NONE', #7362 ) ;
#5750 = DIRECTION ( 'NONE',  ( -0.5773502691896252870, -0.5773502691896252870, 0.5773502691896268413 ) ) ;
#5751 = CARTESIAN_POINT ( 'NONE',  ( 36.69635799798228959, 13.15429687500000533, 6.000000000000000000 ) ) ;
#5752 = VECTOR ( 'NONE', #6553, 1000.000000000000000 ) ;
#5753 = EDGE_CURVE ( 'NONE', #2861, #60, #3670, .T. ) ;
#5754 = ORIENTED_EDGE ( 'NONE', *, *, #5250, .T. ) ;
#5755 = DIRECTION ( 'NONE',  ( 1.000000000000000000, -0.000000000000000000, 0.000000000000000000 ) ) ;
#5756 = DIRECTION ( 'NONE',  ( -0.000000000000000000, -0.000000000000000000, 1.000000000000000000 ) ) ;
#5757 = VECTOR ( 'NONE', #5626, 1000.000000000000000 ) ;
#5758 = ORIENTED_EDGE ( 'NONE', *, *, #5336, .T. ) ;
#5759 = ORIENTED_EDGE ( 'NONE', *, *, #3741, .T. ) ;
#5760 = LINE ( 'NONE', #1941, #1624 ) ;
#5761 = ORIENTED_EDGE ( 'NONE', *, *, #65, .T. ) ;
#5762 = AXIS2_PLACEMENT_3D ( 'NONE', #7863, #226, #5993 ) ;
#5763 = EDGE_CURVE ( 'NONE', #8106, #4466, #484, .T. ) ;
#5764 = VECTOR ( 'NONE', #1572, 1000.000000000000000 ) ;
#5765 = ORIENTED_EDGE ( 'NONE', *, *, #8065, .F. ) ;
#5766 = PLANE ( 'NONE',  #3553 ) ;
#5767 = LINE ( 'NONE', #2402, #3743 ) ;
#5768 = VECTOR ( 'NONE', #1559, 1000.000000000000114 ) ;
#5769 = ORIENTED_EDGE ( 'NONE', *, *, #7605, .T. ) ;
#5770 = VECTOR ( 'NONE', #7880, 1000.000000000000000 ) ;
#5771 = ORIENTED_EDGE ( 'NONE', *, *, #4885, .F. ) ;
#5772 = FACE_OUTER_BOUND ( 'NONE', #152, .T. ) ;
#5773 = CARTESIAN_POINT ( 'NONE',  ( -83.06788286210067440, 20.78641401289931068, 0.5000000000000004441 ) ) ;
#5774 = VECTOR ( 'NONE', #4258, 1000.000000000000000 ) ;
#5775 = VECTOR ( 'NONE', #7321, 1000.000000000000000 ) ;
#5776 = LINE ( 'NONE', #1281, #6241 ) ;
#5777 = DIRECTION ( 'NONE',  ( -0.7071067811865479058, -0.7071067811865471286, 0.000000000000000000 ) ) ;
#5778 = PERSON_AND_ORGANIZATION ( #860, #5392 ) ;
#5779 = EDGE_CURVE ( 'NONE', #1818, #4617, #6086, .T. ) ;
#5780 = DIRECTION ( 'NONE',  ( -0.000000000000000000, -0.000000000000000000, 1.000000000000000000 ) ) ;
#5781 = VERTEX_POINT ( 'NONE', #4814 ) ;
#5782 = LINE ( 'NONE', #4477, #7681 ) ;
#5783 = ORIENTED_EDGE ( 'NONE', *, *, #3152, .F. ) ;
#5784 = VERTEX_POINT ( 'NONE', #7404 ) ;
#5785 = VECTOR ( 'NONE', #5055, 1000.000000000000000 ) ;
#5786 = LINE ( 'NONE', #3085, #7517 ) ;
#5787 = VECTOR ( 'NONE', #3970, 1000.000000000000000 ) ;
#5788 = ORIENTED_EDGE ( 'NONE', *, *, #2679, .T. ) ;
#5789 = DIRECTION ( 'NONE',  ( 1.259073490628327690E-16, -1.000000000000000000, 0.000000000000000000 ) ) ;
#5790 = LINE ( 'NONE', #6257, #3584 ) ;
#5791 = VECTOR ( 'NONE', #6059, 1000.000000000000000 ) ;
#5792 = FACE_BOUND ( 'NONE', #1307, .T. ) ;
#5793 = CARTESIAN_POINT ( 'NONE',  ( -37.06788286210068151, 15.48641401289931174, 0.5000000000000004441 ) ) ;
#5794 = CARTESIAN_POINT ( 'NONE',  ( 31.93211713789931139, 15.48641401289931174, 1.500000000000000444 ) ) ;
#5795 = CARTESIAN_POINT ( 'NONE',  ( -13.49635799798234714, 23.15429687499999289, 4.000000000000000000 ) ) ;
#5796 = ORIENTED_EDGE ( 'NONE', *, *, #1472, .T. ) ;
#5797 = EDGE_CURVE ( 'NONE', #1372, #1684, #1625, .T. ) ;
#5798 = ORIENTED_EDGE ( 'NONE', *, *, #7359, .T. ) ;
#5799 = LINE ( 'NONE', #1932, #5801 ) ;
#5800 = CARTESIAN_POINT ( 'NONE',  ( -36.41788286210069714, 20.78641401289931778, 1.500000000000000444 ) ) ;
#5801 = VECTOR ( 'NONE', #5844, 1000.000000000000000 ) ;
#5802 = ORIENTED_EDGE ( 'NONE', *, *, #2977, .F. ) ;
#5803 = LINE ( 'NONE', #3139, #5417 ) ;
#5804 = CARTESIAN_POINT ( 'NONE',  ( -77.76788286210067724, 20.78641401289931778, 0.5000000000000004441 ) ) ;
#5805 = EDGE_CURVE ( 'NONE', #3842, #6309, #5063, .T. ) ;
#5806 = VERTEX_POINT ( 'NONE', #5696 ) ;
#5807 = EDGE_CURVE ( 'NONE', #596, #6619, #5110, .T. ) ;
#5808 = ORIENTED_EDGE ( 'NONE', *, *, #1035, .T. ) ;
#5809 = PLANE ( 'NONE',  #6329 ) ;
#5810 = PRODUCT_DEFINITION_SHAPE ( 'NONE', 'NONE',  #3699 ) ;
#5811 = ORIENTED_EDGE ( 'NONE', *, *, #4809, .T. ) ;
#5812 = ORIENTED_EDGE ( 'NONE', *, *, #826, .F. ) ;
#5813 = CARTESIAN_POINT ( 'NONE',  ( -84.81788286210067440, 15.48641401289931174, 0.5000000000000004441 ) ) ;
#5814 = ADVANCED_FACE ( 'NONE', ( #3839 ), #7569, .F. ) ;
#5815 = DIRECTION ( 'NONE',  ( 0.000000000000000000, -1.000000000000000000, -1.608394988049553126E-16 ) ) ;
#5816 = ADVANCED_FACE ( 'NONE', ( #4382 ), #6935, .F. ) ;
#5817 = ORIENTED_EDGE ( 'NONE', *, *, #8109, .T. ) ;
#5818 = ORIENTED_EDGE ( 'NONE', *, *, #2849, .T. ) ;
#5819 = CARTESIAN_POINT ( 'NONE',  ( 29.58211713789928154, 16.07582173911837486, 1.500000000000000444 ) ) ;
#5820 = CARTESIAN_POINT ( 'NONE',  ( -9.417882862100684704, 22.78641401289931778, 1.500000000000000444 ) ) ;
#5821 = AXIS2_PLACEMENT_3D ( 'NONE', #5204, #7791, #2009 ) ;
#5822 = CARTESIAN_POINT ( 'NONE',  ( -15.81788286210067440, 15.48641401289931174, 1.500000000000000444 ) ) ;
#5823 = CARTESIAN_POINT ( 'NONE',  ( -60.06788286210068151, 20.80448725967914925, 0.5000000000000004441 ) ) ;
#5824 = PLANE ( 'NONE',  #5762 ) ;
#5825 = EDGE_CURVE ( 'NONE', #1605, #6361, #524, .T. ) ;
#5826 = ORIENTED_EDGE ( 'NONE', *, *, #7557, .F. ) ;
#5827 = VECTOR ( 'NONE', #7040, 1000.000000000000000 ) ;
#5828 = LINE ( 'NONE', #2586, #535 ) ;
#5829 = VERTEX_POINT ( 'NONE', #8333 ) ;
#5830 = ORIENTED_EDGE ( 'NONE', *, *, #6484, .F. ) ;
#5831 = LINE ( 'NONE', #1412, #3056 ) ;
#5832 = VERTEX_POINT ( 'NONE', #7740 ) ;
#5833 = DIRECTION ( 'NONE',  ( -0.7071067811865479058, -0.7071067811865471286, -1.137307002876294573E-16 ) ) ;
#5834 = CARTESIAN_POINT ( 'NONE',  ( -91.75000000000001421, 20.85065487298227183, 4.000000000000000000 ) ) ;
#5835 = EDGE_CURVE ( 'NONE', #7550, #6274, #4343, .T. ) ;
#5836 = PLANE ( 'NONE',  #744 ) ;
#5837 = CARTESIAN_POINT ( 'NONE',  ( -14.06788286210067263, 15.48641401289931174, 0.5000000000000004441 ) ) ;
#5838 = AXIS2_PLACEMENT_3D ( 'NONE', #1755, #3640, #4313 ) ;
#5839 = FACE_OUTER_BOUND ( 'NONE', #1257, .T. ) ;
#5840 = CARTESIAN_POINT ( 'NONE',  ( -13.41788286210068826, 13.48641401289930997, 0.5000000000000004441 ) ) ;
#5841 = EDGE_LOOP ( 'NONE', ( #4243, #68, #7346, #2366 ) ) ;
#5842 = LINE ( 'NONE', #2134, #268 ) ;
#5843 = ORIENTED_EDGE ( 'NONE', *, *, #1907, .F. ) ;
#5844 = DIRECTION ( 'NONE',  ( -0.000000000000000000, -0.000000000000000000, 1.000000000000000000 ) ) ;
#5845 = VECTOR ( 'NONE', #2660, 1000.000000000000000 ) ;
#5846 = CARTESIAN_POINT ( 'NONE',  ( -36.41788286210069714, 15.48641401289931174, 0.5000000000000004441 ) ) ;
#5847 = EDGE_CURVE ( 'NONE', #7757, #84, #3081, .T. ) ;
#5848 = VECTOR ( 'NONE', #2549, 1000.000000000000000 ) ;
#5849 = EDGE_CURVE ( 'NONE', #7298, #7842, #4475, .T. ) ;
#5850 = LINE ( 'NONE', #7802, #4625 ) ;
#5851 = DIRECTION ( 'NONE',  ( -0.000000000000000000, -1.000000000000000000, -0.000000000000000000 ) ) ;
#5852 = DIRECTION ( 'NONE',  ( -1.734723475976806709E-18, -1.000000000000000000, 0.000000000000000000 ) ) ;
#5853 = AXIS2_PLACEMENT_3D ( 'NONE', #5464, #5003, #5508 ) ;
#5854 = ORIENTED_EDGE ( 'NONE', *, *, #1239, .F. ) ;
#5855 = DIRECTION ( 'NONE',  ( 0.000000000000000000, 0.000000000000000000, -1.000000000000000000 ) ) ;
#5856 = ORIENTED_EDGE ( 'NONE', *, *, #2743, .T. ) ;
#5857 = ADVANCED_FACE ( 'NONE', ( #697 ), #6335, .F. ) ;
#5858 = EDGE_LOOP ( 'NONE', ( #252, #4878, #5127, #5309 ) ) ;
#5859 = DIRECTION ( 'NONE',  ( -6.938893903907222067E-15, 1.000000000000000000, 0.000000000000000000 ) ) ;
#5860 = FACE_OUTER_BOUND ( 'NONE', #1060, .T. ) ;
#5861 = ORIENTED_EDGE ( 'NONE', *, *, #7845, .F. ) ;
#5862 = ORIENTED_EDGE ( 'NONE', *, *, #2874, .T. ) ;
#5863 = CARTESIAN_POINT ( 'NONE',  ( 39.25000000000000000, 13.15429687500000355, 4.000000000000000000 ) ) ;
#5864 = EDGE_CURVE ( 'NONE', #1823, #2940, #5022, .T. ) ;
#5865 = ADVANCED_FACE ( 'NONE', ( #7612 ), #3204, .T. ) ;
#5866 = CARTESIAN_POINT ( 'NONE',  ( -82.49635799798228675, 13.15429687499997513, 4.000000000000000000 ) ) ;
#5867 =( BOUNDED_CURVE ( )  B_SPLINE_CURVE ( 3, ( #3378, #1450, #4646, #4727 ),
 .UNSPECIFIED., .F., .F. ) 
 B_SPLINE_CURVE_WITH_KNOTS ( ( 4, 4 ),
 ( 3.141592653589793116, 4.712388980384689674 ),
 .UNSPECIFIED. ) 
 CURVE ( )  GEOMETRIC_REPRESENTATION_ITEM ( )  RATIONAL_B_SPLINE_CURVE ( ( 1.000000000000000000, 0.8047378541243649375, 0.8047378541243649375, 1.000000000000000000 ) ) 
 REPRESENTATION_ITEM ( '' )  );
#5868 = CARTESIAN_POINT ( 'NONE',  ( -84.75000000000001421, 13.15429687499998934, 4.000000000000000000 ) ) ;
#5869 = EDGE_LOOP ( 'NONE', ( #4012, #4691, #3697, #4271, #2720, #5076, #1306, #5723 ) ) ;
#5870 = FACE_OUTER_BOUND ( 'NONE', #7395, .T. ) ;
#5871 = ORIENTED_EDGE ( 'NONE', *, *, #5929, .T. ) ;
#5872 = ORIENTED_EDGE ( 'NONE', *, *, #57, .F. ) ;
#5873 = LINE ( 'NONE', #7273, #6158 ) ;
#5874 = DIRECTION ( 'NONE',  ( 1.000000000000000000, 0.000000000000000000, 0.000000000000000000 ) ) ;
#5875 = EDGE_CURVE ( 'NONE', #1091, #361, #7103, .T. ) ;
#5876 = CARTESIAN_POINT ( 'NONE',  ( -91.75000000000001421, 15.45793887701772285, 2.499999999999999112 ) ) ;
#5877 = CARTESIAN_POINT ( 'NONE',  ( -59.41788286210069714, 13.48641401289930997, 0.5000000000000004441 ) ) ;
#5878 = DIRECTION ( 'NONE',  ( 1.000000000000000000, 0.000000000000000000, 0.000000000000000000 ) ) ;
#5879 = CARTESIAN_POINT ( 'NONE',  ( 6.582117137899287762, 16.07582173911837486, 1.500000000000000444 ) ) ;
#5880 = DIRECTION ( 'NONE',  ( -0.000000000000000000, -0.000000000000000000, 1.000000000000000000 ) ) ;
#5881 = ORIENTED_EDGE ( 'NONE', *, *, #3850, .T. ) ;
#5882 = DIRECTION ( 'NONE',  ( 0.5773502691896392758, -0.5773502691896192918, -0.5773502691896187367 ) ) ;
#5883 = ORIENTED_EDGE ( 'NONE', *, *, #4003, .T. ) ;
#5884 = CARTESIAN_POINT ( 'NONE',  ( -91.75000000000001421, 20.85065487298227183, 4.000000000000000000 ) ) ;
#5885 = CARTESIAN_POINT ( 'NONE',  ( 9.503642002017674173, 13.15429687499999467, 6.000000000000000000 ) ) ;
#5886 = VECTOR ( 'NONE', #6414, 1000.000000000000000 ) ;
#5887 = VERTEX_POINT ( 'NONE', #8205 ) ;
#5888 = CARTESIAN_POINT ( 'NONE',  ( -62.41788286210071135, 16.07582173911837486, 1.500000000000000444 ) ) ;
#5889 = PLANE ( 'NONE',  #3762 ) ;
#5890 = EDGE_CURVE ( 'NONE', #3375, #3823, #5608, .T. ) ;
#5891 = VECTOR ( 'NONE', #4607, 1000.000000000000000 ) ;
#5892 = VERTEX_POINT ( 'NONE', #3714 ) ;
#5893 = EDGE_LOOP ( 'NONE', ( #5001, #6549, #7896, #5872, #4834, #6680, #164, #1458, #4331, #5357, #8110, #6819 ) ) ;
#5894 = DIRECTION ( 'NONE',  ( -0.000000000000000000, -0.000000000000000000, 1.000000000000000000 ) ) ;
#5895 = ADVANCED_FACE ( 'NONE', ( #6973 ), #1196, .F. ) ;
#5896 = VERTEX_POINT ( 'NONE', #2497 ) ;
#5897 = VERTEX_POINT ( 'NONE', #7651 ) ;
#5898 = VECTOR ( 'NONE', #8055, 1000.000000000000000 ) ;
#5899 = LINE ( 'NONE', #1987, #2482 ) ;
#5900 = CARTESIAN_POINT ( 'NONE',  ( 16.00000000000002487, 20.85065487298226827, 2.500000000000000000 ) ) ;
#5901 = ORIENTED_EDGE ( 'NONE', *, *, #7057, .T. ) ;
#5902 = ORIENTED_EDGE ( 'NONE', *, *, #3281, .T. ) ;
#5903 = DIRECTION ( 'NONE',  ( 0.000000000000000000, 1.000000000000000000, 0.000000000000000000 ) ) ;
#5904 = ADVANCED_FACE ( 'NONE', ( #4430 ), #7022, .F. ) ;
#5905 = AXIS2_PLACEMENT_3D ( 'NONE', #7328, #7209, #3468 ) ;
#5906 = CARTESIAN_POINT ( 'NONE',  ( 8.932117137899320269, 20.80448725967914925, 0.5000000000000004441 ) ) ;
#5907 = VECTOR ( 'NONE', #3220, 1000.000000000000000 ) ;
#5908 = AXIS2_PLACEMENT_3D ( 'NONE', #908, #5928, #2719 ) ;
#5909 = CARTESIAN_POINT ( 'NONE',  ( 8.932117137899320269, 20.78641401289931423, -2.999999999999999112 ) ) ;
#5910 = ORIENTED_EDGE ( 'NONE', *, *, #7985, .F. ) ;
#5911 = DIRECTION ( 'NONE',  ( -0.000000000000000000, 0.000000000000000000, 1.000000000000000000 ) ) ;
#5912 = ORIENTED_EDGE ( 'NONE', *, *, #7785, .T. ) ;
#5913 = ORIENTED_EDGE ( 'NONE', *, *, #4305, .F. ) ;
#5914 = CARTESIAN_POINT ( 'NONE',  ( -62.41788286210071135, 20.23277201088163224, 2.500000000000000000 ) ) ;
#5915 = ADVANCED_FACE ( 'NONE', ( #2117 ), #6548, .F. ) ;
#5916 = EDGE_CURVE ( 'NONE', #7242, #3840, #149, .T. ) ;
#5917 = LINE ( 'NONE', #5359, #1059 ) ;
#5918 = VECTOR ( 'NONE', #4021, 1000.000000000000000 ) ;
#5919 = VECTOR ( 'NONE', #5208, 1000.000000000000000 ) ;
#5920 = CARTESIAN_POINT ( 'NONE',  ( -82.41788286210069714, 20.78641401289931778, 0.5000000000000004441 ) ) ;
#5921 = LINE ( 'NONE', #1416, #6527 ) ;
#5922 = DIRECTION ( 'NONE',  ( -0.000000000000000000, -0.000000000000000000, 1.000000000000000000 ) ) ;
#5923 = VECTOR ( 'NONE', #4125, 1000.000000000000000 ) ;
#5924 = DIRECTION ( 'NONE',  ( 0.000000000000000000, 0.000000000000000000, -1.000000000000000000 ) ) ;
#5925 = AXIS2_PLACEMENT_3D ( 'NONE', #369, #2928, #5499 ) ;
#5926 = LINE ( 'NONE', #5406, #3750 ) ;
#5927 = ORIENTED_EDGE ( 'NONE', *, *, #6359, .T. ) ;
#5928 = DIRECTION ( 'NONE',  ( 1.000000000000000000, -6.938893903907228378E-15, 0.000000000000000000 ) ) ;
#5929 = EDGE_CURVE ( 'NONE', #5037, #6794, #1443, .T. ) ;
#5930 = ORIENTED_EDGE ( 'NONE', *, *, #2886, .F. ) ;
#5931 = CARTESIAN_POINT ( 'NONE',  ( 14.23211713789931920, 20.78641401289931778, 1.500000000000000444 ) ) ;
#5932 = CARTESIAN_POINT ( 'NONE',  ( 14.23211713789931920, 15.48641401289931174, 1.500000000000000444 ) ) ;
#5933 = AXIS2_PLACEMENT_3D ( 'NONE', #6492, #723, #5855 ) ;
#5934 = DIRECTION ( 'NONE',  ( 0.000000000000000000, 0.000000000000000000, 1.000000000000000000 ) ) ;
#5935 = CARTESIAN_POINT ( 'NONE',  ( -91.75000000000001421, 20.85065487298227183, 2.500000000000000000 ) ) ;
#5936 = DIRECTION ( 'NONE',  ( 1.000000000000000000, 1.259073490628327444E-16, -0.000000000000000000 ) ) ;
#5937 = AXIS2_PLACEMENT_3D ( 'NONE', #6286, #3712, #1786 ) ;
#5938 = EDGE_CURVE ( 'NONE', #2443, #7347, #4006, .T. ) ;
#5939 = VERTEX_POINT ( 'NONE', #5352 ) ;
#5940 = LINE ( 'NONE', #4541, #6065 ) ;
#5941 = ORIENTED_EDGE ( 'NONE', *, *, #3384, .T. ) ;
#5942 = EDGE_CURVE ( 'NONE', #6490, #2073, #5278, .T. ) ;
#5943 = ADVANCED_FACE ( 'NONE', ( #2780 ), #6506, .F. ) ;
#5944 = VERTEX_POINT ( 'NONE', #1528 ) ;
#5945 = DIRECTION ( 'NONE',  ( -1.000000000000000000, 0.000000000000000000, 0.000000000000000000 ) ) ;
#5946 = ADVANCED_FACE ( 'NONE', ( #3372 ), #5824, .F. ) ;
#5947 = DIRECTION ( 'NONE',  ( -0.000000000000000000, -0.000000000000000000, 1.000000000000000000 ) ) ;
#5948 = VERTEX_POINT ( 'NONE', #3927 ) ;
#5949 = VERTEX_POINT ( 'NONE', #3290 ) ;
#5950 = CARTESIAN_POINT ( 'NONE',  ( 15.98211713789932098, 20.78641401289931778, 0.5000000000000004441 ) ) ;
#5951 = ORIENTED_EDGE ( 'NONE', *, *, #4963, .T. ) ;
#5952 = DIRECTION ( 'NONE',  ( -0.000000000000000000, -0.000000000000000000, 1.000000000000000000 ) ) ;
#5953 = EDGE_CURVE ( 'NONE', #2939, #6695, #4093, .T. ) ;
#5954 = EDGE_CURVE ( 'NONE', #5318, #2947, #7188, .T. ) ;
#5955 = DIRECTION ( 'NONE',  ( 0.000000000000000000, -1.000000000000000000, 0.000000000000000000 ) ) ;
#5956 = ORIENTED_EDGE ( 'NONE', *, *, #3149, .T. ) ;
#5957 = DIRECTION ( 'NONE',  ( -0.000000000000000000, 0.000000000000000000, 1.000000000000000000 ) ) ;
#5958 = ORIENTED_EDGE ( 'NONE', *, *, #8052, .T. ) ;
#5959 = ORIENTED_EDGE ( 'NONE', *, *, #2012, .T. ) ;
#5960 = DIRECTION ( 'NONE',  ( 0.000000000000000000, 1.000000000000000000, 0.000000000000000000 ) ) ;
#5961 = DIRECTION ( 'NONE',  ( 1.000000000000000000, -1.734723475976806709E-18, 0.000000000000000000 ) ) ;
#5962 = DIRECTION ( 'NONE',  ( -1.000000000000000000, 0.000000000000000000, 0.000000000000000000 ) ) ;
#5963 = CARTESIAN_POINT ( 'NONE',  ( 30.18211713789931139, 20.80448725967914925, 0.5000000000000004441 ) ) ;
#5964 = PLANE ( 'NONE',  #2273 ) ;
#5965 = VECTOR ( 'NONE', #4193, 1000.000000000000000 ) ;
#5966 = DIRECTION ( 'NONE',  ( 0.000000000000000000, -1.000000000000000000, 0.000000000000000000 ) ) ;
#5967 = PLANE ( 'NONE',  #680 ) ;
#5968 = ORIENTED_EDGE ( 'NONE', *, *, #4242, .T. ) ;
#5969 = CARTESIAN_POINT ( 'NONE',  ( -91.75000000000001421, 15.45793887701772285, 3.999999999999999112 ) ) ;
#5970 = EDGE_LOOP ( 'NONE', ( #4045, #1158, #1444, #5556 ) ) ;
#5971 = DIRECTION ( 'NONE',  ( -1.000000000000000000, 0.000000000000000000, 0.000000000000000000 ) ) ;
#5972 = EDGE_CURVE ( 'NONE', #596, #3771, #775, .T. ) ;
#5973 = VECTOR ( 'NONE', #2183, 1000.000000000000000 ) ;
#5974 = DIRECTION ( 'NONE',  ( -0.000000000000000000, -0.000000000000000000, 1.000000000000000000 ) ) ;
#5975 = CARTESIAN_POINT ( 'NONE',  ( -16.41788286210070424, 16.07582173911837486, 2.499999999999999112 ) ) ;
#5976 = EDGE_CURVE ( 'NONE', #7623, #2818, #4640, .T. ) ;
#5977 = FACE_OUTER_BOUND ( 'NONE', #6077, .T. ) ;
#5978 = VERTEX_POINT ( 'NONE', #6589 ) ;
#5979 = CARTESIAN_POINT ( 'NONE',  ( -52.38211713789932844, 20.23277201088161803, 1.500000000000000444 ) ) ;
#5980 = CARTESIAN_POINT ( 'NONE',  ( -37.06788286210068151, 15.48641401289931174, 1.500000000000000444 ) ) ;
#5981 = AXIS2_PLACEMENT_3D ( 'NONE', #1905, #137, #807 ) ;
#5982 = ORIENTED_EDGE ( 'NONE', *, *, #1454, .F. ) ;
#5983 = EDGE_CURVE ( 'NONE', #4917, #5240, #6668, .T. ) ;
#5984 = CARTESIAN_POINT ( 'NONE',  ( -89.25000000000001421, 13.15429687500000355, 0.5999999999999999778 ) ) ;
#5985 = VECTOR ( 'NONE', #1067, 1000.000000000000000 ) ;
#5986 = DIRECTION ( 'NONE',  ( -0.000000000000000000, -0.000000000000000000, 1.000000000000000000 ) ) ;
#5987 = ORIENTED_EDGE ( 'NONE', *, *, #1359, .F. ) ;
#5988 = ORIENTED_EDGE ( 'NONE', *, *, #1943, .T. ) ;
#5989 = CARTESIAN_POINT ( 'NONE',  ( -14.06788286210067263, 15.48641401289931174, 0.5000000000000004441 ) ) ;
#5990 = ORIENTED_EDGE ( 'NONE', *, *, #1596, .T. ) ;
#5991 = ORIENTED_EDGE ( 'NONE', *, *, #4289, .T. ) ;
#5992 = CARTESIAN_POINT ( 'NONE',  ( 39.25000000000000000, 13.15429687500000355, 4.000000000000000000 ) ) ;
#5993 = DIRECTION ( 'NONE',  ( 0.000000000000000000, -0.000000000000000000, 1.000000000000000000 ) ) ;
#5994 = ORIENTED_EDGE ( 'NONE', *, *, #6771, .T. ) ;
#5995 = EDGE_CURVE ( 'NONE', #7747, #1490, #7268, .T. ) ;
#5996 = LINE ( 'NONE', #7230, #3484 ) ;
#5997 = VERTEX_POINT ( 'NONE', #2624 ) ;
#5998 = CARTESIAN_POINT ( 'NONE',  ( -89.75000000000001421, 23.15429687500000355, 0.2500000000000000000 ) ) ;
#5999 = CARTESIAN_POINT ( 'NONE',  ( -36.41788286210069714, 20.78641401289931778, 1.500000000000000444 ) ) ;
#6000 = EDGE_CURVE ( 'NONE', #1805, #3476, #4052, .T. ) ;
#6001 = FACE_OUTER_BOUND ( 'NONE', #4401, .T. ) ;
#6002 = DIRECTION ( 'NONE',  ( -6.546126324440781637E-16, 1.000000000000000000, 0.000000000000000000 ) ) ;
#6003 = DIRECTION ( 'NONE',  ( 0.000000000000000000, 0.000000000000000000, -1.000000000000000000 ) ) ;
#6004 = CARTESIAN_POINT ( 'NONE',  ( 39.25000000000000000, 13.15429687500000355, 6.000000000000000000 ) ) ;
#6005 = DIRECTION ( 'NONE',  ( 1.000000000000000000, 0.000000000000000000, 0.000000000000000000 ) ) ;
#6006 = VERTEX_POINT ( 'NONE', #7308 ) ;
#6007 = LINE ( 'NONE', #1544, #3480 ) ;
#6008 = EDGE_LOOP ( 'NONE', ( #6360, #7479, #6255, #1287 ) ) ;
#6009 = CARTESIAN_POINT ( 'NONE',  ( 31.93211713789931139, 20.78641401289931423, -2.999999999999999112 ) ) ;
#6010 = EDGE_CURVE ( 'NONE', #5198, #7906, #859, .T. ) ;
#6011 = CARTESIAN_POINT ( 'NONE',  ( 16.61788286210066801, 16.07582173911838197, 1.500000000000000444 ) ) ;
#6012 = CARTESIAN_POINT ( 'NONE',  ( 39.25000000000000000, 13.15429687500000355, 4.000000000000000000 ) ) ;
#6013 = CARTESIAN_POINT ( 'NONE',  ( 38.98211713789931565, 15.50448725967914143, 0.5000000000000004441 ) ) ;
#6014 = ORIENTED_EDGE ( 'NONE', *, *, #6369, .F. ) ;
#6015 = CARTESIAN_POINT ( 'NONE',  ( -32.41788286210067582, 13.48641401289931174, 0.5000000000000004441 ) ) ;
#6016 = PLANE ( 'NONE',  #1054 ) ;
#6017 = EDGE_CURVE ( 'NONE', #3823, #6114, #5192, .T. ) ;
#6018 = ORIENTED_EDGE ( 'NONE', *, *, #7571, .F. ) ;
#6019 = LINE ( 'NONE', #339, #5571 ) ;
#6020 = DATE_TIME_ROLE ( 'classification_date' ) ;
#6021 = VECTOR ( 'NONE', #8203, 1000.000000000000000 ) ;
#6022 = DIRECTION ( 'NONE',  ( -0.000000000000000000, 0.000000000000000000, 1.000000000000000000 ) ) ;
#6023 = ORIENTED_EDGE ( 'NONE', *, *, #783, .T. ) ;
#6024 = ORIENTED_EDGE ( 'NONE', *, *, #6400, .T. ) ;
#6025 = DIRECTION ( 'NONE',  ( 1.000000000000000000, -1.734723475976806709E-18, -0.000000000000000000 ) ) ;
#6026 = VERTEX_POINT ( 'NONE', #7146 ) ;
#6027 = EDGE_CURVE ( 'NONE', #5892, #4235, #1406, .T. ) ;
#6028 = VECTOR ( 'NONE', #7108, 1000.000000000000000 ) ;
#6029 = ORIENTED_EDGE ( 'NONE', *, *, #7371, .T. ) ;
#6030 = CARTESIAN_POINT ( 'NONE',  ( 32.52152486411834076, 13.13641401289931210, 1.500000000000000444 ) ) ;
#6031 = FACE_OUTER_BOUND ( 'NONE', #3779, .T. ) ;
#6032 = ORIENTED_EDGE ( 'NONE', *, *, #2777, .F. ) ;
#6033 = VECTOR ( 'NONE', #1804, 1000.000000000000000 ) ;
#6034 = CARTESIAN_POINT ( 'NONE',  ( 38.98211713789931565, 20.78641401289931778, 0.5000000000000004441 ) ) ;
#6035 = EDGE_LOOP ( 'NONE', ( #5282, #7975, #1179, #2759 ) ) ;
#6036 = PLANE ( 'NONE',  #8197 ) ;
#6037 = CARTESIAN_POINT ( 'NONE',  ( 7.199999999999942446, 15.45793887701772285, 3.999999999999999112 ) ) ;
#6038 = VECTOR ( 'NONE', #2252, 1000.000000000000000 ) ;
#6039 = VECTOR ( 'NONE', #1704, 1000.000000000000000 ) ;
#6040 = DIRECTION ( 'NONE',  ( -0.000000000000000000, -0.000000000000000000, 1.000000000000000000 ) ) ;
#6041 = CARTESIAN_POINT ( 'NONE',  ( -52.38211713789932844, 16.07582173911838197, 2.499999999999999112 ) ) ;
#6042 = PLANE ( 'NONE',  #5214 ) ;
#6043 = DIRECTION ( 'NONE',  ( 0.000000000000000000, 1.000000000000000000, 0.000000000000000000 ) ) ;
#6044 = DIRECTION ( 'NONE',  ( -0.000000000000000000, -0.000000000000000000, 1.000000000000000000 ) ) ;
#6045 = VERTEX_POINT ( 'NONE', #7510 ) ;
#6046 = AXIS2_PLACEMENT_3D ( 'NONE', #303, #7465, #6745 ) ;
#6047 = LINE ( 'NONE', #956, #2686 ) ;
#6048 = AXIS2_PLACEMENT_3D ( 'NONE', #8268, #7633, #676 ) ;
#6049 = ORIENTED_EDGE ( 'NONE', *, *, #1710, .F. ) ;
#6050 = DIRECTION ( 'NONE',  ( -1.000000000000000000, 0.000000000000000000, -0.000000000000000000 ) ) ;
#6051 = DIRECTION ( 'NONE',  ( 0.7071067811865474617, -0.7071067811865474617, 0.000000000000000000 ) ) ;
#6052 = VECTOR ( 'NONE', #5252, 1000.000000000000000 ) ;
#6053 = CARTESIAN_POINT ( 'NONE',  ( -55.32152486411841608, 23.17217973710070567, 6.000000000000000000 ) ) ;
#6054 = CARTESIAN_POINT ( 'NONE',  ( -55.41788286210069003, 22.78641401289931778, 0.5000000000000004441 ) ) ;
#6055 = AXIS2_PLACEMENT_3D ( 'NONE', #40, #5205, #5164 ) ;
#6056 = ADVANCED_FACE ( 'NONE', ( #5396 ), #8069, .T. ) ;
#6057 = CARTESIAN_POINT ( 'NONE',  ( -60.06788286210068151, 20.80448725967914925, 1.500000000000000444 ) ) ;
#6058 = VERTEX_POINT ( 'NONE', #4846 ) ;
#6059 = DIRECTION ( 'NONE',  ( -0.000000000000000000, -0.000000000000000000, 1.000000000000000000 ) ) ;
#6060 = DIRECTION ( 'NONE',  ( -0.000000000000000000, -0.000000000000000000, 1.000000000000000000 ) ) ;
#6061 = VECTOR ( 'NONE', #1646, 1000.000000000000000 ) ;
#6062 = VECTOR ( 'NONE', #8040, 1000.000000000000000 ) ;
#6063 = EDGE_LOOP ( 'NONE', ( #507, #3647, #1364, #2934, #7088, #1182, #129, #3184 ) ) ;
#6064 = CARTESIAN_POINT ( 'NONE',  ( -37.06788286210068151, 20.78641401289931068, 0.5000000000000004441 ) ) ;
#6065 = VECTOR ( 'NONE', #844, 1000.000000000000000 ) ;
#6066 = ADVANCED_FACE ( 'NONE', ( #1728 ), #269, .F. ) ;
#6067 = ADVANCED_FACE ( 'NONE', ( #2285 ), #980, .F. ) ;
#6068 = FACE_OUTER_BOUND ( 'NONE', #928, .T. ) ;
#6069 = EDGE_LOOP ( 'NONE', ( #417, #1267, #1998, #4094 ) ) ;
#6070 = VERTEX_POINT ( 'NONE', #2987 ) ;
#6071 = FACE_OUTER_BOUND ( 'NONE', #4532, .T. ) ;
#6072 = ORIENTED_EDGE ( 'NONE', *, *, #4512, .T. ) ;
#6073 = VERTEX_POINT ( 'NONE', #4209 ) ;
#6074 = LINE ( 'NONE', #3494, #7882 ) ;
#6075 = EDGE_CURVE ( 'NONE', #6410, #5949, #2907, .T. ) ;
#6076 = PLANE ( 'NONE',  #1487 ) ;
#6077 = EDGE_LOOP ( 'NONE', ( #1889, #2270, #6301, #2179, #8315, #3871, #4560, #287, #4710, #7179 ) ) ;
#6078 = DIRECTION ( 'NONE',  ( 0.000000000000000000, -1.000000000000000000, 0.000000000000000000 ) ) ;
#6079 = ORIENTED_EDGE ( 'NONE', *, *, #1955, .T. ) ;
#6080 = FACE_OUTER_BOUND ( 'NONE', #3726, .T. ) ;
#6081 = CARTESIAN_POINT ( 'NONE',  ( 7.182117137899318493, 20.80448725967914925, 0.5000000000000004441 ) ) ;
#6082 = CARTESIAN_POINT ( 'NONE',  ( 9.521524864118349640, 13.13641401289931210, 1.500000000000000444 ) ) ;
#6083 = PLANE ( 'NONE',  #7471 ) ;
#6084 = CARTESIAN_POINT ( 'NONE',  ( 45.85000000000000142, 22.40429687500000355, 6.000000000000000000 ) ) ;
#6085 = ADVANCED_FACE ( 'NONE', ( #1018 ), #1567, .F. ) ;
#6086 = LINE ( 'NONE', #5447, #6062 ) ;
#6087 = LINE ( 'NONE', #5573, #945 ) ;
#6088 = ORIENTED_EDGE ( 'NONE', *, *, #2959, .F. ) ;
#6089 = CARTESIAN_POINT ( 'NONE',  ( -59.47847513588163793, 23.17217973710070567, 1.500000000000000444 ) ) ;
#6090 = ORIENTED_EDGE ( 'NONE', *, *, #3850, .F. ) ;
#6091 = LINE ( 'NONE', #328, #7666 ) ;
#6092 = AXIS2_PLACEMENT_3D ( 'NONE', #2415, #1825, #4980 ) ;
#6093 = FACE_OUTER_BOUND ( 'NONE', #3644, .T. ) ;
#6094 = DIRECTION ( 'NONE',  ( -1.000000000000000000, -1.119176436114068839E-16, 0.000000000000000000 ) ) ;
#6095 = FACE_OUTER_BOUND ( 'NONE', #2884, .T. ) ;
#6096 = DIRECTION ( 'NONE',  ( -0.000000000000000000, -0.000000000000000000, 1.000000000000000000 ) ) ;
#6097 = VECTOR ( 'NONE', #2800, 1000.000000000000000 ) ;
#6098 = EDGE_CURVE ( 'NONE', #3763, #6915, #3534, .T. ) ;
#6099 = EDGE_LOOP ( 'NONE', ( #1298, #5052, #762, #4765 ) ) ;
#6100 = DIRECTION ( 'NONE',  ( 0.000000000000000000, 0.000000000000000000, -1.000000000000000000 ) ) ;
#6101 = FACE_OUTER_BOUND ( 'NONE', #1563, .T. ) ;
#6102 = ADVANCED_FACE ( 'NONE', ( #2950 ), #2364, .F. ) ;
#6103 = ORIENTED_EDGE ( 'NONE', *, *, #3565, .F. ) ;
#6104 = LINE ( 'NONE', #1557, #2887 ) ;
#6105 = CARTESIAN_POINT ( 'NONE',  ( 13.67847513588160702, 13.13641401289931210, 1.500000000000000444 ) ) ;
#6106 = VERTEX_POINT ( 'NONE', #4290 ) ;
#6107 = ORIENTED_EDGE ( 'NONE', *, *, #6959, .T. ) ;
#6108 = CARTESIAN_POINT ( 'NONE',  ( -91.34999999999998010, 25.65429687500000355, 0.3999999999999837019 ) ) ;
#6109 = ORIENTED_EDGE ( 'NONE', *, *, #5805, .F. ) ;
#6110 = VECTOR ( 'NONE', #6969, 1000.000000000000114 ) ;
#6111 = VECTOR ( 'NONE', #6476, 1000.000000000000000 ) ;
#6112 = ORIENTED_EDGE ( 'NONE', *, *, #5763, .F. ) ;
#6113 = DIRECTION ( 'NONE',  ( 0.000000000000000000, 1.000000000000000000, 0.000000000000000000 ) ) ;
#6114 = VERTEX_POINT ( 'NONE', #6151 ) ;
#6115 = LINE ( 'NONE', #941, #3091 ) ;
#6116 = EDGE_CURVE ( 'NONE', #7323, #5513, #894, .T. ) ;
#6117 = EDGE_LOOP ( 'NONE', ( #3291, #6766, #3918, #6795, #684, #1275, #5728, #3402 ) ) ;
#6118 = VECTOR ( 'NONE', #5481, 1000.000000000000000 ) ;
#6119 = CARTESIAN_POINT ( 'NONE',  ( -37.06788286210068151, 15.48641401289931174, 0.5000000000000004441 ) ) ;
#6120 = CARTESIAN_POINT ( 'NONE',  ( 114.9999999999999858, 0.000000000000000000, 0.5000000000000004441 ) ) ;
#6121 = ADVANCED_FACE ( 'NONE', ( #6031 ), #8111, .F. ) ;
#6122 = LINE ( 'NONE', #1534, #5170 ) ;
#6123 = CARTESIAN_POINT ( 'NONE',  ( 32.52152486411834076, 13.13641401289931210, 1.500000000000000444 ) ) ;
#6124 = DIRECTION ( 'NONE',  ( -0.000000000000000000, -0.000000000000000000, 1.000000000000000000 ) ) ;
#6125 = DIRECTION ( 'NONE',  ( -0.000000000000000000, 1.000000000000000000, -0.000000000000000000 ) ) ;
#6126 = CARTESIAN_POINT ( 'NONE',  ( -14.06788286210067263, 20.78641401289931423, 1.500000000000000444 ) ) ;
#6127 = EDGE_LOOP ( 'NONE', ( #2401, #4889, #5301, #3293, #5817 ) ) ;
#6128 = CARTESIAN_POINT ( 'NONE',  ( 46.25000000000000000, 24.87145416252538510, 5.217157287525385989 ) ) ;
#6129 = ORIENTED_EDGE ( 'NONE', *, *, #2937, .F. ) ;
#6130 = CARTESIAN_POINT ( 'NONE',  ( -84.75000000000001421, 20.90065487298231872, 1.500000000000000444 ) ) ;
#6131 = ADVANCED_FACE ( 'NONE', ( #6834 ), #6076, .T. ) ;
#6132 = CARTESIAN_POINT ( 'NONE',  ( 46.25000000000000000, 22.40429687500000355, 6.000000000000000000 ) ) ;
#6133 = DIRECTION ( 'NONE',  ( 0.000000000000000000, 1.000000000000000000, 0.000000000000000000 ) ) ;
#6134 = DIRECTION ( 'NONE',  ( 0.000000000000000000, -1.000000000000000000, 0.000000000000000000 ) ) ;
#6135 = PLANE ( 'NONE',  #5925 ) ;
#6136 = VERTEX_POINT ( 'NONE', #3617 ) ;
#6137 = CARTESIAN_POINT ( 'NONE',  ( 37.23211713789930855, 15.50448725967914143, 0.5000000000000004441 ) ) ;
#6138 = CARTESIAN_POINT ( 'NONE',  ( 39.25000000000000000, 23.15429687500000000, 4.000000000000000000 ) ) ;
#6139 = ADVANCED_FACE ( 'NONE', ( #2242 ), #2201, .F. ) ;
#6140 = VERTEX_POINT ( 'NONE', #4129 ) ;
#6141 = ADVANCED_FACE ( 'NONE', ( #939 ), #3495, .T. ) ;
#6142 = CARTESIAN_POINT ( 'NONE',  ( -89.25000000000001421, 23.15429687500000355, 0.5999999999999999778 ) ) ;
#6143 = CARTESIAN_POINT ( 'NONE',  ( -78.41788286210068293, 20.78641401289931778, 1.500000000000000444 ) ) ;
#6144 = ORIENTED_EDGE ( 'NONE', *, *, #3152, .T. ) ;
#6145 = ORIENTED_EDGE ( 'NONE', *, *, #5008, .T. ) ;
#6146 = CARTESIAN_POINT ( 'NONE',  ( -60.06788286210068151, 20.78641401289931423, 1.500000000000000444 ) ) ;
#6147 = ORIENTED_EDGE ( 'NONE', *, *, #5709, .T. ) ;
#6148 = ORIENTED_EDGE ( 'NONE', *, *, #6611, .T. ) ;
#6149 = VECTOR ( 'NONE', #2878, 1000.000000000000000 ) ;
#6150 = EDGE_CURVE ( 'NONE', #5781, #6898, #5767, .T. ) ;
#6151 = CARTESIAN_POINT ( 'NONE',  ( 46.25000000000000000, 13.90429687500000355, 5.600000000000003197 ) ) ;
#6152 = ORIENTED_EDGE ( 'NONE', *, *, #783, .F. ) ;
#6153 = EDGE_CURVE ( 'NONE', #2204, #6045, #7640, .T. ) ;
#6154 = ORIENTED_EDGE ( 'NONE', *, *, #5285, .T. ) ;
#6155 = PLANE ( 'NONE',  #7151 ) ;
#6156 = ORIENTED_EDGE ( 'NONE', *, *, #6954, .T. ) ;
#6157 = CARTESIAN_POINT ( 'NONE',  ( -15.81788286210067440, 20.80448725967914925, 1.500000000000000444 ) ) ;
#6158 = VECTOR ( 'NONE', #2087, 1000.000000000000000 ) ;
#6159 = CARTESIAN_POINT ( 'NONE',  ( -54.76788286210067724, 20.78641401289931778, 0.5000000000000004441 ) ) ;
#6160 = DIRECTION ( 'NONE',  ( 0.000000000000000000, -1.000000000000000000, 0.000000000000000000 ) ) ;
#6161 = DIRECTION ( 'NONE',  ( 0.000000000000000000, 0.000000000000000000, -1.000000000000000000 ) ) ;
#6162 = PLANE ( 'NONE',  #3185 ) ;
#6163 = VECTOR ( 'NONE', #4451, 1000.000000000000000 ) ;
#6164 = DIRECTION ( 'NONE',  ( -1.000000000000000000, 0.000000000000000000, -0.000000000000000000 ) ) ;
#6165 = EDGE_CURVE ( 'NONE', #3221, #5646, #3153, .T. ) ;
#6166 = EDGE_CURVE ( 'NONE', #806, #2864, #3193, .T. ) ;
#6167 = CARTESIAN_POINT ( 'NONE',  ( -91.75000000000001421, 20.85065487298227183, 4.000000000000000000 ) ) ;
#6168 = ORIENTED_EDGE ( 'NONE', *, *, #3907, .F. ) ;
#6169 = FACE_OUTER_BOUND ( 'NONE', #7306, .T. ) ;
#6170 = ORIENTED_EDGE ( 'NONE', *, *, #3105, .F. ) ;
#6171 = FACE_BOUND ( 'NONE', #3529, .T. ) ;
#6172 = VECTOR ( 'NONE', #1250, 1000.000000000000000 ) ;
#6173 = DIRECTION ( 'NONE',  ( -0.000000000000000000, 0.000000000000000000, 1.000000000000000000 ) ) ;
#6174 = DIRECTION ( 'NONE',  ( 0.7071067811865466846, 0.7071067811865483499, 0.000000000000000000 ) ) ;
#6175 = DIRECTION ( 'NONE',  ( 1.000000000000000000, 0.000000000000000000, 0.000000000000000000 ) ) ;
#6176 = VECTOR ( 'NONE', #6623, 1000.000000000000000 ) ;
#6177 = LINE ( 'NONE', #4946, #5251 ) ;
#6178 = EDGE_CURVE ( 'NONE', #2462, #6881, #8279, .T. ) ;
#6179 = VECTOR ( 'NONE', #354, 1000.000000000000000 ) ;
#6180 = ORIENTED_EDGE ( 'NONE', *, *, #1669, .F. ) ;
#6181 = LINE ( 'NONE', #2188, #3231 ) ;
#6182 = CARTESIAN_POINT ( 'NONE',  ( -9.321524864118385878, 13.13641401289931210, 1.500000000000000444 ) ) ;
#6183 = VECTOR ( 'NONE', #5880, 1000.000000000000000 ) ;
#6184 = VECTOR ( 'NONE', #3940, 1000.000000000000000 ) ;
#6185 = ORIENTED_EDGE ( 'NONE', *, *, #1484, .T. ) ;
#6186 = DIRECTION ( 'NONE',  ( 0.000000000000000000, 0.000000000000000000, -1.000000000000000000 ) ) ;
#6187 = ADVANCED_FACE ( 'NONE', ( #3703 ), #6276, .F. ) ;
#6188 = DIRECTION ( 'NONE',  ( -1.000000000000000000, -1.119176436114068839E-16, 0.000000000000000000 ) ) ;
#6189 = VECTOR ( 'NONE', #1911, 1000.000000000000000 ) ;
#6190 = ORIENTED_EDGE ( 'NONE', *, *, #543, .T. ) ;
#6191 = AXIS2_PLACEMENT_3D ( 'NONE', #7390, #1611, #4173 ) ;
#6192 = VERTEX_POINT ( 'NONE', #6961 ) ;
#6193 = CARTESIAN_POINT ( 'NONE',  ( 31.93211713789931139, 20.80448725967914925, 0.5000000000000004441 ) ) ;
#6194 = ORIENTED_EDGE ( 'NONE', *, *, #3408, .F. ) ;
#6195 = EDGE_CURVE ( 'NONE', #3025, #3735, #5143, .T. ) ;
#6196 = EDGE_CURVE ( 'NONE', #7023, #3072, #6323, .T. ) ;
#6197 = AXIS2_PLACEMENT_3D ( 'NONE', #7337, #4117, #6691 ) ;
#6198 = ORIENTED_EDGE ( 'NONE', *, *, #2426, .F. ) ;
#6199 = DIRECTION ( 'NONE',  ( 0.000000000000000000, -1.000000000000000000, 0.000000000000000000 ) ) ;
#6200 = ORIENTED_EDGE ( 'NONE', *, *, #509, .T. ) ;
#6201 = ORIENTED_EDGE ( 'NONE', *, *, #7342, .F. ) ;
#6202 = DIRECTION ( 'NONE',  ( -0.000000000000000000, 0.000000000000000000, 1.000000000000000000 ) ) ;
#6203 = VERTEX_POINT ( 'NONE', #6920 ) ;
#6204 = LINE ( 'NONE', #6119, #5615 ) ;
#6205 = CARTESIAN_POINT ( 'NONE',  ( 14.23211713789931920, 15.50448725967914143, 0.5000000000000004441 ) ) ;
#6206 = DIRECTION ( 'NONE',  ( 0.000000000000000000, -0.000000000000000000, 1.000000000000000000 ) ) ;
#6207 = DIRECTION ( 'NONE',  ( -0.000000000000000000, -0.000000000000000000, 1.000000000000000000 ) ) ;
#6208 = CARTESIAN_POINT ( 'NONE',  ( -82.41788286210069714, 13.48641401289930997, 0.5000000000000004441 ) ) ;
#6209 = LINE ( 'NONE', #5487, #3360 ) ;
#6210 = PLANE ( 'NONE',  #3075 ) ;
#6211 = ORIENTED_EDGE ( 'NONE', *, *, #36, .F. ) ;
#6212 = DIRECTION ( 'NONE',  ( 1.000000000000000000, -1.734723475976806709E-18, -0.000000000000000000 ) ) ;
#6213 = EDGE_LOOP ( 'NONE', ( #4655, #1721, #2237, #7927 ) ) ;
#6214 = CARTESIAN_POINT ( 'NONE',  ( 39.25000000000000000, 23.15429687500000000, 6.000000000000000000 ) ) ;
#6215 = ADVANCED_FACE ( 'NONE', ( #4416 ), #7730, .F. ) ;
#6216 = FACE_BOUND ( 'NONE', #571, .T. ) ;
#6217 = DIRECTION ( 'NONE',  ( 0.000000000000000000, 0.000000000000000000, -1.000000000000000000 ) ) ;
#6218 = CARTESIAN_POINT ( 'NONE',  ( -62.41788286210071135, 20.23277201088163224, 1.500000000000000444 ) ) ;
#6219 = DIRECTION ( 'NONE',  ( -0.000000000000000000, -0.000000000000000000, 1.000000000000000000 ) ) ;
#6220 = VERTEX_POINT ( 'NONE', #5095 ) ;
#6221 = PLANE ( 'NONE',  #4177 ) ;
#6222 = EDGE_CURVE ( 'NONE', #7764, #5997, #1908, .T. ) ;
#6223 = CARTESIAN_POINT ( 'NONE',  ( -6.999999999999978684, 20.85065487298227183, 2.500000000000000000 ) ) ;
#6224 = EDGE_CURVE ( 'NONE', #153, #7132, #3657, .T. ) ;
#6225 = EDGE_CURVE ( 'NONE', #1568, #5292, #7558, .T. ) ;
#6226 = ORIENTED_EDGE ( 'NONE', *, *, #3365, .T. ) ;
#6227 = CARTESIAN_POINT ( 'NONE',  ( 16.61788286210066801, 20.23277201088161803, 2.500000000000000000 ) ) ;
#6228 = DIRECTION ( 'NONE',  ( -0.000000000000000000, -0.000000000000000000, 1.000000000000000000 ) ) ;
#6229 = VECTOR ( 'NONE', #5851, 1000.000000000000000 ) ;
#6230 = DIRECTION ( 'NONE',  ( -0.000000000000000000, -0.000000000000000000, 1.000000000000000000 ) ) ;
#6231 = ORIENTED_EDGE ( 'NONE', *, *, #6531, .T. ) ;
#6232 = ORIENTED_EDGE ( 'NONE', *, *, #8342, .T. ) ;
#6233 = CARTESIAN_POINT ( 'NONE',  ( -14.06788286210067263, 20.78641401289931423, -2.999999999999999112 ) ) ;
#6234 = ORIENTED_EDGE ( 'NONE', *, *, #1979, .T. ) ;
#6235 = EDGE_CURVE ( 'NONE', #3413, #1512, #6364, .T. ) ;
#6236 = VERTEX_POINT ( 'NONE', #1776 ) ;
#6237 = VECTOR ( 'NONE', #4111, 1000.000000000000000 ) ;
#6238 = CARTESIAN_POINT ( 'NONE',  ( -78.32152486411841608, 23.17217973710070567, 6.000000000000000000 ) ) ;
#6239 = ORIENTED_EDGE ( 'NONE', *, *, #6413, .T. ) ;
#6240 = ORIENTED_EDGE ( 'NONE', *, *, #162, .F. ) ;
#6241 = VECTOR ( 'NONE', #186, 1000.000000000000000 ) ;
#6242 = DIRECTION ( 'NONE',  ( -1.000000000000000000, 1.734723475976806709E-18, 0.000000000000000000 ) ) ;
#6243 = ORIENTED_EDGE ( 'NONE', *, *, #3926, .F. ) ;
#6244 = CARTESIAN_POINT ( 'NONE',  ( -78.41788286210066872, 15.48641401289931174, 1.500000000000000444 ) ) ;
#6245 = CARTESIAN_POINT ( 'NONE',  ( 13.69635799798228604, 23.15429687499999645, 1.500000000000000444 ) ) ;
#6246 = VECTOR ( 'NONE', #6386, 1000.000000000000000 ) ;
#6247 = LINE ( 'NONE', #3793, #1392 ) ;
#6248 = CARTESIAN_POINT ( 'NONE',  ( -75.99999999999998579, 20.85065487298227183, 4.000000000000000000 ) ) ;
#6249 = VECTOR ( 'NONE', #355, 1000.000000000000000 ) ;
#6250 = CARTESIAN_POINT ( 'NONE',  ( -15.80000000000005400, 15.45793887701772285, 1.500000000000000444 ) ) ;
#6251 = DIRECTION ( 'NONE',  ( -6.938893903907222067E-15, 1.000000000000000000, 0.000000000000000000 ) ) ;
#6252 = ORIENTED_EDGE ( 'NONE', *, *, #4958, .T. ) ;
#6253 = ORIENTED_EDGE ( 'NONE', *, *, #7665, .F. ) ;
#6254 = CARTESIAN_POINT ( 'NONE',  ( 39.25000000000000711, 15.70793887701772640, 1.500000000000000444 ) ) ;
#6255 = ORIENTED_EDGE ( 'NONE', *, *, #8065, .T. ) ;
#6256 = PLANE ( 'NONE',  #264 ) ;
#6257 = CARTESIAN_POINT ( 'NONE',  ( 7.199999999999938893, 15.45793887701772285, 1.500000000000000444 ) ) ;
#6258 = LINE ( 'NONE', #1038, #3401 ) ;
#6259 = FACE_OUTER_BOUND ( 'NONE', #2531, .T. ) ;
#6260 = LINE ( 'NONE', #5540, #4839 ) ;
#6261 = EDGE_CURVE ( 'NONE', #4798, #2443, #1817, .T. ) ;
#6262 = ORIENTED_EDGE ( 'NONE', *, *, #4569, .F. ) ;
#6263 = LINE ( 'NONE', #3178, #5386 ) ;
#6264 = CARTESIAN_POINT ( 'NONE',  ( -91.75000000000001421, 13.90429687500000355, 1.000000000000000000 ) ) ;
#6265 = ORIENTED_EDGE ( 'NONE', *, *, #363, .T. ) ;
#6266 = CARTESIAN_POINT ( 'NONE',  ( -59.47847513588163793, 23.17217973710070567, 4.000000000000000000 ) ) ;
#6267 = CARTESIAN_POINT ( 'NONE',  ( -55.41788286210067582, 20.78641401289931778, 1.500000000000000444 ) ) ;
#6268 = FACE_OUTER_BOUND ( 'NONE', #5153, .T. ) ;
#6269 = ADVANCED_FACE ( 'NONE', ( #1273 ), #7598, .F. ) ;
#6270 = VERTEX_POINT ( 'NONE', #6238 ) ;
#6271 = EDGE_CURVE ( 'NONE', #6671, #153, #636, .T. ) ;
#6272 = ORIENTED_EDGE ( 'NONE', *, *, #6224, .F. ) ;
#6273 = CARTESIAN_POINT ( 'NONE',  ( 32.58211713789929576, 13.48641401289930997, 0.5000000000000004441 ) ) ;
#6274 = VERTEX_POINT ( 'NONE', #3027 ) ;
#6275 = VERTEX_POINT ( 'NONE', #8191 ) ;
#6276 = PLANE ( 'NONE',  #5096 ) ;
#6277 = EDGE_CURVE ( 'NONE', #1560, #2424, #4372, .T. ) ;
#6278 = ORIENTED_EDGE ( 'NONE', *, *, #2853, .F. ) ;
#6279 = ORIENTED_EDGE ( 'NONE', *, *, #310, .F. ) ;
#6280 = DIRECTION ( 'NONE',  ( 0.7071067811865479058, -0.7071067811865471286, -0.000000000000000000 ) ) ;
#6281 = VERTEX_POINT ( 'NONE', #217 ) ;
#6282 = DIRECTION ( 'NONE',  ( 1.000000000000000000, 4.336808689941999001E-16, 0.000000000000000000 ) ) ;
#6283 = VECTOR ( 'NONE', #4483, 1000.000000000000000 ) ;
#6284 = CARTESIAN_POINT ( 'NONE',  ( 39.25000000000000000, 22.40429687500000355, 6.000000000000000000 ) ) ;
#6285 = LINE ( 'NONE', #7567, #2519 ) ;
#6286 = CARTESIAN_POINT ( 'NONE',  ( 0.000000000000000000, 0.000000000000000000, 4.000000000000000000 ) ) ;
#6287 = DIRECTION ( 'NONE',  ( 1.734723475976806709E-18, 1.000000000000000000, 0.000000000000000000 ) ) ;
#6288 = VECTOR ( 'NONE', #3933, 1000.000000000000000 ) ;
#6289 = CARTESIAN_POINT ( 'NONE',  ( -52.38211713789932844, 16.07582173911838197, 1.500000000000000444 ) ) ;
#6290 = ORIENTED_EDGE ( 'NONE', *, *, #5141, .F. ) ;
#6291 = DIRECTION ( 'NONE',  ( -0.7071067811865479058, -0.7071067811865471286, -1.137307002876294573E-16 ) ) ;
#6292 = ORIENTED_EDGE ( 'NONE', *, *, #5181, .F. ) ;
#6293 = DIRECTION ( 'NONE',  ( -1.000000000000000000, -1.119176436114068839E-16, 0.000000000000000000 ) ) ;
#6294 = EDGE_CURVE ( 'NONE', #7323, #4517, #3998, .T. ) ;
#6295 = AXIS2_PLACEMENT_3D ( 'NONE', #5524, #4767, #899 ) ;
#6296 = DIRECTION ( 'NONE',  ( -0.000000000000000000, -0.000000000000000000, 1.000000000000000000 ) ) ;
#6297 = ADVANCED_FACE ( 'NONE', ( #5343 ), #7857, .F. ) ;
#6298 = FACE_OUTER_BOUND ( 'NONE', #1645, .T. ) ;
#6299 = LINE ( 'NONE', #3722, #3437 ) ;
#6300 = CARTESIAN_POINT ( 'NONE',  ( 69.00000000000000000, 0.000000000000000000, 0.5000000000000004441 ) ) ;
#6301 = ORIENTED_EDGE ( 'NONE', *, *, #1943, .F. ) ;
#6302 = VECTOR ( 'NONE', #2453, 1000.000000000000000 ) ;
#6303 = EDGE_LOOP ( 'NONE', ( #5599, #648, #7083, #7539 ) ) ;
#6304 = LINE ( 'NONE', #4999, #6744 ) ;
#6305 = CARTESIAN_POINT ( 'NONE',  ( -55.32152486411839476, 13.13641401289931210, 6.000000000000000000 ) ) ;
#6306 = EDGE_CURVE ( 'NONE', #631, #3447, #7771, .T. ) ;
#6307 = EDGE_CURVE ( 'NONE', #2617, #700, #7895, .T. ) ;
#6308 = VECTOR ( 'NONE', #6698, 1000.000000000000000 ) ;
#6309 = VERTEX_POINT ( 'NONE', #2072 ) ;
#6310 = CARTESIAN_POINT ( 'NONE',  ( -91.75000000000001421, 20.85065487298227183, 4.000000000000000000 ) ) ;
#6311 = VECTOR ( 'NONE', #2631, 1000.000000000000000 ) ;
#6312 = DIRECTION ( 'NONE',  ( -6.546126324440781637E-16, 1.000000000000000000, 0.000000000000000000 ) ) ;
#6313 = ORIENTED_EDGE ( 'NONE', *, *, #1016, .F. ) ;
#6314 = ORIENTED_EDGE ( 'NONE', *, *, #2127, .T. ) ;
#6315 = CARTESIAN_POINT ( 'NONE',  ( -36.47847513588165214, 13.13641401289931210, 1.500000000000000444 ) ) ;
#6316 = VECTOR ( 'NONE', #6722, 1000.000000000000000 ) ;
#6317 = ORIENTED_EDGE ( 'NONE', *, *, #8125, .T. ) ;
#6318 = VECTOR ( 'NONE', #275, 1000.000000000000000 ) ;
#6319 = VERTEX_POINT ( 'NONE', #2772 ) ;
#6320 = EDGE_CURVE ( 'NONE', #3704, #7550, #4547, .T. ) ;
#6321 = VECTOR ( 'NONE', #2037, 1000.000000000000000 ) ;
#6322 = VECTOR ( 'NONE', #4743, 1000.000000000000000 ) ;
#6323 = LINE ( 'NONE', #1103, #3212 ) ;
#6324 = ORIENTED_EDGE ( 'NONE', *, *, #7082, .F. ) ;
#6325 = ORIENTED_EDGE ( 'NONE', *, *, #311, .T. ) ;
#6326 = CARTESIAN_POINT ( 'NONE',  ( 46.25000000000000000, 18.93713958747462911, 12.71715728752538155 ) ) ;
#6327 = ORIENTED_EDGE ( 'NONE', *, *, #5847, .T. ) ;
#6328 = LINE ( 'NONE', #5602, #5085 ) ;
#6329 = AXIS2_PLACEMENT_3D ( 'NONE', #91, #1431, #679 ) ;
#6330 = ADVANCED_FACE ( 'NONE', ( #5860 ), #58, .F. ) ;
#6331 = EDGE_CURVE ( 'NONE', #176, #4421, #7815, .T. ) ;
#6332 = LINE ( 'NONE', #4341, #1808 ) ;
#6333 = CARTESIAN_POINT ( 'NONE',  ( 39.25000000000000711, 15.70793887701772640, 2.499999999999999112 ) ) ;
#6334 =( LENGTH_UNIT ( ) NAMED_UNIT ( * ) SI_UNIT ( .MILLI., .METRE. ) );
#6335 = PLANE ( 'NONE',  #7687 ) ;
#6336 = ORIENTED_EDGE ( 'NONE', *, *, #5482, .F. ) ;
#6337 = LINE ( 'NONE', #1960, #4287 ) ;
#6338 = VERTEX_POINT ( 'NONE', #7936 ) ;
#6339 = LINE ( 'NONE', #5612, #4002 ) ;
#6340 = VERTEX_POINT ( 'NONE', #7257 ) ;
#6341 = DIRECTION ( 'NONE',  ( -1.000000000000000000, 0.000000000000000000, 0.000000000000000000 ) ) ;
#6342 = ADVANCED_FACE ( 'NONE', ( #2110 ), #1437, .F. ) ;
#6343 = LINE ( 'NONE', #1881, #4134 ) ;
#6344 = CARTESIAN_POINT ( 'NONE',  ( -36.41788286210069714, 13.48641401289930997, 0.5000000000000004441 ) ) ;
#6345 = LINE ( 'NONE', #4392, #2104 ) ;
#6346 = PLANE ( 'NONE',  #7144 ) ;
#6347 = VERTEX_POINT ( 'NONE', #6499 ) ;
#6348 = VERTEX_POINT ( 'NONE', #808 ) ;
#6349 = CARTESIAN_POINT ( 'NONE',  ( -30.01788286210067724, 15.50448725967914143, 1.500000000000000444 ) ) ;
#6350 = CARTESIAN_POINT ( 'NONE',  ( -89.50000000000001421, 0.000000000000000000, 0.5999999999999999778 ) ) ;
#6351 = EDGE_LOOP ( 'NONE', ( #6494, #1949, #3789, #8057 ) ) ;
#6352 = DIRECTION ( 'NONE',  ( 0.7071067811865466846, 0.7071067811865483499, 0.000000000000000000 ) ) ;
#6353 = CARTESIAN_POINT ( 'NONE',  ( 45.85000000000000142, 24.65429687500000711, 6.000000000000000000 ) ) ;
#6354 = DIRECTION ( 'NONE',  ( 0.000000000000000000, 1.000000000000000000, -0.000000000000000000 ) ) ;
#6355 = EDGE_CURVE ( 'NONE', #6510, #3147, #7095, .T. ) ;
#6356 = ORIENTED_EDGE ( 'NONE', *, *, #5564, .T. ) ;
#6357 = EDGE_LOOP ( 'NONE', ( #5279, #5635, #8281, #770 ) ) ;
#6358 = LINE ( 'NONE', #552, #7686 ) ;
#6359 = EDGE_CURVE ( 'NONE', #7347, #4053, #1363, .T. ) ;
#6360 = ORIENTED_EDGE ( 'NONE', *, *, #4553, .T. ) ;
#6361 = VERTEX_POINT ( 'NONE', #5900 ) ;
#6362 = VECTOR ( 'NONE', #3269, 1000.000000000000000 ) ;
#6363 = CARTESIAN_POINT ( 'NONE',  ( 6.582117137899287762, 16.07582173911837486, 2.499999999999999112 ) ) ;
#6364 = LINE ( 'NONE', #7688, #3609 ) ;
#6365 = ORIENTED_EDGE ( 'NONE', *, *, #222, .F. ) ;
#6366 = VERTEX_POINT ( 'NONE', #139 ) ;
#6367 = LINE ( 'NONE', #1276, #6189 ) ;
#6368 = ORIENTED_EDGE ( 'NONE', *, *, #1636, .T. ) ;
#6369 = EDGE_CURVE ( 'NONE', #7657, #6140, #3920, .T. ) ;
#6370 = CARTESIAN_POINT ( 'NONE',  ( 0.000000000000000000, 0.000000000000000000, 0.5000000000000004441 ) ) ;
#6371 = CARTESIAN_POINT ( 'NONE',  ( 39.25000000000000000, 13.15429687500000355, 4.000000000000000000 ) ) ;
#6372 = LINE ( 'NONE', #3161, #912 ) ;
#6373 = APPROVAL_ROLE ( '' ) ;
#6374 = EDGE_CURVE ( 'NONE', #7206, #4395, #1988, .T. ) ;
#6375 = DIRECTION ( 'NONE',  ( 0.7071067811865479058, 0.7071067811865471286, 0.000000000000000000 ) ) ;
#6376 = ORIENTED_EDGE ( 'NONE', *, *, #8178, .F. ) ;
#6377 = DIRECTION ( 'NONE',  ( 0.6785983445458525498, 0.6785983445458525498, -0.2810846377147934172 ) ) ;
#6378 = ORIENTED_EDGE ( 'NONE', *, *, #5227, .F. ) ;
#6379 = AXIS2_PLACEMENT_3D ( 'NONE', #7671, #1894, #7039 ) ;
#6380 = DIRECTION ( 'NONE',  ( 0.7071067811865479058, -0.7071067811865471286, -0.000000000000000000 ) ) ;
#6381 = EDGE_CURVE ( 'NONE', #7682, #5198, #4596, .T. ) ;
#6382 = ORIENTED_EDGE ( 'NONE', *, *, #2853, .T. ) ;
#6383 = LINE ( 'NONE', #1965, #3745 ) ;
#6384 = CARTESIAN_POINT ( 'NONE',  ( -55.41788286210067582, 13.48641401289931174, 1.500000000000000444 ) ) ;
#6385 = VECTOR ( 'NONE', #8038, 1000.000000000000000 ) ;
#6386 = DIRECTION ( 'NONE',  ( 0.000000000000000000, 0.000000000000000000, 1.000000000000000000 ) ) ;
#6387 = FACE_OUTER_BOUND ( 'NONE', #3634, .T. ) ;
#6388 = LINE ( 'NONE', #1166, #1480 ) ;
#6389 = ORIENTED_EDGE ( 'NONE', *, *, #1844, .T. ) ;
#6390 = EDGE_CURVE ( 'NONE', #5468, #7588, #5184, .T. ) ;
#6391 = ORIENTED_EDGE ( 'NONE', *, *, #3963, .F. ) ;
#6392 = LINE ( 'NONE', #6906, #5121 ) ;
#6393 = FACE_OUTER_BOUND ( 'NONE', #7451, .T. ) ;
#6394 = CARTESIAN_POINT ( 'NONE',  ( 39.25000000000000000, 20.60065487298227893, 1.500000000000000444 ) ) ;
#6395 = CARTESIAN_POINT ( 'NONE',  ( 32.52152486411835497, 23.17217973710070567, 6.000000000000000000 ) ) ;
#6396 = LINE ( 'NONE', #3858, #1350 ) ;
#6397 = ORIENTED_EDGE ( 'NONE', *, *, #2869, .F. ) ;
#6398 = VERTEX_POINT ( 'NONE', #7181 ) ;
#6399 = LINE ( 'NONE', #7725, #1763 ) ;
#6400 = EDGE_CURVE ( 'NONE', #1012, #778, #7137, .T. ) ;
#6401 = ORIENTED_EDGE ( 'NONE', *, *, #7578, .F. ) ;
#6402 = ADVANCED_FACE ( 'NONE', ( #1400 ), #3962, .T. ) ;
#6403 = ORIENTED_EDGE ( 'NONE', *, *, #2345, .F. ) ;
#6404 = CARTESIAN_POINT ( 'NONE',  ( -83.06788286210067440, 15.48641401289931174, 1.000000000000000000 ) ) ;
#6405 = EDGE_CURVE ( 'NONE', #4530, #4069, #342, .T. ) ;
#6406 = DIRECTION ( 'NONE',  ( 1.000000000000000000, -1.734723475976806709E-18, 0.000000000000000000 ) ) ;
#6407 = ORIENTED_EDGE ( 'NONE', *, *, #4650, .T. ) ;
#6408 = ORIENTED_EDGE ( 'NONE', *, *, #2611, .F. ) ;
#6409 = CARTESIAN_POINT ( 'NONE',  ( -85.41788286210071135, 16.07582173911837486, 1.500000000000000444 ) ) ;
#6410 = VERTEX_POINT ( 'NONE', #3566 ) ;
#6411 = DIRECTION ( 'NONE',  ( -0.7071067811865479058, -0.7071067811865471286, 0.000000000000000000 ) ) ;
#6412 = CARTESIAN_POINT ( 'NONE',  ( -36.41788286210069714, 20.78641401289931778, 0.5000000000000004441 ) ) ;
#6413 = EDGE_CURVE ( 'NONE', #7842, #3866, #4836, .T. ) ;
#6414 = DIRECTION ( 'NONE',  ( -0.000000000000000000, -0.000000000000000000, 1.000000000000000000 ) ) ;
#6415 = PERSON_AND_ORGANIZATION ( #860, #5392 ) ;
#6416 = DIRECTION ( 'NONE',  ( 2.790120544412995478E-34, 1.608394988049553126E-16, -1.000000000000000000 ) ) ;
#6417 = ORIENTED_EDGE ( 'NONE', *, *, #4860, .T. ) ;
#6418 = CARTESIAN_POINT ( 'NONE',  ( -78.30364200201772462, 13.15429687499998579, 6.000000000000000000 ) ) ;
#6419 = ORIENTED_EDGE ( 'NONE', *, *, #3160, .T. ) ;
#6420 = DIRECTION ( 'NONE',  ( -1.000000000000000000, -0.000000000000000000, -0.000000000000000000 ) ) ;
#6421 = ORIENTED_EDGE ( 'NONE', *, *, #3270, .T. ) ;
#6422 = DIRECTION ( 'NONE',  ( 1.000000000000000000, -1.734723475976806709E-18, -0.000000000000000000 ) ) ;
#6423 = DIRECTION ( 'NONE',  ( 0.000000000000000000, 0.000000000000000000, 1.000000000000000000 ) ) ;
#6424 = DIRECTION ( 'NONE',  ( 0.000000000000000000, -0.000000000000000000, 1.000000000000000000 ) ) ;
#6425 = LINE ( 'NONE', #1969, #8026 ) ;
#6426 = EDGE_CURVE ( 'NONE', #4413, #2529, #425, .T. ) ;
#6427 = EDGE_CURVE ( 'NONE', #305, #3164, #1680, .T. ) ;
#6428 = VECTOR ( 'NONE', #3639, 1000.000000000000000 ) ;
#6429 = CARTESIAN_POINT ( 'NONE',  ( 0.000000000000000000, 0.000000000000000000, 4.000000000000000000 ) ) ;
#6430 = CARTESIAN_POINT ( 'NONE',  ( -55.41788286210066161, 15.48641401289931174, 0.5000000000000004441 ) ) ;
#6431 = ORIENTED_EDGE ( 'NONE', *, *, #6153, .T. ) ;
#6432 = VERTEX_POINT ( 'NONE', #4237 ) ;
#6433 = DIRECTION ( 'NONE',  ( 1.000000000000000000, 0.000000000000000000, 0.000000000000000000 ) ) ;
#6434 = DIRECTION ( 'NONE',  ( 0.7071067811865474617, -0.7071067811865474617, 0.000000000000000000 ) ) ;
#6435 = VECTOR ( 'NONE', #4479, 1000.000000000000000 ) ;
#6436 = EDGE_LOOP ( 'NONE', ( #6786, #5692, #1874, #6148 ) ) ;
#6437 = CARTESIAN_POINT ( 'NONE',  ( 46.05000000000000426, 25.45429687500001137, 0.1999999999999918510 ) ) ;
#6438 = EDGE_CURVE ( 'NONE', #3991, #2044, #8104, .T. ) ;
#6439 = CARTESIAN_POINT ( 'NONE',  ( 39.25000000000000000, 13.15429687500000355, 6.000000000000000000 ) ) ;
#6440 = VECTOR ( 'NONE', #3033, 1000.000000000000000 ) ;
#6441 = ORIENTED_EDGE ( 'NONE', *, *, #6150, .F. ) ;
#6442 = ORIENTED_EDGE ( 'NONE', *, *, #2812, .F. ) ;
#6443 = FACE_OUTER_BOUND ( 'NONE', #5574, .T. ) ;
#6444 = VERTEX_POINT ( 'NONE', #3441 ) ;
#6445 = VECTOR ( 'NONE', #400, 1000.000000000000000 ) ;
#6446 = VECTOR ( 'NONE', #8298, 1000.000000000000000 ) ;
#6447 = ORIENTED_EDGE ( 'NONE', *, *, #292, .F. ) ;
#6448 = ADVANCED_FACE ( 'NONE', ( #6068 ), #1049, .F. ) ;
#6449 = LINE ( 'NONE', #2032, #4351 ) ;
#6450 = DIRECTION ( 'NONE',  ( 6.938893903907228378E-15, 1.000000000000000000, -0.000000000000000000 ) ) ;
#6451 = VECTOR ( 'NONE', #2857, 1000.000000000000000 ) ;
#6452 = ORIENTED_EDGE ( 'NONE', *, *, #4180, .T. ) ;
#6453 = VECTOR ( 'NONE', #5133, 1000.000000000000000 ) ;
#6454 = EDGE_CURVE ( 'NONE', #4407, #4448, #4876, .T. ) ;
#6455 = EDGE_LOOP ( 'NONE', ( #8184, #7012, #7881, #3521 ) ) ;
#6456 = CARTESIAN_POINT ( 'NONE',  ( 32.58211713789929576, 15.48641401289931174, 0.5000000000000004441 ) ) ;
#6457 = LINE ( 'NONE', #1471, #1332 ) ;
#6458 = ADVANCED_FACE ( 'NONE', ( #2900 ), #2317, .F. ) ;
#6459 = AXIS2_PLACEMENT_3D ( 'NONE', #3884, #3799, #7703 ) ;
#6460 = VECTOR ( 'NONE', #6945, 1000.000000000000000 ) ;
#6461 = DIRECTION ( 'NONE',  ( -0.000000000000000000, -0.000000000000000000, 1.000000000000000000 ) ) ;
#6462 = CARTESIAN_POINT ( 'NONE',  ( 32.58211713789929576, 20.78641401289931778, 0.5000000000000004441 ) ) ;
#6463 = DIRECTION ( 'NONE',  ( 0.7071067811865474617, -0.7071067811865474617, -1.137307002876295066E-16 ) ) ;
#6464 = ORIENTED_EDGE ( 'NONE', *, *, #2038, .F. ) ;
#6465 = ADVANCED_FACE ( 'NONE', ( #4081 ), #2275, .F. ) ;
#6466 = PLANE ( 'NONE',  #6459 ) ;
#6467 = ORIENTED_EDGE ( 'NONE', *, *, #1996, .T. ) ;
#6468 = ORIENTED_EDGE ( 'NONE', *, *, #5303, .T. ) ;
#6469 = VECTOR ( 'NONE', #2737, 1000.000000000000000 ) ;
#6470 = LINE ( 'NONE', #4682, #4400 ) ;
#6471 = VECTOR ( 'NONE', #4556, 1000.000000000000114 ) ;
#6472 = ORIENTED_EDGE ( 'NONE', *, *, #5200, .T. ) ;
#6473 = DIRECTION ( 'NONE',  ( 6.938893903907228378E-15, 1.000000000000000000, -0.000000000000000000 ) ) ;
#6474 = LINE ( 'NONE', #7197, #6704 ) ;
#6475 = VECTOR ( 'NONE', #632, 1000.000000000000000 ) ;
#6476 = DIRECTION ( 'NONE',  ( -1.000000000000000000, 0.000000000000000000, 0.000000000000000000 ) ) ;
#6477 = DIRECTION ( 'NONE',  ( 6.938893903907228378E-15, 1.000000000000000000, -0.000000000000000000 ) ) ;
#6478 = CARTESIAN_POINT ( 'NONE',  ( -30.01788286210067724, 15.50448725967914143, 0.5000000000000004441 ) ) ;
#6479 = CARTESIAN_POINT ( 'NONE',  ( 36.58211713789931707, 20.78641401289931778, 0.5000000000000004441 ) ) ;
#6480 = ORIENTED_EDGE ( 'NONE', *, *, #6724, .F. ) ;
#6481 = ORIENTED_EDGE ( 'NONE', *, *, #1094, .T. ) ;
#6482 = PLANE ( 'NONE',  #2174 ) ;
#6483 = FACE_OUTER_BOUND ( 'NONE', #3559, .T. ) ;
#6484 = EDGE_CURVE ( 'NONE', #2528, #6203, #5387, .T. ) ;
#6485 = CC_DESIGN_APPROVAL ( #2218, ( #3699 ) ) ;
#6486 = CARTESIAN_POINT ( 'NONE',  ( 39.25000000000000000, 13.15429687500000355, 4.000000000000000000 ) ) ;
#6487 = FACE_OUTER_BOUND ( 'NONE', #3901, .T. ) ;
#6488 = DIRECTION ( 'NONE',  ( -1.000000000000000000, 0.000000000000000000, -0.000000000000000000 ) ) ;
#6489 = EDGE_CURVE ( 'NONE', #3434, #6398, #2192, .T. ) ;
#6490 = VERTEX_POINT ( 'NONE', #6783 ) ;
#6491 = ORIENTED_EDGE ( 'NONE', *, *, #1615, .F. ) ;
#6492 = CARTESIAN_POINT ( 'NONE',  ( -29.38211713789932844, 16.07582173911838197, 1.500000000000000444 ) ) ;
#6493 = CC_DESIGN_DATE_AND_TIME_ASSIGNMENT ( #7568, #1827, ( #3699 ) ) ;
#6494 = ORIENTED_EDGE ( 'NONE', *, *, #6010, .T. ) ;
#6495 = ADVANCED_FACE ( 'NONE', ( #1011 ), #3605, .F. ) ;
#6496 = ADVANCED_FACE ( 'NONE', ( #4122 ), #2980, .F. ) ;
#6497 = ORIENTED_EDGE ( 'NONE', *, *, #8323, .F. ) ;
#6498 = PLANE ( 'NONE',  #3961 ) ;
#6499 = CARTESIAN_POINT ( 'NONE',  ( -36.47847513588163793, 23.17217973710070567, 6.000000000000000000 ) ) ;
#6500 = ORIENTED_EDGE ( 'NONE', *, *, #7458, .T. ) ;
#6501 = ORIENTED_EDGE ( 'NONE', *, *, #5008, .F. ) ;
#6502 = LINE ( 'NONE', #5989, #8231 ) ;
#6503 = EDGE_CURVE ( 'NONE', #2947, #7630, #3483, .T. ) ;
#6504 = VECTOR ( 'NONE', #4800, 1000.000000000000000 ) ;
#6505 = DIRECTION ( 'NONE',  ( 4.336808689941999001E-16, -1.000000000000000000, 0.000000000000000000 ) ) ;
#6506 = PLANE ( 'NONE',  #8233 ) ;
#6507 = EDGE_LOOP ( 'NONE', ( #7584, #219, #7943, #8306 ) ) ;
#6508 = VECTOR ( 'NONE', #2141, 1000.000000000000000 ) ;
#6509 = CARTESIAN_POINT ( 'NONE',  ( -84.75000000000001421, 13.15429687499998934, 4.000000000000000000 ) ) ;
#6510 = VERTEX_POINT ( 'NONE', #6105 ) ;
#6511 = ORIENTED_EDGE ( 'NONE', *, *, #509, .F. ) ;
#6512 = CARTESIAN_POINT ( 'NONE',  ( 39.25000000000000000, 23.15429687500000000, 4.000000000000000000 ) ) ;
#6513 = DIRECTION ( 'NONE',  ( -0.000000000000000000, -0.000000000000000000, 1.000000000000000000 ) ) ;
#6514 = EDGE_CURVE ( 'NONE', #3684, #1247, #2235, .T. ) ;
#6515 = LINE ( 'NONE', #5834, #5080 ) ;
#6516 = DIRECTION ( 'NONE',  ( -0.7071067811865479058, 0.7071067811865471286, 0.000000000000000000 ) ) ;
#6517 = DIRECTION ( 'NONE',  ( 0.000000000000000000, -1.000000000000000000, 0.000000000000000000 ) ) ;
#6518 = AXIS2_PLACEMENT_3D ( 'NONE', #7534, #5538, #1164 ) ;
#6519 = DIRECTION ( 'NONE',  ( 0.7071067811865474617, -0.7071067811865474617, 0.000000000000000000 ) ) ;
#6520 = LINE ( 'NONE', #752, #937 ) ;
#6521 = ORIENTED_EDGE ( 'NONE', *, *, #239, .F. ) ;
#6522 = CARTESIAN_POINT ( 'NONE',  ( -6.382117137899323112, 20.23277201088161803, 1.500000000000000444 ) ) ;
#6523 = ORIENTED_EDGE ( 'NONE', *, *, #458, .F. ) ;
#6524 = CARTESIAN_POINT ( 'NONE',  ( -53.01788286210067724, 20.78641401289931778, 0.5000000000000004441 ) ) ;
#6525 = AXIS2_PLACEMENT_3D ( 'NONE', #1133, #3692, #5435 ) ;
#6526 = FACE_OUTER_BOUND ( 'NONE', #4383, .T. ) ;
#6527 = VECTOR ( 'NONE', #5246, 1000.000000000000000 ) ;
#6528 = VECTOR ( 'NONE', #8346, 1000.000000000000114 ) ;
#6529 = EDGE_LOOP ( 'NONE', ( #581, #1015, #1169, #3087 ) ) ;
#6530 = CARTESIAN_POINT ( 'NONE',  ( -52.38211713789932844, 20.23277201088161803, 1.500000000000000444 ) ) ;
#6531 = EDGE_CURVE ( 'NONE', #7388, #426, #4791, .T. ) ;
#6532 = DIRECTION ( 'NONE',  ( 1.000000000000000000, 1.259073490628327444E-16, -0.000000000000000000 ) ) ;
#6533 = VECTOR ( 'NONE', #8058, 1000.000000000000000 ) ;
#6534 = ORIENTED_EDGE ( 'NONE', *, *, #5421, .T. ) ;
#6535 = DIRECTION ( 'NONE',  ( -0.000000000000000000, -0.000000000000000000, 1.000000000000000000 ) ) ;
#6536 = ORIENTED_EDGE ( 'NONE', *, *, #148, .T. ) ;
#6537 = EDGE_LOOP ( 'NONE', ( #1423, #5177, #6962, #3083 ) ) ;
#6538 = DIRECTION ( 'NONE',  ( 0.000000000000000000, 0.000000000000000000, 1.000000000000000000 ) ) ;
#6539 = EDGE_CURVE ( 'NONE', #7757, #8068, #1339, .T. ) ;
#6540 = EDGE_CURVE ( 'NONE', #5007, #5997, #8348, .T. ) ;
#6541 = CARTESIAN_POINT ( 'NONE',  ( 37.23211713789930855, 20.78641401289931778, -2.999999999999999112 ) ) ;
#6542 = ORIENTED_EDGE ( 'NONE', *, *, #1844, .F. ) ;
#6543 = VERTEX_POINT ( 'NONE', #6479 ) ;
#6544 = DIRECTION ( 'NONE',  ( 0.000000000000000000, -0.000000000000000000, 1.000000000000000000 ) ) ;
#6545 = DIRECTION ( 'NONE',  ( -0.000000000000000000, 1.000000000000000000, 0.000000000000000000 ) ) ;
#6546 = EDGE_CURVE ( 'NONE', #4490, #6114, #6520, .T. ) ;
#6547 = APPROVAL_STATUS ( 'not_yet_approved' ) ;
#6548 = PLANE ( 'NONE',  #2431 ) ;
#6549 = ORIENTED_EDGE ( 'NONE', *, *, #8030, .T. ) ;
#6550 = LINE ( 'NONE', #2708, #1355 ) ;
#6551 = ORIENTED_EDGE ( 'NONE', *, *, #719, .F. ) ;
#6552 = ORIENTED_EDGE ( 'NONE', *, *, #4431, .F. ) ;
#6553 = DIRECTION ( 'NONE',  ( -0.000000000000000000, -0.000000000000000000, 1.000000000000000000 ) ) ;
#6554 = PLANE ( 'NONE',  #8350 ) ;
#6555 = DIRECTION ( 'NONE',  ( 0.6785983445458605434, -0.6785983445458370067, -0.2810846377148116249 ) ) ;
#6556 = PLANE ( 'NONE',  #5306 ) ;
#6557 = CARTESIAN_POINT ( 'NONE',  ( 39.25000000000000000, 20.85065487298227183, 4.000000000000000000 ) ) ;
#6558 = DIRECTION ( 'NONE',  ( 0.000000000000000000, -1.000000000000000000, -1.608394988049553126E-16 ) ) ;
#6559 = DIRECTION ( 'NONE',  ( -0.000000000000000000, 1.000000000000000000, -0.000000000000000000 ) ) ;
#6560 = ORIENTED_EDGE ( 'NONE', *, *, #6178, .F. ) ;
#6561 = FACE_OUTER_BOUND ( 'NONE', #5087, .T. ) ;
#6562 = EDGE_CURVE ( 'NONE', #1370, #7634, #3301, .T. ) ;
#6563 = ORIENTED_EDGE ( 'NONE', *, *, #57, .T. ) ;
#6564 = LINE ( 'NONE', #5210, #424 ) ;
#6565 = DIRECTION ( 'NONE',  ( -0.7071067811865479058, -0.7071067811865471286, 0.000000000000000000 ) ) ;
#6566 = AXIS2_PLACEMENT_3D ( 'NONE', #1242, #1915, #3753 ) ;
#6567 = CARTESIAN_POINT ( 'NONE',  ( -76.01788286210067724, 15.50448725967914143, 1.500000000000000444 ) ) ;
#6568 = CARTESIAN_POINT ( 'NONE',  ( -91.75000000000001421, 25.25429687499997655, 0.3999999999999837019 ) ) ;
#6569 = LINE ( 'NONE', #5619, #4166 ) ;
#6570 = AXIS2_PLACEMENT_3D ( 'NONE', #2046, #2629, #7784 ) ;
#6571 = EDGE_CURVE ( 'NONE', #7747, #6785, #2394, .T. ) ;
#6572 = ORIENTED_EDGE ( 'NONE', *, *, #3332, .T. ) ;
#6573 = CARTESIAN_POINT ( 'NONE',  ( -82.47847513588163793, 23.17217973710070567, 1.500000000000000444 ) ) ;
#6574 = VERTEX_POINT ( 'NONE', #1297 ) ;
#6575 = EDGE_CURVE ( 'NONE', #3328, #4395, #4488, .T. ) ;
#6576 = EDGE_CURVE ( 'NONE', #2805, #7287, #3651, .T. ) ;
#6577 = ORIENTED_EDGE ( 'NONE', *, *, #4922, .T. ) ;
#6578 = VECTOR ( 'NONE', #7516, 1000.000000000000000 ) ;
#6579 = DIRECTION ( 'NONE',  ( 0.000000000000000000, 0.000000000000000000, 1.000000000000000000 ) ) ;
#6580 = DIRECTION ( 'NONE',  ( -0.000000000000000000, -1.000000000000000000, -0.000000000000000000 ) ) ;
#6581 = ORIENTED_EDGE ( 'NONE', *, *, #1159, .T. ) ;
#6582 = EDGE_LOOP ( 'NONE', ( #2689, #5994, #6708, #1629 ) ) ;
#6583 = DIRECTION ( 'NONE',  ( 1.259073490628327690E-16, -1.000000000000000000, 0.000000000000000000 ) ) ;
#6584 = VECTOR ( 'NONE', #4481, 1000.000000000000000 ) ;
#6585 = VECTOR ( 'NONE', #6517, 1000.000000000000000 ) ;
#6586 = FACE_OUTER_BOUND ( 'NONE', #7691, .T. ) ;
#6587 = VECTOR ( 'NONE', #1477, 1000.000000000000000 ) ;
#6588 = AXIS2_PLACEMENT_3D ( 'NONE', #3911, #6488, #1898 ) ;
#6589 = CARTESIAN_POINT ( 'NONE',  ( -82.49635799798238622, 23.15429687499997868, 6.000000000000000000 ) ) ;
#6590 = ORIENTED_EDGE ( 'NONE', *, *, #7638, .T. ) ;
#6591 = PLANE ( 'NONE',  #5243 ) ;
#6592 = ORIENTED_EDGE ( 'NONE', *, *, #7985, .T. ) ;
#6593 = ORIENTED_EDGE ( 'NONE', *, *, #1299, .F. ) ;
#6594 = LINE ( 'NONE', #7907, #7381 ) ;
#6595 = LINE ( 'NONE', #2125, #4820 ) ;
#6596 = ADVANCED_FACE ( 'NONE', ( #6268 ), #1929, .F. ) ;
#6597 = AXIS2_PLACEMENT_3D ( 'NONE', #7827, #1445, #4009 ) ;
#6598 = ADVANCED_FACE ( 'NONE', ( #1768 ), #2637, .F. ) ;
#6599 = VECTOR ( 'NONE', #282, 1000.000000000000000 ) ;
#6600 = CARTESIAN_POINT ( 'NONE',  ( -76.01788286210067724, 20.78641401289931778, 0.5000000000000004441 ) ) ;
#6601 = LINE ( 'NONE', #2714, #5566 ) ;
#6602 = FACE_OUTER_BOUND ( 'NONE', #2074, .T. ) ;
#6603 = VECTOR ( 'NONE', #3832, 1000.000000000000000 ) ;
#6604 = CARTESIAN_POINT ( 'NONE',  ( 0.000000000000000000, 0.000000000000000000, 0.5000000000000004441 ) ) ;
#6605 = VECTOR ( 'NONE', #6125, 1000.000000000000000 ) ;
#6606 = LINE ( 'NONE', #4775, #6866 ) ;
#6607 = ORIENTED_EDGE ( 'NONE', *, *, #7763, .T. ) ;
#6608 = CARTESIAN_POINT ( 'NONE',  ( 13.58211713789932240, 13.48641401289931174, 0.5000000000000004441 ) ) ;
#6609 = ORIENTED_EDGE ( 'NONE', *, *, #1669, .T. ) ;
#6610 = CARTESIAN_POINT ( 'NONE',  ( -37.06788286210068151, 20.78641401289931423, -2.999999999999999112 ) ) ;
#6611 = EDGE_CURVE ( 'NONE', #6203, #3328, #3899, .T. ) ;
#6612 = AXIS2_PLACEMENT_3D ( 'NONE', #3049, #5625, #8223 ) ;
#6613 = CARTESIAN_POINT ( 'NONE',  ( 45.84999999999998721, 25.65429687500000355, 6.000000000000000000 ) ) ;
#6614 = DIRECTION ( 'NONE',  ( -0.000000000000000000, -0.000000000000000000, 1.000000000000000000 ) ) ;
#6615 = DIRECTION ( 'NONE',  ( -0.000000000000000000, -0.000000000000000000, 1.000000000000000000 ) ) ;
#6616 = ORIENTED_EDGE ( 'NONE', *, *, #3565, .T. ) ;
#6617 = DIRECTION ( 'NONE',  ( -1.000000000000000000, -1.119176436114068839E-16, 0.000000000000000000 ) ) ;
#6618 = CARTESIAN_POINT ( 'NONE',  ( -60.06788286210068151, 15.48641401289931174, 0.5000000000000004441 ) ) ;
#6619 = VERTEX_POINT ( 'NONE', #5795 ) ;
#6620 = ADVANCED_FACE ( 'NONE', ( #41 ), #6913, .T. ) ;
#6621 = DIRECTION ( 'NONE',  ( 1.000000000000000000, 0.000000000000000000, 0.000000000000000000 ) ) ;
#6622 = EDGE_CURVE ( 'NONE', #4917, #135, #3057, .T. ) ;
#6623 = DIRECTION ( 'NONE',  ( -1.000000000000000000, -0.000000000000000000, -0.000000000000000000 ) ) ;
#6624 = ORIENTED_EDGE ( 'NONE', *, *, #3064, .F. ) ;
#6625 = VERTEX_POINT ( 'NONE', #3695 ) ;
#6626 = LINE ( 'NONE', #3323, #2821 ) ;
#6627 = ORIENTED_EDGE ( 'NONE', *, *, #3289, .T. ) ;
#6628 = EDGE_LOOP ( 'NONE', ( #2066, #2476, #8064, #1141, #2520, #3113, #4606, #4044, #8237, #7544, #5519, #1328, #3619, #344, #7916, #4309 ) ) ;
#6629 = LINE ( 'NONE', #4092, #6504 ) ;
#6630 = EDGE_CURVE ( 'NONE', #1432, #84, #6871, .T. ) ;
#6631 = DIRECTION ( 'NONE',  ( -0.000000000000000000, -1.000000000000000000, -0.000000000000000000 ) ) ;
#6632 = VERTEX_POINT ( 'NONE', #710 ) ;
#6633 = DIRECTION ( 'NONE',  ( -1.000000000000000000, 0.000000000000000000, 0.000000000000000000 ) ) ;
#6634 = VERTEX_POINT ( 'NONE', #2357 ) ;
#6635 = DIRECTION ( 'NONE',  ( -6.938893903907222067E-15, 1.000000000000000000, 0.000000000000000000 ) ) ;
#6636 = CARTESIAN_POINT ( 'NONE',  ( -90.00000000000001421, 23.15429687500000355, 0.000000000000000000 ) ) ;
#6637 = CARTESIAN_POINT ( 'NONE',  ( -6.382117137899323112, 16.07582173911838197, 1.500000000000000444 ) ) ;
#6638 = EDGE_CURVE ( 'NONE', #7723, #4544, #1971, .T. ) ;
#6639 = DIRECTION ( 'NONE',  ( -1.734723475976806709E-18, -1.000000000000000000, 0.000000000000000000 ) ) ;
#6640 = CARTESIAN_POINT ( 'NONE',  ( 13.67847513588160702, 13.13641401289931210, 1.500000000000000444 ) ) ;
#6641 = AXIS2_PLACEMENT_3D ( 'NONE', #2515, #547, #5082 ) ;
#6642 = FACE_OUTER_BOUND ( 'NONE', #3675, .T. ) ;
#6643 = ADVANCED_FACE ( 'NONE', ( #1095 ), #1136, .F. ) ;
#6644 = DIRECTION ( 'NONE',  ( -0.5773502691896411632, 0.5773502691896211791, 0.5773502691896148509 ) ) ;
#6645 = ORIENTED_EDGE ( 'NONE', *, *, #8125, .F. ) ;
#6646 = CARTESIAN_POINT ( 'NONE',  ( -91.68333333333332291, 10.98763020833333037, 5.333333333333325044 ) ) ;
#6647 = ORIENTED_EDGE ( 'NONE', *, *, #7485, .T. ) ;
#6648 = LINE ( 'NONE', #6009, #7810 ) ;
#6649 = AXIS2_PLACEMENT_3D ( 'NONE', #2101, #2225, #1426 ) ;
#6650 = LINE ( 'NONE', #7846, #5557 ) ;
#6651 = FACE_OUTER_BOUND ( 'NONE', #4840, .T. ) ;
#6652 = DIRECTION ( 'NONE',  ( -0.000000000000000000, -0.000000000000000000, 1.000000000000000000 ) ) ;
#6653 = EDGE_CURVE ( 'NONE', #2630, #3613, #5589, .T. ) ;
#6654 = ORIENTED_EDGE ( 'NONE', *, *, #2078, .T. ) ;
#6655 = CARTESIAN_POINT ( 'NONE',  ( 46.25000000000000000, 25.65429687500000355, 0.3999999999999837019 ) ) ;
#6656 = CARTESIAN_POINT ( 'NONE',  ( -6.382117137899323112, 16.07582173911838197, 2.499999999999999112 ) ) ;
#6657 = VECTOR ( 'NONE', #6207, 1000.000000000000000 ) ;
#6658 = ORIENTED_EDGE ( 'NONE', *, *, #4158, .T. ) ;
#6659 = DIRECTION ( 'NONE',  ( -0.000000000000000000, 1.000000000000000000, -0.000000000000000000 ) ) ;
#6660 = VECTOR ( 'NONE', #3019, 1000.000000000000000 ) ;
#6661 = DIRECTION ( 'NONE',  ( -1.000000000000000000, 0.000000000000000000, 0.000000000000000000 ) ) ;
#6662 = ORIENTED_EDGE ( 'NONE', *, *, #3562, .T. ) ;
#6663 = ORIENTED_EDGE ( 'NONE', *, *, #4242, .F. ) ;
#6664 = FACE_OUTER_BOUND ( 'NONE', #4505, .T. ) ;
#6665 = ORIENTED_EDGE ( 'NONE', *, *, #7811, .T. ) ;
#6666 = ORIENTED_EDGE ( 'NONE', *, *, #3520, .F. ) ;
#6667 = LINE ( 'NONE', #6266, #7601 ) ;
#6668 = LINE ( 'NONE', #187, #3201 ) ;
#6669 = ORIENTED_EDGE ( 'NONE', *, *, #6075, .F. ) ;
#6670 = CARTESIAN_POINT ( 'NONE',  ( -91.75000000000001421, 20.85065487298227183, 2.500000000000000000 ) ) ;
#6671 = VERTEX_POINT ( 'NONE', #1381 ) ;
#6672 = DIRECTION ( 'NONE',  ( 0.7071067811865479058, 0.7071067811865471286, 0.000000000000000000 ) ) ;
#6673 = DIRECTION ( 'NONE',  ( 0.000000000000000000, -0.000000000000000000, 1.000000000000000000 ) ) ;
#6674 = EDGE_CURVE ( 'NONE', #3492, #4087, #789, .T. ) ;
#6675 = DIRECTION ( 'NONE',  ( 1.000000000000000000, 4.336808689941999001E-16, 0.000000000000000000 ) ) ;
#6676 = CARTESIAN_POINT ( 'NONE',  ( -8.767882862100673691, 20.78641401289931778, -2.999999999999999112 ) ) ;
#6677 = CARTESIAN_POINT ( 'NONE',  ( -78.32152486411838765, 13.13641401289931210, 6.000000000000000000 ) ) ;
#6678 = DIRECTION ( 'NONE',  ( -0.000000000000000000, 1.000000000000000000, -0.000000000000000000 ) ) ;
#6679 = CARTESIAN_POINT ( 'NONE',  ( 13.58211713789932240, 20.78641401289931778, 0.5000000000000004441 ) ) ;
#6680 = ORIENTED_EDGE ( 'NONE', *, *, #5201, .F. ) ;
#6681 = DIRECTION ( 'NONE',  ( 0.7071067811865474617, -0.7071067811865474617, 0.000000000000000000 ) ) ;
#6682 = VERTEX_POINT ( 'NONE', #2053 ) ;
#6683 = LINE ( 'NONE', #4779, #7805 ) ;
#6684 = EDGE_CURVE ( 'NONE', #4466, #4413, #7915, .T. ) ;
#6685 = EDGE_CURVE ( 'NONE', #1269, #4084, #2216, .T. ) ;
#6686 = LINE ( 'NONE', #6132, #7792 ) ;
#6687 = LINE ( 'NONE', #125, #3002 ) ;
#6688 = DIRECTION ( 'NONE',  ( 0.000000000000000000, -1.000000000000000000, 0.000000000000000000 ) ) ;
#6689 = DIRECTION ( 'NONE',  ( -1.000000000000000000, 0.000000000000000000, 0.000000000000000000 ) ) ;
#6690 = VERTEX_POINT ( 'NONE', #5291 ) ;
#6691 = DIRECTION ( 'NONE',  ( 0.7071067811865474617, -0.7071067811865474617, 0.000000000000000000 ) ) ;
#6692 = EDGE_CURVE ( 'NONE', #6723, #6106, #6606, .T. ) ;
#6693 = CARTESIAN_POINT ( 'NONE',  ( -89.75000000000001421, 13.15429687500000355, 0.5999999999999999778 ) ) ;
#6694 = EDGE_CURVE ( 'NONE', #7410, #7623, #1503, .T. ) ;
#6695 = VERTEX_POINT ( 'NONE', #3424 ) ;
#6696 = LINE ( 'NONE', #4664, #5440 ) ;
#6697 = AXIS2_PLACEMENT_3D ( 'NONE', #1207, #7072, #7660 ) ;
#6698 = DIRECTION ( 'NONE',  ( 1.000000000000000000, 0.000000000000000000, 0.000000000000000000 ) ) ;
#6699 = ORIENTED_EDGE ( 'NONE', *, *, #1177, .F. ) ;
#6700 = VERTEX_POINT ( 'NONE', #4690 ) ;
#6701 = CARTESIAN_POINT ( 'NONE',  ( -30.01788286210067724, 20.78641401289931778, 0.5000000000000004441 ) ) ;
#6702 = ORIENTED_EDGE ( 'NONE', *, *, #4381, .T. ) ;
#6703 = ADVANCED_FACE ( 'NONE', ( #7363 ), #237, .T. ) ;
#6704 = VECTOR ( 'NONE', #3258, 1000.000000000000000 ) ;
#6705 = ORIENTED_EDGE ( 'NONE', *, *, #6405, .F. ) ;
#6706 = CARTESIAN_POINT ( 'NONE',  ( -83.06788286210067440, 15.48641401289931174, 0.5000000000000004441 ) ) ;
#6707 = DIRECTION ( 'NONE',  ( -1.000000000000000000, 0.000000000000000000, 0.000000000000000000 ) ) ;
#6708 = ORIENTED_EDGE ( 'NONE', *, *, #4248, .T. ) ;
#6709 = AXIS2_PLACEMENT_3D ( 'NONE', #6370, #7645, #5650 ) ;
#6710 = CARTESIAN_POINT ( 'NONE',  ( -38.80000000000006821, 20.85065487298227183, 4.000000000000000000 ) ) ;
#6711 = ORIENTED_EDGE ( 'NONE', *, *, #6638, .F. ) ;
#6712 = EDGE_CURVE ( 'NONE', #1778, #2424, #7877, .T. ) ;
#6713 = CARTESIAN_POINT ( 'NONE',  ( -54.76788286210067724, 15.48641401289931174, 0.000000000000000000 ) ) ;
#6714 = FACE_OUTER_BOUND ( 'NONE', #6537, .T. ) ;
#6715 = VECTOR ( 'NONE', #18, 1000.000000000000114 ) ;
#6716 = AXIS2_PLACEMENT_3D ( 'NONE', #4027, #4070, #2760 ) ;
#6717 = DIRECTION ( 'NONE',  ( 1.000000000000000000, 0.000000000000000000, 0.000000000000000000 ) ) ;
#6718 = CARTESIAN_POINT ( 'NONE',  ( -16.41788286210070424, 20.23277201088163224, 1.500000000000000444 ) ) ;
#6719 = CARTESIAN_POINT ( 'NONE',  ( -83.06788286210067440, 20.80448725967914925, 1.500000000000000444 ) ) ;
#6720 = EDGE_CURVE ( 'NONE', #421, #2870, #7202, .T. ) ;
#6721 = CARTESIAN_POINT ( 'NONE',  ( -36.41788286210069714, 13.48641401289930997, 0.5000000000000004441 ) ) ;
#6722 = DIRECTION ( 'NONE',  ( -0.000000000000000000, -0.000000000000000000, 1.000000000000000000 ) ) ;
#6723 = VERTEX_POINT ( 'NONE', #954 ) ;
#6724 = EDGE_CURVE ( 'NONE', #5829, #3434, #7963, .T. ) ;
#6725 = AXIS2_PLACEMENT_3D ( 'NONE', #4344, #2881, #6848 ) ;
#6726 = LINE ( 'NONE', #2921, #2944 ) ;
#6727 = AXIS2_PLACEMENT_3D ( 'NONE', #2841, #5408, #4224 ) ;
#6728 = VERTEX_POINT ( 'NONE', #1420 ) ;
#6729 = CARTESIAN_POINT ( 'NONE',  ( 14.23211713789931920, 20.78641401289931778, 0.000000000000000000 ) ) ;
#6730 = PLANE ( 'NONE',  #4393 ) ;
#6731 = VECTOR ( 'NONE', #7478, 1000.000000000000000 ) ;
#6732 = DIRECTION ( 'NONE',  ( 1.000000000000000000, 1.259073490628327444E-16, -0.000000000000000000 ) ) ;
#6733 = PLANE ( 'NONE',  #3811 ) ;
#6734 = VECTOR ( 'NONE', #798, 1000.000000000000000 ) ;
#6735 = CARTESIAN_POINT ( 'NONE',  ( 8.932117137899320269, 15.48641401289931174, 1.500000000000000444 ) ) ;
#6736 = EDGE_CURVE ( 'NONE', #611, #5591, #7322, .T. ) ;
#6737 = ORIENTED_EDGE ( 'NONE', *, *, #3570, .F. ) ;
#6738 = LINE ( 'NONE', #418, #3500 ) ;
#6739 = LINE ( 'NONE', #7252, #1598 ) ;
#6740 = VECTOR ( 'NONE', #6876, 1000.000000000000000 ) ;
#6741 = ORIENTED_EDGE ( 'NONE', *, *, #923, .T. ) ;
#6742 = EDGE_CURVE ( 'NONE', #3278, #6319, #1542, .T. ) ;
#6743 = DIRECTION ( 'NONE',  ( 0.000000000000000000, 1.000000000000000000, 0.000000000000000000 ) ) ;
#6744 = VECTOR ( 'NONE', #541, 1000.000000000000000 ) ;
#6745 = DIRECTION ( 'NONE',  ( -1.000000000000000000, -6.546126324440781637E-16, 0.000000000000000000 ) ) ;
#6746 = EDGE_CURVE ( 'NONE', #7764, #2569, #8001, .T. ) ;
#6747 = ORIENTED_EDGE ( 'NONE', *, *, #6839, .T. ) ;
#6748 = ORIENTED_EDGE ( 'NONE', *, *, #6277, .T. ) ;
#6749 = DIRECTION ( 'NONE',  ( 1.000000000000000000, 0.000000000000000000, 0.000000000000000000 ) ) ;
#6750 = ORIENTED_EDGE ( 'NONE', *, *, #6822, .F. ) ;
#6751 = LOCAL_TIME ( 10, 41, 50.00000000000000000, #7344 ) ;
#6752 = ORIENTED_EDGE ( 'NONE', *, *, #8041, .F. ) ;
#6753 = DIRECTION ( 'NONE',  ( 0.7071067811865466846, 0.7071067811865483499, 0.000000000000000000 ) ) ;
#6754 = ADVANCED_FACE ( 'NONE', ( #3982 ), #5967, .F. ) ;
#6755 = ORIENTED_EDGE ( 'NONE', *, *, #1100, .T. ) ;
#6756 = DIRECTION ( 'NONE',  ( 1.000000000000000000, -6.938893903907228378E-15, 0.000000000000000000 ) ) ;
#6757 = ADVANCED_FACE ( 'NONE', ( #7839 ), #3342, .F. ) ;
#6758 = VERTEX_POINT ( 'NONE', #2839 ) ;
#6759 = FACE_OUTER_BOUND ( 'NONE', #7, .T. ) ;
#6760 = DIRECTION ( 'NONE',  ( 0.000000000000000000, -1.000000000000000000, 0.000000000000000000 ) ) ;
#6761 = CARTESIAN_POINT ( 'NONE',  ( -82.41788286210069714, 13.48641401289930997, 1.500000000000000444 ) ) ;
#6762 = LINE ( 'NONE', #3544, #205 ) ;
#6763 = LINE ( 'NONE', #989, #2785 ) ;
#6764 = DIRECTION ( 'NONE',  ( -1.000000000000000000, -1.119176436114068839E-16, 0.000000000000000000 ) ) ;
#6765 = CARTESIAN_POINT ( 'NONE',  ( -82.41788286210069714, 13.48641401289930997, 0.5000000000000004441 ) ) ;
#6766 = ORIENTED_EDGE ( 'NONE', *, *, #2313, .T. ) ;
#6767 = FACE_OUTER_BOUND ( 'NONE', #1058, .T. ) ;
#6768 = ORIENTED_EDGE ( 'NONE', *, *, #1966, .F. ) ;
#6769 = CARTESIAN_POINT ( 'NONE',  ( 23.00000000000000000, 0.000000000000000000, 1.500000000000000444 ) ) ;
#6770 = EDGE_CURVE ( 'NONE', #5012, #7905, #5926, .T. ) ;
#6771 = EDGE_CURVE ( 'NONE', #2168, #87, #7239, .T. ) ;
#6772 = VECTOR ( 'NONE', #2644, 1000.000000000000000 ) ;
#6773 = FACE_BOUND ( 'NONE', #7468, .T. ) ;
#6774 = FACE_OUTER_BOUND ( 'NONE', #4681, .T. ) ;
#6775 = CARTESIAN_POINT ( 'NONE',  ( 8.932117137899320269, 20.80448725967914925, 0.5000000000000004441 ) ) ;
#6776 = DIRECTION ( 'NONE',  ( -1.000000000000000000, 0.000000000000000000, 0.000000000000000000 ) ) ;
#6777 = ORIENTED_EDGE ( 'NONE', *, *, #6195, .F. ) ;
#6778 = LINE ( 'NONE', #4870, #549 ) ;
#6779 = FACE_OUTER_BOUND ( 'NONE', #489, .T. ) ;
#6780 = EDGE_CURVE ( 'NONE', #3696, #3866, #833, .T. ) ;
#6781 = ORIENTED_EDGE ( 'NONE', *, *, #3012, .T. ) ;
#6782 = CARTESIAN_POINT ( 'NONE',  ( -8.767882862100673691, 15.50448725967914143, 0.5000000000000004441 ) ) ;
#6783 = CARTESIAN_POINT ( 'NONE',  ( -36.41788286210069714, 20.78641401289931423, 0.5000000000000004441 ) ) ;
#6784 = AXIS2_PLACEMENT_3D ( 'NONE', #3555, #492, #6094 ) ;
#6785 = VERTEX_POINT ( 'NONE', #3507 ) ;
#6786 = ORIENTED_EDGE ( 'NONE', *, *, #6575, .T. ) ;
#6787 = CARTESIAN_POINT ( 'NONE',  ( 8.932117137899320269, 20.78641401289931068, 1.500000000000000444 ) ) ;
#6788 = ORIENTED_EDGE ( 'NONE', *, *, #758, .T. ) ;
#6789 = VECTOR ( 'NONE', #7360, 1000.000000000000000 ) ;
#6790 = ORIENTED_EDGE ( 'NONE', *, *, #7187, .F. ) ;
#6791 = EDGE_CURVE ( 'NONE', #1372, #7858, #2419, .T. ) ;
#6792 = EDGE_CURVE ( 'NONE', #4509, #5829, #8043, .T. ) ;
#6793 = CARTESIAN_POINT ( 'NONE',  ( 114.9999999999999858, 0.000000000000000000, 0.5000000000000004441 ) ) ;
#6794 = VERTEX_POINT ( 'NONE', #7572 ) ;
#6795 = ORIENTED_EDGE ( 'NONE', *, *, #2271, .T. ) ;
#6796 = CARTESIAN_POINT ( 'NONE',  ( -7.017882862100671915, 20.78641401289931778, 0.5000000000000004441 ) ) ;
#6797 = ORIENTED_EDGE ( 'NONE', *, *, #4004, .T. ) ;
#6798 = VECTOR ( 'NONE', #5083, 1000.000000000000000 ) ;
#6799 = CARTESIAN_POINT ( 'NONE',  ( -93.16421356237310647, 11.65429687500000533, 6.000000000000000000 ) ) ;
#6800 = LINE ( 'NONE', #7397, #6318 ) ;
#6801 = EDGE_CURVE ( 'NONE', #5264, #5434, #4898, .T. ) ;
#6802 = CARTESIAN_POINT ( 'NONE',  ( -75.38211713789932844, 20.23277201088161803, 6.000000000000000000 ) ) ;
#6803 = DIRECTION ( 'NONE',  ( 1.000000000000000000, 0.000000000000000000, 0.000000000000000000 ) ) ;
#6804 = PLANE ( 'NONE',  #3861 ) ;
#6805 = DIRECTION ( 'NONE',  ( -0.000000000000000000, -0.000000000000000000, 1.000000000000000000 ) ) ;
#6806 = DIRECTION ( 'NONE',  ( 1.000000000000000000, 0.000000000000000000, -0.000000000000000000 ) ) ;
#6807 = ORIENTED_EDGE ( 'NONE', *, *, #5320, .T. ) ;
#6808 = LINE ( 'NONE', #4143, #2149 ) ;
#6809 = VERTEX_POINT ( 'NONE', #360 ) ;
#6810 = LINE ( 'NONE', #1034, #5493 ) ;
#6811 = VECTOR ( 'NONE', #578, 1000.000000000000000 ) ;
#6812 = EDGE_CURVE ( 'NONE', #4663, #3221, #4186, .T. ) ;
#6813 = DIRECTION ( 'NONE',  ( 0.000000000000000000, 0.000000000000000000, -1.000000000000000000 ) ) ;
#6814 = LINE ( 'NONE', #3045, #2209 ) ;
#6815 = DIRECTION ( 'NONE',  ( -1.000000000000000000, 0.000000000000000000, -0.000000000000000000 ) ) ;
#6816 = DIRECTION ( 'NONE',  ( 0.000000000000000000, 1.000000000000000000, 0.000000000000000000 ) ) ;
#6817 = EDGE_CURVE ( 'NONE', #7554, #4355, #6936, .T. ) ;
#6818 = EDGE_CURVE ( 'NONE', #7508, #4725, #8206, .T. ) ;
#6819 = ORIENTED_EDGE ( 'NONE', *, *, #1454, .T. ) ;
#6820 = LINE ( 'NONE', #250, #7422 ) ;
#6821 = DIRECTION ( 'NONE',  ( 1.000000000000000000, -0.000000000000000000, 0.000000000000000000 ) ) ;
#6822 = EDGE_CURVE ( 'NONE', #2858, #4246, #4858, .T. ) ;
#6823 = ORIENTED_EDGE ( 'NONE', *, *, #3741, .F. ) ;
#6824 = CARTESIAN_POINT ( 'NONE',  ( -14.06788286210067263, 20.78641401289931423, -2.999999999999999112 ) ) ;
#6825 = ADVANCED_FACE ( 'NONE', ( #7405 ), #2965, .F. ) ;
#6826 = DIRECTION ( 'NONE',  ( 1.000000000000000000, -0.000000000000000000, -0.000000000000000000 ) ) ;
#6827 = EDGE_LOOP ( 'NONE', ( #8280, #5437, #3356, #2676 ) ) ;
#6828 = ORIENTED_EDGE ( 'NONE', *, *, #1484, .F. ) ;
#6829 = CARTESIAN_POINT ( 'NONE',  ( -78.32152486411838765, 13.13641401289931210, 1.500000000000000444 ) ) ;
#6830 = EDGE_CURVE ( 'NONE', #1512, #6956, #6087, .T. ) ;
#6831 = VERTEX_POINT ( 'NONE', #3585 ) ;
#6832 = VERTEX_POINT ( 'NONE', #4306 ) ;
#6833 = VECTOR ( 'NONE', #2962, 1000.000000000000000 ) ;
#6834 = FACE_OUTER_BOUND ( 'NONE', #6582, .T. ) ;
#6835 = ORIENTED_EDGE ( 'NONE', *, *, #7708, .F. ) ;
#6836 = ORIENTED_EDGE ( 'NONE', *, *, #5676, .F. ) ;
#6837 = CARTESIAN_POINT ( 'NONE',  ( -53.01788286210067724, 20.78641401289931778, 1.500000000000000444 ) ) ;
#6838 = ORIENTED_EDGE ( 'NONE', *, *, #3134, .T. ) ;
#6839 = EDGE_CURVE ( 'NONE', #3707, #4124, #1700, .T. ) ;
#6840 = CARTESIAN_POINT ( 'NONE',  ( -36.41788286210069714, 22.78641401289931778, 0.5000000000000004441 ) ) ;
#6841 = VECTOR ( 'NONE', #6635, 1000.000000000000000 ) ;
#6842 = DIRECTION ( 'NONE',  ( 0.000000000000000000, 0.000000000000000000, -1.000000000000000000 ) ) ;
#6843 = CARTESIAN_POINT ( 'NONE',  ( 6.582117137899287762, 20.23277201088163224, 1.500000000000000444 ) ) ;
#6844 = CARTESIAN_POINT ( 'NONE',  ( -36.41788286210069714, 22.78641401289931778, 0.5000000000000004441 ) ) ;
#6845 = CARTESIAN_POINT ( 'NONE',  ( -61.81788286210068151, 15.48641401289931174, 0.5000000000000004441 ) ) ;
#6846 = VECTOR ( 'NONE', #8137, 1000.000000000000000 ) ;
#6847 = CARTESIAN_POINT ( 'NONE',  ( 39.25000000000000000, 23.15429687500000000, 6.000000000000000000 ) ) ;
#6848 = DIRECTION ( 'NONE',  ( 0.000000000000000000, 0.000000000000000000, -1.000000000000000000 ) ) ;
#6849 = VERTEX_POINT ( 'NONE', #2376 ) ;
#6850 = LINE ( 'NONE', #4938, #4833 ) ;
#6851 = EDGE_CURVE ( 'NONE', #5939, #6625, #1743, .T. ) ;
#6852 = ORIENTED_EDGE ( 'NONE', *, *, #766, .F. ) ;
#6853 = CARTESIAN_POINT ( 'NONE',  ( 31.93211713789931139, 20.80448725967914925, 1.500000000000000444 ) ) ;
#6854 = VECTOR ( 'NONE', #7825, 1000.000000000000000 ) ;
#6855 = VECTOR ( 'NONE', #167, 1000.000000000000000 ) ;
#6856 = DIRECTION ( 'NONE',  ( 1.000000000000000000, 0.000000000000000000, 0.000000000000000000 ) ) ;
#6857 = CARTESIAN_POINT ( 'NONE',  ( -75.38211713789932844, 16.07582173911838197, 1.500000000000000444 ) ) ;
#6858 = LINE ( 'NONE', #6775, #5965 ) ;
#6859 = AXIS2_PLACEMENT_3D ( 'NONE', #557, #4332, #2448 ) ;
#6860 = DIRECTION ( 'NONE',  ( -0.000000000000000000, -0.000000000000000000, 1.000000000000000000 ) ) ;
#6861 = VECTOR ( 'NONE', #3502, 1000.000000000000227 ) ;
#6862 = EDGE_CURVE ( 'NONE', #3735, #2190, #401, .T. ) ;
#6863 = VERTEX_POINT ( 'NONE', #2919 ) ;
#6864 = LINE ( 'NONE', #1842, #4302 ) ;
#6865 = PLANE ( 'NONE',  #7255 ) ;
#6866 = VECTOR ( 'NONE', #2178, 1000.000000000000000 ) ;
#6867 = VECTOR ( 'NONE', #3809, 1000.000000000000000 ) ;
#6868 = ORIENTED_EDGE ( 'NONE', *, *, #979, .T. ) ;
#6869 = PLANE ( 'NONE',  #726 ) ;
#6870 = DIRECTION ( 'NONE',  ( -0.000000000000000000, 1.000000000000000000, -0.000000000000000000 ) ) ;
#6871 = LINE ( 'NONE', #3020, #3344 ) ;
#6872 = AXIS2_PLACEMENT_3D ( 'NONE', #8194, #4175, #2244 ) ;
#6873 = ORIENTED_EDGE ( 'NONE', *, *, #5227, .T. ) ;
#6874 = VECTOR ( 'NONE', #7524, 1000.000000000000114 ) ;
#6875 = ORIENTED_EDGE ( 'NONE', *, *, #4453, .T. ) ;
#6876 = DIRECTION ( 'NONE',  ( 0.7071067811865466846, 0.7071067811865483499, 0.000000000000000000 ) ) ;
#6877 = ADVANCED_FACE ( 'NONE', ( #1662 ), #6210, .F. ) ;
#6878 = ORIENTED_EDGE ( 'NONE', *, *, #599, .F. ) ;
#6879 = ADVANCED_FACE ( 'NONE', ( #324 ), #444, .F. ) ;
#6880 = VECTOR ( 'NONE', #5682, 1000.000000000000114 ) ;
#6881 = VERTEX_POINT ( 'NONE', #1626 ) ;
#6882 = DIRECTION ( 'NONE',  ( 0.000000000000000000, 1.000000000000000000, 1.608394988049553126E-16 ) ) ;
#6883 = ORIENTED_EDGE ( 'NONE', *, *, #1935, .T. ) ;
#6884 = VERTEX_POINT ( 'NONE', #3548 ) ;
#6885 = FACE_OUTER_BOUND ( 'NONE', #2105, .T. ) ;
#6886 = ORIENTED_EDGE ( 'NONE', *, *, #2837, .T. ) ;
#6887 = APPROVAL_PERSON_ORGANIZATION ( #1195, #2218, #6373 ) ;
#6888 = CARTESIAN_POINT ( 'NONE',  ( -83.06788286210067440, 15.48641401289931174, 1.500000000000000444 ) ) ;
#6889 = DIRECTION ( 'NONE',  ( 1.000000000000000000, 0.000000000000000000, 0.000000000000000000 ) ) ;
#6890 = CARTESIAN_POINT ( 'NONE',  ( -13.41788286210068826, 22.78641401289931778, 0.5000000000000004441 ) ) ;
#6891 = ADVANCED_FACE ( 'NONE', ( #3000 ), #4222, .T. ) ;
#6892 = DIRECTION ( 'NONE',  ( -0.000000000000000000, -0.000000000000000000, 1.000000000000000000 ) ) ;
#6893 = PERSON_AND_ORGANIZATION_ROLE ( 'classification_officer' ) ;
#6894 = DIRECTION ( 'NONE',  ( -0.000000000000000000, 0.000000000000000000, 1.000000000000000000 ) ) ;
#6895 = DIRECTION ( 'NONE',  ( 0.000000000000000000, -0.000000000000000000, 1.000000000000000000 ) ) ;
#6896 = ORIENTED_EDGE ( 'NONE', *, *, #8277, .T. ) ;
#6897 = PLANE ( 'NONE',  #805 ) ;
#6898 = VERTEX_POINT ( 'NONE', #3671 ) ;
#6899 = LINE ( 'NONE', #1752, #7942 ) ;
#6900 = DIRECTION ( 'NONE',  ( -1.000000000000000000, 0.000000000000000000, -0.000000000000000000 ) ) ;
#6901 = PLANE ( 'NONE',  #735 ) ;
#6902 = DIRECTION ( 'NONE',  ( 0.000000000000000000, 0.000000000000000000, 1.000000000000000000 ) ) ;
#6903 = ADVANCED_FACE ( 'NONE', ( #485 ), #6466, .F. ) ;
#6904 = DIRECTION ( 'NONE',  ( -0.000000000000000000, -1.000000000000000000, -0.000000000000000000 ) ) ;
#6905 = ORIENTED_EDGE ( 'NONE', *, *, #1564, .T. ) ;
#6906 = CARTESIAN_POINT ( 'NONE',  ( 16.61788286210066801, 16.07582173911838197, 2.499999999999999112 ) ) ;
#6907 = DIRECTION ( 'NONE',  ( -0.7071067811865368036, 0.5000000000000073275, -0.5000000000000078826 ) ) ;
#6908 = ORIENTED_EDGE ( 'NONE', *, *, #5709, .F. ) ;
#6909 = LINE ( 'NONE', #1488, #7587 ) ;
#6910 = EDGE_CURVE ( 'NONE', #755, #1568, #170, .T. ) ;
#6911 = DIRECTION ( 'NONE',  ( 0.000000000000000000, 0.000000000000000000, -1.000000000000000000 ) ) ;
#6912 = AXIS2_PLACEMENT_3D ( 'NONE', #3432, #7803, #7291 ) ;
#6913 = PLANE ( 'NONE',  #2279 ) ;
#6914 = ORIENTED_EDGE ( 'NONE', *, *, #2929, .T. ) ;
#6915 = VERTEX_POINT ( 'NONE', #1873 ) ;
#6916 = LINE ( 'NONE', #1140, #24 ) ;
#6917 = ORIENTED_EDGE ( 'NONE', *, *, #1168, .F. ) ;
#6918 = ORIENTED_EDGE ( 'NONE', *, *, #6320, .F. ) ;
#6919 = VECTOR ( 'NONE', #6174, 1000.000000000000000 ) ;
#6920 = CARTESIAN_POINT ( 'NONE',  ( 13.58211713789932240, 20.78641401289931778, 0.5000000000000004441 ) ) ;
#6921 = EDGE_LOOP ( 'NONE', ( #7512, #5812, #3737, #5388 ) ) ;
#6922 = EDGE_CURVE ( 'NONE', #7677, #2289, #69, .T. ) ;
#6923 = ORIENTED_EDGE ( 'NONE', *, *, #3304, .T. ) ;
#6924 = VECTOR ( 'NONE', #1620, 1000.000000000000000 ) ;
#6925 = PLANE ( 'NONE',  #2560 ) ;
#6926 = ORIENTED_EDGE ( 'NONE', *, *, #5732, .T. ) ;
#6927 = CARTESIAN_POINT ( 'NONE',  ( 13.67847513588157859, 23.17217973710070567, 1.500000000000000444 ) ) ;
#6928 = CARTESIAN_POINT ( 'NONE',  ( -31.76788286210068080, 20.78641401289931778, 0.5000000000000004441 ) ) ;
#6929 = EDGE_CURVE ( 'NONE', #4336, #1017, #1920, .T. ) ;
#6930 = VECTOR ( 'NONE', #3298, 1000.000000000000000 ) ;
#6931 = DIRECTION ( 'NONE',  ( -1.000000000000000000, -0.000000000000000000, -0.000000000000000000 ) ) ;
#6932 = PLANE ( 'NONE',  #7920 ) ;
#6933 = PERSON_AND_ORGANIZATION ( #860, #5392 ) ;
#6934 = AXIS2_PLACEMENT_3D ( 'NONE', #5984, #848, #2233 ) ;
#6935 = PLANE ( 'NONE',  #2142 ) ;
#6936 = LINE ( 'NONE', #7487, #809 ) ;
#6937 = ORIENTED_EDGE ( 'NONE', *, *, #5181, .T. ) ;
#6938 = CARTESIAN_POINT ( 'NONE',  ( -59.41788286210069714, 22.78641401289931778, 1.500000000000000444 ) ) ;
#6939 = ORIENTED_EDGE ( 'NONE', *, *, #3627, .T. ) ;
#6940 = CARTESIAN_POINT ( 'NONE',  ( -91.75000000000001421, 20.85065487298227183, 2.500000000000000000 ) ) ;
#6941 = ADVANCED_FACE ( 'NONE', ( #5112 ), #8336, .F. ) ;
#6942 = LINE ( 'NONE', #3805, #7646 ) ;
#6943 = PLANE ( 'NONE',  #6518 ) ;
#6944 = LINE ( 'NONE', #5032, #4083 ) ;
#6945 = DIRECTION ( 'NONE',  ( 0.000000000000000000, -1.000000000000000000, 0.000000000000000000 ) ) ;
#6946 = EDGE_LOOP ( 'NONE', ( #3233, #1570, #5489, #3797 ) ) ;
#6947 = ORIENTED_EDGE ( 'NONE', *, *, #6922, .F. ) ;
#6948 = CARTESIAN_POINT ( 'NONE',  ( 36.67847513588159813, 13.13641401289931210, 1.500000000000000444 ) ) ;
#6949 = PLANE ( 'NONE',  #6981 ) ;
#6950 = EDGE_CURVE ( 'NONE', #2325, #6619, #5782, .T. ) ;
#6951 = EDGE_LOOP ( 'NONE', ( #6180, #1849, #8034, #2540 ) ) ;
#6952 = FACE_OUTER_BOUND ( 'NONE', #2522, .T. ) ;
#6953 = CARTESIAN_POINT ( 'NONE',  ( 15.98211713789932098, 20.78641401289931778, 0.5000000000000004441 ) ) ;
#6954 = EDGE_CURVE ( 'NONE', #6319, #2509, #3082, .T. ) ;
#6955 = VERTEX_POINT ( 'NONE', #1157 ) ;
#6956 = VERTEX_POINT ( 'NONE', #1286 ) ;
#6957 = DIRECTION ( 'NONE',  ( -1.734723475976806709E-18, -1.000000000000000000, 0.000000000000000000 ) ) ;
#6958 = ORIENTED_EDGE ( 'NONE', *, *, #6630, .F. ) ;
#6959 = EDGE_CURVE ( 'NONE', #1327, #7723, #4433, .T. ) ;
#6960 = ORIENTED_EDGE ( 'NONE', *, *, #2060, .T. ) ;
#6961 = CARTESIAN_POINT ( 'NONE',  ( -32.30364200201769620, 23.15429687499998934, 4.000000000000000000 ) ) ;
#6962 = ORIENTED_EDGE ( 'NONE', *, *, #2768, .F. ) ;
#6963 = ORIENTED_EDGE ( 'NONE', *, *, #5416, .T. ) ;
#6964 = LINE ( 'NONE', #6326, #544 ) ;
#6965 = ORIENTED_EDGE ( 'NONE', *, *, #6503, .T. ) ;
#6966 = CARTESIAN_POINT ( 'NONE',  ( -16.41788286210070424, 20.23277201088163224, 1.500000000000000444 ) ) ;
#6967 = EDGE_CURVE ( 'NONE', #2486, #7477, #7781, .T. ) ;
#6968 = AXIS2_PLACEMENT_3D ( 'NONE', #1037, #4109, #6813 ) ;
#6969 = DIRECTION ( 'NONE',  ( 0.6785983445458526608, 0.2810846377147931396, -0.6785983445458526608 ) ) ;
#6970 = CARTESIAN_POINT ( 'NONE',  ( 6.582117137899287762, 20.23277201088163224, 2.500000000000000000 ) ) ;
#6971 = COORDINATED_UNIVERSAL_TIME_OFFSET ( 5, 0, .BEHIND. ) ;
#6972 = EDGE_CURVE ( 'NONE', #4448, #7641, #5698, .T. ) ;
#6973 = FACE_OUTER_BOUND ( 'NONE', #3778, .T. ) ;
#6974 = ORIENTED_EDGE ( 'NONE', *, *, #5567, .T. ) ;
#6975 = VECTOR ( 'NONE', #7068, 1000.000000000000000 ) ;
#6976 = CARTESIAN_POINT ( 'NONE',  ( 39.00000000000000711, 15.45793887701772285, 1.500000000000000444 ) ) ;
#6977 = ORIENTED_EDGE ( 'NONE', *, *, #93, .T. ) ;
#6978 = DIRECTION ( 'NONE',  ( 1.000000000000000000, 0.000000000000000000, -0.000000000000000000 ) ) ;
#6979 = ORIENTED_EDGE ( 'NONE', *, *, #123, .T. ) ;
#6980 = CARTESIAN_POINT ( 'NONE',  ( -52.99999999999998579, 15.45793887701772285, 1.500000000000000444 ) ) ;
#6981 = AXIS2_PLACEMENT_3D ( 'NONE', #3050, #2387, #2353 ) ;
#6982 = EDGE_CURVE ( 'NONE', #1490, #8108, #5828, .T. ) ;
#6983 = DIRECTION ( 'NONE',  ( 0.000000000000000000, -1.000000000000000000, 0.000000000000000000 ) ) ;
#6984 = DIRECTION ( 'NONE',  ( 1.000000000000000000, 4.336808689941999001E-16, 0.000000000000000000 ) ) ;
#6985 = DIRECTION ( 'NONE',  ( 1.000000000000000000, -0.000000000000000000, 0.000000000000000000 ) ) ;
#6986 = LINE ( 'NONE', #3724, #3354 ) ;
#6987 = ORIENTED_EDGE ( 'NONE', *, *, #7689, .T. ) ;
#6988 = VECTOR ( 'NONE', #8047, 1000.000000000000000 ) ;
#6989 = EDGE_LOOP ( 'NONE', ( #1105, #3586, #1181, #2404, #436, #3598, #3606, #2701 ) ) ;
#6990 = DIRECTION ( 'NONE',  ( 0.000000000000000000, 1.000000000000000000, 0.000000000000000000 ) ) ;
#6991 = DIRECTION ( 'NONE',  ( 0.7071067811865466846, 0.7071067811865483499, 0.000000000000000000 ) ) ;
#6992 = VECTOR ( 'NONE', #4279, 1000.000000000000000 ) ;
#6993 = ORIENTED_EDGE ( 'NONE', *, *, #6427, .F. ) ;
#6994 = LINE ( 'NONE', #2604, #7190 ) ;
#6995 = VECTOR ( 'NONE', #5882, 1000.000000000000000 ) ;
#6996 = DIRECTION ( 'NONE',  ( 0.000000000000000000, 0.000000000000000000, -1.000000000000000000 ) ) ;
#6997 = EDGE_CURVE ( 'NONE', #3840, #1439, #570, .T. ) ;
#6998 = LINE ( 'NONE', #7042, #5643 ) ;
#6999 = VERTEX_POINT ( 'NONE', #6289 ) ;
#7000 = ORIENTED_EDGE ( 'NONE', *, *, #1289, .T. ) ;
#7001 = CARTESIAN_POINT ( 'NONE',  ( -89.25000000000001421, 23.15429687500000000, 0.4964466094067261359 ) ) ;
#7002 = AXIS2_PLACEMENT_3D ( 'NONE', #7866, #5911, #862 ) ;
#7003 = ORIENTED_EDGE ( 'NONE', *, *, #3362, .F. ) ;
#7004 = VECTOR ( 'NONE', #2508, 1000.000000000000000 ) ;
#7005 = ADVANCED_FACE ( 'NONE', ( #2626 ), #525, .F. ) ;
#7006 = VERTEX_POINT ( 'NONE', #4384 ) ;
#7007 = LINE ( 'NONE', #2526, #8016 ) ;
#7008 = VECTOR ( 'NONE', #3536, 1000.000000000000000 ) ;
#7009 = EDGE_CURVE ( 'NONE', #7726, #4261, #5023, .T. ) ;
#7010 = VECTOR ( 'NONE', #6096, 1000.000000000000000 ) ;
#7011 = CARTESIAN_POINT ( 'NONE',  ( -91.75000000000001421, 15.45793887701772285, 3.999999999999999112 ) ) ;
#7012 = ORIENTED_EDGE ( 'NONE', *, *, #3119, .T. ) ;
#7013 = EDGE_LOOP ( 'NONE', ( #4119, #7731, #5590, #5195, #4376, #7378 ) ) ;
#7014 = FACE_OUTER_BOUND ( 'NONE', #1936, .T. ) ;
#7015 = ORIENTED_EDGE ( 'NONE', *, *, #4570, .T. ) ;
#7016 = LINE ( 'NONE', #8246, #1726 ) ;
#7017 = VECTOR ( 'NONE', #7594, 1000.000000000000000 ) ;
#7018 = DIRECTION ( 'NONE',  ( -6.546126324440781637E-16, 1.000000000000000000, 0.000000000000000000 ) ) ;
#7019 = CARTESIAN_POINT ( 'NONE',  ( -9.321524864118385878, 13.13641401289931210, 2.499999999999998668 ) ) ;
#7020 = EDGE_CURVE ( 'NONE', #6192, #1678, #3758, .T. ) ;
#7021 = COORDINATED_UNIVERSAL_TIME_OFFSET ( 5, 0, .BEHIND. ) ;
#7022 = PLANE ( 'NONE',  #4437 ) ;
#7023 = VERTEX_POINT ( 'NONE', #6418 ) ;
#7024 = CARTESIAN_POINT ( 'NONE',  ( -89.75000000000001421, 23.15429687500000355, 0.3499999999999999223 ) ) ;
#7025 = ORIENTED_EDGE ( 'NONE', *, *, #6684, .F. ) ;
#7026 = DIRECTION ( 'NONE',  ( -0.000000000000000000, -0.000000000000000000, 1.000000000000000000 ) ) ;
#7027 = ORIENTED_EDGE ( 'NONE', *, *, #6261, .F. ) ;
#7028 = CARTESIAN_POINT ( 'NONE',  ( -78.41788286210068293, 20.78641401289931778, 1.500000000000000444 ) ) ;
#7029 = DIRECTION ( 'NONE',  ( -0.000000000000000000, 1.000000000000000000, -0.000000000000000000 ) ) ;
#7030 = DIRECTION ( 'NONE',  ( 6.938893903907228378E-15, 1.000000000000000000, -0.000000000000000000 ) ) ;
#7031 = CARTESIAN_POINT ( 'NONE',  ( 39.25000000000000000, 13.15429687500000355, 4.000000000000000000 ) ) ;
#7032 = CARTESIAN_POINT ( 'NONE',  ( 39.25000000000000000, 23.15429687500000000, 4.000000000000000000 ) ) ;
#7033 = EDGE_LOOP ( 'NONE', ( #6592, #3725, #7664, #6616 ) ) ;
#7034 = EDGE_CURVE ( 'NONE', #929, #5506, #6337, .T. ) ;
#7035 = ORIENTED_EDGE ( 'NONE', *, *, #2849, .F. ) ;
#7036 = CARTESIAN_POINT ( 'NONE',  ( -36.41788286210069714, 22.78641401289931778, 1.500000000000000444 ) ) ;
#7037 = PLANE ( 'NONE',  #3874 ) ;
#7038 = EDGE_CURVE ( 'NONE', #3017, #8175, #8294, .T. ) ;
#7039 = DIRECTION ( 'NONE',  ( -0.000000000000000000, 0.000000000000000000, 1.000000000000000000 ) ) ;
#7040 = DIRECTION ( 'NONE',  ( -6.938893903907222067E-15, 1.000000000000000000, 0.000000000000000000 ) ) ;
#7041 = DIRECTION ( 'NONE',  ( 0.7071067811865466846, 0.7071067811865483499, 0.000000000000000000 ) ) ;
#7042 = CARTESIAN_POINT ( 'NONE',  ( -53.01788286210067724, 20.78641401289931778, 0.5000000000000004441 ) ) ;
#7043 = ORIENTED_EDGE ( 'NONE', *, *, #7627, .T. ) ;
#7044 = EDGE_LOOP ( 'NONE', ( #7046, #3095, #4085, #5166 ) ) ;
#7045 = CARTESIAN_POINT ( 'NONE',  ( -38.81788286210068151, 15.48641401289931174, 0.5000000000000004441 ) ) ;
#7046 = ORIENTED_EDGE ( 'NONE', *, *, #3485, .T. ) ;
#7047 = ORIENTED_EDGE ( 'NONE', *, *, #3052, .T. ) ;
#7048 = VECTOR ( 'NONE', #3641, 1000.000000000000000 ) ;
#7049 = CARTESIAN_POINT ( 'NONE',  ( 9.582117137899304637, 22.78641401289931778, 0.5000000000000004441 ) ) ;
#7050 = DIRECTION ( 'NONE',  ( 6.938893903907228378E-15, 1.000000000000000000, -0.000000000000000000 ) ) ;
#7051 = ORIENTED_EDGE ( 'NONE', *, *, #5314, .F. ) ;
#7052 = ORIENTED_EDGE ( 'NONE', *, *, #4304, .T. ) ;
#7053 = DIRECTION ( 'NONE',  ( 1.000000000000000000, 0.000000000000000000, -0.000000000000000000 ) ) ;
#7054 = ORIENTED_EDGE ( 'NONE', *, *, #3324, .F. ) ;
#7055 = CARTESIAN_POINT ( 'NONE',  ( -60.06788286210068151, 20.78641401289931423, -2.999999999999999112 ) ) ;
#7056 = ADVANCED_FACE ( 'NONE', ( #7904 ), #2043, .F. ) ;
#7057 = EDGE_CURVE ( 'NONE', #3333, #6136, #4679, .T. ) ;
#7058 = VECTOR ( 'NONE', #6133, 1000.000000000000000 ) ;
#7059 = DIRECTION ( 'NONE',  ( 0.000000000000000000, 0.000000000000000000, -1.000000000000000000 ) ) ;
#7060 = CARTESIAN_POINT ( 'NONE',  ( -32.32152486411839476, 13.13641401289931210, 6.000000000000000000 ) ) ;
#7061 = APPROVAL_ROLE ( '' ) ;
#7062 = VECTOR ( 'NONE', #1111, 1000.000000000000000 ) ;
#7063 = CARTESIAN_POINT ( 'NONE',  ( -36.41788286210069714, 15.48641401289931174, 0.5000000000000004441 ) ) ;
#7064 = ORIENTED_EDGE ( 'NONE', *, *, #7187, .T. ) ;
#7065 = CARTESIAN_POINT ( 'NONE',  ( 46.02765300074576515, 10.83194987574576373, 4.926413717694815730 ) ) ;
#7066 = VERTEX_POINT ( 'NONE', #2120 ) ;
#7067 = VECTOR ( 'NONE', #113, 1000.000000000000000 ) ;
#7068 = DIRECTION ( 'NONE',  ( 0.000000000000000000, 1.000000000000000000, -0.000000000000000000 ) ) ;
#7069 = EDGE_LOOP ( 'NONE', ( #2978, #7429, #3322, #2096, #8318 ) ) ;
#7070 = FACE_OUTER_BOUND ( 'NONE', #8351, .T. ) ;
#7071 = ADVANCED_FACE ( 'NONE', ( #272 ), #6591, .F. ) ;
#7072 = DIRECTION ( 'NONE',  ( -0.000000000000000000, 0.000000000000000000, 1.000000000000000000 ) ) ;
#7073 = VECTOR ( 'NONE', #2960, 1000.000000000000000 ) ;
#7074 = FACE_OUTER_BOUND ( 'NONE', #4356, .T. ) ;
#7075 = DIRECTION ( 'NONE',  ( 0.000000000000000000, 1.000000000000000000, 0.000000000000000000 ) ) ;
#7076 = FACE_OUTER_BOUND ( 'NONE', #4847, .T. ) ;
#7077 = DIRECTION ( 'NONE',  ( 0.7071067811865483499, -0.7071067811865466846, 0.000000000000000000 ) ) ;
#7078 = ORIENTED_EDGE ( 'NONE', *, *, #589, .F. ) ;
#7079 = ORIENTED_EDGE ( 'NONE', *, *, #5545, .F. ) ;
#7080 = PLANE ( 'NONE',  #2834 ) ;
#7081 = LINE ( 'NONE', #1302, #3199 ) ;
#7082 = EDGE_CURVE ( 'NONE', #3221, #5207, #4724, .T. ) ;
#7083 = ORIENTED_EDGE ( 'NONE', *, *, #1759, .F. ) ;
#7084 = LINE ( 'NONE', #1978, #5827 ) ;
#7085 = ADVANCED_FACE ( 'NONE', ( #2744 ), #7270, .F. ) ;
#7086 = PLANE ( 'NONE',  #1879 ) ;
#7087 = ADVANCED_FACE ( 'NONE', ( #104 ), #1491, .T. ) ;
#7088 = ORIENTED_EDGE ( 'NONE', *, *, #2899, .T. ) ;
#7089 = ORIENTED_EDGE ( 'NONE', *, *, #4074, .T. ) ;
#7090 = CARTESIAN_POINT ( 'NONE',  ( -89.35355339059326241, 23.05074348440672694, 0.5999999999999998668 ) ) ;
#7091 = ORIENTED_EDGE ( 'NONE', *, *, #4873, .F. ) ;
#7092 = ORIENTED_EDGE ( 'NONE', *, *, #5311, .T. ) ;
#7093 = LINE ( 'NONE', #7136, #3008 ) ;
#7094 = ADVANCED_FACE ( 'NONE', ( #1408 ), #7191, .F. ) ;
#7095 = LINE ( 'NONE', #3366, #2148 ) ;
#7096 = VERTEX_POINT ( 'NONE', #3414 ) ;
#7097 = ORIENTED_EDGE ( 'NONE', *, *, #4208, .F. ) ;
#7098 = CARTESIAN_POINT ( 'NONE',  ( -31.76788286210068080, 20.78641401289931778, 0.000000000000000000 ) ) ;
#7099 = PLANE ( 'NONE',  #3733 ) ;
#7100 = PLANE ( 'NONE',  #8282 ) ;
#7101 = DIRECTION ( 'NONE',  ( -1.000000000000000000, 0.000000000000000000, 0.000000000000000000 ) ) ;
#7102 = EDGE_CURVE ( 'NONE', #1475, #7757, #6550, .T. ) ;
#7103 = LINE ( 'NONE', #3882, #17 ) ;
#7104 = EDGE_LOOP ( 'NONE', ( #406, #265, #5135, #5237 ) ) ;
#7105 = DIRECTION ( 'NONE',  ( 1.000000000000000000, 0.000000000000000000, 0.000000000000000000 ) ) ;
#7106 = ORIENTED_EDGE ( 'NONE', *, *, #2374, .F. ) ;
#7107 = VERTEX_POINT ( 'NONE', #820 ) ;
#7108 = DIRECTION ( 'NONE',  ( -1.000000000000000000, -1.119176436114068839E-16, 0.000000000000000000 ) ) ;
#7109 = ORIENTED_EDGE ( 'NONE', *, *, #1516, .F. ) ;
#7110 = LINE ( 'NONE', #3719, #4827 ) ;
#7111 = LINE ( 'NONE', #1333, #5349 ) ;
#7112 = EDGE_CURVE ( 'NONE', #1099, #4653, #5996, .T. ) ;
#7113 = CARTESIAN_POINT ( 'NONE',  ( 36.58211713789931707, 13.48641401289931174, 0.5000000000000004441 ) ) ;
#7114 = DIRECTION ( 'NONE',  ( 0.000000000000000000, 0.000000000000000000, -1.000000000000000000 ) ) ;
#7115 = AXIS2_PLACEMENT_3D ( 'NONE', #6462, #7101, #4266 ) ;
#7116 = CARTESIAN_POINT ( 'NONE',  ( -91.75000000000001421, 22.40429687500000711, 6.000000000000000000 ) ) ;
#7117 = ADVANCED_FACE ( 'NONE', ( #2828 ), #151, .T. ) ;
#7118 = CARTESIAN_POINT ( 'NONE',  ( -39.41788286210071135, 16.07582173911837486, 4.000000000000000000 ) ) ;
#7119 = ORIENTED_EDGE ( 'NONE', *, *, #4728, .F. ) ;
#7120 = ORIENTED_EDGE ( 'NONE', *, *, #6801, .F. ) ;
#7121 = DIRECTION ( 'NONE',  ( -0.000000000000000000, -0.000000000000000000, 1.000000000000000000 ) ) ;
#7122 = DIRECTION ( 'NONE',  ( 0.000000000000000000, -0.000000000000000000, -1.000000000000000000 ) ) ;
#7123 = AXIS2_PLACEMENT_3D ( 'NONE', #3843, #2461, #3976 ) ;
#7124 = ORIENTED_EDGE ( 'NONE', *, *, #1391, .F. ) ;
#7125 = LINE ( 'NONE', #4585, #2728 ) ;
#7126 = CARTESIAN_POINT ( 'NONE',  ( -91.75000000000001421, 15.45793887701772285, 3.999999999999999112 ) ) ;
#7127 = EDGE_CURVE ( 'NONE', #3410, #447, #7950, .T. ) ;
#7128 = VECTOR ( 'NONE', #7919, 1000.000000000000000 ) ;
#7129 = ORIENTED_EDGE ( 'NONE', *, *, #3939, .F. ) ;
#7130 = VERTEX_POINT ( 'NONE', #3973 ) ;
#7131 = FACE_OUTER_BOUND ( 'NONE', #1492, .T. ) ;
#7132 = VERTEX_POINT ( 'NONE', #777 ) ;
#7133 = VECTOR ( 'NONE', #102, 1000.000000000000000 ) ;
#7134 = VECTOR ( 'NONE', #3428, 1000.000000000000000 ) ;
#7135 = VERTEX_POINT ( 'NONE', #3330 ) ;
#7136 = CARTESIAN_POINT ( 'NONE',  ( -6.382117137899323112, 20.23277201088161803, 6.000000000000000000 ) ) ;
#7137 = LINE ( 'NONE', #730, #4692 ) ;
#7138 = VECTOR ( 'NONE', #6661, 1000.000000000000000 ) ;
#7139 = ORIENTED_EDGE ( 'NONE', *, *, #6165, .F. ) ;
#7140 = VECTOR ( 'NONE', #7841, 1000.000000000000000 ) ;
#7141 = ORIENTED_EDGE ( 'NONE', *, *, #5976, .T. ) ;
#7142 = CARTESIAN_POINT ( 'NONE',  ( -36.47847513588163793, 23.17217973710070567, 1.500000000000000444 ) ) ;
#7143 = VECTOR ( 'NONE', #81, 1000.000000000000000 ) ;
#7144 = AXIS2_PLACEMENT_3D ( 'NONE', #579, #3132, #5708 ) ;
#7145 = CARTESIAN_POINT ( 'NONE',  ( 30.18211713789931139, 15.48641401289931174, 0.5000000000000004441 ) ) ;
#7146 = CARTESIAN_POINT ( 'NONE',  ( 16.61788286210066801, 16.07582173911838197, 2.499999999999999112 ) ) ;
#7147 = ORIENTED_EDGE ( 'NONE', *, *, #2977, .T. ) ;
#7148 = DIRECTION ( 'NONE',  ( -0.000000000000000000, -0.000000000000000000, 1.000000000000000000 ) ) ;
#7149 = ORIENTED_EDGE ( 'NONE', *, *, #2669, .T. ) ;
#7150 = ORIENTED_EDGE ( 'NONE', *, *, #2568, .F. ) ;
#7151 = AXIS2_PLACEMENT_3D ( 'NONE', #2327, #6756, #1569 ) ;
#7152 = LINE ( 'NONE', #3887, #6841 ) ;
#7153 = VECTOR ( 'NONE', #2375, 1000.000000000000000 ) ;
#7154 = ORIENTED_EDGE ( 'NONE', *, *, #5536, .T. ) ;
#7155 = LINE ( 'NONE', #4608, #4016 ) ;
#7156 = EDGE_CURVE ( 'NONE', #3492, #4434, #5280, .T. ) ;
#7157 = CARTESIAN_POINT ( 'NONE',  ( 8.932117137899320269, 20.78641401289931423, 0.000000000000000000 ) ) ;
#7158 = VECTOR ( 'NONE', #1513, 1000.000000000000000 ) ;
#7159 = CARTESIAN_POINT ( 'NONE',  ( 38.98211713789931565, 15.50448725967914143, 0.5000000000000004441 ) ) ;
#7160 = LINE ( 'NONE', #7958, #1112 ) ;
#7161 = CARTESIAN_POINT ( 'NONE',  ( -31.76788286210068080, 15.50448725967914143, 1.500000000000000444 ) ) ;
#7162 = CARTESIAN_POINT ( 'NONE',  ( -91.75000000000001421, 15.45793887701772285, 2.499999999999999112 ) ) ;
#7163 = ORIENTED_EDGE ( 'NONE', *, *, #2220, .T. ) ;
#7164 = LINE ( 'NONE', #1383, #4966 ) ;
#7165 = VERTEX_POINT ( 'NONE', #1530 ) ;
#7166 = CARTESIAN_POINT ( 'NONE',  ( -84.75000000000001421, 22.40429687500000355, 1.000000000000000000 ) ) ;
#7167 = CARTESIAN_POINT ( 'NONE',  ( -89.75000000000001421, 13.15429687500000355, 0.3499999999999999223 ) ) ;
#7168 = PRODUCT_DEFINITION_FORMATION_WITH_SPECIFIED_SOURCE ( 'ANY', '', #7176, .NOT_KNOWN. ) ;
#7169 = EDGE_CURVE ( 'NONE', #5137, #4763, #4095, .T. ) ;
#7170 = ADVANCED_FACE ( 'NONE', ( #5870 ), #5238, .F. ) ;
#7171 = CARTESIAN_POINT ( 'NONE',  ( 39.25000000000000000, 23.15429687500000000, 6.000000000000000000 ) ) ;
#7172 = CARTESIAN_POINT ( 'NONE',  ( -78.41788286210068293, 20.78641401289931778, 0.5000000000000004441 ) ) ;
#7173 = DIRECTION ( 'NONE',  ( 0.000000000000000000, 0.000000000000000000, 1.000000000000000000 ) ) ;
#7174 = ORIENTED_EDGE ( 'NONE', *, *, #300, .T. ) ;
#7175 = DIRECTION ( 'NONE',  ( 1.000000000000000000, -6.938893903907228378E-15, 0.000000000000000000 ) ) ;
#7176 = PRODUCT ( 'DIY 6-LED Holder Cut', 'DIY 6-LED Holder Cut', '', ( #1870 ) ) ;
#7177 = ORIENTED_EDGE ( 'NONE', *, *, #4627, .T. ) ;
#7178 = ADVANCED_FACE ( 'NONE', ( #3374 ), #5438, .F. ) ;
#7179 = ORIENTED_EDGE ( 'NONE', *, *, #7443, .F. ) ;
#7180 = CARTESIAN_POINT ( 'NONE',  ( -36.49635799798235780, 23.15429687499998934, 4.000000000000000000 ) ) ;
#7181 = CARTESIAN_POINT ( 'NONE',  ( -91.75000000000000000, 11.05429687500000036, 5.399999999999998579 ) ) ;
#7182 = VERTEX_POINT ( 'NONE', #4293 ) ;
#7183 = ORIENTED_EDGE ( 'NONE', *, *, #8030, .F. ) ;
#7184 = DIRECTION ( 'NONE',  ( 1.000000000000000000, 0.000000000000000000, -0.000000000000000000 ) ) ;
#7185 = CARTESIAN_POINT ( 'NONE',  ( -89.75000000000001421, 23.15429687500000355, 0.3499999999999999223 ) ) ;
#7186 = EDGE_CURVE ( 'NONE', #2571, #1831, #2990, .T. ) ;
#7187 = EDGE_CURVE ( 'NONE', #5546, #6444, #3498, .T. ) ;
#7188 = LINE ( 'NONE', #4722, #5787 ) ;
#7189 = ORIENTED_EDGE ( 'NONE', *, *, #3304, .F. ) ;
#7190 = VECTOR ( 'NONE', #4364, 1000.000000000000000 ) ;
#7191 = PLANE ( 'NONE',  #4968 ) ;
#7192 = ORIENTED_EDGE ( 'NONE', *, *, #5742, .F. ) ;
#7193 = ORIENTED_EDGE ( 'NONE', *, *, #3659, .F. ) ;
#7194 = ADVANCED_FACE ( 'NONE', ( #5561 ), #6155, .F. ) ;
#7195 = CARTESIAN_POINT ( 'NONE',  ( 39.24999999999999289, 15.45793887701772285, 2.499999999999999112 ) ) ;
#7196 = CARTESIAN_POINT ( 'NONE',  ( 30.18211713789931139, 20.80448725967914925, 1.500000000000000444 ) ) ;
#7197 = CARTESIAN_POINT ( 'NONE',  ( -83.06788286210067440, 0.000000000000000000, 0.000000000000000000 ) ) ;
#7198 = LINE ( 'NONE', #7279, #1810 ) ;
#7199 = DIRECTION ( 'NONE',  ( -1.000000000000000000, -0.000000000000000000, -0.000000000000000000 ) ) ;
#7200 = EDGE_CURVE ( 'NONE', #4397, #4066, #6115, .T. ) ;
#7201 = DIRECTION ( 'NONE',  ( -0.000000000000000000, -0.000000000000000000, 1.000000000000000000 ) ) ;
#7202 = LINE ( 'NONE', #2095, #6316 ) ;
#7203 = ORIENTED_EDGE ( 'NONE', *, *, #6454, .F. ) ;
#7204 = ADVANCED_FACE ( 'NONE', ( #8033 ), #8158, .F. ) ;
#7205 = DIRECTION ( 'NONE',  ( 1.000000000000000000, -1.734723475976806709E-18, 0.000000000000000000 ) ) ;
#7206 = VERTEX_POINT ( 'NONE', #4849 ) ;
#7207 = DIRECTION ( 'NONE',  ( 0.000000000000000000, 0.000000000000000000, -1.000000000000000000 ) ) ;
#7208 = VECTOR ( 'NONE', #7901, 1000.000000000000000 ) ;
#7209 = DIRECTION ( 'NONE',  ( 1.000000000000000000, 0.000000000000000000, 0.000000000000000000 ) ) ;
#7210 = VECTOR ( 'NONE', #988, 1000.000000000000000 ) ;
#7211 = FACE_OUTER_BOUND ( 'NONE', #1703, .T. ) ;
#7212 = CARTESIAN_POINT ( 'NONE',  ( 9.521524864118363851, 23.17217973710070567, 2.500000000000000444 ) ) ;
#7213 = CARTESIAN_POINT ( 'NONE',  ( -59.41788286210069714, 13.48641401289930997, 0.5000000000000004441 ) ) ;
#7214 = VECTOR ( 'NONE', #6675, 1000.000000000000000 ) ;
#7215 = ORIENTED_EDGE ( 'NONE', *, *, #1745, .T. ) ;
#7216 = CARTESIAN_POINT ( 'NONE',  ( -13.41788286210068826, 13.48641401289930997, 1.500000000000000444 ) ) ;
#7217 = ORIENTED_EDGE ( 'NONE', *, *, #3052, .F. ) ;
#7218 = EDGE_LOOP ( 'NONE', ( #6748, #1309, #3870, #3115 ) ) ;
#7219 = FACE_OUTER_BOUND ( 'NONE', #7350, .T. ) ;
#7220 = EDGE_CURVE ( 'NONE', #8276, #5215, #7438, .T. ) ;
#7221 = DIRECTION ( 'NONE',  ( -0.000000000000000000, -0.000000000000000000, 1.000000000000000000 ) ) ;
#7222 = EDGE_CURVE ( 'NONE', #454, #7165, #7354, .T. ) ;
#7223 = ORIENTED_EDGE ( 'NONE', *, *, #6540, .F. ) ;
#7224 = ORIENTED_EDGE ( 'NONE', *, *, #1094, .F. ) ;
#7225 = CARTESIAN_POINT ( 'NONE',  ( -55.32152486411841608, 23.17217973710070567, 1.500000000000000444 ) ) ;
#7226 = LINE ( 'NONE', #774, #3543 ) ;
#7227 = DIRECTION ( 'NONE',  ( 0.000000000000000000, 0.000000000000000000, 1.000000000000000000 ) ) ;
#7228 = EDGE_CURVE ( 'NONE', #3410, #4925, #2909, .T. ) ;
#7229 = ORIENTED_EDGE ( 'NONE', *, *, #6294, .T. ) ;
#7230 = CARTESIAN_POINT ( 'NONE',  ( 9.521524864118363851, 23.17217973710070567, 6.000000000000000000 ) ) ;
#7231 = ORIENTED_EDGE ( 'NONE', *, *, #6576, .T. ) ;
#7232 = VERTEX_POINT ( 'NONE', #6796 ) ;
#7233 = PLANE ( 'NONE',  #6570 ) ;
#7234 = CARTESIAN_POINT ( 'NONE',  ( -59.41788286210069714, 13.48641401289930997, 1.500000000000000444 ) ) ;
#7235 = DIRECTION ( 'NONE',  ( 0.000000000000000000, -1.000000000000000000, 0.000000000000000000 ) ) ;
#7236 = CARTESIAN_POINT ( 'NONE',  ( 46.25000000000000000, 25.25429687500000497, 4.834314575050767004 ) ) ;
#7237 = FACE_OUTER_BOUND ( 'NONE', #1421, .T. ) ;
#7238 = PLANE ( 'NONE',  #7955 ) ;
#7239 = LINE ( 'NONE', #1457, #5918 ) ;
#7240 = EDGE_LOOP ( 'NONE', ( #7434, #4326, #1792, #2029 ) ) ;
#7241 = DIRECTION ( 'NONE',  ( -0.000000000000000000, 1.000000000000000000, -0.000000000000000000 ) ) ;
#7242 = VERTEX_POINT ( 'NONE', #1691 ) ;
#7243 = PLANE ( 'NONE',  #6716 ) ;
#7244 = VECTOR ( 'NONE', #6892, 1000.000000000000000 ) ;
#7245 = ADVANCED_FACE ( 'NONE', ( #5476 ), #5600, .F. ) ;
#7246 = CARTESIAN_POINT ( 'NONE',  ( 39.25000000000000000, 13.15429687500000355, 6.000000000000000000 ) ) ;
#7247 = LINE ( 'NONE', #878, #3524 ) ;
#7248 = DIRECTION ( 'NONE',  ( 1.000000000000000000, 9.251858538542971828E-16, -0.000000000000000000 ) ) ;
#7249 = VECTOR ( 'NONE', #3338, 1000.000000000000114 ) ;
#7250 = VERTEX_POINT ( 'NONE', #6837 ) ;
#7251 = DIRECTION ( 'NONE',  ( -1.000000000000000000, -0.000000000000000000, -0.000000000000000000 ) ) ;
#7252 = CARTESIAN_POINT ( 'NONE',  ( -14.06788286210067263, 15.48641401289931174, 1.500000000000000444 ) ) ;
#7253 = EDGE_CURVE ( 'NONE', #4355, #5832, #4131, .T. ) ;
#7254 = ORIENTED_EDGE ( 'NONE', *, *, #972, .T. ) ;
#7255 = AXIS2_PLACEMENT_3D ( 'NONE', #2436, #5585, #4951 ) ;
#7256 = DIRECTION ( 'NONE',  ( 1.000000000000000000, 0.000000000000000000, 0.000000000000000000 ) ) ;
#7257 = CARTESIAN_POINT ( 'NONE',  ( 32.58211713789929576, 22.78641401289931778, 1.500000000000000444 ) ) ;
#7258 = ORIENTED_EDGE ( 'NONE', *, *, #5262, .F. ) ;
#7259 = ORIENTED_EDGE ( 'NONE', *, *, #6972, .T. ) ;
#7260 = FACE_OUTER_BOUND ( 'NONE', #6946, .T. ) ;
#7261 = VECTOR ( 'NONE', #6293, 1000.000000000000000 ) ;
#7262 = ADVANCED_FACE ( 'NONE', ( #2953 ), #7513, .F. ) ;
#7263 = ORIENTED_EDGE ( 'NONE', *, *, #4047, .T. ) ;
#7264 = EDGE_CURVE ( 'NONE', #7723, #3263, #3576, .T. ) ;
#7265 = CARTESIAN_POINT ( 'NONE',  ( 39.61788286210066445, 20.23277201088161803, 1.500000000000000444 ) ) ;
#7266 = VECTOR ( 'NONE', #4043, 1000.000000000000000 ) ;
#7267 = AXIS2_PLACEMENT_3D ( 'NONE', #5, #6354, #7173 ) ;
#7268 = LINE ( 'NONE', #67, #7962 ) ;
#7269 = VERTEX_POINT ( 'NONE', #6710 ) ;
#7270 = PLANE ( 'NONE',  #2283 ) ;
#7271 = ORIENTED_EDGE ( 'NONE', *, *, #7934, .T. ) ;
#7272 = ORIENTED_EDGE ( 'NONE', *, *, #3419, .T. ) ;
#7273 = CARTESIAN_POINT ( 'NONE',  ( -62.41788286210071135, 16.07582173911837486, 1.500000000000000444 ) ) ;
#7274 = CARTESIAN_POINT ( 'NONE',  ( -91.34999999999998010, 10.65429687500000355, 0.3999999999999837019 ) ) ;
#7275 = VECTOR ( 'NONE', #5366, 1000.000000000000000 ) ;
#7276 = VECTOR ( 'NONE', #2350, 1000.000000000000000 ) ;
#7277 = ADVANCED_FACE ( 'NONE', ( #6885 ), #8114, .F. ) ;
#7278 = CARTESIAN_POINT ( 'NONE',  ( 46.11975214338981033, 25.38454473161019109, 4.888265003728729852 ) ) ;
#7279 = CARTESIAN_POINT ( 'NONE',  ( -55.32152486411841608, 23.17217973710070567, 1.500000000000000444 ) ) ;
#7280 = CARTESIAN_POINT ( 'NONE',  ( -91.75000000000001421, 22.40429687500000711, 6.000000000000000000 ) ) ;
#7281 = AXIS2_PLACEMENT_3D ( 'NONE', #3114, #3244, #7053 ) ;
#7282 = CARTESIAN_POINT ( 'NONE',  ( -37.06788286210068151, 15.48641401289931174, 0.000000000000000000 ) ) ;
#7283 = VECTOR ( 'NONE', #4857, 1000.000000000000000 ) ;
#7284 = DIRECTION ( 'NONE',  ( -0.000000000000000000, -0.000000000000000000, 1.000000000000000000 ) ) ;
#7285 = ORIENTED_EDGE ( 'NONE', *, *, #1072, .T. ) ;
#7286 = CARTESIAN_POINT ( 'NONE',  ( -55.41788286210067582, 20.78641401289931778, 0.5000000000000004441 ) ) ;
#7287 = VERTEX_POINT ( 'NONE', #475 ) ;
#7288 = LINE ( 'NONE', #794, #2804 ) ;
#7289 = AXIS2_PLACEMENT_3D ( 'NONE', #2311, #8097, #3518 ) ;
#7290 = CARTESIAN_POINT ( 'NONE',  ( -84.75000000000001421, 13.15429687499998934, 4.000000000000000000 ) ) ;
#7291 = DIRECTION ( 'NONE',  ( -1.000000000000000000, 0.000000000000000000, -0.000000000000000000 ) ) ;
#7292 = LINE ( 'NONE', #2764, #5376 ) ;
#7293 = EDGE_CURVE ( 'NONE', #3058, #6274, #4803, .T. ) ;
#7294 = VECTOR ( 'NONE', #2600, 1000.000000000000000 ) ;
#7295 = EDGE_LOOP ( 'NONE', ( #3222, #1689, #3022, #3166, #942 ) ) ;
#7296 = LINE ( 'NONE', #5379, #8238 ) ;
#7297 = CARTESIAN_POINT ( 'NONE',  ( -61.81788286210068151, 15.48641401289931174, 0.5000000000000004441 ) ) ;
#7298 = VERTEX_POINT ( 'NONE', #8072 ) ;
#7299 = PLANE ( 'NONE',  #1143 ) ;
#7300 = DIRECTION ( 'NONE',  ( 1.259073490628327690E-16, -1.000000000000000000, 0.000000000000000000 ) ) ;
#7301 = ORIENTED_EDGE ( 'NONE', *, *, #2844, .T. ) ;
#7302 = ORIENTED_EDGE ( 'NONE', *, *, #6150, .T. ) ;
#7303 = DIRECTION ( 'NONE',  ( 1.000000000000000000, 1.259073490628327690E-16, 0.000000000000000000 ) ) ;
#7304 = ADVANCED_FACE ( 'NONE', ( #603, #7014 ), #1951, .T. ) ;
#7305 = VERTEX_POINT ( 'NONE', #5819 ) ;
#7306 = EDGE_LOOP ( 'NONE', ( #652, #801, #2355, #4615 ) ) ;
#7307 = PLANE ( 'NONE',  #6525 ) ;
#7308 = CARTESIAN_POINT ( 'NONE',  ( -84.75000000000001421, 15.48641401289931174, 1.500000000000000444 ) ) ;
#7309 = ORIENTED_EDGE ( 'NONE', *, *, #6746, .F. ) ;
#7310 = DIRECTION ( 'NONE',  ( 0.000000000000000000, -0.7071067811865352493, 0.7071067811865597852 ) ) ;
#7311 = ORIENTED_EDGE ( 'NONE', *, *, #270, .T. ) ;
#7312 = DIRECTION ( 'NONE',  ( -1.000000000000000000, -1.119176436114068839E-16, 0.000000000000000000 ) ) ;
#7313 = EDGE_CURVE ( 'NONE', #2745, #7096, #2407, .T. ) ;
#7314 = EDGE_CURVE ( 'NONE', #7439, #3618, #4973, .T. ) ;
#7315 = CARTESIAN_POINT ( 'NONE',  ( -91.75000000000001421, 15.45793887701772285, 3.999999999999999112 ) ) ;
#7316 = CARTESIAN_POINT ( 'NONE',  ( -78.41788286210068293, 13.48641401289931174, 0.5000000000000004441 ) ) ;
#7317 = CARTESIAN_POINT ( 'NONE',  ( 6.582117137899287762, 16.07582173911837486, 1.500000000000000444 ) ) ;
#7318 = LINE ( 'NONE', #6640, #4414 ) ;
#7319 = VECTOR ( 'NONE', #4621, 1000.000000000000000 ) ;
#7320 = EDGE_CURVE ( 'NONE', #6832, #3157, #7561, .T. ) ;
#7321 = DIRECTION ( 'NONE',  ( 1.000000000000000000, -0.000000000000000000, -0.000000000000000000 ) ) ;
#7322 = LINE ( 'NONE', #4065, #7816 ) ;
#7323 = VERTEX_POINT ( 'NONE', #8325 ) ;
#7324 = EDGE_CURVE ( 'NONE', #4069, #3707, #8283, .T. ) ;
#7325 = CARTESIAN_POINT ( 'NONE',  ( 9.521524864118363851, 23.17217973710070567, 4.000000000000000000 ) ) ;
#7326 = EDGE_CURVE ( 'NONE', #1330, #4203, #21, .T. ) ;
#7327 = ORIENTED_EDGE ( 'NONE', *, *, #7324, .F. ) ;
#7328 = CARTESIAN_POINT ( 'NONE',  ( 37.23211713789930855, 20.78641401289931778, -2.999999999999999112 ) ) ;
#7329 = DIRECTION ( 'NONE',  ( -1.000000000000000000, 0.000000000000000000, 0.000000000000000000 ) ) ;
#7330 = AXIS2_PLACEMENT_3D ( 'NONE', #7579, #2429, #4906 ) ;
#7331 = CARTESIAN_POINT ( 'NONE',  ( -91.75000000000000000, 10.65429687500000355, 0.3999999999999837019 ) ) ;
#7332 = CARTESIAN_POINT ( 'NONE',  ( 45.85000000000000142, 0.000000000000000000, 6.000000000000000000 ) ) ;
#7333 = DIRECTION ( 'NONE',  ( 0.000000000000000000, 0.000000000000000000, -1.000000000000000000 ) ) ;
#7334 = VECTOR ( 'NONE', #481, 1000.000000000000000 ) ;
#7335 = EDGE_CURVE ( 'NONE', #6881, #6884, #560, .T. ) ;
#7336 = ORIENTED_EDGE ( 'NONE', *, *, #3043, .F. ) ;
#7337 = CARTESIAN_POINT ( 'NONE',  ( -85.41788286210071135, 16.07582173911837486, 1.500000000000000444 ) ) ;
#7338 = DIRECTION ( 'NONE',  ( 0.7071067811865479058, -0.7071067811865471286, -0.000000000000000000 ) ) ;
#7339 = VECTOR ( 'NONE', #1659, 1000.000000000000000 ) ;
#7340 = ORIENTED_EDGE ( 'NONE', *, *, #5124, .F. ) ;
#7341 = DIRECTION ( 'NONE',  ( 1.000000000000000000, 0.000000000000000000, 0.000000000000000000 ) ) ;
#7342 = EDGE_CURVE ( 'NONE', #2529, #5997, #6367, .T. ) ;
#7343 = AXIS2_PLACEMENT_3D ( 'NONE', #4323, #2441, #1809 ) ;
#7344 = COORDINATED_UNIVERSAL_TIME_OFFSET ( 5, 0, .BEHIND. ) ;
#7345 = DIRECTION ( 'NONE',  ( 0.000000000000000000, -1.000000000000000000, 0.000000000000000000 ) ) ;
#7346 = ORIENTED_EDGE ( 'NONE', *, *, #8245, .F. ) ;
#7347 = VERTEX_POINT ( 'NONE', #2530 ) ;
#7348 = CARTESIAN_POINT ( 'NONE',  ( -31.76788286210068080, 15.48641401289931174, -2.999999999999999112 ) ) ;
#7349 = ORIENTED_EDGE ( 'NONE', *, *, #413, .T. ) ;
#7350 = EDGE_LOOP ( 'NONE', ( #7511, #1654, #1119, #1983 ) ) ;
#7351 = LINE ( 'NONE', #500, #3140 ) ;
#7352 = DIRECTION ( 'NONE',  ( 0.7071067811865471286, 0.7071067811865479058, 0.000000000000000000 ) ) ;
#7353 = ORIENTED_EDGE ( 'NONE', *, *, #386, .F. ) ;
#7354 = LINE ( 'NONE', #4926, #4297 ) ;
#7355 = ORIENTED_EDGE ( 'NONE', *, *, #3614, .F. ) ;
#7356 = CARTESIAN_POINT ( 'NONE',  ( -91.75000000000001421, 20.85065487298227183, 2.500000000000000000 ) ) ;
#7357 = CARTESIAN_POINT ( 'NONE',  ( -14.06788286210067263, 20.80448725967914925, 0.5000000000000004441 ) ) ;
#7358 = LINE ( 'NONE', #7956, #6118 ) ;
#7359 = EDGE_CURVE ( 'NONE', #7504, #7715, #5647, .T. ) ;
#7360 = DIRECTION ( 'NONE',  ( -0.000000000000000000, -0.000000000000000000, 1.000000000000000000 ) ) ;
#7361 = CARTESIAN_POINT ( 'NONE',  ( -7.017882862100671915, 20.78641401289931778, 1.500000000000000444 ) ) ;
#7362 = CARTESIAN_POINT ( 'NONE',  ( -55.41788286210067582, 20.78641401289931778, 1.500000000000000444 ) ) ;
#7363 = FACE_OUTER_BOUND ( 'NONE', #1802, .T. ) ;
#7364 = VERTEX_POINT ( 'NONE', #1779 ) ;
#7365 = LINE ( 'NONE', #6128, #7818 ) ;
#7366 = ORIENTED_EDGE ( 'NONE', *, *, #2906, .F. ) ;
#7367 = CYLINDRICAL_SURFACE ( 'NONE', #7400, 0.2500000000000000000 ) ;
#7368 = FACE_BOUND ( 'NONE', #6008, .T. ) ;
#7369 = CARTESIAN_POINT ( 'NONE',  ( -84.75000000000001421, 0.000000000000000000, 1.500000000000000444 ) ) ;
#7370 = FACE_OUTER_BOUND ( 'NONE', #2524, .T. ) ;
#7371 = EDGE_CURVE ( 'NONE', #6956, #2310, #2579, .T. ) ;
#7372 = EDGE_CURVE ( 'NONE', #3575, #6432, #7602, .T. ) ;
#7373 = LINE ( 'NONE', #127, #7822 ) ;
#7374 = EDGE_LOOP ( 'NONE', ( #4385, #1274, #6441, #8317 ) ) ;
#7375 = CARTESIAN_POINT ( 'NONE',  ( -38.81788286210068151, 15.48641401289931174, 1.500000000000000444 ) ) ;
#7376 = DIRECTION ( 'NONE',  ( -0.000000000000000000, -0.000000000000000000, 1.000000000000000000 ) ) ;
#7377 = VECTOR ( 'NONE', #3554, 1000.000000000000000 ) ;
#7378 = ORIENTED_EDGE ( 'NONE', *, *, #7665, .T. ) ;
#7379 = ADVANCED_FACE ( 'NONE', ( #5772 ), #6925, .F. ) ;
#7380 = LINE ( 'NONE', #2811, #8020 ) ;
#7381 = VECTOR ( 'NONE', #2667, 1000.000000000000000 ) ;
#7382 = CARTESIAN_POINT ( 'NONE',  ( -36.41788286210069714, 15.48641401289931174, 1.500000000000000444 ) ) ;
#7383 = VERTEX_POINT ( 'NONE', #1862 ) ;
#7384 = ORIENTED_EDGE ( 'NONE', *, *, #7736, .T. ) ;
#7385 = CARTESIAN_POINT ( 'NONE',  ( 37.23211713789930855, 20.78641401289931778, 0.000000000000000000 ) ) ;
#7386 = ORIENTED_EDGE ( 'NONE', *, *, #162, .T. ) ;
#7387 = VECTOR ( 'NONE', #1171, 1000.000000000000000 ) ;
#7388 = VERTEX_POINT ( 'NONE', #5146 ) ;
#7389 = CARTESIAN_POINT ( 'NONE',  ( -89.25000000000001421, 23.15429687500000355, 0.3499999999999999223 ) ) ;
#7390 = CARTESIAN_POINT ( 'NONE',  ( 92.00000000000000000, 0.000000000000000000, 0.5000000000000004441 ) ) ;
#7391 = ORIENTED_EDGE ( 'NONE', *, *, #439, .F. ) ;
#7392 = AXIS2_PLACEMENT_3D ( 'NONE', #883, #2231, #2619 ) ;
#7393 = EDGE_CURVE ( 'NONE', #1778, #3410, #3156, .T. ) ;
#7394 = CARTESIAN_POINT ( 'NONE',  ( 7.182117137899318493, 15.48641401289931174, 1.500000000000000444 ) ) ;
#7395 = EDGE_LOOP ( 'NONE', ( #1790, #2859, #6878, #1469 ) ) ;
#7396 = DIRECTION ( 'NONE',  ( -0.000000000000000000, -0.000000000000000000, 1.000000000000000000 ) ) ;
#7397 = CARTESIAN_POINT ( 'NONE',  ( 2.681524946017720001E-17, 15.45793887701772285, 4.000000000000000000 ) ) ;
#7398 = ADVANCED_FACE ( 'NONE', ( #3071 ), #639, .F. ) ;
#7399 = AXIS2_PLACEMENT_3D ( 'NONE', #3851, #7077, #8143 ) ;
#7400 = AXIS2_PLACEMENT_3D ( 'NONE', #2923, #1583, #3511 ) ;
#7401 = CARTESIAN_POINT ( 'NONE',  ( -89.50000000000001421, 13.40429687500000355, 0.5999999999999999778 ) ) ;
#7402 = FACE_OUTER_BOUND ( 'NONE', #8032, .T. ) ;
#7403 = DIRECTION ( 'NONE',  ( -1.000000000000000000, -6.546126324440782623E-16, -0.000000000000000000 ) ) ;
#7404 = CARTESIAN_POINT ( 'NONE',  ( -62.41788286210071135, 16.07582173911837486, 1.500000000000000444 ) ) ;
#7405 = FACE_OUTER_BOUND ( 'NONE', #1716, .T. ) ;
#7406 = ORIENTED_EDGE ( 'NONE', *, *, #2059, .F. ) ;
#7407 = VECTOR ( 'NONE', #4141, 1000.000000000000000 ) ;
#7408 = CARTESIAN_POINT ( 'NONE',  ( -15.81788286210067440, 15.48641401289931174, 1.500000000000000444 ) ) ;
#7409 = VECTOR ( 'NONE', #1628, 1000.000000000000000 ) ;
#7410 = VERTEX_POINT ( 'NONE', #7098 ) ;
#7411 = FACE_OUTER_BOUND ( 'NONE', #4245, .T. ) ;
#7412 = ADVANCED_FACE ( 'NONE', ( #1317 ), #3872, .F. ) ;
#7413 = LINE ( 'NONE', #2925, #3456 ) ;
#7414 = VECTOR ( 'NONE', #2320, 1000.000000000000000 ) ;
#7415 = CARTESIAN_POINT ( 'NONE',  ( -91.75000000000001421, 13.90429687500000355, 6.000000000000000000 ) ) ;
#7416 = LINE ( 'NONE', #4268, #1260 ) ;
#7417 = VECTOR ( 'NONE', #6904, 1000.000000000000000 ) ;
#7418 = FACE_OUTER_BOUND ( 'NONE', #4523, .T. ) ;
#7419 = VERTEX_POINT ( 'NONE', #4375 ) ;
#7420 = LINE ( 'NONE', #2894, #7970 ) ;
#7421 = DIRECTION ( 'NONE',  ( 1.000000000000000000, 0.000000000000000000, 0.000000000000000000 ) ) ;
#7422 = VECTOR ( 'NONE', #1554, 1000.000000000000000 ) ;
#7423 = EDGE_CURVE ( 'NONE', #474, #1439, #6964, .T. ) ;
#7424 = EDGE_CURVE ( 'NONE', #6275, #3842, #772, .T. ) ;
#7425 = ORIENTED_EDGE ( 'NONE', *, *, #439, .T. ) ;
#7426 = CARTESIAN_POINT ( 'NONE',  ( 30.18211713789931139, 15.48641401289931174, 1.500000000000000444 ) ) ;
#7427 = CARTESIAN_POINT ( 'NONE',  ( -91.75000000000000000, 11.05429687500000036, 6.000000000000000000 ) ) ;
#7428 = EDGE_LOOP ( 'NONE', ( #5134, #8227, #4286, #503 ) ) ;
#7429 = ORIENTED_EDGE ( 'NONE', *, *, #8145, .T. ) ;
#7430 = DIRECTION ( 'NONE',  ( -1.000000000000000000, 0.000000000000000000, -0.000000000000000000 ) ) ;
#7431 = VERTEX_POINT ( 'NONE', #1440 ) ;
#7432 = EDGE_CURVE ( 'NONE', #7364, #5128, #3923, .T. ) ;
#7433 = AXIS2_PLACEMENT_3D ( 'NONE', #1756, #4314, #6902 ) ;
#7434 = ORIENTED_EDGE ( 'NONE', *, *, #5983, .T. ) ;
#7435 = CARTESIAN_POINT ( 'NONE',  ( -32.41788286210067582, 20.78641401289931778, 1.500000000000000444 ) ) ;
#7436 = ORIENTED_EDGE ( 'NONE', *, *, #3963, .T. ) ;
#7437 = VERTEX_POINT ( 'NONE', #1366 ) ;
#7438 = LINE ( 'NONE', #2367, #5651 ) ;
#7439 = VERTEX_POINT ( 'NONE', #7820 ) ;
#7440 = CARTESIAN_POINT ( 'NONE',  ( 91.99999999999998579, 20.78641401289936752, 0.000000000000000000 ) ) ;
#7441 = ADVANCED_FACE ( 'NONE', ( #2075 ), #2657, .F. ) ;
#7442 = CARTESIAN_POINT ( 'NONE',  ( -8.767882862100673691, 20.78641401289931778, 0.5000000000000004441 ) ) ;
#7443 = EDGE_CURVE ( 'NONE', #4623, #4336, #7898, .T. ) ;
#7444 = CARTESIAN_POINT ( 'NONE',  ( 37.23211713789930855, 15.48641401289931174, -2.999999999999999112 ) ) ;
#7445 = CARTESIAN_POINT ( 'NONE',  ( -15.80000000000006466, 20.85065487298227183, 4.000000000000000000 ) ) ;
#7446 = DIRECTION ( 'NONE',  ( -1.000000000000000000, 0.000000000000000000, 0.000000000000000000 ) ) ;
#7447 = LINE ( 'NONE', #8165, #1362 ) ;
#7448 = DIRECTION ( 'NONE',  ( -1.000000000000000000, 0.000000000000000000, 0.000000000000000000 ) ) ;
#7449 = EDGE_LOOP ( 'NONE', ( #3367, #7353, #6168, #5862 ) ) ;
#7450 = LINE ( 'NONE', #7527, #4420 ) ;
#7451 = EDGE_LOOP ( 'NONE', ( #7560, #5186, #7603, #2655 ) ) ;
#7452 = CARTESIAN_POINT ( 'NONE',  ( -36.41788286210069714, 20.78641401289931778, 0.5000000000000004441 ) ) ;
#7453 = VECTOR ( 'NONE', #7457, 1000.000000000000000 ) ;
#7454 = ADVANCED_FACE ( 'NONE', ( #853 ), #5274, .F. ) ;
#7455 = CARTESIAN_POINT ( 'NONE',  ( 16.00000000000001066, 15.45793887701772285, 4.000000000000000000 ) ) ;
#7456 = PLANE ( 'NONE',  #6784 ) ;
#7457 = DIRECTION ( 'NONE',  ( -0.7071067811865466846, -0.7071067811865483499, 0.000000000000000000 ) ) ;
#7458 = EDGE_CURVE ( 'NONE', #1475, #1432, #4671, .T. ) ;
#7459 = LINE ( 'NONE', #2973, #8087 ) ;
#7460 = ORIENTED_EDGE ( 'NONE', *, *, #4004, .F. ) ;
#7461 = LINE ( 'NONE', #1674, #1494 ) ;
#7462 = DIRECTION ( 'NONE',  ( 1.000000000000000000, -0.000000000000000000, -0.000000000000000000 ) ) ;
#7463 = ORIENTED_EDGE ( 'NONE', *, *, #4418, .F. ) ;
#7464 = LINE ( 'NONE', #548, #470 ) ;
#7465 = DIRECTION ( 'NONE',  ( -6.546126324440781637E-16, 1.000000000000000000, 0.000000000000000000 ) ) ;
#7466 = VECTOR ( 'NONE', #5333, 1000.000000000000000 ) ;
#7467 = EDGE_LOOP ( 'NONE', ( #2986, #2202, #1504, #7614 ) ) ;
#7468 = EDGE_LOOP ( 'NONE', ( #580, #2587, #6029, #5113 ) ) ;
#7469 = LINE ( 'NONE', #1723, #1485 ) ;
#7470 = ORIENTED_EDGE ( 'NONE', *, *, #4324, .T. ) ;
#7471 = AXIS2_PLACEMENT_3D ( 'NONE', #6844, #8163, #4932 ) ;
#7472 = ORIENTED_EDGE ( 'NONE', *, *, #1564, .F. ) ;
#7473 = AXIS2_PLACEMENT_3D ( 'NONE', #1797, #619, #7753 ) ;
#7474 = EDGE_CURVE ( 'NONE', #1545, #459, #6502, .T. ) ;
#7475 = DIRECTION ( 'NONE',  ( -0.000000000000000000, 0.000000000000000000, -1.000000000000000000 ) ) ;
#7476 = ORIENTED_EDGE ( 'NONE', *, *, #1310, .T. ) ;
#7477 = VERTEX_POINT ( 'NONE', #5310 ) ;
#7478 = DIRECTION ( 'NONE',  ( 1.000000000000000000, 0.000000000000000000, 0.000000000000000000 ) ) ;
#7479 = ORIENTED_EDGE ( 'NONE', *, *, #3065, .T. ) ;
#7480 = LINE ( 'NONE', #943, #4139 ) ;
#7481 = LINE ( 'NONE', #6081, #2809 ) ;
#7482 = LINE ( 'NONE', #2833, #1535 ) ;
#7483 = PLANE ( 'NONE',  #337 ) ;
#7484 = CARTESIAN_POINT ( 'NONE',  ( 39.25000000000000000, 13.90429687500000178, 1.000000000000000000 ) ) ;
#7485 = EDGE_CURVE ( 'NONE', #7431, #8106, #1403, .T. ) ;
#7486 = PLANE ( 'NONE',  #1341 ) ;
#7487 = CARTESIAN_POINT ( 'NONE',  ( -78.41788286210068293, 20.78641401289931778, 0.5000000000000004441 ) ) ;
#7488 = ORIENTED_EDGE ( 'NONE', *, *, #6576, .F. ) ;
#7489 = PLANE ( 'NONE',  #3213 ) ;
#7490 = ORIENTED_EDGE ( 'NONE', *, *, #4381, .F. ) ;
#7491 = CARTESIAN_POINT ( 'NONE',  ( 39.25000000000000000, 13.15429687500000355, 6.000000000000000000 ) ) ;
#7492 = CARTESIAN_POINT ( 'NONE',  ( 29.58211713789928154, 20.23277201088163224, 1.500000000000000444 ) ) ;
#7493 = DIRECTION ( 'NONE',  ( -1.119176436114068839E-16, 1.000000000000000000, 0.000000000000000000 ) ) ;
#7494 = LINE ( 'NONE', #2226, #1656 ) ;
#7495 = CARTESIAN_POINT ( 'NONE',  ( -84.75000000000001421, 13.15429687499998934, 4.000000000000000000 ) ) ;
#7496 = EDGE_CURVE ( 'NONE', #3039, #6058, #2158, .T. ) ;
#7497 = EDGE_LOOP ( 'NONE', ( #6977, #5209, #4872, #3826 ) ) ;
#7498 = DIRECTION ( 'NONE',  ( -0.000000000000000000, -1.000000000000000000, -0.000000000000000000 ) ) ;
#7499 = LINE ( 'NONE', #8224, #7387 ) ;
#7500 = ADVANCED_FACE ( 'NONE', ( #7260 ), #4599, .T. ) ;
#7501 = ORIENTED_EDGE ( 'NONE', *, *, #2945, .F. ) ;
#7502 = DIRECTION ( 'NONE',  ( -1.000000000000000000, -6.546126324440782623E-16, -0.000000000000000000 ) ) ;
#7503 = CARTESIAN_POINT ( 'NONE',  ( -59.41788286210069714, 20.78641401289931778, 0.5000000000000004441 ) ) ;
#7504 = VERTEX_POINT ( 'NONE', #3966 ) ;
#7505 = ORIENTED_EDGE ( 'NONE', *, *, #3588, .T. ) ;
#7506 = DIRECTION ( 'NONE',  ( 0.000000000000000000, -0.000000000000000000, -1.000000000000000000 ) ) ;
#7507 = ORIENTED_EDGE ( 'NONE', *, *, #1955, .F. ) ;
#7508 = VERTEX_POINT ( 'NONE', #144 ) ;
#7509 = VECTOR ( 'NONE', #2455, 1000.000000000000000 ) ;
#7510 = CARTESIAN_POINT ( 'NONE',  ( -32.32152486411842318, 23.17217973710070567, 1.500000000000000444 ) ) ;
#7511 = ORIENTED_EDGE ( 'NONE', *, *, #2513, .T. ) ;
#7512 = ORIENTED_EDGE ( 'NONE', *, *, #3406, .T. ) ;
#7513 = PLANE ( 'NONE',  #4978 ) ;
#7514 = ADVANCED_FACE ( 'NONE', ( #6664 ), #3369, .F. ) ;
#7515 = EDGE_LOOP ( 'NONE', ( #5711, #5138, #995, #7854, #4189, #8324, #2573, #1228 ) ) ;
#7516 = DIRECTION ( 'NONE',  ( -0.000000000000000000, -0.000000000000000000, 1.000000000000000000 ) ) ;
#7517 = VECTOR ( 'NONE', #7615, 1000.000000000000000 ) ;
#7518 = LINE ( 'NONE', #2247, #2414 ) ;
#7519 = EDGE_CURVE ( 'NONE', #6999, #3395, #2775, .T. ) ;
#7520 = CARTESIAN_POINT ( 'NONE',  ( -54.76788286210067724, 15.50448725967914143, 1.500000000000000444 ) ) ;
#7521 = CARTESIAN_POINT ( 'NONE',  ( -55.32152486411839476, 13.13641401289931210, 1.500000000000000444 ) ) ;
#7522 = CARTESIAN_POINT ( 'NONE',  ( 14.23211713789931920, 15.50448725967914143, 0.5000000000000004441 ) ) ;
#7523 = VECTOR ( 'NONE', #5171, 1000.000000000000000 ) ;
#7524 = DIRECTION ( 'NONE',  ( -0.5773502691896323924, -0.5773502691896323924, -0.5773502691896122974 ) ) ;
#7525 = CARTESIAN_POINT ( 'NONE',  ( 0.000000000000000000, 0.000000000000000000, 4.000000000000000000 ) ) ;
#7526 = EDGE_LOOP ( 'NONE', ( #2820, #874, #6828, #3110 ) ) ;
#7527 = CARTESIAN_POINT ( 'NONE',  ( -62.41788286210071135, 20.23277201088163224, 2.500000000000000000 ) ) ;
#7528 = ORIENTED_EDGE ( 'NONE', *, *, #5416, .F. ) ;
#7529 = LINE ( 'NONE', #4190, #8071 ) ;
#7530 = VECTOR ( 'NONE', #4934, 1000.000000000000000 ) ;
#7531 = EDGE_CURVE ( 'NONE', #7550, #6955, #7860, .T. ) ;
#7532 = VECTOR ( 'NONE', #5971, 1000.000000000000000 ) ;
#7533 = DIRECTION ( 'NONE',  ( 0.000000000000000000, -1.000000000000000000, 0.000000000000000000 ) ) ;
#7534 = CARTESIAN_POINT ( 'NONE',  ( -60.06788286210068151, 20.78641401289931423, -2.999999999999999112 ) ) ;
#7535 = FACE_OUTER_BOUND ( 'NONE', #7798, .T. ) ;
#7536 = AXIS2_PLACEMENT_3D ( 'NONE', #5549, #7300, #887 ) ;
#7537 = DIRECTION ( 'NONE',  ( -0.000000000000000000, -0.000000000000000000, 1.000000000000000000 ) ) ;
#7538 = VECTOR ( 'NONE', #5525, 1000.000000000000000 ) ;
#7539 = ORIENTED_EDGE ( 'NONE', *, *, #5200, .F. ) ;
#7540 = LINE ( 'NONE', #1258, #693 ) ;
#7541 = LINE ( 'NONE', #4359, #5898 ) ;
#7542 = VECTOR ( 'NONE', #2459, 1000.000000000000000 ) ;
#7543 = VECTOR ( 'NONE', #3300, 1000.000000000000000 ) ;
#7544 = ORIENTED_EDGE ( 'NONE', *, *, #7186, .F. ) ;
#7545 = LINE ( 'NONE', #1526, #2876 ) ;
#7546 = EDGE_CURVE ( 'NONE', #2396, #4961, #6626, .T. ) ;
#7547 = CARTESIAN_POINT ( 'NONE',  ( 16.00000000000001421, 15.45793887701772285, 1.500000000000000444 ) ) ;
#7548 = CARTESIAN_POINT ( 'NONE',  ( 46.00000000000000000, 0.000000000000000000, 0.5000000000000004441 ) ) ;
#7549 = VECTOR ( 'NONE', #6280, 1000.000000000000000 ) ;
#7550 = VERTEX_POINT ( 'NONE', #3404 ) ;
#7551 = AXIS2_PLACEMENT_3D ( 'NONE', #5474, #1649, #6199 ) ;
#7552 = ORIENTED_EDGE ( 'NONE', *, *, #7531, .T. ) ;
#7553 = LINE ( 'NONE', #1771, #4712 ) ;
#7554 = VERTEX_POINT ( 'NONE', #5347 ) ;
#7555 = AXIS2_PLACEMENT_3D ( 'NONE', #6233, #8185, #3736 ) ;
#7556 = VERTEX_POINT ( 'NONE', #1522 ) ;
#7557 = EDGE_CURVE ( 'NONE', #4653, #5532, #890, .T. ) ;
#7558 = LINE ( 'NONE', #3785, #1737 ) ;
#7559 = VERTEX_POINT ( 'NONE', #1992 ) ;
#7560 = ORIENTED_EDGE ( 'NONE', *, *, #8261, .T. ) ;
#7561 = LINE ( 'NONE', #1188, #3491 ) ;
#7562 = ORIENTED_EDGE ( 'NONE', *, *, #922, .F. ) ;
#7563 = APPROVAL_PERSON_ORGANIZATION ( #6933, #729, #7061 ) ;
#7564 = DIRECTION ( 'NONE',  ( -0.000000000000000000, -0.000000000000000000, 1.000000000000000000 ) ) ;
#7565 = DIRECTION ( 'NONE',  ( 1.000000000000000000, 0.000000000000000000, 0.000000000000000000 ) ) ;
#7566 = CARTESIAN_POINT ( 'NONE',  ( 39.25000000000000000, 23.15429687500000000, 6.000000000000000000 ) ) ;
#7567 = CARTESIAN_POINT ( 'NONE',  ( -76.01788286210067724, 20.78641401289931778, 0.5000000000000004441 ) ) ;
#7568 = DATE_AND_TIME ( #7610, #562 ) ;
#7569 = PLANE ( 'NONE',  #262 ) ;
#7570 = EDGE_CURVE ( 'NONE', #6682, #7269, #4204, .T. ) ;
#7571 = EDGE_CURVE ( 'NONE', #3413, #2742, #5428, .T. ) ;
#7572 = CARTESIAN_POINT ( 'NONE',  ( 31.93211713789931139, 15.48641401289931174, 0.5000000000000004441 ) ) ;
#7573 = ORIENTED_EDGE ( 'NONE', *, *, #8018, .F. ) ;
#7574 = DIRECTION ( 'NONE',  ( 1.000000000000000000, 1.259073490628327444E-16, -0.000000000000000000 ) ) ;
#7575 = VERTEX_POINT ( 'NONE', #5469 ) ;
#7576 = CARTESIAN_POINT ( 'NONE',  ( 46.00000000000000000, 0.000000000000000000, 0.5000000000000004441 ) ) ;
#7577 = DIRECTION ( 'NONE',  ( 0.7071067811865475727, -0.7071067811865475727, 0.000000000000000000 ) ) ;
#7578 = EDGE_CURVE ( 'NONE', #7588, #611, #8025, .T. ) ;
#7579 = CARTESIAN_POINT ( 'NONE',  ( 92.00000000000000000, 0.000000000000000000, 0.5000000000000004441 ) ) ;
#7580 = CARTESIAN_POINT ( 'NONE',  ( -8.767882862100673691, 20.78641401289931778, -2.999999999999999112 ) ) ;
#7581 = LINE ( 'NONE', #453, #545 ) ;
#7582 = ADVANCED_FACE ( 'NONE', ( #6071 ), #306, .F. ) ;
#7583 = ORIENTED_EDGE ( 'NONE', *, *, #933, .T. ) ;
#7584 = ORIENTED_EDGE ( 'NONE', *, *, #4665, .T. ) ;
#7585 = FACE_OUTER_BOUND ( 'NONE', #334, .T. ) ;
#7586 = LINE ( 'NONE', #6264, #124 ) ;
#7587 = VECTOR ( 'NONE', #3054, 1000.000000000000000 ) ;
#7588 = VERTEX_POINT ( 'NONE', #4841 ) ;
#7589 = DIRECTION ( 'NONE',  ( 1.000000000000000000, -1.734723475976806709E-18, -0.000000000000000000 ) ) ;
#7590 = PLANE ( 'NONE',  #7343 ) ;
#7591 = EDGE_CURVE ( 'NONE', #1050, #7600, #2195, .T. ) ;
#7592 = ORIENTED_EDGE ( 'NONE', *, *, #4408, .T. ) ;
#7593 = ORIENTED_EDGE ( 'NONE', *, *, #1748, .F. ) ;
#7594 = DIRECTION ( 'NONE',  ( -0.7071067811865479058, -0.7071067811865471286, -1.137307002876294573E-16 ) ) ;
#7595 = VERTEX_POINT ( 'NONE', #6787 ) ;
#7596 = ORIENTED_EDGE ( 'NONE', *, *, #4206, .F. ) ;
#7597 = VECTOR ( 'NONE', #5617, 1000.000000000000000 ) ;
#7598 = PLANE ( 'NONE',  #1 ) ;
#7599 = VERTEX_POINT ( 'NONE', #2238 ) ;
#7600 = VERTEX_POINT ( 'NONE', #1014 ) ;
#7601 = VECTOR ( 'NONE', #2865, 1000.000000000000000 ) ;
#7602 = LINE ( 'NONE', #4335, #5785 ) ;
#7603 = ORIENTED_EDGE ( 'NONE', *, *, #3237, .T. ) ;
#7604 = PLANE ( 'NONE',  #7931 ) ;
#7605 = EDGE_CURVE ( 'NONE', #5546, #4881, #2860, .T. ) ;
#7606 = VECTOR ( 'NONE', #6516, 1000.000000000000000 ) ;
#7607 = EDGE_CURVE ( 'NONE', #2325, #8127, #7469, .T. ) ;
#7608 = DIRECTION ( 'NONE',  ( 1.000000000000000000, 1.259073490628327690E-16, 0.000000000000000000 ) ) ;
#7609 = CARTESIAN_POINT ( 'NONE',  ( -61.80000000000006821, 20.85065487298227183, 2.500000000000000000 ) ) ;
#7610 = CALENDAR_DATE ( 2025, 1, 8 ) ;
#7611 = VECTOR ( 'NONE', #6228, 1000.000000000000000 ) ;
#7612 = FACE_OUTER_BOUND ( 'NONE', #2359, .T. ) ;
#7613 = DIRECTION ( 'NONE',  ( -0.000000000000000000, -0.000000000000000000, 1.000000000000000000 ) ) ;
#7614 = ORIENTED_EDGE ( 'NONE', *, *, #2458, .F. ) ;
#7615 = DIRECTION ( 'NONE',  ( 1.000000000000000000, 1.259073490628327444E-16, -0.000000000000000000 ) ) ;
#7616 = EDGE_LOOP ( 'NONE', ( #974, #6442, #1614, #5808, #5036, #1062, #3264, #5871, #1964, #2542 ) ) ;
#7617 = FACE_OUTER_BOUND ( 'NONE', #1648, .T. ) ;
#7618 = EDGE_CURVE ( 'NONE', #8108, #7323, #3569, .T. ) ;
#7619 = CARTESIAN_POINT ( 'NONE',  ( -83.06788286210067440, 15.48641401289931174, 0.5000000000000004441 ) ) ;
#7620 = CARTESIAN_POINT ( 'NONE',  ( 45.85000000000000142, 24.65429687500000711, 6.000000000000000000 ) ) ;
#7621 = CARTESIAN_POINT ( 'NONE',  ( 9.521524864118349640, 13.13641401289931210, 6.000000000000000000 ) ) ;
#7622 = DIRECTION ( 'NONE',  ( 0.000000000000000000, 1.000000000000000000, 0.000000000000000000 ) ) ;
#7623 = VERTEX_POINT ( 'NONE', #5552 ) ;
#7624 = AXIS2_PLACEMENT_3D ( 'NONE', #1838, #8258, #5123 ) ;
#7625 = ORIENTED_EDGE ( 'NONE', *, *, #2722, .F. ) ;
#7626 = CARTESIAN_POINT ( 'NONE',  ( -59.41788286210069714, 20.78641401289931778, 1.500000000000000444 ) ) ;
#7627 = EDGE_CURVE ( 'NONE', #5629, #779, #4240, .T. ) ;
#7628 = DIRECTION ( 'NONE',  ( -0.000000000000000000, -0.000000000000000000, 1.000000000000000000 ) ) ;
#7629 = ADVANCED_FACE ( 'NONE', ( #976 ), #5514, .F. ) ;
#7630 = VERTEX_POINT ( 'NONE', #6193 ) ;
#7631 = CARTESIAN_POINT ( 'NONE',  ( -9.303642002017703305, 23.15429687499999289, 1.500000000000000444 ) ) ;
#7632 = FACE_OUTER_BOUND ( 'NONE', #6827, .T. ) ;
#7633 = DIRECTION ( 'NONE',  ( 0.000000000000000000, 0.000000000000000000, -1.000000000000000000 ) ) ;
#7634 = VERTEX_POINT ( 'NONE', #6108 ) ;
#7635 = ORIENTED_EDGE ( 'NONE', *, *, #8326, .F. ) ;
#7636 = DIRECTION ( 'NONE',  ( 0.000000000000000000, 0.000000000000000000, 1.000000000000000000 ) ) ;
#7637 = ORIENTED_EDGE ( 'NONE', *, *, #1935, .F. ) ;
#7638 = EDGE_CURVE ( 'NONE', #4925, #3660, #1683, .T. ) ;
#7639 = VERTEX_POINT ( 'NONE', #428 ) ;
#7640 = LINE ( 'NONE', #8240, #7670 ) ;
#7641 = VERTEX_POINT ( 'NONE', #2360 ) ;
#7642 = ORIENTED_EDGE ( 'NONE', *, *, #4718, .F. ) ;
#7643 = DIRECTION ( 'NONE',  ( 0.000000000000000000, 1.000000000000000000, 0.000000000000000000 ) ) ;
#7644 = VERTEX_POINT ( 'NONE', #1098 ) ;
#7645 = DIRECTION ( 'NONE',  ( 0.000000000000000000, -0.000000000000000000, 1.000000000000000000 ) ) ;
#7646 = VECTOR ( 'NONE', #2427, 1000.000000000000000 ) ;
#7647 = FACE_OUTER_BOUND ( 'NONE', #526, .T. ) ;
#7648 = CARTESIAN_POINT ( 'NONE',  ( -82.41788286210069714, 20.78641401289931778, 0.5000000000000004441 ) ) ;
#7649 = APPLICATION_PROTOCOL_DEFINITION ( 'international standard', 'config_control_design', 1994, #969 ) ;
#7650 = ADVANCED_FACE ( 'NONE', ( #2983 ), #8149, .F. ) ;
#7651 = CARTESIAN_POINT ( 'NONE',  ( -59.47847513588163793, 23.17217973710070567, 1.500000000000000444 ) ) ;
#7652 = ORIENTED_EDGE ( 'NONE', *, *, #469, .F. ) ;
#7653 = VECTOR ( 'NONE', #6555, 1000.000000000000114 ) ;
#7654 = DIRECTION ( 'NONE',  ( 0.000000000000000000, -1.000000000000000000, 0.000000000000000000 ) ) ;
#7655 = ORIENTED_EDGE ( 'NONE', *, *, #1460, .F. ) ;
#7656 = CARTESIAN_POINT ( 'NONE',  ( 39.25000000000000000, 13.15429687500000355, 4.000000000000000000 ) ) ;
#7657 = VERTEX_POINT ( 'NONE', #2819 ) ;
#7658 = DIRECTION ( 'NONE',  ( 0.000000000000000000, 0.000000000000000000, 1.000000000000000000 ) ) ;
#7659 = VECTOR ( 'NONE', #7628, 1000.000000000000000 ) ;
#7660 = DIRECTION ( 'NONE',  ( 1.000000000000000000, 0.000000000000000000, 0.000000000000000000 ) ) ;
#7661 = DIRECTION ( 'NONE',  ( -0.000000000000000000, 1.000000000000000000, -0.000000000000000000 ) ) ;
#7662 = CARTESIAN_POINT ( 'NONE',  ( 32.58211713789929576, 15.48641401289931174, 1.500000000000000444 ) ) ;
#7663 = DIRECTION ( 'NONE',  ( 0.000000000000000000, 1.000000000000000000, 1.608394988049553126E-16 ) ) ;
#7664 = ORIENTED_EDGE ( 'NONE', *, *, #6000, .F. ) ;
#7665 = EDGE_CURVE ( 'NONE', #779, #611, #5390, .T. ) ;
#7666 = VECTOR ( 'NONE', #2885, 1000.000000000000000 ) ;
#7667 = ORIENTED_EDGE ( 'NONE', *, *, #4499, .T. ) ;
#7668 = DIRECTION ( 'NONE',  ( 1.000000000000000000, -1.734723475976806709E-18, -0.000000000000000000 ) ) ;
#7669 = DIRECTION ( 'NONE',  ( 1.000000000000000000, 0.000000000000000000, -0.000000000000000000 ) ) ;
#7670 = VECTOR ( 'NONE', #1948, 1000.000000000000000 ) ;
#7671 = CARTESIAN_POINT ( 'NONE',  ( 6.582117137899287762, 20.23277201088163224, 1.500000000000000444 ) ) ;
#7672 = CARTESIAN_POINT ( 'NONE',  ( -84.75000000000001421, 15.40793887701768305, 1.500000000000000444 ) ) ;
#7673 = VECTOR ( 'NONE', #6532, 1000.000000000000000 ) ;
#7674 = LINE ( 'NONE', #1896, #1415 ) ;
#7675 = DIRECTION ( 'NONE',  ( -0.000000000000000000, 0.000000000000000000, 1.000000000000000000 ) ) ;
#7676 = EDGE_CURVE ( 'NONE', #7383, #5806, #7983, .T. ) ;
#7677 = VERTEX_POINT ( 'NONE', #6701 ) ;
#7678 = EDGE_CURVE ( 'NONE', #3810, #755, #7879, .T. ) ;
#7679 = ORIENTED_EDGE ( 'NONE', *, *, #3277, .T. ) ;
#7680 = FACE_OUTER_BOUND ( 'NONE', #390, .T. ) ;
#7681 = VECTOR ( 'NONE', #8250, 1000.000000000000000 ) ;
#7682 = VERTEX_POINT ( 'NONE', #7385 ) ;
#7683 = VECTOR ( 'NONE', #2143, 1000.000000000000000 ) ;
#7684 = ORIENTED_EDGE ( 'NONE', *, *, #370, .F. ) ;
#7685 = CARTESIAN_POINT ( 'NONE',  ( -61.80000000000005400, 15.45793887701772285, 3.999999999999999112 ) ) ;
#7686 = VECTOR ( 'NONE', #1902, 1000.000000000000000 ) ;
#7687 = AXIS2_PLACEMENT_3D ( 'NONE', #8249, #6416, #647 ) ;
#7688 = CARTESIAN_POINT ( 'NONE',  ( -54.76788286210067724, 0.000000000000000000, 0.000000000000000000 ) ) ;
#7689 = EDGE_CURVE ( 'NONE', #7269, #4105, #2397, .T. ) ;
#7690 = ORIENTED_EDGE ( 'NONE', *, *, #621, .T. ) ;
#7691 = EDGE_LOOP ( 'NONE', ( #3716, #6965, #2099, #6185, #4626 ) ) ;
#7692 = CARTESIAN_POINT ( 'NONE',  ( 36.58211713789931707, 20.78641401289931778, 0.5000000000000004441 ) ) ;
#7693 = ORIENTED_EDGE ( 'NONE', *, *, #6720, .F. ) ;
#7694 = LINE ( 'NONE', #4295, #8204 ) ;
#7695 = VECTOR ( 'NONE', #2230, 1000.000000000000000 ) ;
#7696 = VECTOR ( 'NONE', #1379, 1000.000000000000000 ) ;
#7697 = DIRECTION ( 'NONE',  ( -0.000000000000000000, 1.000000000000000000, 0.000000000000000000 ) ) ;
#7698 = DIRECTION ( 'NONE',  ( 1.259073490628327690E-16, -1.000000000000000000, 0.000000000000000000 ) ) ;
#7699 = CARTESIAN_POINT ( 'NONE',  ( 45.99999999999998579, 20.78641401289936752, 0.000000000000000000 ) ) ;
#7700 = DIRECTION ( 'NONE',  ( -1.000000000000000000, 1.734723475976806709E-18, 0.000000000000000000 ) ) ;
#7701 = EDGE_CURVE ( 'NONE', #19, #1050, #467, .T. ) ;
#7702 = ORIENTED_EDGE ( 'NONE', *, *, #3932, .F. ) ;
#7703 = DIRECTION ( 'NONE',  ( 0.000000000000000000, 0.000000000000000000, -1.000000000000000000 ) ) ;
#7704 = ORIENTED_EDGE ( 'NONE', *, *, #6910, .T. ) ;
#7705 = LINE ( 'NONE', #653, #4942 ) ;
#7706 = ORIENTED_EDGE ( 'NONE', *, *, #933, .F. ) ;
#7707 = LINE ( 'NONE', #5662, #4684 ) ;
#7708 = EDGE_CURVE ( 'NONE', #2490, #7905, #8316, .T. ) ;
#7709 = FACE_OUTER_BOUND ( 'NONE', #1139, .T. ) ;
#7710 = EDGE_CURVE ( 'NONE', #1811, #5180, #6358, .T. ) ;
#7711 = LINE ( 'NONE', #7113, #2214 ) ;
#7712 = CARTESIAN_POINT ( 'NONE',  ( 92.00000000000000000, 0.000000000000000000, 1.500000000000000444 ) ) ;
#7713 = CARTESIAN_POINT ( 'NONE',  ( -55.30364200201769620, 23.15429687499998579, 6.000000000000000000 ) ) ;
#7714 = DIRECTION ( 'NONE',  ( -0.7071067811865474617, 0.7071067811865474617, 0.000000000000000000 ) ) ;
#7715 = VERTEX_POINT ( 'NONE', #6273 ) ;
#7716 = ORIENTED_EDGE ( 'NONE', *, *, #4809, .F. ) ;
#7717 = DIRECTION ( 'NONE',  ( 1.000000000000000000, 0.000000000000000000, 0.000000000000000000 ) ) ;
#7718 = DIRECTION ( 'NONE',  ( 1.000000000000000000, 4.336808689941999001E-16, 0.000000000000000000 ) ) ;
#7719 = ADVANCED_FACE ( 'NONE', ( #5048 ), #3108, .F. ) ;
#7720 = ORIENTED_EDGE ( 'NONE', *, *, #4184, .T. ) ;
#7721 = LINE ( 'NONE', #627, #1524 ) ;
#7722 = DIRECTION ( 'NONE',  ( 0.000000000000000000, 0.7071067811865465735, -0.7071067811865483499 ) ) ;
#7723 = VERTEX_POINT ( 'NONE', #4460 ) ;
#7724 = EDGE_LOOP ( 'NONE', ( #6654, #3734, #7027, #2665 ) ) ;
#7725 = CARTESIAN_POINT ( 'NONE',  ( 31.93211713789931139, 15.48641401289931174, 0.5000000000000004441 ) ) ;
#7726 = VERTEX_POINT ( 'NONE', #2570 ) ;
#7727 = EDGE_LOOP ( 'NONE', ( #3959, #4602, #2197, #2680 ) ) ;
#7728 = VECTOR ( 'NONE', #6614, 1000.000000000000000 ) ;
#7729 = DIRECTION ( 'NONE',  ( -1.000000000000000000, 0.000000000000000000, 0.000000000000000000 ) ) ;
#7730 = PLANE ( 'NONE',  #6859 ) ;
#7731 = ORIENTED_EDGE ( 'NONE', *, *, #1979, .F. ) ;
#7732 = ORIENTED_EDGE ( 'NONE', *, *, #7797, .F. ) ;
#7733 = DIRECTION ( 'NONE',  ( 1.000000000000000000, -1.734723475976806709E-18, -0.000000000000000000 ) ) ;
#7734 = CARTESIAN_POINT ( 'NONE',  ( -82.49635799798235780, 23.15429687499998579, 1.500000000000000444 ) ) ;
#7735 = AXIS2_PLACEMENT_3D ( 'NONE', #7886, #3352, #4071 ) ;
#7736 = EDGE_CURVE ( 'NONE', #5646, #7242, #3825, .T. ) ;
#7737 = DIRECTION ( 'NONE',  ( -0.000000000000000000, 1.000000000000000000, 0.000000000000000000 ) ) ;
#7738 = FACE_OUTER_BOUND ( 'NONE', #1597, .T. ) ;
#7739 = VECTOR ( 'NONE', #5018, 1000.000000000000000 ) ;
#7740 = CARTESIAN_POINT ( 'NONE',  ( -82.41788286210069714, 22.78641401289931778, 0.5000000000000004441 ) ) ;
#7741 = EDGE_LOOP ( 'NONE', ( #7327, #6705, #2647, #2774, #52, #1055, #1409, #550, #3489, #6401, #4116, #5222, #4804, #2598, #3312, #4345 ) ) ;
#7742 = CARTESIAN_POINT ( 'NONE',  ( -29.38211713789932844, 20.23277201088161803, 4.000000000000000000 ) ) ;
#7743 = ORIENTED_EDGE ( 'NONE', *, *, #2458, .T. ) ;
#7744 = ORIENTED_EDGE ( 'NONE', *, *, #7571, .T. ) ;
#7745 = VECTOR ( 'NONE', #5226, 1000.000000000000000 ) ;
#7746 = DIRECTION ( 'NONE',  ( -0.000000000000000000, -0.000000000000000000, 1.000000000000000000 ) ) ;
#7747 = VERTEX_POINT ( 'NONE', #595 ) ;
#7748 = LINE ( 'NONE', #1162, #7261 ) ;
#7749 = ADVANCED_FACE ( 'NONE', ( #7680 ), #5592, .F. ) ;
#7750 = DIRECTION ( 'NONE',  ( 0.000000000000000000, 0.000000000000000000, 1.000000000000000000 ) ) ;
#7751 = VECTOR ( 'NONE', #4456, 1000.000000000000000 ) ;
#7752 = LINE ( 'NONE', #1253, #2747 ) ;
#7753 = DIRECTION ( 'NONE',  ( 0.000000000000000000, -0.000000000000000000, 1.000000000000000000 ) ) ;
#7754 = DIRECTION ( 'NONE',  ( 0.7071067811865474617, -0.7071067811865474617, -1.137307002876295066E-16 ) ) ;
#7755 = DIRECTION ( 'NONE',  ( 1.000000000000000000, 0.000000000000000000, 0.000000000000000000 ) ) ;
#7756 = ORIENTED_EDGE ( 'NONE', *, *, #8100, .T. ) ;
#7757 = VERTEX_POINT ( 'NONE', #8272 ) ;
#7758 = PLANE ( 'NONE',  #4042 ) ;
#7759 = LINE ( 'NONE', #1386, #253 ) ;
#7760 = ORIENTED_EDGE ( 'NONE', *, *, #758, .F. ) ;
#7761 = DIRECTION ( 'NONE',  ( 0.000000000000000000, 0.000000000000000000, -1.000000000000000000 ) ) ;
#7762 = FACE_OUTER_BOUND ( 'NONE', #8222, .T. ) ;
#7763 = EDGE_CURVE ( 'NONE', #241, #1269, #1180, .T. ) ;
#7764 = VERTEX_POINT ( 'NONE', #5722 ) ;
#7765 = ORIENTED_EDGE ( 'NONE', *, *, #2592, .F. ) ;
#7766 = CARTESIAN_POINT ( 'NONE',  ( -78.30364200201771041, 13.15429687499998934, 1.500000000000000444 ) ) ;
#7767 = ADVANCED_FACE ( 'NONE', ( #3060 ), #3187, .F. ) ;
#7768 = EDGE_LOOP ( 'NONE', ( #4535, #2070, #5099, #388 ) ) ;
#7769 = VERTEX_POINT ( 'NONE', #3024 ) ;
#7770 = LINE ( 'NONE', #7049, #4495 ) ;
#7771 = LINE ( 'NONE', #2699, #6176 ) ;
#7772 = ORIENTED_EDGE ( 'NONE', *, *, #5033, .T. ) ;
#7773 = ORIENTED_EDGE ( 'NONE', *, *, #4761, .F. ) ;
#7774 = DIRECTION ( 'NONE',  ( 0.000000000000000000, 0.000000000000000000, -1.000000000000000000 ) ) ;
#7775 = EDGE_CURVE ( 'NONE', #6794, #2947, #6399, .T. ) ;
#7776 = PLANE ( 'NONE',  #5485 ) ;
#7777 = CARTESIAN_POINT ( 'NONE',  ( -54.76788286210067724, 15.50448725967914143, 0.5000000000000004441 ) ) ;
#7778 = EDGE_CURVE ( 'NONE', #4589, #6366, #7553, .T. ) ;
#7779 = CARTESIAN_POINT ( 'NONE',  ( 45.85000000000000142, 13.90429687500000355, 6.000000000000001776 ) ) ;
#7780 = ORIENTED_EDGE ( 'NONE', *, *, #7946, .T. ) ;
#7781 = LINE ( 'NONE', #2000, #7954 ) ;
#7782 = ORIENTED_EDGE ( 'NONE', *, *, #2504, .T. ) ;
#7783 = EDGE_LOOP ( 'NONE', ( #6609, #4373, #3135, #5057, #6807 ) ) ;
#7784 = DIRECTION ( 'NONE',  ( -0.000000000000000000, 0.000000000000000000, 1.000000000000000000 ) ) ;
#7785 = EDGE_CURVE ( 'NONE', #1327, #2643, #505, .T. ) ;
#7786 = EDGE_CURVE ( 'NONE', #4776, #2358, #8, .T. ) ;
#7787 = ORIENTED_EDGE ( 'NONE', *, *, #3487, .T. ) ;
#7788 = CARTESIAN_POINT ( 'NONE',  ( 36.69635799798228248, 23.15429687500000000, 1.500000000000000444 ) ) ;
#7789 = CARTESIAN_POINT ( 'NONE',  ( 36.58211713789931707, 13.48641401289931174, 0.5000000000000004441 ) ) ;
#7790 = DIRECTION ( 'NONE',  ( 1.000000000000000000, -0.000000000000000000, -0.000000000000000000 ) ) ;
#7791 = DIRECTION ( 'NONE',  ( -0.000000000000000000, 0.000000000000000000, 1.000000000000000000 ) ) ;
#7792 = VECTOR ( 'NONE', #4905, 1000.000000000000000 ) ;
#7793 = DIRECTION ( 'NONE',  ( 0.000000000000000000, -1.000000000000000000, -1.608394988049553126E-16 ) ) ;
#7794 = DIRECTION ( 'NONE',  ( -0.000000000000000000, 0.000000000000000000, 1.000000000000000000 ) ) ;
#7795 = ORIENTED_EDGE ( 'NONE', *, *, #3074, .T. ) ;
#7796 = LINE ( 'NONE', #6646, #6995 ) ;
#7797 = EDGE_CURVE ( 'NONE', #810, #29, #5760, .T. ) ;
#7798 = EDGE_LOOP ( 'NONE', ( #1854, #1102, #2145, #8105 ) ) ;
#7799 = CARTESIAN_POINT ( 'NONE',  ( -89.50000000000001421, 13.40429687500000355, 0.5999999999999999778 ) ) ;
#7800 = PLANE ( 'NONE',  #4405 ) ;
#7801 = VECTOR ( 'NONE', #3455, 1000.000000000000000 ) ;
#7802 = CARTESIAN_POINT ( 'NONE',  ( -82.41788286210069714, 15.48641401289931174, 1.500000000000000444 ) ) ;
#7803 = DIRECTION ( 'NONE',  ( 0.000000000000000000, 0.000000000000000000, -1.000000000000000000 ) ) ;
#7804 = CARTESIAN_POINT ( 'NONE',  ( -7.017882862100671915, 15.50448725967914143, 0.5000000000000004441 ) ) ;
#7805 = VECTOR ( 'NONE', #3949, 1000.000000000000000 ) ;
#7806 = ORIENTED_EDGE ( 'NONE', *, *, #4930, .T. ) ;
#7807 = DIRECTION ( 'NONE',  ( 6.938893903907228378E-15, 1.000000000000000000, 0.000000000000000000 ) ) ;
#7808 = ORIENTED_EDGE ( 'NONE', *, *, #5849, .F. ) ;
#7809 = VECTOR ( 'NONE', #1642, 1000.000000000000000 ) ;
#7810 = VECTOR ( 'NONE', #3005, 1000.000000000000000 ) ;
#7811 = EDGE_CURVE ( 'NONE', #3023, #6682, #6916, .T. ) ;
#7812 = ORIENTED_EDGE ( 'NONE', *, *, #6967, .F. ) ;
#7813 = FACE_OUTER_BOUND ( 'NONE', #2002, .T. ) ;
#7814 = EDGE_CURVE ( 'NONE', #3771, #1701, #5636, .T. ) ;
#7815 = LINE ( 'NONE', #4508, #804 ) ;
#7816 = VECTOR ( 'NONE', #6559, 1000.000000000000000 ) ;
#7817 = EDGE_LOOP ( 'NONE', ( #7625, #7867, #2588, #3946, #6534, #932 ) ) ;
#7818 = VECTOR ( 'NONE', #1076, 1000.000000000000114 ) ;
#7819 = ORIENTED_EDGE ( 'NONE', *, *, #5596, .T. ) ;
#7820 = CARTESIAN_POINT ( 'NONE',  ( -78.41788286210068293, 13.48641401289931174, 1.500000000000000444 ) ) ;
#7821 = AXIS2_PLACEMENT_3D ( 'NONE', #5863, #4086, #2114 ) ;
#7822 = VECTOR ( 'NONE', #2063, 1000.000000000000000 ) ;
#7823 = CARTESIAN_POINT ( 'NONE',  ( -82.41788286210069714, 20.78641401289931778, 1.500000000000000444 ) ) ;
#7824 = EDGE_CURVE ( 'NONE', #5591, #8167, #764, .T. ) ;
#7825 = DIRECTION ( 'NONE',  ( 0.000000000000000000, -1.000000000000000000, 0.000000000000000000 ) ) ;
#7826 = EDGE_LOOP ( 'NONE', ( #4223, #1053, #7706, #6234 ) ) ;
#7827 = CARTESIAN_POINT ( 'NONE',  ( 31.93211713789931139, 20.78641401289931423, -2.999999999999999112 ) ) ;
#7828 = ORIENTED_EDGE ( 'NONE', *, *, #3454, .T. ) ;
#7829 = EDGE_LOOP ( 'NONE', ( #5595, #5397, #215, #3490 ) ) ;
#7830 = VECTOR ( 'NONE', #2386, 1000.000000000000000 ) ;
#7831 = CARTESIAN_POINT ( 'NONE',  ( 0.000000000000000000, 0.000000000000000000, 4.000000000000000000 ) ) ;
#7832 = DIRECTION ( 'NONE',  ( 0.000000000000000000, 0.7071067811865465735, -0.7071067811865483499 ) ) ;
#7833 = DIRECTION ( 'NONE',  ( 1.000000000000000000, 4.336808689941999001E-16, 0.000000000000000000 ) ) ;
#7834 = VECTOR ( 'NONE', #455, 1000.000000000000000 ) ;
#7835 = CARTESIAN_POINT ( 'NONE',  ( 9.582117137899304637, 15.48641401289931174, 0.5000000000000004441 ) ) ;
#7836 = DIRECTION ( 'NONE',  ( -0.7071067811865471286, 0.7071067811865479058, 0.000000000000000000 ) ) ;
#7837 = EDGE_CURVE ( 'NONE', #2590, #634, #802, .T. ) ;
#7838 = DIRECTION ( 'NONE',  ( 0.000000000000000000, -1.000000000000000000, 0.000000000000000000 ) ) ;
#7839 = FACE_OUTER_BOUND ( 'NONE', #349, .T. ) ;
#7840 = ORIENTED_EDGE ( 'NONE', *, *, #6075, .T. ) ;
#7841 = DIRECTION ( 'NONE',  ( -0.000000000000000000, -0.000000000000000000, 1.000000000000000000 ) ) ;
#7842 = VERTEX_POINT ( 'NONE', #3357 ) ;
#7843 = LINE ( 'NONE', #1424, #7974 ) ;
#7844 = FACE_OUTER_BOUND ( 'NONE', #4680, .T. ) ;
#7845 = EDGE_CURVE ( 'NONE', #5007, #5948, #5940, .T. ) ;
#7846 = CARTESIAN_POINT ( 'NONE',  ( 32.58211713789929576, 20.78641401289931778, 0.5000000000000004441 ) ) ;
#7847 = CARTESIAN_POINT ( 'NONE',  ( 46.25000000000000000, 24.48861145005077233, 5.600000000000002309 ) ) ;
#7848 = EDGE_CURVE ( 'NONE', #3395, #724, #5179, .T. ) ;
#7849 = CARTESIAN_POINT ( 'NONE',  ( -91.75000000000001421, 25.65429687500000355, 6.000000000000000000 ) ) ;
#7850 = ORIENTED_EDGE ( 'NONE', *, *, #5847, .F. ) ;
#7851 = ORIENTED_EDGE ( 'NONE', *, *, #7432, .T. ) ;
#7852 = DIRECTION ( 'NONE',  ( 0.000000000000000000, 0.000000000000000000, -1.000000000000000000 ) ) ;
#7853 = ORIENTED_EDGE ( 'NONE', *, *, #7848, .T. ) ;
#7854 = ORIENTED_EDGE ( 'NONE', *, *, #4315, .F. ) ;
#7855 = ADVANCED_FACE ( 'NONE', ( #6443 ), #5809, .F. ) ;
#7856 = CARTESIAN_POINT ( 'NONE',  ( -6.999999999999980460, 15.45793887701772285, 1.500000000000000444 ) ) ;
#7857 = PLANE ( 'NONE',  #4283 ) ;
#7858 = VERTEX_POINT ( 'NONE', #2730 ) ;
#7859 = EDGE_LOOP ( 'NONE', ( #8183, #6103, #5117, #1919, #4161 ) ) ;
#7860 = LINE ( 'NONE', #61, #6469 ) ;
#7861 = VECTOR ( 'NONE', #915, 1000.000000000000000 ) ;
#7862 = PLANE ( 'NONE',  #3678 ) ;
#7863 = CARTESIAN_POINT ( 'NONE',  ( -60.06788286210068151, 20.80448725967914925, 0.5000000000000004441 ) ) ;
#7864 = ORIENTED_EDGE ( 'NONE', *, *, #7991, .T. ) ;
#7865 = ADVANCED_FACE ( 'NONE', ( #3314 ), #3915, .F. ) ;
#7866 = CARTESIAN_POINT ( 'NONE',  ( 0.000000000000000000, 0.000000000000000000, 0.5000000000000004441 ) ) ;
#7867 = ORIENTED_EDGE ( 'NONE', *, *, #2162, .T. ) ;
#7868 = VERTEX_POINT ( 'NONE', #174 ) ;
#7869 = LINE ( 'NONE', #6512, #6028 ) ;
#7870 = LINE ( 'NONE', #7788, #134 ) ;
#7871 = EDGE_CURVE ( 'NONE', #8102, #5506, #2067, .T. ) ;
#7872 = LINE ( 'NONE', #7278, #7653 ) ;
#7873 = CARTESIAN_POINT ( 'NONE',  ( 3.617012049765255164E-17, 20.85065487298227183, 4.000000000000000000 ) ) ;
#7874 = LINE ( 'NONE', #831, #2751 ) ;
#7875 = VECTOR ( 'NONE', #3390, 1000.000000000000000 ) ;
#7876 = LINE ( 'NONE', #2010, #3219 ) ;
#7877 = LINE ( 'NONE', #2756, #7407 ) ;
#7878 = ORIENTED_EDGE ( 'NONE', *, *, #5753, .T. ) ;
#7879 =( BOUNDED_CURVE ( )  B_SPLINE_CURVE ( 3, ( #2903, #7001, #7090, #2485 ),
 .UNSPECIFIED., .F., .F. ) 
 B_SPLINE_CURVE_WITH_KNOTS ( ( 4, 4 ),
 ( 0.000000000000000000, 1.570796326794896558 ),
 .UNSPECIFIED. ) 
 CURVE ( )  GEOMETRIC_REPRESENTATION_ITEM ( )  RATIONAL_B_SPLINE_CURVE ( ( 1.000000000000000000, 0.8047378541243649375, 0.8047378541243649375, 1.000000000000000000 ) ) 
 REPRESENTATION_ITEM ( '' )  );
#7880 = DIRECTION ( 'NONE',  ( -0.7071067811865479058, 0.7071067811865471286, 0.000000000000000000 ) ) ;
#7881 = ORIENTED_EDGE ( 'NONE', *, *, #6261, .T. ) ;
#7882 = VECTOR ( 'NONE', #2241, 1000.000000000000000 ) ;
#7883 = DIRECTION ( 'NONE',  ( -0.000000000000000000, -0.000000000000000000, 1.000000000000000000 ) ) ;
#7884 = EDGE_CURVE ( 'NONE', #884, #3575, #5266, .T. ) ;
#7885 = VECTOR ( 'NONE', #356, 1000.000000000000000 ) ;
#7886 = CARTESIAN_POINT ( 'NONE',  ( 8.932117137899320269, 15.48641401289931174, -2.999999999999999112 ) ) ;
#7887 = LINE ( 'NONE', #1427, #7861 ) ;
#7888 = CARTESIAN_POINT ( 'NONE',  ( 9.582117137899304637, 13.48641401289930997, 1.500000000000000444 ) ) ;
#7889 = EDGE_CURVE ( 'NONE', #7023, #6863, #212, .T. ) ;
#7890 = ORIENTED_EDGE ( 'NONE', *, *, #4922, .F. ) ;
#7891 = DIRECTION ( 'NONE',  ( -0.7071067811865479058, -0.7071067811865471286, 0.000000000000000000 ) ) ;
#7892 = EDGE_CURVE ( 'NONE', #7287, #3048, #4624, .T. ) ;
#7893 = ORIENTED_EDGE ( 'NONE', *, *, #3954, .T. ) ;
#7894 = CARTESIAN_POINT ( 'NONE',  ( -7.017882862100671915, 15.50448725967914143, 1.500000000000000444 ) ) ;
#7895 = LINE ( 'NONE', #5228, #2808 ) ;
#7896 = ORIENTED_EDGE ( 'NONE', *, *, #5544, .T. ) ;
#7897 = EDGE_LOOP ( 'NONE', ( #4630, #5340, #5737, #5178 ) ) ;
#7898 = LINE ( 'NONE', #3286, #1361 ) ;
#7899 = ADVANCED_FACE ( 'NONE', ( #4661 ), #3234, .F. ) ;
#7900 = ORIENTED_EDGE ( 'NONE', *, *, #3089, .T. ) ;
#7901 = DIRECTION ( 'NONE',  ( -0.000000000000000000, -1.000000000000000000, -0.000000000000000000 ) ) ;
#7902 = DIRECTION ( 'NONE',  ( 0.000000000000000000, -0.000000000000000000, -1.000000000000000000 ) ) ;
#7903 = ORIENTED_EDGE ( 'NONE', *, *, #7127, .T. ) ;
#7904 = FACE_OUTER_BOUND ( 'NONE', #7817, .T. ) ;
#7905 = VERTEX_POINT ( 'NONE', #2106 ) ;
#7906 = VERTEX_POINT ( 'NONE', #1470 ) ;
#7907 = CARTESIAN_POINT ( 'NONE',  ( -89.25000000000001421, 23.15429687500000355, 0.3499999999999999223 ) ) ;
#7908 = DIRECTION ( 'NONE',  ( -0.7071067811865338060, -0.5000000000000104361, -0.5000000000000091038 ) ) ;
#7909 = EDGE_CURVE ( 'NONE', #4207, #7182, #4035, .T. ) ;
#7910 = LINE ( 'NONE', #1499, #5479 ) ;
#7911 = FACE_OUTER_BOUND ( 'NONE', #6357, .T. ) ;
#7912 = CARTESIAN_POINT ( 'NONE',  ( 32.52152486411835497, 23.17217973710070567, 1.500000000000000444 ) ) ;
#7913 = EDGE_CURVE ( 'NONE', #4480, #2358, #1394, .T. ) ;
#7914 = CARTESIAN_POINT ( 'NONE',  ( 46.25000000000000000, 25.25429687500000497, 6.000000000000000000 ) ) ;
#7915 = LINE ( 'NONE', #3464, #5373 ) ;
#7916 = ORIENTED_EDGE ( 'NONE', *, *, #1822, .F. ) ;
#7917 = FACE_OUTER_BOUND ( 'NONE', #4388, .T. ) ;
#7918 = ORIENTED_EDGE ( 'NONE', *, *, #6196, .F. ) ;
#7919 = DIRECTION ( 'NONE',  ( 0.000000000000000000, -1.000000000000000000, 0.000000000000000000 ) ) ;
#7920 = AXIS2_PLACEMENT_3D ( 'NONE', #1868, #7698, #26 ) ;
#7921 = CARTESIAN_POINT ( 'NONE',  ( 39.25000000000000000, 22.40429687500000355, 1.000000000000000000 ) ) ;
#7922 = CARTESIAN_POINT ( 'NONE',  ( -84.75000000000001421, 20.80448725967914925, 1.000000000000000000 ) ) ;
#7923 =( BOUNDED_CURVE ( )  B_SPLINE_CURVE ( 3, ( #7401, #7996, #4769, #8079 ),
 .UNSPECIFIED., .F., .F. ) 
 B_SPLINE_CURVE_WITH_KNOTS ( ( 4, 4 ),
 ( 1.570796326794896558, 3.141592653589793116 ),
 .UNSPECIFIED. ) 
 CURVE ( )  GEOMETRIC_REPRESENTATION_ITEM ( )  RATIONAL_B_SPLINE_CURVE ( ( 1.000000000000000000, 0.8047378541243649375, 0.8047378541243649375, 1.000000000000000000 ) ) 
 REPRESENTATION_ITEM ( '' )  );
#7924 = ADVANCED_FACE ( 'NONE', ( #7131 ), #51, .F. ) ;
#7925 = CARTESIAN_POINT ( 'NONE',  ( -91.34999999999999432, 11.05429687500000036, 0.000000000000000000 ) ) ;
#7926 = VECTOR ( 'NONE', #6380, 1000.000000000000000 ) ;
#7927 = ORIENTED_EDGE ( 'NONE', *, *, #8018, .T. ) ;
#7928 = CARTESIAN_POINT ( 'NONE',  ( 32.58211713789929576, 15.48641401289931174, 0.5000000000000004441 ) ) ;
#7929 = LINE ( 'NONE', #7734, #4008 ) ;
#7930 = VERTEX_POINT ( 'NONE', #2027 ) ;
#7931 = AXIS2_PLACEMENT_3D ( 'NONE', #517, #4976, #8328 ) ;
#7932 = ADVANCED_FACE ( 'NONE', ( #1984 ), #1354, .F. ) ;
#7933 = DIRECTION ( 'NONE',  ( 1.000000000000000000, 0.000000000000000000, 0.000000000000000000 ) ) ;
#7934 = EDGE_CURVE ( 'NONE', #7477, #504, #4590, .T. ) ;
#7935 = EDGE_CURVE ( 'NONE', #1774, #5468, #2932, .T. ) ;
#7936 = CARTESIAN_POINT ( 'NONE',  ( -77.76788286210067724, 15.50448725967914143, 0.5000000000000004441 ) ) ;
#7937 = VERTEX_POINT ( 'NONE', #2268 ) ;
#7938 = ORIENTED_EDGE ( 'NONE', *, *, #1205, .F. ) ;
#7939 = DIRECTION ( 'NONE',  ( -0.000000000000000000, -0.000000000000000000, 1.000000000000000000 ) ) ;
#7940 = VECTOR ( 'NONE', #6631, 1000.000000000000000 ) ;
#7941 = ORIENTED_EDGE ( 'NONE', *, *, #5459, .T. ) ;
#7942 = VECTOR ( 'NONE', #490, 1000.000000000000000 ) ;
#7943 = ORIENTED_EDGE ( 'NONE', *, *, #6539, .T. ) ;
#7944 = CARTESIAN_POINT ( 'NONE',  ( -8.767882862100673691, 15.50448725967914143, 0.5000000000000004441 ) ) ;
#7945 = VECTOR ( 'NONE', #7050, 1000.000000000000000 ) ;
#7946 = EDGE_CURVE ( 'NONE', #3425, #7504, #4232, .T. ) ;
#7947 = VECTOR ( 'NONE', #7565, 1000.000000000000000 ) ;
#7948 = DIRECTION ( 'NONE',  ( -0.000000000000000000, -0.000000000000000000, 1.000000000000000000 ) ) ;
#7949 = ORIENTED_EDGE ( 'NONE', *, *, #4089, .T. ) ;
#7950 = LINE ( 'NONE', #2664, #3351 ) ;
#7951 = ORIENTED_EDGE ( 'NONE', *, *, #1472, .F. ) ;
#7952 = DIRECTION ( 'NONE',  ( 0.000000000000000000, -0.000000000000000000, 1.000000000000000000 ) ) ;
#7953 = LINE ( 'NONE', #5199, #799 ) ;
#7954 = VECTOR ( 'NONE', #3715, 1000.000000000000000 ) ;
#7955 = AXIS2_PLACEMENT_3D ( 'NONE', #5249, #6043, #3981 ) ;
#7956 = CARTESIAN_POINT ( 'NONE',  ( -78.41788286210069714, 22.78641401289931778, 0.5000000000000004441 ) ) ;
#7957 = PLANE ( 'NONE',  #1676 ) ;
#7958 = CARTESIAN_POINT ( 'NONE',  ( -78.41788286210066872, 15.48641401289931174, 0.5000000000000004441 ) ) ;
#7959 = EDGE_CURVE ( 'NONE', #5897, #6070, #5461, .T. ) ;
#7960 = AXIS2_PLACEMENT_3D ( 'NONE', #3444, #6583, #7303 ) ;
#7961 = LINE ( 'NONE', #788, #5775 ) ;
#7962 = VECTOR ( 'NONE', #1489, 1000.000000000000000 ) ;
#7963 = LINE ( 'NONE', #4734, #403 ) ;
#7964 = ORIENTED_EDGE ( 'NONE', *, *, #2705, .T. ) ;
#7965 = PLANE ( 'NONE',  #938 ) ;
#7966 = ADVANCED_FACE ( 'NONE', ( #1004 ), #2851, .F. ) ;
#7967 = VERTEX_POINT ( 'NONE', #1042 ) ;
#7968 = CARTESIAN_POINT ( 'NONE',  ( 9.582117137899304637, 13.48641401289930997, 0.5000000000000004441 ) ) ;
#7969 = EDGE_CURVE ( 'NONE', #4124, #3774, #4829, .T. ) ;
#7970 = VECTOR ( 'NONE', #2975, 1000.000000000000000 ) ;
#7971 = CARTESIAN_POINT ( 'NONE',  ( -61.80000000000006111, 20.85065487298227183, 4.000000000000000000 ) ) ;
#7972 = PLANE ( 'NONE',  #5685 ) ;
#7973 = CARTESIAN_POINT ( 'NONE',  ( 29.58211713789928154, 16.07582173911837486, 1.500000000000000444 ) ) ;
#7974 = VECTOR ( 'NONE', #2057, 1000.000000000000000 ) ;
#7975 = ORIENTED_EDGE ( 'NONE', *, *, #230, .F. ) ;
#7976 = CARTESIAN_POINT ( 'NONE',  ( -0.000000000000000000, 15.48641401289931174, 0.000000000000000000 ) ) ;
#7977 = CARTESIAN_POINT ( 'NONE',  ( -32.32152486411839476, 13.13641401289931210, 1.500000000000000444 ) ) ;
#7978 = ORIENTED_EDGE ( 'NONE', *, *, #4698, .F. ) ;
#7979 = DIRECTION ( 'NONE',  ( -0.000000000000000000, 0.000000000000000000, -1.000000000000000000 ) ) ;
#7980 = CARTESIAN_POINT ( 'NONE',  ( -39.41788286210071135, 16.07582173911837486, 2.499999999999999112 ) ) ;
#7981 = EDGE_LOOP ( 'NONE', ( #6852, #4432, #8002, #6262, #3268, #4887, #259, #1033, #5765, #2450, #698, #1365 ) ) ;
#7982 = ORIENTED_EDGE ( 'NONE', *, *, #6116, .F. ) ;
#7983 = LINE ( 'NONE', #1562, #4435 ) ;
#7984 = EDGE_LOOP ( 'NONE', ( #6581, #690, #4489, #1556 ) ) ;
#7985 = EDGE_CURVE ( 'NONE', #6632, #2590, #6778, .T. ) ;
#7986 = ORIENTED_EDGE ( 'NONE', *, *, #2078, .F. ) ;
#7987 = CARTESIAN_POINT ( 'NONE',  ( 46.25000000000000000, 13.90429687500000355, 1.000000000000000000 ) ) ;
#7988 = DIRECTION ( 'NONE',  ( 1.000000000000000000, 0.000000000000000000, -0.000000000000000000 ) ) ;
#7989 = ORIENTED_EDGE ( 'NONE', *, *, #885, .T. ) ;
#7990 = DIRECTION ( 'NONE',  ( -1.000000000000000000, 0.000000000000000000, 0.000000000000000000 ) ) ;
#7991 = EDGE_CURVE ( 'NONE', #4026, #2569, #7461, .T. ) ;
#7992 = ORIENTED_EDGE ( 'NONE', *, *, #8188, .F. ) ;
#7993 = FACE_OUTER_BOUND ( 'NONE', #6127, .T. ) ;
#7994 = CARTESIAN_POINT ( 'NONE',  ( -84.81788286210067440, 15.48641401289931174, 1.000000000000000000 ) ) ;
#7995 = EDGE_CURVE ( 'NONE', #5629, #29, #6820, .T. ) ;
#7996 = CARTESIAN_POINT ( 'NONE',  ( -89.64644660940673759, 13.25785026559327662, 0.5999999999999998668 ) ) ;
#7997 = CARTESIAN_POINT ( 'NONE',  ( -13.41788286210068826, 13.48641401289930997, 0.5000000000000004441 ) ) ;
#7998 = FACE_OUTER_BOUND ( 'NONE', #6069, .T. ) ;
#7999 = VECTOR ( 'NONE', #760, 1000.000000000000000 ) ;
#8000 = LINE ( 'NONE', #6721, #816 ) ;
#8001 = LINE ( 'NONE', #117, #6052 ) ;
#8002 = ORIENTED_EDGE ( 'NONE', *, *, #5276, .T. ) ;
#8003 = FACE_OUTER_BOUND ( 'NONE', #1270, .T. ) ;
#8004 = ORIENTED_EDGE ( 'NONE', *, *, #4361, .F. ) ;
#8005 = FACE_OUTER_BOUND ( 'NONE', #3535, .T. ) ;
#8006 = EDGE_CURVE ( 'NONE', #7906, #402, #2806, .T. ) ;
#8007 = CARTESIAN_POINT ( 'NONE',  ( -13.41788286210068826, 15.48641401289931174, 0.5000000000000004441 ) ) ;
#8008 = VECTOR ( 'NONE', #4865, 1000.000000000000000 ) ;
#8009 = CARTESIAN_POINT ( 'NONE',  ( 8.932117137899320269, 15.48641401289931174, 0.5000000000000004441 ) ) ;
#8010 = CARTESIAN_POINT ( 'NONE',  ( -14.06788286210067263, 20.78641401289931423, 0.000000000000000000 ) ) ;
#8011 = CARTESIAN_POINT ( 'NONE',  ( 36.67847513588156971, 23.17217973710070567, 6.000000000000000000 ) ) ;
#8012 = AXIS2_PLACEMENT_3D ( 'NONE', #8162, #5106, #3117 ) ;
#8013 = ORIENTED_EDGE ( 'NONE', *, *, #5275, .F. ) ;
#8014 = CARTESIAN_POINT ( 'NONE',  ( -62.41788286210071135, 20.23277201088163224, 1.500000000000000444 ) ) ;
#8015 = DIRECTION ( 'NONE',  ( 0.7071067811865483499, -0.7071067811865466846, 0.000000000000000000 ) ) ;
#8016 = VECTOR ( 'NONE', #949, 1000.000000000000000 ) ;
#8017 = ORIENTED_EDGE ( 'NONE', *, *, #3792, .T. ) ;
#8018 = EDGE_CURVE ( 'NONE', #631, #4235, #372, .T. ) ;
#8019 = FACE_OUTER_BOUND ( 'NONE', #1199, .T. ) ;
#8020 = VECTOR ( 'NONE', #6659, 1000.000000000000000 ) ;
#8021 = DATE_AND_TIME ( #4790, #296 ) ;
#8022 = DIRECTION ( 'NONE',  ( -0.000000000000000000, -1.000000000000000000, -0.000000000000000000 ) ) ;
#8023 = ORIENTED_EDGE ( 'NONE', *, *, #5704, .F. ) ;
#8024 = ORIENTED_EDGE ( 'NONE', *, *, #2127, .F. ) ;
#8025 = LINE ( 'NONE', #3608, #2691 ) ;
#8026 = VECTOR ( 'NONE', #3216, 1000.000000000000000 ) ;
#8027 = ORIENTED_EDGE ( 'NONE', *, *, #6771, .F. ) ;
#8028 = ORIENTED_EDGE ( 'NONE', *, *, #1289, .F. ) ;
#8029 = DIRECTION ( 'NONE',  ( -0.7071067811865466846, -0.7071067811865483499, 0.000000000000000000 ) ) ;
#8030 = EDGE_CURVE ( 'NONE', #2377, #6136, #6181, .T. ) ;
#8031 = DIRECTION ( 'NONE',  ( 0.000000000000000000, -0.000000000000000000, 1.000000000000000000 ) ) ;
#8032 = EDGE_LOOP ( 'NONE', ( #1221, #1410, #4919, #7507, #3109, #3239, #1845, #445 ) ) ;
#8033 = FACE_OUTER_BOUND ( 'NONE', #5015, .T. ) ;
#8034 = ORIENTED_EDGE ( 'NONE', *, *, #3065, .F. ) ;
#8035 = LINE ( 'NONE', #7440, #2659 ) ;
#8036 = LINE ( 'NONE', #3579, #6861 ) ;
#8037 = DIRECTION ( 'NONE',  ( -1.000000000000000000, -0.000000000000000000, -0.000000000000000000 ) ) ;
#8038 = DIRECTION ( 'NONE',  ( 0.000000000000000000, -1.000000000000000000, 0.000000000000000000 ) ) ;
#8039 = DIRECTION ( 'NONE',  ( -0.000000000000000000, -0.000000000000000000, 1.000000000000000000 ) ) ;
#8040 = DIRECTION ( 'NONE',  ( -0.7071067811865479058, -0.7071067811865471286, 0.000000000000000000 ) ) ;
#8041 = EDGE_CURVE ( 'NONE', #263, #3481, #6738, .T. ) ;
#8042 = EDGE_CURVE ( 'NONE', #4617, #2462, #7420, .T. ) ;
#8043 = LINE ( 'NONE', #8083, #140 ) ;
#8044 = EDGE_LOOP ( 'NONE', ( #6536, #180, #4960, #613, #7552 ) ) ;
#8045 = PLANE ( 'NONE',  #5639 ) ;
#8046 = ORIENTED_EDGE ( 'NONE', *, *, #1835, .T. ) ;
#8047 = DIRECTION ( 'NONE',  ( 1.000000000000000000, 1.259073490628327444E-16, -0.000000000000000000 ) ) ;
#8048 = CARTESIAN_POINT ( 'NONE',  ( -84.75000000000001421, 13.15429687499998934, 4.000000000000000000 ) ) ;
#8049 = FACE_OUTER_BOUND ( 'NONE', #5511, .T. ) ;
#8050 = DIRECTION ( 'NONE',  ( 0.000000000000000000, -0.000000000000000000, -1.000000000000000000 ) ) ;
#8051 = DIRECTION ( 'NONE',  ( 0.000000000000000000, 1.000000000000000000, 0.000000000000000000 ) ) ;
#8052 = EDGE_CURVE ( 'NONE', #7556, #5196, #7296, .T. ) ;
#8053 = ORIENTED_EDGE ( 'NONE', *, *, #4234, .F. ) ;
#8054 = LINE ( 'NONE', #7976, #154 ) ;
#8055 = DIRECTION ( 'NONE',  ( 0.000000000000000000, -0.000000000000000000, 1.000000000000000000 ) ) ;
#8056 = VECTOR ( 'NONE', #8130, 1000.000000000000000 ) ;
#8057 = ORIENTED_EDGE ( 'NONE', *, *, #1442, .T. ) ;
#8058 = DIRECTION ( 'NONE',  ( -0.000000000000000000, -0.000000000000000000, 1.000000000000000000 ) ) ;
#8059 = VECTOR ( 'NONE', #7746, 1000.000000000000000 ) ;
#8060 = DIRECTION ( 'NONE',  ( -1.000000000000000000, 0.000000000000000000, -0.000000000000000000 ) ) ;
#8061 = ORIENTED_EDGE ( 'NONE', *, *, #3876, .F. ) ;
#8062 = ORIENTED_EDGE ( 'NONE', *, *, #1177, .T. ) ;
#8063 = CARTESIAN_POINT ( 'NONE',  ( -75.38211713789932844, 20.23277201088161803, 2.500000000000000000 ) ) ;
#8064 = ORIENTED_EDGE ( 'NONE', *, *, #5140, .F. ) ;
#8065 = EDGE_CURVE ( 'NONE', #806, #8276, #8054, .T. ) ;
#8066 = VECTOR ( 'NONE', #2642, 1000.000000000000000 ) ;
#8067 = EDGE_CURVE ( 'NONE', #2121, #2940, #4076, .T. ) ;
#8068 = VERTEX_POINT ( 'NONE', #1638 ) ;
#8069 = PLANE ( 'NONE',  #7551 ) ;
#8070 = ORIENTED_EDGE ( 'NONE', *, *, #3892, .F. ) ;
#8071 = VECTOR ( 'NONE', #3637, 1000.000000000000000 ) ;
#8072 = CARTESIAN_POINT ( 'NONE',  ( -36.41788286210069714, 15.48641401289931174, 0.5000000000000004441 ) ) ;
#8073 = ORIENTED_EDGE ( 'NONE', *, *, #158, .F. ) ;
#8074 = CARTESIAN_POINT ( 'NONE',  ( 14.23211713789931920, 20.78641401289931778, -2.999999999999999112 ) ) ;
#8075 = CARTESIAN_POINT ( 'NONE',  ( -9.321524864118385878, 13.13641401289931210, 1.500000000000000444 ) ) ;
#8076 = ADVANCED_FACE ( 'NONE', ( #4746 ), #3435, .F. ) ;
#8077 = VECTOR ( 'NONE', #2013, 1000.000000000000000 ) ;
#8078 = AXIS2_PLACEMENT_3D ( 'NONE', #7126, #5852, #591 ) ;
#8079 = CARTESIAN_POINT ( 'NONE',  ( -89.75000000000001421, 13.15429687500000355, 0.3499999999999999223 ) ) ;
#8080 = CARTESIAN_POINT ( 'NONE',  ( -82.41788286210069714, 15.48641401289931174, 0.5000000000000004441 ) ) ;
#8081 = LINE ( 'NONE', #8164, #2253 ) ;
#8082 = LINE ( 'NONE', #6847, #2403 ) ;
#8083 = CARTESIAN_POINT ( 'NONE',  ( -91.48333333333333428, 10.78763020833334529, 0.2666666666666465124 ) ) ;
#8084 = ORIENTED_EDGE ( 'NONE', *, *, #575, .F. ) ;
#8085 = VECTOR ( 'NONE', #4642, 1000.000000000000114 ) ;
#8086 = CARTESIAN_POINT ( 'NONE',  ( -59.49635799798235780, 23.15429687499998579, 4.000000000000000000 ) ) ;
#8087 = VECTOR ( 'NONE', #8133, 1000.000000000000000 ) ;
#8088 = ORIENTED_EDGE ( 'NONE', *, *, #3074, .F. ) ;
#8089 = LINE ( 'NONE', #958, #1468 ) ;
#8090 = DIRECTION ( 'NONE',  ( -0.000000000000000000, -1.000000000000000000, -0.000000000000000000 ) ) ;
#8091 = AXIS2_PLACEMENT_3D ( 'NONE', #8107, #4282, #4880 ) ;
#8092 = DIRECTION ( 'NONE',  ( -0.000000000000000000, -0.000000000000000000, 1.000000000000000000 ) ) ;
#8093 = DIRECTION ( 'NONE',  ( 0.000000000000000000, -1.000000000000000000, 0.000000000000000000 ) ) ;
#8094 = VECTOR ( 'NONE', #1828, 1000.000000000000000 ) ;
#8095 = LINE ( 'NONE', #2309, #3616 ) ;
#8096 = ORIENTED_EDGE ( 'NONE', *, *, #1359, .T. ) ;
#8097 = DIRECTION ( 'NONE',  ( 0.000000000000000000, 1.000000000000000000, 0.000000000000000000 ) ) ;
#8098 = CARTESIAN_POINT ( 'NONE',  ( -89.25000000000001421, 23.15429687500000355, 0.3499999999999999223 ) ) ;
#8099 = AXIS2_PLACEMENT_3D ( 'NONE', #3685, #5038, #4272 ) ;
#8100 = EDGE_CURVE ( 'NONE', #2036, #7130, #920, .T. ) ;
#8101 = EDGE_CURVE ( 'NONE', #6070, #5784, #4197, .T. ) ;
#8102 = VERTEX_POINT ( 'NONE', #6948 ) ;
#8103 = CARTESIAN_POINT ( 'NONE',  ( -91.75000000000001421, 25.25429687499997655, 6.000000000000000000 ) ) ;
#8104 = LINE ( 'NONE', #4713, #5368 ) ;
#8105 = ORIENTED_EDGE ( 'NONE', *, *, #8101, .F. ) ;
#8106 = VERTEX_POINT ( 'NONE', #4950 ) ;
#8107 = CARTESIAN_POINT ( 'NONE',  ( 8.932117137899320269, 15.48641401289931174, 0.5000000000000004441 ) ) ;
#8108 = VERTEX_POINT ( 'NONE', #7626 ) ;
#8109 = EDGE_CURVE ( 'NONE', #3658, #5371, #4357, .T. ) ;
#8110 = ORIENTED_EDGE ( 'NONE', *, *, #4628, .F. ) ;
#8111 = PLANE ( 'NONE',  #687 ) ;
#8112 = VERTEX_POINT ( 'NONE', #7036 ) ;
#8113 = ORIENTED_EDGE ( 'NONE', *, *, #4988, .T. ) ;
#8114 = PLANE ( 'NONE',  #2292 ) ;
#8115 = ORIENTED_EDGE ( 'NONE', *, *, #8067, .T. ) ;
#8116 = LINE ( 'NONE', #6888, #522 ) ;
#8117 = DIRECTION ( 'NONE',  ( 0.7071067811865466846, 0.7071067811865483499, 0.000000000000000000 ) ) ;
#8118 = LINE ( 'NONE', #6082, #2354 ) ;
#8119 = FACE_OUTER_BOUND ( 'NONE', #2239, .T. ) ;
#8120 = FACE_OUTER_BOUND ( 'NONE', #5308, .T. ) ;
#8121 = ADVANCED_FACE ( 'NONE', ( #4398 ), #1088, .T. ) ;
#8122 = DIRECTION ( 'NONE',  ( -0.7071067811865479058, 0.7071067811865471286, 0.000000000000000000 ) ) ;
#8123 = DIRECTION ( 'NONE',  ( -1.000000000000000000, -6.546126324440782623E-16, -0.000000000000000000 ) ) ;
#8124 = EDGE_LOOP ( 'NONE', ( #5560, #4882, #4461, #7154 ) ) ;
#8125 = EDGE_CURVE ( 'NONE', #4644, #6236, #1761, .T. ) ;
#8126 = DIRECTION ( 'NONE',  ( 0.000000000000000000, 0.000000000000000000, 1.000000000000000000 ) ) ;
#8127 = VERTEX_POINT ( 'NONE', #1170 ) ;
#8128 = DIRECTION ( 'NONE',  ( 0.000000000000000000, -0.000000000000000000, 1.000000000000000000 ) ) ;
#8129 = AXIS2_PLACEMENT_3D ( 'NONE', #6218, #6815, #452 ) ;
#8130 = DIRECTION ( 'NONE',  ( 0.000000000000000000, -1.000000000000000000, 0.000000000000000000 ) ) ;
#8131 = CARTESIAN_POINT ( 'NONE',  ( -16.41788286210070424, 16.07582173911837486, 1.500000000000000444 ) ) ;
#8132 = CARTESIAN_POINT ( 'NONE',  ( -59.47847513588165214, 13.13641401289931210, 1.500000000000000444 ) ) ;
#8133 = DIRECTION ( 'NONE',  ( 0.000000000000000000, 1.000000000000000000, 0.000000000000000000 ) ) ;
#8134 = EDGE_CURVE ( 'NONE', #8167, #2289, #6304, .T. ) ;
#8135 = ORIENTED_EDGE ( 'NONE', *, *, #2172, .T. ) ;
#8136 = DIRECTION ( 'NONE',  ( 0.000000000000000000, -1.000000000000000000, 0.000000000000000000 ) ) ;
#8137 = DIRECTION ( 'NONE',  ( -6.938893903907222067E-15, 1.000000000000000000, 0.000000000000000000 ) ) ;
#8138 = AXIS2_PLACEMENT_3D ( 'NONE', #5793, #6985, #7114 ) ;
#8139 = VERTEX_POINT ( 'NONE', #2435 ) ;
#8140 = AXIS2_PLACEMENT_3D ( 'NONE', #607, #5734, #5654 ) ;
#8141 = EDGE_CURVE ( 'NONE', #7132, #4407, #1128, .T. ) ;
#8142 = LINE ( 'NONE', #4914, #3416 ) ;
#8143 = DIRECTION ( 'NONE',  ( 0.7071067811865466846, 0.7071067811865483499, 0.000000000000000000 ) ) ;
#8144 = VECTOR ( 'NONE', #234, 1000.000000000000000 ) ;
#8145 = EDGE_CURVE ( 'NONE', #7726, #7066, #6864, .T. ) ;
#8146 = ORIENTED_EDGE ( 'NONE', *, *, #3350, .T. ) ;
#8147 = EDGE_CURVE ( 'NONE', #2939, #4845, #3813, .T. ) ;
#8148 = ORIENTED_EDGE ( 'NONE', *, *, #5019, .F. ) ;
#8149 = PLANE ( 'NONE',  #1218 ) ;
#8150 = ORIENTED_EDGE ( 'NONE', *, *, #7220, .T. ) ;
#8151 = VECTOR ( 'NONE', #8181, 1000.000000000000000 ) ;
#8152 = ORIENTED_EDGE ( 'NONE', *, *, #3126, .F. ) ;
#8153 = AXIS2_PLACEMENT_3D ( 'NONE', #7712, #1295, #4994 ) ;
#8154 = CARTESIAN_POINT ( 'NONE',  ( 14.23211713789931920, 15.50448725967914143, 1.500000000000000444 ) ) ;
#8155 = ADVANCED_FACE ( 'NONE', ( #3645 ), #6221, .F. ) ;
#8156 = VERTEX_POINT ( 'NONE', #8176 ) ;
#8157 = ORIENTED_EDGE ( 'NONE', *, *, #584, .F. ) ;
#8158 = PLANE ( 'NONE',  #3760 ) ;
#8159 = ORIENTED_EDGE ( 'NONE', *, *, #670, .F. ) ;
#8160 = CARTESIAN_POINT ( 'NONE',  ( 36.58211713789933128, 15.48641401289931174, 0.5000000000000004441 ) ) ;
#8161 = LINE ( 'NONE', #4929, #2144 ) ;
#8162 = CARTESIAN_POINT ( 'NONE',  ( -31.76788286210068080, 20.78641401289931778, -2.999999999999999112 ) ) ;
#8163 = DIRECTION ( 'NONE',  ( -0.000000000000000000, 1.000000000000000000, 0.000000000000000000 ) ) ;
#8164 = CARTESIAN_POINT ( 'NONE',  ( 9.521524864118363851, 23.17217973710070567, 1.500000000000000444 ) ) ;
#8165 = CARTESIAN_POINT ( 'NONE',  ( 39.25000000000000000, 23.15429687500000000, 6.000000000000000000 ) ) ;
#8166 = DIRECTION ( 'NONE',  ( 0.000000000000000000, -1.000000000000000000, 0.000000000000000000 ) ) ;
#8167 = VERTEX_POINT ( 'NONE', #6349 ) ;
#8168 = DIRECTION ( 'NONE',  ( -0.7071067811865471286, 0.7071067811865479058, 0.000000000000000000 ) ) ;
#8169 = EDGE_LOOP ( 'NONE', ( #4605, #1962, #4670, #6327 ) ) ;
#8170 = DIRECTION ( 'NONE',  ( 1.000000000000000000, 1.259073490628327444E-16, -0.000000000000000000 ) ) ;
#8171 = LINE ( 'NONE', #2306, #1850 ) ;
#8172 = PLANE ( 'NONE',  #7330 ) ;
#8173 = CARTESIAN_POINT ( 'NONE',  ( -89.25000000000001421, 13.15429687500000355, 0.3499999999999999223 ) ) ;
#8174 = FACE_OUTER_BOUND ( 'NONE', #514, .T. ) ;
#8175 = VERTEX_POINT ( 'NONE', #5671 ) ;
#8176 = CARTESIAN_POINT ( 'NONE',  ( -55.32152486411841608, 23.17217973710070567, 6.000000000000000000 ) ) ;
#8177 = CARTESIAN_POINT ( 'NONE',  ( 32.50364200201764930, 13.15429687500000355, 6.000000000000000000 ) ) ;
#8178 = EDGE_CURVE ( 'NONE', #4881, #3096, #8307, .T. ) ;
#8179 = ORIENTED_EDGE ( 'NONE', *, *, #7814, .T. ) ;
#8180 = PLANE ( 'NONE',  #1122 ) ;
#8181 = DIRECTION ( 'NONE',  ( -1.000000000000000000, 0.000000000000000000, 0.000000000000000000 ) ) ;
#8182 = CARTESIAN_POINT ( 'NONE',  ( 13.58211713789932240, 20.78641401289931778, 1.500000000000000444 ) ) ;
#8183 = ORIENTED_EDGE ( 'NONE', *, *, #239, .T. ) ;
#8184 = ORIENTED_EDGE ( 'NONE', *, *, #3043, .T. ) ;
#8185 = DIRECTION ( 'NONE',  ( -1.000000000000000000, 0.000000000000000000, -0.000000000000000000 ) ) ;
#8186 = ORIENTED_EDGE ( 'NONE', *, *, #3876, .T. ) ;
#8187 = ORIENTED_EDGE ( 'NONE', *, *, #1595, .F. ) ;
#8188 = EDGE_CURVE ( 'NONE', #3415, #2529, #1803, .T. ) ;
#8189 = EDGE_CURVE ( 'NONE', #7250, #5749, #2511, .T. ) ;
#8190 = VECTOR ( 'NONE', #4138, 1000.000000000000000 ) ;
#8191 = CARTESIAN_POINT ( 'NONE',  ( -83.06788286210067440, 20.80448725967914925, 0.5000000000000004441 ) ) ;
#8192 = ORIENTED_EDGE ( 'NONE', *, *, #6742, .F. ) ;
#8193 = ORIENTED_EDGE ( 'NONE', *, *, #1142, .T. ) ;
#8194 = CARTESIAN_POINT ( 'NONE',  ( -91.75000000000001421, 20.85065487298227183, 2.500000000000000000 ) ) ;
#8195 = ORIENTED_EDGE ( 'NONE', *, *, #4114, .F. ) ;
#8196 = CARTESIAN_POINT ( 'NONE',  ( -84.75000000000001421, 20.80448725967914925, 1.500000000000000444 ) ) ;
#8197 = AXIS2_PLACEMENT_3D ( 'NONE', #8074, #5400, #4214 ) ;
#8198 = LINE ( 'NONE', #6245, #2547 ) ;
#8199 = EDGE_CURVE ( 'NONE', #5624, #3375, #7540, .T. ) ;
#8200 = EDGE_CURVE ( 'NONE', #6026, #1605, #6392, .T. ) ;
#8201 = EDGE_CURVE ( 'NONE', #499, #7388, #6263, .T. ) ;
#8202 = PLANE ( 'NONE',  #6092 ) ;
#8203 = DIRECTION ( 'NONE',  ( 0.000000000000000000, -1.000000000000000000, 0.000000000000000000 ) ) ;
#8204 = VECTOR ( 'NONE', #3663, 1000.000000000000000 ) ;
#8205 = CARTESIAN_POINT ( 'NONE',  ( -83.06788286210067440, 20.78641401289931423, 0.000000000000000000 ) ) ;
#8206 = LINE ( 'NONE', #6126, #2551 ) ;
#8207 = ORIENTED_EDGE ( 'NONE', *, *, #4739, .T. ) ;
#8208 = CARTESIAN_POINT ( 'NONE',  ( 31.93211713789931139, 20.78641401289931423, 1.500000000000000444 ) ) ;
#8209 = ORIENTED_EDGE ( 'NONE', *, *, #7474, .F. ) ;
#8210 = LINE ( 'NONE', #448, #6039 ) ;
#8211 = AXIS2_PLACEMENT_3D ( 'NONE', #4923, #5518, #6753 ) ;
#8212 = AXIS2_PLACEMENT_3D ( 'NONE', #7576, #3169, #35 ) ;
#8213 = EDGE_CURVE ( 'NONE', #4421, #4202, #4910, .T. ) ;
#8214 = ADVANCED_BREP_SHAPE_REPRESENTATION ( 'DIY 6-LED Holder Cut', ( #5142, #1631 ), #1767 ) ;
#8215 = CARTESIAN_POINT ( 'NONE',  ( -9.417882862100658059, 15.48641401289931174, 1.500000000000000444 ) ) ;
#8216 = CARTESIAN_POINT ( 'NONE',  ( 36.67847513588159813, 13.13641401289931210, 6.000000000000000000 ) ) ;
#8217 = CARTESIAN_POINT ( 'NONE',  ( -6.382117137899323112, 20.23277201088161803, 2.500000000000000000 ) ) ;
#8218 = VECTOR ( 'NONE', #8022, 1000.000000000000000 ) ;
#8219 = CARTESIAN_POINT ( 'NONE',  ( 8.932117137899320269, 20.80448725967914925, 1.500000000000000444 ) ) ;
#8220 = VECTOR ( 'NONE', #2832, 1000.000000000000000 ) ;
#8221 = ORIENTED_EDGE ( 'NONE', *, *, #4531, .T. ) ;
#8222 = EDGE_LOOP ( 'NONE', ( #6974, #1003, #1013, #701 ) ) ;
#8223 = DIRECTION ( 'NONE',  ( 1.000000000000000000, 0.000000000000000000, 0.000000000000000000 ) ) ;
#8224 = CARTESIAN_POINT ( 'NONE',  ( -89.25000000000001421, 23.15429687500000355, 0.000000000000000000 ) ) ;
#8225 = AXIS2_PLACEMENT_3D ( 'NONE', #2782, #3292, #5398 ) ;
#8226 = VECTOR ( 'NONE', #2185, 1000.000000000000000 ) ;
#8227 = ORIENTED_EDGE ( 'NONE', *, *, #2632, .F. ) ;
#8228 = FACE_OUTER_BOUND ( 'NONE', #5638, .T. ) ;
#8229 = DIRECTION ( 'NONE',  ( -1.000000000000000000, -6.546126324440781637E-16, 0.000000000000000000 ) ) ;
#8230 = ADVANCED_FACE ( 'NONE', ( #1712 ), #497, .T. ) ;
#8231 = VECTOR ( 'NONE', #5231, 1000.000000000000000 ) ;
#8232 = ORIENTED_EDGE ( 'NONE', *, *, #214, .F. ) ;
#8233 = AXIS2_PLACEMENT_3D ( 'NONE', #2041, #2165, #1997 ) ;
#8234 = ORIENTED_EDGE ( 'NONE', *, *, #2837, .F. ) ;
#8235 = CARTESIAN_POINT ( 'NONE',  ( -13.47847513588162904, 23.17217973710070567, 2.500000000000000444 ) ) ;
#8236 = ADVANCED_FACE ( 'NONE', ( #7585 ), #7758, .F. ) ;
#8237 = ORIENTED_EDGE ( 'NONE', *, *, #879, .F. ) ;
#8238 = VECTOR ( 'NONE', #8136, 1000.000000000000000 ) ;
#8239 = ORIENTED_EDGE ( 'NONE', *, *, #1337, .T. ) ;
#8240 = CARTESIAN_POINT ( 'NONE',  ( -29.38211713789932844, 20.23277201088161803, 1.500000000000000444 ) ) ;
#8241 = ORIENTED_EDGE ( 'NONE', *, *, #8277, .F. ) ;
#8242 = ORIENTED_EDGE ( 'NONE', *, *, #2556, .T. ) ;
#8243 = CARTESIAN_POINT ( 'NONE',  ( -8.767882862100673691, 15.50448725967914143, 0.5000000000000004441 ) ) ;
#8244 = ORIENTED_EDGE ( 'NONE', *, *, #136, .T. ) ;
#8245 = EDGE_CURVE ( 'NONE', #538, #700, #3306, .T. ) ;
#8246 = CARTESIAN_POINT ( 'NONE',  ( 32.58211713789929576, 13.48641401289930997, 1.500000000000000444 ) ) ;
#8247 = LINE ( 'NONE', #2454, #2478 ) ;
#8248 = CARTESIAN_POINT ( 'NONE',  ( -84.75000000000001421, 22.40429687500000355, 1.000000000000000000 ) ) ;
#8249 = CARTESIAN_POINT ( 'NONE',  ( -91.75000000000001421, 20.85065487298227183, 2.500000000000000000 ) ) ;
#8250 = DIRECTION ( 'NONE',  ( 0.000000000000000000, 0.000000000000000000, -1.000000000000000000 ) ) ;
#8251 = ORIENTED_EDGE ( 'NONE', *, *, #960, .T. ) ;
#8252 = DIRECTION ( 'NONE',  ( 1.000000000000000000, -1.734723475976806709E-18, -0.000000000000000000 ) ) ;
#8253 = EDGE_CURVE ( 'NONE', #4034, #5196, #2018, .T. ) ;
#8254 = ORIENTED_EDGE ( 'NONE', *, *, #2337, .F. ) ;
#8255 = CARTESIAN_POINT ( 'NONE',  ( -52.38211713789932844, 20.23277201088161803, 6.000000000000000000 ) ) ;
#8256 = DIRECTION ( 'NONE',  ( 0.000000000000000000, -0.000000000000000000, -1.000000000000000000 ) ) ;
#8257 = LINE ( 'NONE', #2467, #4892 ) ;
#8258 = DIRECTION ( 'NONE',  ( 0.7071067811865471286, 0.7071067811865479058, 0.000000000000000000 ) ) ;
#8259 = CARTESIAN_POINT ( 'NONE',  ( -91.75000000000001421, 20.85065487298227183, 2.500000000000000000 ) ) ;
#8260 = ORIENTED_EDGE ( 'NONE', *, *, #3677, .F. ) ;
#8261 = EDGE_CURVE ( 'NONE', #1678, #596, #1301, .T. ) ;
#8262 = ORIENTED_EDGE ( 'NONE', *, *, #6692, .F. ) ;
#8263 = CARTESIAN_POINT ( 'NONE',  ( 39.25000000000000000, 23.15429687500000000, 4.000000000000000000 ) ) ;
#8264 = LINE ( 'NONE', #8308, #8066 ) ;
#8265 = ORIENTED_EDGE ( 'NONE', *, *, #599, .T. ) ;
#8266 = LINE ( 'NONE', #1846, #6229 ) ;
#8267 = DIRECTION ( 'NONE',  ( 0.000000000000000000, -1.000000000000000000, -1.608394988049553126E-16 ) ) ;
#8268 = CARTESIAN_POINT ( 'NONE',  ( 92.00000000000000000, 0.000000000000000000, 0.5000000000000004441 ) ) ;
#8269 = VECTOR ( 'NONE', #6688, 1000.000000000000000 ) ;
#8270 = ORIENTED_EDGE ( 'NONE', *, *, #5536, .F. ) ;
#8271 = VERTEX_POINT ( 'NONE', #7799 ) ;
#8272 = CARTESIAN_POINT ( 'NONE',  ( -53.01788286210067724, 15.50448725967914143, 0.5000000000000004441 ) ) ;
#8273 = EDGE_LOOP ( 'NONE', ( #5354, #4792, #6491, #6711, #1356, #5621, #6572, #1727 ) ) ;
#8274 = EDGE_CURVE ( 'NONE', #3189, #7096, #121, .T. ) ;
#8275 = EDGE_CURVE ( 'NONE', #3443, #6026, #5799, .T. ) ;
#8276 = VERTEX_POINT ( 'NONE', #3854 ) ;
#8277 = EDGE_CURVE ( 'NONE', #1991, #2396, #6564, .T. ) ;
#8278 = VECTOR ( 'NONE', #5934, 1000.000000000000000 ) ;
#8279 = LINE ( 'NONE', #2489, #3067 ) ;
#8280 = ORIENTED_EDGE ( 'NONE', *, *, #5450, .T. ) ;
#8281 = ORIENTED_EDGE ( 'NONE', *, *, #1497, .F. ) ;
#8282 = AXIS2_PLACEMENT_3D ( 'NONE', #817, #1994, #3288 ) ;
#8283 = LINE ( 'NONE', #3788, #3226 ) ;
#8284 = ORIENTED_EDGE ( 'NONE', *, *, #5297, .T. ) ;
#8285 = CARTESIAN_POINT ( 'NONE',  ( 9.503642002017674173, 13.15429687499999467, 4.000000000000000000 ) ) ;
#8286 = VECTOR ( 'NONE', #5287, 1000.000000000000000 ) ;
#8287 = PLANE ( 'NONE',  #2079 ) ;
#8288 = EDGE_CURVE ( 'NONE', #7135, #3302, #3223, .T. ) ;
#8289 = DIRECTION ( 'NONE',  ( 0.000000000000000000, 0.000000000000000000, -1.000000000000000000 ) ) ;
#8290 = DIRECTION ( 'NONE',  ( 0.000000000000000000, 0.000000000000000000, 1.000000000000000000 ) ) ;
#8291 = VECTOR ( 'NONE', #3564, 1000.000000000000000 ) ;
#8292 = DIRECTION ( 'NONE',  ( 0.000000000000000000, 0.7071067811865479058, 0.7071067811865472397 ) ) ;
#8293 = ORIENTED_EDGE ( 'NONE', *, *, #814, .F. ) ;
#8294 = LINE ( 'NONE', #1326, #3896 ) ;
#8295 = ORIENTED_EDGE ( 'NONE', *, *, #7708, .T. ) ;
#8296 = CARTESIAN_POINT ( 'NONE',  ( 38.98211713789931565, 20.78641401289931778, 1.500000000000000444 ) ) ;
#8297 = ORIENTED_EDGE ( 'NONE', *, *, #5554, .T. ) ;
#8298 = DIRECTION ( 'NONE',  ( -0.000000000000000000, -0.000000000000000000, 1.000000000000000000 ) ) ;
#8299 = CARTESIAN_POINT ( 'NONE',  ( -82.49635799798238622, 23.15429687499997868, 4.000000000000000000 ) ) ;
#8300 = CARTESIAN_POINT ( 'NONE',  ( -14.06788286210067263, 20.78641401289931068, 0.5000000000000004441 ) ) ;
#8301 = FACE_BOUND ( 'NONE', #4459, .T. ) ;
#8302 = ADVANCED_FACE ( 'NONE', ( #3986 ), #7080, .F. ) ;
#8303 = EDGE_CURVE ( 'NONE', #5434, #5273, #7843, .T. ) ;
#8304 = CARTESIAN_POINT ( 'NONE',  ( -60.06788286210068151, 20.80448725967914925, 1.500000000000000444 ) ) ;
#8305 = ORIENTED_EDGE ( 'NONE', *, *, #917, .T. ) ;
#8306 = ORIENTED_EDGE ( 'NONE', *, *, #1585, .T. ) ;
#8307 = LINE ( 'NONE', #8263, #7830 ) ;
#8308 = CARTESIAN_POINT ( 'NONE',  ( -13.41788286210068826, 22.78641401289931778, 1.500000000000000444 ) ) ;
#8309 = FACE_OUTER_BOUND ( 'NONE', #5841, .T. ) ;
#8310 = PLANE ( 'NONE',  #6641 ) ;
#8311 = EDGE_CURVE ( 'NONE', #4053, #3763, #793, .T. ) ;
#8312 = CARTESIAN_POINT ( 'NONE',  ( -55.32152486411839476, 13.13641401289931210, 1.500000000000000444 ) ) ;
#8313 = CARTESIAN_POINT ( 'NONE',  ( 15.98211713789932098, 15.50448725967914143, 0.5000000000000004441 ) ) ;
#8314 = ORIENTED_EDGE ( 'NONE', *, *, #422, .F. ) ;
#8315 = ORIENTED_EDGE ( 'NONE', *, *, #1016, .T. ) ;
#8316 = LINE ( 'NONE', #3146, #1892 ) ;
#8317 = ORIENTED_EDGE ( 'NONE', *, *, #5314, .T. ) ;
#8318 = ORIENTED_EDGE ( 'NONE', *, *, #12, .T. ) ;
#8319 = ADVANCED_FACE ( 'NONE', ( #1974 ), #6482, .F. ) ;
#8320 = CARTESIAN_POINT ( 'NONE',  ( -52.38211713789932844, 20.23277201088161803, 2.500000000000000000 ) ) ;
#8321 = DIRECTION ( 'NONE',  ( -0.000000000000000000, 1.000000000000000000, -0.000000000000000000 ) ) ;
#8322 = VERTEX_POINT ( 'NONE', #2641 ) ;
#8323 = EDGE_CURVE ( 'NONE', #7364, #60, #44, .T. ) ;
#8324 = ORIENTED_EDGE ( 'NONE', *, *, #5825, .F. ) ;
#8325 = CARTESIAN_POINT ( 'NONE',  ( -60.06788286210068151, 20.78641401289931068, 1.500000000000000444 ) ) ;
#8326 = EDGE_CURVE ( 'NONE', #7182, #5173, #4533, .T. ) ;
#8327 = ORIENTED_EDGE ( 'NONE', *, *, #8274, .T. ) ;
#8328 = DIRECTION ( 'NONE',  ( 1.000000000000000000, 0.000000000000000000, -0.000000000000000000 ) ) ;
#8329 = VECTOR ( 'NONE', #7533, 1000.000000000000000 ) ;
#8330 = CARTESIAN_POINT ( 'NONE',  ( 46.11975214338983164, 11.76603187127129324, 5.730247856610168000 ) ) ;
#8331 = LINE ( 'NONE', #5655, #6021 ) ;
#8332 = COORDINATED_UNIVERSAL_TIME_OFFSET ( 5, 0, .BEHIND. ) ;
#8333 = CARTESIAN_POINT ( 'NONE',  ( -91.54999999999999716, 10.85429687500000639, 0.1999999999999886591 ) ) ;
#8334 = ORIENTED_EDGE ( 'NONE', *, *, #521, .T. ) ;
#8335 = VECTOR ( 'NONE', #3578, 1000.000000000000000 ) ;
#8336 = PLANE ( 'NONE',  #4699 ) ;
#8337 = VERTEX_POINT ( 'NONE', #2681 ) ;
#8338 = CARTESIAN_POINT ( 'NONE',  ( -13.47847513588162904, 23.17217973710070567, 6.000000000000000000 ) ) ;
#8339 = ORIENTED_EDGE ( 'NONE', *, *, #6571, .F. ) ;
#8340 = CARTESIAN_POINT ( 'NONE',  ( -78.41788286210069714, 22.78641401289931778, 0.5000000000000004441 ) ) ;
#8341 = EDGE_CURVE ( 'NONE', #4371, #1678, #523, .T. ) ;
#8342 = EDGE_CURVE ( 'NONE', #7410, #4559, #4380, .T. ) ;
#8343 = VECTOR ( 'NONE', #5693, 1000.000000000000000 ) ;
#8344 = LINE ( 'NONE', #3846, #1449 ) ;
#8345 = CARTESIAN_POINT ( 'NONE',  ( -61.80000000000006111, 15.45793887701772285, 2.499999999999999112 ) ) ;
#8346 = DIRECTION ( 'NONE',  ( 0.7071067811865474617, -0.7071067811865474617, 0.000000000000000000 ) ) ;
#8347 = LINE ( 'NONE', #4528, #6460 ) ;
#8348 = LINE ( 'NONE', #7118, #4564 ) ;
#8349 = ORIENTED_EDGE ( 'NONE', *, *, #6165, .T. ) ;
#8350 = AXIS2_PLACEMENT_3D ( 'NONE', #2749, #7908, #7832 ) ;
#8351 = EDGE_LOOP ( 'NONE', ( #1876, #8242, #677, #3427 ) ) ;
#8352 = CARTESIAN_POINT ( 'NONE',  ( 9.582117137899304637, 20.78641401289931778, 1.500000000000000444 ) ) ;
#8353 = PLANE ( 'NONE',  #3329 ) ;
#8354 = ADVANCED_FACE ( 'NONE', ( #1114 ), #3669, .T. ) ;
#8355 = VECTOR ( 'NONE', #3299, 1000.000000000000000 ) ;
ENDSEC;
END-ISO-10303-21;
