ISO-10303-21;
HEADER;
FILE_DESCRIPTION (( 'STEP AP203' ),
    '1' );
FILE_NAME ('DIY 4-LED Holder Cut.STEP',
    '2025-08-01T14:44:48',
    ( '' ),
    ( '' ),
    'SwSTEP 2.0',
    'SolidWorks 2025',
    '' );
FILE_SCHEMA (( 'CONFIG_CONTROL_DESIGN' ));
ENDSEC;

DATA;
#1 = ORIENTED_EDGE ( 'NONE', *, *, #3886, .T. ) ;
#2 = CARTESIAN_POINT ( 'NONE',  ( -38.75000000000000000, 20.90065487298230096, 4.000000000000000000 ) ) ;
#3 = LINE ( 'NONE', #5741, #1801 ) ;
#4 = ADVANCED_FACE ( 'NONE', ( #1216 ), #4127, .F. ) ;
#5 = DIRECTION ( 'NONE',  ( 0.000000000000000000, -0.000000000000000000, -1.000000000000000000 ) ) ;
#6 = DIRECTION ( 'NONE',  ( 0.000000000000000000, -0.000000000000000000, -1.000000000000000000 ) ) ;
#7 = VERTEX_POINT ( 'NONE', #1716 ) ;
#8 = LINE ( 'NONE', #4678, #5199 ) ;
#9 = DIRECTION ( 'NONE',  ( 0.000000000000000000, 0.000000000000000000, 1.000000000000000000 ) ) ;
#10 = VECTOR ( 'NONE', #2083, 1000.000000000000000 ) ;
#11 = CARTESIAN_POINT ( 'NONE',  ( 36.67847513588161945, 23.17217973710068080, 1.500000000000000444 ) ) ;
#12 = ADVANCED_FACE ( 'NONE', ( #1775 ), #2675, .F. ) ;
#13 = LINE ( 'NONE', #4220, #2006 ) ;
#14 = VECTOR ( 'NONE', #3088, 1000.000000000000000 ) ;
#15 = CARTESIAN_POINT ( 'NONE',  ( 13.58211713789931530, 15.48641401289933661, 0.5000000000000004441 ) ) ;
#16 = ORIENTED_EDGE ( 'NONE', *, *, #1962, .F. ) ;
#17 = CARTESIAN_POINT ( 'NONE',  ( 13.58211713789931530, 13.48641401289933661, 1.500000000000000444 ) ) ;
#18 = ORIENTED_EDGE ( 'NONE', *, *, #4797, .T. ) ;
#19 = VECTOR ( 'NONE', #2087, 1000.000000000000000 ) ;
#20 = CARTESIAN_POINT ( 'NONE',  ( -43.25000000000000000, 13.15429687500000355, 0.3499999999999999223 ) ) ;
#21 = AXIS2_PLACEMENT_3D ( 'NONE', #5897, #1177, #3965 ) ;
#22 = DIRECTION ( 'NONE',  ( 0.000000000000000000, -0.000000000000000000, 1.000000000000000000 ) ) ;
#23 = VERTEX_POINT ( 'NONE', #4550 ) ;
#24 = EDGE_LOOP ( 'NONE', ( #5290, #3554, #4121, #5755 ) ) ;
#25 = LINE ( 'NONE', #2905, #1297 ) ;
#26 = VECTOR ( 'NONE', #4540, 1000.000000000000000 ) ;
#27 = EDGE_CURVE ( 'NONE', #1137, #2638, #3565, .T. ) ;
#28 = DIRECTION ( 'NONE',  ( -0.7071067811865479058, 0.7071067811865471286, 0.000000000000000000 ) ) ;
#29 = AXIS2_PLACEMENT_3D ( 'NONE', #2207, #192, #1649 ) ;
#30 = VERTEX_POINT ( 'NONE', #2270 ) ;
#31 = DIRECTION ( 'NONE',  ( -0.000000000000000000, -0.000000000000000000, 1.000000000000000000 ) ) ;
#32 = ORIENTED_EDGE ( 'NONE', *, *, #3792, .F. ) ;
#33 = CARTESIAN_POINT ( 'NONE',  ( -8.767882862100687902, 15.50448725967914676, 1.500000000000000444 ) ) ;
#34 = EDGE_CURVE ( 'NONE', #5666, #2489, #5993, .T. ) ;
#35 = LINE ( 'NONE', #1954, #4453 ) ;
#36 = PERSON_AND_ORGANIZATION_ROLE ( 'design_owner' ) ;
#37 = LINE ( 'NONE', #1463, #1439 ) ;
#38 = EDGE_LOOP ( 'NONE', ( #508, #2983, #4382, #5519 ) ) ;
#39 = PLANE ( 'NONE',  #3532 ) ;
#40 = CARTESIAN_POINT ( 'NONE',  ( 9.521524864118370957, 23.17217973710068080, 6.000000000000000000 ) ) ;
#41 = ADVANCED_FACE ( 'NONE', ( #5105 ), #1313, .F. ) ;
#42 = PLANE ( 'NONE',  #513 ) ;
#43 = CARTESIAN_POINT ( 'NONE',  ( -9.417882862100684704, 22.78641401289933910, 0.5000000000000004441 ) ) ;
#44 = FACE_OUTER_BOUND ( 'NONE', #2620, .T. ) ;
#45 = ORIENTED_EDGE ( 'NONE', *, *, #3876, .T. ) ;
#46 = VECTOR ( 'NONE', #3539, 1000.000000000000000 ) ;
#47 = CARTESIAN_POINT ( 'NONE',  ( 6.582117137899329506, 16.07582173911838908, 1.500000000000000444 ) ) ;
#48 = ADVANCED_FACE ( 'NONE', ( #4154 ), #5565, .F. ) ;
#49 = VERTEX_POINT ( 'NONE', #4033 ) ;
#50 = CARTESIAN_POINT ( 'NONE',  ( 31.93211713789931849, 20.78641401289933910, -2.999999999999999112 ) ) ;
#51 = VECTOR ( 'NONE', #5854, 1000.000000000000000 ) ;
#52 = DIRECTION ( 'NONE',  ( 0.7071067811865499042, 0.4999999999999982792, -0.4999999999999985567 ) ) ;
#53 = ORIENTED_EDGE ( 'NONE', *, *, #906, .T. ) ;
#54 = VECTOR ( 'NONE', #745, 1000.000000000000000 ) ;
#55 = ORIENTED_EDGE ( 'NONE', *, *, #5441, .F. ) ;
#56 = CARTESIAN_POINT ( 'NONE',  ( -45.75000000000000000, 20.85065487298230735, 2.500000000000000000 ) ) ;
#57 = VECTOR ( 'NONE', #2988, 1000.000000000000000 ) ;
#58 = LINE ( 'NONE', #2848, #1414 ) ;
#59 = VECTOR ( 'NONE', #3774, 1000.000000000000000 ) ;
#60 = ORIENTED_EDGE ( 'NONE', *, *, #4409, .F. ) ;
#61 = CARTESIAN_POINT ( 'NONE',  ( 39.25000000000000000, 13.15429687500000355, 6.000000000000000000 ) ) ;
#62 = ORIENTED_EDGE ( 'NONE', *, *, #943, .T. ) ;
#63 = LINE ( 'NONE', #5651, #4298 ) ;
#64 = DIRECTION ( 'NONE',  ( 0.000000000000000000, -0.000000000000000000, -1.000000000000000000 ) ) ;
#65 = COORDINATED_UNIVERSAL_TIME_OFFSET ( 5, 0, .BEHIND. ) ;
#66 = ADVANCED_FACE ( 'NONE', ( #5899 ), #1680, .F. ) ;
#67 = EDGE_LOOP ( 'NONE', ( #1112, #4437, #6031, #5643, #2050, #4587, #2721, #1807 ) ) ;
#68 = CARTESIAN_POINT ( 'NONE',  ( 9.521524864118385167, 13.13641401289933697, 1.500000000000000444 ) ) ;
#69 = LINE ( 'NONE', #2426, #4965 ) ;
#70 = PLANE ( 'NONE',  #611 ) ;
#71 = CARTESIAN_POINT ( 'NONE',  ( 69.00000000000000000, 0.000000000000000000, 0.5000000000000004441 ) ) ;
#72 = EDGE_CURVE ( 'NONE', #2616, #3750, #3290, .T. ) ;
#73 = EDGE_LOOP ( 'NONE', ( #812, #2897, #3760, #5713, #5813, #2032, #5040, #4654, #2258, #1978 ) ) ;
#74 = DIRECTION ( 'NONE',  ( -0.5773502691896190697, 0.5773502691896391648, 0.5773502691896191807 ) ) ;
#75 = ORIENTED_EDGE ( 'NONE', *, *, #2232, .T. ) ;
#76 = DIRECTION ( 'NONE',  ( 1.000000000000000000, 1.334402673828313586E-16, 0.000000000000000000 ) ) ;
#77 = ORIENTED_EDGE ( 'NONE', *, *, #3961, .T. ) ;
#78 = CARTESIAN_POINT ( 'NONE',  ( -16.41788286210066872, 16.07582173911838908, 1.500000000000000444 ) ) ;
#79 = EDGE_CURVE ( 'NONE', #3393, #1453, #3813, .T. ) ;
#80 = LINE ( 'NONE', #4343, #552 ) ;
#81 = ORIENTED_EDGE ( 'NONE', *, *, #3342, .T. ) ;
#82 = ORIENTED_EDGE ( 'NONE', *, *, #5434, .T. ) ;
#83 = CARTESIAN_POINT ( 'NONE',  ( 29.58211713789933484, 16.07582173911838908, 1.500000000000000444 ) ) ;
#84 = CARTESIAN_POINT ( 'NONE',  ( 31.93211713789932560, 20.78641401289933910, 0.5000000000000004441 ) ) ;
#85 = EDGE_CURVE ( 'NONE', #5373, #780, #4186, .T. ) ;
#86 = VERTEX_POINT ( 'NONE', #446 ) ;
#87 = CARTESIAN_POINT ( 'NONE',  ( -32.41788286210068293, 15.48641401289933661, 0.5000000000000004441 ) ) ;
#88 = ORIENTED_EDGE ( 'NONE', *, *, #2589, .F. ) ;
#89 = CARTESIAN_POINT ( 'NONE',  ( -36.49635799798227254, 13.15429687499999467, 1.500000000000000444 ) ) ;
#90 = DIRECTION ( 'NONE',  ( 0.000000000000000000, 0.000000000000000000, -1.000000000000000000 ) ) ;
#91 = DIRECTION ( 'NONE',  ( 0.000000000000000000, 0.000000000000000000, 1.000000000000000000 ) ) ;
#92 = VERTEX_POINT ( 'NONE', #2886 ) ;
#93 = CARTESIAN_POINT ( 'NONE',  ( 46.00000000000000000, 0.000000000000000000, 0.5000000000000004441 ) ) ;
#94 = ADVANCED_FACE ( 'NONE', ( #4215 ), #5655, .F. ) ;
#95 = CARTESIAN_POINT ( 'NONE',  ( -36.47847513588163082, 23.17217973710068080, 1.500000000000000444 ) ) ;
#96 = EDGE_CURVE ( 'NONE', #7, #6004, #4732, .T. ) ;
#97 = LINE ( 'NONE', #5288, #5146 ) ;
#98 = CARTESIAN_POINT ( 'NONE',  ( -36.41788286210068293, 20.78641401289933910, 0.5000000000000004441 ) ) ;
#99 = ORIENTED_EDGE ( 'NONE', *, *, #3028, .T. ) ;
#100 = CARTESIAN_POINT ( 'NONE',  ( -43.75000000000000000, 23.15429687500000355, 0.2500000000000000000 ) ) ;
#101 = VERTEX_POINT ( 'NONE', #2856 ) ;
#102 = CARTESIAN_POINT ( 'NONE',  ( 7.200000000000000178, 20.85065487298230735, 2.500000000000000000 ) ) ;
#103 = ORIENTED_EDGE ( 'NONE', *, *, #2459, .F. ) ;
#104 = EDGE_CURVE ( 'NONE', #4187, #5861, #37, .T. ) ;
#105 = LINE ( 'NONE', #2958, #3469 ) ;
#106 = VECTOR ( 'NONE', #299, 1000.000000000000000 ) ;
#107 = FACE_OUTER_BOUND ( 'NONE', #2325, .T. ) ;
#108 = ORIENTED_EDGE ( 'NONE', *, *, #1242, .T. ) ;
#109 = VECTOR ( 'NONE', #4039, 1000.000000000000000 ) ;
#110 = ORIENTED_EDGE ( 'NONE', *, *, #5405, .F. ) ;
#111 = CARTESIAN_POINT ( 'NONE',  ( 16.61788286210067511, 20.23277201088162514, 1.500000000000000444 ) ) ;
#112 = EDGE_CURVE ( 'NONE', #1254, #5597, #4761, .T. ) ;
#113 = VECTOR ( 'NONE', #4099, 1000.000000000000114 ) ;
#114 = CARTESIAN_POINT ( 'NONE',  ( 9.503642002017684831, 23.15429687499999289, 4.000000000000000000 ) ) ;
#115 = VECTOR ( 'NONE', #1117, 1000.000000000000000 ) ;
#116 = EDGE_LOOP ( 'NONE', ( #5880, #2244, #2515, #5236, #638, #3365, #4717, #1360 ) ) ;
#117 = DIRECTION ( 'NONE',  ( 0.000000000000000000, 1.000000000000000000, 0.000000000000000000 ) ) ;
#118 = EDGE_LOOP ( 'NONE', ( #3245, #3442, #3076, #261 ) ) ;
#119 = AXIS2_PLACEMENT_3D ( 'NONE', #5646, #3370, #5359 ) ;
#120 = CARTESIAN_POINT ( 'NONE',  ( -9.321524864118371667, 13.13641401289933874, 6.000000000000000000 ) ) ;
#121 = CARTESIAN_POINT ( 'NONE',  ( 31.93211713789934691, -4.853020875897687541E-14, 0.000000000000000000 ) ) ;
#122 = CALENDAR_DATE ( 2025, 1, 8 ) ;
#123 = VECTOR ( 'NONE', #2945, 1000.000000000000000 ) ;
#124 = ORIENTED_EDGE ( 'NONE', *, *, #4622, .T. ) ;
#125 = CARTESIAN_POINT ( 'NONE',  ( 6.582117137899329506, 20.23277201088163224, 2.500000000000000000 ) ) ;
#126 = CARTESIAN_POINT ( 'NONE',  ( 9.503642002017684831, 23.15429687499999289, 6.000000000000000000 ) ) ;
#127 = EDGE_CURVE ( 'NONE', #3455, #6045, #5623, .T. ) ;
#128 = LOCAL_TIME ( 10, 44, 48.00000000000000000, #588 ) ;
#129 = PLANE ( 'NONE',  #1007 ) ;
#130 = EDGE_CURVE ( 'NONE', #2781, #1957, #5596, .T. ) ;
#131 = DIRECTION ( 'NONE',  ( 1.000000000000000000, 0.000000000000000000, 0.000000000000000000 ) ) ;
#132 = ORIENTED_EDGE ( 'NONE', *, *, #3858, .T. ) ;
#133 = CARTESIAN_POINT ( 'NONE',  ( -43.25000000000000000, 13.15429687500000355, 0.000000000000000000 ) ) ;
#134 = ORIENTED_EDGE ( 'NONE', *, *, #5217, .T. ) ;
#135 = DIRECTION ( 'NONE',  ( 0.000000000000000000, 0.000000000000000000, -1.000000000000000000 ) ) ;
#136 = VERTEX_POINT ( 'NONE', #2507 ) ;
#137 = EDGE_CURVE ( 'NONE', #3312, #5707, #3322, .T. ) ;
#138 = CARTESIAN_POINT ( 'NONE',  ( -32.41788286210068293, 15.48641401289933661, 0.5000000000000004441 ) ) ;
#139 = EDGE_CURVE ( 'NONE', #1296, #571, #4241, .T. ) ;
#140 = VECTOR ( 'NONE', #4669, 1000.000000000000000 ) ;
#141 = EDGE_CURVE ( 'NONE', #2080, #5635, #1374, .T. ) ;
#142 = CARTESIAN_POINT ( 'NONE',  ( 39.25000000000000000, 22.40429687500000355, 1.000000000000000000 ) ) ;
#143 = ORIENTED_EDGE ( 'NONE', *, *, #1042, .F. ) ;
#144 = ORIENTED_EDGE ( 'NONE', *, *, #5234, .T. ) ;
#145 = CARTESIAN_POINT ( 'NONE',  ( -8.767882862100687902, 0.000000000000000000, 0.000000000000000000 ) ) ;
#146 = DIRECTION ( 'NONE',  ( 0.000000000000000000, -0.7071067811865352493, 0.7071067811865597852 ) ) ;
#147 = AXIS2_PLACEMENT_3D ( 'NONE', #998, #5169, #9 ) ;
#148 = EDGE_CURVE ( 'NONE', #340, #3085, #2036, .T. ) ;
#149 = CARTESIAN_POINT ( 'NONE',  ( 6.582117137899329506, 20.23277201088163224, 1.500000000000000444 ) ) ;
#150 = ORIENTED_EDGE ( 'NONE', *, *, #2331, .T. ) ;
#151 = AXIS2_PLACEMENT_3D ( 'NONE', #5885, #274, #5459 ) ;
#152 = DIRECTION ( 'NONE',  ( 0.000000000000000000, 0.000000000000000000, 1.000000000000000000 ) ) ;
#153 = ORIENTED_EDGE ( 'NONE', *, *, #1752, .F. ) ;
#154 = CARTESIAN_POINT ( 'NONE',  ( -14.06788286210067973, 15.48641401289933661, -2.999999999999999112 ) ) ;
#155 = DIRECTION ( 'NONE',  ( 0.000000000000000000, 1.000000000000000000, 0.000000000000000000 ) ) ;
#156 = APPROVAL_ROLE ( '' ) ;
#157 = ADVANCED_FACE ( 'NONE', ( #3350 ), #4706, .F. ) ;
#158 = EDGE_LOOP ( 'NONE', ( #1769, #1822, #3504, #5342 ) ) ;
#159 = LINE ( 'NONE', #3962, #737 ) ;
#160 = DIRECTION ( 'NONE',  ( 1.000000000000000000, 0.000000000000000000, -0.000000000000000000 ) ) ;
#161 = DIRECTION ( 'NONE',  ( -0.000000000000000000, -0.000000000000000000, 1.000000000000000000 ) ) ;
#162 = DIRECTION ( 'NONE',  ( 1.000000000000000000, 0.000000000000000000, 0.000000000000000000 ) ) ;
#163 = EDGE_CURVE ( 'NONE', #1578, #5892, #3780, .T. ) ;
#164 = EDGE_LOOP ( 'NONE', ( #2597, #1363, #3416, #2184, #1635, #3034, #1392, #4871 ) ) ;
#165 = DIRECTION ( 'NONE',  ( -0.000000000000000000, 0.000000000000000000, 1.000000000000000000 ) ) ;
#166 = ORIENTED_EDGE ( 'NONE', *, *, #586, .F. ) ;
#167 = PLANE ( 'NONE',  #1300 ) ;
#168 = ORIENTED_EDGE ( 'NONE', *, *, #3055, .F. ) ;
#169 = EDGE_CURVE ( 'NONE', #2716, #1250, #5220, .T. ) ;
#170 = DIRECTION ( 'NONE',  ( -8.896017825522088106E-17, 1.000000000000000000, 0.000000000000000000 ) ) ;
#171 = CARTESIAN_POINT ( 'NONE',  ( 30.18211713789932560, 15.48641401289933661, 1.500000000000000444 ) ) ;
#172 = CARTESIAN_POINT ( 'NONE',  ( 6.582117137899329506, 20.23277201088163224, 1.500000000000000444 ) ) ;
#173 = VERTEX_POINT ( 'NONE', #1103 ) ;
#174 = EDGE_CURVE ( 'NONE', #3027, #3212, #2995, .T. ) ;
#175 = EDGE_LOOP ( 'NONE', ( #435, #466, #2156, #1153 ) ) ;
#176 = DIRECTION ( 'NONE',  ( 0.000000000000000000, 1.000000000000000000, 0.000000000000000000 ) ) ;
#177 = DIRECTION ( 'NONE',  ( 1.000000000000000000, 4.173067663955944970E-16, 0.000000000000000000 ) ) ;
#178 = EDGE_CURVE ( 'NONE', #3212, #2760, #1836, .T. ) ;
#179 = CARTESIAN_POINT ( 'NONE',  ( 31.93211713789931849, 20.78641401289933910, -2.999999999999999112 ) ) ;
#180 = VERTEX_POINT ( 'NONE', #5915 ) ;
#181 = CARTESIAN_POINT ( 'NONE',  ( -45.75000000000000000, 10.65429687500000355, 5.000000000000000000 ) ) ;
#182 = VERTEX_POINT ( 'NONE', #4020 ) ;
#183 = DIRECTION ( 'NONE',  ( -0.7071067811865466846, -0.7071067811865483499, 0.000000000000000000 ) ) ;
#184 = ADVANCED_FACE ( 'NONE', ( #2662 ), #4048, .T. ) ;
#185 = DIRECTION ( 'NONE',  ( -0.000000000000000000, 0.000000000000000000, 1.000000000000000000 ) ) ;
#186 = ORIENTED_EDGE ( 'NONE', *, *, #1811, .F. ) ;
#187 = ORIENTED_EDGE ( 'NONE', *, *, #1025, .F. ) ;
#188 = DIRECTION ( 'NONE',  ( 1.000000000000000000, -0.000000000000000000, -0.000000000000000000 ) ) ;
#189 = CARTESIAN_POINT ( 'NONE',  ( -29.38211713789932489, 20.23277201088162514, 4.000000000000000000 ) ) ;
#190 = EDGE_CURVE ( 'NONE', #3658, #5933, #4080, .T. ) ;
#191 = CARTESIAN_POINT ( 'NONE',  ( -45.75000000000000000, 10.65429687500000355, 0.4000000000000114575 ) ) ;
#192 = DIRECTION ( 'NONE',  ( -0.000000000000000000, 0.000000000000000000, 1.000000000000000000 ) ) ;
#193 = ORIENTED_EDGE ( 'NONE', *, *, #225, .T. ) ;
#194 = CARTESIAN_POINT ( 'NONE',  ( -29.38211713789932489, 16.07582173911839263, 1.500000000000000444 ) ) ;
#195 = EDGE_LOOP ( 'NONE', ( #2555, #3547, #6010, #4479 ) ) ;
#196 = CARTESIAN_POINT ( 'NONE',  ( 30.18211713789932560, 20.80448725967914925, 0.5000000000000004441 ) ) ;
#197 = ORIENTED_EDGE ( 'NONE', *, *, #3335, .T. ) ;
#198 = ADVANCED_FACE ( 'NONE', ( #4503 ), #3091, .F. ) ;
#199 = DIRECTION ( 'NONE',  ( -0.7071067811865483499, 0.7071067811865466846, 0.000000000000000000 ) ) ;
#200 = CARTESIAN_POINT ( 'NONE',  ( -15.81788286210068151, 15.48641401289933661, 1.500000000000000444 ) ) ;
#201 = LINE ( 'NONE', #693, #5865 ) ;
#202 = VERTEX_POINT ( 'NONE', #1166 ) ;
#203 = ORIENTED_EDGE ( 'NONE', *, *, #3042, .F. ) ;
#204 = VECTOR ( 'NONE', #3270, 1000.000000000000000 ) ;
#205 = FACE_OUTER_BOUND ( 'NONE', #5304, .T. ) ;
#206 = FACE_OUTER_BOUND ( 'NONE', #2348, .T. ) ;
#207 = AXIS2_PLACEMENT_3D ( 'NONE', #4829, #1005, #976 ) ;
#208 = EDGE_CURVE ( 'NONE', #1660, #2247, #642, .T. ) ;
#209 = FACE_OUTER_BOUND ( 'NONE', #1994, .T. ) ;
#210 = EDGE_LOOP ( 'NONE', ( #622, #3419, #4309, #779, #768 ) ) ;
#211 = DIRECTION ( 'NONE',  ( 1.000000000000000000, 1.334402673828313586E-16, 0.000000000000000000 ) ) ;
#212 = VERTEX_POINT ( 'NONE', #244 ) ;
#213 = VECTOR ( 'NONE', #2746, 1000.000000000000000 ) ;
#214 = LINE ( 'NONE', #2999, #1022 ) ;
#215 = ADVANCED_FACE ( 'NONE', ( #1698 ), #2132, .F. ) ;
#216 = VECTOR ( 'NONE', #2205, 1000.000000000000000 ) ;
#217 = CARTESIAN_POINT ( 'NONE',  ( 16.61788286210067511, 16.07582173911839263, 1.500000000000000444 ) ) ;
#218 = VERTEX_POINT ( 'NONE', #3582 ) ;
#219 = ADVANCED_FACE ( 'NONE', ( #2192 ), #2634, .F. ) ;
#220 = VECTOR ( 'NONE', #757, 1000.000000000000000 ) ;
#221 = ORIENTED_EDGE ( 'NONE', *, *, #1579, .F. ) ;
#222 = EDGE_CURVE ( 'NONE', #2229, #5462, #5949, .T. ) ;
#223 = LINE ( 'NONE', #2109, #634 ) ;
#224 = CARTESIAN_POINT ( 'NONE',  ( 9.503642002017716806, 13.15429687500000178, 4.000000000000000000 ) ) ;
#225 = EDGE_CURVE ( 'NONE', #4889, #3658, #5367, .T. ) ;
#226 = CARTESIAN_POINT ( 'NONE',  ( -43.50000000000000000, 22.90429687500000355, 0.5999999999999999778 ) ) ;
#227 = AXIS2_PLACEMENT_3D ( 'NONE', #98, #3441, #4854 ) ;
#228 = PLANE ( 'NONE',  #5549 ) ;
#229 = ORIENTED_EDGE ( 'NONE', *, *, #3170, .F. ) ;
#230 = EDGE_CURVE ( 'NONE', #2658, #4693, #4410, .T. ) ;
#231 = DIRECTION ( 'NONE',  ( -1.000000000000000000, -8.896017825522088106E-17, 0.000000000000000000 ) ) ;
#232 = EDGE_LOOP ( 'NONE', ( #3730, #288, #549, #1823 ) ) ;
#233 = CARTESIAN_POINT ( 'NONE',  ( -45.35000000000000142, 10.65429687500000355, 5.000000000000000000 ) ) ;
#234 = EDGE_LOOP ( 'NONE', ( #3542, #5825, #2402, #2394 ) ) ;
#235 = VECTOR ( 'NONE', #4906, 1000.000000000000000 ) ;
#236 = LINE ( 'NONE', #3975, #3378 ) ;
#237 = CARTESIAN_POINT ( 'NONE',  ( 39.25000000000000000, 15.70793887701771041, 1.500000000000000444 ) ) ;
#238 = CARTESIAN_POINT ( 'NONE',  ( -36.49635799798231517, 23.15429687499999289, 6.000000000000000000 ) ) ;
#239 = ORIENTED_EDGE ( 'NONE', *, *, #528, .F. ) ;
#240 = EDGE_LOOP ( 'NONE', ( #5045, #3841, #3436, #1776, #275, #1464 ) ) ;
#241 = PLANE ( 'NONE',  #4255 ) ;
#242 = LINE ( 'NONE', #5056, #3963 ) ;
#243 = EDGE_CURVE ( 'NONE', #3421, #650, #4533, .T. ) ;
#244 = CARTESIAN_POINT ( 'NONE',  ( 39.25000000000000000, 20.60065487298230735, 2.500000000000000000 ) ) ;
#245 = ORIENTED_EDGE ( 'NONE', *, *, #2365, .F. ) ;
#246 = DIRECTION ( 'NONE',  ( 0.000000000000000000, 0.000000000000000000, 1.000000000000000000 ) ) ;
#247 = ORIENTED_EDGE ( 'NONE', *, *, #4321, .F. ) ;
#248 = CARTESIAN_POINT ( 'NONE',  ( -9.303642002017703305, 13.15429687500000000, 4.000000000000000000 ) ) ;
#249 = VECTOR ( 'NONE', #5098, 1000.000000000000000 ) ;
#250 = CARTESIAN_POINT ( 'NONE',  ( 15.98211713789931387, 20.78641401289933910, 0.5000000000000004441 ) ) ;
#251 = VECTOR ( 'NONE', #1525, 1000.000000000000000 ) ;
#252 = VECTOR ( 'NONE', #2160, 1000.000000000000000 ) ;
#253 = VERTEX_POINT ( 'NONE', #300 ) ;
#254 = ORIENTED_EDGE ( 'NONE', *, *, #1114, .T. ) ;
#255 = LINE ( 'NONE', #4850, #4101 ) ;
#256 = DIRECTION ( 'NONE',  ( -1.000000000000000000, -0.000000000000000000, -0.000000000000000000 ) ) ;
#257 = AXIS2_PLACEMENT_3D ( 'NONE', #1887, #5216, #1861 ) ;
#258 = VECTOR ( 'NONE', #5878, 1000.000000000000000 ) ;
#259 = CARTESIAN_POINT ( 'NONE',  ( -43.64644660940672338, 23.05074348440672694, 0.5999999999999998668 ) ) ;
#260 = LINE ( 'NONE', #5867, #4765 ) ;
#261 = ORIENTED_EDGE ( 'NONE', *, *, #1086, .F. ) ;
#262 = DIRECTION ( 'NONE',  ( 1.000000000000000000, 0.000000000000000000, -0.000000000000000000 ) ) ;
#263 = FACE_OUTER_BOUND ( 'NONE', #1096, .T. ) ;
#264 = VERTEX_POINT ( 'NONE', #5489 ) ;
#265 = LINE ( 'NONE', #2179, #5340 ) ;
#266 = EDGE_CURVE ( 'NONE', #4604, #5329, #1634, .T. ) ;
#267 = DIRECTION ( 'NONE',  ( 1.000000000000000000, -0.000000000000000000, 0.000000000000000000 ) ) ;
#268 = CARTESIAN_POINT ( 'NONE',  ( -13.47847513588161483, 13.13641401289933697, 1.500000000000000444 ) ) ;
#269 = VERTEX_POINT ( 'NONE', #3551 ) ;
#270 = VECTOR ( 'NONE', #1896, 1000.000000000000000 ) ;
#271 = ORIENTED_EDGE ( 'NONE', *, *, #2589, .T. ) ;
#272 = LINE ( 'NONE', #4045, #2973 ) ;
#273 = CARTESIAN_POINT ( 'NONE',  ( 37.23211713789931565, 15.50448725967914676, 0.5000000000000004441 ) ) ;
#274 = DIRECTION ( 'NONE',  ( -0.000000000000000000, 1.000000000000000000, 0.000000000000000000 ) ) ;
#275 = ORIENTED_EDGE ( 'NONE', *, *, #6056, .F. ) ;
#276 = CARTESIAN_POINT ( 'NONE',  ( 37.23211713789931565, 20.78641401289933910, -2.999999999999999112 ) ) ;
#277 = ORIENTED_EDGE ( 'NONE', *, *, #1229, .T. ) ;
#278 = LINE ( 'NONE', #5463, #3985 ) ;
#279 = EDGE_CURVE ( 'NONE', #2064, #3855, #3026, .T. ) ;
#280 = DIRECTION ( 'NONE',  ( -1.000000000000000000, 0.000000000000000000, 0.000000000000000000 ) ) ;
#281 = VERTEX_POINT ( 'NONE', #670 ) ;
#282 = ORIENTED_EDGE ( 'NONE', *, *, #1667, .F. ) ;
#283 = CARTESIAN_POINT ( 'NONE',  ( 15.98211713789931387, 15.50448725967914676, 0.5000000000000004441 ) ) ;
#284 = FACE_OUTER_BOUND ( 'NONE', #2867, .T. ) ;
#285 = CARTESIAN_POINT ( 'NONE',  ( 9.521524864118370957, 23.17217973710068080, 1.500000000000000444 ) ) ;
#286 = LINE ( 'NONE', #5836, #5063 ) ;
#287 = ORIENTED_EDGE ( 'NONE', *, *, #5914, .T. ) ;
#288 = ORIENTED_EDGE ( 'NONE', *, *, #2686, .F. ) ;
#289 = DIRECTION ( 'NONE',  ( 1.000000000000000000, 0.000000000000000000, 0.000000000000000000 ) ) ;
#290 = LINE ( 'NONE', #4066, #2086 ) ;
#291 = ORIENTED_EDGE ( 'NONE', *, *, #5015, .T. ) ;
#292 = CARTESIAN_POINT ( 'NONE',  ( 31.93211713789932560, 20.80448725967914925, 0.5000000000000004441 ) ) ;
#293 = LINE ( 'NONE', #2181, #4084 ) ;
#294 = CARTESIAN_POINT ( 'NONE',  ( 46.25000000000000000, 25.65429687500000355, 0.4000000000000114575 ) ) ;
#295 = VERTEX_POINT ( 'NONE', #3523 ) ;
#296 = EDGE_CURVE ( 'NONE', #5707, #727, #5396, .T. ) ;
#297 = ORIENTED_EDGE ( 'NONE', *, *, #407, .T. ) ;
#298 = DIRECTION ( 'NONE',  ( 1.000000000000000000, 4.173067663955945463E-16, 0.000000000000000000 ) ) ;
#299 = DIRECTION ( 'NONE',  ( 0.000000000000000000, 0.000000000000000000, -1.000000000000000000 ) ) ;
#300 = CARTESIAN_POINT ( 'NONE',  ( 32.58211713789932418, 15.48641401289933661, 0.5000000000000004441 ) ) ;
#301 = ORIENTED_EDGE ( 'NONE', *, *, #2532, .F. ) ;
#302 = ADVANCED_FACE ( 'NONE', ( #209 ), #2568, .F. ) ;
#303 = FACE_OUTER_BOUND ( 'NONE', #3164, .T. ) ;
#304 = ORIENTED_EDGE ( 'NONE', *, *, #3696, .F. ) ;
#305 = DIRECTION ( 'NONE',  ( 1.000000000000000000, 4.173067663955944970E-16, 0.000000000000000000 ) ) ;
#306 = VECTOR ( 'NONE', #4998, 1000.000000000000000 ) ;
#307 = CARTESIAN_POINT ( 'NONE',  ( -43.50000000000000000, 13.40429687500000355, 0.5999999999999999778 ) ) ;
#308 = VECTOR ( 'NONE', #4168, 1000.000000000000000 ) ;
#309 = ORIENTED_EDGE ( 'NONE', *, *, #943, .F. ) ;
#310 = EDGE_LOOP ( 'NONE', ( #2642, #3214, #5337, #5142 ) ) ;
#311 = EDGE_CURVE ( 'NONE', #3524, #5373, #1196, .T. ) ;
#312 = FACE_OUTER_BOUND ( 'NONE', #4224, .T. ) ;
#313 = AXIS2_PLACEMENT_3D ( 'NONE', #5145, #3735, #3761 ) ;
#314 = CARTESIAN_POINT ( 'NONE',  ( 13.67847513588161412, 23.17217973710068080, 1.500000000000000444 ) ) ;
#315 = AXIS2_PLACEMENT_3D ( 'NONE', #814, #6086, #4189 ) ;
#316 = DIRECTION ( 'NONE',  ( -0.000000000000000000, 1.000000000000000000, 0.000000000000000000 ) ) ;
#317 = CARTESIAN_POINT ( 'NONE',  ( -9.417882862100684704, 20.78641401289933910, 0.5000000000000004441 ) ) ;
#318 = AXIS2_PLACEMENT_3D ( 'NONE', #2298, #3255, #6018 ) ;
#319 = ORIENTED_EDGE ( 'NONE', *, *, #1515, .T. ) ;
#320 = ORIENTED_EDGE ( 'NONE', *, *, #1661, .F. ) ;
#321 = DIRECTION ( 'NONE',  ( 1.000000000000000000, -0.000000000000000000, 0.000000000000000000 ) ) ;
#322 = DIRECTION ( 'NONE',  ( -0.000000000000000000, -0.000000000000000000, 1.000000000000000000 ) ) ;
#323 = ORIENTED_EDGE ( 'NONE', *, *, #3558, .T. ) ;
#324 = AXIS2_PLACEMENT_3D ( 'NONE', #217, #2607, #3033 ) ;
#325 = EDGE_CURVE ( 'NONE', #399, #1197, #5982, .T. ) ;
#326 = FACE_BOUND ( 'NONE', #5097, .T. ) ;
#327 = CARTESIAN_POINT ( 'NONE',  ( 29.58211713789933484, 16.07582173911838908, 1.500000000000000444 ) ) ;
#328 = VECTOR ( 'NONE', #4764, 1000.000000000000000 ) ;
#329 = VECTOR ( 'NONE', #5661, 1000.000000000000000 ) ;
#330 = LINE ( 'NONE', #4625, #4496 ) ;
#331 = ORIENTED_EDGE ( 'NONE', *, *, #3884, .F. ) ;
#332 = ORIENTED_EDGE ( 'NONE', *, *, #651, .T. ) ;
#333 = PLANE ( 'NONE',  #6017 ) ;
#334 = DIRECTION ( 'NONE',  ( 0.000000000000000000, 1.000000000000000000, 0.000000000000000000 ) ) ;
#335 = ADVANCED_FACE ( 'NONE', ( #3706 ), #5147, .F. ) ;
#336 = ORIENTED_EDGE ( 'NONE', *, *, #519, .T. ) ;
#337 = LINE ( 'NONE', #2226, #5179 ) ;
#338 = VERTEX_POINT ( 'NONE', #888 ) ;
#339 = PLANE ( 'NONE',  #4534 ) ;
#340 = VERTEX_POINT ( 'NONE', #460 ) ;
#341 = CARTESIAN_POINT ( 'NONE',  ( -32.41788286210068293, 20.78641401289933910, 1.500000000000000444 ) ) ;
#342 = DIRECTION ( 'NONE',  ( 0.000000000000000000, 0.7071067811865477948, 0.7071067811865473507 ) ) ;
#343 = EDGE_CURVE ( 'NONE', #5460, #3421, #4570, .T. ) ;
#344 = ORIENTED_EDGE ( 'NONE', *, *, #4232, .F. ) ;
#345 = AXIS2_PLACEMENT_3D ( 'NONE', #1412, #5663, #1063 ) ;
#346 = VECTOR ( 'NONE', #5068, 1000.000000000000000 ) ;
#347 = PLANE ( 'NONE',  #2423 ) ;
#348 = ORIENTED_EDGE ( 'NONE', *, *, #5775, .T. ) ;
#349 = CARTESIAN_POINT ( 'NONE',  ( 13.58211713789931530, 15.48641401289933661, 1.500000000000000444 ) ) ;
#350 = CARTESIAN_POINT ( 'NONE',  ( 45.85000000000000142, 22.40429687500000355, 6.000000000000000000 ) ) ;
#351 = VECTOR ( 'NONE', #4270, 1000.000000000000000 ) ;
#352 = EDGE_CURVE ( 'NONE', #3252, #1004, #337, .T. ) ;
#353 = DIRECTION ( 'NONE',  ( 0.000000000000000000, 0.000000000000000000, -1.000000000000000000 ) ) ;
#354 = ORIENTED_EDGE ( 'NONE', *, *, #5905, .F. ) ;
#355 = ORIENTED_EDGE ( 'NONE', *, *, #3645, .F. ) ;
#356 = VECTOR ( 'NONE', #5499, 1000.000000000000000 ) ;
#357 = CARTESIAN_POINT ( 'NONE',  ( 46.00000000000000000, 15.48641401289933661, 0.000000000000000000 ) ) ;
#358 = VECTOR ( 'NONE', #2285, 1000.000000000000000 ) ;
#359 = DIRECTION ( 'NONE',  ( 0.000000000000000000, 0.000000000000000000, 1.000000000000000000 ) ) ;
#360 = ORIENTED_EDGE ( 'NONE', *, *, #4232, .T. ) ;
#361 = DIRECTION ( 'NONE',  ( -0.000000000000000000, -0.000000000000000000, 1.000000000000000000 ) ) ;
#362 = ADVANCED_FACE ( 'NONE', ( #6008 ), #1877, .F. ) ;
#363 = CARTESIAN_POINT ( 'NONE',  ( -43.50000000000000000, 0.000000000000000000, 0.3499999999999999223 ) ) ;
#364 = CARTESIAN_POINT ( 'NONE',  ( -36.49635799798231517, 23.15429687499999289, 1.500000000000000444 ) ) ;
#365 = ORIENTED_EDGE ( 'NONE', *, *, #2960, .T. ) ;
#366 = VERTEX_POINT ( 'NONE', #5091 ) ;
#367 = PLANE ( 'NONE',  #2875 ) ;
#368 = DIRECTION ( 'NONE',  ( 0.000000000000000000, -0.000000000000000000, -1.000000000000000000 ) ) ;
#369 = VECTOR ( 'NONE', #4188, 1000.000000000000000 ) ;
#370 = CARTESIAN_POINT ( 'NONE',  ( 9.582117137899318848, 22.78641401289933910, 0.5000000000000004441 ) ) ;
#371 = ORIENTED_EDGE ( 'NONE', *, *, #3784, .F. ) ;
#372 = ADVANCED_FACE ( 'NONE', ( #858 ), #3646, .F. ) ;
#373 = EDGE_LOOP ( 'NONE', ( #1902, #2535, #6102, #3738, #166, #2569 ) ) ;
#374 = CARTESIAN_POINT ( 'NONE',  ( -38.75000000000000000, 13.90429687500000355, 1.000000000000000000 ) ) ;
#375 = APPROVAL ( #5770, 'UNSPECIFIED' ) ;
#376 = AXIS2_PLACEMENT_3D ( 'NONE', #4330, #1985, #3871 ) ;
#377 = CARTESIAN_POINT ( 'NONE',  ( -29.38211713789932489, 16.07582173911839263, 1.500000000000000444 ) ) ;
#378 = ORIENTED_EDGE ( 'NONE', *, *, #2667, .T. ) ;
#379 = DIRECTION ( 'NONE',  ( 0.000000000000000000, 0.000000000000000000, -1.000000000000000000 ) ) ;
#380 = ORIENTED_EDGE ( 'NONE', *, *, #1190, .F. ) ;
#381 = DIRECTION ( 'NONE',  ( 1.000000000000000000, 0.000000000000000000, 0.000000000000000000 ) ) ;
#382 = EDGE_CURVE ( 'NONE', #1660, #3856, #2817, .T. ) ;
#383 = CARTESIAN_POINT ( 'NONE',  ( 39.25000000000000000, 23.15429687500000000, 6.000000000000000000 ) ) ;
#384 = DIRECTION ( 'NONE',  ( 0.000000000000000000, 0.000000000000000000, 1.000000000000000000 ) ) ;
#385 = EDGE_LOOP ( 'NONE', ( #938, #607, #447, #4662 ) ) ;
#386 = ORIENTED_EDGE ( 'NONE', *, *, #4868, .F. ) ;
#387 = LINE ( 'NONE', #2650, #3630 ) ;
#388 = CARTESIAN_POINT ( 'NONE',  ( 46.25000000000000000, 13.90429687500000355, 1.000000000000000000 ) ) ;
#389 = EDGE_CURVE ( 'NONE', #4335, #3252, #1420, .T. ) ;
#390 = CARTESIAN_POINT ( 'NONE',  ( -45.75000000000000000, 15.45793887701771219, 3.999999999999999112 ) ) ;
#391 = PLANE ( 'NONE',  #4574 ) ;
#392 = CARTESIAN_POINT ( 'NONE',  ( -45.48333333333334139, 25.52096354166666714, 0.2666666666666789309 ) ) ;
#393 = VERTEX_POINT ( 'NONE', #5024 ) ;
#394 = EDGE_CURVE ( 'NONE', #4210, #4063, #793, .T. ) ;
#395 = ORIENTED_EDGE ( 'NONE', *, *, #4759, .F. ) ;
#396 = LINE ( 'NONE', #2281, #308 ) ;
#397 = DIRECTION ( 'NONE',  ( -0.000000000000000000, 0.000000000000000000, 1.000000000000000000 ) ) ;
#398 = LINE ( 'NONE', #370, #358 ) ;
#399 = VERTEX_POINT ( 'NONE', #2350 ) ;
#400 = EDGE_CURVE ( 'NONE', #2738, #3393, #4603, .T. ) ;
#401 = VERTEX_POINT ( 'NONE', #5581 ) ;
#402 = DIRECTION ( 'NONE',  ( -0.000000000000000000, -0.000000000000000000, 1.000000000000000000 ) ) ;
#403 = CARTESIAN_POINT ( 'NONE',  ( 32.52152486411837629, 23.17217973710068080, 1.500000000000000444 ) ) ;
#404 = ORIENTED_EDGE ( 'NONE', *, *, #4563, .T. ) ;
#405 = LINE ( 'NONE', #5438, #4483 ) ;
#406 = ORIENTED_EDGE ( 'NONE', *, *, #4980, .T. ) ;
#407 = EDGE_CURVE ( 'NONE', #1458, #3855, #1330, .T. ) ;
#408 = CARTESIAN_POINT ( 'NONE',  ( -44.00000000000000000, 23.15429687500000355, 0.2500000000000000000 ) ) ;
#409 = VECTOR ( 'NONE', #1134, 1000.000000000000000 ) ;
#410 = CARTESIAN_POINT ( 'NONE',  ( 39.25000000000000000, 13.15429687500000355, 4.000000000000000000 ) ) ;
#411 = CARTESIAN_POINT ( 'NONE',  ( 46.25000000000000000, 25.65429687500000355, 6.000000000000000000 ) ) ;
#412 = AXIS2_PLACEMENT_3D ( 'NONE', #4686, #1668, #2664 ) ;
#413 = EDGE_CURVE ( 'NONE', #2692, #4021, #2319, .T. ) ;
#414 = ORIENTED_EDGE ( 'NONE', *, *, #1515, .F. ) ;
#415 = VECTOR ( 'NONE', #4993, 1000.000000000000114 ) ;
#416 = VERTEX_POINT ( 'NONE', #2755 ) ;
#417 = EDGE_CURVE ( 'NONE', #3851, #5892, #6069, .T. ) ;
#418 = DIRECTION ( 'NONE',  ( -0.000000000000000000, -0.000000000000000000, 1.000000000000000000 ) ) ;
#419 = CARTESIAN_POINT ( 'NONE',  ( 46.25000000000000000, 13.90429687500000355, 1.000000000000000000 ) ) ;
#420 = FACE_OUTER_BOUND ( 'NONE', #5551, .T. ) ;
#421 = VECTOR ( 'NONE', #3810, 1000.000000000000000 ) ;
#422 = CARTESIAN_POINT ( 'NONE',  ( -9.417882862100684704, 20.78641401289933910, 0.5000000000000004441 ) ) ;
#423 = EDGE_CURVE ( 'NONE', #1382, #3636, #5518, .T. ) ;
#424 = DIRECTION ( 'NONE',  ( 0.7071067811865466846, 0.7071067811865483499, 0.000000000000000000 ) ) ;
#425 = EDGE_LOOP ( 'NONE', ( #4880, #440, #5552, #4316 ) ) ;
#426 = VECTOR ( 'NONE', #3018, 1000.000000000000000 ) ;
#427 = ORIENTED_EDGE ( 'NONE', *, *, #3056, .T. ) ;
#428 = LINE ( 'NONE', #1357, #204 ) ;
#429 = LINE ( 'NONE', #1418, #2488 ) ;
#430 = AXIS2_PLACEMENT_3D ( 'NONE', #5594, #5163, #384 ) ;
#431 = EDGE_CURVE ( 'NONE', #2697, #3805, #398, .T. ) ;
#432 = ORIENTED_EDGE ( 'NONE', *, *, #3633, .F. ) ;
#433 = CARTESIAN_POINT ( 'NONE',  ( -13.41788286210068115, 15.48641401289933661, 0.5000000000000004441 ) ) ;
#434 = VERTEX_POINT ( 'NONE', #1295 ) ;
#435 = ORIENTED_EDGE ( 'NONE', *, *, #4416, .T. ) ;
#436 = CARTESIAN_POINT ( 'NONE',  ( -36.41788286210068293, 13.48641401289933661, 0.5000000000000004441 ) ) ;
#437 = VECTOR ( 'NONE', #861, 1000.000000000000000 ) ;
#438 = CARTESIAN_POINT ( 'NONE',  ( 32.58211713789932418, 20.78641401289933910, 1.500000000000000444 ) ) ;
#439 = EDGE_CURVE ( 'NONE', #2043, #1199, #4172, .T. ) ;
#440 = ORIENTED_EDGE ( 'NONE', *, *, #1556, .F. ) ;
#441 = DIRECTION ( 'NONE',  ( 1.000000000000000000, 0.000000000000000000, -0.000000000000000000 ) ) ;
#442 = EDGE_LOOP ( 'NONE', ( #6047, #4200, #1538, #5932 ) ) ;
#443 = CARTESIAN_POINT ( 'NONE',  ( -36.41788286210068293, 22.78641401289933910, 0.5000000000000004441 ) ) ;
#444 = DIRECTION ( 'NONE',  ( -1.000000000000000000, -8.896017825522088106E-17, 0.000000000000000000 ) ) ;
#445 = LINE ( 'NONE', #3748, #3682 ) ;
#446 = CARTESIAN_POINT ( 'NONE',  ( -13.49635799798227964, 13.15429687499999822, 4.000000000000000000 ) ) ;
#447 = ORIENTED_EDGE ( 'NONE', *, *, #148, .T. ) ;
#448 = DIRECTION ( 'NONE',  ( 0.7071067811865597852, 0.7071067811865352493, 0.000000000000000000 ) ) ;
#449 = DIRECTION ( 'NONE',  ( -1.000000000000000000, -0.000000000000000000, -0.000000000000000000 ) ) ;
#450 = EDGE_CURVE ( 'NONE', #1220, #1137, #2468, .T. ) ;
#451 = CARTESIAN_POINT ( 'NONE',  ( 31.93211713789932560, 15.48641401289933661, -2.999999999999999112 ) ) ;
#452 = FACE_OUTER_BOUND ( 'NONE', #1727, .T. ) ;
#453 = VECTOR ( 'NONE', #3488, 1000.000000000000000 ) ;
#454 = CARTESIAN_POINT ( 'NONE',  ( 46.25000000000000000, 22.40429687500000355, 1.000000000000000000 ) ) ;
#455 = ORIENTED_EDGE ( 'NONE', *, *, #1086, .T. ) ;
#456 = LINE ( 'NONE', #3553, #2588 ) ;
#457 = ORIENTED_EDGE ( 'NONE', *, *, #4651, .T. ) ;
#458 = EDGE_CURVE ( 'NONE', #4860, #2692, #5266, .T. ) ;
#459 = LINE ( 'NONE', #979, #1097 ) ;
#460 = CARTESIAN_POINT ( 'NONE',  ( -14.06788286210068684, 20.78641401289933910, 0.000000000000000000 ) ) ;
#461 = EDGE_LOOP ( 'NONE', ( #2058, #2575, #414, #1568 ) ) ;
#462 = VERTEX_POINT ( 'NONE', #5726 ) ;
#463 = CARTESIAN_POINT ( 'NONE',  ( 39.25000000000000000, 23.15429687500000000, 4.000000000000000000 ) ) ;
#464 = EDGE_CURVE ( 'NONE', #2011, #2454, #1507, .T. ) ;
#465 = CARTESIAN_POINT ( 'NONE',  ( 37.23211713789931565, 20.78641401289933910, 0.000000000000000000 ) ) ;
#466 = ORIENTED_EDGE ( 'NONE', *, *, #5280, .F. ) ;
#467 = CARTESIAN_POINT ( 'NONE',  ( 30.18211713789932560, 15.48641401289933661, 0.5000000000000004441 ) ) ;
#468 = ORIENTED_EDGE ( 'NONE', *, *, #127, .T. ) ;
#469 = CARTESIAN_POINT ( 'NONE',  ( -13.41788286210068115, 15.48641401289933661, 0.5000000000000004441 ) ) ;
#470 = EDGE_CURVE ( 'NONE', #5009, #1490, #4807, .T. ) ;
#471 = LINE ( 'NONE', #383, #2699 ) ;
#472 = CARTESIAN_POINT ( 'NONE',  ( 39.25000000000000000, 23.15429687500000000, 4.000000000000000000 ) ) ;
#473 = DIRECTION ( 'NONE',  ( 0.000000000000000000, -1.000000000000000000, 0.000000000000000000 ) ) ;
#474 = ORIENTED_EDGE ( 'NONE', *, *, #4697, .F. ) ;
#475 = DIRECTION ( 'NONE',  ( 1.000000000000000000, 0.000000000000000000, 0.000000000000000000 ) ) ;
#476 = CARTESIAN_POINT ( 'NONE',  ( 13.69635799798230202, 23.15429687499999289, 6.000000000000000000 ) ) ;
#477 = LINE ( 'NONE', #4159, #4074 ) ;
#478 = LINE ( 'NONE', #2808, #1712 ) ;
#479 = DIRECTION ( 'NONE',  ( -0.000000000000000000, -1.000000000000000000, -0.000000000000000000 ) ) ;
#480 = ORIENTED_EDGE ( 'NONE', *, *, #4824, .F. ) ;
#481 = CARTESIAN_POINT ( 'NONE',  ( 38.99999999999997158, 20.85065487298231446, 2.500000000000000000 ) ) ;
#482 = EDGE_LOOP ( 'NONE', ( #2091, #1306, #3225 ) ) ;
#483 = CARTESIAN_POINT ( 'NONE',  ( -9.321524864118371667, 13.13641401289933874, 1.500000000000000444 ) ) ;
#484 = ADVANCED_FACE ( 'NONE', ( #4745 ), #1041, .F. ) ;
#485 = CARTESIAN_POINT ( 'NONE',  ( -45.75000000000000000, 18.93713958747462556, 12.71715728752537977 ) ) ;
#486 = ORIENTED_EDGE ( 'NONE', *, *, #3366, .F. ) ;
#487 = EDGE_LOOP ( 'NONE', ( #319, #1049, #474, #5013, #5060, #1233, #4432, #6070 ) ) ;
#488 = LINE ( 'NONE', #463, #2030 ) ;
#489 = LINE ( 'NONE', #2909, #4269 ) ;
#490 = ADVANCED_FACE ( 'NONE', ( #955 ), #514, .F. ) ;
#491 = VERTEX_POINT ( 'NONE', #4375 ) ;
#492 = DIRECTION ( 'NONE',  ( 0.000000000000000000, 0.000000000000000000, 1.000000000000000000 ) ) ;
#493 = ORIENTED_EDGE ( 'NONE', *, *, #4275, .F. ) ;
#494 = DIRECTION ( 'NONE',  ( 1.000000000000000000, 0.000000000000000000, 0.000000000000000000 ) ) ;
#495 = CARTESIAN_POINT ( 'NONE',  ( -13.41788286210068115, 20.78641401289933910, 0.5000000000000004441 ) ) ;
#496 = DATE_AND_TIME ( #122, #1719 ) ;
#497 = CARTESIAN_POINT ( 'NONE',  ( -13.41788286210068115, 20.78641401289933910, 1.500000000000000444 ) ) ;
#498 = ORIENTED_EDGE ( 'NONE', *, *, #617, .F. ) ;
#499 = CARTESIAN_POINT ( 'NONE',  ( 13.69635799798228959, 13.15429687500000000, 1.500000000000000444 ) ) ;
#500 = VECTOR ( 'NONE', #4347, 1000.000000000000000 ) ;
#501 = LINE ( 'NONE', #1466, #328 ) ;
#502 = VECTOR ( 'NONE', #5414, 1000.000000000000114 ) ;
#503 = LINE ( 'NONE', #4277, #1998 ) ;
#504 = CARTESIAN_POINT ( 'NONE',  ( -14.06788286210067973, 20.80448725967914925, 1.500000000000000444 ) ) ;
#505 = AXIS2_PLACEMENT_3D ( 'NONE', #2317, #5178, #953 ) ;
#506 = ADVANCED_FACE ( 'NONE', ( #1942 ), #1972, .F. ) ;
#507 = LINE ( 'NONE', #4336, #4691 ) ;
#508 = ORIENTED_EDGE ( 'NONE', *, *, #2554, .T. ) ;
#509 = DIRECTION ( 'NONE',  ( 1.000000000000000000, 0.000000000000000000, 0.000000000000000000 ) ) ;
#510 = ORIENTED_EDGE ( 'NONE', *, *, #2776, .T. ) ;
#511 = VECTOR ( 'NONE', #2860, 1000.000000000000000 ) ;
#512 = CARTESIAN_POINT ( 'NONE',  ( 32.52152486411839050, 13.13641401289933697, 6.000000000000000000 ) ) ;
#513 = AXIS2_PLACEMENT_3D ( 'NONE', #5774, #4852, #625 ) ;
#514 = PLANE ( 'NONE',  #3811 ) ;
#515 = ORIENTED_EDGE ( 'NONE', *, *, #4524, .T. ) ;
#516 = EDGE_LOOP ( 'NONE', ( #5879, #4627, #1736, #581 ) ) ;
#517 = LINE ( 'NONE', #5184, #2138 ) ;
#518 = AXIS2_PLACEMENT_3D ( 'NONE', #5828, #185, #3991 ) ;
#519 = EDGE_CURVE ( 'NONE', #5722, #3359, #3423, .T. ) ;
#520 = CARTESIAN_POINT ( 'NONE',  ( 14.23211713789931210, 15.50448725967914676, 0.5000000000000004441 ) ) ;
#521 = EDGE_CURVE ( 'NONE', #5911, #3367, #80, .T. ) ;
#522 = VECTOR ( 'NONE', #5601, 1000.000000000000000 ) ;
#523 = VERTEX_POINT ( 'NONE', #1477 ) ;
#524 = DIRECTION ( 'NONE',  ( 1.000000000000000000, 0.000000000000000000, 0.000000000000000000 ) ) ;
#525 = ORIENTED_EDGE ( 'NONE', *, *, #6100, .T. ) ;
#526 = VECTOR ( 'NONE', #3649, 1000.000000000000000 ) ;
#527 = DIRECTION ( 'NONE',  ( 1.000000000000000000, -0.000000000000000000, -0.000000000000000000 ) ) ;
#528 = EDGE_CURVE ( 'NONE', #2345, #2150, #3854, .T. ) ;
#529 = LINE ( 'NONE', #4791, #2798 ) ;
#530 = SHAPE_DEFINITION_REPRESENTATION ( #3824, #2551 ) ;
#531 = CARTESIAN_POINT ( 'NONE',  ( 14.23211713789931210, 0.000000000000000000, 0.000000000000000000 ) ) ;
#532 = ORIENTED_EDGE ( 'NONE', *, *, #2695, .T. ) ;
#533 = DIRECTION ( 'NONE',  ( -0.000000000000000000, 0.000000000000000000, 1.000000000000000000 ) ) ;
#534 = CARTESIAN_POINT ( 'NONE',  ( -8.767882862100687902, 20.78641401289933910, -2.999999999999999112 ) ) ;
#535 = DIRECTION ( 'NONE',  ( 1.000000000000000000, 0.000000000000000000, 0.000000000000000000 ) ) ;
#536 = DIRECTION ( 'NONE',  ( 1.000000000000000000, 0.000000000000000000, 0.000000000000000000 ) ) ;
#537 = ORIENTED_EDGE ( 'NONE', *, *, #1325, .F. ) ;
#538 = LINE ( 'NONE', #1003, #837 ) ;
#539 = EDGE_LOOP ( 'NONE', ( #890, #5918, #1878, #2414 ) ) ;
#540 = VECTOR ( 'NONE', #3418, 1000.000000000000000 ) ;
#541 = DIRECTION ( 'NONE',  ( -1.000000000000000000, 0.000000000000000000, 0.000000000000000000 ) ) ;
#542 = VECTOR ( 'NONE', #5032, 1000.000000000000000 ) ;
#543 = ORIENTED_EDGE ( 'NONE', *, *, #3663, .T. ) ;
#544 = EDGE_CURVE ( 'NONE', #4701, #3137, #2029, .T. ) ;
#545 = DIRECTION ( 'NONE',  ( -0.5773502691896190697, 0.5773502691896391648, 0.5773502691896191807 ) ) ;
#546 = VECTOR ( 'NONE', #1744, 1000.000000000000000 ) ;
#547 = VECTOR ( 'NONE', #923, 1000.000000000000000 ) ;
#548 = PLANE ( 'NONE',  #1444 ) ;
#549 = ORIENTED_EDGE ( 'NONE', *, *, #3292, .F. ) ;
#550 = ORIENTED_EDGE ( 'NONE', *, *, #3645, .T. ) ;
#551 = CARTESIAN_POINT ( 'NONE',  ( 46.25000000000000000, 25.25429687500001918, 0.4000000000000114575 ) ) ;
#552 = VECTOR ( 'NONE', #574, 1000.000000000000000 ) ;
#553 = CARTESIAN_POINT ( 'NONE',  ( 9.582117137899318848, 22.78641401289933910, 1.500000000000000444 ) ) ;
#554 = CARTESIAN_POINT ( 'NONE',  ( -32.41788286210068293, 22.78641401289933910, 0.5000000000000004441 ) ) ;
#555 = ORIENTED_EDGE ( 'NONE', *, *, #5931, .F. ) ;
#556 = CARTESIAN_POINT ( 'NONE',  ( 13.67847513588161412, 23.17217973710068080, 1.500000000000000444 ) ) ;
#557 = ORIENTED_EDGE ( 'NONE', *, *, #2914, .F. ) ;
#558 = CARTESIAN_POINT ( 'NONE',  ( 0.000000000000000000, 0.000000000000000000, 4.000000000000000000 ) ) ;
#559 = DIRECTION ( 'NONE',  ( 0.000000000000000000, 0.000000000000000000, -1.000000000000000000 ) ) ;
#560 = ORIENTED_EDGE ( 'NONE', *, *, #738, .F. ) ;
#561 = ADVANCED_FACE ( 'NONE', ( #107 ), #548, .F. ) ;
#562 = DIRECTION ( 'NONE',  ( -0.5773502691896227335, -0.8164965809277280329, -0.000000000000000000 ) ) ;
#563 = CARTESIAN_POINT ( 'NONE',  ( -31.76788286210068790, 20.78641401289933910, 1.500000000000000444 ) ) ;
#564 = CARTESIAN_POINT ( 'NONE',  ( 23.00000000000000000, 20.78641401289933910, 0.000000000000000000 ) ) ;
#565 = CARTESIAN_POINT ( 'NONE',  ( -45.75000000000000000, 10.65429687500000355, 5.000000000000000000 ) ) ;
#566 = ORIENTED_EDGE ( 'NONE', *, *, #5874, .T. ) ;
#567 = ADVANCED_FACE ( 'NONE', ( #5757 ), #4315, .F. ) ;
#568 = LINE ( 'NONE', #2370, #540 ) ;
#569 = ORIENTED_EDGE ( 'NONE', *, *, #1906, .F. ) ;
#570 = DIRECTION ( 'NONE',  ( -0.000000000000000000, -0.000000000000000000, 1.000000000000000000 ) ) ;
#571 = VERTEX_POINT ( 'NONE', #2843 ) ;
#572 = LINE ( 'NONE', #78, #1195 ) ;
#573 = EDGE_CURVE ( 'NONE', #3692, #6004, #5181, .T. ) ;
#574 = DIRECTION ( 'NONE',  ( -0.000000000000000000, -0.000000000000000000, 1.000000000000000000 ) ) ;
#575 = ORIENTED_EDGE ( 'NONE', *, *, #1982, .T. ) ;
#576 = ORIENTED_EDGE ( 'NONE', *, *, #4487, .T. ) ;
#577 = PLANE ( 'NONE',  #2382 ) ;
#578 = DIRECTION ( 'NONE',  ( 0.000000000000000000, 0.000000000000000000, 1.000000000000000000 ) ) ;
#579 = EDGE_CURVE ( 'NONE', #3282, #1453, #2961, .T. ) ;
#580 =( BOUNDED_CURVE ( )  B_SPLINE_CURVE ( 3, ( #886, #2779, #4657, #4341 ),
 .UNSPECIFIED., .F., .F. ) 
 B_SPLINE_CURVE_WITH_KNOTS ( ( 4, 4 ),
 ( 0.000000000000000000, 1.570796326794896558 ),
 .UNSPECIFIED. ) 
 CURVE ( )  GEOMETRIC_REPRESENTATION_ITEM ( )  RATIONAL_B_SPLINE_CURVE ( ( 1.000000000000000000, 0.8047378541243649375, 0.8047378541243649375, 1.000000000000000000 ) ) 
 REPRESENTATION_ITEM ( '' )  );
#581 = ORIENTED_EDGE ( 'NONE', *, *, #130, .F. ) ;
#582 = DIRECTION ( 'NONE',  ( -8.896017825522088106E-17, 1.000000000000000000, 0.000000000000000000 ) ) ;
#583 = ORIENTED_EDGE ( 'NONE', *, *, #4103, .T. ) ;
#584 = CARTESIAN_POINT ( 'NONE',  ( 0.000000000000000000, 0.000000000000000000, 4.000000000000000000 ) ) ;
#585 = ADVANCED_FACE ( 'NONE', ( #2499 ), #4719, .T. ) ;
#586 = EDGE_CURVE ( 'NONE', #1991, #3409, #2057, .T. ) ;
#587 = PLANE ( 'NONE',  #5540 ) ;
#588 = COORDINATED_UNIVERSAL_TIME_OFFSET ( 5, 0, .BEHIND. ) ;
#589 = ADVANCED_FACE ( 'NONE', ( #3084 ), #3020, .F. ) ;
#590 = ORIENTED_EDGE ( 'NONE', *, *, #2182, .F. ) ;
#591 = CARTESIAN_POINT ( 'NONE',  ( 13.58211713789931530, 20.78641401289933910, 0.5000000000000004441 ) ) ;
#592 = CARTESIAN_POINT ( 'NONE',  ( 23.00000000000000000, 15.48641401289933661, 0.000000000000000000 ) ) ;
#593 = DIRECTION ( 'NONE',  ( 0.000000000000000000, -1.000000000000000000, 0.000000000000000000 ) ) ;
#594 = EDGE_CURVE ( 'NONE', #1032, #4222, #5360, .T. ) ;
#595 = PLANE ( 'NONE',  #2306 ) ;
#596 = VERTEX_POINT ( 'NONE', #238 ) ;
#597 = CARTESIAN_POINT ( 'NONE',  ( -13.41788286210068115, 20.78641401289933910, 0.5000000000000004441 ) ) ;
#598 = ORIENTED_EDGE ( 'NONE', *, *, #6043, .F. ) ;
#599 = PLANE ( 'NONE',  #2880 ) ;
#600 = ORIENTED_EDGE ( 'NONE', *, *, #208, .T. ) ;
#601 = CARTESIAN_POINT ( 'NONE',  ( 9.503642002017716806, 13.15429687500000178, 6.000000000000000000 ) ) ;
#602 = VECTOR ( 'NONE', #4110, 1000.000000000000000 ) ;
#603 = EDGE_CURVE ( 'NONE', #4100, #1965, #2562, .T. ) ;
#604 = DIRECTION ( 'NONE',  ( 0.6785983445458589891, -0.6785983445458353414, -0.2810846377148192854 ) ) ;
#605 = ORIENTED_EDGE ( 'NONE', *, *, #3300, .T. ) ;
#606 = VECTOR ( 'NONE', #4198, 1000.000000000000000 ) ;
#607 = ORIENTED_EDGE ( 'NONE', *, *, #4549, .T. ) ;
#608 = DIRECTION ( 'NONE',  ( 0.000000000000000000, -0.000000000000000000, -1.000000000000000000 ) ) ;
#609 = CARTESIAN_POINT ( 'NONE',  ( 36.67847513588163366, 13.13641401289933874, 1.500000000000000444 ) ) ;
#610 = ADVANCED_FACE ( 'NONE', ( #5848 ), #1627, .F. ) ;
#611 = AXIS2_PLACEMENT_3D ( 'NONE', #5690, #5749, #593 ) ;
#612 = ORIENTED_EDGE ( 'NONE', *, *, #413, .T. ) ;
#613 = LINE ( 'NONE', #181, #5515 ) ;
#614 = ORIENTED_EDGE ( 'NONE', *, *, #4011, .F. ) ;
#615 = AXIS2_PLACEMENT_3D ( 'NONE', #2733, #5095, #834 ) ;
#616 = CARTESIAN_POINT ( 'NONE',  ( 32.50364200201772746, 13.15429687500000178, 1.500000000000000444 ) ) ;
#617 = EDGE_CURVE ( 'NONE', #1604, #2510, #2090, .T. ) ;
#618 = LINE ( 'NONE', #495, #5243 ) ;
#619 = MECHANICAL_CONTEXT ( 'NONE', #1949, 'mechanical' ) ;
#620 = VECTOR ( 'NONE', #934, 1000.000000000000000 ) ;
#621 = VECTOR ( 'NONE', #3622, 1000.000000000000000 ) ;
#622 = ORIENTED_EDGE ( 'NONE', *, *, #3211, .F. ) ;
#623 = CARTESIAN_POINT ( 'NONE',  ( -37.06788286210068151, 20.80448725967914925, 1.500000000000000444 ) ) ;
#624 = FACE_OUTER_BOUND ( 'NONE', #4968, .T. ) ;
#625 = DIRECTION ( 'NONE',  ( -1.000000000000000000, 4.956352788505164254E-16, 0.000000000000000000 ) ) ;
#626 = LINE ( 'NONE', #3818, #4179 ) ;
#627 = ORIENTED_EDGE ( 'NONE', *, *, #3876, .F. ) ;
#628 = CARTESIAN_POINT ( 'NONE',  ( 7.182117137899318493, 15.48641401289933661, 0.5000000000000004441 ) ) ;
#629 = VERTEX_POINT ( 'NONE', #4014 ) ;
#630 = CARTESIAN_POINT ( 'NONE',  ( 38.98211713789932276, 15.50448725967914676, 1.500000000000000444 ) ) ;
#631 = ORIENTED_EDGE ( 'NONE', *, *, #279, .F. ) ;
#632 = EDGE_CURVE ( 'NONE', #2238, #4842, #4895, .T. ) ;
#633 = DIRECTION ( 'NONE',  ( -0.000000000000000000, -0.000000000000000000, -1.000000000000000000 ) ) ;
#634 = VECTOR ( 'NONE', #3533, 1000.000000000000000 ) ;
#635 = LINE ( 'NONE', #2533, #5185 ) ;
#636 = ORIENTED_EDGE ( 'NONE', *, *, #5287, .T. ) ;
#637 = EDGE_CURVE ( 'NONE', #180, #1314, #1594, .T. ) ;
#638 = ORIENTED_EDGE ( 'NONE', *, *, #389, .T. ) ;
#639 = DIRECTION ( 'NONE',  ( -0.000000000000000000, -0.000000000000000000, 1.000000000000000000 ) ) ;
#640 = CARTESIAN_POINT ( 'NONE',  ( -36.41788286210068293, 22.78641401289933910, 0.5000000000000004441 ) ) ;
#641 = VECTOR ( 'NONE', #5833, 1000.000000000000000 ) ;
#642 = LINE ( 'NONE', #1265, #4204 ) ;
#643 = ORIENTED_EDGE ( 'NONE', *, *, #3273, .T. ) ;
#644 = VECTOR ( 'NONE', #2124, 1000.000000000000000 ) ;
#645 = DIRECTION ( 'NONE',  ( 1.000000000000000000, 0.000000000000000000, -0.000000000000000000 ) ) ;
#646 = ORIENTED_EDGE ( 'NONE', *, *, #3102, .T. ) ;
#647 = CARTESIAN_POINT ( 'NONE',  ( -36.47847513588163082, 23.17217973710068080, 1.500000000000000444 ) ) ;
#648 = LINE ( 'NONE', #5402, #3779 ) ;
#649 = EDGE_LOOP ( 'NONE', ( #5058, #320, #1077, #4344 ) ) ;
#650 = VERTEX_POINT ( 'NONE', #3449 ) ;
#651 = EDGE_CURVE ( 'NONE', #5400, #1259, #3481, .T. ) ;
#652 = CARTESIAN_POINT ( 'NONE',  ( -45.52765300074570831, 25.47664387425430021, 4.926413717694822836 ) ) ;
#653 = CARTESIAN_POINT ( 'NONE',  ( 46.00000000000000000, 0.000000000000000000, 0.5000000000000004441 ) ) ;
#654 = CARTESIAN_POINT ( 'NONE',  ( 45.85000000000000142, 24.65429687500000711, 6.000000000000000000 ) ) ;
#655 = DIRECTION ( 'NONE',  ( -0.7071067811865466846, -0.7071067811865483499, 0.000000000000000000 ) ) ;
#656 = AXIS2_PLACEMENT_3D ( 'NONE', #1406, #2395, #1524 ) ;
#657 = ORIENTED_EDGE ( 'NONE', *, *, #3254, .T. ) ;
#658 = LINE ( 'NONE', #4888, #5175 ) ;
#659 = EDGE_LOOP ( 'NONE', ( #1827, #4728, #4631, #689, #4390 ) ) ;
#660 = CARTESIAN_POINT ( 'NONE',  ( 45.85000000000000142, 10.65429687500000355, 5.000000000000000000 ) ) ;
#661 = ORIENTED_EDGE ( 'NONE', *, *, #3550, .F. ) ;
#662 = DIRECTION ( 'NONE',  ( -1.000000000000000000, -0.000000000000000000, -0.000000000000000000 ) ) ;
#663 = CARTESIAN_POINT ( 'NONE',  ( 29.58211713789933484, 16.07582173911838908, 4.000000000000000000 ) ) ;
#664 = LINE ( 'NONE', #1688, #2134 ) ;
#665 = ORIENTED_EDGE ( 'NONE', *, *, #5349, .T. ) ;
#666 = ORIENTED_EDGE ( 'NONE', *, *, #1811, .T. ) ;
#667 = CARTESIAN_POINT ( 'NONE',  ( -45.75000000000000000, 25.65429687500000355, 0.4000000000000114575 ) ) ;
#668 = DIRECTION ( 'NONE',  ( 1.000000000000000000, 0.000000000000000000, 0.000000000000000000 ) ) ;
#669 = EDGE_CURVE ( 'NONE', #1314, #755, #3979, .T. ) ;
#670 = CARTESIAN_POINT ( 'NONE',  ( 36.69635799798229669, 13.15429687500000355, 4.000000000000000000 ) ) ;
#671 = ORIENTED_EDGE ( 'NONE', *, *, #5847, .T. ) ;
#672 = CARTESIAN_POINT ( 'NONE',  ( 31.93211713789932560, 20.80448725967914925, 1.500000000000000444 ) ) ;
#673 = ORIENTED_EDGE ( 'NONE', *, *, #141, .T. ) ;
#674 = LINE ( 'NONE', #1170, #526 ) ;
#675 = PLANE ( 'NONE',  #4567 ) ;
#676 = EDGE_CURVE ( 'NONE', #3223, #2775, #1129, .T. ) ;
#677 = VERTEX_POINT ( 'NONE', #1095 ) ;
#678 = ORIENTED_EDGE ( 'NONE', *, *, #1229, .F. ) ;
#679 = LINE ( 'NONE', #5406, #5958 ) ;
#680 = LINE ( 'NONE', #5800, #5080 ) ;
#681 = FACE_OUTER_BOUND ( 'NONE', #1638, .T. ) ;
#682 = EDGE_CURVE ( 'NONE', #4401, #2638, #664, .T. ) ;
#683 = CARTESIAN_POINT ( 'NONE',  ( -30.01788286210068435, 20.78641401289933910, 1.500000000000000444 ) ) ;
#684 = PERSON ( 'UNSPECIFIED', 'UNSPECIFIED', 'UNSPECIFIED', ('UNSPECIFIED'), ('UNSPECIFIED'), ('UNSPECIFIED') ) ;
#685 = ORIENTED_EDGE ( 'NONE', *, *, #1025, .T. ) ;
#686 = CARTESIAN_POINT ( 'NONE',  ( 0.000000000000000000, 20.78641401289933910, 0.000000000000000000 ) ) ;
#687 = VERTEX_POINT ( 'NONE', #1224 ) ;
#688 = CARTESIAN_POINT ( 'NONE',  ( 15.98211713789931387, 20.78641401289933910, 0.5000000000000004441 ) ) ;
#689 = ORIENTED_EDGE ( 'NONE', *, *, #771, .F. ) ;
#690 = DIRECTION ( 'NONE',  ( -1.000000000000000000, -0.000000000000000000, -0.000000000000000000 ) ) ;
#691 = EDGE_CURVE ( 'NONE', #4459, #180, #3049, .T. ) ;
#692 = LINE ( 'NONE', #4462, #4463 ) ;
#693 = CARTESIAN_POINT ( 'NONE',  ( -38.75000000000000000, 13.15429687499999289, 4.000000000000000000 ) ) ;
#694 = ORIENTED_EDGE ( 'NONE', *, *, #2876, .F. ) ;
#695 = ORIENTED_EDGE ( 'NONE', *, *, #4622, .F. ) ;
#696 = AXIS2_PLACEMENT_3D ( 'NONE', #1975, #4867, #3857 ) ;
#697 = FACE_OUTER_BOUND ( 'NONE', #5262, .T. ) ;
#698 = CARTESIAN_POINT ( 'NONE',  ( -38.75000000000000000, 13.15429687499999289, 4.000000000000000000 ) ) ;
#699 = VECTOR ( 'NONE', #5913, 1000.000000000000000 ) ;
#700 = DIRECTION ( 'NONE',  ( 1.000000000000000000, -1.734723475976806709E-18, 0.000000000000000000 ) ) ;
#701 = ORIENTED_EDGE ( 'NONE', *, *, #3149, .F. ) ;
#702 = DIRECTION ( 'NONE',  ( -1.000000000000000000, 0.000000000000000000, 0.000000000000000000 ) ) ;
#703 = ORIENTED_EDGE ( 'NONE', *, *, #1607, .F. ) ;
#704 = VECTOR ( 'NONE', #6054, 1000.000000000000000 ) ;
#705 = LINE ( 'NONE', #2511, #2408 ) ;
#706 = EDGE_CURVE ( 'NONE', #1250, #3938, #4497, .T. ) ;
#707 = EDGE_CURVE ( 'NONE', #4889, #1873, #758, .T. ) ;
#708 = VECTOR ( 'NONE', #4363, 1000.000000000000000 ) ;
#709 = CARTESIAN_POINT ( 'NONE',  ( 32.58211713789932418, 22.78641401289933910, 0.5000000000000004441 ) ) ;
#710 = ORIENTED_EDGE ( 'NONE', *, *, #1467, .T. ) ;
#711 = VECTOR ( 'NONE', #1671, 1000.000000000000000 ) ;
#712 = ORIENTED_EDGE ( 'NONE', *, *, #5434, .F. ) ;
#713 = DIRECTION ( 'NONE',  ( -0.000000000000000000, -0.000000000000000000, 1.000000000000000000 ) ) ;
#714 = DIRECTION ( 'NONE',  ( 0.000000000000000000, -0.000000000000000000, 1.000000000000000000 ) ) ;
#715 = EDGE_CURVE ( 'NONE', #3447, #4842, #201, .T. ) ;
#716 = DIRECTION ( 'NONE',  ( 0.000000000000000000, 0.000000000000000000, -1.000000000000000000 ) ) ;
#717 = VECTOR ( 'NONE', #162, 1000.000000000000000 ) ;
#718 = CARTESIAN_POINT ( 'NONE',  ( 45.85000000000000142, 24.65429687500000711, 6.000000000000000000 ) ) ;
#719 = EDGE_LOOP ( 'NONE', ( #5942, #4595, #3602 ) ) ;
#720 = CARTESIAN_POINT ( 'NONE',  ( -38.75000000000000000, 15.48641401289933661, -2.999999999999999112 ) ) ;
#721 = FACE_OUTER_BOUND ( 'NONE', #5971, .T. ) ;
#722 = EDGE_CURVE ( 'NONE', #5685, #3393, #2183, .T. ) ;
#723 = ORIENTED_EDGE ( 'NONE', *, *, #4513, .F. ) ;
#724 = PLANE ( 'NONE',  #2788 ) ;
#725 = DIRECTION ( 'NONE',  ( 0.000000000000000000, -1.000000000000000000, 0.000000000000000000 ) ) ;
#726 = CARTESIAN_POINT ( 'NONE',  ( 16.61788286210067511, 16.07582173911839263, 1.500000000000000444 ) ) ;
#727 = VERTEX_POINT ( 'NONE', #4864 ) ;
#728 = EDGE_CURVE ( 'NONE', #5990, #789, #635, .T. ) ;
#729 = ORIENTED_EDGE ( 'NONE', *, *, #2048, .F. ) ;
#730 = CARTESIAN_POINT ( 'NONE',  ( 39.61788286210068577, 20.23277201088162514, 1.500000000000000444 ) ) ;
#731 = CARTESIAN_POINT ( 'NONE',  ( -9.303642002017713963, 13.15429687499999645, 1.500000000000000444 ) ) ;
#732 = DIRECTION ( 'NONE',  ( -0.000000000000000000, 0.000000000000000000, 1.000000000000000000 ) ) ;
#733 = ORIENTED_EDGE ( 'NONE', *, *, #343, .T. ) ;
#734 = CARTESIAN_POINT ( 'NONE',  ( -38.75000000000000000, 15.40793887701771858, 1.500000000000000444 ) ) ;
#735 = EDGE_LOOP ( 'NONE', ( #4506, #4537, #3849, #5253, #1324, #2559, #197, #3495, #404, #1546, #3124 ) ) ;
#736 = DIRECTION ( 'NONE',  ( -0.000000000000000000, -0.000000000000000000, -1.000000000000000000 ) ) ;
#737 = VECTOR ( 'NONE', #3904, 1000.000000000000000 ) ;
#738 = EDGE_CURVE ( 'NONE', #986, #4860, #1784, .T. ) ;
#739 = CARTESIAN_POINT ( 'NONE',  ( 6.582117137899329506, 16.07582173911838908, 2.499999999999999112 ) ) ;
#740 = VECTOR ( 'NONE', #751, 1000.000000000000000 ) ;
#741 = ORIENTED_EDGE ( 'NONE', *, *, #5662, .T. ) ;
#742 = EDGE_LOOP ( 'NONE', ( #144, #3035, #1622, #3781, #5073, #665 ) ) ;
#743 = LINE ( 'NONE', #2644, #1828 ) ;
#744 = EDGE_CURVE ( 'NONE', #1965, #49, #1354, .T. ) ;
#745 = DIRECTION ( 'NONE',  ( -0.000000000000000000, 1.000000000000000000, -0.000000000000000000 ) ) ;
#746 = VECTOR ( 'NONE', #2794, 1000.000000000000000 ) ;
#747 = VECTOR ( 'NONE', #1451, 1000.000000000000000 ) ;
#748 = FACE_OUTER_BOUND ( 'NONE', #373, .T. ) ;
#749 = DIRECTION ( 'NONE',  ( 0.000000000000000000, 1.000000000000000000, 0.000000000000000000 ) ) ;
#750 = ADVANCED_FACE ( 'NONE', ( #4560 ), #4652, .F. ) ;
#751 = DIRECTION ( 'NONE',  ( -0.000000000000000000, -0.000000000000000000, 1.000000000000000000 ) ) ;
#752 = ORIENTED_EDGE ( 'NONE', *, *, #3844, .F. ) ;
#753 = DIRECTION ( 'NONE',  ( 0.000000000000000000, -1.000000000000000000, 0.000000000000000000 ) ) ;
#754 = DIRECTION ( 'NONE',  ( 0.000000000000000000, 0.000000000000000000, 1.000000000000000000 ) ) ;
#755 = VERTEX_POINT ( 'NONE', #3666 ) ;
#756 = PLANE ( 'NONE',  #2882 ) ;
#757 = DIRECTION ( 'NONE',  ( -1.000000000000000000, 0.000000000000000000, 0.000000000000000000 ) ) ;
#758 = LINE ( 'NONE', #4922, #2433 ) ;
#759 = ORIENTED_EDGE ( 'NONE', *, *, #34, .F. ) ;
#760 = VECTOR ( 'NONE', #5505, 1000.000000000000000 ) ;
#761 = EDGE_LOOP ( 'NONE', ( #1855, #1006, #2895, #2303 ) ) ;
#762 = CARTESIAN_POINT ( 'NONE',  ( 50.55264859759966356, 22.70639604679944767, 1.297351402400501286 ) ) ;
#763 = DIRECTION ( 'NONE',  ( -0.000000000000000000, -0.000000000000000000, 1.000000000000000000 ) ) ;
#764 = EDGE_CURVE ( 'NONE', #2085, #5679, #330, .T. ) ;
#765 = CARTESIAN_POINT ( 'NONE',  ( 0.000000000000000000, 0.000000000000000000, 1.000000000000000000 ) ) ;
#766 = ORIENTED_EDGE ( 'NONE', *, *, #3691, .T. ) ;
#767 = DIRECTION ( 'NONE',  ( -0.000000000000000000, 0.000000000000000000, 1.000000000000000000 ) ) ;
#768 = ORIENTED_EDGE ( 'NONE', *, *, #2810, .T. ) ;
#769 = PLANE ( 'NONE',  #1715 ) ;
#770 = LINE ( 'NONE', #3712, #3090 ) ;
#771 = EDGE_CURVE ( 'NONE', #846, #2576, #1258, .T. ) ;
#772 = ORIENTED_EDGE ( 'NONE', *, *, #715, .F. ) ;
#773 = ORIENTED_EDGE ( 'NONE', *, *, #2923, .F. ) ;
#774 = DIRECTION ( 'NONE',  ( 0.000000000000000000, -0.7071067811865477948, -0.7071067811865473507 ) ) ;
#775 = EDGE_CURVE ( 'NONE', #5312, #4335, #2344, .T. ) ;
#776 = LINE ( 'NONE', #3161, #2926 ) ;
#777 = DIRECTION ( 'NONE',  ( 0.000000000000000000, 1.000000000000000000, 0.000000000000000000 ) ) ;
#778 = DIRECTION ( 'NONE',  ( 2.790120544412971957E-34, 1.608394988049539567E-16, -1.000000000000000000 ) ) ;
#779 = ORIENTED_EDGE ( 'NONE', *, *, #27, .T. ) ;
#780 = VERTEX_POINT ( 'NONE', #2278 ) ;
#781 = CARTESIAN_POINT ( 'NONE',  ( -43.50000000000000000, 0.000000000000000000, 0.3499999999999999223 ) ) ;
#782 = LINE ( 'NONE', #4554, #113 ) ;
#783 = ORIENTED_EDGE ( 'NONE', *, *, #2518, .F. ) ;
#784 = EDGE_CURVE ( 'NONE', #596, #2202, #5941, .T. ) ;
#785 = LINE ( 'NONE', #5973, #4167 ) ;
#786 = DIRECTION ( 'NONE',  ( -0.000000000000000000, -0.000000000000000000, 1.000000000000000000 ) ) ;
#787 = CARTESIAN_POINT ( 'NONE',  ( 45.85000000000000142, 24.65429687500000711, 6.000000000000000000 ) ) ;
#788 = EDGE_LOOP ( 'NONE', ( #3002, #5523, #2981, #2840, #2377, #832, #678, #1298, #1497, #3707 ) ) ;
#789 = VERTEX_POINT ( 'NONE', #1814 ) ;
#790 = CARTESIAN_POINT ( 'NONE',  ( 13.69635799798230202, 23.15429687499999289, 4.000000000000000000 ) ) ;
#791 = ADVANCED_FACE ( 'NONE', ( #5542 ), #4163, .T. ) ;
#792 = CARTESIAN_POINT ( 'NONE',  ( -36.49635799798226543, 13.15429687499999112, 6.000000000000000000 ) ) ;
#793 = LINE ( 'NONE', #433, #5963 ) ;
#794 = ORIENTED_EDGE ( 'NONE', *, *, #2158, .T. ) ;
#795 = LINE ( 'NONE', #4572, #5233 ) ;
#796 = VERTEX_POINT ( 'NONE', #2811 ) ;
#797 = CARTESIAN_POINT ( 'NONE',  ( -13.41788286210068115, 13.48641401289933661, 1.500000000000000444 ) ) ;
#798 = EDGE_CURVE ( 'NONE', #2658, #1446, #1381, .T. ) ;
#799 = VECTOR ( 'NONE', #570, 1000.000000000000000 ) ;
#800 = LINE ( 'NONE', #928, #426 ) ;
#801 = VECTOR ( 'NONE', #5021, 1000.000000000000000 ) ;
#802 = VERTEX_POINT ( 'NONE', #3144 ) ;
#803 = DIRECTION ( 'NONE',  ( 0.000000000000000000, 1.000000000000000000, 0.000000000000000000 ) ) ;
#804 = ORIENTED_EDGE ( 'NONE', *, *, #3663, .F. ) ;
#805 = VECTOR ( 'NONE', #4525, 1000.000000000000000 ) ;
#806 = CARTESIAN_POINT ( 'NONE',  ( -9.321524864118371667, 13.13641401289933874, 1.500000000000000444 ) ) ;
#807 = EDGE_CURVE ( 'NONE', #253, #3825, #5017, .T. ) ;
#808 = LINE ( 'NONE', #2707, #5830 ) ;
#809 = FACE_BOUND ( 'NONE', #5114, .T. ) ;
#810 = AXIS2_PLACEMENT_3D ( 'NONE', #1309, #5071, #1746 ) ;
#811 = ORIENTED_EDGE ( 'NONE', *, *, #1752, .T. ) ;
#812 = ORIENTED_EDGE ( 'NONE', *, *, #922, .T. ) ;
#813 = CARTESIAN_POINT ( 'NONE',  ( 39.25000000000000000, 13.15429687500000355, 4.000000000000000000 ) ) ;
#814 = CARTESIAN_POINT ( 'NONE',  ( 32.58211713789932418, 22.78641401289933910, 0.5000000000000004441 ) ) ;
#815 = ORIENTED_EDGE ( 'NONE', *, *, #1556, .T. ) ;
#816 = VECTOR ( 'NONE', #2013, 1000.000000000000000 ) ;
#817 = CARTESIAN_POINT ( 'NONE',  ( -9.321524864118371667, 13.13641401289933874, 1.500000000000000444 ) ) ;
#818 = FACE_OUTER_BOUND ( 'NONE', #4081, .T. ) ;
#819 = EDGE_CURVE ( 'NONE', #86, #956, #3699, .T. ) ;
#820 = VECTOR ( 'NONE', #1714, 1000.000000000000000 ) ;
#821 = PRODUCT_DEFINITION ( 'UNKNOWN', '', #4673, #1789 ) ;
#822 = CARTESIAN_POINT ( 'NONE',  ( 13.67847513588162833, 13.13641401289933874, 1.500000000000000444 ) ) ;
#823 = ORIENTED_EDGE ( 'NONE', *, *, #5494, .F. ) ;
#824 = ORIENTED_EDGE ( 'NONE', *, *, #2795, .F. ) ;
#825 = AXIS2_PLACEMENT_3D ( 'NONE', #1547, #2541, #211 ) ;
#826 = DIRECTION ( 'NONE',  ( 0.000000000000000000, -0.000000000000000000, 1.000000000000000000 ) ) ;
#827 = LINE ( 'NONE', #698, #2287 ) ;
#829 = VERTEX_POINT ( 'NONE', #5574 ) ;
#828 = EDGE_CURVE ( 'NONE', #4688, #3282, #3611, .T. ) ;
#830 = DIRECTION ( 'NONE',  ( 0.7071067811865505703, -0.4999999999999984457, -0.4999999999999971689 ) ) ;
#831 = ORIENTED_EDGE ( 'NONE', *, *, #3858, .F. ) ;
#832 = ORIENTED_EDGE ( 'NONE', *, *, #2069, .F. ) ;
#833 = DIRECTION ( 'NONE',  ( -0.000000000000000000, -0.000000000000000000, 1.000000000000000000 ) ) ;
#834 = DIRECTION ( 'NONE',  ( 0.000000000000000000, 0.000000000000000000, -1.000000000000000000 ) ) ;
#835 = EDGE_CURVE ( 'NONE', #4405, #3750, #5112, .T. ) ;
#836 = EDGE_LOOP ( 'NONE', ( #4909, #694, #4535, #4397 ) ) ;
#837 = VECTOR ( 'NONE', #4308, 1000.000000000000000 ) ;
#838 = DIRECTION ( 'NONE',  ( 0.7071067811865482389, -0.7071067811865469066, 0.000000000000000000 ) ) ;
#839 = ORIENTED_EDGE ( 'NONE', *, *, #2122, .F. ) ;
#840 = CARTESIAN_POINT ( 'NONE',  ( 14.23211713789931210, 15.50448725967914676, 0.5000000000000004441 ) ) ;
#841 = VECTOR ( 'NONE', #2672, 1000.000000000000000 ) ;
#842 = LINE ( 'NONE', #2332, #3773 ) ;
#843 = AXIS2_PLACEMENT_3D ( 'NONE', #4436, #4928, #700 ) ;
#844 = EDGE_CURVE ( 'NONE', #3409, #5139, #2774, .T. ) ;
#845 = ORIENTED_EDGE ( 'NONE', *, *, #325, .F. ) ;
#846 = VERTEX_POINT ( 'NONE', #6061 ) ;
#847 = CARTESIAN_POINT ( 'NONE',  ( 6.582117137899329506, 20.23277201088163224, 2.500000000000000000 ) ) ;
#848 = AXIS2_PLACEMENT_3D ( 'NONE', #5207, #3395, #1537 ) ;
#849 = LINE ( 'NONE', #3139, #3083 ) ;
#850 = LINE ( 'NONE', #2342, #1596 ) ;
#851 = CARTESIAN_POINT ( 'NONE',  ( -32.41788286210068293, 15.48641401289933661, 1.500000000000000444 ) ) ;
#852 = CARTESIAN_POINT ( 'NONE',  ( 39.25000000000000000, 13.15429687500000355, 4.000000000000000000 ) ) ;
#853 = ORIENTED_EDGE ( 'NONE', *, *, #4333, .F. ) ;
#854 = ORIENTED_EDGE ( 'NONE', *, *, #4716, .F. ) ;
#855 = CARTESIAN_POINT ( 'NONE',  ( -36.41788286210068293, 20.78641401289933910, 0.5000000000000004441 ) ) ;
#856 = DIRECTION ( 'NONE',  ( 0.7071067811865469066, 0.7071067811865482389, 0.000000000000000000 ) ) ;
#857 = ORIENTED_EDGE ( 'NONE', *, *, #3873, .F. ) ;
#858 = FACE_OUTER_BOUND ( 'NONE', #461, .T. ) ;
#859 = ORIENTED_EDGE ( 'NONE', *, *, #819, .F. ) ;
#860 = ORIENTED_EDGE ( 'NONE', *, *, #5479, .F. ) ;
#861 = DIRECTION ( 'NONE',  ( -0.000000000000000000, -0.000000000000000000, 1.000000000000000000 ) ) ;
#862 = VECTOR ( 'NONE', #4735, 1000.000000000000000 ) ;
#863 = EDGE_CURVE ( 'NONE', #5328, #3958, #1843, .T. ) ;
#864 = LINE ( 'NONE', #4666, #4760 ) ;
#865 = ADVANCED_FACE ( 'NONE', ( #3729 ), #4684, .F. ) ;
#866 = VERTEX_POINT ( 'NONE', #822 ) ;
#867 = FACE_OUTER_BOUND ( 'NONE', #1226, .T. ) ;
#868 = EDGE_LOOP ( 'NONE', ( #605, #3381, #4504, #2564 ) ) ;
#869 = DIRECTION ( 'NONE',  ( -0.000000000000000000, 1.000000000000000000, -0.000000000000000000 ) ) ;
#870 = EDGE_CURVE ( 'NONE', #5759, #4296, #2720, .T. ) ;
#871 = DIRECTION ( 'NONE',  ( -1.000000000000000000, 0.000000000000000000, 0.000000000000000000 ) ) ;
#872 = DIRECTION ( 'NONE',  ( 0.000000000000000000, -0.000000000000000000, 1.000000000000000000 ) ) ;
#873 = DIRECTION ( 'NONE',  ( 0.000000000000000000, -0.000000000000000000, 1.000000000000000000 ) ) ;
#874 = ORIENTED_EDGE ( 'NONE', *, *, #3827, .T. ) ;
#875 = DIRECTION ( 'NONE',  ( 0.000000000000000000, 1.000000000000000000, 0.000000000000000000 ) ) ;
#876 = DIRECTION ( 'NONE',  ( -0.000000000000000000, -0.000000000000000000, 1.000000000000000000 ) ) ;
#877 = ADVANCED_FACE ( 'NONE', ( #44 ), #1901, .T. ) ;
#878 = MANIFOLD_SOLID_BREP ( 'Cut-Extrude16', #4292 ) ;
#879 = LINE ( 'NONE', #390, #2393 ) ;
#880 = CARTESIAN_POINT ( 'NONE',  ( -36.41788286210068293, 20.78641401289933910, 1.500000000000000444 ) ) ;
#881 = CARTESIAN_POINT ( 'NONE',  ( 9.521524864118370957, 23.17217973710068080, 4.000000000000000000 ) ) ;
#882 = VERTEX_POINT ( 'NONE', #15 ) ;
#883 = ORIENTED_EDGE ( 'NONE', *, *, #3754, .F. ) ;
#884 = DIRECTION ( 'NONE',  ( 0.000000000000000000, 0.000000000000000000, 1.000000000000000000 ) ) ;
#885 = EDGE_CURVE ( 'NONE', #5767, #2489, #2462, .T. ) ;
#886 = CARTESIAN_POINT ( 'NONE',  ( -43.25000000000000000, 23.15429687500000355, 0.3499999999999999223 ) ) ;
#887 = EDGE_LOOP ( 'NONE', ( #1056, #5720, #5977, #560 ) ) ;
#888 = CARTESIAN_POINT ( 'NONE',  ( 45.84999999999998721, 25.25429687499997655, 0.000000000000000000 ) ) ;
#889 = ADVANCED_FACE ( 'NONE', ( #5261 ), #5695, .F. ) ;
#890 = ORIENTED_EDGE ( 'NONE', *, *, #5339, .T. ) ;
#891 = VERTEX_POINT ( 'NONE', #3389 ) ;
#892 = DIRECTION ( 'NONE',  ( 0.7071067811865479058, -0.7071067811865471286, 0.000000000000000000 ) ) ;
#893 = CARTESIAN_POINT ( 'NONE',  ( -36.41788286210068293, 15.48641401289933661, 1.500000000000000444 ) ) ;
#894 = EDGE_LOOP ( 'NONE', ( #365, #1389, #88, #82, #6096, #1757, #3404, #5727 ) ) ;
#895 = CC_DESIGN_PERSON_AND_ORGANIZATION_ASSIGNMENT ( #1955, #4818, ( #4374 ) ) ;
#896 = DIRECTION ( 'NONE',  ( 0.000000000000000000, 0.000000000000000000, 1.000000000000000000 ) ) ;
#897 = ORIENTED_EDGE ( 'NONE', *, *, #3479, .T. ) ;
#898 = CARTESIAN_POINT ( 'NONE',  ( -45.61666666666667425, 25.38763020833334139, 0.2666666666666850927 ) ) ;
#899 = VECTOR ( 'NONE', #3180, 1000.000000000000000 ) ;
#900 = CARTESIAN_POINT ( 'NONE',  ( 36.67847513588163366, 13.13641401289933874, 6.000000000000000000 ) ) ;
#901 = LINE ( 'NONE', #4214, #2105 ) ;
#902 = VECTOR ( 'NONE', #5026, 1000.000000000000000 ) ;
#903 = DIRECTION ( 'NONE',  ( 0.000000000000000000, 0.000000000000000000, -1.000000000000000000 ) ) ;
#904 = VECTOR ( 'NONE', #5170, 1000.000000000000000 ) ;
#905 = VERTEX_POINT ( 'NONE', #974 ) ;
#906 = EDGE_CURVE ( 'NONE', #951, #6020, #5201, .T. ) ;
#907 = PLANE ( 'NONE',  #376 ) ;
#908 = CARTESIAN_POINT ( 'NONE',  ( 46.25000000000000000, 13.90429687500000355, 5.600000000000018296 ) ) ;
#909 = LINE ( 'NONE', #6088, #5048 ) ;
#910 = VECTOR ( 'NONE', #1988, 1000.000000000000000 ) ;
#911 = CARTESIAN_POINT ( 'NONE',  ( 8.932117137899313164, 20.78641401289933910, 0.000000000000000000 ) ) ;
#912 = EDGE_CURVE ( 'NONE', #3717, #3359, #2434, .T. ) ;
#913 = DIRECTION ( 'NONE',  ( -0.000000000000000000, -0.000000000000000000, 1.000000000000000000 ) ) ;
#914 = EDGE_LOOP ( 'NONE', ( #4997, #5403, #3184, #4610 ) ) ;
#915 = VECTOR ( 'NONE', #5482, 1000.000000000000000 ) ;
#916 = CARTESIAN_POINT ( 'NONE',  ( 6.582117137899329506, 16.07582173911838908, 4.000000000000000000 ) ) ;
#917 = VERTEX_POINT ( 'NONE', #4713 ) ;
#918 = CARTESIAN_POINT ( 'NONE',  ( -9.321524864118371667, 13.13641401289933874, 2.499999999999998668 ) ) ;
#919 = LINE ( 'NONE', #4630, #4448 ) ;
#920 = AXIS2_PLACEMENT_3D ( 'NONE', #422, #5541, #4191 ) ;
#921 = VECTOR ( 'NONE', #833, 1000.000000000000000 ) ;
#922 = EDGE_CURVE ( 'NONE', #5413, #3825, #3358, .T. ) ;
#923 = DIRECTION ( 'NONE',  ( -0.000000000000000000, -0.000000000000000000, 1.000000000000000000 ) ) ;
#924 = VERTEX_POINT ( 'NONE', #3789 ) ;
#925 = ORIENTED_EDGE ( 'NONE', *, *, #2783, .T. ) ;
#926 = APPROVAL_PERSON_ORGANIZATION ( #3435, #375, #2916 ) ;
#927 = DIRECTION ( 'NONE',  ( -1.000000000000000000, -0.000000000000000000, -0.000000000000000000 ) ) ;
#928 = CARTESIAN_POINT ( 'NONE',  ( 36.58211713789932418, 20.78641401289933910, 1.500000000000000444 ) ) ;
#929 = VERTEX_POINT ( 'NONE', #1445 ) ;
#930 = DIRECTION ( 'NONE',  ( 1.000000000000000000, 1.334402673828313339E-16, -0.000000000000000000 ) ) ;
#931 = ORIENTED_EDGE ( 'NONE', *, *, #1066, .F. ) ;
#932 = DIRECTION ( 'NONE',  ( -1.000000000000000000, -0.000000000000000000, -0.000000000000000000 ) ) ;
#933 = CARTESIAN_POINT ( 'NONE',  ( -30.01788286210068435, 15.50448725967914676, 0.5000000000000004441 ) ) ;
#934 = DIRECTION ( 'NONE',  ( -1.000000000000000000, -8.896017825522088106E-17, 0.000000000000000000 ) ) ;
#935 = VECTOR ( 'NONE', #4398, 1000.000000000000000 ) ;
#936 = VECTOR ( 'NONE', #5678, 1000.000000000000000 ) ;
#937 = DIRECTION ( 'NONE',  ( -0.000000000000000000, -0.000000000000000000, 1.000000000000000000 ) ) ;
#938 = ORIENTED_EDGE ( 'NONE', *, *, #3535, .T. ) ;
#939 = LINE ( 'NONE', #4708, #4897 ) ;
#940 = FACE_OUTER_BOUND ( 'NONE', #1172, .T. ) ;
#941 = AXIS2_PLACEMENT_3D ( 'NONE', #1763, #4141, #1852 ) ;
#942 = DIRECTION ( 'NONE',  ( 1.000000000000000000, -1.734723475976806709E-18, -0.000000000000000000 ) ) ;
#943 = EDGE_CURVE ( 'NONE', #4280, #5422, #5226, .T. ) ;
#944 = LINE ( 'NONE', #880, #4954 ) ;
#945 = VECTOR ( 'NONE', #256, 1000.000000000000000 ) ;
#946 = EDGE_CURVE ( 'NONE', #2604, #5990, #538, .T. ) ;
#947 = AXIS2_PLACEMENT_3D ( 'NONE', #4464, #3944, #4955 ) ;
#948 = CARTESIAN_POINT ( 'NONE',  ( -15.79999999999999538, 15.45793887701771219, 3.999999999999999112 ) ) ;
#949 = ORIENTED_EDGE ( 'NONE', *, *, #3500, .T. ) ;
#950 = DIRECTION ( 'NONE',  ( 0.7071067811865479058, -0.7071067811865471286, 0.000000000000000000 ) ) ;
#951 = VERTEX_POINT ( 'NONE', #2863 ) ;
#952 = VECTOR ( 'NONE', #5927, 1000.000000000000000 ) ;
#953 = DIRECTION ( 'NONE',  ( 1.000000000000000000, 0.000000000000000000, -0.000000000000000000 ) ) ;
#954 = ADVANCED_FACE ( 'NONE', ( #5173 ), #6090, .F. ) ;
#955 = FACE_OUTER_BOUND ( 'NONE', #175, .T. ) ;
#956 = VERTEX_POINT ( 'NONE', #948 ) ;
#957 = ORIENTED_EDGE ( 'NONE', *, *, #4356, .T. ) ;
#958 = DIRECTION ( 'NONE',  ( -0.000000000000000000, 1.000000000000000000, -0.000000000000000000 ) ) ;
#959 = DIRECTION ( 'NONE',  ( -0.000000000000000000, -0.000000000000000000, 1.000000000000000000 ) ) ;
#960 = VECTOR ( 'NONE', #3043, 1000.000000000000000 ) ;
#961 = ORIENTED_EDGE ( 'NONE', *, *, #4598, .T. ) ;
#962 = DIRECTION ( 'NONE',  ( 0.000000000000000000, -1.000000000000000000, 0.000000000000000000 ) ) ;
#963 = ORIENTED_EDGE ( 'NONE', *, *, #3564, .T. ) ;
#964 = DIRECTION ( 'NONE',  ( -0.000000000000000000, -0.000000000000000000, 1.000000000000000000 ) ) ;
#965 = VECTOR ( 'NONE', #475, 1000.000000000000000 ) ;
#966 = CARTESIAN_POINT ( 'NONE',  ( -43.25000000000000000, 13.15429687500000355, 0.5999999999999999778 ) ) ;
#967 = DIRECTION ( 'NONE',  ( 1.000000000000000000, 0.000000000000000000, 0.000000000000000000 ) ) ;
#968 = DIRECTION ( 'NONE',  ( 0.000000000000000000, 0.000000000000000000, -1.000000000000000000 ) ) ;
#969 = ORIENTED_EDGE ( 'NONE', *, *, #3414, .T. ) ;
#970 = LINE ( 'NONE', #5687, #3032 ) ;
#971 = CARTESIAN_POINT ( 'NONE',  ( -13.49635799798227609, 13.15429687499999645, 1.500000000000000444 ) ) ;
#972 = CARTESIAN_POINT ( 'NONE',  ( 13.67847513588162833, 13.13641401289933874, 1.500000000000000444 ) ) ;
#973 = PLANE ( 'NONE',  #920 ) ;
#974 = CARTESIAN_POINT ( 'NONE',  ( 45.85000000000000142, 11.65429687500000533, 6.000000000000000000 ) ) ;
#975 = ORIENTED_EDGE ( 'NONE', *, *, #311, .T. ) ;
#976 = DIRECTION ( 'NONE',  ( 0.7071067811865469066, 0.7071067811865482389, 0.000000000000000000 ) ) ;
#977 = EDGE_CURVE ( 'NONE', #4879, #846, #507, .T. ) ;
#978 = ORIENTED_EDGE ( 'NONE', *, *, #4607, .T. ) ;
#979 = CARTESIAN_POINT ( 'NONE',  ( -38.75000000000000000, 0.000000000000000000, 1.500000000000000444 ) ) ;
#980 = DIRECTION ( 'NONE',  ( -1.000000000000000000, 0.000000000000000000, -0.000000000000000000 ) ) ;
#981 = VERTEX_POINT ( 'NONE', #2896 ) ;
#982 = EDGE_CURVE ( 'NONE', #4865, #4688, #1530, .T. ) ;
#983 = ORIENTED_EDGE ( 'NONE', *, *, #3064, .T. ) ;
#984 = DIRECTION ( 'NONE',  ( -0.000000000000000000, -0.000000000000000000, 1.000000000000000000 ) ) ;
#985 = DIRECTION ( 'NONE',  ( 1.000000000000000000, -1.734723475976806709E-18, -0.000000000000000000 ) ) ;
#986 = VERTEX_POINT ( 'NONE', #2401 ) ;
#987 = EDGE_CURVE ( 'NONE', #3805, #269, #568, .T. ) ;
#988 = CARTESIAN_POINT ( 'NONE',  ( -8.767882862100687902, 15.48641401289933661, 0.000000000000000000 ) ) ;
#989 = ORIENTED_EDGE ( 'NONE', *, *, #3479, .F. ) ;
#990 = CARTESIAN_POINT ( 'NONE',  ( -32.32152486411837344, 13.13641401289933874, 6.000000000000000000 ) ) ;
#991 = CARTESIAN_POINT ( 'NONE',  ( -6.382117137899323112, 20.23277201088162514, 4.000000000000000000 ) ) ;
#992 = DATE_AND_TIME ( #3460, #5747 ) ;
#993 = CARTESIAN_POINT ( 'NONE',  ( -16.41788286210066872, 16.07582173911838908, 1.500000000000000444 ) ) ;
#994 = VERTEX_POINT ( 'NONE', #100 ) ;
#995 = ADVANCED_FACE ( 'NONE', ( #4279 ), #1992, .F. ) ;
#996 = FACE_OUTER_BOUND ( 'NONE', #2857, .T. ) ;
#997 = AXIS2_PLACEMENT_3D ( 'NONE', #1385, #2316, #884 ) ;
#998 = CARTESIAN_POINT ( 'NONE',  ( -38.81788286210068151, 15.48641401289933661, 0.5000000000000004441 ) ) ;
#999 = CARTESIAN_POINT ( 'NONE',  ( 39.25000000000000000, 23.15429687500000000, 4.000000000000000000 ) ) ;
#1000 = PLANE ( 'NONE',  #227 ) ;
#1001 = VECTOR ( 'NONE', #3579, 1000.000000000000000 ) ;
#1002 = VERTEX_POINT ( 'NONE', #4247 ) ;
#1003 = CARTESIAN_POINT ( 'NONE',  ( -8.767882862100687902, 20.78641401289933910, 0.5000000000000004441 ) ) ;
#1004 = VERTEX_POINT ( 'NONE', #4221 ) ;
#1005 = DIRECTION ( 'NONE',  ( 0.7071067811865482389, -0.7071067811865469066, 0.000000000000000000 ) ) ;
#1006 = ORIENTED_EDGE ( 'NONE', *, *, #707, .F. ) ;
#1007 = AXIS2_PLACEMENT_3D ( 'NONE', #999, #1526, #3355 ) ;
#1008 = DIRECTION ( 'NONE',  ( -1.000000000000000000, 0.000000000000000000, 0.000000000000000000 ) ) ;
#1009 = AXIS2_PLACEMENT_3D ( 'NONE', #1223, #267, #2153 ) ;
#1010 = DIRECTION ( 'NONE',  ( 0.000000000000000000, 1.000000000000000000, 0.000000000000000000 ) ) ;
#1011 = ORIENTED_EDGE ( 'NONE', *, *, #5302, .T. ) ;
#1012 = ORIENTED_EDGE ( 'NONE', *, *, #1871, .T. ) ;
#1013 = VECTOR ( 'NONE', #5197, 1000.000000000000000 ) ;
#1014 = CARTESIAN_POINT ( 'NONE',  ( 9.582117137899318848, 15.48641401289933661, 1.500000000000000444 ) ) ;
#1016 = FACE_OUTER_BOUND ( 'NONE', #3621, .T. ) ;
#1015 = AXIS2_PLACEMENT_3D ( 'NONE', #411, #2334, #2766 ) ;
#1017 = DIRECTION ( 'NONE',  ( -0.7071067811865352493, 0.7071067811865597852, 0.000000000000000000 ) ) ;
#1018 = ADVANCED_FACE ( 'NONE', ( #3757 ), #5631, .F. ) ;
#1019 = ORIENTED_EDGE ( 'NONE', *, *, #5234, .F. ) ;
#1020 = FACE_OUTER_BOUND ( 'NONE', #3648, .T. ) ;
#1021 = EDGE_LOOP ( 'NONE', ( #5503, #380, #3612, #3507 ) ) ;
#1022 = VECTOR ( 'NONE', #3458, 1000.000000000000000 ) ;
#1023 = LINE ( 'NONE', #5619, #3517 ) ;
#1024 = LINE ( 'NONE', #121, #421 ) ;
#1025 = EDGE_CURVE ( 'NONE', #2271, #5437, #3010, .T. ) ;
#1026 = ORIENTED_EDGE ( 'NONE', *, *, #3433, .F. ) ;
#1027 = CARTESIAN_POINT ( 'NONE',  ( 32.58211713789932418, 20.78641401289933910, 0.5000000000000004441 ) ) ;
#1028 = LINE ( 'NONE', #534, #4488 ) ;
#1029 = CARTESIAN_POINT ( 'NONE',  ( 69.00000000000000000, 15.48641401289933661, 0.000000000000000000 ) ) ;
#1030 = EDGE_CURVE ( 'NONE', #4699, #4612, #3911, .T. ) ;
#1031 = LINE ( 'NONE', #2925, #1512 ) ;
#1032 = VERTEX_POINT ( 'NONE', #2584 ) ;
#1033 = DIRECTION ( 'NONE',  ( 1.000000000000000000, -1.734723475976806709E-18, 0.000000000000000000 ) ) ;
#1034 = ORIENTED_EDGE ( 'NONE', *, *, #96, .T. ) ;
#1035 = LINE ( 'NONE', #2956, #799 ) ;
#1036 = AXIS2_PLACEMENT_3D ( 'NONE', #3224, #838, #2294 ) ;
#1037 = ORIENTED_EDGE ( 'NONE', *, *, #744, .F. ) ;
#1038 = DIRECTION ( 'NONE',  ( -1.000000000000000000, -8.896017825522088106E-17, 0.000000000000000000 ) ) ;
#1039 = AXIS2_PLACEMENT_3D ( 'NONE', #1868, #4736, #4362 ) ;
#1040 = VECTOR ( 'NONE', #1865, 1000.000000000000000 ) ;
#1041 = PLANE ( 'NONE',  #848 ) ;
#1042 = EDGE_CURVE ( 'NONE', #2202, #1384, #4916, .T. ) ;
#1043 = ORIENTED_EDGE ( 'NONE', *, *, #1450, .T. ) ;
#1044 = VERTEX_POINT ( 'NONE', #194 ) ;
#1045 = DIRECTION ( 'NONE',  ( 0.000000000000000000, 1.000000000000000000, -0.000000000000000000 ) ) ;
#1046 = VECTOR ( 'NONE', #5483, 1000.000000000000000 ) ;
#1047 = CARTESIAN_POINT ( 'NONE',  ( 39.25000000000000000, 22.40429687500000355, 1.000000000000000000 ) ) ;
#1048 = EDGE_CURVE ( 'NONE', #4075, #2879, #1218, .T. ) ;
#1049 = ORIENTED_EDGE ( 'NONE', *, *, #5046, .F. ) ;
#1050 = FACE_OUTER_BOUND ( 'NONE', #2648, .T. ) ;
#1051 = ORIENTED_EDGE ( 'NONE', *, *, #3382, .F. ) ;
#1052 = LINE ( 'NONE', #3954, #5159 ) ;
#1053 = EDGE_CURVE ( 'NONE', #5857, #5274, #4368, .T. ) ;
#1054 = DIRECTION ( 'NONE',  ( 0.5773502691896458261, -0.5773502691896258421, -0.5773502691896057470 ) ) ;
#1055 = PERSON_AND_ORGANIZATION ( #684, #2212 ) ;
#1056 = ORIENTED_EDGE ( 'NONE', *, *, #1396, .F. ) ;
#1057 = LINE ( 'NONE', #3994, #4687 ) ;
#1058 = LINE ( 'NONE', #2456, #251 ) ;
#1059 = EDGE_CURVE ( 'NONE', #3129, #1701, #4455, .T. ) ;
#1060 = LINE ( 'NONE', #2047, #2984 ) ;
#1061 = CARTESIAN_POINT ( 'NONE',  ( 37.23211713789931565, 15.48641401289933661, 0.000000000000000000 ) ) ;
#1062 = VERTEX_POINT ( 'NONE', #4035 ) ;
#1063 = DIRECTION ( 'NONE',  ( 0.000000000000000000, -0.000000000000000000, -1.000000000000000000 ) ) ;
#1064 = ORIENTED_EDGE ( 'NONE', *, *, #519, .F. ) ;
#1065 = LINE ( 'NONE', #4741, #3762 ) ;
#1066 = EDGE_CURVE ( 'NONE', #3700, #3692, #658, .T. ) ;
#1067 = ORIENTED_EDGE ( 'NONE', *, *, #1467, .F. ) ;
#1068 = PLANE ( 'NONE',  #4845 ) ;
#1069 = DIRECTION ( 'NONE',  ( -0.7071067811865369146, -0.5000000000000082157, -0.5000000000000069944 ) ) ;
#1070 = ORIENTED_EDGE ( 'NONE', *, *, #5637, .F. ) ;
#1071 = EDGE_LOOP ( 'NONE', ( #5560, #2687, #4042, #455 ) ) ;
#1072 = LINE ( 'NONE', #1099, #4839 ) ;
#1073 = PLANE ( 'NONE',  #1191 ) ;
#1074 = EDGE_CURVE ( 'NONE', #399, #5855, #5839, .T. ) ;
#1075 = EDGE_LOOP ( 'NONE', ( #2534, #1699, #1140, #4339, #4915, #4472, #3375, #1860 ) ) ;
#1076 = PLANE ( 'NONE',  #825 ) ;
#1077 = ORIENTED_EDGE ( 'NONE', *, *, #1450, .F. ) ;
#1078 = CARTESIAN_POINT ( 'NONE',  ( -37.06788286210068151, 20.80448725967914925, 0.5000000000000004441 ) ) ;
#1079 = CARTESIAN_POINT ( 'NONE',  ( -36.41788286210068293, 22.78641401289933910, 1.500000000000000444 ) ) ;
#1080 = APPLICATION_PROTOCOL_DEFINITION ( 'international standard', 'config_control_design', 1994, #1949 ) ;
#1081 = ORIENTED_EDGE ( 'NONE', *, *, #104, .T. ) ;
#1082 = CARTESIAN_POINT ( 'NONE',  ( 46.25000000000000000, 25.25429687500001918, 4.834314575050767004 ) ) ;
#1083 = DIRECTION ( 'NONE',  ( 1.000000000000000000, 0.000000000000000000, 0.000000000000000000 ) ) ;
#1084 = FACE_OUTER_BOUND ( 'NONE', #4644, .T. ) ;
#1085 = CARTESIAN_POINT ( 'NONE',  ( 8.932117137899320269, 15.48641401289933661, 0.5000000000000004441 ) ) ;
#1086 = EDGE_CURVE ( 'NONE', #802, #1137, #2051, .T. ) ;
#1087 = ORIENTED_EDGE ( 'NONE', *, *, #603, .F. ) ;
#1088 = DIRECTION ( 'NONE',  ( 0.000000000000000000, -1.000000000000000000, 0.000000000000000000 ) ) ;
#1089 = EDGE_LOOP ( 'NONE', ( #4034, #1011, #2540, #854 ) ) ;
#1090 = LINE ( 'NONE', #3013, #502 ) ;
#1091 = ORIENTED_EDGE ( 'NONE', *, *, #3696, .T. ) ;
#1092 = AXIS2_PLACEMENT_3D ( 'NONE', #2982, #1684, #3506 ) ;
#1093 = DIRECTION ( 'NONE',  ( -0.000000000000000000, -0.000000000000000000, 1.000000000000000000 ) ) ;
#1094 = VECTOR ( 'NONE', #3486, 1000.000000000000000 ) ;
#1095 = CARTESIAN_POINT ( 'NONE',  ( -14.06788286210067973, 20.80448725967914925, 0.5000000000000004441 ) ) ;
#1096 = EDGE_LOOP ( 'NONE', ( #2756, #4307, #1241, #5374 ) ) ;
#1097 = VECTOR ( 'NONE', #2868, 1000.000000000000000 ) ;
#1098 = ORIENTED_EDGE ( 'NONE', *, *, #2866, .T. ) ;
#1099 = CARTESIAN_POINT ( 'NONE',  ( -29.38211713789932489, 16.07582173911839263, 1.500000000000000444 ) ) ;
#1100 = CARTESIAN_POINT ( 'NONE',  ( -32.32152486411838765, 23.17217973710068080, 1.500000000000000444 ) ) ;
#1101 = VECTOR ( 'NONE', #4623, 1000.000000000000000 ) ;
#1102 = EDGE_CURVE ( 'NONE', #2247, #2195, #4004, .T. ) ;
#1103 = CARTESIAN_POINT ( 'NONE',  ( 16.00000000000000000, 15.45793887701771219, 2.499999999999999112 ) ) ;
#1104 = ORIENTED_EDGE ( 'NONE', *, *, #1159, .T. ) ;
#1105 = LINE ( 'NONE', #2997, #3265 ) ;
#1106 = EDGE_LOOP ( 'NONE', ( #4919, #4180, #3931, #1151 ) ) ;
#1107 = VECTOR ( 'NONE', #2166, 1000.000000000000000 ) ;
#1108 = CARTESIAN_POINT ( 'NONE',  ( 46.25000000000000000, 22.40429687500000355, 1.000000000000000000 ) ) ;
#1109 = LINE ( 'NONE', #2574, #3580 ) ;
#1110 = VECTOR ( 'NONE', #2487, 1000.000000000000000 ) ;
#1111 = ORIENTED_EDGE ( 'NONE', *, *, #1211, .T. ) ;
#1112 = ORIENTED_EDGE ( 'NONE', *, *, #3050, .T. ) ;
#1113 = CARTESIAN_POINT ( 'NONE',  ( -45.35000000000000142, 25.65429687500000355, 5.000000000000000000 ) ) ;
#1114 = EDGE_CURVE ( 'NONE', #1260, #5943, #1652, .T. ) ;
#1115 = VECTOR ( 'NONE', #2570, 1000.000000000000000 ) ;
#1116 = CARTESIAN_POINT ( 'NONE',  ( 69.00000000000000000, 0.000000000000000000, 0.5000000000000004441 ) ) ;
#1117 = DIRECTION ( 'NONE',  ( 0.000000000000000000, 0.000000000000000000, -1.000000000000000000 ) ) ;
#1118 = CARTESIAN_POINT ( 'NONE',  ( -43.75000000000000000, 23.15429687500000355, 0.2500000000000000000 ) ) ;
#1119 = EDGE_CURVE ( 'NONE', #3402, #3938, #5412, .T. ) ;
#1120 = ORIENTED_EDGE ( 'NONE', *, *, #4683, .T. ) ;
#1121 = CARTESIAN_POINT ( 'NONE',  ( -32.32152486411838765, 23.17217973710068080, 1.500000000000000444 ) ) ;
#1122 = ORIENTED_EDGE ( 'NONE', *, *, #2847, .F. ) ;
#1123 = DIRECTION ( 'NONE',  ( 0.000000000000000000, -0.000000000000000000, 1.000000000000000000 ) ) ;
#1124 = ORIENTED_EDGE ( 'NONE', *, *, #1242, .F. ) ;
#1125 = EDGE_CURVE ( 'NONE', #1873, #5933, #4856, .T. ) ;
#1126 = DIRECTION ( 'NONE',  ( 0.000000000000000000, 0.000000000000000000, -1.000000000000000000 ) ) ;
#1127 = DIRECTION ( 'NONE',  ( -0.000000000000000000, -0.000000000000000000, 1.000000000000000000 ) ) ;
#1128 = VECTOR ( 'NONE', #2017, 1000.000000000000000 ) ;
#1129 = LINE ( 'NONE', #5389, #5969 ) ;
#1130 = ORIENTED_EDGE ( 'NONE', *, *, #2460, .F. ) ;
#1131 = ORIENTED_EDGE ( 'NONE', *, *, #5808, .T. ) ;
#1132 = CARTESIAN_POINT ( 'NONE',  ( 9.521524864118385167, 13.13641401289933697, 6.000000000000000000 ) ) ;
#1133 = EDGE_CURVE ( 'NONE', #5260, #2238, #5321, .T. ) ;
#1134 = DIRECTION ( 'NONE',  ( -0.000000000000000000, 1.000000000000000000, -0.000000000000000000 ) ) ;
#1135 = VECTOR ( 'NONE', #1210, 1000.000000000000000 ) ;
#1136 = CARTESIAN_POINT ( 'NONE',  ( -43.75000000000000000, 23.15429687500000355, 0.3499999999999999223 ) ) ;
#1137 = VERTEX_POINT ( 'NONE', #133 ) ;
#1138 = VECTOR ( 'NONE', #2409, 1000.000000000000000 ) ;
#1139 = FACE_OUTER_BOUND ( 'NONE', #3653, .T. ) ;
#1140 = ORIENTED_EDGE ( 'NONE', *, *, #439, .T. ) ;
#1141 = CARTESIAN_POINT ( 'NONE',  ( 9.521524864118370957, 23.17217973710068080, 6.000000000000000000 ) ) ;
#1142 = CARTESIAN_POINT ( 'NONE',  ( 32.58211713789932418, 13.48641401289933661, 0.5000000000000004441 ) ) ;
#1143 = ORIENTED_EDGE ( 'NONE', *, *, #4314, .F. ) ;
#1144 = EDGE_LOOP ( 'NONE', ( #5299, #2545, #4228, #2161 ) ) ;
#1145 = CARTESIAN_POINT ( 'NONE',  ( 13.67847513588161412, 23.17217973710068080, 6.000000000000000000 ) ) ;
#1146 = CARTESIAN_POINT ( 'NONE',  ( 9.521524864118370957, 23.17217973710068080, 1.500000000000000444 ) ) ;
#1147 = ADVANCED_FACE ( 'NONE', ( #4947 ), #2618, .T. ) ;
#1148 = CARTESIAN_POINT ( 'NONE',  ( 0.000000000000000000, 22.90429687500000355, 0.3499999999999999223 ) ) ;
#1149 = EDGE_CURVE ( 'NONE', #3444, #1660, #3937, .T. ) ;
#1150 = DIRECTION ( 'NONE',  ( 0.000000000000000000, 1.000000000000000000, 1.608394988049539567E-16 ) ) ;
#1151 = ORIENTED_EDGE ( 'NONE', *, *, #4328, .T. ) ;
#1152 = CARTESIAN_POINT ( 'NONE',  ( 13.67847513588162833, 13.13641401289933874, 4.000000000000000000 ) ) ;
#1153 = ORIENTED_EDGE ( 'NONE', *, *, #807, .T. ) ;
#1154 = CARTESIAN_POINT ( 'NONE',  ( 32.50364200201769904, 23.15429687500000000, 6.000000000000000000 ) ) ;
#1155 = VERTEX_POINT ( 'NONE', #1683 ) ;
#1156 = VECTOR ( 'NONE', #5772, 1000.000000000000000 ) ;
#1157 = FACE_OUTER_BOUND ( 'NONE', #4725, .T. ) ;
#1158 = CARTESIAN_POINT ( 'NONE',  ( 39.25000000000000000, 13.15429687500000355, 6.000000000000000000 ) ) ;
#1159 = EDGE_CURVE ( 'NONE', #1220, #1846, #3081, .T. ) ;
#1160 = DIRECTION ( 'NONE',  ( -1.000000000000000000, 0.000000000000000000, -0.000000000000000000 ) ) ;
#1161 = ORIENTED_EDGE ( 'NONE', *, *, #3978, .T. ) ;
#1162 = ORIENTED_EDGE ( 'NONE', *, *, #5931, .T. ) ;
#1163 = FACE_OUTER_BOUND ( 'NONE', #3714, .T. ) ;
#1164 = CARTESIAN_POINT ( 'NONE',  ( -13.41788286210068115, 15.48641401289933661, 1.500000000000000444 ) ) ;
#1165 = EDGE_CURVE ( 'NONE', #4896, #3246, #5778, .T. ) ;
#1166 = CARTESIAN_POINT ( 'NONE',  ( -38.75000000000000000, 22.40429687500000355, 4.000000000000000000 ) ) ;
#1167 = ORIENTED_EDGE ( 'NONE', *, *, #5053, .T. ) ;
#1168 = DIRECTION ( 'NONE',  ( 0.7071067811865479058, -0.7071067811865471286, 0.000000000000000000 ) ) ;
#1169 = ORIENTED_EDGE ( 'NONE', *, *, #5358, .F. ) ;
#1170 = CARTESIAN_POINT ( 'NONE',  ( -38.75000000000000000, 20.80448725967914925, 0.5000000000000004441 ) ) ;
#1171 = FACE_OUTER_BOUND ( 'NONE', #1144, .T. ) ;
#1172 = EDGE_LOOP ( 'NONE', ( #3732, #5664, #4733, #4956, #2101, #5473, #5513, #5536 ) ) ;
#1173 = ADVANCED_FACE ( 'NONE', ( #1315 ), #5475, .T. ) ;
#1174 = ORIENTED_EDGE ( 'NONE', *, *, #3351, .T. ) ;
#1175 = LINE ( 'NONE', #125, #1128 ) ;
#1176 = DIRECTION ( 'NONE',  ( -0.000000000000000000, -0.000000000000000000, 1.000000000000000000 ) ) ;
#1177 = DIRECTION ( 'NONE',  ( -0.7071067811865471286, -0.7071067811865479058, 0.000000000000000000 ) ) ;
#1178 = DIRECTION ( 'NONE',  ( -1.000000000000000000, -8.896017825522088106E-17, 0.000000000000000000 ) ) ;
#1179 = EDGE_CURVE ( 'NONE', #2210, #2966, #3233, .T. ) ;
#1180 = AXIS2_PLACEMENT_3D ( 'NONE', #5791, #1573, #3456 ) ;
#1181 = ORIENTED_EDGE ( 'NONE', *, *, #3558, .F. ) ;
#1182 = CARTESIAN_POINT ( 'NONE',  ( -30.01788286210068435, 20.78641401289933910, 1.500000000000000444 ) ) ;
#1183 = LINE ( 'NONE', #4491, #5038 ) ;
#1184 = VERTEX_POINT ( 'NONE', #6023 ) ;
#1185 = FACE_OUTER_BOUND ( 'NONE', #482, .T. ) ;
#1186 = DIRECTION ( 'NONE',  ( 0.000000000000000000, 1.000000000000000000, 0.000000000000000000 ) ) ;
#1187 = DIRECTION ( 'NONE',  ( 0.000000000000000000, -1.000000000000000000, 0.000000000000000000 ) ) ;
#1188 = ORIENTED_EDGE ( 'NONE', *, *, #5238, .T. ) ;
#1189 = ORIENTED_EDGE ( 'NONE', *, *, #1125, .F. ) ;
#1190 = EDGE_CURVE ( 'NONE', #401, #2879, #3259, .T. ) ;
#1191 = AXIS2_PLACEMENT_3D ( 'NONE', #4900, #668, #2566 ) ;
#1192 = LINE ( 'NONE', #855, #5724 ) ;
#1193 = CARTESIAN_POINT ( 'NONE',  ( 38.99999999999999289, 20.85065487298230735, 4.000000000000000000 ) ) ;
#1194 = ADVANCED_FACE ( 'NONE', ( #5107 ), #5011, .F. ) ;
#1195 = VECTOR ( 'NONE', #1093, 1000.000000000000000 ) ;
#1196 = LINE ( 'NONE', #3274, #5476 ) ;
#1197 = VERTEX_POINT ( 'NONE', #1778 ) ;
#1198 = LINE ( 'NONE', #4473, #2070 ) ;
#1199 = VERTEX_POINT ( 'NONE', #847 ) ;
#1200 = AXIS2_PLACEMENT_3D ( 'NONE', #419, #1377, #4158 ) ;
#1201 = CARTESIAN_POINT ( 'NONE',  ( 45.85000000000000142, 25.65429687500000355, 6.000000000000000000 ) ) ;
#1202 = AXIS2_PLACEMENT_3D ( 'NONE', #5716, #535, #5802 ) ;
#1203 = ADVANCED_FACE ( 'NONE', ( #4588 ), #3138, .F. ) ;
#1204 = DIRECTION ( 'NONE',  ( 0.000000000000000000, -1.000000000000000000, 0.000000000000000000 ) ) ;
#1205 = EDGE_CURVE ( 'NONE', #1044, #4090, #387, .T. ) ;
#1206 = ORIENTED_EDGE ( 'NONE', *, *, #4404, .F. ) ;
#1207 = VECTOR ( 'NONE', #4967, 1000.000000000000000 ) ;
#1208 = ORIENTED_EDGE ( 'NONE', *, *, #6100, .F. ) ;
#1209 = DIRECTION ( 'NONE',  ( 1.000000000000000000, 1.334402673828313339E-16, -0.000000000000000000 ) ) ;
#1210 = DIRECTION ( 'NONE',  ( -1.000000000000000000, 0.000000000000000000, 0.000000000000000000 ) ) ;
#1211 = EDGE_CURVE ( 'NONE', #3027, #5390, #3201, .T. ) ;
#1212 = DIRECTION ( 'NONE',  ( 1.000000000000000000, -0.000000000000000000, 0.000000000000000000 ) ) ;
#1213 = VECTOR ( 'NONE', #2400, 1000.000000000000000 ) ;
#1214 = CARTESIAN_POINT ( 'NONE',  ( -45.75000000000000000, 13.90429687500000355, 1.000000000000000000 ) ) ;
#1215 = AXIS2_PLACEMENT_3D ( 'NONE', #556, #117, #5824 ) ;
#1216 = FACE_OUTER_BOUND ( 'NONE', #6065, .T. ) ;
#1217 = VERTEX_POINT ( 'NONE', #4157 ) ;
#1218 = LINE ( 'NONE', #5805, #935 ) ;
#1219 = LINE ( 'NONE', #233, #1886 ) ;
#1220 = VERTEX_POINT ( 'NONE', #5968 ) ;
#1221 = EDGE_CURVE ( 'NONE', #2576, #1413, #5567, .T. ) ;
#1222 = DIRECTION ( 'NONE',  ( 1.000000000000000000, 0.000000000000000000, -0.000000000000000000 ) ) ;
#1223 = CARTESIAN_POINT ( 'NONE',  ( 8.932117137899320269, 15.48641401289933661, 0.5000000000000004441 ) ) ;
#1224 = CARTESIAN_POINT ( 'NONE',  ( 32.50364200201772746, 13.15429687500000178, 6.000000000000000000 ) ) ;
#1225 = ORIENTED_EDGE ( 'NONE', *, *, #2331, .F. ) ;
#1226 = EDGE_LOOP ( 'NONE', ( #4552, #4376, #5167, #5987 ) ) ;
#1227 = DIRECTION ( 'NONE',  ( 0.6785983445458594332, 0.2810846377148174535, -0.6785983445458358965 ) ) ;
#1228 = CARTESIAN_POINT ( 'NONE',  ( -37.06788286210068151, 20.80448725967914925, 0.5000000000000004441 ) ) ;
#1229 = EDGE_CURVE ( 'NONE', #5069, #3455, #3694, .T. ) ;
#1230 = DIRECTION ( 'NONE',  ( -0.000000000000000000, 1.000000000000000000, 0.000000000000000000 ) ) ;
#1231 = EDGE_LOOP ( 'NONE', ( #4555, #1595, #2295, #45, #4411, #1895, #5123, #5869, #961, #1851, #2147 ) ) ;
#1232 = CARTESIAN_POINT ( 'NONE',  ( -32.32152486411837344, 13.13641401289933874, 2.499999999999998668 ) ) ;
#1233 = ORIENTED_EDGE ( 'NONE', *, *, #669, .F. ) ;
#1234 = FACE_OUTER_BOUND ( 'NONE', #4857, .T. ) ;
#1235 = VECTOR ( 'NONE', #2837, 1000.000000000000000 ) ;
#1236 = VECTOR ( 'NONE', #31, 1000.000000000000000 ) ;
#1237 = EDGE_CURVE ( 'NONE', #3856, #2195, #5075, .T. ) ;
#1238 = DIRECTION ( 'NONE',  ( 0.000000000000000000, -0.000000000000000000, 1.000000000000000000 ) ) ;
#1239 = AXIS2_PLACEMENT_3D ( 'NONE', #4709, #4796, #2950 ) ;
#1240 = VECTOR ( 'NONE', #4618, 1000.000000000000000 ) ;
#1241 = ORIENTED_EDGE ( 'NONE', *, *, #4651, .F. ) ;
#1242 = EDGE_CURVE ( 'NONE', #202, #2789, #6053, .T. ) ;
#1243 = ORIENTED_EDGE ( 'NONE', *, *, #1149, .T. ) ;
#1244 = ADVANCED_FACE ( 'NONE', ( #3634 ), #2745, .F. ) ;
#1245 = CARTESIAN_POINT ( 'NONE',  ( -45.34999999999998721, 0.000000000000000000, 0.000000000000000000 ) ) ;
#1246 = CARTESIAN_POINT ( 'NONE',  ( 36.67847513588161945, 23.17217973710068080, 6.000000000000000000 ) ) ;
#1247 = LINE ( 'NONE', #3132, #2793 ) ;
#1248 = PLANE ( 'NONE',  #3485 ) ;
#1249 = ORIENTED_EDGE ( 'NONE', *, *, #5089, .F. ) ;
#1250 = VERTEX_POINT ( 'NONE', #3659 ) ;
#1251 = EDGE_CURVE ( 'NONE', #462, #4701, #3166, .T. ) ;
#1252 = DIRECTION ( 'NONE',  ( -0.000000000000000000, -0.000000000000000000, 1.000000000000000000 ) ) ;
#1253 = CARTESIAN_POINT ( 'NONE',  ( 15.98211713789931387, 20.78641401289933910, 0.5000000000000004441 ) ) ;
#1254 = VERTEX_POINT ( 'NONE', #4129 ) ;
#1255 = FACE_OUTER_BOUND ( 'NONE', #2957, .T. ) ;
#1256 = LINE ( 'NONE', #5418, #2600 ) ;
#1257 = ADVANCED_FACE ( 'NONE', ( #4065 ), #1376, .F. ) ;
#1258 = LINE ( 'NONE', #392, #2531 ) ;
#1259 = VERTEX_POINT ( 'NONE', #5043 ) ;
#1260 = VERTEX_POINT ( 'NONE', #5996 ) ;
#1261 = LINE ( 'NONE', #2221, #2186 ) ;
#1262 = CARTESIAN_POINT ( 'NONE',  ( -7.000000000000001776, 15.45793887701771219, 4.000000000000000000 ) ) ;
#1263 = ORIENTED_EDGE ( 'NONE', *, *, #174, .T. ) ;
#1264 = ADVANCED_FACE ( 'NONE', ( #1718 ), #5534, .T. ) ;
#1265 = CARTESIAN_POINT ( 'NONE',  ( 37.23211713789931565, 15.50448725967914676, 0.5000000000000004441 ) ) ;
#1266 = ORIENTED_EDGE ( 'NONE', *, *, #2084, .T. ) ;
#1267 = FACE_OUTER_BOUND ( 'NONE', #742, .T. ) ;
#1268 = ORIENTED_EDGE ( 'NONE', *, *, #4804, .F. ) ;
#1269 = DIRECTION ( 'NONE',  ( -0.7071067811865597852, 0.000000000000000000, 0.7071067811865352493 ) ) ;
#1270 = CARTESIAN_POINT ( 'NONE',  ( -9.321524864118371667, 13.13641401289933874, 1.500000000000000444 ) ) ;
#1271 = VERTEX_POINT ( 'NONE', #2858 ) ;
#1272 = FACE_OUTER_BOUND ( 'NONE', #5558, .T. ) ;
#1273 = ORIENTED_EDGE ( 'NONE', *, *, #4342, .F. ) ;
#1274 = DIRECTION ( 'NONE',  ( 1.000000000000000000, -0.000000000000000000, -0.000000000000000000 ) ) ;
#1275 = EDGE_CURVE ( 'NONE', #5857, #2022, #3842, .T. ) ;
#1276 = LINE ( 'NONE', #3162, #1600 ) ;
#1277 = APPROVAL ( #4389, 'UNSPECIFIED' ) ;
#1278 = PLANE ( 'NONE',  #29 ) ;
#1279 = ORIENTED_EDGE ( 'NONE', *, *, #3262, .F. ) ;
#1280 = EDGE_LOOP ( 'NONE', ( #1243, #4456, #2752, #6003 ) ) ;
#1281 = DIRECTION ( 'NONE',  ( 0.000000000000000000, 0.000000000000000000, 1.000000000000000000 ) ) ;
#1282 = LINE ( 'NONE', #2340, #1499 ) ;
#1283 = ORIENTED_EDGE ( 'NONE', *, *, #1898, .T. ) ;
#1284 = LINE ( 'NONE', #292, #3769 ) ;
#1285 = EDGE_CURVE ( 'NONE', #1957, #5460, #970, .T. ) ;
#1286 = FACE_OUTER_BOUND ( 'NONE', #1089, .T. ) ;
#1287 = VECTOR ( 'NONE', #152, 1000.000000000000000 ) ;
#1288 = DIRECTION ( 'NONE',  ( 1.000000000000000000, 0.000000000000000000, 0.000000000000000000 ) ) ;
#1289 = ORIENTED_EDGE ( 'NONE', *, *, #5326, .T. ) ;
#1290 = ORIENTED_EDGE ( 'NONE', *, *, #3866, .T. ) ;
#1291 = DIRECTION ( 'NONE',  ( -0.000000000000000000, -0.000000000000000000, 1.000000000000000000 ) ) ;
#1292 = CARTESIAN_POINT ( 'NONE',  ( 38.98211713789932276, 15.50448725967914676, 0.5000000000000004441 ) ) ;
#1293 = EDGE_CURVE ( 'NONE', #212, #2064, #939, .T. ) ;
#1294 = ORIENTED_EDGE ( 'NONE', *, *, #3834, .T. ) ;
#1295 = CARTESIAN_POINT ( 'NONE',  ( 13.69635799798229314, 13.15429687500000178, 6.000000000000000000 ) ) ;
#1296 = VERTEX_POINT ( 'NONE', #2803 ) ;
#1297 = VECTOR ( 'NONE', #4780, 1000.000000000000000 ) ;
#1298 = ORIENTED_EDGE ( 'NONE', *, *, #4868, .T. ) ;
#1299 = LINE ( 'NONE', #2196, #5748 ) ;
#1300 = AXIS2_PLACEMENT_3D ( 'NONE', #688, #2149, #3108 ) ;
#1301 = EDGE_CURVE ( 'NONE', #2405, #1967, #3383, .T. ) ;
#1302 = FACE_OUTER_BOUND ( 'NONE', #4746, .T. ) ;
#1303 = VECTOR ( 'NONE', #763, 1000.000000000000000 ) ;
#1304 = ORIENTED_EDGE ( 'NONE', *, *, #2264, .T. ) ;
#1305 = LINE ( 'NONE', #1770, #4782 ) ;
#1306 = ORIENTED_EDGE ( 'NONE', *, *, #1293, .F. ) ;
#1307 = VECTOR ( 'NONE', #1862, 1000.000000000000000 ) ;
#1308 = LINE ( 'NONE', #3654, #4290 ) ;
#1309 = CARTESIAN_POINT ( 'NONE',  ( 9.582117137899318848, 22.78641401289933910, 0.5000000000000004441 ) ) ;
#1310 = CARTESIAN_POINT ( 'NONE',  ( -38.81788286210068151, 20.80448725967914925, 1.000000000000000000 ) ) ;
#1311 = VECTOR ( 'NONE', #2700, 1000.000000000000000 ) ;
#1312 = EDGE_CURVE ( 'NONE', #3409, #218, #8, .T. ) ;
#1313 = PLANE ( 'NONE',  #2231 ) ;
#1314 = VERTEX_POINT ( 'NONE', #3751 ) ;
#1315 = FACE_OUTER_BOUND ( 'NONE', #5319, .T. ) ;
#1316 = LINE ( 'NONE', #3695, #3673 ) ;
#1317 = EDGE_LOOP ( 'NONE', ( #636, #55, #3136, #3216 ) ) ;
#1318 = VECTOR ( 'NONE', #3459, 1000.000000000000000 ) ;
#1319 = FACE_OUTER_BOUND ( 'NONE', #3624, .T. ) ;
#1320 = CARTESIAN_POINT ( 'NONE',  ( 9.521524864118370957, 23.17217973710068080, 1.500000000000000444 ) ) ;
#1321 = VECTOR ( 'NONE', #1178, 1000.000000000000000 ) ;
#1322 = DIRECTION ( 'NONE',  ( 1.000000000000000000, 0.000000000000000000, -0.000000000000000000 ) ) ;
#1323 = VECTOR ( 'NONE', #1824, 1000.000000000000000 ) ;
#1324 = ORIENTED_EDGE ( 'NONE', *, *, #4197, .F. ) ;
#1325 = EDGE_CURVE ( 'NONE', #5751, #4148, #3293, .T. ) ;
#1326 = ORIENTED_EDGE ( 'NONE', *, *, #4901, .F. ) ;
#1327 = CARTESIAN_POINT ( 'NONE',  ( -45.35000000000001563, 10.65429687500000355, 6.000000000000000000 ) ) ;
#1328 = ADVANCED_FACE ( 'NONE', ( #996 ), #3782, .F. ) ;
#1329 = CARTESIAN_POINT ( 'NONE',  ( -13.41788286210068115, 13.48641401289933661, 0.5000000000000004441 ) ) ;
#1330 = LINE ( 'NONE', #4661, #1350 ) ;
#1331 = ORIENTED_EDGE ( 'NONE', *, *, #3273, .F. ) ;
#1332 = ADVANCED_FACE ( 'NONE', ( #4763 ), #2920, .F. ) ;
#1333 = ORIENTED_EDGE ( 'NONE', *, *, #2684, .F. ) ;
#1334 = CARTESIAN_POINT ( 'NONE',  ( 31.93211713789932560, 20.80448725967914925, 0.5000000000000004441 ) ) ;
#1335 = FACE_BOUND ( 'NONE', #5642, .T. ) ;
#1336 = ORIENTED_EDGE ( 'NONE', *, *, #2389, .T. ) ;
#1337 = EDGE_CURVE ( 'NONE', #1427, #4923, #5168, .T. ) ;
#1338 = DIRECTION ( 'NONE',  ( 1.000000000000000000, 1.334402673828313586E-16, 0.000000000000000000 ) ) ;
#1339 = ORIENTED_EDGE ( 'NONE', *, *, #2347, .T. ) ;
#1340 = CARTESIAN_POINT ( 'NONE',  ( 39.00000000000000711, 15.45793887701771219, 4.000000000000000000 ) ) ;
#1341 = VECTOR ( 'NONE', #5255, 1000.000000000000000 ) ;
#1342 = PLANE ( 'NONE',  #5343 ) ;
#1343 = VECTOR ( 'NONE', #968, 1000.000000000000000 ) ;
#1344 = LINE ( 'NONE', #4584, #2805 ) ;
#1345 = CARTESIAN_POINT ( 'NONE',  ( 69.00000000000000000, 0.000000000000000000, 0.5000000000000004441 ) ) ;
#1346 = ORIENTED_EDGE ( 'NONE', *, *, #3581, .F. ) ;
#1347 = VECTOR ( 'NONE', #3838, 1000.000000000000000 ) ;
#1348 = EDGE_CURVE ( 'NONE', #4254, #6093, #1437, .T. ) ;
#1349 = CARTESIAN_POINT ( 'NONE',  ( 36.58211713789932418, 13.48641401289933661, 0.5000000000000004441 ) ) ;
#1350 = VECTOR ( 'NONE', #3763, 1000.000000000000000 ) ;
#1351 = LINE ( 'NONE', #3660, #704 ) ;
#1352 = CARTESIAN_POINT ( 'NONE',  ( -45.75000000000000000, 20.85065487298230735, 4.000000000000000000 ) ) ;
#1353 = DIRECTION ( 'NONE',  ( 1.000000000000000000, -1.734723475976806709E-18, -0.000000000000000000 ) ) ;
#1354 = LINE ( 'NONE', #852, #1046 ) ;
#1355 = ORIENTED_EDGE ( 'NONE', *, *, #4485, .T. ) ;
#1356 = ORIENTED_EDGE ( 'NONE', *, *, #423, .T. ) ;
#1357 = CARTESIAN_POINT ( 'NONE',  ( -38.75000000000000000, 22.40429687500000355, 1.000000000000000000 ) ) ;
#1358 = DIRECTION ( 'NONE',  ( 0.000000000000000000, 0.000000000000000000, 1.000000000000000000 ) ) ;
#1359 = AXIS2_PLACEMENT_3D ( 'NONE', #781, #4620, #2211 ) ;
#1360 = ORIENTED_EDGE ( 'NONE', *, *, #3792, .T. ) ;
#1361 = DIRECTION ( 'NONE',  ( -0.7071067811865466846, -0.7071067811865483499, -1.137307002876286931E-16 ) ) ;
#1362 = ORIENTED_EDGE ( 'NONE', *, *, #1960, .T. ) ;
#1363 = ORIENTED_EDGE ( 'NONE', *, *, #279, .T. ) ;
#1364 = DIRECTION ( 'NONE',  ( -0.7071067811865483499, 0.7071067811865467956, 0.000000000000000000 ) ) ;
#1365 = DIRECTION ( 'NONE',  ( 0.000000000000000000, -0.000000000000000000, 1.000000000000000000 ) ) ;
#1366 = ADVANCED_FACE ( 'NONE', ( #4272 ), #39, .F. ) ;
#1367 = ORIENTED_EDGE ( 'NONE', *, *, #5555, .T. ) ;
#1368 = CARTESIAN_POINT ( 'NONE',  ( 46.25000000000000000, 13.90429687500000355, 6.000000000000000000 ) ) ;
#1369 = ORIENTED_EDGE ( 'NONE', *, *, #4980, .F. ) ;
#1370 = DIRECTION ( 'NONE',  ( 0.000000000000000000, 0.000000000000000000, 1.000000000000000000 ) ) ;
#1371 = FACE_OUTER_BOUND ( 'NONE', #1421, .T. ) ;
#1372 = EDGE_CURVE ( 'NONE', #5460, #866, #5196, .T. ) ;
#1373 = PLANE ( 'NONE',  #5841 ) ;
#1374 = LINE ( 'NONE', #3749, #4490 ) ;
#1375 = ORIENTED_EDGE ( 'NONE', *, *, #296, .F. ) ;
#1376 = PLANE ( 'NONE',  #2941 ) ;
#1377 = DIRECTION ( 'NONE',  ( 2.478176394252582127E-16, -1.000000000000000000, 0.000000000000000000 ) ) ;
#1378 = PLANE ( 'NONE',  #4940 ) ;
#1379 = EDGE_CURVE ( 'NONE', #434, #1701, #1927, .T. ) ;
#1380 = CARTESIAN_POINT ( 'NONE',  ( 9.582117137899318848, 20.78641401289933910, 0.5000000000000004441 ) ) ;
#1381 = LINE ( 'NONE', #3205, #4113 ) ;
#1382 = VERTEX_POINT ( 'NONE', #3815 ) ;
#1383 = DIRECTION ( 'NONE',  ( 1.000000000000000000, 0.000000000000000000, 0.000000000000000000 ) ) ;
#1384 = VERTEX_POINT ( 'NONE', #4217 ) ;
#1385 = CARTESIAN_POINT ( 'NONE',  ( -43.75000000000000000, 23.15429687500000355, 0.5999999999999999778 ) ) ;
#1386 = CARTESIAN_POINT ( 'NONE',  ( -43.50000000000000000, 22.90429687500000355, 0.5999999999999999778 ) ) ;
#1387 = DIRECTION ( 'NONE',  ( -1.734723475976806709E-18, -1.000000000000000000, 0.000000000000000000 ) ) ;
#1388 = ORIENTED_EDGE ( 'NONE', *, *, #3511, .T. ) ;
#1389 = ORIENTED_EDGE ( 'NONE', *, *, #1408, .T. ) ;
#1390 = CARTESIAN_POINT ( 'NONE',  ( -14.06788286210067973, 20.80448725967914925, 0.5000000000000004441 ) ) ;
#1391 = PLANE ( 'NONE',  #4756 ) ;
#1392 = ORIENTED_EDGE ( 'NONE', *, *, #3598, .F. ) ;
#1393 = LINE ( 'NONE', #5589, #140 ) ;
#1394 = ORIENTED_EDGE ( 'NONE', *, *, #5110, .T. ) ;
#1395 = CARTESIAN_POINT ( 'NONE',  ( -45.75000000000000000, 13.90429687500000355, 1.000000000000000000 ) ) ;
#1396 = EDGE_CURVE ( 'NONE', #4263, #986, #1491, .T. ) ;
#1397 = AXIS2_PLACEMENT_3D ( 'NONE', #3614, #1787, #3670 ) ;
#1398 = ADVANCED_FACE ( 'NONE', ( #2455 ), #907, .F. ) ;
#1399 = EDGE_CURVE ( 'NONE', #5119, #3559, #5745, .T. ) ;
#1400 = CARTESIAN_POINT ( 'NONE',  ( 15.58333333333405335, -5.012369791667016017, -30.26666666666594452 ) ) ;
#1401 = CARTESIAN_POINT ( 'NONE',  ( 7.200000000000004619, 15.45793887701771219, 3.999999999999999112 ) ) ;
#1402 = AXIS2_PLACEMENT_3D ( 'NONE', #47, #3823, #950 ) ;
#1403 = DIRECTION ( 'NONE',  ( -1.000000000000000000, -1.309225264888156130E-15, 0.000000000000000000 ) ) ;
#1404 = VECTOR ( 'NONE', #2466, 1000.000000000000000 ) ;
#1405 = ORIENTED_EDGE ( 'NONE', *, *, #5405, .T. ) ;
#1406 = CARTESIAN_POINT ( 'NONE',  ( -38.75000000000000000, 13.15429687499999289, 4.000000000000000000 ) ) ;
#1407 = CARTESIAN_POINT ( 'NONE',  ( -9.321524864118385878, 23.17217973710068080, 1.500000000000000444 ) ) ;
#1408 = EDGE_CURVE ( 'NONE', #462, #101, #5832, .T. ) ;
#1409 = DIRECTION ( 'NONE',  ( 0.7071067811865479058, -0.7071067811865471286, -1.137307002876284959E-16 ) ) ;
#1410 = AXIS2_PLACEMENT_3D ( 'NONE', #1148, #2144, #4973 ) ;
#1411 = DIRECTION ( 'NONE',  ( 1.734723475976806709E-18, 1.000000000000000000, 0.000000000000000000 ) ) ;
#1412 = CARTESIAN_POINT ( 'NONE',  ( 8.932117137899320269, 15.48641401289933661, -2.999999999999999112 ) ) ;
#1413 = VERTEX_POINT ( 'NONE', #1113 ) ;
#1414 = VECTOR ( 'NONE', #1946, 1000.000000000000000 ) ;
#1415 = CARTESIAN_POINT ( 'NONE',  ( 36.58211713789932418, 20.78641401289933910, 0.5000000000000004441 ) ) ;
#1416 = ADVANCED_FACE ( 'NONE', ( #3496 ), #5375, .F. ) ;
#1417 = ORIENTED_EDGE ( 'NONE', *, *, #3701, .F. ) ;
#1418 = CARTESIAN_POINT ( 'NONE',  ( 46.25000000000000000, 11.05429687499998792, 6.000000000000000000 ) ) ;
#1419 = AXIS2_PLACEMENT_3D ( 'NONE', #2343, #1411, #5200 ) ;
#1420 = LINE ( 'NONE', #2728, #2130 ) ;
#1421 = EDGE_LOOP ( 'NONE', ( #2557, #5823, #4659, #4929 ) ) ;
#1422 = ORIENTED_EDGE ( 'NONE', *, *, #230, .F. ) ;
#1423 = CARTESIAN_POINT ( 'NONE',  ( -16.41788286210066872, 16.07582173911838908, 1.500000000000000444 ) ) ;
#1424 = VECTOR ( 'NONE', #1269, 1000.000000000000000 ) ;
#1425 = EDGE_CURVE ( 'NONE', #2022, #3559, #3932, .T. ) ;
#1426 = CARTESIAN_POINT ( 'NONE',  ( -36.41788286210068293, 13.48641401289933661, 0.5000000000000004441 ) ) ;
#1427 = VERTEX_POINT ( 'NONE', #3437 ) ;
#1428 = PLANE ( 'NONE',  #3221 ) ;
#1429 = ORIENTED_EDGE ( 'NONE', *, *, #4861, .T. ) ;
#1430 = DIRECTION ( 'NONE',  ( 1.000000000000000000, 0.000000000000000000, -0.000000000000000000 ) ) ;
#1431 = ADVANCED_FACE ( 'NONE', ( #3004 ), #4419, .F. ) ;
#1432 = LINE ( 'NONE', #250, #5248 ) ;
#1433 = PLANE ( 'NONE',  #3881 ) ;
#1434 = EDGE_CURVE ( 'NONE', #4860, #1413, #3037, .T. ) ;
#1435 = DIRECTION ( 'NONE',  ( 0.000000000000000000, 1.000000000000000000, -0.000000000000000000 ) ) ;
#1436 = ORIENTED_EDGE ( 'NONE', *, *, #6056, .T. ) ;
#1437 = LINE ( 'NONE', #3353, #5686 ) ;
#1438 = CARTESIAN_POINT ( 'NONE',  ( -15.79999999999999538, 15.45793887701771219, 2.499999999999999112 ) ) ;
#1439 = VECTOR ( 'NONE', #1893, 1000.000000000000000 ) ;
#1440 = CARTESIAN_POINT ( 'NONE',  ( -36.49635799798226543, 13.15429687499999112, 4.000000000000000000 ) ) ;
#1441 = PLANE ( 'NONE',  #5354 ) ;
#1442 = AXIS2_PLACEMENT_3D ( 'NONE', #5773, #1555, #1083 ) ;
#1443 = EDGE_CURVE ( 'NONE', #340, #5462, #4910, .T. ) ;
#1444 = AXIS2_PLACEMENT_3D ( 'NONE', #485, #52, #3916 ) ;
#1445 = CARTESIAN_POINT ( 'NONE',  ( -7.017882862100685237, 15.50448725967914676, 1.500000000000000444 ) ) ;
#1446 = VERTEX_POINT ( 'NONE', #1145 ) ;
#1447 = FACE_OUTER_BOUND ( 'NONE', #4815, .T. ) ;
#1448 = EDGE_LOOP ( 'NONE', ( #2054, #498, #4772, #3945, #3987, #5404, #3808, #2845 ) ) ;
#1449 = CARTESIAN_POINT ( 'NONE',  ( -7.017882862100685237, 20.78641401289933910, 1.500000000000000444 ) ) ;
#1450 = EDGE_CURVE ( 'NONE', #1490, #1669, #5799, .T. ) ;
#1451 = DIRECTION ( 'NONE',  ( -0.000000000000000000, -0.000000000000000000, -1.000000000000000000 ) ) ;
#1452 = ORIENTED_EDGE ( 'NONE', *, *, #1179, .F. ) ;
#1453 = VERTEX_POINT ( 'NONE', #1082 ) ;
#1454 = LINE ( 'NONE', #6073, #3797 ) ;
#1455 = CARTESIAN_POINT ( 'NONE',  ( 46.25000000000000000, 11.05429687499998792, 6.000000000000000000 ) ) ;
#1456 = AXIS2_PLACEMENT_3D ( 'NONE', #5714, #448, #2339 ) ;
#1457 = EDGE_CURVE ( 'NONE', #4222, #5002, #2549, .T. ) ;
#1458 = VERTEX_POINT ( 'NONE', #4029 ) ;
#1459 = DIRECTION ( 'NONE',  ( -1.000000000000000000, -0.000000000000000000, -0.000000000000000000 ) ) ;
#1460 = ORIENTED_EDGE ( 'NONE', *, *, #311, .F. ) ;
#1461 = LINE ( 'NONE', #33, #1939 ) ;
#1462 = DIRECTION ( 'NONE',  ( 1.000000000000000000, 0.000000000000000000, 0.000000000000000000 ) ) ;
#1463 = CARTESIAN_POINT ( 'NONE',  ( -8.767882862100687902, 20.78641401289933910, 1.500000000000000444 ) ) ;
#1464 = ORIENTED_EDGE ( 'NONE', *, *, #2262, .T. ) ;
#1465 = DIRECTION ( 'NONE',  ( -0.000000000000000000, -0.000000000000000000, 1.000000000000000000 ) ) ;
#1466 = CARTESIAN_POINT ( 'NONE',  ( 13.58211713789931530, 13.48641401289933661, 0.5000000000000004441 ) ) ;
#1467 = EDGE_CURVE ( 'NONE', #2011, #2085, #1645, .T. ) ;
#1468 = DIRECTION ( 'NONE',  ( -1.000000000000000000, 0.000000000000000000, 0.000000000000000000 ) ) ;
#1469 = LINE ( 'NONE', #3415, #717 ) ;
#1470 = ORIENTED_EDGE ( 'NONE', *, *, #1114, .F. ) ;
#1471 = CARTESIAN_POINT ( 'NONE',  ( 0.000000000000000000, 0.000000000000000000, 4.000000000000000000 ) ) ;
#1472 = ORIENTED_EDGE ( 'NONE', *, *, #4011, .T. ) ;
#1473 = CARTESIAN_POINT ( 'NONE',  ( 36.58211713789932418, 20.78641401289933910, 0.5000000000000004441 ) ) ;
#1474 = ORIENTED_EDGE ( 'NONE', *, *, #4383, .F. ) ;
#1475 = EDGE_CURVE ( 'NONE', #1413, #3282, #255, .T. ) ;
#1476 = CARTESIAN_POINT ( 'NONE',  ( 69.00000000000000000, 0.000000000000000000, 0.5000000000000004441 ) ) ;
#1477 = CARTESIAN_POINT ( 'NONE',  ( -31.76788286210068790, 15.48641401289933661, 1.500000000000000444 ) ) ;
#1478 = EDGE_LOOP ( 'NONE', ( #5983, #4510, #1111, #6052 ) ) ;
#1479 = VERTEX_POINT ( 'NONE', #623 ) ;
#1480 = DIRECTION ( 'NONE',  ( -0.000000000000000000, -0.000000000000000000, 1.000000000000000000 ) ) ;
#1481 = EDGE_CURVE ( 'NONE', #3129, #1516, #679, .T. ) ;
#1482 = CARTESIAN_POINT ( 'NONE',  ( -13.49635799798231517, 23.15429687499999289, 4.000000000000000000 ) ) ;
#1483 = CARTESIAN_POINT ( 'NONE',  ( 36.67847513588163366, 13.13641401289933874, 2.499999999999998668 ) ) ;
#1484 = ORIENTED_EDGE ( 'NONE', *, *, #5662, .F. ) ;
#1485 = CARTESIAN_POINT ( 'NONE',  ( 8.932117137899313164, 20.78641401289933910, 1.500000000000000444 ) ) ;
#1486 = ORIENTED_EDGE ( 'NONE', *, *, #1059, .F. ) ;
#1487 = CARTESIAN_POINT ( 'NONE',  ( 36.58211713789932418, 13.48641401289933661, 1.500000000000000444 ) ) ;
#1488 = ADVANCED_FACE ( 'NONE', ( #4392 ), #4480, .F. ) ;
#1489 = CARTESIAN_POINT ( 'NONE',  ( -13.41788286210068115, 22.78641401289933910, 0.5000000000000004441 ) ) ;
#1490 = VERTEX_POINT ( 'NONE', #591 ) ;
#1491 = LINE ( 'NONE', #5254, #5395 ) ;
#1492 = VECTOR ( 'NONE', #1045, 1000.000000000000000 ) ;
#1493 = DIRECTION ( 'NONE',  ( -0.7071067811865466846, -0.7071067811865483499, 0.000000000000000000 ) ) ;
#1494 = CARTESIAN_POINT ( 'NONE',  ( -9.417882862100684704, 15.48641401289933661, 0.5000000000000004441 ) ) ;
#1495 = DIRECTION ( 'NONE',  ( 1.000000000000000000, -0.000000000000000000, -0.000000000000000000 ) ) ;
#1496 = VECTOR ( 'NONE', #2681, 1000.000000000000000 ) ;
#1497 = ORIENTED_EDGE ( 'NONE', *, *, #3056, .F. ) ;
#1498 = DIRECTION ( 'NONE',  ( -1.734723475976806709E-18, -1.000000000000000000, 0.000000000000000000 ) ) ;
#1499 = VECTOR ( 'NONE', #4218, 1000.000000000000000 ) ;
#1500 = ORIENTED_EDGE ( 'NONE', *, *, #2823, .F. ) ;
#1501 = CARTESIAN_POINT ( 'NONE',  ( 45.85000000000000142, 0.000000000000000000, 6.000000000000000000 ) ) ;
#1502 = ORIENTED_EDGE ( 'NONE', *, *, #3433, .T. ) ;
#1503 = VECTOR ( 'NONE', #2975, 1000.000000000000000 ) ;
#1504 = LINE ( 'NONE', #4892, #2088 ) ;
#1505 = VECTOR ( 'NONE', #5846, 1000.000000000000000 ) ;
#1506 = EDGE_CURVE ( 'NONE', #295, #5744, #159, .T. ) ;
#1507 = LINE ( 'NONE', #5670, #5675 ) ;
#1508 = EDGE_LOOP ( 'NONE', ( #1290, #3594, #1266, #2155 ) ) ;
#1509 = EDGE_CURVE ( 'NONE', #401, #1032, #223, .T. ) ;
#1510 = VERTEX_POINT ( 'NONE', #5285 ) ;
#1511 = CARTESIAN_POINT ( 'NONE',  ( -7.017882862100685237, 20.78641401289933910, 0.5000000000000004441 ) ) ;
#1513 = LINE ( 'NONE', #609, #1888 ) ;
#1512 = VECTOR ( 'NONE', #2020, 1000.000000000000000 ) ;
#1514 = AXIS2_PLACEMENT_3D ( 'NONE', #1950, #3836, #492 ) ;
#1515 = EDGE_CURVE ( 'NONE', #173, #3200, #1057, .T. ) ;
#1516 = VERTEX_POINT ( 'NONE', #4820 ) ;
#1517 = DIRECTION ( 'NONE',  ( -0.7071067811865352493, -0.7071067811865597852, -0.000000000000000000 ) ) ;
#1518 = VERTEX_POINT ( 'NONE', #2481 ) ;
#1519 = LINE ( 'NONE', #3405, #2431 ) ;
#1520 = LINE ( 'NONE', #5281, #2987 ) ;
#1521 = APPROVAL_DATE_TIME ( #4793, #375 ) ;
#1522 = EDGE_CURVE ( 'NONE', #1199, #5174, #1175, .T. ) ;
#1523 = EDGE_LOOP ( 'NONE', ( #5204, #3891, #5831, #5698 ) ) ;
#1524 = DIRECTION ( 'NONE',  ( 0.000000000000000000, 0.000000000000000000, 1.000000000000000000 ) ) ;
#1525 = DIRECTION ( 'NONE',  ( -0.000000000000000000, -0.000000000000000000, 1.000000000000000000 ) ) ;
#1526 = DIRECTION ( 'NONE',  ( -8.896017825522088106E-17, 1.000000000000000000, 0.000000000000000000 ) ) ;
#1527 = DIRECTION ( 'NONE',  ( 0.000000000000000000, -1.000000000000000000, 0.000000000000000000 ) ) ;
#1528 = ADVANCED_FACE ( 'NONE', ( #4181 ), #3652, .F. ) ;
#1529 = ORIENTED_EDGE ( 'NONE', *, *, #3803, .T. ) ;
#1530 = LINE ( 'NONE', #5719, #2023 ) ;
#1531 = ORIENTED_EDGE ( 'NONE', *, *, #2106, .T. ) ;
#1532 = CARTESIAN_POINT ( 'NONE',  ( -6.382117137899323112, 20.23277201088162514, 2.500000000000000000 ) ) ;
#1533 = EDGE_LOOP ( 'NONE', ( #360, #5815, #2784, #4444 ) ) ;
#1534 = DIRECTION ( 'NONE',  ( -0.000000000000000000, -0.000000000000000000, 1.000000000000000000 ) ) ;
#1535 = AXIS2_PLACEMENT_3D ( 'NONE', #3752, #5688, #5626 ) ;
#1536 = VECTOR ( 'NONE', #903, 1000.000000000000000 ) ;
#1537 = DIRECTION ( 'NONE',  ( 0.000000000000000000, 0.000000000000000000, -1.000000000000000000 ) ) ;
#1538 = ORIENTED_EDGE ( 'NONE', *, *, #2764, .F. ) ;
#1539 = VECTOR ( 'NONE', #527, 1000.000000000000000 ) ;
#1540 = EDGE_CURVE ( 'NONE', #1220, #1681, #5989, .T. ) ;
#1541 = VERTEX_POINT ( 'NONE', #2761 ) ;
#1542 = CARTESIAN_POINT ( 'NONE',  ( 29.58211713789933484, 16.07582173911838908, 6.000000000000000000 ) ) ;
#1543 = VECTOR ( 'NONE', #3515, 1000.000000000000000 ) ;
#1544 = PLANE ( 'NONE',  #1591 ) ;
#1545 = CC_DESIGN_DATE_AND_TIME_ASSIGNMENT ( #3349, #5310, ( #821 ) ) ;
#1546 = ORIENTED_EDGE ( 'NONE', *, *, #1399, .T. ) ;
#1547 = CARTESIAN_POINT ( 'NONE',  ( 39.25000000000000000, 13.15429687500000355, 4.000000000000000000 ) ) ;
#1548 = ORIENTED_EDGE ( 'NONE', *, *, #5238, .F. ) ;
#1549 = LINE ( 'NONE', #1670, #2806 ) ;
#1550 = VECTOR ( 'NONE', #1619, 1000.000000000000000 ) ;
#1551 = ADVANCED_FACE ( 'NONE', ( #312 ), #347, .F. ) ;
#1552 = CARTESIAN_POINT ( 'NONE',  ( 8.932117137899320269, 15.48641401289933661, 0.000000000000000000 ) ) ;
#1553 = EDGE_LOOP ( 'NONE', ( #1104, #2286, #5909, #2791 ) ) ;
#1554 = DIRECTION ( 'NONE',  ( 0.000000000000000000, -1.000000000000000000, 0.000000000000000000 ) ) ;
#1555 = DIRECTION ( 'NONE',  ( -0.000000000000000000, 0.000000000000000000, 1.000000000000000000 ) ) ;
#1556 = EDGE_CURVE ( 'NONE', #5009, #269, #1305, .T. ) ;
#1557 = DIRECTION ( 'NONE',  ( 0.7071067811865467956, 0.7071067811865483499, 0.000000000000000000 ) ) ;
#1558 = DIRECTION ( 'NONE',  ( 1.000000000000000000, -0.000000000000000000, 0.000000000000000000 ) ) ;
#1559 = EDGE_LOOP ( 'NONE', ( #3023, #1587, #1912, #32, #150, #1429, #1584, #5415 ) ) ;
#1560 = CARTESIAN_POINT ( 'NONE',  ( -43.35355339059327662, 13.25785026559327662, 0.5999999999999998668 ) ) ;
#1561 = ORIENTED_EDGE ( 'NONE', *, *, #5689, .F. ) ;
#1562 = DIRECTION ( 'NONE',  ( 1.334402673828313586E-16, -1.000000000000000000, 0.000000000000000000 ) ) ;
#1563 = ORIENTED_EDGE ( 'NONE', *, *, #5905, .T. ) ;
#1564 = EDGE_CURVE ( 'NONE', #2150, #780, #3130, .T. ) ;
#1565 = LINE ( 'NONE', #3448, #2190 ) ;
#1566 = DIRECTION ( 'NONE',  ( -0.000000000000000000, -0.000000000000000000, 1.000000000000000000 ) ) ;
#1567 = VERTEX_POINT ( 'NONE', #5004 ) ;
#1568 = ORIENTED_EDGE ( 'NONE', *, *, #2579, .F. ) ;
#1569 = LINE ( 'NONE', #3947, #5232 ) ;
#1570 = CARTESIAN_POINT ( 'NONE',  ( 0.000000000000000000, 0.000000000000000000, 4.000000000000000000 ) ) ;
#1571 = DIRECTION ( 'NONE',  ( -0.000000000000000000, -0.000000000000000000, 1.000000000000000000 ) ) ;
#1572 = ORIENTED_EDGE ( 'NONE', *, *, #4838, .T. ) ;
#1573 = DIRECTION ( 'NONE',  ( 0.000000000000000000, -0.7071067811865484609, -0.7071067811865466846 ) ) ;
#1574 = EDGE_LOOP ( 'NONE', ( #1081, #3585, #5957, #4378, #4498, #4637 ) ) ;
#1575 = CARTESIAN_POINT ( 'NONE',  ( -32.41788286210068293, 20.78641401289933910, 0.5000000000000004441 ) ) ;
#1576 = LINE ( 'NONE', #2041, #711 ) ;
#1577 = DATE_AND_TIME ( #5797, #2311 ) ;
#1578 = VERTEX_POINT ( 'NONE', #3191 ) ;
#1579 = EDGE_CURVE ( 'NONE', #3359, #3936, #2704, .T. ) ;
#1580 = DIRECTION ( 'NONE',  ( 0.6785983445458517727, 0.6785983445458282359, 0.2810846377148537023 ) ) ;
#1581 = CARTESIAN_POINT ( 'NONE',  ( -6.382117137899323112, 16.07582173911839263, 1.500000000000000444 ) ) ;
#1582 = DIRECTION ( 'NONE',  ( -0.000000000000000000, 1.000000000000000000, -0.000000000000000000 ) ) ;
#1583 = CARTESIAN_POINT ( 'NONE',  ( 7.182117137899318493, 15.48641401289933661, 0.5000000000000004441 ) ) ;
#1584 = ORIENTED_EDGE ( 'NONE', *, *, #2182, .T. ) ;
#1585 = ADVANCED_FACE ( 'NONE', ( #5959 ), #2671, .F. ) ;
#1586 = CARTESIAN_POINT ( 'NONE',  ( -45.75000000000000000, 13.90429687500000355, 6.000000000000000000 ) ) ;
#1587 = ORIENTED_EDGE ( 'NONE', *, *, #5358, .T. ) ;
#1588 = CARTESIAN_POINT ( 'NONE',  ( 37.23211713789931565, 15.50448725967914676, 1.500000000000000444 ) ) ;
#1589 = VERTEX_POINT ( 'NONE', #4580 ) ;
#1590 = FACE_OUTER_BOUND ( 'NONE', #2996, .T. ) ;
#1591 = AXIS2_PLACEMENT_3D ( 'NONE', #1100, #2940, #4435 ) ;
#1592 = CARTESIAN_POINT ( 'NONE',  ( 45.85000000000000142, 10.65429687500000355, 5.000000000000000000 ) ) ;
#1593 = ADVANCED_FACE ( 'NONE', ( #867 ), #4091, .F. ) ;
#1594 = LINE ( 'NONE', #3113, #4987 ) ;
#1595 = ORIENTED_EDGE ( 'NONE', *, *, #4951, .T. ) ;
#1596 = VECTOR ( 'NONE', #3727, 1000.000000000000000 ) ;
#1597 = ORIENTED_EDGE ( 'NONE', *, *, #4240, .T. ) ;
#1598 = CARTESIAN_POINT ( 'NONE',  ( -43.75000000000000000, 23.15429687500000355, 0.5999999999999999778 ) ) ;
#1599 = LINE ( 'NONE', #5365, #409 ) ;
#1600 = VECTOR ( 'NONE', #5621, 1000.000000000000000 ) ;
#1601 = CARTESIAN_POINT ( 'NONE',  ( 13.67847513588161412, 23.17217973710068080, 1.500000000000000444 ) ) ;
#1602 = ORIENTED_EDGE ( 'NONE', *, *, #1165, .T. ) ;
#1603 = PLANE ( 'NONE',  #3788 ) ;
#1604 = VERTEX_POINT ( 'NONE', #1743 ) ;
#1605 = VECTOR ( 'NONE', #985, 1000.000000000000000 ) ;
#1606 = FACE_OUTER_BOUND ( 'NONE', #5083, .T. ) ;
#1607 = EDGE_CURVE ( 'NONE', #6033, #4879, #2737, .T. ) ;
#1608 = VECTOR ( 'NONE', #1168, 1000.000000000000000 ) ;
#1609 = CARTESIAN_POINT ( 'NONE',  ( -16.41788286210066872, 20.23277201088163224, 2.500000000000000000 ) ) ;
#1610 = VECTOR ( 'NONE', #2647, 1000.000000000000000 ) ;
#1611 = EDGE_LOOP ( 'NONE', ( #1474, #3122, #5633, #323, #1367 ) ) ;
#1612 = VERTEX_POINT ( 'NONE', #4611 ) ;
#1613 = DIRECTION ( 'NONE',  ( 0.000000000000000000, 0.000000000000000000, 1.000000000000000000 ) ) ;
#1614 = DIRECTION ( 'NONE',  ( -1.000000000000000000, -0.000000000000000000, -0.000000000000000000 ) ) ;
#1615 = FACE_OUTER_BOUND ( 'NONE', #1231, .T. ) ;
#1616 = ADVANCED_FACE ( 'NONE', ( #4147 ), #5497, .F. ) ;
#1617 = LINE ( 'NONE', #3229, #2407 ) ;
#1618 = VERTEX_POINT ( 'NONE', #5559 ) ;
#1619 = DIRECTION ( 'NONE',  ( 1.000000000000000000, 0.000000000000000000, 0.000000000000000000 ) ) ;
#1620 = ORIENTED_EDGE ( 'NONE', *, *, #1633, .T. ) ;
#1621 = PLANE ( 'NONE',  #2386 ) ;
#1622 = ORIENTED_EDGE ( 'NONE', *, *, #1149, .F. ) ;
#1623 = CARTESIAN_POINT ( 'NONE',  ( -45.34999999999998721, 24.65429687500000711, 6.000000000000000000 ) ) ;
#1624 = ADVANCED_FACE ( 'NONE', ( #1272 ), #3560, .F. ) ;
#1625 = LINE ( 'NONE', #5154, #3189 ) ;
#1626 = AXIS2_PLACEMENT_3D ( 'NONE', #2142, #3410, #4447 ) ;
#1627 = PLANE ( 'NONE',  #947 ) ;
#1628 = ORIENTED_EDGE ( 'NONE', *, *, #5882, .F. ) ;
#1629 = ORIENTED_EDGE ( 'NONE', *, *, #2613, .T. ) ;
#1630 = DIRECTION ( 'NONE',  ( 0.000000000000000000, 0.000000000000000000, -1.000000000000000000 ) ) ;
#1631 = CARTESIAN_POINT ( 'NONE',  ( -36.41788286210068293, 15.48641401289933661, 0.5000000000000004441 ) ) ;
#1632 = VECTOR ( 'NONE', #2800, 1000.000000000000000 ) ;
#1633 = EDGE_CURVE ( 'NONE', #5462, #677, #6014, .T. ) ;
#1634 = LINE ( 'NONE', #1136, #2028 ) ;
#1635 = ORIENTED_EDGE ( 'NONE', *, *, #5580, .T. ) ;
#1636 = VECTOR ( 'NONE', #5812, 1000.000000000000000 ) ;
#1637 = LINE ( 'NONE', #4904, #1115 ) ;
#1638 = EDGE_LOOP ( 'NONE', ( #2989, #5512, #5786 ) ) ;
#1639 = PLANE ( 'NONE',  #4276 ) ;
#1640 = CIRCLE ( 'NONE', #257, 0.2500000000000000000 ) ;
#1641 = EDGE_CURVE ( 'NONE', #1701, #1980, #405, .T. ) ;
#1642 = CARTESIAN_POINT ( 'NONE',  ( -45.75000000000000000, 10.65429687500000355, 6.000000000000000000 ) ) ;
#1643 = ORIENTED_EDGE ( 'NONE', *, *, #85, .F. ) ;
#1644 = VERTEX_POINT ( 'NONE', #283 ) ;
#1645 = LINE ( 'NONE', #4939, #1953 ) ;
#1646 = LINE ( 'NONE', #3438, #3615 ) ;
#1647 = AXIS2_PLACEMENT_3D ( 'NONE', #3472, #5901, #262 ) ;
#1648 = CARTESIAN_POINT ( 'NONE',  ( -45.75000000000000000, 15.45793887701771219, 2.499999999999999112 ) ) ;
#1649 = DIRECTION ( 'NONE',  ( 1.000000000000000000, 0.000000000000000000, 0.000000000000000000 ) ) ;
#1650 = VECTOR ( 'NONE', #4520, 1000.000000000000000 ) ;
#1651 = VERTEX_POINT ( 'NONE', #3100 ) ;
#1652 = LINE ( 'NONE', #686, #960 ) ;
#1653 = ORIENTED_EDGE ( 'NONE', *, *, #382, .F. ) ;
#1654 = PLANE ( 'NONE',  #4843 ) ;
#1655 = PRODUCT_RELATED_PRODUCT_CATEGORY ( 'detail', '', ( #1892 ) ) ;
#1656 = ORIENTED_EDGE ( 'NONE', *, *, #2335, .T. ) ;
#1657 = LINE ( 'NONE', #2653, #805 ) ;
#1658 = PLANE ( 'NONE',  #1009 ) ;
#1659 = CARTESIAN_POINT ( 'NONE',  ( 16.61788286210067511, 20.23277201088162514, 2.500000000000000000 ) ) ;
#1660 = VERTEX_POINT ( 'NONE', #4971 ) ;
#1661 = EDGE_CURVE ( 'NONE', #1669, #3009, #743, .T. ) ;
#1662 = ORIENTED_EDGE ( 'NONE', *, *, #5061, .F. ) ;
#1663 = CARTESIAN_POINT ( 'NONE',  ( -45.75000000000000000, 10.65429687500000355, 0.4000000000000114575 ) ) ;
#1664 = CARTESIAN_POINT ( 'NONE',  ( 39.25000000000000000, 13.15429687500000355, 4.000000000000000000 ) ) ;
#1665 = DIRECTION ( 'NONE',  ( 0.000000000000000000, 1.000000000000000000, 0.000000000000000000 ) ) ;
#1666 = EDGE_LOOP ( 'NONE', ( #5673, #3344, #3429, #566 ) ) ;
#1667 = EDGE_CURVE ( 'NONE', #1685, #596, #1393, .T. ) ;
#1668 = DIRECTION ( 'NONE',  ( 0.000000000000000000, -1.000000000000000000, 0.000000000000000000 ) ) ;
#1669 = VERTEX_POINT ( 'NONE', #4262 ) ;
#1670 = CARTESIAN_POINT ( 'NONE',  ( -29.38211713789932489, 20.23277201088162514, 2.500000000000000000 ) ) ;
#1671 = DIRECTION ( 'NONE',  ( -0.000000000000000000, -0.000000000000000000, 1.000000000000000000 ) ) ;
#1672 = ORIENTED_EDGE ( 'NONE', *, *, #3300, .F. ) ;
#1673 = EDGE_LOOP ( 'NONE', ( #3357, #5671, #1037, #3951 ) ) ;
#1674 = EDGE_CURVE ( 'NONE', #269, #2118, #5214, .T. ) ;
#1675 = CARTESIAN_POINT ( 'NONE',  ( 46.25000000000000000, 18.93713958747461490, 12.71715728752539221 ) ) ;
#1676 = LINE ( 'NONE', #4030, #3317 ) ;
#1677 = AXIS2_PLACEMENT_3D ( 'NONE', #3060, #582, #4323 ) ;
#1678 = FACE_OUTER_BOUND ( 'NONE', #442, .T. ) ;
#1679 = CARTESIAN_POINT ( 'NONE',  ( 9.582117137899318848, 15.48641401289933661, 0.5000000000000004441 ) ) ;
#1680 = PLANE ( 'NONE',  #3412 ) ;
#1681 = VERTEX_POINT ( 'NONE', #3716 ) ;
#1682 = ADVANCED_FACE ( 'NONE', ( #2415, #3283 ), #5708, .T. ) ;
#1683 = CARTESIAN_POINT ( 'NONE',  ( 39.00000000000000711, 15.45793887701771219, 2.499999999999999112 ) ) ;
#1684 = DIRECTION ( 'NONE',  ( -1.000000000000000000, 0.000000000000000000, 0.000000000000000000 ) ) ;
#1685 = VERTEX_POINT ( 'NONE', #3345 ) ;
#1686 = DIRECTION ( 'NONE',  ( -1.000000000000000000, 0.000000000000000000, -0.000000000000000000 ) ) ;
#1687 = DIRECTION ( 'NONE',  ( -0.7071067811865479058, 0.7071067811865471286, 0.000000000000000000 ) ) ;
#1688 = CARTESIAN_POINT ( 'NONE',  ( -44.00000000000000000, 0.000000000000000000, 0.000000000000000000 ) ) ;
#1689 = EDGE_CURVE ( 'NONE', #5616, #1916, #4234, .T. ) ;
#1690 = ORIENTED_EDGE ( 'NONE', *, *, #4416, .F. ) ;
#1691 = EDGE_LOOP ( 'NONE', ( #3898, #1167, #5507, #1806, #2628, #2819 ) ) ;
#1692 = VECTOR ( 'NONE', #2631, 1000.000000000000000 ) ;
#1693 = DIRECTION ( 'NONE',  ( 0.000000000000000000, -0.000000000000000000, -1.000000000000000000 ) ) ;
#1694 = CARTESIAN_POINT ( 'NONE',  ( -9.417882862100684704, 22.78641401289933910, 0.5000000000000004441 ) ) ;
#1695 = EDGE_CURVE ( 'NONE', #3570, #4136, #3771, .T. ) ;
#1696 = VECTOR ( 'NONE', #5424, 1000.000000000000000 ) ;
#1697 = EDGE_CURVE ( 'NONE', #3636, #202, #1859, .T. ) ;
#1698 = FACE_OUTER_BOUND ( 'NONE', #164, .T. ) ;
#1699 = ORIENTED_EDGE ( 'NONE', *, *, #4966, .T. ) ;
#1700 = CARTESIAN_POINT ( 'NONE',  ( -45.75000000000000000, 25.65429687500000355, 6.000000000000000000 ) ) ;
#1701 = VERTEX_POINT ( 'NONE', #5649 ) ;
#1702 = LINE ( 'NONE', #3155, #4771 ) ;
#1703 = AXIS2_PLACEMENT_3D ( 'NONE', #11, #4592, #1899 ) ;
#1704 = DIRECTION ( 'NONE',  ( 0.000000000000000000, -0.000000000000000000, -1.000000000000000000 ) ) ;
#1705 = EDGE_CURVE ( 'NONE', #2966, #3798, #2449, .T. ) ;
#1706 = VERTEX_POINT ( 'NONE', #2826 ) ;
#1707 = AXIS2_PLACEMENT_3D ( 'NONE', #377, #6074, #1739 ) ;
#1708 = ORIENTED_EDGE ( 'NONE', *, *, #1697, .F. ) ;
#1709 = DIRECTION ( 'NONE',  ( 0.000000000000000000, -0.000000000000000000, -1.000000000000000000 ) ) ;
#1710 = CARTESIAN_POINT ( 'NONE',  ( 46.25000000000000000, 22.40429687500000355, 5.600000000000016520 ) ) ;
#1711 = PLANE ( 'NONE',  #5443 ) ;
#1712 = VECTOR ( 'NONE', #1900, 1000.000000000000000 ) ;
#1713 = EDGE_CURVE ( 'NONE', #2476, #3367, #3807, .T. ) ;
#1714 = DIRECTION ( 'NONE',  ( 1.000000000000000000, 0.000000000000000000, 0.000000000000000000 ) ) ;
#1715 = AXIS2_PLACEMENT_3D ( 'NONE', #4175, #4538, #305 ) ;
#1716 = CARTESIAN_POINT ( 'NONE',  ( -38.81788286210068151, 20.80448725967914925, 0.5000000000000004441 ) ) ;
#1717 = ORIENTED_EDGE ( 'NONE', *, *, #4333, .T. ) ;
#1718 = FACE_OUTER_BOUND ( 'NONE', #2968, .T. ) ;
#1719 = LOCAL_TIME ( 10, 44, 48.00000000000000000, #2479 ) ;
#1720 = FACE_OUTER_BOUND ( 'NONE', #3030, .T. ) ;
#1721 = EDGE_LOOP ( 'NONE', ( #5368, #1346, #5106, #4350 ) ) ;
#1722 = CARTESIAN_POINT ( 'NONE',  ( -13.41788286210068115, 15.48641401289933661, 0.5000000000000004441 ) ) ;
#1723 = EDGE_CURVE ( 'NONE', #1669, #2697, #4209, .T. ) ;
#1724 = FACE_OUTER_BOUND ( 'NONE', #232, .T. ) ;
#1725 = DIRECTION ( 'NONE',  ( -0.000000000000000000, -0.000000000000000000, 1.000000000000000000 ) ) ;
#1726 = VERTEX_POINT ( 'NONE', #3251 ) ;
#1727 = EDGE_LOOP ( 'NONE', ( #1362, #5362, #354, #576 ) ) ;
#1728 = LINE ( 'NONE', #2255, #4349 ) ;
#1729 = CARTESIAN_POINT ( 'NONE',  ( -45.75000000000000000, 22.40429687500000711, 1.000000000000000000 ) ) ;
#1730 = VECTOR ( 'NONE', #5382, 1000.000000000000000 ) ;
#1731 = ORIENTED_EDGE ( 'NONE', *, *, #4797, .F. ) ;
#1732 = VECTOR ( 'NONE', #494, 1000.000000000000000 ) ;
#1733 = CARTESIAN_POINT ( 'NONE',  ( 9.521524864118385167, 13.13641401289933697, 6.000000000000000000 ) ) ;
#1734 = VERTEX_POINT ( 'NONE', #988 ) ;
#1735 = DIRECTION ( 'NONE',  ( -1.000000000000000000, 0.000000000000000000, 0.000000000000000000 ) ) ;
#1736 = ORIENTED_EDGE ( 'NONE', *, *, #5948, .F. ) ;
#1737 = DIRECTION ( 'NONE',  ( 4.173067663955944970E-16, -1.000000000000000000, 0.000000000000000000 ) ) ;
#1738 = VECTOR ( 'NONE', #1571, 1000.000000000000000 ) ;
#1739 = DIRECTION ( 'NONE',  ( 0.000000000000000000, 0.000000000000000000, -1.000000000000000000 ) ) ;
#1740 = VECTOR ( 'NONE', #1493, 1000.000000000000000 ) ;
#1741 = VECTOR ( 'NONE', #5327, 1000.000000000000000 ) ;
#1742 = EDGE_LOOP ( 'NONE', ( #77, #4946, #4931, #2227 ) ) ;
#1743 = CARTESIAN_POINT ( 'NONE',  ( -16.41788286210066872, 16.07582173911838908, 2.499999999999999112 ) ) ;
#1744 = DIRECTION ( 'NONE',  ( -0.000000000000000000, -0.000000000000000000, 1.000000000000000000 ) ) ;
#1745 = EDGE_CURVE ( 'NONE', #1916, #2966, #6077, .T. ) ;
#1746 = DIRECTION ( 'NONE',  ( 0.000000000000000000, -0.000000000000000000, 1.000000000000000000 ) ) ;
#1747 = CARTESIAN_POINT ( 'NONE',  ( 6.582117137899329506, 16.07582173911838908, 1.500000000000000444 ) ) ;
#1748 = ORIENTED_EDGE ( 'NONE', *, *, #5820, .T. ) ;
#1749 = ORIENTED_EDGE ( 'NONE', *, *, #5022, .F. ) ;
#1750 = CARTESIAN_POINT ( 'NONE',  ( -32.41788286210068293, 20.78641401289933910, 0.5000000000000004441 ) ) ;
#1751 = CARTESIAN_POINT ( 'NONE',  ( -45.75000000000000000, 20.85065487298230735, 4.000000000000000000 ) ) ;
#1752 = EDGE_CURVE ( 'NONE', #6045, #3570, #3743, .T. ) ;
#1753 = ORIENTED_EDGE ( 'NONE', *, *, #5896, .F. ) ;
#1754 = CARTESIAN_POINT ( 'NONE',  ( -6.999999999999999112, 15.45793887701771219, 2.499999999999999112 ) ) ;
#1755 = CARTESIAN_POINT ( 'NONE',  ( 8.932117137899313164, 20.78641401289933910, -2.999999999999999112 ) ) ;
#1756 = CARTESIAN_POINT ( 'NONE',  ( 38.98211713789932276, 20.78641401289933910, 0.5000000000000004441 ) ) ;
#1757 = ORIENTED_EDGE ( 'NONE', *, *, #1165, .F. ) ;
#1758 = VECTOR ( 'NONE', #4243, 1000.000000000000000 ) ;
#1759 = EDGE_CURVE ( 'NONE', #4433, #4889, #3374, .T. ) ;
#1760 = ORIENTED_EDGE ( 'NONE', *, *, #544, .T. ) ;
#1761 = CARTESIAN_POINT ( 'NONE',  ( 39.25000000000000000, 22.40429687500000355, 2.500000000000000444 ) ) ;
#1762 = LINE ( 'NONE', #5516, #899 ) ;
#1763 = CARTESIAN_POINT ( 'NONE',  ( 32.58211713789932418, 20.78641401289933910, 0.5000000000000004441 ) ) ;
#1764 = EDGE_LOOP ( 'NONE', ( #2872, #1936, #4840, #5650, #2320, #1748 ) ) ;
#1765 = ORIENTED_EDGE ( 'NONE', *, *, #1674, .T. ) ;
#1766 = CARTESIAN_POINT ( 'NONE',  ( -43.75000000000000000, 13.15429687500000355, 0.5999999999999999778 ) ) ;
#1767 = ADVANCED_FACE ( 'NONE', ( #5246 ), #1428, .F. ) ;
#1768 = CARTESIAN_POINT ( 'NONE',  ( 36.58211713789932418, 20.78641401289933910, 0.5000000000000004441 ) ) ;
#1769 = ORIENTED_EDGE ( 'NONE', *, *, #3633, .T. ) ;
#1770 = CARTESIAN_POINT ( 'NONE',  ( 9.582117137899318848, 20.78641401289933910, 0.5000000000000004441 ) ) ;
#1771 = ORIENTED_EDGE ( 'NONE', *, *, #4409, .T. ) ;
#1772 = LINE ( 'NONE', #4150, #841 ) ;
#1773 = DIRECTION ( 'NONE',  ( -0.5773502691896190697, -0.5773502691896391648, -0.5773502691896191807 ) ) ;
#1774 = ADVANCED_FACE ( 'NONE', ( #3314 ), #1829, .F. ) ;
#1775 = FACE_OUTER_BOUND ( 'NONE', #2002, .T. ) ;
#1776 = ORIENTED_EDGE ( 'NONE', *, *, #4509, .F. ) ;
#1777 = ADVANCED_FACE ( 'NONE', ( #2850 ), #4727, .F. ) ;
#1778 = CARTESIAN_POINT ( 'NONE',  ( 7.182117137899318493, 20.80448725967914925, 1.500000000000000444 ) ) ;
#1779 = PLANE ( 'NONE',  #1200 ) ;
#1780 = ORIENTED_EDGE ( 'NONE', *, *, #5692, .T. ) ;
#1781 = LINE ( 'NONE', #5660, #5728 ) ;
#1782 = FACE_OUTER_BOUND ( 'NONE', #1075, .T. ) ;
#1783 = ADVANCED_FACE ( 'NONE', ( #1020 ), #4787, .F. ) ;
#1784 = LINE ( 'NONE', #3174, #3713 ) ;
#1785 = ORIENTED_EDGE ( 'NONE', *, *, #439, .F. ) ;
#1786 = ORIENTED_EDGE ( 'NONE', *, *, #4683, .F. ) ;
#1787 = DIRECTION ( 'NONE',  ( -8.896017825522088106E-17, 1.000000000000000000, 0.000000000000000000 ) ) ;
#1788 = CARTESIAN_POINT ( 'NONE',  ( 32.58211713789932418, 13.48641401289933661, 1.500000000000000444 ) ) ;
#1789 = DESIGN_CONTEXT ( 'detailed design', #4238, 'design' ) ;
#1790 = CARTESIAN_POINT ( 'NONE',  ( -45.75000000000000000, 24.87145416252537444, 5.217157287525372666 ) ) ;
#1791 = ORIENTED_EDGE ( 'NONE', *, *, #4596, .T. ) ;
#1792 = VECTOR ( 'NONE', #2060, 1000.000000000000000 ) ;
#1793 = ORIENTED_EDGE ( 'NONE', *, *, #2341, .T. ) ;
#1794 = LINE ( 'NONE', #3678, #4475 ) ;
#1795 = DIRECTION ( 'NONE',  ( -0.000000000000000000, -1.000000000000000000, -0.000000000000000000 ) ) ;
#1796 = AXIS2_PLACEMENT_3D ( 'NONE', #4373, #170, #1038 ) ;
#1797 = EDGE_CURVE ( 'NONE', #629, #2604, #5856, .T. ) ;
#1798 = ORIENTED_EDGE ( 'NONE', *, *, #1705, .T. ) ;
#1799 = CARTESIAN_POINT ( 'NONE',  ( -14.06788286210067973, 15.48641401289933661, 0.5000000000000004441 ) ) ;
#1800 = ORIENTED_EDGE ( 'NONE', *, *, #1348, .F. ) ;
#1801 = VECTOR ( 'NONE', #5712, 1000.000000000000000 ) ;
#1802 = CARTESIAN_POINT ( 'NONE',  ( 46.05000000000000426, 25.45429687500000426, 0.2000000000000196065 ) ) ;
#1803 = LINE ( 'NONE', #2268, #1307 ) ;
#1804 = FACE_OUTER_BOUND ( 'NONE', #3577, .T. ) ;
#1805 = AXIS2_PLACEMENT_3D ( 'NONE', #1142, #5920, #1704 ) ;
#1806 = ORIENTED_EDGE ( 'NONE', *, *, #3866, .F. ) ;
#1807 = ORIENTED_EDGE ( 'NONE', *, *, #417, .F. ) ;
#1808 = CARTESIAN_POINT ( 'NONE',  ( -37.06788286210068151, 15.48641401289933661, 0.5000000000000004441 ) ) ;
#1809 = DIRECTION ( 'NONE',  ( -1.000000000000000000, 1.734723475976806709E-18, 0.000000000000000000 ) ) ;
#1810 = AXIS2_PLACEMENT_3D ( 'NONE', #2269, #872, #1863 ) ;
#1811 = EDGE_CURVE ( 'NONE', #4148, #3421, #3952, .T. ) ;
#1812 = DIRECTION ( 'NONE',  ( -1.000000000000000000, 1.734723475976806709E-18, 0.000000000000000000 ) ) ;
#1813 = DIRECTION ( 'NONE',  ( -0.7071067811865483499, 0.7071067811865466846, 0.000000000000000000 ) ) ;
#1814 = CARTESIAN_POINT ( 'NONE',  ( -8.767882862100687902, 15.50448725967914676, 0.5000000000000004441 ) ) ;
#1815 = ORIENTED_EDGE ( 'NONE', *, *, #4614, .T. ) ;
#1816 = VERTEX_POINT ( 'NONE', #2967 ) ;
#1817 = LINE ( 'NONE', #3703, #5528 ) ;
#1818 = EDGE_CURVE ( 'NONE', #4813, #2080, #2943, .T. ) ;
#1819 = CARTESIAN_POINT ( 'NONE',  ( -29.38211713789932489, 20.23277201088162514, 1.500000000000000444 ) ) ;
#1820 = EDGE_LOOP ( 'NONE', ( #4016, #4834, #193, #5031 ) ) ;
#1821 = CARTESIAN_POINT ( 'NONE',  ( 9.521524864118370957, 23.17217973710068080, 2.500000000000000444 ) ) ;
#1822 = ORIENTED_EDGE ( 'NONE', *, *, #5923, .F. ) ;
#1823 = ORIENTED_EDGE ( 'NONE', *, *, #5015, .F. ) ;
#1824 = DIRECTION ( 'NONE',  ( 1.000000000000000000, -1.734723475976806709E-18, -0.000000000000000000 ) ) ;
#1825 = EDGE_CURVE ( 'NONE', #5335, #1567, #5766, .T. ) ;
#1826 = CARTESIAN_POINT ( 'NONE',  ( 32.52152486411837629, 23.17217973710068080, 1.500000000000000444 ) ) ;
#1827 = ORIENTED_EDGE ( 'NONE', *, *, #458, .F. ) ;
#1828 = VECTOR ( 'NONE', #4512, 1000.000000000000000 ) ;
#1829 = PLANE ( 'NONE',  #2935 ) ;
#1830 = ORIENTED_EDGE ( 'NONE', *, *, #4942, .T. ) ;
#1831 = CARTESIAN_POINT ( 'NONE',  ( -32.41788286210068293, 22.78641401289933910, 1.500000000000000444 ) ) ;
#1832 = ADVANCED_FACE ( 'NONE', ( #5305 ), #1603, .T. ) ;
#1833 = LINE ( 'NONE', #900, #4264 ) ;
#1834 = AXIS2_PLACEMENT_3D ( 'NONE', #3657, #3601, #2243 ) ;
#1835 = CARTESIAN_POINT ( 'NONE',  ( -45.34999999999998721, 11.05429687500002878, 0.000000000000000000 ) ) ;
#1836 = LINE ( 'NONE', #3257, #6060 ) ;
#1837 = ORIENTED_EDGE ( 'NONE', *, *, #3709, .F. ) ;
#1838 = DIRECTION ( 'NONE',  ( 0.000000000000000000, 0.000000000000000000, -1.000000000000000000 ) ) ;
#1839 = VECTOR ( 'NONE', #6002, 1000.000000000000000 ) ;
#1840 = CARTESIAN_POINT ( 'NONE',  ( 32.58211713789932418, 15.48641401289933661, 0.5000000000000004441 ) ) ;
#1841 = DIRECTION ( 'NONE',  ( 0.000000000000000000, -0.000000000000000000, -1.000000000000000000 ) ) ;
#1842 = DIRECTION ( 'NONE',  ( 0.7071067811865466846, 0.7071067811865483499, 0.000000000000000000 ) ) ;
#1843 = LINE ( 'NONE', #5602, #2422 ) ;
#1844 = ORIENTED_EDGE ( 'NONE', *, *, #1847, .F. ) ;
#1845 = CARTESIAN_POINT ( 'NONE',  ( 14.23211713789931210, 15.50448725967914676, 1.500000000000000444 ) ) ;
#1846 = VERTEX_POINT ( 'NONE', #4814 ) ;
#1847 = EDGE_CURVE ( 'NONE', #5351, #101, #1637, .T. ) ;
#1848 = CARTESIAN_POINT ( 'NONE',  ( -38.81788286210068151, 15.48641401289933661, 1.000000000000000000 ) ) ;
#1849 = LINE ( 'NONE', #20, #606 ) ;
#1851 = ORIENTED_EDGE ( 'NONE', *, *, #3709, .T. ) ;
#1850 = ADVANCED_FACE ( 'NONE', ( #1050 ), #1076, .F. ) ;
#1852 = DIRECTION ( 'NONE',  ( 0.000000000000000000, 0.000000000000000000, 1.000000000000000000 ) ) ;
#1853 = ORIENTED_EDGE ( 'NONE', *, *, #912, .T. ) ;
#1854 = EDGE_CURVE ( 'NONE', #5221, #3461, #4438, .T. ) ;
#1855 = ORIENTED_EDGE ( 'NONE', *, *, #2131, .T. ) ;
#1856 = DIRECTION ( 'NONE',  ( 0.000000000000000000, 1.000000000000000000, 0.000000000000000000 ) ) ;
#1857 = FACE_OUTER_BOUND ( 'NONE', #116, .T. ) ;
#1858 = ORIENTED_EDGE ( 'NONE', *, *, #5608, .T. ) ;
#1859 = LINE ( 'NONE', #4295, #1236 ) ;
#1860 = ORIENTED_EDGE ( 'NONE', *, *, #72, .T. ) ;
#1861 = DIRECTION ( 'NONE',  ( 0.000000000000000000, 0.000000000000000000, -1.000000000000000000 ) ) ;
#1862 = DIRECTION ( 'NONE',  ( -0.7071067811865466846, -0.7071067811865483499, -1.137307002876286931E-16 ) ) ;
#1863 = DIRECTION ( 'NONE',  ( 1.000000000000000000, 0.000000000000000000, -0.000000000000000000 ) ) ;
#1864 = EDGE_CURVE ( 'NONE', #571, #2238, #3988, .T. ) ;
#1865 = DIRECTION ( 'NONE',  ( -0.000000000000000000, -1.000000000000000000, -0.000000000000000000 ) ) ;
#1866 = ORIENTED_EDGE ( 'NONE', *, *, #764, .F. ) ;
#1867 = CARTESIAN_POINT ( 'NONE',  ( 14.23211713789931210, 20.78641401289933910, 1.500000000000000444 ) ) ;
#1868 = CARTESIAN_POINT ( 'NONE',  ( 0.000000000000000000, 0.000000000000000000, 0.5000000000000004441 ) ) ;
#1869 = DIRECTION ( 'NONE',  ( 0.000000000000000000, -1.000000000000000000, 0.000000000000000000 ) ) ;
#1870 = CARTESIAN_POINT ( 'NONE',  ( -45.75000000000000000, 20.85065487298230735, 4.000000000000000000 ) ) ;
#1871 = EDGE_CURVE ( 'NONE', #4699, #5373, #613, .T. ) ;
#1872 = CARTESIAN_POINT ( 'NONE',  ( 7.200000000000005507, 15.45793887701771219, 1.500000000000000444 ) ) ;
#1873 = VERTEX_POINT ( 'NONE', #2066 ) ;
#1874 = CARTESIAN_POINT ( 'NONE',  ( 14.23211713789931210, 15.50448725967914676, 1.500000000000000444 ) ) ;
#1875 = ORIENTED_EDGE ( 'NONE', *, *, #2467, .F. ) ;
#1876 = DIRECTION ( 'NONE',  ( 0.7071067811865469066, 0.7071067811865482389, 0.000000000000000000 ) ) ;
#1877 = PLANE ( 'NONE',  #4006 ) ;
#1878 = ORIENTED_EDGE ( 'NONE', *, *, #5269, .F. ) ;
#1879 = ORIENTED_EDGE ( 'NONE', *, *, #4458, .F. ) ;
#1880 = LINE ( 'NONE', #2785, #3226 ) ;
#1881 = ADVANCED_FACE ( 'NONE', ( #5369 ), #3525, .F. ) ;
#1882 = CARTESIAN_POINT ( 'NONE',  ( 36.67847513588163366, 13.13641401289933874, 6.000000000000000000 ) ) ;
#1883 = ORIENTED_EDGE ( 'NONE', *, *, #5510, .T. ) ;
#1884 = CARTESIAN_POINT ( 'NONE',  ( 9.582117137899318848, 22.78641401289933910, 0.5000000000000004441 ) ) ;
#1885 = VERTEX_POINT ( 'NONE', #5399 ) ;
#1886 = VECTOR ( 'NONE', #2619, 1000.000000000000000 ) ;
#1887 = CARTESIAN_POINT ( 'NONE',  ( -44.00000000000000000, 13.15429687500000355, 0.2500000000000000000 ) ) ;
#1888 = VECTOR ( 'NONE', #1976, 1000.000000000000000 ) ;
#1889 = ADVANCED_FACE ( 'NONE', ( #1139 ), #3029, .F. ) ;
#1890 = DIRECTION ( 'NONE',  ( 1.000000000000000000, 4.173067663955945463E-16, 0.000000000000000000 ) ) ;
#1891 = CARTESIAN_POINT ( 'NONE',  ( 29.58211713789933484, 20.23277201088163224, 1.500000000000000444 ) ) ;
#1892 = PRODUCT ( 'DIY 4-LED Holder Cut', 'DIY 4-LED Holder Cut', '', ( #619 ) ) ;
#1893 = DIRECTION ( 'NONE',  ( -0.000000000000000000, 1.000000000000000000, -0.000000000000000000 ) ) ;
#1894 = AXIS2_PLACEMENT_3D ( 'NONE', #3394, #2406, #4862 ) ;
#1895 = ORIENTED_EDGE ( 'NONE', *, *, #4549, .F. ) ;
#1896 = DIRECTION ( 'NONE',  ( 1.000000000000000000, 1.334402673828313339E-16, -0.000000000000000000 ) ) ;
#1897 = LINE ( 'NONE', #592, #4600 ) ;
#1898 = EDGE_CURVE ( 'NONE', #796, #5722, #1979, .T. ) ;
#1899 = DIRECTION ( 'NONE',  ( 0.000000000000000000, -0.000000000000000000, 1.000000000000000000 ) ) ;
#1900 = DIRECTION ( 'NONE',  ( -1.000000000000000000, -8.896017825522088106E-17, 0.000000000000000000 ) ) ;
#1901 = PLANE ( 'NONE',  #2123 ) ;
#1902 = ORIENTED_EDGE ( 'NONE', *, *, #5510, .F. ) ;
#1903 = VECTOR ( 'NONE', #1795, 1000.000000000000000 ) ;
#1904 = DIRECTION ( 'NONE',  ( 0.000000000000000000, 0.000000000000000000, -1.000000000000000000 ) ) ;
#1905 = ORIENTED_EDGE ( 'NONE', *, *, #2885, .T. ) ;
#1906 = EDGE_CURVE ( 'NONE', #2510, #956, #2475, .T. ) ;
#1907 = DIRECTION ( 'NONE',  ( -0.000000000000000000, -1.000000000000000000, -0.000000000000000000 ) ) ;
#1908 = VECTOR ( 'NONE', #1353, 1000.000000000000000 ) ;
#1909 = ADVANCED_FACE ( 'NONE', ( #2038 ), #3925, .F. ) ;
#1910 = DIRECTION ( 'NONE',  ( 1.000000000000000000, 0.000000000000000000, -0.000000000000000000 ) ) ;
#1911 = EDGE_LOOP ( 'NONE', ( #3880, #4908, #3110, #859, #3993, #2938, #5777, #3061 ) ) ;
#1912 = ORIENTED_EDGE ( 'NONE', *, *, #112, .T. ) ;
#1913 = CARTESIAN_POINT ( 'NONE',  ( -13.41788286210068115, 15.48641401289933661, 0.5000000000000004441 ) ) ;
#1914 = VECTOR ( 'NONE', #3711, 1000.000000000000000 ) ;
#1915 = LINE ( 'NONE', #1483, #3480 ) ;
#1916 = VERTEX_POINT ( 'NONE', #5336 ) ;
#1917 = EDGE_CURVE ( 'NONE', #173, #4015, #1105, .T. ) ;
#1918 = DIRECTION ( 'NONE',  ( -1.000000000000000000, -0.000000000000000000, -0.000000000000000000 ) ) ;
#1919 = ORIENTED_EDGE ( 'NONE', *, *, #3170, .T. ) ;
#1920 = DIRECTION ( 'NONE',  ( 0.000000000000000000, 0.000000000000000000, 1.000000000000000000 ) ) ;
#1921 = FACE_OUTER_BOUND ( 'NONE', #5149, .T. ) ;
#1922 = APPLICATION_PROTOCOL_DEFINITION ( 'international standard', 'config_control_design', 1994, #4238 ) ;
#1923 = VECTOR ( 'NONE', #231, 1000.000000000000000 ) ;
#1924 = CARTESIAN_POINT ( 'NONE',  ( -45.75000000000000000, 13.90429687500000355, 1.000000000000000000 ) ) ;
#1925 = ORIENTED_EDGE ( 'NONE', *, *, #3715, .T. ) ;
#1926 = ADVANCED_FACE ( 'NONE', ( #1267 ), #339, .F. ) ;
#1927 = LINE ( 'NONE', #499, #4313 ) ;
#1928 = CARTESIAN_POINT ( 'NONE',  ( -32.41788286210068293, 15.48641401289933661, 1.500000000000000444 ) ) ;
#1929 = AXIS2_PLACEMENT_3D ( 'NONE', #179, #1230, #2062 ) ;
#1930 = CARTESIAN_POINT ( 'NONE',  ( -45.75000000000000000, 20.85065487298230735, 4.000000000000000000 ) ) ;
#1931 = FACE_OUTER_BOUND ( 'NONE', #1280, .T. ) ;
#1932 = VECTOR ( 'NONE', #2706, 1000.000000000000114 ) ;
#1933 = VECTOR ( 'NONE', #3307, 1000.000000000000000 ) ;
#1934 = EDGE_CURVE ( 'NONE', #2523, #6020, #4505, .T. ) ;
#1935 = DIRECTION ( 'NONE',  ( 1.000000000000000000, 0.000000000000000000, -0.000000000000000000 ) ) ;
#1936 = ORIENTED_EDGE ( 'NONE', *, *, #3701, .T. ) ;
#1937 = DIRECTION ( 'NONE',  ( 0.7071067811865352493, 0.000000000000000000, 0.7071067811865597852 ) ) ;
#1938 = ORIENTED_EDGE ( 'NONE', *, *, #174, .F. ) ;
#1939 = VECTOR ( 'NONE', #4702, 1000.000000000000000 ) ;
#1940 = CARTESIAN_POINT ( 'NONE',  ( 36.58211713789932418, 15.48641401289933661, 1.500000000000000444 ) ) ;
#1941 = EDGE_CURVE ( 'NONE', #5892, #86, #1198, .T. ) ;
#1942 = FACE_OUTER_BOUND ( 'NONE', #5781, .T. ) ;
#1943 = ORIENTED_EDGE ( 'NONE', *, *, #5758, .F. ) ;
#1944 = EDGE_LOOP ( 'NONE', ( #1169, #2864, #661 ) ) ;
#1945 = CARTESIAN_POINT ( 'NONE',  ( 37.23211713789931565, 20.78641401289933910, -2.999999999999999112 ) ) ;
#1946 = DIRECTION ( 'NONE',  ( 1.000000000000000000, 1.334402673828313339E-16, -0.000000000000000000 ) ) ;
#1947 = EDGE_CURVE ( 'NONE', #3936, #1479, #3759, .T. ) ;
#1948 = ORIENTED_EDGE ( 'NONE', *, *, #946, .T. ) ;
#1949 = APPLICATION_CONTEXT ( 'configuration controlled 3d designs of mechanical parts and assemblies' ) ;
#1950 = CARTESIAN_POINT ( 'NONE',  ( -43.25000000000000000, 23.15429687500000355, 0.5999999999999999778 ) ) ;
#1951 = ORIENTED_EDGE ( 'NONE', *, *, #1133, .F. ) ;
#1952 = DIRECTION ( 'NONE',  ( -1.000000000000000000, -0.000000000000000000, -0.000000000000000000 ) ) ;
#1953 = VECTOR ( 'NONE', #5314, 1000.000000000000000 ) ;
#1954 = CARTESIAN_POINT ( 'NONE',  ( 7.200000000000002842, 20.85065487298230735, 1.500000000000000444 ) ) ;
#1955 = PERSON_AND_ORGANIZATION ( #684, #2212 ) ;
#1956 = EDGE_CURVE ( 'NONE', #1991, #1296, #5176, .T. ) ;
#1957 = VERTEX_POINT ( 'NONE', #3123 ) ;
#1958 = DIRECTION ( 'NONE',  ( 0.000000000000000000, 0.000000000000000000, -1.000000000000000000 ) ) ;
#1959 = CARTESIAN_POINT ( 'NONE',  ( -14.06788286210067973, 15.48641401289933661, 0.5000000000000004441 ) ) ;
#1960 = EDGE_CURVE ( 'NONE', #2359, #5994, #5140, .T. ) ;
#1961 = CARTESIAN_POINT ( 'NONE',  ( 38.98211713789932276, 20.78641401289933910, 0.5000000000000004441 ) ) ;
#1962 = EDGE_CURVE ( 'NONE', #5679, #2587, #3584, .T. ) ;
#1963 = DIRECTION ( 'NONE',  ( -0.000000000000000000, -0.000000000000000000, 1.000000000000000000 ) ) ;
#1964 = EDGE_CURVE ( 'NONE', #1184, #2210, #3153, .T. ) ;
#1965 = VERTEX_POINT ( 'NONE', #6063 ) ;
#1966 = DIRECTION ( 'NONE',  ( -1.000000000000000000, 0.000000000000000000, 0.000000000000000000 ) ) ;
#1967 = VERTEX_POINT ( 'NONE', #1845 ) ;
#1968 = DIRECTION ( 'NONE',  ( -0.000000000000000000, -1.000000000000000000, -0.000000000000000000 ) ) ;
#1969 = ORIENTED_EDGE ( 'NONE', *, *, #4927, .T. ) ;
#1970 = CARTESIAN_POINT ( 'NONE',  ( -13.41788286210068115, 15.48641401289933661, 0.5000000000000004441 ) ) ;
#1971 = ADVANCED_FACE ( 'NONE', ( #303 ), #4082, .F. ) ;
#1972 = PLANE ( 'NONE',  #4300 ) ;
#1973 = EDGE_LOOP ( 'NONE', ( #4573, #4142, #2254, #4835 ) ) ;
#1974 = ORIENTED_EDGE ( 'NONE', *, *, #4162, .F. ) ;
#1975 = CARTESIAN_POINT ( 'NONE',  ( -43.25000000000000000, 23.15429687500000355, 0.5999999999999999778 ) ) ;
#1976 = DIRECTION ( 'NONE',  ( 0.7071067811865469066, 0.7071067811865482389, 0.000000000000000000 ) ) ;
#1977 = EDGE_CURVE ( 'NONE', #3258, #5062, #4962, .T. ) ;
#1978 = ORIENTED_EDGE ( 'NONE', *, *, #4266, .T. ) ;
#1979 = LINE ( 'NONE', #3403, #2959 ) ;
#1980 = VERTEX_POINT ( 'NONE', #2813 ) ;
#1981 = LINE ( 'NONE', #3865, #235 ) ;
#1982 = EDGE_CURVE ( 'NONE', #1446, #2435, #795, .T. ) ;
#1983 = DIRECTION ( 'NONE',  ( -0.000000000000000000, -0.000000000000000000, 1.000000000000000000 ) ) ;
#1984 = VERTEX_POINT ( 'NONE', #5604 ) ;
#1985 = DIRECTION ( 'NONE',  ( 1.734723475976806709E-18, 1.000000000000000000, 0.000000000000000000 ) ) ;
#1986 = VECTOR ( 'NONE', #5393, 1000.000000000000000 ) ;
#1987 = CARTESIAN_POINT ( 'NONE',  ( 39.25000000000000000, 13.15429687500000355, 6.000000000000000000 ) ) ;
#1988 = DIRECTION ( 'NONE',  ( 1.000000000000000000, -1.734723475976806709E-18, -0.000000000000000000 ) ) ;
#1989 = LINE ( 'NONE', #3877, #2992 ) ;
#1990 = VECTOR ( 'NONE', #5357, 1000.000000000000000 ) ;
#1991 = VERTEX_POINT ( 'NONE', #734 ) ;
#1992 = PLANE ( 'NONE',  #2725 ) ;
#1993 = AXIS2_PLACEMENT_3D ( 'NONE', #1751, #5076, #1809 ) ;
#1994 = EDGE_LOOP ( 'NONE', ( #5545, #4769, #2694, #60 ) ) ;
#1995 = DIRECTION ( 'NONE',  ( 1.000000000000000000, -0.000000000000000000, 0.000000000000000000 ) ) ;
#1996 = ADVANCED_FACE ( 'NONE', ( #5887 ), #4536, .T. ) ;
#1997 = ORIENTED_EDGE ( 'NONE', *, *, #4759, .T. ) ;
#1998 = VECTOR ( 'NONE', #1582, 1000.000000000000000 ) ;
#1999 = LINE ( 'NONE', #2055, #1404 ) ;
#2000 = VECTOR ( 'NONE', #4495, 1000.000000000000000 ) ;
#2001 = DIRECTION ( 'NONE',  ( -0.000000000000000000, 0.000000000000000000, 1.000000000000000000 ) ) ;
#2002 = EDGE_LOOP ( 'NONE', ( #4938, #4345, #1529, #110, #4166, #1388, #2801, #3744 ) ) ;
#2003 = ADVANCED_FACE ( 'NONE', ( #3620 ), #5491, .F. ) ;
#2004 = ORIENTED_EDGE ( 'NONE', *, *, #3000, .F. ) ;
#2005 = DIRECTION ( 'NONE',  ( 0.7071067811865475727, 0.000000000000000000, 0.7071067811865475727 ) ) ;
#2007 = DIRECTION ( 'NONE',  ( 4.173067663955944970E-16, -1.000000000000000000, 0.000000000000000000 ) ) ;
#2006 = VECTOR ( 'NONE', #4246, 1000.000000000000000 ) ;
#2008 = EDGE_LOOP ( 'NONE', ( #2663, #772, #857, #4499 ) ) ;
#2009 = EDGE_CURVE ( 'NONE', #2094, #4254, #456, .T. ) ;
#2010 = DIRECTION ( 'NONE',  ( -0.000000000000000000, 1.000000000000000000, -0.000000000000000000 ) ) ;
#2011 = VERTEX_POINT ( 'NONE', #2346 ) ;
#2012 = CARTESIAN_POINT ( 'NONE',  ( -30.00000000000000355, 15.45793887701771219, 1.500000000000000444 ) ) ;
#2013 = DIRECTION ( 'NONE',  ( 0.000000000000000000, 1.000000000000000000, 0.000000000000000000 ) ) ;
#2014 = VECTOR ( 'NONE', #4144, 1000.000000000000000 ) ;
#2015 = ORIENTED_EDGE ( 'NONE', *, *, #148, .F. ) ;
#2016 = EDGE_CURVE ( 'NONE', #1967, #1651, #6092, .T. ) ;
#2017 = DIRECTION ( 'NONE',  ( 0.000000000000000000, -1.000000000000000000, -1.608394988049539567E-16 ) ) ;
#2018 = DIRECTION ( 'NONE',  ( -0.000000000000000000, -0.000000000000000000, 1.000000000000000000 ) ) ;
#2019 = DIRECTION ( 'NONE',  ( -1.000000000000000000, -8.896017825522088106E-17, 0.000000000000000000 ) ) ;
#2020 = DIRECTION ( 'NONE',  ( -0.000000000000000000, -0.000000000000000000, 1.000000000000000000 ) ) ;
#2021 = ORIENTED_EDGE ( 'NONE', *, *, #3373, .T. ) ;
#2022 = VERTEX_POINT ( 'NONE', #1415 ) ;
#2023 = VECTOR ( 'NONE', #4801, 1000.000000000000000 ) ;
#2024 = CARTESIAN_POINT ( 'NONE',  ( 8.932117137899320269, 20.78641401289933910, 1.500000000000000444 ) ) ;
#2025 = ORIENTED_EDGE ( 'NONE', *, *, #3754, .T. ) ;
#2026 = ADVANCED_FACE ( 'NONE', ( #5429 ), #3303, .F. ) ;
#2027 = CARTESIAN_POINT ( 'NONE',  ( 14.23211713789931210, 15.50448725967914676, 0.5000000000000004441 ) ) ;
#2028 = VECTOR ( 'NONE', #2601, 1000.000000000000000 ) ;
#2029 = LINE ( 'NONE', #2870, #2235 ) ;
#2030 = VECTOR ( 'NONE', #5674, 1000.000000000000000 ) ;
#2031 = ORIENTED_EDGE ( 'NONE', *, *, #1871, .F. ) ;
#2032 = ORIENTED_EDGE ( 'NONE', *, *, #5349, .F. ) ;
#2033 = LINE ( 'NONE', #1761, #602 ) ;
#2034 = LINE ( 'NONE', #1047, #500 ) ;
#2035 = EDGE_CURVE ( 'NONE', #1197, #2476, #2839, .T. ) ;
#2036 = LINE ( 'NONE', #3454, #4982 ) ;
#2037 = ORIENTED_EDGE ( 'NONE', *, *, #977, .F. ) ;
#2038 = FACE_OUTER_BOUND ( 'NONE', #2627, .T. ) ;
#2039 = ORIENTED_EDGE ( 'NONE', *, *, #4137, .T. ) ;
#2040 = DIRECTION ( 'NONE',  ( -0.7071067811865466846, -0.7071067811865483499, 0.000000000000000000 ) ) ;
#2041 = CARTESIAN_POINT ( 'NONE',  ( 9.582117137899318848, 13.48641401289933661, 0.5000000000000004441 ) ) ;
#2042 = ADVANCED_FACE ( 'NONE', ( #4370 ), #2492, .F. ) ;
#2043 = VERTEX_POINT ( 'NONE', #102 ) ;
#2044 = VECTOR ( 'NONE', #3603, 1000.000000000000000 ) ;
#2045 = DIRECTION ( 'NONE',  ( -1.000000000000000000, 0.000000000000000000, -0.000000000000000000 ) ) ;
#2046 = FACE_OUTER_BOUND ( 'NONE', #2547, .T. ) ;
#2047 = CARTESIAN_POINT ( 'NONE',  ( 16.61788286210067511, 20.23277201088162514, 4.000000000000000000 ) ) ;
#2048 = EDGE_CURVE ( 'NONE', #866, #650, #2372, .T. ) ;
#2049 = CARTESIAN_POINT ( 'NONE',  ( -9.303642002017703305, 13.15429687500000000, 6.000000000000000000 ) ) ;
#2050 = ORIENTED_EDGE ( 'NONE', *, *, #5923, .T. ) ;
#2051 = LINE ( 'NONE', #4425, #5569 ) ;
#2052 = ORIENTED_EDGE ( 'NONE', *, *, #5096, .T. ) ;
#2053 = CARTESIAN_POINT ( 'NONE',  ( -14.06788286210067973, 20.80448725967914925, 0.5000000000000004441 ) ) ;
#2054 = ORIENTED_EDGE ( 'NONE', *, *, #4645, .T. ) ;
#2055 = CARTESIAN_POINT ( 'NONE',  ( -32.32152486411838765, 23.17217973710068080, 6.000000000000000000 ) ) ;
#2056 = DIRECTION ( 'NONE',  ( 1.000000000000000000, -0.000000000000000000, 0.000000000000000000 ) ) ;
#2057 = LINE ( 'NONE', #2154, #1741 ) ;
#2058 = ORIENTED_EDGE ( 'NONE', *, *, #1481, .T. ) ;
#2059 = ORIENTED_EDGE ( 'NONE', *, *, #3126, .F. ) ;
#2060 = DIRECTION ( 'NONE',  ( -0.000000000000000000, -0.000000000000000000, -1.000000000000000000 ) ) ;
#2061 = LINE ( 'NONE', #5818, #4935 ) ;
#2062 = DIRECTION ( 'NONE',  ( 0.000000000000000000, -0.000000000000000000, 1.000000000000000000 ) ) ;
#2063 = ADVANCED_FACE ( 'NONE', ( #3392 ), #599, .F. ) ;
#2064 = VERTEX_POINT ( 'NONE', #481 ) ;
#2065 = VECTOR ( 'NONE', #4841, 1000.000000000000000 ) ;
#2066 = CARTESIAN_POINT ( 'NONE',  ( -30.01788286210068435, 15.50448725967914676, 1.500000000000000444 ) ) ;
#2067 = ORIENTED_EDGE ( 'NONE', *, *, #1042, .T. ) ;
#2068 = LINE ( 'NONE', #2012, #4470 ) ;
#2069 = EDGE_CURVE ( 'NONE', #3455, #2405, #1035, .T. ) ;
#2070 = VECTOR ( 'NONE', #2162, 1000.000000000000000 ) ;
#2071 = LINE ( 'NONE', #1609, #1107 ) ;
#2072 = ORIENTED_EDGE ( 'NONE', *, *, #2208, .F. ) ;
#2073 = ORIENTED_EDGE ( 'NONE', *, *, #2009, .F. ) ;
#2074 = CARTESIAN_POINT ( 'NONE',  ( 31.93211713789932560, 15.48641401289933661, 1.500000000000000444 ) ) ;
#2075 = DIRECTION ( 'NONE',  ( 1.000000000000000000, 0.000000000000000000, -0.000000000000000000 ) ) ;
#2076 = ADVANCED_FACE ( 'NONE', ( #3882 ), #3360, .T. ) ;
#2077 = DIRECTION ( 'NONE',  ( 0.000000000000000000, 0.7071067811865352493, 0.7071067811865597852 ) ) ;
#2078 = CARTESIAN_POINT ( 'NONE',  ( -45.75000000000000000, 20.85065487298230735, 2.500000000000000000 ) ) ;
#2079 = VECTOR ( 'NONE', #4959, 1000.000000000000000 ) ;
#2080 = VERTEX_POINT ( 'NONE', #5721 ) ;
#2081 = DIRECTION ( 'NONE',  ( 1.000000000000000000, 0.000000000000000000, 0.000000000000000000 ) ) ;
#2082 = ORIENTED_EDGE ( 'NONE', *, *, #2035, .F. ) ;
#2083 = DIRECTION ( 'NONE',  ( -1.000000000000000000, 0.000000000000000000, 0.000000000000000000 ) ) ;
#2084 = EDGE_CURVE ( 'NONE', #3971, #6033, #5754, .T. ) ;
#2085 = VERTEX_POINT ( 'NONE', #1532 ) ;
#2086 = VECTOR ( 'NONE', #3474, 1000.000000000000000 ) ;
#2087 = DIRECTION ( 'NONE',  ( -0.000000000000000000, -0.000000000000000000, 1.000000000000000000 ) ) ;
#2088 = VECTOR ( 'NONE', #2985, 1000.000000000000000 ) ;
#2089 = LINE ( 'NONE', #5186, #1505 ) ;
#2090 = LINE ( 'NONE', #4072, #1543 ) ;
#2091 = ORIENTED_EDGE ( 'NONE', *, *, #3254, .F. ) ;
#2092 = VECTOR ( 'NONE', #4730, 1000.000000000000000 ) ;
#2093 = ADVANCED_FACE ( 'NONE', ( #2865 ), #5665, .F. ) ;
#2094 = VERTEX_POINT ( 'NONE', #5293 ) ;
#2095 = CARTESIAN_POINT ( 'NONE',  ( 31.93211713789931849, 20.78641401289933910, -2.999999999999999112 ) ) ;
#2096 = CARTESIAN_POINT ( 'NONE',  ( 32.58211713789932418, 15.48641401289933661, 1.500000000000000444 ) ) ;
#2097 = VECTOR ( 'NONE', #725, 1000.000000000000000 ) ;
#2098 = DIRECTION ( 'NONE',  ( 0.7071067811865467956, 0.7071067811865483499, 0.000000000000000000 ) ) ;
#2099 = ORIENTED_EDGE ( 'NONE', *, *, #5153, .T. ) ;
#2100 = CARTESIAN_POINT ( 'NONE',  ( 6.582117137899329506, 16.07582173911838908, 6.000000000000000000 ) ) ;
#2101 = ORIENTED_EDGE ( 'NONE', *, *, #775, .F. ) ;
#2102 = AXIS2_PLACEMENT_3D ( 'NONE', #2797, #5103, #4674 ) ;
#2103 = PLANE ( 'NONE',  #5556 ) ;
#2104 = CARTESIAN_POINT ( 'NONE',  ( -37.06788286210068151, 15.48641401289933661, 1.500000000000000444 ) ) ;
#2105 = VECTOR ( 'NONE', #4152, 1000.000000000000000 ) ;
#2106 = EDGE_CURVE ( 'NONE', #5351, #4701, #1065, .T. ) ;
#2107 = ORIENTED_EDGE ( 'NONE', *, *, #5620, .T. ) ;
#2108 = ORIENTED_EDGE ( 'NONE', *, *, #2885, .F. ) ;
#2109 = CARTESIAN_POINT ( 'NONE',  ( 36.58211713789932418, 15.48641401289933661, 0.5000000000000004441 ) ) ;
#2110 = DIRECTION ( 'NONE',  ( 0.7071067811865483499, -0.7071067811865467956, -0.000000000000000000 ) ) ;
#2111 = DIRECTION ( 'NONE',  ( 0.000000000000000000, 1.000000000000000000, 0.000000000000000000 ) ) ;
#2112 = CARTESIAN_POINT ( 'NONE',  ( -32.32152486411837344, 13.13641401289933874, 1.500000000000000444 ) ) ;
#2113 = ADVANCED_FACE ( 'NONE', ( #2404 ), #4281, .F. ) ;
#2114 = EDGE_LOOP ( 'NONE', ( #3546, #4055, #4271, #5806 ) ) ;
#2115 = CARTESIAN_POINT ( 'NONE',  ( 32.58211713789932418, 20.78641401289933910, 0.5000000000000004441 ) ) ;
#2116 = ORIENTED_EDGE ( 'NONE', *, *, #5364, .T. ) ;
#2117 = DIRECTION ( 'NONE',  ( -0.000000000000000000, -1.000000000000000000, -0.000000000000000000 ) ) ;
#2118 = VERTEX_POINT ( 'NONE', #2024 ) ;
#2119 = DIRECTION ( 'NONE',  ( -1.000000000000000000, 0.000000000000000000, 0.000000000000000000 ) ) ;
#2120 = DIRECTION ( 'NONE',  ( -0.000000000000000000, 1.000000000000000000, -0.000000000000000000 ) ) ;
#2121 = ADVANCED_FACE ( 'NONE', ( #1447 ), #3913, .F. ) ;
#2122 = EDGE_CURVE ( 'NONE', #4108, #2085, #4715, .T. ) ;
#2123 = AXIS2_PLACEMENT_3D ( 'NONE', #1471, #5752, #1935 ) ;
#2124 = DIRECTION ( 'NONE',  ( 0.000000000000000000, 1.000000000000000000, 0.000000000000000000 ) ) ;
#2125 = EDGE_LOOP ( 'NONE', ( #598, #5998, #3518, #1333 ) ) ;
#2126 = ORIENTED_EDGE ( 'NONE', *, *, #230, .T. ) ;
#2127 = DIRECTION ( 'NONE',  ( -1.000000000000000000, 0.000000000000000000, 0.000000000000000000 ) ) ;
#2128 = VECTOR ( 'NONE', #869, 1000.000000000000000 ) ;
#2129 = CARTESIAN_POINT ( 'NONE',  ( -45.75000000000000000, 25.65429687500000355, 6.000000000000000000 ) ) ;
#2130 = VECTOR ( 'NONE', #2780, 1000.000000000000000 ) ;
#2131 = EDGE_CURVE ( 'NONE', #829, #1873, #4249, .T. ) ;
#2132 = PLANE ( 'NONE',  #2732 ) ;
#2133 = ORIENTED_EDGE ( 'NONE', *, *, #5948, .T. ) ;
#2134 = VECTOR ( 'NONE', #3545, 1000.000000000000000 ) ;
#2135 = DIRECTION ( 'NONE',  ( 0.000000000000000000, 1.000000000000000000, 0.000000000000000000 ) ) ;
#2136 = VERTEX_POINT ( 'NONE', #17 ) ;
#2137 = DIRECTION ( 'NONE',  ( 0.000000000000000000, -0.000000000000000000, 1.000000000000000000 ) ) ;
#2138 = VECTOR ( 'NONE', #1856, 1000.000000000000000 ) ;
#2139 = CARTESIAN_POINT ( 'NONE',  ( 29.58211713789933484, 20.23277201088163224, 1.500000000000000444 ) ) ;
#2140 = ORIENTED_EDGE ( 'NONE', *, *, #394, .T. ) ;
#2141 = ORIENTED_EDGE ( 'NONE', *, *, #3941, .T. ) ;
#2142 = CARTESIAN_POINT ( 'NONE',  ( -9.321524864118385878, 23.17217973710068080, 1.500000000000000444 ) ) ;
#2143 = DIRECTION ( 'NONE',  ( 0.000000000000000000, 0.000000000000000000, -1.000000000000000000 ) ) ;
#2144 = DIRECTION ( 'NONE',  ( 1.000000000000000000, 0.000000000000000000, 0.000000000000000000 ) ) ;
#2145 = FACE_BOUND ( 'NONE', #385, .T. ) ;
#2146 = EDGE_CURVE ( 'NONE', #6045, #5666, #3791, .T. ) ;
#2147 = ORIENTED_EDGE ( 'NONE', *, *, #4487, .F. ) ;
#2148 = CARTESIAN_POINT ( 'NONE',  ( 37.23211713789931565, 20.78641401289933910, 0.5000000000000004441 ) ) ;
#2149 = DIRECTION ( 'NONE',  ( 1.000000000000000000, 0.000000000000000000, 0.000000000000000000 ) ) ;
#2150 = VERTEX_POINT ( 'NONE', #2586 ) ;
#2151 = ADVANCED_FACE ( 'NONE', ( #1720 ), #5323, .F. ) ;
#2152 = DIRECTION ( 'NONE',  ( -0.000000000000000000, 0.000000000000000000, 1.000000000000000000 ) ) ;
#2153 = DIRECTION ( 'NONE',  ( 0.000000000000000000, 0.000000000000000000, -1.000000000000000000 ) ) ;
#2154 = CARTESIAN_POINT ( 'NONE',  ( -39.41788286210066872, 16.07582173911838908, 1.500000000000000444 ) ) ;
#2155 = ORIENTED_EDGE ( 'NONE', *, *, #1607, .T. ) ;
#2156 = ORIENTED_EDGE ( 'NONE', *, *, #5763, .F. ) ;
#2157 = DIRECTION ( 'NONE',  ( -0.7071067811865483499, 0.7071067811865466846, 0.000000000000000000 ) ) ;
#2158 = EDGE_CURVE ( 'NONE', #677, #981, #5447, .T. ) ;
#2159 = LINE ( 'NONE', #1694, #1303 ) ;
#2160 = DIRECTION ( 'NONE',  ( -0.000000000000000000, -0.000000000000000000, 1.000000000000000000 ) ) ;
#2161 = ORIENTED_EDGE ( 'NONE', *, *, #691, .F. ) ;
#2162 = DIRECTION ( 'NONE',  ( 1.000000000000000000, 1.334402673828313339E-16, -0.000000000000000000 ) ) ;
#2163 = ORIENTED_EDGE ( 'NONE', *, *, #1074, .T. ) ;
#2164 = DIRECTION ( 'NONE',  ( 0.000000000000000000, -0.7071067811865465735, 0.7071067811865483499 ) ) ;
#2165 = ADVANCED_FACE ( 'NONE', ( #4457 ), #1654, .T. ) ;
#2166 = DIRECTION ( 'NONE',  ( 0.000000000000000000, -1.000000000000000000, -1.608394988049539567E-16 ) ) ;
#2167 = ORIENTED_EDGE ( 'NONE', *, *, #4485, .F. ) ;
#2168 = ORIENTED_EDGE ( 'NONE', *, *, #2726, .T. ) ;
#2169 = DIRECTION ( 'NONE',  ( 1.334402673828313586E-16, -1.000000000000000000, 0.000000000000000000 ) ) ;
#2170 = LINE ( 'NONE', #840, #546 ) ;
#2171 = EDGE_CURVE ( 'NONE', #5685, #3835, #1090, .T. ) ;
#2172 = CARTESIAN_POINT ( 'NONE',  ( 29.58211713789933484, 20.23277201088163224, 2.500000000000000000 ) ) ;
#2173 = DIRECTION ( 'NONE',  ( -0.7071067811865483499, 0.7071067811865466846, 0.000000000000000000 ) ) ;
#2174 = VERTEX_POINT ( 'NONE', #4890 ) ;
#2175 = ORIENTED_EDGE ( 'NONE', *, *, #2908, .F. ) ;
#2176 = DIRECTION ( 'NONE',  ( 0.000000000000000000, 0.000000000000000000, -1.000000000000000000 ) ) ;
#2177 = DIRECTION ( 'NONE',  ( 0.000000000000000000, 0.000000000000000000, -1.000000000000000000 ) ) ;
#2178 = ORIENTED_EDGE ( 'NONE', *, *, #4951, .F. ) ;
#2179 = CARTESIAN_POINT ( 'NONE',  ( -31.76788286210068790, 20.78641401289933910, 0.5000000000000004441 ) ) ;
#2180 = ADVANCED_FACE ( 'NONE', ( #721 ), #4427, .F. ) ;
#2181 = CARTESIAN_POINT ( 'NONE',  ( 39.61788286210068577, 20.23277201088162514, 6.000000000000000000 ) ) ;
#2182 = EDGE_CURVE ( 'NONE', #5616, #281, #4859, .T. ) ;
#2183 = LINE ( 'NONE', #294, #57 ) ;
#2184 = ORIENTED_EDGE ( 'NONE', *, *, #2684, .T. ) ;
#2185 = ORIENTED_EDGE ( 'NONE', *, *, #1348, .T. ) ;
#2186 = VECTOR ( 'NONE', #5020, 1000.000000000000000 ) ;
#2187 = CARTESIAN_POINT ( 'NONE',  ( 31.93211713789932560, 15.48641401289933661, 0.5000000000000004441 ) ) ;
#2188 = LINE ( 'NONE', #731, #1692 ) ;
#2189 = VECTOR ( 'NONE', #2177, 1000.000000000000000 ) ;
#2190 = VECTOR ( 'NONE', #633, 1000.000000000000000 ) ;
#2191 = EDGE_CURVE ( 'NONE', #7, #3700, #3972, .T. ) ;
#2192 = FACE_OUTER_BOUND ( 'NONE', #5871, .T. ) ;
#2193 = ORIENTED_EDGE ( 'NONE', *, *, #2869, .T. ) ;
#2194 = CARTESIAN_POINT ( 'NONE',  ( 39.25000000000000000, 13.90429687500000178, 1.000000000000000000 ) ) ;
#2195 = VERTEX_POINT ( 'NONE', #630 ) ;
#2196 = CARTESIAN_POINT ( 'NONE',  ( -45.34999999999998721, 24.65429687500000711, 6.000000000000000000 ) ) ;
#2197 = VECTOR ( 'NONE', #4766, 1000.000000000000000 ) ;
#2198 = CARTESIAN_POINT ( 'NONE',  ( -16.41788286210066872, 20.23277201088163224, 1.500000000000000444 ) ) ;
#2199 = ORIENTED_EDGE ( 'NONE', *, *, #5517, .F. ) ;
#2200 = EDGE_CURVE ( 'NONE', #917, #4699, #1219, .T. ) ;
#2201 = VECTOR ( 'NONE', #2592, 1000.000000000000000 ) ;
#2202 = VERTEX_POINT ( 'NONE', #3045 ) ;
#2203 = CARTESIAN_POINT ( 'NONE',  ( 39.25000000000000000, 13.15429687500000355, 4.000000000000000000 ) ) ;
#2204 = CARTESIAN_POINT ( 'NONE',  ( -24.73944509981767936, -17.49342939287327070, 6.000000000000000000 ) ) ;
#2205 = DIRECTION ( 'NONE',  ( -1.000000000000000000, 0.000000000000000000, 0.000000000000000000 ) ) ;
#2206 = AXIS2_PLACEMENT_3D ( 'NONE', #363, #1186, #2251 ) ;
#2207 = CARTESIAN_POINT ( 'NONE',  ( 0.000000000000000000, 0.000000000000000000, 0.000000000000000000 ) ) ;
#2208 = EDGE_CURVE ( 'NONE', #1885, #1567, #5355, .T. ) ;
#2209 = CARTESIAN_POINT ( 'NONE',  ( -38.75000000000000000, 22.40429687500000355, 1.000000000000000000 ) ) ;
#2210 = VERTEX_POINT ( 'NONE', #2527 ) ;
#2211 = DIRECTION ( 'NONE',  ( 0.000000000000000000, 0.000000000000000000, -1.000000000000000000 ) ) ;
#2212 = ORGANIZATION ( 'UNSPECIFIED', 'UNSPECIFIED', '' ) ;
#2213 = CARTESIAN_POINT ( 'NONE',  ( 39.25000000000000000, 15.45793887701771219, 1.000000000000000000 ) ) ;
#2214 = ORIENTED_EDGE ( 'NONE', *, *, #79, .F. ) ;
#2215 = FACE_OUTER_BOUND ( 'NONE', #2114, .T. ) ;
#2216 = FACE_OUTER_BOUND ( 'NONE', #4722, .T. ) ;
#2217 = CARTESIAN_POINT ( 'NONE',  ( 32.58211713789932418, 15.48641401289933661, 0.5000000000000004441 ) ) ;
#2218 = VERTEX_POINT ( 'NONE', #1154 ) ;
#2219 = ADVANCED_FACE ( 'NONE', ( #4948 ), #167, .F. ) ;
#2220 = ORIENTED_EDGE ( 'NONE', *, *, #470, .F. ) ;
#2221 = CARTESIAN_POINT ( 'NONE',  ( -45.75000000000000000, 11.65429687500000533, 6.000000000000000000 ) ) ;
#2222 = CARTESIAN_POINT ( 'NONE',  ( 9.582117137899318848, 15.48641401289933661, 0.5000000000000004441 ) ) ;
#2223 = VECTOR ( 'NONE', #3329, 1000.000000000000000 ) ;
#2224 = VECTOR ( 'NONE', #3684, 1000.000000000000000 ) ;
#2225 = EDGE_CURVE ( 'NONE', #3936, #7, #4983, .T. ) ;
#2226 = CARTESIAN_POINT ( 'NONE',  ( 29.58211713789933484, 16.07582173911838908, 1.500000000000000444 ) ) ;
#2227 = ORIENTED_EDGE ( 'NONE', *, *, #2717, .F. ) ;
#2228 = DIRECTION ( 'NONE',  ( 0.7071067811865469066, 0.7071067811865482389, 1.137307002876286684E-16 ) ) ;
#2229 = VERTEX_POINT ( 'NONE', #3939 ) ;
#2230 = CARTESIAN_POINT ( 'NONE',  ( -16.41788286210066872, 20.23277201088163224, 2.500000000000000000 ) ) ;
#2231 = AXIS2_PLACEMENT_3D ( 'NONE', #3105, #3199, #873 ) ;
#2232 = EDGE_CURVE ( 'NONE', #416, #5422, #4036, .T. ) ;
#2233 = DIRECTION ( 'NONE',  ( 1.000000000000000000, 0.000000000000000000, 0.000000000000000000 ) ) ;
#2234 = VECTOR ( 'NONE', #4613, 1000.000000000000000 ) ;
#2235 = VECTOR ( 'NONE', #3829, 1000.000000000000000 ) ;
#2236 = ORIENTED_EDGE ( 'NONE', *, *, #5287, .F. ) ;
#2237 = CARTESIAN_POINT ( 'NONE',  ( 14.23211713789931210, 15.50448725967914676, 0.5000000000000004441 ) ) ;
#2238 = VERTEX_POINT ( 'NONE', #3541 ) ;
#2239 = CARTESIAN_POINT ( 'NONE',  ( 32.58211713789932418, 13.48641401289933661, 0.5000000000000004441 ) ) ;
#2240 = VECTOR ( 'NONE', #3131, 1000.000000000000000 ) ;
#2241 = EDGE_CURVE ( 'NONE', #4021, #4612, #1183, .T. ) ;
#2242 = DIRECTION ( 'NONE',  ( 0.000000000000000000, 0.000000000000000000, -1.000000000000000000 ) ) ;
#2243 = DIRECTION ( 'NONE',  ( 0.7071067811865479058, -0.7071067811865471286, 0.000000000000000000 ) ) ;
#2244 = ORIENTED_EDGE ( 'NONE', *, *, #3598, .T. ) ;
#2245 = CARTESIAN_POINT ( 'NONE',  ( 38.98211713789932276, 15.50448725967914676, 0.5000000000000004441 ) ) ;
#2246 = LINE ( 'NONE', #3202, #6025 ) ;
#2247 = VERTEX_POINT ( 'NONE', #1588 ) ;
#2248 = ADVANCED_FACE ( 'NONE', ( #263 ), #1621, .F. ) ;
#2249 = CARTESIAN_POINT ( 'NONE',  ( -15.81788286210068151, 20.80448725967914925, 0.5000000000000004441 ) ) ;
#2250 = VECTOR ( 'NONE', #2833, 1000.000000000000000 ) ;
#2251 = DIRECTION ( 'NONE',  ( 0.000000000000000000, 0.000000000000000000, 1.000000000000000000 ) ) ;
#2252 = DIRECTION ( 'NONE',  ( 0.000000000000000000, 0.000000000000000000, -1.000000000000000000 ) ) ;
#2253 = EDGE_LOOP ( 'NONE', ( #532, #1273, #1943, #5603 ) ) ;
#2254 = ORIENTED_EDGE ( 'NONE', *, *, #3741, .F. ) ;
#2255 = CARTESIAN_POINT ( 'NONE',  ( -36.47847513588161661, 13.13641401289933697, 6.000000000000000000 ) ) ;
#2256 = LINE ( 'NONE', #4601, #4650 ) ;
#2257 = CARTESIAN_POINT ( 'NONE',  ( 7.182117137899318493, 20.80448725967914925, 0.5000000000000004441 ) ) ;
#2258 = ORIENTED_EDGE ( 'NONE', *, *, #2894, .F. ) ;
#2259 = EDGE_LOOP ( 'NONE', ( #4755, #4311, #4424, #5229 ) ) ;
#2260 = CARTESIAN_POINT ( 'NONE',  ( -32.32152486411837344, 13.13641401289933874, 1.500000000000000444 ) ) ;
#2261 = CARTESIAN_POINT ( 'NONE',  ( 45.85000000000000142, 10.65429687500000355, 5.000000000000000000 ) ) ;
#2262 = EDGE_CURVE ( 'NONE', #2293, #523, #290, .T. ) ;
#2263 = ORIENTED_EDGE ( 'NONE', *, *, #5657, .F. ) ;
#2264 = EDGE_CURVE ( 'NONE', #4337, #4233, #5477, .T. ) ;
#2265 = DIRECTION ( 'NONE',  ( -0.7071067811865475727, 0.000000000000000000, 0.7071067811865475727 ) ) ;
#2266 = ORIENTED_EDGE ( 'NONE', *, *, #130, .T. ) ;
#2267 = LINE ( 'NONE', #2239, #6059 ) ;
#2268 = CARTESIAN_POINT ( 'NONE',  ( 32.52152486411837629, 23.17217973710068080, 2.500000000000000444 ) ) ;
#2269 = CARTESIAN_POINT ( 'NONE',  ( 0.000000000000000000, 0.000000000000000000, 0.5000000000000004441 ) ) ;
#2270 = CARTESIAN_POINT ( 'NONE',  ( -38.75000000000000000, 20.80448725967914925, 1.500000000000000444 ) ) ;
#2271 = VERTEX_POINT ( 'NONE', #5535 ) ;
#2272 = ADVANCED_FACE ( 'NONE', ( #5599 ), #5044, .F. ) ;
#2273 = CARTESIAN_POINT ( 'NONE',  ( 23.00000000000000000, 0.000000000000000000, 0.5000000000000004441 ) ) ;
#2274 = DIRECTION ( 'NONE',  ( -0.000000000000000000, -1.000000000000000000, -0.000000000000000000 ) ) ;
#2275 = CARTESIAN_POINT ( 'NONE',  ( 9.582117137899318848, 15.48641401289933661, 1.500000000000000444 ) ) ;
#2276 = CARTESIAN_POINT ( 'NONE',  ( 23.00000000000000000, 0.000000000000000000, 0.5000000000000004441 ) ) ;
#2277 = EDGE_CURVE ( 'NONE', #1032, #253, #2715, .T. ) ;
#2278 = CARTESIAN_POINT ( 'NONE',  ( 46.25000000000000000, 11.05429687499998792, 4.834314575050768781 ) ) ;
#2279 = ORIENTED_EDGE ( 'NONE', *, *, #3687, .T. ) ;
#2280 = ORIENTED_EDGE ( 'NONE', *, *, #5820, .F. ) ;
#2281 = CARTESIAN_POINT ( 'NONE',  ( -14.06788286210068684, 20.78641401289933910, 1.500000000000000444 ) ) ;
#2282 = DIRECTION ( 'NONE',  ( 0.000000000000000000, -1.000000000000000000, 0.000000000000000000 ) ) ;
#2283 = VERTEX_POINT ( 'NONE', #3234 ) ;
#2284 = ADVANCED_FACE ( 'NONE', ( #2770 ), #1779, .F. ) ;
#2285 = DIRECTION ( 'NONE',  ( -0.000000000000000000, -0.000000000000000000, 1.000000000000000000 ) ) ;
#2286 = ORIENTED_EDGE ( 'NONE', *, *, #3852, .T. ) ;
#2287 = VECTOR ( 'NONE', #4047, 1000.000000000000000 ) ;
#2288 = ORIENTED_EDGE ( 'NONE', *, *, #5808, .F. ) ;
#2289 = CARTESIAN_POINT ( 'NONE',  ( -45.75000000000000000, 15.45793887701771219, 3.999999999999999112 ) ) ;
#2290 = AXIS2_PLACEMENT_3D ( 'NONE', #2603, #767, #1383 ) ;
#2291 = DIRECTION ( 'NONE',  ( -0.000000000000000000, -0.000000000000000000, 1.000000000000000000 ) ) ;
#2292 = VECTOR ( 'NONE', #6057, 1000.000000000000000 ) ;
#2293 = VERTEX_POINT ( 'NONE', #4621 ) ;
#2294 = DIRECTION ( 'NONE',  ( 0.7071067811865469066, 0.7071067811865482389, 0.000000000000000000 ) ) ;
#2295 = ORIENTED_EDGE ( 'NONE', *, *, #296, .T. ) ;
#2296 = AXIS2_PLACEMENT_3D ( 'NONE', #5962, #3195, #2361 ) ;
#2297 = CARTESIAN_POINT ( 'NONE',  ( -45.75000000000000000, 24.65429687500000711, 6.000000000000000000 ) ) ;
#2298 = CARTESIAN_POINT ( 'NONE',  ( 39.25000000000000000, 23.15429687500000000, 4.000000000000000000 ) ) ;
#2299 = CC_DESIGN_PERSON_AND_ORGANIZATION_ASSIGNMENT ( #2421, #4731, ( #4673 ) ) ;
#2300 = DIRECTION ( 'NONE',  ( 1.000000000000000000, -0.000000000000000000, 0.000000000000000000 ) ) ;
#2301 = VECTOR ( 'NONE', #3318, 1000.000000000000000 ) ;
#2302 = DIRECTION ( 'NONE',  ( -0.000000000000000000, -0.000000000000000000, 1.000000000000000000 ) ) ;
#2303 = ORIENTED_EDGE ( 'NONE', *, *, #2323, .T. ) ;
#2304 = DIRECTION ( 'NONE',  ( 1.000000000000000000, -0.000000000000000000, 0.000000000000000000 ) ) ;
#2305 = LINE ( 'NONE', #3260, #4556 ) ;
#2306 = AXIS2_PLACEMENT_3D ( 'NONE', #71, #4768, #536 ) ;
#2307 = DIRECTION ( 'NONE',  ( -1.000000000000000000, 0.000000000000000000, -0.000000000000000000 ) ) ;
#2308 = ADVANCED_FACE ( 'NONE', ( #6024 ), #2804, .F. ) ;
#2309 = LINE ( 'NONE', #2862, #3391 ) ;
#2310 = EDGE_CURVE ( 'NONE', #4322, #4296, #1316, .T. ) ;
#2311 = LOCAL_TIME ( 10, 44, 48.00000000000000000, #65 ) ;
#2312 = CARTESIAN_POINT ( 'NONE',  ( -36.47847513588161661, 13.13641401289933697, 1.500000000000000444 ) ) ;
#2313 = AXIS2_PLACEMENT_3D ( 'NONE', #5064, #1737, #3125 ) ;
#2314 = ORIENTED_EDGE ( 'NONE', *, *, #1689, .F. ) ;
#2315 = ORIENTED_EDGE ( 'NONE', *, *, #2776, .F. ) ;
#2316 = DIRECTION ( 'NONE',  ( -1.000000000000000000, 0.000000000000000000, 0.000000000000000000 ) ) ;
#2317 = CARTESIAN_POINT ( 'NONE',  ( 23.00000000000000000, 0.000000000000000000, 0.5000000000000004441 ) ) ;
#2318 = EDGE_LOOP ( 'NONE', ( #4866, #4051, #557, #2927 ) ) ;
#2319 = LINE ( 'NONE', #4199, #3019 ) ;
#2320 = ORIENTED_EDGE ( 'NONE', *, *, #4348, .F. ) ;
#2321 = VERTEX_POINT ( 'NONE', #388 ) ;
#2322 = DIRECTION ( 'NONE',  ( 1.000000000000000000, 0.000000000000000000, 0.000000000000000000 ) ) ;
#2323 = EDGE_CURVE ( 'NONE', #4433, #829, #2305, .T. ) ;
#2324 = CARTESIAN_POINT ( 'NONE',  ( 32.58211713789932418, 13.48641401289933661, 0.5000000000000004441 ) ) ;
#2325 = EDGE_LOOP ( 'NONE', ( #4146, #4978, #2373, #5067 ) ) ;
#2326 = VECTOR ( 'NONE', #962, 1000.000000000000000 ) ;
#2327 = CARTESIAN_POINT ( 'NONE',  ( 14.23211713789931210, 20.78641401289933910, 0.5000000000000004441 ) ) ;
#2328 = ORIENTED_EDGE ( 'NONE', *, *, #4088, .F. ) ;
#2329 = FACE_OUTER_BOUND ( 'NONE', #5618, .T. ) ;
#2330 = AXIS2_PLACEMENT_3D ( 'NONE', #653, #714, #2075 ) ;
#2331 = EDGE_CURVE ( 'NONE', #3239, #5435, #5970, .T. ) ;
#2332 = CARTESIAN_POINT ( 'NONE',  ( -9.321524864118385878, 23.17217973710068080, 1.500000000000000444 ) ) ;
#2333 = VECTOR ( 'NONE', #1665, 1000.000000000000000 ) ;
#2334 = DIRECTION ( 'NONE',  ( -1.000000000000000000, 0.000000000000000000, 0.000000000000000000 ) ) ;
#2335 = EDGE_CURVE ( 'NONE', #5666, #5069, #5568, .T. ) ;
#2336 = DIRECTION ( 'NONE',  ( 0.000000000000000000, -1.000000000000000000, 0.000000000000000000 ) ) ;
#2337 = VECTOR ( 'NONE', #2412, 1000.000000000000000 ) ;
#2338 = ORIENTED_EDGE ( 'NONE', *, *, #2208, .T. ) ;
#2339 = DIRECTION ( 'NONE',  ( -0.000000000000000000, 0.000000000000000000, -1.000000000000000000 ) ) ;
#2340 = CARTESIAN_POINT ( 'NONE',  ( -36.41788286210068293, 20.78641401289933910, 0.5000000000000004441 ) ) ;
#2341 = EDGE_CURVE ( 'NONE', #5760, #3330, #5108, .T. ) ;
#2342 = CARTESIAN_POINT ( 'NONE',  ( 32.58211713789932418, 15.48641401289933661, 1.500000000000000444 ) ) ;
#2343 = CARTESIAN_POINT ( 'NONE',  ( -45.75000000000000000, 20.85065487298230735, 4.000000000000000000 ) ) ;
#2344 = LINE ( 'NONE', #6030, #1839 ) ;
#2345 = VERTEX_POINT ( 'NONE', #908 ) ;
#2346 = CARTESIAN_POINT ( 'NONE',  ( -6.382117137899323112, 20.23277201088162514, 1.500000000000000444 ) ) ;
#2347 = EDGE_CURVE ( 'NONE', #1885, #2353, #2246, .T. ) ;
#2348 = EDGE_LOOP ( 'NONE', ( #1883, #5322, #5267, #1131 ) ) ;
#2349 = DIRECTION ( 'NONE',  ( 0.000000000000000000, 0.000000000000000000, -1.000000000000000000 ) ) ;
#2350 = CARTESIAN_POINT ( 'NONE',  ( 7.182117137899318493, 20.80448725967914925, 0.5000000000000004441 ) ) ;
#2351 = ORIENTED_EDGE ( 'NONE', *, *, #3036, .F. ) ;
#2352 = EDGE_CURVE ( 'NONE', #4360, #2283, #3725, .T. ) ;
#2353 = VERTEX_POINT ( 'NONE', #5506 ) ;
#2354 = LINE ( 'NONE', #1945, #5972 ) ;
#2355 = CARTESIAN_POINT ( 'NONE',  ( -32.30364200201769620, 23.15429687499999289, 1.500000000000000444 ) ) ;
#2356 = ORIENTED_EDGE ( 'NONE', *, *, #3884, .T. ) ;
#2357 = EDGE_CURVE ( 'NONE', #281, #4155, #1351, .T. ) ;
#2358 = CARTESIAN_POINT ( 'NONE',  ( -6.382117137899323112, 20.23277201088162514, 1.500000000000000444 ) ) ;
#2359 = VERTEX_POINT ( 'NONE', #4679 ) ;
#2360 = DIRECTION ( 'NONE',  ( -0.000000000000000000, -0.000000000000000000, 1.000000000000000000 ) ) ;
#2361 = DIRECTION ( 'NONE',  ( 1.000000000000000000, -1.734723475976806709E-18, 0.000000000000000000 ) ) ;
#2362 = PLANE ( 'NONE',  #430 ) ;
#2363 = DIRECTION ( 'NONE',  ( 0.000000000000000000, -0.000000000000000000, -1.000000000000000000 ) ) ;
#2364 = EDGE_LOOP ( 'NONE', ( #2059, #5576, #5790, #4936 ) ) ;
#2365 = EDGE_CURVE ( 'NONE', #1984, #3027, #1282, .T. ) ;
#2366 = DIRECTION ( 'NONE',  ( -0.7071067811865483499, 0.7071067811865467956, 1.137307002876284219E-16 ) ) ;
#2367 = DIRECTION ( 'NONE',  ( 1.000000000000000000, 0.000000000000000000, 0.000000000000000000 ) ) ;
#2368 = DIRECTION ( 'NONE',  ( -0.000000000000000000, -0.000000000000000000, 1.000000000000000000 ) ) ;
#2369 = FACE_OUTER_BOUND ( 'NONE', #3883, .T. ) ;
#2370 = CARTESIAN_POINT ( 'NONE',  ( 9.582117137899318848, 20.78641401289933910, 1.500000000000000444 ) ) ;
#2371 = VERTEX_POINT ( 'NONE', #3604 ) ;
#2372 = LINE ( 'NONE', #3850, #4068 ) ;
#2373 = ORIENTED_EDGE ( 'NONE', *, *, #2661, .F. ) ;
#2374 = FACE_OUTER_BOUND ( 'NONE', #4044, .T. ) ;
#2375 = EDGE_CURVE ( 'NONE', #4322, #5277, #849, .T. ) ;
#2376 = CARTESIAN_POINT ( 'NONE',  ( 0.000000000000000000, 0.000000000000000000, 1.500000000000000444 ) ) ;
#2377 = ORIENTED_EDGE ( 'NONE', *, *, #2742, .T. ) ;
#2378 = ORIENTED_EDGE ( 'NONE', *, *, #1408, .F. ) ;
#2379 = CARTESIAN_POINT ( 'NONE',  ( 32.52152486411839050, 13.13641401289933697, 1.500000000000000444 ) ) ;
#2380 = FACE_OUTER_BOUND ( 'NONE', #5965, .T. ) ;
#2381 = EDGE_CURVE ( 'NONE', #4089, #6033, #782, .T. ) ;
#2382 = AXIS2_PLACEMENT_3D ( 'NONE', #2095, #5787, #4836 ) ;
#2383 = ORIENTED_EDGE ( 'NONE', *, *, #1797, .T. ) ;
#2384 = DIRECTION ( 'NONE',  ( 0.000000000000000000, -0.000000000000000000, 1.000000000000000000 ) ) ;
#2385 = ORIENTED_EDGE ( 'NONE', *, *, #5517, .T. ) ;
#2386 = AXIS2_PLACEMENT_3D ( 'NONE', #5902, #2651, #4522 ) ;
#2387 = PLANE ( 'NONE',  #5086 ) ;
#2388 = AXIS2_PLACEMENT_3D ( 'NONE', #5330, #3426, #608 ) ;
#2389 = EDGE_CURVE ( 'NONE', #3677, #2501, #3635, .T. ) ;
#2390 = CARTESIAN_POINT ( 'NONE',  ( -13.47847513588162904, 23.17217973710068080, 6.000000000000000000 ) ) ;
#2391 = COORDINATED_UNIVERSAL_TIME_OFFSET ( 5, 0, .BEHIND. ) ;
#2392 = CARTESIAN_POINT ( 'NONE',  ( -38.75000000000000000, 13.15429687499999289, 4.000000000000000000 ) ) ;
#2393 = VECTOR ( 'NONE', #942, 1000.000000000000000 ) ;
#2394 = ORIENTED_EDGE ( 'NONE', *, *, #4585, .T. ) ;
#2395 = DIRECTION ( 'NONE',  ( -1.000000000000000000, 0.000000000000000000, 0.000000000000000000 ) ) ;
#2396 = LINE ( 'NONE', #1987, #3215 ) ;
#2397 = PLANE ( 'NONE',  #2887 ) ;
#2398 = VECTOR ( 'NONE', #1773, 1000.000000000000114 ) ;
#2399 = EDGE_CURVE ( 'NONE', #1510, #2136, #501, .T. ) ;
#2400 = DIRECTION ( 'NONE',  ( -1.000000000000000000, 0.000000000000000000, 0.000000000000000000 ) ) ;
#2401 = CARTESIAN_POINT ( 'NONE',  ( -45.75000000000000000, 24.08861145005074533, 6.000000000000000000 ) ) ;
#2402 = ORIENTED_EDGE ( 'NONE', *, *, #5022, .T. ) ;
#2403 = AXIS2_PLACEMENT_3D ( 'NONE', #1455, #1017, #4724 ) ;
#2404 = FACE_OUTER_BOUND ( 'NONE', #67, .T. ) ;
#2405 = VERTEX_POINT ( 'NONE', #4821 ) ;
#2406 = DIRECTION ( 'NONE',  ( -0.7071067811865483499, 0.7071067811865466846, 0.000000000000000000 ) ) ;
#2407 = VECTOR ( 'NONE', #3256, 1000.000000000000000 ) ;
#2408 = VECTOR ( 'NONE', #3555, 1000.000000000000000 ) ;
#2409 = DIRECTION ( 'NONE',  ( 0.000000000000000000, 0.000000000000000000, -1.000000000000000000 ) ) ;
#2410 = ORIENTED_EDGE ( 'NONE', *, *, #3143, .T. ) ;
#2411 = ORIENTED_EDGE ( 'NONE', *, *, #458, .T. ) ;
#2412 = DIRECTION ( 'NONE',  ( 1.000000000000000000, -1.734723475976806709E-18, -0.000000000000000000 ) ) ;
#2413 = LINE ( 'NONE', #3976, #2892 ) ;
#2414 = ORIENTED_EDGE ( 'NONE', *, *, #1425, .T. ) ;
#2415 = FACE_BOUND ( 'NONE', #5383, .T. ) ;
#2416 = ORIENTED_EDGE ( 'NONE', *, *, #5411, .T. ) ;
#2417 = CARTESIAN_POINT ( 'NONE',  ( -15.81788286210068151, 15.48641401289933661, 0.5000000000000004441 ) ) ;
#2418 = EDGE_CURVE ( 'NONE', #5277, #3137, #69, .T. ) ;
#2419 = EDGE_CURVE ( 'NONE', #86, #3402, #3384, .T. ) ;
#2420 = DIRECTION ( 'NONE',  ( -0.000000000000000000, -0.000000000000000000, 1.000000000000000000 ) ) ;
#2421 = PERSON_AND_ORGANIZATION ( #684, #2212 ) ;
#2422 = VECTOR ( 'NONE', #5975, 1000.000000000000000 ) ;
#2423 = AXIS2_PLACEMENT_3D ( 'NONE', #4638, #3596, #379 ) ;
#2424 = ORIENTED_EDGE ( 'NONE', *, *, #1689, .T. ) ;
#2425 = CARTESIAN_POINT ( 'NONE',  ( 9.582117137899318848, 15.48641401289933661, 0.5000000000000004441 ) ) ;
#2426 = CARTESIAN_POINT ( 'NONE',  ( -16.41788286210066872, 20.23277201088163224, 1.500000000000000444 ) ) ;
#2427 = VECTOR ( 'NONE', #4640, 1000.000000000000000 ) ;
#2428 = ADVANCED_FACE ( 'NONE', ( #5286 ), #3411, .F. ) ;
#2429 = DIRECTION ( 'NONE',  ( 0.7071067811865483499, -0.7071067811865467956, -0.000000000000000000 ) ) ;
#2430 = CARTESIAN_POINT ( 'NONE',  ( -9.417882862100684704, 20.78641401289933910, 0.5000000000000004441 ) ) ;
#2431 = VECTOR ( 'NONE', #1952, 1000.000000000000000 ) ;
#2432 = ORIENTED_EDGE ( 'NONE', *, *, #3036, .T. ) ;
#2433 = VECTOR ( 'NONE', #2656, 1000.000000000000000 ) ;
#2434 = LINE ( 'NONE', #4770, #4591 ) ;
#2435 = VERTEX_POINT ( 'NONE', #40 ) ;
#2436 = CARTESIAN_POINT ( 'NONE',  ( -31.76788286210068790, 15.50448725967914676, 1.500000000000000444 ) ) ;
#2437 = ADVANCED_FACE ( 'NONE', ( #2859 ), #5746, .F. ) ;
#2438 = ORIENTED_EDGE ( 'NONE', *, *, #2347, .F. ) ;
#2439 = LINE ( 'NONE', #4952, #109 ) ;
#2440 = CARTESIAN_POINT ( 'NONE',  ( 46.11975214338981743, 25.38454473161019820, 4.888265003728729852 ) ) ;
#2441 = ORIENTED_EDGE ( 'NONE', *, *, #2742, .F. ) ;
#2442 = ADVANCED_FACE ( 'NONE', ( #3843 ), #3354, .F. ) ;
#2443 = ORIENTED_EDGE ( 'NONE', *, *, #225, .F. ) ;
#2444 = DIRECTION ( 'NONE',  ( 1.000000000000000000, 2.478176394252582127E-16, -0.000000000000000000 ) ) ;
#2445 = CARTESIAN_POINT ( 'NONE',  ( 13.58211713789931530, 20.78641401289933910, 1.500000000000000444 ) ) ;
#2446 = PLANE ( 'NONE',  #119 ) ;
#2447 = AXIS2_PLACEMENT_3D ( 'NONE', #1808, #2304, #1838 ) ;
#2448 = ORIENTED_EDGE ( 'NONE', *, *, #1947, .F. ) ;
#2449 = LINE ( 'NONE', #1368, #3607 ) ;
#2450 = ORIENTED_EDGE ( 'NONE', *, *, #417, .T. ) ;
#2451 = DIRECTION ( 'NONE',  ( 0.000000000000000000, -0.000000000000000000, 1.000000000000000000 ) ) ;
#2452 = VECTOR ( 'NONE', #1613, 1000.000000000000000 ) ;
#2453 = DIRECTION ( 'NONE',  ( 0.000000000000000000, 1.000000000000000000, 0.000000000000000000 ) ) ;
#2454 = VERTEX_POINT ( 'NONE', #1407 ) ;
#2455 = FACE_OUTER_BOUND ( 'NONE', #3482, .T. ) ;
#2456 = CARTESIAN_POINT ( 'NONE',  ( 7.182117137899318493, 15.48641401289933661, 0.5000000000000004441 ) ) ;
#2457 = CARTESIAN_POINT ( 'NONE',  ( -45.75000000000000000, 22.40429687500000711, 1.000000000000000000 ) ) ;
#2458 = CARTESIAN_POINT ( 'NONE',  ( 31.93211713789932560, 15.48641401289933661, 0.5000000000000004441 ) ) ;
#2459 = EDGE_CURVE ( 'NONE', #5779, #4779, #3783, .T. ) ;
#2460 = EDGE_CURVE ( 'NONE', #434, #687, #2396, .T. ) ;
#2461 = ORIENTED_EDGE ( 'NONE', *, *, #389, .F. ) ;
#2462 = LINE ( 'NONE', #2929, #2223 ) ;
#2463 = EDGE_LOOP ( 'NONE', ( #3450, #3425, #5696, #1394 ) ) ;
#2464 = DIRECTION ( 'NONE',  ( -1.000000000000000000, 0.000000000000000000, 0.000000000000000000 ) ) ;
#2465 = EDGE_LOOP ( 'NONE', ( #2670, #5648, #1643, #1460, #4324 ) ) ;
#2466 = DIRECTION ( 'NONE',  ( -1.000000000000000000, 0.000000000000000000, 0.000000000000000000 ) ) ;
#2467 = EDGE_CURVE ( 'NONE', #6009, #5635, #4304, .T. ) ;
#2468 = LINE ( 'NONE', #4776, #747 ) ;
#2469 = ORIENTED_EDGE ( 'NONE', *, *, #2158, .F. ) ;
#2470 = ORIENTED_EDGE ( 'NONE', *, *, #2617, .T. ) ;
#2471 = CARTESIAN_POINT ( 'NONE',  ( 9.582117137899318848, 13.48641401289933661, 1.500000000000000444 ) ) ;
#2472 = DIRECTION ( 'NONE',  ( -0.000000000000000000, 0.000000000000000000, 1.000000000000000000 ) ) ;
#2473 = ADVANCED_FACE ( 'NONE', ( #3816 ), #3294, .F. ) ;
#2474 = ORIENTED_EDGE ( 'NONE', *, *, #3242, .F. ) ;
#2475 = LINE ( 'NONE', #4384, #1287 ) ;
#2476 = VERTEX_POINT ( 'NONE', #3872 ) ;
#2477 = DIRECTION ( 'NONE',  ( 0.000000000000000000, -0.000000000000000000, 1.000000000000000000 ) ) ;
#2478 = LINE ( 'NONE', #5309, #2301 ) ;
#2479 = COORDINATED_UNIVERSAL_TIME_OFFSET ( 5, 0, .BEHIND. ) ;
#2480 = ORIENTED_EDGE ( 'NONE', *, *, #2847, .T. ) ;
#2481 = CARTESIAN_POINT ( 'NONE',  ( -6.382117137899323112, 16.07582173911839263, 1.500000000000000444 ) ) ;
#2482 = EDGE_CURVE ( 'NONE', #5855, #2476, #1058, .T. ) ;
#2483 = VECTOR ( 'NONE', #2157, 1000.000000000000000 ) ;
#2484 = DIRECTION ( 'NONE',  ( 1.000000000000000000, -0.000000000000000000, 0.000000000000000000 ) ) ;
#2485 = VECTOR ( 'NONE', #5780, 1000.000000000000000 ) ;
#2486 = LINE ( 'NONE', #1961, #708 ) ;
#2487 = DIRECTION ( 'NONE',  ( 1.000000000000000000, 1.334402673828313339E-16, -0.000000000000000000 ) ) ;
#2488 = VECTOR ( 'NONE', #2349, 1000.000000000000000 ) ;
#2489 = VERTEX_POINT ( 'NONE', #2890 ) ;
#2490 = CARTESIAN_POINT ( 'NONE',  ( -43.25000000000000000, 13.15429687500000533, 0.4964466094067260249 ) ) ;
#2491 = ORIENTED_EDGE ( 'NONE', *, *, #885, .F. ) ;
#2492 = PLANE ( 'NONE',  #5436 ) ;
#2493 = ORIENTED_EDGE ( 'NONE', *, *, #5988, .F. ) ;
#2494 = VECTOR ( 'NONE', #5928, 1000.000000000000000 ) ;
#2495 = EDGE_CURVE ( 'NONE', #5125, #5990, #1028, .T. ) ;
#2496 = DIRECTION ( 'NONE',  ( -0.000000000000000000, -0.000000000000000000, 1.000000000000000000 ) ) ;
#2497 = ADVANCED_FACE ( 'NONE', ( #940 ), #2834, .F. ) ;
#2498 = VECTOR ( 'NONE', #3478, 1000.000000000000000 ) ;
#2499 = FACE_OUTER_BOUND ( 'NONE', #5590, .T. ) ;
#2500 = ORIENTED_EDGE ( 'NONE', *, *, #707, .T. ) ;
#2501 = VERTEX_POINT ( 'NONE', #476 ) ;
#2502 = DIRECTION ( 'NONE',  ( -0.000000000000000000, -0.000000000000000000, 1.000000000000000000 ) ) ;
#2503 = EDGE_CURVE ( 'NONE', #3085, #1734, #1897, .T. ) ;
#2505 = DIRECTION ( 'NONE',  ( -1.000000000000000000, -8.896017825522088106E-17, 0.000000000000000000 ) ) ;
#2504 = VECTOR ( 'NONE', #749, 1000.000000000000000 ) ;
#2506 = AXIS2_PLACEMENT_3D ( 'NONE', #647, #5889, #183 ) ;
#2507 = CARTESIAN_POINT ( 'NONE',  ( 32.58211713789932418, 13.48641401289933661, 0.5000000000000004441 ) ) ;
#2508 = ORIENTED_EDGE ( 'NONE', *, *, #2352, .T. ) ;
#2509 = DIRECTION ( 'NONE',  ( 0.000000000000000000, 0.000000000000000000, -1.000000000000000000 ) ) ;
#2510 = VERTEX_POINT ( 'NONE', #1438 ) ;
#2511 = CARTESIAN_POINT ( 'NONE',  ( -43.25000000000000000, 23.15429687500000355, 0.000000000000000000 ) ) ;
#2512 = EDGE_CURVE ( 'NONE', #523, #829, #3325, .T. ) ;
#2513 = DIRECTION ( 'NONE',  ( -0.000000000000000000, -0.000000000000000000, 1.000000000000000000 ) ) ;
#2514 = CALENDAR_DATE ( 2025, 1, 8 ) ;
#2515 = ORIENTED_EDGE ( 'NONE', *, *, #2802, .T. ) ;
#2516 = CARTESIAN_POINT ( 'NONE',  ( -14.06788286210068684, 20.78641401289933910, -2.999999999999999112 ) ) ;
#2517 = CARTESIAN_POINT ( 'NONE',  ( -45.35000000000000142, 25.65429687500000355, 0.4000000000000114575 ) ) ;
#2518 = EDGE_CURVE ( 'NONE', #4693, #2435, #4331, .T. ) ;
#2519 = CARTESIAN_POINT ( 'NONE',  ( -45.75000000000000000, 11.05429687500000036, 4.834314575050759899 ) ) ;
#2520 = VECTOR ( 'NONE', #165, 1000.000000000000000 ) ;
#2521 = ADVANCED_FACE ( 'NONE', ( #4393 ), #2974, .T. ) ;
#2522 = PLANE ( 'NONE',  #3785 ) ;
#2523 = VERTEX_POINT ( 'NONE', #224 ) ;
#2524 = CARTESIAN_POINT ( 'NONE',  ( -43.50000000000000000, 13.40429687500000355, 0.5999999999999999778 ) ) ;
#2525 = ORIENTED_EDGE ( 'NONE', *, *, #5580, .F. ) ;
#2526 = AXIS2_PLACEMENT_3D ( 'NONE', #3244, #1387, #5118 ) ;
#2527 = CARTESIAN_POINT ( 'NONE',  ( 39.25000000000000000, 13.90429687500000178, 4.000000000000000000 ) ) ;
#2528 = ORIENTED_EDGE ( 'NONE', *, *, #3186, .F. ) ;
#2529 = LINE ( 'NONE', #3477, #1990 ) ;
#2530 = VECTOR ( 'NONE', #5346, 1000.000000000000000 ) ;
#2531 = VECTOR ( 'NONE', #3237, 1000.000000000000000 ) ;
#2532 = EDGE_CURVE ( 'NONE', #3009, #3805, #5440, .T. ) ;
#2533 = CARTESIAN_POINT ( 'NONE',  ( -8.767882862100687902, 20.78641401289933910, 0.5000000000000004441 ) ) ;
#2534 = ORIENTED_EDGE ( 'NONE', *, *, #835, .F. ) ;
#2535 = ORIENTED_EDGE ( 'NONE', *, *, #2933, .T. ) ;
#2536 = CARTESIAN_POINT ( 'NONE',  ( -38.75000000000000000, 0.000000000000000000, 1.500000000000000444 ) ) ;
#2537 = DIRECTION ( 'NONE',  ( 1.000000000000000000, 0.000000000000000000, -0.000000000000000000 ) ) ;
#2538 = EDGE_CURVE ( 'NONE', #1567, #5413, #680, .T. ) ;
#2539 = DIRECTION ( 'NONE',  ( -0.000000000000000000, -0.000000000000000000, 1.000000000000000000 ) ) ;
#2540 = ORIENTED_EDGE ( 'NONE', *, *, #266, .F. ) ;
#2541 = DIRECTION ( 'NONE',  ( 1.334402673828313586E-16, -1.000000000000000000, 0.000000000000000000 ) ) ;
#2542 = ORIENTED_EDGE ( 'NONE', *, *, #3500, .F. ) ;
#2543 = LINE ( 'NONE', #1141, #5065 ) ;
#2544 = PLANE ( 'NONE',  #518 ) ;
#2545 = ORIENTED_EDGE ( 'NONE', *, *, #4466, .T. ) ;
#2546 = ADVANCED_FACE ( 'NONE', ( #4911 ), #4481, .T. ) ;
#2547 = EDGE_LOOP ( 'NONE', ( #5575, #2903, #432, #2676, #3092, #4903, #1951, #2141, #3910, #4467, #1162, #5182, #2990, #2314, #5976, #3790, #5566, #1130, #4193, #4385, #186, #537, #1326, #4707, #4788 ) ) ;
#2548 = VECTOR ( 'NONE', #1281, 1000.000000000000000 ) ;
#2549 = LINE ( 'NONE', #2074, #5884 ) ;
#2550 = CARTESIAN_POINT ( 'NONE',  ( -7.000000000000006217, 20.85065487298230735, 4.000000000000000000 ) ) ;
#2551 = ADVANCED_BREP_SHAPE_REPRESENTATION ( 'DIY 4-LED Holder Cut', ( #878, #3299 ), #4577 ) ;
#2552 = CARTESIAN_POINT ( 'NONE',  ( -45.35000000000001563, 10.65429687500000355, 5.000000000000000000 ) ) ;
#2553 = LINE ( 'NONE', #4823, #1110 ) ;
#2554 = EDGE_CURVE ( 'NONE', #891, #1002, #5315, .T. ) ;
#2555 = ORIENTED_EDGE ( 'NONE', *, *, #5763, .T. ) ;
#2556 = DIRECTION ( 'NONE',  ( -0.000000000000000000, -1.000000000000000000, -0.000000000000000000 ) ) ;
#2557 = ORIENTED_EDGE ( 'NONE', *, *, #2532, .T. ) ;
#2558 = DIRECTION ( 'NONE',  ( -0.000000000000000000, -0.000000000000000000, 1.000000000000000000 ) ) ;
#2559 = ORIENTED_EDGE ( 'NONE', *, *, #2633, .F. ) ;
#2560 = PLANE ( 'NONE',  #4655 ) ;
#2561 = FACE_OUTER_BOUND ( 'NONE', #649, .T. ) ;
#2562 = LINE ( 'NONE', #5419, #4792 ) ;
#2563 = ORIENTED_EDGE ( 'NONE', *, *, #4156, .T. ) ;
#2564 = ORIENTED_EDGE ( 'NONE', *, *, #5029, .T. ) ;
#2565 = DIRECTION ( 'NONE',  ( 0.000000000000000000, -1.000000000000000000, 0.000000000000000000 ) ) ;
#2566 = DIRECTION ( 'NONE',  ( 0.000000000000000000, 0.000000000000000000, -1.000000000000000000 ) ) ;
#2567 = EDGE_CURVE ( 'NONE', #4063, #3605, #4449, .T. ) ;
#2568 = PLANE ( 'NONE',  #843 ) ;
#2569 = ORIENTED_EDGE ( 'NONE', *, *, #1956, .T. ) ;
#2570 = DIRECTION ( 'NONE',  ( -1.000000000000000000, 1.734723475976806709E-18, 0.000000000000000000 ) ) ;
#2571 = ORIENTED_EDGE ( 'NONE', *, *, #2241, .T. ) ;
#2572 = DIRECTION ( 'NONE',  ( -0.7071067811865483499, 0.7071067811865467956, 1.137307002876284219E-16 ) ) ;
#2573 = ADVANCED_FACE ( 'NONE', ( #624 ), #2578, .T. ) ;
#2574 = CARTESIAN_POINT ( 'NONE',  ( -16.41788286210066872, 20.23277201088163224, 1.500000000000000444 ) ) ;
#2575 = ORIENTED_EDGE ( 'NONE', *, *, #3803, .F. ) ;
#2576 = VERTEX_POINT ( 'NONE', #2517 ) ;
#2577 = DIRECTION ( 'NONE',  ( 1.000000000000000000, -1.734723475976806709E-18, -0.000000000000000000 ) ) ;
#2578 = PLANE ( 'NONE',  #2330 ) ;
#2579 = EDGE_CURVE ( 'NONE', #3129, #173, #4420, .T. ) ;
#2580 = CYLINDRICAL_SURFACE ( 'NONE', #1410, 0.2500000000000000000 ) ;
#2581 = FACE_OUTER_BOUND ( 'NONE', #487, .T. ) ;
#2582 = VECTOR ( 'NONE', #4656, 1000.000000000000000 ) ;
#2583 = ORIENTED_EDGE ( 'NONE', *, *, #5469, .T. ) ;
#2584 = CARTESIAN_POINT ( 'NONE',  ( 36.58211713789932418, 15.48641401289933661, 0.5000000000000004441 ) ) ;
#2585 = ORIENTED_EDGE ( 'NONE', *, *, #5313, .F. ) ;
#2586 = CARTESIAN_POINT ( 'NONE',  ( 46.25000000000000000, 11.81998229994923477, 5.600000000000016520 ) ) ;
#2587 = VERTEX_POINT ( 'NONE', #2550 ) ;
#2588 = VECTOR ( 'NONE', #2637, 1000.000000000000000 ) ;
#2589 = EDGE_CURVE ( 'NONE', #1541, #101, #5407, .T. ) ;
#2590 = CARTESIAN_POINT ( 'NONE',  ( 15.98211713789931387, 20.78641401289933910, 1.500000000000000444 ) ) ;
#2591 = VECTOR ( 'NONE', #545, 1000.000000000000114 ) ;
#2592 = DIRECTION ( 'NONE',  ( 1.000000000000000000, 1.334402673828313339E-16, -0.000000000000000000 ) ) ;
#2593 = VECTOR ( 'NONE', #449, 1000.000000000000000 ) ;
#2594 = DIRECTION ( 'NONE',  ( -0.7071067811865483499, 0.7071067811865467956, 1.137307002876284219E-16 ) ) ;
#2595 = ORIENTED_EDGE ( 'NONE', *, *, #2764, .T. ) ;
#2596 = VECTOR ( 'NONE', #2420, 1000.000000000000000 ) ;
#2597 = ORIENTED_EDGE ( 'NONE', *, *, #1293, .T. ) ;
#2598 = LINE ( 'NONE', #4407, #4062 ) ;
#2599 = CARTESIAN_POINT ( 'NONE',  ( 37.23211713789931565, 0.000000000000000000, 0.000000000000000000 ) ) ;
#2600 = VECTOR ( 'NONE', #4040, 1000.000000000000000 ) ;
#2601 = DIRECTION ( 'NONE',  ( -0.000000000000000000, -1.000000000000000000, -0.000000000000000000 ) ) ;
#2602 = ORIENTED_EDGE ( 'NONE', *, *, #1133, .T. ) ;
#2603 = CARTESIAN_POINT ( 'NONE',  ( 0.000000000000000000, 0.000000000000000000, 6.000000000000000000 ) ) ;
#2604 = VERTEX_POINT ( 'NONE', #2645 ) ;
#2605 = VECTOR ( 'NONE', #5318, 1000.000000000000000 ) ;
#2606 = DIRECTION ( 'NONE',  ( 1.000000000000000000, 0.000000000000000000, 0.000000000000000000 ) ) ;
#2607 = DIRECTION ( 'NONE',  ( 1.000000000000000000, -0.000000000000000000, 0.000000000000000000 ) ) ;
#2608 = VERTEX_POINT ( 'NONE', #3561 ) ;
#2609 = EDGE_LOOP ( 'NONE', ( #949, #824, #1279, #2470, #3207, #3538, #4990, #983, #5428, #75 ) ) ;
#2610 = EDGE_CURVE ( 'NONE', #1734, #4187, #1646, .T. ) ;
#2611 = CARTESIAN_POINT ( 'NONE',  ( -8.767882862100687902, 15.50448725967914676, 0.5000000000000004441 ) ) ;
#2612 = CARTESIAN_POINT ( 'NONE',  ( 14.23211713789931210, 20.78641401289933910, 0.5000000000000004441 ) ) ;
#2613 = EDGE_CURVE ( 'NONE', #4337, #3570, #3964, .T. ) ;
#2614 = LINE ( 'NONE', #4482, #115 ) ;
#2615 = DIRECTION ( 'NONE',  ( -0.000000000000000000, -0.000000000000000000, 1.000000000000000000 ) ) ;
#2616 = VERTEX_POINT ( 'NONE', #126 ) ;
#2617 = EDGE_CURVE ( 'NONE', #4571, #1002, #1676, .T. ) ;
#2618 = PLANE ( 'NONE',  #1647 ) ;
#2619 = DIRECTION ( 'NONE',  ( 0.000000000000000000, -0.7071067811865477948, -0.7071067811865473507 ) ) ;
#2620 = EDGE_LOOP ( 'NONE', ( #3758, #6072, #287, #515 ) ) ;
#2621 = CARTESIAN_POINT ( 'NONE',  ( -13.47847513588162904, 23.17217973710068080, 1.500000000000000444 ) ) ;
#2622 = CARTESIAN_POINT ( 'NONE',  ( 39.25000000000000000, 13.15429687500000355, 6.000000000000000000 ) ) ;
#2623 = VECTOR ( 'NONE', #4192, 1000.000000000000000 ) ;
#2624 = AXIS2_PLACEMENT_3D ( 'NONE', #5157, #2384, #441 ) ;
#2625 = EDGE_CURVE ( 'NONE', #4612, #491, #5895, .T. ) ;
#2626 = DIRECTION ( 'NONE',  ( -0.000000000000000000, 0.000000000000000000, 1.000000000000000000 ) ) ;
#2627 = EDGE_LOOP ( 'NONE', ( #2168, #5148, #4492, #5027 ) ) ;
#2628 = ORIENTED_EDGE ( 'NONE', *, *, #977, .T. ) ;
#2629 = CARTESIAN_POINT ( 'NONE',  ( -13.41788286210068115, 13.48641401289933661, 1.500000000000000444 ) ) ;
#2630 = VECTOR ( 'NONE', #4582, 1000.000000000000000 ) ;
#2631 = DIRECTION ( 'NONE',  ( 0.000000000000000000, 0.000000000000000000, -1.000000000000000000 ) ) ;
#2632 = VECTOR ( 'NONE', #5789, 1000.000000000000000 ) ;
#2633 = EDGE_CURVE ( 'NONE', #5344, #5410, #5376, .T. ) ;
#2634 = PLANE ( 'NONE',  #151 ) ;
#2635 = EDGE_LOOP ( 'NONE', ( #245, #5738, #1283, #336, #3250, #1470, #3683, #493, #5208, #3619, #1938 ) ) ;
#2636 = AXIS2_PLACEMENT_3D ( 'NONE', #5137, #4107, #1322 ) ;
#2637 = DIRECTION ( 'NONE',  ( -0.000000000000000000, -1.000000000000000000, -0.000000000000000000 ) ) ;
#2638 = VERTEX_POINT ( 'NONE', #3101 ) ;
#2639 = CARTESIAN_POINT ( 'NONE',  ( -32.32152486411838765, 23.17217973710068080, 6.000000000000000000 ) ) ;
#2640 = ADVANCED_FACE ( 'NONE', ( #2046 ), #4972, .T. ) ;
#2641 = CARTESIAN_POINT ( 'NONE',  ( 36.58211713789932418, 15.48641401289933661, 1.500000000000000444 ) ) ;
#2642 = ORIENTED_EDGE ( 'NONE', *, *, #5502, .T. ) ;
#2643 = ORIENTED_EDGE ( 'NONE', *, *, #784, .T. ) ;
#2644 = CARTESIAN_POINT ( 'NONE',  ( 13.58211713789931530, 22.78641401289933910, 0.5000000000000004441 ) ) ;
#2645 = CARTESIAN_POINT ( 'NONE',  ( -7.017882862100685237, 20.78641401289933910, 0.5000000000000004441 ) ) ;
#2646 = DIRECTION ( 'NONE',  ( 0.000000000000000000, -0.000000000000000000, 1.000000000000000000 ) ) ;
#2647 = DIRECTION ( 'NONE',  ( -1.000000000000000000, 0.000000000000000000, 0.000000000000000000 ) ) ;
#2648 = EDGE_LOOP ( 'NONE', ( #2288, #2712, #4216, #5445 ) ) ;
#2649 = EDGE_LOOP ( 'NONE', ( #978, #989, #143, #5474 ) ) ;
#2650 = CARTESIAN_POINT ( 'NONE',  ( -29.38211713789932489, 16.07582173911839263, 1.500000000000000444 ) ) ;
#2651 = DIRECTION ( 'NONE',  ( -1.000000000000000000, -1.309225264888156130E-15, 0.000000000000000000 ) ) ;
#2652 = EDGE_LOOP ( 'NONE', ( #5862, #555, #5492, #239 ) ) ;
#2653 = CARTESIAN_POINT ( 'NONE',  ( -7.017882862100685237, 15.50448725967914676, 0.5000000000000004441 ) ) ;
#2654 = EDGE_CURVE ( 'NONE', #1518, #2011, #3933, .T. ) ;
#2655 = LINE ( 'NONE', #1158, #3679 ) ;
#2656 = DIRECTION ( 'NONE',  ( -0.000000000000000000, -0.000000000000000000, 1.000000000000000000 ) ) ;
#2657 = EDGE_LOOP ( 'NONE', ( #752, #3940, #4984, #5209 ) ) ;
#2658 = VERTEX_POINT ( 'NONE', #314 ) ;
#2659 = DIRECTION ( 'NONE',  ( 0.6785983445458587671, -0.2810846377148202846, -0.6785983445458353414 ) ) ;
#2660 = CARTESIAN_POINT ( 'NONE',  ( 32.50364200201769904, 23.15429687500000000, 4.000000000000000000 ) ) ;
#2661 = EDGE_CURVE ( 'NONE', #491, #917, #5527, .T. ) ;
#2662 = FACE_OUTER_BOUND ( 'NONE', #3676, .T. ) ;
#2663 = ORIENTED_EDGE ( 'NONE', *, *, #632, .T. ) ;
#2664 = DIRECTION ( 'NONE',  ( 0.000000000000000000, -0.000000000000000000, -1.000000000000000000 ) ) ;
#2665 = ORIENTED_EDGE ( 'NONE', *, *, #169, .T. ) ;
#2666 = PLANE ( 'NONE',  #2313 ) ;
#2667 = EDGE_CURVE ( 'NONE', #2692, #846, #5034, .T. ) ;
#2668 = DIRECTION ( 'NONE',  ( -0.7071067811865483499, 0.7071067811865466846, 0.000000000000000000 ) ) ;
#2669 = VERTEX_POINT ( 'NONE', #1340 ) ;
#2670 = ORIENTED_EDGE ( 'NONE', *, *, #2171, .F. ) ;
#2671 = PLANE ( 'NONE',  #1036 ) ;
#2672 = DIRECTION ( 'NONE',  ( -1.000000000000000000, -8.896017825522088106E-17, 0.000000000000000000 ) ) ;
#2673 = CARTESIAN_POINT ( 'NONE',  ( -43.75000000000000000, 23.15429687500000355, 0.3499999999999999223 ) ) ;
#2674 = CARTESIAN_POINT ( 'NONE',  ( -32.30364200201769620, 13.15429687499999822, 4.000000000000000000 ) ) ;
#2675 = PLANE ( 'NONE',  #1834 ) ;
#2676 = ORIENTED_EDGE ( 'NONE', *, *, #3115, .F. ) ;
#2677 = DIRECTION ( 'NONE',  ( -0.000000000000000000, 0.000000000000000000, 1.000000000000000000 ) ) ;
#2678 = CARTESIAN_POINT ( 'NONE',  ( 8.932117137899341586, -4.853020875897687541E-14, 0.000000000000000000 ) ) ;
#2679 = EDGE_CURVE ( 'NONE', #4136, #1967, #2170, .T. ) ;
#2680 = ORIENTED_EDGE ( 'NONE', *, *, #6043, .T. ) ;
#2681 = DIRECTION ( 'NONE',  ( -1.000000000000000000, 0.000000000000000000, 0.000000000000000000 ) ) ;
#2682 = CARTESIAN_POINT ( 'NONE',  ( -13.47847513588162904, 23.17217973710068080, 4.000000000000000000 ) ) ;
#2683 = DIRECTION ( 'NONE',  ( 0.000000000000000000, 0.7071067811865465735, -0.7071067811865483499 ) ) ;
#2684 = EDGE_CURVE ( 'NONE', #1458, #4067, #2740, .T. ) ;
#2685 = ORIENTED_EDGE ( 'NONE', *, *, #243, .T. ) ;
#2686 = EDGE_CURVE ( 'NONE', #1816, #23, #5591, .T. ) ;
#2687 = ORIENTED_EDGE ( 'NONE', *, *, #1540, .T. ) ;
#2688 = VECTOR ( 'NONE', #2502, 1000.000000000000000 ) ;
#2689 = LINE ( 'NONE', #1663, #3173 ) ;
#2690 = CARTESIAN_POINT ( 'NONE',  ( -43.50000000000000000, 0.000000000000000000, 0.5999999999999999778 ) ) ;
#2691 = VECTOR ( 'NONE', #199, 1000.000000000000000 ) ;
#2692 = VERTEX_POINT ( 'NONE', #4092 ) ;
#2693 = DIRECTION ( 'NONE',  ( -0.000000000000000000, 1.000000000000000000, -0.000000000000000000 ) ) ;
#2694 = ORIENTED_EDGE ( 'NONE', *, *, #5364, .F. ) ;
#2695 = EDGE_CURVE ( 'NONE', #2136, #2762, #5991, .T. ) ;
#2696 = DIRECTION ( 'NONE',  ( -0.000000000000000000, -0.000000000000000000, 1.000000000000000000 ) ) ;
#2697 = VERTEX_POINT ( 'NONE', #5126 ) ;
#2698 = CARTESIAN_POINT ( 'NONE',  ( -32.32152486411837344, 13.13641401289933874, 6.000000000000000000 ) ) ;
#2699 = VECTOR ( 'NONE', #444, 1000.000000000000000 ) ;
#2700 = DIRECTION ( 'NONE',  ( 0.000000000000000000, 1.000000000000000000, 0.000000000000000000 ) ) ;
#2701 = VECTOR ( 'NONE', #3529, 1000.000000000000000 ) ;
#2702 = ORIENTED_EDGE ( 'NONE', *, *, #4697, .T. ) ;
#2703 = EDGE_CURVE ( 'NONE', #136, #401, #2267, .T. ) ;
#2704 = LINE ( 'NONE', #5467, #346 ) ;
#2705 = ORIENTED_EDGE ( 'NONE', *, *, #1211, .F. ) ;
#2706 = DIRECTION ( 'NONE',  ( 0.5773502691896323924, 0.5773502691896122974, -0.5773502691896323924 ) ) ;
#2707 = CARTESIAN_POINT ( 'NONE',  ( 39.00000000000000711, 15.45793887701771219, 1.500000000000000444 ) ) ;
#2708 = VECTOR ( 'NONE', #5258, 1000.000000000000000 ) ;
#2709 = DIRECTION ( 'NONE',  ( 0.000000000000000000, 0.000000000000000000, -1.000000000000000000 ) ) ;
#2710 = VECTOR ( 'NONE', #1920, 1000.000000000000000 ) ;
#2711 = DIRECTION ( 'NONE',  ( 1.000000000000000000, 0.000000000000000000, 0.000000000000000000 ) ) ;
#2712 = ORIENTED_EDGE ( 'NONE', *, *, #715, .T. ) ;
#2713 = CARTESIAN_POINT ( 'NONE',  ( -31.76788286210068790, 15.50448725967914676, 0.5000000000000004441 ) ) ;
#2714 = CC_DESIGN_APPROVAL ( #4293, ( #821 ) ) ;
#2715 = LINE ( 'NONE', #1840, #3466 ) ;
#2716 = VERTEX_POINT ( 'NONE', #2763 ) ;
#2717 = EDGE_CURVE ( 'NONE', #755, #4784, #3627, .T. ) ;
#2718 = PLANE ( 'NONE',  #1703 ) ;
#2719 = PLANE ( 'NONE',  #6032 ) ;
#2720 = LINE ( 'NONE', #4594, #2821 ) ;
#2721 = ORIENTED_EDGE ( 'NONE', *, *, #163, .T. ) ;
#2722 = ORIENTED_EDGE ( 'NONE', *, *, #1481, .F. ) ;
#2723 = FACE_OUTER_BOUND ( 'NONE', #2609, .T. ) ;
#2724 = LINE ( 'NONE', #2599, #699 ) ;
#2725 = AXIS2_PLACEMENT_3D ( 'NONE', #597, #3879, #4827 ) ;
#2726 = EDGE_CURVE ( 'NONE', #4263, #4688, #5960, .T. ) ;
#2727 = ADVANCED_FACE ( 'NONE', ( #284 ), #4183, .F. ) ;
#2728 = CARTESIAN_POINT ( 'NONE',  ( 29.58211713789933484, 20.23277201088163224, 1.500000000000000444 ) ) ;
#2729 = ORIENTED_EDGE ( 'NONE', *, *, #922, .F. ) ;
#2730 = ORIENTED_EDGE ( 'NONE', *, *, #5681, .T. ) ;
#2731 = LINE ( 'NONE', #2260, #2014 ) ;
#2732 = AXIS2_PLACEMENT_3D ( 'NONE', #3950, #2098, #3618 ) ;
#2733 = CARTESIAN_POINT ( 'NONE',  ( -32.41788286210068293, 20.78641401289933910, 0.5000000000000004441 ) ) ;
#2734 = EDGE_CURVE ( 'NONE', #2371, #4067, #1772, .T. ) ;
#2735 = VECTOR ( 'NONE', #4041, 1000.000000000000000 ) ;
#2736 = ORIENTED_EDGE ( 'NONE', *, *, #1053, .F. ) ;
#2737 = LINE ( 'NONE', #1245, #542 ) ;
#2738 = VERTEX_POINT ( 'NONE', #1802 ) ;
#2739 = VECTOR ( 'NONE', #984, 1000.000000000000000 ) ;
#2740 = LINE ( 'NONE', #4122, #2234 ) ;
#2741 = DIRECTION ( 'NONE',  ( 1.334402673828313586E-16, -1.000000000000000000, 0.000000000000000000 ) ) ;
#2742 = EDGE_CURVE ( 'NONE', #2762, #2405, #1308, .T. ) ;
#2743 = ORIENTED_EDGE ( 'NONE', *, *, #5907, .F. ) ;
#2744 = ORIENTED_EDGE ( 'NONE', *, *, #5705, .T. ) ;
#2745 = PLANE ( 'NONE',  #5295 ) ;
#2746 = DIRECTION ( 'NONE',  ( 1.309225264888156130E-15, -1.000000000000000000, 0.000000000000000000 ) ) ;
#2747 = LINE ( 'NONE', #817, #4355 ) ;
#2748 = EDGE_CURVE ( 'NONE', #4963, #5597, #3227, .T. ) ;
#2749 = DIRECTION ( 'NONE',  ( 0.7071067811865482389, -0.7071067811865469066, 0.000000000000000000 ) ) ;
#2750 = DIRECTION ( 'NONE',  ( -0.7071067811865483499, 0.7071067811865467956, 1.137307002876284219E-16 ) ) ;
#2751 = ORIENTED_EDGE ( 'NONE', *, *, #5053, .F. ) ;
#2752 = ORIENTED_EDGE ( 'NONE', *, *, #3812, .T. ) ;
#2753 = FACE_OUTER_BOUND ( 'NONE', #425, .T. ) ;
#2754 = DIRECTION ( 'NONE',  ( 1.000000000000000000, -1.734723475976806709E-18, -0.000000000000000000 ) ) ;
#2755 = CARTESIAN_POINT ( 'NONE',  ( -15.81788286210068151, 15.48641401289933661, 0.5000000000000004441 ) ) ;
#2756 = ORIENTED_EDGE ( 'NONE', *, *, #912, .F. ) ;
#2757 = ORIENTED_EDGE ( 'NONE', *, *, #2613, .F. ) ;
#2758 = CARTESIAN_POINT ( 'NONE',  ( 39.25000000000000000, 23.15429687500000000, 4.000000000000000000 ) ) ;
#2759 = CARTESIAN_POINT ( 'NONE',  ( 32.58211713789932418, 20.78641401289933910, 1.500000000000000444 ) ) ;
#2760 = VERTEX_POINT ( 'NONE', #1831 ) ;
#2761 = CARTESIAN_POINT ( 'NONE',  ( -32.30364200201768199, 23.15429687499998579, 4.000000000000000000 ) ) ;
#2762 = VERTEX_POINT ( 'NONE', #349 ) ;
#2763 = CARTESIAN_POINT ( 'NONE',  ( -16.41788286210066872, 16.07582173911838908, 1.500000000000000444 ) ) ;
#2764 = EDGE_CURVE ( 'NONE', #994, #4401, #4003, .T. ) ;
#2765 = CARTESIAN_POINT ( 'NONE',  ( -37.06788286210068151, 15.48641401289933661, -2.999999999999999112 ) ) ;
#2766 = DIRECTION ( 'NONE',  ( 0.000000000000000000, 0.000000000000000000, 1.000000000000000000 ) ) ;
#2767 = DIRECTION ( 'NONE',  ( 0.000000000000000000, 0.000000000000000000, -1.000000000000000000 ) ) ;
#2768 = ORIENTED_EDGE ( 'NONE', *, *, #1301, .T. ) ;
#2769 = CARTESIAN_POINT ( 'NONE',  ( -45.35000000000000142, 25.65429687500000355, 6.000000000000000000 ) ) ;
#2770 = FACE_OUTER_BOUND ( 'NONE', #3642, .T. ) ;
#2771 = EDGE_CURVE ( 'NONE', #1490, #3772, #4058, .T. ) ;
#2772 = CARTESIAN_POINT ( 'NONE',  ( 7.200000000000004619, 20.85065487298230735, 4.000000000000000000 ) ) ;
#2773 = CARTESIAN_POINT ( 'NONE',  ( 46.25000000000000000, 11.05429687499998792, 0.4000000000000114575 ) ) ;
#2774 = LINE ( 'NONE', #2312, #2623 ) ;
#2775 = VERTEX_POINT ( 'NONE', #1710 ) ;
#2776 = EDGE_CURVE ( 'NONE', #3461, #1618, #3597, .T. ) ;
#2777 = ORIENTED_EDGE ( 'NONE', *, *, #5110, .F. ) ;
#2778 = LINE ( 'NONE', #918, #2582 ) ;
#2779 = CARTESIAN_POINT ( 'NONE',  ( -43.25000000000000000, 23.15429687500000000, 0.4964466094067261359 ) ) ;
#2780 = DIRECTION ( 'NONE',  ( 0.000000000000000000, -1.000000000000000000, 0.000000000000000000 ) ) ;
#2781 = VERTEX_POINT ( 'NONE', #5005 ) ;
#2782 = AXIS2_PLACEMENT_3D ( 'NONE', #1511, #5851, #1630 ) ;
#2783 = EDGE_CURVE ( 'NONE', #5062, #264, #776, .T. ) ;
#2784 = ORIENTED_EDGE ( 'NONE', *, *, #3428, .F. ) ;
#2785 = CARTESIAN_POINT ( 'NONE',  ( 46.25000000000000000, 13.90429687500000355, 1.000000000000000000 ) ) ;
#2786 = AXIS2_PLACEMENT_3D ( 'NONE', #660, #3075, #3569 ) ;
#2787 = FACE_OUTER_BOUND ( 'NONE', #5456, .T. ) ;
#2788 = AXIS2_PLACEMENT_3D ( 'NONE', #4557, #5481, #4102 ) ;
#2789 = VERTEX_POINT ( 'NONE', #2 ) ;
#2790 = DIRECTION ( 'NONE',  ( 1.000000000000000000, 2.478176394252582127E-16, -0.000000000000000000 ) ) ;
#2791 = ORIENTED_EDGE ( 'NONE', *, *, #1540, .F. ) ;
#2792 = EDGE_CURVE ( 'NONE', #5861, #929, #1461, .T. ) ;
#2793 = VECTOR ( 'NONE', #777, 1000.000000000000000 ) ;
#2794 = DIRECTION ( 'NONE',  ( -0.000000000000000000, -1.000000000000000000, -0.000000000000000000 ) ) ;
#2795 = EDGE_CURVE ( 'NONE', #4210, #1271, #5278, .T. ) ;
#2796 = CARTESIAN_POINT ( 'NONE',  ( 15.99999999999999289, 20.85065487298230735, 4.000000000000000000 ) ) ;
#2797 = CARTESIAN_POINT ( 'NONE',  ( 0.000000000000000000, 0.000000000000000000, 0.5000000000000004441 ) ) ;
#2798 = VECTOR ( 'NONE', #559, 1000.000000000000000 ) ;
#2799 = EDGE_CURVE ( 'NONE', #5533, #2576, #4297, .T. ) ;
#2800 = DIRECTION ( 'NONE',  ( 0.000000000000000000, 0.000000000000000000, 1.000000000000000000 ) ) ;
#2801 = ORIENTED_EDGE ( 'NONE', *, *, #3351, .F. ) ;
#2802 = EDGE_CURVE ( 'NONE', #5221, #5312, #1023, .T. ) ;
#2803 = CARTESIAN_POINT ( 'NONE',  ( -38.75000000000000000, 15.40793887701771858, 4.000000000000000000 ) ) ;
#2804 = PLANE ( 'NONE',  #1993 ) ;
#2805 = VECTOR ( 'NONE', #353, 1000.000000000000000 ) ;
#2806 = VECTOR ( 'NONE', #2572, 1000.000000000000000 ) ;
#2807 = LINE ( 'NONE', #3297, #904 ) ;
#2808 = CARTESIAN_POINT ( 'NONE',  ( 39.25000000000000000, 23.15429687500000000, 4.000000000000000000 ) ) ;
#2809 = VECTOR ( 'NONE', #4930, 1000.000000000000000 ) ;
#2810 = EDGE_CURVE ( 'NONE', #2638, #182, #1640, .T. ) ;
#2811 = CARTESIAN_POINT ( 'NONE',  ( -36.41788286210068293, 20.78641401289933910, 1.500000000000000444 ) ) ;
#2812 = ORIENTED_EDGE ( 'NONE', *, *, #1399, .F. ) ;
#2813 = CARTESIAN_POINT ( 'NONE',  ( 32.50364200201772746, 13.15429687500000178, 4.000000000000000000 ) ) ;
#2814 = ORIENTED_EDGE ( 'NONE', *, *, #5426, .T. ) ;
#2815 = LINE ( 'NONE', #5606, #5630 ) ;
#2816 = CARTESIAN_POINT ( 'NONE',  ( 45.84999999999998721, 11.05429687500002878, 0.000000000000000000 ) ) ;
#2817 = LINE ( 'NONE', #4692, #4785 ) ;
#2818 = ORIENTED_EDGE ( 'NONE', *, *, #5469, .F. ) ;
#2819 = ORIENTED_EDGE ( 'NONE', *, *, #771, .T. ) ;
#2820 = CARTESIAN_POINT ( 'NONE',  ( -45.75000000000000000, 20.85065487298230735, 4.000000000000000000 ) ) ;
#2821 = VECTOR ( 'NONE', #1966, 1000.000000000000000 ) ;
#2822 = PLANE ( 'NONE',  #2403 ) ;
#2823 = EDGE_CURVE ( 'NONE', #2080, #3918, #63, .T. ) ;
#2824 = ORIENTED_EDGE ( 'NONE', *, *, #798, .F. ) ;
#2825 = VECTOR ( 'NONE', #5870, 1000.000000000000114 ) ;
#2826 = CARTESIAN_POINT ( 'NONE',  ( -38.75000000000000000, 13.90429687500000355, 1.000000000000000000 ) ) ;
#2827 = ORIENTED_EDGE ( 'NONE', *, *, #2976, .F. ) ;
#2828 = DIRECTION ( 'NONE',  ( 1.000000000000000000, 0.000000000000000000, 0.000000000000000000 ) ) ;
#2829 = CARTESIAN_POINT ( 'NONE',  ( -45.75000000000000000, 25.25429687500001918, 4.834314575050724372 ) ) ;
#2830 = FACE_OUTER_BOUND ( 'NONE', #4633, .T. ) ;
#2831 = DIRECTION ( 'NONE',  ( 0.000000000000000000, 0.000000000000000000, -1.000000000000000000 ) ) ;
#2832 = ORIENTED_EDGE ( 'NONE', *, *, #579, .F. ) ;
#2833 = DIRECTION ( 'NONE',  ( -1.000000000000000000, -0.000000000000000000, -0.000000000000000000 ) ) ;
#2834 = PLANE ( 'NONE',  #1239 ) ;
#2835 = CARTESIAN_POINT ( 'NONE',  ( -44.00000000000000000, 23.15429687500000355, 0.000000000000000000 ) ) ;
#2836 = DIRECTION ( 'NONE',  ( -0.000000000000000000, -1.000000000000000000, -0.000000000000000000 ) ) ;
#2837 = DIRECTION ( 'NONE',  ( 0.000000000000000000, 0.000000000000000000, 1.000000000000000000 ) ) ;
#2838 = ORIENTED_EDGE ( 'NONE', *, *, #2191, .T. ) ;
#2839 = LINE ( 'NONE', #4803, #4353 ) ;
#2840 = ORIENTED_EDGE ( 'NONE', *, *, #4342, .T. ) ;
#2841 = ADVANCED_FACE ( 'NONE', ( #2329 ), #2387, .T. ) ;
#2842 = PLANE ( 'NONE',  #313 ) ;
#2843 = CARTESIAN_POINT ( 'NONE',  ( -38.75000000000000000, 13.90429687500000355, 4.000000000000000000 ) ) ;
#2844 = ORIENTED_EDGE ( 'NONE', *, *, #2389, .F. ) ;
#2845 = ORIENTED_EDGE ( 'NONE', *, *, #1977, .F. ) ;
#2846 = DIRECTION ( 'NONE',  ( 0.000000000000000000, 1.000000000000000000, 0.000000000000000000 ) ) ;
#2847 = EDGE_CURVE ( 'NONE', #4511, #416, #5740, .T. ) ;
#2848 = CARTESIAN_POINT ( 'NONE',  ( 39.25000000000000000, 13.15429687500000355, 4.000000000000000000 ) ) ;
#2849 = ORIENTED_EDGE ( 'NONE', *, *, #2460, .T. ) ;
#2850 = FACE_OUTER_BOUND ( 'NONE', #4143, .T. ) ;
#2851 = ORIENTED_EDGE ( 'NONE', *, *, #2381, .F. ) ;
#2852 = LINE ( 'NONE', #5249, #4206 ) ;
#2853 = EDGE_CURVE ( 'NONE', #2760, #5084, #1519, .T. ) ;
#2854 = DIRECTION ( 'NONE',  ( 0.000000000000000000, 0.000000000000000000, -1.000000000000000000 ) ) ;
#2855 = PERSON_AND_ORGANIZATION ( #684, #2212 ) ;
#2856 = CARTESIAN_POINT ( 'NONE',  ( -30.00000000000001066, 20.85065487298230735, 4.000000000000000000 ) ) ;
#2857 = EDGE_LOOP ( 'NONE', ( #1051, #897, #3870, #3388 ) ) ;
#2858 = CARTESIAN_POINT ( 'NONE',  ( -13.41788286210068115, 15.48641401289933661, 1.500000000000000444 ) ) ;
#2859 = FACE_OUTER_BOUND ( 'NONE', #1478, .T. ) ;
#2860 = DIRECTION ( 'NONE',  ( 0.7071067811865469066, 0.7071067811865482389, 0.000000000000000000 ) ) ;
#2861 = EDGE_CURVE ( 'NONE', #3183, #1578, #5191, .T. ) ;
#2862 = CARTESIAN_POINT ( 'NONE',  ( 31.93211713789931849, 20.78641401289933910, 1.500000000000000444 ) ) ;
#2863 = CARTESIAN_POINT ( 'NONE',  ( 7.200000000000004619, 15.45793887701771219, 2.499999999999999112 ) ) ;
#2864 = ORIENTED_EDGE ( 'NONE', *, *, #3844, .T. ) ;
#2865 = FACE_OUTER_BOUND ( 'NONE', #38, .T. ) ;
#2866 = EDGE_CURVE ( 'NONE', #2871, #1427, #2913, .T. ) ;
#2867 = EDGE_LOOP ( 'NONE', ( #1771, #1091, #4426, #4762, #1355, #3981, #3917, #2827 ) ) ;
#2868 = DIRECTION ( 'NONE',  ( -0.000000000000000000, 1.000000000000000000, 0.000000000000000000 ) ) ;
#2869 = EDGE_CURVE ( 'NONE', #393, #212, #5680, .T. ) ;
#2870 = CARTESIAN_POINT ( 'NONE',  ( -13.47847513588162904, 23.17217973710068080, 2.500000000000000444 ) ) ;
#2871 = VERTEX_POINT ( 'NONE', #4671 ) ;
#2872 = ORIENTED_EDGE ( 'NONE', *, *, #3179, .T. ) ;
#2873 = CARTESIAN_POINT ( 'NONE',  ( -29.38211713789932489, 20.23277201088162514, 1.500000000000000444 ) ) ;
#2874 = DIRECTION ( 'NONE',  ( 1.000000000000000000, 0.000000000000000000, 0.000000000000000000 ) ) ;
#2875 = AXIS2_PLACEMENT_3D ( 'NONE', #4017, #5881, #1693 ) ;
#2876 = EDGE_CURVE ( 'NONE', #4830, #5084, #3745, .T. ) ;
#2877 = ORIENTED_EDGE ( 'NONE', *, *, #4607, .F. ) ;
#2878 = CARTESIAN_POINT ( 'NONE',  ( -31.76788286210068790, 15.50448725967914676, 0.5000000000000004441 ) ) ;
#2879 = VERTEX_POINT ( 'NONE', #1487 ) ;
#2880 = AXIS2_PLACEMENT_3D ( 'NONE', #1473, #1995, #135 ) ;
#2881 = DIRECTION ( 'NONE',  ( -0.000000000000000000, -0.000000000000000000, 1.000000000000000000 ) ) ;
#2882 = AXIS2_PLACEMENT_3D ( 'NONE', #1722, #1686, #2152 ) ;
#2883 = DIRECTION ( 'NONE',  ( 0.000000000000000000, -1.000000000000000000, 0.000000000000000000 ) ) ;
#2884 = SECURITY_CLASSIFICATION_LEVEL ( 'unclassified' ) ;
#2885 = EDGE_CURVE ( 'NONE', #727, #981, #2852, .T. ) ;
#2886 = CARTESIAN_POINT ( 'NONE',  ( -45.75000000000000000, 22.40429687500000711, 1.000000000000000000 ) ) ;
#2887 = AXIS2_PLACEMENT_3D ( 'NONE', #4305, #3934, #3874 ) ;
#2888 = ORIENTED_EDGE ( 'NONE', *, *, #5775, .F. ) ;
#2889 = CARTESIAN_POINT ( 'NONE',  ( 39.25000000000000000, 13.15429687500000355, 6.000000000000000000 ) ) ;
#2890 = CARTESIAN_POINT ( 'NONE',  ( 8.932117137899320269, 20.78641401289933910, 0.5000000000000004441 ) ) ;
#2891 = LINE ( 'NONE', #564, #4848 ) ;
#2892 = VECTOR ( 'NONE', #1127, 1000.000000000000000 ) ;
#2893 = FACE_OUTER_BOUND ( 'NONE', #1721, .T. ) ;
#2894 = EDGE_CURVE ( 'NONE', #2353, #3567, #4211, .T. ) ;
#2895 = ORIENTED_EDGE ( 'NONE', *, *, #1759, .F. ) ;
#2896 = CARTESIAN_POINT ( 'NONE',  ( -14.06788286210067973, 20.80448725967914925, 1.500000000000000444 ) ) ;
#2897 = ORIENTED_EDGE ( 'NONE', *, *, #807, .F. ) ;
#2898 = AXIS2_PLACEMENT_3D ( 'NONE', #2458, #1558, #2977 ) ;
#2899 = CARTESIAN_POINT ( 'NONE',  ( 46.00000000000000000, 20.78641401289933910, 0.000000000000000000 ) ) ;
#2900 = ORIENTED_EDGE ( 'NONE', *, *, #325, .T. ) ;
#2901 = LINE ( 'NONE', #50, #5237 ) ;
#2902 = DIRECTION ( 'NONE',  ( 1.000000000000000000, 0.000000000000000000, 0.000000000000000000 ) ) ;
#2903 = ORIENTED_EDGE ( 'NONE', *, *, #2861, .F. ) ;
#2904 = ORIENTED_EDGE ( 'NONE', *, *, #669, .T. ) ;
#2905 = CARTESIAN_POINT ( 'NONE',  ( -38.75000000000000000, 13.15429687499999289, 4.000000000000000000 ) ) ;
#2906 = VECTOR ( 'NONE', #402, 1000.000000000000000 ) ;
#2907 = LINE ( 'NONE', #4869, #3860 ) ;
#2908 = EDGE_CURVE ( 'NONE', #366, #6009, #4789, .T. ) ;
#2909 = CARTESIAN_POINT ( 'NONE',  ( 37.23211713789931565, 15.48641401289933661, -2.999999999999999112 ) ) ;
#2910 = ORIENTED_EDGE ( 'NONE', *, *, #4988, .T. ) ;
#2911 = CARTESIAN_POINT ( 'NONE',  ( 39.25000000000000000, 13.15429687500000355, 6.000000000000000000 ) ) ;
#2912 = ORIENTED_EDGE ( 'NONE', *, *, #1825, .T. ) ;
#2913 = LINE ( 'NONE', #3809, #4010 ) ;
#2914 = EDGE_CURVE ( 'NONE', #789, #629, #6079, .T. ) ;
#2915 = CARTESIAN_POINT ( 'NONE',  ( 46.00000000000000000, 0.000000000000000000, 0.5000000000000004441 ) ) ;
#2916 = APPROVAL_ROLE ( '' ) ;
#2917 = VECTOR ( 'NONE', #2081, 1000.000000000000000 ) ;
#2918 = AXIS2_PLACEMENT_3D ( 'NONE', #3158, #2265, #803 ) ;
#2919 = ORIENTED_EDGE ( 'NONE', *, *, #5637, .T. ) ;
#2920 = PLANE ( 'NONE',  #1456 ) ;
#2921 = DIRECTION ( 'NONE',  ( 1.000000000000000000, 1.334402673828313339E-16, -0.000000000000000000 ) ) ;
#2922 = AXIS2_PLACEMENT_3D ( 'NONE', #1924, #473, #2363 ) ;
#2923 = EDGE_CURVE ( 'NONE', #5981, #5260, #3347, .T. ) ;
#2924 = DIRECTION ( 'NONE',  ( 1.000000000000000000, 0.000000000000000000, 0.000000000000000000 ) ) ;
#2925 = CARTESIAN_POINT ( 'NONE',  ( 15.98211713789931387, 15.50448725967914676, 0.5000000000000004441 ) ) ;
#2926 = VECTOR ( 'NONE', #4544, 1000.000000000000000 ) ;
#2927 = ORIENTED_EDGE ( 'NONE', *, *, #5793, .T. ) ;
#2928 = AXIS2_PLACEMENT_3D ( 'NONE', #172, #1160, #2626 ) ;
#2929 = CARTESIAN_POINT ( 'NONE',  ( 8.932117137899320269, 15.48641401289933661, 0.5000000000000004441 ) ) ;
#2930 = ORIENTED_EDGE ( 'NONE', *, *, #1506, .T. ) ;
#2931 = CARTESIAN_POINT ( 'NONE',  ( 0.000000000000000000, 11.05429687500002878, 0.000000000000000000 ) ) ;
#2932 = ORIENTED_EDGE ( 'NONE', *, *, #4328, .F. ) ;
#2933 = EDGE_CURVE ( 'NONE', #4428, #3837, #4265, .T. ) ;
#2934 = DIRECTION ( 'NONE',  ( -0.7071067811865466846, -0.7071067811865483499, 0.000000000000000000 ) ) ;
#2935 = AXIS2_PLACEMENT_3D ( 'NONE', #2358, #4754, #5189 ) ;
#2936 = DIRECTION ( 'NONE',  ( -0.000000000000000000, 0.000000000000000000, 1.000000000000000000 ) ) ;
#2937 = EDGE_LOOP ( 'NONE', ( #3796, #2930, #1563, #1793 ) ) ;
#2938 = ORIENTED_EDGE ( 'NONE', *, *, #1119, .T. ) ;
#2939 = CARTESIAN_POINT ( 'NONE',  ( 37.23211713789931565, 20.78641401289933910, 0.5000000000000004441 ) ) ;
#2940 = DIRECTION ( 'NONE',  ( 0.000000000000000000, 1.000000000000000000, 0.000000000000000000 ) ) ;
#2941 = AXIS2_PLACEMENT_3D ( 'NONE', #2713, #753, #5934 ) ;
#2942 = ORIENTED_EDGE ( 'NONE', *, *, #5127, .T. ) ;
#2943 = LINE ( 'NONE', #87, #5944 ) ;
#2944 = ORIENTED_EDGE ( 'NONE', *, *, #2341, .F. ) ;
#2945 = DIRECTION ( 'NONE',  ( 1.000000000000000000, -0.000000000000000000, -0.000000000000000000 ) ) ;
#2946 = LINE ( 'NONE', #4817, #816 ) ;
#2947 = EDGE_LOOP ( 'NONE', ( #1012, #1188, #4054, #5227 ) ) ;
#2948 = EDGE_CURVE ( 'NONE', #2118, #23, #1981, .T. ) ;
#2949 = DIRECTION ( 'NONE',  ( 1.000000000000000000, -1.734723475976806709E-18, -0.000000000000000000 ) ) ;
#2950 = DIRECTION ( 'NONE',  ( -0.7071067811865466846, -0.7071067811865483499, 0.000000000000000000 ) ) ;
#2951 = LINE ( 'NONE', #1930, #910 ) ;
#2952 = CARTESIAN_POINT ( 'NONE',  ( 9.582117137899318848, 13.48641401289933661, 1.500000000000000444 ) ) ;
#2953 = ORIENTED_EDGE ( 'NONE', *, *, #637, .T. ) ;
#2954 = CARTESIAN_POINT ( 'NONE',  ( -15.81788286210068151, 15.48641401289933661, 1.500000000000000444 ) ) ;
#2955 = ORIENTED_EDGE ( 'NONE', *, *, #3382, .T. ) ;
#2956 = CARTESIAN_POINT ( 'NONE',  ( 14.23211713789931210, 15.48641401289933661, -2.999999999999999112 ) ) ;
#2957 = EDGE_LOOP ( 'NONE', ( #3304, #1502, #2126, #583, #2266, #3169, #4634, #1815 ) ) ;
#2958 = CARTESIAN_POINT ( 'NONE',  ( 9.521524864118370957, 23.17217973710068080, 1.500000000000000444 ) ) ;
#2959 = VECTOR ( 'NONE', #5276, 1000.000000000000000 ) ;
#2960 = EDGE_CURVE ( 'NONE', #264, #462, #1549, .T. ) ;
#2961 = LINE ( 'NONE', #2440, #4394 ) ;
#2962 = ORIENTED_EDGE ( 'NONE', *, *, #3271, .F. ) ;
#2963 = VERTEX_POINT ( 'NONE', #120 ) ;
#2964 = CARTESIAN_POINT ( 'NONE',  ( -36.47847513588161661, 13.13641401289933697, 1.500000000000000444 ) ) ;
#2965 = PLANE ( 'NONE',  #5136 ) ;
#2966 = VERTEX_POINT ( 'NONE', #4440 ) ;
#2967 = CARTESIAN_POINT ( 'NONE',  ( 8.932117137899320269, 20.80448725967914925, 0.5000000000000004441 ) ) ;
#2968 = EDGE_LOOP ( 'NONE', ( #3704, #2416, #3914, #1629 ) ) ;
#2969 = DIRECTION ( 'NONE',  ( 1.000000000000000000, 0.000000000000000000, -0.000000000000000000 ) ) ;
#2970 = DIRECTION ( 'NONE',  ( -1.000000000000000000, 0.000000000000000000, -0.000000000000000000 ) ) ;
#2971 = EDGE_LOOP ( 'NONE', ( #543, #5709, #2832, #4720 ) ) ;
#2972 = CARTESIAN_POINT ( 'NONE',  ( 23.00000000000000000, 0.000000000000000000, 0.5000000000000004441 ) ) ;
#2973 = VECTOR ( 'NONE', #1227, 1000.000000000000000 ) ;
#2974 = PLANE ( 'NONE',  #3708 ) ;
#2975 = DIRECTION ( 'NONE',  ( -0.000000000000000000, -0.000000000000000000, 1.000000000000000000 ) ) ;
#2976 = EDGE_CURVE ( 'NONE', #3830, #3059, #214, .T. ) ;
#2977 = DIRECTION ( 'NONE',  ( 0.000000000000000000, 0.000000000000000000, -1.000000000000000000 ) ) ;
#2978 = VECTOR ( 'NONE', #856, 1000.000000000000000 ) ;
#2979 = ORIENTED_EDGE ( 'NONE', *, *, #819, .T. ) ;
#2980 = CARTESIAN_POINT ( 'NONE',  ( -16.41788286210066872, 16.07582173911838908, 6.000000000000000000 ) ) ;
#2981 = ORIENTED_EDGE ( 'NONE', *, *, #3996, .F. ) ;
#2982 = CARTESIAN_POINT ( 'NONE',  ( -15.81788286210068151, 15.48641401289933661, 0.5000000000000004441 ) ) ;
#2983 = ORIENTED_EDGE ( 'NONE', *, *, #2617, .F. ) ;
#2984 = VECTOR ( 'NONE', #2429, 1000.000000000000000 ) ;
#2985 = DIRECTION ( 'NONE',  ( -1.000000000000000000, -8.896017825522088106E-17, 0.000000000000000000 ) ) ;
#2986 = ADVANCED_FACE ( 'NONE', ( #4354 ), #1639, .T. ) ;
#2987 = VECTOR ( 'NONE', #1054, 1000.000000000000000 ) ;
#2988 = DIRECTION ( 'NONE',  ( 0.000000000000000000, 1.000000000000000000, 0.000000000000000000 ) ) ;
#2989 = ORIENTED_EDGE ( 'NONE', *, *, #4716, .T. ) ;
#2990 = ORIENTED_EDGE ( 'NONE', *, *, #1745, .F. ) ;
#2991 = LINE ( 'NONE', #1542, #3371 ) ;
#2993 = FACE_OUTER_BOUND ( 'NONE', #1691, .T. ) ;
#2992 = VECTOR ( 'NONE', #4365, 1000.000000000000000 ) ;
#2994 = ADVANCED_FACE ( 'NONE', ( #3899 ), #3432, .F. ) ;
#2995 = LINE ( 'NONE', #4870, #5275 ) ;
#2996 = EDGE_LOOP ( 'NONE', ( #2818, #1531, #1760, #5284, #5239, #3106, #5702, #5888 ) ) ;
#2997 = CARTESIAN_POINT ( 'NONE',  ( 13.67847513588162833, 13.13641401289933874, 2.499999999999998668 ) ) ;
#2998 = ORIENTED_EDGE ( 'NONE', *, *, #4596, .F. ) ;
#2999 = CARTESIAN_POINT ( 'NONE',  ( -9.321524864118371667, 13.13641401289933874, 4.000000000000000000 ) ) ;
#3000 = EDGE_CURVE ( 'NONE', #2435, #2616, #2543, .T. ) ;
#3001 = CARTESIAN_POINT ( 'NONE',  ( -32.32152486411837344, 13.13641401289933874, 1.500000000000000444 ) ) ;
#3002 = ORIENTED_EDGE ( 'NONE', *, *, #1713, .T. ) ;
#3003 = ORIENTED_EDGE ( 'NONE', *, *, #5152, .F. ) ;
#3004 = FACE_OUTER_BOUND ( 'NONE', #2318, .T. ) ;
#3005 = DIRECTION ( 'NONE',  ( -0.000000000000000000, -1.000000000000000000, -0.000000000000000000 ) ) ;
#3006 = FACE_OUTER_BOUND ( 'NONE', #2657, .T. ) ;
#3007 = VECTOR ( 'NONE', #774, 1000.000000000000000 ) ;
#3008 = DIRECTION ( 'NONE',  ( 0.000000000000000000, 1.000000000000000000, 0.000000000000000000 ) ) ;
#3009 = VERTEX_POINT ( 'NONE', #4414 ) ;
#3010 = LINE ( 'NONE', #720, #2520 ) ;
#3011 = ORIENTED_EDGE ( 'NONE', *, *, #3996, .T. ) ;
#3012 = VECTOR ( 'NONE', #5166, 1000.000000000000000 ) ;
#3013 = CARTESIAN_POINT ( 'NONE',  ( 51.11666666666661740, 15.92096354166643302, 5.266666666666626639 ) ) ;
#3014 = CC_DESIGN_PERSON_AND_ORGANIZATION_ASSIGNMENT ( #4847, #5283, ( #821 ) ) ;
#3015 = ORIENTED_EDGE ( 'NONE', *, *, #4675, .T. ) ;
#3016 = CARTESIAN_POINT ( 'NONE',  ( -50.61666666666671688, 15.92096354166689487, 5.266666666666734109 ) ) ;
#3017 = VECTOR ( 'NONE', #4273, 1000.000000000000000 ) ;
#3018 = DIRECTION ( 'NONE',  ( 0.000000000000000000, 1.000000000000000000, 0.000000000000000000 ) ) ;
#3019 = VECTOR ( 'NONE', #5641, 1000.000000000000000 ) ;
#3020 = PLANE ( 'NONE',  #2928 ) ;
#3021 = ORIENTED_EDGE ( 'NONE', *, *, #5311, .T. ) ;
#3022 = ADVANCED_FACE ( 'NONE', ( #1606 ), #2103, .F. ) ;
#3023 = ORIENTED_EDGE ( 'NONE', *, *, #4894, .T. ) ;
#3024 = CARTESIAN_POINT ( 'NONE',  ( 36.67847513588161945, 23.17217973710068080, 6.000000000000000000 ) ) ;
#3025 = LINE ( 'NONE', #3400, #1094 ) ;
#3026 = LINE ( 'NONE', #4902, #51 ) ;
#3027 = VERTEX_POINT ( 'NONE', #1575 ) ;
#3028 = EDGE_CURVE ( 'NONE', #4401, #802, #705, .T. ) ;
#3029 = PLANE ( 'NONE',  #1677 ) ;
#3030 = EDGE_LOOP ( 'NONE', ( #3693, #5916, #4605, #1548 ) ) ;
#3031 = CARTESIAN_POINT ( 'NONE',  ( 31.93211713789932560, 15.48641401289933661, 0.000000000000000000 ) ) ;
#3032 = VECTOR ( 'NONE', #5222, 1000.000000000000000 ) ;
#3033 = DIRECTION ( 'NONE',  ( 0.000000000000000000, 0.000000000000000000, -1.000000000000000000 ) ) ;
#3034 = ORIENTED_EDGE ( 'NONE', *, *, #1854, .F. ) ;
#3035 = ORIENTED_EDGE ( 'NONE', *, *, #208, .F. ) ;
#3036 = EDGE_CURVE ( 'NONE', #3851, #956, #3990, .T. ) ;
#3037 = LINE ( 'NONE', #652, #3337 ) ;
#3038 = CARTESIAN_POINT ( 'NONE',  ( -13.41788286210068115, 13.48641401289933661, 0.5000000000000004441 ) ) ;
#3039 = CARTESIAN_POINT ( 'NONE',  ( -37.06788286210066019, -4.853020875897687541E-14, 0.000000000000000000 ) ) ;
#3040 = LINE ( 'NONE', #317, #3095 ) ;
#3041 = EDGE_LOOP ( 'NONE', ( #6038, #2214, #5924, #2751, #229 ) ) ;
#3042 = EDGE_CURVE ( 'NONE', #1612, #2293, #3492, .T. ) ;
#3043 = DIRECTION ( 'NONE',  ( -1.000000000000000000, 0.000000000000000000, 0.000000000000000000 ) ) ;
#3044 = ORIENTED_EDGE ( 'NONE', *, *, #5608, .F. ) ;
#3045 = CARTESIAN_POINT ( 'NONE',  ( -36.49635799798231517, 23.15429687499999289, 4.000000000000000000 ) ) ;
#3046 = ORIENTED_EDGE ( 'NONE', *, *, #5425, .T. ) ;
#3047 = CARTESIAN_POINT ( 'NONE',  ( 16.61788286210067511, 20.23277201088162514, 6.000000000000000000 ) ) ;
#3048 = DIRECTION ( 'NONE',  ( 1.309225264888156130E-15, -1.000000000000000000, 0.000000000000000000 ) ) ;
#3049 = LINE ( 'NONE', #726, #644 ) ;
#3050 = EDGE_CURVE ( 'NONE', #3851, #3258, #2068, .T. ) ;
#3051 = ORIENTED_EDGE ( 'NONE', *, *, #1964, .T. ) ;
#3052 = ORIENTED_EDGE ( 'NONE', *, *, #722, .F. ) ;
#3053 = CARTESIAN_POINT ( 'NONE',  ( -14.06788286210067973, 15.48641401289933661, 1.500000000000000444 ) ) ;
#3054 = CARTESIAN_POINT ( 'NONE',  ( -13.47847513588161483, 13.13641401289933697, 6.000000000000000000 ) ) ;
#3055 = EDGE_CURVE ( 'NONE', #1980, #687, #4932, .T. ) ;
#3056 = EDGE_CURVE ( 'NONE', #5855, #5767, #5768, .T. ) ;
#3057 = CARTESIAN_POINT ( 'NONE',  ( -14.06788286210068684, 20.78641401289933910, 1.500000000000000444 ) ) ;
#3058 = AXIS2_PLACEMENT_3D ( 'NONE', #5737, #1517, #2509 ) ;
#3059 = VERTEX_POINT ( 'NONE', #248 ) ;
#3060 = CARTESIAN_POINT ( 'NONE',  ( 39.25000000000000000, 23.15429687500000000, 4.000000000000000000 ) ) ;
#3061 = ORIENTED_EDGE ( 'NONE', *, *, #169, .F. ) ;
#3062 = DIRECTION ( 'NONE',  ( 1.000000000000000000, -1.734723475976806709E-18, 0.000000000000000000 ) ) ;
#3063 = DIRECTION ( 'NONE',  ( 1.000000000000000000, 0.000000000000000000, 0.000000000000000000 ) ) ;
#3064 = EDGE_CURVE ( 'NONE', #3085, #2229, #4024, .T. ) ;
#3065 = ORIENTED_EDGE ( 'NONE', *, *, #96, .F. ) ;
#3066 = EDGE_LOOP ( 'NONE', ( #4740, #5099, #2777, #1098 ) ) ;
#3067 = CARTESIAN_POINT ( 'NONE',  ( 36.58211713789932418, 20.78641401289933910, 0.5000000000000004441 ) ) ;
#3068 = DIRECTION ( 'NONE',  ( 0.000000000000000000, -0.000000000000000000, 1.000000000000000000 ) ) ;
#3069 = CYLINDRICAL_SURFACE ( 'NONE', #5930, 0.2500000000000000000 ) ;
#3070 = EDGE_CURVE ( 'NONE', #2781, #1199, #1052, .T. ) ;
#3071 = CARTESIAN_POINT ( 'NONE',  ( -37.06788286210068861, 20.78641401289933910, 0.000000000000000000 ) ) ;
#3072 = AXIS2_PLACEMENT_3D ( 'NONE', #3894, #3920, #2472 ) ;
#3073 = VERTEX_POINT ( 'NONE', #1108 ) ;
#3074 = DIRECTION ( 'NONE',  ( -0.000000000000000000, 1.000000000000000000, -0.000000000000000000 ) ) ;
#3075 = DIRECTION ( 'NONE',  ( -0.7071067811865360264, 0.5000000000000079936, -0.5000000000000083267 ) ) ;
#3076 = ORIENTED_EDGE ( 'NONE', *, *, #27, .F. ) ;
#3077 = AXIS2_PLACEMENT_3D ( 'NONE', #3331, #4310, #3445 ) ;
#3078 = CARTESIAN_POINT ( 'NONE',  ( 46.00000000000000000, 0.000000000000000000, 0.5000000000000004441 ) ) ;
#3079 = VECTOR ( 'NONE', #4461, 1000.000000000000000 ) ;
#3080 = ADVANCED_FACE ( 'NONE', ( #3527 ), #5401, .F. ) ;
#3081 =( BOUNDED_CURVE ( )  B_SPLINE_CURVE ( 3, ( #3107, #2490, #1560, #2524 ),
 .UNSPECIFIED., .F., .F. ) 
 B_SPLINE_CURVE_WITH_KNOTS ( ( 4, 4 ),
 ( 3.141592653589793116, 4.712388980384689674 ),
 .UNSPECIFIED. ) 
 CURVE ( )  GEOMETRIC_REPRESENTATION_ITEM ( )  RATIONAL_B_SPLINE_CURVE ( ( 1.000000000000000000, 0.8047378541243649375, 0.8047378541243649375, 1.000000000000000000 ) ) 
 REPRESENTATION_ITEM ( '' )  );
#3082 = DIRECTION ( 'NONE',  ( 0.000000000000000000, 0.000000000000000000, -1.000000000000000000 ) ) ;
#3083 = VECTOR ( 'NONE', #5012, 1000.000000000000000 ) ;
#3084 = FACE_OUTER_BOUND ( 'NONE', #516, .T. ) ;
#3085 = VERTEX_POINT ( 'NONE', #5371 ) ;
#3086 = VECTOR ( 'NONE', #4267, 1000.000000000000000 ) ;
#3087 = ORIENTED_EDGE ( 'NONE', *, *, #127, .F. ) ;
#3088 = DIRECTION ( 'NONE',  ( 0.000000000000000000, 0.000000000000000000, -1.000000000000000000 ) ) ;
#3089 = CARTESIAN_POINT ( 'NONE',  ( -0.000000000000000000, 25.25429687499997655, 0.000000000000000000 ) ) ;
#3090 = VECTOR ( 'NONE', #2668, 1000.000000000000000 ) ;
#3091 = PLANE ( 'NONE',  #1929 ) ;
#3092 = ORIENTED_EDGE ( 'NONE', *, *, #5526, .F. ) ;
#3093 = DIRECTION ( 'NONE',  ( -0.7071067811865479058, 0.7071067811865471286, 0.000000000000000000 ) ) ;
#3094 = ORIENTED_EDGE ( 'NONE', *, *, #3999, .T. ) ;
#3095 = VECTOR ( 'NONE', #4944, 1000.000000000000000 ) ;
#3096 = CARTESIAN_POINT ( 'NONE',  ( 30.20000000000001705, 15.45793887701771219, 2.499999999999999112 ) ) ;
#3097 = CARTESIAN_POINT ( 'NONE',  ( -38.75000000000000000, 13.15429687499999289, 4.000000000000000000 ) ) ;
#3098 = ORIENTED_EDGE ( 'NONE', *, *, #5547, .F. ) ;
#3099 = VERTEX_POINT ( 'NONE', #3031 ) ;
#3100 = CARTESIAN_POINT ( 'NONE',  ( 15.98211713789931387, 15.50448725967914676, 1.500000000000000444 ) ) ;
#3101 = CARTESIAN_POINT ( 'NONE',  ( -44.00000000000000000, 13.15429687500000355, 0.000000000000000000 ) ) ;
#3102 = EDGE_CURVE ( 'NONE', #30, #1382, #674, .T. ) ;
#3103 = DIRECTION ( 'NONE',  ( -0.000000000000000000, -0.000000000000000000, 1.000000000000000000 ) ) ;
#3104 = FACE_OUTER_BOUND ( 'NONE', #4399, .T. ) ;
#3105 = CARTESIAN_POINT ( 'NONE',  ( 31.93211713789932560, 20.80448725967914925, 0.5000000000000004441 ) ) ;
#3106 = ORIENTED_EDGE ( 'NONE', *, *, #2310, .T. ) ;
#3107 = CARTESIAN_POINT ( 'NONE',  ( -43.25000000000000000, 13.15429687500000355, 0.3499999999999999223 ) ) ;
#3108 = DIRECTION ( 'NONE',  ( 0.000000000000000000, 0.000000000000000000, -1.000000000000000000 ) ) ;
#3109 = EDGE_CURVE ( 'NONE', #3605, #891, #4606, .T. ) ;
#3110 = ORIENTED_EDGE ( 'NONE', *, *, #1906, .T. ) ;
#3111 = DIRECTION ( 'NONE',  ( -0.000000000000000000, 0.000000000000000000, 1.000000000000000000 ) ) ;
#3112 = LINE ( 'NONE', #4986, #4460 ) ;
#3113 = CARTESIAN_POINT ( 'NONE',  ( 16.61788286210067511, 20.23277201088162514, 1.500000000000000444 ) ) ;
#3114 = ORIENTED_EDGE ( 'NONE', *, *, #5711, .F. ) ;
#3115 = EDGE_CURVE ( 'NONE', #3837, #218, #278, .T. ) ;
#3116 = ORIENTED_EDGE ( 'NONE', *, *, #4153, .F. ) ;
#3117 = CARTESIAN_POINT ( 'NONE',  ( -30.01788286210068435, 20.78641401289933910, 0.5000000000000004441 ) ) ;
#3118 = VECTOR ( 'NONE', #2143, 1000.000000000000000 ) ;
#3119 =( BOUNDED_CURVE ( )  B_SPLINE_CURVE ( 3, ( #307, #4576, #5066, #6012 ),
 .UNSPECIFIED., .F., .F. ) 
 B_SPLINE_CURVE_WITH_KNOTS ( ( 4, 4 ),
 ( 1.570796326794896558, 3.141592653589793116 ),
 .UNSPECIFIED. ) 
 CURVE ( )  GEOMETRIC_REPRESENTATION_ITEM ( )  RATIONAL_B_SPLINE_CURVE ( ( 1.000000000000000000, 0.8047378541243649375, 0.8047378541243649375, 1.000000000000000000 ) ) 
 REPRESENTATION_ITEM ( '' )  );
#3120 = CARTESIAN_POINT ( 'NONE',  ( 46.25000000000000000, 24.87145416252539221, 5.217157287525393095 ) ) ;
#3121 = CARTESIAN_POINT ( 'NONE',  ( -14.06788286210067973, 15.48641401289933661, 0.5000000000000004441 ) ) ;
#3122 = ORIENTED_EDGE ( 'NONE', *, *, #4422, .T. ) ;
#3123 = CARTESIAN_POINT ( 'NONE',  ( 6.582117137899329506, 16.07582173911838908, 1.500000000000000444 ) ) ;
#3124 = ORIENTED_EDGE ( 'NONE', *, *, #1425, .F. ) ;
#3125 = DIRECTION ( 'NONE',  ( 1.000000000000000000, 4.173067663955944970E-16, 0.000000000000000000 ) ) ;
#3126 = EDGE_CURVE ( 'NONE', #3830, #6020, #5431, .T. ) ;
#3127 = LINE ( 'NONE', #5001, #5348 ) ;
#3128 = ORIENTED_EDGE ( 'NONE', *, *, #2106, .F. ) ;
#3129 = VERTEX_POINT ( 'NONE', #5028 ) ;
#3130 = LINE ( 'NONE', #1675, #3007 ) ;
#3131 = DIRECTION ( 'NONE',  ( -1.000000000000000000, 0.000000000000000000, 0.000000000000000000 ) ) ;
#3132 = CARTESIAN_POINT ( 'NONE',  ( 39.25000000000000000, 13.15429687500000355, 6.000000000000000000 ) ) ;
#3133 = CARTESIAN_POINT ( 'NONE',  ( -8.767882862100687902, 20.78641401289933910, 0.5000000000000004441 ) ) ;
#3134 = VECTOR ( 'NONE', #1252, 1000.000000000000000 ) ;
#3135 = ADVANCED_FACE ( 'NONE', ( #1234 ), #2666, .F. ) ;
#3136 = ORIENTED_EDGE ( 'NONE', *, *, #5153, .F. ) ;
#3137 = VERTEX_POINT ( 'NONE', #2230 ) ;
#3138 = CYLINDRICAL_SURFACE ( 'NONE', #1359, 0.2500000000000000000 ) ;
#3139 = CARTESIAN_POINT ( 'NONE',  ( -13.47847513588162904, 23.17217973710068080, 1.500000000000000444 ) ) ;
#3140 = EDGE_LOOP ( 'NONE', ( #1853, #3946, #5520, #2838, #4005 ) ) ;
#3141 = CARTESIAN_POINT ( 'NONE',  ( 46.00000000000000000, 0.000000000000000000, 1.500000000000000444 ) ) ;
#3142 = LINE ( 'NONE', #5906, #4853 ) ;
#3143 = EDGE_CURVE ( 'NONE', #5779, #1685, #5000, .T. ) ;
#3144 = CARTESIAN_POINT ( 'NONE',  ( -43.25000000000000000, 23.15429687500000355, 0.000000000000000000 ) ) ;
#3145 = ORIENTED_EDGE ( 'NONE', *, *, #1059, .T. ) ;
#3146 = ORIENTED_EDGE ( 'NONE', *, *, #728, .T. ) ;
#3147 = CARTESIAN_POINT ( 'NONE',  ( 30.20000000000000284, 20.85065487298230735, 2.500000000000000000 ) ) ;
#3148 = CARTESIAN_POINT ( 'NONE',  ( 46.05000000000000426, 10.85429687499999929, 0.2000000000000196065 ) ) ;
#3149 = EDGE_CURVE ( 'NONE', #1706, #571, #4052, .T. ) ;
#3150 = EDGE_LOOP ( 'NONE', ( #355, #5525, #4668, #3231, #3668 ) ) ;
#3151 = CARTESIAN_POINT ( 'NONE',  ( -30.01788286210068435, 20.78641401289933910, 0.5000000000000004441 ) ) ;
#3152 = ORIENTED_EDGE ( 'NONE', *, *, #2799, .T. ) ;
#3153 = LINE ( 'NONE', #2194, #4445 ) ;
#3154 = ORIENTED_EDGE ( 'NONE', *, *, #2084, .F. ) ;
#3155 = CARTESIAN_POINT ( 'NONE',  ( -14.06788286210067973, 15.48641401289933661, 1.500000000000000444 ) ) ;
#3156 = PLANE ( 'NONE',  #3875 ) ;
#3157 = ORIENTED_EDGE ( 'NONE', *, *, #1964, .F. ) ;
#3158 = CARTESIAN_POINT ( 'NONE',  ( 46.25000000000000000, 25.65429687500000355, 0.4000000000000114575 ) ) ;
#3159 = ADVANCED_FACE ( 'NONE', ( #5493 ), #769, .F. ) ;
#3160 = ORIENTED_EDGE ( 'NONE', *, *, #3550, .T. ) ;
#3161 = CARTESIAN_POINT ( 'NONE',  ( -29.38211713789932489, 16.07582173911839263, 2.499999999999999112 ) ) ;
#3162 = CARTESIAN_POINT ( 'NONE',  ( 8.932117137899320269, 15.48641401289933661, -2.999999999999999112 ) ) ;
#3163 = CARTESIAN_POINT ( 'NONE',  ( 15.58333333333405335, 41.32096354166701957, -30.26666666666594452 ) ) ;
#3164 = EDGE_LOOP ( 'NONE', ( #831, #1791, #2328, #5843, #2411, #612, #2571, #4291, #5245, #773 ) ) ;
#3165 = ORIENTED_EDGE ( 'NONE', *, *, #5961, .T. ) ;
#3166 = LINE ( 'NONE', #5598, #760 ) ;
#3167 = EDGE_CURVE ( 'NONE', #1413, #4263, #1299, .T. ) ;
#3168 = CARTESIAN_POINT ( 'NONE',  ( 13.69635799798229669, 23.15429687499999645, 1.500000000000000444 ) ) ;
#3169 = ORIENTED_EDGE ( 'NONE', *, *, #1285, .T. ) ;
#3170 = EDGE_CURVE ( 'NONE', #3282, #5533, #5953, .T. ) ;
#3171 = PLANE ( 'NONE',  #5532 ) ;
#3172 = LINE ( 'NONE', #2682, #915 ) ;
#3173 = VECTOR ( 'NONE', #5546, 1000.000000000000000 ) ;
#3174 = CARTESIAN_POINT ( 'NONE',  ( -45.75000000000000000, 24.87145416252537444, 5.217157287525371778 ) ) ;
#3175 = ORIENTED_EDGE ( 'NONE', *, *, #5320, .F. ) ;
#3176 = EDGE_LOOP ( 'NONE', ( #2185, #2998, #2743, #5023, #2279 ) ) ;
#3177 = VECTOR ( 'NONE', #1869, 1000.000000000000000 ) ;
#3178 = CARTESIAN_POINT ( 'NONE',  ( -45.75000000000000000, 20.85065487298230735, 2.500000000000000000 ) ) ;
#3179 = EDGE_CURVE ( 'NONE', #2775, #4865, #4085, .T. ) ;
#3180 = DIRECTION ( 'NONE',  ( -1.000000000000000000, -0.000000000000000000, -0.000000000000000000 ) ) ;
#3181 = VECTOR ( 'NONE', #4743, 1000.000000000000000 ) ;
#3182 = DIRECTION ( 'NONE',  ( 1.000000000000000000, 0.000000000000000000, 0.000000000000000000 ) ) ;
#3183 = VERTEX_POINT ( 'NONE', #2698 ) ;
#3184 = ORIENTED_EDGE ( 'NONE', *, *, #3834, .F. ) ;
#3185 = CARTESIAN_POINT ( 'NONE',  ( 45.85000000000000142, 22.40429687500000355, 6.000000000000000000 ) ) ;
#3186 = EDGE_CURVE ( 'NONE', #1002, #4187, #1702, .T. ) ;
#3187 = VECTOR ( 'NONE', #3599, 1000.000000000000000 ) ;
#3188 = DIRECTION ( 'NONE',  ( 1.000000000000000000, 4.173067663955945463E-16, 0.000000000000000000 ) ) ;
#3189 = VECTOR ( 'NONE', #3343, 1000.000000000000000 ) ;
#3190 = EDGE_LOOP ( 'NONE', ( #3021, #1225, #3953, #1174 ) ) ;
#3191 = CARTESIAN_POINT ( 'NONE',  ( -32.30364200201769620, 13.15429687499999822, 6.000000000000000000 ) ) ;
#3192 = ORIENTED_EDGE ( 'NONE', *, *, #1956, .F. ) ;
#3193 = CARTESIAN_POINT ( 'NONE',  ( 13.58211713789931530, 15.48641401289933661, 1.500000000000000444 ) ) ;
#3194 = EDGE_CURVE ( 'NONE', #4090, #264, #5985, .T. ) ;
#3195 = DIRECTION ( 'NONE',  ( -1.734723475976806709E-18, -1.000000000000000000, 0.000000000000000000 ) ) ;
#3196 = AXIS2_PLACEMENT_3D ( 'NONE', #3698, #2749, #5111 ) ;
#3197 = CARTESIAN_POINT ( 'NONE',  ( -6.382117137899323112, 16.07582173911839263, 1.500000000000000444 ) ) ;
#3198 = VECTOR ( 'NONE', #4476, 1000.000000000000000 ) ;
#3199 = DIRECTION ( 'NONE',  ( 0.000000000000000000, 1.000000000000000000, 0.000000000000000000 ) ) ;
#3200 = VERTEX_POINT ( 'NONE', #3096 ) ;
#3201 = LINE ( 'NONE', #1750, #369 ) ;
#3202 = CARTESIAN_POINT ( 'NONE',  ( 30.18211713789932560, 15.48641401289933661, 0.5000000000000004441 ) ) ;
#3203 = DIRECTION ( 'NONE',  ( -0.7071067811865469066, -0.7071067811865482389, 0.000000000000000000 ) ) ;
#3204 = FACE_OUTER_BOUND ( 'NONE', #5213, .T. ) ;
#3205 = CARTESIAN_POINT ( 'NONE',  ( 13.67847513588161412, 23.17217973710068080, 1.500000000000000444 ) ) ;
#3206 = ORIENTED_EDGE ( 'NONE', *, *, #2771, .F. ) ;
#3207 = ORIENTED_EDGE ( 'NONE', *, *, #3186, .T. ) ;
#3208 = FACE_OUTER_BOUND ( 'NONE', #3613, .T. ) ;
#3209 = PLANE ( 'NONE',  #505 ) ;
#3210 = VECTOR ( 'NONE', #5511, 1000.000000000000000 ) ;
#3212 = VERTEX_POINT ( 'NONE', #341 ) ;
#3211 = EDGE_CURVE ( 'NONE', #5329, #182, #4964, .T. ) ;
#3213 = DIRECTION ( 'NONE',  ( -0.000000000000000000, -0.000000000000000000, 1.000000000000000000 ) ) ;
#3214 = ORIENTED_EDGE ( 'NONE', *, *, #2419, .F. ) ;
#3215 = VECTOR ( 'NONE', #2921, 1000.000000000000000 ) ;
#3216 = ORIENTED_EDGE ( 'NONE', *, *, #4123, .T. ) ;
#3217 = CARTESIAN_POINT ( 'NONE',  ( 36.67847513588163366, 13.13641401289933874, 1.500000000000000444 ) ) ;
#3218 = CARTESIAN_POINT ( 'NONE',  ( -45.75000000000000000, 13.90429687500000355, 6.000000000000000000 ) ) ;
#3219 = VECTOR ( 'NONE', #3316, 1000.000000000000000 ) ;
#3220 = VECTOR ( 'NONE', #4114, 1000.000000000000000 ) ;
#3221 = AXIS2_PLACEMENT_3D ( 'NONE', #467, #5124, #896 ) ;
#3222 = EDGE_CURVE ( 'NONE', #5139, #1044, #2731, .T. ) ;
#3223 = VERTEX_POINT ( 'NONE', #6011 ) ;
#3224 = CARTESIAN_POINT ( 'NONE',  ( 36.67847513588163366, 13.13641401289933874, 1.500000000000000444 ) ) ;
#3225 = ORIENTED_EDGE ( 'NONE', *, *, #2869, .F. ) ;
#3226 = VECTOR ( 'NONE', #2444, 1000.000000000000000 ) ;
#3227 = LINE ( 'NONE', #5100, #2427 ) ;
#3228 = DIRECTION ( 'NONE',  ( -0.000000000000000000, -1.000000000000000000, -0.000000000000000000 ) ) ;
#3229 = CARTESIAN_POINT ( 'NONE',  ( 32.52152486411837629, 23.17217973710068080, 6.000000000000000000 ) ) ;
#3230 = EDGE_CURVE ( 'NONE', #1217, #4923, #1794, .T. ) ;
#3231 = ORIENTED_EDGE ( 'NONE', *, *, #4131, .F. ) ;
#3232 = VERTEX_POINT ( 'NONE', #1334 ) ;
#3233 = LINE ( 'NONE', #4553, #2548 ) ;
#3234 = CARTESIAN_POINT ( 'NONE',  ( 39.24999999999999289, 15.45793887701771219, 3.999999999999999112 ) ) ;
#3235 = DIRECTION ( 'NONE',  ( 0.000000000000000000, -1.000000000000000000, 0.000000000000000000 ) ) ;
#3236 = CARTESIAN_POINT ( 'NONE',  ( -38.75000000000000000, 22.40429687500000355, 1.000000000000000000 ) ) ;
#3237 = DIRECTION ( 'NONE',  ( 0.5773502691896458261, 0.5773502691896258421, 0.5773502691896057470 ) ) ;
#3238 = ORIENTED_EDGE ( 'NONE', *, *, #3366, .T. ) ;
#3239 = VERTEX_POINT ( 'NONE', #3217 ) ;
#3240 = CARTESIAN_POINT ( 'NONE',  ( 39.25000000000000000, 22.40429687500000355, 1.000000000000000000 ) ) ;
#3241 = CARTESIAN_POINT ( 'NONE',  ( 39.25000000000000000, 20.85065487298230735, 4.000000000000000000 ) ) ;
#3242 = EDGE_CURVE ( 'NONE', #3750, #5400, #5094, .T. ) ;
#3243 = ORIENTED_EDGE ( 'NONE', *, *, #5425, .F. ) ;
#3244 = CARTESIAN_POINT ( 'NONE',  ( -45.75000000000000000, 15.45793887701771219, 3.999999999999999112 ) ) ;
#3245 = ORIENTED_EDGE ( 'NONE', *, *, #3028, .F. ) ;
#3246 = VERTEX_POINT ( 'NONE', #2639 ) ;
#3247 = DIRECTION ( 'NONE',  ( 0.000000000000000000, -0.000000000000000000, 1.000000000000000000 ) ) ;
#3248 = ADVANCED_FACE ( 'NONE', ( #6042 ), #4507, .F. ) ;
#3249 = CARTESIAN_POINT ( 'NONE',  ( 13.58211713789931530, 15.48641401289933661, 0.5000000000000004441 ) ) ;
#3250 = ORIENTED_EDGE ( 'NONE', *, *, #5366, .F. ) ;
#3251 = CARTESIAN_POINT ( 'NONE',  ( -36.41788286210068293, 13.48641401289933661, 0.5000000000000004441 ) ) ;
#3252 = VERTEX_POINT ( 'NONE', #83 ) ;
#3253 = CARTESIAN_POINT ( 'NONE',  ( 13.58211713789931530, 20.78641401289933910, 0.5000000000000004441 ) ) ;
#3254 = EDGE_CURVE ( 'NONE', #2064, #393, #5150, .T. ) ;
#3255 = DIRECTION ( 'NONE',  ( -8.896017825522088106E-17, 1.000000000000000000, 0.000000000000000000 ) ) ;
#3256 = DIRECTION ( 'NONE',  ( -0.7071067811865466846, -0.7071067811865483499, 0.000000000000000000 ) ) ;
#3257 = CARTESIAN_POINT ( 'NONE',  ( -32.41788286210068293, 20.78641401289933910, 1.500000000000000444 ) ) ;
#3258 = VERTEX_POINT ( 'NONE', #4749 ) ;
#3259 = LINE ( 'NONE', #1349, #1650 ) ;
#3260 = CARTESIAN_POINT ( 'NONE',  ( -31.76788286210068790, 15.50448725967914676, 0.5000000000000004441 ) ) ;
#3261 = VECTOR ( 'NONE', #1480, 1000.000000000000000 ) ;
#3262 = EDGE_CURVE ( 'NONE', #4571, #4210, #5704, .T. ) ;
#3263 = PLANE ( 'NONE',  #4260 ) ;
#3264 = CARTESIAN_POINT ( 'NONE',  ( -13.41788286210068115, 13.48641401289933661, 0.5000000000000004441 ) ) ;
#3265 = VECTOR ( 'NONE', #2228, 1000.000000000000000 ) ;
#3266 = CARTESIAN_POINT ( 'NONE',  ( -16.41788286210066872, 16.07582173911838908, 4.000000000000000000 ) ) ;
#3267 = ORIENTED_EDGE ( 'NONE', *, *, #2225, .F. ) ;
#3268 = CARTESIAN_POINT ( 'NONE',  ( -38.75000000000000000, 15.40793887701771858, 1.500000000000000444 ) ) ;
#3269 = ORIENTED_EDGE ( 'NONE', *, *, #1564, .T. ) ;
#3270 = DIRECTION ( 'NONE',  ( 0.000000000000000000, -0.000000000000000000, 1.000000000000000000 ) ) ;
#3271 = EDGE_CURVE ( 'NONE', #1479, #30, #4664, .T. ) ;
#3272 = LINE ( 'NONE', #4689, #3669 ) ;
#3273 = EDGE_CURVE ( 'NONE', #2321, #3073, #1454, .T. ) ;
#3274 = CARTESIAN_POINT ( 'NONE',  ( 45.85000000000000142, 10.65429687500000355, 6.000000000000000000 ) ) ;
#3275 = ORIENTED_EDGE ( 'NONE', *, *, #104, .F. ) ;
#3276 = AXIS2_PLACEMENT_3D ( 'NONE', #5271, #146, #3984 ) ;
#3277 = ORIENTED_EDGE ( 'NONE', *, *, #3401, .F. ) ;
#3278 = LINE ( 'NONE', #6098, #5433 ) ;
#3279 = VECTOR ( 'NONE', #2558, 1000.000000000000000 ) ;
#3280 = DIRECTION ( 'NONE',  ( 1.000000000000000000, 0.000000000000000000, -0.000000000000000000 ) ) ;
#3281 = VECTOR ( 'NONE', #1876, 1000.000000000000000 ) ;
#3282 = VERTEX_POINT ( 'NONE', #4723 ) ;
#3283 = FACE_OUTER_BOUND ( 'NONE', #4528, .T. ) ;
#3284 = ORIENTED_EDGE ( 'NONE', *, *, #3109, .T. ) ;
#3285 = AXIS2_PLACEMENT_3D ( 'NONE', #5347, #4943, #716 ) ;
#3286 = CARTESIAN_POINT ( 'NONE',  ( 31.93211713789932560, 15.48641401289933661, 0.5000000000000004441 ) ) ;
#3287 = CARTESIAN_POINT ( 'NONE',  ( -36.41788286210068293, 20.78641401289933910, 0.5000000000000004441 ) ) ;
#3288 = DIRECTION ( 'NONE',  ( 0.000000000000000000, 1.000000000000000000, -0.000000000000000000 ) ) ;
#3289 = VECTOR ( 'NONE', #2874, 1000.000000000000000 ) ;
#3290 = LINE ( 'NONE', #6051, #1536 ) ;
#3291 = EDGE_LOOP ( 'NONE', ( #3046, #845, #2199, #4597 ) ) ;
#3292 = EDGE_CURVE ( 'NONE', #2489, #1816, #517, .T. ) ;
#3293 = LINE ( 'NONE', #2889, #270 ) ;
#3294 = PLANE ( 'NONE',  #147 ) ;
#3295 = VECTOR ( 'NONE', #2615, 1000.000000000000000 ) ;
#3296 = VECTOR ( 'NONE', #2606, 1000.000000000000000 ) ;
#3297 = CARTESIAN_POINT ( 'NONE',  ( 16.61788286210067511, 16.07582173911839263, 2.499999999999999112 ) ) ;
#3298 = DIRECTION ( 'NONE',  ( -0.000000000000000000, 0.000000000000000000, 1.000000000000000000 ) ) ;
#3299 = AXIS2_PLACEMENT_3D ( 'NONE', #4327, #91, #967 ) ;
#3300 = EDGE_CURVE ( 'NONE', #2587, #4405, #5613, .T. ) ;
#3301 = CARTESIAN_POINT ( 'NONE',  ( 8.932117137899320269, 20.80448725967914925, 0.5000000000000004441 ) ) ;
#3302 = ORIENTED_EDGE ( 'NONE', *, *, #1898, .F. ) ;
#3303 = PLANE ( 'NONE',  #3077 ) ;
#3304 = ORIENTED_EDGE ( 'NONE', *, *, #691, .T. ) ;
#3305 = LINE ( 'NONE', #5667, #5926 ) ;
#3306 = EDGE_CURVE ( 'NONE', #3099, #3567, #5644, .T. ) ;
#3307 = DIRECTION ( 'NONE',  ( 0.000000000000000000, -1.000000000000000000, 0.000000000000000000 ) ) ;
#3308 = EDGE_LOOP ( 'NONE', ( #4541, #5829, #804, #4283 ) ) ;
#3309 = ORIENTED_EDGE ( 'NONE', *, *, #2823, .T. ) ;
#3310 = DIRECTION ( 'NONE',  ( 1.000000000000000000, 4.173067663955945463E-16, 0.000000000000000000 ) ) ;
#3311 = CARTESIAN_POINT ( 'NONE',  ( -15.79999999999999538, 20.85065487298230735, 4.000000000000000000 ) ) ;
#3312 = VERTEX_POINT ( 'NONE', #5584 ) ;
#3313 = VECTOR ( 'NONE', #5059, 1000.000000000000114 ) ;
#3314 = FACE_OUTER_BOUND ( 'NONE', #4626, .T. ) ;
#3315 = ORIENTED_EDGE ( 'NONE', *, *, #1457, .F. ) ;
#3316 = DIRECTION ( 'NONE',  ( 0.7071067811865469066, 0.7071067811865482389, 0.000000000000000000 ) ) ;
#3317 = VECTOR ( 'NONE', #2018, 1000.000000000000000 ) ;
#3318 = DIRECTION ( 'NONE',  ( 0.7071067811865479058, -0.7071067811865471286, -1.137307002876284959E-16 ) ) ;
#3319 = VECTOR ( 'NONE', #2594, 1000.000000000000000 ) ;
#3320 = FACE_OUTER_BOUND ( 'NONE', #4173, .T. ) ;
#3321 = ADVANCED_FACE ( 'NONE', ( #3799 ), #4695, .F. ) ;
#3322 = LINE ( 'NONE', #497, #1040 ) ;
#3323 = ORIENTED_EDGE ( 'NONE', *, *, #1475, .T. ) ;
#3324 = DIRECTION ( 'NONE',  ( -0.000000000000000000, 0.000000000000000000, 1.000000000000000000 ) ) ;
#3325 = LINE ( 'NONE', #563, #3017 ) ;
#3326 = LINE ( 'NONE', #4822, #2197 ) ;
#3327 = EDGE_CURVE ( 'NONE', #49, #2371, #488, .T. ) ;
#3328 = CARTESIAN_POINT ( 'NONE',  ( -13.41788286210068115, 20.78641401289933910, 1.500000000000000444 ) ) ;
#3329 = DIRECTION ( 'NONE',  ( 0.000000000000000000, 1.000000000000000000, 0.000000000000000000 ) ) ;
#3330 = VERTEX_POINT ( 'NONE', #4288 ) ;
#3331 = CARTESIAN_POINT ( 'NONE',  ( 32.52152486411839050, 13.13641401289933697, 1.500000000000000444 ) ) ;
#3332 = EDGE_LOOP ( 'NONE', ( #1858, #3766, #5804, #5849 ) ) ;
#3333 = AXIS2_PLACEMENT_3D ( 'NONE', #93, #533, #5625 ) ;
#3334 = FACE_OUTER_BOUND ( 'NONE', #3641, .T. ) ;
#3335 = EDGE_CURVE ( 'NONE', #5344, #3444, #2354, .T. ) ;
#3336 = UNCERTAINTY_MEASURE_WITH_UNIT (LENGTH_MEASURE( 1.000000000000000082E-05 ), #6019, 'distance_accuracy_value', 'NONE');
#3337 = VECTOR ( 'NONE', #1580, 1000.000000000000114 ) ;
#3338 = CARTESIAN_POINT ( 'NONE',  ( -45.75000000000000000, 25.25429687500001918, 6.000000000000000000 ) ) ;
#3339 = ORIENTED_EDGE ( 'NONE', *, *, #1443, .T. ) ;
#3340 = ORIENTED_EDGE ( 'NONE', *, *, #3050, .F. ) ;
#3341 = DIRECTION ( 'NONE',  ( -1.000000000000000000, 0.000000000000000000, 0.000000000000000000 ) ) ;
#3342 = EDGE_CURVE ( 'NONE', #1184, #2321, #1880, .T. ) ;
#3343 = DIRECTION ( 'NONE',  ( -0.5773502691896458261, -0.5773502691896258421, 0.5773502691896057470 ) ) ;
#3344 = ORIENTED_EDGE ( 'NONE', *, *, #266, .T. ) ;
#3345 = CARTESIAN_POINT ( 'NONE',  ( -36.47847513588163082, 23.17217973710068080, 6.000000000000000000 ) ) ;
#3346 = ORIENTED_EDGE ( 'NONE', *, *, #2335, .F. ) ;
#3347 = LINE ( 'NONE', #1395, #3690 ) ;
#3348 = LINE ( 'NONE', #5218, #3086 ) ;
#3349 = DATE_AND_TIME ( #2514, #5946 ) ;
#3350 = FACE_OUTER_BOUND ( 'NONE', #3575, .T. ) ;
#3351 = EDGE_CURVE ( 'NONE', #1004, #4027, #3832, .T. ) ;
#3352 = ORIENTED_EDGE ( 'NONE', *, *, #1917, .T. ) ;
#3353 = CARTESIAN_POINT ( 'NONE',  ( -45.75000000000000000, 22.40429687500000711, 6.000000000000000000 ) ) ;
#3354 = PLANE ( 'NONE',  #1535 ) ;
#3355 = DIRECTION ( 'NONE',  ( -1.000000000000000000, -8.896017825522088106E-17, 0.000000000000000000 ) ) ;
#3356 = CARTESIAN_POINT ( 'NONE',  ( 32.58211713789932418, 20.78641401289933910, 0.5000000000000004441 ) ) ;
#3357 = ORIENTED_EDGE ( 'NONE', *, *, #4705, .T. ) ;
#3358 = LINE ( 'NONE', #5291, #3800 ) ;
#3359 = VERTEX_POINT ( 'NONE', #3368 ) ;
#3360 = PLANE ( 'NONE',  #4937 ) ;
#3361 = ADVANCED_FACE ( 'NONE', ( #4230 ), #4257, .F. ) ;
#3362 = ORIENTED_EDGE ( 'NONE', *, *, #5555, .F. ) ;
#3363 = DIRECTION ( 'NONE',  ( -0.000000000000000000, 0.000000000000000000, 1.000000000000000000 ) ) ;
#3364 = DIRECTION ( 'NONE',  ( 0.000000000000000000, 0.7071067811865465735, -0.7071067811865483499 ) ) ;
#3365 = ORIENTED_EDGE ( 'NONE', *, *, #352, .T. ) ;
#3366 = EDGE_CURVE ( 'NONE', #1726, #4813, #5121, .T. ) ;
#3367 = VERTEX_POINT ( 'NONE', #1014 ) ;
#3368 = CARTESIAN_POINT ( 'NONE',  ( -37.06788286210068151, 20.78641401289933910, 0.5000000000000004441 ) ) ;
#3369 = CARTESIAN_POINT ( 'NONE',  ( -9.321524864118385878, 23.17217973710068080, 1.500000000000000444 ) ) ;
#3370 = DIRECTION ( 'NONE',  ( 0.000000000000000000, -0.000000000000000000, 1.000000000000000000 ) ) ;
#3371 = VECTOR ( 'NONE', #3519, 1000.000000000000000 ) ;
#3372 = ORIENTED_EDGE ( 'NONE', *, *, #5259, .F. ) ;
#3373 = EDGE_CURVE ( 'NONE', #3938, #2963, #3278, .T. ) ;
#3374 = LINE ( 'NONE', #2878, #5478 ) ;
#3375 = ORIENTED_EDGE ( 'NONE', *, *, #3000, .T. ) ;
#3376 = AXIS2_PLACEMENT_3D ( 'NONE', #3420, #509, #1904 ) ;
#3377 = DIRECTION ( 'NONE',  ( 0.000000000000000000, 1.000000000000000000, 0.000000000000000000 ) ) ;
#3378 = VECTOR ( 'NONE', #5875, 1000.000000000000000 ) ;
#3379 = CARTESIAN_POINT ( 'NONE',  ( -13.47847513588161483, 13.13641401289933697, 1.500000000000000444 ) ) ;
#3380 = VECTOR ( 'NONE', #361, 1000.000000000000000 ) ;
#3381 = ORIENTED_EDGE ( 'NONE', *, *, #835, .T. ) ;
#3382 = EDGE_CURVE ( 'NONE', #1384, #202, #25, .T. ) ;
#3383 = LINE ( 'NONE', #1867, #1758 ) ;
#3384 = LINE ( 'NONE', #971, #4282 ) ;
#3385 = FACE_OUTER_BOUND ( 'NONE', #2649, .T. ) ;
#3386 = VECTOR ( 'NONE', #3063, 1000.000000000000000 ) ;
#3387 = FACE_OUTER_BOUND ( 'NONE', #1533, .T. ) ;
#3388 = ORIENTED_EDGE ( 'NONE', *, *, #3687, .F. ) ;
#3389 = CARTESIAN_POINT ( 'NONE',  ( -9.417882862100684704, 13.48641401289933661, 1.500000000000000444 ) ) ;
#3390 = ORIENTED_EDGE ( 'NONE', *, *, #1372, .F. ) ;
#3391 = VECTOR ( 'NONE', #6058, 1000.000000000000000 ) ;
#3392 = FACE_OUTER_BOUND ( 'NONE', #539, .T. ) ;
#3393 = VERTEX_POINT ( 'NONE', #551 ) ;
#3394 = CARTESIAN_POINT ( 'NONE',  ( -13.47847513588162904, 23.17217973710068080, 1.500000000000000444 ) ) ;
#3395 = DIRECTION ( 'NONE',  ( 1.000000000000000000, -0.000000000000000000, 0.000000000000000000 ) ) ;
#3396 = ORIENTED_EDGE ( 'NONE', *, *, #586, .T. ) ;
#3397 = ORIENTED_EDGE ( 'NONE', *, *, #2171, .T. ) ;
#3398 = PLANE ( 'NONE',  #2782 ) ;
#3399 = VECTOR ( 'NONE', #4635, 1000.000000000000000 ) ;
#3400 = CARTESIAN_POINT ( 'NONE',  ( -13.41788286210068115, 20.78641401289933910, 0.5000000000000004441 ) ) ;
#3401 = EDGE_CURVE ( 'NONE', #1991, #5437, #4203, .T. ) ;
#3402 = VERTEX_POINT ( 'NONE', #5301 ) ;
#3403 = CARTESIAN_POINT ( 'NONE',  ( -37.06788286210068861, 20.78641401289933910, 1.500000000000000444 ) ) ;
#3404 = ORIENTED_EDGE ( 'NONE', *, *, #5326, .F. ) ;
#3405 = CARTESIAN_POINT ( 'NONE',  ( -36.41788286210068293, 22.78641401289933910, 1.500000000000000444 ) ) ;
#3406 = CARTESIAN_POINT ( 'NONE',  ( 39.25000000000000000, 20.60065487298230735, 1.500000000000000444 ) ) ;
#3407 = PERSON_AND_ORGANIZATION ( #684, #2212 ) ;
#3408 = VECTOR ( 'NONE', #479, 1000.000000000000000 ) ;
#3409 = VERTEX_POINT ( 'NONE', #2964 ) ;
#3410 = DIRECTION ( 'NONE',  ( 0.000000000000000000, 1.000000000000000000, 0.000000000000000000 ) ) ;
#3411 = PLANE ( 'NONE',  #5967 ) ;
#3412 = AXIS2_PLACEMENT_3D ( 'NONE', #4977, #1403, #3923 ) ;
#3413 = CARTESIAN_POINT ( 'NONE',  ( -7.017882862100685237, 20.78641401289933910, 0.5000000000000004441 ) ) ;
#3414 = EDGE_CURVE ( 'NONE', #1044, #5062, #1072, .T. ) ;
#3415 = CARTESIAN_POINT ( 'NONE',  ( -45.75000000000000000, 13.90429687500000355, 1.000000000000000000 ) ) ;
#3416 = ORIENTED_EDGE ( 'NONE', *, *, #407, .F. ) ;
#3417 = VECTOR ( 'NONE', #2693, 1000.000000000000000 ) ;
#3418 = DIRECTION ( 'NONE',  ( -0.000000000000000000, -1.000000000000000000, -0.000000000000000000 ) ) ;
#3419 = ORIENTED_EDGE ( 'NONE', *, *, #4037, .T. ) ;
#3420 = CARTESIAN_POINT ( 'NONE',  ( -9.417882862100684704, 15.48641401289933661, 0.5000000000000004441 ) ) ;
#3421 = VERTEX_POINT ( 'NONE', #1132 ) ;
#3422 = FACE_OUTER_BOUND ( 'NONE', #1106, .T. ) ;
#3423 = LINE ( 'NONE', #3890, #1138 ) ;
#3424 = VERTEX_POINT ( 'NONE', #2471 ) ;
#3425 = ORIENTED_EDGE ( 'NONE', *, *, #1275, .T. ) ;
#3426 = DIRECTION ( 'NONE',  ( 0.000000000000000000, -1.000000000000000000, 0.000000000000000000 ) ) ;
#3427 = PLANE ( 'NONE',  #4161 ) ;
#3428 = EDGE_CURVE ( 'NONE', #3820, #3232, #2598, .T. ) ;
#3429 = ORIENTED_EDGE ( 'NONE', *, *, #3211, .T. ) ;
#3430 = CARTESIAN_POINT ( 'NONE',  ( 36.67847513588161945, 23.17217973710068080, 1.500000000000000444 ) ) ;
#3431 = ORIENTED_EDGE ( 'NONE', *, *, #2679, .F. ) ;
#3432 = PLANE ( 'NONE',  #4372 ) ;
#3433 = EDGE_CURVE ( 'NONE', #180, #2658, #5817, .T. ) ;
#3434 = LINE ( 'NONE', #3379, #6027 ) ;
#3435 = PERSON_AND_ORGANIZATION ( #684, #2212 ) ;
#3436 = ORIENTED_EDGE ( 'NONE', *, *, #3446, .F. ) ;
#3437 = CARTESIAN_POINT ( 'NONE',  ( 36.58211713789932418, 22.78641401289933910, 1.500000000000000444 ) ) ;
#3438 = CARTESIAN_POINT ( 'NONE',  ( -8.767882862100687902, 15.48641401289933661, -2.999999999999999112 ) ) ;
#3439 = EDGE_CURVE ( 'NONE', #4604, #994, #3484, .T. ) ;
#3440 = CARTESIAN_POINT ( 'NONE',  ( 16.61788286210067511, 20.23277201088162514, 1.500000000000000444 ) ) ;
#3441 = DIRECTION ( 'NONE',  ( -1.000000000000000000, 0.000000000000000000, 0.000000000000000000 ) ) ;
#3442 = ORIENTED_EDGE ( 'NONE', *, *, #682, .T. ) ;
#3443 = CARTESIAN_POINT ( 'NONE',  ( 37.23211713789931565, 15.50448725967914676, 1.500000000000000444 ) ) ;
#3444 = VERTEX_POINT ( 'NONE', #2939 ) ;
#3445 = DIRECTION ( 'NONE',  ( 1.000000000000000000, 4.173067663955944970E-16, 0.000000000000000000 ) ) ;
#3446 = EDGE_CURVE ( 'NONE', #2174, #4433, #1569, .T. ) ;
#3447 = VERTEX_POINT ( 'NONE', #3893 ) ;
#3448 = CARTESIAN_POINT ( 'NONE',  ( -43.25000000000000000, 23.15429687500000355, 0.5999999999999999778 ) ) ;
#3449 = CARTESIAN_POINT ( 'NONE',  ( 13.67847513588162833, 13.13641401289933874, 6.000000000000000000 ) ) ;
#3450 = ORIENTED_EDGE ( 'NONE', *, *, #3969, .T. ) ;
#3451 = ORIENTED_EDGE ( 'NONE', *, *, #2853, .F. ) ;
#3452 = CARTESIAN_POINT ( 'NONE',  ( 14.23211713789931210, 15.48641401289933661, 0.000000000000000000 ) ) ;
#3453 = FACE_OUTER_BOUND ( 'NONE', #4819, .T. ) ;
#3454 = CARTESIAN_POINT ( 'NONE',  ( -14.06788286210065841, -4.853020875897687541E-14, 0.000000000000000000 ) ) ;
#3455 = VERTEX_POINT ( 'NONE', #3452 ) ;
#3456 = DIRECTION ( 'NONE',  ( 0.000000000000000000, 0.7071067811865465735, -0.7071067811865483499 ) ) ;
#3457 = ORIENTED_EDGE ( 'NONE', *, *, #4212, .T. ) ;
#3458 = DIRECTION ( 'NONE',  ( -0.7071067811865469066, -0.7071067811865482389, 0.000000000000000000 ) ) ;
#3459 = DIRECTION ( 'NONE',  ( -0.000000000000000000, 1.000000000000000000, -0.000000000000000000 ) ) ;
#3460 = CALENDAR_DATE ( 2025, 1, 8 ) ;
#3461 = VERTEX_POINT ( 'NONE', #3024 ) ;
#3462 = ORIENTED_EDGE ( 'NONE', *, *, #5187, .F. ) ;
#3463 = DIRECTION ( 'NONE',  ( 0.000000000000000000, 1.000000000000000000, 0.000000000000000000 ) ) ;
#3464 = VECTOR ( 'NONE', #4812, 1000.000000000000000 ) ;
#3465 = CARTESIAN_POINT ( 'NONE',  ( -9.417882862100684704, 15.48641401289933661, 1.500000000000000444 ) ) ;
#3466 = VECTOR ( 'NONE', #4647, 1000.000000000000000 ) ;
#3467 = CARTESIAN_POINT ( 'NONE',  ( -43.75000000000000000, 23.15429687500000000, 0.4964466094067262469 ) ) ;
#3468 = CARTESIAN_POINT ( 'NONE',  ( -8.767882862100687902, 15.50448725967914676, 1.500000000000000444 ) ) ;
#3469 = VECTOR ( 'NONE', #2934, 1000.000000000000000 ) ;
#3470 = ADVANCED_FACE ( 'NONE', ( #4899 ), #4811, .F. ) ;
#3471 = ORIENTED_EDGE ( 'NONE', *, *, #4266, .F. ) ;
#3472 = CARTESIAN_POINT ( 'NONE',  ( 0.000000000000000000, 0.000000000000000000, 4.000000000000000000 ) ) ;
#3473 = ORIENTED_EDGE ( 'NONE', *, *, #5398, .F. ) ;
#3474 = DIRECTION ( 'NONE',  ( -0.000000000000000000, -0.000000000000000000, 1.000000000000000000 ) ) ;
#3475 = ORIENTED_EDGE ( 'NONE', *, *, #4131, .T. ) ;
#3476 = VECTOR ( 'NONE', #6080, 1000.000000000000000 ) ;
#3477 = CARTESIAN_POINT ( 'NONE',  ( -9.417882862100684704, 15.48641401289933661, 0.5000000000000004441 ) ) ;
#3478 = DIRECTION ( 'NONE',  ( -0.000000000000000000, -0.000000000000000000, 1.000000000000000000 ) ) ;
#3479 = EDGE_CURVE ( 'NONE', #1384, #2094, #3919, .T. ) ;
#3480 = VECTOR ( 'NONE', #5242, 1000.000000000000000 ) ;
#3481 = LINE ( 'NONE', #5908, #258 ) ;
#3482 = EDGE_LOOP ( 'NONE', ( #5466, #3128, #5753, #2378 ) ) ;
#3483 = ORIENTED_EDGE ( 'NONE', *, *, #1102, .T. ) ;
#3484 = LINE ( 'NONE', #1598, #1792 ) ;
#3486 = DIRECTION ( 'NONE',  ( -0.000000000000000000, -1.000000000000000000, -0.000000000000000000 ) ) ;
#3485 = AXIS2_PLACEMENT_3D ( 'NONE', #4913, #3537, #5037 ) ;
#3487 = ADVANCED_FACE ( 'NONE', ( #205 ), #577, .F. ) ;
#3488 = DIRECTION ( 'NONE',  ( 1.000000000000000000, 4.173067663955945463E-16, 0.000000000000000000 ) ) ;
#3489 = ORIENTED_EDGE ( 'NONE', *, *, #137, .T. ) ;
#3490 = CARTESIAN_POINT ( 'NONE',  ( -7.017882862100685237, 20.78641401289933910, 0.5000000000000004441 ) ) ;
#3491 = EDGE_LOOP ( 'NONE', ( #2722, #3145, #3494, #1405 ) ) ;
#3492 = LINE ( 'NONE', #5794, #3296 ) ;
#3493 = FACE_OUTER_BOUND ( 'NONE', #1021, .T. ) ;
#3494 = ORIENTED_EDGE ( 'NONE', *, *, #1641, .T. ) ;
#3495 = ORIENTED_EDGE ( 'NONE', *, *, #5814, .F. ) ;
#3496 = FACE_OUTER_BOUND ( 'NONE', #2937, .T. ) ;
#3497 = CARTESIAN_POINT ( 'NONE',  ( -45.75000000000000000, 18.93713958747462556, 12.71715728752537977 ) ) ;
#3498 = CARTESIAN_POINT ( 'NONE',  ( -37.06788286210068151, 15.48641401289933661, 1.000000000000000000 ) ) ;
#3499 = FACE_BOUND ( 'NONE', #5582, .T. ) ;
#3500 = EDGE_CURVE ( 'NONE', #5422, #1271, #3982, .T. ) ;
#3501 = VECTOR ( 'NONE', #3341, 1000.000000000000000 ) ;
#3502 = EDGE_LOOP ( 'NONE', ( #1969, #4714, #1597, #1339, #5019 ) ) ;
#3503 = CARTESIAN_POINT ( 'NONE',  ( -45.15925643016947788, 10.46355330516946225, 5.079008573559242734 ) ) ;
#3504 = ORIENTED_EDGE ( 'NONE', *, *, #844, .F. ) ;
#3505 = VECTOR ( 'NONE', #5427, 1000.000000000000000 ) ;
#3506 = DIRECTION ( 'NONE',  ( 0.000000000000000000, 0.000000000000000000, 1.000000000000000000 ) ) ;
#3507 = ORIENTED_EDGE ( 'NONE', *, *, #5280, .T. ) ;
#3508 = ADVANCED_FACE ( 'NONE', ( #697 ), #3398, .F. ) ;
#3509 = DIRECTION ( 'NONE',  ( 0.000000000000000000, -0.000000000000000000, 1.000000000000000000 ) ) ;
#3510 = AXIS2_PLACEMENT_3D ( 'NONE', #806, #5561, #6048 ) ;
#3511 = EDGE_CURVE ( 'NONE', #687, #4027, #2991, .T. ) ;
#3512 =( BOUNDED_CURVE ( )  B_SPLINE_CURVE ( 3, ( #226, #259, #3467, #2673 ),
 .UNSPECIFIED., .F., .F. ) 
 B_SPLINE_CURVE_WITH_KNOTS ( ( 4, 4 ),
 ( 1.570796326794896558, 3.141592653589793116 ),
 .UNSPECIFIED. ) 
 CURVE ( )  GEOMETRIC_REPRESENTATION_ITEM ( )  RATIONAL_B_SPLINE_CURVE ( ( 1.000000000000000000, 0.8047378541243649375, 0.8047378541243649375, 1.000000000000000000 ) ) 
 REPRESENTATION_ITEM ( '' )  );
#3513 = DIRECTION ( 'NONE',  ( 1.000000000000000000, 1.334402673828313339E-16, -0.000000000000000000 ) ) ;
#3514 = VECTOR ( 'NONE', #3795, 1000.000000000000000 ) ;
#3515 = DIRECTION ( 'NONE',  ( 0.7071067811865479058, -0.7071067811865471286, -1.137307002876284959E-16 ) ) ;
#3516 = ORIENTED_EDGE ( 'NONE', *, *, #3928, .F. ) ;
#3517 = VECTOR ( 'NONE', #4236, 1000.000000000000000 ) ;
#3518 = ORIENTED_EDGE ( 'NONE', *, *, #2734, .T. ) ;
#3519 = DIRECTION ( 'NONE',  ( 0.7071067811865479058, -0.7071067811865471286, 0.000000000000000000 ) ) ;
#3520 = ADVANCED_FACE ( 'NONE', ( #1163 ), #4468, .F. ) ;
#3521 = DIRECTION ( 'NONE',  ( -1.000000000000000000, -0.000000000000000000, -0.000000000000000000 ) ) ;
#3522 = VECTOR ( 'NONE', #3074, 1000.000000000000000 ) ;
#3523 = CARTESIAN_POINT ( 'NONE',  ( -13.41788286210068115, 20.78641401289933910, 0.5000000000000004441 ) ) ;
#3524 = VERTEX_POINT ( 'NONE', #5731 ) ;
#3525 = PLANE ( 'NONE',  #3058 ) ;
#3526 = ORIENTED_EDGE ( 'NONE', *, *, #4043, .T. ) ;
#3527 = FACE_OUTER_BOUND ( 'NONE', #4250, .T. ) ;
#3528 = ADVANCED_FACE ( 'NONE', ( #4925 ), #4379, .F. ) ;
#3529 = DIRECTION ( 'NONE',  ( -1.000000000000000000, -0.000000000000000000, -0.000000000000000000 ) ) ;
#3530 = ORIENTED_EDGE ( 'NONE', *, *, #5180, .F. ) ;
#3531 = ORIENTED_EDGE ( 'NONE', *, *, #1379, .F. ) ;
#3532 = AXIS2_PLACEMENT_3D ( 'NONE', #2425, #4303, #3324 ) ;
#3533 = DIRECTION ( 'NONE',  ( -0.000000000000000000, 1.000000000000000000, -0.000000000000000000 ) ) ;
#3534 = CARTESIAN_POINT ( 'NONE',  ( 9.582117137899318848, 22.78641401289933910, 1.500000000000000444 ) ) ;
#3535 = EDGE_CURVE ( 'NONE', #1734, #5125, #5270, .T. ) ;
#3536 = LINE ( 'NONE', #3039, #3187 ) ;
#3537 = DIRECTION ( 'NONE',  ( 2.790120544412971957E-34, 1.608394988049539567E-16, -1.000000000000000000 ) ) ;
#3538 = ORIENTED_EDGE ( 'NONE', *, *, #2610, .F. ) ;
#3539 = DIRECTION ( 'NONE',  ( -0.7071067811865469066, -0.7071067811865482389, 0.000000000000000000 ) ) ;
#3540 = ORIENTED_EDGE ( 'NONE', *, *, #178, .F. ) ;
#3541 = CARTESIAN_POINT ( 'NONE',  ( -38.75000000000000000, 13.90429687500000355, 6.000000000000000000 ) ) ;
#3542 = ORIENTED_EDGE ( 'NONE', *, *, #3895, .T. ) ;
#3543 = DIRECTION ( 'NONE',  ( 1.000000000000000000, 0.000000000000000000, 0.000000000000000000 ) ) ;
#3544 = PLANE ( 'NONE',  #3196 ) ;
#3545 = DIRECTION ( 'NONE',  ( -0.000000000000000000, -1.000000000000000000, -0.000000000000000000 ) ) ;
#3546 = ORIENTED_EDGE ( 'NONE', *, *, #3928, .T. ) ;
#3547 = ORIENTED_EDGE ( 'NONE', *, *, #2703, .T. ) ;
#3548 = LINE ( 'NONE', #730, #2483 ) ;
#3549 = LINE ( 'NONE', #1664, #3566 ) ;
#3550 = EDGE_CURVE ( 'NONE', #1254, #4360, #2033, .T. ) ;
#3551 = CARTESIAN_POINT ( 'NONE',  ( 9.582117137899318848, 20.78641401289933910, 1.500000000000000444 ) ) ;
#3552 = ORIENTED_EDGE ( 'NONE', *, *, #5339, .F. ) ;
#3553 = CARTESIAN_POINT ( 'NONE',  ( -38.75000000000000000, 13.15429687499999289, 6.000000000000000000 ) ) ;
#3554 = ORIENTED_EDGE ( 'NONE', *, *, #4043, .F. ) ;
#3555 = DIRECTION ( 'NONE',  ( 1.000000000000000000, -0.000000000000000000, -0.000000000000000000 ) ) ;
#3556 = FACE_OUTER_BOUND ( 'NONE', #2008, .T. ) ;
#3557 = ORIENTED_EDGE ( 'NONE', *, *, #112, .F. ) ;
#3558 = EDGE_CURVE ( 'NONE', #4155, #2210, #4958, .T. ) ;
#3559 = VERTEX_POINT ( 'NONE', #4139 ) ;
#3560 = PLANE ( 'NONE',  #2918 ) ;
#3561 = CARTESIAN_POINT ( 'NONE',  ( -9.417882862100684704, 13.48641401289933661, 0.5000000000000004441 ) ) ;
#3562 = CARTESIAN_POINT ( 'NONE',  ( -44.00000000000000000, 23.15429687500000355, 0.2500000000000000000 ) ) ;
#3563 = DIRECTION ( 'NONE',  ( -0.000000000000000000, -0.000000000000000000, 1.000000000000000000 ) ) ;
#3564 = EDGE_CURVE ( 'NONE', #924, #3524, #2689, .T. ) ;
#3565 = LINE ( 'NONE', #5444, #1240 ) ;
#3566 = VECTOR ( 'NONE', #4112, 1000.000000000000000 ) ;
#3567 = VERTEX_POINT ( 'NONE', #2187 ) ;
#3568 = DIRECTION ( 'NONE',  ( 0.7071067811865479058, -0.7071067811865471286, 0.000000000000000000 ) ) ;
#3569 = DIRECTION ( 'NONE',  ( 0.000000000000000000, 0.7071067811865477948, 0.7071067811865473507 ) ) ;
#3570 = VERTEX_POINT ( 'NONE', #3643 ) ;
#3571 = LINE ( 'NONE', #4069, #19 ) ;
#3572 = VECTOR ( 'NONE', #1409, 1000.000000000000000 ) ;
#3573 = CARTESIAN_POINT ( 'NONE',  ( 8.932117137899320269, 20.80448725967914925, 0.5000000000000004441 ) ) ;
#3574 = CARTESIAN_POINT ( 'NONE',  ( 36.58211713789932418, 15.48641401289933661, 0.5000000000000004441 ) ) ;
#3575 = EDGE_LOOP ( 'NONE', ( #2602, #4653, #701, #2888, #5588 ) ) ;
#3576 = AXIS2_PLACEMENT_3D ( 'NONE', #3440, #1557, #5224 ) ;
#3577 = EDGE_LOOP ( 'NONE', ( #5353, #4138, #4256, #2900 ) ) ;
#3578 = CARTESIAN_POINT ( 'NONE',  ( 9.582117137899318848, 20.78641401289933910, 0.5000000000000004441 ) ) ;
#3579 = DIRECTION ( 'NONE',  ( 0.000000000000000000, -1.000000000000000000, 0.000000000000000000 ) ) ;
#3580 = VECTOR ( 'NONE', #5891, 1000.000000000000000 ) ;
#3581 = EDGE_CURVE ( 'NONE', #1984, #796, #1192, .T. ) ;
#3582 = CARTESIAN_POINT ( 'NONE',  ( -36.47847513588161661, 13.13641401289933697, 6.000000000000000000 ) ) ;
#3583 = EDGE_LOOP ( 'NONE', ( #2912, #2072, #5156, #874 ) ) ;
#3584 = LINE ( 'NONE', #4022, #902 ) ;
#3585 = ORIENTED_EDGE ( 'NONE', *, *, #5793, .F. ) ;
#3586 = VECTOR ( 'NONE', #4921, 1000.000000000000000 ) ;
#3587 = DIRECTION ( 'NONE',  ( 1.000000000000000000, 0.000000000000000000, 0.000000000000000000 ) ) ;
#3588 = VECTOR ( 'NONE', #5338, 1000.000000000000000 ) ;
#3589 = ADVANCED_FACE ( 'NONE', ( #4076 ), #5085, .F. ) ;
#3590 = LINE ( 'NONE', #4118, #26 ) ;
#3591 = ADVANCED_FACE ( 'NONE', ( #4565 ), #333, .F. ) ;
#3592 = ADVANCED_FACE ( 'NONE', ( #2753 ), #241, .F. ) ;
#3593 = CC_DESIGN_SECURITY_CLASSIFICATION ( #4374, ( #4673 ) ) ;
#3594 = ORIENTED_EDGE ( 'NONE', *, *, #5485, .T. ) ;
#3595 = ORIENTED_EDGE ( 'NONE', *, *, #139, .F. ) ;
#3596 = DIRECTION ( 'NONE',  ( 1.000000000000000000, 0.000000000000000000, 0.000000000000000000 ) ) ;
#3597 = LINE ( 'NONE', #1246, #2240 ) ;
#3598 = EDGE_CURVE ( 'NONE', #4963, #5221, #3548, .T. ) ;
#3599 = DIRECTION ( 'NONE',  ( 1.309225264888156130E-15, -1.000000000000000000, 0.000000000000000000 ) ) ;
#3600 = CARTESIAN_POINT ( 'NONE',  ( -14.06788286210067973, 20.80448725967914925, 0.5000000000000004441 ) ) ;
#3601 = DIRECTION ( 'NONE',  ( -0.7071067811865471286, -0.7071067811865479058, 0.000000000000000000 ) ) ;
#3602 = ORIENTED_EDGE ( 'NONE', *, *, #5302, .F. ) ;
#3603 = DIRECTION ( 'NONE',  ( -0.000000000000000000, -1.000000000000000000, -0.000000000000000000 ) ) ;
#3604 = CARTESIAN_POINT ( 'NONE',  ( 39.25000000000000000, 23.15429687500000000, 6.000000000000000000 ) ) ;
#3605 = VERTEX_POINT ( 'NONE', #2629 ) ;
#3606 = AXIS2_PLACEMENT_3D ( 'NONE', #4739, #1498, #1033 ) ;
#3607 = VECTOR ( 'NONE', #2790, 1000.000000000000000 ) ;
#3608 = CARTESIAN_POINT ( 'NONE',  ( 46.25000000000000000, 22.40429687500000355, 1.000000000000000000 ) ) ;
#3609 = CARTESIAN_POINT ( 'NONE',  ( -39.41788286210066872, 16.07582173911838908, 4.000000000000000000 ) ) ;
#3610 = VECTOR ( 'NONE', #5334, 1000.000000000000000 ) ;
#3611 = LINE ( 'NONE', #787, #6055 ) ;
#3612 = ORIENTED_EDGE ( 'NONE', *, *, #2703, .F. ) ;
#3613 = EDGE_LOOP ( 'NONE', ( #2474, #5025, #2563, #5611 ) ) ;
#3614 = CARTESIAN_POINT ( 'NONE',  ( 39.25000000000000000, 23.15429687500000000, 4.000000000000000000 ) ) ;
#3615 = VECTOR ( 'NONE', #3995, 1000.000000000000000 ) ;
#3616 = CARTESIAN_POINT ( 'NONE',  ( -14.06788286210067973, 20.78641401289933910, -2.999999999999999112 ) ) ;
#3617 = VECTOR ( 'NONE', #2831, 1000.000000000000000 ) ;
#3618 = DIRECTION ( 'NONE',  ( -0.7071067811865483499, 0.7071067811865467956, 0.000000000000000000 ) ) ;
#3619 = ORIENTED_EDGE ( 'NONE', *, *, #3902, .T. ) ;
#3620 = FACE_OUTER_BOUND ( 'NONE', #3793, .T. ) ;
#3621 = EDGE_LOOP ( 'NONE', ( #4478, #134, #3116, #3710 ) ) ;
#3622 = DIRECTION ( 'NONE',  ( 0.000000000000000000, 0.000000000000000000, -1.000000000000000000 ) ) ;
#3623 = CARTESIAN_POINT ( 'NONE',  ( 30.20000000000000284, 20.85065487298230735, 4.000000000000000000 ) ) ;
#3624 = EDGE_LOOP ( 'NONE', ( #510, #3175, #4174, #4208 ) ) ;
#3625 = ADVANCED_FACE ( 'NONE', ( #2723 ), #367, .F. ) ;
#3626 = DIRECTION ( 'NONE',  ( 1.334402673828313586E-16, -1.000000000000000000, 0.000000000000000000 ) ) ;
#3627 = LINE ( 'NONE', #4514, #356 ) ;
#3628 = LINE ( 'NONE', #1400, #2398 ) ;
#3629 = LINE ( 'NONE', #5442, #820 ) ;
#3630 = VECTOR ( 'NONE', #875, 1000.000000000000000 ) ;
#3631 = ORIENTED_EDGE ( 'NONE', *, *, #4025, .T. ) ;
#3632 = ORIENTED_EDGE ( 'NONE', *, *, #1066, .T. ) ;
#3633 = EDGE_CURVE ( 'NONE', #218, #3183, #1728, .T. ) ;
#3634 = FACE_OUTER_BOUND ( 'NONE', #4287, .T. ) ;
#3635 = LINE ( 'NONE', #3168, #1013 ) ;
#3636 = VERTEX_POINT ( 'NONE', #5457 ) ;
#3637 = CARTESIAN_POINT ( 'NONE',  ( 29.58211713789933484, 20.23277201088163224, 2.500000000000000000 ) ) ;
#3638 = CARTESIAN_POINT ( 'NONE',  ( 45.84999999999998721, 0.000000000000000000, 0.000000000000000000 ) ) ;
#3639 = ADVANCED_FACE ( 'NONE', ( #3208 ), #6005, .F. ) ;
#3640 = DIRECTION ( 'NONE',  ( 0.000000000000000000, 1.000000000000000000, 0.000000000000000000 ) ) ;
#3641 = EDGE_LOOP ( 'NONE', ( #3651, #1620, #4753, #2480, #5480 ) ) ;
#3642 = EDGE_LOOP ( 'NONE', ( #3165, #1786, #4905, #3051, #3814, #1798 ) ) ;
#3643 = CARTESIAN_POINT ( 'NONE',  ( 14.23211713789931210, 20.78641401289933910, 0.5000000000000004441 ) ) ;
#3644 = LINE ( 'NONE', #3089, #2079 ) ;
#3645 = EDGE_CURVE ( 'NONE', #4699, #924, #4500, .T. ) ;
#3646 = PLANE ( 'NONE',  #2526 ) ;
#3647 = VERTEX_POINT ( 'NONE', #3147 ) ;
#3648 = EDGE_LOOP ( 'NONE', ( #575, #783, #1422, #4096 ) ) ;
#3649 = DIRECTION ( 'NONE',  ( 0.000000000000000000, 0.000000000000000000, -1.000000000000000000 ) ) ;
#3650 = LINE ( 'NONE', #2324, #4364 ) ;
#3651 = ORIENTED_EDGE ( 'NONE', *, *, #222, .T. ) ;
#3652 = PLANE ( 'NONE',  #4876 ) ;
#3653 = EDGE_LOOP ( 'NONE', ( #5421, #3372, #2025, #2844 ) ) ;
#3654 = CARTESIAN_POINT ( 'NONE',  ( 8.932117137899320269, 15.48641401289933661, 1.500000000000000444 ) ) ;
#3655 = CARTESIAN_POINT ( 'NONE',  ( -9.321524864118371667, 13.13641401289933874, 6.000000000000000000 ) ) ;
#3656 = EDGE_CURVE ( 'NONE', #905, #2150, #272, .T. ) ;
#3657 = CARTESIAN_POINT ( 'NONE',  ( 29.58211713789933484, 16.07582173911838908, 1.500000000000000444 ) ) ;
#3658 = VERTEX_POINT ( 'NONE', #3117 ) ;
#3659 = CARTESIAN_POINT ( 'NONE',  ( -13.47847513588161483, 13.13641401289933697, 1.500000000000000444 ) ) ;
#3660 = CARTESIAN_POINT ( 'NONE',  ( 39.25000000000000000, 13.15429687500000355, 4.000000000000000000 ) ) ;
#3661 = VERTEX_POINT ( 'NONE', #5912 ) ;
#3662 = FACE_OUTER_BOUND ( 'NONE', #1742, .T. ) ;
#3663 = EDGE_CURVE ( 'NONE', #4688, #3223, #4992, .T. ) ;
#3664 = PLANE ( 'NONE',  #5553 ) ;
#3665 = AXIS2_PLACEMENT_3D ( 'NONE', #667, #2005, #2565 ) ;
#3666 = CARTESIAN_POINT ( 'NONE',  ( 15.99999999999998224, 20.85065487298231091, 2.500000000000000000 ) ) ;
#3667 = VERTEX_POINT ( 'NONE', #4530 ) ;
#3668 = ORIENTED_EDGE ( 'NONE', *, *, #3715, .F. ) ;
#3669 = VECTOR ( 'NONE', #5638, 1000.000000000000000 ) ;
#3670 = DIRECTION ( 'NONE',  ( -1.000000000000000000, -8.896017825522088106E-17, 0.000000000000000000 ) ) ;
#3671 = CARTESIAN_POINT ( 'NONE',  ( -45.75000000000000000, 20.85065487298230735, 2.500000000000000000 ) ) ;
#3672 = EDGE_CURVE ( 'NONE', #917, #905, #1261, .T. ) ;
#3673 = VECTOR ( 'NONE', #5997, 1000.000000000000000 ) ;
#3674 = VECTOR ( 'NONE', #1462, 1000.000000000000000 ) ;
#3675 = DIRECTION ( 'NONE',  ( 0.000000000000000000, 0.7071067811865465735, -0.7071067811865483499 ) ) ;
#3676 = EDGE_LOOP ( 'NONE', ( #3015, #4969, #1472, #1356, #4619, #132, #348, #2730 ) ) ;
#3677 = VERTEX_POINT ( 'NONE', #790 ) ;
#3678 = CARTESIAN_POINT ( 'NONE',  ( 32.58211713789932418, 22.78641401289933910, 0.5000000000000004441 ) ) ;
#3679 = VECTOR ( 'NONE', #3513, 1000.000000000000000 ) ;
#3680 = ADVANCED_FACE ( 'NONE', ( #6034 ), #6066, .F. ) ;
#3681 = FACE_OUTER_BOUND ( 'NONE', #2253, .T. ) ;
#3682 = VECTOR ( 'NONE', #3288, 1000.000000000000000 ) ;
#3683 = ORIENTED_EDGE ( 'NONE', *, *, #4509, .T. ) ;
#3684 = DIRECTION ( 'NONE',  ( -0.000000000000000000, 1.000000000000000000, -0.000000000000000000 ) ) ;
#3685 = EDGE_LOOP ( 'NONE', ( #2351, #2450, #4023, #2979 ) ) ;
#3686 = DIRECTION ( 'NONE',  ( 1.000000000000000000, 0.000000000000000000, 0.000000000000000000 ) ) ;
#3687 = EDGE_CURVE ( 'NONE', #202, #4254, #428, .T. ) ;
#3688 = CARTESIAN_POINT ( 'NONE',  ( -38.75000000000000000, 13.15429687499999289, 6.000000000000000000 ) ) ;
#3689 =( NAMED_UNIT ( * ) SI_UNIT ( $, .STERADIAN. ) SOLID_ANGLE_UNIT ( ) );
#3690 = VECTOR ( 'NONE', #2360, 1000.000000000000000 ) ;
#3691 = EDGE_CURVE ( 'NONE', #3667, #1965, #4196, .T. ) ;
#3692 = VERTEX_POINT ( 'NONE', #1848 ) ;
#3693 = ORIENTED_EDGE ( 'NONE', *, *, #85, .T. ) ;
#3694 = LINE ( 'NONE', #357, #5592 ) ;
#3695 = CARTESIAN_POINT ( 'NONE',  ( -13.47847513588162904, 23.17217973710068080, 1.500000000000000444 ) ) ;
#3696 = EDGE_CURVE ( 'NONE', #4369, #4108, #2778, .T. ) ;
#3697 = FACE_OUTER_BOUND ( 'NONE', #240, .T. ) ;
#3698 = CARTESIAN_POINT ( 'NONE',  ( 13.67847513588162833, 13.13641401289933874, 1.500000000000000444 ) ) ;
#3699 = LINE ( 'NONE', #3266, #3210 ) ;
#3700 = VERTEX_POINT ( 'NONE', #3733 ) ;
#3701 = EDGE_CURVE ( 'NONE', #4865, #5092, #2815, .T. ) ;
#3702 = EDGE_LOOP ( 'NONE', ( #1905, #2469, #6013, #627 ) ) ;
#3703 = CARTESIAN_POINT ( 'NONE',  ( -45.48333333333334139, 10.78763020833333286, 0.2666666666666866470 ) ) ;
#3704 = ORIENTED_EDGE ( 'NONE', *, *, #1695, .T. ) ;
#3705 = VECTOR ( 'NONE', #2828, 1000.000000000000000 ) ;
#3706 = FACE_OUTER_BOUND ( 'NONE', #4049, .T. ) ;
#3707 = ORIENTED_EDGE ( 'NONE', *, *, #2482, .T. ) ;
#3708 = AXIS2_PLACEMENT_3D ( 'NONE', #1116, #3068, #160 ) ;
#3709 = EDGE_CURVE ( 'NONE', #3992, #2359, #396, .T. ) ;
#3710 = ORIENTED_EDGE ( 'NONE', *, *, #5127, .F. ) ;
#3711 = DIRECTION ( 'NONE',  ( 1.000000000000000000, -1.734723475976806709E-18, -0.000000000000000000 ) ) ;
#3712 = CARTESIAN_POINT ( 'NONE',  ( -29.38211713789932489, 20.23277201088162514, 1.500000000000000444 ) ) ;
#3713 = VECTOR ( 'NONE', #4135, 1000.000000000000114 ) ;
#3714 = EDGE_LOOP ( 'NONE', ( #5018, #685, #1830, #4670, #1500, #673, #4828, #4742, #203, #1572, #3003, #3632 ) ) ;
#3715 = EDGE_CURVE ( 'NONE', #924, #4089, #1817, .T. ) ;
#3716 = CARTESIAN_POINT ( 'NONE',  ( -43.25000000000000000, 23.15429687500000355, 0.3499999999999999223 ) ) ;
#3717 = VERTEX_POINT ( 'NONE', #5115 ) ;
#3718 = DIRECTION ( 'NONE',  ( 0.000000000000000000, 1.000000000000000000, -0.000000000000000000 ) ) ;
#3719 = FACE_OUTER_BOUND ( 'NONE', #5809, .T. ) ;
#3720 = FACE_OUTER_BOUND ( 'NONE', #3140, .T. ) ;
#3721 = CARTESIAN_POINT ( 'NONE',  ( -38.81788286210068151, 20.80448725967914925, 0.5000000000000004441 ) ) ;
#3722 = ORIENTED_EDGE ( 'NONE', *, *, #1641, .F. ) ;
#3723 = ADVANCED_FACE ( 'NONE', ( #5762 ), #1544, .F. ) ;
#3724 = CARTESIAN_POINT ( 'NONE',  ( -38.75000000000000000, 13.15429687499999289, 4.000000000000000000 ) ) ;
#3725 = LINE ( 'NONE', #2213, #5732 ) ;
#3726 = EDGE_CURVE ( 'NONE', #3667, #1184, #2034, .T. ) ;
#3727 = DIRECTION ( 'NONE',  ( 0.000000000000000000, -1.000000000000000000, 0.000000000000000000 ) ) ;
#3728 = LINE ( 'NONE', #3787, #4858 ) ;
#3729 = FACE_OUTER_BOUND ( 'NONE', #3332, .T. ) ;
#3730 = ORIENTED_EDGE ( 'NONE', *, *, #2948, .T. ) ;
#3731 = DIRECTION ( 'NONE',  ( 1.000000000000000000, 0.000000000000000000, -0.000000000000000000 ) ) ;
#3732 = ORIENTED_EDGE ( 'NONE', *, *, #863, .F. ) ;
#3733 = CARTESIAN_POINT ( 'NONE',  ( -38.81788286210068151, 15.48641401289933661, 0.5000000000000004441 ) ) ;
#3734 = ADVANCED_FACE ( 'NONE', ( #2993 ), #4319, .F. ) ;
#3735 = DIRECTION ( 'NONE',  ( -0.000000000000000000, 1.000000000000000000, 0.000000000000000000 ) ) ;
#3736 = DIRECTION ( 'NONE',  ( 0.000000000000000000, 0.000000000000000000, 1.000000000000000000 ) ) ;
#3737 = VERTEX_POINT ( 'NONE', #1482 ) ;
#3738 = ORIENTED_EDGE ( 'NONE', *, *, #1312, .F. ) ;
#3739 = DIRECTION ( 'NONE',  ( 0.7071067811865467956, 0.7071067811865483499, 0.000000000000000000 ) ) ;
#3740 = LINE ( 'NONE', #1768, #1311 ) ;
#3741 = EDGE_CURVE ( 'NONE', #2454, #4322, #4837, .T. ) ;
#3742 = ORIENTED_EDGE ( 'NONE', *, *, #1713, .F. ) ;
#3743 = LINE ( 'NONE', #5617, #4106 ) ;
#3744 = ORIENTED_EDGE ( 'NONE', *, *, #352, .F. ) ;
#3745 = LINE ( 'NONE', #443, #4494 ) ;
#3746 = DIRECTION ( 'NONE',  ( 0.7071067811865469066, 0.7071067811865482389, 0.000000000000000000 ) ) ;
#3747 = ADVANCED_FACE ( 'NONE', ( #1016 ), #5241, .F. ) ;
#3748 = CARTESIAN_POINT ( 'NONE',  ( -31.76788286210068790, 0.000000000000000000, 0.000000000000000000 ) ) ;
#3749 = CARTESIAN_POINT ( 'NONE',  ( -32.41788286210068293, 15.48641401289933661, 0.5000000000000004441 ) ) ;
#3750 = VERTEX_POINT ( 'NONE', #114 ) ;
#3751 = CARTESIAN_POINT ( 'NONE',  ( 16.61788286210067511, 20.23277201088162514, 2.500000000000000000 ) ) ;
#3752 = CARTESIAN_POINT ( 'NONE',  ( -45.75000000000000000, 20.85065487298230735, 2.500000000000000000 ) ) ;
#3753 = CARTESIAN_POINT ( 'NONE',  ( 6.582117137899329506, 16.07582173911838908, 2.499999999999999112 ) ) ;
#3754 = EDGE_CURVE ( 'NONE', #2218, #2501, #2907, .T. ) ;
#3755 = LINE ( 'NONE', #1870, #1908 ) ;
#3756 = VECTOR ( 'NONE', #4194, 1000.000000000000000 ) ;
#3757 = FACE_OUTER_BOUND ( 'NONE', #3291, .T. ) ;
#3758 = ORIENTED_EDGE ( 'NONE', *, *, #4521, .T. ) ;
#3759 = LINE ( 'NONE', #4050, #3756 ) ;
#3760 = ORIENTED_EDGE ( 'NONE', *, *, #2277, .F. ) ;
#3761 = DIRECTION ( 'NONE',  ( 0.000000000000000000, -0.000000000000000000, 1.000000000000000000 ) ) ;
#3762 = VECTOR ( 'NONE', #5228, 1000.000000000000000 ) ;
#3763 = DIRECTION ( 'NONE',  ( 0.7071067811865483499, -0.7071067811865467956, -0.000000000000000000 ) ) ;
#3764 = ORIENTED_EDGE ( 'NONE', *, *, #5172, .F. ) ;
#3765 = VECTOR ( 'NONE', #5761, 1000.000000000000000 ) ;
#3766 = ORIENTED_EDGE ( 'NONE', *, *, #4563, .F. ) ;
#3767 = CARTESIAN_POINT ( 'NONE',  ( 31.93211713789932560, 15.48641401289933661, -2.999999999999999112 ) ) ;
#3768 = LINE ( 'NONE', #1426, #4665 ) ;
#3769 = VECTOR ( 'NONE', #2119, 1000.000000000000000 ) ;
#3770 = EDGE_LOOP ( 'NONE', ( #3483, #4439, #1653, #600 ) ) ;
#3771 = LINE ( 'NONE', #2327, #2326 ) ;
#3772 = VERTEX_POINT ( 'NONE', #2445 ) ;
#3773 = VECTOR ( 'NONE', #4184, 1000.000000000000000 ) ;
#3774 = DIRECTION ( 'NONE',  ( -1.000000000000000000, 0.000000000000000000, 0.000000000000000000 ) ) ;
#3775 = ADVANCED_FACE ( 'NONE', ( #5331 ), #2965, .F. ) ;
#3776 = ADVANCED_FACE ( 'NONE', ( #206 ), #3427, .T. ) ;
#3777 = LINE ( 'NONE', #991, #4078 ) ;
#3778 = DIRECTION ( 'NONE',  ( -1.000000000000000000, 0.000000000000000000, -0.000000000000000000 ) ) ;
#3779 = VECTOR ( 'NONE', #4878, 1000.000000000000000 ) ;
#3780 = LINE ( 'NONE', #5194, #1343 ) ;
#3781 = ORIENTED_EDGE ( 'NONE', *, *, #3335, .F. ) ;
#3782 = PLANE ( 'NONE',  #656 ) ;
#3783 = LINE ( 'NONE', #95, #1740 ) ;
#3784 = EDGE_CURVE ( 'NONE', #3330, #295, #3025, .T. ) ;
#3785 = AXIS2_PLACEMENT_3D ( 'NONE', #565, #5803, #5694 ) ;
#3786 = LINE ( 'NONE', #6026, #3380 ) ;
#3787 = CARTESIAN_POINT ( 'NONE',  ( -36.47847513588163082, 23.17217973710068080, 4.000000000000000000 ) ) ;
#3788 = AXIS2_PLACEMENT_3D ( 'NONE', #3897, #3862, #645 ) ;
#3789 = CARTESIAN_POINT ( 'NONE',  ( -45.35000000000001563, 10.65429687500000355, 0.4000000000000114575 ) ) ;
#3790 = ORIENTED_EDGE ( 'NONE', *, *, #5311, .F. ) ;
#3791 = LINE ( 'NONE', #2899, #3864 ) ;
#3792 = EDGE_CURVE ( 'NONE', #3239, #5597, #1513, .T. ) ;
#3793 = EDGE_LOOP ( 'NONE', ( #5131, #2932, #486, #4542 ) ) ;
#3794 = CARTESIAN_POINT ( 'NONE',  ( 36.69635799798229669, 23.15429687500000000, 6.000000000000000000 ) ) ;
#3795 = DIRECTION ( 'NONE',  ( 0.000000000000000000, 0.000000000000000000, -1.000000000000000000 ) ) ;
#3796 = ORIENTED_EDGE ( 'NONE', *, *, #3784, .T. ) ;
#3797 = VECTOR ( 'NONE', #958, 1000.000000000000000 ) ;
#3798 = VERTEX_POINT ( 'NONE', #4408 ) ;
#3799 = FACE_OUTER_BOUND ( 'NONE', #5356, .T. ) ;
#3800 = VECTOR ( 'NONE', #3821, 1000.000000000000000 ) ;
#3801 = AXIS2_PLACEMENT_3D ( 'NONE', #2203, #3626, #1338 ) ;
#3802 = EDGE_CURVE ( 'NONE', #5390, #4830, #3948, .T. ) ;
#3803 = EDGE_CURVE ( 'NONE', #3200, #1516, #2061, .T. ) ;
#3804 = LINE ( 'NONE', #4893, #2498 ) ;
#3805 = VERTEX_POINT ( 'NONE', #553 ) ;
#3806 = AXIS2_PLACEMENT_3D ( 'NONE', #765, #732, #4471 ) ;
#3807 = LINE ( 'NONE', #6103, #936 ) ;
#3808 = ORIENTED_EDGE ( 'NONE', *, *, #2783, .F. ) ;
#3809 = CARTESIAN_POINT ( 'NONE',  ( 36.58211713789932418, 22.78641401289933910, 0.5000000000000004441 ) ) ;
#3810 = DIRECTION ( 'NONE',  ( 1.309225264888156130E-15, -1.000000000000000000, 0.000000000000000000 ) ) ;
#3811 = AXIS2_PLACEMENT_3D ( 'NONE', #5783, #5235, #2936 ) ;
#3812 = EDGE_CURVE ( 'NONE', #3856, #4564, #1599, .T. ) ;
#3813 = LINE ( 'NONE', #4676, #1632 ) ;
#3814 = ORIENTED_EDGE ( 'NONE', *, *, #1179, .T. ) ;
#3815 = CARTESIAN_POINT ( 'NONE',  ( -38.75000000000000000, 20.80448725967914925, 1.000000000000000000 ) ) ;
#3816 = FACE_OUTER_BOUND ( 'NONE', #5952, .T. ) ;
#3817 = FACE_OUTER_BOUND ( 'NONE', #1574, .T. ) ;
#3818 = CARTESIAN_POINT ( 'NONE',  ( 46.25000000000000000, 22.40429687500000355, 1.000000000000000000 ) ) ;
#3819 = ADVANCED_FACE ( 'NONE', ( #3453 ), #1073, .F. ) ;
#3820 = VERTEX_POINT ( 'NONE', #84 ) ;
#3821 = DIRECTION ( 'NONE',  ( 1.000000000000000000, 0.000000000000000000, 0.000000000000000000 ) ) ;
#3822 = ORIENTED_EDGE ( 'NONE', *, *, #2381, .T. ) ;
#3823 = DIRECTION ( 'NONE',  ( -0.7071067811865471286, -0.7071067811865479058, 0.000000000000000000 ) ) ;
#3824 = PRODUCT_DEFINITION_SHAPE ( 'NONE', 'NONE',  #821 ) ;
#3825 = VERTEX_POINT ( 'NONE', #2096 ) ;
#3826 = FACE_OUTER_BOUND ( 'NONE', #195, .T. ) ;
#3827 = EDGE_CURVE ( 'NONE', #3232, #5335, #4781, .T. ) ;
#3828 = VECTOR ( 'NONE', #713, 1000.000000000000000 ) ;
#3829 = DIRECTION ( 'NONE',  ( -0.7071067811865466846, -0.7071067811865483499, -1.137307002876286931E-16 ) ) ;
#3830 = VERTEX_POINT ( 'NONE', #1262 ) ;
#3831 = ORIENTED_EDGE ( 'NONE', *, *, #2375, .T. ) ;
#3832 = LINE ( 'NONE', #2379, #3261 ) ;
#3833 = CARTESIAN_POINT ( 'NONE',  ( 9.521524864118385167, 13.13641401289933697, 1.500000000000000444 ) ) ;
#3834 = EDGE_CURVE ( 'NONE', #5911, #4924, #4018, .T. ) ;
#3835 = VERTEX_POINT ( 'NONE', #3148 ) ;
#3836 = DIRECTION ( 'NONE',  ( 0.000000000000000000, 1.000000000000000000, -0.000000000000000000 ) ) ;
#3837 = VERTEX_POINT ( 'NONE', #792 ) ;
#3838 = DIRECTION ( 'NONE',  ( 0.000000000000000000, -1.000000000000000000, -1.608394988049539567E-16 ) ) ;
#3839 = FACE_OUTER_BOUND ( 'NONE', #210, .T. ) ;
#3840 = PERSON_AND_ORGANIZATION ( #684, #2212 ) ;
#3841 = ORIENTED_EDGE ( 'NONE', *, *, #2323, .F. ) ;
#3842 = LINE ( 'NONE', #1027, #965 ) ;
#3843 = FACE_OUTER_BOUND ( 'NONE', #1448, .T. ) ;
#3844 = EDGE_CURVE ( 'NONE', #1155, #4360, #2256, .T. ) ;
#3845 = CARTESIAN_POINT ( 'NONE',  ( 38.98211713789932276, 20.78641401289933910, 0.5000000000000004441 ) ) ;
#3846 = LINE ( 'NONE', #4306, #2605 ) ;
#3847 = ORIENTED_EDGE ( 'NONE', *, *, #764, .T. ) ;
#3848 = DIRECTION ( 'NONE',  ( 0.000000000000000000, 1.000000000000000000, 0.000000000000000000 ) ) ;
#3849 = ORIENTED_EDGE ( 'NONE', *, *, #5669, .T. ) ;
#3850 = CARTESIAN_POINT ( 'NONE',  ( 13.67847513588162833, 13.13641401289933874, 1.500000000000000444 ) ) ;
#3851 = VERTEX_POINT ( 'NONE', #5394 ) ;
#3852 = EDGE_CURVE ( 'NONE', #1846, #4083, #4532, .T. ) ;
#3853 = PLANE ( 'NONE',  #1894 ) ;
#3854 = LINE ( 'NONE', #4285, #1933 ) ;
#3855 = VERTEX_POINT ( 'NONE', #1193 ) ;
#3856 = VERTEX_POINT ( 'NONE', #1292 ) ;
#3857 = DIRECTION ( 'NONE',  ( -0.000000000000000000, 0.000000000000000000, -1.000000000000000000 ) ) ;
#3858 = EDGE_CURVE ( 'NONE', #92, #5981, #5979, .T. ) ;
#3859 = CARTESIAN_POINT ( 'NONE',  ( 31.93211713789932560, 20.80448725967914925, 0.5000000000000004441 ) ) ;
#3860 = VECTOR ( 'NONE', #2505, 1000.000000000000000 ) ;
#3861 = EDGE_LOOP ( 'NONE', ( #3323, #1919, #3152, #4413 ) ) ;
#3862 = DIRECTION ( 'NONE',  ( 0.000000000000000000, -0.000000000000000000, 1.000000000000000000 ) ) ;
#3863 = EDGE_LOOP ( 'NONE', ( #2851, #3475, #4418, #378, #2037, #703 ) ) ;
#3864 = VECTOR ( 'NONE', #541, 1000.000000000000000 ) ;
#3865 = CARTESIAN_POINT ( 'NONE',  ( 8.932117137899320269, 15.48641401289933661, 1.500000000000000444 ) ) ;
#3866 = EDGE_CURVE ( 'NONE', #4879, #338, #3644, .T. ) ;
#3867 = VECTOR ( 'NONE', #5325, 1000.000000000000000 ) ;
#3868 = LINE ( 'NONE', #1489, #2596 ) ;
#3869 = VECTOR ( 'NONE', #2453, 1000.000000000000000 ) ;
#3870 = ORIENTED_EDGE ( 'NONE', *, *, #2009, .T. ) ;
#3871 = DIRECTION ( 'NONE',  ( -1.000000000000000000, 1.734723475976806709E-18, 0.000000000000000000 ) ) ;
#3872 = CARTESIAN_POINT ( 'NONE',  ( 7.182117137899318493, 15.48641401289933661, 1.500000000000000444 ) ) ;
#3873 = EDGE_CURVE ( 'NONE', #571, #3447, #827, .T. ) ;
#3874 = DIRECTION ( 'NONE',  ( 0.000000000000000000, 0.000000000000000000, -1.000000000000000000 ) ) ;
#3875 = AXIS2_PLACEMENT_3D ( 'NONE', #3249, #2233, #5615 ) ;
#3876 = EDGE_CURVE ( 'NONE', #727, #5462, #4566, .T. ) ;
#3877 = CARTESIAN_POINT ( 'NONE',  ( 37.23211713789931565, 20.78641401289933910, 0.5000000000000004441 ) ) ;
#3878 = ORIENTED_EDGE ( 'NONE', *, *, #2792, .F. ) ;
#3879 = DIRECTION ( 'NONE',  ( -1.000000000000000000, 0.000000000000000000, 0.000000000000000000 ) ) ;
#3880 = ORIENTED_EDGE ( 'NONE', *, *, #4153, .T. ) ;
#3881 = AXIS2_PLACEMENT_3D ( 'NONE', #1891, #3778, #5654 ) ;
#3882 = FACE_OUTER_BOUND ( 'NONE', #3308, .T. ) ;
#3883 = EDGE_LOOP ( 'NONE', ( #3284, #3098, #723, #5033 ) ) ;
#3884 = EDGE_CURVE ( 'NONE', #4155, #1916, #3549, .T. ) ;
#3885 = FACE_OUTER_BOUND ( 'NONE', #719, .T. ) ;
#3886 = EDGE_CURVE ( 'NONE', #5994, #3312, #1762, .T. ) ;
#3887 = CC_DESIGN_APPROVAL ( #1277, ( #4374 ) ) ;
#3888 = VECTOR ( 'NONE', #3587, 1000.000000000000000 ) ;
#3889 = EDGE_CURVE ( 'NONE', #5751, #3059, #2188, .T. ) ;
#3890 = CARTESIAN_POINT ( 'NONE',  ( -37.06788286210068151, 20.78641401289933910, -2.999999999999999112 ) ) ;
#3891 = ORIENTED_EDGE ( 'NONE', *, *, #594, .F. ) ;
#3892 = ORIENTED_EDGE ( 'NONE', *, *, #423, .F. ) ;
#3893 = CARTESIAN_POINT ( 'NONE',  ( -38.75000000000000000, 13.15429687499999289, 4.000000000000000000 ) ) ;
#3894 = CARTESIAN_POINT ( 'NONE',  ( -16.41788286210066872, 20.23277201088163224, 1.500000000000000444 ) ) ;
#3895 = EDGE_CURVE ( 'NONE', #5730, #5344, #2724, .T. ) ;
#3896 = ORIENTED_EDGE ( 'NONE', *, *, #3271, .T. ) ;
#3897 = CARTESIAN_POINT ( 'NONE',  ( 0.000000000000000000, 0.000000000000000000, 4.000000000000000000 ) ) ;
#3898 = ORIENTED_EDGE ( 'NONE', *, *, #2799, .F. ) ;
#3899 = FACE_OUTER_BOUND ( 'NONE', #2635, .T. ) ;
#3900 = CARTESIAN_POINT ( 'NONE',  ( -29.38211713789932489, 16.07582173911839263, 2.499999999999999112 ) ) ;
#3901 = APPROVAL_STATUS ( 'not_yet_approved' ) ;
#3902 = EDGE_CURVE ( 'NONE', #5933, #3212, #242, .T. ) ;
#3903 = ORIENTED_EDGE ( 'NONE', *, *, #2048, .T. ) ;
#3904 = DIRECTION ( 'NONE',  ( 1.000000000000000000, 0.000000000000000000, 0.000000000000000000 ) ) ;
#3905 = CARTESIAN_POINT ( 'NONE',  ( 69.00000000000000000, 20.78641401289933910, 0.000000000000000000 ) ) ;
#3906 = VECTOR ( 'NONE', #2110, 1000.000000000000000 ) ;
#3907 = FACE_OUTER_BOUND ( 'NONE', #3176, .T. ) ;
#3908 = LINE ( 'NONE', #4886, #2708 ) ;
#3909 = ADVANCED_FACE ( 'NONE', ( #5947 ), #4501, .F. ) ;
#3910 = ORIENTED_EDGE ( 'NONE', *, *, #2661, .T. ) ;
#3911 = LINE ( 'NONE', #3503, #2825 ) ;
#3912 = EDGE_LOOP ( 'NONE', ( #2849, #168, #3722, #3531 ) ) ;
#3913 = PLANE ( 'NONE',  #1402 ) ;
#3914 = ORIENTED_EDGE ( 'NONE', *, *, #5089, .T. ) ;
#3915 = DIRECTION ( 'NONE',  ( 0.000000000000000000, 0.000000000000000000, 1.000000000000000000 ) ) ;
#3916 = DIRECTION ( 'NONE',  ( 0.000000000000000000, 0.7071067811865477948, 0.7071067811865473507 ) ) ;
#3917 = ORIENTED_EDGE ( 'NONE', *, *, #3889, .T. ) ;
#3918 = VERTEX_POINT ( 'NONE', #1631 ) ;
#3919 = LINE ( 'NONE', #4434, #2688 ) ;
#3920 = DIRECTION ( 'NONE',  ( -1.000000000000000000, 0.000000000000000000, -0.000000000000000000 ) ) ;
#3921 = CC_DESIGN_PERSON_AND_ORGANIZATION_ASSIGNMENT ( #3407, #5219, ( #4673 ) ) ;
#3922 = VECTOR ( 'NONE', #4098, 1000.000000000000000 ) ;
#3923 = DIRECTION ( 'NONE',  ( 1.309225264888156130E-15, -1.000000000000000000, 0.000000000000000000 ) ) ;
#3924 = ORIENTED_EDGE ( 'NONE', *, *, #1205, .F. ) ;
#3925 = PLANE ( 'NONE',  #1180 ) ;
#3926 = ORIENTED_EDGE ( 'NONE', *, *, #1818, .T. ) ;
#3927 = DIRECTION ( 'NONE',  ( 0.000000000000000000, -0.000000000000000000, 1.000000000000000000 ) ) ;
#3928 = EDGE_CURVE ( 'NONE', #1271, #3605, #4469, .T. ) ;
#3929 = CARTESIAN_POINT ( 'NONE',  ( 39.25000000000000000, 22.40429687500000355, 6.000000000000000000 ) ) ;
#3930 = COORDINATED_UNIVERSAL_TIME_OFFSET ( 5, 0, .BEHIND. ) ;
#3931 = ORIENTED_EDGE ( 'NONE', *, *, #1818, .F. ) ;
#3932 = LINE ( 'NONE', #3067, #3828 ) ;
#3933 = LINE ( 'NONE', #1581, #4883 ) ;
#3934 = DIRECTION ( 'NONE',  ( 1.000000000000000000, 0.000000000000000000, 0.000000000000000000 ) ) ;
#3935 = CARTESIAN_POINT ( 'NONE',  ( -14.06788286210067973, 15.48641401289933661, 0.5000000000000004441 ) ) ;
#3936 = VERTEX_POINT ( 'NONE', #1228 ) ;
#3937 = LINE ( 'NONE', #2148, #4994 ) ;
#3938 = VERTEX_POINT ( 'NONE', #3054 ) ;
#3939 = CARTESIAN_POINT ( 'NONE',  ( -14.06788286210067973, 15.48641401289933661, 0.5000000000000004441 ) ) ;
#3940 = ORIENTED_EDGE ( 'NONE', *, *, #4894, .F. ) ;
#3941 = EDGE_CURVE ( 'NONE', #5260, #491, #4926, .T. ) ;
#3942 = FACE_OUTER_BOUND ( 'NONE', #2125, .T. ) ;
#3943 = PLANE ( 'NONE',  #5835 ) ;
#3944 = DIRECTION ( 'NONE',  ( 1.000000000000000000, 0.000000000000000000, 0.000000000000000000 ) ) ;
#3945 = ORIENTED_EDGE ( 'NONE', *, *, #544, .F. ) ;
#3946 = ORIENTED_EDGE ( 'NONE', *, *, #1579, .T. ) ;
#3947 = CARTESIAN_POINT ( 'NONE',  ( -31.76788286210068790, 20.78641401289933910, 0.5000000000000004441 ) ) ;
#3948 = LINE ( 'NONE', #640, #5333 ) ;
#3949 = EDGE_CURVE ( 'NONE', #5760, #5994, #2159, .T. ) ;
#3950 = CARTESIAN_POINT ( 'NONE',  ( 39.61788286210068577, 20.23277201088162514, 1.500000000000000444 ) ) ;
#3951 = ORIENTED_EDGE ( 'NONE', *, *, #4970, .T. ) ;
#3952 = LINE ( 'NONE', #2100, #1608 ) ;
#3953 = ORIENTED_EDGE ( 'NONE', *, *, #4450, .F. ) ;
#3954 = CARTESIAN_POINT ( 'NONE',  ( 6.582117137899329506, 20.23277201088163224, 1.500000000000000444 ) ) ;
#3955 = EDGE_CURVE ( 'NONE', #1453, #3223, #5458, .T. ) ;
#3956 = LINE ( 'NONE', #2641, #1318 ) ;
#3957 = VECTOR ( 'NONE', #5852, 1000.000000000000000 ) ;
#3958 = VERTEX_POINT ( 'NONE', #2660 ) ;
#3959 = VECTOR ( 'NONE', #246, 1000.000000000000000 ) ;
#3960 = ORIENTED_EDGE ( 'NONE', *, *, #1522, .F. ) ;
#3961 = EDGE_CURVE ( 'NONE', #755, #3647, #4077, .T. ) ;
#3962 = CARTESIAN_POINT ( 'NONE',  ( -13.41788286210068115, 20.78641401289933910, 0.5000000000000004441 ) ) ;
#3963 = VECTOR ( 'NONE', #3521, 1000.000000000000000 ) ;
#3964 = LINE ( 'NONE', #2612, #945 ) ;
#3965 = DIRECTION ( 'NONE',  ( 0.7071067811865479058, -0.7071067811865471286, 0.000000000000000000 ) ) ;
#3966 = LINE ( 'NONE', #3600, #1610 ) ;
#3967 = VECTOR ( 'NONE', #2924, 1000.000000000000000 ) ;
#3968 = ORIENTED_EDGE ( 'NONE', *, *, #3194, .F. ) ;
#3969 = EDGE_CURVE ( 'NONE', #1217, #5857, #3305, .T. ) ;
#3970 = DIRECTION ( 'NONE',  ( 0.000000000000000000, 1.000000000000000000, 0.000000000000000000 ) ) ;
#3971 = VERTEX_POINT ( 'NONE', #2816 ) ;
#3972 = LINE ( 'NONE', #4918, #4548 ) ;
#3973 = ORIENTED_EDGE ( 'NONE', *, *, #1962, .T. ) ;
#3974 = VECTOR ( 'NONE', #3103, 1000.000000000000000 ) ;
#3975 = CARTESIAN_POINT ( 'NONE',  ( 13.58211713789931530, 15.48641401289933661, 0.5000000000000004441 ) ) ;
#3976 = CARTESIAN_POINT ( 'NONE',  ( 16.61788286210067511, 16.07582173911839263, 1.500000000000000444 ) ) ;
#3977 = VECTOR ( 'NONE', #6099, 1000.000000000000000 ) ;
#3978 = EDGE_CURVE ( 'NONE', #780, #5685, #429, .T. ) ;
#3979 = LINE ( 'NONE', #1659, #3319 ) ;
#3980 = ORIENTED_EDGE ( 'NONE', *, *, #2264, .F. ) ;
#3981 = ORIENTED_EDGE ( 'NONE', *, *, #4901, .T. ) ;
#3982 = LINE ( 'NONE', #3053, #3765 ) ;
#3984 = DIRECTION ( 'NONE',  ( -1.000000000000000000, 0.000000000000000000, 0.000000000000000000 ) ) ;
#3983 = VECTOR ( 'NONE', #3563, 1000.000000000000000 ) ;
#3985 = VECTOR ( 'NONE', #5919, 1000.000000000000000 ) ;
#3986 = DIRECTION ( 'NONE',  ( -0.000000000000000000, 1.000000000000000000, -0.000000000000000000 ) ) ;
#3987 = ORIENTED_EDGE ( 'NONE', *, *, #1251, .F. ) ;
#3988 = LINE ( 'NONE', #4351, #4046 ) ;
#3989 = ORIENTED_EDGE ( 'NONE', *, *, #2579, .T. ) ;
#3990 = LINE ( 'NONE', #5858, #5844 ) ;
#3991 = DIRECTION ( 'NONE',  ( 1.000000000000000000, 0.000000000000000000, 0.000000000000000000 ) ) ;
#3992 = VERTEX_POINT ( 'NONE', #1449 ) ;
#3993 = ORIENTED_EDGE ( 'NONE', *, *, #2419, .T. ) ;
#3994 = CARTESIAN_POINT ( 'NONE',  ( -45.75000000000000000, 15.45793887701771219, 2.499999999999999112 ) ) ;
#3995 = DIRECTION ( 'NONE',  ( -0.000000000000000000, -0.000000000000000000, 1.000000000000000000 ) ) ;
#3996 = EDGE_CURVE ( 'NONE', #882, #5911, #3272, .T. ) ;
#3997 = FACE_OUTER_BOUND ( 'NONE', #659, .T. ) ;
#3998 = AXIS2_PLACEMENT_3D ( 'NONE', #2237, #4543, #1709 ) ;
#3999 = EDGE_CURVE ( 'NONE', #30, #4779, #459, .T. ) ;
#4000 = LINE ( 'NONE', #1747, #3295 ) ;
#4001 = VECTOR ( 'NONE', #927, 1000.000000000000000 ) ;
#4002 = ORIENTED_EDGE ( 'NONE', *, *, #5837, .F. ) ;
#4003 = CIRCLE ( 'NONE', #5572, 0.2500000000000000000 ) ;
#4004 = LINE ( 'NONE', #3443, #2917 ) ;
#4005 = ORIENTED_EDGE ( 'NONE', *, *, #5152, .T. ) ;
#4006 = AXIS2_PLACEMENT_3D ( 'NONE', #1790, #830, #3675 ) ;
#4007 = CARTESIAN_POINT ( 'NONE',  ( -37.06788286210068151, 20.80448725967914925, 0.5000000000000004441 ) ) ;
#4008 = VERTEX_POINT ( 'NONE', #4225 ) ;
#4009 = LINE ( 'NONE', #3047, #3079 ) ;
#4010 = VECTOR ( 'NONE', #964, 1000.000000000000000 ) ;
#4011 = EDGE_CURVE ( 'NONE', #6004, #1382, #6094, .T. ) ;
#4012 = FACE_OUTER_BOUND ( 'NONE', #5113, .T. ) ;
#4013 = AXIS2_PLACEMENT_3D ( 'NONE', #2376, #22, #1910 ) ;
#4014 = CARTESIAN_POINT ( 'NONE',  ( -7.017882862100685237, 15.50448725967914676, 0.5000000000000004441 ) ) ;
#4015 = VERTEX_POINT ( 'NONE', #6067 ) ;
#4016 = ORIENTED_EDGE ( 'NONE', *, *, #3446, .T. ) ;
#4017 = CARTESIAN_POINT ( 'NONE',  ( -14.06788286210067973, 15.48641401289933661, -2.999999999999999112 ) ) ;
#4018 = LINE ( 'NONE', #2222, #801 ) ;
#4019 = ADVANCED_FACE ( 'NONE', ( #3334 ), #3209, .T. ) ;
#4020 = CARTESIAN_POINT ( 'NONE',  ( -43.75000000000000000, 13.15429687500000355, 0.2500000000000000000 ) ) ;
#4021 = VERTEX_POINT ( 'NONE', #6006 ) ;
#4022 = CARTESIAN_POINT ( 'NONE',  ( -7.000000000000007994, 20.85065487298230735, 1.500000000000000444 ) ) ;
#4023 = ORIENTED_EDGE ( 'NONE', *, *, #1941, .T. ) ;
#4024 = LINE ( 'NONE', #154, #3588 ) ;
#4025 = EDGE_CURVE ( 'NONE', #5264, #1518, #5578, .T. ) ;
#4026 = LINE ( 'NONE', #709, #2701 ) ;
#4027 = VERTEX_POINT ( 'NONE', #512 ) ;
#4028 = ORIENTED_EDGE ( 'NONE', *, *, #2914, .T. ) ;
#4029 = CARTESIAN_POINT ( 'NONE',  ( 36.69635799798229669, 23.15429687500000000, 4.000000000000000000 ) ) ;
#4030 = CARTESIAN_POINT ( 'NONE',  ( -9.417882862100684704, 15.48641401289933661, 0.5000000000000004441 ) ) ;
#4031 = LINE ( 'NONE', #1648, #2494 ) ;
#4032 = CARTESIAN_POINT ( 'NONE',  ( -15.81788286210068151, 20.80448725967914925, 0.5000000000000004441 ) ) ;
#4033 = CARTESIAN_POINT ( 'NONE',  ( 39.25000000000000000, 23.15429687500000000, 4.000000000000000000 ) ) ;
#4034 = ORIENTED_EDGE ( 'NONE', *, *, #3852, .F. ) ;
#4035 = CARTESIAN_POINT ( 'NONE',  ( -32.30364200201768199, 23.15429687499998579, 6.000000000000000000 ) ) ;
#4036 = LINE ( 'NONE', #5807, #4252 ) ;
#4037 = EDGE_CURVE ( 'NONE', #5329, #1220, #1849, .T. ) ;
#4038 = ORIENTED_EDGE ( 'NONE', *, *, #1048, .F. ) ;
#4039 = DIRECTION ( 'NONE',  ( 0.000000000000000000, 1.000000000000000000, 0.000000000000000000 ) ) ;
#4040 = DIRECTION ( 'NONE',  ( 0.000000000000000000, 1.000000000000000000, 0.000000000000000000 ) ) ;
#4041 = DIRECTION ( 'NONE',  ( -0.000000000000000000, -1.000000000000000000, -0.000000000000000000 ) ) ;
#4042 = ORIENTED_EDGE ( 'NONE', *, *, #4205, .T. ) ;
#4043 = EDGE_CURVE ( 'NONE', #2523, #4148, #4140, .T. ) ;
#4044 = EDGE_LOOP ( 'NONE', ( #2220, #815, #1765, #291, #759, #4474, #811, #2757, #1304, #1717, #3206 ) ) ;
#4045 = CARTESIAN_POINT ( 'NONE',  ( 46.11975214338981743, 11.76603187127127548, 5.730247856610192869 ) ) ;
#4046 = VECTOR ( 'NONE', #4412, 1000.000000000000000 ) ;
#4047 = DIRECTION ( 'NONE',  ( -0.000000000000000000, -1.000000000000000000, -0.000000000000000000 ) ) ;
#4048 = PLANE ( 'NONE',  #3806 ) ;
#4049 = EDGE_LOOP ( 'NONE', ( #5490, #2736, #5771, #5484 ) ) ;
#4050 = CARTESIAN_POINT ( 'NONE',  ( -37.06788286210068151, 20.80448725967914925, 0.5000000000000004441 ) ) ;
#4051 = ORIENTED_EDGE ( 'NONE', *, *, #4356, .F. ) ;
#4052 = LINE ( 'NONE', #374, #921 ) ;
#4053 = PLANE ( 'NONE',  #1805 ) ;
#4054 = ORIENTED_EDGE ( 'NONE', *, *, #3672, .F. ) ;
#4055 = ORIENTED_EDGE ( 'NONE', *, *, #2567, .F. ) ;
#4056 = ADVANCED_FACE ( 'NONE', ( #2374 ), #2842, .F. ) ;
#4057 = CARTESIAN_POINT ( 'NONE',  ( -43.25000000000000000, 23.15429687500000355, 0.3499999999999999223 ) ) ;
#4058 = LINE ( 'NONE', #3253, #952 ) ;
#4059 = FACE_OUTER_BOUND ( 'NONE', #5900, .T. ) ;
#4060 = LINE ( 'NONE', #3163, #5743 ) ;
#4061 = ORIENTED_EDGE ( 'NONE', *, *, #3306, .F. ) ;
#4062 = VECTOR ( 'NONE', #176, 1000.000000000000000 ) ;
#4063 = VERTEX_POINT ( 'NONE', #1329 ) ;
#4064 = ADVANCED_FACE ( 'NONE', ( #4718 ), #5607, .F. ) ;
#4065 = FACE_OUTER_BOUND ( 'NONE', #761, .T. ) ;
#4066 = CARTESIAN_POINT ( 'NONE',  ( -31.76788286210068790, 15.48641401289933661, -2.999999999999999112 ) ) ;
#4067 = VERTEX_POINT ( 'NONE', #3794 ) ;
#4068 = VECTOR ( 'NONE', #4338, 1000.000000000000000 ) ;
#4069 = CARTESIAN_POINT ( 'NONE',  ( -32.41788286210068293, 13.48641401289933661, 0.5000000000000004441 ) ) ;
#4070 = AXIS2_PLACEMENT_3D ( 'NONE', #4251, #5116, #397 ) ;
#4071 = DIRECTION ( 'NONE',  ( 0.000000000000000000, 1.000000000000000000, 0.000000000000000000 ) ) ;
#4072 = CARTESIAN_POINT ( 'NONE',  ( -16.41788286210066872, 16.07582173911838908, 2.499999999999999112 ) ) ;
#4073 = ORIENTED_EDGE ( 'NONE', *, *, #603, .T. ) ;
#4074 = VECTOR ( 'NONE', #2368, 1000.000000000000000 ) ;
#4075 = VERTEX_POINT ( 'NONE', #1788 ) ;
#4076 = FACE_OUTER_BOUND ( 'NONE', #1944, .T. ) ;
#4077 = LINE ( 'NONE', #3671, #4747 ) ;
#4078 = VECTOR ( 'NONE', #4758, 1000.000000000000000 ) ;
#4079 = EDGE_CURVE ( 'NONE', #650, #434, #6035, .T. ) ;
#4080 = LINE ( 'NONE', #3151, #252 ) ;
#4081 = EDGE_LOOP ( 'NONE', ( #2491, #386, #3346, #4352 ) ) ;
#4082 = PLANE ( 'NONE',  #4164 ) ;
#4083 = VERTEX_POINT ( 'NONE', #1386 ) ;
#4084 = VECTOR ( 'NONE', #5509, 1000.000000000000000 ) ;
#4085 = LINE ( 'NONE', #3185, #1424 ) ;
#4086 = VECTOR ( 'NONE', #702, 1000.000000000000000 ) ;
#4087 = CARTESIAN_POINT ( 'NONE',  ( 69.00000000000000000, 0.000000000000000000, 1.500000000000000444 ) ) ;
#4088 = EDGE_CURVE ( 'NONE', #986, #6093, #919, .T. ) ;
#4089 = VERTEX_POINT ( 'NONE', #4169 ) ;
#4090 = VERTEX_POINT ( 'NONE', #1819 ) ;
#4091 = PLANE ( 'NONE',  #3998 ) ;
#4092 = CARTESIAN_POINT ( 'NONE',  ( -45.75000000000000000, 25.25429687500001918, 0.4000000000000114575 ) ) ;
#4093 = CARTESIAN_POINT ( 'NONE',  ( 31.93211713789932560, 20.78641401289933910, 1.500000000000000444 ) ) ;
#4094 = EDGE_CURVE ( 'NONE', #1681, #4083, #580, .T. ) ;
#4095 = DIRECTION ( 'NONE',  ( -1.000000000000000000, 4.956352788505164254E-16, -0.000000000000000000 ) ) ;
#4096 = ORIENTED_EDGE ( 'NONE', *, *, #798, .T. ) ;
#4097 = ORIENTED_EDGE ( 'NONE', *, *, #1379, .T. ) ;
#4098 = DIRECTION ( 'NONE',  ( 0.000000000000000000, 0.000000000000000000, 1.000000000000000000 ) ) ;
#4099 = DIRECTION ( 'NONE',  ( 0.5773502691896190697, 0.5773502691896391648, -0.5773502691896191807 ) ) ;
#4100 = VERTEX_POINT ( 'NONE', #3241 ) ;
#4101 = VECTOR ( 'NONE', #188, 1000.000000000000000 ) ;
#4102 = DIRECTION ( 'NONE',  ( 0.000000000000000000, 1.000000000000000000, 1.608394988049539567E-16 ) ) ;
#4103 = EDGE_CURVE ( 'NONE', #4693, #2781, #105, .T. ) ;
#4104 = DIRECTION ( 'NONE',  ( 1.000000000000000000, 0.000000000000000000, 0.000000000000000000 ) ) ;
#4105 = AXIS2_PLACEMENT_3D ( 'NONE', #2209, #2711, #4586 ) ;
#4106 = VECTOR ( 'NONE', #4700, 1000.000000000000000 ) ;
#4107 = DIRECTION ( 'NONE',  ( 0.000000000000000000, -0.000000000000000000, 1.000000000000000000 ) ) ;
#4108 = VERTEX_POINT ( 'NONE', #5810 ) ;
#4109 = ORIENTED_EDGE ( 'NONE', *, *, #3064, .F. ) ;
#4110 = DIRECTION ( 'NONE',  ( 0.000000000000000000, -1.000000000000000000, -1.608394988049539567E-16 ) ) ;
#4111 = AXIS2_PLACEMENT_3D ( 'NONE', #4851, #4882, #4941 ) ;
#4112 = DIRECTION ( 'NONE',  ( -0.000000000000000000, -0.000000000000000000, 1.000000000000000000 ) ) ;
#4113 = VECTOR ( 'NONE', #913, 1000.000000000000000 ) ;
#4114 = DIRECTION ( 'NONE',  ( -0.7071067811865469066, -0.7071067811865482389, 0.000000000000000000 ) ) ;
#4115 = ORIENTED_EDGE ( 'NONE', *, *, #5995, .F. ) ;
#4116 = ORIENTED_EDGE ( 'NONE', *, *, #5689, .T. ) ;
#4117 = CARTESIAN_POINT ( 'NONE',  ( -36.47847513588163082, 23.17217973710068080, 1.500000000000000444 ) ) ;
#4118 = CARTESIAN_POINT ( 'NONE',  ( 37.23211713789931565, 20.78641401289933910, 1.500000000000000444 ) ) ;
#4119 = ORIENTED_EDGE ( 'NONE', *, *, #1745, .T. ) ;
#4120 = DIRECTION ( 'NONE',  ( 1.000000000000000000, 1.334402673828313586E-16, 0.000000000000000000 ) ) ;
#4121 = ORIENTED_EDGE ( 'NONE', *, *, #5451, .F. ) ;
#4122 = CARTESIAN_POINT ( 'NONE',  ( 36.69635799798229669, 23.15429687500000000, 1.500000000000000444 ) ) ;
#4123 = EDGE_CURVE ( 'NONE', #3918, #3661, #4806, .T. ) ;
#4124 = CARTESIAN_POINT ( 'NONE',  ( -32.32152486411838765, 23.17217973710068080, 1.500000000000000444 ) ) ;
#4125 =( NAMED_UNIT ( * ) PLANE_ANGLE_UNIT ( ) SI_UNIT ( $, .RADIAN. ) );
#4126 = AXIS2_PLACEMENT_3D ( 'NONE', #2611, #1554, #4881 ) ;
#4127 = PLANE ( 'NONE',  #4105 ) ;
#4128 = ORIENTED_EDGE ( 'NONE', *, *, #222, .F. ) ;
#4129 = CARTESIAN_POINT ( 'NONE',  ( 39.25000000000000000, 15.70793887701771041, 2.499999999999999112 ) ) ;
#4130 = CARTESIAN_POINT ( 'NONE',  ( 36.67847513588163366, 13.13641401289933874, 1.500000000000000444 ) ) ;
#4131 = EDGE_CURVE ( 'NONE', #4089, #4021, #5231, .T. ) ;
#4132 = ORIENTED_EDGE ( 'NONE', *, *, #4942, .F. ) ;
#4133 = LINE ( 'NONE', #5078, #1101 ) ;
#4134 = DIRECTION ( 'NONE',  ( -1.000000000000000000, -1.309225264888156130E-15, 0.000000000000000000 ) ) ;
#4135 = DIRECTION ( 'NONE',  ( 0.000000000000000000, 0.7071067811865465735, -0.7071067811865483499 ) ) ;
#4136 = VERTEX_POINT ( 'NONE', #2027 ) ;
#4137 = EDGE_CURVE ( 'NONE', #1518, #4108, #5265, .T. ) ;
#4138 = ORIENTED_EDGE ( 'NONE', *, *, #2482, .F. ) ;
#4139 = CARTESIAN_POINT ( 'NONE',  ( 36.58211713789932418, 20.78641401289933910, 1.500000000000000444 ) ) ;
#4140 = LINE ( 'NONE', #5206, #5827 ) ;
#4141 = DIRECTION ( 'NONE',  ( -1.000000000000000000, 0.000000000000000000, 0.000000000000000000 ) ) ;
#4142 = ORIENTED_EDGE ( 'NONE', *, *, #2310, .F. ) ;
#4143 = EDGE_LOOP ( 'NONE', ( #4518, #2744, #5764, #2595, #99 ) ) ;
#4144 = DIRECTION ( 'NONE',  ( 0.7071067811865469066, 0.7071067811865482389, 0.000000000000000000 ) ) ;
#4145 = DIRECTION ( 'NONE',  ( 0.000000000000000000, 0.000000000000000000, -1.000000000000000000 ) ) ;
#4146 = ORIENTED_EDGE ( 'NONE', *, *, #1030, .F. ) ;
#4147 = FACE_OUTER_BOUND ( 'NONE', #310, .T. ) ;
#4148 = VERTEX_POINT ( 'NONE', #601 ) ;
#4149 = ADVANCED_FACE ( 'NONE', ( #3942 ), #4402, .F. ) ;
#4150 = CARTESIAN_POINT ( 'NONE',  ( 39.25000000000000000, 23.15429687500000000, 6.000000000000000000 ) ) ;
#4151 = FACE_OUTER_BOUND ( 'NONE', #5873, .T. ) ;
#4152 = DIRECTION ( 'NONE',  ( 1.000000000000000000, -1.734723475976806709E-18, -0.000000000000000000 ) ) ;
#4153 = EDGE_CURVE ( 'NONE', #2716, #1604, #572, .T. ) ;
#4154 = FACE_OUTER_BOUND ( 'NONE', #2463, .T. ) ;
#4155 = VERTEX_POINT ( 'NONE', #5723 ) ;
#4156 = EDGE_CURVE ( 'NONE', #2616, #1259, #1504, .T. ) ;
#4157 = CARTESIAN_POINT ( 'NONE',  ( 32.58211713789932418, 22.78641401289933910, 0.5000000000000004441 ) ) ;
#4158 = DIRECTION ( 'NONE',  ( 1.000000000000000000, 2.478176394252582127E-16, 0.000000000000000000 ) ) ;
#4159 = CARTESIAN_POINT ( 'NONE',  ( -9.417882862100684704, 20.78641401289933910, 0.5000000000000004441 ) ) ;
#4160 = DIRECTION ( 'NONE',  ( -0.000000000000000000, 1.000000000000000000, -0.000000000000000000 ) ) ;
#4161 = AXIS2_PLACEMENT_3D ( 'NONE', #1570, #5303, #2537 ) ;
#4162 = EDGE_CURVE ( 'NONE', #3246, #1685, #1999, .T. ) ;
#4163 = PLANE ( 'NONE',  #2636 ) ;
#4164 = AXIS2_PLACEMENT_3D ( 'NONE', #1700, #3731, #5461 ) ;
#4165 = ORIENTED_EDGE ( 'NONE', *, *, #3999, .F. ) ;
#4166 = ORIENTED_EDGE ( 'NONE', *, *, #3055, .T. ) ;
#4167 = VECTOR ( 'NONE', #690, 1000.000000000000000 ) ;
#4168 = DIRECTION ( 'NONE',  ( -1.000000000000000000, -0.000000000000000000, -0.000000000000000000 ) ) ;
#4169 = CARTESIAN_POINT ( 'NONE',  ( -45.55000000000000426, 10.85429687500000284, 0.2000000000000195233 ) ) ;
#4170 = ADVANCED_FACE ( 'NONE', ( #3885 ), #5756, .F. ) ;
#4171 = ORIENTED_EDGE ( 'NONE', *, *, #844, .T. ) ;
#4172 = LINE ( 'NONE', #1821, #5579 ) ;
#4173 = EDGE_LOOP ( 'NONE', ( #2052, #2702, #860, #2461 ) ) ;
#4174 = ORIENTED_EDGE ( 'NONE', *, *, #2802, .F. ) ;
#4175 = CARTESIAN_POINT ( 'NONE',  ( -36.47847513588161661, 13.13641401289933697, 1.500000000000000444 ) ) ;
#4176 = AXIS2_PLACEMENT_3D ( 'NONE', #3097, #280, #4934 ) ;
#4177 = PLANE ( 'NONE',  #615 ) ;
#4178 = ADVANCED_FACE ( 'NONE', ( #1590 ), #3853, .F. ) ;
#4179 = VECTOR ( 'NONE', #1963, 1000.000000000000000 ) ;
#4180 = ORIENTED_EDGE ( 'NONE', *, *, #141, .F. ) ;
#4181 = FACE_OUTER_BOUND ( 'NONE', #3912, .T. ) ;
#4182 = ORIENTED_EDGE ( 'NONE', *, *, #4927, .F. ) ;
#4183 = PLANE ( 'NONE',  #3510 ) ;
#4184 = DIRECTION ( 'NONE',  ( -0.000000000000000000, -0.000000000000000000, 1.000000000000000000 ) ) ;
#4185 = FACE_OUTER_BOUND ( 'NONE', #4561, .T. ) ;
#4186 = LINE ( 'NONE', #5684, #3012 ) ;
#4187 = VERTEX_POINT ( 'NONE', #4284 ) ;
#4188 = DIRECTION ( 'NONE',  ( 0.000000000000000000, 1.000000000000000000, 0.000000000000000000 ) ) ;
#4189 = DIRECTION ( 'NONE',  ( 0.000000000000000000, -0.000000000000000000, 1.000000000000000000 ) ) ;
#4190 = CARTESIAN_POINT ( 'NONE',  ( -7.000000000000001776, 15.45793887701771219, 1.500000000000000444 ) ) ;
#4191 = DIRECTION ( 'NONE',  ( 0.000000000000000000, 0.000000000000000000, -1.000000000000000000 ) ) ;
#4192 = DIRECTION ( 'NONE',  ( 1.000000000000000000, 4.173067663955945463E-16, 0.000000000000000000 ) ) ;
#4193 = ORIENTED_EDGE ( 'NONE', *, *, #4079, .F. ) ;
#4194 = DIRECTION ( 'NONE',  ( -0.000000000000000000, -0.000000000000000000, 1.000000000000000000 ) ) ;
#4195 = ORIENTED_EDGE ( 'NONE', *, *, #1125, .T. ) ;
#4196 = LINE ( 'NONE', #3240, #4443 ) ;
#4197 = EDGE_CURVE ( 'NONE', #5410, #3820, #2901, .T. ) ;
#4198 = DIRECTION ( 'NONE',  ( 1.000000000000000000, -0.000000000000000000, -0.000000000000000000 ) ) ;
#4199 = CARTESIAN_POINT ( 'NONE',  ( -45.75000000000000000, 25.65429687500000355, 0.4000000000000114575 ) ) ;
#4200 = ORIENTED_EDGE ( 'NONE', *, *, #682, .F. ) ;
#4201 = EDGE_LOOP ( 'NONE', ( #5183, #3471, #2438, #2338 ) ) ;
#4202 = ADVANCED_FACE ( 'NONE', ( #3422 ), #1068, .F. ) ;
#4203 = LINE ( 'NONE', #2536, #5921 ) ;
#4204 = VECTOR ( 'NONE', #2539, 1000.000000000000000 ) ;
#4205 = EDGE_CURVE ( 'NONE', #1681, #802, #1565, .T. ) ;
#4206 = VECTOR ( 'NONE', #3377, 1000.000000000000000 ) ;
#4207 = VECTOR ( 'NONE', #1010, 1000.000000000000000 ) ;
#4208 = ORIENTED_EDGE ( 'NONE', *, *, #1854, .T. ) ;
#4209 = LINE ( 'NONE', #1884, #4387 ) ;
#4210 = VERTEX_POINT ( 'NONE', #1970 ) ;
#4211 = LINE ( 'NONE', #3286, #1539 ) ;
#4212 = EDGE_CURVE ( 'NONE', #2608, #4571, #2529, .T. ) ;
#4213 = LINE ( 'NONE', #2765, #3476 ) ;
#4214 = CARTESIAN_POINT ( 'NONE',  ( -45.75000000000000000, 20.85065487298230735, 2.500000000000000000 ) ) ;
#4215 = FACE_OUTER_BOUND ( 'NONE', #3861, .T. ) ;
#4216 = ORIENTED_EDGE ( 'NONE', *, *, #5526, .T. ) ;
#4217 = CARTESIAN_POINT ( 'NONE',  ( -38.75000000000000000, 23.15429687499999289, 4.000000000000000000 ) ) ;
#4218 = DIRECTION ( 'NONE',  ( 1.000000000000000000, 0.000000000000000000, 0.000000000000000000 ) ) ;
#4219 = LINE ( 'NONE', #3753, #3572 ) ;
#4220 = CARTESIAN_POINT ( 'NONE',  ( -43.25000000000000000, 23.15429687500000355, 0.3499999999999999223 ) ) ;
#4221 = CARTESIAN_POINT ( 'NONE',  ( 32.52152486411839050, 13.13641401289933697, 1.500000000000000444 ) ) ;
#4222 = VERTEX_POINT ( 'NONE', #1940 ) ;
#4223 = DIRECTION ( 'NONE',  ( 0.000000000000000000, 0.000000000000000000, -1.000000000000000000 ) ) ;
#4224 = EDGE_LOOP ( 'NONE', ( #1124, #1708, #3892, #5785, #3094, #395 ) ) ;
#4225 = CARTESIAN_POINT ( 'NONE',  ( -13.49635799798231517, 23.15429687499999289, 6.000000000000000000 ) ) ;
#4226 = ADVANCED_FACE ( 'NONE', ( #3826 ), #5699, .T. ) ;
#4227 = CARTESIAN_POINT ( 'NONE',  ( 9.521524864118385167, 13.13641401289933697, 1.500000000000000444 ) ) ;
#4228 = ORIENTED_EDGE ( 'NONE', *, *, #637, .F. ) ;
#4229 = EDGE_LOOP ( 'NONE', ( #4128, #4109, #2015, #3339 ) ) ;
#4230 = FACE_OUTER_BOUND ( 'NONE', #1911, .T. ) ;
#4231 = CARTESIAN_POINT ( 'NONE',  ( 31.93211713789931849, 20.78641401289933910, 0.000000000000000000 ) ) ;
#4232 = EDGE_CURVE ( 'NONE', #4685, #5335, #2439, .T. ) ;
#4233 = VERTEX_POINT ( 'NONE', #2590 ) ;
#4234 = LINE ( 'NONE', #2911, #4975 ) ;
#4235 = ORIENTED_EDGE ( 'NONE', *, *, #4914, .F. ) ;
#4236 = DIRECTION ( 'NONE',  ( -1.000000000000000000, 0.000000000000000000, 0.000000000000000000 ) ) ;
#4237 = CARTESIAN_POINT ( 'NONE',  ( 31.93211713789932560, 15.48641401289933661, 0.5000000000000004441 ) ) ;
#4238 = APPLICATION_CONTEXT ( 'configuration controlled 3d designs of mechanical parts and assemblies' ) ;
#4239 = DIRECTION ( 'NONE',  ( 0.000000000000000000, -1.000000000000000000, 0.000000000000000000 ) ) ;
#4240 = EDGE_CURVE ( 'NONE', #3232, #1885, #1284, .T. ) ;
#4241 = LINE ( 'NONE', #2392, #351 ) ;
#4242 = EDGE_LOOP ( 'NONE', ( #5984, #1417, #4917, #5051, #4286, #5247, #1800, #2073, #2877, #282, #1974, #4115, #480, #4235, #4248, #247, #4261, #2004, #5455, #1143, #883, #5430, #2315, #2525, #5838 ) ) ;
#4243 = DIRECTION ( 'NONE',  ( -0.000000000000000000, 1.000000000000000000, -0.000000000000000000 ) ) ;
#4244 = DIRECTION ( 'NONE',  ( 0.000000000000000000, 0.000000000000000000, 1.000000000000000000 ) ) ;
#4245 = DIRECTION ( 'NONE',  ( 1.000000000000000000, 4.173067663955945463E-16, 0.000000000000000000 ) ) ;
#4246 = DIRECTION ( 'NONE',  ( -1.000000000000000000, -0.000000000000000000, -0.000000000000000000 ) ) ;
#4247 = CARTESIAN_POINT ( 'NONE',  ( -9.417882862100684704, 15.48641401289933661, 1.500000000000000444 ) ) ;
#4248 = ORIENTED_EDGE ( 'NONE', *, *, #870, .F. ) ;
#4249 = LINE ( 'NONE', #2436, #5725 ) ;
#4250 = EDGE_LOOP ( 'NONE', ( #5850, #2643, #1070, #1997, #103, #2410 ) ) ;
#4251 = CARTESIAN_POINT ( 'NONE',  ( -36.41788286210068293, 15.48641401289933661, 0.5000000000000004441 ) ) ;
#4252 = VECTOR ( 'NONE', #5842, 1000.000000000000000 ) ;
#4253 = CARTESIAN_POINT ( 'NONE',  ( 9.582117137899318848, 20.78641401289933910, 0.5000000000000004441 ) ) ;
#4254 = VERTEX_POINT ( 'NONE', #5904 ) ;
#4255 = AXIS2_PLACEMENT_3D ( 'NONE', #3578, #2127, #5945 ) ;
#4256 = ORIENTED_EDGE ( 'NONE', *, *, #1074, .F. ) ;
#4257 = PLANE ( 'NONE',  #4826 ) ;
#4258 = ADVANCED_FACE ( 'NONE', ( #326, #1255 ), #3171, .T. ) ;
#4259 = LINE ( 'NONE', #663, #5057 ) ;
#4260 = AXIS2_PLACEMENT_3D ( 'NONE', #5109, #5539, #2307 ) ;
#4261 = ORIENTED_EDGE ( 'NONE', *, *, #4156, .F. ) ;
#4262 = CARTESIAN_POINT ( 'NONE',  ( 13.58211713789931530, 22.78641401289933910, 0.5000000000000004441 ) ) ;
#4263 = VERTEX_POINT ( 'NONE', #1623 ) ;
#4264 = VECTOR ( 'NONE', #3746, 1000.000000000000000 ) ;
#4265 = LINE ( 'NONE', #89, #2710 ) ;
#4266 = EDGE_CURVE ( 'NONE', #2353, #5413, #5845, .T. ) ;
#4267 = DIRECTION ( 'NONE',  ( 0.000000000000000000, 0.000000000000000000, -1.000000000000000000 ) ) ;
#4268 = APPROVAL_DATE_TIME ( #992, #1277 ) ;
#4269 = VECTOR ( 'NONE', #4320, 1000.000000000000000 ) ;
#4270 = DIRECTION ( 'NONE',  ( -0.000000000000000000, -1.000000000000000000, -0.000000000000000000 ) ) ;
#4271 = ORIENTED_EDGE ( 'NONE', *, *, #394, .F. ) ;
#4272 = FACE_OUTER_BOUND ( 'NONE', #914, .T. ) ;
#4273 = DIRECTION ( 'NONE',  ( -0.000000000000000000, 1.000000000000000000, -0.000000000000000000 ) ) ;
#4274 = VECTOR ( 'NONE', #5501, 1000.000000000000000 ) ;
#4275 = EDGE_CURVE ( 'NONE', #3658, #2174, #265, .T. ) ;
#4276 = AXIS2_PLACEMENT_3D ( 'NONE', #584, #2477, #2969 ) ;
#4277 = CARTESIAN_POINT ( 'NONE',  ( 15.98211713789931387, 20.78641401289933910, 1.500000000000000444 ) ) ;
#4278 = LINE ( 'NONE', #5135, #6037 ) ;
#4279 = FACE_OUTER_BOUND ( 'NONE', #5718, .T. ) ;
#4280 = VERTEX_POINT ( 'NONE', #5014 ) ;
#4281 = PLANE ( 'NONE',  #207 ) ;
#4282 = VECTOR ( 'NONE', #4244, 1000.000000000000000 ) ;
#4283 = ORIENTED_EDGE ( 'NONE', *, *, #982, .F. ) ;
#4284 = CARTESIAN_POINT ( 'NONE',  ( -8.767882862100687902, 15.48641401289933661, 1.500000000000000444 ) ) ;
#4285 = CARTESIAN_POINT ( 'NONE',  ( 46.25000000000000000, 11.65429687500000533, 5.600000000000016520 ) ) ;
#4286 = ORIENTED_EDGE ( 'NONE', *, *, #1396, .T. ) ;
#4287 = EDGE_LOOP ( 'NONE', ( #1181, #2356, #4119, #1452 ) ) ;
#4288 = CARTESIAN_POINT ( 'NONE',  ( -13.41788286210068115, 22.78641401289933910, 0.5000000000000004441 ) ) ;
#4289 = CARTESIAN_POINT ( 'NONE',  ( -38.75000000000000000, 15.48641401289933661, 1.500000000000000444 ) ) ;
#4290 = VECTOR ( 'NONE', #3686, 1000.000000000000000 ) ;
#4291 = ORIENTED_EDGE ( 'NONE', *, *, #2625, .T. ) ;
#4292 = CLOSED_SHELL ( 'NONE', ( #877, #2165, #5391, #2640, #5308, #6007, #3747, #5165, #589, #6087, #506, #4, #1551, #4545, #2473, #2248, #1971, #5102, #6064, #94, #1996, #5876, #5853, #1909, #3528, #1777, #3680, #4933, #4721, #4170, #5587, #1203, #4690, #4629, #3734, #1624, #3470, #1332, #4726, #561, #362, #5416, #2151, #2076, #567, #1881, #2113, #3159, #4660, #3080, #3723, #3248, #585, #2994, #4517, #3520, #4064, #4202, #2003, #6036, #5795, #3591, #5296, #2437, #1194, #3022, #6071, #5562, #1257, #5205, #2727, #3135, #3361, #4178, #1488, #1774, #2428, #2180, #4019, #3321, #3508, #5627, #1431, #4294, #2093, #1173, #5700, #1682, #995, #219, #5693, #1416, #4681, #4531, #3625, #66, #5612, #3775, #2121, #5729, #1783, #4568, #5538, #6076, #2573, #1018, #2219, #1264, #1593, #1366, #5244, #4302, #6084, #4258, #3592, #4767, #5420, #4995, #4056, #3819, #889, #5498, #1585, #2026, #12, #2497, #4502, #215, #5736, #1767, #2521, #41, #865, #5801, #3909, #490, #610, #4226, #5230, #5316, #335, #2272, #2063, #48, #198, #1926, #4377, #3487, #2284, #750, #4391, #184, #4608, #157, #5211, #3776, #1850, #1328, #1832, #4578, #484, #2841, #4149, #1244, #1147, #4809, #2986, #1889, #1528, #791, #3639, #2042, #1616, #4777, #2546, #1398, #954, #2442, #2308, #302, #5890, #4441, #372, #5910, #4752, #3589, #4366, #5614 ) ) ;
#4293 = APPROVAL ( #3901, 'UNSPECIFIED' ) ;
#4294 = ADVANCED_FACE ( 'NONE', ( #2215 ), #756, .F. ) ;
#4295 = CARTESIAN_POINT ( 'NONE',  ( -38.75000000000000000, 22.40429687500000355, 1.000000000000000000 ) ) ;
#4296 = VERTEX_POINT ( 'NONE', #4985 ) ;
#4297 = LINE ( 'NONE', #5160, #59 ) ;
#4298 = VECTOR ( 'NONE', #932, 1000.000000000000000 ) ;
#4299 = CARTESIAN_POINT ( 'NONE',  ( 32.58211713789932418, 22.78641401289933910, 1.500000000000000444 ) ) ;
#4300 = AXIS2_PLACEMENT_3D ( 'NONE', #142, #980, #2001 ) ;
#4301 = ORIENTED_EDGE ( 'NONE', *, *, #3149, .T. ) ;
#4302 = ADVANCED_FACE ( 'NONE', ( #1157 ), #2560, .T. ) ;
#4303 = DIRECTION ( 'NONE',  ( -1.000000000000000000, 0.000000000000000000, -0.000000000000000000 ) ) ;
#4304 = LINE ( 'NONE', #1928, #1341 ) ;
#4305 = CARTESIAN_POINT ( 'NONE',  ( -8.767882862100687902, 20.78641401289933910, -2.999999999999999112 ) ) ;
#4306 = CARTESIAN_POINT ( 'NONE',  ( 13.58211713789931530, 15.48641401289933661, 0.5000000000000004441 ) ) ;
#4307 = ORIENTED_EDGE ( 'NONE', *, *, #4838, .F. ) ;
#4308 = DIRECTION ( 'NONE',  ( -1.000000000000000000, -0.000000000000000000, -0.000000000000000000 ) ) ;
#4309 = ORIENTED_EDGE ( 'NONE', *, *, #450, .T. ) ;
#4310 = DIRECTION ( 'NONE',  ( 4.173067663955944970E-16, -1.000000000000000000, 0.000000000000000000 ) ) ;
#4311 = ORIENTED_EDGE ( 'NONE', *, *, #2399, .F. ) ;
#4312 = CARTESIAN_POINT ( 'NONE',  ( -36.41788286210068293, 15.48641401289933661, 0.5000000000000004441 ) ) ;
#4313 = VECTOR ( 'NONE', #1958, 1000.000000000000000 ) ;
#4314 = EDGE_CURVE ( 'NONE', #2501, #1446, #4009, .T. ) ;
#4315 = PLANE ( 'NONE',  #5378 ) ;
#4316 = ORIENTED_EDGE ( 'NONE', *, *, #431, .T. ) ;
#4317 = ORIENTED_EDGE ( 'NONE', *, *, #137, .F. ) ;
#4318 = CARTESIAN_POINT ( 'NONE',  ( -37.06788286210068151, 20.80448725967914925, 1.500000000000000444 ) ) ;
#4319 = PLANE ( 'NONE',  #3276 ) ;
#4320 = DIRECTION ( 'NONE',  ( -0.000000000000000000, -0.000000000000000000, 1.000000000000000000 ) ) ;
#4321 = EDGE_CURVE ( 'NONE', #1259, #5759, #4429, .T. ) ;
#4322 = VERTEX_POINT ( 'NONE', #2621 ) ;
#4323 = DIRECTION ( 'NONE',  ( -1.000000000000000000, -8.896017825522088106E-17, 0.000000000000000000 ) ) ;
#4324 = ORIENTED_EDGE ( 'NONE', *, *, #5426, .F. ) ;
#4325 = CARTESIAN_POINT ( 'NONE',  ( -8.767882862100687902, 15.50448725967914676, 0.5000000000000004441 ) ) ;
#4326 = LINE ( 'NONE', #4237, #3869 ) ;
#4327 = CARTESIAN_POINT ( 'NONE',  ( 0.000000000000000000, 0.000000000000000000, 0.000000000000000000 ) ) ;
#4328 = EDGE_CURVE ( 'NONE', #4813, #6009, #3571, .T. ) ;
#4329 = ORIENTED_EDGE ( 'NONE', *, *, #4321, .T. ) ;
#4330 = CARTESIAN_POINT ( 'NONE',  ( -45.75000000000000000, 20.85065487298230735, 4.000000000000000000 ) ) ;
#4331 = LINE ( 'NONE', #1146, #2530 ) ;
#4332 = CARTESIAN_POINT ( 'NONE',  ( -43.75000000000000000, 23.15429687500000355, 0.3499999999999999223 ) ) ;
#4333 = EDGE_CURVE ( 'NONE', #4233, #3772, #785, .T. ) ;
#4334 = LINE ( 'NONE', #3935, #5647 ) ;
#4335 = VERTEX_POINT ( 'NONE', #4493 ) ;
#4336 = CARTESIAN_POINT ( 'NONE',  ( -45.75000000000000000, 25.65429687500000355, 0.4000000000000114575 ) ) ;
#4337 = VERTEX_POINT ( 'NONE', #5450 ) ;
#4338 = DIRECTION ( 'NONE',  ( -0.000000000000000000, -0.000000000000000000, 1.000000000000000000 ) ) ;
#4339 = ORIENTED_EDGE ( 'NONE', *, *, #3070, .F. ) ;
#4340 = VECTOR ( 'NONE', #3093, 1000.000000000000000 ) ;
#4341 = CARTESIAN_POINT ( 'NONE',  ( -43.50000000000000000, 22.90429687500000355, 0.5999999999999999778 ) ) ;
#4342 = EDGE_CURVE ( 'NONE', #882, #2762, #236, .T. ) ;
#4343 = CARTESIAN_POINT ( 'NONE',  ( 9.582117137899318848, 15.48641401289933661, 0.5000000000000004441 ) ) ;
#4344 = ORIENTED_EDGE ( 'NONE', *, *, #2771, .T. ) ;
#4345 = ORIENTED_EDGE ( 'NONE', *, *, #5046, .T. ) ;
#4346 = DIRECTION ( 'NONE',  ( -0.000000000000000000, 1.000000000000000000, 0.000000000000000000 ) ) ;
#4347 = DIRECTION ( 'NONE',  ( 0.000000000000000000, -1.000000000000000000, 0.000000000000000000 ) ) ;
#4348 = EDGE_CURVE ( 'NONE', #3073, #3667, #5938, .T. ) ;
#4349 = VECTOR ( 'NONE', #298, 1000.000000000000000 ) ;
#4350 = ORIENTED_EDGE ( 'NONE', *, *, #2876, .T. ) ;
#4351 = CARTESIAN_POINT ( 'NONE',  ( -38.75000000000000000, 13.90429687500000355, 1.000000000000000000 ) ) ;
#4352 = ORIENTED_EDGE ( 'NONE', *, *, #34, .T. ) ;
#4353 = VECTOR ( 'NONE', #1968, 1000.000000000000000 ) ;
#4354 = FACE_OUTER_BOUND ( 'NONE', #3491, .T. ) ;
#4355 = VECTOR ( 'NONE', #4710, 1000.000000000000000 ) ;
#4356 = EDGE_CURVE ( 'NONE', #629, #929, #1657, .T. ) ;
#4357 = CARTESIAN_POINT ( 'NONE',  ( -37.06788286210068151, 15.48641401289933661, 1.500000000000000444 ) ) ;
#4358 = CALENDAR_DATE ( 2025, 1, 8 ) ;
#4359 = AXIS2_PLACEMENT_3D ( 'NONE', #191, #2077, #1212 ) ;
#4360 = VERTEX_POINT ( 'NONE', #5417 ) ;
#4361 = DIRECTION ( 'NONE',  ( 0.000000000000000000, 0.000000000000000000, -1.000000000000000000 ) ) ;
#4362 = DIRECTION ( 'NONE',  ( -1.000000000000000000, 0.000000000000000000, -0.000000000000000000 ) ) ;
#4363 = DIRECTION ( 'NONE',  ( -0.000000000000000000, -0.000000000000000000, 1.000000000000000000 ) ) ;
#4364 = VECTOR ( 'NONE', #5122, 1000.000000000000000 ) ;
#4365 = DIRECTION ( 'NONE',  ( -1.000000000000000000, -0.000000000000000000, -0.000000000000000000 ) ) ;
#4366 = ADVANCED_FACE ( 'NONE', ( #1185 ), #724, .F. ) ;
#4367 = ORIENTED_EDGE ( 'NONE', *, *, #3143, .F. ) ;
#4368 = LINE ( 'NONE', #2115, #1730 ) ;
#4369 = VERTEX_POINT ( 'NONE', #1754 ) ;
#4370 = FACE_OUTER_BOUND ( 'NONE', #24, .T. ) ;
#4371 = VERTEX_POINT ( 'NONE', #3637 ) ;
#4372 = AXIS2_PLACEMENT_3D ( 'NONE', #5307, #4874, #3927 ) ;
#4373 = CARTESIAN_POINT ( 'NONE',  ( 39.25000000000000000, 23.15429687500000000, 4.000000000000000000 ) ) ;
#4374 = SECURITY_CLASSIFICATION ( '', '', #2884 ) ;
#4375 = CARTESIAN_POINT ( 'NONE',  ( -45.75000000000000000, 12.21998229994924401, 6.000000000000000000 ) ) ;
#4376 = ORIENTED_EDGE ( 'NONE', *, *, #5847, .F. ) ;
#4377 = ADVANCED_FACE ( 'NONE', ( #4648 ), #1378, .F. ) ;
#4378 = ORIENTED_EDGE ( 'NONE', *, *, #2495, .F. ) ;
#4379 = PLANE ( 'NONE',  #696 ) ;
#4380 = DIRECTION ( 'NONE',  ( -1.000000000000000000, -0.000000000000000000, -0.000000000000000000 ) ) ;
#4381 = CARTESIAN_POINT ( 'NONE',  ( -45.75000000000000000, 25.65429687500000355, 6.000000000000000000 ) ) ;
#4382 = ORIENTED_EDGE ( 'NONE', *, *, #4212, .F. ) ;
#4383 = EDGE_CURVE ( 'NONE', #2669, #2283, #879, .T. ) ;
#4384 = CARTESIAN_POINT ( 'NONE',  ( -15.79999999999999538, 15.45793887701771219, 1.500000000000000444 ) ) ;
#4385 = ORIENTED_EDGE ( 'NONE', *, *, #243, .F. ) ;
#4386 = CARTESIAN_POINT ( 'NONE',  ( 8.932117137899320269, 15.48641401289933661, 0.5000000000000004441 ) ) ;
#4387 = VECTOR ( 'NONE', #1459, 1000.000000000000000 ) ;
#4388 = CARTESIAN_POINT ( 'NONE',  ( -32.41788286210068293, 22.78641401289933910, 0.5000000000000004441 ) ) ;
#4389 = APPROVAL_STATUS ( 'not_yet_approved' ) ;
#4390 = ORIENTED_EDGE ( 'NONE', *, *, #2667, .F. ) ;
#4391 = ADVANCED_FACE ( 'NONE', ( #420 ), #3263, .F. ) ;
#4392 = FACE_OUTER_BOUND ( 'NONE', #1973, .T. ) ;
#4393 = FACE_OUTER_BOUND ( 'NONE', #3502, .T. ) ;
#4394 = VECTOR ( 'NONE', #604, 1000.000000000000114 ) ;
#4395 = LINE ( 'NONE', #3413, #4658 ) ;
#4396 = LINE ( 'NONE', #5717, #5453 ) ;
#4397 = ORIENTED_EDGE ( 'NONE', *, *, #5180, .T. ) ;
#4398 = DIRECTION ( 'NONE',  ( 1.000000000000000000, 0.000000000000000000, 0.000000000000000000 ) ) ;
#4399 = EDGE_LOOP ( 'NONE', ( #2116, #1879, #3960, #1785, #4991, #1866, #839, #304 ) ) ;
#4400 = CARTESIAN_POINT ( 'NONE',  ( 0.000000000000000000, 0.000000000000000000, 4.000000000000000000 ) ) ;
#4401 = VERTEX_POINT ( 'NONE', #2835 ) ;
#4402 = PLANE ( 'NONE',  #1796 ) ;
#4403 = DIRECTION ( 'NONE',  ( 0.000000000000000000, -1.000000000000000000, 0.000000000000000000 ) ) ;
#4404 = EDGE_CURVE ( 'NONE', #3367, #3424, #5999, .T. ) ;
#4405 = VERTEX_POINT ( 'NONE', #2772 ) ;
#4406 = ORIENTED_EDGE ( 'NONE', *, *, #2016, .F. ) ;
#4407 = CARTESIAN_POINT ( 'NONE',  ( 31.93211713789932560, 15.48641401289933661, 0.5000000000000004441 ) ) ;
#4408 = CARTESIAN_POINT ( 'NONE',  ( 45.85000000000000142, 13.90429687500000355, 6.000000000000000000 ) ) ;
#4409 = EDGE_CURVE ( 'NONE', #3830, #4369, #4680, .T. ) ;
#4410 = LINE ( 'NONE', #1601, #5765 ) ;
#4411 = ORIENTED_EDGE ( 'NONE', *, *, #1443, .F. ) ;
#4412 = DIRECTION ( 'NONE',  ( -0.000000000000000000, -0.000000000000000000, 1.000000000000000000 ) ) ;
#4413 = ORIENTED_EDGE ( 'NONE', *, *, #1221, .T. ) ;
#4414 = CARTESIAN_POINT ( 'NONE',  ( 13.58211713789931530, 22.78641401289933910, 1.500000000000000444 ) ) ;
#4415 = LINE ( 'NONE', #4388, #1207 ) ;
#4416 = EDGE_CURVE ( 'NONE', #3825, #4075, #850, .T. ) ;
#4417 = ORIENTED_EDGE ( 'NONE', *, *, #5882, .T. ) ;
#4418 = ORIENTED_EDGE ( 'NONE', *, *, #413, .F. ) ;
#4419 = PLANE ( 'NONE',  #4126 ) ;
#4420 = LINE ( 'NONE', #5864, #3118 ) ;
#4421 = LINE ( 'NONE', #2172, #4945 ) ;
#4422 = EDGE_CURVE ( 'NONE', #2669, #281, #1781, .T. ) ;
#4423 = FACE_BOUND ( 'NONE', #118, .T. ) ;
#4424 = ORIENTED_EDGE ( 'NONE', *, *, #5954, .F. ) ;
#4425 = CARTESIAN_POINT ( 'NONE',  ( -43.25000000000000000, 23.15429687500000355, 0.000000000000000000 ) ) ;
#4426 = ORIENTED_EDGE ( 'NONE', *, *, #4137, .F. ) ;
#4427 = PLANE ( 'NONE',  #1092 ) ;
#4428 = VERTEX_POINT ( 'NONE', #1440 ) ;
#4429 = LINE ( 'NONE', #4920, #2691 ) ;
#4430 = DIRECTION ( 'NONE',  ( 0.000000000000000000, 0.000000000000000000, -1.000000000000000000 ) ) ;
#4431 = CARTESIAN_POINT ( 'NONE',  ( -38.75000000000000000, 13.15429687499999289, 6.000000000000000000 ) ) ;
#4432 = ORIENTED_EDGE ( 'NONE', *, *, #4466, .F. ) ;
#4433 = VERTEX_POINT ( 'NONE', #5600 ) ;
#4434 = CARTESIAN_POINT ( 'NONE',  ( -38.75000000000000000, 23.15429687499999289, 4.000000000000000000 ) ) ;
#4435 = DIRECTION ( 'NONE',  ( 0.000000000000000000, -0.000000000000000000, 1.000000000000000000 ) ) ;
#4436 = CARTESIAN_POINT ( 'NONE',  ( -45.75000000000000000, 15.45793887701771219, 3.999999999999999112 ) ) ;
#4437 = ORIENTED_EDGE ( 'NONE', *, *, #1977, .T. ) ;
#4438 = LINE ( 'NONE', #3430, #2065 ) ;
#4439 = ORIENTED_EDGE ( 'NONE', *, *, #1237, .F. ) ;
#4440 = CARTESIAN_POINT ( 'NONE',  ( 39.25000000000000000, 13.90429687500000178, 6.000000000000000000 ) ) ;
#4441 = ADVANCED_FACE ( 'NONE', ( #3662 ), #5047, .F. ) ;
#4442 = PLANE ( 'NONE',  #324 ) ;
#4443 = VECTOR ( 'NONE', #5144, 1000.000000000000000 ) ;
#4444 = ORIENTED_EDGE ( 'NONE', *, *, #5039, .F. ) ;
#4445 = VECTOR ( 'NONE', #2696, 1000.000000000000000 ) ;
#4446 = ORIENTED_EDGE ( 'NONE', *, *, #1301, .F. ) ;
#4447 = DIRECTION ( 'NONE',  ( 0.000000000000000000, -0.000000000000000000, 1.000000000000000000 ) ) ;
#4448 = VECTOR ( 'NONE', #2282, 1000.000000000000000 ) ;
#4449 = LINE ( 'NONE', #3038, #4979 ) ;
#4450 = EDGE_CURVE ( 'NONE', #1004, #3239, #909, .T. ) ;
#4451 = CARTESIAN_POINT ( 'NONE',  ( -15.79999999999999893, 20.85065487298230735, 2.500000000000000000 ) ) ;
#4452 = LINE ( 'NONE', #4484, #4274 ) ;
#4453 = VECTOR ( 'NONE', #2854, 1000.000000000000000 ) ;
#4454 = ORIENTED_EDGE ( 'NONE', *, *, #5669, .F. ) ;
#4455 = LINE ( 'NONE', #1152, #46 ) ;
#4456 = ORIENTED_EDGE ( 'NONE', *, *, #382, .T. ) ;
#4457 = FACE_OUTER_BOUND ( 'NONE', #868, .T. ) ;
#4458 = EDGE_CURVE ( 'NONE', #5174, #951, #4219, .T. ) ;
#4459 = VERTEX_POINT ( 'NONE', #5628 ) ;
#4460 = VECTOR ( 'NONE', #786, 1000.000000000000000 ) ;
#4461 = DIRECTION ( 'NONE',  ( -0.7071067811865483499, 0.7071067811865466846, 0.000000000000000000 ) ) ;
#4462 = CARTESIAN_POINT ( 'NONE',  ( 38.98211713789932276, 20.78641401289933910, 1.500000000000000444 ) ) ;
#4463 = VECTOR ( 'NONE', #2120, 1000.000000000000000 ) ;
#4464 = CARTESIAN_POINT ( 'NONE',  ( 36.58211713789932418, 15.48641401289933661, 0.5000000000000004441 ) ) ;
#4465 = ORIENTED_EDGE ( 'NONE', *, *, #5620, .F. ) ;
#4466 = EDGE_CURVE ( 'NONE', #4015, #1314, #2807, .T. ) ;
#4467 = ORIENTED_EDGE ( 'NONE', *, *, #3672, .T. ) ;
#4468 = PLANE ( 'NONE',  #2388 ) ;
#4469 = LINE ( 'NONE', #1164, #1001 ) ;
#4470 = VECTOR ( 'NONE', #4844, 1000.000000000000000 ) ;
#4471 = DIRECTION ( 'NONE',  ( 1.000000000000000000, 0.000000000000000000, 0.000000000000000000 ) ) ;
#4472 = ORIENTED_EDGE ( 'NONE', *, *, #2518, .T. ) ;
#4473 = CARTESIAN_POINT ( 'NONE',  ( 39.25000000000000000, 13.15429687500000355, 4.000000000000000000 ) ) ;
#4474 = ORIENTED_EDGE ( 'NONE', *, *, #2146, .F. ) ;
#4475 = VECTOR ( 'NONE', #5554, 1000.000000000000000 ) ;
#4476 = DIRECTION ( 'NONE',  ( 0.000000000000000000, 0.000000000000000000, 1.000000000000000000 ) ) ;
#4477 = CARTESIAN_POINT ( 'NONE',  ( 36.67847513588161945, 23.17217973710068080, 1.500000000000000444 ) ) ;
#4478 = ORIENTED_EDGE ( 'NONE', *, *, #2418, .T. ) ;
#4479 = ORIENTED_EDGE ( 'NONE', *, *, #2277, .T. ) ;
#4480 = PLANE ( 'NONE',  #1626 ) ;
#4481 = PLANE ( 'NONE',  #4111 ) ;
#4482 = CARTESIAN_POINT ( 'NONE',  ( -13.49635799798231339, 23.15429687499999645, 1.500000000000000444 ) ) ;
#4483 = VECTOR ( 'NONE', #1209, 1000.000000000000000 ) ;
#4484 = CARTESIAN_POINT ( 'NONE',  ( 45.85000000000000142, 13.90429687500000355, 6.000000000000001776 ) ) ;
#4485 = EDGE_CURVE ( 'NONE', #5264, #2963, #2747, .T. ) ;
#4486 = ORIENTED_EDGE ( 'NONE', *, *, #5711, .T. ) ;
#4487 = EDGE_CURVE ( 'NONE', #5744, #2359, #477, .T. ) ;
#4488 = VECTOR ( 'NONE', #5659, 1000.000000000000000 ) ;
#4489 = CARTESIAN_POINT ( 'NONE',  ( 39.25000000000000000, 23.15429687500000000, 4.000000000000000000 ) ) ;
#4490 = VECTOR ( 'NONE', #937, 1000.000000000000000 ) ;
#4491 = CARTESIAN_POINT ( 'NONE',  ( -45.75000000000000000, 11.05429687500000036, 6.000000000000000000 ) ) ;
#4492 = ORIENTED_EDGE ( 'NONE', *, *, #1475, .F. ) ;
#4493 = CARTESIAN_POINT ( 'NONE',  ( 29.58211713789933484, 20.23277201088163224, 1.500000000000000444 ) ) ;
#4494 = VECTOR ( 'NONE', #5710, 1000.000000000000000 ) ;
#4495 = DIRECTION ( 'NONE',  ( -0.000000000000000000, -0.000000000000000000, 1.000000000000000000 ) ) ;
#4496 = VECTOR ( 'NONE', #2750, 1000.000000000000000 ) ;
#4497 = LINE ( 'NONE', #268, #5088 ) ;
#4498 = ORIENTED_EDGE ( 'NONE', *, *, #3535, .F. ) ;
#4499 = ORIENTED_EDGE ( 'NONE', *, *, #1864, .T. ) ;
#4500 = LINE ( 'NONE', #1327, #14 ) ;
#4501 = PLANE ( 'NONE',  #5143 ) ;
#4502 = ADVANCED_FACE ( 'NONE', ( #1319 ), #2718, .F. ) ;
#4503 = FACE_OUTER_BOUND ( 'NONE', #735, .T. ) ;
#4504 = ORIENTED_EDGE ( 'NONE', *, *, #3242, .T. ) ;
#4505 = LINE ( 'NONE', #916, #4340 ) ;
#4506 = ORIENTED_EDGE ( 'NONE', *, *, #1275, .F. ) ;
#4507 = PLANE ( 'NONE',  #5164 ) ;
#4508 = FACE_OUTER_BOUND ( 'NONE', #4579, .T. ) ;
#4509 = EDGE_CURVE ( 'NONE', #1260, #2174, #3786, .T. ) ;
#4510 = ORIENTED_EDGE ( 'NONE', *, *, #2365, .T. ) ;
#4511 = VERTEX_POINT ( 'NONE', #2249 ) ;
#4512 = DIRECTION ( 'NONE',  ( -0.000000000000000000, -0.000000000000000000, 1.000000000000000000 ) ) ;
#4513 = EDGE_CURVE ( 'NONE', #4063, #2608, #4133, .T. ) ;
#4514 = CARTESIAN_POINT ( 'NONE',  ( 15.99999999999999289, 20.85065487298230735, 1.500000000000000444 ) ) ;
#4515 = CARTESIAN_POINT ( 'NONE',  ( 46.25000000000000000, 13.90429687500000355, 1.000000000000000000 ) ) ;
#4516 = DIRECTION ( 'NONE',  ( -0.000000000000000000, -0.000000000000000000, 1.000000000000000000 ) ) ;
#4517 = ADVANCED_FACE ( 'NONE', ( #3697 ), #5570, .F. ) ;
#4518 = ORIENTED_EDGE ( 'NONE', *, *, #4205, .F. ) ;
#4519 = ORIENTED_EDGE ( 'NONE', *, *, #343, .F. ) ;
#4520 = DIRECTION ( 'NONE',  ( -0.000000000000000000, -0.000000000000000000, 1.000000000000000000 ) ) ;
#4521 = EDGE_CURVE ( 'NONE', #4784, #5328, #2951, .T. ) ;
#4522 = DIRECTION ( 'NONE',  ( 1.309225264888156130E-15, -1.000000000000000000, 0.000000000000000000 ) ) ;
#4523 = ORIENTED_EDGE ( 'NONE', *, *, #2512, .F. ) ;
#4524 = EDGE_CURVE ( 'NONE', #3677, #4784, #1060, .T. ) ;
#4525 = DIRECTION ( 'NONE',  ( -0.000000000000000000, -0.000000000000000000, 1.000000000000000000 ) ) ;
#4526 = CARTESIAN_POINT ( 'NONE',  ( -30.01788286210068435, 20.78641401289933910, 0.5000000000000004441 ) ) ;
#4527 = DIRECTION ( 'NONE',  ( -0.000000000000000000, -0.000000000000000000, 1.000000000000000000 ) ) ;
#4528 = EDGE_LOOP ( 'NONE', ( #5324, #5610, #5195, #3831, #2942, #2665, #2910, #3631 ) ) ;
#4529 = ORIENTED_EDGE ( 'NONE', *, *, #5758, .T. ) ;
#4530 = CARTESIAN_POINT ( 'NONE',  ( 39.25000000000000000, 22.40429687500000355, 1.000000000000000000 ) ) ;
#4531 = ADVANCED_FACE ( 'NONE', ( #3817 ), #2397, .F. ) ;
#4532 = LINE ( 'NONE', #2690, #5816 ) ;
#4533 = LINE ( 'NONE', #1733, #453 ) ;
#4534 = AXIS2_PLACEMENT_3D ( 'NONE', #276, #5951, #4223 ) ;
#4535 = ORIENTED_EDGE ( 'NONE', *, *, #3802, .F. ) ;
#4536 = PLANE ( 'NONE',  #2290 ) ;
#4537 = ORIENTED_EDGE ( 'NONE', *, *, #1053, .T. ) ;
#4538 = DIRECTION ( 'NONE',  ( 4.173067663955944970E-16, -1.000000000000000000, 0.000000000000000000 ) ) ;
#4539 = EDGE_CURVE ( 'NONE', #5328, #3647, #3326, .T. ) ;
#4540 = DIRECTION ( 'NONE',  ( -0.000000000000000000, 1.000000000000000000, -0.000000000000000000 ) ) ;
#4541 = ORIENTED_EDGE ( 'NONE', *, *, #3179, .F. ) ;
#4542 = ORIENTED_EDGE ( 'NONE', *, *, #5441, .T. ) ;
#4543 = DIRECTION ( 'NONE',  ( 0.000000000000000000, -1.000000000000000000, 0.000000000000000000 ) ) ;
#4544 = DIRECTION ( 'NONE',  ( 0.000000000000000000, 1.000000000000000000, 1.608394988049539567E-16 ) ) ;
#4545 = ADVANCED_FACE ( 'NONE', ( #5317 ), #70, .T. ) ;
#4546 = DIRECTION ( 'NONE',  ( 0.000000000000000000, 0.000000000000000000, 1.000000000000000000 ) ) ;
#4547 = DIRECTION ( 'NONE',  ( 0.5773502691896190697, -0.5773502691896391648, 0.5773502691896191807 ) ) ;
#4548 = VECTOR ( 'NONE', #2117, 1000.000000000000000 ) ;
#4549 = EDGE_CURVE ( 'NONE', #5125, #340, #2891, .T. ) ;
#4550 = CARTESIAN_POINT ( 'NONE',  ( 8.932117137899320269, 20.80448725967914925, 1.500000000000000444 ) ) ;
#4551 = AXIS2_PLACEMENT_3D ( 'NONE', #3178, #5487, #5055 ) ;
#4552 = ORIENTED_EDGE ( 'NONE', *, *, #2016, .T. ) ;
#4553 = CARTESIAN_POINT ( 'NONE',  ( 39.25000000000000000, 13.90429687500000178, 1.000000000000000000 ) ) ;
#4554 = CARTESIAN_POINT ( 'NONE',  ( -45.75000000000000000, 10.65429687500000355, 0.4000000000000114575 ) ) ;
#4555 = ORIENTED_EDGE ( 'NONE', *, *, #1506, .F. ) ;
#4556 = VECTOR ( 'NONE', #4589, 1000.000000000000000 ) ;
#4557 = CARTESIAN_POINT ( 'NONE',  ( -45.75000000000000000, 20.85065487298230735, 2.500000000000000000 ) ) ;
#4558 = VECTOR ( 'NONE', #2496, 1000.000000000000000 ) ;
#4559 = LINE ( 'NONE', #327, #2000 ) ;
#4560 = FACE_OUTER_BOUND ( 'NONE', #1764, .T. ) ;
#4561 = EDGE_LOOP ( 'NONE', ( #2099, #3238, #3926, #3309 ) ) ;
#4562 = VECTOR ( 'NONE', #871, 1000.000000000000000 ) ;
#4563 = EDGE_CURVE ( 'NONE', #4564, #5119, #2486, .T. ) ;
#4564 = VERTEX_POINT ( 'NONE', #3845 ) ;
#4565 = FACE_OUTER_BOUND ( 'NONE', #836, .T. ) ;
#4566 = LINE ( 'NONE', #3616, #106 ) ;
#4567 = AXIS2_PLACEMENT_3D ( 'NONE', #1642, #155, #1238 ) ;
#4569 = ORIENTED_EDGE ( 'NONE', *, *, #2717, .T. ) ;
#4568 = ADVANCED_FACE ( 'NONE', ( #1084 ), #4737, .F. ) ;
#4570 = LINE ( 'NONE', #4227, #547 ) ;
#4571 = VERTEX_POINT ( 'NONE', #1494 ) ;
#4572 = CARTESIAN_POINT ( 'NONE',  ( 13.67847513588161412, 23.17217973710068080, 6.000000000000000000 ) ) ;
#4573 = ORIENTED_EDGE ( 'NONE', *, *, #870, .T. ) ;
#4574 = AXIS2_PLACEMENT_3D ( 'NONE', #2276, #3298, #5171 ) ;
#4575 = DIRECTION ( 'NONE',  ( 1.000000000000000000, 0.000000000000000000, 0.000000000000000000 ) ) ;
#4576 = CARTESIAN_POINT ( 'NONE',  ( -43.64644660940672338, 13.25785026559327662, 0.5999999999999998668 ) ) ;
#4577 =( GEOMETRIC_REPRESENTATION_CONTEXT ( 3 ) GLOBAL_UNCERTAINTY_ASSIGNED_CONTEXT ( ( #3336 ) ) GLOBAL_UNIT_ASSIGNED_CONTEXT ( ( #6019, #4125, #3689 ) ) REPRESENTATION_CONTEXT ( 'NONE', 'WORKASPACE' ) );
#4578 = ADVANCED_FACE ( 'NONE', ( #3385 ), #129, .F. ) ;
#4579 = EDGE_LOOP ( 'NONE', ( #963, #975, #2031, #550 ) ) ;
#4580 = CARTESIAN_POINT ( 'NONE',  ( 29.58211713789933484, 16.07582173911838908, 2.499999999999999112 ) ) ;
#4581 = ORIENTED_EDGE ( 'NONE', *, *, #2122, .T. ) ;
#4582 = DIRECTION ( 'NONE',  ( -0.000000000000000000, -0.000000000000000000, 1.000000000000000000 ) ) ;
#4583 = CARTESIAN_POINT ( 'NONE',  ( -38.75000000000000000, 20.90065487298230096, 1.500000000000000444 ) ) ;
#4584 = CARTESIAN_POINT ( 'NONE',  ( 39.25000000000000000, 20.85065487298230735, 1.000000000000000000 ) ) ;
#4585 = EDGE_CURVE ( 'NONE', #3099, #5730, #5257, .T. ) ;
#4586 = DIRECTION ( 'NONE',  ( 0.000000000000000000, 0.000000000000000000, -1.000000000000000000 ) ) ;
#4587 = ORIENTED_EDGE ( 'NONE', *, *, #2861, .T. ) ;
#4588 = FACE_OUTER_BOUND ( 'NONE', #1553, .T. ) ;
#4589 = DIRECTION ( 'NONE',  ( -0.000000000000000000, -0.000000000000000000, 1.000000000000000000 ) ) ;
#4590 = ORIENTED_EDGE ( 'NONE', *, *, #1934, .F. ) ;
#4591 = VECTOR ( 'NONE', #3848, 1000.000000000000000 ) ;
#4592 = DIRECTION ( 'NONE',  ( 0.000000000000000000, 1.000000000000000000, 0.000000000000000000 ) ) ;
#4593 = CYLINDRICAL_SURFACE ( 'NONE', #2206, 0.2500000000000000000 ) ;
#4594 = CARTESIAN_POINT ( 'NONE',  ( -9.321524864118385878, 23.17217973710068080, 6.000000000000000000 ) ) ;
#4595 = ORIENTED_EDGE ( 'NONE', *, *, #4037, .F. ) ;
#4596 = EDGE_CURVE ( 'NONE', #92, #6093, #4798, .T. ) ;
#4597 = ORIENTED_EDGE ( 'NONE', *, *, #2686, .T. ) ;
#4598 = EDGE_CURVE ( 'NONE', #2604, #3992, #4395, .T. ) ;
#4599 = CARTESIAN_POINT ( 'NONE',  ( -36.41788286210068293, 22.78641401289933910, 0.5000000000000004441 ) ) ;
#4600 = VECTOR ( 'NONE', #2367, 1000.000000000000000 ) ;
#4601 = CARTESIAN_POINT ( 'NONE',  ( -45.75000000000000000, 15.45793887701771219, 2.499999999999999112 ) ) ;
#4602 = VECTOR ( 'NONE', #2902, 1000.000000000000000 ) ;
#4603 = LINE ( 'NONE', #6095, #3313 ) ;
#4604 = VERTEX_POINT ( 'NONE', #4332 ) ;
#4605 = ORIENTED_EDGE ( 'NONE', *, *, #3656, .F. ) ;
#4606 = LINE ( 'NONE', #797, #3888 ) ;
#4607 = EDGE_CURVE ( 'NONE', #596, #2094, #97, .T. ) ;
#4608 = ADVANCED_FACE ( 'NONE', ( #3907 ), #42, .F. ) ;
#4609 = CARTESIAN_POINT ( 'NONE',  ( 32.52152486411839050, 13.13641401289933697, 6.000000000000000000 ) ) ;
#4610 = ORIENTED_EDGE ( 'NONE', *, *, #521, .T. ) ;
#4611 = CARTESIAN_POINT ( 'NONE',  ( -37.06788286210068151, 15.48641401289933661, 0.000000000000000000 ) ) ;
#4612 = VERTEX_POINT ( 'NONE', #2519 ) ;
#4613 = DIRECTION ( 'NONE',  ( 0.000000000000000000, -0.000000000000000000, 1.000000000000000000 ) ) ;
#4614 = EDGE_CURVE ( 'NONE', #866, #4459, #5198, .T. ) ;
#4615 = CARTESIAN_POINT ( 'NONE',  ( -32.41788286210068293, 13.48641401289933661, 0.5000000000000004441 ) ) ;
#4616 = PLANE ( 'NONE',  #5252 ) ;
#4617 = VECTOR ( 'NONE', #3463, 1000.000000000000000 ) ;
#4618 = DIRECTION ( 'NONE',  ( -1.000000000000000000, 0.000000000000000000, 0.000000000000000000 ) ) ;
#4619 = ORIENTED_EDGE ( 'NONE', *, *, #5907, .T. ) ;
#4620 = DIRECTION ( 'NONE',  ( 0.000000000000000000, -1.000000000000000000, 0.000000000000000000 ) ) ;
#4621 = CARTESIAN_POINT ( 'NONE',  ( -31.76788286210068790, 15.48641401289933661, 0.000000000000000000 ) ) ;
#4622 = EDGE_CURVE ( 'NONE', #1651, #4233, #503, .T. ) ;
#4623 = DIRECTION ( 'NONE',  ( 1.000000000000000000, 0.000000000000000000, 0.000000000000000000 ) ) ;
#4624 = FACE_OUTER_BOUND ( 'NONE', #5090, .T. ) ;
#4625 = CARTESIAN_POINT ( 'NONE',  ( -6.382117137899323112, 20.23277201088162514, 2.500000000000000000 ) ) ;
#4626 = EDGE_LOOP ( 'NONE', ( #3847, #3973, #5010, #332, #4329, #1268, #6097, #710 ) ) ;
#4627 = ORIENTED_EDGE ( 'NONE', *, *, #1522, .T. ) ;
#4628 = DIRECTION ( 'NONE',  ( -1.000000000000000000, 0.000000000000000000, 0.000000000000000000 ) ) ;
#4629 = ADVANCED_FACE ( 'NONE', ( #4059 ), #5834, .F. ) ;
#4630 = CARTESIAN_POINT ( 'NONE',  ( -45.75000000000000000, 25.65429687500000355, 6.000000000000000000 ) ) ;
#4631 = ORIENTED_EDGE ( 'NONE', *, *, #1221, .F. ) ;
#4632 = CARTESIAN_POINT ( 'NONE',  ( -32.32152486411837344, 13.13641401289933874, 4.000000000000000000 ) ) ;
#4633 = EDGE_LOOP ( 'NONE', ( #1331, #1120, #4999, #3269, #1161, #5448, #6040, #5922, #5042, #2280 ) ) ;
#4634 = ORIENTED_EDGE ( 'NONE', *, *, #1372, .T. ) ;
#4635 = DIRECTION ( 'NONE',  ( -1.000000000000000000, -8.896017825522088106E-17, 0.000000000000000000 ) ) ;
#4636 = DIRECTION ( 'NONE',  ( 0.000000000000000000, -1.000000000000000000, 0.000000000000000000 ) ) ;
#4637 = ORIENTED_EDGE ( 'NONE', *, *, #2610, .T. ) ;
#4638 = CARTESIAN_POINT ( 'NONE',  ( -38.75000000000000000, 22.40429687500000355, 1.000000000000000000 ) ) ;
#4639 = EDGE_LOOP ( 'NONE', ( #2039, #4581, #1067, #4808 ) ) ;
#4640 = DIRECTION ( 'NONE',  ( 0.000000000000000000, -1.000000000000000000, 0.000000000000000000 ) ) ;
#4641 = DIRECTION ( 'NONE',  ( 0.000000000000000000, 0.000000000000000000, -1.000000000000000000 ) ) ;
#4642 = PLANE ( 'NONE',  #2102 ) ;
#4643 = DIRECTION ( 'NONE',  ( -1.000000000000000000, 0.000000000000000000, -0.000000000000000000 ) ) ;
#4644 = EDGE_LOOP ( 'NONE', ( #2904, #4569, #5936, #1336, #5840, #2824, #1026, #2953 ) ) ;
#4645 = EDGE_CURVE ( 'NONE', #3258, #2510, #4031, .T. ) ;
#4646 = DIRECTION ( 'NONE',  ( 1.000000000000000000, 0.000000000000000000, 0.000000000000000000 ) ) ;
#4647 = DIRECTION ( 'NONE',  ( -1.000000000000000000, -0.000000000000000000, -0.000000000000000000 ) ) ;
#4648 = FACE_OUTER_BOUND ( 'NONE', #73, .T. ) ;
#4649 = CARTESIAN_POINT ( 'NONE',  ( -7.000000000000016875, 20.85065487298231091, 2.500000000000000000 ) ) ;
#4650 = VECTOR ( 'NONE', #5883, 1000.000000000000000 ) ;
#4651 = EDGE_CURVE ( 'NONE', #5943, #1612, #3536, .T. ) ;
#4652 = PLANE ( 'NONE',  #4884 ) ;
#4653 = ORIENTED_EDGE ( 'NONE', *, *, #1864, .F. ) ;
#4654 = ORIENTED_EDGE ( 'NONE', *, *, #3306, .T. ) ;
#4655 = AXIS2_PLACEMENT_3D ( 'NONE', #3078, #3111, #3543 ) ;
#4656 = DIRECTION ( 'NONE',  ( 0.7071067811865469066, 0.7071067811865482389, 1.137307002876286684E-16 ) ) ;
#4657 = CARTESIAN_POINT ( 'NONE',  ( -43.35355339059327662, 23.05074348440672694, 0.5999999999999998668 ) ) ;
#4658 = VECTOR ( 'NONE', #161, 1000.000000000000000 ) ;
#4659 = ORIENTED_EDGE ( 'NONE', *, *, #1723, .F. ) ;
#4660 = ADVANCED_FACE ( 'NONE', ( #748 ), #5408, .F. ) ;
#4661 = CARTESIAN_POINT ( 'NONE',  ( 39.61788286210068577, 20.23277201088162514, 4.000000000000000000 ) ) ;
#4662 = ORIENTED_EDGE ( 'NONE', *, *, #2503, .T. ) ;
#4663 = ORIENTED_EDGE ( 'NONE', *, *, #4162, .T. ) ;
#4664 = LINE ( 'NONE', #4318, #3501 ) ;
#4665 = VECTOR ( 'NONE', #959, 1000.000000000000000 ) ;
#4666 = CARTESIAN_POINT ( 'NONE',  ( 32.50364200201769904, 23.15429687500000000, 1.500000000000000444 ) ) ;
#4667 = VECTOR ( 'NONE', #131, 1000.000000000000000 ) ;
#4668 = ORIENTED_EDGE ( 'NONE', *, *, #2241, .F. ) ;
#4669 = DIRECTION ( 'NONE',  ( -0.7071067811865466846, -0.7071067811865483499, 0.000000000000000000 ) ) ;
#4670 = ORIENTED_EDGE ( 'NONE', *, *, #4123, .F. ) ;
#4671 = CARTESIAN_POINT ( 'NONE',  ( 36.58211713789932418, 22.78641401289933910, 0.5000000000000004441 ) ) ;
#4672 = DIRECTION ( 'NONE',  ( 1.000000000000000000, 1.334402673828313586E-16, 0.000000000000000000 ) ) ;
#4673 = PRODUCT_DEFINITION_FORMATION_WITH_SPECIFIED_SOURCE ( 'ANY', '', #1892, .NOT_KNOWN. ) ;
#4674 = DIRECTION ( 'NONE',  ( 1.000000000000000000, 0.000000000000000000, 0.000000000000000000 ) ) ;
#4675 = EDGE_CURVE ( 'NONE', #2271, #3692, #5006, .T. ) ;
#4676 = CARTESIAN_POINT ( 'NONE',  ( 46.25000000000000000, 25.25429687500001918, 6.000000000000000000 ) ) ;
#4677 = ORIENTED_EDGE ( 'NONE', *, *, #2191, .F. ) ;
#4678 = CARTESIAN_POINT ( 'NONE',  ( -36.47847513588161661, 13.13641401289933697, 1.500000000000000444 ) ) ;
#4679 = CARTESIAN_POINT ( 'NONE',  ( -9.417882862100684704, 20.78641401289933910, 1.500000000000000444 ) ) ;
#4680 = LINE ( 'NONE', #4190, #2292 ) ;
#4681 = ADVANCED_FACE ( 'NONE', ( #1615 ), #1711, .F. ) ;
#4682 = DIRECTION ( 'NONE',  ( 0.000000000000000000, -0.000000000000000000, -1.000000000000000000 ) ) ;
#4683 = EDGE_CURVE ( 'NONE', #2321, #2345, #5379, .T. ) ;
#4684 = PLANE ( 'NONE',  #4875 ) ;
#4685 = VERTEX_POINT ( 'NONE', #4093 ) ;
#4686 = CARTESIAN_POINT ( 'NONE',  ( -36.41788286210068293, 13.48641401289933661, 0.5000000000000004441 ) ) ;
#4687 = VECTOR ( 'NONE', #2949, 1000.000000000000000 ) ;
#4688 = VERTEX_POINT ( 'NONE', #654 ) ;
#4689 = CARTESIAN_POINT ( 'NONE',  ( 9.582117137899318848, 15.48641401289933661, 0.5000000000000004441 ) ) ;
#4690 = ADVANCED_FACE ( 'NONE', ( #681 ), #2580, .F. ) ;
#4691 = VECTOR ( 'NONE', #74, 1000.000000000000114 ) ;
#4692 = CARTESIAN_POINT ( 'NONE',  ( 37.23211713789931565, 15.50448725967914676, 0.5000000000000004441 ) ) ;
#4693 = VERTEX_POINT ( 'NONE', #285 ) ;
#4694 = ORIENTED_EDGE ( 'NONE', *, *, #744, .T. ) ;
#4695 = PLANE ( 'NONE',  #5868 ) ;
#4696 = VECTOR ( 'NONE', #1435, 1000.000000000000000 ) ;
#4697 = EDGE_CURVE ( 'NONE', #4371, #1589, #4421, .T. ) ;
#4698 = LINE ( 'NONE', #2355, #3977 ) ;
#4699 = VERTEX_POINT ( 'NONE', #2552 ) ;
#4700 = DIRECTION ( 'NONE',  ( -0.000000000000000000, -0.000000000000000000, 1.000000000000000000 ) ) ;
#4701 = VERTEX_POINT ( 'NONE', #4451 ) ;
#4702 = DIRECTION ( 'NONE',  ( 1.000000000000000000, 0.000000000000000000, 0.000000000000000000 ) ) ;
#4703 = CARTESIAN_POINT ( 'NONE',  ( -38.75000000000000000, 20.90065487298230451, 1.500000000000000444 ) ) ;
#4704 = FACE_OUTER_BOUND ( 'NONE', #2259, .T. ) ;
#4705 = EDGE_CURVE ( 'NONE', #5092, #2371, #1247, .T. ) ;
#4706 = PLANE ( 'NONE',  #2922 ) ;
#4707 = ORIENTED_EDGE ( 'NONE', *, *, #3373, .F. ) ;
#4708 = CARTESIAN_POINT ( 'NONE',  ( 39.61788286210068577, 20.23277201088162514, 2.500000000000000000 ) ) ;
#4709 = CARTESIAN_POINT ( 'NONE',  ( 32.52152486411837629, 23.17217973710068080, 1.500000000000000444 ) ) ;
#4710 = DIRECTION ( 'NONE',  ( -0.000000000000000000, -0.000000000000000000, 1.000000000000000000 ) ) ;
#4711 = VECTOR ( 'NONE', #418, 1000.000000000000000 ) ;
#4712 = LINE ( 'NONE', #3236, #522 ) ;
#4713 = CARTESIAN_POINT ( 'NONE',  ( -45.35000000000000142, 11.65429687500000533, 6.000000000000000000 ) ) ;
#4714 = ORIENTED_EDGE ( 'NONE', *, *, #3428, .T. ) ;
#4715 = LINE ( 'NONE', #5697, #2485 ) ;
#4716 = EDGE_CURVE ( 'NONE', #4083, #4604, #3512, .T. ) ;
#4717 = ORIENTED_EDGE ( 'NONE', *, *, #4450, .T. ) ;
#4718 = FACE_OUTER_BOUND ( 'NONE', #1317, .T. ) ;
#4719 = PLANE ( 'NONE',  #4013 ) ;
#4720 = ORIENTED_EDGE ( 'NONE', *, *, #828, .F. ) ;
#4721 = ADVANCED_FACE ( 'NONE', ( #1678 ), #3069, .T. ) ;
#4722 = EDGE_LOOP ( 'NONE', ( #4195, #5361, #2443, #2500 ) ) ;
#4723 = CARTESIAN_POINT ( 'NONE',  ( 45.85000000000000142, 25.65429687500000355, 5.000000000000000000 ) ) ;
#4724 = DIRECTION ( 'NONE',  ( 0.000000000000000000, 0.000000000000000000, -1.000000000000000000 ) ) ;
#4725 = EDGE_LOOP ( 'NONE', ( #1294, #5306, #4529, #3011 ) ) ;
#4726 = ADVANCED_FACE ( 'NONE', ( #3997 ), #5866, .F. ) ;
#4727 = PLANE ( 'NONE',  #1514 ) ;
#4728 = ORIENTED_EDGE ( 'NONE', *, *, #1434, .T. ) ;
#4729 = CARTESIAN_POINT ( 'NONE',  ( -36.41788286210068293, 13.48641401289933661, 1.500000000000000444 ) ) ;
#4730 = DIRECTION ( 'NONE',  ( -0.7071067811865466846, -0.7071067811865483499, 0.000000000000000000 ) ) ;
#4731 = PERSON_AND_ORGANIZATION_ROLE ( 'design_supplier' ) ;
#4732 = LINE ( 'NONE', #3721, #1738 ) ;
#4733 = ORIENTED_EDGE ( 'NONE', *, *, #4832, .T. ) ;
#4734 = EDGE_CURVE ( 'NONE', #4008, #3737, #2614, .T. ) ;
#4735 = DIRECTION ( 'NONE',  ( 1.000000000000000000, 4.173067663955945463E-16, 0.000000000000000000 ) ) ;
#4736 = DIRECTION ( 'NONE',  ( 0.000000000000000000, 0.000000000000000000, -1.000000000000000000 ) ) ;
#4737 = PLANE ( 'NONE',  #3576 ) ;
#4738 = LINE ( 'NONE', #504, #1213 ) ;
#4739 = CARTESIAN_POINT ( 'NONE',  ( -45.75000000000000000, 15.45793887701771219, 3.999999999999999112 ) ) ;
#4740 = ORIENTED_EDGE ( 'NONE', *, *, #1337, .T. ) ;
#4741 = CARTESIAN_POINT ( 'NONE',  ( -15.79999999999999538, 20.85065487298230735, 1.500000000000000444 ) ) ;
#4742 = ORIENTED_EDGE ( 'NONE', *, *, #2262, .F. ) ;
#4743 = DIRECTION ( 'NONE',  ( 1.000000000000000000, -0.000000000000000000, 0.000000000000000000 ) ) ;
#4744 = VECTOR ( 'NONE', #5733, 1000.000000000000000 ) ;
#4745 = FACE_OUTER_BOUND ( 'NONE', #1673, .T. ) ;
#4746 = EDGE_LOOP ( 'NONE', ( #969, #925, #3968, #3924 ) ) ;
#4747 = VECTOR ( 'NONE', #2754, 1000.000000000000000 ) ;
#4748 = ORIENTED_EDGE ( 'NONE', *, *, #1960, .F. ) ;
#4749 = CARTESIAN_POINT ( 'NONE',  ( -30.00000000000000355, 15.45793887701771219, 2.499999999999999112 ) ) ;
#4750 = CARTESIAN_POINT ( 'NONE',  ( 13.58211713789931530, 20.78641401289933910, 0.5000000000000004441 ) ) ;
#4751 = VECTOR ( 'NONE', #5529, 1000.000000000000000 ) ;
#4752 = ADVANCED_FACE ( 'NONE', ( #3006 ), #4885, .F. ) ;
#4753 = ORIENTED_EDGE ( 'NONE', *, *, #5988, .T. ) ;
#4754 = DIRECTION ( 'NONE',  ( 0.7071067811865467956, 0.7071067811865483499, 0.000000000000000000 ) ) ;
#4755 = ORIENTED_EDGE ( 'NONE', *, *, #5837, .T. ) ;
#4756 = AXIS2_PLACEMENT_3D ( 'NONE', #4087, #1365, #3280 ) ;
#4757 = CARTESIAN_POINT ( 'NONE',  ( 39.25000000000000000, 22.40429687500000355, 2.500000000000000444 ) ) ;
#4758 = DIRECTION ( 'NONE',  ( 0.7071067811865483499, -0.7071067811865467956, -0.000000000000000000 ) ) ;
#4759 = EDGE_CURVE ( 'NONE', #2789, #4779, #5593, .T. ) ;
#4760 = VECTOR ( 'NONE', #4145, 1000.000000000000000 ) ;
#4761 = LINE ( 'NONE', #6082, #3617 ) ;
#4762 = ORIENTED_EDGE ( 'NONE', *, *, #4025, .F. ) ;
#4763 = FACE_OUTER_BOUND ( 'NONE', #3150, .T. ) ;
#4764 = DIRECTION ( 'NONE',  ( -0.000000000000000000, -0.000000000000000000, 1.000000000000000000 ) ) ;
#4765 = VECTOR ( 'NONE', #4095, 1000.000000000000000 ) ;
#4766 = DIRECTION ( 'NONE',  ( 0.000000000000000000, 0.000000000000000000, -1.000000000000000000 ) ) ;
#4767 = ADVANCED_FACE ( 'NONE', ( #1371 ), #5128, .F. ) ;
#4768 = DIRECTION ( 'NONE',  ( -0.000000000000000000, 0.000000000000000000, 1.000000000000000000 ) ) ;
#4769 = ORIENTED_EDGE ( 'NONE', *, *, #906, .F. ) ;
#4770 = CARTESIAN_POINT ( 'NONE',  ( -37.06788286210068151, 15.48641401289933661, 0.5000000000000004441 ) ) ;
#4771 = VECTOR ( 'NONE', #4575, 1000.000000000000000 ) ;
#4772 = ORIENTED_EDGE ( 'NONE', *, *, #5217, .F. ) ;
#4773 = DIRECTION ( 'NONE',  ( 1.000000000000000000, 0.000000000000000000, 0.000000000000000000 ) ) ;
#4774 = ORIENTED_EDGE ( 'NONE', *, *, #3726, .F. ) ;
#4775 = DIRECTION ( 'NONE',  ( 1.000000000000000000, 0.000000000000000000, 0.000000000000000000 ) ) ;
#4776 = CARTESIAN_POINT ( 'NONE',  ( -43.25000000000000000, 13.15429687500000355, 0.5999999999999999778 ) ) ;
#4777 = ADVANCED_FACE ( 'NONE', ( #4151 ), #5101, .F. ) ;
#4778 = ORIENTED_EDGE ( 'NONE', *, *, #5485, .F. ) ;
#4779 = VERTEX_POINT ( 'NONE', #4703 ) ;
#4780 = DIRECTION ( 'NONE',  ( -0.000000000000000000, -1.000000000000000000, -0.000000000000000000 ) ) ;
#4781 = LINE ( 'NONE', #3859, #3464 ) ;
#4782 = VECTOR ( 'NONE', #5925, 1000.000000000000000 ) ;
#4783 = CARTESIAN_POINT ( 'NONE',  ( -45.75000000000000000, 15.45793887701771219, 2.499999999999999112 ) ) ;
#4784 = VERTEX_POINT ( 'NONE', #2796 ) ;
#4785 = VECTOR ( 'NONE', #3182, 1000.000000000000000 ) ;
#4786 = VECTOR ( 'NONE', #6046, 1000.000000000000000 ) ;
#4787 = PLANE ( 'NONE',  #1215 ) ;
#4788 = ORIENTED_EDGE ( 'NONE', *, *, #1119, .F. ) ;
#4789 = LINE ( 'NONE', #4729, #3705 ) ;
#4790 = EDGE_CURVE ( 'NONE', #2738, #338, #3628, .T. ) ;
#4791 = CARTESIAN_POINT ( 'NONE',  ( 31.93211713789932560, 20.78641401289933910, -2.999999999999999112 ) ) ;
#4792 = VECTOR ( 'NONE', #4989, 1000.000000000000000 ) ;
#4793 = DATE_AND_TIME ( #4358, #128 ) ;
#4794 = ORIENTED_EDGE ( 'NONE', *, *, #2948, .F. ) ;
#4795 = CARTESIAN_POINT ( 'NONE',  ( 32.58211713789932418, 22.78641401289933910, 1.500000000000000444 ) ) ;
#4796 = DIRECTION ( 'NONE',  ( -0.7071067811865483499, 0.7071067811865466846, 0.000000000000000000 ) ) ;
#4797 = EDGE_CURVE ( 'NONE', #4896, #5779, #6049, .T. ) ;
#4798 = LINE ( 'NONE', #2457, #1503 ) ;
#4799 = FACE_OUTER_BOUND ( 'NONE', #2947, .T. ) ;
#4800 = EDGE_LOOP ( 'NONE', ( #2432, #569, #6083, #3340 ) ) ;
#4801 = DIRECTION ( 'NONE',  ( 0.000000000000000000, 1.000000000000000000, 0.000000000000000000 ) ) ;
#4802 = ORIENTED_EDGE ( 'NONE', *, *, #2554, .F. ) ;
#4803 = CARTESIAN_POINT ( 'NONE',  ( 7.182117137899318493, 15.48641401289933661, 1.500000000000000444 ) ) ;
#4804 = EDGE_CURVE ( 'NONE', #2454, #5759, #842, .T. ) ;
#4805 = ORIENTED_EDGE ( 'NONE', *, *, #2357, .F. ) ;
#4806 = LINE ( 'NONE', #4312, #3867 ) ;
#4807 = LINE ( 'NONE', #4253, #4602 ) ;
#4808 = ORIENTED_EDGE ( 'NONE', *, *, #2654, .F. ) ;
#4809 = ADVANCED_FACE ( 'NONE', ( #3719 ), #1342, .F. ) ;
#4810 = ORIENTED_EDGE ( 'NONE', *, *, #706, .T. ) ;
#4811 = PLANE ( 'NONE',  #3665 ) ;
#4812 = DIRECTION ( 'NONE',  ( -0.000000000000000000, -0.000000000000000000, 1.000000000000000000 ) ) ;
#4813 = VERTEX_POINT ( 'NONE', #4615 ) ;
#4814 = CARTESIAN_POINT ( 'NONE',  ( -43.50000000000000000, 13.40429687500000355, 0.5999999999999999778 ) ) ;
#4815 = EDGE_LOOP ( 'NONE', ( #2133, #5117, #53, #4590, #3526, #666, #4519, #4957 ) ) ;
#4816 = DIRECTION ( 'NONE',  ( -0.000000000000000000, -0.000000000000000000, 1.000000000000000000 ) ) ;
#4817 = CARTESIAN_POINT ( 'NONE',  ( -37.06788286210068151, 15.48641401289933661, 1.500000000000000444 ) ) ;
#4818 = PERSON_AND_ORGANIZATION_ROLE ( 'classification_officer' ) ;
#4819 = EDGE_LOOP ( 'NONE', ( #2768, #3431, #5496, #153, #3087, #4855 ) ) ;
#4820 = CARTESIAN_POINT ( 'NONE',  ( 30.20000000000001705, 15.45793887701771219, 3.999999999999999112 ) ) ;
#4821 = CARTESIAN_POINT ( 'NONE',  ( 14.23211713789931210, 15.48641401289933661, 1.500000000000000444 ) ) ;
#4822 = CARTESIAN_POINT ( 'NONE',  ( 30.20000000000000995, 20.85065487298230735, 1.500000000000000444 ) ) ;
#4823 = CARTESIAN_POINT ( 'NONE',  ( 39.25000000000000000, 13.15429687500000355, 4.000000000000000000 ) ) ;
#4824 = EDGE_CURVE ( 'NONE', #4008, #1062, #471, .T. ) ;
#4825 = ORIENTED_EDGE ( 'NONE', *, *, #4598, .F. ) ;
#4826 = AXIS2_PLACEMENT_3D ( 'NONE', #1423, #5240, #892 ) ;
#4827 = DIRECTION ( 'NONE',  ( 0.000000000000000000, 0.000000000000000000, 1.000000000000000000 ) ) ;
#4828 = ORIENTED_EDGE ( 'NONE', *, *, #5172, .T. ) ;
#4829 = CARTESIAN_POINT ( 'NONE',  ( -32.32152486411837344, 13.13641401289933874, 1.500000000000000444 ) ) ;
#4830 = VERTEX_POINT ( 'NONE', #5500 ) ;
#4831 = CARTESIAN_POINT ( 'NONE',  ( -6.382117137899323112, 16.07582173911839263, 1.500000000000000444 ) ) ;
#4832 = EDGE_CURVE ( 'NONE', #3647, #4371, #1803, .T. ) ;
#4833 = CARTESIAN_POINT ( 'NONE',  ( -38.81788286210068151, 15.48641401289933661, 1.000000000000000000 ) ) ;
#4834 = ORIENTED_EDGE ( 'NONE', *, *, #1759, .T. ) ;
#4835 = ORIENTED_EDGE ( 'NONE', *, *, #4804, .T. ) ;
#4836 = DIRECTION ( 'NONE',  ( 1.309225264888156130E-15, -1.000000000000000000, 0.000000000000000000 ) ) ;
#4837 = LINE ( 'NONE', #3369, #4744 ) ;
#4838 = EDGE_CURVE ( 'NONE', #1612, #3717, #4213, .T. ) ;
#4839 = VECTOR ( 'NONE', #639, 1000.000000000000000 ) ;
#4840 = ORIENTED_EDGE ( 'NONE', *, *, #4970, .F. ) ;
#4841 = DIRECTION ( 'NONE',  ( -0.000000000000000000, -0.000000000000000000, 1.000000000000000000 ) ) ;
#4842 = VERTEX_POINT ( 'NONE', #3688 ) ;
#4843 = AXIS2_PLACEMENT_3D ( 'NONE', #4400, #1123, #5935 ) ;
#4844 = DIRECTION ( 'NONE',  ( 0.000000000000000000, 0.000000000000000000, -1.000000000000000000 ) ) ;
#4845 = AXIS2_PLACEMENT_3D ( 'NONE', #138, #5782, #1126 ) ;
#4846 = CARTESIAN_POINT ( 'NONE',  ( 37.23211713789931565, 15.48641401289933661, 1.500000000000000444 ) ) ;
#4847 = PERSON_AND_ORGANIZATION ( #684, #2212 ) ;
#4848 = VECTOR ( 'NONE', #1468, 1000.000000000000000 ) ;
#4849 = EDGE_LOOP ( 'NONE', ( #124, #3980, #1249, #671 ) ) ;
#4850 = CARTESIAN_POINT ( 'NONE',  ( -45.75000000000000000, 25.65429687500000355, 5.000000000000000000 ) ) ;
#4851 = CARTESIAN_POINT ( 'NONE',  ( 0.000000000000000000, 0.000000000000000000, 4.000000000000000000 ) ) ;
#4852 = DIRECTION ( 'NONE',  ( 4.956352788505164254E-16, 1.000000000000000000, 0.000000000000000000 ) ) ;
#4853 = VECTOR ( 'NONE', #4071, 1000.000000000000000 ) ;
#4854 = DIRECTION ( 'NONE',  ( 0.000000000000000000, 0.000000000000000000, 1.000000000000000000 ) ) ;
#4855 = ORIENTED_EDGE ( 'NONE', *, *, #2069, .T. ) ;
#4856 = LINE ( 'NONE', #1182, #3522 ) ;
#4857 = EDGE_LOOP ( 'NONE', ( #2021, #2167, #5268, #4810 ) ) ;
#4858 = VECTOR ( 'NONE', #1842, 1000.000000000000000 ) ;
#4859 = LINE ( 'NONE', #5872, #2189 ) ;
#4860 = VERTEX_POINT ( 'NONE', #2829 ) ;
#4861 = EDGE_CURVE ( 'NONE', #5435, #5616, #1833, .T. ) ;
#4862 = DIRECTION ( 'NONE',  ( -0.7071067811865466846, -0.7071067811865483499, 0.000000000000000000 ) ) ;
#4863 = VECTOR ( 'NONE', #736, 1000.000000000000000 ) ;
#4864 = CARTESIAN_POINT ( 'NONE',  ( -14.06788286210067973, 20.78641401289933910, 1.500000000000000444 ) ) ;
#4865 = VERTEX_POINT ( 'NONE', #350 ) ;
#4866 = ORIENTED_EDGE ( 'NONE', *, *, #2792, .T. ) ;
#4867 = DIRECTION ( 'NONE',  ( 1.000000000000000000, 0.000000000000000000, -0.000000000000000000 ) ) ;
#4868 = EDGE_CURVE ( 'NONE', #5069, #5767, #1276, .T. ) ;
#4869 = CARTESIAN_POINT ( 'NONE',  ( 39.25000000000000000, 23.15429687500000000, 6.000000000000000000 ) ) ;
#4870 = CARTESIAN_POINT ( 'NONE',  ( -32.41788286210068293, 20.78641401289933910, 0.5000000000000004441 ) ) ;
#4871 = ORIENTED_EDGE ( 'NONE', *, *, #5595, .T. ) ;
#4872 = DIRECTION ( 'NONE',  ( 1.000000000000000000, -0.000000000000000000, -0.000000000000000000 ) ) ;
#4873 = ORIENTED_EDGE ( 'NONE', *, *, #6028, .T. ) ;
#4874 = DIRECTION ( 'NONE',  ( -0.000000000000000000, 1.000000000000000000, 0.000000000000000000 ) ) ;
#4875 = AXIS2_PLACEMENT_3D ( 'NONE', #1756, #1288, #5050 ) ;
#4876 = AXIS2_PLACEMENT_3D ( 'NONE', #5524, #2169, #4120 ) ;
#4877 = EDGE_CURVE ( 'NONE', #4830, #1984, #5563, .T. ) ;
#4878 = DIRECTION ( 'NONE',  ( 1.000000000000000000, -0.000000000000000000, -0.000000000000000000 ) ) ;
#4879 = VERTEX_POINT ( 'NONE', #5161 ) ;
#4880 = ORIENTED_EDGE ( 'NONE', *, *, #987, .T. ) ;
#4881 = DIRECTION ( 'NONE',  ( 0.000000000000000000, -0.000000000000000000, -1.000000000000000000 ) ) ;
#4882 = DIRECTION ( 'NONE',  ( 0.000000000000000000, -0.000000000000000000, 1.000000000000000000 ) ) ;
#4883 = VECTOR ( 'NONE', #5070, 1000.000000000000000 ) ;
#4884 = AXIS2_PLACEMENT_3D ( 'NONE', #454, #3640, #5082 ) ;
#4885 = PLANE ( 'NONE',  #2296 ) ;
#4886 = CARTESIAN_POINT ( 'NONE',  ( -8.767882862100687902, 15.50448725967914676, 0.5000000000000004441 ) ) ;
#4887 = ORIENTED_EDGE ( 'NONE', *, *, #4966, .F. ) ;
#4888 = CARTESIAN_POINT ( 'NONE',  ( -38.81788286210068151, 15.48641401289933661, 0.5000000000000004441 ) ) ;
#4889 = VERTEX_POINT ( 'NONE', #933 ) ;
#4890 = CARTESIAN_POINT ( 'NONE',  ( -31.76788286210068790, 20.78641401289933910, 0.5000000000000004441 ) ) ;
#4891 = ORIENTED_EDGE ( 'NONE', *, *, #2146, .T. ) ;
#4892 = CARTESIAN_POINT ( 'NONE',  ( 39.25000000000000000, 23.15429687500000000, 6.000000000000000000 ) ) ;
#4893 = CARTESIAN_POINT ( 'NONE',  ( -37.06788286210068861, 20.78641401289933910, -2.999999999999999112 ) ) ;
#4894 = EDGE_CURVE ( 'NONE', #2669, #1155, #808, .T. ) ;
#4895 = LINE ( 'NONE', #4431, #2735 ) ;
#4896 = VERTEX_POINT ( 'NONE', #4124 ) ;
#4897 = VECTOR ( 'NONE', #2366, 1000.000000000000000 ) ;
#4898 = EDGE_LOOP ( 'NONE', ( #4663, #4367, #1731, #1602 ) ) ;
#4899 = FACE_OUTER_BOUND ( 'NONE', #3863, .T. ) ;
#4900 = CARTESIAN_POINT ( 'NONE',  ( 14.23211713789931210, 20.78641401289933910, -2.999999999999999112 ) ) ;
#4901 = EDGE_CURVE ( 'NONE', #2963, #5751, #5992, .T. ) ;
#4902 = CARTESIAN_POINT ( 'NONE',  ( 39.00000000000000000, 20.85065487298230735, 1.500000000000000444 ) ) ;
#4903 = ORIENTED_EDGE ( 'NONE', *, *, #632, .F. ) ;
#4904 = CARTESIAN_POINT ( 'NONE',  ( 3.617012049765261326E-17, 20.85065487298230735, 4.000000000000000000 ) ) ;
#4905 = ORIENTED_EDGE ( 'NONE', *, *, #3342, .F. ) ;
#4906 = DIRECTION ( 'NONE',  ( 0.000000000000000000, 1.000000000000000000, 0.000000000000000000 ) ) ;
#4907 = CARTESIAN_POINT ( 'NONE',  ( -8.767882862100687902, 20.78641401289933910, 0.000000000000000000 ) ) ;
#4908 = ORIENTED_EDGE ( 'NONE', *, *, #617, .T. ) ;
#4909 = ORIENTED_EDGE ( 'NONE', *, *, #2853, .T. ) ;
#4910 = LINE ( 'NONE', #2516, #1156 ) ;
#4911 = FACE_OUTER_BOUND ( 'NONE', #3685, .T. ) ;
#4912 = CARTESIAN_POINT ( 'NONE',  ( -14.06788286210068684, 20.78641401289933910, -2.999999999999999112 ) ) ;
#4913 = CARTESIAN_POINT ( 'NONE',  ( -45.75000000000000000, 20.85065487298230735, 2.500000000000000000 ) ) ;
#4914 = EDGE_CURVE ( 'NONE', #4296, #4008, #5192, .T. ) ;
#4915 = ORIENTED_EDGE ( 'NONE', *, *, #4103, .F. ) ;
#4916 = LINE ( 'NONE', #4489, #1923 ) ;
#4917 = ORIENTED_EDGE ( 'NONE', *, *, #982, .T. ) ;
#4918 = CARTESIAN_POINT ( 'NONE',  ( -38.81788286210068151, 15.48641401289933661, 0.5000000000000004441 ) ) ;
#4919 = ORIENTED_EDGE ( 'NONE', *, *, #2467, .T. ) ;
#4920 = CARTESIAN_POINT ( 'NONE',  ( -6.382117137899323112, 20.23277201088162514, 6.000000000000000000 ) ) ;
#4921 = DIRECTION ( 'NONE',  ( 0.000000000000000000, 0.000000000000000000, 1.000000000000000000 ) ) ;
#4922 = CARTESIAN_POINT ( 'NONE',  ( -30.01788286210068435, 15.50448725967914676, 0.5000000000000004441 ) ) ;
#4923 = VERTEX_POINT ( 'NONE', #4299 ) ;
#4924 = VERTEX_POINT ( 'NONE', #5769 ) ;
#4925 = FACE_OUTER_BOUND ( 'NONE', #1071, .T. ) ;
#4926 = LINE ( 'NONE', #2129, #1696 ) ;
#4927 = EDGE_CURVE ( 'NONE', #3567, #3820, #4326, .T. ) ;
#4928 = DIRECTION ( 'NONE',  ( -1.734723475976806709E-18, -1.000000000000000000, 0.000000000000000000 ) ) ;
#4929 = ORIENTED_EDGE ( 'NONE', *, *, #1661, .T. ) ;
#4930 = DIRECTION ( 'NONE',  ( -0.000000000000000000, 1.000000000000000000, -0.000000000000000000 ) ) ;
#4931 = ORIENTED_EDGE ( 'NONE', *, *, #4521, .F. ) ;
#4932 = LINE ( 'NONE', #616, #3198 ) ;
#4933 = ADVANCED_FACE ( 'NONE', ( #3839 ), #587, .F. ) ;
#4934 = DIRECTION ( 'NONE',  ( 0.000000000000000000, 0.000000000000000000, 1.000000000000000000 ) ) ;
#4935 = VECTOR ( 'NONE', #578, 1000.000000000000000 ) ;
#4936 = ORIENTED_EDGE ( 'NONE', *, *, #1934, .T. ) ;
#4937 = AXIS2_PLACEMENT_3D ( 'NONE', #1501, #1937, #5203 ) ;
#4938 = ORIENTED_EDGE ( 'NONE', *, *, #5479, .T. ) ;
#4939 = CARTESIAN_POINT ( 'NONE',  ( -6.382117137899323112, 20.23277201088162514, 1.500000000000000444 ) ) ;
#4940 = AXIS2_PLACEMENT_3D ( 'NONE', #451, #3235, #1841 ) ;
#4941 = DIRECTION ( 'NONE',  ( 1.000000000000000000, 0.000000000000000000, -0.000000000000000000 ) ) ;
#4942 = EDGE_CURVE ( 'NONE', #5437, #3661, #5682, .T. ) ;
#4943 = DIRECTION ( 'NONE',  ( 0.7071067811865352493, -0.7071067811865597852, 0.000000000000000000 ) ) ;
#4944 = DIRECTION ( 'NONE',  ( 0.000000000000000000, 1.000000000000000000, 0.000000000000000000 ) ) ;
#4945 = VECTOR ( 'NONE', #5470, 1000.000000000000000 ) ;
#4946 = ORIENTED_EDGE ( 'NONE', *, *, #4539, .F. ) ;
#4947 = FACE_OUTER_BOUND ( 'NONE', #1611, .T. ) ;
#4948 = FACE_OUTER_BOUND ( 'NONE', #4849, .T. ) ;
#4949 = ORIENTED_EDGE ( 'NONE', *, *, #4734, .F. ) ;
#4950 = VECTOR ( 'NONE', #2513, 1000.000000000000000 ) ;
#4951 = EDGE_CURVE ( 'NONE', #295, #5707, #618, .T. ) ;
#4952 = CARTESIAN_POINT ( 'NONE',  ( 31.93211713789932560, 15.48641401289933661, 1.500000000000000444 ) ) ;
#4953 = LINE ( 'NONE', #3638, #2097 ) ;
#4954 = VECTOR ( 'NONE', #2836, 1000.000000000000000 ) ;
#4955 = DIRECTION ( 'NONE',  ( 0.000000000000000000, 0.000000000000000000, -1.000000000000000000 ) ) ;
#4956 = ORIENTED_EDGE ( 'NONE', *, *, #5096, .F. ) ;
#4957 = ORIENTED_EDGE ( 'NONE', *, *, #1285, .F. ) ;
#4958 = LINE ( 'NONE', #5514, #5041 ) ;
#4959 = DIRECTION ( 'NONE',  ( 1.000000000000000000, 0.000000000000000000, 0.000000000000000000 ) ) ;
#4960 = DIRECTION ( 'NONE',  ( 0.000000000000000000, 1.000000000000000000, 0.000000000000000000 ) ) ;
#4961 = ORIENTED_EDGE ( 'NONE', *, *, #1723, .T. ) ;
#4962 = LINE ( 'NONE', #1232, #306 ) ;
#4963 = VERTEX_POINT ( 'NONE', #3406 ) ;
#4964 = LINE ( 'NONE', #1766, #4863 ) ;
#4965 = VECTOR ( 'NONE', #5715, 1000.000000000000000 ) ;
#4966 = EDGE_CURVE ( 'NONE', #4405, #2043, #35, .T. ) ;
#4967 = DIRECTION ( 'NONE',  ( -0.000000000000000000, -0.000000000000000000, 1.000000000000000000 ) ) ;
#4968 = EDGE_LOOP ( 'NONE', ( #5486, #6062, #2385, #2163, #427 ) ) ;
#4969 = ORIENTED_EDGE ( 'NONE', *, *, #573, .T. ) ;
#4970 = EDGE_CURVE ( 'NONE', #1965, #5092, #3, .T. ) ;
#4971 = CARTESIAN_POINT ( 'NONE',  ( 37.23211713789931565, 15.50448725967914676, 0.5000000000000004441 ) ) ;
#4972 = PLANE ( 'NONE',  #1442 ) ;
#4973 = DIRECTION ( 'NONE',  ( 0.000000000000000000, 0.000000000000000000, -1.000000000000000000 ) ) ;
#4974 = VECTOR ( 'NONE', #424, 1000.000000000000000 ) ;
#4975 = VECTOR ( 'NONE', #930, 1000.000000000000000 ) ;
#4976 = LINE ( 'NONE', #4032, #5155 ) ;
#4977 = CARTESIAN_POINT ( 'NONE',  ( -14.06788286210068684, 20.78641401289933910, -2.999999999999999112 ) ) ;
#4978 = ORIENTED_EDGE ( 'NONE', *, *, #2200, .F. ) ;
#4979 = VECTOR ( 'NONE', #1176, 1000.000000000000000 ) ;
#4980 = EDGE_CURVE ( 'NONE', #3330, #3312, #3868, .T. ) ;
#4981 = DIRECTION ( 'NONE',  ( -0.000000000000000000, -0.000000000000000000, 1.000000000000000000 ) ) ;
#4982 = VECTOR ( 'NONE', #5130, 1000.000000000000000 ) ;
#4983 = LINE ( 'NONE', #4007, #10 ) ;
#4984 = ORIENTED_EDGE ( 'NONE', *, *, #4383, .T. ) ;
#4985 = CARTESIAN_POINT ( 'NONE',  ( -13.47847513588162904, 23.17217973710068080, 6.000000000000000000 ) ) ;
#4986 = CARTESIAN_POINT ( 'NONE',  ( -9.417882862100684704, 13.48641401289933661, 0.5000000000000004441 ) ) ;
#4987 = VECTOR ( 'NONE', #1566, 1000.000000000000000 ) ;
#4988 = EDGE_CURVE ( 'NONE', #1250, #5264, #3434, .T. ) ;
#4989 = DIRECTION ( 'NONE',  ( 0.000000000000000000, 1.000000000000000000, 0.000000000000000000 ) ) ;
#4990 = ORIENTED_EDGE ( 'NONE', *, *, #2503, .F. ) ;
#4991 = ORIENTED_EDGE ( 'NONE', *, *, #6028, .F. ) ;
#4992 = LINE ( 'NONE', #762, #5035 ) ;
#4993 = DIRECTION ( 'NONE',  ( 0.000000000000000000, -0.7071067811865465735, 0.7071067811865483499 ) ) ;
#4994 = VECTOR ( 'NONE', #5352, 1000.000000000000000 ) ;
#4995 = ADVANCED_FACE ( 'NONE', ( #1921 ), #5250, .F. ) ;
#4996 = DIRECTION ( 'NONE',  ( -1.000000000000000000, 0.000000000000000000, 0.000000000000000000 ) ) ;
#4997 = ORIENTED_EDGE ( 'NONE', *, *, #4404, .T. ) ;
#4998 = DIRECTION ( 'NONE',  ( 0.7071067811865469066, 0.7071067811865482389, 1.137307002876286684E-16 ) ) ;
#4999 = ORIENTED_EDGE ( 'NONE', *, *, #528, .T. ) ;
#5000 = LINE ( 'NONE', #4117, #437 ) ;
#5001 = CARTESIAN_POINT ( 'NONE',  ( -36.41788286210068293, 15.48641401289933661, 0.5000000000000004441 ) ) ;
#5002 = VERTEX_POINT ( 'NONE', #4846 ) ;
#5003 = ORIENTED_EDGE ( 'NONE', *, *, #3886, .F. ) ;
#5004 = CARTESIAN_POINT ( 'NONE',  ( 30.18211713789932560, 20.80448725967914925, 1.500000000000000444 ) ) ;
#5005 = CARTESIAN_POINT ( 'NONE',  ( 6.582117137899329506, 20.23277201088163224, 1.500000000000000444 ) ) ;
#5006 = LINE ( 'NONE', #3498, #216 ) ;
#5007 = CC_DESIGN_DATE_AND_TIME_ASSIGNMENT ( #496, #5251, ( #4374 ) ) ;
#5008 = CARTESIAN_POINT ( 'NONE',  ( -9.417882862100684704, 22.78641401289933910, 1.500000000000000444 ) ) ;
#5009 = VERTEX_POINT ( 'NONE', #5652 ) ;
#5010 = ORIENTED_EDGE ( 'NONE', *, *, #5029, .F. ) ;
#5011 = PLANE ( 'NONE',  #2447 ) ;
#5012 = DIRECTION ( 'NONE',  ( -0.7071067811865466846, -0.7071067811865483499, 0.000000000000000000 ) ) ;
#5013 = ORIENTED_EDGE ( 'NONE', *, *, #4832, .F. ) ;
#5014 = CARTESIAN_POINT ( 'NONE',  ( -15.81788286210068151, 20.80448725967914925, 1.500000000000000444 ) ) ;
#5015 = EDGE_CURVE ( 'NONE', #2118, #2489, #3348, .T. ) ;
#5016 = LINE ( 'NONE', #3573, #220 ) ;
#5017 = LINE ( 'NONE', #2217, #6068 ) ;
#5018 = ORIENTED_EDGE ( 'NONE', *, *, #4675, .F. ) ;
#5019 = ORIENTED_EDGE ( 'NONE', *, *, #2894, .T. ) ;
#5020 = DIRECTION ( 'NONE',  ( 1.000000000000000000, -0.000000000000000000, -0.000000000000000000 ) ) ;
#5021 = DIRECTION ( 'NONE',  ( 0.000000000000000000, -1.000000000000000000, 0.000000000000000000 ) ) ;
#5022 = EDGE_CURVE ( 'NONE', #5410, #3099, #1024, .T. ) ;
#5023 = ORIENTED_EDGE ( 'NONE', *, *, #1697, .T. ) ;
#5024 = CARTESIAN_POINT ( 'NONE',  ( 39.24999999999999289, 20.85065487298230735, 2.500000000000000000 ) ) ;
#5025 = ORIENTED_EDGE ( 'NONE', *, *, #72, .F. ) ;
#5026 = DIRECTION ( 'NONE',  ( 0.000000000000000000, 0.000000000000000000, 1.000000000000000000 ) ) ;
#5027 = ORIENTED_EDGE ( 'NONE', *, *, #3167, .T. ) ;
#5028 = CARTESIAN_POINT ( 'NONE',  ( 15.99999999999999645, 15.45793887701771219, 4.000000000000000000 ) ) ;
#5029 = EDGE_CURVE ( 'NONE', #5400, #2587, #3777, .T. ) ;
#5030 = CARTESIAN_POINT ( 'NONE',  ( 31.93211713789932560, 20.80448725967914925, 1.500000000000000444 ) ) ;
#5031 = ORIENTED_EDGE ( 'NONE', *, *, #4275, .T. ) ;
#5032 = DIRECTION ( 'NONE',  ( 0.000000000000000000, 1.000000000000000000, 0.000000000000000000 ) ) ;
#5033 = ORIENTED_EDGE ( 'NONE', *, *, #2567, .T. ) ;
#5034 = LINE ( 'NONE', #898, #1932 ) ;
#5035 = VECTOR ( 'NONE', #2659, 1000.000000000000000 ) ;
#5036 = CARTESIAN_POINT ( 'NONE',  ( -32.32152486411838765, 23.17217973710068080, 1.500000000000000444 ) ) ;
#5037 = DIRECTION ( 'NONE',  ( 0.000000000000000000, 1.000000000000000000, 1.608394988049539567E-16 ) ) ;
#5038 = VECTOR ( 'NONE', #754, 1000.000000000000000 ) ;
#5039 = EDGE_CURVE ( 'NONE', #4685, #3820, #529, .T. ) ;
#5040 = ORIENTED_EDGE ( 'NONE', *, *, #4585, .F. ) ;
#5041 = VECTOR ( 'NONE', #5978, 1000.000000000000000 ) ;
#5042 = ORIENTED_EDGE ( 'NONE', *, *, #676, .T. ) ;
#5043 = CARTESIAN_POINT ( 'NONE',  ( -9.303642002017689094, 23.15429687499999289, 6.000000000000000000 ) ) ;
#5044 = PLANE ( 'NONE',  #315 ) ;
#5045 = ORIENTED_EDGE ( 'NONE', *, *, #2512, .T. ) ;
#5046 = EDGE_CURVE ( 'NONE', #1589, #3200, #2478, .T. ) ;
#5047 = PLANE ( 'NONE',  #5439 ) ;
#5048 = VECTOR ( 'NONE', #4245, 1000.000000000000000 ) ;
#5049 = PLANE ( 'NONE',  #5449 ) ;
#5050 = DIRECTION ( 'NONE',  ( 0.000000000000000000, 0.000000000000000000, -1.000000000000000000 ) ) ;
#5051 = ORIENTED_EDGE ( 'NONE', *, *, #2726, .F. ) ;
#5052 = VECTOR ( 'NONE', #3228, 1000.000000000000000 ) ;
#5053 = EDGE_CURVE ( 'NONE', #5533, #2738, #1520, .T. ) ;
#5054 = ORIENTED_EDGE ( 'NONE', *, *, #3222, .T. ) ;
#5055 = DIRECTION ( 'NONE',  ( 0.000000000000000000, 1.000000000000000000, 1.608394988049539567E-16 ) ) ;
#5056 = CARTESIAN_POINT ( 'NONE',  ( -37.06788286210068861, 20.78641401289933910, 1.500000000000000444 ) ) ;
#5057 = VECTOR ( 'NONE', #28, 1000.000000000000000 ) ;
#5058 = ORIENTED_EDGE ( 'NONE', *, *, #5494, .T. ) ;
#5059 = DIRECTION ( 'NONE',  ( 0.5773502691896323924, -0.5773502691896122974, 0.5773502691896323924 ) ) ;
#5060 = ORIENTED_EDGE ( 'NONE', *, *, #3961, .F. ) ;
#5061 = EDGE_CURVE ( 'NONE', #5722, #1479, #2946, .T. ) ;
#5062 = VERTEX_POINT ( 'NONE', #3900 ) ;
#5063 = VECTOR ( 'NONE', #2173, 1000.000000000000000 ) ;
#5064 = CARTESIAN_POINT ( 'NONE',  ( -13.47847513588161483, 13.13641401289933697, 1.500000000000000444 ) ) ;
#5065 = VECTOR ( 'NONE', #2040, 1000.000000000000000 ) ;
#5066 = CARTESIAN_POINT ( 'NONE',  ( -43.75000000000000000, 13.15429687500000533, 0.4964466094067262469 ) ) ;
#5067 = ORIENTED_EDGE ( 'NONE', *, *, #2625, .F. ) ;
#5068 = DIRECTION ( 'NONE',  ( 0.000000000000000000, 1.000000000000000000, 0.000000000000000000 ) ) ;
#5069 = VERTEX_POINT ( 'NONE', #1552 ) ;
#5070 = DIRECTION ( 'NONE',  ( 0.000000000000000000, 1.000000000000000000, 0.000000000000000000 ) ) ;
#5071 = DIRECTION ( 'NONE',  ( -0.000000000000000000, 1.000000000000000000, 0.000000000000000000 ) ) ;
#5072 = PLANE ( 'NONE',  #1810 ) ;
#5073 = ORIENTED_EDGE ( 'NONE', *, *, #3895, .F. ) ;
#5074 = ORIENTED_EDGE ( 'NONE', *, *, #3109, .F. ) ;
#5075 = LINE ( 'NONE', #2245, #4711 ) ;
#5076 = DIRECTION ( 'NONE',  ( 1.734723475976806709E-18, 1.000000000000000000, 0.000000000000000000 ) ) ;
#5077 = VECTOR ( 'NONE', #2556, 1000.000000000000000 ) ;
#5078 = CARTESIAN_POINT ( 'NONE',  ( -13.41788286210068115, 13.48641401289933661, 0.5000000000000004441 ) ) ;
#5079 = CARTESIAN_POINT ( 'NONE',  ( -37.06788286210068151, 20.78641401289933910, 1.500000000000000444 ) ) ;
#5080 = VECTOR ( 'NONE', #3005, 1000.000000000000000 ) ;
#5081 = VECTOR ( 'NONE', #3986, 1000.000000000000000 ) ;
#5082 = DIRECTION ( 'NONE',  ( 0.000000000000000000, -0.000000000000000000, 1.000000000000000000 ) ) ;
#5083 = EDGE_LOOP ( 'NONE', ( #3896, #646, #614, #3065, #3267, #6075 ) ) ;
#5084 = VERTEX_POINT ( 'NONE', #1079 ) ;
#5085 = PLANE ( 'NONE',  #4551 ) ;
#5086 = AXIS2_PLACEMENT_3D ( 'NONE', #558, #2451, #1430 ) ;
#5087 = CARTESIAN_POINT ( 'NONE',  ( 13.67847513588162833, 13.13641401289933874, 6.000000000000000000 ) ) ;
#5088 = VECTOR ( 'NONE', #5454, 1000.000000000000000 ) ;
#5089 = EDGE_CURVE ( 'NONE', #1644, #4337, #1432, .T. ) ;
#5090 = EDGE_LOOP ( 'NONE', ( #3146, #4028, #2383, #1948 ) ) ;
#5091 = CARTESIAN_POINT ( 'NONE',  ( -36.41788286210068293, 13.48641401289933661, 1.500000000000000444 ) ) ;
#5092 = VERTEX_POINT ( 'NONE', #3929 ) ;
#5093 = ORIENTED_EDGE ( 'NONE', *, *, #2459, .T. ) ;
#5094 = LINE ( 'NONE', #2758, #3399 ) ;
#5095 = DIRECTION ( 'NONE',  ( 1.000000000000000000, -0.000000000000000000, 0.000000000000000000 ) ) ;
#5096 = EDGE_CURVE ( 'NONE', #4335, #4371, #5464, .T. ) ;
#5097 = EDGE_LOOP ( 'NONE', ( #4794, #5798, #5956, #301, #823, #853, #695, #4406, #4446, #2441, #5120, #4002, #1206, #3742, #2082, #3243 ) ) ;
#5098 = DIRECTION ( 'NONE',  ( 0.000000000000000000, 1.000000000000000000, 0.000000000000000000 ) ) ;
#5099 = ORIENTED_EDGE ( 'NONE', *, *, #3230, .F. ) ;
#5100 = CARTESIAN_POINT ( 'NONE',  ( 39.25000000000000000, 0.000000000000000000, 1.500000000000000444 ) ) ;
#5101 = PLANE ( 'NONE',  #318 ) ;
#5102 = ADVANCED_FACE ( 'NONE', ( #4508 ), #675, .F. ) ;
#5103 = DIRECTION ( 'NONE',  ( -0.000000000000000000, 0.000000000000000000, 1.000000000000000000 ) ) ;
#5104 = VECTOR ( 'NONE', #6085, 1000.000000000000000 ) ;
#5105 = FACE_OUTER_BOUND ( 'NONE', #3583, .T. ) ;
#5106 = ORIENTED_EDGE ( 'NONE', *, *, #4877, .F. ) ;
#5107 = FACE_OUTER_BOUND ( 'NONE', #5397, .T. ) ;
#5108 = LINE ( 'NONE', #5133, #2593 ) ;
#5109 = CARTESIAN_POINT ( 'NONE',  ( 0.000000000000000000, 0.000000000000000000, 1.000000000000000000 ) ) ;
#5110 = EDGE_CURVE ( 'NONE', #2871, #1217, #4026, .T. ) ;
#5111 = DIRECTION ( 'NONE',  ( 0.7071067811865469066, 0.7071067811865482389, 0.000000000000000000 ) ) ;
#5112 = LINE ( 'NONE', #881, #4974 ) ;
#5113 = EDGE_LOOP ( 'NONE', ( #3989, #3352, #3473, #5583, #3903, #5392, #4097, #1486 ) ) ;
#5114 = EDGE_LOOP ( 'NONE', ( #468, #4891, #1656, #277 ) ) ;
#5115 = CARTESIAN_POINT ( 'NONE',  ( -37.06788286210068151, 15.48641401289933661, 0.5000000000000004441 ) ) ;
#5116 = DIRECTION ( 'NONE',  ( -1.000000000000000000, 0.000000000000000000, -0.000000000000000000 ) ) ;
#5117 = ORIENTED_EDGE ( 'NONE', *, *, #4458, .T. ) ;
#5118 = DIRECTION ( 'NONE',  ( 1.000000000000000000, -1.734723475976806709E-18, 0.000000000000000000 ) ) ;
#5119 = VERTEX_POINT ( 'NONE', #5796 ) ;
#5120 = ORIENTED_EDGE ( 'NONE', *, *, #2695, .F. ) ;
#5121 = LINE ( 'NONE', #436, #6101 ) ;
#5122 = DIRECTION ( 'NONE',  ( -0.000000000000000000, -0.000000000000000000, 1.000000000000000000 ) ) ;
#5123 = ORIENTED_EDGE ( 'NONE', *, *, #2495, .T. ) ;
#5124 = DIRECTION ( 'NONE',  ( -1.000000000000000000, 0.000000000000000000, 0.000000000000000000 ) ) ;
#5125 = VERTEX_POINT ( 'NONE', #4907 ) ;
#5126 = CARTESIAN_POINT ( 'NONE',  ( 9.582117137899318848, 22.78641401289933910, 0.5000000000000004441 ) ) ;
#5127 = EDGE_CURVE ( 'NONE', #5277, #2716, #1109, .T. ) ;
#5128 = PLANE ( 'NONE',  #810 ) ;
#5129 = FACE_OUTER_BOUND ( 'NONE', #4639, .T. ) ;
#5130 = DIRECTION ( 'NONE',  ( 1.309225264888156130E-15, -1.000000000000000000, 0.000000000000000000 ) ) ;
#5131 = ORIENTED_EDGE ( 'NONE', *, *, #2908, .T. ) ;
#5132 = CARTESIAN_POINT ( 'NONE',  ( 31.93211713789931849, 20.78641401289933910, 1.500000000000000444 ) ) ;
#5133 = CARTESIAN_POINT ( 'NONE',  ( -13.41788286210068115, 22.78641401289933910, 0.5000000000000004441 ) ) ;
#5134 = DIRECTION ( 'NONE',  ( 1.734723475976806709E-18, 1.000000000000000000, 0.000000000000000000 ) ) ;
#5135 = CARTESIAN_POINT ( 'NONE',  ( -7.017882862100685237, 20.78641401289933910, 1.500000000000000444 ) ) ;
#5136 = AXIS2_PLACEMENT_3D ( 'NONE', #5788, #2007, #177 ) ;
#5137 = CARTESIAN_POINT ( 'NONE',  ( 0.000000000000000000, 0.000000000000000000, 4.000000000000000000 ) ) ;
#5138 = VECTOR ( 'NONE', #2464, 1000.000000000000000 ) ;
#5139 = VERTEX_POINT ( 'NONE', #3001 ) ;
#5140 = LINE ( 'NONE', #5917, #5632 ) ;
#5141 = EDGE_CURVE ( 'NONE', #4924, #3424, #1576, .T. ) ;
#5142 = ORIENTED_EDGE ( 'NONE', *, *, #163, .F. ) ;
#5143 = AXIS2_PLACEMENT_3D ( 'NONE', #273, #5488, #368 ) ;
#5144 = DIRECTION ( 'NONE',  ( -0.000000000000000000, -0.000000000000000000, 1.000000000000000000 ) ) ;
#5145 = CARTESIAN_POINT ( 'NONE',  ( 8.932117137899313164, 20.78641401289933910, -2.999999999999999112 ) ) ;
#5146 = VECTOR ( 'NONE', #2019, 1000.000000000000000 ) ;
#5147 = PLANE ( 'NONE',  #941 ) ;
#5148 = ORIENTED_EDGE ( 'NONE', *, *, #828, .T. ) ;
#5149 = EDGE_LOOP ( 'NONE', ( #1780, #6078, #1043, #4961 ) ) ;
#5150 = LINE ( 'NONE', #56, #1914 ) ;
#5151 = VECTOR ( 'NONE', #2291, 1000.000000000000000 ) ;
#5152 = EDGE_CURVE ( 'NONE', #3700, #3717, #648, .T. ) ;
#5153 = EDGE_CURVE ( 'NONE', #3918, #1726, #3127, .T. ) ;
#5154 = CARTESIAN_POINT ( 'NONE',  ( 15.31666666666454901, -19.87903645833439370, 30.93333333333335133 ) ) ;
#5155 = VECTOR ( 'NONE', #4516, 1000.000000000000000 ) ;
#5156 = ORIENTED_EDGE ( 'NONE', *, *, #4240, .F. ) ;
#5157 = CARTESIAN_POINT ( 'NONE',  ( 23.00000000000000000, 0.000000000000000000, 1.500000000000000444 ) ) ;
#5158 = ORIENTED_EDGE ( 'NONE', *, *, #4824, .T. ) ;
#5159 = VECTOR ( 'NONE', #4816, 1000.000000000000000 ) ;
#5160 = CARTESIAN_POINT ( 'NONE',  ( -45.75000000000000000, 25.65429687500000355, 0.4000000000000114575 ) ) ;
#5161 = CARTESIAN_POINT ( 'NONE',  ( -45.34999999999998721, 25.25429687499997655, 0.000000000000000000 ) ) ;
#5162 = APPROVAL_PERSON_ORGANIZATION ( #3840, #1277, #156 ) ;
#5163 = DIRECTION ( 'NONE',  ( -1.000000000000000000, 0.000000000000000000, 0.000000000000000000 ) ) ;
#5164 = AXIS2_PLACEMENT_3D ( 'NONE', #2873, #3739, #1364 ) ;
#5165 = ADVANCED_FACE ( 'NONE', ( #1171 ), #4442, .F. ) ;
#5166 = DIRECTION ( 'NONE',  ( 0.6785983445458594332, 0.6785983445458357854, -0.2810846377148176201 ) ) ;
#5167 = ORIENTED_EDGE ( 'NONE', *, *, #5411, .F. ) ;
#5168 = LINE ( 'NONE', #4795, #2250 ) ;
#5169 = DIRECTION ( 'NONE',  ( -1.000000000000000000, 0.000000000000000000, 0.000000000000000000 ) ) ;
#5170 = DIRECTION ( 'NONE',  ( 0.000000000000000000, 1.000000000000000000, 1.608394988049539567E-16 ) ) ;
#5171 = DIRECTION ( 'NONE',  ( 1.000000000000000000, 0.000000000000000000, 0.000000000000000000 ) ) ;
#5172 = EDGE_CURVE ( 'NONE', #5635, #523, #5432, .T. ) ;
#5173 = FACE_OUTER_BOUND ( 'NONE', #4800, .T. ) ;
#5174 = VERTEX_POINT ( 'NONE', #739 ) ;
#5175 = VECTOR ( 'NONE', #4981, 1000.000000000000000 ) ;
#5176 = LINE ( 'NONE', #3268, #3959 ) ;
#5177 = ORIENTED_EDGE ( 'NONE', *, *, #5681, .F. ) ;
#5178 = DIRECTION ( 'NONE',  ( 0.000000000000000000, -0.000000000000000000, 1.000000000000000000 ) ) ;
#5179 = VECTOR ( 'NONE', #5609, 1000.000000000000000 ) ;
#5180 = EDGE_CURVE ( 'NONE', #5390, #2760, #4415, .T. ) ;
#5181 = LINE ( 'NONE', #4833, #4207 ) ;
#5182 = ORIENTED_EDGE ( 'NONE', *, *, #1705, .F. ) ;
#5183 = ORIENTED_EDGE ( 'NONE', *, *, #2538, .T. ) ;
#5184 = CARTESIAN_POINT ( 'NONE',  ( 8.932117137899320269, 15.48641401289933661, 0.5000000000000004441 ) ) ;
#5185 = VECTOR ( 'NONE', #4403, 1000.000000000000000 ) ;
#5186 = CARTESIAN_POINT ( 'NONE',  ( 8.932117137899320269, 20.80448725967914925, 1.500000000000000444 ) ) ;
#5187 = EDGE_CURVE ( 'NONE', #2879, #4222, #3956, .T. ) ;
#5188 = ORIENTED_EDGE ( 'NONE', *, *, #3401, .T. ) ;
#5189 = DIRECTION ( 'NONE',  ( -0.7071067811865483499, 0.7071067811865467956, 0.000000000000000000 ) ) ;
#5190 = ORIENTED_EDGE ( 'NONE', *, *, #3726, .T. ) ;
#5191 = LINE ( 'NONE', #990, #3219 ) ;
#5192 = LINE ( 'NONE', #2390, #2092 ) ;
#5193 = CARTESIAN_POINT ( 'NONE',  ( -45.75000000000000000, 22.40429687500000711, 6.000000000000000000 ) ) ;
#5194 = CARTESIAN_POINT ( 'NONE',  ( -32.30364200201771041, 13.15429687499999289, 1.500000000000000444 ) ) ;
#5195 = ORIENTED_EDGE ( 'NONE', *, *, #3741, .T. ) ;
#5196 = LINE ( 'NONE', #68, #862 ) ;
#5197 = DIRECTION ( 'NONE',  ( 0.000000000000000000, -0.000000000000000000, 1.000000000000000000 ) ) ;
#5198 = LINE ( 'NONE', #972, #511 ) ;
#5199 = VECTOR ( 'NONE', #1465, 1000.000000000000000 ) ;
#5200 = DIRECTION ( 'NONE',  ( -1.000000000000000000, 1.734723475976806709E-18, 0.000000000000000000 ) ) ;
#5201 = LINE ( 'NONE', #1872, #1235 ) ;
#5202 = ORIENTED_EDGE ( 'NONE', *, *, #5595, .F. ) ;
#5203 = DIRECTION ( 'NONE',  ( 0.000000000000000000, -1.000000000000000000, 0.000000000000000000 ) ) ;
#5204 = ORIENTED_EDGE ( 'NONE', *, *, #5187, .T. ) ;
#5205 = ADVANCED_FACE ( 'NONE', ( #5341 ), #2544, .T. ) ;
#5206 = CARTESIAN_POINT ( 'NONE',  ( 9.503642002017720358, 13.15429687500000000, 1.500000000000000444 ) ) ;
#5207 = CARTESIAN_POINT ( 'NONE',  ( 39.25000000000000000, 13.15429687500000355, 4.000000000000000000 ) ) ;
#5208 = ORIENTED_EDGE ( 'NONE', *, *, #190, .T. ) ;
#5209 = ORIENTED_EDGE ( 'NONE', *, *, #2352, .F. ) ;
#5210 = DIRECTION ( 'NONE',  ( -0.000000000000000000, -0.000000000000000000, 1.000000000000000000 ) ) ;
#5211 = ADVANCED_FACE ( 'NONE', ( #3556 ), #5859, .F. ) ;
#5212 = LINE ( 'NONE', #4783, #1605 ) ;
#5213 = EDGE_LOOP ( 'NONE', ( #4465, #631, #657, #1208 ) ) ;
#5214 = LINE ( 'NONE', #1485, #5272 ) ;
#5215 = EDGE_LOOP ( 'NONE', ( #2685, #729, #3390, #733 ) ) ;
#5216 = DIRECTION ( 'NONE',  ( 0.000000000000000000, -1.000000000000000000, 0.000000000000000000 ) ) ;
#5217 = EDGE_CURVE ( 'NONE', #3137, #1604, #2071, .T. ) ;
#5218 = CARTESIAN_POINT ( 'NONE',  ( 8.932117137899320269, 20.78641401289933910, -2.999999999999999112 ) ) ;
#5219 = PERSON_AND_ORGANIZATION_ROLE ( 'creator' ) ;
#5220 = LINE ( 'NONE', #993, #2632 ) ;
#5221 = VERTEX_POINT ( 'NONE', #4477 ) ;
#5222 = DIRECTION ( 'NONE',  ( 0.7071067811865479058, -0.7071067811865471286, 0.000000000000000000 ) ) ;
#5223 = DIRECTION ( 'NONE',  ( 0.000000000000000000, 0.000000000000000000, -1.000000000000000000 ) ) ;
#5224 = DIRECTION ( 'NONE',  ( -0.7071067811865483499, 0.7071067811865467956, 0.000000000000000000 ) ) ;
#5225 = PLANE ( 'NONE',  #2898 ) ;
#5226 = LINE ( 'NONE', #2954, #3408 ) ;
#5227 = ORIENTED_EDGE ( 'NONE', *, *, #2200, .T. ) ;
#5228 = DIRECTION ( 'NONE',  ( 0.000000000000000000, 0.000000000000000000, -1.000000000000000000 ) ) ;
#5229 = ORIENTED_EDGE ( 'NONE', *, *, #5141, .T. ) ;
#5230 = ADVANCED_FACE ( 'NONE', ( #3493 ), #4053, .F. ) ;
#5231 = LINE ( 'NONE', #3016, #2591 ) ;
#5232 = VECTOR ( 'NONE', #5363, 1000.000000000000000 ) ;
#5233 = VECTOR ( 'NONE', #1735, 1000.000000000000000 ) ;
#5234 = EDGE_CURVE ( 'NONE', #5002, #2247, #3590, .T. ) ;
#5235 = DIRECTION ( 'NONE',  ( -1.000000000000000000, 0.000000000000000000, -0.000000000000000000 ) ) ;
#5236 = ORIENTED_EDGE ( 'NONE', *, *, #775, .T. ) ;
#5237 = VECTOR ( 'NONE', #1534, 1000.000000000000000 ) ;
#5238 = EDGE_CURVE ( 'NONE', #5373, #905, #5986, .T. ) ;
#5239 = ORIENTED_EDGE ( 'NONE', *, *, #2375, .F. ) ;
#5240 = DIRECTION ( 'NONE',  ( -0.7071067811865471286, -0.7071067811865479058, 0.000000000000000000 ) ) ;
#5241 = PLANE ( 'NONE',  #3072 ) ;
#5242 = DIRECTION ( 'NONE',  ( 0.7071067811865469066, 0.7071067811865482389, 1.137307002876286684E-16 ) ) ;
#5243 = VECTOR ( 'NONE', #1983, 1000.000000000000000 ) ;
#5244 = ADVANCED_FACE ( 'NONE', ( #3681 ), #3156, .F. ) ;
#5245 = ORIENTED_EDGE ( 'NONE', *, *, #3941, .F. ) ;
#5246 = FACE_OUTER_BOUND ( 'NONE', #4201, .T. ) ;
#5247 = ORIENTED_EDGE ( 'NONE', *, *, #4088, .T. ) ;
#5248 = VECTOR ( 'NONE', #5372, 1000.000000000000000 ) ;
#5249 = CARTESIAN_POINT ( 'NONE',  ( -14.06788286210067973, 15.48641401289933661, 1.500000000000000444 ) ) ;
#5250 = PLANE ( 'NONE',  #5734 ) ;
#5251 = DATE_TIME_ROLE ( 'classification_date' ) ;
#5252 = AXIS2_PLACEMENT_3D ( 'NONE', #5530, #4239, #5 ) ;
#5253 = ORIENTED_EDGE ( 'NONE', *, *, #5039, .T. ) ;
#5254 = CARTESIAN_POINT ( 'NONE',  ( -41.85548033713265426, 29.59629397620647495, 6.000000000000000000 ) ) ;
#5255 = DIRECTION ( 'NONE',  ( -0.000000000000000000, 1.000000000000000000, -0.000000000000000000 ) ) ;
#5256 = APPROVAL_PERSON_ORGANIZATION ( #2855, #4293, #5683 ) ;
#5257 = LINE ( 'NONE', #1029, #3967 ) ;
#5258 = DIRECTION ( 'NONE',  ( -0.000000000000000000, -0.000000000000000000, 1.000000000000000000 ) ) ;
#5259 = EDGE_CURVE ( 'NONE', #2218, #3958, #864, .T. ) ;
#5260 = VERTEX_POINT ( 'NONE', #3218 ) ;
#5261 = FACE_OUTER_BOUND ( 'NONE', #788, .T. ) ;
#5262 = EDGE_LOOP ( 'NONE', ( #741, #4825, #5605, #957 ) ) ;
#5263 = CARTESIAN_POINT ( 'NONE',  ( 39.25000000000000000, 13.15429687500000355, 4.000000000000000000 ) ) ;
#5264 = VERTEX_POINT ( 'NONE', #1270 ) ;
#5265 = LINE ( 'NONE', #4831, #4558 ) ;
#5266 = LINE ( 'NONE', #3338, #3514 ) ;
#5267 = ORIENTED_EDGE ( 'NONE', *, *, #3873, .T. ) ;
#5268 = ORIENTED_EDGE ( 'NONE', *, *, #4988, .F. ) ;
#5269 = EDGE_CURVE ( 'NONE', #2022, #2871, #3740, .T. ) ;
#5270 = LINE ( 'NONE', #145, #1492 ) ;
#5271 = CARTESIAN_POINT ( 'NONE',  ( -45.75000000000000000, 25.65429687500000355, 0.4000000000000114575 ) ) ;
#5272 = VECTOR ( 'NONE', #1918, 1000.000000000000000 ) ;
#5273 = VECTOR ( 'NONE', #6016, 1000.000000000000227 ) ;
#5274 = VERTEX_POINT ( 'NONE', #438 ) ;
#5275 = VECTOR ( 'NONE', #2302, 1000.000000000000000 ) ;
#5276 = DIRECTION ( 'NONE',  ( -1.000000000000000000, -0.000000000000000000, -0.000000000000000000 ) ) ;
#5277 = VERTEX_POINT ( 'NONE', #2198 ) ;
#5278 = LINE ( 'NONE', #469, #5279 ) ;
#5279 = VECTOR ( 'NONE', #2881, 1000.000000000000000 ) ;
#5280 = EDGE_CURVE ( 'NONE', #136, #4075, #3650, .T. ) ;
#5281 = CARTESIAN_POINT ( 'NONE',  ( 15.31666666666454901, 56.18763020833439725, 30.93333333333335133 ) ) ;
#5282 = VECTOR ( 'NONE', #2252, 1000.000000000000000 ) ;
#5283 = PERSON_AND_ORGANIZATION_ROLE ( 'creator' ) ;
#5284 = ORIENTED_EDGE ( 'NONE', *, *, #2418, .F. ) ;
#5285 = CARTESIAN_POINT ( 'NONE',  ( 13.58211713789931530, 13.48641401289933661, 0.5000000000000004441 ) ) ;
#5286 = FACE_OUTER_BOUND ( 'NONE', #3702, .T. ) ;
#5287 = EDGE_CURVE ( 'NONE', #3661, #366, #5522, .T. ) ;
#5288 = CARTESIAN_POINT ( 'NONE',  ( 39.25000000000000000, 23.15429687500000000, 6.000000000000000000 ) ) ;
#5289 = CARTESIAN_POINT ( 'NONE',  ( -36.47847513588163082, 23.17217973710068080, 1.500000000000000444 ) ) ;
#5290 = ORIENTED_EDGE ( 'NONE', *, *, #1325, .T. ) ;
#5291 = CARTESIAN_POINT ( 'NONE',  ( 31.93211713789932560, 15.48641401289933661, 1.500000000000000444 ) ) ;
#5292 = ORIENTED_EDGE ( 'NONE', *, *, #3262, .T. ) ;
#5293 = CARTESIAN_POINT ( 'NONE',  ( -38.75000000000000000, 23.15429687499999289, 6.000000000000000000 ) ) ;
#5294 = ORIENTED_EDGE ( 'NONE', *, *, #178, .T. ) ;
#5295 = AXIS2_PLACEMENT_3D ( 'NONE', #813, #321, #2176 ) ;
#5296 = ADVANCED_FACE ( 'NONE', ( #2787 ), #4177, .F. ) ;
#5297 = CARTESIAN_POINT ( 'NONE',  ( 0.000000000000000000, 13.40429687500000355, 0.3499999999999999223 ) ) ;
#5298 = DIRECTION ( 'NONE',  ( -0.7071067811865483499, 0.7071067811865466846, 0.000000000000000000 ) ) ;
#5299 = ORIENTED_EDGE ( 'NONE', *, *, #5398, .T. ) ;
#5300 = ORIENTED_EDGE ( 'NONE', *, *, #4790, .F. ) ;
#5301 = CARTESIAN_POINT ( 'NONE',  ( -13.49635799798227964, 13.15429687499999822, 6.000000000000000000 ) ) ;
#5302 = EDGE_CURVE ( 'NONE', #1846, #5329, #3119, .T. ) ;
#5303 = DIRECTION ( 'NONE',  ( 0.000000000000000000, -0.000000000000000000, 1.000000000000000000 ) ) ;
#5304 = EDGE_LOOP ( 'NONE', ( #4182, #4061, #1749, #5386 ) ) ;
#5305 = FACE_OUTER_BOUND ( 'NONE', #5656, .T. ) ;
#5306 = ORIENTED_EDGE ( 'NONE', *, *, #5954, .T. ) ;
#5307 = CARTESIAN_POINT ( 'NONE',  ( -37.06788286210068861, 20.78641401289933910, -2.999999999999999112 ) ) ;
#5308 = ADVANCED_FACE ( 'NONE', ( #1302 ), #5585, .F. ) ;
#5309 = CARTESIAN_POINT ( 'NONE',  ( 29.58211713789933484, 16.07582173911838908, 2.499999999999999112 ) ) ;
#5310 = DATE_TIME_ROLE ( 'creation_date' ) ;
#5311 = EDGE_CURVE ( 'NONE', #4027, #5435, #6044, .T. ) ;
#5312 = VERTEX_POINT ( 'NONE', #403 ) ;
#5313 = EDGE_CURVE ( 'NONE', #4923, #5274, #5557, .T. ) ;
#5314 = DIRECTION ( 'NONE',  ( -0.000000000000000000, -0.000000000000000000, 1.000000000000000000 ) ) ;
#5315 = LINE ( 'NONE', #3465, #54 ) ;
#5316 = ADVANCED_FACE ( 'NONE', ( #1857, #1335 ), #1391, .T. ) ;
#5317 = FACE_OUTER_BOUND ( 'NONE', #2652, .T. ) ;
#5318 = DIRECTION ( 'NONE',  ( -0.000000000000000000, 1.000000000000000000, -0.000000000000000000 ) ) ;
#5319 = EDGE_LOOP ( 'NONE', ( #2140, #5543, #3457, #5292 ) ) ;
#5320 = EDGE_CURVE ( 'NONE', #5312, #1618, #5955, .T. ) ;
#5321 = LINE ( 'NONE', #1586, #1550 ) ;
#5322 = ORIENTED_EDGE ( 'NONE', *, *, #139, .T. ) ;
#5323 = PLANE ( 'NONE',  #2786 ) ;
#5324 = ORIENTED_EDGE ( 'NONE', *, *, #2654, .T. ) ;
#5325 = DIRECTION ( 'NONE',  ( -0.000000000000000000, -0.000000000000000000, 1.000000000000000000 ) ) ;
#5326 = EDGE_CURVE ( 'NONE', #4090, #4896, #770, .T. ) ;
#5327 = DIRECTION ( 'NONE',  ( 0.7071067811865479058, -0.7071067811865471286, 0.000000000000000000 ) ) ;
#5328 = VERTEX_POINT ( 'NONE', #3623 ) ;
#5329 = VERTEX_POINT ( 'NONE', #5495 ) ;
#5330 = CARTESIAN_POINT ( 'NONE',  ( -37.06788286210068151, 15.48641401289933661, -2.999999999999999112 ) ) ;
#5331 = FACE_OUTER_BOUND ( 'NONE', #5215, .T. ) ;
#5332 = VECTOR ( 'NONE', #5384, 1000.000000000000000 ) ;
#5333 = VECTOR ( 'NONE', #4380, 1000.000000000000000 ) ;
#5334 = DIRECTION ( 'NONE',  ( 0.000000000000000000, -1.000000000000000000, 0.000000000000000000 ) ) ;
#5335 = VERTEX_POINT ( 'NONE', #5030 ) ;
#5336 = CARTESIAN_POINT ( 'NONE',  ( 39.25000000000000000, 13.15429687500000355, 6.000000000000000000 ) ) ;
#5337 = ORIENTED_EDGE ( 'NONE', *, *, #1941, .F. ) ;
#5338 = DIRECTION ( 'NONE',  ( -0.000000000000000000, -0.000000000000000000, 1.000000000000000000 ) ) ;
#5339 = EDGE_CURVE ( 'NONE', #3559, #1427, #800, .T. ) ;
#5340 = VECTOR ( 'NONE', #662, 1000.000000000000000 ) ;
#5341 = FACE_OUTER_BOUND ( 'NONE', #1820, .T. ) ;
#5342 = ORIENTED_EDGE ( 'NONE', *, *, #1312, .T. ) ;
#5343 = AXIS2_PLACEMENT_3D ( 'NONE', #410, #2741, #4672 ) ;
#5344 = VERTEX_POINT ( 'NONE', #465 ) ;
#5345 = CARTESIAN_POINT ( 'NONE',  ( -30.00000000000000711, 20.85065487298230735, 1.500000000000000444 ) ) ;
#5346 = DIRECTION ( 'NONE',  ( -0.000000000000000000, -0.000000000000000000, 1.000000000000000000 ) ) ;
#5347 = CARTESIAN_POINT ( 'NONE',  ( -45.75000000000000000, 25.25429687500001918, 6.000000000000000000 ) ) ;
#5348 = VECTOR ( 'NONE', #1204, 1000.000000000000000 ) ;
#5349 = EDGE_CURVE ( 'NONE', #5730, #5002, #489, .T. ) ;
#5350 = LINE ( 'NONE', #1118, #5940 ) ;
#5351 = VERTEX_POINT ( 'NONE', #3311 ) ;
#5352 = DIRECTION ( 'NONE',  ( 0.000000000000000000, -1.000000000000000000, 0.000000000000000000 ) ) ;
#5353 = ORIENTED_EDGE ( 'NONE', *, *, #2035, .T. ) ;
#5354 = AXIS2_PLACEMENT_3D ( 'NONE', #3264, #5629, #4682 ) ;
#5355 = LINE ( 'NONE', #196, #5332 ) ;
#5356 = EDGE_LOOP ( 'NONE', ( #4486, #1628, #2493, #794 ) ) ;
#5357 = DIRECTION ( 'NONE',  ( -0.000000000000000000, 1.000000000000000000, -0.000000000000000000 ) ) ;
#5358 = EDGE_CURVE ( 'NONE', #1155, #1254, #1915, .T. ) ;
#5359 = DIRECTION ( 'NONE',  ( 1.000000000000000000, 0.000000000000000000, -0.000000000000000000 ) ) ;
#5360 = LINE ( 'NONE', #3574, #1636 ) ;
#5361 = ORIENTED_EDGE ( 'NONE', *, *, #190, .F. ) ;
#5362 = ORIENTED_EDGE ( 'NONE', *, *, #3949, .F. ) ;
#5363 = DIRECTION ( 'NONE',  ( 0.000000000000000000, -1.000000000000000000, 0.000000000000000000 ) ) ;
#5364 = EDGE_CURVE ( 'NONE', #4369, #951, #5212, .T. ) ;
#5365 = CARTESIAN_POINT ( 'NONE',  ( 38.98211713789932276, 20.78641401289933910, 0.5000000000000004441 ) ) ;
#5366 = EDGE_CURVE ( 'NONE', #5943, #3359, #3804, .T. ) ;
#5367 = LINE ( 'NONE', #5822, #5081 ) ;
#5368 = ORIENTED_EDGE ( 'NONE', *, *, #5657, .T. ) ;
#5369 = FACE_OUTER_BOUND ( 'NONE', #3041, .T. ) ;
#5370 = ORIENTED_EDGE ( 'NONE', *, *, #1205, .T. ) ;
#5371 = CARTESIAN_POINT ( 'NONE',  ( -14.06788286210067973, 15.48641401289933661, 0.000000000000000000 ) ) ;
#5372 = DIRECTION ( 'NONE',  ( -0.000000000000000000, 1.000000000000000000, -0.000000000000000000 ) ) ;
#5373 = VERTEX_POINT ( 'NONE', #1592 ) ;
#5374 = ORIENTED_EDGE ( 'NONE', *, *, #5366, .T. ) ;
#5375 = PLANE ( 'NONE',  #5691 ) ;
#5376 = LINE ( 'NONE', #3905, #1135 ) ;
#5377 = VECTOR ( 'NONE', #1274, 1000.000000000000000 ) ;
#5378 = AXIS2_PLACEMENT_3D ( 'NONE', #5701, #1069, #3364 ) ;
#5379 = LINE ( 'NONE', #4515, #3974 ) ;
#5380 = FACE_OUTER_BOUND ( 'NONE', #1508, .T. ) ;
#5381 = ORIENTED_EDGE ( 'NONE', *, *, #5896, .T. ) ;
#5382 = DIRECTION ( 'NONE',  ( -0.000000000000000000, -0.000000000000000000, 1.000000000000000000 ) ) ;
#5383 = EDGE_LOOP ( 'NONE', ( #2108, #1375, #4317, #5003, #4748, #1837, #1484, #3878, #3275, #2528, #4802, #5074, #3516, #2542, #309, #3114 ) ) ;
#5384 = DIRECTION ( 'NONE',  ( -0.000000000000000000, -0.000000000000000000, 1.000000000000000000 ) ) ;
#5385 = CC_DESIGN_PERSON_AND_ORGANIZATION_ASSIGNMENT ( #1055, #36, ( #1892 ) ) ;
#5386 = ORIENTED_EDGE ( 'NONE', *, *, #4197, .T. ) ;
#5387 = CARTESIAN_POINT ( 'NONE',  ( 30.18211713789932560, 15.48641401289933661, 0.5000000000000004441 ) ) ;
#5388 = CARTESIAN_POINT ( 'NONE',  ( 39.25000000000000000, 20.60065487298230735, 1.500000000000000444 ) ) ;
#5389 = CARTESIAN_POINT ( 'NONE',  ( 46.25000000000000000, 11.65429687500000533, 5.600000000000016520 ) ) ;
#5390 = VERTEX_POINT ( 'NONE', #554 ) ;
#5391 = ADVANCED_FACE ( 'NONE', ( #2380 ), #2446, .T. ) ;
#5392 = ORIENTED_EDGE ( 'NONE', *, *, #4079, .T. ) ;
#5393 = DIRECTION ( 'NONE',  ( -0.7071067811865483499, 0.7071067811865466846, 0.000000000000000000 ) ) ;
#5394 = CARTESIAN_POINT ( 'NONE',  ( -30.00000000000000355, 15.45793887701771219, 4.000000000000000000 ) ) ;
#5395 = VECTOR ( 'NONE', #562, 1000.000000000000114 ) ;
#5396 = LINE ( 'NONE', #3057, #3505 ) ;
#5397 = EDGE_LOOP ( 'NONE', ( #5792, #2448, #221, #1064 ) ) ;
#5398 = EDGE_CURVE ( 'NONE', #4459, #4015, #2413, .T. ) ;
#5399 = CARTESIAN_POINT ( 'NONE',  ( 30.18211713789932560, 20.80448725967914925, 0.5000000000000004441 ) ) ;
#5400 = VERTEX_POINT ( 'NONE', #5811 ) ;
#5401 = PLANE ( 'NONE',  #2506 ) ;
#5402 = CARTESIAN_POINT ( 'NONE',  ( -37.06788286210068151, 15.48641401289933661, 0.5000000000000004441 ) ) ;
#5403 = ORIENTED_EDGE ( 'NONE', *, *, #5141, .F. ) ;
#5404 = ORIENTED_EDGE ( 'NONE', *, *, #2960, .F. ) ;
#5405 = EDGE_CURVE ( 'NONE', #1980, #1516, #4259, .T. ) ;
#5406 = CARTESIAN_POINT ( 'NONE',  ( -45.75000000000000000, 15.45793887701771219, 3.999999999999999112 ) ) ;
#5407 = LINE ( 'NONE', #189, #3906 ) ;
#5408 = PLANE ( 'NONE',  #21 ) ;
#5409 = CARTESIAN_POINT ( 'NONE',  ( 39.25000000000000000, 23.15429687500000000, 4.000000000000000000 ) ) ;
#5410 = VERTEX_POINT ( 'NONE', #4231 ) ;
#5411 = EDGE_CURVE ( 'NONE', #4136, #1644, #5676, .T. ) ;
#5412 = LINE ( 'NONE', #2980, #5586 ) ;
#5413 = VERTEX_POINT ( 'NONE', #171 ) ;
#5414 = DIRECTION ( 'NONE',  ( -0.5773502691896323924, -0.5773502691896122974, -0.5773502691896323924 ) ) ;
#5415 = ORIENTED_EDGE ( 'NONE', *, *, #4422, .F. ) ;
#5416 = ADVANCED_FACE ( 'NONE', ( #5706 ), #2822, .F. ) ;
#5417 = CARTESIAN_POINT ( 'NONE',  ( 39.24999999999999289, 15.45793887701771219, 2.499999999999999112 ) ) ;
#5418 = CARTESIAN_POINT ( 'NONE',  ( 39.25000000000000000, 13.15429687500000355, 4.000000000000000000 ) ) ;
#5419 = CARTESIAN_POINT ( 'NONE',  ( 39.25000000000000000, 13.15429687500000355, 4.000000000000000000 ) ) ;
#5420 = ADVANCED_FACE ( 'NONE', ( #2561 ), #3943, .F. ) ;
#5421 = ORIENTED_EDGE ( 'NONE', *, *, #5914, .F. ) ;
#5422 = VERTEX_POINT ( 'NONE', #200 ) ;
#5423 = DIRECTION ( 'NONE',  ( -0.000000000000000000, 1.000000000000000000, 0.000000000000000000 ) ) ;
#5424 = DIRECTION ( 'NONE',  ( 0.000000000000000000, -1.000000000000000000, 0.000000000000000000 ) ) ;
#5425 = EDGE_CURVE ( 'NONE', #23, #1197, #2089, .T. ) ;
#5426 = EDGE_CURVE ( 'NONE', #3835, #3524, #1625, .T. ) ;
#5427 = DIRECTION ( 'NONE',  ( -1.000000000000000000, -0.000000000000000000, -0.000000000000000000 ) ) ;
#5428 = ORIENTED_EDGE ( 'NONE', *, *, #5784, .F. ) ;
#5429 = FACE_OUTER_BOUND ( 'NONE', #3190, .T. ) ;
#5430 = ORIENTED_EDGE ( 'NONE', *, *, #6001, .F. ) ;
#5431 = LINE ( 'NONE', #2289, #1323 ) ;
#5432 = LINE ( 'NONE', #2104, #3386 ) ;
#5433 = VECTOR ( 'NONE', #3310, 1000.000000000000000 ) ;
#5434 = EDGE_CURVE ( 'NONE', #1541, #1062, #4698, .T. ) ;
#5435 = VERTEX_POINT ( 'NONE', #1882 ) ;
#5436 = AXIS2_PLACEMENT_3D ( 'NONE', #5263, #1562, #76 ) ;
#5437 = VERTEX_POINT ( 'NONE', #4289 ) ;
#5438 = CARTESIAN_POINT ( 'NONE',  ( 39.25000000000000000, 13.15429687500000355, 4.000000000000000000 ) ) ;
#5439 = AXIS2_PLACEMENT_3D ( 'NONE', #1352, #5134, #1812 ) ;
#5440 = LINE ( 'NONE', #3534, #5672 ) ;
#5441 = EDGE_CURVE ( 'NONE', #1726, #366, #3768, .T. ) ;
#5442 = CARTESIAN_POINT ( 'NONE',  ( 9.582117137899318848, 13.48641401289933661, 0.5000000000000004441 ) ) ;
#5443 = AXIS2_PLACEMENT_3D ( 'NONE', #4912, #316, #2646 ) ;
#5444 = CARTESIAN_POINT ( 'NONE',  ( -43.25000000000000000, 13.15429687500000355, 0.000000000000000000 ) ) ;
#5445 = ORIENTED_EDGE ( 'NONE', *, *, #2933, .F. ) ;
#5446 = DIRECTION ( 'NONE',  ( 0.000000000000000000, -0.000000000000000000, 1.000000000000000000 ) ) ;
#5447 = LINE ( 'NONE', #2053, #3279 ) ;
#5448 = ORIENTED_EDGE ( 'NONE', *, *, #722, .T. ) ;
#5449 = AXIS2_PLACEMENT_3D ( 'NONE', #1755, #4134, #3048 ) ;
#5450 = CARTESIAN_POINT ( 'NONE',  ( 15.98211713789931387, 20.78641401289933910, 0.5000000000000004441 ) ) ;
#5451 = EDGE_CURVE ( 'NONE', #3059, #2523, #58, .T. ) ;
#5452 = LINE ( 'NONE', #3609, #5544 ) ;
#5453 = VECTOR ( 'NONE', #1527, 1000.000000000000000 ) ;
#5454 = DIRECTION ( 'NONE',  ( -0.000000000000000000, -0.000000000000000000, 1.000000000000000000 ) ) ;
#5455 = ORIENTED_EDGE ( 'NONE', *, *, #1982, .F. ) ;
#5456 = EDGE_LOOP ( 'NONE', ( #5294, #3530, #2705, #1263 ) ) ;
#5457 = CARTESIAN_POINT ( 'NONE',  ( -38.75000000000000000, 22.40429687500000355, 1.000000000000000000 ) ) ;
#5458 = LINE ( 'NONE', #3120, #415 ) ;
#5459 = DIRECTION ( 'NONE',  ( 0.000000000000000000, -0.000000000000000000, 1.000000000000000000 ) ) ;
#5460 = VERTEX_POINT ( 'NONE', #3833 ) ;
#5461 = DIRECTION ( 'NONE',  ( -0.000000000000000000, 0.000000000000000000, -1.000000000000000000 ) ) ;
#5462 = VERTEX_POINT ( 'NONE', #5974 ) ;
#5463 = CARTESIAN_POINT ( 'NONE',  ( -39.41788286210066872, 16.07582173911838908, 6.000000000000000000 ) ) ;
#5464 = LINE ( 'NONE', #2139, #4950 ) ;
#5465 = EDGE_LOOP ( 'NONE', ( #4873, #4887, #1672, #16 ) ) ;
#5466 = ORIENTED_EDGE ( 'NONE', *, *, #1251, .T. ) ;
#5467 = CARTESIAN_POINT ( 'NONE',  ( -37.06788286210068151, 15.48641401289933661, 0.5000000000000004441 ) ) ;
#5468 = CARTESIAN_POINT ( 'NONE',  ( 8.932117137899320269, 20.80448725967914925, 0.5000000000000004441 ) ) ;
#5469 = EDGE_CURVE ( 'NONE', #5351, #3737, #3172, .T. ) ;
#5470 = DIRECTION ( 'NONE',  ( 0.000000000000000000, -1.000000000000000000, -1.608394988049539567E-16 ) ) ;
#5471 = AXIS2_PLACEMENT_3D ( 'NONE', #3301, #3970, #5446 ) ;
#5472 = LINE ( 'NONE', #2112, #3983 ) ;
#5473 = ORIENTED_EDGE ( 'NONE', *, *, #5320, .T. ) ;
#5474 = ORIENTED_EDGE ( 'NONE', *, *, #784, .F. ) ;
#5475 = PLANE ( 'NONE',  #5980 ) ;
#5476 = VECTOR ( 'NONE', #3736, 1000.000000000000000 ) ;
#5477 = LINE ( 'NONE', #1253, #5639 ) ;
#5478 = VECTOR ( 'NONE', #524, 1000.000000000000000 ) ;
#5479 = EDGE_CURVE ( 'NONE', #3252, #1589, #4559, .T. ) ;
#5480 = ORIENTED_EDGE ( 'NONE', *, *, #5784, .T. ) ;
#5481 = DIRECTION ( 'NONE',  ( 2.790120544412971957E-34, 1.608394988049539567E-16, -1.000000000000000000 ) ) ;
#5482 = DIRECTION ( 'NONE',  ( 0.7071067811865466846, 0.7071067811865483499, 0.000000000000000000 ) ) ;
#5483 = DIRECTION ( 'NONE',  ( 0.000000000000000000, 1.000000000000000000, 0.000000000000000000 ) ) ;
#5484 = ORIENTED_EDGE ( 'NONE', *, *, #3230, .T. ) ;
#5485 = EDGE_CURVE ( 'NONE', #338, #3971, #4953, .T. ) ;
#5486 = ORIENTED_EDGE ( 'NONE', *, *, #885, .T. ) ;
#5487 = DIRECTION ( 'NONE',  ( 2.790120544412971957E-34, 1.608394988049539567E-16, -1.000000000000000000 ) ) ;
#5488 = DIRECTION ( 'NONE',  ( 0.000000000000000000, -1.000000000000000000, 0.000000000000000000 ) ) ;
#5489 = CARTESIAN_POINT ( 'NONE',  ( -29.38211713789932489, 20.23277201088162514, 2.500000000000000000 ) ) ;
#5490 = ORIENTED_EDGE ( 'NONE', *, *, #5313, .T. ) ;
#5491 = PLANE ( 'NONE',  #412 ) ;
#5492 = ORIENTED_EDGE ( 'NONE', *, *, #3656, .T. ) ;
#5493 = FACE_OUTER_BOUND ( 'NONE', #158, .T. ) ;
#5494 = EDGE_CURVE ( 'NONE', #3772, #3009, #3142, .T. ) ;
#5495 = CARTESIAN_POINT ( 'NONE',  ( -43.75000000000000000, 13.15429687500000355, 0.3499999999999999223 ) ) ;
#5496 = ORIENTED_EDGE ( 'NONE', *, *, #1695, .F. ) ;
#5497 = PLANE ( 'NONE',  #3801 ) ;
#5498 = ADVANCED_FACE ( 'NONE', ( #818 ), #5049, .F. ) ;
#5499 = DIRECTION ( 'NONE',  ( 0.000000000000000000, 0.000000000000000000, 1.000000000000000000 ) ) ;
#5500 = CARTESIAN_POINT ( 'NONE',  ( -36.41788286210068293, 22.78641401289933910, 0.5000000000000004441 ) ) ;
#5501 = DIRECTION ( 'NONE',  ( 0.7071067811865597852, 1.752335333352458225E-16, -0.7071067811865352493 ) ) ;
#5502 = EDGE_CURVE ( 'NONE', #1578, #3402, #5939, .T. ) ;
#5503 = ORIENTED_EDGE ( 'NONE', *, *, #1048, .T. ) ;
#5504 = ORIENTED_EDGE ( 'NONE', *, *, #3949, .T. ) ;
#5505 = DIRECTION ( 'NONE',  ( 1.000000000000000000, -1.734723475976806709E-18, -0.000000000000000000 ) ) ;
#5506 = CARTESIAN_POINT ( 'NONE',  ( 30.18211713789932560, 15.48641401289933661, 0.5000000000000004441 ) ) ;
#5507 = ORIENTED_EDGE ( 'NONE', *, *, #4790, .T. ) ;
#5508 = DIRECTION ( 'NONE',  ( -0.000000000000000000, -0.000000000000000000, 1.000000000000000000 ) ) ;
#5509 = DIRECTION ( 'NONE',  ( -0.7071067811865483499, 0.7071067811865466846, 0.000000000000000000 ) ) ;
#5510 = EDGE_CURVE ( 'NONE', #4428, #1296, #5452, .T. ) ;
#5511 = DIRECTION ( 'NONE',  ( -0.7071067811865479058, 0.7071067811865471286, 0.000000000000000000 ) ) ;
#5512 = ORIENTED_EDGE ( 'NONE', *, *, #5705, .F. ) ;
#5513 = ORIENTED_EDGE ( 'NONE', *, *, #6001, .T. ) ;
#5514 = CARTESIAN_POINT ( 'NONE',  ( 39.25000000000000000, 13.15429687500000355, 4.000000000000000000 ) ) ;
#5515 = VECTOR ( 'NONE', #4872, 1000.000000000000000 ) ;
#5516 = CARTESIAN_POINT ( 'NONE',  ( -13.41788286210068115, 22.78641401289933910, 1.500000000000000444 ) ) ;
#5517 = EDGE_CURVE ( 'NONE', #1816, #399, #5016, .T. ) ;
#5518 = LINE ( 'NONE', #6039, #3417 ) ;
#5519 = ORIENTED_EDGE ( 'NONE', *, *, #5547, .T. ) ;
#5520 = ORIENTED_EDGE ( 'NONE', *, *, #2225, .T. ) ;
#5521 = CARTESIAN_POINT ( 'NONE',  ( -29.38211713789932489, 20.23277201088162514, 1.500000000000000444 ) ) ;
#5522 = LINE ( 'NONE', #893, #5739 ) ;
#5523 = ORIENTED_EDGE ( 'NONE', *, *, #521, .F. ) ;
#5524 = CARTESIAN_POINT ( 'NONE',  ( 39.25000000000000000, 13.15429687500000355, 4.000000000000000000 ) ) ;
#5525 = ORIENTED_EDGE ( 'NONE', *, *, #1030, .T. ) ;
#5526 = EDGE_CURVE ( 'NONE', #4842, #3837, #2655, .T. ) ;
#5527 = LINE ( 'NONE', #2204, #5273 ) ;
#5528 = VECTOR ( 'NONE', #5577, 1000.000000000000227 ) ;
#5529 = DIRECTION ( 'NONE',  ( 0.7071067811865469066, 0.7071067811865482389, 0.000000000000000000 ) ) ;
#5530 = CARTESIAN_POINT ( 'NONE',  ( 9.582117137899318848, 13.48641401289933661, 0.5000000000000004441 ) ) ;
#5531 = CARTESIAN_POINT ( 'NONE',  ( 8.932117137899313164, 20.78641401289933910, -2.999999999999999112 ) ) ;
#5532 = AXIS2_PLACEMENT_3D ( 'NONE', #3141, #3509, #1222 ) ;
#5533 = VERTEX_POINT ( 'NONE', #6000 ) ;
#5534 = PLANE ( 'NONE',  #3333 ) ;
#5535 = CARTESIAN_POINT ( 'NONE',  ( -38.75000000000000000, 15.48641401289933661, 1.000000000000000000 ) ) ;
#5536 = ORIENTED_EDGE ( 'NONE', *, *, #5259, .T. ) ;
#5537 = VECTOR ( 'NONE', #322, 1000.000000000000000 ) ;
#5538 = ADVANCED_FACE ( 'NONE', ( #1724 ), #1658, .F. ) ;
#5539 = DIRECTION ( 'NONE',  ( 0.000000000000000000, 0.000000000000000000, -1.000000000000000000 ) ) ;
#5540 = AXIS2_PLACEMENT_3D ( 'NONE', #966, #2883, #64 ) ;
#5541 = DIRECTION ( 'NONE',  ( 1.000000000000000000, -0.000000000000000000, 0.000000000000000000 ) ) ;
#5542 = FACE_OUTER_BOUND ( 'NONE', #2364, .T. ) ;
#5543 = ORIENTED_EDGE ( 'NONE', *, *, #4513, .T. ) ;
#5544 = VECTOR ( 'NONE', #1687, 1000.000000000000000 ) ;
#5545 = ORIENTED_EDGE ( 'NONE', *, *, #3126, .T. ) ;
#5546 = DIRECTION ( 'NONE',  ( 1.000000000000000000, 0.000000000000000000, 0.000000000000000000 ) ) ;
#5547 = EDGE_CURVE ( 'NONE', #2608, #891, #3112, .T. ) ;
#5548 = CARTESIAN_POINT ( 'NONE',  ( -37.06788286210068151, 20.80448725967914925, 1.000000000000000000 ) ) ;
#5549 = AXIS2_PLACEMENT_3D ( 'NONE', #2078, #778, #1150 ) ;
#5550 = DIRECTION ( 'NONE',  ( 0.000000000000000000, -1.000000000000000000, 0.000000000000000000 ) ) ;
#5551 = EDGE_LOOP ( 'NONE', ( #643, #5966, #5190, #81 ) ) ;
#5552 = ORIENTED_EDGE ( 'NONE', *, *, #5692, .F. ) ;
#5553 = AXIS2_PLACEMENT_3D ( 'NONE', #1320, #1813, #655 ) ;
#5554 = DIRECTION ( 'NONE',  ( -0.000000000000000000, -0.000000000000000000, 1.000000000000000000 ) ) ;
#5555 = EDGE_CURVE ( 'NONE', #2210, #2283, #1256, .T. ) ;
#5556 = AXIS2_PLACEMENT_3D ( 'NONE', #1078, #5826, #2137 ) ;
#5557 = LINE ( 'NONE', #2759, #1903 ) ;
#5558 = EDGE_LOOP ( 'NONE', ( #5300, #5903, #3052, #3397, #1753, #4778 ) ) ;
#5559 = CARTESIAN_POINT ( 'NONE',  ( 32.52152486411837629, 23.17217973710068080, 6.000000000000000000 ) ) ;
#5560 = ORIENTED_EDGE ( 'NONE', *, *, #450, .F. ) ;
#5561 = DIRECTION ( 'NONE',  ( 0.7071067811865482389, -0.7071067811865469066, 0.000000000000000000 ) ) ;
#5562 = ADVANCED_FACE ( 'NONE', ( #2216 ), #2719, .F. ) ;
#5563 = LINE ( 'NONE', #3287, #5052 ) ;
#5564 = LINE ( 'NONE', #472, #620 ) ;
#5565 = PLANE ( 'NONE',  #5668 ) ;
#5566 = ORIENTED_EDGE ( 'NONE', *, *, #3511, .F. ) ;
#5567 = LINE ( 'NONE', #2769, #3922 ) ;
#5568 = LINE ( 'NONE', #2678, #213 ) ;
#5569 = VECTOR ( 'NONE', #1088, 1000.000000000000000 ) ;
#5570 = PLANE ( 'NONE',  #1202 ) ;
#5571 = CARTESIAN_POINT ( 'NONE',  ( 36.69635799798229669, 13.15429687500000355, 6.000000000000000000 ) ) ;
#5572 = AXIS2_PLACEMENT_3D ( 'NONE', #408, #3718, #1370 ) ;
#5573 = AXIS2_PLACEMENT_3D ( 'NONE', #4381, #2336, #6 ) ;
#5574 = CARTESIAN_POINT ( 'NONE',  ( -31.76788286210068790, 15.50448725967914676, 1.500000000000000444 ) ) ;
#5575 = ORIENTED_EDGE ( 'NONE', *, *, #5502, .F. ) ;
#5576 = ORIENTED_EDGE ( 'NONE', *, *, #2976, .T. ) ;
#5577 = DIRECTION ( 'NONE',  ( -0.5773502691896190697, 0.5773502691896390537, -0.5773502691896190697 ) ) ;
#5578 = LINE ( 'NONE', #483, #3281 ) ;
#5579 = VECTOR ( 'NONE', #1361, 1000.000000000000000 ) ;
#5580 = EDGE_CURVE ( 'NONE', #4067, #3461, #293, .T. ) ;
#5581 = CARTESIAN_POINT ( 'NONE',  ( 36.58211713789932418, 13.48641401289933661, 0.5000000000000004441 ) ) ;
#5582 = EDGE_LOOP ( 'NONE', ( #254, #457, #5893, #1436 ) ) ;
#5583 = ORIENTED_EDGE ( 'NONE', *, *, #4614, .F. ) ;
#5584 = CARTESIAN_POINT ( 'NONE',  ( -13.41788286210068115, 22.78641401289933910, 1.500000000000000444 ) ) ;
#5585 = PLANE ( 'NONE',  #1707 ) ;
#5586 = VECTOR ( 'NONE', #3568, 1000.000000000000000 ) ;
#5587 = ADVANCED_FACE ( 'NONE', ( #1286 ), #4593, .F. ) ;
#5588 = ORIENTED_EDGE ( 'NONE', *, *, #2923, .T. ) ;
#5589 = CARTESIAN_POINT ( 'NONE',  ( -36.47847513588163082, 23.17217973710068080, 6.000000000000000000 ) ) ;
#5590 = EDGE_LOOP ( 'NONE', ( #3277, #3396, #4171, #5054, #5370, #1289, #18, #5093, #4165, #2962, #1662, #3302, #2263, #3451, #3540, #6091, #1189, #5886, #4523, #3764, #1875, #2175, #2236, #4132 ) ) ;
#5591 = LINE ( 'NONE', #5468, #2630 ) ;
#5592 = VECTOR ( 'NONE', #4646, 1000.000000000000000 ) ;
#5593 = LINE ( 'NONE', #4583, #5640 ) ;
#5594 = CARTESIAN_POINT ( 'NONE',  ( 7.182117137899318493, 15.48641401289933661, 0.5000000000000004441 ) ) ;
#5595 = EDGE_CURVE ( 'NONE', #4963, #212, #5877, .T. ) ;
#5596 = LINE ( 'NONE', #149, #3610 ) ;
#5597 = VERTEX_POINT ( 'NONE', #237 ) ;
#5598 = CARTESIAN_POINT ( 'NONE',  ( -45.75000000000000000, 20.85065487298230735, 2.500000000000000000 ) ) ;
#5599 = FACE_OUTER_BOUND ( 'NONE', #3066, .T. ) ;
#5600 = CARTESIAN_POINT ( 'NONE',  ( -31.76788286210068790, 15.50448725967914676, 0.5000000000000004441 ) ) ;
#5601 = DIRECTION ( 'NONE',  ( -0.000000000000000000, 1.000000000000000000, -0.000000000000000000 ) ) ;
#5602 = CARTESIAN_POINT ( 'NONE',  ( 32.52152486411837629, 23.17217973710068080, 4.000000000000000000 ) ) ;
#5603 = ORIENTED_EDGE ( 'NONE', *, *, #2399, .T. ) ;
#5604 = CARTESIAN_POINT ( 'NONE',  ( -36.41788286210068293, 20.78641401289933910, 0.5000000000000004441 ) ) ;
#5605 = ORIENTED_EDGE ( 'NONE', *, *, #1797, .F. ) ;
#5606 = CARTESIAN_POINT ( 'NONE',  ( 46.25000000000000000, 22.40429687500000355, 6.000000000000000000 ) ) ;
#5607 = PLANE ( 'NONE',  #4070 ) ;
#5608 = EDGE_CURVE ( 'NONE', #2195, #5119, #692, .T. ) ;
#5609 = DIRECTION ( 'NONE',  ( 0.7071067811865479058, -0.7071067811865471286, 0.000000000000000000 ) ) ;
#5610 = ORIENTED_EDGE ( 'NONE', *, *, #464, .T. ) ;
#5611 = ORIENTED_EDGE ( 'NONE', *, *, #651, .F. ) ;
#5612 = ADVANCED_FACE ( 'NONE', ( #4012 ), #3544, .F. ) ;
#5613 = LINE ( 'NONE', #2820, #2337 ) ;
#5614 = ADVANCED_FACE ( 'NONE', ( #3204 ), #6089, .F. ) ;
#5615 = DIRECTION ( 'NONE',  ( 0.000000000000000000, 0.000000000000000000, -1.000000000000000000 ) ) ;
#5616 = VERTEX_POINT ( 'NONE', #5571 ) ;
#5617 = CARTESIAN_POINT ( 'NONE',  ( 14.23211713789931210, 20.78641401289933910, -2.999999999999999112 ) ) ;
#5618 = EDGE_LOOP ( 'NONE', ( #2107, #4073, #4694, #2680, #297 ) ) ;
#5619 = CARTESIAN_POINT ( 'NONE',  ( 36.67847513588161945, 23.17217973710068080, 1.500000000000000444 ) ) ;
#5620 = EDGE_CURVE ( 'NONE', #3855, #4100, #3755, .T. ) ;
#5621 = DIRECTION ( 'NONE',  ( -0.000000000000000000, -0.000000000000000000, 1.000000000000000000 ) ) ;
#5622 = CARTESIAN_POINT ( 'NONE',  ( -32.41788286210068293, 13.48641401289933661, 1.500000000000000444 ) ) ;
#5623 = LINE ( 'NONE', #531, #4696 ) ;
#5624 = ORIENTED_EDGE ( 'NONE', *, *, #1102, .F. ) ;
#5625 = DIRECTION ( 'NONE',  ( 1.000000000000000000, 0.000000000000000000, 0.000000000000000000 ) ) ;
#5626 = DIRECTION ( 'NONE',  ( 0.000000000000000000, 1.000000000000000000, 1.608394988049539567E-16 ) ) ;
#5627 = ADVANCED_FACE ( 'NONE', ( #4624 ), #391, .T. ) ;
#5628 = CARTESIAN_POINT ( 'NONE',  ( 16.61788286210067511, 16.07582173911839263, 1.500000000000000444 ) ) ;
#5629 = DIRECTION ( 'NONE',  ( 0.000000000000000000, -1.000000000000000000, 0.000000000000000000 ) ) ;
#5630 = VECTOR ( 'NONE', #4628, 1000.000000000000000 ) ;
#5631 = PLANE ( 'NONE',  #5471 ) ;
#5632 = VECTOR ( 'NONE', #2135, 1000.000000000000000 ) ;
#5633 = ORIENTED_EDGE ( 'NONE', *, *, #2357, .T. ) ;
#5634 = DIRECTION ( 'NONE',  ( 1.000000000000000000, 0.000000000000000000, 0.000000000000000000 ) ) ;
#5635 = VERTEX_POINT ( 'NONE', #851 ) ;
#5636 = AXIS2_PLACEMENT_3D ( 'NONE', #1476, #3363, #4775 ) ;
#5637 = EDGE_CURVE ( 'NONE', #2789, #2202, #3728, .T. ) ;
#5638 = DIRECTION ( 'NONE',  ( -1.000000000000000000, -0.000000000000000000, -0.000000000000000000 ) ) ;
#5639 = VECTOR ( 'NONE', #876, 1000.000000000000000 ) ;
#5640 = VECTOR ( 'NONE', #4641, 1000.000000000000000 ) ;
#5641 = DIRECTION ( 'NONE',  ( 0.000000000000000000, -1.000000000000000000, 0.000000000000000000 ) ) ;
#5642 = EDGE_LOOP ( 'NONE', ( #344, #4454, #2585, #6041, #3552, #2812, #3044, #5624, #1019, #3315, #3462, #4038, #1690, #2729, #5703, #6015 ) ) ;
#5643 = ORIENTED_EDGE ( 'NONE', *, *, #3222, .F. ) ;
#5644 = LINE ( 'NONE', #3767, #2739 ) ;
#5645 = VECTOR ( 'NONE', #3188, 1000.000000000000000 ) ;
#5646 = CARTESIAN_POINT ( 'NONE',  ( 0.000000000000000000, 0.000000000000000000, 4.000000000000000000 ) ) ;
#5647 = VECTOR ( 'NONE', #1495, 1000.000000000000000 ) ;
#5648 = ORIENTED_EDGE ( 'NONE', *, *, #3978, .F. ) ;
#5649 = CARTESIAN_POINT ( 'NONE',  ( 13.69635799798229314, 13.15429687500000178, 4.000000000000000000 ) ) ;
#5650 = ORIENTED_EDGE ( 'NONE', *, *, #3691, .F. ) ;
#5651 = CARTESIAN_POINT ( 'NONE',  ( -36.41788286210068293, 15.48641401289933661, 0.5000000000000004441 ) ) ;
#5652 = CARTESIAN_POINT ( 'NONE',  ( 9.582117137899318848, 20.78641401289933910, 0.5000000000000004441 ) ) ;
#5653 = CC_DESIGN_APPROVAL ( #375, ( #4673 ) ) ;
#5654 = DIRECTION ( 'NONE',  ( -0.000000000000000000, 0.000000000000000000, 1.000000000000000000 ) ) ;
#5655 = PLANE ( 'NONE',  #5573 ) ;
#5656 = EDGE_LOOP ( 'NONE', ( #2919, #2067, #2955, #108 ) ) ;
#5657 = EDGE_CURVE ( 'NONE', #5084, #796, #944, .T. ) ;
#5658 = DIRECTION ( 'NONE',  ( -1.000000000000000000, 4.956352788505164254E-16, -0.000000000000000000 ) ) ;
#5659 = DIRECTION ( 'NONE',  ( -0.000000000000000000, -0.000000000000000000, 1.000000000000000000 ) ) ;
#5660 = CARTESIAN_POINT ( 'NONE',  ( 36.67847513588163366, 13.13641401289933874, 4.000000000000000000 ) ) ;
#5661 = DIRECTION ( 'NONE',  ( -0.000000000000000000, -1.000000000000000000, -0.000000000000000000 ) ) ;
#5662 = EDGE_CURVE ( 'NONE', #929, #3992, #4278, .T. ) ;
#5663 = DIRECTION ( 'NONE',  ( 0.000000000000000000, -1.000000000000000000, 0.000000000000000000 ) ) ;
#5664 = ORIENTED_EDGE ( 'NONE', *, *, #4539, .T. ) ;
#5665 = PLANE ( 'NONE',  #3376 ) ;
#5666 = VERTEX_POINT ( 'NONE', #911 ) ;
#5667 = CARTESIAN_POINT ( 'NONE',  ( 32.58211713789932418, 20.78641401289933910, 0.5000000000000004441 ) ) ;
#5668 = AXIS2_PLACEMENT_3D ( 'NONE', #1345, #2767, #4643 ) ;
#5669 = EDGE_CURVE ( 'NONE', #5274, #4685, #2309, .T. ) ;
#5670 = CARTESIAN_POINT ( 'NONE',  ( -6.382117137899323112, 20.23277201088162514, 1.500000000000000444 ) ) ;
#5671 = ORIENTED_EDGE ( 'NONE', *, *, #3327, .F. ) ;
#5672 = VECTOR ( 'NONE', #1614, 1000.000000000000000 ) ;
#5673 = ORIENTED_EDGE ( 'NONE', *, *, #3439, .F. ) ;
#5674 = DIRECTION ( 'NONE',  ( -0.000000000000000000, -0.000000000000000000, 1.000000000000000000 ) ) ;
#5675 = VECTOR ( 'NONE', #5298, 1000.000000000000000 ) ;
#5676 = LINE ( 'NONE', #520, #3289 ) ;
#5677 = ORIENTED_EDGE ( 'NONE', *, *, #2748, .T. ) ;
#5678 = DIRECTION ( 'NONE',  ( 1.000000000000000000, 0.000000000000000000, 0.000000000000000000 ) ) ;
#5679 = VERTEX_POINT ( 'NONE', #4649 ) ;
#5680 = LINE ( 'NONE', #4757, #1347 ) ;
#5681 = EDGE_CURVE ( 'NONE', #1706, #2271, #4712, .T. ) ;
#5682 = LINE ( 'NONE', #4357, #3674 ) ;
#5683 = APPROVAL_ROLE ( '' ) ;
#5684 = CARTESIAN_POINT ( 'NONE',  ( 46.02765300074574384, 10.83194987574573886, 4.926413717694838823 ) ) ;
#5685 = VERTEX_POINT ( 'NONE', #2773 ) ;
#5686 = VECTOR ( 'NONE', #5658, 1000.000000000000000 ) ;
#5687 = CARTESIAN_POINT ( 'NONE',  ( 6.582117137899329506, 16.07582173911838908, 1.500000000000000444 ) ) ;
#5688 = DIRECTION ( 'NONE',  ( 2.790120544412971957E-34, 1.608394988049539567E-16, -1.000000000000000000 ) ) ;
#5689 = EDGE_CURVE ( 'NONE', #3737, #1541, #478, .T. ) ;
#5690 = CARTESIAN_POINT ( 'NONE',  ( 45.85000000000000142, 0.000000000000000000, 6.000000000000000000 ) ) ;
#5691 = AXIS2_PLACEMENT_3D ( 'NONE', #2972, #4361, #2045 ) ;
#5692 = EDGE_CURVE ( 'NONE', #2697, #5009, #6029, .T. ) ;
#5693 = ADVANCED_FACE ( 'NONE', ( #452 ), #973, .F. ) ;
#5694 = DIRECTION ( 'NONE',  ( 0.000000000000000000, 0.7071067811865477948, 0.7071067811865473507 ) ) ;
#5695 = PLANE ( 'NONE',  #345 ) ;
#5696 = ORIENTED_EDGE ( 'NONE', *, *, #5269, .T. ) ;
#5697 = CARTESIAN_POINT ( 'NONE',  ( -6.382117137899323112, 16.07582173911839263, 2.499999999999999112 ) ) ;
#5698 = ORIENTED_EDGE ( 'NONE', *, *, #1190, .T. ) ;
#5699 = PLANE ( 'NONE',  #5636 ) ;
#5700 = ADVANCED_FACE ( 'NONE', ( #2369 ), #1441, .F. ) ;
#5701 = CARTESIAN_POINT ( 'NONE',  ( 45.85000000000000142, 24.65429687500000711, 6.000000000000000000 ) ) ;
#5702 = ORIENTED_EDGE ( 'NONE', *, *, #4914, .T. ) ;
#5703 = ORIENTED_EDGE ( 'NONE', *, *, #2538, .F. ) ;
#5704 = LINE ( 'NONE', #1913, #4001 ) ;
#5705 = EDGE_CURVE ( 'NONE', #1681, #4604, #13, .T. ) ;
#5706 = FACE_OUTER_BOUND ( 'NONE', #2465, .T. ) ;
#5707 = VERTEX_POINT ( 'NONE', #3328 ) ;
#5708 = PLANE ( 'NONE',  #2624 ) ;
#5709 = ORIENTED_EDGE ( 'NONE', *, *, #3955, .F. ) ;
#5710 = DIRECTION ( 'NONE',  ( -0.000000000000000000, -0.000000000000000000, 1.000000000000000000 ) ) ;
#5711 = EDGE_CURVE ( 'NONE', #981, #4280, #4738, .T. ) ;
#5712 = DIRECTION ( 'NONE',  ( -0.000000000000000000, -0.000000000000000000, 1.000000000000000000 ) ) ;
#5713 = ORIENTED_EDGE ( 'NONE', *, *, #594, .T. ) ;
#5714 = CARTESIAN_POINT ( 'NONE',  ( -45.35000000000001563, 10.65429687500000355, 6.000000000000000000 ) ) ;
#5715 = DIRECTION ( 'NONE',  ( -0.000000000000000000, -0.000000000000000000, 1.000000000000000000 ) ) ;
#5716 = CARTESIAN_POINT ( 'NONE',  ( -31.76788286210068790, 20.78641401289933910, -2.999999999999999112 ) ) ;
#5717 = CARTESIAN_POINT ( 'NONE',  ( 32.58211713789932418, 15.48641401289933661, 0.5000000000000004441 ) ) ;
#5718 = EDGE_LOOP ( 'NONE', ( #3489, #2178, #371, #406 ) ) ;
#5719 = CARTESIAN_POINT ( 'NONE',  ( 45.85000000000000142, 24.65429687500000711, 6.000000000000000000 ) ) ;
#5720 = ORIENTED_EDGE ( 'NONE', *, *, #3167, .F. ) ;
#5721 = CARTESIAN_POINT ( 'NONE',  ( -32.41788286210068293, 15.48641401289933661, 0.5000000000000004441 ) ) ;
#5722 = VERTEX_POINT ( 'NONE', #5079 ) ;
#5723 = CARTESIAN_POINT ( 'NONE',  ( 39.25000000000000000, 13.15429687500000355, 4.000000000000000000 ) ) ;
#5724 = VECTOR ( 'NONE', #1291, 1000.000000000000000 ) ;
#5725 = VECTOR ( 'NONE', #4773, 1000.000000000000000 ) ;
#5726 = CARTESIAN_POINT ( 'NONE',  ( -30.00000000000001066, 20.85065487298230735, 2.500000000000000000 ) ) ;
#5727 = ORIENTED_EDGE ( 'NONE', *, *, #3194, .T. ) ;
#5728 = VECTOR ( 'NONE', #3203, 1000.000000000000000 ) ;
#5729 = ADVANCED_FACE ( 'NONE', ( #1782 ), #3664, .F. ) ;
#5730 = VERTEX_POINT ( 'NONE', #1061 ) ;
#5731 = CARTESIAN_POINT ( 'NONE',  ( 45.85000000000000142, 10.65429687500000355, 0.4000000000000114575 ) ) ;
#5732 = VECTOR ( 'NONE', #359, 1000.000000000000000 ) ;
#5733 = DIRECTION ( 'NONE',  ( -1.000000000000000000, 0.000000000000000000, 0.000000000000000000 ) ) ;
#5734 = AXIS2_PLACEMENT_3D ( 'NONE', #2915, #90, #2970 ) ;
#5735 = ORIENTED_EDGE ( 'NONE', *, *, #3564, .F. ) ;
#5736 = ADVANCED_FACE ( 'NONE', ( #3387 ), #5225, .F. ) ;
#5737 = CARTESIAN_POINT ( 'NONE',  ( 45.85000000000000142, 25.65429687500000355, 6.000000000000000000 ) ) ;
#5738 = ORIENTED_EDGE ( 'NONE', *, *, #3581, .T. ) ;
#5739 = VECTOR ( 'NONE', #4636, 1000.000000000000000 ) ;
#5740 = LINE ( 'NONE', #2417, #746 ) ;
#5741 = CARTESIAN_POINT ( 'NONE',  ( 39.25000000000000000, 22.40429687500000355, 1.000000000000000000 ) ) ;
#5742 = APPROVAL_DATE_TIME ( #1577, #4293 ) ;
#5743 = VECTOR ( 'NONE', #4547, 1000.000000000000114 ) ;
#5744 = VERTEX_POINT ( 'NONE', #2430 ) ;
#5745 = LINE ( 'NONE', #5132, #5104 ) ;
#5746 = PLANE ( 'NONE',  #1039 ) ;
#5747 = LOCAL_TIME ( 10, 44, 48.00000000000000000, #3930 ) ;
#5748 = VECTOR ( 'NONE', #2164, 1000.000000000000114 ) ;
#5749 = DIRECTION ( 'NONE',  ( 0.7071067811865352493, 0.000000000000000000, 0.7071067811865597852 ) ) ;
#5750 = CARTESIAN_POINT ( 'NONE',  ( -9.321524864118385878, 23.17217973710068080, 6.000000000000000000 ) ) ;
#5751 = VERTEX_POINT ( 'NONE', #2049 ) ;
#5752 = DIRECTION ( 'NONE',  ( 0.000000000000000000, -0.000000000000000000, 1.000000000000000000 ) ) ;
#5753 = ORIENTED_EDGE ( 'NONE', *, *, #1847, .T. ) ;
#5754 = LINE ( 'NONE', #2931, #5138 ) ;
#5755 = ORIENTED_EDGE ( 'NONE', *, *, #3889, .F. ) ;
#5756 = CYLINDRICAL_SURFACE ( 'NONE', #5821, 0.2500000000000000000 ) ;
#5757 = FACE_OUTER_BOUND ( 'NONE', #2971, .T. ) ;
#5758 = EDGE_CURVE ( 'NONE', #1510, #882, #3846, .T. ) ;
#5759 = VERTEX_POINT ( 'NONE', #5750 ) ;
#5760 = VERTEX_POINT ( 'NONE', #43 ) ;
#5761 = DIRECTION ( 'NONE',  ( 1.000000000000000000, 0.000000000000000000, 0.000000000000000000 ) ) ;
#5762 = FACE_OUTER_BOUND ( 'NONE', #4898, .T. ) ;
#5763 = EDGE_CURVE ( 'NONE', #253, #136, #4396, .T. ) ;
#5764 = ORIENTED_EDGE ( 'NONE', *, *, #3439, .T. ) ;
#5765 = VECTOR ( 'NONE', #4996, 1000.000000000000000 ) ;
#5766 = LINE ( 'NONE', #672, #4086 ) ;
#5767 = VERTEX_POINT ( 'NONE', #1085 ) ;
#5768 = LINE ( 'NONE', #4386, #123 ) ;
#5769 = CARTESIAN_POINT ( 'NONE',  ( 9.582117137899318848, 13.48641401289933661, 0.5000000000000004441 ) ) ;
#5770 = APPROVAL_STATUS ( 'not_yet_approved' ) ;
#5771 = ORIENTED_EDGE ( 'NONE', *, *, #3969, .F. ) ;
#5772 = DIRECTION ( 'NONE',  ( -0.000000000000000000, -0.000000000000000000, 1.000000000000000000 ) ) ;
#5773 = CARTESIAN_POINT ( 'NONE',  ( 0.000000000000000000, 0.000000000000000000, 6.000000000000000000 ) ) ;
#5774 = CARTESIAN_POINT ( 'NONE',  ( -45.75000000000000000, 22.40429687500000711, 1.000000000000000000 ) ) ;
#5775 = EDGE_CURVE ( 'NONE', #5981, #1706, #1469, .T. ) ;
#5776 = LINE ( 'NONE', #2952, #4667 ) ;
#5777 = ORIENTED_EDGE ( 'NONE', *, *, #706, .F. ) ;
#5778 = LINE ( 'NONE', #1121, #3134 ) ;
#5779 = VERTEX_POINT ( 'NONE', #5289 ) ;
#5780 = DIRECTION ( 'NONE',  ( 0.000000000000000000, 1.000000000000000000, 1.608394988049539567E-16 ) ) ;
#5781 = EDGE_LOOP ( 'NONE', ( #1087, #525, #2193, #5202, #5677, #3557, #3160, #2508, #3362, #3157, #4774, #766 ) ) ;
#5782 = DIRECTION ( 'NONE',  ( 1.000000000000000000, 0.000000000000000000, 0.000000000000000000 ) ) ;
#5783 = CARTESIAN_POINT ( 'NONE',  ( 32.58211713789932418, 15.48641401289933661, 0.5000000000000004441 ) ) ;
#5784 = EDGE_CURVE ( 'NONE', #416, #2229, #4334, .T. ) ;
#5785 = ORIENTED_EDGE ( 'NONE', *, *, #3102, .F. ) ;
#5786 = ORIENTED_EDGE ( 'NONE', *, *, #4094, .T. ) ;
#5787 = DIRECTION ( 'NONE',  ( -1.000000000000000000, -1.309225264888156130E-15, 0.000000000000000000 ) ) ;
#5788 = CARTESIAN_POINT ( 'NONE',  ( 9.521524864118385167, 13.13641401289933697, 1.500000000000000444 ) ) ;
#5789 = DIRECTION ( 'NONE',  ( 0.7071067811865479058, -0.7071067811865471286, 0.000000000000000000 ) ) ;
#5790 = ORIENTED_EDGE ( 'NONE', *, *, #5451, .T. ) ;
#5791 = CARTESIAN_POINT ( 'NONE',  ( -45.75000000000000000, 24.65429687500000711, 6.000000000000000000 ) ) ;
#5792 = ORIENTED_EDGE ( 'NONE', *, *, #5061, .T. ) ;
#5793 = EDGE_CURVE ( 'NONE', #789, #5861, #3908, .T. ) ;
#5794 = CARTESIAN_POINT ( 'NONE',  ( -0.000000000000000000, 15.48641401289933661, 0.000000000000000000 ) ) ;
#5795 = ADVANCED_FACE ( 'NONE', ( #2893 ), #1000, .F. ) ;
#5796 = CARTESIAN_POINT ( 'NONE',  ( 38.98211713789932276, 20.78641401289933910, 1.500000000000000444 ) ) ;
#5797 = CALENDAR_DATE ( 2025, 1, 8 ) ;
#5798 = ORIENTED_EDGE ( 'NONE', *, *, #1674, .F. ) ;
#5799 = LINE ( 'NONE', #5894, #4617 ) ;
#5800 = CARTESIAN_POINT ( 'NONE',  ( 30.18211713789932560, 15.48641401289933661, 1.500000000000000444 ) ) ;
#5801 = ADVANCED_FACE ( 'NONE', ( #1931 ), #595, .T. ) ;
#5802 = DIRECTION ( 'NONE',  ( 0.000000000000000000, 0.000000000000000000, -1.000000000000000000 ) ) ;
#5803 = DIRECTION ( 'NONE',  ( 0.000000000000000000, 0.7071067811865473507, -0.7071067811865477948 ) ) ;
#5804 = ORIENTED_EDGE ( 'NONE', *, *, #3812, .F. ) ;
#5805 = CARTESIAN_POINT ( 'NONE',  ( 32.58211713789932418, 13.48641401289933661, 1.500000000000000444 ) ) ;
#5806 = ORIENTED_EDGE ( 'NONE', *, *, #2795, .T. ) ;
#5807 = CARTESIAN_POINT ( 'NONE',  ( -15.81788286210068151, 15.48641401289933661, 0.5000000000000004441 ) ) ;
#5808 = EDGE_CURVE ( 'NONE', #3447, #4428, #2553, .T. ) ;
#5809 = EDGE_LOOP ( 'NONE', ( #2424, #331, #4805, #590 ) ) ;
#5810 = CARTESIAN_POINT ( 'NONE',  ( -6.382117137899323112, 16.07582173911839263, 2.499999999999999112 ) ) ;
#5811 = CARTESIAN_POINT ( 'NONE',  ( -9.303642002017689094, 23.15429687499999289, 4.000000000000000000 ) ) ;
#5812 = DIRECTION ( 'NONE',  ( -0.000000000000000000, -0.000000000000000000, 1.000000000000000000 ) ) ;
#5813 = ORIENTED_EDGE ( 'NONE', *, *, #1457, .T. ) ;
#5814 = EDGE_CURVE ( 'NONE', #4564, #3444, #1989, .T. ) ;
#5815 = ORIENTED_EDGE ( 'NONE', *, *, #3827, .F. ) ;
#5816 = VECTOR ( 'NONE', #334, 1000.000000000000000 ) ;
#5817 = LINE ( 'NONE', #111, #1986 ) ;
#5818 = CARTESIAN_POINT ( 'NONE',  ( 30.20000000000000995, 15.45793887701771219, 1.500000000000000444 ) ) ;
#5819 = VECTOR ( 'NONE', #5634, 1000.000000000000000 ) ;
#5820 = EDGE_CURVE ( 'NONE', #3073, #2775, #626, .T. ) ;
#5821 = AXIS2_PLACEMENT_3D ( 'NONE', #5297, #1008, #3915 ) ;
#5822 = CARTESIAN_POINT ( 'NONE',  ( -30.01788286210068435, 20.78641401289933910, 0.5000000000000004441 ) ) ;
#5823 = ORIENTED_EDGE ( 'NONE', *, *, #431, .F. ) ;
#5824 = DIRECTION ( 'NONE',  ( 0.000000000000000000, -0.000000000000000000, 1.000000000000000000 ) ) ;
#5825 = ORIENTED_EDGE ( 'NONE', *, *, #2633, .T. ) ;
#5826 = DIRECTION ( 'NONE',  ( 0.000000000000000000, 1.000000000000000000, 0.000000000000000000 ) ) ;
#5827 = VECTOR ( 'NONE', #1358, 1000.000000000000000 ) ;
#5828 = CARTESIAN_POINT ( 'NONE',  ( 0.000000000000000000, 0.000000000000000000, 0.5000000000000004441 ) ) ;
#5829 = ORIENTED_EDGE ( 'NONE', *, *, #676, .F. ) ;
#5830 = VECTOR ( 'NONE', #2242, 1000.000000000000000 ) ;
#5831 = ORIENTED_EDGE ( 'NONE', *, *, #1509, .F. ) ;
#5832 = LINE ( 'NONE', #5345, #2452 ) ;
#5833 = DIRECTION ( 'NONE',  ( 0.000000000000000000, 0.7071067811865477948, 0.7071067811865473507 ) ) ;
#5834 = PLANE ( 'NONE',  #4359 ) ;
#5835 = AXIS2_PLACEMENT_3D ( 'NONE', #4750, #2056, #4430 ) ;
#5836 = CARTESIAN_POINT ( 'NONE',  ( -29.38211713789932489, 20.23277201088162514, 6.000000000000000000 ) ) ;
#5837 = EDGE_CURVE ( 'NONE', #3424, #2136, #5776, .T. ) ;
#5838 = ORIENTED_EDGE ( 'NONE', *, *, #2734, .F. ) ;
#5839 = LINE ( 'NONE', #628, #5077 ) ;
#5840 = ORIENTED_EDGE ( 'NONE', *, *, #4314, .T. ) ;
#5841 = AXIS2_PLACEMENT_3D ( 'NONE', #3197, #2300, #2709 ) ;
#5842 = DIRECTION ( 'NONE',  ( -0.000000000000000000, -0.000000000000000000, 1.000000000000000000 ) ) ;
#5843 = ORIENTED_EDGE ( 'NONE', *, *, #738, .T. ) ;
#5844 = VECTOR ( 'NONE', #3062, 1000.000000000000000 ) ;
#5845 = LINE ( 'NONE', #5387, #6021 ) ;
#5846 = DIRECTION ( 'NONE',  ( -1.000000000000000000, 0.000000000000000000, 0.000000000000000000 ) ) ;
#5847 = EDGE_CURVE ( 'NONE', #1644, #1651, #1031, .T. ) ;
#5848 = FACE_OUTER_BOUND ( 'NONE', #1523, .T. ) ;
#5849 = ORIENTED_EDGE ( 'NONE', *, *, #1237, .T. ) ;
#5850 = ORIENTED_EDGE ( 'NONE', *, *, #1667, .T. ) ;
#5851 = DIRECTION ( 'NONE',  ( 1.000000000000000000, 0.000000000000000000, 0.000000000000000000 ) ) ;
#5852 = DIRECTION ( 'NONE',  ( 0.000000000000000000, -1.000000000000000000, 0.000000000000000000 ) ) ;
#5853 = ADVANCED_FACE ( 'NONE', ( #4799 ), #2522, .F. ) ;
#5854 = DIRECTION ( 'NONE',  ( 0.000000000000000000, 0.000000000000000000, 1.000000000000000000 ) ) ;
#5855 = VERTEX_POINT ( 'NONE', #1583 ) ;
#5856 = LINE ( 'NONE', #3490, #2809 ) ;
#5857 = VERTEX_POINT ( 'NONE', #3356 ) ;
#5858 = CARTESIAN_POINT ( 'NONE',  ( 2.681524946017718152E-17, 15.45793887701771219, 4.000000000000000000 ) ) ;
#5859 = PLANE ( 'NONE',  #4176 ) ;
#5860 = VECTOR ( 'NONE', #3213, 1000.000000000000000 ) ;
#5861 = VERTEX_POINT ( 'NONE', #3468 ) ;
#5862 = ORIENTED_EDGE ( 'NONE', *, *, #5961, .F. ) ;
#5863 = DIRECTION ( 'NONE',  ( 1.000000000000000000, 0.000000000000000000, 0.000000000000000000 ) ) ;
#5864 = CARTESIAN_POINT ( 'NONE',  ( 15.99999999999999645, 15.45793887701771219, 1.500000000000000444 ) ) ;
#5865 = VECTOR ( 'NONE', #4527, 1000.000000000000000 ) ;
#5866 = PLANE ( 'NONE',  #3285 ) ;
#5867 = CARTESIAN_POINT ( 'NONE',  ( -45.75000000000000000, 22.40429687500000711, 1.000000000000000000 ) ) ;
#5868 = AXIS2_PLACEMENT_3D ( 'NONE', #1390, #2846, #3247 ) ;
#5869 = ORIENTED_EDGE ( 'NONE', *, *, #946, .F. ) ;
#5870 = DIRECTION ( 'NONE',  ( -0.6785983445458394492, 0.6785983445458629859, -0.2810846377147999120 ) ) ;
#5871 = EDGE_LOOP ( 'NONE', ( #1, #1369, #2944, #5504 ) ) ;
#5872 = CARTESIAN_POINT ( 'NONE',  ( 36.69635799798229669, 13.15429687500000355, 1.500000000000000444 ) ) ;
#5873 = EDGE_LOOP ( 'NONE', ( #1561, #4949, #5158, #712 ) ) ;
#5874 = EDGE_CURVE ( 'NONE', #182, #994, #5350, .T. ) ;
#5875 = DIRECTION ( 'NONE',  ( -0.000000000000000000, -0.000000000000000000, 1.000000000000000000 ) ) ;
#5876 = ADVANCED_FACE ( 'NONE', ( #5898, #809, #2145, #3499, #4423, #5380 ), #1278, .F. ) ;
#5877 = LINE ( 'NONE', #5388, #3586 ) ;
#5878 = DIRECTION ( 'NONE',  ( 0.000000000000000000, -0.000000000000000000, 1.000000000000000000 ) ) ;
#5879 = ORIENTED_EDGE ( 'NONE', *, *, #3070, .T. ) ;
#5880 = ORIENTED_EDGE ( 'NONE', *, *, #2748, .F. ) ;
#5881 = DIRECTION ( 'NONE',  ( 0.000000000000000000, -1.000000000000000000, 0.000000000000000000 ) ) ;
#5882 = EDGE_CURVE ( 'NONE', #4511, #4280, #4976, .T. ) ;
#5883 = DIRECTION ( 'NONE',  ( 1.000000000000000000, -1.734723475976806709E-18, -0.000000000000000000 ) ) ;
#5884 = VECTOR ( 'NONE', #5863, 1000.000000000000000 ) ;
#5885 = CARTESIAN_POINT ( 'NONE',  ( -13.41788286210068115, 22.78641401289933910, 0.5000000000000004441 ) ) ;
#5886 = ORIENTED_EDGE ( 'NONE', *, *, #2131, .F. ) ;
#5887 = FACE_OUTER_BOUND ( 'NONE', #4242, .T. ) ;
#5888 = ORIENTED_EDGE ( 'NONE', *, *, #4734, .T. ) ;
#5889 = DIRECTION ( 'NONE',  ( -0.7071067811865483499, 0.7071067811865466846, 0.000000000000000000 ) ) ;
#5890 = ADVANCED_FACE ( 'NONE', ( #3104 ), #228, .F. ) ;
#5891 = DIRECTION ( 'NONE',  ( 0.000000000000000000, -1.000000000000000000, 0.000000000000000000 ) ) ;
#5892 = VERTEX_POINT ( 'NONE', #2674 ) ;
#5893 = ORIENTED_EDGE ( 'NONE', *, *, #3042, .T. ) ;
#5894 = CARTESIAN_POINT ( 'NONE',  ( 13.58211713789931530, 20.78641401289933910, 0.5000000000000004441 ) ) ;
#5895 = LINE ( 'NONE', #3497, #641 ) ;
#5896 = EDGE_CURVE ( 'NONE', #3971, #3835, #4060, .T. ) ;
#5897 = CARTESIAN_POINT ( 'NONE',  ( -39.41788286210066872, 16.07582173911838908, 1.500000000000000444 ) ) ;
#5898 = FACE_BOUND ( 'NONE', #234, .T. ) ;
#5899 = FACE_OUTER_BOUND ( 'NONE', #4229, .T. ) ;
#5900 = EDGE_LOOP ( 'NONE', ( #5381, #2814, #5735, #1925, #3822, #3154 ) ) ;
#5901 = DIRECTION ( 'NONE',  ( 0.000000000000000000, -0.000000000000000000, 1.000000000000000000 ) ) ;
#5902 = CARTESIAN_POINT ( 'NONE',  ( -37.06788286210068861, 20.78641401289933910, -2.999999999999999112 ) ) ;
#5903 = ORIENTED_EDGE ( 'NONE', *, *, #400, .T. ) ;
#5904 = CARTESIAN_POINT ( 'NONE',  ( -38.75000000000000000, 22.40429687500000355, 6.000000000000000000 ) ) ;
#5905 = EDGE_CURVE ( 'NONE', #5744, #5760, #3040, .T. ) ;
#5906 = CARTESIAN_POINT ( 'NONE',  ( 13.58211713789931530, 20.78641401289933910, 1.500000000000000444 ) ) ;
#5907 = EDGE_CURVE ( 'NONE', #3636, #92, #260, .T. ) ;
#5908 = CARTESIAN_POINT ( 'NONE',  ( -9.303642002017701529, 23.15429687499999645, 1.500000000000000444 ) ) ;
#5909 = ORIENTED_EDGE ( 'NONE', *, *, #4094, .F. ) ;
#5910 = ADVANCED_FACE ( 'NONE', ( #2581 ), #1248, .F. ) ;
#5911 = VERTEX_POINT ( 'NONE', #1679 ) ;
#5912 = CARTESIAN_POINT ( 'NONE',  ( -36.41788286210068293, 15.48641401289933661, 1.500000000000000444 ) ) ;
#5913 = DIRECTION ( 'NONE',  ( 0.000000000000000000, 1.000000000000000000, -0.000000000000000000 ) ) ;
#5914 = EDGE_CURVE ( 'NONE', #3958, #3677, #5964, .T. ) ;
#5915 = CARTESIAN_POINT ( 'NONE',  ( 16.61788286210067511, 20.23277201088162514, 1.500000000000000444 ) ) ;
#5916 = ORIENTED_EDGE ( 'NONE', *, *, #1564, .F. ) ;
#5917 = CARTESIAN_POINT ( 'NONE',  ( -9.417882862100684704, 20.78641401289933910, 1.500000000000000444 ) ) ;
#5918 = ORIENTED_EDGE ( 'NONE', *, *, #2866, .F. ) ;
#5919 = DIRECTION ( 'NONE',  ( 0.7071067811865479058, -0.7071067811865471286, 0.000000000000000000 ) ) ;
#5920 = DIRECTION ( 'NONE',  ( 0.000000000000000000, -1.000000000000000000, 0.000000000000000000 ) ) ;
#5921 = VECTOR ( 'NONE', #4346, 1000.000000000000000 ) ;
#5922 = ORIENTED_EDGE ( 'NONE', *, *, #3955, .T. ) ;
#5923 = EDGE_CURVE ( 'NONE', #5139, #3183, #5472, .T. ) ;
#5924 = ORIENTED_EDGE ( 'NONE', *, *, #400, .F. ) ;
#5925 = DIRECTION ( 'NONE',  ( -0.000000000000000000, -0.000000000000000000, 1.000000000000000000 ) ) ;
#5926 = VECTOR ( 'NONE', #1907, 1000.000000000000000 ) ;
#5927 = DIRECTION ( 'NONE',  ( -0.000000000000000000, -0.000000000000000000, 1.000000000000000000 ) ) ;
#5928 = DIRECTION ( 'NONE',  ( 1.000000000000000000, -1.734723475976806709E-18, -0.000000000000000000 ) ) ;
#5929 = LINE ( 'NONE', #718, #2504 ) ;
#5930 = AXIS2_PLACEMENT_3D ( 'NONE', #3562, #2111, #4546 ) ;
#5931 = EDGE_CURVE ( 'NONE', #905, #3798, #5929, .T. ) ;
#5932 = ORIENTED_EDGE ( 'NONE', *, *, #5874, .F. ) ;
#5933 = VERTEX_POINT ( 'NONE', #683 ) ;
#5934 = DIRECTION ( 'NONE',  ( 0.000000000000000000, -0.000000000000000000, -1.000000000000000000 ) ) ;
#5935 = DIRECTION ( 'NONE',  ( 1.000000000000000000, 0.000000000000000000, -0.000000000000000000 ) ) ;
#5936 = ORIENTED_EDGE ( 'NONE', *, *, #4524, .F. ) ;
#5937 = VECTOR ( 'NONE', #342, 1000.000000000000000 ) ;
#5938 = LINE ( 'NONE', #3608, #1496 ) ;
#5939 = LINE ( 'NONE', #2622, #2201 ) ;
#5940 = VECTOR ( 'NONE', #3008, 1000.000000000000000 ) ;
#5941 = LINE ( 'NONE', #364, #5282 ) ;
#5942 = ORIENTED_EDGE ( 'NONE', *, *, #1159, .F. ) ;
#5943 = VERTEX_POINT ( 'NONE', #3071 ) ;
#5944 = VECTOR ( 'NONE', #2010, 1000.000000000000000 ) ;
#5945 = DIRECTION ( 'NONE',  ( 0.000000000000000000, 0.000000000000000000, 1.000000000000000000 ) ) ;
#5947 = FACE_OUTER_BOUND ( 'NONE', #3770, .T. ) ;
#5946 = LOCAL_TIME ( 10, 44, 48.00000000000000000, #2391 ) ;
#5948 = EDGE_CURVE ( 'NONE', #1957, #5174, #4000, .T. ) ;
#5949 = LINE ( 'NONE', #3121, #2333 ) ;
#5950 = ORIENTED_EDGE ( 'NONE', *, *, #2232, .F. ) ;
#5951 = DIRECTION ( 'NONE',  ( 1.000000000000000000, 0.000000000000000000, 0.000000000000000000 ) ) ;
#5952 = EDGE_LOOP ( 'NONE', ( #6022, #931, #4677, #1034 ) ) ;
#5953 = LINE ( 'NONE', #1201, #621 ) ;
#5954 = EDGE_CURVE ( 'NONE', #4924, #1510, #3629, .T. ) ;
#5955 = LINE ( 'NONE', #1826, #5151 ) ;
#5956 = ORIENTED_EDGE ( 'NONE', *, *, #987, .F. ) ;
#5957 = ORIENTED_EDGE ( 'NONE', *, *, #728, .F. ) ;
#5958 = VECTOR ( 'NONE', #2577, 1000.000000000000000 ) ;
#5959 = FACE_OUTER_BOUND ( 'NONE', #1559, .T. ) ;
#5960 = LINE ( 'NONE', #2297, #5377 ) ;
#5961 = EDGE_CURVE ( 'NONE', #3798, #2345, #4452, .T. ) ;
#5962 = CARTESIAN_POINT ( 'NONE',  ( -45.75000000000000000, 15.45793887701771219, 3.999999999999999112 ) ) ;
#5963 = VECTOR ( 'NONE', #5550, 1000.000000000000000 ) ;
#5964 = LINE ( 'NONE', #5409, #1321 ) ;
#5965 = EDGE_LOOP ( 'NONE', ( #1844, #2583, #4116, #271 ) ) ;
#5966 = ORIENTED_EDGE ( 'NONE', *, *, #4348, .T. ) ;
#5967 = AXIS2_PLACEMENT_3D ( 'NONE', #1959, #2484, #5223 ) ;
#5968 = CARTESIAN_POINT ( 'NONE',  ( -43.25000000000000000, 13.15429687500000355, 0.3499999999999999223 ) ) ;
#5969 = VECTOR ( 'NONE', #1187, 1000.000000000000000 ) ;
#5970 = LINE ( 'NONE', #4130, #5537 ) ;
#5971 = EDGE_LOOP ( 'NONE', ( #62, #5950, #1122, #4417 ) ) ;
#5972 = VECTOR ( 'NONE', #5210, 1000.000000000000000 ) ;
#5973 = CARTESIAN_POINT ( 'NONE',  ( 8.932117137899313164, 20.78641401289933910, 1.500000000000000444 ) ) ;
#5974 = CARTESIAN_POINT ( 'NONE',  ( -14.06788286210067973, 20.78641401289933910, 0.5000000000000004441 ) ) ;
#5975 = DIRECTION ( 'NONE',  ( 0.7071067811865466846, 0.7071067811865483499, 0.000000000000000000 ) ) ;
#5976 = ORIENTED_EDGE ( 'NONE', *, *, #4861, .F. ) ;
#5977 = ORIENTED_EDGE ( 'NONE', *, *, #1434, .F. ) ;
#5978 = DIRECTION ( 'NONE',  ( 0.000000000000000000, 1.000000000000000000, 0.000000000000000000 ) ) ;
#5979 = LINE ( 'NONE', #1729, #3957 ) ;
#5980 = AXIS2_PLACEMENT_3D ( 'NONE', #2273, #2677, #289 ) ;
#5981 = VERTEX_POINT ( 'NONE', #1214 ) ;
#5982 = LINE ( 'NONE', #2257, #5860 ) ;
#5983 = ORIENTED_EDGE ( 'NONE', *, *, #4877, .T. ) ;
#5984 = ORIENTED_EDGE ( 'NONE', *, *, #4705, .F. ) ;
#5985 = LINE ( 'NONE', #5521, #2906 ) ;
#5986 = LINE ( 'NONE', #2261, #5937 ) ;
#5987 = ORIENTED_EDGE ( 'NONE', *, *, #2679, .T. ) ;
#5988 = EDGE_CURVE ( 'NONE', #677, #4511, #3966, .T. ) ;
#5989 = LINE ( 'NONE', #4057, #2224 ) ;
#5990 = VERTEX_POINT ( 'NONE', #3133 ) ;
#5991 = LINE ( 'NONE', #3193, #2128 ) ;
#5992 = LINE ( 'NONE', #3655, #4751 ) ;
#5993 = LINE ( 'NONE', #5531, #740 ) ;
#5994 = VERTEX_POINT ( 'NONE', #5008 ) ;
#5995 = EDGE_CURVE ( 'NONE', #1062, #3246, #286, .T. ) ;
#5996 = CARTESIAN_POINT ( 'NONE',  ( -31.76788286210068790, 20.78641401289933910, 0.000000000000000000 ) ) ;
#5997 = DIRECTION ( 'NONE',  ( -0.000000000000000000, -0.000000000000000000, 1.000000000000000000 ) ) ;
#5998 = ORIENTED_EDGE ( 'NONE', *, *, #3327, .T. ) ;
#5999 = LINE ( 'NONE', #2275, #3177 ) ;
#6000 = CARTESIAN_POINT ( 'NONE',  ( 45.85000000000000142, 25.65429687500000355, 0.4000000000000114575 ) ) ;
#6001 = EDGE_CURVE ( 'NONE', #1618, #2218, #1617, .T. ) ;
#6002 = DIRECTION ( 'NONE',  ( -0.7071067811865466846, -0.7071067811865483499, 0.000000000000000000 ) ) ;
#6003 = ORIENTED_EDGE ( 'NONE', *, *, #5814, .T. ) ;
#6004 = VERTEX_POINT ( 'NONE', #1310 ) ;
#6005 = PLANE ( 'NONE',  #1397 ) ;
#6006 = CARTESIAN_POINT ( 'NONE',  ( -45.75000000000000000, 11.05429687500000036, 0.4000000000000114575 ) ) ;
#6007 = ADVANCED_FACE ( 'NONE', ( #5129 ), #1373, .F. ) ;
#6008 = FACE_OUTER_BOUND ( 'NONE', #887, .T. ) ;
#6009 = VERTEX_POINT ( 'NONE', #5622 ) ;
#6010 = ORIENTED_EDGE ( 'NONE', *, *, #1509, .T. ) ;
#6011 = CARTESIAN_POINT ( 'NONE',  ( 46.25000000000000000, 24.48861145005077233, 5.600000000000016520 ) ) ;
#6012 = CARTESIAN_POINT ( 'NONE',  ( -43.75000000000000000, 13.15429687500000355, 0.3499999999999999223 ) ) ;
#6013 = ORIENTED_EDGE ( 'NONE', *, *, #1633, .F. ) ;
#6014 = LINE ( 'NONE', #1799, #249 ) ;
#6015 = ORIENTED_EDGE ( 'NONE', *, *, #1825, .F. ) ;
#6016 = DIRECTION ( 'NONE',  ( 0.5773502691896231775, -0.8164965809277278108, -0.000000000000000000 ) ) ;
#6017 = AXIS2_PLACEMENT_3D ( 'NONE', #4599, #5423, #826 ) ;
#6018 = DIRECTION ( 'NONE',  ( -1.000000000000000000, -8.896017825522088106E-17, 0.000000000000000000 ) ) ;
#6019 =( LENGTH_UNIT ( ) NAMED_UNIT ( * ) SI_UNIT ( .MILLI., .METRE. ) );
#6020 = VERTEX_POINT ( 'NONE', #1401 ) ;
#6021 = VECTOR ( 'NONE', #5508, 1000.000000000000000 ) ;
#6022 = ORIENTED_EDGE ( 'NONE', *, *, #573, .F. ) ;
#6023 = CARTESIAN_POINT ( 'NONE',  ( 39.25000000000000000, 13.90429687500000178, 1.000000000000000000 ) ) ;
#6024 = FACE_OUTER_BOUND ( 'NONE', #5465, .T. ) ;
#6025 = VECTOR ( 'NONE', #2274, 1000.000000000000000 ) ;
#6026 = CARTESIAN_POINT ( 'NONE',  ( -31.76788286210068790, 20.78641401289933910, -2.999999999999999112 ) ) ;
#6027 = VECTOR ( 'NONE', #1890, 1000.000000000000000 ) ;
#6028 = EDGE_CURVE ( 'NONE', #5679, #2043, #901, .T. ) ;
#6029 = LINE ( 'NONE', #1380, #329 ) ;
#6030 = CARTESIAN_POINT ( 'NONE',  ( 32.52152486411837629, 23.17217973710068080, 1.500000000000000444 ) ) ;
#6031 = ORIENTED_EDGE ( 'NONE', *, *, #3414, .F. ) ;
#6032 = AXIS2_PLACEMENT_3D ( 'NONE', #4526, #4104, #3082 ) ;
#6033 = VERTEX_POINT ( 'NONE', #1835 ) ;
#6034 = FACE_OUTER_BOUND ( 'NONE', #1666, .T. ) ;
#6035 = LINE ( 'NONE', #5087, #2978 ) ;
#6036 = ADVANCED_FACE ( 'NONE', ( #4185 ), #4642, .T. ) ;
#6037 = VECTOR ( 'NONE', #4160, 1000.000000000000000 ) ;
#6038 = ORIENTED_EDGE ( 'NONE', *, *, #579, .T. ) ;
#6039 = CARTESIAN_POINT ( 'NONE',  ( -38.75000000000000000, 22.40429687500000355, 1.000000000000000000 ) ) ;
#6040 = ORIENTED_EDGE ( 'NONE', *, *, #79, .T. ) ;
#6041 = ORIENTED_EDGE ( 'NONE', *, *, #1337, .F. ) ;
#6042 = FACE_OUTER_BOUND ( 'NONE', #894, .T. ) ;
#6043 = EDGE_CURVE ( 'NONE', #49, #1458, #5564, .T. ) ;
#6044 = LINE ( 'NONE', #4609, #5645 ) ;
#6045 = VERTEX_POINT ( 'NONE', #6050 ) ;
#6046 = DIRECTION ( 'NONE',  ( 0.000000000000000000, 1.000000000000000000, 0.000000000000000000 ) ) ;
#6047 = ORIENTED_EDGE ( 'NONE', *, *, #2810, .F. ) ;
#6048 = DIRECTION ( 'NONE',  ( 0.7071067811865469066, 0.7071067811865482389, 0.000000000000000000 ) ) ;
#6049 = LINE ( 'NONE', #5036, #4562 ) ;
#6050 = CARTESIAN_POINT ( 'NONE',  ( 14.23211713789931210, 20.78641401289933910, 0.000000000000000000 ) ) ;
#6051 = CARTESIAN_POINT ( 'NONE',  ( 9.503642002017688384, 23.15429687499999645, 1.500000000000000444 ) ) ;
#6052 = ORIENTED_EDGE ( 'NONE', *, *, #3802, .T. ) ;
#6053 = LINE ( 'NONE', #3724, #2044 ) ;
#6054 = DIRECTION ( 'NONE',  ( 1.000000000000000000, 1.334402673828313339E-16, -0.000000000000000000 ) ) ;
#6055 = VECTOR ( 'NONE', #2683, 1000.000000000000114 ) ;
#6056 = EDGE_CURVE ( 'NONE', #2293, #1260, #445, .T. ) ;
#6057 = DIRECTION ( 'NONE',  ( 0.000000000000000000, 0.000000000000000000, -1.000000000000000000 ) ) ;
#6058 = DIRECTION ( 'NONE',  ( -1.000000000000000000, -0.000000000000000000, -0.000000000000000000 ) ) ;
#6059 = VECTOR ( 'NONE', #381, 1000.000000000000000 ) ;
#6060 = VECTOR ( 'NONE', #4960, 1000.000000000000000 ) ;
#6061 = CARTESIAN_POINT ( 'NONE',  ( -45.55000000000000426, 25.45429687500000426, 0.2000000000000195233 ) ) ;
#6062 = ORIENTED_EDGE ( 'NONE', *, *, #3292, .T. ) ;
#6063 = CARTESIAN_POINT ( 'NONE',  ( 39.25000000000000000, 22.40429687500000355, 4.000000000000000000 ) ) ;
#6064 = ADVANCED_FACE ( 'NONE', ( #2830 ), #6081, .F. ) ;
#6065 = EDGE_LOOP ( 'NONE', ( #3595, #3192, #5188, #187, #5177, #4301 ) ) ;
#6066 = PLANE ( 'NONE',  #997 ) ;
#6067 = CARTESIAN_POINT ( 'NONE',  ( 16.61788286210067511, 16.07582173911839263, 2.499999999999999112 ) ) ;
#6068 = VECTOR ( 'NONE', #1725, 1000.000000000000000 ) ;
#6069 = LINE ( 'NONE', #4632, #3220 ) ;
#6070 = ORIENTED_EDGE ( 'NONE', *, *, #1917, .F. ) ;
#6071 = ADVANCED_FACE ( 'NONE', ( #3720 ), #5072, .T. ) ;
#6072 = ORIENTED_EDGE ( 'NONE', *, *, #863, .T. ) ;
#6073 = CARTESIAN_POINT ( 'NONE',  ( 46.25000000000000000, 22.40429687500000355, 1.000000000000000000 ) ) ;
#6074 = DIRECTION ( 'NONE',  ( 1.000000000000000000, -0.000000000000000000, 0.000000000000000000 ) ) ;
#6075 = ORIENTED_EDGE ( 'NONE', *, *, #1947, .T. ) ;
#6076 = ADVANCED_FACE ( 'NONE', ( #1804 ), #2362, .F. ) ;
#6077 = LINE ( 'NONE', #61, #4786 ) ;
#6078 = ORIENTED_EDGE ( 'NONE', *, *, #470, .T. ) ;
#6079 = LINE ( 'NONE', #4325, #1732 ) ;
#6080 = DIRECTION ( 'NONE',  ( -0.000000000000000000, -0.000000000000000000, 1.000000000000000000 ) ) ;
#6081 = PLANE ( 'NONE',  #1015 ) ;
#6082 = CARTESIAN_POINT ( 'NONE',  ( 39.25000000000000000, 15.70793887701771041, 1.500000000000000444 ) ) ;
#6083 = ORIENTED_EDGE ( 'NONE', *, *, #4645, .F. ) ;
#6084 = ADVANCED_FACE ( 'NONE', ( #4704 ), #4616, .F. ) ;
#6085 = DIRECTION ( 'NONE',  ( -1.000000000000000000, -0.000000000000000000, -0.000000000000000000 ) ) ;
#6086 = DIRECTION ( 'NONE',  ( -0.000000000000000000, 1.000000000000000000, 0.000000000000000000 ) ) ;
#6087 = ADVANCED_FACE ( 'NONE', ( #3320 ), #1433, .F. ) ;
#6088 = CARTESIAN_POINT ( 'NONE',  ( 32.52152486411839050, 13.13641401289933697, 1.500000000000000444 ) ) ;
#6089 = PLANE ( 'NONE',  #1419 ) ;
#6090 = PLANE ( 'NONE',  #3606 ) ;
#6091 = ORIENTED_EDGE ( 'NONE', *, *, #3902, .F. ) ;
#6092 = LINE ( 'NONE', #1874, #5819 ) ;
#6093 = VERTEX_POINT ( 'NONE', #5193 ) ;
#6094 = LINE ( 'NONE', #5548, #3181 ) ;
#6095 = CARTESIAN_POINT ( 'NONE',  ( 46.11666666666667425, 25.38763020833334139, 0.2666666666666850927 ) ) ;
#6096 = ORIENTED_EDGE ( 'NONE', *, *, #5995, .T. ) ;
#6097 = ORIENTED_EDGE ( 'NONE', *, *, #464, .F. ) ;
#6098 = CARTESIAN_POINT ( 'NONE',  ( -13.47847513588161483, 13.13641401289933697, 6.000000000000000000 ) ) ;
#6099 = DIRECTION ( 'NONE',  ( 0.000000000000000000, -0.000000000000000000, 1.000000000000000000 ) ) ;
#6100 = EDGE_CURVE ( 'NONE', #4100, #393, #1344, .T. ) ;
#6101 = VECTOR ( 'NONE', #2322, 1000.000000000000000 ) ;
#6102 = ORIENTED_EDGE ( 'NONE', *, *, #3115, .T. ) ;
#6103 = CARTESIAN_POINT ( 'NONE',  ( 8.932117137899320269, 15.48641401289933661, 1.500000000000000444 ) ) ;
ENDSEC;
END-ISO-10303-21;
