ISO-10303-21;
HEADER;
FILE_DESCRIPTION (( 'STEP AP203' ),
    '1' );
FILE_NAME ('DIY 8-LED Holder Cut.STEP',
    '2025-08-01T14:30:13',
    ( '' ),
    ( '' ),
    'SwSTEP 2.0',
    'SolidWorks 2025',
    '' );
FILE_SCHEMA (( 'CONFIG_CONTROL_DESIGN' ));
ENDSEC;

DATA;
#1 = VECTOR ( 'NONE', #5591, 1000.000000000000000 ) ;
#2 = LINE ( 'NONE', #10552, #6845 ) ;
#3 = DIRECTION ( 'NONE',  ( -0.000000000000000000, -0.000000000000000000, 1.000000000000000000 ) ) ;
#4 = EDGE_CURVE ( 'NONE', #10005, #2129, #1947, .T. ) ;
#5 = DIRECTION ( 'NONE',  ( 0.000000000000000000, -1.000000000000000000, 0.000000000000000000 ) ) ;
#6 = FACE_OUTER_BOUND ( 'NONE', #328, .T. ) ;
#7 = VERTEX_POINT ( 'NONE', #7115 ) ;
#8 = CARTESIAN_POINT ( 'NONE',  ( 9.582117137899414772, 20.78641401289932134, 0.5000000000000004441 ) ) ;
#9 = CARTESIAN_POINT ( 'NONE',  ( 114.9999999999999858, 0.000000000000000000, 0.5000000000000004441 ) ) ;
#10 = VERTEX_POINT ( 'NONE', #1461 ) ;
#11 = EDGE_CURVE ( 'NONE', #4413, #6716, #10395, .T. ) ;
#12 = VERTEX_POINT ( 'NONE', #5505 ) ;
#13 = ORIENTED_EDGE ( 'NONE', *, *, #6781, .T. ) ;
#14 = ADVANCED_FACE ( 'NONE', ( #10456 ), #9700, .F. ) ;
#15 = CARTESIAN_POINT ( 'NONE',  ( 9.582117137899414772, 22.78641401289931778, 0.5000000000000004441 ) ) ;
#16 = CARTESIAN_POINT ( 'NONE',  ( 32.58211713789940944, 20.78641401289932134, 1.500000000000000444 ) ) ;
#17 = EDGE_CURVE ( 'NONE', #10185, #5356, #8786, .T. ) ;
#18 = CARTESIAN_POINT ( 'NONE',  ( -122.0178828621005778, 15.50448725967913610, 1.500000000000000444 ) ) ;
#19 = FACE_OUTER_BOUND ( 'NONE', #840, .T. ) ;
#20 = CARTESIAN_POINT ( 'NONE',  ( -78.41788286210058345, 20.78641401289932134, 0.5000000000000004441 ) ) ;
#21 = PLANE ( 'NONE',  #4064 ) ;
#22 = CARTESIAN_POINT ( 'NONE',  ( -15.34999999999712905, -50.54570312499929230, 61.59999999999930509 ) ) ;
#23 = ORIENTED_EDGE ( 'NONE', *, *, #27, .T. ) ;
#24 = EDGE_LOOP ( 'NONE', ( #9275, #7488, #6842, #8119 ) ) ;
#25 = AXIS2_PLACEMENT_3D ( 'NONE', #8575, #5394, #2923 ) ;
#26 = VERTEX_POINT ( 'NONE', #5447 ) ;
#27 = EDGE_CURVE ( 'NONE', #5291, #5865, #8089, .T. ) ;
#28 = VECTOR ( 'NONE', #4044, 1000.000000000000000 ) ;
#29 = LINE ( 'NONE', #9873, #7604 ) ;
#30 = CARTESIAN_POINT ( 'NONE',  ( -61.81788286210057493, 15.48641401289931885, 0.5000000000000004441 ) ) ;
#31 = DIRECTION ( 'NONE',  ( -1.000000000000000000, -0.000000000000000000, -0.000000000000000000 ) ) ;
#32 = CARTESIAN_POINT ( 'NONE',  ( 9.503642002017786083, 23.15429687499999645, 1.500000000000000444 ) ) ;
#33 = DIRECTION ( 'NONE',  ( 1.000000000000000000, 0.000000000000000000, 0.000000000000000000 ) ) ;
#34 = ORIENTED_EDGE ( 'NONE', *, *, #5826, .F. ) ;
#35 = DIRECTION ( 'NONE',  ( -0.000000000000000000, -1.000000000000000000, -0.000000000000000000 ) ) ;
#36 = ORIENTED_EDGE ( 'NONE', *, *, #9400, .F. ) ;
#37 = EDGE_CURVE ( 'NONE', #4520, #7294, #6476, .T. ) ;
#38 = ORIENTED_EDGE ( 'NONE', *, *, #8115, .F. ) ;
#39 = VECTOR ( 'NONE', #7880, 1000.000000000000000 ) ;
#40 = ORIENTED_EDGE ( 'NONE', *, *, #9125, .T. ) ;
#41 = VECTOR ( 'NONE', #6206, 999.9999999999998863 ) ;
#42 = PLANE ( 'NONE',  #2090 ) ;
#43 = CARTESIAN_POINT ( 'NONE',  ( -137.7499999999999716, 20.85065487298235709, 2.500000000000000000 ) ) ;
#44 = LINE ( 'NONE', #10543, #133 ) ;
#45 = CARTESIAN_POINT ( 'NONE',  ( -85.41788286210059766, 20.23277201088161448, 1.500000000000000444 ) ) ;
#46 = CARTESIAN_POINT ( 'NONE',  ( -135.7499999999999716, 13.15429687500000355, 0.2500000000000000000 ) ) ;
#47 = CARTESIAN_POINT ( 'NONE',  ( -59.47847513588155977, 23.17217973710065948, 1.500000000000000444 ) ) ;
#48 = ORIENTED_EDGE ( 'NONE', *, *, #7191, .F. ) ;
#49 = CARTESIAN_POINT ( 'NONE',  ( 38.98211713789942223, 15.50448725967913610, 1.500000000000000444 ) ) ;
#50 = ORIENTED_EDGE ( 'NONE', *, *, #6457, .F. ) ;
#51 = ORIENTED_EDGE ( 'NONE', *, *, #83, .F. ) ;
#52 = LINE ( 'NONE', #5655, #5980 ) ;
#53 = DIRECTION ( 'NONE',  ( 0.000000000000000000, 0.000000000000000000, 1.000000000000000000 ) ) ;
#54 = LINE ( 'NONE', #6628, #4799 ) ;
#55 = DIRECTION ( 'NONE',  ( -6.938893903907234689E-15, 1.000000000000000000, 0.000000000000000000 ) ) ;
#56 = EDGE_CURVE ( 'NONE', #10187, #1723, #3085, .T. ) ;
#57 = ORIENTED_EDGE ( 'NONE', *, *, #2596, .T. ) ;
#58 = CARTESIAN_POINT ( 'NONE',  ( 39.25000000000000000, 23.15429687500000000, 4.000000000000000000 ) ) ;
#59 = CARTESIAN_POINT ( 'NONE',  ( 39.25000000000000000, 13.15429687500000355, 4.000000000000000000 ) ) ;
#60 = ORIENTED_EDGE ( 'NONE', *, *, #2042, .F. ) ;
#61 = EDGE_LOOP ( 'NONE', ( #4233, #3450, #1169, #6107 ) ) ;
#62 = EDGE_CURVE ( 'NONE', #4552, #6664, #9650, .T. ) ;
#63 = ORIENTED_EDGE ( 'NONE', *, *, #3923, .F. ) ;
#64 = PLANE ( 'NONE',  #4078 ) ;
#65 = DIRECTION ( 'NONE',  ( -0.7071067811865462405, -0.7071067811865489050, 0.000000000000000000 ) ) ;
#66 = CARTESIAN_POINT ( 'NONE',  ( -130.7500000000000000, 15.40793887701778431, 4.000000000000000000 ) ) ;
#67 = DIRECTION ( 'NONE',  ( 0.000000000000000000, -0.000000000000000000, 1.000000000000000000 ) ) ;
#68 = PLANE ( 'NONE',  #9280 ) ;
#69 = CARTESIAN_POINT ( 'NONE',  ( -129.0678828621005891, 20.80448725967914925, 0.5000000000000004441 ) ) ;
#70 = DIRECTION ( 'NONE',  ( -0.000000000000000000, -0.000000000000000000, 1.000000000000000000 ) ) ;
#71 = VERTEX_POINT ( 'NONE', #10509 ) ;
#72 = EDGE_CURVE ( 'NONE', #5807, #1371, #3837, .T. ) ;
#73 = EDGE_LOOP ( 'NONE', ( #7134, #2347, #3417, #7743, #8576, #1344, #319, #1288 ) ) ;
#74 = EDGE_CURVE ( 'NONE', #3014, #9726, #8034, .T. ) ;
#75 = VERTEX_POINT ( 'NONE', #8945 ) ;
#76 = LINE ( 'NONE', #4123, #3991 ) ;
#77 = CARTESIAN_POINT ( 'NONE',  ( -137.7499999999999716, 20.85065487298235709, 2.500000000000000000 ) ) ;
#78 = VECTOR ( 'NONE', #557, 1000.000000000000000 ) ;
#79 = DIRECTION ( 'NONE',  ( 1.000000000000000000, -6.938893903907228378E-15, 0.000000000000000000 ) ) ;
#80 = LINE ( 'NONE', #32, #4756 ) ;
#81 = CARTESIAN_POINT ( 'NONE',  ( -83.06788286210057493, 20.78641401289932134, 1.500000000000000444 ) ) ;
#82 = ORIENTED_EDGE ( 'NONE', *, *, #1108, .T. ) ;
#83 = EDGE_CURVE ( 'NONE', #9485, #358, #7060, .T. ) ;
#84 = LINE ( 'NONE', #8924, #5624 ) ;
#85 = ORIENTED_EDGE ( 'NONE', *, *, #5853, .F. ) ;
#86 = ORIENTED_EDGE ( 'NONE', *, *, #8552, .T. ) ;
#87 = ORIENTED_EDGE ( 'NONE', *, *, #10075, .T. ) ;
#88 = AXIS2_PLACEMENT_3D ( 'NONE', #6447, #1544, #3113 ) ;
#89 = VECTOR ( 'NONE', #2552, 1000.000000000000000 ) ;
#90 = DIRECTION ( 'NONE',  ( 1.000000000000000000, 9.183830166936036979E-17, 0.000000000000000000 ) ) ;
#91 = EDGE_CURVE ( 'NONE', #10097, #1596, #490, .T. ) ;
#92 = CARTESIAN_POINT ( 'NONE',  ( -100.7678828621005920, 15.50448725967913610, 1.500000000000000444 ) ) ;
#93 = CARTESIAN_POINT ( 'NONE',  ( 45.84999999999998721, 13.90429687500000355, 6.000000000000000000 ) ) ;
#94 = CARTESIAN_POINT ( 'NONE',  ( -137.7499999999999716, 25.25429687499999076, 0.4000000000000114575 ) ) ;
#95 = DIRECTION ( 'NONE',  ( -0.7071067811865479058, 0.7071067811865470176, 0.000000000000000000 ) ) ;
#96 = DIRECTION ( 'NONE',  ( -0.7071067811865471286, -0.7071067811865480168, 0.000000000000000000 ) ) ;
#97 = ADVANCED_FACE ( 'NONE', ( #3137 ), #4695, .F. ) ;
#98 = LINE ( 'NONE', #8337, #306 ) ;
#99 = VECTOR ( 'NONE', #9826, 1000.000000000000000 ) ;
#100 = ORIENTED_EDGE ( 'NONE', *, *, #4083, .F. ) ;
#101 = APPLICATION_PROTOCOL_DEFINITION ( 'international standard', 'config_control_design', 1994, #10055 ) ;
#102 = VERTEX_POINT ( 'NONE', #5606 ) ;
#103 = VECTOR ( 'NONE', #5340, 1000.000000000000000 ) ;
#104 = ORIENTED_EDGE ( 'NONE', *, *, #1592, .F. ) ;
#105 = VECTOR ( 'NONE', #6331, 1000.000000000000000 ) ;
#106 = ADVANCED_FACE ( 'NONE', ( #1356 ), #6258, .F. ) ;
#107 = VECTOR ( 'NONE', #8052, 1000.000000000000000 ) ;
#108 = DIRECTION ( 'NONE',  ( -1.000000000000000000, -0.000000000000000000, -0.000000000000000000 ) ) ;
#109 = CARTESIAN_POINT ( 'NONE',  ( -107.7999999999998693, 20.85065487298235709, 1.500000000000000444 ) ) ;
#110 = DIRECTION ( 'NONE',  ( -0.000000000000000000, -1.000000000000000000, -0.000000000000000000 ) ) ;
#111 = CARTESIAN_POINT ( 'NONE',  ( 7.182117137899429515, 15.48641401289931885, 1.500000000000000444 ) ) ;
#112 = ORIENTED_EDGE ( 'NONE', *, *, #4860, .T. ) ;
#113 = CARTESIAN_POINT ( 'NONE',  ( 36.58211713789940944, 13.48641401289931885, 0.5000000000000004441 ) ) ;
#114 = LINE ( 'NONE', #1020, #6907 ) ;
#115 = EDGE_LOOP ( 'NONE', ( #3376, #2857, #4456, #4171 ) ) ;
#116 = ORIENTED_EDGE ( 'NONE', *, *, #659, .F. ) ;
#117 = VECTOR ( 'NONE', #3241, 999.9999999999998863 ) ;
#118 = ORIENTED_EDGE ( 'NONE', *, *, #6611, .T. ) ;
#119 = VECTOR ( 'NONE', #5546, 1000.000000000000000 ) ;
#120 = DIRECTION ( 'NONE',  ( 1.000000000000000000, -1.734723475976806902E-18, 0.000000000000000000 ) ) ;
#121 = LINE ( 'NONE', #7599, #4255 ) ;
#122 = CARTESIAN_POINT ( 'NONE',  ( -38.79999999999986215, 15.45793887701764291, 1.500000000000000444 ) ) ;
#123 = LOCAL_TIME ( 10, 30, 13.00000000000000000, #6389 ) ;
#124 = DIRECTION ( 'NONE',  ( 0.000000000000000000, 0.000000000000000000, -1.000000000000000000 ) ) ;
#125 = CARTESIAN_POINT ( 'NONE',  ( 9.582117137899414772, 20.78641401289932134, 0.5000000000000004441 ) ) ;
#126 = CARTESIAN_POINT ( 'NONE',  ( -31.76788286210058132, 20.78641401289932134, 0.5000000000000004441 ) ) ;
#127 = ORIENTED_EDGE ( 'NONE', *, *, #7762, .F. ) ;
#128 = VECTOR ( 'NONE', #375, 1000.000000000000000 ) ;
#129 = VERTEX_POINT ( 'NONE', #3996 ) ;
#130 = ORIENTED_EDGE ( 'NONE', *, *, #3955, .T. ) ;
#131 = ADVANCED_FACE ( 'NONE', ( #3887 ), #7276, .F. ) ;
#132 = EDGE_CURVE ( 'NONE', #8658, #6931, #8840, .T. ) ;
#133 = VECTOR ( 'NONE', #6563, 1000.000000000000000 ) ;
#134 = LINE ( 'NONE', #9931, #2104 ) ;
#135 = LINE ( 'NONE', #7407, #6301 ) ;
#136 = EDGE_CURVE ( 'NONE', #4170, #6468, #6425, .T. ) ;
#137 = LINE ( 'NONE', #1146, #4816 ) ;
#138 = DIRECTION ( 'NONE',  ( 0.7071067811865479058, -0.7071067811865470176, 0.000000000000000000 ) ) ;
#139 = DIRECTION ( 'NONE',  ( 0.000000000000000000, 1.000000000000000000, 0.000000000000000000 ) ) ;
#140 = EDGE_LOOP ( 'NONE', ( #4699, #9317, #1940, #3782 ) ) ;
#141 = VECTOR ( 'NONE', #10021, 1000.000000000000000 ) ;
#142 = ORIENTED_EDGE ( 'NONE', *, *, #6264, .T. ) ;
#143 = ORIENTED_EDGE ( 'NONE', *, *, #4534, .F. ) ;
#144 = VECTOR ( 'NONE', #1220, 1000.000000000000000 ) ;
#145 = ORIENTED_EDGE ( 'NONE', *, *, #3235, .T. ) ;
#146 = EDGE_CURVE ( 'NONE', #10642, #4234, #5174, .T. ) ;
#147 = DIRECTION ( 'NONE',  ( 0.000000000000000000, -0.000000000000000000, -1.000000000000000000 ) ) ;
#148 = DIRECTION ( 'NONE',  ( -6.938893903907233900E-15, 1.000000000000000000, 0.000000000000000000 ) ) ;
#149 = DIRECTION ( 'NONE',  ( 1.000000000000000000, 9.183830166936036979E-17, 0.000000000000000000 ) ) ;
#150 = LINE ( 'NONE', #7625, #5146 ) ;
#151 = CARTESIAN_POINT ( 'NONE',  ( -131.4178828621006119, 16.07582173911837842, 4.000000000000000000 ) ) ;
#152 = LINE ( 'NONE', #10046, #5236 ) ;
#153 = CARTESIAN_POINT ( 'NONE',  ( -137.7499999999999716, 13.90429687500000355, 1.000000000000000000 ) ) ;
#154 = ORIENTED_EDGE ( 'NONE', *, *, #2699, .F. ) ;
#155 = DIRECTION ( 'NONE',  ( -0.7071067811865471286, -0.7071067811865480168, 0.000000000000000000 ) ) ;
#156 = VERTEX_POINT ( 'NONE', #5336 ) ;
#157 = AXIS2_PLACEMENT_3D ( 'NONE', #1064, #3495, #2687 ) ;
#158 = ORIENTED_EDGE ( 'NONE', *, *, #4863, .T. ) ;
#159 = EDGE_CURVE ( 'NONE', #1384, #6070, #4472, .T. ) ;
#160 = DIRECTION ( 'NONE',  ( 0.000000000000000000, 0.000000000000000000, 1.000000000000000000 ) ) ;
#161 = DIRECTION ( 'NONE',  ( -0.000000000000000000, -1.000000000000000000, -0.000000000000000000 ) ) ;
#162 = VECTOR ( 'NONE', #8285, 1000.000000000000000 ) ;
#163 = LINE ( 'NONE', #9851, #9777 ) ;
#164 = PLANE ( 'NONE',  #4727 ) ;
#165 = ORIENTED_EDGE ( 'NONE', *, *, #9567, .F. ) ;
#166 = DIRECTION ( 'NONE',  ( 0.000000000000000000, 0.000000000000000000, -1.000000000000000000 ) ) ;
#167 = DIRECTION ( 'NONE',  ( 6.938893903907228378E-15, 1.000000000000000000, -0.000000000000000000 ) ) ;
#168 = ORIENTED_EDGE ( 'NONE', *, *, #4739, .F. ) ;
#169 = ORIENTED_EDGE ( 'NONE', *, *, #5066, .F. ) ;
#170 = EDGE_CURVE ( 'NONE', #4234, #3488, #8463, .T. ) ;
#171 = VECTOR ( 'NONE', #4438, 1000.000000000000000 ) ;
#172 = ORIENTED_EDGE ( 'NONE', *, *, #979, .T. ) ;
#173 = LINE ( 'NONE', #9761, #9582 ) ;
#174 = DIRECTION ( 'NONE',  ( -0.000000000000000000, -0.000000000000000000, 1.000000000000000000 ) ) ;
#175 = CARTESIAN_POINT ( 'NONE',  ( 32.58211713789940944, 15.48641401289931885, 0.5000000000000004441 ) ) ;
#176 = DIRECTION ( 'NONE',  ( -1.000000000000000000, -8.163404592832032733E-17, 0.000000000000000000 ) ) ;
#177 = DIRECTION ( 'NONE',  ( -1.000000000000000000, -0.000000000000000000, -0.000000000000000000 ) ) ;
#178 = CARTESIAN_POINT ( 'NONE',  ( 37.23211713789942223, 0.000000000000000000, 0.000000000000000000 ) ) ;
#179 = ORIENTED_EDGE ( 'NONE', *, *, #7202, .F. ) ;
#180 = ORIENTED_EDGE ( 'NONE', *, *, #2533, .F. ) ;
#181 = EDGE_LOOP ( 'NONE', ( #4011, #1569, #4724, #9963 ) ) ;
#182 = DIRECTION ( 'NONE',  ( -0.7071067811865483499, 0.7071067811865466846, 1.137307002876259321E-16 ) ) ;
#183 = CARTESIAN_POINT ( 'NONE',  ( -78.41788286210058345, 15.48641401289931885, 0.5000000000000004441 ) ) ;
#184 = LINE ( 'NONE', #3472, #6369 ) ;
#185 = FACE_OUTER_BOUND ( 'NONE', #6827, .T. ) ;
#186 = VECTOR ( 'NONE', #8414, 1000.000000000000000 ) ;
#187 = CARTESIAN_POINT ( 'NONE',  ( 15.98211713789943289, 20.78641401289932134, 1.500000000000000444 ) ) ;
#188 = VERTEX_POINT ( 'NONE', #1240 ) ;
#189 = EDGE_CURVE ( 'NONE', #3358, #5201, #6790, .T. ) ;
#190 = ORIENTED_EDGE ( 'NONE', *, *, #7973, .F. ) ;
#191 = ORIENTED_EDGE ( 'NONE', *, *, #1836, .F. ) ;
#192 = ORIENTED_EDGE ( 'NONE', *, *, #1876, .T. ) ;
#193 = CIRCLE ( 'NONE', #1231, 0.2500000000000000000 ) ;
#194 = CARTESIAN_POINT ( 'NONE',  ( -83.06788286210057493, 15.48641401289931885, 0.5000000000000004441 ) ) ;
#195 = EDGE_CURVE ( 'NONE', #5274, #985, #7809, .T. ) ;
#196 = CARTESIAN_POINT ( 'NONE',  ( 37.23211713789942223, 20.78641401289932134, 0.000000000000000000 ) ) ;
#197 = LINE ( 'NONE', #9998, #1015 ) ;
#198 = CARTESIAN_POINT ( 'NONE',  ( -121.3821171378992574, 20.23277201088161803, 1.500000000000000444 ) ) ;
#199 = FACE_OUTER_BOUND ( 'NONE', #6354, .T. ) ;
#200 = CARTESIAN_POINT ( 'NONE',  ( -53.01788286210057066, 15.50448725967913610, 0.5000000000000004441 ) ) ;
#201 = ORIENTED_EDGE ( 'NONE', *, *, #6970, .T. ) ;
#202 = DIRECTION ( 'NONE',  ( -1.000000000000000000, 1.734723475976806902E-18, 0.000000000000000000 ) ) ;
#204 = ORIENTED_EDGE ( 'NONE', *, *, #5679, .F. ) ;
#203 = AXIS2_PLACEMENT_3D ( 'NONE', #1265, #4546, #3052 ) ;
#205 = EDGE_CURVE ( 'NONE', #4556, #4619, #427, .T. ) ;
#206 = ORIENTED_EDGE ( 'NONE', *, *, #3618, .F. ) ;
#207 = EDGE_CURVE ( 'NONE', #7967, #2254, #1943, .T. ) ;
#208 = VECTOR ( 'NONE', #7508, 1000.000000000000000 ) ;
#209 = FACE_OUTER_BOUND ( 'NONE', #1224, .T. ) ;
#210 = DIRECTION ( 'NONE',  ( 0.000000000000000000, -0.000000000000000000, 1.000000000000000000 ) ) ;
#211 = CARTESIAN_POINT ( 'NONE',  ( -78.30364200201763936, 13.15429687499999467, 6.000000000000000000 ) ) ;
#212 = DIRECTION ( 'NONE',  ( 1.000000000000000000, 0.000000000000000000, 0.000000000000000000 ) ) ;
#213 = EDGE_LOOP ( 'NONE', ( #1833, #7594, #4371, #4835 ) ) ;
#214 = CARTESIAN_POINT ( 'NONE',  ( 30.18211713789942152, 20.80448725967914925, 1.500000000000000444 ) ) ;
#215 = CARTESIAN_POINT ( 'NONE',  ( -7.017882862100588426, 15.50448725967913610, 0.5000000000000004441 ) ) ;
#216 = EDGE_LOOP ( 'NONE', ( #8882, #8289, #1560, #10599 ) ) ;
#217 = ADVANCED_FACE ( 'NONE', ( #3612 ), #3560, .F. ) ;
#218 = ORIENTED_EDGE ( 'NONE', *, *, #4821, .F. ) ;
#219 = DIRECTION ( 'NONE',  ( 0.7071067811865475727, -0.7071067811865475727, 0.000000000000000000 ) ) ;
#220 = CARTESIAN_POINT ( 'NONE',  ( -130.7500000000000000, 22.40429687500000355, 1.000000000000000000 ) ) ;
#221 = DIRECTION ( 'NONE',  ( 0.000000000000000000, 1.000000000000000000, 0.000000000000000000 ) ) ;
#222 = ADVANCED_FACE ( 'NONE', ( #2861 ), #323, .F. ) ;
#223 = CARTESIAN_POINT ( 'NONE',  ( -137.7499999999999716, 15.45793887701764291, 3.999999999999999112 ) ) ;
#224 = ORIENTED_EDGE ( 'NONE', *, *, #1441, .T. ) ;
#225 = CARTESIAN_POINT ( 'NONE',  ( -123.7678828621005778, 20.78641401289932134, 0.5000000000000004441 ) ) ;
#226 = CARTESIAN_POINT ( 'NONE',  ( -59.47847513588153134, 13.13641401289931920, 6.000000000000000000 ) ) ;
#227 = ORIENTED_EDGE ( 'NONE', *, *, #4080, .T. ) ;
#228 = EDGE_CURVE ( 'NONE', #6080, #10642, #7707, .T. ) ;
#229 = VERTEX_POINT ( 'NONE', #1127 ) ;
#230 = ORIENTED_EDGE ( 'NONE', *, *, #3455, .T. ) ;
#231 = DIRECTION ( 'NONE',  ( -1.000000000000000000, 1.734723475976806902E-18, 0.000000000000000000 ) ) ;
#232 = LINE ( 'NONE', #7722, #7153 ) ;
#233 = CARTESIAN_POINT ( 'NONE',  ( 32.58211713789940944, 13.48641401289931885, 1.500000000000000444 ) ) ;
#234 = CARTESIAN_POINT ( 'NONE',  ( -137.7499999999999716, 20.85065487298235709, 4.000000000000000000 ) ) ;
#235 = CARTESIAN_POINT ( 'NONE',  ( -101.3036420020176678, 13.15429687499999112, 1.500000000000000444 ) ) ;
#236 = ORIENTED_EDGE ( 'NONE', *, *, #7960, .F. ) ;
#237 = ORIENTED_EDGE ( 'NONE', *, *, #146, .F. ) ;
#238 = VERTEX_POINT ( 'NONE', #10073 ) ;
#239 = ORIENTED_EDGE ( 'NONE', *, *, #6488, .T. ) ;
#240 = ADVANCED_FACE ( 'NONE', ( #5121 ), #1073, .F. ) ;
#241 = LINE ( 'NONE', #8434, #8724 ) ;
#242 = LINE ( 'NONE', #6063, #4326 ) ;
#243 = FACE_OUTER_BOUND ( 'NONE', #2610, .T. ) ;
#244 = ADVANCED_FACE ( 'NONE', ( #3504 ), #5982, .F. ) ;
#245 = CARTESIAN_POINT ( 'NONE',  ( -52.99999999999999289, 20.85065487298235709, 4.000000000000000000 ) ) ;
#246 = CARTESIAN_POINT ( 'NONE',  ( -99.00000000000000000, 20.85065487298235709, 1.500000000000000444 ) ) ;
#247 = CARTESIAN_POINT ( 'NONE',  ( 32.58211713789940944, 13.48641401289931885, 1.500000000000000444 ) ) ;
#248 = FACE_OUTER_BOUND ( 'NONE', #9411, .T. ) ;
#249 = ORIENTED_EDGE ( 'NONE', *, *, #4964, .F. ) ;
#250 = CARTESIAN_POINT ( 'NONE',  ( -130.7500000000000000, 13.90429687500000355, 6.000000000000000000 ) ) ;
#251 = VERTEX_POINT ( 'NONE', #8619 ) ;
#252 = ORIENTED_EDGE ( 'NONE', *, *, #5213, .T. ) ;
#253 = AXIS2_PLACEMENT_3D ( 'NONE', #417, #7101, #2097 ) ;
#254 = AXIS2_PLACEMENT_3D ( 'NONE', #223, #5987, #1892 ) ;
#255 = EDGE_CURVE ( 'NONE', #3585, #8703, #9266, .T. ) ;
#256 = ADVANCED_FACE ( 'NONE', ( #4363 ), #272, .T. ) ;
#257 = DIRECTION ( 'NONE',  ( 0.000000000000000000, -1.000000000000000000, 0.000000000000000000 ) ) ;
#258 = LINE ( 'NONE', #4407, #9589 ) ;
#259 = VECTOR ( 'NONE', #1040, 1000.000000000000000 ) ;
#260 = CARTESIAN_POINT ( 'NONE',  ( 46.25000000000000000, 11.05429687500001457, 6.000000000000000000 ) ) ;
#261 = LINE ( 'NONE', #3549, #4040 ) ;
#262 = VECTOR ( 'NONE', #9893, 1000.000000000000000 ) ;
#263 = ADVANCED_FACE ( 'NONE', ( #373 ), #8568, .F. ) ;
#264 = CARTESIAN_POINT ( 'NONE',  ( 30.20000000000014140, 15.45793887701764291, 1.500000000000000444 ) ) ;
#265 = ORIENTED_EDGE ( 'NONE', *, *, #7249, .T. ) ;
#266 = DIRECTION ( 'NONE',  ( 0.000000000000000000, -0.000000000000000000, -1.000000000000000000 ) ) ;
#267 = CARTESIAN_POINT ( 'NONE',  ( -135.7499999999999716, 23.15429687500000355, 0.2500000000000000000 ) ) ;
#268 = ORIENTED_EDGE ( 'NONE', *, *, #6919, .T. ) ;
#269 = ORIENTED_EDGE ( 'NONE', *, *, #2965, .T. ) ;
#270 = VECTOR ( 'NONE', #4925, 1000.000000000000000 ) ;
#271 = VECTOR ( 'NONE', #717, 1000.000000000000000 ) ;
#272 = PLANE ( 'NONE',  #8058 ) ;
#273 = EDGE_CURVE ( 'NONE', #10489, #9260, #9429, .T. ) ;
#274 = DIRECTION ( 'NONE',  ( -1.000000000000000000, 0.000000000000000000, 0.000000000000000000 ) ) ;
#275 = CARTESIAN_POINT ( 'NONE',  ( -99.01788286210059198, 20.78641401289932134, 0.5000000000000004441 ) ) ;
#276 = DIRECTION ( 'NONE',  ( 0.000000000000000000, -1.000000000000000000, 0.000000000000000000 ) ) ;
#277 = DIRECTION ( 'NONE',  ( -0.000000000000000000, -0.000000000000000000, 1.000000000000000000 ) ) ;
#278 = CARTESIAN_POINT ( 'NONE',  ( -32.41788286210058345, 20.78641401289932134, 0.5000000000000004441 ) ) ;
#279 = ORIENTED_EDGE ( 'NONE', *, *, #7303, .T. ) ;
#280 = AXIS2_PLACEMENT_3D ( 'NONE', #9376, #3620, #3668 ) ;
#281 = EDGE_LOOP ( 'NONE', ( #10200, #7373, #6869, #3828, #190, #3464 ) ) ;
#282 = EDGE_LOOP ( 'NONE', ( #7765, #2777, #4382, #2774 ) ) ;
#283 = APPROVAL_PERSON_ORGANIZATION ( #3908, #8420, #1535 ) ;
#284 = EDGE_CURVE ( 'NONE', #2511, #5677, #10390, .T. ) ;
#285 = CARTESIAN_POINT ( 'NONE',  ( -77.76788286210057777, 15.50448725967913610, 0.5000000000000004441 ) ) ;
#286 = DIRECTION ( 'NONE',  ( 0.000000000000000000, -1.000000000000000000, 0.000000000000000000 ) ) ;
#287 = VECTOR ( 'NONE', #7284, 1000.000000000000000 ) ;
#288 = CARTESIAN_POINT ( 'NONE',  ( 32.58211713789940944, 22.78641401289931778, 0.5000000000000004441 ) ) ;
#289 = DIRECTION ( 'NONE',  ( 0.000000000000000000, -0.000000000000000000, 1.000000000000000000 ) ) ;
#290 = CARTESIAN_POINT ( 'NONE',  ( -15.79999999999985860, 20.85065487298236064, 2.500000000000000000 ) ) ;
#291 = ORIENTED_EDGE ( 'NONE', *, *, #3508, .T. ) ;
#292 = AXIS2_PLACEMENT_3D ( 'NONE', #2364, #7310, #8874 ) ;
#293 = ORIENTED_EDGE ( 'NONE', *, *, #3143, .F. ) ;
#294 = ORIENTED_EDGE ( 'NONE', *, *, #7438, .F. ) ;
#295 = EDGE_CURVE ( 'NONE', #10319, #3466, #3831, .T. ) ;
#296 = ORIENTED_EDGE ( 'NONE', *, *, #4402, .F. ) ;
#297 = VECTOR ( 'NONE', #7800, 1000.000000000000000 ) ;
#298 = LINE ( 'NONE', #5951, #2375 ) ;
#299 = PLANE ( 'NONE',  #7946 ) ;
#300 = CARTESIAN_POINT ( 'NONE',  ( 45.85000000000000142, 11.65429687500000533, 6.000000000000000000 ) ) ;
#301 = VECTOR ( 'NONE', #7003, 1000.000000000000000 ) ;
#302 = CARTESIAN_POINT ( 'NONE',  ( -128.4784751358815527, 23.17217973710065948, 1.500000000000000444 ) ) ;
#303 = CARTESIAN_POINT ( 'NONE',  ( -52.38211713789925028, 16.07582173911838197, 1.500000000000000444 ) ) ;
#304 = CARTESIAN_POINT ( 'NONE',  ( -124.4178828621005977, 13.48641401289931885, 1.500000000000000444 ) ) ;
#305 = DIRECTION ( 'NONE',  ( -1.000000000000000000, 0.000000000000000000, 0.000000000000000000 ) ) ;
#306 = VECTOR ( 'NONE', #9792, 1000.000000000000000 ) ;
#307 = ORIENTED_EDGE ( 'NONE', *, *, #2991, .F. ) ;
#308 = PLANE ( 'NONE',  #3049 ) ;
#309 = ORIENTED_EDGE ( 'NONE', *, *, #4607, .F. ) ;
#310 = ORIENTED_EDGE ( 'NONE', *, *, #6327, .F. ) ;
#311 = CARTESIAN_POINT ( 'NONE',  ( -82.47847513588156687, 23.17217973710065948, 1.500000000000000444 ) ) ;
#312 = DIRECTION ( 'NONE',  ( 1.000000000000000000, 0.000000000000000000, -0.000000000000000000 ) ) ;
#313 = LINE ( 'NONE', #6779, #1698 ) ;
#314 = LINE ( 'NONE', #6835, #2150 ) ;
#315 = VECTOR ( 'NONE', #3338, 1000.000000000000000 ) ;
#316 = DIRECTION ( 'NONE',  ( 0.000000000000000000, 1.000000000000000000, 0.000000000000000000 ) ) ;
#317 = ORIENTED_EDGE ( 'NONE', *, *, #1012, .T. ) ;
#318 = CARTESIAN_POINT ( 'NONE',  ( -13.47847513588157398, 23.17217973710065948, 2.500000000000000444 ) ) ;
#319 = ORIENTED_EDGE ( 'NONE', *, *, #91, .T. ) ;
#320 = EDGE_CURVE ( 'NONE', #6277, #1601, #1454, .T. ) ;
#321 = ORIENTED_EDGE ( 'NONE', *, *, #2010, .F. ) ;
#322 = VECTOR ( 'NONE', #2563, 1000.000000000000000 ) ;
#323 = PLANE ( 'NONE',  #2890 ) ;
#324 = LINE ( 'NONE', #4473, #3051 ) ;
#325 = CARTESIAN_POINT ( 'NONE',  ( -6.382117137899268045, 20.23277201088161803, 1.500000000000000444 ) ) ;
#326 = FACE_OUTER_BOUND ( 'NONE', #8615, .T. ) ;
#327 = EDGE_CURVE ( 'NONE', #680, #8227, #8888, .T. ) ;
#328 = EDGE_LOOP ( 'NONE', ( #7780, #2462, #8021, #6692 ) ) ;
#329 = LINE ( 'NONE', #6953, #2176 ) ;
#330 = LINE ( 'NONE', #6904, #7242 ) ;
#331 = ORIENTED_EDGE ( 'NONE', *, *, #6047, .F. ) ;
#332 = VECTOR ( 'NONE', #716, 1000.000000000000000 ) ;
#333 = ORIENTED_EDGE ( 'NONE', *, *, #5979, .T. ) ;
#334 = ADVANCED_FACE ( 'NONE', ( #7867 ), #3883, .F. ) ;
#335 = VERTEX_POINT ( 'NONE', #485 ) ;
#336 = ADVANCED_FACE ( 'NONE', ( #7055 ), #5500, .F. ) ;
#337 = CARTESIAN_POINT ( 'NONE',  ( 32.58211713789940944, 15.48641401289931885, 0.5000000000000004441 ) ) ;
#338 = CARTESIAN_POINT ( 'NONE',  ( -137.7499999999999716, 20.85065487298235709, 4.000000000000000000 ) ) ;
#339 = CARTESIAN_POINT ( 'NONE',  ( -84.79999999999985505, 20.85065487298235709, 2.500000000000000000 ) ) ;
#340 = CARTESIAN_POINT ( 'NONE',  ( -101.3215248641183308, 13.13641401289931920, 6.000000000000000000 ) ) ;
#341 = LINE ( 'NONE', #8586, #8526 ) ;
#342 = LINE ( 'NONE', #2020, #10164 ) ;
#343 = EDGE_LOOP ( 'NONE', ( #4659, #3925, #6985, #169, #4633, #2725, #5039, #8714 ) ) ;
#344 = VERTEX_POINT ( 'NONE', #1292 ) ;
#345 = EDGE_CURVE ( 'NONE', #2751, #1168, #9480, .T. ) ;
#346 = VERTEX_POINT ( 'NONE', #9590 ) ;
#347 = ORIENTED_EDGE ( 'NONE', *, *, #5386, .T. ) ;
#348 = CARTESIAN_POINT ( 'NONE',  ( -37.06788286210058203, 20.78641401289932134, 1.500000000000000444 ) ) ;
#349 = LINE ( 'NONE', #7623, #9671 ) ;
#350 = FACE_OUTER_BOUND ( 'NONE', #7175, .T. ) ;
#351 = LINE ( 'NONE', #1004, #4457 ) ;
#352 = LINE ( 'NONE', #6179, #3882 ) ;
#353 = CARTESIAN_POINT ( 'NONE',  ( -9.321524864118330811, 13.13641401289931920, 2.499999999999998668 ) ) ;
#354 = EDGE_CURVE ( 'NONE', #1091, #576, #2105, .T. ) ;
#355 = CARTESIAN_POINT ( 'NONE',  ( 0.000000000000000000, 0.000000000000000000, 0.5000000000000004441 ) ) ;
#356 = ORIENTED_EDGE ( 'NONE', *, *, #7958, .F. ) ;
#357 = ORIENTED_EDGE ( 'NONE', *, *, #6046, .F. ) ;
#358 = VERTEX_POINT ( 'NONE', #7921 ) ;
#359 = VECTOR ( 'NONE', #10235, 1000.000000000000000 ) ;
#360 = ORIENTED_EDGE ( 'NONE', *, *, #10416, .F. ) ;
#361 = DIRECTION ( 'NONE',  ( 0.7071067811865475727, 0.7071067811865475727, 0.000000000000000000 ) ) ;
#362 = PLANE ( 'NONE',  #4944 ) ;
#363 = DIRECTION ( 'NONE',  ( 1.000000000000000000, 0.000000000000000000, 0.000000000000000000 ) ) ;
#364 = VECTOR ( 'NONE', #8848, 1000.000000000000000 ) ;
#365 = CARTESIAN_POINT ( 'NONE',  ( -29.38211713789926094, 20.23277201088161803, 1.500000000000000444 ) ) ;
#366 = PLANE ( 'NONE',  #10648 ) ;
#367 = ORIENTED_EDGE ( 'NONE', *, *, #9267, .F. ) ;
#368 = DIRECTION ( 'NONE',  ( -0.000000000000000000, -0.000000000000000000, 1.000000000000000000 ) ) ;
#369 = ORIENTED_EDGE ( 'NONE', *, *, #4964, .T. ) ;
#370 = VERTEX_POINT ( 'NONE', #8782 ) ;
#371 = VECTOR ( 'NONE', #9241, 1000.000000000000000 ) ;
#372 = VECTOR ( 'NONE', #6851, 1000.000000000000000 ) ;
#373 = FACE_OUTER_BOUND ( 'NONE', #8844, .T. ) ;
#374 = ADVANCED_FACE ( 'NONE', ( #10339 ), #6370, .F. ) ;
#375 = DIRECTION ( 'NONE',  ( -0.000000000000000000, -0.000000000000000000, 1.000000000000000000 ) ) ;
#376 = CARTESIAN_POINT ( 'NONE',  ( -7.017882862100588426, 20.78641401289932134, 0.5000000000000004441 ) ) ;
#377 = LINE ( 'NONE', #6852, #4901 ) ;
#378 = ADVANCED_FACE ( 'NONE', ( #2968 ), #2270, .F. ) ;
#379 = ORIENTED_EDGE ( 'NONE', *, *, #3816, .F. ) ;
#380 = PLANE ( 'NONE',  #280 ) ;
#381 = CARTESIAN_POINT ( 'NONE',  ( -99.01788286210059198, 20.78641401289932134, 0.5000000000000004441 ) ) ;
#382 = ORIENTED_EDGE ( 'NONE', *, *, #8885, .T. ) ;
#383 = ORIENTED_EDGE ( 'NONE', *, *, #1708, .T. ) ;
#384 = ORIENTED_EDGE ( 'NONE', *, *, #1481, .F. ) ;
#385 = ADVANCED_FACE ( 'NONE', ( #8728 ), #2319, .F. ) ;
#386 = EDGE_CURVE ( 'NONE', #8242, #3512, #4690, .T. ) ;
#387 = DIRECTION ( 'NONE',  ( 1.000000000000000000, 0.000000000000000000, 0.000000000000000000 ) ) ;
#388 = CARTESIAN_POINT ( 'NONE',  ( -9.417882862100587005, 20.78641401289932134, 1.500000000000000444 ) ) ;
#389 = FACE_OUTER_BOUND ( 'NONE', #73, .T. ) ;
#390 = EDGE_CURVE ( 'NONE', #9291, #5090, #7221, .T. ) ;
#391 = CARTESIAN_POINT ( 'NONE',  ( -60.06788286210057493, 15.48641401289931885, 1.500000000000000444 ) ) ;
#392 = PLANE ( 'NONE',  #10420 ) ;
#393 = CARTESIAN_POINT ( 'NONE',  ( 30.20000000000014495, 15.45793887701764291, 3.999999999999999112 ) ) ;
#394 = EDGE_LOOP ( 'NONE', ( #6350, #5094, #8912, #5061, #9489, #1648, #8803, #2398 ) ) ;
#395 = EDGE_CURVE ( 'NONE', #3805, #7555, #5385, .T. ) ;
#396 = ORIENTED_EDGE ( 'NONE', *, *, #605, .F. ) ;
#397 = EDGE_LOOP ( 'NONE', ( #3000, #3649, #3724, #4542 ) ) ;
#398 = VERTEX_POINT ( 'NONE', #8666 ) ;
#399 = LINE ( 'NONE', #6010, #2096 ) ;
#400 = CARTESIAN_POINT ( 'NONE',  ( -30.01788286210058132, 20.78641401289932134, 0.5000000000000004441 ) ) ;
#401 = EDGE_CURVE ( 'NONE', #4963, #3165, #8835, .T. ) ;
#402 = CARTESIAN_POINT ( 'NONE',  ( -123.7678828621005778, 20.78641401289932134, -2.999999999999999112 ) ) ;
#403 = DIRECTION ( 'NONE',  ( 6.938893903907228378E-15, 1.000000000000000000, -0.000000000000000000 ) ) ;
#404 = PLANE ( 'NONE',  #6100 ) ;
#405 = ORIENTED_EDGE ( 'NONE', *, *, #2827, .T. ) ;
#406 = LINE ( 'NONE', #4780, #9599 ) ;
#407 = EDGE_LOOP ( 'NONE', ( #4671, #5877, #4169, #10028 ) ) ;
#408 = ORIENTED_EDGE ( 'NONE', *, *, #1198, .T. ) ;
#409 = ORIENTED_EDGE ( 'NONE', *, *, #7108, .T. ) ;
#410 = ORIENTED_EDGE ( 'NONE', *, *, #3281, .F. ) ;
#411 = EDGE_CURVE ( 'NONE', #5264, #6007, #4797, .T. ) ;
#412 = CARTESIAN_POINT ( 'NONE',  ( -14.06788286210058914, 20.78641401289932134, 1.500000000000000444 ) ) ;
#413 = LINE ( 'NONE', #4461, #7184 ) ;
#414 = EDGE_LOOP ( 'NONE', ( #1617, #5741, #4557, #8141 ) ) ;
#415 = ADVANCED_FACE ( 'NONE', ( #6625 ), #5815, .F. ) ;
#416 = DIRECTION ( 'NONE',  ( -1.000000000000000000, 0.000000000000000000, 0.000000000000000000 ) ) ;
#417 = CARTESIAN_POINT ( 'NONE',  ( -124.4178828621005835, 15.48641401289931885, 0.5000000000000004441 ) ) ;
#418 = PLANE ( 'NONE',  #8422 ) ;
#419 = VECTOR ( 'NONE', #1824, 1000.000000000000000 ) ;
#420 = ORIENTED_EDGE ( 'NONE', *, *, #4675, .T. ) ;
#421 = FACE_OUTER_BOUND ( 'NONE', #7460, .T. ) ;
#422 = ORIENTED_EDGE ( 'NONE', *, *, #6197, .F. ) ;
#423 = VERTEX_POINT ( 'NONE', #10605 ) ;
#424 = EDGE_CURVE ( 'NONE', #3985, #6582, #7430, .T. ) ;
#425 = VECTOR ( 'NONE', #1972, 1000.000000000000000 ) ;
#426 = AXIS2_PLACEMENT_3D ( 'NONE', #8514, #1076, #1130 ) ;
#427 = LINE ( 'NONE', #9371, #141 ) ;
#428 = DIRECTION ( 'NONE',  ( 6.938893903907228378E-15, 1.000000000000000000, -0.000000000000000000 ) ) ;
#429 = LINE ( 'NONE', #3719, #8408 ) ;
#430 = DIRECTION ( 'NONE',  ( 1.734723475976806902E-18, 1.000000000000000000, 0.000000000000000000 ) ) ;
#431 = ORIENTED_EDGE ( 'NONE', *, *, #7067, .F. ) ;
#432 = CARTESIAN_POINT ( 'NONE',  ( -61.79999999999984084, 20.85065487298236064, 2.500000000000000000 ) ) ;
#433 = LINE ( 'NONE', #6210, #9135 ) ;
#434 = EDGE_LOOP ( 'NONE', ( #1651, #9326, #9820, #7533, #4201, #8536, #4784, #4384, #5766, #7791 ) ) ;
#435 = VERTEX_POINT ( 'NONE', #8941 ) ;
#436 = AXIS2_PLACEMENT_3D ( 'NONE', #4240, #5902, #3327 ) ;
#437 = VECTOR ( 'NONE', #95, 1000.000000000000114 ) ;
#438 = ORIENTED_EDGE ( 'NONE', *, *, #3613, .F. ) ;
#439 = LINE ( 'NONE', #3193, #8297 ) ;
#440 = AXIS2_PLACEMENT_3D ( 'NONE', #9829, #8274, #4927 ) ;
#441 = CARTESIAN_POINT ( 'NONE',  ( 31.93211713789942507, 20.78641401289932134, 1.500000000000000444 ) ) ;
#442 = LINE ( 'NONE', #2820, #3377 ) ;
#443 = DIRECTION ( 'NONE',  ( -0.7071067811865597852, 0.7071067811865352493, 0.000000000000000000 ) ) ;
#444 = CARTESIAN_POINT ( 'NONE',  ( 7.182117137899429515, 15.48641401289931885, 0.5000000000000004441 ) ) ;
#445 = CARTESIAN_POINT ( 'NONE',  ( 0.000000000000000000, 11.05429687500001457, 0.000000000000000000 ) ) ;
#446 = ORIENTED_EDGE ( 'NONE', *, *, #2666, .T. ) ;
#447 = EDGE_CURVE ( 'NONE', #4192, #9835, #52, .T. ) ;
#448 = ORIENTED_EDGE ( 'NONE', *, *, #1278, .T. ) ;
#449 = EDGE_CURVE ( 'NONE', #7038, #8006, #5755, .T. ) ;
#450 = ORIENTED_EDGE ( 'NONE', *, *, #10465, .T. ) ;
#451 = VECTOR ( 'NONE', #368, 1000.000000000000000 ) ;
#452 = ORIENTED_EDGE ( 'NONE', *, *, #205, .T. ) ;
#453 = AXIS2_PLACEMENT_3D ( 'NONE', #5564, #662, #3192 ) ;
#454 = EDGE_CURVE ( 'NONE', #8693, #10093, #1667, .T. ) ;
#455 = PLANE ( 'NONE',  #7429 ) ;
#456 = DIRECTION ( 'NONE',  ( 0.000000000000000000, 0.000000000000000000, -1.000000000000000000 ) ) ;
#457 = PLANE ( 'NONE',  #8248 ) ;
#458 = CARTESIAN_POINT ( 'NONE',  ( 36.58211713789942365, 20.78641401289932134, 1.500000000000000444 ) ) ;
#459 = CARTESIAN_POINT ( 'NONE',  ( -137.7499999999999716, 13.90429687500000355, 6.000000000000000000 ) ) ;
#460 = ORIENTED_EDGE ( 'NONE', *, *, #5971, .T. ) ;
#461 = AXIS2_PLACEMENT_3D ( 'NONE', #4845, #5700, #4034 ) ;
#462 = CARTESIAN_POINT ( 'NONE',  ( -130.7500000000000000, 20.90065487298221214, 1.500000000000000444 ) ) ;
#463 = CARTESIAN_POINT ( 'NONE',  ( -100.7678828621005920, 20.78641401289932134, -2.999999999999999112 ) ) ;
#464 = VERTEX_POINT ( 'NONE', #2534 ) ;
#465 = ORIENTED_EDGE ( 'NONE', *, *, #7296, .T. ) ;
#466 = AXIS2_PLACEMENT_3D ( 'NONE', #3220, #8931, #3930 ) ;
#467 = VERTEX_POINT ( 'NONE', #7378 ) ;
#468 = ORIENTED_EDGE ( 'NONE', *, *, #4021, .F. ) ;
#469 = EDGE_CURVE ( 'NONE', #10337, #6813, #4146, .T. ) ;
#470 = VECTOR ( 'NONE', #2795, 1000.000000000000000 ) ;
#471 = EDGE_CURVE ( 'NONE', #6546, #8973, #9046, .T. ) ;
#472 = CARTESIAN_POINT ( 'NONE',  ( -61.81788286210057493, 15.48641401289931885, 0.5000000000000004441 ) ) ;
#473 = VECTOR ( 'NONE', #1865, 1000.000000000000000 ) ;
#474 = CARTESIAN_POINT ( 'NONE',  ( -128.4784751358815242, 13.13641401289931920, 1.500000000000000444 ) ) ;
#475 = ORIENTED_EDGE ( 'NONE', *, *, #5251, .T. ) ;
#476 = DIRECTION ( 'NONE',  ( 1.000000000000000000, 0.000000000000000000, 0.000000000000000000 ) ) ;
#477 = CARTESIAN_POINT ( 'NONE',  ( -128.4178828621005835, 22.78641401289931778, 0.5000000000000004441 ) ) ;
#478 = PLANE ( 'NONE',  #2752 ) ;
#479 = VERTEX_POINT ( 'NONE', #6525 ) ;
#480 = LINE ( 'NONE', #7968, #635 ) ;
#481 = EDGE_LOOP ( 'NONE', ( #6812, #6725, #2678, #6223 ) ) ;
#482 = ORIENTED_EDGE ( 'NONE', *, *, #907, .F. ) ;
#483 = VECTOR ( 'NONE', #108, 1000.000000000000000 ) ;
#484 = EDGE_CURVE ( 'NONE', #2228, #722, #2, .T. ) ;
#485 = CARTESIAN_POINT ( 'NONE',  ( 13.58211713789943254, 15.48641401289931885, 0.5000000000000004441 ) ) ;
#486 = LINE ( 'NONE', #3718, #7176 ) ;
#487 = VECTOR ( 'NONE', #860, 1000.000000000000000 ) ;
#488 = DIRECTION ( 'NONE',  ( 0.000000000000000000, -0.000000000000000000, -1.000000000000000000 ) ) ;
#489 = PLANE ( 'NONE',  #4559 ) ;
#490 = LINE ( 'NONE', #7171, #1515 ) ;
#491 = DIRECTION ( 'NONE',  ( -0.000000000000000000, -0.000000000000000000, 1.000000000000000000 ) ) ;
#492 = DIRECTION ( 'NONE',  ( 1.000000000000000000, 0.000000000000000000, 0.000000000000000000 ) ) ;
#493 = VERTEX_POINT ( 'NONE', #9747 ) ;
#494 = EDGE_CURVE ( 'NONE', #575, #6057, #3284, .T. ) ;
#495 = ORIENTED_EDGE ( 'NONE', *, *, #1783, .T. ) ;
#496 = VECTOR ( 'NONE', #6601, 1000.000000000000000 ) ;
#497 = ORIENTED_EDGE ( 'NONE', *, *, #713, .F. ) ;
#498 = CARTESIAN_POINT ( 'NONE',  ( 45.85000000000000142, 10.65429687500000355, 5.000000000000000000 ) ) ;
#499 = CARTESIAN_POINT ( 'NONE',  ( 32.52152486411844023, 23.17217973710065948, 1.500000000000000444 ) ) ;
#500 = CARTESIAN_POINT ( 'NONE',  ( -52.38211713789925028, 16.07582173911838197, 1.500000000000000444 ) ) ;
#501 = FACE_OUTER_BOUND ( 'NONE', #9978, .T. ) ;
#502 = VECTOR ( 'NONE', #3055, 1000.000000000000114 ) ;
#503 = DIRECTION ( 'NONE',  ( 0.7071067811865479058, -0.7071067811865470176, -1.137307002876260060E-16 ) ) ;
#504 = LINE ( 'NONE', #6220, #7665 ) ;
#505 = DIRECTION ( 'NONE',  ( 0.000000000000000000, 1.000000000000000000, 0.000000000000000000 ) ) ;
#506 = ORIENTED_EDGE ( 'NONE', *, *, #6115, .T. ) ;
#507 = ORIENTED_EDGE ( 'NONE', *, *, #4278, .T. ) ;
#508 = ORIENTED_EDGE ( 'NONE', *, *, #3047, .F. ) ;
#509 = ORIENTED_EDGE ( 'NONE', *, *, #7112, .T. ) ;
#510 = AXIS2_PLACEMENT_3D ( 'NONE', #2235, #9497, #2122 ) ;
#511 = EDGE_CURVE ( 'NONE', #2091, #6018, #909, .T. ) ;
#512 = CARTESIAN_POINT ( 'NONE',  ( -55.32152486411831660, 13.13641401289931920, 6.000000000000000000 ) ) ;
#513 = DIRECTION ( 'NONE',  ( -1.000000000000000000, -0.000000000000000000, -0.000000000000000000 ) ) ;
#514 = CARTESIAN_POINT ( 'NONE',  ( -75.38211713789925739, 16.07582173911838197, 1.500000000000000444 ) ) ;
#515 = DIRECTION ( 'NONE',  ( 0.000000000000000000, -1.000000000000000000, 0.000000000000000000 ) ) ;
#516 = DIRECTION ( 'NONE',  ( -0.7071067811865474617, 0.000000000000000000, 0.7071067811865474617 ) ) ;
#517 = LINE ( 'NONE', #462, #2530 ) ;
#518 = EDGE_CURVE ( 'NONE', #3671, #9636, #697, .T. ) ;
#519 = CARTESIAN_POINT ( 'NONE',  ( 6.582117137899412995, 20.23277201088161448, 1.500000000000000444 ) ) ;
#520 = EDGE_LOOP ( 'NONE', ( #9956, #5289, #38, #7583 ) ) ;
#521 = ORIENTED_EDGE ( 'NONE', *, *, #2634, .T. ) ;
#522 = ORIENTED_EDGE ( 'NONE', *, *, #5005, .F. ) ;
#523 = ORIENTED_EDGE ( 'NONE', *, *, #9111, .T. ) ;
#524 = EDGE_CURVE ( 'NONE', #6212, #8043, #4196, .T. ) ;
#525 = DIRECTION ( 'NONE',  ( 0.000000000000000000, 0.000000000000000000, 1.000000000000000000 ) ) ;
#526 = DIRECTION ( 'NONE',  ( -0.000000000000000000, 0.000000000000000000, -1.000000000000000000 ) ) ;
#527 = EDGE_LOOP ( 'NONE', ( #8936, #3029, #3490, #6618 ) ) ;
#528 = LINE ( 'NONE', #4679, #3082 ) ;
#529 = DIRECTION ( 'NONE',  ( -1.000000000000000000, 0.000000000000000000, 0.000000000000000000 ) ) ;
#530 = ADVANCED_FACE ( 'NONE', ( #2425 ), #1562, .F. ) ;
#531 = FACE_OUTER_BOUND ( 'NONE', #10137, .T. ) ;
#532 = EDGE_LOOP ( 'NONE', ( #2168, #8308, #3829, #1021, #9810 ) ) ;
#533 = DIRECTION ( 'NONE',  ( -0.5773502691896257311, 0.5773502691896257311, -0.5773502691896257311 ) ) ;
#535 = EDGE_LOOP ( 'NONE', ( #5932, #8318, #10447, #1571 ) ) ;
#534 = VECTOR ( 'NONE', #9066, 1000.000000000000000 ) ;
#536 = EDGE_CURVE ( 'NONE', #3141, #10019, #9153, .T. ) ;
#537 = ORIENTED_EDGE ( 'NONE', *, *, #5005, .T. ) ;
#538 = VECTOR ( 'NONE', #4104, 1000.000000000000000 ) ;
#539 = CARTESIAN_POINT ( 'NONE',  ( 39.25000000000000000, 22.40429687500000355, 1.000000000000000000 ) ) ;
#540 = DIRECTION ( 'NONE',  ( -1.000000000000000000, 0.000000000000000000, 0.000000000000000000 ) ) ;
#541 = DIRECTION ( 'NONE',  ( -1.000000000000000000, 0.000000000000000000, -0.000000000000000000 ) ) ;
#542 = DIRECTION ( 'NONE',  ( 1.000000000000000000, -0.000000000000000000, -0.000000000000000000 ) ) ;
#543 = ADVANCED_FACE ( 'NONE', ( #5706 ), #3394, .F. ) ;
#544 = CARTESIAN_POINT ( 'NONE',  ( -85.41788286210059766, 16.07582173911837842, 6.000000000000000000 ) ) ;
#545 = LINE ( 'NONE', #4529, #6654 ) ;
#546 = LINE ( 'NONE', #3948, #9986 ) ;
#547 = ORIENTED_EDGE ( 'NONE', *, *, #3673, .T. ) ;
#548 = ORIENTED_EDGE ( 'NONE', *, *, #9318, .T. ) ;
#549 = AXIS2_PLACEMENT_3D ( 'NONE', #8905, #712, #65 ) ;
#550 = ORIENTED_EDGE ( 'NONE', *, *, #7690, .T. ) ;
#551 = AXIS2_PLACEMENT_3D ( 'NONE', #175, #7338, #1685 ) ;
#552 = EDGE_CURVE ( 'NONE', #10361, #8366, #1613, .T. ) ;
#553 = LINE ( 'NONE', #1305, #10606 ) ;
#554 = CARTESIAN_POINT ( 'NONE',  ( 32.58211713789940944, 22.78641401289931778, 0.5000000000000004441 ) ) ;
#555 = FACE_BOUND ( 'NONE', #5836, .T. ) ;
#556 = CARTESIAN_POINT ( 'NONE',  ( 31.93211713789942507, 20.78641401289932134, 1.500000000000000444 ) ) ;
#557 = DIRECTION ( 'NONE',  ( 0.000000000000000000, 0.000000000000000000, 1.000000000000000000 ) ) ;
#558 = ADVANCED_FACE ( 'NONE', ( #6573 ), #9849, .F. ) ;
#559 = LINE ( 'NONE', #6333, #3959 ) ;
#560 = LINE ( 'NONE', #4818, #271 ) ;
#561 = CARTESIAN_POINT ( 'NONE',  ( 14.23211713789943111, 15.48641401289931885, 0.000000000000000000 ) ) ;
#562 = EDGE_LOOP ( 'NONE', ( #9966, #3808, #9857, #5582, #5974, #4195 ) ) ;
#563 = PERSON_AND_ORGANIZATION_ROLE ( 'classification_officer' ) ;
#564 = EDGE_CURVE ( 'NONE', #3185, #6773, #6777, .T. ) ;
#565 = ORIENTED_EDGE ( 'NONE', *, *, #6120, .T. ) ;
#566 = ORIENTED_EDGE ( 'NONE', *, *, #8024, .F. ) ;
#567 = LINE ( 'NONE', #728, #10009 ) ;
#568 = PLANE ( 'NONE',  #7491 ) ;
#569 = DIRECTION ( 'NONE',  ( 1.000000000000000000, 0.000000000000000000, 0.000000000000000000 ) ) ;
#570 = CARTESIAN_POINT ( 'NONE',  ( -130.7500000000000000, 20.80448725967914925, 1.000000000000000000 ) ) ;
#571 = CARTESIAN_POINT ( 'NONE',  ( -130.7500000000000000, 13.90429687500000355, 1.000000000000000000 ) ) ;
#572 = FACE_OUTER_BOUND ( 'NONE', #7474, .T. ) ;
#573 = DIRECTION ( 'NONE',  ( -0.000000000000000000, -0.000000000000000000, 1.000000000000000000 ) ) ;
#574 = ORIENTED_EDGE ( 'NONE', *, *, #5891, .F. ) ;
#575 = VERTEX_POINT ( 'NONE', #2635 ) ;
#576 = VERTEX_POINT ( 'NONE', #5109 ) ;
#577 = ADVANCED_FACE ( 'NONE', ( #8448 ), #8496, .F. ) ;
#578 = FACE_OUTER_BOUND ( 'NONE', #6160, .T. ) ;
#579 = FACE_OUTER_BOUND ( 'NONE', #9809, .T. ) ;
#580 = EDGE_LOOP ( 'NONE', ( #7451, #6996, #3523, #3769 ) ) ;
#581 = PLANE ( 'NONE',  #10295 ) ;
#582 = LINE ( 'NONE', #8660, #6454 ) ;
#583 = LINE ( 'NONE', #1343, #1 ) ;
#584 = VERTEX_POINT ( 'NONE', #4254 ) ;
#585 = LINE ( 'NONE', #3875, #977 ) ;
#586 = ORIENTED_EDGE ( 'NONE', *, *, #10416, .T. ) ;
#587 = EDGE_CURVE ( 'NONE', #2952, #3141, #1062, .T. ) ;
#588 = ORIENTED_EDGE ( 'NONE', *, *, #8768, .F. ) ;
#589 = ADVANCED_FACE ( 'NONE', ( #209 ), #2848, .F. ) ;
#590 = EDGE_CURVE ( 'NONE', #748, #4441, #4305, .T. ) ;
#591 = CARTESIAN_POINT ( 'NONE',  ( 46.25000000000000000, 25.65429687500000355, 0.4000000000000114575 ) ) ;
#592 = DIRECTION ( 'NONE',  ( 1.000000000000000000, 0.000000000000000000, -0.000000000000000000 ) ) ;
#593 = EDGE_CURVE ( 'NONE', #788, #4442, #3446, .T. ) ;
#594 = VECTOR ( 'NONE', #4516, 1000.000000000000000 ) ;
#595 = DIRECTION ( 'NONE',  ( 0.000000000000000000, 0.7071067811865479058, 0.7071067811865472397 ) ) ;
#596 = CARTESIAN_POINT ( 'NONE',  ( -129.0678828621005891, 15.48641401289931885, 0.000000000000000000 ) ) ;
#597 = DIRECTION ( 'NONE',  ( 0.000000000000000000, -0.000000000000000000, 1.000000000000000000 ) ) ;
#598 = CARTESIAN_POINT ( 'NONE',  ( -137.5499999999999829, 10.85429687500000995, 0.2000000000000057565 ) ) ;
#599 = CARTESIAN_POINT ( 'NONE',  ( 39.25000000000000000, 13.15429687500000355, 4.000000000000000000 ) ) ;
#600 = VERTEX_POINT ( 'NONE', #9306 ) ;
#601 = ORIENTED_EDGE ( 'NONE', *, *, #8891, .T. ) ;
#602 = ORIENTED_EDGE ( 'NONE', *, *, #5754, .F. ) ;
#603 = VECTOR ( 'NONE', #2134, 1000.000000000000114 ) ;
#604 = VECTOR ( 'NONE', #4815, 1000.000000000000000 ) ;
#605 = EDGE_CURVE ( 'NONE', #6018, #9159, #6731, .T. ) ;
#606 = FACE_OUTER_BOUND ( 'NONE', #8396, .T. ) ;
#607 = PLANE ( 'NONE',  #3307 ) ;
#608 = DIRECTION ( 'NONE',  ( 1.000000000000000000, 0.000000000000000000, 0.000000000000000000 ) ) ;
#609 = CARTESIAN_POINT ( 'NONE',  ( -129.0678828621005891, 20.78641401289932134, -2.999999999999999112 ) ) ;
#610 = CARTESIAN_POINT ( 'NONE',  ( 13.58211713789943254, 20.78641401289932134, 0.5000000000000004441 ) ) ;
#611 = VECTOR ( 'NONE', #10530, 1000.000000000000000 ) ;
#612 = CARTESIAN_POINT ( 'NONE',  ( -82.41788286210059766, 13.48641401289931885, 0.5000000000000004441 ) ) ;
#613 = CARTESIAN_POINT ( 'NONE',  ( 39.00000000000000711, 20.85065487298235709, 4.000000000000000000 ) ) ;
#614 = CARTESIAN_POINT ( 'NONE',  ( 39.25000000000000000, 22.40429687500000355, 1.000000000000000000 ) ) ;
#615 = ORIENTED_EDGE ( 'NONE', *, *, #9945, .T. ) ;
#616 = VECTOR ( 'NONE', #1381, 1000.000000000000000 ) ;
#617 = VERTEX_POINT ( 'NONE', #2685 ) ;
#618 = VERTEX_POINT ( 'NONE', #6886 ) ;
#619 = EDGE_CURVE ( 'NONE', #6583, #3940, #5214, .T. ) ;
#620 = VECTOR ( 'NONE', #4652, 1000.000000000000000 ) ;
#621 = VECTOR ( 'NONE', #7500, 1000.000000000000000 ) ;
#622 = FACE_OUTER_BOUND ( 'NONE', #5977, .T. ) ;
#623 = PLANE ( 'NONE',  #8525 ) ;
#624 = LINE ( 'NONE', #8757, #3774 ) ;
#625 = DIRECTION ( 'NONE',  ( -0.000000000000000000, 0.000000000000000000, 1.000000000000000000 ) ) ;
#626 = CARTESIAN_POINT ( 'NONE',  ( -37.06788286210058203, 15.48641401289931885, 1.500000000000000444 ) ) ;
#627 = EDGE_LOOP ( 'NONE', ( #1897, #1315, #7093, #3313, #10248, #2517, #6585, #7219, #8884, #7345, #799 ) ) ;
#628 = CARTESIAN_POINT ( 'NONE',  ( -137.7499999999999716, 15.45793887701764291, 3.999999999999999112 ) ) ;
#629 = ORIENTED_EDGE ( 'NONE', *, *, #987, .T. ) ;
#630 = EDGE_CURVE ( 'NONE', #2643, #8546, #961, .T. ) ;
#631 = VECTOR ( 'NONE', #8516, 999.9999999999998863 ) ;
#632 = ORIENTED_EDGE ( 'NONE', *, *, #9425, .T. ) ;
#633 = EDGE_LOOP ( 'NONE', ( #5795, #4346, #8269, #10571, #1721, #2344 ) ) ;
#634 = VECTOR ( 'NONE', #8177, 1000.000000000000000 ) ;
#635 = VECTOR ( 'NONE', #3827, 1000.000000000000000 ) ;
#636 = CARTESIAN_POINT ( 'NONE',  ( -100.7678828621005920, 15.50448725967913610, 0.5000000000000004441 ) ) ;
#637 = CARTESIAN_POINT ( 'NONE',  ( -9.321524864118316600, 23.17217973710065948, 1.500000000000000444 ) ) ;
#638 = ORIENTED_EDGE ( 'NONE', *, *, #2804, .T. ) ;
#639 = CARTESIAN_POINT ( 'NONE',  ( -137.7499999999999716, 10.65429687500000355, 5.000000000000000000 ) ) ;
#640 = CARTESIAN_POINT ( 'NONE',  ( 29.58211713789940589, 20.23277201088161448, 1.500000000000000444 ) ) ;
#641 = AXIS2_PLACEMENT_3D ( 'NONE', #9115, #4911, #120 ) ;
#642 = DIRECTION ( 'NONE',  ( -0.7071067811865462405, -0.7071067811865489050, 0.000000000000000000 ) ) ;
#643 = EDGE_LOOP ( 'NONE', ( #4905, #4089, #892, #550 ) ) ;
#644 = DIRECTION ( 'NONE',  ( -0.000000000000000000, -0.000000000000000000, 1.000000000000000000 ) ) ;
#645 = ORIENTED_EDGE ( 'NONE', *, *, #10165, .T. ) ;
#646 = ORIENTED_EDGE ( 'NONE', *, *, #785, .T. ) ;
#647 = VECTOR ( 'NONE', #2742, 1000.000000000000000 ) ;
#648 = DIRECTION ( 'NONE',  ( 1.000000000000000000, -1.734723475976806902E-18, 0.000000000000000000 ) ) ;
#649 = DIRECTION ( 'NONE',  ( -0.000000000000000000, -0.000000000000000000, 1.000000000000000000 ) ) ;
#650 = CARTESIAN_POINT ( 'NONE',  ( 9.582117137899414772, 13.48641401289931885, 1.500000000000000444 ) ) ;
#651 = LINE ( 'NONE', #2972, #6975 ) ;
#652 = ADVANCED_FACE ( 'NONE', ( #9197 ), #10010, .F. ) ;
#653 = VECTOR ( 'NONE', #3717, 1000.000000000000000 ) ;
#654 = DIRECTION ( 'NONE',  ( 2.790120544412910805E-34, 1.608394988049504315E-16, -1.000000000000000000 ) ) ;
#655 = FACE_OUTER_BOUND ( 'NONE', #9870, .T. ) ;
#656 = DIRECTION ( 'NONE',  ( 1.000000000000000000, 0.000000000000000000, 0.000000000000000000 ) ) ;
#657 = ORIENTED_EDGE ( 'NONE', *, *, #4860, .F. ) ;
#658 = VECTOR ( 'NONE', #4088, 1000.000000000000000 ) ;
#659 = EDGE_CURVE ( 'NONE', #4793, #4587, #5161, .T. ) ;
#660 = EDGE_LOOP ( 'NONE', ( #7133, #4362, #2740, #3698, #10196, #9579, #7615, #7318, #2865, #4921, #842 ) ) ;
#661 = EDGE_LOOP ( 'NONE', ( #1706, #10051, #2898, #8459, #10174, #431, #7730, #9343, #8564, #1395 ) ) ;
#662 = DIRECTION ( 'NONE',  ( 9.183830166936036979E-17, -1.000000000000000000, 0.000000000000000000 ) ) ;
#663 = EDGE_CURVE ( 'NONE', #4658, #6931, #2043, .T. ) ;
#664 = CARTESIAN_POINT ( 'NONE',  ( 32.52152486411846866, 13.13641401289931920, 1.500000000000000444 ) ) ;
#665 = CARTESIAN_POINT ( 'NONE',  ( 29.58211713789940589, 16.07582173911837842, 1.500000000000000444 ) ) ;
#666 = CARTESIAN_POINT ( 'NONE',  ( 46.00000000000000000, 0.000000000000000000, 0.5000000000000004441 ) ) ;
#667 = CARTESIAN_POINT ( 'NONE',  ( 39.00000000000000711, 15.45793887701764291, 1.500000000000000444 ) ) ;
#668 = CARTESIAN_POINT ( 'NONE',  ( -37.06788286210058203, 20.78641401289932134, 0.5000000000000004441 ) ) ;
#669 = CARTESIAN_POINT ( 'NONE',  ( -128.4178828621005835, 13.48641401289931885, 0.5000000000000004441 ) ) ;
#670 = ORIENTED_EDGE ( 'NONE', *, *, #3918, .T. ) ;
#671 = EDGE_CURVE ( 'NONE', #3985, #3016, #7692, .T. ) ;
#672 = EDGE_CURVE ( 'NONE', #10308, #8989, #9358, .T. ) ;
#673 = ORIENTED_EDGE ( 'NONE', *, *, #6420, .F. ) ;
#674 = VECTOR ( 'NONE', #5683, 1000.000000000000000 ) ;
#675 = CARTESIAN_POINT ( 'NONE',  ( 0.000000000000000000, 22.90429687500000355, 0.3499999999999999223 ) ) ;
#676 = LINE ( 'NONE', #7297, #99 ) ;
#677 = DIRECTION ( 'NONE',  ( 1.000000000000000000, 0.000000000000000000, -0.000000000000000000 ) ) ;
#678 = LINE ( 'NONE', #8004, #9553 ) ;
#679 = LINE ( 'NONE', #7252, #5426 ) ;
#680 = VERTEX_POINT ( 'NONE', #1982 ) ;
#681 = ADVANCED_FACE ( 'NONE', ( #4460 ), #3654, .F. ) ;
#682 = CARTESIAN_POINT ( 'NONE',  ( -7.000000000000006217, 15.45793887701764291, 2.499999999999999112 ) ) ;
#683 = ORIENTED_EDGE ( 'NONE', *, *, #8296, .T. ) ;
#684 = VECTOR ( 'NONE', #10034, 1000.000000000000000 ) ;
#685 = ORIENTED_EDGE ( 'NONE', *, *, #4739, .T. ) ;
#686 = ORIENTED_EDGE ( 'NONE', *, *, #3742, .T. ) ;
#687 = ADVANCED_FACE ( 'NONE', ( #10216 ), #6132, .F. ) ;
#688 = PLANE ( 'NONE',  #3054 ) ;
#689 = LINE ( 'NONE', #5745, #1850 ) ;
#690 = DIRECTION ( 'NONE',  ( -0.000000000000000000, 0.000000000000000000, 1.000000000000000000 ) ) ;
#691 = DIRECTION ( 'NONE',  ( 0.7071067811865479058, -0.7071067811865470176, 0.000000000000000000 ) ) ;
#692 = CARTESIAN_POINT ( 'NONE',  ( -76.01788286210057777, 20.78641401289932134, 1.500000000000000444 ) ) ;
#693 = ORIENTED_EDGE ( 'NONE', *, *, #3432, .F. ) ;
#694 = LINE ( 'NONE', #5751, #1496 ) ;
#695 = ORIENTED_EDGE ( 'NONE', *, *, #781, .T. ) ;
#696 = ORIENTED_EDGE ( 'NONE', *, *, #7440, .T. ) ;
#697 = LINE ( 'NONE', #857, #8397 ) ;
#698 = DIRECTION ( 'NONE',  ( 0.000000000000000000, 1.000000000000000000, 0.000000000000000000 ) ) ;
#699 = LINE ( 'NONE', #5445, #3760 ) ;
#700 = VECTOR ( 'NONE', #2181, 1000.000000000000000 ) ;
#701 = PLANE ( 'NONE',  #10071 ) ;
#702 = CARTESIAN_POINT ( 'NONE',  ( -8.767882862100590202, 15.50448725967913610, 0.5000000000000004441 ) ) ;
#703 = CARTESIAN_POINT ( 'NONE',  ( -128.4178828621005835, 13.48641401289931885, 1.500000000000000444 ) ) ;
#704 = DIRECTION ( 'NONE',  ( -1.000000000000000000, -8.163404592832032733E-17, 0.000000000000000000 ) ) ;
#705 = VERTEX_POINT ( 'NONE', #10272 ) ;
#706 = ORIENTED_EDGE ( 'NONE', *, *, #8423, .F. ) ;
#707 = ORIENTED_EDGE ( 'NONE', *, *, #1044, .T. ) ;
#708 = VERTEX_POINT ( 'NONE', #7209 ) ;
#709 = VECTOR ( 'NONE', #9965, 1000.000000000000000 ) ;
#710 = ADVANCED_FACE ( 'NONE', ( #8712 ), #6989, .F. ) ;
#711 = CARTESIAN_POINT ( 'NONE',  ( -128.4784751358815527, 23.17217973710065948, 6.000000000000000000 ) ) ;
#712 = DIRECTION ( 'NONE',  ( -0.7071067811865489050, 0.7071067811865462405, 0.000000000000000000 ) ) ;
#713 = EDGE_CURVE ( 'NONE', #722, #855, #5430, .T. ) ;
#714 = CARTESIAN_POINT ( 'NONE',  ( -130.8178828621005891, 20.80448725967914925, 0.5000000000000004441 ) ) ;
#715 = CARTESIAN_POINT ( 'NONE',  ( -101.3215248641183308, 13.13641401289931920, 6.000000000000000000 ) ) ;
#716 = DIRECTION ( 'NONE',  ( 1.000000000000000000, 0.000000000000000000, 0.000000000000000000 ) ) ;
#717 = DIRECTION ( 'NONE',  ( 6.938893903907228378E-15, 1.000000000000000000, -0.000000000000000000 ) ) ;
#718 = VECTOR ( 'NONE', #5842, 1000.000000000000000 ) ;
#719 = LINE ( 'NONE', #7290, #1744 ) ;
#720 = EDGE_LOOP ( 'NONE', ( #7655, #7218, #10363, #2696 ) ) ;
#721 = APPROVAL_DATE_TIME ( #8913, #8420 ) ;
#722 = VERTEX_POINT ( 'NONE', #636 ) ;
#723 = VECTOR ( 'NONE', #8101, 1000.000000000000000 ) ;
#724 = EDGE_CURVE ( 'NONE', #2038, #435, #3068, .T. ) ;
#725 = VERTEX_POINT ( 'NONE', #1337 ) ;
#726 = EDGE_CURVE ( 'NONE', #129, #4192, #9634, .T. ) ;
#727 = VECTOR ( 'NONE', #5732, 1000.000000000000000 ) ;
#728 = CARTESIAN_POINT ( 'NONE',  ( -105.4178828621005977, 15.48641401289931885, 0.5000000000000004441 ) ) ;
#729 = CARTESIAN_POINT ( 'NONE',  ( -16.41788286210060832, 16.07582173911837486, 2.499999999999999112 ) ) ;
#730 = ADVANCED_FACE ( 'NONE', ( #578 ), #3867, .F. ) ;
#731 = PLANE ( 'NONE',  #3951 ) ;
#732 = DIRECTION ( 'NONE',  ( 1.000000000000000000, 0.000000000000000000, 0.000000000000000000 ) ) ;
#733 = CARTESIAN_POINT ( 'NONE',  ( -107.8178828621005891, 20.80448725967914925, 0.5000000000000004441 ) ) ;
#734 = ORIENTED_EDGE ( 'NONE', *, *, #6109, .F. ) ;
#735 = CARTESIAN_POINT ( 'NONE',  ( -13.47847513588154555, 13.13641401289931920, 6.000000000000000000 ) ) ;
#736 = ORIENTED_EDGE ( 'NONE', *, *, #2042, .T. ) ;
#737 = ORIENTED_EDGE ( 'NONE', *, *, #6926, .F. ) ;
#738 = VERTEX_POINT ( 'NONE', #2902 ) ;
#739 = ADVANCED_FACE ( 'NONE', ( #10378 ), #7150, .F. ) ;
#740 = FACE_OUTER_BOUND ( 'NONE', #6265, .T. ) ;
#741 = DIRECTION ( 'NONE',  ( 1.000000000000000000, -0.000000000000000000, -0.000000000000000000 ) ) ;
#742 = DIRECTION ( 'NONE',  ( 0.6785983445458343422, 0.6785983445458578789, -0.2810846377148250586 ) ) ;
#743 = CARTESIAN_POINT ( 'NONE',  ( 39.25000000000000000, 13.15429687500000355, 6.000000000000000000 ) ) ;
#744 = LINE ( 'NONE', #3225, #4768 ) ;
#745 = ORIENTED_EDGE ( 'NONE', *, *, #2102, .F. ) ;
#746 = DIRECTION ( 'NONE',  ( 0.000000000000000000, 0.000000000000000000, -1.000000000000000000 ) ) ;
#747 = ORIENTED_EDGE ( 'NONE', *, *, #1576, .F. ) ;
#748 = VERTEX_POINT ( 'NONE', #5322 ) ;
#749 = EDGE_CURVE ( 'NONE', #10139, #1630, #9466, .T. ) ;
#750 = DIRECTION ( 'NONE',  ( 0.000000000000000000, -0.000000000000000000, -1.000000000000000000 ) ) ;
#751 = CARTESIAN_POINT ( 'NONE',  ( -7.017882862100588426, 20.78641401289932134, 0.5000000000000004441 ) ) ;
#752 = LINE ( 'NONE', #3286, #5131 ) ;
#753 = VERTEX_POINT ( 'NONE', #6298 ) ;
#754 = CARTESIAN_POINT ( 'NONE',  ( -105.4784751358815669, 23.17217973710065948, 1.500000000000000444 ) ) ;
#755 = CARTESIAN_POINT ( 'NONE',  ( -135.9999999999999716, 13.15429687500000355, 0.2500000000000000000 ) ) ;
#756 = EDGE_LOOP ( 'NONE', ( #8832, #1046, #5959, #206 ) ) ;
#757 = VERTEX_POINT ( 'NONE', #10437 ) ;
#758 = EDGE_CURVE ( 'NONE', #5753, #9383, #7853, .T. ) ;
#759 = ORIENTED_EDGE ( 'NONE', *, *, #7536, .F. ) ;
#760 = LINE ( 'NONE', #8147, #5106 ) ;
#761 = LINE ( 'NONE', #5670, #5886 ) ;
#762 = CARTESIAN_POINT ( 'NONE',  ( -36.47847513588153845, 13.13641401289931920, 6.000000000000000000 ) ) ;
#763 = CARTESIAN_POINT ( 'NONE',  ( -54.76788286210057777, 15.50448725967913610, 0.5000000000000004441 ) ) ;
#764 = LINE ( 'NONE', #6489, #6534 ) ;
#765 = FACE_OUTER_BOUND ( 'NONE', #6364, .T. ) ;
#766 = DIRECTION ( 'NONE',  ( -1.000000000000000000, 0.000000000000000000, 0.000000000000000000 ) ) ;
#767 = ORIENTED_EDGE ( 'NONE', *, *, #6215, .T. ) ;
#768 = VERTEX_POINT ( 'NONE', #8013 ) ;
#769 = VECTOR ( 'NONE', #8336, 1000.000000000000000 ) ;
#770 = VECTOR ( 'NONE', #2338, 1000.000000000000000 ) ;
#771 = ORIENTED_EDGE ( 'NONE', *, *, #2625, .T. ) ;
#772 = AXIS2_PLACEMENT_3D ( 'NONE', #2579, #2786, #4243 ) ;
#773 = VECTOR ( 'NONE', #7007, 1000.000000000000000 ) ;
#774 = DIRECTION ( 'NONE',  ( 0.7071067811865474617, 0.7071067811865474617, 0.000000000000000000 ) ) ;
#775 = CARTESIAN_POINT ( 'NONE',  ( -85.41788286210059766, 16.07582173911837842, 4.000000000000000000 ) ) ;
#776 = CARTESIAN_POINT ( 'NONE',  ( 32.52152486411844023, 23.17217973710065948, 1.500000000000000444 ) ) ;
#777 = DIRECTION ( 'NONE',  ( 0.000000000000000000, -1.000000000000000000, 0.000000000000000000 ) ) ;
#778 = ADVANCED_FACE ( 'NONE', ( #3817 ), #9577, .F. ) ;
#779 = DIRECTION ( 'NONE',  ( -1.000000000000000000, 0.000000000000000000, -0.000000000000000000 ) ) ;
#780 = VERTEX_POINT ( 'NONE', #2092 ) ;
#781 = EDGE_CURVE ( 'NONE', #8643, #6856, #6242, .T. ) ;
#782 = CARTESIAN_POINT ( 'NONE',  ( -124.4178828621005977, 22.78641401289931778, 1.500000000000000444 ) ) ;
#783 = ORIENTED_EDGE ( 'NONE', *, *, #1081, .F. ) ;
#784 = ORIENTED_EDGE ( 'NONE', *, *, #4065, .T. ) ;
#785 = EDGE_CURVE ( 'NONE', #6636, #9693, #2203, .T. ) ;
#786 = VECTOR ( 'NONE', #3471, 1000.000000000000000 ) ;
#787 = VECTOR ( 'NONE', #4829, 1000.000000000000000 ) ;
#788 = VERTEX_POINT ( 'NONE', #472 ) ;
#789 = EDGE_CURVE ( 'NONE', #4495, #6184, #3703, .T. ) ;
#790 = DIRECTION ( 'NONE',  ( 2.790120544412910805E-34, 1.608394988049504315E-16, -1.000000000000000000 ) ) ;
#791 = ADVANCED_FACE ( 'NONE', ( #5375 ), #5486, .F. ) ;
#792 = LINE ( 'NONE', #7419, #1845 ) ;
#793 = LINE ( 'NONE', #6673, #4977 ) ;
#794 = FACE_OUTER_BOUND ( 'NONE', #6006, .T. ) ;
#795 = VECTOR ( 'NONE', #177, 1000.000000000000000 ) ;
#796 = PLANE ( 'NONE',  #2872 ) ;
#797 = ORIENTED_EDGE ( 'NONE', *, *, #5919, .T. ) ;
#798 = DIRECTION ( 'NONE',  ( 0.000000000000000000, 0.000000000000000000, -1.000000000000000000 ) ) ;
#799 = ORIENTED_EDGE ( 'NONE', *, *, #6947, .F. ) ;
#800 = ADVANCED_FACE ( 'NONE', ( #8770 ), #9839, .F. ) ;
#801 = ORIENTED_EDGE ( 'NONE', *, *, #8354, .F. ) ;
#802 = ADVANCED_FACE ( 'NONE', ( #9088 ), #3381, .F. ) ;
#803 = VECTOR ( 'NONE', #5179, 1000.000000000000000 ) ;
#804 = CARTESIAN_POINT ( 'NONE',  ( 138.0000000000000000, 15.48641401289931885, 0.000000000000000000 ) ) ;
#805 = VECTOR ( 'NONE', #428, 1000.000000000000000 ) ;
#806 = CARTESIAN_POINT ( 'NONE',  ( 39.25000000000000000, 22.40429687500000355, 1.000000000000000000 ) ) ;
#807 = CARTESIAN_POINT ( 'NONE',  ( -105.4784751358815669, 23.17217973710065948, 1.500000000000000444 ) ) ;
#808 = DIRECTION ( 'NONE',  ( 0.000000000000000000, -0.000000000000000000, 1.000000000000000000 ) ) ;
#809 = EDGE_LOOP ( 'NONE', ( #10537, #10333, #3786, #1558, #8471, #2253, #7756, #645 ) ) ;
#810 = CARTESIAN_POINT ( 'NONE',  ( -84.81788286210058914, 15.48641401289931885, 0.5000000000000004441 ) ) ;
#811 = PLANE ( 'NONE',  #6043 ) ;
#812 = ORIENTED_EDGE ( 'NONE', *, *, #4314, .F. ) ;
#813 = VECTOR ( 'NONE', #8778, 1000.000000000000000 ) ;
#814 = ADVANCED_FACE ( 'NONE', ( #740 ), #7418, .F. ) ;
#815 = ORIENTED_EDGE ( 'NONE', *, *, #9534, .F. ) ;
#816 = AXIS2_PLACEMENT_3D ( 'NONE', #1983, #5431, #10326 ) ;
#817 = ORIENTED_EDGE ( 'NONE', *, *, #3813, .T. ) ;
#818 = AXIS2_PLACEMENT_3D ( 'NONE', #6075, #1932, #1821 ) ;
#819 = LINE ( 'NONE', #4109, #7688 ) ;
#820 = PLANE ( 'NONE',  #3469 ) ;
#821 = AXIS2_PLACEMENT_3D ( 'NONE', #9646, #2158, #7110 ) ;
#822 = CARTESIAN_POINT ( 'NONE',  ( -137.7499999999999716, 15.45793887701764291, 2.499999999999999112 ) ) ;
#823 = EDGE_CURVE ( 'NONE', #4869, #4685, #5800, .T. ) ;
#824 = LINE ( 'NONE', #7396, #604 ) ;
#825 = AXIS2_PLACEMENT_3D ( 'NONE', #3124, #9690, #1766 ) ;
#826 = LINE ( 'NONE', #10472, #9453 ) ;
#827 = FACE_OUTER_BOUND ( 'NONE', #3840, .T. ) ;
#828 = DIRECTION ( 'NONE',  ( -0.7071067811865489050, 0.7071067811865462405, 0.000000000000000000 ) ) ;
#829 = ORIENTED_EDGE ( 'NONE', *, *, #5224, .T. ) ;
#830 = ORIENTED_EDGE ( 'NONE', *, *, #1081, .T. ) ;
#831 = ORIENTED_EDGE ( 'NONE', *, *, #3432, .T. ) ;
#832 = LINE ( 'NONE', #4226, #208 ) ;
#833 = DIRECTION ( 'NONE',  ( -0.000000000000000000, -1.000000000000000000, -0.000000000000000000 ) ) ;
#834 = VECTOR ( 'NONE', #2798, 1000.000000000000000 ) ;
#835 = CARTESIAN_POINT ( 'NONE',  ( -60.06788286210057493, 20.78641401289932134, 0.000000000000000000 ) ) ;
#836 = LINE ( 'NONE', #3370, #6481 ) ;
#837 = FACE_OUTER_BOUND ( 'NONE', #8573, .T. ) ;
#838 = ORIENTED_EDGE ( 'NONE', *, *, #6861, .F. ) ;
#839 = CARTESIAN_POINT ( 'NONE',  ( -16.41788286210060832, 20.23277201088161448, 1.500000000000000444 ) ) ;
#840 = EDGE_LOOP ( 'NONE', ( #10007, #959, #2598, #9278 ) ) ;
#841 = ORIENTED_EDGE ( 'NONE', *, *, #3815, .T. ) ;
#842 = ORIENTED_EDGE ( 'NONE', *, *, #3312, .F. ) ;
#843 = VECTOR ( 'NONE', #9563, 1000.000000000000000 ) ;
#844 = EDGE_CURVE ( 'NONE', #5359, #6893, #4839, .T. ) ;
#845 = CARTESIAN_POINT ( 'NONE',  ( -54.76788286210057777, 20.78641401289932134, 0.5000000000000004441 ) ) ;
#846 = DIRECTION ( 'NONE',  ( 0.7071067811865479058, -0.7071067811865470176, 0.000000000000000000 ) ) ;
#847 = CARTESIAN_POINT ( 'NONE',  ( -8.767882862100590202, 20.78641401289932134, -2.999999999999999112 ) ) ;
#848 = EDGE_CURVE ( 'NONE', #5232, #4401, #2307, .T. ) ;
#849 = DIRECTION ( 'NONE',  ( -0.000000000000000000, -1.000000000000000000, -0.000000000000000000 ) ) ;
#850 = PLANE ( 'NONE',  #8501 ) ;
#851 = AXIS2_PLACEMENT_3D ( 'NONE', #3903, #2932, #6101 ) ;
#852 = DIRECTION ( 'NONE',  ( 0.000000000000000000, 0.000000000000000000, -1.000000000000000000 ) ) ;
#853 = ORIENTED_EDGE ( 'NONE', *, *, #189, .F. ) ;
#854 = DIRECTION ( 'NONE',  ( -1.000000000000000000, 0.000000000000000000, 0.000000000000000000 ) ) ;
#855 = VERTEX_POINT ( 'NONE', #92 ) ;
#856 = VERTEX_POINT ( 'NONE', #4787 ) ;
#857 = CARTESIAN_POINT ( 'NONE',  ( -108.4178828621006119, 16.07582173911837842, 1.500000000000000444 ) ) ;
#858 = EDGE_CURVE ( 'NONE', #2037, #1152, #4028, .T. ) ;
#859 = PLANE ( 'NONE',  #7350 ) ;
#860 = DIRECTION ( 'NONE',  ( -0.000000000000000000, -0.000000000000000000, 1.000000000000000000 ) ) ;
#861 = CARTESIAN_POINT ( 'NONE',  ( -101.3215248641183308, 13.13641401289931920, 2.499999999999998668 ) ) ;
#862 = ADVANCED_FACE ( 'NONE', ( #3273 ), #1497, .T. ) ;
#863 = VERTEX_POINT ( 'NONE', #4185 ) ;
#864 = CARTESIAN_POINT ( 'NONE',  ( -128.4784751358815527, 23.17217973710065948, 6.000000000000000000 ) ) ;
#865 = CARTESIAN_POINT ( 'NONE',  ( -78.30364200201763936, 23.15429687499998934, 1.500000000000000444 ) ) ;
#866 = ORIENTED_EDGE ( 'NONE', *, *, #9996, .T. ) ;
#867 = ORIENTED_EDGE ( 'NONE', *, *, #3894, .F. ) ;
#868 = ORIENTED_EDGE ( 'NONE', *, *, #671, .F. ) ;
#869 = CARTESIAN_POINT ( 'NONE',  ( -98.38211713789927160, 20.23277201088161803, 2.500000000000000000 ) ) ;
#870 = EDGE_CURVE ( 'NONE', #6753, #102, #1711, .T. ) ;
#871 = DIRECTION ( 'NONE',  ( -6.938893903907233900E-15, 1.000000000000000000, 0.000000000000000000 ) ) ;
#872 = CARTESIAN_POINT ( 'NONE',  ( -128.4178828621005835, 20.78641401289932134, 1.500000000000000444 ) ) ;
#873 = LINE ( 'NONE', #7447, #8509 ) ;
#874 = DIRECTION ( 'NONE',  ( -0.000000000000000000, -0.000000000000000000, 1.000000000000000000 ) ) ;
#875 = DIRECTION ( 'NONE',  ( 0.000000000000000000, -0.000000000000000000, -1.000000000000000000 ) ) ;
#876 = DIRECTION ( 'NONE',  ( 0.000000000000000000, 1.000000000000000000, 1.608394988049504315E-16 ) ) ;
#877 = ORIENTED_EDGE ( 'NONE', *, *, #758, .T. ) ;
#878 = ORIENTED_EDGE ( 'NONE', *, *, #7170, .F. ) ;
#879 = ORIENTED_EDGE ( 'NONE', *, *, #4707, .F. ) ;
#880 = ADVANCED_FACE ( 'NONE', ( #2466 ), #3219, .F. ) ;
#881 = ADVANCED_FACE ( 'NONE', ( #9787 ), #688, .F. ) ;
#882 = AXIS2_PLACEMENT_3D ( 'NONE', #9206, #1828, #5116 ) ;
#883 = LINE ( 'NONE', #4173, #1589 ) ;
#884 = DIRECTION ( 'NONE',  ( 1.000000000000000000, -6.938893903907228378E-15, 0.000000000000000000 ) ) ;
#885 = AXIS2_PLACEMENT_3D ( 'NONE', #3530, #2728, #6718 ) ;
#886 = CARTESIAN_POINT ( 'NONE',  ( -124.4178828621005835, 20.78641401289932134, 1.500000000000000444 ) ) ;
#887 = LINE ( 'NONE', #6553, #8186 ) ;
#888 = DIRECTION ( 'NONE',  ( -0.000000000000000000, -0.000000000000000000, 1.000000000000000000 ) ) ;
#889 = VERTEX_POINT ( 'NONE', #8930 ) ;
#890 = EDGE_CURVE ( 'NONE', #1705, #1439, #5587, .T. ) ;
#891 = FACE_OUTER_BOUND ( 'NONE', #1445, .T. ) ;
#892 = ORIENTED_EDGE ( 'NONE', *, *, #4476, .F. ) ;
#893 = VERTEX_POINT ( 'NONE', #6612 ) ;
#894 = VECTOR ( 'NONE', #10153, 1000.000000000000000 ) ;
#895 = EDGE_CURVE ( 'NONE', #7805, #2228, #8073, .T. ) ;
#896 = EDGE_LOOP ( 'NONE', ( #5535, #333, #7054, #4045, #537, #8458, #7423, #10098 ) ) ;
#897 = PLANE ( 'NONE',  #7940 ) ;
#898 = CARTESIAN_POINT ( 'NONE',  ( -137.7499999999999716, 20.85065487298235709, 2.500000000000000000 ) ) ;
#899 = DIRECTION ( 'NONE',  ( 0.000000000000000000, 0.000000000000000000, -1.000000000000000000 ) ) ;
#900 = LINE ( 'NONE', #8237, #5838 ) ;
#901 = DIRECTION ( 'NONE',  ( 0.000000000000000000, -1.000000000000000000, 0.000000000000000000 ) ) ;
#902 = DIRECTION ( 'NONE',  ( 0.000000000000000000, 0.000000000000000000, 1.000000000000000000 ) ) ;
#903 = CARTESIAN_POINT ( 'NONE',  ( -36.47847513588153845, 13.13641401289931920, 1.500000000000000444 ) ) ;
#904 = ORIENTED_EDGE ( 'NONE', *, *, #1104, .T. ) ;
#905 = DIRECTION ( 'NONE',  ( 0.000000000000000000, 0.000000000000000000, -1.000000000000000000 ) ) ;
#906 = ORIENTED_EDGE ( 'NONE', *, *, #10504, .T. ) ;
#907 = EDGE_CURVE ( 'NONE', #10150, #10225, #3979, .T. ) ;
#908 = VERTEX_POINT ( 'NONE', #5744 ) ;
#909 = LINE ( 'NONE', #7325, #2202 ) ;
#910 = CARTESIAN_POINT ( 'NONE',  ( -78.32152486411831660, 13.13641401289931920, 1.500000000000000444 ) ) ;
#911 = LINE ( 'NONE', #807, #9439 ) ;
#912 = CARTESIAN_POINT ( 'NONE',  ( 30.18211713789942152, 15.48641401289931885, 0.5000000000000004441 ) ) ;
#913 = EDGE_CURVE ( 'NONE', #10512, #6319, #4886, .T. ) ;
#914 = ORIENTED_EDGE ( 'NONE', *, *, #2460, .T. ) ;
#915 = CARTESIAN_POINT ( 'NONE',  ( 7.182117137899429515, 15.48641401289931885, 1.500000000000000444 ) ) ;
#916 = DIRECTION ( 'NONE',  ( -1.000000000000000000, 0.000000000000000000, 0.000000000000000000 ) ) ;
#918 = ORIENTED_EDGE ( 'NONE', *, *, #5066, .T. ) ;
#917 = EDGE_CURVE ( 'NONE', #6431, #855, #8126, .T. ) ;
#919 = EDGE_CURVE ( 'NONE', #71, #1105, #8539, .T. ) ;
#920 = EDGE_LOOP ( 'NONE', ( #5107, #7305, #5890, #6918 ) ) ;
#921 = VERTEX_POINT ( 'NONE', #4338 ) ;
#922 = EDGE_CURVE ( 'NONE', #10134, #1976, #9240, .T. ) ;
#923 = CARTESIAN_POINT ( 'NONE',  ( 23.00000000000000000, 20.78641401289932134, 0.000000000000000000 ) ) ;
#924 = CARTESIAN_POINT ( 'NONE',  ( -14.06788286210058914, 20.78641401289932134, 0.000000000000000000 ) ) ;
#925 = CARTESIAN_POINT ( 'NONE',  ( -14.06788286210058914, 15.48641401289931885, 0.5000000000000004441 ) ) ;
#926 = PLANE ( 'NONE',  #5596 ) ;
#927 = DIRECTION ( 'NONE',  ( 6.938893903907228378E-15, 1.000000000000000000, 0.000000000000000000 ) ) ;
#928 = CARTESIAN_POINT ( 'NONE',  ( -59.41788286210059056, 20.78641401289932134, 0.5000000000000004441 ) ) ;
#929 = EDGE_LOOP ( 'NONE', ( #1899, #8317, #6635, #8444 ) ) ;
#930 = ORIENTED_EDGE ( 'NONE', *, *, #3354, .T. ) ;
#931 = ADVANCED_FACE ( 'NONE', ( #4239 ), #10102, .F. ) ;
#932 = EDGE_LOOP ( 'NONE', ( #4978, #116, #1196, #6802 ) ) ;
#933 = CARTESIAN_POINT ( 'NONE',  ( 16.61788286210075327, 20.23277201088161803, 1.500000000000000444 ) ) ;
#934 = DIRECTION ( 'NONE',  ( 1.000000000000000000, -1.734723475976806902E-18, -0.000000000000000000 ) ) ;
#935 = VECTOR ( 'NONE', #1283, 1000.000000000000000 ) ;
#936 = DIRECTION ( 'NONE',  ( -0.000000000000000000, 1.000000000000000000, 0.000000000000000000 ) ) ;
#937 = CARTESIAN_POINT ( 'NONE',  ( 0.000000000000000000, 0.000000000000000000, 0.000000000000000000 ) ) ;
#938 = FACE_OUTER_BOUND ( 'NONE', #216, .T. ) ;
#939 = ORIENTED_EDGE ( 'NONE', *, *, #4283, .F. ) ;
#940 = ORIENTED_EDGE ( 'NONE', *, *, #5250, .T. ) ;
#941 = ADVANCED_FACE ( 'NONE', ( #1917 ), #4293, .F. ) ;
#942 = ORIENTED_EDGE ( 'NONE', *, *, #5455, .T. ) ;
#943 = ORIENTED_EDGE ( 'NONE', *, *, #1968, .F. ) ;
#944 = VECTOR ( 'NONE', #9780, 1000.000000000000000 ) ;
#945 = VECTOR ( 'NONE', #10181, 1000.000000000000000 ) ;
#946 = FACE_OUTER_BOUND ( 'NONE', #4106, .T. ) ;
#947 = LINE ( 'NONE', #4447, #4079 ) ;
#948 = CARTESIAN_POINT ( 'NONE',  ( 45.84999999999998721, 11.05429687500001457, 0.000000000000000000 ) ) ;
#949 = CARTESIAN_POINT ( 'NONE',  ( -100.7678828621005920, 15.48641401289931885, -2.999999999999999112 ) ) ;
#950 = LINE ( 'NONE', #7527, #8522 ) ;
#951 = CARTESIAN_POINT ( 'NONE',  ( -13.41788286210060477, 13.48641401289931885, 0.5000000000000004441 ) ) ;
#952 = EDGE_CURVE ( 'NONE', #358, #9807, #9292, .T. ) ;
#953 = DIRECTION ( 'NONE',  ( -0.000000000000000000, -0.000000000000000000, 1.000000000000000000 ) ) ;
#954 = AXIS2_PLACEMENT_3D ( 'NONE', #1320, #10204, #9348 ) ;
#955 = ORIENTED_EDGE ( 'NONE', *, *, #1375, .F. ) ;
#956 = PLANE ( 'NONE',  #4081 ) ;
#957 = ORIENTED_EDGE ( 'NONE', *, *, #5971, .F. ) ;
#958 = VECTOR ( 'NONE', #4665, 1000.000000000000000 ) ;
#959 = ORIENTED_EDGE ( 'NONE', *, *, #6393, .F. ) ;
#960 = VECTOR ( 'NONE', #6437, 1000.000000000000000 ) ;
#961 = LINE ( 'NONE', #2741, #10452 ) ;
#962 = LINE ( 'NONE', #8299, #647 ) ;
#963 = CARTESIAN_POINT ( 'NONE',  ( -123.7678828621005778, 15.50448725967913610, 0.5000000000000004441 ) ) ;
#964 = CARTESIAN_POINT ( 'NONE',  ( -85.41788286210059766, 16.07582173911837842, 2.499999999999999112 ) ) ;
#965 = ORIENTED_EDGE ( 'NONE', *, *, #2460, .F. ) ;
#966 = DIRECTION ( 'NONE',  ( 0.000000000000000000, 0.000000000000000000, -1.000000000000000000 ) ) ;
#967 = CARTESIAN_POINT ( 'NONE',  ( -101.4178828621005977, 13.48641401289931885, 0.5000000000000004441 ) ) ;
#968 = ORIENTED_EDGE ( 'NONE', *, *, #1900, .T. ) ;
#969 = VERTEX_POINT ( 'NONE', #1156 ) ;
#970 = VECTOR ( 'NONE', #5275, 1000.000000000000000 ) ;
#971 = VERTEX_POINT ( 'NONE', #5203 ) ;
#972 = VECTOR ( 'NONE', #5749, 1000.000000000000000 ) ;
#973 = DIRECTION ( 'NONE',  ( 1.000000000000000000, -6.938893903907228378E-15, 0.000000000000000000 ) ) ;
#974 = EDGE_CURVE ( 'NONE', #9566, #5872, #8484, .T. ) ;
#975 = LINE ( 'NONE', #3459, #2368 ) ;
#976 = CARTESIAN_POINT ( 'NONE',  ( 31.93211713789942507, 20.78641401289932134, 0.5000000000000004441 ) ) ;
#977 = VECTOR ( 'NONE', #2963, 1000.000000000000000 ) ;
#978 = CARTESIAN_POINT ( 'NONE',  ( -83.06788286210057493, 20.78641401289932134, 0.000000000000000000 ) ) ;
#979 = EDGE_CURVE ( 'NONE', #5232, #575, #7523, .T. ) ;
#980 = LINE ( 'NONE', #6592, #2170 ) ;
#981 = CARTESIAN_POINT ( 'NONE',  ( -55.41788286210058345, 13.48641401289931885, 0.5000000000000004441 ) ) ;
#982 = VERTEX_POINT ( 'NONE', #7734 ) ;
#983 = VECTOR ( 'NONE', #2173, 1000.000000000000000 ) ;
#984 = ORIENTED_EDGE ( 'NONE', *, *, #8715, .F. ) ;
#985 = VERTEX_POINT ( 'NONE', #1863 ) ;
#986 = VECTOR ( 'NONE', #10041, 1000.000000000000000 ) ;
#987 = EDGE_CURVE ( 'NONE', #6403, #5222, #4390, .T. ) ;
#988 = AXIS2_PLACEMENT_3D ( 'NONE', #8449, #3547, #8400 ) ;
#989 = LINE ( 'NONE', #7562, #3877 ) ;
#990 = FACE_OUTER_BOUND ( 'NONE', #10640, .T. ) ;
#991 = EDGE_CURVE ( 'NONE', #6227, #4573, #10152, .T. ) ;
#992 = LINE ( 'NONE', #5844, #7045 ) ;
#993 = CARTESIAN_POINT ( 'NONE',  ( -31.76788286210058132, 20.78641401289932134, 0.000000000000000000 ) ) ;
#994 = DIRECTION ( 'NONE',  ( 0.7071067811865474617, 0.7071067811865474617, 0.000000000000000000 ) ) ;
#995 = EDGE_LOOP ( 'NONE', ( #4288, #4107, #9653, #4740 ) ) ;
#996 = EDGE_CURVE ( 'NONE', #3525, #2091, #298, .T. ) ;
#997 = VECTOR ( 'NONE', #10285, 1000.000000000000000 ) ;
#998 = VERTEX_POINT ( 'NONE', #5095 ) ;
#999 = EDGE_LOOP ( 'NONE', ( #10375, #8307, #4416, #3650 ) ) ;
#1000 = ORIENTED_EDGE ( 'NONE', *, *, #3820, .T. ) ;
#1001 = DIRECTION ( 'NONE',  ( 0.000000000000000000, 0.000000000000000000, -1.000000000000000000 ) ) ;
#1002 = CARTESIAN_POINT ( 'NONE',  ( 46.25000000000000000, 24.48861145005076523, 5.599999999999988987 ) ) ;
#1003 = EDGE_CURVE ( 'NONE', #1896, #7490, #3588, .T. ) ;
#1004 = CARTESIAN_POINT ( 'NONE',  ( -29.38211713789926094, 16.07582173911838197, 1.500000000000000444 ) ) ;
#1005 = DIRECTION ( 'NONE',  ( 1.000000000000000000, 0.000000000000000000, 0.000000000000000000 ) ) ;
#1006 = CARTESIAN_POINT ( 'NONE',  ( -29.38211713789926094, 20.23277201088161803, 1.500000000000000444 ) ) ;
#1007 = LINE ( 'NONE', #5259, #4435 ) ;
#1008 = ORIENTED_EDGE ( 'NONE', *, *, #2377, .T. ) ;
#1009 = ORIENTED_EDGE ( 'NONE', *, *, #1042, .F. ) ;
#1010 = VECTOR ( 'NONE', #9592, 1000.000000000000000 ) ;
#1011 = VERTEX_POINT ( 'NONE', #5147 ) ;
#1012 = EDGE_CURVE ( 'NONE', #2680, #5888, #241, .T. ) ;
#1013 = CARTESIAN_POINT ( 'NONE',  ( 8.932117137899432180, 15.48641401289931885, -2.999999999999999112 ) ) ;
#1014 = DIRECTION ( 'NONE',  ( 1.000000000000000000, -0.000000000000000000, -0.000000000000000000 ) ) ;
#1015 = VECTOR ( 'NONE', #4342, 1000.000000000000000 ) ;
#1016 = CARTESIAN_POINT ( 'NONE',  ( -137.7499999999999716, 20.85065487298235709, 4.000000000000000000 ) ) ;
#1017 = CARTESIAN_POINT ( 'NONE',  ( -7.017882862100588426, 20.78641401289932134, 1.500000000000000444 ) ) ;
#1018 = ORIENTED_EDGE ( 'NONE', *, *, #1916, .T. ) ;
#1019 = FACE_OUTER_BOUND ( 'NONE', #5018, .T. ) ;
#1020 = CARTESIAN_POINT ( 'NONE',  ( -8.767882862100590202, 20.78641401289932134, 1.500000000000000444 ) ) ;
#1021 = ORIENTED_EDGE ( 'NONE', *, *, #5198, .T. ) ;
#1022 = ORIENTED_EDGE ( 'NONE', *, *, #7607, .T. ) ;
#1023 = VECTOR ( 'NONE', #5569, 1000.000000000000000 ) ;
#1024 = CARTESIAN_POINT ( 'NONE',  ( -105.4784751358815384, 13.13641401289931920, 1.500000000000000444 ) ) ;
#1025 = LINE ( 'NONE', #8410, #2698 ) ;
#1026 = FACE_OUTER_BOUND ( 'NONE', #5054, .T. ) ;
#1027 = DIRECTION ( 'NONE',  ( 1.000000000000000000, 0.000000000000000000, 0.000000000000000000 ) ) ;
#1028 = CARTESIAN_POINT ( 'NONE',  ( -60.06788286210057493, 15.48641401289931885, 0.5000000000000004441 ) ) ;
#1029 = CARTESIAN_POINT ( 'NONE',  ( -137.7499999999999716, 20.85065487298235709, 2.500000000000000000 ) ) ;
#1030 = ORIENTED_EDGE ( 'NONE', *, *, #4144, .T. ) ;
#1031 = VERTEX_POINT ( 'NONE', #3481 ) ;
#1032 = EDGE_CURVE ( 'NONE', #6518, #8419, #947, .T. ) ;
#1033 = ORIENTED_EDGE ( 'NONE', *, *, #1012, .F. ) ;
#1034 = ADVANCED_FACE ( 'NONE', ( #9138 ), #5045, .T. ) ;
#1035 = DIRECTION ( 'NONE',  ( 1.734723475976806902E-18, 1.000000000000000000, 0.000000000000000000 ) ) ;
#1036 = LINE ( 'NONE', #3367, #9559 ) ;
#1037 = LINE ( 'NONE', #6757, #684 ) ;
#1038 = LINE ( 'NONE', #2880, #1483 ) ;
#1039 = VECTOR ( 'NONE', #492, 1000.000000000000000 ) ;
#1040 = DIRECTION ( 'NONE',  ( -1.000000000000000000, -0.000000000000000000, -0.000000000000000000 ) ) ;
#1041 = ORIENTED_EDGE ( 'NONE', *, *, #5397, .F. ) ;
#1042 = EDGE_CURVE ( 'NONE', #5750, #3141, #9995, .T. ) ;
#1043 = ORIENTED_EDGE ( 'NONE', *, *, #2339, .F. ) ;
#1044 = EDGE_CURVE ( 'NONE', #3661, #10539, #9187, .T. ) ;
#1045 = ORIENTED_EDGE ( 'NONE', *, *, #10483, .T. ) ;
#1046 = ORIENTED_EDGE ( 'NONE', *, *, #3544, .F. ) ;
#1047 = VECTOR ( 'NONE', #8282, 1000.000000000000000 ) ;
#1048 = EDGE_CURVE ( 'NONE', #1873, #7452, #6765, .T. ) ;
#1049 = DIRECTION ( 'NONE',  ( -0.000000000000000000, -0.000000000000000000, 1.000000000000000000 ) ) ;
#1050 = CARTESIAN_POINT ( 'NONE',  ( -6.382117137899268045, 16.07582173911838197, 2.499999999999999112 ) ) ;
#1051 = DIRECTION ( 'NONE',  ( -0.000000000000000000, -0.000000000000000000, 1.000000000000000000 ) ) ;
#1052 = DIRECTION ( 'NONE',  ( 0.000000000000000000, 0.000000000000000000, -1.000000000000000000 ) ) ;
#1053 = CARTESIAN_POINT ( 'NONE',  ( 7.200000000000148503, 15.45793887701764291, 1.500000000000000444 ) ) ;
#1054 = DIRECTION ( 'NONE',  ( -1.000000000000000000, -0.000000000000000000, -0.000000000000000000 ) ) ;
#1055 = LINE ( 'NONE', #200, #9085 ) ;
#1056 = ORIENTED_EDGE ( 'NONE', *, *, #3186, .T. ) ;
#1057 = FACE_OUTER_BOUND ( 'NONE', #6142, .T. ) ;
#1059 = ORIENTED_EDGE ( 'NONE', *, *, #4712, .F. ) ;
#1058 = AXIS2_PLACEMENT_3D ( 'NONE', #675, #7247, #3154 ) ;
#1060 = ORIENTED_EDGE ( 'NONE', *, *, #6521, .T. ) ;
#1061 = EDGE_CURVE ( 'NONE', #2595, #6018, #1528, .T. ) ;
#1062 = LINE ( 'NONE', #7538, #3232 ) ;
#1063 = DIRECTION ( 'NONE',  ( -0.000000000000000000, -0.000000000000000000, 1.000000000000000000 ) ) ;
#1064 = CARTESIAN_POINT ( 'NONE',  ( -32.32152486411830949, 23.17217973710065948, 1.500000000000000444 ) ) ;
#1065 = DIRECTION ( 'NONE',  ( 0.000000000000000000, 0.000000000000000000, -1.000000000000000000 ) ) ;
#1066 = DIRECTION ( 'NONE',  ( 0.000000000000000000, 0.000000000000000000, 1.000000000000000000 ) ) ;
#1067 = ORIENTED_EDGE ( 'NONE', *, *, #1679, .F. ) ;
#1068 = DIRECTION ( 'NONE',  ( 0.000000000000000000, 0.000000000000000000, 1.000000000000000000 ) ) ;
#1069 = LINE ( 'NONE', #5480, #6734 ) ;
#1070 = EDGE_LOOP ( 'NONE', ( #5470, #4001, #10113, #2251 ) ) ;
#1071 = ORIENTED_EDGE ( 'NONE', *, *, #5277, .F. ) ;
#1072 = EDGE_CURVE ( 'NONE', #3269, #2198, #5566, .T. ) ;
#1073 = PLANE ( 'NONE',  #8916 ) ;
#1074 = CARTESIAN_POINT ( 'NONE',  ( -135.3535533905932766, 13.25785026559327662, 0.5999999999999998668 ) ) ;
#1075 = DIRECTION ( 'NONE',  ( -1.000000000000000000, 0.000000000000000000, 0.000000000000000000 ) ) ;
#1076 = DIRECTION ( 'NONE',  ( -1.000000000000000000, 0.000000000000000000, 0.000000000000000000 ) ) ;
#1077 = ORIENTED_EDGE ( 'NONE', *, *, #1453, .T. ) ;
#1078 = LINE ( 'NONE', #4369, #6310 ) ;
#1079 = LINE ( 'NONE', #278, #1225 ) ;
#1080 = ORIENTED_EDGE ( 'NONE', *, *, #5091, .T. ) ;
#1081 = EDGE_CURVE ( 'NONE', #5792, #2957, #10202, .T. ) ;
#1082 = ORIENTED_EDGE ( 'NONE', *, *, #9749, .F. ) ;
#1083 = ORIENTED_EDGE ( 'NONE', *, *, #3350, .T. ) ;
#1084 = LINE ( 'NONE', #7666, #1633 ) ;
#1085 = LINE ( 'NONE', #4377, #5082 ) ;
#1086 = LINE ( 'NONE', #7564, #9113 ) ;
#1087 = CARTESIAN_POINT ( 'NONE',  ( 8.932117137899432180, 20.78641401289932134, 1.500000000000000444 ) ) ;
#1088 = LINE ( 'NONE', #187, #8685 ) ;
#1089 = ORIENTED_EDGE ( 'NONE', *, *, #469, .F. ) ;
#1090 = VERTEX_POINT ( 'NONE', #762 ) ;
#1091 = VERTEX_POINT ( 'NONE', #7235 ) ;
#1092 = ORIENTED_EDGE ( 'NONE', *, *, #7971, .F. ) ;
#1093 = EDGE_CURVE ( 'NONE', #6969, #9541, #2337, .T. ) ;
#1094 = VECTOR ( 'NONE', #9246, 1000.000000000000000 ) ;
#1095 = ADVANCED_FACE ( 'NONE', ( #555, #8849 ), #7286, .T. ) ;
#1096 = DIRECTION ( 'NONE',  ( -0.000000000000000000, 1.000000000000000000, -0.000000000000000000 ) ) ;
#1097 = ADVANCED_FACE ( 'NONE', ( #5307 ), #10518, .F. ) ;
#1098 = DIRECTION ( 'NONE',  ( -0.000000000000000000, -0.000000000000000000, 1.000000000000000000 ) ) ;
#1099 = PLANE ( 'NONE',  #1338 ) ;
#1100 = PLANE ( 'NONE',  #1361 ) ;
#1101 = DIRECTION ( 'NONE',  ( -0.000000000000000000, -0.000000000000000000, 1.000000000000000000 ) ) ;
#1102 = CARTESIAN_POINT ( 'NONE',  ( -130.7500000000000000, 13.90429687500000355, 1.000000000000000000 ) ) ;
#1103 = DIRECTION ( 'NONE',  ( 1.000000000000000000, -1.734723475976806902E-18, -0.000000000000000000 ) ) ;
#1104 = EDGE_CURVE ( 'NONE', #9234, #4685, #3147, .T. ) ;
#1105 = VERTEX_POINT ( 'NONE', #8594 ) ;
#1106 = PLANE ( 'NONE',  #9062 ) ;
#1107 = ORIENTED_EDGE ( 'NONE', *, *, #6089, .F. ) ;
#1108 = EDGE_CURVE ( 'NONE', #9364, #7038, #8954, .T. ) ;
#1109 = ORIENTED_EDGE ( 'NONE', *, *, #5936, .T. ) ;
#1110 = VECTOR ( 'NONE', #1776, 1000.000000000000000 ) ;
#1111 = VECTOR ( 'NONE', #8262, 1000.000000000000000 ) ;
#1112 = DIRECTION ( 'NONE',  ( 0.000000000000000000, 1.000000000000000000, 0.000000000000000000 ) ) ;
#1113 = CARTESIAN_POINT ( 'NONE',  ( -82.49635799798221569, 23.15429687499999289, 6.000000000000000000 ) ) ;
#1114 = VECTOR ( 'NONE', #9499, 1000.000000000000000 ) ;
#1115 = DIRECTION ( 'NONE',  ( 0.000000000000000000, 0.000000000000000000, -1.000000000000000000 ) ) ;
#1116 = LINE ( 'NONE', #10013, #1110 ) ;
#1117 = VECTOR ( 'NONE', #2627, 1000.000000000000000 ) ;
#1118 = ADVANCED_FACE ( 'NONE', ( #9606, #9709 ), #5617, .T. ) ;
#1119 = CARTESIAN_POINT ( 'NONE',  ( -107.8178828621005891, 15.48641401289931885, 0.5000000000000004441 ) ) ;
#1120 = ORIENTED_EDGE ( 'NONE', *, *, #10364, .T. ) ;
#1121 = PLANE ( 'NONE',  #7507 ) ;
#1122 = ORIENTED_EDGE ( 'NONE', *, *, #3955, .F. ) ;
#1123 = EDGE_CURVE ( 'NONE', #8927, #7411, #5513, .T. ) ;
#1124 = ORIENTED_EDGE ( 'NONE', *, *, #2390, .T. ) ;
#1125 = AXIS2_PLACEMENT_3D ( 'NONE', #2070, #5298, #2983 ) ;
#1126 = VECTOR ( 'NONE', #8476, 1000.000000000000000 ) ;
#1127 = CARTESIAN_POINT ( 'NONE',  ( -78.30364200201761093, 23.15429687499998579, 6.000000000000000000 ) ) ;
#1128 = CARTESIAN_POINT ( 'NONE',  ( 69.00000000000000000, 0.000000000000000000, 0.5000000000000004441 ) ) ;
#1129 = LINE ( 'NONE', #7600, #8300 ) ;
#1130 = DIRECTION ( 'NONE',  ( 0.000000000000000000, 0.000000000000000000, 1.000000000000000000 ) ) ;
#1131 = EDGE_CURVE ( 'NONE', #2843, #6248, #2285, .T. ) ;
#1132 = ORIENTED_EDGE ( 'NONE', *, *, #2349, .F. ) ;
#1133 = LINE ( 'NONE', #10079, #5442 ) ;
#1134 = CARTESIAN_POINT ( 'NONE',  ( -130.7500000000000000, 23.15429687499998579, 4.000000000000000000 ) ) ;
#1135 = ORIENTED_EDGE ( 'NONE', *, *, #8482, .T. ) ;
#1136 = VECTOR ( 'NONE', #2223, 1000.000000000000000 ) ;
#1137 = ORIENTED_EDGE ( 'NONE', *, *, #5455, .F. ) ;
#1138 = VECTOR ( 'NONE', #4932, 1000.000000000000000 ) ;
#1139 = ORIENTED_EDGE ( 'NONE', *, *, #9803, .T. ) ;
#1140 = EDGE_CURVE ( 'NONE', #3635, #464, #8048, .T. ) ;
#1141 = AXIS2_PLACEMENT_3D ( 'NONE', #5549, #10385, #1236 ) ;
#1142 = CARTESIAN_POINT ( 'NONE',  ( -130.8178828621005891, 15.48641401289931885, 0.5000000000000004441 ) ) ;
#1143 = CARTESIAN_POINT ( 'NONE',  ( 39.61788286210074261, 20.23277201088161803, 2.500000000000000000 ) ) ;
#1144 = CARTESIAN_POINT ( 'NONE',  ( -124.3215248641183166, 13.13641401289931920, 6.000000000000000000 ) ) ;
#1145 = VECTOR ( 'NONE', #1575, 1000.000000000000114 ) ;
#1146 = CARTESIAN_POINT ( 'NONE',  ( -122.0178828621005778, 20.78641401289932134, 0.5000000000000004441 ) ) ;
#1147 = DIRECTION ( 'NONE',  ( 0.000000000000000000, -0.7071067811865465735, 0.7071067811865484609 ) ) ;
#1148 = CARTESIAN_POINT ( 'NONE',  ( -38.81788286210058203, 20.80448725967914925, 1.500000000000000444 ) ) ;
#1149 = ORIENTED_EDGE ( 'NONE', *, *, #37, .T. ) ;
#1150 = VECTOR ( 'NONE', #4135, 1000.000000000000000 ) ;
#1151 = ORIENTED_EDGE ( 'NONE', *, *, #726, .F. ) ;
#1152 = VERTEX_POINT ( 'NONE', #3037 ) ;
#1153 = ORIENTED_EDGE ( 'NONE', *, *, #9882, .F. ) ;
#1154 = VECTOR ( 'NONE', #3134, 1000.000000000000000 ) ;
#1155 = AXIS2_PLACEMENT_3D ( 'NONE', #43, #790, #1655 ) ;
#1156 = CARTESIAN_POINT ( 'NONE',  ( -137.5499999999999829, 25.45429687499999716, 0.2000000000000057565 ) ) ;
#1157 = LINE ( 'NONE', #6176, #2790 ) ;
#1158 = FACE_OUTER_BOUND ( 'NONE', #4303, .T. ) ;
#1159 = VECTOR ( 'NONE', #3663, 1000.000000000000000 ) ;
#1160 = CARTESIAN_POINT ( 'NONE',  ( -137.7499999999999716, 20.85065487298235709, 4.000000000000000000 ) ) ;
#1161 = CARTESIAN_POINT ( 'NONE',  ( 46.25000000000000000, 11.65429687500000533, 5.599999999999988987 ) ) ;
#1162 = CARTESIAN_POINT ( 'NONE',  ( -32.32152486411830949, 23.17217973710065948, 1.500000000000000444 ) ) ;
#1163 = LINE ( 'NONE', #6017, #8567 ) ;
#1164 = VECTOR ( 'NONE', #1103, 1000.000000000000000 ) ;
#1165 = ORIENTED_EDGE ( 'NONE', *, *, #10477, .T. ) ;
#1166 = CARTESIAN_POINT ( 'NONE',  ( 0.000000000000000000, 0.000000000000000000, 0.000000000000000000 ) ) ;
#1167 = ORIENTED_EDGE ( 'NONE', *, *, #10215, .F. ) ;
#1168 = VERTEX_POINT ( 'NONE', #4864 ) ;
#1169 = ORIENTED_EDGE ( 'NONE', *, *, #3248, .F. ) ;
#1170 = EDGE_CURVE ( 'NONE', #6712, #2453, #6113, .T. ) ;
#1171 = EDGE_CURVE ( 'NONE', #9330, #4617, #9399, .T. ) ;
#1172 = CARTESIAN_POINT ( 'NONE',  ( 46.25000000000000000, 11.65429687500000533, 5.599999999999988987 ) ) ;
#1173 = CARTESIAN_POINT ( 'NONE',  ( -13.41788286210060477, 13.48641401289931885, 1.500000000000000444 ) ) ;
#1174 = FACE_OUTER_BOUND ( 'NONE', #929, .T. ) ;
#1175 = DIRECTION ( 'NONE',  ( 0.000000000000000000, -0.000000000000000000, 1.000000000000000000 ) ) ;
#1176 = VECTOR ( 'NONE', #9648, 1000.000000000000000 ) ;
#1177 = CARTESIAN_POINT ( 'NONE',  ( 37.23211713789942223, 20.78641401289932134, 0.5000000000000004441 ) ) ;
#1178 = ORIENTED_EDGE ( 'NONE', *, *, #8828, .F. ) ;
#1179 = DIRECTION ( 'NONE',  ( 0.000000000000000000, -1.000000000000000000, 0.000000000000000000 ) ) ;
#1180 = ORIENTED_EDGE ( 'NONE', *, *, #2306, .T. ) ;
#1181 = EDGE_CURVE ( 'NONE', #1300, #5848, #6329, .T. ) ;
#1182 = ORIENTED_EDGE ( 'NONE', *, *, #917, .F. ) ;
#1183 = EDGE_CURVE ( 'NONE', #8766, #4556, #1421, .T. ) ;
#1184 = EDGE_CURVE ( 'NONE', #3358, #10050, #3899, .T. ) ;
#1185 = VECTOR ( 'NONE', #6768, 1000.000000000000000 ) ;
#1186 = DIRECTION ( 'NONE',  ( -0.000000000000000000, 1.000000000000000000, 0.000000000000000000 ) ) ;
#1187 = DIRECTION ( 'NONE',  ( -0.000000000000000000, -0.000000000000000000, 1.000000000000000000 ) ) ;
#1188 = EDGE_CURVE ( 'NONE', #8900, #4600, #9005, .T. ) ;
#1189 = FACE_OUTER_BOUND ( 'NONE', #10147, .T. ) ;
#1190 = DIRECTION ( 'NONE',  ( -0.000000000000000000, 0.000000000000000000, 1.000000000000000000 ) ) ;
#1191 = ORIENTED_EDGE ( 'NONE', *, *, #5060, .F. ) ;
#1192 = DIRECTION ( 'NONE',  ( -0.000000000000000000, -0.000000000000000000, 1.000000000000000000 ) ) ;
#1193 = PLANE ( 'NONE',  #5010 ) ;
#1194 = EDGE_LOOP ( 'NONE', ( #2645, #7328, #2388, #6439 ) ) ;
#1195 = AXIS2_PLACEMENT_3D ( 'NONE', #7825, #443, #6591 ) ;
#1196 = ORIENTED_EDGE ( 'NONE', *, *, #8964, .F. ) ;
#1197 = ORIENTED_EDGE ( 'NONE', *, *, #8069, .F. ) ;
#1198 = EDGE_CURVE ( 'NONE', #3906, #4368, #8411, .T. ) ;
#1199 = PERSON ( 'UNSPECIFIED', 'UNSPECIFIED', 'UNSPECIFIED', ('UNSPECIFIED'), ('UNSPECIFIED'), ('UNSPECIFIED') ) ;
#1200 = CARTESIAN_POINT ( 'NONE',  ( -99.01788286210059198, 20.78641401289932134, 1.500000000000000444 ) ) ;
#1201 = CARTESIAN_POINT ( 'NONE',  ( -9.321524864118316600, 23.17217973710065948, 6.000000000000000000 ) ) ;
#1202 = CARTESIAN_POINT ( 'NONE',  ( -15.81788286210059091, 15.48641401289931885, 1.500000000000000444 ) ) ;
#1203 = CARTESIAN_POINT ( 'NONE',  ( 114.9999999999999858, 20.78641401289932134, 0.000000000000000000 ) ) ;
#1204 = DIRECTION ( 'NONE',  ( 0.000000000000000000, -1.000000000000000000, 0.000000000000000000 ) ) ;
#1205 = CARTESIAN_POINT ( 'NONE',  ( -36.47847513588156687, 23.17217973710065948, 4.000000000000000000 ) ) ;
#1206 = ORIENTED_EDGE ( 'NONE', *, *, #447, .F. ) ;
#1207 = ORIENTED_EDGE ( 'NONE', *, *, #10031, .F. ) ;
#1208 = ADVANCED_FACE ( 'NONE', ( #4163 ), #9117, .F. ) ;
#1209 = ORIENTED_EDGE ( 'NONE', *, *, #4635, .F. ) ;
#1210 = ORIENTED_EDGE ( 'NONE', *, *, #3836, .T. ) ;
#1211 = EDGE_CURVE ( 'NONE', #8121, #8157, #3352, .T. ) ;
#1212 = VECTOR ( 'NONE', #9551, 1000.000000000000000 ) ;
#1213 = DIRECTION ( 'NONE',  ( 0.000000000000000000, 1.000000000000000000, 0.000000000000000000 ) ) ;
#1214 = DIRECTION ( 'NONE',  ( 0.000000000000000000, -0.000000000000000000, -1.000000000000000000 ) ) ;
#1215 = LINE ( 'NONE', #2081, #10238 ) ;
#1216 = CARTESIAN_POINT ( 'NONE',  ( 0.000000000000000000, 0.000000000000000000, 4.000000000000000000 ) ) ;
#1217 = LINE ( 'NONE', #6067, #2345 ) ;
#1218 = FACE_BOUND ( 'NONE', #6908, .T. ) ;
#1219 = VERTEX_POINT ( 'NONE', #976 ) ;
#1220 = DIRECTION ( 'NONE',  ( -0.000000000000000000, -0.000000000000000000, 1.000000000000000000 ) ) ;
#1221 = ORIENTED_EDGE ( 'NONE', *, *, #8263, .T. ) ;
#1222 = ORIENTED_EDGE ( 'NONE', *, *, #6727, .F. ) ;
#1223 = ADVANCED_FACE ( 'NONE', ( #1737 ), #3460, .F. ) ;
#1224 = EDGE_LOOP ( 'NONE', ( #9781, #8550, #410, #1122 ) ) ;
#1225 = VECTOR ( 'NONE', #6855, 1000.000000000000000 ) ;
#1226 = VERTEX_POINT ( 'NONE', #9864 ) ;
#1227 = DIRECTION ( 'NONE',  ( 0.000000000000000000, -0.000000000000000000, 1.000000000000000000 ) ) ;
#1228 = LINE ( 'NONE', #5376, #6832 ) ;
#1229 = ORIENTED_EDGE ( 'NONE', *, *, #7012, .F. ) ;
#1230 = PLANE ( 'NONE',  #1862 ) ;
#1231 = AXIS2_PLACEMENT_3D ( 'NONE', #755, #7330, #10613 ) ;
#1232 = DIRECTION ( 'NONE',  ( -1.000000000000000000, -0.000000000000000000, -0.000000000000000000 ) ) ;
#1233 = DIRECTION ( 'NONE',  ( -1.000000000000000000, -0.000000000000000000, -0.000000000000000000 ) ) ;
#1234 = VECTOR ( 'NONE', #7181, 1000.000000000000000 ) ;
#1235 = ORIENTED_EDGE ( 'NONE', *, *, #9271, .T. ) ;
#1236 = DIRECTION ( 'NONE',  ( 0.000000000000000000, -0.000000000000000000, 1.000000000000000000 ) ) ;
#1237 = VERTEX_POINT ( 'NONE', #4970 ) ;
#1238 = ORIENTED_EDGE ( 'NONE', *, *, #4155, .F. ) ;
#1239 = VECTOR ( 'NONE', #10366, 1000.000000000000000 ) ;
#1240 = CARTESIAN_POINT ( 'NONE',  ( -130.7500000000000000, 23.15429687499998579, 6.000000000000000000 ) ) ;
#1241 = ADVANCED_FACE ( 'NONE', ( #4054 ), #6698, .F. ) ;
#1242 = FACE_OUTER_BOUND ( 'NONE', #10362, .T. ) ;
#1243 = DIRECTION ( 'NONE',  ( -1.000000000000000000, 0.000000000000000000, 0.000000000000000000 ) ) ;
#1244 = EDGE_CURVE ( 'NONE', #8693, #985, #2490, .T. ) ;
#1245 = CARTESIAN_POINT ( 'NONE',  ( -82.41788286210059766, 22.78641401289931778, 1.500000000000000444 ) ) ;
#1246 = EDGE_CURVE ( 'NONE', #5641, #1844, #8203, .T. ) ;
#1247 = ORIENTED_EDGE ( 'NONE', *, *, #8359, .F. ) ;
#1248 = FACE_OUTER_BOUND ( 'NONE', #643, .T. ) ;
#1249 = PLANE ( 'NONE',  #6033 ) ;
#1250 = ORIENTED_EDGE ( 'NONE', *, *, #2587, .F. ) ;
#1251 = ORIENTED_EDGE ( 'NONE', *, *, #1942, .F. ) ;
#1252 = EDGE_CURVE ( 'NONE', #8478, #7385, #7446, .T. ) ;
#1253 = ORIENTED_EDGE ( 'NONE', *, *, #7059, .T. ) ;
#1254 = DIRECTION ( 'NONE',  ( 0.000000000000000000, -1.000000000000000000, 0.000000000000000000 ) ) ;
#1255 = CARTESIAN_POINT ( 'NONE',  ( -130.7500000000000000, 20.80448725967914925, 0.5000000000000004441 ) ) ;
#1256 = CARTESIAN_POINT ( 'NONE',  ( -60.06788286210057493, 20.78641401289932134, 0.5000000000000004441 ) ) ;
#1257 = LINE ( 'NONE', #2018, #4122 ) ;
#1258 = CARTESIAN_POINT ( 'NONE',  ( -36.41788286210059766, 22.78641401289931778, 1.500000000000000444 ) ) ;
#1259 = LINE ( 'NONE', #7779, #3699 ) ;
#1260 = ORIENTED_EDGE ( 'NONE', *, *, #6044, .F. ) ;
#1261 = ADVANCED_FACE ( 'NONE', ( #5771 ), #5722, .F. ) ;
#1262 = VERTEX_POINT ( 'NONE', #2602 ) ;
#1263 = ORIENTED_EDGE ( 'NONE', *, *, #9118, .F. ) ;
#1264 = EDGE_LOOP ( 'NONE', ( #5742, #3215, #4207, #9110 ) ) ;
#1265 = CARTESIAN_POINT ( 'NONE',  ( 0.000000000000000000, 0.000000000000000000, 4.000000000000000000 ) ) ;
#1266 = DIRECTION ( 'NONE',  ( -0.000000000000000000, -0.000000000000000000, 1.000000000000000000 ) ) ;
#1267 = FACE_OUTER_BOUND ( 'NONE', #9182, .T. ) ;
#1268 = DIRECTION ( 'NONE',  ( -0.000000000000000000, -0.000000000000000000, 1.000000000000000000 ) ) ;
#1269 = CARTESIAN_POINT ( 'NONE',  ( -39.41788286210059766, 16.07582173911837842, 1.500000000000000444 ) ) ;
#1270 = ORIENTED_EDGE ( 'NONE', *, *, #10068, .F. ) ;
#1271 = ADVANCED_FACE ( 'NONE', ( #6746 ), #6642, .F. ) ;
#1272 = CARTESIAN_POINT ( 'NONE',  ( -123.7678828621005778, 15.50448725967913610, 1.500000000000000444 ) ) ;
#1273 = CARTESIAN_POINT ( 'NONE',  ( -128.4784751358815527, 23.17217973710065948, 1.500000000000000444 ) ) ;
#1274 = VERTEX_POINT ( 'NONE', #5882 ) ;
#1275 = EDGE_LOOP ( 'NONE', ( #1139, #8655, #1399, #939 ) ) ;
#1276 = ORIENTED_EDGE ( 'NONE', *, *, #3107, .F. ) ;
#1277 = ORIENTED_EDGE ( 'NONE', *, *, #8623, .T. ) ;
#1278 = EDGE_CURVE ( 'NONE', #4990, #3906, #7395, .T. ) ;
#1279 = DIRECTION ( 'NONE',  ( 0.000000000000000000, 1.000000000000000000, 0.000000000000000000 ) ) ;
#1280 = DIRECTION ( 'NONE',  ( 1.000000000000000000, 0.000000000000000000, 0.000000000000000000 ) ) ;
#1281 = ORIENTED_EDGE ( 'NONE', *, *, #9704, .T. ) ;
#1282 = CARTESIAN_POINT ( 'NONE',  ( -135.9999999999999716, 23.15429687500000355, 0.2500000000000000000 ) ) ;
#1283 = DIRECTION ( 'NONE',  ( -0.000000000000000000, -0.000000000000000000, 1.000000000000000000 ) ) ;
#1284 = CARTESIAN_POINT ( 'NONE',  ( -59.41788286210059056, 22.78641401289931778, 0.5000000000000004441 ) ) ;
#1285 = VECTOR ( 'NONE', #3170, 1000.000000000000000 ) ;
#1286 = ORIENTED_EDGE ( 'NONE', *, *, #8363, .T. ) ;
#1287 = PLANE ( 'NONE',  #10263 ) ;
#1288 = ORIENTED_EDGE ( 'NONE', *, *, #9710, .F. ) ;
#1289 = VERTEX_POINT ( 'NONE', #66 ) ;
#1290 = AXIS2_PLACEMENT_3D ( 'NONE', #3210, #5531, #3318 ) ;
#1291 = VECTOR ( 'NONE', #542, 1000.000000000000000 ) ;
#1292 = CARTESIAN_POINT ( 'NONE',  ( -99.00000000000000000, 20.85065487298235709, 2.500000000000000000 ) ) ;
#1293 = CARTESIAN_POINT ( 'NONE',  ( 39.25000000000000711, 20.60065487298235709, 2.500000000000000000 ) ) ;
#1294 = CARTESIAN_POINT ( 'NONE',  ( -128.4963579979822441, 23.15429687499997868, 6.000000000000000000 ) ) ;
#1295 = DIRECTION ( 'NONE',  ( -1.000000000000000000, -0.000000000000000000, -0.000000000000000000 ) ) ;
#1296 = VERTEX_POINT ( 'NONE', #5927 ) ;
#1297 = LINE ( 'NONE', #1411, #1136 ) ;
#1298 = DIRECTION ( 'NONE',  ( 0.000000000000000000, 1.000000000000000000, -0.000000000000000000 ) ) ;
#1299 = ORIENTED_EDGE ( 'NONE', *, *, #2115, .T. ) ;
#1300 = VERTEX_POINT ( 'NONE', #18 ) ;
#1301 = VECTOR ( 'NONE', #1051, 1000.000000000000000 ) ;
#1302 = VECTOR ( 'NONE', #9724, 1000.000000000000000 ) ;
#1303 = EDGE_LOOP ( 'NONE', ( #8230, #9449, #3105, #8199 ) ) ;
#1304 = EDGE_CURVE ( 'NONE', #8925, #9459, #9216, .T. ) ;
#1305 = CARTESIAN_POINT ( 'NONE',  ( -135.7499999999999716, 23.15429687500000355, 0.3499999999999999223 ) ) ;
#1306 = CARTESIAN_POINT ( 'NONE',  ( -31.76788286210058132, 20.78641401289932134, 0.5000000000000004441 ) ) ;
#1307 = AXIS2_PLACEMENT_3D ( 'NONE', #5775, #8315, #927 ) ;
#1308 = LINE ( 'NONE', #441, #6280 ) ;
#1309 = DIRECTION ( 'NONE',  ( -0.000000000000000000, -1.000000000000000000, -0.000000000000000000 ) ) ;
#1310 = CARTESIAN_POINT ( 'NONE',  ( -62.41788286210059056, 20.23277201088161448, 1.500000000000000444 ) ) ;
#1311 = DIRECTION ( 'NONE',  ( -0.000000000000000000, -0.000000000000000000, 1.000000000000000000 ) ) ;
#1312 = DIRECTION ( 'NONE',  ( 0.7071067811865479058, -0.7071067811865470176, 0.000000000000000000 ) ) ;
#1313 = VERTEX_POINT ( 'NONE', #1839 ) ;
#1314 = ORIENTED_EDGE ( 'NONE', *, *, #3894, .T. ) ;
#1315 = ORIENTED_EDGE ( 'NONE', *, *, #8235, .T. ) ;
#1316 = VECTOR ( 'NONE', #2152, 1000.000000000000000 ) ;
#1317 = ORIENTED_EDGE ( 'NONE', *, *, #484, .T. ) ;
#1318 = EDGE_CURVE ( 'NONE', #8703, #5677, #8261, .T. ) ;
#1319 = DIRECTION ( 'NONE',  ( -0.000000000000000000, 0.000000000000000000, 1.000000000000000000 ) ) ;
#1320 = CARTESIAN_POINT ( 'NONE',  ( -98.38211713789927160, 16.07582173911838197, 1.500000000000000444 ) ) ;
#1321 = EDGE_CURVE ( 'NONE', #6032, #10237, #2551, .T. ) ;
#1322 = VECTOR ( 'NONE', #1966, 1000.000000000000000 ) ;
#1323 = DIRECTION ( 'NONE',  ( 0.000000000000000000, -0.000000000000000000, 1.000000000000000000 ) ) ;
#1324 = DIRECTION ( 'NONE',  ( 1.000000000000000000, 0.000000000000000000, 0.000000000000000000 ) ) ;
#1325 = DIRECTION ( 'NONE',  ( -1.000000000000000000, 0.000000000000000000, 0.000000000000000000 ) ) ;
#1326 = VERTEX_POINT ( 'NONE', #9269 ) ;
#1327 = VECTOR ( 'NONE', #7267, 1000.000000000000000 ) ;
#1328 = LINE ( 'NONE', #8007, #9942 ) ;
#1329 = LINE ( 'NONE', #6030, #9992 ) ;
#1330 = ORIENTED_EDGE ( 'NONE', *, *, #8137, .F. ) ;
#1331 = VERTEX_POINT ( 'NONE', #325 ) ;
#1332 = VECTOR ( 'NONE', #1063, 1000.000000000000000 ) ;
#1333 = ORIENTED_EDGE ( 'NONE', *, *, #1181, .F. ) ;
#1334 = ORIENTED_EDGE ( 'NONE', *, *, #1676, .T. ) ;
#1335 = EDGE_CURVE ( 'NONE', #4831, #4560, #1891, .T. ) ;
#1336 = VECTOR ( 'NONE', #6948, 1000.000000000000000 ) ;
#1337 = CARTESIAN_POINT ( 'NONE',  ( -82.41788286210059766, 22.78641401289931778, 1.500000000000000444 ) ) ;
#1338 = AXIS2_PLACEMENT_3D ( 'NONE', #1762, #5801, #899 ) ;
#1339 = DIRECTION ( 'NONE',  ( 1.000000000000000000, 9.183830166936036979E-17, -0.000000000000000000 ) ) ;
#1340 = ORIENTED_EDGE ( 'NONE', *, *, #8251, .T. ) ;
#1341 = FACE_OUTER_BOUND ( 'NONE', #8146, .T. ) ;
#1342 = CARTESIAN_POINT ( 'NONE',  ( -106.0678828621005891, 15.48641401289931885, 1.500000000000000444 ) ) ;
#1343 = CARTESIAN_POINT ( 'NONE',  ( -137.7499999999999716, 25.65429687500000355, 6.000000000000000000 ) ) ;
#1344 = ORIENTED_EDGE ( 'NONE', *, *, #5520, .T. ) ;
#1345 = DIRECTION ( 'NONE',  ( -0.000000000000000000, 1.000000000000000000, -0.000000000000000000 ) ) ;
#1346 = EDGE_LOOP ( 'NONE', ( #9744, #7877, #6795, #4333, #8278, #6261, #130, #2424 ) ) ;
#1347 = ORIENTED_EDGE ( 'NONE', *, *, #5740, .F. ) ;
#1348 = EDGE_CURVE ( 'NONE', #4563, #4737, #1129, .T. ) ;
#1349 = ADVANCED_FACE ( 'NONE', ( #1026 ), #4422, .F. ) ;
#1350 = DIRECTION ( 'NONE',  ( -1.000000000000000000, 0.000000000000000000, -0.000000000000000000 ) ) ;
#1351 = DIRECTION ( 'NONE',  ( 0.000000000000000000, 0.000000000000000000, -1.000000000000000000 ) ) ;
#1352 = AXIS2_PLACEMENT_3D ( 'NONE', #10117, #1823, #9256 ) ;
#1353 = PLANE ( 'NONE',  #4108 ) ;
#1354 = DIRECTION ( 'NONE',  ( -0.7071067811865462405, -0.7071067811865489050, 0.000000000000000000 ) ) ;
#1355 = EDGE_CURVE ( 'NONE', #1296, #3454, #7761, .T. ) ;
#1356 = FACE_OUTER_BOUND ( 'NONE', #3203, .T. ) ;
#1357 = CARTESIAN_POINT ( 'NONE',  ( -130.7500000000000000, 0.000000000000000000, 1.500000000000000444 ) ) ;
#1358 = DIRECTION ( 'NONE',  ( 0.000000000000000000, -1.000000000000000000, 0.000000000000000000 ) ) ;
#1359 = ORIENTED_EDGE ( 'NONE', *, *, #2302, .F. ) ;
#1360 = VERTEX_POINT ( 'NONE', #376 ) ;
#1361 = AXIS2_PLACEMENT_3D ( 'NONE', #6927, #2626, #1866 ) ;
#1362 = ORIENTED_EDGE ( 'NONE', *, *, #1455, .F. ) ;
#1363 = LINE ( 'NONE', #1526, #6667 ) ;
#1364 = CARTESIAN_POINT ( 'NONE',  ( 46.25000000000000000, 22.40429687500000355, 1.000000000000000000 ) ) ;
#1365 = DIRECTION ( 'NONE',  ( 0.000000000000000000, 0.000000000000000000, 1.000000000000000000 ) ) ;
#1366 = DIRECTION ( 'NONE',  ( -0.7071067811865471286, -0.7071067811865480168, 0.000000000000000000 ) ) ;
#1367 = VECTOR ( 'NONE', #316, 1000.000000000000000 ) ;
#1368 = FACE_OUTER_BOUND ( 'NONE', #2226, .T. ) ;
#1369 = LINE ( 'NONE', #9664, #3378 ) ;
#1370 = CARTESIAN_POINT ( 'NONE',  ( 30.18211713789942152, 20.80448725967914925, 0.5000000000000004441 ) ) ;
#1371 = VERTEX_POINT ( 'NONE', #2809 ) ;
#1372 = ADVANCED_FACE ( 'NONE', ( #1189 ), #5985, .F. ) ;
#1373 = CALENDAR_DATE ( 2025, 1, 8 ) ;
#1374 = ORIENTED_EDGE ( 'NONE', *, *, #5946, .F. ) ;
#1375 = EDGE_CURVE ( 'NONE', #1672, #7931, #3665, .T. ) ;
#1376 = ORIENTED_EDGE ( 'NONE', *, *, #1453, .F. ) ;
#1377 = VECTOR ( 'NONE', #5492, 1000.000000000000000 ) ;
#1378 = LINE ( 'NONE', #8697, #1239 ) ;
#1379 = CARTESIAN_POINT ( 'NONE',  ( -59.49635799798222280, 23.15429687499999289, 6.000000000000000000 ) ) ;
#1380 = CARTESIAN_POINT ( 'NONE',  ( 0.000000000000000000, 0.000000000000000000, 4.000000000000000000 ) ) ;
#1381 = DIRECTION ( 'NONE',  ( -0.000000000000000000, -0.000000000000000000, 1.000000000000000000 ) ) ;
#1382 = EDGE_CURVE ( 'NONE', #9923, #4140, #10287, .T. ) ;
#1383 = DIRECTION ( 'NONE',  ( 0.000000000000000000, 1.000000000000000000, 0.000000000000000000 ) ) ;
#1384 = VERTEX_POINT ( 'NONE', #9483 ) ;
#1385 = EDGE_CURVE ( 'NONE', #6739, #4024, #4365, .T. ) ;
#1386 = CARTESIAN_POINT ( 'NONE',  ( -137.7499999999999716, 25.25429687499999076, 5.400000000000012790 ) ) ;
#1387 = PLANE ( 'NONE',  #4497 ) ;
#1388 = ORIENTED_EDGE ( 'NONE', *, *, #10085, .F. ) ;
#1389 =( BOUNDED_CURVE ( )  B_SPLINE_CURVE ( 3, ( #9647, #7166, #10451, #3081 ),
 .UNSPECIFIED., .F., .F. ) 
 B_SPLINE_CURVE_WITH_KNOTS ( ( 4, 4 ),
 ( 0.000000000000000000, 1.570796326794896558 ),
 .UNSPECIFIED. ) 
 CURVE ( )  GEOMETRIC_REPRESENTATION_ITEM ( )  RATIONAL_B_SPLINE_CURVE ( ( 1.000000000000000000, 0.8047378541243649375, 0.8047378541243649375, 1.000000000000000000 ) ) 
 REPRESENTATION_ITEM ( '' )  );
#1390 = VERTEX_POINT ( 'NONE', #9373 ) ;
#1391 = EDGE_LOOP ( 'NONE', ( #3869, #310, #9272, #7520 ) ) ;
#1392 = EDGE_CURVE ( 'NONE', #6007, #2680, #8571, .T. ) ;
#1393 = DIRECTION ( 'NONE',  ( -0.000000000000000000, 1.000000000000000000, 0.000000000000000000 ) ) ;
#1394 = PLANE ( 'NONE',  #816 ) ;
#1395 = ORIENTED_EDGE ( 'NONE', *, *, #6549, .T. ) ;
#1396 = DIRECTION ( 'NONE',  ( 1.000000000000000000, -6.938893903907228378E-15, 0.000000000000000000 ) ) ;
#1397 = DIRECTION ( 'NONE',  ( -1.000000000000000000, -8.163404592832032733E-17, 0.000000000000000000 ) ) ;
#1398 = CARTESIAN_POINT ( 'NONE',  ( -135.4999999999999716, 22.90429687500000355, 0.5999999999999999778 ) ) ;
#1399 = ORIENTED_EDGE ( 'NONE', *, *, #2041, .F. ) ;
#1400 = DIRECTION ( 'NONE',  ( -1.000000000000000000, -8.163404592832032733E-17, 0.000000000000000000 ) ) ;
#1402 = ORIENTED_EDGE ( 'NONE', *, *, #8810, .T. ) ;
#1401 = AXIS2_PLACEMENT_3D ( 'NONE', #5180, #10347, #9436 ) ;
#1403 = ADVANCED_FACE ( 'NONE', ( #10180 ), #6087, .T. ) ;
#1404 = ORIENTED_EDGE ( 'NONE', *, *, #5471, .T. ) ;
#1405 = VECTOR ( 'NONE', #167, 1000.000000000000000 ) ;
#1406 = DIRECTION ( 'NONE',  ( -0.000000000000000000, 0.000000000000000000, 1.000000000000000000 ) ) ;
#1407 = CARTESIAN_POINT ( 'NONE',  ( 39.25000000000000000, 23.15429687500000000, 4.000000000000000000 ) ) ;
#1408 = FACE_OUTER_BOUND ( 'NONE', #5849, .T. ) ;
#1409 = LINE ( 'NONE', #4693, #9382 ) ;
#1410 = CARTESIAN_POINT ( 'NONE',  ( -36.41788286210059766, 20.78641401289932134, 1.500000000000000444 ) ) ;
#1411 = CARTESIAN_POINT ( 'NONE',  ( 39.25000000000000000, 13.15429687500000355, 4.000000000000000000 ) ) ;
#1412 = CARTESIAN_POINT ( 'NONE',  ( -30.01788286210058132, 20.78641401289932134, 0.5000000000000004441 ) ) ;
#1413 = ORIENTED_EDGE ( 'NONE', *, *, #9929, .F. ) ;
#1414 = EDGE_CURVE ( 'NONE', #6773, #4880, #1998, .T. ) ;
#1415 = ORIENTED_EDGE ( 'NONE', *, *, #27, .F. ) ;
#1416 = VECTOR ( 'NONE', #4339, 999.9999999999998863 ) ;
#1417 = ORIENTED_EDGE ( 'NONE', *, *, #7629, .T. ) ;
#1418 = AXIS2_PLACEMENT_3D ( 'NONE', #4525, #6036, #2863 ) ;
#1419 = CARTESIAN_POINT ( 'NONE',  ( -31.76788286210058132, 20.78641401289932134, 0.5000000000000004441 ) ) ;
#1420 = LINE ( 'NONE', #3788, #364 ) ;
#1421 = LINE ( 'NONE', #7987, #9838 ) ;
#1422 = EDGE_CURVE ( 'NONE', #8329, #3174, #6150, .T. ) ;
#1423 = DIRECTION ( 'NONE',  ( -0.000000000000000000, -0.000000000000000000, 1.000000000000000000 ) ) ;
#1424 = CARTESIAN_POINT ( 'NONE',  ( -108.4178828621006119, 16.07582173911837486, 2.499999999999999112 ) ) ;
#1425 = DIRECTION ( 'NONE',  ( -1.000000000000000000, 0.000000000000000000, 0.000000000000000000 ) ) ;
#1426 = LINE ( 'NONE', #10412, #960 ) ;
#1427 = PLANE ( 'NONE',  #9821 ) ;
#1428 = ORIENTED_EDGE ( 'NONE', *, *, #4895, .T. ) ;
#1429 = ORIENTED_EDGE ( 'NONE', *, *, #5409, .F. ) ;
#1430 = ORIENTED_EDGE ( 'NONE', *, *, #9752, .F. ) ;
#1431 = CARTESIAN_POINT ( 'NONE',  ( -7.017882862100588426, 20.78641401289932134, 1.500000000000000444 ) ) ;
#1432 = PLANE ( 'NONE',  #3706 ) ;
#1433 = LINE ( 'NONE', #6397, #4118 ) ;
#1434 = DIRECTION ( 'NONE',  ( 1.000000000000000000, 0.000000000000000000, 0.000000000000000000 ) ) ;
#1435 = CARTESIAN_POINT ( 'NONE',  ( -122.0000000000000000, 20.85065487298235709, 2.500000000000000000 ) ) ;
#1436 = ORIENTED_EDGE ( 'NONE', *, *, #4351, .F. ) ;
#1437 = DIRECTION ( 'NONE',  ( 0.7071067811865479058, -0.7071067811865470176, -1.137307002876260060E-16 ) ) ;
#1438 = EDGE_LOOP ( 'NONE', ( #4071, #2910, #5653, #3685 ) ) ;
#1439 = VERTEX_POINT ( 'NONE', #2058 ) ;
#1440 = EDGE_LOOP ( 'NONE', ( #2653, #6213, #9654, #4274 ) ) ;
#1441 = EDGE_CURVE ( 'NONE', #6598, #8292, #8621, .T. ) ;
#1442 = EDGE_CURVE ( 'NONE', #8820, #1219, #429, .T. ) ;
#1443 = DIRECTION ( 'NONE',  ( -1.000000000000000000, 0.000000000000000000, 0.000000000000000000 ) ) ;
#1444 = FACE_OUTER_BOUND ( 'NONE', #3414, .T. ) ;
#1445 = EDGE_LOOP ( 'NONE', ( #3758, #9510, #9123, #4049, #3063, #9703, #9040, #1238, #7465, #9718, #9183 ) ) ;
#1446 = LINE ( 'NONE', #6245, #4446 ) ;
#1447 = DIRECTION ( 'NONE',  ( -0.000000000000000000, -0.000000000000000000, 1.000000000000000000 ) ) ;
#1448 = CARTESIAN_POINT ( 'NONE',  ( -37.06788286210058203, 20.78641401289932134, -2.999999999999999112 ) ) ;
#1449 = ORIENTED_EDGE ( 'NONE', *, *, #9176, .T. ) ;
#1450 = CARTESIAN_POINT ( 'NONE',  ( 39.25000000000000000, 23.15429687500000000, 4.000000000000000000 ) ) ;
#1451 = VERTEX_POINT ( 'NONE', #10076 ) ;
#1452 = ORIENTED_EDGE ( 'NONE', *, *, #9994, .T. ) ;
#1453 = EDGE_CURVE ( 'NONE', #1993, #8642, #10130, .T. ) ;
#1454 = LINE ( 'NONE', #4745, #653 ) ;
#1455 = EDGE_CURVE ( 'NONE', #7065, #3721, #9324, .T. ) ;
#1456 = DIRECTION ( 'NONE',  ( 0.000000000000000000, -0.000000000000000000, -1.000000000000000000 ) ) ;
#1457 = VECTOR ( 'NONE', #9106, 1000.000000000000114 ) ;
#1458 = CARTESIAN_POINT ( 'NONE',  ( -78.41788286210058345, 15.48641401289931885, 0.5000000000000004441 ) ) ;
#1459 = PLANE ( 'NONE',  #3529 ) ;
#1460 = EDGE_CURVE ( 'NONE', #2254, #3016, #2322, .T. ) ;
#1461 = CARTESIAN_POINT ( 'NONE',  ( 39.25000000000000000, 22.40429687500000355, 6.000000000000000000 ) ) ;
#1462 = CARTESIAN_POINT ( 'NONE',  ( -60.06788286210057493, 20.78641401289932134, 1.500000000000000444 ) ) ;
#1463 = LINE ( 'NONE', #10397, #5347 ) ;
#1464 = VERTEX_POINT ( 'NONE', #7923 ) ;
#1465 = ORIENTED_EDGE ( 'NONE', *, *, #4907, .T. ) ;
#1466 = ORIENTED_EDGE ( 'NONE', *, *, #7028, .T. ) ;
#1467 = VECTOR ( 'NONE', #2355, 1000.000000000000000 ) ;
#1468 = AXIS2_PLACEMENT_3D ( 'NONE', #7341, #4164, #7498 ) ;
#1469 = CARTESIAN_POINT ( 'NONE',  ( 45.84999999999998721, 25.25429687499999076, 0.000000000000000000 ) ) ;
#1470 = ADVANCED_FACE ( 'NONE', ( #8669 ), #9531, .F. ) ;
#1471 = LINE ( 'NONE', #554, #8123 ) ;
#1472 = CARTESIAN_POINT ( 'NONE',  ( -82.41788286210059766, 15.48641401289931885, 0.5000000000000004441 ) ) ;
#1473 = CARTESIAN_POINT ( 'NONE',  ( -36.41788286210059766, 22.78641401289931778, 0.5000000000000004441 ) ) ;
#1474 = VECTOR ( 'NONE', #4717, 1000.000000000000000 ) ;
#1475 = DIRECTION ( 'NONE',  ( 0.7071067811865475727, 0.000000000000000000, 0.7071067811865475727 ) ) ;
#1476 = DIRECTION ( 'NONE',  ( 0.000000000000000000, -0.000000000000000000, -1.000000000000000000 ) ) ;
#1477 = LINE ( 'NONE', #614, #7416 ) ;
#1478 = VERTEX_POINT ( 'NONE', #1294 ) ;
#1479 = AXIS2_PLACEMENT_3D ( 'NONE', #3593, #8598, #2032 ) ;
#1480 = ORIENTED_EDGE ( 'NONE', *, *, #3155, .F. ) ;
#1481 = EDGE_CURVE ( 'NONE', #1883, #908, #3944, .T. ) ;
#1482 = VECTOR ( 'NONE', #8798, 1000.000000000000000 ) ;
#1483 = VECTOR ( 'NONE', #2072, 1000.000000000000000 ) ;
#1484 = FACE_OUTER_BOUND ( 'NONE', #6172, .T. ) ;
#1485 = DIRECTION ( 'NONE',  ( 0.000000000000000000, 0.000000000000000000, 1.000000000000000000 ) ) ;
#1486 = DIRECTION ( 'NONE',  ( -0.000000000000000000, -0.000000000000000000, 1.000000000000000000 ) ) ;
#1487 = DIRECTION ( 'NONE',  ( 1.000000000000000000, 9.183830166936036979E-17, -0.000000000000000000 ) ) ;
#1488 = LINE ( 'NONE', #4778, #8508 ) ;
#1489 = ORIENTED_EDGE ( 'NONE', *, *, #10435, .T. ) ;
#1490 = DIRECTION ( 'NONE',  ( -0.7071067811865462405, -0.7071067811865489050, 0.000000000000000000 ) ) ;
#1491 = ORIENTED_EDGE ( 'NONE', *, *, #9271, .F. ) ;
#1492 = VECTOR ( 'NONE', #1068, 1000.000000000000000 ) ;
#1493 = ORIENTED_EDGE ( 'NONE', *, *, #2913, .T. ) ;
#1494 = EDGE_LOOP ( 'NONE', ( #9472, #6465, #1962, #4287, #2146, #5159, #100, #8407 ) ) ;
#1495 = VECTOR ( 'NONE', #2086, 1000.000000000000000 ) ;
#1496 = VECTOR ( 'NONE', #2422, 1000.000000000000000 ) ;
#1497 = PLANE ( 'NONE',  #292 ) ;
#1498 = DIRECTION ( 'NONE',  ( -0.000000000000000000, -0.000000000000000000, 1.000000000000000000 ) ) ;
#1499 = CARTESIAN_POINT ( 'NONE',  ( 39.25000000000000000, 13.90429687500000178, 6.000000000000000000 ) ) ;
#1500 = DIRECTION ( 'NONE',  ( 0.000000000000000000, 0.000000000000000000, 1.000000000000000000 ) ) ;
#1501 = VECTOR ( 'NONE', #3458, 1000.000000000000000 ) ;
#1502 = DIRECTION ( 'NONE',  ( -0.000000000000000000, -0.000000000000000000, 1.000000000000000000 ) ) ;
#1503 = ORIENTED_EDGE ( 'NONE', *, *, #1592, .T. ) ;
#1504 = FACE_OUTER_BOUND ( 'NONE', #6548, .T. ) ;
#1505 = VERTEX_POINT ( 'NONE', #1458 ) ;
#1506 = EDGE_CURVE ( 'NONE', #335, #4781, #3777, .T. ) ;
#1507 = ORIENTED_EDGE ( 'NONE', *, *, #8748, .F. ) ;
#1508 = ADVANCED_FACE ( 'NONE', ( #4692 ), #7274, .F. ) ;
#1509 = VECTOR ( 'NONE', #649, 1000.000000000000000 ) ;
#1510 = DIRECTION ( 'NONE',  ( -1.734723475976806902E-18, -1.000000000000000000, 0.000000000000000000 ) ) ;
#1511 = LINE ( 'NONE', #4798, #8727 ) ;
#1512 = FACE_OUTER_BOUND ( 'NONE', #8012, .T. ) ;
#1513 = DIRECTION ( 'NONE',  ( -0.7071067811865483499, 0.7071067811865466846, 0.000000000000000000 ) ) ;
#1514 = EDGE_CURVE ( 'NONE', #7970, #8979, #8031, .T. ) ;
#1515 = VECTOR ( 'NONE', #8734, 1000.000000000000000 ) ;
#1516 = DIRECTION ( 'NONE',  ( -0.7071067811865483499, 0.7071067811865466846, 1.137307002876259321E-16 ) ) ;
#1517 = LINE ( 'NONE', #4804, #3545 ) ;
#1518 = CARTESIAN_POINT ( 'NONE',  ( -75.38211713789925739, 16.07582173911838197, 1.500000000000000444 ) ) ;
#1519 = VERTEX_POINT ( 'NONE', #6372 ) ;
#1520 = EDGE_CURVE ( 'NONE', #8899, #1547, #8784, .T. ) ;
#1521 = ORIENTED_EDGE ( 'NONE', *, *, #1455, .T. ) ;
#1522 = VECTOR ( 'NONE', #5791, 999.9999999999998863 ) ;
#1523 = ORIENTED_EDGE ( 'NONE', *, *, #7453, .T. ) ;
#1524 = ORIENTED_EDGE ( 'NONE', *, *, #195, .F. ) ;
#1525 = ADVANCED_FACE ( 'NONE', ( #1408 ), #10507, .F. ) ;
#1526 = CARTESIAN_POINT ( 'NONE',  ( -82.47847513588153845, 13.13641401289931920, 1.500000000000000444 ) ) ;
#1527 = LINE ( 'NONE', #9763, #2959 ) ;
#1528 = LINE ( 'NONE', #714, #10008 ) ;
#1529 = CARTESIAN_POINT ( 'NONE',  ( -13.41788286210060477, 22.78641401289931778, 0.5000000000000004441 ) ) ;
#1530 = CARTESIAN_POINT ( 'NONE',  ( -6.382117137899268045, 20.23277201088161803, 4.000000000000000000 ) ) ;
#1531 = DIRECTION ( 'NONE',  ( 0.000000000000000000, -1.000000000000000000, 0.000000000000000000 ) ) ;
#1532 = LINE ( 'NONE', #669, #2079 ) ;
#1533 = ORIENTED_EDGE ( 'NONE', *, *, #9043, .T. ) ;
#1534 = AXIS2_PLACEMENT_3D ( 'NONE', #1282, #7046, #8075 ) ;
#1535 = APPROVAL_ROLE ( '' ) ;
#1536 = ORIENTED_EDGE ( 'NONE', *, *, #6814, .T. ) ;
#1537 = ADVANCED_FACE ( 'NONE', ( #3083 ), #7975, .F. ) ;
#1538 = ORIENTED_EDGE ( 'NONE', *, *, #1920, .F. ) ;
#1539 = VECTOR ( 'NONE', #4241, 1000.000000000000000 ) ;
#1540 = CARTESIAN_POINT ( 'NONE',  ( 39.25000000000000000, 13.90429687500000178, 4.000000000000000000 ) ) ;
#1541 = LINE ( 'NONE', #5632, #7835 ) ;
#1542 = DIRECTION ( 'NONE',  ( -0.7071067811865489050, 0.7071067811865462405, 0.000000000000000000 ) ) ;
#1543 = LINE ( 'NONE', #7199, #616 ) ;
#1544 = DIRECTION ( 'NONE',  ( -0.000000000000000000, 0.000000000000000000, 1.000000000000000000 ) ) ;
#1545 = VERTEX_POINT ( 'NONE', #10453 ) ;
#1546 = CARTESIAN_POINT ( 'NONE',  ( -30.01788286210058132, 15.50448725967913610, 1.500000000000000444 ) ) ;
#1547 = VERTEX_POINT ( 'NONE', #3885 ) ;
#1548 = EDGE_CURVE ( 'NONE', #6403, #971, #3135, .T. ) ;
#1549 = VECTOR ( 'NONE', #3355, 1000.000000000000000 ) ;
#1550 = EDGE_LOOP ( 'NONE', ( #5302, #5197, #4847, #2805 ) ) ;
#1551 = ORIENTED_EDGE ( 'NONE', *, *, #3844, .T. ) ;
#1552 = DIRECTION ( 'NONE',  ( -0.7071067811865462405, -0.7071067811865489050, -1.137307002876262525E-16 ) ) ;
#1553 = LINE ( 'NONE', #6514, #9930 ) ;
#1554 = DIRECTION ( 'NONE',  ( 1.000000000000000000, 0.000000000000000000, 0.000000000000000000 ) ) ;
#1555 = DIRECTION ( 'NONE',  ( 0.000000000000000000, -1.000000000000000000, 0.000000000000000000 ) ) ;
#1556 = ADVANCED_FACE ( 'NONE', ( #1512 ), #10392, .F. ) ;
#1557 = DIRECTION ( 'NONE',  ( -6.938893903907234689E-15, 1.000000000000000000, 0.000000000000000000 ) ) ;
#1558 = ORIENTED_EDGE ( 'NONE', *, *, #10463, .F. ) ;
#1559 = PLANE ( 'NONE',  #461 ) ;
#1560 = ORIENTED_EDGE ( 'NONE', *, *, #1847, .F. ) ;
#1561 = ORIENTED_EDGE ( 'NONE', *, *, #471, .F. ) ;
#1562 = PLANE ( 'NONE',  #8226 ) ;
#1563 = DIRECTION ( 'NONE',  ( 1.000000000000000000, 0.000000000000000000, 0.000000000000000000 ) ) ;
#1564 = CARTESIAN_POINT ( 'NONE',  ( -13.47847513588154555, 13.13641401289931920, 1.500000000000000444 ) ) ;
#1565 = VECTOR ( 'NONE', #1790, 1000.000000000000000 ) ;
#1566 = VERTEX_POINT ( 'NONE', #7869 ) ;
#1567 = CARTESIAN_POINT ( 'NONE',  ( 13.69635799798237308, 13.15429687500000178, 1.500000000000000444 ) ) ;
#1568 = DIRECTION ( 'NONE',  ( -0.000000000000000000, -0.000000000000000000, 1.000000000000000000 ) ) ;
#1569 = ORIENTED_EDGE ( 'NONE', *, *, #9055, .F. ) ;
#1570 = VERTEX_POINT ( 'NONE', #2161 ) ;
#1571 = ORIENTED_EDGE ( 'NONE', *, *, #8506, .T. ) ;
#1572 = VECTOR ( 'NONE', #8457, 1000.000000000000114 ) ;
#1573 = EDGE_CURVE ( 'NONE', #6760, #7439, #699, .T. ) ;
#1574 = PRODUCT_DEFINITION ( 'UNKNOWN', '', #4417, #5524 ) ;
#1575 = DIRECTION ( 'NONE',  ( 0.7071067811865479058, -0.7071067811865470176, -1.137307002876260060E-16 ) ) ;
#1576 = EDGE_CURVE ( 'NONE', #3890, #346, #6473, .T. ) ;
#1577 = DIRECTION ( 'NONE',  ( 1.734723475976806902E-18, 1.000000000000000000, 0.000000000000000000 ) ) ;
#1578 = DIRECTION ( 'NONE',  ( 1.000000000000000000, 0.000000000000000000, -0.000000000000000000 ) ) ;
#1579 = DIRECTION ( 'NONE',  ( 0.7071067811865474617, 0.7071067811865474617, 0.000000000000000000 ) ) ;
#1580 = ADVANCED_FACE ( 'NONE', ( #9751 ), #1353, .F. ) ;
#1581 = CARTESIAN_POINT ( 'NONE',  ( -16.41788286210060832, 16.07582173911837842, 2.499999999999999112 ) ) ;
#1582 = CARTESIAN_POINT ( 'NONE',  ( 32.58211713789940944, 13.48641401289931885, 0.5000000000000004441 ) ) ;
#1583 = VECTOR ( 'NONE', #3913, 1000.000000000000000 ) ;
#1584 = PLANE ( 'NONE',  #6895 ) ;
#1585 = ORIENTED_EDGE ( 'NONE', *, *, #4121, .T. ) ;
#1586 = ADVANCED_FACE ( 'NONE', ( #2220 ), #5502, .F. ) ;
#1587 = ORIENTED_EDGE ( 'NONE', *, *, #9420, .T. ) ;
#1588 = EDGE_LOOP ( 'NONE', ( #9847, #6783, #1270, #2592 ) ) ;
#1589 = VECTOR ( 'NONE', #4874, 1000.000000000000000 ) ;
#1590 = DIRECTION ( 'NONE',  ( 0.7071067811865479058, -0.7071067811865470176, 0.000000000000000000 ) ) ;
#1591 = FACE_OUTER_BOUND ( 'NONE', #3863, .T. ) ;
#1592 = EDGE_CURVE ( 'NONE', #4935, #10005, #5009, .T. ) ;
#1593 = PLANE ( 'NONE',  #5137 ) ;
#1594 = LINE ( 'NONE', #4878, #3541 ) ;
#1595 = DIRECTION ( 'NONE',  ( 1.000000000000000000, 0.000000000000000000, 0.000000000000000000 ) ) ;
#1596 = VERTEX_POINT ( 'NONE', #8943 ) ;
#1597 = DIRECTION ( 'NONE',  ( 0.000000000000000000, -0.000000000000000000, 1.000000000000000000 ) ) ;
#1598 = ADVANCED_FACE ( 'NONE', ( #9048 ), #4257, .F. ) ;
#1599 = ORIENTED_EDGE ( 'NONE', *, *, #536, .T. ) ;
#1600 = ORIENTED_EDGE ( 'NONE', *, *, #4334, .T. ) ;
#1601 = VERTEX_POINT ( 'NONE', #6686 ) ;
#1602 = DIRECTION ( 'NONE',  ( -8.163404592832032733E-17, 1.000000000000000000, 0.000000000000000000 ) ) ;
#1603 = DIRECTION ( 'NONE',  ( 1.000000000000000000, 0.000000000000000000, 0.000000000000000000 ) ) ;
#1604 = EDGE_CURVE ( 'NONE', #5779, #863, #163, .T. ) ;
#1605 = CARTESIAN_POINT ( 'NONE',  ( -15.81788286210059091, 15.48641401289931885, 1.500000000000000444 ) ) ;
#1606 = CARTESIAN_POINT ( 'NONE',  ( -105.4784751358815384, 13.13641401289931920, 6.000000000000000000 ) ) ;
#1607 = CARTESIAN_POINT ( 'NONE',  ( -137.7499999999999716, 20.85065487298235709, 4.000000000000000000 ) ) ;
#1608 = ORIENTED_EDGE ( 'NONE', *, *, #5979, .F. ) ;
#1609 = CARTESIAN_POINT ( 'NONE',  ( 39.00000000000000711, 15.45793887701764291, 2.499999999999999112 ) ) ;
#1610 = ORIENTED_EDGE ( 'NONE', *, *, #5386, .F. ) ;
#1611 = ORIENTED_EDGE ( 'NONE', *, *, #9001, .F. ) ;
#1612 = EDGE_CURVE ( 'NONE', #9501, #6583, #5868, .T. ) ;
#1613 = LINE ( 'NONE', #6684, #1858 ) ;
#1614 = FACE_OUTER_BOUND ( 'NONE', #6934, .T. ) ;
#1615 = CARTESIAN_POINT ( 'NONE',  ( 37.23211713789942223, 15.48641401289931885, 0.000000000000000000 ) ) ;
#1616 = LINE ( 'NONE', #7126, #620 ) ;
#1617 = ORIENTED_EDGE ( 'NONE', *, *, #5724, .T. ) ;
#1618 = CARTESIAN_POINT ( 'NONE',  ( -84.79999999999985505, 20.85065487298235709, 4.000000000000000000 ) ) ;
#1619 = CARTESIAN_POINT ( 'NONE',  ( -82.41788286210059766, 20.78641401289932134, 0.5000000000000004441 ) ) ;
#1620 = ORIENTED_EDGE ( 'NONE', *, *, #6791, .F. ) ;
#1621 = EDGE_LOOP ( 'NONE', ( #8080, #5200, #9027, #4730 ) ) ;
#1622 = VERTEX_POINT ( 'NONE', #3237 ) ;
#1623 = FACE_OUTER_BOUND ( 'NONE', #5278, .T. ) ;
#1624 = CARTESIAN_POINT ( 'NONE',  ( 9.521524864118447340, 23.17217973710065948, 1.500000000000000444 ) ) ;
#1625 = DIRECTION ( 'NONE',  ( 9.183830166936036979E-17, -1.000000000000000000, 0.000000000000000000 ) ) ;
#1626 = DIRECTION ( 'NONE',  ( -1.000000000000000000, -0.000000000000000000, -0.000000000000000000 ) ) ;
#1627 = LINE ( 'NONE', #4916, #1717 ) ;
#1628 = DIRECTION ( 'NONE',  ( -0.000000000000000000, -0.000000000000000000, 1.000000000000000000 ) ) ;
#1629 = DIRECTION ( 'NONE',  ( -0.7071067811865462405, -0.7071067811865489050, 0.000000000000000000 ) ) ;
#1630 = VERTEX_POINT ( 'NONE', #8249 ) ;
#1631 = ORIENTED_EDGE ( 'NONE', *, *, #10189, .F. ) ;
#1632 = AXIS2_PLACEMENT_3D ( 'NONE', #3073, #6941, #2852 ) ;
#1633 = VECTOR ( 'NONE', #8582, 1000.000000000000114 ) ;
#1634 = ADVANCED_FACE ( 'NONE', ( #5658 ), #9156, .F. ) ;
#1635 = ORIENTED_EDGE ( 'NONE', *, *, #9175, .T. ) ;
#1636 = EDGE_CURVE ( 'NONE', #10125, #8111, #911, .T. ) ;
#1637 = VECTOR ( 'NONE', #3522, 1000.000000000000000 ) ;
#1638 = AXIS2_PLACEMENT_3D ( 'NONE', #2785, #8488, #9404 ) ;
#1639 = PLANE ( 'NONE',  #4858 ) ;
#1640 = CARTESIAN_POINT ( 'NONE',  ( 7.200000000000151168, 20.85065487298235709, 1.500000000000000444 ) ) ;
#1641 = DIRECTION ( 'NONE',  ( -0.000000000000000000, -0.000000000000000000, 1.000000000000000000 ) ) ;
#1642 = FACE_OUTER_BOUND ( 'NONE', #6400, .T. ) ;
#1643 = PLANE ( 'NONE',  #6462 ) ;
#1644 = ORIENTED_EDGE ( 'NONE', *, *, #7585, .F. ) ;
#1645 = ADVANCED_FACE ( 'NONE', ( #6576 ), #2478, .F. ) ;
#1646 = PLANE ( 'NONE',  #5786 ) ;
#1647 = ORIENTED_EDGE ( 'NONE', *, *, #1321, .T. ) ;
#1648 = ORIENTED_EDGE ( 'NONE', *, *, #9623, .F. ) ;
#1649 = VECTOR ( 'NONE', #6756, 1000.000000000000000 ) ;
#1650 = VECTOR ( 'NONE', #10626, 1000.000000000000000 ) ;
#1651 = ORIENTED_EDGE ( 'NONE', *, *, #726, .T. ) ;
#1652 = EDGE_CURVE ( 'NONE', #3711, #1622, #2427, .T. ) ;
#1653 = EDGE_CURVE ( 'NONE', #4922, #10305, #752, .T. ) ;
#1654 = CARTESIAN_POINT ( 'NONE',  ( 13.69635799798237663, 13.15429687500000178, 4.000000000000000000 ) ) ;
#1655 = DIRECTION ( 'NONE',  ( 0.000000000000000000, 1.000000000000000000, 1.608394988049504315E-16 ) ) ;
#1656 = LINE ( 'NONE', #847, #6509 ) ;
#1657 = CARTESIAN_POINT ( 'NONE',  ( 14.23211713789943111, 15.50448725967913610, 1.500000000000000444 ) ) ;
#1658 = CARTESIAN_POINT ( 'NONE',  ( 13.67847513588169051, 13.13641401289931920, 6.000000000000000000 ) ) ;
#1659 = VECTOR ( 'NONE', #7872, 1000.000000000000000 ) ;
#1660 = CARTESIAN_POINT ( 'NONE',  ( -30.01788286210058132, 20.78641401289932134, 1.500000000000000444 ) ) ;
#1661 = ORIENTED_EDGE ( 'NONE', *, *, #2585, .F. ) ;
#1662 = CARTESIAN_POINT ( 'NONE',  ( 31.93211713789942507, 20.80448725967914925, 1.500000000000000444 ) ) ;
#1663 = VERTEX_POINT ( 'NONE', #8993 ) ;
#1664 = ORIENTED_EDGE ( 'NONE', *, *, #7620, .T. ) ;
#1665 = EDGE_CURVE ( 'NONE', #7452, #2374, #7327, .T. ) ;
#1666 = VECTOR ( 'NONE', #8290, 999.9999999999998863 ) ;
#1667 = LINE ( 'NONE', #4096, #3239 ) ;
#1668 = VECTOR ( 'NONE', #2335, 1000.000000000000000 ) ;
#1669 = CARTESIAN_POINT ( 'NONE',  ( -130.7500000000000000, 13.15429687499998934, 6.000000000000000000 ) ) ;
#1670 = LINE ( 'NONE', #4957, #487 ) ;
#1671 = CARTESIAN_POINT ( 'NONE',  ( -105.4963579979822157, 13.15429687499999112, 1.500000000000000444 ) ) ;
#1672 = VERTEX_POINT ( 'NONE', #1615 ) ;
#1673 = LINE ( 'NONE', #2540, #9226 ) ;
#1674 = CARTESIAN_POINT ( 'NONE',  ( -32.41788286210058345, 15.48641401289931885, 0.5000000000000004441 ) ) ;
#1675 = ORIENTED_EDGE ( 'NONE', *, *, #5485, .F. ) ;
#1676 = EDGE_CURVE ( 'NONE', #2882, #9124, #4148, .T. ) ;
#1677 = ORIENTED_EDGE ( 'NONE', *, *, #2115, .F. ) ;
#1678 = VECTOR ( 'NONE', #2426, 1000.000000000000000 ) ;
#1679 = EDGE_CURVE ( 'NONE', #5921, #2644, #8301, .T. ) ;
#1680 = ORIENTED_EDGE ( 'NONE', *, *, #9926, .T. ) ;
#1681 = VECTOR ( 'NONE', #4676, 1000.000000000000000 ) ;
#1682 = CARTESIAN_POINT ( 'NONE',  ( 9.582117137899414772, 15.48641401289931885, 0.5000000000000004441 ) ) ;
#1683 = LINE ( 'NONE', #3302, #6049 ) ;
#1684 = VECTOR ( 'NONE', #7972, 999.9999999999998863 ) ;
#1685 = DIRECTION ( 'NONE',  ( -0.000000000000000000, 0.000000000000000000, 1.000000000000000000 ) ) ;
#1686 = DIRECTION ( 'NONE',  ( 0.7071067811865479058, -0.7071067811865470176, 0.000000000000000000 ) ) ;
#1687 = VECTOR ( 'NONE', #5479, 1000.000000000000000 ) ;
#1688 = DIRECTION ( 'NONE',  ( -1.000000000000000000, -0.000000000000000000, -0.000000000000000000 ) ) ;
#1689 = DIRECTION ( 'NONE',  ( -1.000000000000000000, 0.000000000000000000, 0.000000000000000000 ) ) ;
#1690 = CARTESIAN_POINT ( 'NONE',  ( -78.32152486411830239, 23.17217973710065948, 1.500000000000000444 ) ) ;
#1691 = ORIENTED_EDGE ( 'NONE', *, *, #8681, .T. ) ;
#1692 = ORIENTED_EDGE ( 'NONE', *, *, #3613, .T. ) ;
#1693 = ORIENTED_EDGE ( 'NONE', *, *, #1422, .T. ) ;
#1694 = VECTOR ( 'NONE', #3779, 1000.000000000000000 ) ;
#1695 = EDGE_CURVE ( 'NONE', #780, #7485, #1670, .T. ) ;
#1696 = DIRECTION ( 'NONE',  ( 0.000000000000000000, -0.000000000000000000, 1.000000000000000000 ) ) ;
#1697 = DIRECTION ( 'NONE',  ( 0.000000000000000000, -1.000000000000000000, -1.608394988049504315E-16 ) ) ;
#1698 = VECTOR ( 'NONE', #5913, 1000.000000000000114 ) ;
#1699 = FACE_OUTER_BOUND ( 'NONE', #2318, .T. ) ;
#1700 = DIRECTION ( 'NONE',  ( -0.7071067811865462405, -0.7071067811865489050, 0.000000000000000000 ) ) ;
#1701 = CARTESIAN_POINT ( 'NONE',  ( 13.69635799798236420, 23.15429687499999645, 1.500000000000000444 ) ) ;
#1702 = VERTEX_POINT ( 'NONE', #7482 ) ;
#1703 = LINE ( 'NONE', #10639, #1138 ) ;
#1704 = ORIENTED_EDGE ( 'NONE', *, *, #8833, .F. ) ;
#1705 = VERTEX_POINT ( 'NONE', #7433 ) ;
#1706 = ORIENTED_EDGE ( 'NONE', *, *, #9534, .T. ) ;
#1707 = AXIS2_PLACEMENT_3D ( 'NONE', #6552, #3208, #6503 ) ;
#1708 = EDGE_CURVE ( 'NONE', #8352, #5291, #54, .T. ) ;
#1709 = LINE ( 'NONE', #845, #9479 ) ;
#1710 = EDGE_CURVE ( 'NONE', #2484, #9222, #2537, .T. ) ;
#1711 = LINE ( 'NONE', #4939, #6496 ) ;
#1712 = EDGE_CURVE ( 'NONE', #722, #1545, #3397, .T. ) ;
#1713 = LINE ( 'NONE', #5096, #10623 ) ;
#1714 = PLANE ( 'NONE',  #7556 ) ;
#1715 = LINE ( 'NONE', #9142, #6801 ) ;
#1716 = CARTESIAN_POINT ( 'NONE',  ( -39.41788286210059766, 16.07582173911837842, 1.500000000000000444 ) ) ;
#1717 = VECTOR ( 'NONE', #8206, 1000.000000000000000 ) ;
#1718 = DIRECTION ( 'NONE',  ( 1.000000000000000000, 6.938893903907234689E-15, 0.000000000000000000 ) ) ;
#1719 = EDGE_LOOP ( 'NONE', ( #1180, #7044, #10398, #4540 ) ) ;
#1720 = PLANE ( 'NONE',  #6830 ) ;
#1721 = ORIENTED_EDGE ( 'NONE', *, *, #7404, .F. ) ;
#1722 = ADVANCED_FACE ( 'NONE', ( #6025 ), #2637, .F. ) ;
#1723 = VERTEX_POINT ( 'NONE', #211 ) ;
#1724 = DIRECTION ( 'NONE',  ( -1.734723475976806902E-18, -1.000000000000000000, 0.000000000000000000 ) ) ;
#1725 = CARTESIAN_POINT ( 'NONE',  ( -84.79999999999985505, 15.45793887701764291, 2.499999999999999112 ) ) ;
#1726 = CARTESIAN_POINT ( 'NONE',  ( -137.7499999999999716, 20.85065487298235709, 4.000000000000000000 ) ) ;
#1727 = LINE ( 'NONE', #5011, #8857 ) ;
#1728 = ADVANCED_FACE ( 'NONE', ( #1174 ), #1230, .T. ) ;
#1729 = ORIENTED_EDGE ( 'NONE', *, *, #5995, .F. ) ;
#1730 = LINE ( 'NONE', #8, #7675 ) ;
#1731 = DIRECTION ( 'NONE',  ( -1.000000000000000000, 0.000000000000000000, 0.000000000000000000 ) ) ;
#1732 = ORIENTED_EDGE ( 'NONE', *, *, #5740, .T. ) ;
#1733 = EDGE_LOOP ( 'NONE', ( #8948, #497, #8106, #4884, #4796, #7160 ) ) ;
#1734 = ORIENTED_EDGE ( 'NONE', *, *, #7493, .T. ) ;
#1735 = DIRECTION ( 'NONE',  ( 1.000000000000000000, -0.000000000000000000, -0.000000000000000000 ) ) ;
#1736 = DIRECTION ( 'NONE',  ( 0.000000000000000000, -0.000000000000000000, 1.000000000000000000 ) ) ;
#1737 = FACE_OUTER_BOUND ( 'NONE', #7547, .T. ) ;
#1738 = CARTESIAN_POINT ( 'NONE',  ( 13.67847513588169051, 13.13641401289931920, 1.500000000000000444 ) ) ;
#1739 = EDGE_CURVE ( 'NONE', #6582, #4934, #4463, .T. ) ;
#1740 = LINE ( 'NONE', #69, #9221 ) ;
#1741 = FACE_OUTER_BOUND ( 'NONE', #7050, .T. ) ;
#1742 = ORIENTED_EDGE ( 'NONE', *, *, #3002, .T. ) ;
#1743 = ORIENTED_EDGE ( 'NONE', *, *, #8044, .T. ) ;
#1744 = VECTOR ( 'NONE', #1629, 999.9999999999998863 ) ;
#1745 = ORIENTED_EDGE ( 'NONE', *, *, #3880, .T. ) ;
#1746 = EDGE_CURVE ( 'NONE', #7205, #680, #313, .T. ) ;
#1747 = AXIS2_PLACEMENT_3D ( 'NONE', #1518, #4805, #4643 ) ;
#1748 = CARTESIAN_POINT ( 'NONE',  ( 13.58211713789943254, 20.78641401289932134, 1.500000000000000444 ) ) ;
#1749 = CARTESIAN_POINT ( 'NONE',  ( -124.4178828621005977, 22.78641401289931778, 0.5000000000000004441 ) ) ;
#1750 = VECTOR ( 'NONE', #6382, 1000.000000000000000 ) ;
#1751 = DIRECTION ( 'NONE',  ( 0.000000000000000000, 0.000000000000000000, 1.000000000000000000 ) ) ;
#1752 = FACE_OUTER_BOUND ( 'NONE', #4511, .T. ) ;
#1753 = CARTESIAN_POINT ( 'NONE',  ( 29.58211713789940589, 20.23277201088161092, 2.500000000000000000 ) ) ;
#1754 = ORIENTED_EDGE ( 'NONE', *, *, #1335, .F. ) ;
#1755 = VERTEX_POINT ( 'NONE', #5112 ) ;
#1756 = ORIENTED_EDGE ( 'NONE', *, *, #593, .F. ) ;
#1757 = VECTOR ( 'NONE', #6114, 1000.000000000000000 ) ;
#1758 = ORIENTED_EDGE ( 'NONE', *, *, #8885, .F. ) ;
#1759 = VECTOR ( 'NONE', #2441, 1000.000000000000000 ) ;
#1760 = FACE_OUTER_BOUND ( 'NONE', #9163, .T. ) ;
#1761 = DIRECTION ( 'NONE',  ( 0.000000000000000000, -0.000000000000000000, 1.000000000000000000 ) ) ;
#1762 = CARTESIAN_POINT ( 'NONE',  ( -53.01788286210057066, 20.78641401289932134, 0.5000000000000004441 ) ) ;
#1763 = DIRECTION ( 'NONE',  ( 1.000000000000000000, 0.000000000000000000, 0.000000000000000000 ) ) ;
#1764 = CARTESIAN_POINT ( 'NONE',  ( -29.38211713789926094, 20.23277201088161803, 1.500000000000000444 ) ) ;
#1765 = DIRECTION ( 'NONE',  ( 1.000000000000000000, 0.000000000000000000, 0.000000000000000000 ) ) ;
#1766 = DIRECTION ( 'NONE',  ( 1.000000000000000000, 0.000000000000000000, -0.000000000000000000 ) ) ;
#1767 = VERTEX_POINT ( 'NONE', #4408 ) ;
#1768 = DIRECTION ( 'NONE',  ( 0.000000000000000000, -0.000000000000000000, 1.000000000000000000 ) ) ;
#1769 = ORIENTED_EDGE ( 'NONE', *, *, #9674, .T. ) ;
#1770 = ORIENTED_EDGE ( 'NONE', *, *, #5551, .F. ) ;
#1771 = ADVANCED_FACE ( 'NONE', ( #6940 ), #4515, .F. ) ;
#1772 = ADVANCED_FACE ( 'NONE', ( #8609 ), #5269, .T. ) ;
#1773 = CARTESIAN_POINT ( 'NONE',  ( -60.06788286210057493, 20.78641401289932134, 1.500000000000000444 ) ) ;
#1774 = LINE ( 'NONE', #3396, #10616 ) ;
#1775 = CARTESIAN_POINT ( 'NONE',  ( 32.58211713789940944, 15.48641401289931885, 0.5000000000000004441 ) ) ;
#1776 = DIRECTION ( 'NONE',  ( -1.000000000000000000, 0.000000000000000000, 0.000000000000000000 ) ) ;
#1777 = ORIENTED_EDGE ( 'NONE', *, *, #6650, .T. ) ;
#1778 = CARTESIAN_POINT ( 'NONE',  ( -135.2499999999999716, 13.15429687500000355, 0.5999999999999999778 ) ) ;
#1779 = CARTESIAN_POINT ( 'NONE',  ( 39.25000000000000000, 13.15429687500000355, 6.000000000000000000 ) ) ;
#1780 = EDGE_LOOP ( 'NONE', ( #9909, #8057, #1413, #506, #5318, #3513 ) ) ;
#1781 = ORIENTED_EDGE ( 'NONE', *, *, #424, .T. ) ;
#1782 = ORIENTED_EDGE ( 'NONE', *, *, #9225, .T. ) ;
#1783 = EDGE_CURVE ( 'NONE', #9302, #6005, #7802, .T. ) ;
#1784 = DIRECTION ( 'NONE',  ( 0.000000000000000000, 0.000000000000000000, -1.000000000000000000 ) ) ;
#1785 = LINE ( 'NONE', #6745, #10089 ) ;
#1786 = ADVANCED_FACE ( 'NONE', ( #10060 ), #5216, .F. ) ;
#1787 = DIRECTION ( 'NONE',  ( -8.163404592832032733E-17, 1.000000000000000000, 0.000000000000000000 ) ) ;
#1788 = DIRECTION ( 'NONE',  ( 1.000000000000000000, 0.000000000000000000, 0.000000000000000000 ) ) ;
#1789 = DIRECTION ( 'NONE',  ( 0.000000000000000000, -1.000000000000000000, 0.000000000000000000 ) ) ;
#1790 = DIRECTION ( 'NONE',  ( 0.000000000000000000, 1.000000000000000000, 0.000000000000000000 ) ) ;
#1791 = VERTEX_POINT ( 'NONE', #8401 ) ;
#1792 = ORIENTED_EDGE ( 'NONE', *, *, #1442, .T. ) ;
#1793 = VERTEX_POINT ( 'NONE', #8498 ) ;
#1794 = ADVANCED_FACE ( 'NONE', ( #1880 ), #9360, .F. ) ;
#1795 = DIRECTION ( 'NONE',  ( 0.000000000000000000, 0.000000000000000000, -1.000000000000000000 ) ) ;
#1796 = LINE ( 'NONE', #77, #3881 ) ;
#1797 = VECTOR ( 'NONE', #529, 1000.000000000000000 ) ;
#1798 = DIRECTION ( 'NONE',  ( 0.000000000000000000, -0.000000000000000000, 1.000000000000000000 ) ) ;
#1799 = CARTESIAN_POINT ( 'NONE',  ( -105.4178828621005977, 22.78641401289931778, 1.500000000000000444 ) ) ;
#1800 = DIRECTION ( 'NONE',  ( -0.000000000000000000, 0.000000000000000000, 1.000000000000000000 ) ) ;
#1801 = ORIENTED_EDGE ( 'NONE', *, *, #4682, .T. ) ;
#1802 = ORIENTED_EDGE ( 'NONE', *, *, #5272, .F. ) ;
#1803 = ADVANCED_FACE ( 'NONE', ( #6888 ), #9200, .F. ) ;
#1804 = ORIENTED_EDGE ( 'NONE', *, *, #9862, .T. ) ;
#1805 = ORIENTED_EDGE ( 'NONE', *, *, #6189, .T. ) ;
#1806 = VECTOR ( 'NONE', #3644, 1000.000000000000114 ) ;
#1807 = VECTOR ( 'NONE', #8362, 1000.000000000000000 ) ;
#1808 = CARTESIAN_POINT ( 'NONE',  ( -78.32152486411831660, 13.13641401289931920, 4.000000000000000000 ) ) ;
#1809 = LINE ( 'NONE', #2576, #4606 ) ;
#1810 = LINE ( 'NONE', #7526, #7723 ) ;
#1811 = CARTESIAN_POINT ( 'NONE',  ( -130.7500000000000000, 20.90065487298221214, 1.500000000000000444 ) ) ;
#1812 = DIRECTION ( 'NONE',  ( -0.7071067811865483499, 0.7071067811865466846, 0.000000000000000000 ) ) ;
#1813 = PLANE ( 'NONE',  #8059 ) ;
#1814 = AXIS2_PLACEMENT_3D ( 'NONE', #2782, #456, #7839 ) ;
#1815 = ORIENTED_EDGE ( 'NONE', *, *, #8244, .F. ) ;
#1816 = PERSON_AND_ORGANIZATION ( #1199, #7518 ) ;
#1817 = ORIENTED_EDGE ( 'NONE', *, *, #749, .T. ) ;
#1818 = VECTOR ( 'NONE', #8758, 1000.000000000000000 ) ;
#1819 = ORIENTED_EDGE ( 'NONE', *, *, #6127, .F. ) ;
#1820 = AXIS2_PLACEMENT_3D ( 'NONE', #5736, #4176, #1700 ) ;
#1821 = DIRECTION ( 'NONE',  ( 0.000000000000000000, 1.000000000000000000, 1.608394988049504315E-16 ) ) ;
#1822 = DIRECTION ( 'NONE',  ( 0.000000000000000000, 0.000000000000000000, 1.000000000000000000 ) ) ;
#1823 = DIRECTION ( 'NONE',  ( 1.000000000000000000, 0.000000000000000000, 0.000000000000000000 ) ) ;
#1824 = DIRECTION ( 'NONE',  ( -0.000000000000000000, -1.000000000000000000, -0.000000000000000000 ) ) ;
#1825 = ADVANCED_FACE ( 'NONE', ( #8450 ), #5969, .F. ) ;
#1826 = VERTEX_POINT ( 'NONE', #4354 ) ;
#1827 = DIRECTION ( 'NONE',  ( 0.000000000000000000, 1.000000000000000000, 1.608394988049504315E-16 ) ) ;
#1828 = DIRECTION ( 'NONE',  ( 2.790120544412910805E-34, 1.608394988049504315E-16, -1.000000000000000000 ) ) ;
#1829 = ORIENTED_EDGE ( 'NONE', *, *, #5467, .T. ) ;
#1830 = ORIENTED_EDGE ( 'NONE', *, *, #4482, .T. ) ;
#1831 = EDGE_CURVE ( 'NONE', #2815, #9234, #7638, .T. ) ;
#1832 = AXIS2_PLACEMENT_3D ( 'NONE', #5821, #4043, #7329 ) ;
#1833 = ORIENTED_EDGE ( 'NONE', *, *, #5184, .T. ) ;
#1834 = AXIS2_PLACEMENT_3D ( 'NONE', #6696, #276, #7651 ) ;
#1835 = DIRECTION ( 'NONE',  ( -0.7071067811865462405, -0.7071067811865489050, 0.000000000000000000 ) ) ;
#1836 = EDGE_CURVE ( 'NONE', #5411, #1439, #10168, .T. ) ;
#1837 = LINE ( 'NONE', #6898, #9229 ) ;
#1838 = VECTOR ( 'NONE', #1049, 1000.000000000000000 ) ;
#1839 = CARTESIAN_POINT ( 'NONE',  ( -78.41788286210058345, 20.78641401289932134, 0.5000000000000004441 ) ) ;
#1840 = LINE ( 'NONE', #5177, #2669 ) ;
#1841 = ADVANCED_FACE ( 'NONE', ( #6077 ), #1985, .F. ) ;
#1842 = DIRECTION ( 'NONE',  ( -0.7071067811865462405, -0.7071067811865489050, 0.000000000000000000 ) ) ;
#1843 = LINE ( 'NONE', #1690, #534 ) ;
#1844 = VERTEX_POINT ( 'NONE', #8716 ) ;
#1845 = VECTOR ( 'NONE', #1603, 1000.000000000000000 ) ;
#1846 = VERTEX_POINT ( 'NONE', #5543 ) ;
#1847 = EDGE_CURVE ( 'NONE', #2912, #4312, #7212, .T. ) ;
#1848 = VERTEX_POINT ( 'NONE', #6360 ) ;
#1849 = AXIS2_PLACEMENT_3D ( 'NONE', #7097, #1279, #1227 ) ;
#1850 = VECTOR ( 'NONE', #3980, 1000.000000000000114 ) ;
#1851 = DIRECTION ( 'NONE',  ( -1.000000000000000000, 0.000000000000000000, -0.000000000000000000 ) ) ;
#1852 = CARTESIAN_POINT ( 'NONE',  ( 8.932117137899432180, 20.78641401289932134, -2.999999999999999112 ) ) ;
#1853 = CARTESIAN_POINT ( 'NONE',  ( -128.4178828621005835, 20.78641401289932134, 0.5000000000000004441 ) ) ;
#1854 = DIRECTION ( 'NONE',  ( -1.000000000000000000, 0.000000000000000000, 0.000000000000000000 ) ) ;
#1855 = CARTESIAN_POINT ( 'NONE',  ( 36.67847513588168340, 13.13641401289931920, 1.500000000000000444 ) ) ;
#1856 = ORIENTED_EDGE ( 'NONE', *, *, #7179, .F. ) ;
#1857 = ADVANCED_FACE ( 'NONE', ( #10329 ), #8774, .F. ) ;
#1858 = VECTOR ( 'NONE', #4896, 1000.000000000000000 ) ;
#1859 = VERTEX_POINT ( 'NONE', #1499 ) ;
#1860 = ORIENTED_EDGE ( 'NONE', *, *, #6841, .F. ) ;
#1861 = EDGE_LOOP ( 'NONE', ( #6609, #9795, #1961, #2811 ) ) ;
#1862 = AXIS2_PLACEMENT_3D ( 'NONE', #2046, #7749, #363 ) ;
#1863 = CARTESIAN_POINT ( 'NONE',  ( -129.0678828621005891, 20.78641401289932134, 0.5000000000000004441 ) ) ;
#1864 = CARTESIAN_POINT ( 'NONE',  ( -15.08333333333332327, -35.67903645833332860, -60.93333333333331581 ) ) ;
#1865 = DIRECTION ( 'NONE',  ( 0.000000000000000000, 0.000000000000000000, -1.000000000000000000 ) ) ;
#1866 = DIRECTION ( 'NONE',  ( 0.000000000000000000, 0.000000000000000000, -1.000000000000000000 ) ) ;
#1867 = DIRECTION ( 'NONE',  ( 0.6785983445458412255, -0.2810846377148484287, -0.6785983445458412255 ) ) ;
#1868 = DIRECTION ( 'NONE',  ( 0.7071067811865462405, 0.7071067811865489050, 0.000000000000000000 ) ) ;
#1869 = ADVANCED_FACE ( 'NONE', ( #8017 ), #7154, .F. ) ;
#1870 = CARTESIAN_POINT ( 'NONE',  ( -137.7499999999999716, 15.45793887701764291, 2.499999999999999112 ) ) ;
#1871 = EDGE_LOOP ( 'NONE', ( #1210, #4555, #8592, #4820 ) ) ;
#1872 = DIRECTION ( 'NONE',  ( 1.000000000000000000, 0.000000000000000000, 0.000000000000000000 ) ) ;
#1873 = VERTEX_POINT ( 'NONE', #6302 ) ;
#1874 = AXIS2_PLACEMENT_3D ( 'NONE', #776, #1542, #8970 ) ;
#1875 = ORIENTED_EDGE ( 'NONE', *, *, #2041, .T. ) ;
#1876 = EDGE_CURVE ( 'NONE', #5875, #8546, #2905, .T. ) ;
#1877 = DIRECTION ( 'NONE',  ( -0.7071067811865489050, 0.7071067811865462405, 0.000000000000000000 ) ) ;
#1878 = CARTESIAN_POINT ( 'NONE',  ( -135.9999999999999716, 23.15429687500000355, 0.2500000000000000000 ) ) ;
#1879 = AXIS2_PLACEMENT_3D ( 'NONE', #1119, #5273, #1066 ) ;
#1880 = FACE_OUTER_BOUND ( 'NONE', #5223, .T. ) ;
#1881 = DIRECTION ( 'NONE',  ( -0.7071067811865483499, 0.7071067811865466846, 0.000000000000000000 ) ) ;
#1882 = DIRECTION ( 'NONE',  ( 1.000000000000000000, 9.183830166936036979E-17, -0.000000000000000000 ) ) ;
#1883 = VERTEX_POINT ( 'NONE', #2958 ) ;
#1884 = CARTESIAN_POINT ( 'NONE',  ( -82.41788286210059766, 15.48641401289931885, 1.500000000000000444 ) ) ;
#1885 = LINE ( 'NONE', #3807, #2779 ) ;
#1886 = ORIENTED_EDGE ( 'NONE', *, *, #8479, .T. ) ;
#1887 = VERTEX_POINT ( 'NONE', #5378 ) ;
#1888 = VECTOR ( 'NONE', #3792, 1000.000000000000000 ) ;
#1889 = DIRECTION ( 'NONE',  ( -1.000000000000000000, -0.000000000000000000, -0.000000000000000000 ) ) ;
#1890 = CARTESIAN_POINT ( 'NONE',  ( -124.3036420020175967, 23.15429687499997868, 6.000000000000000000 ) ) ;
#1891 = LINE ( 'NONE', #8512, #6914 ) ;
#1892 = DIRECTION ( 'NONE',  ( 1.000000000000000000, -1.734723475976806902E-18, 0.000000000000000000 ) ) ;
#1893 = ORIENTED_EDGE ( 'NONE', *, *, #6858, .F. ) ;
#1894 = CARTESIAN_POINT ( 'NONE',  ( -36.41788286210059766, 15.48641401289931885, 0.5000000000000004441 ) ) ;
#1895 = PLANE ( 'NONE',  #1401 ) ;
#1896 = VERTEX_POINT ( 'NONE', #10440 ) ;
#1897 = ORIENTED_EDGE ( 'NONE', *, *, #6970, .F. ) ;
#1898 = EDGE_CURVE ( 'NONE', #26, #7015, #9688, .T. ) ;
#1899 = ORIENTED_EDGE ( 'NONE', *, *, #5420, .T. ) ;
#1900 = EDGE_CURVE ( 'NONE', #1360, #7903, #528, .T. ) ;
#1901 = EDGE_CURVE ( 'NONE', #9393, #6007, #1446, .T. ) ;
#1902 = ADVANCED_FACE ( 'NONE', ( #1341 ), #3765, .T. ) ;
#1903 = CARTESIAN_POINT ( 'NONE',  ( -38.81788286210058203, 20.80448725967914925, 0.5000000000000004441 ) ) ;
#1904 = CARTESIAN_POINT ( 'NONE',  ( -130.7500000000000000, 13.15429687499998934, 6.000000000000000000 ) ) ;
#1905 = EDGE_CURVE ( 'NONE', #10534, #9856, #2095, .T. ) ;
#1906 = FACE_OUTER_BOUND ( 'NONE', #5730, .T. ) ;
#1907 = CARTESIAN_POINT ( 'NONE',  ( -9.303642002017651791, 23.15429687499999645, 1.500000000000000444 ) ) ;
#1908 = AXIS2_PLACEMENT_3D ( 'NONE', #6092, #7873, #10291 ) ;
#1909 = DIRECTION ( 'NONE',  ( 1.000000000000000000, -0.000000000000000000, 0.000000000000000000 ) ) ;
#1910 = ORIENTED_EDGE ( 'NONE', *, *, #5338, .T. ) ;
#1911 = ORIENTED_EDGE ( 'NONE', *, *, #2913, .F. ) ;
#1912 = ADVANCED_FACE ( 'NONE', ( #9521 ), #4731, .T. ) ;
#1913 = EDGE_LOOP ( 'NONE', ( #4725, #5440, #2242, #8962 ) ) ;
#1914 = ORIENTED_EDGE ( 'NONE', *, *, #7249, .F. ) ;
#1915 = VECTOR ( 'NONE', #5512, 999.9999999999998863 ) ;
#1916 = EDGE_CURVE ( 'NONE', #5143, #9732, #4627, .T. ) ;
#1917 = FACE_OUTER_BOUND ( 'NONE', #8722, .T. ) ;
#1918 = CARTESIAN_POINT ( 'NONE',  ( -105.4178828621005977, 15.48641401289931885, 0.5000000000000004441 ) ) ;
#1919 = PLANE ( 'NONE',  #3892 ) ;
#1920 = EDGE_CURVE ( 'NONE', #738, #2496, #3821, .T. ) ;
#1921 = LINE ( 'NONE', #302, #9265 ) ;
#1922 = LINE ( 'NONE', #9350, #5083 ) ;
#1923 = DIRECTION ( 'NONE',  ( 0.000000000000000000, 0.7071067811865465735, -0.7071067811865484609 ) ) ;
#1924 = CARTESIAN_POINT ( 'NONE',  ( -61.79999999999985505, 20.85065487298235709, 4.000000000000000000 ) ) ;
#1925 = ORIENTED_EDGE ( 'NONE', *, *, #6046, .T. ) ;
#1926 = CARTESIAN_POINT ( 'NONE',  ( 13.67847513588170472, 23.17217973710065948, 1.500000000000000444 ) ) ;
#1928 = ORIENTED_EDGE ( 'NONE', *, *, #3683, .F. ) ;
#1927 = VECTOR ( 'NONE', #8633, 1000.000000000000000 ) ;
#1929 = EDGE_LOOP ( 'NONE', ( #3554, #9705, #1600, #1819 ) ) ;
#1930 = VECTOR ( 'NONE', #4913, 1000.000000000000000 ) ;
#1931 = ADVANCED_FACE ( 'NONE', ( #2260 ), #581, .F. ) ;
#1932 = DIRECTION ( 'NONE',  ( 2.790120544412910805E-34, 1.608394988049504315E-16, -1.000000000000000000 ) ) ;
#1933 = CARTESIAN_POINT ( 'NONE',  ( -32.30364200201764646, 23.15429687499999289, 1.500000000000000444 ) ) ;
#1934 = DIRECTION ( 'NONE',  ( 1.000000000000000000, 0.000000000000000000, -0.000000000000000000 ) ) ;
#1935 = LINE ( 'NONE', #964, #10402 ) ;
#1936 = FACE_OUTER_BOUND ( 'NONE', #9981, .T. ) ;
#1937 = ORIENTED_EDGE ( 'NONE', *, *, #295, .F. ) ;
#1938 = DIRECTION ( 'NONE',  ( 0.000000000000000000, 0.000000000000000000, -1.000000000000000000 ) ) ;
#1939 = FACE_OUTER_BOUND ( 'NONE', #1861, .T. ) ;
#1940 = ORIENTED_EDGE ( 'NONE', *, *, #8952, .F. ) ;
#1941 = VERTEX_POINT ( 'NONE', #10497 ) ;
#1942 = EDGE_CURVE ( 'NONE', #8652, #1105, #3122, .T. ) ;
#1943 = LINE ( 'NONE', #7598, #5813 ) ;
#1944 = DIRECTION ( 'NONE',  ( -0.000000000000000000, -0.000000000000000000, 1.000000000000000000 ) ) ;
#1945 = CARTESIAN_POINT ( 'NONE',  ( -0.000000000000000000, 25.25429687499999076, 0.000000000000000000 ) ) ;
#1946 = LINE ( 'NONE', #8466, #5079 ) ;
#1947 = LINE ( 'NONE', #6038, #2215 ) ;
#1948 = CARTESIAN_POINT ( 'NONE',  ( -37.06788286210058203, 20.78641401289932134, 1.500000000000000444 ) ) ;
#1949 = FACE_OUTER_BOUND ( 'NONE', #5316, .T. ) ;
#1950 = ORIENTED_EDGE ( 'NONE', *, *, #207, .F. ) ;
#1951 = ORIENTED_EDGE ( 'NONE', *, *, #354, .T. ) ;
#1952 = ORIENTED_EDGE ( 'NONE', *, *, #5184, .F. ) ;
#1953 = DIRECTION ( 'NONE',  ( -0.7071067811865474617, -0.7071067811865474617, 0.000000000000000000 ) ) ;
#1954 = FACE_OUTER_BOUND ( 'NONE', #4713, .T. ) ;
#1955 = DIRECTION ( 'NONE',  ( 0.5773502691896259531, -0.5773502691896259531, -0.5773502691896255090 ) ) ;
#1956 = DIRECTION ( 'NONE',  ( -0.000000000000000000, 1.000000000000000000, -0.000000000000000000 ) ) ;
#1957 = CARTESIAN_POINT ( 'NONE',  ( 161.0000000000000000, 0.000000000000000000, 0.5000000000000004441 ) ) ;
#1958 = LINE ( 'NONE', #1370, #7932 ) ;
#1959 = VERTEX_POINT ( 'NONE', #94 ) ;
#1960 = EDGE_CURVE ( 'NONE', #1289, #6518, #7262, .T. ) ;
#1961 = ORIENTED_EDGE ( 'NONE', *, *, #7798, .F. ) ;
#1962 = ORIENTED_EDGE ( 'NONE', *, *, #8630, .F. ) ;
#1963 = ADVANCED_FACE ( 'NONE', ( #7312 ), #5747, .F. ) ;
#1964 = ORIENTED_EDGE ( 'NONE', *, *, #9602, .T. ) ;
#1965 = VECTOR ( 'NONE', #6780, 1000.000000000000114 ) ;
#1966 = DIRECTION ( 'NONE',  ( -1.000000000000000000, 0.000000000000000000, 0.000000000000000000 ) ) ;
#1967 = LINE ( 'NONE', #1050, #894 ) ;
#1968 = EDGE_CURVE ( 'NONE', #4631, #856, #2366, .T. ) ;
#1969 = LINE ( 'NONE', #7895, #8695 ) ;
#1970 = CARTESIAN_POINT ( 'NONE',  ( 32.58211713789940944, 13.48641401289931885, 0.5000000000000004441 ) ) ;
#1971 = DIRECTION ( 'NONE',  ( -0.000000000000000000, -0.000000000000000000, 1.000000000000000000 ) ) ;
#1972 = DIRECTION ( 'NONE',  ( 0.000000000000000000, 0.000000000000000000, -1.000000000000000000 ) ) ;
#1973 = DIRECTION ( 'NONE',  ( -0.000000000000000000, -0.000000000000000000, 1.000000000000000000 ) ) ;
#1974 = ORIENTED_EDGE ( 'NONE', *, *, #7332, .F. ) ;
#1975 = FACE_OUTER_BOUND ( 'NONE', #6894, .T. ) ;
#1976 = VERTEX_POINT ( 'NONE', #6614 ) ;
#1977 = ADVANCED_FACE ( 'NONE', ( #7368 ), #1714, .F. ) ;
#1978 = ORIENTED_EDGE ( 'NONE', *, *, #7296, .F. ) ;
#1979 = VECTOR ( 'NONE', #1325, 1000.000000000000000 ) ;
#1980 = VECTOR ( 'NONE', #9920, 1000.000000000000114 ) ;
#1981 = EDGE_CURVE ( 'NONE', #5777, #2690, #8129, .T. ) ;
#1982 = CARTESIAN_POINT ( 'NONE',  ( -121.3821171378992574, 16.07582173911838197, 2.499999999999999112 ) ) ;
#1983 = CARTESIAN_POINT ( 'NONE',  ( -37.06788286210058203, 15.48641401289931885, 0.5000000000000004441 ) ) ;
#1984 = AXIS2_PLACEMENT_3D ( 'NONE', #6708, #4174, #9178 ) ;
#1985 = PLANE ( 'NONE',  #9099 ) ;
#1986 = CARTESIAN_POINT ( 'NONE',  ( -75.38211713789925739, 20.23277201088161803, 6.000000000000000000 ) ) ;
#1987 = VECTOR ( 'NONE', #6118, 1000.000000000000000 ) ;
#1988 = CARTESIAN_POINT ( 'NONE',  ( 8.932117137899432180, 15.48641401289931885, 0.5000000000000004441 ) ) ;
#1989 = ORIENTED_EDGE ( 'NONE', *, *, #7620, .F. ) ;
#1990 = CARTESIAN_POINT ( 'NONE',  ( -29.38211713789926094, 16.07582173911838197, 1.500000000000000444 ) ) ;
#1991 = EDGE_LOOP ( 'NONE', ( #8760, #8154, #2763, #5563, #3345, #2328, #4986, #3797, #2736, #4872, #10524, #4470 ) ) ;
#1992 = EDGE_CURVE ( 'NONE', #757, #2815, #9141, .T. ) ;
#1993 = VERTEX_POINT ( 'NONE', #3275 ) ;
#1994 = VECTOR ( 'NONE', #7882, 1000.000000000000000 ) ;
#1995 = VECTOR ( 'NONE', #5242, 1000.000000000000000 ) ;
#1996 = DIRECTION ( 'NONE',  ( 1.000000000000000000, 0.000000000000000000, 0.000000000000000000 ) ) ;
#1997 = CARTESIAN_POINT ( 'NONE',  ( 38.98211713789942223, 20.78641401289932134, 1.500000000000000444 ) ) ;
#1998 = LINE ( 'NONE', #4474, #7432 ) ;
#1999 = EDGE_CURVE ( 'NONE', #6367, #2099, #3222, .T. ) ;
#2000 = DIRECTION ( 'NONE',  ( -1.000000000000000000, 0.000000000000000000, 0.000000000000000000 ) ) ;
#2001 = ORIENTED_EDGE ( 'NONE', *, *, #3544, .T. ) ;
#2002 = DIRECTION ( 'NONE',  ( 0.000000000000000000, 1.000000000000000000, 0.000000000000000000 ) ) ;
#2003 = CARTESIAN_POINT ( 'NONE',  ( -37.06788286210058203, 15.48641401289931885, 0.5000000000000004441 ) ) ;
#2004 = VERTEX_POINT ( 'NONE', #3384 ) ;
#2005 = VECTOR ( 'NONE', #8735, 1000.000000000000000 ) ;
#2006 = EDGE_CURVE ( 'NONE', #6494, #6431, #8334, .T. ) ;
#2007 = ORIENTED_EDGE ( 'NONE', *, *, #7096, .T. ) ;
#2008 = VECTOR ( 'NONE', #10159, 1000.000000000000114 ) ;
#2009 = ORIENTED_EDGE ( 'NONE', *, *, #4026, .F. ) ;
#2010 = EDGE_CURVE ( 'NONE', #2751, #8292, #793, .T. ) ;
#2011 = VECTOR ( 'NONE', #9846, 1000.000000000000000 ) ;
#2012 = APPLICATION_CONTEXT ( 'configuration controlled 3d designs of mechanical parts and assemblies' ) ;
#2013 = CARTESIAN_POINT ( 'NONE',  ( 39.25000000000000000, 13.15429687500000355, 4.000000000000000000 ) ) ;
#2014 = EDGE_CURVE ( 'NONE', #4560, #4505, #10544, .T. ) ;
#2015 = LINE ( 'NONE', #8473, #3015 ) ;
#2016 = DIRECTION ( 'NONE',  ( 0.000000000000000000, 1.000000000000000000, 1.608394988049504315E-16 ) ) ;
#2017 = VECTOR ( 'NONE', #10129, 1000.000000000000000 ) ;
#2018 = CARTESIAN_POINT ( 'NONE',  ( -7.000000000000007994, 20.85065487298235709, 1.500000000000000444 ) ) ;
#2019 = CARTESIAN_POINT ( 'NONE',  ( 36.69635799798236775, 13.15429687500000533, 4.000000000000000000 ) ) ;
#2020 = CARTESIAN_POINT ( 'NONE',  ( -38.81788286210058203, 15.48641401289931885, 0.5000000000000004441 ) ) ;
#2021 = EDGE_LOOP ( 'NONE', ( #4711, #6287, #9319, #5651, #1251, #2966, #239, #6884, #5508, #7426, #3240 ) ) ;
#2022 = VECTOR ( 'NONE', #1552, 999.9999999999998863 ) ;
#2023 = ORIENTED_EDGE ( 'NONE', *, *, #4838, .T. ) ;
#2024 = VERTEX_POINT ( 'NONE', #3169 ) ;
#2025 = VERTEX_POINT ( 'NONE', #6459 ) ;
#2026 = VECTOR ( 'NONE', #2204, 999.9999999999998863 ) ;
#2027 = CARTESIAN_POINT ( 'NONE',  ( -121.3821171378992574, 16.07582173911838197, 1.500000000000000444 ) ) ;
#2028 = DIRECTION ( 'NONE',  ( 1.000000000000000000, -1.734723475976806902E-18, -0.000000000000000000 ) ) ;
#2029 = CARTESIAN_POINT ( 'NONE',  ( -52.99999999999999289, 15.45793887701764291, 2.499999999999999112 ) ) ;
#2030 = VECTOR ( 'NONE', #8298, 1000.000000000000000 ) ;
#2031 = DIRECTION ( 'NONE',  ( 1.000000000000000000, 0.000000000000000000, 0.000000000000000000 ) ) ;
#2032 = DIRECTION ( 'NONE',  ( -1.000000000000000000, 0.000000000000000000, -0.000000000000000000 ) ) ;
#2033 = LINE ( 'NONE', #8702, #1979 ) ;
#2034 = PLANE ( 'NONE',  #2207 ) ;
#2035 = AXIS2_PLACEMENT_3D ( 'NONE', #4668, #6402, #8817 ) ;
#2036 = ORIENTED_EDGE ( 'NONE', *, *, #386, .T. ) ;
#2037 = VERTEX_POINT ( 'NONE', #1605 ) ;
#2038 = VERTEX_POINT ( 'NONE', #4888 ) ;
#2039 = ORIENTED_EDGE ( 'NONE', *, *, #2797, .F. ) ;
#2040 = EDGE_CURVE ( 'NONE', #753, #5753, #9737, .T. ) ;
#2041 = EDGE_CURVE ( 'NONE', #8478, #4902, #900, .T. ) ;
#2042 = EDGE_CURVE ( 'NONE', #1859, #4844, #2522, .T. ) ;
#2043 = LINE ( 'NONE', #3546, #4094 ) ;
#2044 = LINE ( 'NONE', #3868, #297 ) ;
#2045 = ORIENTED_EDGE ( 'NONE', *, *, #5720, .T. ) ;
#2046 = CARTESIAN_POINT ( 'NONE',  ( 23.00000000000000000, 0.000000000000000000, 0.5000000000000004441 ) ) ;
#2047 = FACE_OUTER_BOUND ( 'NONE', #5003, .T. ) ;
#2048 = VECTOR ( 'NONE', #8189, 1000.000000000000000 ) ;
#2049 = CARTESIAN_POINT ( 'NONE',  ( -105.4963579979821873, 13.15429687499998224, 6.000000000000000000 ) ) ;
#2050 = EDGE_LOOP ( 'NONE', ( #7718, #9884, #8163, #495, #5229 ) ) ;
#2051 = FACE_OUTER_BOUND ( 'NONE', #8481, .T. ) ;
#2052 = ORIENTED_EDGE ( 'NONE', *, *, #2306, .F. ) ;
#2053 = ORIENTED_EDGE ( 'NONE', *, *, #518, .T. ) ;
#2054 = VECTOR ( 'NONE', #31, 1000.000000000000000 ) ;
#2055 = CARTESIAN_POINT ( 'NONE',  ( -130.7500000000000000, 13.15429687499998934, 4.000000000000000000 ) ) ;
#2056 = ADVANCED_FACE ( 'NONE', ( #10646 ), #8932, .T. ) ;
#2057 = DIRECTION ( 'NONE',  ( 0.000000000000000000, 0.7071067811865465735, -0.7071067811865484609 ) ) ;
#2058 = CARTESIAN_POINT ( 'NONE',  ( 13.67847513588170472, 23.17217973710065948, 6.000000000000000000 ) ) ;
#2059 = CARTESIAN_POINT ( 'NONE',  ( 39.25000000000000711, 0.000000000000000000, 1.500000000000000444 ) ) ;
#2060 = ORIENTED_EDGE ( 'NONE', *, *, #2465, .T. ) ;
#2061 = DIRECTION ( 'NONE',  ( 0.000000000000000000, -0.000000000000000000, -1.000000000000000000 ) ) ;
#2062 = FACE_OUTER_BOUND ( 'NONE', #9290, .T. ) ;
#2063 = VERTEX_POINT ( 'NONE', #4030 ) ;
#2064 = VECTOR ( 'NONE', #9389, 1000.000000000000000 ) ;
#2065 = ORIENTED_EDGE ( 'NONE', *, *, #2349, .T. ) ;
#2066 = VERTEX_POINT ( 'NONE', #9091 ) ;
#2067 = ADVANCED_FACE ( 'NONE', ( #10595 ), #2418, .T. ) ;
#2068 = DIRECTION ( 'NONE',  ( 0.000000000000000000, 1.000000000000000000, 1.608394988049504315E-16 ) ) ;
#2069 = CARTESIAN_POINT ( 'NONE',  ( -124.3036420020176251, 13.15429687499999467, 4.000000000000000000 ) ) ;
#2070 = CARTESIAN_POINT ( 'NONE',  ( 46.00000000000000000, 0.000000000000000000, 0.5000000000000004441 ) ) ;
#2071 = DIRECTION ( 'NONE',  ( -0.000000000000000000, 0.000000000000000000, 1.000000000000000000 ) ) ;
#2072 = DIRECTION ( 'NONE',  ( -0.000000000000000000, -0.000000000000000000, 1.000000000000000000 ) ) ;
#2073 = DIRECTION ( 'NONE',  ( 0.000000000000000000, -0.000000000000000000, 1.000000000000000000 ) ) ;
#2074 = ORIENTED_EDGE ( 'NONE', *, *, #1211, .T. ) ;
#2075 = VERTEX_POINT ( 'NONE', #45 ) ;
#2076 = ORIENTED_EDGE ( 'NONE', *, *, #5950, .F. ) ;
#2077 = EDGE_CURVE ( 'NONE', #6342, #3714, #1921, .T. ) ;
#2078 = ORIENTED_EDGE ( 'NONE', *, *, #6457, .T. ) ;
#2079 = VECTOR ( 'NONE', #8958, 1000.000000000000000 ) ;
#2080 = CARTESIAN_POINT ( 'NONE',  ( -52.38211713789925028, 16.07582173911838197, 2.499999999999999112 ) ) ;
#2081 = CARTESIAN_POINT ( 'NONE',  ( 29.58211713789940589, 20.23277201088161448, 1.500000000000000444 ) ) ;
#2082 = CARTESIAN_POINT ( 'NONE',  ( 36.58211713789942365, 20.78641401289932134, 0.5000000000000004441 ) ) ;
#2083 = FACE_OUTER_BOUND ( 'NONE', #5358, .T. ) ;
#2084 = LINE ( 'NONE', #10208, #5078 ) ;
#2085 = ORIENTED_EDGE ( 'NONE', *, *, #1960, .F. ) ;
#2086 = DIRECTION ( 'NONE',  ( 6.938893903907228378E-15, 1.000000000000000000, -0.000000000000000000 ) ) ;
#2087 = ORIENTED_EDGE ( 'NONE', *, *, #524, .T. ) ;
#2088 = VERTEX_POINT ( 'NONE', #10107 ) ;
#2089 = EDGE_LOOP ( 'NONE', ( #2415, #878, #7307, #2927 ) ) ;
#2090 = AXIS2_PLACEMENT_3D ( 'NONE', #5044, #4485, #147 ) ;
#2091 = VERTEX_POINT ( 'NONE', #4450 ) ;
#2092 = CARTESIAN_POINT ( 'NONE',  ( 37.23211713789942223, 15.50448725967913610, 0.5000000000000004441 ) ) ;
#2093 = CARTESIAN_POINT ( 'NONE',  ( -106.0678828621005891, 20.80448725967914925, 0.5000000000000004441 ) ) ;
#2094 = ORIENTED_EDGE ( 'NONE', *, *, #6074, .T. ) ;
#2095 = LINE ( 'NONE', #2208, #3943 ) ;
#2096 = VECTOR ( 'NONE', #6924, 1000.000000000000000 ) ;
#2097 = DIRECTION ( 'NONE',  ( 6.938893903907228378E-15, 1.000000000000000000, 0.000000000000000000 ) ) ;
#2098 = FACE_OUTER_BOUND ( 'NONE', #10462, .T. ) ;
#2099 = VERTEX_POINT ( 'NONE', #245 ) ;
#2100 = CARTESIAN_POINT ( 'NONE',  ( -137.4833333333333201, 10.78763020833334174, 0.2666666666666742680 ) ) ;
#2101 = ORIENTED_EDGE ( 'NONE', *, *, #890, .T. ) ;
#2102 = EDGE_CURVE ( 'NONE', #4119, #6547, #1810, .T. ) ;
#2103 = ORIENTED_EDGE ( 'NONE', *, *, #2249, .T. ) ;
#2104 = VECTOR ( 'NONE', #1795, 1000.000000000000000 ) ;
#2105 = LINE ( 'NONE', #3941, #301 ) ;
#2106 = CARTESIAN_POINT ( 'NONE',  ( -137.7499999999999716, 15.45793887701764291, 2.499999999999999112 ) ) ;
#2107 = DIRECTION ( 'NONE',  ( 0.000000000000000000, -0.7071067811865475727, 0.7071067811865475727 ) ) ;
#2108 = LINE ( 'NONE', #4640, #6470 ) ;
#2109 = EDGE_CURVE ( 'NONE', #10318, #5641, #351, .T. ) ;
#2110 = EDGE_LOOP ( 'NONE', ( #8577, #9667, #6480, #8867, #9574, #1340, #1056, #9804 ) ) ;
#2111 = DIRECTION ( 'NONE',  ( 0.000000000000000000, -0.000000000000000000, 1.000000000000000000 ) ) ;
#2112 = CARTESIAN_POINT ( 'NONE',  ( -8.767882862100590202, 15.48641401289931885, 1.500000000000000444 ) ) ;
#2113 = ORIENTED_EDGE ( 'NONE', *, *, #8964, .T. ) ;
#2114 = VERTEX_POINT ( 'NONE', #5206 ) ;
#2115 = EDGE_CURVE ( 'NONE', #600, #1793, #4295, .T. ) ;
#2116 = ORIENTED_EDGE ( 'NONE', *, *, #7308, .F. ) ;
#2117 = EDGE_CURVE ( 'NONE', #9726, #10187, #150, .T. ) ;
#2118 = LINE ( 'NONE', #6326, #1668 ) ;
#2119 = CARTESIAN_POINT ( 'NONE',  ( -137.7499999999999716, 20.85065487298235709, 2.500000000000000000 ) ) ;
#2120 = CARTESIAN_POINT ( 'NONE',  ( -135.2499999999999716, 13.15429687500000355, 0.5999999999999999778 ) ) ;
#2121 = CARTESIAN_POINT ( 'NONE',  ( -32.32152486411832371, 13.13641401289931920, 1.500000000000000444 ) ) ;
#2122 = DIRECTION ( 'NONE',  ( -1.000000000000000000, -8.163404592832032733E-17, 0.000000000000000000 ) ) ;
#2123 = LINE ( 'NONE', #5621, #9739 ) ;
#2124 = DIRECTION ( 'NONE',  ( 1.000000000000000000, 0.000000000000000000, 0.000000000000000000 ) ) ;
#2125 = EDGE_LOOP ( 'NONE', ( #448, #9053, #2542, #9587, #4003, #1911, #4266, #8403 ) ) ;
#2126 = ORIENTED_EDGE ( 'NONE', *, *, #1170, .T. ) ;
#2127 = EDGE_CURVE ( 'NONE', #9693, #10233, #2673, .T. ) ;
#2128 = ORIENTED_EDGE ( 'NONE', *, *, #2268, .T. ) ;
#2129 = VERTEX_POINT ( 'NONE', #8597 ) ;
#2130 = CARTESIAN_POINT ( 'NONE',  ( -101.3036420020176394, 13.15429687499999645, 6.000000000000000000 ) ) ;
#2131 = CARTESIAN_POINT ( 'NONE',  ( -60.06788286210057493, 20.80448725967914925, 1.500000000000000444 ) ) ;
#2132 = LINE ( 'NONE', #2994, #843 ) ;
#2133 = DIRECTION ( 'NONE',  ( 0.000000000000000000, 0.000000000000000000, 1.000000000000000000 ) ) ;
#2134 = DIRECTION ( 'NONE',  ( 0.7071067811865479058, -0.7071067811865470176, -1.137307002876260060E-16 ) ) ;
#2135 = ADVANCED_FACE ( 'NONE', ( #3592 ), #2784, .F. ) ;
#2136 = ORIENTED_EDGE ( 'NONE', *, *, #3445, .T. ) ;
#2137 = CARTESIAN_POINT ( 'NONE',  ( -130.7500000000000000, 20.80448725967914925, 1.500000000000000444 ) ) ;
#2138 = DIRECTION ( 'NONE',  ( 0.000000000000000000, 0.000000000000000000, -1.000000000000000000 ) ) ;
#2139 = ORIENTED_EDGE ( 'NONE', *, *, #6015, .T. ) ;
#2140 = ORIENTED_EDGE ( 'NONE', *, *, #10577, .F. ) ;
#2141 = EDGE_CURVE ( 'NONE', #998, #5051, #3533, .T. ) ;
#2142 = ORIENTED_EDGE ( 'NONE', *, *, #4349, .F. ) ;
#2143 = ORIENTED_EDGE ( 'NONE', *, *, #1246, .F. ) ;
#2144 = DIRECTION ( 'NONE',  ( -1.000000000000000000, 0.000000000000000000, 0.000000000000000000 ) ) ;
#2145 = DIRECTION ( 'NONE',  ( 0.000000000000000000, -0.000000000000000000, 1.000000000000000000 ) ) ;
#2146 = ORIENTED_EDGE ( 'NONE', *, *, #6292, .T. ) ;
#2147 = DIRECTION ( 'NONE',  ( -0.000000000000000000, -0.000000000000000000, 1.000000000000000000 ) ) ;
#2148 = CARTESIAN_POINT ( 'NONE',  ( -59.47847513588155977, 23.17217973710065948, 6.000000000000000000 ) ) ;
#2149 = DIRECTION ( 'NONE',  ( -0.000000000000000000, -1.000000000000000000, -0.000000000000000000 ) ) ;
#2150 = VECTOR ( 'NONE', #7541, 1000.000000000000000 ) ;
#2151 = EDGE_LOOP ( 'NONE', ( #1207, #1491, #4848, #7847 ) ) ;
#2152 = DIRECTION ( 'NONE',  ( 0.000000000000000000, 0.000000000000000000, -1.000000000000000000 ) ) ;
#2153 = ORIENTED_EDGE ( 'NONE', *, *, #7404, .T. ) ;
#2154 = AXIS2_PLACEMENT_3D ( 'NONE', #9443, #1851, #7721 ) ;
#2155 = ORIENTED_EDGE ( 'NONE', *, *, #1460, .F. ) ;
#2156 = VECTOR ( 'NONE', #7682, 1000.000000000000000 ) ;
#2157 = AXIS2_PLACEMENT_3D ( 'NONE', #4777, #625, #1434 ) ;
#2158 = DIRECTION ( 'NONE',  ( 9.183830166936036979E-17, -1.000000000000000000, 0.000000000000000000 ) ) ;
#2159 = EDGE_CURVE ( 'NONE', #8167, #3033, #197, .T. ) ;
#2160 = CARTESIAN_POINT ( 'NONE',  ( -135.2499999999999716, 23.15429687500000355, 0.5999999999999999778 ) ) ;
#2161 = CARTESIAN_POINT ( 'NONE',  ( -76.01788286210057777, 20.78641401289932134, 1.500000000000000444 ) ) ;
#2162 = CARTESIAN_POINT ( 'NONE',  ( -124.3215248641183024, 23.17217973710065948, 1.500000000000000444 ) ) ;
#2163 = ADVANCED_FACE ( 'NONE', ( #6066 ), #1100, .F. ) ;
#2164 = CARTESIAN_POINT ( 'NONE',  ( -101.3036420020176536, 23.15429687499998579, 1.500000000000000444 ) ) ;
#2165 = CARTESIAN_POINT ( 'NONE',  ( -137.7499999999999716, 15.45793887701764291, 3.999999999999999112 ) ) ;
#2166 = CARTESIAN_POINT ( 'NONE',  ( 46.00000000000000000, 0.000000000000000000, 1.500000000000000444 ) ) ;
#2167 = VERTEX_POINT ( 'NONE', #8487 ) ;
#2168 = ORIENTED_EDGE ( 'NONE', *, *, #2979, .T. ) ;
#2169 = VECTOR ( 'NONE', #9948, 1000.000000000000000 ) ;
#2170 = VECTOR ( 'NONE', #10569, 1000.000000000000114 ) ;
#2171 = EDGE_LOOP ( 'NONE', ( #269, #3415, #7306, #2348 ) ) ;
#2172 = EDGE_CURVE ( 'NONE', #7052, #10185, #6877, .T. ) ;
#2173 = DIRECTION ( 'NONE',  ( -1.000000000000000000, 4.956352788505179045E-16, -0.000000000000000000 ) ) ;
#2174 = EDGE_CURVE ( 'NONE', #2571, #4857, #2731, .T. ) ;
#2175 = LINE ( 'NONE', #9493, #9665 ) ;
#2176 = VECTOR ( 'NONE', #5287, 1000.000000000000000 ) ;
#2177 = CARTESIAN_POINT ( 'NONE',  ( -59.41788286210059056, 15.48641401289931885, 0.5000000000000004441 ) ) ;
#2178 = FACE_OUTER_BOUND ( 'NONE', #3771, .T. ) ;
#2179 = PLANE ( 'NONE',  #851 ) ;
#2180 = CARTESIAN_POINT ( 'NONE',  ( -128.4178828621005835, 15.48641401289931885, 1.500000000000000444 ) ) ;
#2181 = DIRECTION ( 'NONE',  ( -0.000000000000000000, -0.000000000000000000, 1.000000000000000000 ) ) ;
#2182 = EDGE_LOOP ( 'NONE', ( #8194, #1745, #5945, #6492, #10002, #5519, #2036, #2871 ) ) ;
#2183 = EDGE_CURVE ( 'NONE', #2885, #9383, #6820, .T. ) ;
#2184 = ORIENTED_EDGE ( 'NONE', *, *, #8495, .F. ) ;
#2185 = VECTOR ( 'NONE', #5115, 1000.000000000000000 ) ;
#2186 = ORIENTED_EDGE ( 'NONE', *, *, #2603, .T. ) ;
#2187 = VECTOR ( 'NONE', #10405, 1000.000000000000000 ) ;
#2188 = DIRECTION ( 'NONE',  ( 0.000000000000000000, -0.000000000000000000, 1.000000000000000000 ) ) ;
#2189 = CARTESIAN_POINT ( 'NONE',  ( -101.3215248641183308, 13.13641401289931920, 1.500000000000000444 ) ) ;
#2190 = EDGE_CURVE ( 'NONE', #10388, #1031, #5097, .T. ) ;
#2191 = LINE ( 'NONE', #2891, #8416 ) ;
#2192 = CARTESIAN_POINT ( 'NONE',  ( 9.521524864118473985, 13.13641401289931920, 1.500000000000000444 ) ) ;
#2193 = CARTESIAN_POINT ( 'NONE',  ( -39.41788286210059766, 20.23277201088161448, 1.500000000000000444 ) ) ;
#2194 = ORIENTED_EDGE ( 'NONE', *, *, #4635, .T. ) ;
#2195 = LOCAL_TIME ( 10, 30, 13.00000000000000000, #5573 ) ;
#2196 = CARTESIAN_POINT ( 'NONE',  ( -32.41788286210058345, 15.48641401289931885, 1.500000000000000444 ) ) ;
#2197 = LINE ( 'NONE', #9262, #10169 ) ;
#2198 = VERTEX_POINT ( 'NONE', #6117 ) ;
#2199 = AXIS2_PLACEMENT_3D ( 'NONE', #7261, #7366, #6411 ) ;
#2200 = ORIENTED_EDGE ( 'NONE', *, *, #386, .F. ) ;
#2201 = ORIENTED_EDGE ( 'NONE', *, *, #9209, .T. ) ;
#2202 = VECTOR ( 'NONE', #2379, 1000.000000000000000 ) ;
#2203 = LINE ( 'NONE', #10493, #3065 ) ;
#2204 = DIRECTION ( 'NONE',  ( -0.7071067811865462405, -0.7071067811865489050, 0.000000000000000000 ) ) ;
#2205 = ORIENTED_EDGE ( 'NONE', *, *, #2970, .F. ) ;
#2206 = EDGE_CURVE ( 'NONE', #2374, #6021, #10155, .T. ) ;
#2207 = AXIS2_PLACEMENT_3D ( 'NONE', #8490, #10110, #3536 ) ;
#2208 = CARTESIAN_POINT ( 'NONE',  ( -105.4178828621005977, 15.48641401289931885, 0.5000000000000004441 ) ) ;
#2209 = CARTESIAN_POINT ( 'NONE',  ( 32.58211713789940944, 20.78641401289932134, 0.5000000000000004441 ) ) ;
#2210 = DIRECTION ( 'NONE',  ( 1.000000000000000000, -1.734723475976806902E-18, 0.000000000000000000 ) ) ;
#2211 = ORIENTED_EDGE ( 'NONE', *, *, #5136, .F. ) ;
#2212 = DIRECTION ( 'NONE',  ( 0.000000000000000000, -0.000000000000000000, 1.000000000000000000 ) ) ;
#2213 = ORIENTED_EDGE ( 'NONE', *, *, #7322, .T. ) ;
#2214 = EDGE_LOOP ( 'NONE', ( #268, #841, #6728, #291 ) ) ;
#2215 = VECTOR ( 'NONE', #3566, 1000.000000000000114 ) ;
#2216 = ADVANCED_FACE ( 'NONE', ( #5954 ), #5151, .F. ) ;
#2217 = DIRECTION ( 'NONE',  ( 0.000000000000000000, 1.000000000000000000, 0.000000000000000000 ) ) ;
#2218 = LINE ( 'NONE', #10286, #128 ) ;
#2219 = VECTOR ( 'NONE', #3021, 1000.000000000000000 ) ;
#2220 = FACE_OUTER_BOUND ( 'NONE', #5584, .T. ) ;
#2221 = CARTESIAN_POINT ( 'NONE',  ( -128.4178828621005835, 22.78641401289931778, 1.500000000000000444 ) ) ;
#2222 = DIRECTION ( 'NONE',  ( 0.7071067811865479058, -0.7071067811865470176, 0.000000000000000000 ) ) ;
#2223 = DIRECTION ( 'NONE',  ( -0.000000000000000000, -0.000000000000000000, 1.000000000000000000 ) ) ;
#2224 = PLANE ( 'NONE',  #2428 ) ;
#2225 = ORIENTED_EDGE ( 'NONE', *, *, #10465, .F. ) ;
#2226 = EDGE_LOOP ( 'NONE', ( #7347, #3475, #8196, #3919 ) ) ;
#2227 = VECTOR ( 'NONE', #1763, 1000.000000000000000 ) ;
#2228 = VERTEX_POINT ( 'NONE', #10206 ) ;
#2229 = CARTESIAN_POINT ( 'NONE',  ( -129.0678828621005891, 20.78641401289932134, 0.000000000000000000 ) ) ;
#2230 = CARTESIAN_POINT ( 'NONE',  ( -15.81788286210059091, 15.48641401289931885, 0.5000000000000004441 ) ) ;
#2231 = CARTESIAN_POINT ( 'NONE',  ( -122.0178828621005778, 20.78641401289932134, 1.500000000000000444 ) ) ;
#2232 = CARTESIAN_POINT ( 'NONE',  ( -77.76788286210057777, 20.78641401289932134, 1.500000000000000444 ) ) ;
#2233 = CARTESIAN_POINT ( 'NONE',  ( 0.000000000000000000, 0.000000000000000000, 0.5000000000000004441 ) ) ;
#2234 = VECTOR ( 'NONE', #503, 1000.000000000000114 ) ;
#2235 = CARTESIAN_POINT ( 'NONE',  ( 39.25000000000000000, 23.15429687500000000, 4.000000000000000000 ) ) ;
#2236 = CARTESIAN_POINT ( 'NONE',  ( -9.417882862100601216, 22.78641401289931778, 0.5000000000000004441 ) ) ;
#2237 = CARTESIAN_POINT ( 'NONE',  ( -6.382117137899268045, 20.23277201088161803, 1.500000000000000444 ) ) ;
#2238 = VERTEX_POINT ( 'NONE', #2836 ) ;
#2239 = ADVANCED_FACE ( 'NONE', ( #9403 ), #9456, .T. ) ;
#2240 = EDGE_CURVE ( 'NONE', #9287, #8071, #10423, .T. ) ;
#2241 = ORIENTED_EDGE ( 'NONE', *, *, #6346, .F. ) ;
#2242 = ORIENTED_EDGE ( 'NONE', *, *, #3981, .F. ) ;
#2243 = FACE_OUTER_BOUND ( 'NONE', #2667, .T. ) ;
#2244 = LINE ( 'NONE', #8812, #2850 ) ;
#2245 = CARTESIAN_POINT ( 'NONE',  ( -60.06788286210057493, 15.48641401289931885, -2.999999999999999112 ) ) ;
#2246 = LINE ( 'NONE', #5529, #5938 ) ;
#2247 = LINE ( 'NONE', #5636, #2497 ) ;
#2248 = ORIENTED_EDGE ( 'NONE', *, *, #170, .T. ) ;
#2249 = EDGE_CURVE ( 'NONE', #423, #8242, #1433, .T. ) ;
#2250 = CARTESIAN_POINT ( 'NONE',  ( -16.41788286210060832, 20.23277201088161448, 1.500000000000000444 ) ) ;
#2251 = ORIENTED_EDGE ( 'NONE', *, *, #7106, .F. ) ;
#2252 = CC_DESIGN_PERSON_AND_ORGANIZATION_ASSIGNMENT ( #10478, #563, ( #8898 ) ) ;
#2253 = ORIENTED_EDGE ( 'NONE', *, *, #724, .T. ) ;
#2254 = VERTEX_POINT ( 'NONE', #6347 ) ;
#2255 = EDGE_CURVE ( 'NONE', #2803, #102, #2132, .T. ) ;
#2256 = EDGE_CURVE ( 'NONE', #398, #5103, #10368, .T. ) ;
#2257 = DIRECTION ( 'NONE',  ( 0.000000000000000000, 0.000000000000000000, -1.000000000000000000 ) ) ;
#2258 = CARTESIAN_POINT ( 'NONE',  ( -137.3499999999999659, 10.65429687500000355, 0.4000000000000114575 ) ) ;
#2259 = EDGE_LOOP ( 'NONE', ( #1951, #3140, #3571, #7942 ) ) ;
#2260 = FACE_OUTER_BOUND ( 'NONE', #1070, .T. ) ;
#2261 = LINE ( 'NONE', #6137, #5757 ) ;
#2262 = CARTESIAN_POINT ( 'NONE',  ( -135.7499999999999716, 23.15429687500000000, 0.4964466094067262469 ) ) ;
#2263 = ORIENTED_EDGE ( 'NONE', *, *, #2373, .T. ) ;
#2264 = CARTESIAN_POINT ( 'NONE',  ( -99.00000000000000000, 15.45793887701764291, 1.500000000000000444 ) ) ;
#2266 = ORIENTED_EDGE ( 'NONE', *, *, #6498, .T. ) ;
#2265 = VECTOR ( 'NONE', #70, 1000.000000000000000 ) ;
#2267 = ORIENTED_EDGE ( 'NONE', *, *, #10526, .F. ) ;
#2268 = EDGE_CURVE ( 'NONE', #2372, #3842, #4610, .T. ) ;
#2269 = VECTOR ( 'NONE', #3325, 1000.000000000000000 ) ;
#2270 = PLANE ( 'NONE',  #8566 ) ;
#2271 = PLANE ( 'NONE',  #3733 ) ;
#2272 = CARTESIAN_POINT ( 'NONE',  ( 8.932117137899432180, 15.48641401289931885, 0.5000000000000004441 ) ) ;
#2273 = LINE ( 'NONE', #4579, #2853 ) ;
#2274 = DIRECTION ( 'NONE',  ( 0.000000000000000000, -1.000000000000000000, 0.000000000000000000 ) ) ;
#2275 = LINE ( 'NONE', #4751, #4584 ) ;
#2276 = CARTESIAN_POINT ( 'NONE',  ( 15.98211713789943289, 20.78641401289932134, 0.5000000000000004441 ) ) ;
#2277 = VERTEX_POINT ( 'NONE', #7198 ) ;
#2278 = EDGE_CURVE ( 'NONE', #8520, #2900, #9624, .T. ) ;
#2279 = VERTEX_POINT ( 'NONE', #5577 ) ;
#2280 = VECTOR ( 'NONE', #1098, 1000.000000000000000 ) ;
#2281 = ORIENTED_EDGE ( 'NONE', *, *, #9357, .T. ) ;
#2282 = VECTOR ( 'NONE', #4270, 1000.000000000000000 ) ;
#2283 = DIRECTION ( 'NONE',  ( 0.000000000000000000, 0.7071067811865479058, 0.7071067811865472397 ) ) ;
#2284 = CARTESIAN_POINT ( 'NONE',  ( -59.41788286210059056, 13.48641401289931885, 1.500000000000000444 ) ) ;
#2285 = LINE ( 'NONE', #1472, #1234 ) ;
#2286 = PLANE ( 'NONE',  #8171 ) ;
#2287 = DIRECTION ( 'NONE',  ( 0.000000000000000000, 0.000000000000000000, 1.000000000000000000 ) ) ;
#2288 = CARTESIAN_POINT ( 'NONE',  ( -36.49635799798222990, 23.15429687499999289, 1.500000000000000444 ) ) ;
#2289 = LINE ( 'NONE', #2342, #107 ) ;
#2290 = LINE ( 'NONE', #3200, #3457 ) ;
#2291 = EDGE_LOOP ( 'NONE', ( #1524, #2116, #9145, #4350 ) ) ;
#2292 = APPROVAL_DATE_TIME ( #9716, #7834 ) ;
#2293 = ORIENTED_EDGE ( 'NONE', *, *, #3231, .F. ) ;
#2294 = EDGE_CURVE ( 'NONE', #4442, #5291, #8700, .T. ) ;
#2295 = DIRECTION ( 'NONE',  ( 1.000000000000000000, 0.000000000000000000, -0.000000000000000000 ) ) ;
#2296 = CARTESIAN_POINT ( 'NONE',  ( -135.2499999999999716, 23.15429687500000355, 0.5999999999999999778 ) ) ;
#2297 = DIRECTION ( 'NONE',  ( 0.000000000000000000, 1.000000000000000000, 0.000000000000000000 ) ) ;
#2298 = DIRECTION ( 'NONE',  ( 0.000000000000000000, 0.000000000000000000, 1.000000000000000000 ) ) ;
#2299 = CARTESIAN_POINT ( 'NONE',  ( 39.25000000000000000, 23.15429687500000000, 4.000000000000000000 ) ) ;
#2300 = ORIENTED_EDGE ( 'NONE', *, *, #10340, .T. ) ;
#2301 = DIRECTION ( 'NONE',  ( -1.734723475976806902E-18, -1.000000000000000000, 0.000000000000000000 ) ) ;
#2302 = EDGE_CURVE ( 'NONE', #10308, #238, #2191, .T. ) ;
#2303 = ORIENTED_EDGE ( 'NONE', *, *, #630, .T. ) ;
#2304 = ORIENTED_EDGE ( 'NONE', *, *, #9554, .F. ) ;
#2305 = ORIENTED_EDGE ( 'NONE', *, *, #8671, .F. ) ;
#2306 = EDGE_CURVE ( 'NONE', #344, #5356, #624, .T. ) ;
#2307 = LINE ( 'NONE', #6513, #8213 ) ;
#2308 = EDGE_CURVE ( 'NONE', #5488, #3966, #4501, .T. ) ;
#2309 = LINE ( 'NONE', #10645, #8050 ) ;
#2310 = DIRECTION ( 'NONE',  ( -0.000000000000000000, -0.000000000000000000, 1.000000000000000000 ) ) ;
#2311 = LINE ( 'NONE', #6460, #5412 ) ;
#2312 = EDGE_CURVE ( 'NONE', #2129, #1331, #7086, .T. ) ;
#2313 = CARTESIAN_POINT ( 'NONE',  ( -135.2499999999999716, 23.15429687500000355, 0.000000000000000000 ) ) ;
#2314 = EDGE_LOOP ( 'NONE', ( #8664, #6702, #8166, #1209, #1330 ) ) ;
#2315 = CARTESIAN_POINT ( 'NONE',  ( 36.69635799798236775, 13.15429687500000355, 1.500000000000000444 ) ) ;
#2316 = ORIENTED_EDGE ( 'NONE', *, *, #4607, .T. ) ;
#2317 = ADVANCED_FACE ( 'NONE', ( #5416 ), #3802, .T. ) ;
#2318 = EDGE_LOOP ( 'NONE', ( #8640, #3296, #2709, #4263 ) ) ;
#2319 = PLANE ( 'NONE',  #9082 ) ;
#2320 = DIRECTION ( 'NONE',  ( -0.000000000000000000, 1.000000000000000000, -0.000000000000000000 ) ) ;
#2321 = VECTOR ( 'NONE', #7213, 1000.000000000000000 ) ;
#2322 = LINE ( 'NONE', #2272, #1010 ) ;
#2323 = LINE ( 'NONE', #5152, #4910 ) ;
#2324 = ADVANCED_FACE ( 'NONE', ( #1267 ), #4549, .F. ) ;
#2325 = CARTESIAN_POINT ( 'NONE',  ( -15.81788286210059091, 15.48641401289931885, 0.5000000000000004441 ) ) ;
#2326 = DIRECTION ( 'NONE',  ( -0.000000000000000000, -0.000000000000000000, 1.000000000000000000 ) ) ;
#2327 = CARTESIAN_POINT ( 'NONE',  ( -137.3499999999999659, 25.25429687499999076, 0.000000000000000000 ) ) ;
#2328 = ORIENTED_EDGE ( 'NONE', *, *, #2302, .T. ) ;
#2329 = ORIENTED_EDGE ( 'NONE', *, *, #8822, .F. ) ;
#2330 = ORIENTED_EDGE ( 'NONE', *, *, #7282, .F. ) ;
#2331 = ORIENTED_EDGE ( 'NONE', *, *, #10257, .F. ) ;
#2332 = AXIS2_PLACEMENT_3D ( 'NONE', #9181, #1800, #5038 ) ;
#2333 = AXIS2_PLACEMENT_3D ( 'NONE', #7763, #3565, #5126 ) ;
#2334 = ADVANCED_FACE ( 'NONE', ( #3749 ), #457, .T. ) ;
#2335 = DIRECTION ( 'NONE',  ( 0.000000000000000000, 1.000000000000000000, 0.000000000000000000 ) ) ;
#2336 = LINE ( 'NONE', #4813, #6413 ) ;
#2337 = LINE ( 'NONE', #7785, #5186 ) ;
#2338 = DIRECTION ( 'NONE',  ( -0.000000000000000000, -0.000000000000000000, -1.000000000000000000 ) ) ;
#2339 = EDGE_CURVE ( 'NONE', #10283, #9086, #3691, .T. ) ;
#2340 = VECTOR ( 'NONE', #1309, 1000.000000000000000 ) ;
#2341 = CARTESIAN_POINT ( 'NONE',  ( -82.41788286210059766, 15.48641401289931885, 0.5000000000000004441 ) ) ;
#2342 = CARTESIAN_POINT ( 'NONE',  ( 39.25000000000000000, 23.15429687500000000, 6.000000000000000000 ) ) ;
#2343 = LINE ( 'NONE', #5622, #3978 ) ;
#2344 = ORIENTED_EDGE ( 'NONE', *, *, #132, .T. ) ;
#2345 = VECTOR ( 'NONE', #9457, 1000.000000000000000 ) ;
#2346 = PERSON_AND_ORGANIZATION_ROLE ( 'creator' ) ;
#2347 = ORIENTED_EDGE ( 'NONE', *, *, #4876, .T. ) ;
#2348 = ORIENTED_EDGE ( 'NONE', *, *, #10201, .F. ) ;
#2349 = EDGE_CURVE ( 'NONE', #10185, #2801, #3111, .T. ) ;
#2350 = VECTOR ( 'NONE', #9878, 1000.000000000000000 ) ;
#2351 = CARTESIAN_POINT ( 'NONE',  ( 0.000000000000000000, 0.000000000000000000, 4.000000000000000000 ) ) ;
#2352 = FACE_OUTER_BOUND ( 'NONE', #24, .T. ) ;
#2353 = LINE ( 'NONE', #8864, #496 ) ;
#2354 = CARTESIAN_POINT ( 'NONE',  ( -60.06788286210057493, 20.78641401289932134, 1.500000000000000444 ) ) ;
#2355 = DIRECTION ( 'NONE',  ( -0.000000000000000000, -1.000000000000000000, -0.000000000000000000 ) ) ;
#2356 = EDGE_LOOP ( 'NONE', ( #7462, #9601, #5286, #4891 ) ) ;
#2357 = LINE ( 'NONE', #6556, #10460 ) ;
#2358 = ORIENTED_EDGE ( 'NONE', *, *, #4621, .F. ) ;
#2359 = VECTOR ( 'NONE', #9423, 999.9999999999998863 ) ;
#2360 = ORIENTED_EDGE ( 'NONE', *, *, #5233, .T. ) ;
#2361 = ORIENTED_EDGE ( 'NONE', *, *, #447, .T. ) ;
#2362 = VECTOR ( 'NONE', #8794, 999.9999999999998863 ) ;
#2363 = VECTOR ( 'NONE', #6417, 1000.000000000000000 ) ;
#2364 = CARTESIAN_POINT ( 'NONE',  ( 45.84999999999998721, 0.000000000000000000, 6.000000000000000000 ) ) ;
#2365 = DIRECTION ( 'NONE',  ( -1.000000000000000000, 0.000000000000000000, -0.000000000000000000 ) ) ;
#2366 = LINE ( 'NONE', #4188, #2227 ) ;
#2367 = CARTESIAN_POINT ( 'NONE',  ( -105.4178828621005977, 20.78641401289932134, 0.5000000000000004441 ) ) ;
#2368 = VECTOR ( 'NONE', #6035, 1000.000000000000000 ) ;
#2369 = LINE ( 'NONE', #692, #4131 ) ;
#2370 = ORIENTED_EDGE ( 'NONE', *, *, #8761, .F. ) ;
#2371 = LINE ( 'NONE', #8988, #6320 ) ;
#2372 = VERTEX_POINT ( 'NONE', #10259 ) ;
#2373 = EDGE_CURVE ( 'NONE', #3721, #4869, #2942, .T. ) ;
#2374 = VERTEX_POINT ( 'NONE', #7354 ) ;
#2375 = VECTOR ( 'NONE', #7621, 1000.000000000000000 ) ;
#2376 = ADVANCED_FACE ( 'NONE', ( #10635 ), #1593, .F. ) ;
#2377 = EDGE_CURVE ( 'NONE', #5408, #8820, #9723, .T. ) ;
#2378 = VECTOR ( 'NONE', #5707, 1000.000000000000000 ) ;
#2379 = DIRECTION ( 'NONE',  ( 0.000000000000000000, 1.000000000000000000, 0.000000000000000000 ) ) ;
#2380 = CARTESIAN_POINT ( 'NONE',  ( 9.521524864118447340, 23.17217973710065948, 1.500000000000000444 ) ) ;
#2381 = EDGE_CURVE ( 'NONE', #889, #1663, #6659, .T. ) ;
#2382 = CARTESIAN_POINT ( 'NONE',  ( 31.93211713789942507, 15.48641401289931885, -2.999999999999999112 ) ) ;
#2383 = AXIS2_PLACEMENT_3D ( 'NONE', #2973, #9535, #4641 ) ;
#2384 = DIRECTION ( 'NONE',  ( 1.000000000000000000, 0.000000000000000000, 0.000000000000000000 ) ) ;
#2385 = CARTESIAN_POINT ( 'NONE',  ( -32.30364200201764646, 13.15429687499999822, 6.000000000000000000 ) ) ;
#2386 = LINE ( 'NONE', #8947, #2437 ) ;
#2387 = ORIENTED_EDGE ( 'NONE', *, *, #5668, .F. ) ;
#2388 = ORIENTED_EDGE ( 'NONE', *, *, #6624, .F. ) ;
#2389 = ORIENTED_EDGE ( 'NONE', *, *, #2715, .F. ) ;
#2390 = EDGE_CURVE ( 'NONE', #3033, #6969, #2353, .T. ) ;
#2391 = FACE_OUTER_BOUND ( 'NONE', #920, .T. ) ;
#2392 = DIRECTION ( 'NONE',  ( 0.000000000000000000, -1.000000000000000000, 0.000000000000000000 ) ) ;
#2393 = DIRECTION ( 'NONE',  ( 0.000000000000000000, -0.000000000000000000, 1.000000000000000000 ) ) ;
#2394 = FACE_OUTER_BOUND ( 'NONE', #10212, .T. ) ;
#2395 = DIRECTION ( 'NONE',  ( 0.000000000000000000, -1.000000000000000000, 0.000000000000000000 ) ) ;
#2396 = DIRECTION ( 'NONE',  ( -1.000000000000000000, -0.000000000000000000, -0.000000000000000000 ) ) ;
#2397 = LINE ( 'NONE', #7992, #3287 ) ;
#2398 = ORIENTED_EDGE ( 'NONE', *, *, #4876, .F. ) ;
#2399 = VECTOR ( 'NONE', #5589, 1000.000000000000000 ) ;
#2400 = ORIENTED_EDGE ( 'NONE', *, *, #4206, .F. ) ;
#2401 = ORIENTED_EDGE ( 'NONE', *, *, #2486, .T. ) ;
#2402 = EDGE_CURVE ( 'NONE', #3940, #10, #4125, .T. ) ;
#2403 = AXIS2_PLACEMENT_3D ( 'NONE', #5857, #9034, #4841 ) ;
#2404 = DIRECTION ( 'NONE',  ( -0.5773502691896257311, 0.5773502691896257311, 0.5773502691896257311 ) ) ;
#2405 = CARTESIAN_POINT ( 'NONE',  ( -8.767882862100590202, 15.50448725967913610, 0.5000000000000004441 ) ) ;
#2406 = CARTESIAN_POINT ( 'NONE',  ( 29.58211713789940589, 16.07582173911837486, 2.499999999999999112 ) ) ;
#2407 = CARTESIAN_POINT ( 'NONE',  ( -77.76788286210057777, 20.78641401289932134, 0.5000000000000004441 ) ) ;
#2408 = FACE_OUTER_BOUND ( 'NONE', #633, .T. ) ;
#2409 = ORIENTED_EDGE ( 'NONE', *, *, #8065, .T. ) ;
#2410 = CARTESIAN_POINT ( 'NONE',  ( 36.58211713789942365, 20.78641401289932134, 0.5000000000000004441 ) ) ;
#2411 = ORIENTED_EDGE ( 'NONE', *, *, #6115, .F. ) ;
#2412 = ADVANCED_FACE ( 'NONE', ( #1699 ), #731, .F. ) ;
#2413 = VECTOR ( 'NONE', #8636, 1000.000000000000000 ) ;
#2414 = ORIENTED_EDGE ( 'NONE', *, *, #9944, .F. ) ;
#2415 = ORIENTED_EDGE ( 'NONE', *, *, #6442, .T. ) ;
#2416 = DIRECTION ( 'NONE',  ( 0.5773502691896257311, -0.5773502691896257311, 0.5773502691896257311 ) ) ;
#2417 = LINE ( 'NONE', #6458, #8555 ) ;
#2418 = PLANE ( 'NONE',  #10301 ) ;
#2419 = LINE ( 'NONE', #8238, #2487 ) ;
#2420 = DIRECTION ( 'NONE',  ( -0.000000000000000000, -0.000000000000000000, 1.000000000000000000 ) ) ;
#2421 = ORIENTED_EDGE ( 'NONE', *, *, #2765, .F. ) ;
#2422 = DIRECTION ( 'NONE',  ( -0.000000000000000000, -0.000000000000000000, 1.000000000000000000 ) ) ;
#2423 = ORIENTED_EDGE ( 'NONE', *, *, #8099, .F. ) ;
#2424 = ORIENTED_EDGE ( 'NONE', *, *, #1044, .F. ) ;
#2425 = FACE_OUTER_BOUND ( 'NONE', #1391, .T. ) ;
#2426 = DIRECTION ( 'NONE',  ( -0.000000000000000000, -0.000000000000000000, 1.000000000000000000 ) ) ;
#2427 = LINE ( 'NONE', #5709, #9955 ) ;
#2428 = AXIS2_PLACEMENT_3D ( 'NONE', #10511, #10558, #4697 ) ;
#2429 = ADVANCED_FACE ( 'NONE', ( #8920 ), #6445, .F. ) ;
#2430 = ORIENTED_EDGE ( 'NONE', *, *, #2502, .T. ) ;
#2431 = DIRECTION ( 'NONE',  ( -0.000000000000000000, -0.000000000000000000, 1.000000000000000000 ) ) ;
#2432 = DIRECTION ( 'NONE',  ( -0.000000000000000000, -0.000000000000000000, 1.000000000000000000 ) ) ;
#2433 = ORIENTED_EDGE ( 'NONE', *, *, #3348, .T. ) ;
#2434 = ORIENTED_EDGE ( 'NONE', *, *, #3789, .T. ) ;
#2435 = ADVANCED_FACE ( 'NONE', ( #3970 ), #4017, .F. ) ;
#2436 = VERTEX_POINT ( 'NONE', #7298 ) ;
#2437 = VECTOR ( 'NONE', #4855, 1000.000000000000000 ) ;
#2438 = CARTESIAN_POINT ( 'NONE',  ( -139.1642135623730780, 25.65429687500000355, 5.000000000000000000 ) ) ;
#2439 = ADVANCED_FACE ( 'NONE', ( #8116 ), #4983, .T. ) ;
#2440 = FACE_OUTER_BOUND ( 'NONE', #7662, .T. ) ;
#2441 = DIRECTION ( 'NONE',  ( 1.000000000000000000, -1.734723475976806902E-18, -0.000000000000000000 ) ) ;
#2442 = PLANE ( 'NONE',  #1468 ) ;
#2443 = CC_DESIGN_PERSON_AND_ORGANIZATION_ASSIGNMENT ( #6338, #7241, ( #4417 ) ) ;
#2444 = CARTESIAN_POINT ( 'NONE',  ( -13.47847513588154555, 13.13641401289931920, 1.500000000000000444 ) ) ;
#2445 = DIRECTION ( 'NONE',  ( 1.000000000000000000, -0.000000000000000000, 0.000000000000000000 ) ) ;
#2446 = AXIS2_PLACEMENT_3D ( 'NONE', #3857, #5472, #1696 ) ;
#2447 = CARTESIAN_POINT ( 'NONE',  ( -6.382117137899268045, 20.23277201088161803, 1.500000000000000444 ) ) ;
#2448 = ORIENTED_EDGE ( 'NONE', *, *, #3918, .F. ) ;
#2449 = EDGE_CURVE ( 'NONE', #4140, #7065, #5787, .T. ) ;
#2450 = EDGE_LOOP ( 'NONE', ( #2617, #3874, #6358, #4807, #5963 ) ) ;
#2451 = AXIS2_PLACEMENT_3D ( 'NONE', #10621, #1625, #3250 ) ;
#2452 = ADVANCED_FACE ( 'NONE', ( #10580 ), #3264, .F. ) ;
#2453 = VERTEX_POINT ( 'NONE', #2406 ) ;
#2454 = LINE ( 'NONE', #6500, #727 ) ;
#2455 = CARTESIAN_POINT ( 'NONE',  ( 39.25000000000000000, 20.60065487298236420, 1.500000000000000444 ) ) ;
#2456 = LINE ( 'NONE', #5735, #3090 ) ;
#2457 = DIRECTION ( 'NONE',  ( 0.000000000000000000, 0.000000000000000000, -1.000000000000000000 ) ) ;
#2458 = DIRECTION ( 'NONE',  ( -1.000000000000000000, -8.163404592832032733E-17, 0.000000000000000000 ) ) ;
#2459 = ORIENTED_EDGE ( 'NONE', *, *, #5198, .F. ) ;
#2460 = EDGE_CURVE ( 'NONE', #6045, #238, #9877, .T. ) ;
#2461 = CARTESIAN_POINT ( 'NONE',  ( 39.25000000000000000, 13.15429687500000355, 4.000000000000000000 ) ) ;
#2462 = ORIENTED_EDGE ( 'NONE', *, *, #4661, .F. ) ;
#2463 = ORIENTED_EDGE ( 'NONE', *, *, #2869, .T. ) ;
#2464 = ORIENTED_EDGE ( 'NONE', *, *, #7764, .T. ) ;
#2465 = EDGE_CURVE ( 'NONE', #1826, #3659, #2456, .T. ) ;
#2466 = FACE_OUTER_BOUND ( 'NONE', #3061, .T. ) ;
#2467 = LINE ( 'NONE', #7311, #9248 ) ;
#2468 = DIRECTION ( 'NONE',  ( 0.000000000000000000, -0.000000000000000000, 1.000000000000000000 ) ) ;
#2469 = CARTESIAN_POINT ( 'NONE',  ( 38.98211713789942223, 20.78641401289932134, 0.5000000000000004441 ) ) ;
#2470 = EDGE_CURVE ( 'NONE', #971, #3585, #8273, .T. ) ;
#2471 = DIRECTION ( 'NONE',  ( 1.000000000000000000, 9.183830166936036979E-17, -0.000000000000000000 ) ) ;
#2472 = ORIENTED_EDGE ( 'NONE', *, *, #10535, .T. ) ;
#2473 = CARTESIAN_POINT ( 'NONE',  ( -82.47847513588156687, 23.17217973710065948, 2.500000000000000444 ) ) ;
#2474 = ORIENTED_EDGE ( 'NONE', *, *, #4541, .F. ) ;
#2475 = VERTEX_POINT ( 'NONE', #835 ) ;
#2476 = DIRECTION ( 'NONE',  ( 1.000000000000000000, 0.000000000000000000, 0.000000000000000000 ) ) ;
#2477 = CARTESIAN_POINT ( 'NONE',  ( -130.7500000000000000, 13.15429687499998934, 4.000000000000000000 ) ) ;
#2478 = PLANE ( 'NONE',  #4622 ) ;
#2479 = CARTESIAN_POINT ( 'NONE',  ( -137.7499999999999716, 22.40429687500000711, 1.000000000000000000 ) ) ;
#2480 = ORIENTED_EDGE ( 'NONE', *, *, #1999, .T. ) ;
#2481 = PLANE ( 'NONE',  #1832 ) ;
#2482 = LINE ( 'NONE', #1779, #2609 ) ;
#2483 = ORIENTED_EDGE ( 'NONE', *, *, #1506, .F. ) ;
#2484 = VERTEX_POINT ( 'NONE', #4926 ) ;
#2485 = ORIENTED_EDGE ( 'NONE', *, *, #7001, .F. ) ;
#2486 = EDGE_CURVE ( 'NONE', #5222, #6309, #8220, .T. ) ;
#2487 = VECTOR ( 'NONE', #8984, 1000.000000000000000 ) ;
#2488 = DIRECTION ( 'NONE',  ( 0.000000000000000000, -1.000000000000000000, 0.000000000000000000 ) ) ;
#2489 = FACE_OUTER_BOUND ( 'NONE', #5509, .T. ) ;
#2490 = LINE ( 'NONE', #10023, #6575 ) ;
#2491 = DIRECTION ( 'NONE',  ( -0.000000000000000000, -0.000000000000000000, 1.000000000000000000 ) ) ;
#2492 = CARTESIAN_POINT ( 'NONE',  ( 39.25000000000000000, 23.15429687500000000, 6.000000000000000000 ) ) ;
#2493 = LINE ( 'NONE', #2605, #1650 ) ;
#2494 = LINE ( 'NONE', #22, #3127 ) ;
#2495 = ORIENTED_EDGE ( 'NONE', *, *, #9529, .F. ) ;
#2496 = VERTEX_POINT ( 'NONE', #7457 ) ;
#2497 = VECTOR ( 'NONE', #4929, 1000.000000000000000 ) ;
#2498 = VECTOR ( 'NONE', #124, 1000.000000000000000 ) ;
#2499 = EDGE_CURVE ( 'NONE', #6021, #1011, #5941, .T. ) ;
#2500 = ORIENTED_EDGE ( 'NONE', *, *, #3322, .T. ) ;
#2501 = EDGE_CURVE ( 'NONE', #8095, #9485, #4284, .T. ) ;
#2502 = EDGE_CURVE ( 'NONE', #6453, #2496, #7512, .T. ) ;
#2503 = VECTOR ( 'NONE', #7033, 1000.000000000000000 ) ;
#2504 = VECTOR ( 'NONE', #4242, 1000.000000000000000 ) ;
#2505 = LINE ( 'NONE', #1748, #5188 ) ;
#2506 = DIRECTION ( 'NONE',  ( 6.938893903907228378E-15, 1.000000000000000000, 0.000000000000000000 ) ) ;
#2507 = ADVANCED_FACE ( 'NONE', ( #1906 ), #2614, .F. ) ;
#2508 = DIRECTION ( 'NONE',  ( 0.000000000000000000, 1.000000000000000000, 1.608394988049504315E-16 ) ) ;
#2509 = FACE_OUTER_BOUND ( 'NONE', #809, .T. ) ;
#2510 = DIRECTION ( 'NONE',  ( 0.000000000000000000, 0.000000000000000000, -1.000000000000000000 ) ) ;
#2511 = VERTEX_POINT ( 'NONE', #1853 ) ;
#2512 = DIRECTION ( 'NONE',  ( 0.000000000000000000, -1.000000000000000000, 0.000000000000000000 ) ) ;
#2513 = ORIENTED_EDGE ( 'NONE', *, *, #3092, .F. ) ;
#2514 = EDGE_LOOP ( 'NONE', ( #2978, #2566, #8109, #3682 ) ) ;
#2515 = AXIS2_PLACEMENT_3D ( 'NONE', #2189, #5473, #6177 ) ;
#2516 = VECTOR ( 'NONE', #9180, 1000.000000000000000 ) ;
#2517 = ORIENTED_EDGE ( 'NONE', *, *, #390, .F. ) ;
#2518 = EDGE_CURVE ( 'NONE', #9107, #708, #6915, .T. ) ;
#2519 = DIRECTION ( 'NONE',  ( 1.000000000000000000, 0.000000000000000000, 0.000000000000000000 ) ) ;
#2520 = CARTESIAN_POINT ( 'NONE',  ( -60.06788286210057493, 15.48641401289931885, 0.5000000000000004441 ) ) ;
#2521 = CARTESIAN_POINT ( 'NONE',  ( 30.20000000000014495, 15.45793887701764291, 2.499999999999999112 ) ) ;
#2522 = LINE ( 'NONE', #9841, #5491 ) ;
#2523 = CARTESIAN_POINT ( 'NONE',  ( -13.41788286210060477, 22.78641401289931778, 0.5000000000000004441 ) ) ;
#2524 = LINE ( 'NONE', #5804, #1285 ) ;
#2525 = VECTOR ( 'NONE', #491, 1000.000000000000000 ) ;
#2526 = CARTESIAN_POINT ( 'NONE',  ( -36.41788286210059766, 13.48641401289931885, 0.5000000000000004441 ) ) ;
#2527 = ORIENTED_EDGE ( 'NONE', *, *, #5689, .F. ) ;
#2528 = CARTESIAN_POINT ( 'NONE',  ( -101.4178828621005692, 20.78641401289932134, 1.500000000000000444 ) ) ;
#2529 = ORIENTED_EDGE ( 'NONE', *, *, #10031, .T. ) ;
#2530 = VECTOR ( 'NONE', #10316, 1000.000000000000000 ) ;
#2531 = EDGE_LOOP ( 'NONE', ( #5627, #2937, #930, #7630 ) ) ;
#2532 = VECTOR ( 'NONE', #798, 1000.000000000000000 ) ;
#2533 = EDGE_CURVE ( 'NONE', #748, #4105, #5894, .T. ) ;
#2534 = CARTESIAN_POINT ( 'NONE',  ( -13.49635799798221036, 13.15429687499999289, 6.000000000000000000 ) ) ;
#2535 = VECTOR ( 'NONE', #7984, 1000.000000000000000 ) ;
#2536 = CARTESIAN_POINT ( 'NONE',  ( -105.4784751358815384, 13.13641401289931920, 1.500000000000000444 ) ) ;
#2537 = LINE ( 'NONE', #5817, #8578 ) ;
#2538 = LINE ( 'NONE', #5818, #1457 ) ;
#2539 = ORIENTED_EDGE ( 'NONE', *, *, #8359, .T. ) ;
#2540 = CARTESIAN_POINT ( 'NONE',  ( 39.25000000000000000, 13.90429687500000178, 1.000000000000000000 ) ) ;
#2541 = CARTESIAN_POINT ( 'NONE',  ( -101.3036420020176394, 13.15429687499999645, 4.000000000000000000 ) ) ;
#2542 = ORIENTED_EDGE ( 'NONE', *, *, #9532, .F. ) ;
#2543 = EDGE_LOOP ( 'NONE', ( #6239, #7080, #8747, #9468, #3166, #4062, #9332, #279, #294, #1770, #4544, #566, #6201, #6705, #4543, #812, #1333, #984, #3795, #5333, #965, #10315, #165, #2711 ) ) ;
#2544 = EDGE_CURVE ( 'NONE', #6187, #1464, #137, .T. ) ;
#2545 = VECTOR ( 'NONE', #10274, 1000.000000000000114 ) ;
#2546 = ORIENTED_EDGE ( 'NONE', *, *, #5474, .T. ) ;
#2547 = AXIS2_PLACEMENT_3D ( 'NONE', #8823, #2257, #7042 ) ;
#2548 = FACE_OUTER_BOUND ( 'NONE', #3841, .T. ) ;
#2549 = PLANE ( 'NONE',  #549 ) ;
#2550 = VECTOR ( 'NONE', #7272, 1000.000000000000000 ) ;
#2551 = LINE ( 'NONE', #5176, #10177 ) ;
#2552 = DIRECTION ( 'NONE',  ( 1.000000000000000000, 0.000000000000000000, 0.000000000000000000 ) ) ;
#2553 = VECTOR ( 'NONE', #2839, 1000.000000000000000 ) ;
#2554 = DIRECTION ( 'NONE',  ( 0.000000000000000000, 0.000000000000000000, 1.000000000000000000 ) ) ;
#2555 = CARTESIAN_POINT ( 'NONE',  ( -106.0678828621005891, 15.48641401289931885, 0.5000000000000004441 ) ) ;
#2556 = ORIENTED_EDGE ( 'NONE', *, *, #8460, .F. ) ;
#2557 = ORIENTED_EDGE ( 'NONE', *, *, #9749, .T. ) ;
#2558 = ORIENTED_EDGE ( 'NONE', *, *, #255, .T. ) ;
#2559 = VECTOR ( 'NONE', #2384, 1000.000000000000000 ) ;
#2560 = CARTESIAN_POINT ( 'NONE',  ( -52.38211713789925028, 20.23277201088161803, 4.000000000000000000 ) ) ;
#2561 = DIRECTION ( 'NONE',  ( 1.000000000000000000, -0.000000000000000000, -0.000000000000000000 ) ) ;
#2562 = AXIS2_PLACEMENT_3D ( 'NONE', #10012, #4852, #6528 ) ;
#2563 = DIRECTION ( 'NONE',  ( -0.000000000000000000, -0.000000000000000000, 1.000000000000000000 ) ) ;
#2564 = FACE_BOUND ( 'NONE', #5129, .T. ) ;
#2565 = DIRECTION ( 'NONE',  ( -0.000000000000000000, -0.000000000000000000, 1.000000000000000000 ) ) ;
#2566 = ORIENTED_EDGE ( 'NONE', *, *, #327, .T. ) ;
#2567 = ADVANCED_FACE ( 'NONE', ( #5138 ), #3422, .F. ) ;
#2568 = ORIENTED_EDGE ( 'NONE', *, *, #2806, .T. ) ;
#2569 = VERTEX_POINT ( 'NONE', #5241 ) ;
#2570 = EDGE_CURVE ( 'NONE', #5103, #9706, #8529, .T. ) ;
#2571 = VERTEX_POINT ( 'NONE', #9128 ) ;
#2572 = VECTOR ( 'NONE', #742, 1000.000000000000114 ) ;
#2573 = DIRECTION ( 'NONE',  ( -0.000000000000000000, 1.000000000000000000, 0.000000000000000000 ) ) ;
#2574 = DIRECTION ( 'NONE',  ( -0.000000000000000000, -1.000000000000000000, -0.000000000000000000 ) ) ;
#2575 = EDGE_CURVE ( 'NONE', #6704, #3798, #1037, .T. ) ;
#2576 = CARTESIAN_POINT ( 'NONE',  ( -31.76788286210058132, 20.78641401289932134, -2.999999999999999112 ) ) ;
#2577 = DIRECTION ( 'NONE',  ( -0.000000000000000000, 0.000000000000000000, 1.000000000000000000 ) ) ;
#2578 = CARTESIAN_POINT ( 'NONE',  ( -78.30364200201761093, 23.15429687499998579, 4.000000000000000000 ) ) ;
#2579 = CARTESIAN_POINT ( 'NONE',  ( 23.00000000000000000, 0.000000000000000000, 0.5000000000000004441 ) ) ;
#2580 = VECTOR ( 'NONE', #3550, 1000.000000000000000 ) ;
#2581 = FACE_OUTER_BOUND ( 'NONE', #5840, .T. ) ;
#2582 = ORIENTED_EDGE ( 'NONE', *, *, #2533, .T. ) ;
#2583 = PERSON_AND_ORGANIZATION_ROLE ( 'design_owner' ) ;
#2584 = ORIENTED_EDGE ( 'NONE', *, *, #10364, .F. ) ;
#2585 = EDGE_CURVE ( 'NONE', #8949, #3488, #4330, .T. ) ;
#2586 = EDGE_LOOP ( 'NONE', ( #9883, #4373, #3999, #4074 ) ) ;
#2587 = EDGE_CURVE ( 'NONE', #2640, #7025, #2660, .T. ) ;
#2588 = DIRECTION ( 'NONE',  ( 0.7071067811865479058, -0.7071067811865470176, 0.000000000000000000 ) ) ;
#2589 = DIRECTION ( 'NONE',  ( 0.000000000000000000, 1.000000000000000000, -0.000000000000000000 ) ) ;
#2590 = CARTESIAN_POINT ( 'NONE',  ( -100.7678828621005920, 15.50448725967913610, 0.5000000000000004441 ) ) ;
#2591 = DIRECTION ( 'NONE',  ( -0.000000000000000000, -0.000000000000000000, 1.000000000000000000 ) ) ;
#2592 = ORIENTED_EDGE ( 'NONE', *, *, #2501, .T. ) ;
#2593 = DIRECTION ( 'NONE',  ( 0.000000000000000000, 0.000000000000000000, -1.000000000000000000 ) ) ;
#2594 = CARTESIAN_POINT ( 'NONE',  ( -122.0000000000000000, 15.45793887701764291, 2.499999999999999112 ) ) ;
#2595 = VERTEX_POINT ( 'NONE', #10090 ) ;
#2596 = EDGE_CURVE ( 'NONE', #1976, #6248, #2719, .T. ) ;
#2597 = VERTEX_POINT ( 'NONE', #6000 ) ;
#2598 = ORIENTED_EDGE ( 'NONE', *, *, #3002, .F. ) ;
#2599 = VECTOR ( 'NONE', #9597, 1000.000000000000000 ) ;
#2600 = PLANE ( 'NONE',  #8901 ) ;
#2601 = CARTESIAN_POINT ( 'NONE',  ( -129.0678828621005891, 20.78641401289932134, -2.999999999999999112 ) ) ;
#2602 = CARTESIAN_POINT ( 'NONE',  ( -82.47847513588153845, 13.13641401289931920, 1.500000000000000444 ) ) ;
#2603 = EDGE_CURVE ( 'NONE', #5888, #7279, #992, .T. ) ;
#2604 = DIRECTION ( 'NONE',  ( 1.000000000000000000, 0.000000000000000000, 0.000000000000000000 ) ) ;
#2605 = CARTESIAN_POINT ( 'NONE',  ( -123.7678828621005778, 15.48641401289931885, -2.999999999999999112 ) ) ;
#2606 = CARTESIAN_POINT ( 'NONE',  ( -32.41788286210059766, 13.48641401289931885, 0.5000000000000004441 ) ) ;
#2607 = VERTEX_POINT ( 'NONE', #8475 ) ;
#2608 = ORIENTED_EDGE ( 'NONE', *, *, #8493, .F. ) ;
#2609 = VECTOR ( 'NONE', #8351, 1000.000000000000000 ) ;
#2610 = EDGE_LOOP ( 'NONE', ( #7321, #34, #2842, #9450 ) ) ;
#2611 = VECTOR ( 'NONE', #9604, 1000.000000000000114 ) ;
#2612 = CARTESIAN_POINT ( 'NONE',  ( -9.321524864118316600, 23.17217973710065948, 6.000000000000000000 ) ) ;
#2613 = CARTESIAN_POINT ( 'NONE',  ( 39.25000000000000000, 22.40429687500000355, 2.500000000000000444 ) ) ;
#2614 = PLANE ( 'NONE',  #7390 ) ;
#2615 = CARTESIAN_POINT ( 'NONE',  ( 16.61788286210075327, 20.23277201088161803, 4.000000000000000000 ) ) ;
#2616 = DIRECTION ( 'NONE',  ( 0.000000000000000000, 0.000000000000000000, -1.000000000000000000 ) ) ;
#2617 = ORIENTED_EDGE ( 'NONE', *, *, #919, .T. ) ;
#2618 = ORIENTED_EDGE ( 'NONE', *, *, #7573, .F. ) ;
#2619 = ORIENTED_EDGE ( 'NONE', *, *, #4375, .T. ) ;
#2620 = VECTOR ( 'NONE', #9621, 1000.000000000000000 ) ;
#2621 = ORIENTED_EDGE ( 'NONE', *, *, #3844, .F. ) ;
#2622 = EDGE_CURVE ( 'NONE', #4505, #8820, #1086, .T. ) ;
#2623 = CARTESIAN_POINT ( 'NONE',  ( -59.41788286210059056, 20.78641401289932134, 1.500000000000000444 ) ) ;
#2624 = DIRECTION ( 'NONE',  ( 0.7071067811865474617, 0.7071067811865474617, 1.137307002876260553E-16 ) ) ;
#2625 = EDGE_CURVE ( 'NONE', #3269, #5865, #4379, .T. ) ;
#2626 = DIRECTION ( 'NONE',  ( 1.000000000000000000, 0.000000000000000000, 0.000000000000000000 ) ) ;
#2627 = DIRECTION ( 'NONE',  ( 0.000000000000000000, 1.000000000000000000, 0.000000000000000000 ) ) ;
#2628 = CARTESIAN_POINT ( 'NONE',  ( -108.4178828621006119, 20.23277201088161448, 1.500000000000000444 ) ) ;
#2629 = DIRECTION ( 'NONE',  ( 0.000000000000000000, 0.000000000000000000, -1.000000000000000000 ) ) ;
#2630 = ORIENTED_EDGE ( 'NONE', *, *, #9236, .F. ) ;
#2631 =( NAMED_UNIT ( * ) PLANE_ANGLE_UNIT ( ) SI_UNIT ( $, .RADIAN. ) );
#2632 = ORIENTED_EDGE ( 'NONE', *, *, #9605, .F. ) ;
#2633 = ORIENTED_EDGE ( 'NONE', *, *, #6409, .T. ) ;
#2634 = EDGE_CURVE ( 'NONE', #8329, #1219, #184, .T. ) ;
#2635 = CARTESIAN_POINT ( 'NONE',  ( -83.06788286210057493, 20.80448725967914925, 1.500000000000000444 ) ) ;
#2636 = LINE ( 'NONE', #5968, #4594 ) ;
#2637 = PLANE ( 'NONE',  #5306 ) ;
#2638 = CARTESIAN_POINT ( 'NONE',  ( 9.582117137899414772, 15.48641401289931885, 0.5000000000000004441 ) ) ;
#2639 = EDGE_CURVE ( 'NONE', #8546, #7996, #7724, .T. ) ;
#2640 = VERTEX_POINT ( 'NONE', #7938 ) ;
#2641 = CARTESIAN_POINT ( 'NONE',  ( 37.23211713789942223, 20.78641401289932134, 0.5000000000000004441 ) ) ;
#2642 = PLANE ( 'NONE',  #882 ) ;
#2643 = VERTEX_POINT ( 'NONE', #5516 ) ;
#2644 = VERTEX_POINT ( 'NONE', #6963 ) ;
#2645 = ORIENTED_EDGE ( 'NONE', *, *, #8750, .T. ) ;
#2646 = DIRECTION ( 'NONE',  ( 1.000000000000000000, 9.183830166936036979E-17, -0.000000000000000000 ) ) ;
#2647 = EDGE_CURVE ( 'NONE', #10018, #7674, #3849, .T. ) ;
#2648 = CARTESIAN_POINT ( 'NONE',  ( -61.79999999999985505, 15.45793887701764291, 3.999999999999999112 ) ) ;
#2649 = DIRECTION ( 'NONE',  ( 0.000000000000000000, 0.000000000000000000, 1.000000000000000000 ) ) ;
#2650 = PLANE ( 'NONE',  #10576 ) ;
#2651 = DIRECTION ( 'NONE',  ( -0.000000000000000000, 0.000000000000000000, 1.000000000000000000 ) ) ;
#2652 = LINE ( 'NONE', #981, #2265 ) ;
#2653 = ORIENTED_EDGE ( 'NONE', *, *, #1042, .T. ) ;
#2654 = ORIENTED_EDGE ( 'NONE', *, *, #5348, .F. ) ;
#2655 = ORIENTED_EDGE ( 'NONE', *, *, #4046, .T. ) ;
#2656 = ADVANCED_FACE ( 'NONE', ( #1368 ), #7990, .F. ) ;
#2657 = CARTESIAN_POINT ( 'NONE',  ( 32.58211713789940944, 15.48641401289931885, 0.5000000000000004441 ) ) ;
#2658 = LINE ( 'NONE', #5135, #3030 ) ;
#2659 = VECTOR ( 'NONE', #4900, 999.9999999999998863 ) ;
#2660 = LINE ( 'NONE', #6808, #8765 ) ;
#2661 = DIRECTION ( 'NONE',  ( 0.000000000000000000, -1.000000000000000000, 0.000000000000000000 ) ) ;
#2662 = CARTESIAN_POINT ( 'NONE',  ( 16.61788286210075327, 16.07582173911838197, 1.500000000000000444 ) ) ;
#2663 = EDGE_LOOP ( 'NONE', ( #1191, #1465, #7609, #7816, #2409 ) ) ;
#2664 = ORIENTED_EDGE ( 'NONE', *, *, #7244, .T. ) ;
#2665 = ORIENTED_EDGE ( 'NONE', *, *, #4013, .T. ) ;
#2666 = EDGE_CURVE ( 'NONE', #7371, #5989, #3041, .T. ) ;
#2667 = EDGE_LOOP ( 'NONE', ( #1000, #2949, #5423, #9629 ) ) ;
#2668 = AXIS2_PLACEMENT_3D ( 'NONE', #8972, #1595, #4879 ) ;
#2669 = VECTOR ( 'NONE', #5883, 1000.000000000000114 ) ;
#2670 = CARTESIAN_POINT ( 'NONE',  ( -83.06788286210057493, 20.80448725967914925, 0.5000000000000004441 ) ) ;
#2671 = LINE ( 'NONE', #2888, #7597 ) ;
#2672 = DIRECTION ( 'NONE',  ( 1.000000000000000000, 6.938893903907234689E-15, 0.000000000000000000 ) ) ;
#2673 = LINE ( 'NONE', #5256, #2739 ) ;
#2674 = LINE ( 'NONE', #5955, #262 ) ;
#2675 = LINE ( 'NONE', #5956, #8521 ) ;
#2676 = LINE ( 'NONE', #5958, #3575 ) ;
#2677 = VECTOR ( 'NONE', #9622, 1000.000000000000000 ) ;
#2678 = ORIENTED_EDGE ( 'NONE', *, *, #6539, .T. ) ;
#2679 = MECHANICAL_CONTEXT ( 'NONE', #10055, 'mechanical' ) ;
#2680 = VERTEX_POINT ( 'NONE', #10411 ) ;
#2681 = AXIS2_PLACEMENT_3D ( 'NONE', #8647, #7842, #3750 ) ;
#2682 = ORIENTED_EDGE ( 'NONE', *, *, #9015, .T. ) ;
#2683 = EDGE_CURVE ( 'NONE', #9164, #3906, #7020, .T. ) ;
#2684 = VECTOR ( 'NONE', #4917, 1000.000000000000000 ) ;
#2685 = CARTESIAN_POINT ( 'NONE',  ( -76.01788286210057777, 20.78641401289932134, 0.5000000000000004441 ) ) ;
#2686 = LINE ( 'NONE', #10058, #6332 ) ;
#2687 = DIRECTION ( 'NONE',  ( 0.000000000000000000, -0.000000000000000000, 1.000000000000000000 ) ) ;
#2688 = LINE ( 'NONE', #3605, #5069 ) ;
#2689 = DIRECTION ( 'NONE',  ( 0.000000000000000000, -1.000000000000000000, 0.000000000000000000 ) ) ;
#2690 = VERTEX_POINT ( 'NONE', #6271 ) ;
#2691 = CARTESIAN_POINT ( 'NONE',  ( -36.41788286210059766, 13.48641401289931885, 1.500000000000000444 ) ) ;
#2692 = LINE ( 'NONE', #267, #3987 ) ;
#2694 = VERTEX_POINT ( 'NONE', #6219 ) ;
#2693 = APPROVAL ( #6440, 'UNSPECIFIED' ) ;
#2695 = EDGE_CURVE ( 'NONE', #10019, #4976, #4488, .T. ) ;
#2696 = ORIENTED_EDGE ( 'NONE', *, *, #7170, .T. ) ;
#2697 = AXIS2_PLACEMENT_3D ( 'NONE', #8468, #10234, #2061 ) ;
#2698 = VECTOR ( 'NONE', #7550, 1000.000000000000000 ) ;
#2699 = EDGE_CURVE ( 'NONE', #8689, #9584, #559, .T. ) ;
#2700 = DIRECTION ( 'NONE',  ( 0.000000000000000000, 0.000000000000000000, -1.000000000000000000 ) ) ;
#2701 = CARTESIAN_POINT ( 'NONE',  ( -60.06788286210057493, 20.80448725967914925, 0.5000000000000004441 ) ) ;
#2702 = CARTESIAN_POINT ( 'NONE',  ( -137.9499999999999886, 25.05429687499999503, 5.600000000000009415 ) ) ;
#2703 = VECTOR ( 'NONE', #746, 1000.000000000000000 ) ;
#2704 = CARTESIAN_POINT ( 'NONE',  ( -38.79999999999984794, 20.85065487298236064, 2.500000000000000000 ) ) ;
#2705 = ADVANCED_FACE ( 'NONE', ( #7185 ), #2179, .F. ) ;
#2706 = ORIENTED_EDGE ( 'NONE', *, *, #5253, .F. ) ;
#2707 = PLANE ( 'NONE',  #7852 ) ;
#2708 = LINE ( 'NONE', #7400, #5869 ) ;
#2709 = ORIENTED_EDGE ( 'NONE', *, *, #4186, .F. ) ;
#2710 = VECTOR ( 'NONE', #161, 1000.000000000000000 ) ;
#2711 = ORIENTED_EDGE ( 'NONE', *, *, #789, .F. ) ;
#2712 = ADVANCED_FACE ( 'NONE', ( #8799 ), #5463, .F. ) ;
#2713 = VERTEX_POINT ( 'NONE', #4653 ) ;
#2714 = AXIS2_PLACEMENT_3D ( 'NONE', #898, #10644, #6456 ) ;
#2715 = EDGE_CURVE ( 'NONE', #2569, #4552, #7073, .T. ) ;
#2716 = VECTOR ( 'NONE', #2646, 1000.000000000000000 ) ;
#2717 = LINE ( 'NONE', #6098, #10053 ) ;
#2718 = CARTESIAN_POINT ( 'NONE',  ( -59.49635799798222280, 23.15429687499999289, 4.000000000000000000 ) ) ;
#2719 = LINE ( 'NONE', #8375, #171 ) ;
#2720 = DIRECTION ( 'NONE',  ( -1.000000000000000000, 0.000000000000000000, 0.000000000000000000 ) ) ;
#2721 = CARTESIAN_POINT ( 'NONE',  ( -106.0678828621005891, 0.000000000000000000, 0.000000000000000000 ) ) ;
#2722 = EDGE_LOOP ( 'NONE', ( #4151, #265, #6559, #9880, #4979, #8417, #2977, #482 ) ) ;
#2723 = ORIENTED_EDGE ( 'NONE', *, *, #10100, .F. ) ;
#2724 = EDGE_CURVE ( 'NONE', #2713, #3335, #1257, .T. ) ;
#2725 = ORIENTED_EDGE ( 'NONE', *, *, #74, .T. ) ;
#2726 = EDGE_LOOP ( 'NONE', ( #7963, #602, #8806, #9375, #8617, #5324 ) ) ;
#2727 = VECTOR ( 'NONE', #3180, 1000.000000000000000 ) ;
#2728 = DIRECTION ( 'NONE',  ( 0.000000000000000000, -0.000000000000000000, 1.000000000000000000 ) ) ;
#2729 = FACE_OUTER_BOUND ( 'NONE', #3696, .T. ) ;
#2730 = LINE ( 'NONE', #9139, #1301 ) ;
#2731 = LINE ( 'NONE', #7680, #8584 ) ;
#2732 = LINE ( 'NONE', #458, #6295 ) ;
#2733 = FACE_OUTER_BOUND ( 'NONE', #10653, .T. ) ;
#2734 = EDGE_CURVE ( 'NONE', #6080, #738, #7883, .T. ) ;
#2735 = CARTESIAN_POINT ( 'NONE',  ( -106.0678828621005891, 15.48641401289931885, 0.5000000000000004441 ) ) ;
#2736 = ORIENTED_EDGE ( 'NONE', *, *, #1183, .F. ) ;
#2737 = DIRECTION ( 'NONE',  ( 1.000000000000000000, 0.000000000000000000, -0.000000000000000000 ) ) ;
#2738 = ORIENTED_EDGE ( 'NONE', *, *, #9808, .F. ) ;
#2739 = VECTOR ( 'NONE', #2031, 1000.000000000000000 ) ;
#2740 = ORIENTED_EDGE ( 'NONE', *, *, #10298, .T. ) ;
#2741 = CARTESIAN_POINT ( 'NONE',  ( -101.3215248641183308, 13.13641401289931920, 1.500000000000000444 ) ) ;
#2742 = DIRECTION ( 'NONE',  ( 0.000000000000000000, 1.000000000000000000, 1.608394988049504315E-16 ) ) ;
#2743 = VECTOR ( 'NONE', #9609, 1000.000000000000000 ) ;
#2744 = CARTESIAN_POINT ( 'NONE',  ( 8.932117137899432180, 20.80448725967914925, 0.5000000000000004441 ) ) ;
#2745 = LINE ( 'NONE', #1986, #7819 ) ;
#2746 = DIRECTION ( 'NONE',  ( -1.000000000000000000, -0.000000000000000000, -0.000000000000000000 ) ) ;
#2747 = ORIENTED_EDGE ( 'NONE', *, *, #4292, .F. ) ;
#2748 = LINE ( 'NONE', #10223, #970 ) ;
#2749 = DIRECTION ( 'NONE',  ( 1.000000000000000000, 9.183830166936036979E-17, -0.000000000000000000 ) ) ;
#2750 = VERTEX_POINT ( 'NONE', #5299 ) ;
#2751 = VERTEX_POINT ( 'NONE', #7777 ) ;
#2752 = AXIS2_PLACEMENT_3D ( 'NONE', #8719, #3074, #6363 ) ;
#2753 = CARTESIAN_POINT ( 'NONE',  ( -130.7500000000000000, 13.15429687499998934, 6.000000000000000000 ) ) ;
#2754 = EDGE_CURVE ( 'NONE', #6813, #1519, #8585, .T. ) ;
#2755 = CARTESIAN_POINT ( 'NONE',  ( -55.41788286210058345, 22.78641401289931778, 0.5000000000000004441 ) ) ;
#2756 = DIRECTION ( 'NONE',  ( 0.000000000000000000, 0.000000000000000000, -1.000000000000000000 ) ) ;
#2757 = DIRECTION ( 'NONE',  ( 0.000000000000000000, -0.7071067811865465735, 0.7071067811865484609 ) ) ;
#2758 = ADVANCED_FACE ( 'NONE', ( #6168 ), #9446, .F. ) ;
#2759 = ORIENTED_EDGE ( 'NONE', *, *, #494, .F. ) ;
#2760 = CARTESIAN_POINT ( 'NONE',  ( -137.7499999999999716, 10.65429687500000355, 6.000000000000000000 ) ) ;
#2761 = CARTESIAN_POINT ( 'NONE',  ( -100.7678828621005920, 0.000000000000000000, 0.000000000000000000 ) ) ;
#2762 = ORIENTED_EDGE ( 'NONE', *, *, #2953, .T. ) ;
#2763 = ORIENTED_EDGE ( 'NONE', *, *, #789, .T. ) ;
#2764 = VERTEX_POINT ( 'NONE', #8686 ) ;
#2765 = EDGE_CURVE ( 'NONE', #8211, #8900, #10302, .T. ) ;
#2766 = DIRECTION ( 'NONE',  ( 0.000000000000000000, 0.000000000000000000, -1.000000000000000000 ) ) ;
#2767 = CARTESIAN_POINT ( 'NONE',  ( -54.76788286210057777, 20.78641401289932134, -2.999999999999999112 ) ) ;
#2768 = DIRECTION ( 'NONE',  ( 0.000000000000000000, -0.000000000000000000, -1.000000000000000000 ) ) ;
#2769 = ADVANCED_FACE ( 'NONE', ( #2984 ), #9549, .F. ) ;
#2770 = CARTESIAN_POINT ( 'NONE',  ( -59.41788286210059056, 13.48641401289931885, 0.5000000000000004441 ) ) ;
#2771 = LINE ( 'NONE', #4489, #4235 ) ;
#2772 = AXIS2_PLACEMENT_3D ( 'NONE', #7450, #9171, #3357 ) ;
#2773 = DIRECTION ( 'NONE',  ( 0.7071067811865462405, 0.7071067811865489050, 0.000000000000000000 ) ) ;
#2774 = ORIENTED_EDGE ( 'NONE', *, *, #2268, .F. ) ;
#2775 = EDGE_CURVE ( 'NONE', #6753, #10583, #10568, .T. ) ;
#2776 = ORIENTED_EDGE ( 'NONE', *, *, #785, .F. ) ;
#2777 = ORIENTED_EDGE ( 'NONE', *, *, #5372, .T. ) ;
#2778 = ORIENTED_EDGE ( 'NONE', *, *, #952, .F. ) ;
#2779 = VECTOR ( 'NONE', #2749, 1000.000000000000000 ) ;
#2780 = CARTESIAN_POINT ( 'NONE',  ( -124.4178828621005835, 20.78641401289932134, 0.5000000000000004441 ) ) ;
#2781 = CARTESIAN_POINT ( 'NONE',  ( -130.7500000000000000, 13.15429687499998934, 4.000000000000000000 ) ) ;
#2782 = CARTESIAN_POINT ( 'NONE',  ( 0.000000000000000000, 0.000000000000000000, 1.000000000000000000 ) ) ;
#2783 = EDGE_CURVE ( 'NONE', #9250, #129, #8051, .T. ) ;
#2784 = PLANE ( 'NONE',  #2915 ) ;
#2785 = CARTESIAN_POINT ( 'NONE',  ( -98.38211713789927160, 20.23277201088161803, 1.500000000000000444 ) ) ;
#2786 = DIRECTION ( 'NONE',  ( 0.000000000000000000, -0.000000000000000000, 1.000000000000000000 ) ) ;
#2787 = PLANE ( 'NONE',  #4410 ) ;
#2788 = ORIENTED_EDGE ( 'NONE', *, *, #630, .F. ) ;
#2789 = LINE ( 'NONE', #3442, #7865 ) ;
#2791 = ORIENTED_EDGE ( 'NONE', *, *, #2575, .T. ) ;
#2790 = VECTOR ( 'NONE', #9454, 1000.000000000000000 ) ;
#2792 = ORIENTED_EDGE ( 'NONE', *, *, #8156, .F. ) ;
#2793 = VECTOR ( 'NONE', #9431, 1000.000000000000000 ) ;
#2794 = EDGE_CURVE ( 'NONE', #5876, #5921, #4866, .T. ) ;
#2795 = DIRECTION ( 'NONE',  ( -1.000000000000000000, -0.000000000000000000, -0.000000000000000000 ) ) ;
#2796 = LINE ( 'NONE', #3447, #8390 ) ;
#2797 = EDGE_CURVE ( 'NONE', #5907, #7970, #1627, .T. ) ;
#2798 = DIRECTION ( 'NONE',  ( -0.000000000000000000, -0.000000000000000000, 1.000000000000000000 ) ) ;
#2799 = LINE ( 'NONE', #3496, #1965 ) ;
#2800 = LINE ( 'NONE', #1284, #1549 ) ;
#2801 = VERTEX_POINT ( 'NONE', #9663 ) ;
#2802 = CARTESIAN_POINT ( 'NONE',  ( 16.61788286210075327, 16.07582173911838197, 2.499999999999999112 ) ) ;
#2803 = VERTEX_POINT ( 'NONE', #4165 ) ;
#2804 = EDGE_CURVE ( 'NONE', #1313, #8689, #7288, .T. ) ;
#2805 = ORIENTED_EDGE ( 'NONE', *, *, #1061, .T. ) ;
#2806 = EDGE_CURVE ( 'NONE', #7572, #2912, #826, .T. ) ;
#2807 = DIRECTION ( 'NONE',  ( 0.000000000000000000, -0.000000000000000000, -1.000000000000000000 ) ) ;
#2808 = CARTESIAN_POINT ( 'NONE',  ( 39.25000000000000000, 22.40429687500000355, 1.000000000000000000 ) ) ;
#2809 = CARTESIAN_POINT ( 'NONE',  ( -7.017882862100588426, 15.50448725967913610, 0.5000000000000004441 ) ) ;
#2810 = DIRECTION ( 'NONE',  ( -0.000000000000000000, 1.000000000000000000, -0.000000000000000000 ) ) ;
#2811 = ORIENTED_EDGE ( 'NONE', *, *, #5936, .F. ) ;
#2812 = DIRECTION ( 'NONE',  ( 0.000000000000000000, 0.000000000000000000, -1.000000000000000000 ) ) ;
#2813 = DIRECTION ( 'NONE',  ( 0.000000000000000000, 0.000000000000000000, -1.000000000000000000 ) ) ;
#2814 = ORIENTED_EDGE ( 'NONE', *, *, #823, .T. ) ;
#2815 = VERTEX_POINT ( 'NONE', #5774 ) ;
#2816 = ADVANCED_FACE ( 'NONE', ( #4764 ), #7237, .F. ) ;
#2817 = ORIENTED_EDGE ( 'NONE', *, *, #5855, .F. ) ;
#2818 = CARTESIAN_POINT ( 'NONE',  ( -100.7678828621005920, 15.50448725967913610, 1.500000000000000444 ) ) ;
#2819 = DIRECTION ( 'NONE',  ( 1.000000000000000000, 0.000000000000000000, 0.000000000000000000 ) ) ;
#2820 = CARTESIAN_POINT ( 'NONE',  ( 37.23211713789942223, 20.78641401289932134, 0.5000000000000004441 ) ) ;
#2821 = DIRECTION ( 'NONE',  ( -6.938893903907233900E-15, 1.000000000000000000, 0.000000000000000000 ) ) ;
#2822 = FACE_OUTER_BOUND ( 'NONE', #9524, .T. ) ;
#2823 = LINE ( 'NONE', #2986, #1212 ) ;
#2824 = ORIENTED_EDGE ( 'NONE', *, *, #9482, .T. ) ;
#2825 = EDGE_CURVE ( 'NONE', #4617, #8227, #764, .T. ) ;
#2826 = ORIENTED_EDGE ( 'NONE', *, *, #7558, .F. ) ;
#2827 = EDGE_CURVE ( 'NONE', #3949, #9941, #7398, .T. ) ;
#2828 = EDGE_CURVE ( 'NONE', #7065, #969, #10520, .T. ) ;
#2829 = EDGE_LOOP ( 'NONE', ( #9438, #10279, #5827, #3267 ) ) ;
#2830 = ORIENTED_EDGE ( 'NONE', *, *, #4812, .F. ) ;
#2831 = EDGE_CURVE ( 'NONE', #3684, #5750, #4973, .T. ) ;
#2832 = VECTOR ( 'NONE', #2287, 1000.000000000000000 ) ;
#2833 = DIRECTION ( 'NONE',  ( 0.000000000000000000, -0.000000000000000000, 1.000000000000000000 ) ) ;
#2834 = DIRECTION ( 'NONE',  ( 0.000000000000000000, -1.000000000000000000, 0.000000000000000000 ) ) ;
#2835 = DIRECTION ( 'NONE',  ( 1.000000000000000000, 9.183830166936036979E-17, -0.000000000000000000 ) ) ;
#2836 = CARTESIAN_POINT ( 'NONE',  ( 15.98211713789943289, 15.50448725967913610, 0.5000000000000004441 ) ) ;
#2837 = LINE ( 'NONE', #2892, #9731 ) ;
#2838 = DIRECTION ( 'NONE',  ( 0.000000000000000000, 0.000000000000000000, -1.000000000000000000 ) ) ;
#2839 = DIRECTION ( 'NONE',  ( 0.000000000000000000, 1.000000000000000000, 0.000000000000000000 ) ) ;
#2840 = ORIENTED_EDGE ( 'NONE', *, *, #3416, .T. ) ;
#2841 = CALENDAR_DATE ( 2025, 1, 8 ) ;
#2842 = ORIENTED_EDGE ( 'NONE', *, *, #4027, .F. ) ;
#2843 = VERTEX_POINT ( 'NONE', #2341 ) ;
#2844 = VECTOR ( 'NONE', #9987, 1000.000000000000000 ) ;
#2845 = VECTOR ( 'NONE', #6699, 1000.000000000000000 ) ;
#2846 = ORIENTED_EDGE ( 'NONE', *, *, #10609, .T. ) ;
#2847 = EDGE_CURVE ( 'NONE', #3185, #10319, #6436, .T. ) ;
#2848 = PLANE ( 'NONE',  #4953 ) ;
#2849 = LINE ( 'NONE', #1173, #5462 ) ;
#2850 = VECTOR ( 'NONE', #1485, 1000.000000000000000 ) ;
#2851 = DIRECTION ( 'NONE',  ( -0.000000000000000000, -0.000000000000000000, 1.000000000000000000 ) ) ;
#2852 = DIRECTION ( 'NONE',  ( 1.000000000000000000, 0.000000000000000000, 0.000000000000000000 ) ) ;
#2853 = VECTOR ( 'NONE', #9593, 1000.000000000000000 ) ;
#2854 = CARTESIAN_POINT ( 'NONE',  ( -105.4963579979822583, 23.15429687499998224, 4.000000000000000000 ) ) ;
#2855 = ORIENTED_EDGE ( 'NONE', *, *, #3836, .F. ) ;
#2856 = DIRECTION ( 'NONE',  ( -0.000000000000000000, -0.000000000000000000, 1.000000000000000000 ) ) ;
#2857 = ORIENTED_EDGE ( 'NONE', *, *, #2206, .F. ) ;
#2858 = ORIENTED_EDGE ( 'NONE', *, *, #9098, .T. ) ;
#2859 = ADVANCED_FACE ( 'NONE', ( #4008 ), #8852, .F. ) ;
#2860 = AXIS2_PLACEMENT_3D ( 'NONE', #7449, #2445, #9976 ) ;
#2861 = FACE_OUTER_BOUND ( 'NONE', #3743, .T. ) ;
#2862 = CARTESIAN_POINT ( 'NONE',  ( 7.182117137899429515, 15.48641401289931885, 0.5000000000000004441 ) ) ;
#2863 = DIRECTION ( 'NONE',  ( 1.000000000000000000, 0.000000000000000000, -0.000000000000000000 ) ) ;
#2864 = CARTESIAN_POINT ( 'NONE',  ( 15.98211713789943289, 20.78641401289932134, 0.5000000000000004441 ) ) ;
#2865 = ORIENTED_EDGE ( 'NONE', *, *, #7320, .T. ) ;
#2866 = LINE ( 'NONE', #5342, #631 ) ;
#2867 = CARTESIAN_POINT ( 'NONE',  ( -60.06788286210057493, 20.80448725967914925, 0.5000000000000004441 ) ) ;
#2868 = VERTEX_POINT ( 'NONE', #2492 ) ;
#2869 = EDGE_CURVE ( 'NONE', #705, #5438, #4057, .T. ) ;
#2870 = VECTOR ( 'NONE', #6944, 1000.000000000000000 ) ;
#2871 = ORIENTED_EDGE ( 'NONE', *, *, #5664, .T. ) ;
#2872 = AXIS2_PLACEMENT_3D ( 'NONE', #7370, #10649, #9844 ) ;
#2873 = ORIENTED_EDGE ( 'NONE', *, *, #6719, .T. ) ;
#2874 = VECTOR ( 'NONE', #1345, 1000.000000000000000 ) ;
#2875 = LINE ( 'NONE', #9031, #3811 ) ;
#2876 = DIRECTION ( 'NONE',  ( -0.7071067811865483499, 0.7071067811865466846, 0.000000000000000000 ) ) ;
#2877 = DIRECTION ( 'NONE',  ( 6.938893903907228378E-15, 1.000000000000000000, -0.000000000000000000 ) ) ;
#2878 = AXIS2_PLACEMENT_3D ( 'NONE', #9861, #6586, #7494 ) ;
#2879 = DIRECTION ( 'NONE',  ( 0.000000000000000000, 0.000000000000000000, 1.000000000000000000 ) ) ;
#2880 = CARTESIAN_POINT ( 'NONE',  ( 37.23211713789942223, 20.78641401289932134, -2.999999999999999112 ) ) ;
#2881 = DIRECTION ( 'NONE',  ( -0.000000000000000000, -0.000000000000000000, 1.000000000000000000 ) ) ;
#2882 = VERTEX_POINT ( 'NONE', #5620 ) ;
#2883 = ORIENTED_EDGE ( 'NONE', *, *, #7536, .T. ) ;
#2884 = ORIENTED_EDGE ( 'NONE', *, *, #4121, .F. ) ;
#2885 = VERTEX_POINT ( 'NONE', #8909 ) ;
#2886 = VECTOR ( 'NONE', #3, 1000.000000000000000 ) ;
#2887 = EDGE_CURVE ( 'NONE', #2277, #3335, #8151, .T. ) ;
#2888 = CARTESIAN_POINT ( 'NONE',  ( -137.7499999999999716, 15.45793887701764291, 2.499999999999999112 ) ) ;
#2889 = PLANE ( 'NONE',  #2515 ) ;
#2890 = AXIS2_PLACEMENT_3D ( 'NONE', #1024, #10178, #2807 ) ;
#2891 = CARTESIAN_POINT ( 'NONE',  ( -124.4178828621005835, 15.48641401289931885, 0.5000000000000004441 ) ) ;
#2892 = CARTESIAN_POINT ( 'NONE',  ( -130.7500000000000000, 13.15429687499998934, 4.000000000000000000 ) ) ;
#2893 = FACE_OUTER_BOUND ( 'NONE', #7266, .T. ) ;
#2894 = ORIENTED_EDGE ( 'NONE', *, *, #7493, .F. ) ;
#2895 = LINE ( 'NONE', #6069, #144 ) ;
#2896 = EDGE_CURVE ( 'NONE', #5051, #6688, #8103, .T. ) ;
#2897 = ORIENTED_EDGE ( 'NONE', *, *, #9185, .T. ) ;
#2898 = ORIENTED_EDGE ( 'NONE', *, *, #9798, .F. ) ;
#2899 = EDGE_LOOP ( 'NONE', ( #853, #7808, #1692, #5609, #2370, #9612, #10491, #8276 ) ) ;
#2900 = VERTEX_POINT ( 'NONE', #10625 ) ;
#2901 = ADVANCED_FACE ( 'NONE', ( #3252 ), #9816, .F. ) ;
#2902 = CARTESIAN_POINT ( 'NONE',  ( -137.7499999999999716, 11.65429687500000533, 6.000000000000000000 ) ) ;
#2903 = CARTESIAN_POINT ( 'NONE',  ( -121.3821171378992574, 20.23277201088161803, 1.500000000000000444 ) ) ;
#2904 = ORIENTED_EDGE ( 'NONE', *, *, #8559, .F. ) ;
#2905 = LINE ( 'NONE', #9580, #8072 ) ;
#2906 = LINE ( 'NONE', #477, #10052 ) ;
#2907 = ADVANCED_FACE ( 'NONE', ( #10121 ), #418, .F. ) ;
#2908 = AXIS2_PLACEMENT_3D ( 'NONE', #963, #10608, #7540 ) ;
#2909 = CARTESIAN_POINT ( 'NONE',  ( -101.4178828621005977, 22.78641401289931778, 0.5000000000000004441 ) ) ;
#2910 = ORIENTED_EDGE ( 'NONE', *, *, #5142, .F. ) ;
#2911 = CARTESIAN_POINT ( 'NONE',  ( 9.521524864118447340, 23.17217973710065948, 4.000000000000000000 ) ) ;
#2912 = VERTEX_POINT ( 'NONE', #7641 ) ;
#2913 = EDGE_CURVE ( 'NONE', #2764, #6367, #4465, .T. ) ;
#2914 = ORIENTED_EDGE ( 'NONE', *, *, #6429, .F. ) ;
#2915 = AXIS2_PLACEMENT_3D ( 'NONE', #3436, #9349, #8542 ) ;
#2916 = CARTESIAN_POINT ( 'NONE',  ( -137.7499999999999716, 15.45793887701764291, 3.999999999999999112 ) ) ;
#2917 = FACE_OUTER_BOUND ( 'NONE', #2586, .T. ) ;
#2918 = CARTESIAN_POINT ( 'NONE',  ( -137.7499999999999716, 10.65429687500000355, 0.4000000000000114575 ) ) ;
#2919 = DIRECTION ( 'NONE',  ( -1.000000000000000000, 1.734723475976806902E-18, 0.000000000000000000 ) ) ;
#2920 = ADVANCED_FACE ( 'NONE', ( #1936 ), #7804, .F. ) ;
#2921 = ORIENTED_EDGE ( 'NONE', *, *, #991, .F. ) ;
#2922 = CARTESIAN_POINT ( 'NONE',  ( 31.93211713789942507, 20.80448725967914925, 0.5000000000000004441 ) ) ;
#2923 = DIRECTION ( 'NONE',  ( -0.000000000000000000, 0.000000000000000000, 1.000000000000000000 ) ) ;
#2924 = ORIENTED_EDGE ( 'NONE', *, *, #2953, .F. ) ;
#2925 = VECTOR ( 'NONE', #1233, 1000.000000000000000 ) ;
#2926 = VERTEX_POINT ( 'NONE', #6198 ) ;
#2927 = ORIENTED_EDGE ( 'NONE', *, *, #6084, .T. ) ;
#2928 = EDGE_CURVE ( 'NONE', #4882, #6547, #4356, .T. ) ;
#2929 = LINE ( 'NONE', #2119, #10522 ) ;
#2930 = LINE ( 'NONE', #500, #9029 ) ;
#2931 = CARTESIAN_POINT ( 'NONE',  ( -14.06788286210058914, 20.78641401289932134, 1.500000000000000444 ) ) ;
#2932 = DIRECTION ( 'NONE',  ( -1.000000000000000000, 0.000000000000000000, -0.000000000000000000 ) ) ;
#2933 = CARTESIAN_POINT ( 'NONE',  ( -123.7678828621005778, 20.78641401289932134, 1.500000000000000444 ) ) ;
#2934 = CARTESIAN_POINT ( 'NONE',  ( -100.7678828621005920, 15.48641401289931885, 1.500000000000000444 ) ) ;
#2935 = VERTEX_POINT ( 'NONE', #6890 ) ;
#2936 = ORIENTED_EDGE ( 'NONE', *, *, #9994, .F. ) ;
#2937 = ORIENTED_EDGE ( 'NONE', *, *, #3143, .T. ) ;
#2938 = ORIENTED_EDGE ( 'NONE', *, *, #1636, .T. ) ;
#2939 = VECTOR ( 'NONE', #5075, 1000.000000000000000 ) ;
#2940 = PLANE ( 'NONE',  #2446 ) ;
#2941 = FACE_OUTER_BOUND ( 'NONE', #2722, .T. ) ;
#2942 = LINE ( 'NONE', #9507, #9620 ) ;
#2943 = DIRECTION ( 'NONE',  ( 0.000000000000000000, 0.000000000000000000, 1.000000000000000000 ) ) ;
#2944 = LINE ( 'NONE', #6285, #4909 ) ;
#2945 = ORIENTED_EDGE ( 'NONE', *, *, #7231, .F. ) ;
#2946 = LINE ( 'NONE', #6235, #5814 ) ;
#2947 = DIRECTION ( 'NONE',  ( 0.000000000000000000, -0.000000000000000000, -1.000000000000000000 ) ) ;
#2948 = ORIENTED_EDGE ( 'NONE', *, *, #1252, .F. ) ;
#2949 = ORIENTED_EDGE ( 'NONE', *, *, #8115, .T. ) ;
#2950 = ORIENTED_EDGE ( 'NONE', *, *, #4100, .F. ) ;
#2951 = VECTOR ( 'NONE', #6048, 1000.000000000000000 ) ;
#2952 = VERTEX_POINT ( 'NONE', #9471 ) ;
#2953 = EDGE_CURVE ( 'NONE', #6955, #1755, #6027, .T. ) ;
#2954 = ADVANCED_FACE ( 'NONE', ( #2098 ), #366, .F. ) ;
#2955 = DIRECTION ( 'NONE',  ( 0.000000000000000000, 0.000000000000000000, 1.000000000000000000 ) ) ;
#2956 = CARTESIAN_POINT ( 'NONE',  ( 31.93211713789942507, 20.78641401289932134, 0.000000000000000000 ) ) ;
#2957 = VERTEX_POINT ( 'NONE', #2854 ) ;
#2958 = CARTESIAN_POINT ( 'NONE',  ( -78.41788286210059766, 13.48641401289931885, 1.500000000000000444 ) ) ;
#2959 = VECTOR ( 'NONE', #2392, 1000.000000000000000 ) ;
#2960 = CARTESIAN_POINT ( 'NONE',  ( -8.767882862100590202, 15.50448725967913610, 0.5000000000000004441 ) ) ;
#2961 = DIRECTION ( 'NONE',  ( -0.000000000000000000, -0.000000000000000000, 1.000000000000000000 ) ) ;
#2962 = ORIENTED_EDGE ( 'NONE', *, *, #9969, .F. ) ;
#2963 = DIRECTION ( 'NONE',  ( -0.000000000000000000, -1.000000000000000000, -0.000000000000000000 ) ) ;
#2964 = ORIENTED_EDGE ( 'NONE', *, *, #3350, .F. ) ;
#2965 = EDGE_CURVE ( 'NONE', #6237, #4368, #3658, .T. ) ;
#2966 = ORIENTED_EDGE ( 'NONE', *, *, #9175, .F. ) ;
#2967 = EDGE_CURVE ( 'NONE', #9706, #5781, #10220, .T. ) ;
#2968 = FACE_OUTER_BOUND ( 'NONE', #3582, .T. ) ;
#2969 = DIRECTION ( 'NONE',  ( 0.000000000000000000, 0.000000000000000000, -1.000000000000000000 ) ) ;
#2970 = EDGE_CURVE ( 'NONE', #1570, #8689, #5380, .T. ) ;
#2971 = DIRECTION ( 'NONE',  ( 6.938893903907228378E-15, 1.000000000000000000, -0.000000000000000000 ) ) ;
#2972 = CARTESIAN_POINT ( 'NONE',  ( 36.69635799798235354, 23.15429687500000000, 1.500000000000000444 ) ) ;
#2973 = CARTESIAN_POINT ( 'NONE',  ( -59.41788286210059056, 13.48641401289931885, 0.5000000000000004441 ) ) ;
#2974 = DIRECTION ( 'NONE',  ( -0.000000000000000000, -0.000000000000000000, 1.000000000000000000 ) ) ;
#2975 = DIRECTION ( 'NONE',  ( 0.000000000000000000, -0.000000000000000000, 1.000000000000000000 ) ) ;
#2976 = EDGE_LOOP ( 'NONE', ( #8579, #10175, #6761, #4492 ) ) ;
#2977 = ORIENTED_EDGE ( 'NONE', *, *, #9154, .F. ) ;
#2978 = ORIENTED_EDGE ( 'NONE', *, *, #7179, .T. ) ;
#2979 = EDGE_CURVE ( 'NONE', #2900, #5359, #6139, .T. ) ;
#2980 = PLANE ( 'NONE',  #8374 ) ;
#2981 = LINE ( 'NONE', #6268, #6228 ) ;
#2982 = CARTESIAN_POINT ( 'NONE',  ( -135.7499999999999716, 13.15429687500000533, 0.4964466094067262469 ) ) ;
#2983 = DIRECTION ( 'NONE',  ( -1.000000000000000000, 0.000000000000000000, -0.000000000000000000 ) ) ;
#2984 = FACE_OUTER_BOUND ( 'NONE', #8040, .T. ) ;
#2985 = FACE_OUTER_BOUND ( 'NONE', #2543, .T. ) ;
#2986 = CARTESIAN_POINT ( 'NONE',  ( -101.4178828621005692, 20.78641401289932134, 0.5000000000000004441 ) ) ;
#2987 = ORIENTED_EDGE ( 'NONE', *, *, #6327, .T. ) ;
#2988 = EDGE_LOOP ( 'NONE', ( #2139, #468, #4014, #6594 ) ) ;
#2989 = ORIENTED_EDGE ( 'NONE', *, *, #9504, .F. ) ;
#2990 = ORIENTED_EDGE ( 'NONE', *, *, #1048, .T. ) ;
#2991 = EDGE_CURVE ( 'NONE', #479, #10351, #8661, .T. ) ;
#2992 = CARTESIAN_POINT ( 'NONE',  ( 9.582117137899414772, 13.48641401289931885, 1.500000000000000444 ) ) ;
#2993 = CARTESIAN_POINT ( 'NONE',  ( 14.23211713789943111, 15.48641401289931885, 1.500000000000000444 ) ) ;
#2994 = CARTESIAN_POINT ( 'NONE',  ( 39.25000000000000000, 15.45793887701764291, 1.000000000000000000 ) ) ;
#2995 = LINE ( 'NONE', #4018, #6805 ) ;
#2996 = CARTESIAN_POINT ( 'NONE',  ( 39.25000000000000711, 20.85065487298235709, 2.500000000000000000 ) ) ;
#2997 = ORIENTED_EDGE ( 'NONE', *, *, #6727, .T. ) ;
#2998 = DIRECTION ( 'NONE',  ( -0.000000000000000000, -0.000000000000000000, 1.000000000000000000 ) ) ;
#2999 = CARTESIAN_POINT ( 'NONE',  ( -82.41788286210059766, 15.48641401289931885, 0.5000000000000004441 ) ) ;
#3000 = ORIENTED_EDGE ( 'NONE', *, *, #1604, .T. ) ;
#3001 = ORIENTED_EDGE ( 'NONE', *, *, #5360, .F. ) ;
#3002 = EDGE_CURVE ( 'NONE', #3798, #7464, #2800, .T. ) ;
#3003 = VERTEX_POINT ( 'NONE', #2049 ) ;
#3004 = ORIENTED_EDGE ( 'NONE', *, *, #11, .T. ) ;
#3005 = DIRECTION ( 'NONE',  ( -1.000000000000000000, -0.000000000000000000, -0.000000000000000000 ) ) ;
#3006 = CARTESIAN_POINT ( 'NONE',  ( -123.7678828621005778, 15.48641401289931885, 0.000000000000000000 ) ) ;
#3007 = ORIENTED_EDGE ( 'NONE', *, *, #8641, .T. ) ;
#3008 = DIRECTION ( 'NONE',  ( -0.7071067811865471286, -0.7071067811865480168, 0.000000000000000000 ) ) ;
#3009 = CARTESIAN_POINT ( 'NONE',  ( 14.23211713789943111, 15.50448725967913610, 1.500000000000000444 ) ) ;
#3010 = LINE ( 'NONE', #6305, #119 ) ;
#3011 = VECTOR ( 'NONE', #1054, 1000.000000000000000 ) ;
#3012 = ORIENTED_EDGE ( 'NONE', *, *, #207, .T. ) ;
#3013 = CARTESIAN_POINT ( 'NONE',  ( -137.7499999999999716, 24.65429687500000711, 6.000000000000000000 ) ) ;
#3014 = VERTEX_POINT ( 'NONE', #10171 ) ;
#3015 = VECTOR ( 'NONE', #5297, 1000.000000000000000 ) ;
#3016 = VERTEX_POINT ( 'NONE', #1988 ) ;
#3017 = VECTOR ( 'NONE', #1312, 1000.000000000000114 ) ;
#3018 = VECTOR ( 'NONE', #8032, 1000.000000000000000 ) ;
#3019 = DIRECTION ( 'NONE',  ( 2.790120544412910805E-34, 1.608394988049504315E-16, -1.000000000000000000 ) ) ;
#3020 = EDGE_CURVE ( 'NONE', #3512, #1705, #8560, .T. ) ;
#3021 = DIRECTION ( 'NONE',  ( 0.000000000000000000, -1.000000000000000000, -1.608394988049504315E-16 ) ) ;
#3022 = EDGE_CURVE ( 'NONE', #5909, #10262, #9362, .T. ) ;
#3023 = FACE_OUTER_BOUND ( 'NONE', #1929, .T. ) ;
#3024 = EDGE_CURVE ( 'NONE', #1326, #7850, #10278, .T. ) ;
#3025 = DIRECTION ( 'NONE',  ( 0.000000000000000000, -0.000000000000000000, -1.000000000000000000 ) ) ;
#3026 = DIRECTION ( 'NONE',  ( 0.000000000000000000, 1.000000000000000000, 0.000000000000000000 ) ) ;
#3027 = CARTESIAN_POINT ( 'NONE',  ( -128.4178828621005835, 20.78641401289932134, 0.5000000000000004441 ) ) ;
#3028 = ORIENTED_EDGE ( 'NONE', *, *, #2377, .F. ) ;
#3029 = ORIENTED_EDGE ( 'NONE', *, *, #10551, .F. ) ;
#3030 = VECTOR ( 'NONE', #9282, 1000.000000000000000 ) ;
#3031 = AXIS2_PLACEMENT_3D ( 'NONE', #8745, #7074, #4709 ) ;
#3032 = ADVANCED_FACE ( 'NONE', ( #7448 ), #68, .F. ) ;
#3033 = VERTEX_POINT ( 'NONE', #8079 ) ;
#3034 = CARTESIAN_POINT ( 'NONE',  ( -54.76788286210057777, 20.78641401289932134, 0.5000000000000004441 ) ) ;
#3035 = EDGE_CURVE ( 'NONE', #9010, #9302, #8879, .T. ) ;
#3036 = DIRECTION ( 'NONE',  ( 0.000000000000000000, -0.000000000000000000, -1.000000000000000000 ) ) ;
#3037 = CARTESIAN_POINT ( 'NONE',  ( -13.41788286210060477, 15.48641401289931885, 1.500000000000000444 ) ) ;
#3038 = VECTOR ( 'NONE', #2593, 1000.000000000000000 ) ;
#3039 = DIRECTION ( 'NONE',  ( 0.000000000000000000, -1.000000000000000000, -1.608394988049504315E-16 ) ) ;
#3040 = CARTESIAN_POINT ( 'NONE',  ( -105.4178828621005977, 15.48641401289931885, 0.5000000000000004441 ) ) ;
#3041 = LINE ( 'NONE', #612, #2743 ) ;
#3042 = LINE ( 'NONE', #6334, #8708 ) ;
#3043 = CARTESIAN_POINT ( 'NONE',  ( 46.25000000000000000, 18.93713958747463622, 12.71715728752537089 ) ) ;
#3044 = ORIENTED_EDGE ( 'NONE', *, *, #4222, .F. ) ;
#3045 = VECTOR ( 'NONE', #7473, 1000.000000000000000 ) ;
#3046 = ADVANCED_FACE ( 'NONE', ( #9740 ), #478, .F. ) ;
#3047 = EDGE_CURVE ( 'NONE', #10388, #8973, #583, .T. ) ;
#3048 = ORIENTED_EDGE ( 'NONE', *, *, #2373, .F. ) ;
#3049 = AXIS2_PLACEMENT_3D ( 'NONE', #5157, #3597, #5104 ) ;
#3050 = ORIENTED_EDGE ( 'NONE', *, *, #7702, .T. ) ;
#3051 = VECTOR ( 'NONE', #5984, 1000.000000000000000 ) ;
#3052 = DIRECTION ( 'NONE',  ( 1.000000000000000000, 0.000000000000000000, -0.000000000000000000 ) ) ;
#3053 = LINE ( 'NONE', #6345, #270 ) ;
#3054 = AXIS2_PLACEMENT_3D ( 'NONE', #9032, #1602, #4082 ) ;
#3055 = DIRECTION ( 'NONE',  ( -0.7071067811865479058, 0.7071067811865470176, 0.000000000000000000 ) ) ;
#3056 = LINE ( 'NONE', #5578, #4568 ) ;
#3057 = DIRECTION ( 'NONE',  ( -1.000000000000000000, 0.000000000000000000, -0.000000000000000000 ) ) ;
#3058 = ORIENTED_EDGE ( 'NONE', *, *, #8859, .F. ) ;
#3059 = ADVANCED_FACE ( 'NONE', ( #9523 ), #8935, .F. ) ;
#3060 = LINE ( 'NONE', #3754, #3907 ) ;
#3061 = EDGE_LOOP ( 'NONE', ( #7011, #6945, #1856, #3125, #1060, #7441, #224, #321 ) ) ;
#3062 = VECTOR ( 'NONE', #4147, 1000.000000000000000 ) ;
#3063 = ORIENTED_EDGE ( 'NONE', *, *, #3953, .F. ) ;
#3064 = ORIENTED_EDGE ( 'NONE', *, *, #8553, .F. ) ;
#3065 = VECTOR ( 'NONE', #9518, 1000.000000000000000 ) ;
#3066 = VECTOR ( 'NONE', #648, 1000.000000000000000 ) ;
#3067 = EDGE_CURVE ( 'NONE', #4441, #10446, #6461, .T. ) ;
#3068 = LINE ( 'NONE', #6356, #3230 ) ;
#3069 = LINE ( 'NONE', #9359, #4265 ) ;
#3070 = ORIENTED_EDGE ( 'NONE', *, *, #4145, .T. ) ;
#3071 = VECTOR ( 'NONE', #2420, 1000.000000000000000 ) ;
#3072 = CARTESIAN_POINT ( 'NONE',  ( -76.01788286210057777, 15.50448725967913610, 0.5000000000000004441 ) ) ;
#3073 = CARTESIAN_POINT ( 'NONE',  ( 69.00000000000000000, 0.000000000000000000, 0.5000000000000004441 ) ) ;
#3074 = DIRECTION ( 'NONE',  ( 1.000000000000000000, -6.938893903907228378E-15, 0.000000000000000000 ) ) ;
#3075 = ORIENTED_EDGE ( 'NONE', *, *, #6276, .F. ) ;
#3076 = FACE_OUTER_BOUND ( 'NONE', #2151, .T. ) ;
#3077 = ORIENTED_EDGE ( 'NONE', *, *, #5615, .F. ) ;
#3078 = ORIENTED_EDGE ( 'NONE', *, *, #5986, .T. ) ;
#3079 = VECTOR ( 'NONE', #2274, 1000.000000000000000 ) ;
#3080 = CARTESIAN_POINT ( 'NONE',  ( -121.3821171378992574, 16.07582173911838197, 2.499999999999999112 ) ) ;
#3081 = CARTESIAN_POINT ( 'NONE',  ( -135.4999999999999716, 22.90429687500000355, 0.5999999999999999778 ) ) ;
#3082 = VECTOR ( 'NONE', #7964, 1000.000000000000000 ) ;
#3083 = FACE_OUTER_BOUND ( 'NONE', #8223, .T. ) ;
#3084 = LINE ( 'NONE', #10232, #8690 ) ;
#3085 = LINE ( 'NONE', #3946, #5819 ) ;
#3086 = CARTESIAN_POINT ( 'NONE',  ( 36.58211713789940944, 22.78641401289931778, 0.5000000000000004441 ) ) ;
#3087 = PLANE ( 'NONE',  #3799 ) ;
#3088 = ORIENTED_EDGE ( 'NONE', *, *, #552, .T. ) ;
#3089 = ORIENTED_EDGE ( 'NONE', *, *, #494, .T. ) ;
#3090 = VECTOR ( 'NONE', #1641, 1000.000000000000000 ) ;
#3091 = ORIENTED_EDGE ( 'NONE', *, *, #6226, .T. ) ;
#3092 = EDGE_CURVE ( 'NONE', #5158, #9835, #3872, .T. ) ;
#3093 = CARTESIAN_POINT ( 'NONE',  ( 6.582117137899412995, 16.07582173911837486, 2.499999999999999112 ) ) ;
#3094 = LINE ( 'NONE', #2284, #10176 ) ;
#3095 = EDGE_CURVE ( 'NONE', #6582, #7755, #8829, .T. ) ;
#3096 = CARTESIAN_POINT ( 'NONE',  ( 32.58211713789940944, 15.48641401289931885, 0.5000000000000004441 ) ) ;
#3097 = CARTESIAN_POINT ( 'NONE',  ( -32.30364200201766067, 23.15429687500000000, 6.000000000000000000 ) ) ;
#3098 = DIRECTION ( 'NONE',  ( 1.000000000000000000, 0.000000000000000000, 0.000000000000000000 ) ) ;
#3099 = VECTOR ( 'NONE', #9984, 1000.000000000000000 ) ;
#3100 = DIRECTION ( 'NONE',  ( 1.000000000000000000, 9.183830166936036979E-17, 0.000000000000000000 ) ) ;
#3101 = CARTESIAN_POINT ( 'NONE',  ( -9.417882862100601216, 13.48641401289931885, 0.5000000000000004441 ) ) ;
#3102 = CARTESIAN_POINT ( 'NONE',  ( 32.52152486411846866, 13.13641401289931920, 1.500000000000000444 ) ) ;
#3103 = ORIENTED_EDGE ( 'NONE', *, *, #1304, .T. ) ;
#3104 = DATE_TIME_ROLE ( 'creation_date' ) ;
#3105 = ORIENTED_EDGE ( 'NONE', *, *, #7322, .F. ) ;
#3106 = EDGE_CURVE ( 'NONE', #3865, #10236, #5648, .T. ) ;
#3107 = EDGE_CURVE ( 'NONE', #7015, #1570, #2369, .T. ) ;
#3108 = DIRECTION ( 'NONE',  ( -0.000000000000000000, -1.000000000000000000, -0.000000000000000000 ) ) ;
#3109 = DIRECTION ( 'NONE',  ( 0.000000000000000000, 0.000000000000000000, 1.000000000000000000 ) ) ;
#3110 = ADVANCED_FACE ( 'NONE', ( #531 ), #7215, .F. ) ;
#3111 = LINE ( 'NONE', #6231, #3599 ) ;
#3112 = CARTESIAN_POINT ( 'NONE',  ( -137.7499999999999716, 15.45793887701764291, 3.999999999999999112 ) ) ;
#3113 = DIRECTION ( 'NONE',  ( 1.000000000000000000, 0.000000000000000000, 0.000000000000000000 ) ) ;
#3114 = ORIENTED_EDGE ( 'NONE', *, *, #6652, .T. ) ;
#3115 = CARTESIAN_POINT ( 'NONE',  ( -32.41788286210059766, 13.48641401289931885, 0.5000000000000004441 ) ) ;
#3116 = EDGE_LOOP ( 'NONE', ( #7930, #1734, #3540, #9643, #2101, #191, #3514, #3572 ) ) ;
#3117 = ORIENTED_EDGE ( 'NONE', *, *, #5504, .F. ) ;
#3118 = ORIENTED_EDGE ( 'NONE', *, *, #5697, .T. ) ;
#3119 = EDGE_CURVE ( 'NONE', #5090, #9541, #10546, .T. ) ;
#3120 = DIRECTION ( 'NONE',  ( 1.000000000000000000, 0.000000000000000000, 0.000000000000000000 ) ) ;
#3121 = PLANE ( 'NONE',  #2199 ) ;
#3122 = LINE ( 'NONE', #6412, #2399 ) ;
#3123 = CARTESIAN_POINT ( 'NONE',  ( -105.4178828621005977, 20.78641401289932134, 1.500000000000000444 ) ) ;
#3124 = CARTESIAN_POINT ( 'NONE',  ( 0.000000000000000000, 0.000000000000000000, 4.000000000000000000 ) ) ;
#3125 = ORIENTED_EDGE ( 'NONE', *, *, #10394, .F. ) ;
#3126 = CARTESIAN_POINT ( 'NONE',  ( 9.582117137899414772, 20.78641401289932134, 1.500000000000000444 ) ) ;
#3128 = ORIENTED_EDGE ( 'NONE', *, *, #9089, .T. ) ;
#3127 = VECTOR ( 'NONE', #6797, 1000.000000000000114 ) ;
#3129 = EDGE_LOOP ( 'NONE', ( #6829, #6451, #2001, #5346, #9571, #1417, #5699, #1374 ) ) ;
#3130 = EDGE_CURVE ( 'NONE', #4401, #10134, #4569, .T. ) ;
#3131 = EDGE_CURVE ( 'NONE', #2066, #4700, #3516, .T. ) ;
#3132 = VECTOR ( 'NONE', #7954, 999.9999999999998863 ) ;
#3133 = DIRECTION ( 'NONE',  ( -0.000000000000000000, -0.000000000000000000, 1.000000000000000000 ) ) ;
#3134 = DIRECTION ( 'NONE',  ( -1.000000000000000000, -0.000000000000000000, -0.000000000000000000 ) ) ;
#3135 = LINE ( 'NONE', #5603, #7207 ) ;
#3136 = CARTESIAN_POINT ( 'NONE',  ( 8.932117137899432180, 15.48641401289931885, -2.999999999999999112 ) ) ;
#3137 = FACE_OUTER_BOUND ( 'NONE', #5898, .T. ) ;
#3138 = DIRECTION ( 'NONE',  ( 1.000000000000000000, -0.000000000000000000, 0.000000000000000000 ) ) ;
#3139 = CARTESIAN_POINT ( 'NONE',  ( -36.41788286210059766, 20.78641401289932134, 0.5000000000000004441 ) ) ;
#3140 = ORIENTED_EDGE ( 'NONE', *, *, #5250, .F. ) ;
#3141 = VERTEX_POINT ( 'NONE', #10383 ) ;
#3142 = AXIS2_PLACEMENT_3D ( 'NONE', #3146, #5022, #9708 ) ;
#3143 = EDGE_CURVE ( 'NONE', #10361, #2868, #3768, .T. ) ;
#3144 = ORIENTED_EDGE ( 'NONE', *, *, #1831, .F. ) ;
#3145 = DIRECTION ( 'NONE',  ( -1.000000000000000000, 0.000000000000000000, -0.000000000000000000 ) ) ;
#3146 = CARTESIAN_POINT ( 'NONE',  ( -137.7499999999999716, 15.45793887701764291, 3.999999999999999112 ) ) ;
#3147 = LINE ( 'NONE', #5671, #6408 ) ;
#3148 = LINE ( 'NONE', #3901, #8000 ) ;
#3149 = DIRECTION ( 'NONE',  ( -0.5773502691896257311, 0.5773502691896257311, 0.5773502691896257311 ) ) ;
#3150 = DIRECTION ( 'NONE',  ( -0.000000000000000000, -0.000000000000000000, 1.000000000000000000 ) ) ;
#3151 = FACE_OUTER_BOUND ( 'NONE', #2976, .T. ) ;
#3152 = ORIENTED_EDGE ( 'NONE', *, *, #4949, .T. ) ;
#3153 = ORIENTED_EDGE ( 'NONE', *, *, #4742, .T. ) ;
#3154 = DIRECTION ( 'NONE',  ( 0.000000000000000000, 0.000000000000000000, -1.000000000000000000 ) ) ;
#3155 = EDGE_CURVE ( 'NONE', #75, #5051, #3010, .T. ) ;
#3156 = FACE_OUTER_BOUND ( 'NONE', #5738, .T. ) ;
#3157 = DIRECTION ( 'NONE',  ( 0.000000000000000000, 1.000000000000000000, 0.000000000000000000 ) ) ;
#3158 = CARTESIAN_POINT ( 'NONE',  ( -39.41788286210059766, 16.07582173911837486, 2.499999999999999112 ) ) ;
#3159 = EDGE_CURVE ( 'NONE', #3711, #2075, #9583, .T. ) ;
#3160 = LINE ( 'NONE', #6603, #7481 ) ;
#3161 = ORIENTED_EDGE ( 'NONE', *, *, #8328, .F. ) ;
#3162 = ADVANCED_FACE ( 'NONE', ( #3936 ), #10499, .T. ) ;
#3163 = DIRECTION ( 'NONE',  ( -0.000000000000000000, -0.000000000000000000, 1.000000000000000000 ) ) ;
#3164 = ORIENTED_EDGE ( 'NONE', *, *, #2518, .F. ) ;
#3165 = VERTEX_POINT ( 'NONE', #1660 ) ;
#3166 = ORIENTED_EDGE ( 'NONE', *, *, #1171, .T. ) ;
#3167 = DIRECTION ( 'NONE',  ( -8.163404592832032733E-17, 1.000000000000000000, 0.000000000000000000 ) ) ;
#3168 = LINE ( 'NONE', #9033, #5119 ) ;
#3169 = CARTESIAN_POINT ( 'NONE',  ( 46.25000000000000000, 25.25429687499999076, 0.4000000000000114575 ) ) ;
#3170 = DIRECTION ( 'NONE',  ( -0.000000000000000000, -1.000000000000000000, -0.000000000000000000 ) ) ;
#3171 = DIRECTION ( 'NONE',  ( -1.000000000000000000, -8.163404592832032733E-17, 0.000000000000000000 ) ) ;
#3172 = ORIENTED_EDGE ( 'NONE', *, *, #518, .F. ) ;
#3173 = DIRECTION ( 'NONE',  ( -0.000000000000000000, -0.000000000000000000, 1.000000000000000000 ) ) ;
#3174 = VERTEX_POINT ( 'NONE', #5860 ) ;
#3175 = ADVANCED_FACE ( 'NONE', ( #2581 ), #9094, .F. ) ;
#3176 = ORIENTED_EDGE ( 'NONE', *, *, #5586, .T. ) ;
#3177 = CARTESIAN_POINT ( 'NONE',  ( -83.06788286210057493, 20.80448725967914925, 1.500000000000000444 ) ) ;
#3178 = CARTESIAN_POINT ( 'NONE',  ( -135.4999999999999716, 0.000000000000000000, 0.5999999999999999778 ) ) ;
#3179 = VECTOR ( 'NONE', #9689, 1000.000000000000000 ) ;
#3180 = DIRECTION ( 'NONE',  ( 1.000000000000000000, 0.000000000000000000, 0.000000000000000000 ) ) ;
#3181 = DIRECTION ( 'NONE',  ( 0.000000000000000000, 1.000000000000000000, 0.000000000000000000 ) ) ;
#3182 = CARTESIAN_POINT ( 'NONE',  ( -59.41788286210059056, 15.48641401289931885, 1.500000000000000444 ) ) ;
#3183 = FACE_OUTER_BOUND ( 'NONE', #4870, .T. ) ;
#3184 = PLANE ( 'NONE',  #8446 ) ;
#3185 = VERTEX_POINT ( 'NONE', #2526 ) ;
#3186 = EDGE_CURVE ( 'NONE', #2640, #4563, #9144, .T. ) ;
#3187 = ORIENTED_EDGE ( 'NONE', *, *, #9532, .T. ) ;
#3188 = VERTEX_POINT ( 'NONE', #153 ) ;
#3189 = ORIENTED_EDGE ( 'NONE', *, *, #6803, .T. ) ;
#3190 = VECTOR ( 'NONE', #3804, 1000.000000000000000 ) ;
#3191 = VECTOR ( 'NONE', #8622, 1000.000000000000000 ) ;
#3192 = DIRECTION ( 'NONE',  ( 1.000000000000000000, 9.183830166936036979E-17, 0.000000000000000000 ) ) ;
#3193 = CARTESIAN_POINT ( 'NONE',  ( 69.00000000000000000, 15.48641401289931885, 0.000000000000000000 ) ) ;
#3194 = DIRECTION ( 'NONE',  ( 0.000000000000000000, 1.000000000000000000, 0.000000000000000000 ) ) ;
#3195 = EDGE_CURVE ( 'NONE', #5244, #4950, #3331, .T. ) ;
#3196 = CARTESIAN_POINT ( 'NONE',  ( 16.00000000000001421, 15.45793887701764291, 1.500000000000000444 ) ) ;
#3197 = VECTOR ( 'NONE', #10033, 1000.000000000000000 ) ;
#3198 = DIRECTION ( 'NONE',  ( 0.000000000000000000, 1.000000000000000000, 0.000000000000000000 ) ) ;
#3199 = CARTESIAN_POINT ( 'NONE',  ( 32.58211713789940944, 22.78641401289931778, 1.500000000000000444 ) ) ;
#3200 = CARTESIAN_POINT ( 'NONE',  ( 46.25000000000000000, 25.65429687500000355, 0.4000000000000114575 ) ) ;
#3201 = ORIENTED_EDGE ( 'NONE', *, *, #411, .T. ) ;
#3202 = VECTOR ( 'NONE', #2298, 1000.000000000000000 ) ;
#3203 = EDGE_LOOP ( 'NONE', ( #3343, #3608, #4634, #771 ) ) ;
#3204 = ORIENTED_EDGE ( 'NONE', *, *, #5497, .T. ) ;
#3205 = VECTOR ( 'NONE', #6272, 1000.000000000000000 ) ;
#3206 = DIRECTION ( 'NONE',  ( 1.000000000000000000, 0.000000000000000000, 0.000000000000000000 ) ) ;
#3207 = LINE ( 'NONE', #7196, #4056 ) ;
#3208 = DIRECTION ( 'NONE',  ( 0.000000000000000000, 0.7071067811865475727, 0.7071067811865475727 ) ) ;
#3209 = CARTESIAN_POINT ( 'NONE',  ( 46.25000000000000000, 11.05429687500001457, 0.4000000000000114575 ) ) ;
#3210 = CARTESIAN_POINT ( 'NONE',  ( 92.00000000000000000, 0.000000000000000000, 0.5000000000000004441 ) ) ;
#3211 = ORIENTED_EDGE ( 'NONE', *, *, #2278, .T. ) ;
#3212 = DIRECTION ( 'NONE',  ( -1.000000000000000000, -8.163404592832032733E-17, 0.000000000000000000 ) ) ;
#3213 = ORIENTED_EDGE ( 'NONE', *, *, #7189, .F. ) ;
#3214 = VECTOR ( 'NONE', #6426, 1000.000000000000000 ) ;
#3215 = ORIENTED_EDGE ( 'NONE', *, *, #3106, .T. ) ;
#3216 = ORIENTED_EDGE ( 'NONE', *, *, #4013, .F. ) ;
#3217 = VECTOR ( 'NONE', #174, 1000.000000000000000 ) ;
#3218 = ADVANCED_FACE ( 'NONE', ( #6677 ), #5050, .T. ) ;
#3219 = PLANE ( 'NONE',  #10610 ) ;
#3220 = CARTESIAN_POINT ( 'NONE',  ( -7.017882862100588426, 20.78641401289932134, 0.5000000000000004441 ) ) ;
#3221 = EDGE_CURVE ( 'NONE', #1941, #5743, #7314, .T. ) ;
#3222 = LINE ( 'NONE', #8983, #6527 ) ;
#3223 = PLANE ( 'NONE',  #6958 ) ;
#3224 = AXIS2_PLACEMENT_3D ( 'NONE', #9959, #210, #312 ) ;
#3225 = CARTESIAN_POINT ( 'NONE',  ( -13.41788286210060477, 22.78641401289931778, 0.5000000000000004441 ) ) ;
#3226 = ORIENTED_EDGE ( 'NONE', *, *, #2312, .T. ) ;
#3227 = LINE ( 'NONE', #2473, #1666 ) ;
#3228 = VERTEX_POINT ( 'NONE', #9952 ) ;
#3229 = ORIENTED_EDGE ( 'NONE', *, *, #1304, .F. ) ;
#3230 = VECTOR ( 'NONE', #5540, 1000.000000000000000 ) ;
#3231 = EDGE_CURVE ( 'NONE', #6712, #6636, #4945, .T. ) ;
#3232 = VECTOR ( 'NONE', #3601, 1000.000000000000000 ) ;
#3233 = AXIS2_PLACEMENT_3D ( 'NONE', #7468, #4341, #6720 ) ;
#3234 = DIRECTION ( 'NONE',  ( 0.000000000000000000, -1.000000000000000000, 0.000000000000000000 ) ) ;
#3235 = EDGE_CURVE ( 'NONE', #5623, #1313, #98, .T. ) ;
#3236 = LINE ( 'NONE', #10607, #8908 ) ;
#3237 = CARTESIAN_POINT ( 'NONE',  ( -82.47847513588156687, 23.17217973710065948, 6.000000000000000000 ) ) ;
#3238 = ADVANCED_FACE ( 'NONE', ( #9895 ), #4843, .F. ) ;
#3239 = VECTOR ( 'NONE', #9905, 1000.000000000000000 ) ;
#3240 = ORIENTED_EDGE ( 'NONE', *, *, #2804, .F. ) ;
#3241 = DIRECTION ( 'NONE',  ( -0.7071067811865462405, -0.7071067811865489050, 0.000000000000000000 ) ) ;
#3242 = LINE ( 'NONE', #6531, #6405 ) ;
#3243 = VERTEX_POINT ( 'NONE', #903 ) ;
#3244 = ORIENTED_EDGE ( 'NONE', *, *, #7891, .T. ) ;
#3245 = ORIENTED_EDGE ( 'NONE', *, *, #663, .T. ) ;
#3246 = AXIS2_PLACEMENT_3D ( 'NONE', #5326, #10218, #6136 ) ;
#3247 = DIRECTION ( 'NONE',  ( -1.000000000000000000, -0.000000000000000000, -0.000000000000000000 ) ) ;
#3248 = EDGE_CURVE ( 'NONE', #7674, #1767, #10598, .T. ) ;
#3249 = DIRECTION ( 'NONE',  ( -0.000000000000000000, -0.000000000000000000, 1.000000000000000000 ) ) ;
#3250 = DIRECTION ( 'NONE',  ( 1.000000000000000000, 9.183830166936036979E-17, 0.000000000000000000 ) ) ;
#3251 = PLANE ( 'NONE',  #10228 ) ;
#3252 = FACE_OUTER_BOUND ( 'NONE', #5002, .T. ) ;
#3253 = CARTESIAN_POINT ( 'NONE',  ( 32.52152486411846866, 13.13641401289931920, 6.000000000000000000 ) ) ;
#3254 = CARTESIAN_POINT ( 'NONE',  ( -139.1642135623730780, 10.65429687500000355, 5.000000000000000000 ) ) ;
#3255 = ORIENTED_EDGE ( 'NONE', *, *, #8926, .T. ) ;
#3256 = VECTOR ( 'NONE', #8813, 1000.000000000000000 ) ;
#3257 = ORIENTED_EDGE ( 'NONE', *, *, #7751, .T. ) ;
#3258 = ORIENTED_EDGE ( 'NONE', *, *, #5202, .T. ) ;
#3259 = EDGE_CURVE ( 'NONE', #7375, #346, #8239, .T. ) ;
#3260 = EDGE_CURVE ( 'NONE', #780, #5665, #4246, .T. ) ;
#3261 = VECTOR ( 'NONE', #2746, 1000.000000000000000 ) ;
#3262 = CARTESIAN_POINT ( 'NONE',  ( -9.417882862100601216, 13.48641401289931885, 1.500000000000000444 ) ) ;
#3263 = LINE ( 'NONE', #2455, #1474 ) ;
#3264 = PLANE ( 'NONE',  #1707 ) ;
#3265 = DIRECTION ( 'NONE',  ( 0.7071067811865483499, -0.7071067811865466846, -0.000000000000000000 ) ) ;
#3266 = LINE ( 'NONE', #9830, #7824 ) ;
#3267 = ORIENTED_EDGE ( 'NONE', *, *, #6536, .T. ) ;
#3268 = FACE_OUTER_BOUND ( 'NONE', #5428, .T. ) ;
#3269 = VERTEX_POINT ( 'NONE', #8132 ) ;
#3270 = VECTOR ( 'NONE', #8776, 1000.000000000000000 ) ;
#3271 = ORIENTED_EDGE ( 'NONE', *, *, #6257, .T. ) ;
#3272 = ORIENTED_EDGE ( 'NONE', *, *, #10014, .T. ) ;
#3273 = FACE_OUTER_BOUND ( 'NONE', #932, .T. ) ;
#3274 = LINE ( 'NONE', #7210, #9415 ) ;
#3275 = CARTESIAN_POINT ( 'NONE',  ( -38.79999999999986215, 20.85065487298235709, 4.000000000000000000 ) ) ;
#3276 = CARTESIAN_POINT ( 'NONE',  ( -59.41788286210059056, 13.48641401289931885, 1.500000000000000444 ) ) ;
#3277 = DIRECTION ( 'NONE',  ( 1.000000000000000000, -0.000000000000000000, 0.000000000000000000 ) ) ;
#3278 = ORIENTED_EDGE ( 'NONE', *, *, #9098, .F. ) ;
#3279 = FACE_OUTER_BOUND ( 'NONE', #7813, .T. ) ;
#3280 = ORIENTED_EDGE ( 'NONE', *, *, #9822, .F. ) ;
#3281 = EDGE_CURVE ( 'NONE', #10539, #5488, #10001, .T. ) ;
#3282 = EDGE_LOOP ( 'NONE', ( #1523, #1089, #1893, #5141 ) ) ;
#3283 = EDGE_CURVE ( 'NONE', #708, #7983, #9036, .T. ) ;
#3284 = LINE ( 'NONE', #3177, #2030 ) ;
#3285 = FACE_OUTER_BOUND ( 'NONE', #1264, .T. ) ;
#3286 = CARTESIAN_POINT ( 'NONE',  ( 46.11975214338978901, 11.76603187127126482, 5.730247856610199086 ) ) ;
#3287 = VECTOR ( 'NONE', #8911, 1000.000000000000000 ) ;
#3288 = LINE ( 'NONE', #6577, #7478 ) ;
#3289 = EDGE_CURVE ( 'NONE', #8965, #5438, #744, .T. ) ;
#3290 = EDGE_LOOP ( 'NONE', ( #4429, #3426, #2389, #10067 ) ) ;
#3291 = PLANE ( 'NONE',  #7162 ) ;
#3292 = LINE ( 'NONE', #215, #5354 ) ;
#3294 = ORIENTED_EDGE ( 'NONE', *, *, #2190, .F. ) ;
#3293 = EDGE_CURVE ( 'NONE', #8627, #9461, #6566, .T. ) ;
#3295 = ADVANCED_FACE ( 'NONE', ( #4890 ), #796, .F. ) ;
#3296 = ORIENTED_EDGE ( 'NONE', *, *, #9615, .F. ) ;
#3297 = VERTEX_POINT ( 'NONE', #3695 ) ;
#3298 = VECTOR ( 'NONE', #4359, 1000.000000000000000 ) ;
#3299 = EDGE_CURVE ( 'NONE', #8442, #3453, #2895, .T. ) ;
#3300 = VECTOR ( 'NONE', #6923, 1000.000000000000000 ) ;
#3301 = DIRECTION ( 'NONE',  ( 6.938893903907228378E-15, 1.000000000000000000, 0.000000000000000000 ) ) ;
#3302 = CARTESIAN_POINT ( 'NONE',  ( -128.4178828621005835, 15.48641401289931885, 0.5000000000000004441 ) ) ;
#3303 = CARTESIAN_POINT ( 'NONE',  ( -124.4178828621005835, 20.78641401289932134, 0.5000000000000004441 ) ) ;
#3304 = DIRECTION ( 'NONE',  ( 0.7071067811865474617, 0.7071067811865474617, 0.000000000000000000 ) ) ;
#3305 = DIRECTION ( 'NONE',  ( -0.000000000000000000, -0.000000000000000000, 1.000000000000000000 ) ) ;
#3306 = CARTESIAN_POINT ( 'NONE',  ( -129.0678828621005891, 20.80448725967914925, 0.5000000000000004441 ) ) ;
#3307 = AXIS2_PLACEMENT_3D ( 'NONE', #4591, #5565, #7180 ) ;
#3308 = CARTESIAN_POINT ( 'NONE',  ( -31.76788286210058132, 15.50448725967913610, 0.5000000000000004441 ) ) ;
#3309 = EDGE_LOOP ( 'NONE', ( #2814, #2873, #943, #7177, #7504, #5373 ) ) ;
#3310 = ORIENTED_EDGE ( 'NONE', *, *, #848, .F. ) ;
#3311 = VECTOR ( 'NONE', #3506, 1000.000000000000114 ) ;
#3312 = EDGE_CURVE ( 'NONE', #7531, #9552, #7579, .T. ) ;
#3313 = ORIENTED_EDGE ( 'NONE', *, *, #6346, .T. ) ;
#3314 = FACE_OUTER_BOUND ( 'NONE', #3116, .T. ) ;
#3315 = CARTESIAN_POINT ( 'NONE',  ( 7.200000000000150280, 15.45793887701764291, 2.499999999999999112 ) ) ;
#3316 = DIRECTION ( 'NONE',  ( 2.790120544412910805E-34, 1.608394988049504315E-16, -1.000000000000000000 ) ) ;
#3317 = DIRECTION ( 'NONE',  ( 0.000000000000000000, -1.000000000000000000, 0.000000000000000000 ) ) ;
#3318 = DIRECTION ( 'NONE',  ( 1.000000000000000000, 0.000000000000000000, 0.000000000000000000 ) ) ;
#3319 = ORIENTED_EDGE ( 'NONE', *, *, #4026, .T. ) ;
#3320 = LINE ( 'NONE', #4022, #9397 ) ;
#3321 = ORIENTED_EDGE ( 'NONE', *, *, #6390, .F. ) ;
#3322 = EDGE_CURVE ( 'NONE', #3492, #10048, #6121, .T. ) ;
#3323 = EDGE_LOOP ( 'NONE', ( #7906, #9079, #6691, #8870 ) ) ;
#3324 = ORIENTED_EDGE ( 'NONE', *, *, #10477, .F. ) ;
#3325 = DIRECTION ( 'NONE',  ( 0.000000000000000000, 1.000000000000000000, -0.000000000000000000 ) ) ;
#3326 = CARTESIAN_POINT ( 'NONE',  ( 32.52152486411844023, 23.17217973710065948, 2.500000000000000444 ) ) ;
#3327 = DIRECTION ( 'NONE',  ( 1.000000000000000000, 9.183830166936036979E-17, 0.000000000000000000 ) ) ;
#3328 = DIRECTION ( 'NONE',  ( 0.000000000000000000, 0.000000000000000000, 1.000000000000000000 ) ) ;
#3329 = DIRECTION ( 'NONE',  ( -0.000000000000000000, 0.000000000000000000, 1.000000000000000000 ) ) ;
#3330 = ADVANCED_FACE ( 'NONE', ( #3487 ), #1813, .F. ) ;
#3331 = LINE ( 'NONE', #8986, #634 ) ;
#3332 = ORIENTED_EDGE ( 'NONE', *, *, #2754, .T. ) ;
#3333 = DIRECTION ( 'NONE',  ( -1.000000000000000000, -8.163404592832032733E-17, 0.000000000000000000 ) ) ;
#3334 = ORIENTED_EDGE ( 'NONE', *, *, #2724, .T. ) ;
#3335 = VERTEX_POINT ( 'NONE', #7684 ) ;
#3336 = CARTESIAN_POINT ( 'NONE',  ( 39.25000000000000000, 13.15429687500000355, 4.000000000000000000 ) ) ;
#3337 = DIRECTION ( 'NONE',  ( 0.000000000000000000, 0.000000000000000000, 1.000000000000000000 ) ) ;
#3338 = DIRECTION ( 'NONE',  ( 1.000000000000000000, -1.734723475976806902E-18, -0.000000000000000000 ) ) ;
#3339 = LINE ( 'NONE', #6629, #3687 ) ;
#3340 = ORIENTED_EDGE ( 'NONE', *, *, #9619, .T. ) ;
#3341 = DIRECTION ( 'NONE',  ( 0.000000000000000000, -0.000000000000000000, 1.000000000000000000 ) ) ;
#3342 = DIRECTION ( 'NONE',  ( -1.000000000000000000, 0.000000000000000000, -0.000000000000000000 ) ) ;
#3343 = ORIENTED_EDGE ( 'NONE', *, *, #7622, .T. ) ;
#3344 = EDGE_LOOP ( 'NONE', ( #7945, #7389, #3244, #8293 ) ) ;
#3345 = ORIENTED_EDGE ( 'NONE', *, *, #672, .F. ) ;
#3346 = EDGE_CURVE ( 'NONE', #10126, #5182, #8392, .T. ) ;
#3347 = VECTOR ( 'NONE', #5545, 1000.000000000000000 ) ;
#3348 = EDGE_CURVE ( 'NONE', #9300, #8071, #1055, .T. ) ;
#3349 = CARTESIAN_POINT ( 'NONE',  ( -55.41788286210057635, 15.48641401289931885, 0.5000000000000004441 ) ) ;
#3350 = EDGE_CURVE ( 'NONE', #9124, #5244, #10265, .T. ) ;
#3351 = LINE ( 'NONE', #8311, #5544 ) ;
#3352 = LINE ( 'NONE', #925, #7083 ) ;
#3353 = LINE ( 'NONE', #6643, #1980 ) ;
#3354 = EDGE_CURVE ( 'NONE', #2868, #7920, #1007, .T. ) ;
#3355 = DIRECTION ( 'NONE',  ( -1.000000000000000000, -0.000000000000000000, -0.000000000000000000 ) ) ;
#3356 = DIRECTION ( 'NONE',  ( 1.000000000000000000, 0.000000000000000000, 0.000000000000000000 ) ) ;
#3357 = DIRECTION ( 'NONE',  ( 0.7071067811865479058, -0.7071067811865470176, 0.000000000000000000 ) ) ;
#3358 = VERTEX_POINT ( 'NONE', #1924 ) ;
#3359 = ORIENTED_EDGE ( 'NONE', *, *, #10483, .F. ) ;
#3360 = VECTOR ( 'NONE', #1383, 1000.000000000000000 ) ;
#3361 = VECTOR ( 'NONE', #9815, 1000.000000000000000 ) ;
#3362 = VERTEX_POINT ( 'NONE', #5209 ) ;
#3363 = ADVANCED_FACE ( 'NONE', ( #4299 ), #10047, .F. ) ;
#3364 = VECTOR ( 'NONE', #5527, 1000.000000000000114 ) ;
#3365 = VECTOR ( 'NONE', #1005, 1000.000000000000000 ) ;
#3366 = CARTESIAN_POINT ( 'NONE',  ( -15.81788286210059091, 15.48641401289931885, 0.5000000000000004441 ) ) ;
#3367 = CARTESIAN_POINT ( 'NONE',  ( -82.41788286210059766, 22.78641401289931778, 0.5000000000000004441 ) ) ;
#3368 = EDGE_CURVE ( 'NONE', #3865, #5182, #2676, .T. ) ;
#3369 = DIRECTION ( 'NONE',  ( 0.000000000000000000, -1.000000000000000000, 0.000000000000000000 ) ) ;
#3370 = CARTESIAN_POINT ( 'NONE',  ( 29.58211713789940589, 16.07582173911837842, 6.000000000000000000 ) ) ;
#3371 = LINE ( 'NONE', #2721, #10227 ) ;
#3372 = ORIENTED_EDGE ( 'NONE', *, *, #2715, .T. ) ;
#3373 = PLANE ( 'NONE',  #8538 ) ;
#3374 = EDGE_CURVE ( 'NONE', #2088, #6688, #9249, .T. ) ;
#3375 = EDGE_LOOP ( 'NONE', ( #8995, #7192, #2682, #8009, #6511, #5532, #5715, #8624 ) ) ;
#3376 = ORIENTED_EDGE ( 'NONE', *, *, #6251, .T. ) ;
#3377 = VECTOR ( 'NONE', #6099, 1000.000000000000000 ) ;
#3378 = VECTOR ( 'NONE', #7991, 999.9999999999998863 ) ;
#3379 = ORIENTED_EDGE ( 'NONE', *, *, #10072, .F. ) ;
#3380 = CARTESIAN_POINT ( 'NONE',  ( -101.3215248641183024, 23.17217973710065948, 1.500000000000000444 ) ) ;
#3381 = PLANE ( 'NONE',  #3926 ) ;
#3382 = CARTESIAN_POINT ( 'NONE',  ( -130.7500000000000000, 22.40429687500000355, 1.000000000000000000 ) ) ;
#3383 = ADVANCED_FACE ( 'NONE', ( #5155 ), #8441, .T. ) ;
#3384 = CARTESIAN_POINT ( 'NONE',  ( -36.41788286210059766, 15.48641401289931885, 1.500000000000000444 ) ) ;
#3385 = DIRECTION ( 'NONE',  ( -1.000000000000000000, 0.000000000000000000, 0.000000000000000000 ) ) ;
#3386 = CARTESIAN_POINT ( 'NONE',  ( -37.06788286210058203, 20.78641401289932134, 1.500000000000000444 ) ) ;
#3387 = VECTOR ( 'NONE', #3888, 1000.000000000000000 ) ;
#3388 = CARTESIAN_POINT ( 'NONE',  ( -14.06788286210058914, 0.000000000000000000, 0.000000000000000000 ) ) ;
#3389 = EDGE_LOOP ( 'NONE', ( #8280, #10503, #1009, #6920, #1989, #6772, #10224, #6871, #2962, #5483, #10561, #8764, #1415, #9237, #8807, #236 ) ) ;
#3390 = ORIENTED_EDGE ( 'NONE', *, *, #7270, .F. ) ;
#3391 = VECTOR ( 'NONE', #4733, 1000.000000000000000 ) ;
#3392 = ORIENTED_EDGE ( 'NONE', *, *, #4292, .T. ) ;
#3393 = ADVANCED_FACE ( 'NONE', ( #248 ), #2034, .F. ) ;
#3394 = PLANE ( 'NONE',  #3574 ) ;
#3395 = VECTOR ( 'NONE', #8464, 1000.000000000000000 ) ;
#3396 = CARTESIAN_POINT ( 'NONE',  ( -36.47847513588153845, 13.13641401289931920, 6.000000000000000000 ) ) ;
#3397 = LINE ( 'NONE', #2590, #6522 ) ;
#3398 = LINE ( 'NONE', #9547, #7499 ) ;
#3399 = ORIENTED_EDGE ( 'NONE', *, *, #9089, .F. ) ;
#3400 = LINE ( 'NONE', #8192, #6131 ) ;
#3401 = CARTESIAN_POINT ( 'NONE',  ( -121.3821171378992574, 16.07582173911838197, 1.500000000000000444 ) ) ;
#3402 = ORIENTED_EDGE ( 'NONE', *, *, #195, .T. ) ;
#3403 = ORIENTED_EDGE ( 'NONE', *, *, #8039, .F. ) ;
#3404 = AXIS2_PLACEMENT_3D ( 'NONE', #9788, #4084, #2365 ) ;
#3405 = ORIENTED_EDGE ( 'NONE', *, *, #9967, .T. ) ;
#3406 = FACE_OUTER_BOUND ( 'NONE', #213, .T. ) ;
#3407 = LINE ( 'NONE', #220, #3395 ) ;
#3408 = VECTOR ( 'NONE', #5553, 1000.000000000000000 ) ;
#3409 = DIRECTION ( 'NONE',  ( -1.000000000000000000, -8.163404592832032733E-17, 0.000000000000000000 ) ) ;
#3410 = LINE ( 'NONE', #9063, #7137 ) ;
#3411 = AXIS2_PLACEMENT_3D ( 'NONE', #628, #2301, #7034 ) ;
#3412 = LINE ( 'NONE', #9065, #621 ) ;
#3413 = FACE_OUTER_BOUND ( 'NONE', #8370, .T. ) ;
#3414 = EDGE_LOOP ( 'NONE', ( #8821, #5304, #5454, #8677 ) ) ;
#3415 = ORIENTED_EDGE ( 'NONE', *, *, #1198, .F. ) ;
#3416 = EDGE_CURVE ( 'NONE', #7617, #4442, #1163, .T. ) ;
#3417 = ORIENTED_EDGE ( 'NONE', *, *, #7732, .F. ) ;
#3418 = EDGE_CURVE ( 'NONE', #1566, #2595, #3595, .T. ) ;
#3419 = FACE_OUTER_BOUND ( 'NONE', #1346, .T. ) ;
#3420 = CARTESIAN_POINT ( 'NONE',  ( -106.0678828621005891, 20.80448725967914925, 0.5000000000000004441 ) ) ;
#3421 = VECTOR ( 'NONE', #2971, 1000.000000000000000 ) ;
#3422 = PLANE ( 'NONE',  #7905 ) ;
#3423 = CARTESIAN_POINT ( 'NONE',  ( 39.00000000000000711, 20.85065487298235709, 2.500000000000000000 ) ) ;
#3424 = FACE_OUTER_BOUND ( 'NONE', #9424, .T. ) ;
#3425 = EDGE_LOOP ( 'NONE', ( #6250, #8256, #1599, #9210, #5548, #5344, #6973, #1928, #10365, #9971, #3456 ) ) ;
#3426 = ORIENTED_EDGE ( 'NONE', *, *, #62, .F. ) ;
#3427 = ADVANCED_FACE ( 'NONE', ( #5314 ), #2787, .T. ) ;
#3428 = VERTEX_POINT ( 'NONE', #7793 ) ;
#3429 = ORIENTED_EDGE ( 'NONE', *, *, #9529, .T. ) ;
#3430 = EDGE_CURVE ( 'NONE', #1545, #10586, #406, .T. ) ;
#3431 = VECTOR ( 'NONE', #6012, 1000.000000000000000 ) ;
#3432 = EDGE_CURVE ( 'NONE', #5432, #4620, #5581, .T. ) ;
#3433 = LINE ( 'NONE', #9946, #2269 ) ;
#3434 = DIRECTION ( 'NONE',  ( 0.000000000000000000, 1.000000000000000000, 0.000000000000000000 ) ) ;
#3435 = PLANE ( 'NONE',  #3233 ) ;
#3436 = CARTESIAN_POINT ( 'NONE',  ( -76.01788286210057777, 20.78641401289932134, 0.5000000000000004441 ) ) ;
#3437 = DIRECTION ( 'NONE',  ( 0.7071067811865466846, 0.7071067811865483499, 0.000000000000000000 ) ) ;
#3438 = CARTESIAN_POINT ( 'NONE',  ( 6.582117137899412995, 20.23277201088161448, 1.500000000000000444 ) ) ;
#3439 = VECTOR ( 'NONE', #1751, 1000.000000000000000 ) ;
#3440 = DIRECTION ( 'NONE',  ( 0.000000000000000000, -0.000000000000000000, 1.000000000000000000 ) ) ;
#3441 = ORIENTED_EDGE ( 'NONE', *, *, #5042, .T. ) ;
#3442 = CARTESIAN_POINT ( 'NONE',  ( -137.7499999999999716, 15.45793887701764291, 2.499999999999999112 ) ) ;
#3443 = ORIENTED_EDGE ( 'NONE', *, *, #7820, .F. ) ;
#3444 = ORIENTED_EDGE ( 'NONE', *, *, #8846, .F. ) ;
#3445 = EDGE_CURVE ( 'NONE', #10283, #423, #3974, .T. ) ;
#3446 = LINE ( 'NONE', #8554, #4432 ) ;
#3447 = CARTESIAN_POINT ( 'NONE',  ( -128.4178828621005835, 15.48641401289931885, 0.5000000000000004441 ) ) ;
#3448 = DIRECTION ( 'NONE',  ( 0.000000000000000000, -0.000000000000000000, -1.000000000000000000 ) ) ;
#3449 = FACE_OUTER_BOUND ( 'NONE', #3623, .T. ) ;
#3450 = ORIENTED_EDGE ( 'NONE', *, *, #8810, .F. ) ;
#3451 = DIRECTION ( 'NONE',  ( -1.000000000000000000, -0.000000000000000000, -0.000000000000000000 ) ) ;
#3452 = LINE ( 'NONE', #1619, #709 ) ;
#3453 = VERTEX_POINT ( 'NONE', #1272 ) ;
#3454 = VERTEX_POINT ( 'NONE', #1386 ) ;
#3455 = EDGE_CURVE ( 'NONE', #4737, #4368, #7203, .T. ) ;
#3456 = ORIENTED_EDGE ( 'NONE', *, *, #4144, .F. ) ;
#3457 = VECTOR ( 'NONE', #6491, 1000.000000000000000 ) ;
#3458 = DIRECTION ( 'NONE',  ( -1.000000000000000000, 0.000000000000000000, 0.000000000000000000 ) ) ;
#3459 = CARTESIAN_POINT ( 'NONE',  ( 39.25000000000000000, 13.15429687500000355, 4.000000000000000000 ) ) ;
#3460 = PLANE ( 'NONE',  #5030 ) ;
#3461 = LINE ( 'NONE', #9270, #9720 ) ;
#3462 = FACE_OUTER_BOUND ( 'NONE', #7391, .T. ) ;
#3463 = DIRECTION ( 'NONE',  ( 0.000000000000000000, 1.000000000000000000, -0.000000000000000000 ) ) ;
#3464 = ORIENTED_EDGE ( 'NONE', *, *, #7067, .T. ) ;
#3465 = ADVANCED_FACE ( 'NONE', ( #8868 ), #9568, .F. ) ;
#3466 = VERTEX_POINT ( 'NONE', #10536 ) ;
#3467 = VECTOR ( 'NONE', #4311, 1000.000000000000000 ) ;
#3468 = EDGE_LOOP ( 'NONE', ( #9000, #10081, #9408, #8470 ) ) ;
#3469 = AXIS2_PLACEMENT_3D ( 'NONE', #8953, #1577, #4862 ) ;
#3470 = CARTESIAN_POINT ( 'NONE',  ( -14.06788286210058914, 15.48641401289931885, 1.500000000000000444 ) ) ;
#3471 = DIRECTION ( 'NONE',  ( -0.000000000000000000, -0.000000000000000000, 1.000000000000000000 ) ) ;
#3472 = CARTESIAN_POINT ( 'NONE',  ( 31.93211713789942507, 20.78641401289932134, -2.999999999999999112 ) ) ;
#3473 = DIRECTION ( 'NONE',  ( 0.000000000000000000, -0.000000000000000000, -1.000000000000000000 ) ) ;
#3474 = LINE ( 'NONE', #6759, #3873 ) ;
#3475 = ORIENTED_EDGE ( 'NONE', *, *, #5032, .F. ) ;
#3476 = VERTEX_POINT ( 'NONE', #682 ) ;
#3477 = ORIENTED_EDGE ( 'NONE', *, *, #2190, .T. ) ;
#3478 = VECTOR ( 'NONE', #7610, 1000.000000000000000 ) ;
#3479 = ORIENTED_EDGE ( 'NONE', *, *, #9937, .T. ) ;
#3480 = ADVANCED_FACE ( 'NONE', ( #4553 ), #9460, .F. ) ;
#3481 = CARTESIAN_POINT ( 'NONE',  ( 45.85000000000000142, 24.65429687500000711, 6.000000000000000000 ) ) ;
#3482 = EDGE_CURVE ( 'NONE', #6773, #3466, #8704, .T. ) ;
#3483 = CARTESIAN_POINT ( 'NONE',  ( 39.25000000000000711, 15.70793887701764291, 1.500000000000000444 ) ) ;
#3484 = DIRECTION ( 'NONE',  ( 1.000000000000000000, -0.000000000000000000, -0.000000000000000000 ) ) ;
#3485 = LINE ( 'NONE', #10045, #5599 ) ;
#3486 = PLANE ( 'NONE',  #9876 ) ;
#3487 = FACE_OUTER_BOUND ( 'NONE', #661, .T. ) ;
#3488 = VERTEX_POINT ( 'NONE', #5421 ) ;
#3489 =( NAMED_UNIT ( * ) SI_UNIT ( $, .STERADIAN. ) SOLID_ANGLE_UNIT ( ) );
#3490 = ORIENTED_EDGE ( 'NONE', *, *, #1188, .F. ) ;
#3491 = EDGE_CURVE ( 'NONE', #6983, #1296, #2946, .T. ) ;
#3492 = VERTEX_POINT ( 'NONE', #6351 ) ;
#3493 = CARTESIAN_POINT ( 'NONE',  ( 39.25000000000000000, 13.15429687500000355, 4.000000000000000000 ) ) ;
#3494 = DIRECTION ( 'NONE',  ( 1.000000000000000000, 0.000000000000000000, 0.000000000000000000 ) ) ;
#3495 = DIRECTION ( 'NONE',  ( 0.000000000000000000, 1.000000000000000000, 0.000000000000000000 ) ) ;
#3496 = CARTESIAN_POINT ( 'NONE',  ( -32.32152486411832371, 13.13641401289931920, 1.500000000000000444 ) ) ;
#3497 = EDGE_CURVE ( 'NONE', #4481, #1505, #9682, .T. ) ;
#3498 = ORIENTED_EDGE ( 'NONE', *, *, #3020, .T. ) ;
#3499 = CARTESIAN_POINT ( 'NONE',  ( -98.38211713789927160, 16.07582173911838197, 1.500000000000000444 ) ) ;
#3500 = DIRECTION ( 'NONE',  ( -0.000000000000000000, -0.000000000000000000, 1.000000000000000000 ) ) ;
#3501 = ORIENTED_EDGE ( 'NONE', *, *, #9341, .T. ) ;
#3502 = EDGE_CURVE ( 'NONE', #9260, #8897, #517, .T. ) ;
#3503 = VERTEX_POINT ( 'NONE', #2196 ) ;
#3504 = FACE_OUTER_BOUND ( 'NONE', #5118, .T. ) ;
#3505 = DIRECTION ( 'NONE',  ( -1.000000000000000000, 0.000000000000000000, 0.000000000000000000 ) ) ;
#3506 = DIRECTION ( 'NONE',  ( -0.5773502691896252870, -0.5773502691896251759, 0.5773502691896267303 ) ) ;
#3507 = FACE_OUTER_BOUND ( 'NONE', #3681, .T. ) ;
#3508 = EDGE_CURVE ( 'NONE', #4528, #6494, #3060, .T. ) ;
#3509 = ORIENTED_EDGE ( 'NONE', *, *, #5601, .T. ) ;
#3510 = FACE_OUTER_BOUND ( 'NONE', #1991, .T. ) ;
#3511 = DIRECTION ( 'NONE',  ( 1.000000000000000000, 0.000000000000000000, 0.000000000000000000 ) ) ;
#3512 = VERTEX_POINT ( 'NONE', #4722 ) ;
#3513 = ORIENTED_EDGE ( 'NONE', *, *, #2449, .F. ) ;
#3514 = ORIENTED_EDGE ( 'NONE', *, *, #8699, .F. ) ;
#3515 = ADVANCED_FACE ( 'NONE', ( #572 ), #5368, .F. ) ;
#3516 =( BOUNDED_CURVE ( )  B_SPLINE_CURVE ( 3, ( #1398, #7966, #2262, #7102 ),
 .UNSPECIFIED., .F., .F. ) 
 B_SPLINE_CURVE_WITH_KNOTS ( ( 4, 4 ),
 ( 1.570796326794896558, 3.141592653589793116 ),
 .UNSPECIFIED. ) 
 CURVE ( )  GEOMETRIC_REPRESENTATION_ITEM ( )  RATIONAL_B_SPLINE_CURVE ( ( 1.000000000000000000, 0.8047378541243649375, 0.8047378541243649375, 1.000000000000000000 ) ) 
 REPRESENTATION_ITEM ( '' )  );
#3517 = LINE ( 'NONE', #3627, #7649 ) ;
#3518 = PLANE ( 'NONE',  #1984 ) ;
#3519 = VECTOR ( 'NONE', #1765, 1000.000000000000000 ) ;
#3520 = DIRECTION ( 'NONE',  ( -1.000000000000000000, 0.000000000000000000, 0.000000000000000000 ) ) ;
#3521 = DIRECTION ( 'NONE',  ( 0.000000000000000000, -0.000000000000000000, 1.000000000000000000 ) ) ;
#3522 = DIRECTION ( 'NONE',  ( 0.000000000000000000, 0.000000000000000000, -1.000000000000000000 ) ) ;
#3523 = ORIENTED_EDGE ( 'NONE', *, *, #7001, .T. ) ;
#3524 = VECTOR ( 'NONE', #10132, 1000.000000000000000 ) ;
#3525 = VERTEX_POINT ( 'NONE', #9511 ) ;
#3526 = EDGE_LOOP ( 'NONE', ( #6816, #10603, #1950, #6921 ) ) ;
#3527 = VERTEX_POINT ( 'NONE', #2137 ) ;
#3528 = VECTOR ( 'NONE', #8599, 1000.000000000000000 ) ;
#3529 = AXIS2_PLACEMENT_3D ( 'NONE', #10343, #7812, #3720 ) ;
#3530 = CARTESIAN_POINT ( 'NONE',  ( 46.00000000000000000, 0.000000000000000000, 0.5000000000000004441 ) ) ;
#3531 = DIRECTION ( 'NONE',  ( -0.000000000000000000, -0.000000000000000000, 1.000000000000000000 ) ) ;
#3532 = DIRECTION ( 'NONE',  ( 9.183830166936036979E-17, -1.000000000000000000, 0.000000000000000000 ) ) ;
#3533 = LINE ( 'NONE', #6721, #5999 ) ;
#3534 = DIRECTION ( 'NONE',  ( 1.000000000000000000, -1.734723475976806902E-18, -0.000000000000000000 ) ) ;
#3535 = CARTESIAN_POINT ( 'NONE',  ( 13.58211713789941832, 13.48641401289931885, 0.5000000000000004441 ) ) ;
#3536 = DIRECTION ( 'NONE',  ( -1.000000000000000000, 0.000000000000000000, -0.000000000000000000 ) ) ;
#3537 = VECTOR ( 'NONE', #4227, 1000.000000000000000 ) ;
#3538 = ORIENTED_EDGE ( 'NONE', *, *, #8630, .T. ) ;
#3539 = DIRECTION ( 'NONE',  ( 0.7071067811865479058, -0.7071067811865470176, 0.000000000000000000 ) ) ;
#3540 = ORIENTED_EDGE ( 'NONE', *, *, #9318, .F. ) ;
#3541 = VECTOR ( 'NONE', #8161, 1000.000000000000000 ) ;
#3542 = ORIENTED_EDGE ( 'NONE', *, *, #9433, .T. ) ;
#3543 = EDGE_CURVE ( 'NONE', #2129, #893, #1328, .T. ) ;
#3544 = EDGE_CURVE ( 'NONE', #6688, #7555, #7089, .T. ) ;
#3545 = VECTOR ( 'NONE', #10065, 1000.000000000000000 ) ;
#3546 = CARTESIAN_POINT ( 'NONE',  ( -14.06788286210058914, 15.48641401289931885, 1.500000000000000444 ) ) ;
#3547 = DIRECTION ( 'NONE',  ( -0.000000000000000000, 1.000000000000000000, 0.000000000000000000 ) ) ;
#3548 = CARTESIAN_POINT ( 'NONE',  ( 14.23211713789943111, 15.48641401289931885, -2.999999999999999112 ) ) ;
#3549 = CARTESIAN_POINT ( 'NONE',  ( -83.06788286210057493, 15.48641401289931885, 1.500000000000000444 ) ) ;
#3550 = DIRECTION ( 'NONE',  ( -0.000000000000000000, 1.000000000000000000, -0.000000000000000000 ) ) ;
#3551 = ORIENTED_EDGE ( 'NONE', *, *, #9633, .T. ) ;
#3552 = FACE_OUTER_BOUND ( 'NONE', #2050, .T. ) ;
#3553 = PLANE ( 'NONE',  #7589 ) ;
#3554 = ORIENTED_EDGE ( 'NONE', *, *, #1612, .F. ) ;
#3555 = EDGE_CURVE ( 'NONE', #4990, #7859, #8762, .T. ) ;
#3556 = ORIENTED_EDGE ( 'NONE', *, *, #8883, .T. ) ;
#3557 = VECTOR ( 'NONE', #5506, 1000.000000000000000 ) ;
#3558 = VECTOR ( 'NONE', #3664, 1000.000000000000000 ) ;
#3559 = ADVANCED_FACE ( 'NONE', ( #10428 ), #9628, .F. ) ;
#3560 = PLANE ( 'NONE',  #7535 ) ;
#3561 = DIRECTION ( 'NONE',  ( -0.000000000000000000, -0.000000000000000000, 1.000000000000000000 ) ) ;
#3562 = EDGE_CURVE ( 'NONE', #3428, #6005, #2357, .T. ) ;
#3563 = CARTESIAN_POINT ( 'NONE',  ( 8.932117137899432180, 15.48641401289931885, 0.5000000000000004441 ) ) ;
#3564 = APPROVAL_PERSON_ORGANIZATION ( #3965, #7834, #8055 ) ;
#3565 = DIRECTION ( 'NONE',  ( -1.000000000000000000, 0.000000000000000000, -0.000000000000000000 ) ) ;
#3566 = DIRECTION ( 'NONE',  ( 0.7071067811865474617, 0.7071067811865474617, 0.000000000000000000 ) ) ;
#3567 = DIRECTION ( 'NONE',  ( 0.000000000000000000, -1.000000000000000000, -1.608394988049504315E-16 ) ) ;
#3568 = LINE ( 'NONE', #5343, #359 ) ;
#3569 = ORIENTED_EDGE ( 'NONE', *, *, #2683, .T. ) ;
#3570 = CIRCLE ( 'NONE', #10099, 0.2500000000000000000 ) ;
#3571 = ORIENTED_EDGE ( 'NONE', *, *, #9345, .F. ) ;
#3572 = ORIENTED_EDGE ( 'NONE', *, *, #1847, .T. ) ;
#3573 = EDGE_CURVE ( 'NONE', #768, #6404, #9881, .T. ) ;
#3574 = AXIS2_PLACEMENT_3D ( 'NONE', #4038, #8991, #3992 ) ;
#3575 = VECTOR ( 'NONE', #4453, 1000.000000000000000 ) ;
#3576 = LINE ( 'NONE', #3676, #5413 ) ;
#3577 = DIRECTION ( 'NONE',  ( -0.000000000000000000, 1.000000000000000000, -0.000000000000000000 ) ) ;
#3578 = DIRECTION ( 'NONE',  ( -1.000000000000000000, -0.000000000000000000, -0.000000000000000000 ) ) ;
#3579 = LINE ( 'NONE', #7826, #1995 ) ;
#3580 = PLANE ( 'NONE',  #10059 ) ;
#3581 = ORIENTED_EDGE ( 'NONE', *, *, #9752, .T. ) ;
#3582 = EDGE_LOOP ( 'NONE', ( #4427, #10601, #6946, #3359, #2052, #8710, #6430, #9132 ) ) ;
#3583 = EDGE_CURVE ( 'NONE', #6741, #6838, #3320, .T. ) ;
#3584 = ORIENTED_EDGE ( 'NONE', *, *, #7973, .T. ) ;
#3585 = VERTEX_POINT ( 'NONE', #782 ) ;
#3586 = EDGE_CURVE ( 'NONE', #398, #2167, #4881, .T. ) ;
#3587 = AXIS2_PLACEMENT_3D ( 'NONE', #4098, #8345, #3448 ) ;
#3588 = LINE ( 'NONE', #6062, #1322 ) ;
#3589 = CARTESIAN_POINT ( 'NONE',  ( 9.521524864118473985, 13.13641401289931920, 1.500000000000000444 ) ) ;
#3590 = ADVANCED_FACE ( 'NONE', ( #7358 ), #3373, .F. ) ;
#3591 = PLANE ( 'NONE',  #4397 ) ;
#3592 = FACE_OUTER_BOUND ( 'NONE', #3895, .T. ) ;
#3593 = CARTESIAN_POINT ( 'NONE',  ( 69.00000000000000000, 0.000000000000000000, 0.5000000000000004441 ) ) ;
#3594 = DIRECTION ( 'NONE',  ( -1.000000000000000000, -0.000000000000000000, -0.000000000000000000 ) ) ;
#3595 = LINE ( 'NONE', #7741, #6138 ) ;
#3596 = ORIENTED_EDGE ( 'NONE', *, *, #9267, .T. ) ;
#3597 = DIRECTION ( 'NONE',  ( -0.000000000000000000, 0.000000000000000000, 1.000000000000000000 ) ) ;
#3598 = VERTEX_POINT ( 'NONE', #735 ) ;
#3599 = VECTOR ( 'NONE', #6978, 999.9999999999998863 ) ;
#3600 = ORIENTED_EDGE ( 'NONE', *, *, #1653, .F. ) ;
#3601 = DIRECTION ( 'NONE',  ( -0.000000000000000000, -0.000000000000000000, 1.000000000000000000 ) ) ;
#3602 = DIRECTION ( 'NONE',  ( -0.000000000000000000, -0.000000000000000000, 1.000000000000000000 ) ) ;
#3603 = VECTOR ( 'NONE', #6865, 1000.000000000000000 ) ;
#3604 = CARTESIAN_POINT ( 'NONE',  ( -135.2499999999999716, 13.15429687500000355, 0.000000000000000000 ) ) ;
#3605 = CARTESIAN_POINT ( 'NONE',  ( 9.582117137899414772, 22.78641401289931778, 1.500000000000000444 ) ) ;
#3606 = ADVANCED_FACE ( 'NONE', ( #7461 ), #9832, .T. ) ;
#3607 = CARTESIAN_POINT ( 'NONE',  ( -135.2499999999999716, 23.15429687500000355, 0.3499999999999999223 ) ) ;
#3608 = ORIENTED_EDGE ( 'NONE', *, *, #6781, .F. ) ;
#3609 = LINE ( 'NONE', #7543, #8711 ) ;
#3610 = EDGE_LOOP ( 'NONE', ( #10487, #5425, #82, #9277, #6083 ) ) ;
#3611 = EDGE_LOOP ( 'NONE', ( #767, #48, #5040, #9616 ) ) ;
#3612 = FACE_OUTER_BOUND ( 'NONE', #3931, .T. ) ;
#3613 = EDGE_CURVE ( 'NONE', #10050, #3890, #4072, .T. ) ;
#3614 = CARTESIAN_POINT ( 'NONE',  ( -60.06788286210057493, 15.48641401289931885, 1.500000000000000444 ) ) ;
#3615 = DIRECTION ( 'NONE',  ( 1.000000000000000000, 9.183830166936036979E-17, -0.000000000000000000 ) ) ;
#3616 = ADVANCED_FACE ( 'NONE', ( #891 ), #1646, .F. ) ;
#3617 = CARTESIAN_POINT ( 'NONE',  ( 39.25000000000000000, 23.15429687500000000, 4.000000000000000000 ) ) ;
#3618 = EDGE_CURVE ( 'NONE', #3805, #2088, #1703, .T. ) ;
#3619 = ORIENTED_EDGE ( 'NONE', *, *, #4279, .F. ) ;
#3620 = DIRECTION ( 'NONE',  ( 0.000000000000000000, -1.000000000000000000, 0.000000000000000000 ) ) ;
#3621 = FACE_BOUND ( 'NONE', #10380, .T. ) ;
#3622 = ORIENTED_EDGE ( 'NONE', *, *, #6455, .F. ) ;
#3623 = EDGE_LOOP ( 'NONE', ( #7676, #3581, #8355, #2990 ) ) ;
#3624 = ADVANCED_FACE ( 'NONE', ( #3268 ), #4987, .F. ) ;
#3625 = EDGE_LOOP ( 'NONE', ( #6095, #3756, #3697, #5076, #10461, #2329, #2009, #1952, #8612, #2414, #7876, #4289, #7618, #3937, #6003, #2140 ) ) ;
#3626 = LINE ( 'NONE', #2818, #7075 ) ;
#3627 = CARTESIAN_POINT ( 'NONE',  ( 31.93211713789942507, 15.48641401289931885, 1.500000000000000444 ) ) ;
#3628 = CARTESIAN_POINT ( 'NONE',  ( -129.0678828621005891, 15.48641401289931885, 0.5000000000000004441 ) ) ;
#3629 = CARTESIAN_POINT ( 'NONE',  ( -36.41788286210059766, 22.78641401289931778, 0.5000000000000004441 ) ) ;
#3630 = DIRECTION ( 'NONE',  ( 0.000000000000000000, -0.000000000000000000, 1.000000000000000000 ) ) ;
#3631 = VECTOR ( 'NONE', #1298, 1000.000000000000000 ) ;
#3632 = DIRECTION ( 'NONE',  ( -0.000000000000000000, -0.000000000000000000, 1.000000000000000000 ) ) ;
#3633 = ORIENTED_EDGE ( 'NONE', *, *, #4403, .F. ) ;
#3634 = EDGE_CURVE ( 'NONE', #1262, #9726, #84, .T. ) ;
#3635 = VERTEX_POINT ( 'NONE', #8120 ) ;
#3636 = ORIENTED_EDGE ( 'NONE', *, *, #4726, .F. ) ;
#3637 = ORIENTED_EDGE ( 'NONE', *, *, #4476, .T. ) ;
#3638 = VECTOR ( 'NONE', #6097, 1000.000000000000000 ) ;
#3639 = DIRECTION ( 'NONE',  ( -0.000000000000000000, -0.000000000000000000, 1.000000000000000000 ) ) ;
#3640 = CARTESIAN_POINT ( 'NONE',  ( -101.4178828621005977, 22.78641401289931778, 1.500000000000000444 ) ) ;
#3641 = LINE ( 'NONE', #6925, #6804 ) ;
#3642 = DIRECTION ( 'NONE',  ( 1.000000000000000000, 0.000000000000000000, 0.000000000000000000 ) ) ;
#3643 = CARTESIAN_POINT ( 'NONE',  ( -13.41788286210060477, 13.48641401289931885, 0.5000000000000004441 ) ) ;
#3644 = DIRECTION ( 'NONE',  ( 0.7071067811865474617, 0.7071067811865474617, 1.137307002876260553E-16 ) ) ;
#3645 = EDGE_CURVE ( 'NONE', #8006, #102, #6449, .T. ) ;
#3646 = DIRECTION ( 'NONE',  ( -0.000000000000000000, 0.000000000000000000, 1.000000000000000000 ) ) ;
#3647 = ORIENTED_EDGE ( 'NONE', *, *, #8974, .F. ) ;
#3649 = ORIENTED_EDGE ( 'NONE', *, *, #5533, .F. ) ;
#3648 = VECTOR ( 'NONE', #4703, 1000.000000000000000 ) ;
#3650 = ORIENTED_EDGE ( 'NONE', *, *, #8039, .T. ) ;
#3651 = VECTOR ( 'NONE', #7652, 1000.000000000000000 ) ;
#3652 = VERTEX_POINT ( 'NONE', #839 ) ;
#3653 = EDGE_CURVE ( 'NONE', #3635, #7555, #9727, .T. ) ;
#3654 = PLANE ( 'NONE',  #8219 ) ;
#3655 = CARTESIAN_POINT ( 'NONE',  ( 46.25000000000000000, 13.90429687500000355, 1.000000000000000000 ) ) ;
#3656 = DIRECTION ( 'NONE',  ( 0.000000000000000000, -0.000000000000000000, 1.000000000000000000 ) ) ;
#3657 = CARTESIAN_POINT ( 'NONE',  ( -105.4784751358815669, 23.17217973710065948, 2.500000000000000444 ) ) ;
#3658 = LINE ( 'NONE', #7697, #8593 ) ;
#3659 = VERTEX_POINT ( 'NONE', #1546 ) ;
#3660 = LINE ( 'NONE', #2802, #4405 ) ;
#3661 = VERTEX_POINT ( 'NONE', #7412 ) ;
#3662 = ORIENTED_EDGE ( 'NONE', *, *, #6719, .F. ) ;
#3663 = DIRECTION ( 'NONE',  ( -0.000000000000000000, -1.000000000000000000, -0.000000000000000000 ) ) ;
#3664 = DIRECTION ( 'NONE',  ( -1.000000000000000000, -8.163404592832032733E-17, 0.000000000000000000 ) ) ;
#3665 = LINE ( 'NONE', #5388, #4684 ) ;
#3666 = PLANE ( 'NONE',  #426 ) ;
#3667 = EDGE_LOOP ( 'NONE', ( #3924, #1260, #10439, #1082, #6202, #8303, #7388, #4687, #1182, #8650, #6340, #7634, #1206, #1151, #7772, #9897 ) ) ;
#3668 = DIRECTION ( 'NONE',  ( 0.000000000000000000, -0.000000000000000000, -1.000000000000000000 ) ) ;
#3669 = DIRECTION ( 'NONE',  ( -1.000000000000000000, -0.000000000000000000, -0.000000000000000000 ) ) ;
#3670 = ORIENTED_EDGE ( 'NONE', *, *, #6197, .T. ) ;
#3671 = VERTEX_POINT ( 'NONE', #10466 ) ;
#3672 = VERTEX_POINT ( 'NONE', #2229 ) ;
#3673 = EDGE_CURVE ( 'NONE', #4613, #8855, #9707, .T. ) ;
#3674 = CARTESIAN_POINT ( 'NONE',  ( 9.582117137899414772, 15.48641401289931885, 0.5000000000000004441 ) ) ;
#3675 = ADVANCED_FACE ( 'NONE', ( #8847 ), #3787, .F. ) ;
#3676 = CARTESIAN_POINT ( 'NONE',  ( -59.41788286210059056, 15.48641401289931885, 0.5000000000000004441 ) ) ;
#3677 = LINE ( 'NONE', #1904, #9730 ) ;
#3678 = CARTESIAN_POINT ( 'NONE',  ( -106.0678828621005891, 20.78641401289932134, 1.500000000000000444 ) ) ;
#3679 = DIRECTION ( 'NONE',  ( -0.000000000000000000, -0.000000000000000000, 1.000000000000000000 ) ) ;
#3680 = CARTESIAN_POINT ( 'NONE',  ( -13.41788286210060477, 13.48641401289931885, 0.5000000000000004441 ) ) ;
#3681 = EDGE_LOOP ( 'NONE', ( #7081, #7701, #5481, #7571 ) ) ;
#3682 = ORIENTED_EDGE ( 'NONE', *, *, #1171, .F. ) ;
#3683 = EDGE_CURVE ( 'NONE', #5089, #6225, #3897, .T. ) ;
#3684 = VERTEX_POINT ( 'NONE', #5511 ) ;
#3685 = ORIENTED_EDGE ( 'NONE', *, *, #3186, .F. ) ;
#3686 = EDGE_CURVE ( 'NONE', #2038, #3652, #10353, .T. ) ;
#3687 = VECTOR ( 'NONE', #9908, 1000.000000000000000 ) ;
#3688 = DIRECTION ( 'NONE',  ( 0.7071067811865466846, 0.7071067811865483499, 0.000000000000000000 ) ) ;
#3689 = PLANE ( 'NONE',  #954 ) ;
#3690 = EDGE_CURVE ( 'NONE', #4963, #7580, #9603, .T. ) ;
#3691 = LINE ( 'NONE', #10312, #4629 ) ;
#3692 = CARTESIAN_POINT ( 'NONE',  ( 8.932117137899432180, 15.48641401289931885, 1.500000000000000444 ) ) ;
#3693 = CARTESIAN_POINT ( 'NONE',  ( 92.00000000000000000, 0.000000000000000000, 0.5000000000000004441 ) ) ;
#3694 = ORIENTED_EDGE ( 'NONE', *, *, #3354, .F. ) ;
#3695 = CARTESIAN_POINT ( 'NONE',  ( 39.25000000000000711, 20.60065487298235709, 1.500000000000000444 ) ) ;
#3696 = EDGE_LOOP ( 'NONE', ( #3004, #1253, #3229, #4906, #9642, #6406, #8492, #8720 ) ) ;
#3697 = ORIENTED_EDGE ( 'NONE', *, *, #6015, .F. ) ;
#3698 = ORIENTED_EDGE ( 'NONE', *, *, #1901, .T. ) ;
#3699 = VECTOR ( 'NONE', #4440, 1000.000000000000000 ) ;
#3700 = VECTOR ( 'NONE', #6960, 1000.000000000000000 ) ;
#3701 = ORIENTED_EDGE ( 'NONE', *, *, #7635, .F. ) ;
#3702 = EDGE_CURVE ( 'NONE', #3016, #6007, #2118, .T. ) ;
#3703 = LINE ( 'NONE', #10325, #4431 ) ;
#3704 = CARTESIAN_POINT ( 'NONE',  ( -105.4178828621005977, 13.48641401289931885, 0.5000000000000004441 ) ) ;
#3705 = EDGE_LOOP ( 'NONE', ( #7230, #10029, #9070, #6042 ) ) ;
#3706 = AXIS2_PLACEMENT_3D ( 'NONE', #6396, #10633, #5733 ) ;
#3707 = CARTESIAN_POINT ( 'NONE',  ( -36.41788286210059766, 20.78641401289932134, 0.5000000000000004441 ) ) ;
#3708 = LINE ( 'NONE', #10219, #1797 ) ;
#3709 = AXIS2_PLACEMENT_3D ( 'NONE', #198, #3437, #6722 ) ;
#3710 = CARTESIAN_POINT ( 'NONE',  ( -78.32152486411830239, 23.17217973710065948, 1.500000000000000444 ) ) ;
#3711 = VERTEX_POINT ( 'NONE', #7232 ) ;
#3712 = CARTESIAN_POINT ( 'NONE',  ( -124.3215248641183166, 13.13641401289931920, 1.500000000000000444 ) ) ;
#3713 = ORIENTED_EDGE ( 'NONE', *, *, #9209, .F. ) ;
#3714 = VERTEX_POINT ( 'NONE', #711 ) ;
#3715 = EDGE_CURVE ( 'NONE', #6665, #3014, #7178, .T. ) ;
#3716 = AXIS2_PLACEMENT_3D ( 'NONE', #4380, #7613, #289 ) ;
#3717 = DIRECTION ( 'NONE',  ( 1.000000000000000000, -1.734723475976806902E-18, -0.000000000000000000 ) ) ;
#3718 = CARTESIAN_POINT ( 'NONE',  ( 3.617012049765269955E-17, 20.85065487298235709, 4.000000000000000000 ) ) ;
#3719 = CARTESIAN_POINT ( 'NONE',  ( 31.93211713789942507, 15.48641401289931885, 0.5000000000000004441 ) ) ;
#3720 = DIRECTION ( 'NONE',  ( 1.000000000000000000, 0.000000000000000000, -0.000000000000000000 ) ) ;
#3721 = VERTEX_POINT ( 'NONE', #1469 ) ;
#3722 = FACE_OUTER_BOUND ( 'NONE', #140, .T. ) ;
#3723 = DIRECTION ( 'NONE',  ( -0.000000000000000000, 1.000000000000000000, -0.000000000000000000 ) ) ;
#3724 = ORIENTED_EDGE ( 'NONE', *, *, #8231, .F. ) ;
#3725 = VECTOR ( 'NONE', #2326, 1000.000000000000000 ) ;
#3726 = ORIENTED_EDGE ( 'NONE', *, *, #9379, .T. ) ;
#3727 = VECTOR ( 'NONE', #2488, 1000.000000000000000 ) ;
#3728 = ORIENTED_EDGE ( 'NONE', *, *, #4527, .F. ) ;
#3729 = VECTOR ( 'NONE', #7372, 999.9999999999998863 ) ;
#3730 = LINE ( 'NONE', #5458, #5183 ) ;
#3731 = CARTESIAN_POINT ( 'NONE',  ( -135.7499999999999716, 13.15429687500000355, 0.3499999999999999223 ) ) ;
#3732 = LINE ( 'NONE', #9388, #9385 ) ;
#3733 = AXIS2_PLACEMENT_3D ( 'NONE', #5554, #8836, #1456 ) ;
#3734 = DIRECTION ( 'NONE',  ( -1.000000000000000000, 0.000000000000000000, 0.000000000000000000 ) ) ;
#3735 = DIRECTION ( 'NONE',  ( 0.000000000000000000, -0.000000000000000000, 1.000000000000000000 ) ) ;
#3736 = LINE ( 'NONE', #9391, #7147 ) ;
#3737 = VERTEX_POINT ( 'NONE', #3093 ) ;
#3738 = EDGE_CURVE ( 'NONE', #8071, #7742, #6380, .T. ) ;
#3739 = AXIS2_PLACEMENT_3D ( 'NONE', #6009, #8332, #1761 ) ;
#3740 = VERTEX_POINT ( 'NONE', #5457 ) ;
#3741 = ORIENTED_EDGE ( 'NONE', *, *, #5233, .F. ) ;
#3742 = EDGE_CURVE ( 'NONE', #757, #4922, #6432, .T. ) ;
#3743 = EDGE_LOOP ( 'NONE', ( #192, #2788, #3390, #507 ) ) ;
#3744 = VECTOR ( 'NONE', #1339, 1000.000000000000000 ) ;
#3745 = CARTESIAN_POINT ( 'NONE',  ( -8.767882862100590202, 20.78641401289932134, 0.5000000000000004441 ) ) ;
#3746 = EDGE_CURVE ( 'NONE', #3454, #1959, #8904, .T. ) ;
#3747 = FACE_OUTER_BOUND ( 'NONE', #1275, .T. ) ;
#3748 = VECTOR ( 'NONE', #7479, 1000.000000000000000 ) ;
#3749 = FACE_OUTER_BOUND ( 'NONE', #6891, .T. ) ;
#3750 = DIRECTION ( 'NONE',  ( 0.7071067811865474617, 0.7071067811865474617, 0.000000000000000000 ) ) ;
#3751 = DIRECTION ( 'NONE',  ( 1.000000000000000000, 0.000000000000000000, 0.000000000000000000 ) ) ;
#3752 = EDGE_LOOP ( 'NONE', ( #696, #6570, #5261, #10615 ) ) ;
#3753 = ADVANCED_FACE ( 'NONE', ( #606 ), #2980, .F. ) ;
#3754 = CARTESIAN_POINT ( 'NONE',  ( 23.00000000000000000, 15.48641401289931885, 0.000000000000000000 ) ) ;
#3755 = DIRECTION ( 'NONE',  ( 0.000000000000000000, -1.000000000000000000, 0.000000000000000000 ) ) ;
#3756 = ORIENTED_EDGE ( 'NONE', *, *, #8294, .F. ) ;
#3757 = ORIENTED_EDGE ( 'NONE', *, *, #8065, .F. ) ;
#3758 = ORIENTED_EDGE ( 'NONE', *, *, #6971, .F. ) ;
#3759 = ORIENTED_EDGE ( 'NONE', *, *, #9077, .F. ) ;
#3760 = VECTOR ( 'NONE', #3994, 1000.000000000000000 ) ;
#3761 = EDGE_CURVE ( 'NONE', #1262, #4459, #1363, .T. ) ;
#3762 = DIRECTION ( 'NONE',  ( 0.000000000000000000, -0.000000000000000000, 1.000000000000000000 ) ) ;
#3763 = LINE ( 'NONE', #9578, #2026 ) ;
#3764 = ORIENTED_EDGE ( 'NONE', *, *, #1093, .T. ) ;
#3765 = PLANE ( 'NONE',  #5828 ) ;
#3766 = PLANE ( 'NONE',  #5585 ) ;
#3767 = AXIS2_PLACEMENT_3D ( 'NONE', #8087, #7057, #488 ) ;
#3768 = LINE ( 'NONE', #7157, #7537 ) ;
#3769 = ORIENTED_EDGE ( 'NONE', *, *, #6740, .F. ) ;
#3770 = LINE ( 'NONE', #8831, #813 ) ;
#3771 = EDGE_LOOP ( 'NONE', ( #3402, #1489, #7024, #3271, #420 ) ) ;
#3772 = ADVANCED_FACE ( 'NONE', ( #7933 ), #9544, .F. ) ;
#3773 = ORIENTED_EDGE ( 'NONE', *, *, #4222, .T. ) ;
#3774 = VECTOR ( 'NONE', #10484, 1000.000000000000000 ) ;
#3775 = DIRECTION ( 'NONE',  ( -0.000000000000000000, -0.000000000000000000, 1.000000000000000000 ) ) ;
#3776 = CARTESIAN_POINT ( 'NONE',  ( -37.06788286210058203, 20.80448725967914925, 1.500000000000000444 ) ) ;
#3777 = LINE ( 'NONE', #7167, #10476 ) ;
#3778 = DIRECTION ( 'NONE',  ( -1.000000000000000000, -0.000000000000000000, -0.000000000000000000 ) ) ;
#3779 = DIRECTION ( 'NONE',  ( 0.000000000000000000, 0.000000000000000000, -1.000000000000000000 ) ) ;
#3780 = CARTESIAN_POINT ( 'NONE',  ( -36.49635799798222990, 23.15429687499999289, 4.000000000000000000 ) ) ;
#3781 = FACE_OUTER_BOUND ( 'NONE', #7608, .T. ) ;
#3782 = ORIENTED_EDGE ( 'NONE', *, *, #4527, .T. ) ;
#3783 = EDGE_CURVE ( 'NONE', #2475, #5359, #5399, .T. ) ;
#3784 = VECTOR ( 'NONE', #1688, 1000.000000000000000 ) ;
#3785 = ORIENTED_EDGE ( 'NONE', *, *, #7320, .F. ) ;
#3786 = ORIENTED_EDGE ( 'NONE', *, *, #10205, .T. ) ;
#3787 = PLANE ( 'NONE',  #6493 ) ;
#3788 = CARTESIAN_POINT ( 'NONE',  ( 39.25000000000000000, 23.15429687500000000, 4.000000000000000000 ) ) ;
#3789 = EDGE_CURVE ( 'NONE', #4700, #6495, #553, .T. ) ;
#3790 = DIRECTION ( 'NONE',  ( -0.000000000000000000, -0.000000000000000000, 1.000000000000000000 ) ) ;
#3791 = LINE ( 'NONE', #1144, #8010 ) ;
#3792 = DIRECTION ( 'NONE',  ( 0.000000000000000000, -1.000000000000000000, 0.000000000000000000 ) ) ;
#3793 = CARTESIAN_POINT ( 'NONE',  ( -37.06788286210058203, 15.48641401289931885, 1.500000000000000444 ) ) ;
#3794 = CARTESIAN_POINT ( 'NONE',  ( -130.7500000000000000, 13.90429687500000355, 4.000000000000000000 ) ) ;
#3795 = ORIENTED_EDGE ( 'NONE', *, *, #9644, .F. ) ;
#3796 = ORIENTED_EDGE ( 'NONE', *, *, #132, .F. ) ;
#3797 = ORIENTED_EDGE ( 'NONE', *, *, #9678, .F. ) ;
#3798 = VERTEX_POINT ( 'NONE', #3954 ) ;
#3799 = AXIS2_PLACEMENT_3D ( 'NONE', #9702, #8842, #6478 ) ;
#3800 = PLANE ( 'NONE',  #5361 ) ;
#3801 = FACE_OUTER_BOUND ( 'NONE', #7828, .T. ) ;
#3802 = PLANE ( 'NONE',  #6703 ) ;
#3803 = LINE ( 'NONE', #6284, #9900 ) ;
#3804 = DIRECTION ( 'NONE',  ( -1.000000000000000000, -0.000000000000000000, -0.000000000000000000 ) ) ;
#3805 = VERTEX_POINT ( 'NONE', #4649 ) ;
#3806 = DIRECTION ( 'NONE',  ( -0.000000000000000000, -0.000000000000000000, 1.000000000000000000 ) ) ;
#3807 = CARTESIAN_POINT ( 'NONE',  ( 39.25000000000000000, 13.15429687500000355, 6.000000000000000000 ) ) ;
#3808 = ORIENTED_EDGE ( 'NONE', *, *, #8960, .F. ) ;
#3809 = ORIENTED_EDGE ( 'NONE', *, *, #3746, .T. ) ;
#3810 = ORIENTED_EDGE ( 'NONE', *, *, #5142, .T. ) ;
#3811 = VECTOR ( 'NONE', #8232, 1000.000000000000000 ) ;
#3812 = ORIENTED_EDGE ( 'NONE', *, *, #6004, .F. ) ;
#3813 = EDGE_CURVE ( 'NONE', #7490, #5408, #3843, .T. ) ;
#3814 = VECTOR ( 'NONE', #6485, 1000.000000000000000 ) ;
#3815 = EDGE_CURVE ( 'NONE', #7805, #7130, #9812, .T. ) ;
#3816 = EDGE_CURVE ( 'NONE', #1390, #748, #8358, .T. ) ;
#3817 = FACE_OUTER_BOUND ( 'NONE', #2021, .T. ) ;
#3818 = LINE ( 'NONE', #9519, #4783 ) ;
#3819 = EDGE_LOOP ( 'NONE', ( #1551, #4033, #3854, #369, #7415, #736 ) ) ;
#3820 = EDGE_CURVE ( 'NONE', #7477, #5907, #4052, .T. ) ;
#3821 = LINE ( 'NONE', #639, #4282 ) ;
#3822 = AXIS2_PLACEMENT_3D ( 'NONE', #933, #7295, #5681 ) ;
#3823 = DIRECTION ( 'NONE',  ( -1.000000000000000000, 0.000000000000000000, 0.000000000000000000 ) ) ;
#3824 = CARTESIAN_POINT ( 'NONE',  ( -84.81788286210058914, 15.48641401289931885, 0.5000000000000004441 ) ) ;
#3825 = AXIS2_PLACEMENT_3D ( 'NONE', #10231, #2107, #1243 ) ;
#3826 = VERTEX_POINT ( 'NONE', #9972 ) ;
#3827 = DIRECTION ( 'NONE',  ( -0.000000000000000000, -0.000000000000000000, 1.000000000000000000 ) ) ;
#3828 = ORIENTED_EDGE ( 'NONE', *, *, #4782, .F. ) ;
#3829 = ORIENTED_EDGE ( 'NONE', *, *, #3964, .T. ) ;
#3830 = EDGE_CURVE ( 'NONE', #6742, #12, #8200, .T. ) ;
#3831 = LINE ( 'NONE', #4576, #997 ) ;
#3832 = ADVANCED_FACE ( 'NONE', ( #1623 ), #2600, .F. ) ;
#3833 = DIRECTION ( 'NONE',  ( 1.000000000000000000, -0.000000000000000000, 0.000000000000000000 ) ) ;
#3834 = CARTESIAN_POINT ( 'NONE',  ( -59.41788286210059056, 15.48641401289931885, 0.5000000000000004441 ) ) ;
#3835 = DIRECTION ( 'NONE',  ( -0.000000000000000000, -0.000000000000000000, 1.000000000000000000 ) ) ;
#3836 = EDGE_CURVE ( 'NONE', #1296, #9422, #4968, .T. ) ;
#3837 = LINE ( 'NONE', #702, #2559 ) ;
#3838 = LINE ( 'NONE', #4696, #3557 ) ;
#3839 = CARTESIAN_POINT ( 'NONE',  ( -76.00000000000000000, 20.85065487298235709, 1.500000000000000444 ) ) ;
#3840 = EDGE_LOOP ( 'NONE', ( #8547, #5996, #396, #9715, #8025, #1769 ) ) ;
#3841 = EDGE_LOOP ( 'NONE', ( #9134, #4795, #8789, #2411, #8179 ) ) ;
#3842 = VERTEX_POINT ( 'NONE', #7336 ) ;
#3843 = LINE ( 'NONE', #7122, #2187 ) ;
#3844 = EDGE_CURVE ( 'NONE', #4844, #8181, #9002, .T. ) ;
#3845 = PLANE ( 'NONE',  #4849 ) ;
#3846 = DIRECTION ( 'NONE',  ( -0.7071067811865474617, -0.7071067811865474617, 0.000000000000000000 ) ) ;
#3847 = CARTESIAN_POINT ( 'NONE',  ( -137.7499999999999716, 13.90429687500000355, 1.000000000000000000 ) ) ;
#3848 = CARTESIAN_POINT ( 'NONE',  ( -123.7678828621005778, 15.50448725967913610, 0.5000000000000004441 ) ) ;
#3849 = LINE ( 'NONE', #1203, #9276 ) ;
#3850 = LINE ( 'NONE', #9713, #5263 ) ;
#3851 = DIRECTION ( 'NONE',  ( -0.7071067811865483499, 0.7071067811865466846, 0.000000000000000000 ) ) ;
#3852 = ORIENTED_EDGE ( 'NONE', *, *, #7095, .F. ) ;
#3853 = CALENDAR_DATE ( 2025, 1, 8 ) ;
#3854 = ORIENTED_EDGE ( 'NONE', *, *, #524, .F. ) ;
#3855 = EDGE_CURVE ( 'NONE', #2453, #4882, #10618, .T. ) ;
#3856 = EDGE_LOOP ( 'NONE', ( #3637, #5248, #1585, #6060 ) ) ;
#3857 = CARTESIAN_POINT ( 'NONE',  ( 36.67847513588169761, 23.17217973710065948, 1.500000000000000444 ) ) ;
#3858 = CARTESIAN_POINT ( 'NONE',  ( 45.85000000000000142, 24.65429687500000711, 6.000000000000000000 ) ) ;
#3859 = CARTESIAN_POINT ( 'NONE',  ( 0.000000000000000000, 0.000000000000000000, 4.000000000000000000 ) ) ;
#3860 = CARTESIAN_POINT ( 'NONE',  ( -6.382117137899268045, 20.23277201088161803, 6.000000000000000000 ) ) ;
#3861 = LINE ( 'NONE', #6349, #8178 ) ;
#3862 = CARTESIAN_POINT ( 'NONE',  ( -55.32152486411831660, 13.13641401289931920, 2.499999999999998668 ) ) ;
#3863 = EDGE_LOOP ( 'NONE', ( #2113, #36, #3064, #3812 ) ) ;
#3864 = ORIENTED_EDGE ( 'NONE', *, *, #8859, .T. ) ;
#3865 = VERTEX_POINT ( 'NONE', #7549 ) ;
#3866 = VECTOR ( 'NONE', #1812, 1000.000000000000000 ) ;
#3867 = PLANE ( 'NONE',  #10101 ) ;
#3868 = CARTESIAN_POINT ( 'NONE',  ( -101.3215248641183024, 23.17217973710065948, 1.500000000000000444 ) ) ;
#3869 = ORIENTED_EDGE ( 'NONE', *, *, #5851, .T. ) ;
#3870 = DIRECTION ( 'NONE',  ( -0.000000000000000000, 0.000000000000000000, 1.000000000000000000 ) ) ;
#3871 = CARTESIAN_POINT ( 'NONE',  ( 29.58211713789940589, 20.23277201088161448, 1.500000000000000444 ) ) ;
#3872 = LINE ( 'NONE', #4683, #8773 ) ;
#3873 = VECTOR ( 'NONE', #2616, 1000.000000000000000 ) ;
#3874 = ORIENTED_EDGE ( 'NONE', *, *, #6558, .T. ) ;
#3875 = CARTESIAN_POINT ( 'NONE',  ( -13.41788286210060477, 20.78641401289932134, 1.500000000000000444 ) ) ;
#3876 = ORIENTED_EDGE ( 'NONE', *, *, #3283, .F. ) ;
#3877 = VECTOR ( 'NONE', #4376, 1000.000000000000000 ) ;
#3878 = ADVANCED_FACE ( 'NONE', ( #2548 ), #64, .F. ) ;
#3879 = ORIENTED_EDGE ( 'NONE', *, *, #3299, .T. ) ;
#3880 = EDGE_CURVE ( 'NONE', #9461, #10512, #173, .T. ) ;
#3881 = VECTOR ( 'NONE', #4124, 1000.000000000000000 ) ;
#3882 = VECTOR ( 'NONE', #403, 1000.000000000000000 ) ;
#3883 = PLANE ( 'NONE',  #5469 ) ;
#3884 = DIRECTION ( 'NONE',  ( 0.000000000000000000, 1.000000000000000000, -0.000000000000000000 ) ) ;
#3885 = CARTESIAN_POINT ( 'NONE',  ( -54.76788286210057777, 20.78641401289932134, 0.000000000000000000 ) ) ;
#3886 = FACE_OUTER_BOUND ( 'NONE', #10069, .T. ) ;
#3887 = FACE_OUTER_BOUND ( 'NONE', #520, .T. ) ;
#3888 = DIRECTION ( 'NONE',  ( 1.000000000000000000, 9.183830166936036979E-17, -0.000000000000000000 ) ) ;
#3889 = DIRECTION ( 'NONE',  ( 0.000000000000000000, 0.000000000000000000, -1.000000000000000000 ) ) ;
#3890 = VERTEX_POINT ( 'NONE', #5020 ) ;
#3891 = ORIENTED_EDGE ( 'NONE', *, *, #9400, .T. ) ;
#3892 = AXIS2_PLACEMENT_3D ( 'NONE', #9294, #3532, #149 ) ;
#3893 = AXIS2_PLACEMENT_3D ( 'NONE', #9390, #5300, #3521 ) ;
#3894 = EDGE_CURVE ( 'NONE', #6353, #5777, #760, .T. ) ;
#3895 = EDGE_LOOP ( 'NONE', ( #4674, #8999, #9026, #7982 ) ) ;
#3896 = EDGE_CURVE ( 'NONE', #4902, #344, #5719, .T. ) ;
#3897 = LINE ( 'NONE', #3034, #10442 ) ;
#3898 = CARTESIAN_POINT ( 'NONE',  ( -32.41788286210058345, 15.48641401289931885, 1.500000000000000444 ) ) ;
#3899 = LINE ( 'NONE', #4212, #1930 ) ;
#3900 = VECTOR ( 'NONE', #10612, 1000.000000000000000 ) ;
#3901 = CARTESIAN_POINT ( 'NONE',  ( -137.7499999999999716, 15.45793887701764291, 2.499999999999999112 ) ) ;
#3902 = LINE ( 'NONE', #861, #10221 ) ;
#3903 = CARTESIAN_POINT ( 'NONE',  ( 31.93211713789942507, 20.78641401289932134, -2.999999999999999112 ) ) ;
#3904 = PLANE ( 'NONE',  #3031 ) ;
#3905 = DIRECTION ( 'NONE',  ( 0.000000000000000000, -0.000000000000000000, 1.000000000000000000 ) ) ;
#3906 = VERTEX_POINT ( 'NONE', #5070 ) ;
#3907 = VECTOR ( 'NONE', #4615, 1000.000000000000000 ) ;
#3908 = PERSON_AND_ORGANIZATION ( #1199, #7518 ) ;
#3909 = ADVANCED_FACE ( 'NONE', ( #2391 ), #4861, .F. ) ;
#3910 = ORIENTED_EDGE ( 'NONE', *, *, #5160, .F. ) ;
#3911 = CC_DESIGN_SECURITY_CLASSIFICATION ( #8898, ( #4417 ) ) ;
#3912 = VECTOR ( 'NONE', #5387, 1000.000000000000000 ) ;
#3913 = DIRECTION ( 'NONE',  ( -0.000000000000000000, 1.000000000000000000, -0.000000000000000000 ) ) ;
#3914 = LINE ( 'NONE', #8863, #611 ) ;
#3915 = DIRECTION ( 'NONE',  ( -1.000000000000000000, 0.000000000000000000, 0.000000000000000000 ) ) ;
#3916 = CARTESIAN_POINT ( 'NONE',  ( -106.0678828621005891, 20.78641401289932134, 0.5000000000000004441 ) ) ;
#3917 = CARTESIAN_POINT ( 'NONE',  ( -30.01788286210058132, 20.78641401289932134, 1.500000000000000444 ) ) ;
#3918 = EDGE_CURVE ( 'NONE', #3188, #6080, #6640, .T. ) ;
#3919 = ORIENTED_EDGE ( 'NONE', *, *, #3289, .T. ) ;
#3920 = CARTESIAN_POINT ( 'NONE',  ( 36.67847513588169761, 23.17217973710065948, 1.500000000000000444 ) ) ;
#3921 = ORIENTED_EDGE ( 'NONE', *, *, #2278, .F. ) ;
#3922 = VECTOR ( 'NONE', #5588, 1000.000000000000000 ) ;
#3923 = EDGE_CURVE ( 'NONE', #2643, #10267, #819, .T. ) ;
#3924 = ORIENTED_EDGE ( 'NONE', *, *, #5720, .F. ) ;
#3925 = ORIENTED_EDGE ( 'NONE', *, *, #5539, .T. ) ;
#3926 = AXIS2_PLACEMENT_3D ( 'NONE', #8283, #3167, #9889 ) ;
#3927 = ADVANCED_FACE ( 'NONE', ( #4209 ), #8951, .F. ) ;
#3928 = VECTOR ( 'NONE', #9958, 1000.000000000000000 ) ;
#3929 = DIRECTION ( 'NONE',  ( 0.000000000000000000, -0.000000000000000000, 1.000000000000000000 ) ) ;
#3930 = DIRECTION ( 'NONE',  ( 0.000000000000000000, 0.000000000000000000, -1.000000000000000000 ) ) ;
#3931 = EDGE_LOOP ( 'NONE', ( #9980, #1077, #4180, #3216, #9500, #940, #3429, #405 ) ) ;
#3932 = AXIS2_PLACEMENT_3D ( 'NONE', #7254, #7844, #1490 ) ;
#3933 = CARTESIAN_POINT ( 'NONE',  ( -85.41788286210059766, 20.23277201088161448, 1.500000000000000444 ) ) ;
#3934 = LINE ( 'NONE', #3123, #3179 ) ;
#3935 = ADVANCED_FACE ( 'NONE', ( #3406 ), #9059, .F. ) ;
#3936 = FACE_OUTER_BOUND ( 'NONE', #6966, .T. ) ;
#3937 = ORIENTED_EDGE ( 'NONE', *, *, #8233, .F. ) ;
#3938 = CARTESIAN_POINT ( 'NONE',  ( -76.01788286210057777, 20.78641401289932134, 0.5000000000000004441 ) ) ;
#3939 = ORIENTED_EDGE ( 'NONE', *, *, #6475, .F. ) ;
#3940 = VERTEX_POINT ( 'NONE', #8360 ) ;
#3941 = CARTESIAN_POINT ( 'NONE',  ( -32.32152486411830949, 23.17217973710065948, 6.000000000000000000 ) ) ;
#3942 = LINE ( 'NONE', #7431, #1678 ) ;
#3943 = VECTOR ( 'NONE', #8659, 1000.000000000000000 ) ;
#3944 = LINE ( 'NONE', #7113, #3421 ) ;
#3945 = DIRECTION ( 'NONE',  ( 0.000000000000000000, -0.000000000000000000, 1.000000000000000000 ) ) ;
#3946 = CARTESIAN_POINT ( 'NONE',  ( -78.32152486411831660, 13.13641401289931920, 6.000000000000000000 ) ) ;
#3947 = PLANE ( 'NONE',  #5101 ) ;
#3948 = CARTESIAN_POINT ( 'NONE',  ( 39.25000000000000000, 23.15429687500000000, 6.000000000000000000 ) ) ;
#3949 = VERTEX_POINT ( 'NONE', #6849 ) ;
#3950 = ORIENTED_EDGE ( 'NONE', *, *, #4701, .T. ) ;
#3951 = AXIS2_PLACEMENT_3D ( 'NONE', #10531, #79, #5634 ) ;
#3952 = ORIENTED_EDGE ( 'NONE', *, *, #974, .T. ) ;
#3953 = EDGE_CURVE ( 'NONE', #3672, #985, #6792, .T. ) ;
#3954 = CARTESIAN_POINT ( 'NONE',  ( -55.41788286210058345, 22.78641401289931778, 0.5000000000000004441 ) ) ;
#3955 = EDGE_CURVE ( 'NONE', #1723, #10539, #121, .T. ) ;
#3956 = FACE_OUTER_BOUND ( 'NONE', #8792, .T. ) ;
#3957 = DIRECTION ( 'NONE',  ( -0.000000000000000000, -0.000000000000000000, 1.000000000000000000 ) ) ;
#3958 = DIRECTION ( 'NONE',  ( -0.000000000000000000, 0.000000000000000000, 1.000000000000000000 ) ) ;
#3959 = VECTOR ( 'NONE', #2821, 1000.000000000000000 ) ;
#3960 = CARTESIAN_POINT ( 'NONE',  ( -13.41788286210060477, 20.78641401289932134, 0.5000000000000004441 ) ) ;
#3961 = CARTESIAN_POINT ( 'NONE',  ( 13.58211713789943254, 20.78641401289932134, 1.500000000000000444 ) ) ;
#3962 = DIRECTION ( 'NONE',  ( 0.000000000000000000, -1.000000000000000000, 0.000000000000000000 ) ) ;
#3963 = ORIENTED_EDGE ( 'NONE', *, *, #5664, .F. ) ;
#3964 = EDGE_CURVE ( 'NONE', #6893, #5978, #5071, .T. ) ;
#3965 = PERSON_AND_ORGANIZATION ( #1199, #7518 ) ;
#3966 = VERTEX_POINT ( 'NONE', #2648 ) ;
#3967 = DIRECTION ( 'NONE',  ( -0.000000000000000000, -0.000000000000000000, 1.000000000000000000 ) ) ;
#3968 = CARTESIAN_POINT ( 'NONE',  ( 36.58211713789940944, 22.78641401289931778, 0.5000000000000004441 ) ) ;
#3969 = EDGE_CURVE ( 'NONE', #9159, #4613, #3407, .T. ) ;
#3970 = FACE_OUTER_BOUND ( 'NONE', #9038, .T. ) ;
#3971 = CARTESIAN_POINT ( 'NONE',  ( -105.4178828621005977, 20.78641401289932134, 0.5000000000000004441 ) ) ;
#3972 = FACE_OUTER_BOUND ( 'NONE', #9925, .T. ) ;
#3973 = ORIENTED_EDGE ( 'NONE', *, *, #3293, .F. ) ;
#3974 = LINE ( 'NONE', #3920, #9428 ) ;
#3975 = ORIENTED_EDGE ( 'NONE', *, *, #8263, .F. ) ;
#3976 = ORIENTED_EDGE ( 'NONE', *, *, #273, .T. ) ;
#3977 = ORIENTED_EDGE ( 'NONE', *, *, #10404, .F. ) ;
#3978 = VECTOR ( 'NONE', #766, 1000.000000000000000 ) ;
#3979 = LINE ( 'NONE', #7365, #9928 ) ;
#3980 = DIRECTION ( 'NONE',  ( 0.7071067811865474617, 0.7071067811865474617, 1.137307002876260553E-16 ) ) ;
#3981 = EDGE_CURVE ( 'NONE', #8292, #5691, #324, .T. ) ;
#3982 = CARTESIAN_POINT ( 'NONE',  ( -83.06788286210057493, 20.80448725967914925, 0.5000000000000004441 ) ) ;
#3983 = CARTESIAN_POINT ( 'NONE',  ( 32.50364200201778431, 13.15429687500000355, 1.500000000000000444 ) ) ;
#3984 = CARTESIAN_POINT ( 'NONE',  ( -137.7499999999999716, 15.45793887701764291, 3.999999999999999112 ) ) ;
#3985 = VERTEX_POINT ( 'NONE', #9323 ) ;
#3986 = DIRECTION ( 'NONE',  ( 0.000000000000000000, 0.000000000000000000, 1.000000000000000000 ) ) ;
#3988 = EDGE_LOOP ( 'NONE', ( #1299, #9131, #747, #438, #7783, #4424, #8707, #7671 ) ) ;
#3987 = VECTOR ( 'NONE', #9512, 1000.000000000000000 ) ;
#3989 = ORIENTED_EDGE ( 'NONE', *, *, #1188, .T. ) ;
#3990 = EDGE_CURVE ( 'NONE', #6955, #7559, #9025, .T. ) ;
#3991 = VECTOR ( 'NONE', #5784, 1000.000000000000000 ) ;
#3992 = DIRECTION ( 'NONE',  ( 0.000000000000000000, 0.000000000000000000, -1.000000000000000000 ) ) ;
#3993 = CARTESIAN_POINT ( 'NONE',  ( -78.41788286210058345, 20.78641401289932134, 0.5000000000000004441 ) ) ;
#3994 = DIRECTION ( 'NONE',  ( 6.938893903907228378E-15, 1.000000000000000000, -0.000000000000000000 ) ) ;
#3995 = PLANE ( 'NONE',  #7148 ) ;
#3996 = CARTESIAN_POINT ( 'NONE',  ( -107.8178828621005891, 15.48641401289931885, 1.500000000000000444 ) ) ;
#3997 = LINE ( 'NONE', #4854, #8027 ) ;
#3998 = CARTESIAN_POINT ( 'NONE',  ( -76.01788286210057777, 15.50448725967913610, 1.500000000000000444 ) ) ;
#3999 = ORIENTED_EDGE ( 'NONE', *, *, #6652, .F. ) ;
#4000 = ORIENTED_EDGE ( 'NONE', *, *, #6058, .F. ) ;
#4001 = ORIENTED_EDGE ( 'NONE', *, *, #10654, .T. ) ;
#4002 = VECTOR ( 'NONE', #8113, 1000.000000000000000 ) ;
#4003 = ORIENTED_EDGE ( 'NONE', *, *, #7560, .F. ) ;
#4004 = DIRECTION ( 'NONE',  ( -0.000000000000000000, 1.000000000000000000, -0.000000000000000000 ) ) ;
#4005 = DIRECTION ( 'NONE',  ( -0.000000000000000000, -0.000000000000000000, 1.000000000000000000 ) ) ;
#4006 = CARTESIAN_POINT ( 'NONE',  ( 39.61788286210074261, 20.23277201088161803, 1.500000000000000444 ) ) ;
#4007 = CARTESIAN_POINT ( 'NONE',  ( -60.06788286210057493, 15.48641401289931885, 0.000000000000000000 ) ) ;
#4008 = FACE_OUTER_BOUND ( 'NONE', #1780, .T. ) ;
#4009 = LINE ( 'NONE', #2933, #6304 ) ;
#4010 = CARTESIAN_POINT ( 'NONE',  ( -124.4178828621005977, 13.48641401289931885, 0.5000000000000004441 ) ) ;
#4011 = ORIENTED_EDGE ( 'NONE', *, *, #146, .T. ) ;
#4012 = ORIENTED_EDGE ( 'NONE', *, *, #1321, .F. ) ;
#4013 = EDGE_CURVE ( 'NONE', #6125, #3826, #4421, .T. ) ;
#4014 = ORIENTED_EDGE ( 'NONE', *, *, #2967, .F. ) ;
#4015 = CARTESIAN_POINT ( 'NONE',  ( -14.06788286210058914, 15.48641401289931885, 0.5000000000000004441 ) ) ;
#4016 = DIRECTION ( 'NONE',  ( 1.000000000000000000, 0.000000000000000000, -0.000000000000000000 ) ) ;
#4017 = PLANE ( 'NONE',  #5317 ) ;
#4018 = CARTESIAN_POINT ( 'NONE',  ( -101.3215248641183308, 13.13641401289931920, 4.000000000000000000 ) ) ;
#4019 = CARTESIAN_POINT ( 'NONE',  ( -130.7500000000000000, 15.40793887701778431, 1.500000000000000444 ) ) ;
#4020 = ORIENTED_EDGE ( 'NONE', *, *, #3022, .T. ) ;
#4021 = EDGE_CURVE ( 'NONE', #5781, #7687, #5282, .T. ) ;
#4022 = CARTESIAN_POINT ( 'NONE',  ( 39.25000000000000000, 23.15429687500000000, 6.000000000000000000 ) ) ;
#4023 = EDGE_LOOP ( 'NONE', ( #5345, #3921, #85, #5067 ) ) ;
#4024 = VERTEX_POINT ( 'NONE', #1890 ) ;
#4025 = EDGE_LOOP ( 'NONE', ( #5823, #1153, #8122, #2023 ) ) ;
#4026 = EDGE_CURVE ( 'NONE', #10587, #5667, #5175, .T. ) ;
#4027 = EDGE_CURVE ( 'NONE', #10236, #10126, #975, .T. ) ;
#4028 = LINE ( 'NONE', #10542, #6669 ) ;
#4029 = LINE ( 'NONE', #8074, #5640 ) ;
#4030 = CARTESIAN_POINT ( 'NONE',  ( 36.67847513588168340, 13.13641401289931920, 1.500000000000000444 ) ) ;
#4031 = LINE ( 'NONE', #6879, #769 ) ;
#4032 = CARTESIAN_POINT ( 'NONE',  ( -55.30364200201764646, 13.15429687499999467, 1.500000000000000444 ) ) ;
#4033 = ORIENTED_EDGE ( 'NONE', *, *, #8077, .F. ) ;
#4034 = DIRECTION ( 'NONE',  ( -6.938893903907234689E-15, 1.000000000000000000, 0.000000000000000000 ) ) ;
#4035 = EDGE_LOOP ( 'NONE', ( #3161, #8676, #4598, #6579 ) ) ;
#4036 = ORIENTED_EDGE ( 'NONE', *, *, #228, .F. ) ;
#4037 = EDGE_CURVE ( 'NONE', #3798, #3684, #9167, .T. ) ;
#4038 = CARTESIAN_POINT ( 'NONE',  ( 39.25000000000000000, 13.15429687500000355, 4.000000000000000000 ) ) ;
#4039 = LINE ( 'NONE', #6526, #7529 ) ;
#4040 = VECTOR ( 'NONE', #9361, 1000.000000000000000 ) ;
#4041 = DIRECTION ( 'NONE',  ( 0.6785983445458406704, 0.2810846377148508712, -0.6785983445458406704 ) ) ;
#4042 = ORIENTED_EDGE ( 'NONE', *, *, #10577, .T. ) ;
#4043 = DIRECTION ( 'NONE',  ( 0.000000000000000000, -0.000000000000000000, 1.000000000000000000 ) ) ;
#4044 = DIRECTION ( 'NONE',  ( -0.000000000000000000, -0.000000000000000000, 1.000000000000000000 ) ) ;
#4045 = ORIENTED_EDGE ( 'NONE', *, *, #8649, .T. ) ;
#4046 = EDGE_CURVE ( 'NONE', #10538, #370, #1785, .T. ) ;
#4047 = ORIENTED_EDGE ( 'NONE', *, *, #9803, .F. ) ;
#4048 = ADVANCED_FACE ( 'NONE', ( #5226 ), #10022, .T. ) ;
#4049 = ORIENTED_EDGE ( 'NONE', *, *, #1244, .T. ) ;
#4050 = VECTOR ( 'NONE', #888, 1000.000000000000000 ) ;
#4051 = AXIS2_PLACEMENT_3D ( 'NONE', #8797, #5568, #1365 ) ;
#4052 = LINE ( 'NONE', #1682, #3727 ) ;
#4053 = LINE ( 'NONE', #10619, #8978 ) ;
#4054 = FACE_OUTER_BOUND ( 'NONE', #115, .T. ) ;
#4055 = LINE ( 'NONE', #4972, #1111 ) ;
#4056 = VECTOR ( 'NONE', #8114, 1000.000000000000000 ) ;
#4057 = LINE ( 'NONE', #9064, #3784 ) ;
#4058 = DIRECTION ( 'NONE',  ( -0.000000000000000000, -0.000000000000000000, 1.000000000000000000 ) ) ;
#4059 = CARTESIAN_POINT ( 'NONE',  ( -83.06788286210057493, 15.48641401289931885, -2.999999999999999112 ) ) ;
#4060 = ORIENTED_EDGE ( 'NONE', *, *, #659, .T. ) ;
#4061 = VECTOR ( 'NONE', #4451, 1000.000000000000000 ) ;
#4062 = ORIENTED_EDGE ( 'NONE', *, *, #4083, .T. ) ;
#4063 = ORIENTED_EDGE ( 'NONE', *, *, #6292, .F. ) ;
#4064 = AXIS2_PLACEMENT_3D ( 'NONE', #3306, #6749, #7713 ) ;
#4065 = EDGE_CURVE ( 'NONE', #8431, #5000, #9973, .T. ) ;
#4066 = CARTESIAN_POINT ( 'NONE',  ( 46.25000000000000000, 13.90429687500000355, 1.000000000000000000 ) ) ;
#4067 = DIRECTION ( 'NONE',  ( 0.000000000000000000, 0.000000000000000000, -1.000000000000000000 ) ) ;
#4068 = CARTESIAN_POINT ( 'NONE',  ( 114.9999999999999858, 0.000000000000000000, 0.5000000000000004441 ) ) ;
#4069 = CARTESIAN_POINT ( 'NONE',  ( -60.06788286210057493, 15.48641401289931885, 0.5000000000000004441 ) ) ;
#4070 = CARTESIAN_POINT ( 'NONE',  ( -52.99999999999999289, 15.45793887701764469, 4.000000000000000000 ) ) ;
#4071 = ORIENTED_EDGE ( 'NONE', *, *, #2587, .T. ) ;
#4072 = LINE ( 'NONE', #10584, #1522 ) ;
#4073 = EDGE_CURVE ( 'NONE', #4573, #9452, #1837, .T. ) ;
#4074 = ORIENTED_EDGE ( 'NONE', *, *, #2312, .F. ) ;
#4075 = VECTOR ( 'NONE', #3567, 1000.000000000000000 ) ;
#4076 = VERTEX_POINT ( 'NONE', #2808 ) ;
#4077 = ORIENTED_EDGE ( 'NONE', *, *, #10293, .T. ) ;
#4078 = AXIS2_PLACEMENT_3D ( 'NONE', #8259, #9165, #1784 ) ;
#4079 = VECTOR ( 'NONE', #2574, 1000.000000000000000 ) ;
#4080 = EDGE_CURVE ( 'NONE', #6922, #8352, #8570, .T. ) ;
#4081 = AXIS2_PLACEMENT_3D ( 'NONE', #5862, #1768, #2737 ) ;
#4082 = DIRECTION ( 'NONE',  ( -1.000000000000000000, -8.163404592832032733E-17, 0.000000000000000000 ) ) ;
#4083 = EDGE_CURVE ( 'NONE', #4617, #8723, #1025, .T. ) ;
#4084 = DIRECTION ( 'NONE',  ( 0.000000000000000000, 0.000000000000000000, -1.000000000000000000 ) ) ;
#4085 = CARTESIAN_POINT ( 'NONE',  ( -130.7500000000000000, 13.15429687499998934, 4.000000000000000000 ) ) ;
#4086 = DIRECTION ( 'NONE',  ( -1.000000000000000000, 0.000000000000000000, -0.000000000000000000 ) ) ;
#4087 = VECTOR ( 'NONE', #9198, 1000.000000000000000 ) ;
#4088 = DIRECTION ( 'NONE',  ( 1.000000000000000000, -1.734723475976806902E-18, -0.000000000000000000 ) ) ;
#4089 = ORIENTED_EDGE ( 'NONE', *, *, #6658, .F. ) ;
#4090 = CARTESIAN_POINT ( 'NONE',  ( 9.521524864118447340, 23.17217973710065948, 2.500000000000000444 ) ) ;
#4091 = ORIENTED_EDGE ( 'NONE', *, *, #2928, .T. ) ;
#4092 = ADVANCED_FACE ( 'NONE', ( #9372 ), #4317, .F. ) ;
#4093 = ORIENTED_EDGE ( 'NONE', *, *, #3259, .F. ) ;
#4094 = VECTOR ( 'NONE', #8399, 1000.000000000000000 ) ;
#4095 = VECTOR ( 'NONE', #3775, 1000.000000000000000 ) ;
#4096 = CARTESIAN_POINT ( 'NONE',  ( -129.0678828621005891, 15.48641401289931885, 1.500000000000000444 ) ) ;
#4097 = LINE ( 'NONE', #8188, #2378 ) ;
#4098 = CARTESIAN_POINT ( 'NONE',  ( 32.58211713789940944, 13.48641401289931885, 0.5000000000000004441 ) ) ;
#4099 = DIRECTION ( 'NONE',  ( 1.000000000000000000, 0.000000000000000000, -0.000000000000000000 ) ) ;
#4100 = EDGE_CURVE ( 'NONE', #3362, #10377, #8668, .T. ) ;
#4101 = VECTOR ( 'NONE', #1516, 1000.000000000000000 ) ;
#4102 = EDGE_LOOP ( 'NONE', ( #2846, #1914, #1263, #6441, #7228, #734, #10214, #7161 ) ) ;
#4103 = DIRECTION ( 'NONE',  ( -1.000000000000000000, -8.163404592832032733E-17, 0.000000000000000000 ) ) ;
#4104 = DIRECTION ( 'NONE',  ( 0.000000000000000000, -0.000000000000000000, 1.000000000000000000 ) ) ;
#4105 = VERTEX_POINT ( 'NONE', #7974 ) ;
#4106 = EDGE_LOOP ( 'NONE', ( #3324, #7784, #2248, #1661 ) ) ;
#4107 = ORIENTED_EDGE ( 'NONE', *, *, #1123, .T. ) ;
#4108 = AXIS2_PLACEMENT_3D ( 'NONE', #10342, #6314, #4639 ) ;
#4109 = CARTESIAN_POINT ( 'NONE',  ( -101.3215248641183308, 13.13641401289931920, 1.500000000000000444 ) ) ;
#4110 = FACE_OUTER_BOUND ( 'NONE', #7849, .T. ) ;
#4111 = CARTESIAN_POINT ( 'NONE',  ( -98.38211713789927160, 20.23277201088161803, 1.500000000000000444 ) ) ;
#4112 = DIRECTION ( 'NONE',  ( 0.7071067811865479058, -0.7071067811865470176, 0.000000000000000000 ) ) ;
#4113 = ADVANCED_FACE ( 'NONE', ( #1242 ), #5337, .F. ) ;
#4114 = CARTESIAN_POINT ( 'NONE',  ( 39.25000000000000000, 13.15429687500000355, 4.000000000000000000 ) ) ;
#4115 = DIRECTION ( 'NONE',  ( 1.000000000000000000, 0.000000000000000000, 0.000000000000000000 ) ) ;
#4116 = FACE_OUTER_BOUND ( 'NONE', #6763, .T. ) ;
#4117 = ORIENTED_EDGE ( 'NONE', *, *, #3348, .F. ) ;
#4118 = VECTOR ( 'NONE', #8003, 1000.000000000000000 ) ;
#4119 = VERTEX_POINT ( 'NONE', #7810 ) ;
#4120 = ORIENTED_EDGE ( 'NONE', *, *, #1901, .F. ) ;
#4121 = EDGE_CURVE ( 'NONE', #6608, #10308, #5501, .T. ) ;
#4122 = VECTOR ( 'NONE', #2879, 1000.000000000000000 ) ;
#4123 = CARTESIAN_POINT ( 'NONE',  ( 31.93211713789942507, 20.78641401289932134, -2.999999999999999112 ) ) ;
#4124 = DIRECTION ( 'NONE',  ( 1.000000000000000000, -1.734723475976806902E-18, -0.000000000000000000 ) ) ;
#4125 = LINE ( 'NONE', #8160, #6362 ) ;
#4126 = FACE_OUTER_BOUND ( 'NONE', #4531, .T. ) ;
#4127 = CARTESIAN_POINT ( 'NONE',  ( 39.25000000000000000, 13.90429687500000178, 1.000000000000000000 ) ) ;
#4128 = EDGE_LOOP ( 'NONE', ( #3584, #7861, #1449, #9380 ) ) ;
#4129 = DIRECTION ( 'NONE',  ( -0.7071067811865479058, 0.7071067811865470176, 0.000000000000000000 ) ) ;
#4130 = ORIENTED_EDGE ( 'NONE', *, *, #4279, .T. ) ;
#4131 = VECTOR ( 'NONE', #7915, 1000.000000000000000 ) ;
#4132 = ORIENTED_EDGE ( 'NONE', *, *, #9834, .T. ) ;
#4133 = ORIENTED_EDGE ( 'NONE', *, *, #6587, .F. ) ;
#4134 = LINE ( 'NONE', #9545, #9824 ) ;
#4135 = DIRECTION ( 'NONE',  ( -0.7071067811865483499, 0.7071067811865466846, 0.000000000000000000 ) ) ;
#4136 = LINE ( 'NONE', #5694, #3922 ) ;
#4137 = DIRECTION ( 'NONE',  ( 4.956352788505179045E-16, 1.000000000000000000, 0.000000000000000000 ) ) ;
#4138 = DIRECTION ( 'NONE',  ( -0.000000000000000000, 0.000000000000000000, 1.000000000000000000 ) ) ;
#4139 = DIRECTION ( 'NONE',  ( 1.000000000000000000, 0.000000000000000000, -0.000000000000000000 ) ) ;
#4140 = VERTEX_POINT ( 'NONE', #5444 ) ;
#4141 = CARTESIAN_POINT ( 'NONE',  ( -31.76788286210058132, 15.48641401289931885, 1.500000000000000444 ) ) ;
#4142 = ORIENTED_EDGE ( 'NONE', *, *, #62, .T. ) ;
#4143 = ORIENTED_EDGE ( 'NONE', *, *, #3896, .T. ) ;
#4144 = EDGE_CURVE ( 'NONE', #6704, #9527, #2218, .T. ) ;
#4145 = EDGE_CURVE ( 'NONE', #8209, #4894, #486, .T. ) ;
#4146 = LINE ( 'NONE', #5056, #7359 ) ;
#4147 = DIRECTION ( 'NONE',  ( 0.000000000000000000, 1.000000000000000000, 0.000000000000000000 ) ) ;
#4148 = LINE ( 'NONE', #4899, #2048 ) ;
#4149 = AXIS2_PLACEMENT_3D ( 'NONE', #6751, #10027, #8316 ) ;
#4150 = DIRECTION ( 'NONE',  ( -0.000000000000000000, -1.000000000000000000, -0.000000000000000000 ) ) ;
#4151 = ORIENTED_EDGE ( 'NONE', *, *, #7798, .T. ) ;
#4152 = FACE_OUTER_BOUND ( 'NONE', #995, .T. ) ;
#4153 = DIRECTION ( 'NONE',  ( -0.000000000000000000, -0.000000000000000000, 1.000000000000000000 ) ) ;
#4154 = EDGE_LOOP ( 'NONE', ( #9488, #8240, #2076, #4770 ) ) ;
#4155 = EDGE_CURVE ( 'NONE', #1464, #10122, #10230, .T. ) ;
#4156 = ORIENTED_EDGE ( 'NONE', *, *, #1576, .T. ) ;
#4157 = ORIENTED_EDGE ( 'NONE', *, *, #9556, .F. ) ;
#4158 = AXIS2_PLACEMENT_3D ( 'NONE', #463, #5976, #2138 ) ;
#4159 = ADVANCED_FACE ( 'NONE', ( #2917 ), #9430, .F. ) ;
#4160 = DIRECTION ( 'NONE',  ( 0.000000000000000000, 0.000000000000000000, -1.000000000000000000 ) ) ;
#4161 = LINE ( 'NONE', #9060, #7082 ) ;
#4162 = EDGE_CURVE ( 'NONE', #7205, #4620, #8729, .T. ) ;
#4163 = FACE_OUTER_BOUND ( 'NONE', #5703, .T. ) ;
#4164 = DIRECTION ( 'NONE',  ( -1.000000000000000000, 0.000000000000000000, -0.000000000000000000 ) ) ;
#4165 = CARTESIAN_POINT ( 'NONE',  ( 39.25000000000000711, 15.45793887701764291, 2.499999999999999112 ) ) ;
#4166 = LINE ( 'NONE', #9768, #9386 ) ;
#4167 = VECTOR ( 'NONE', #10529, 1000.000000000000114 ) ;
#4168 = LINE ( 'NONE', #7501, #186 ) ;
#4169 = ORIENTED_EDGE ( 'NONE', *, *, #5853, .T. ) ;
#4170 = VERTEX_POINT ( 'NONE', #3776 ) ;
#4171 = ORIENTED_EDGE ( 'NONE', *, *, #8164, .T. ) ;
#4172 = ADVANCED_FACE ( 'NONE', ( #9591 ), #6148, .F. ) ;
#4173 = CARTESIAN_POINT ( 'NONE',  ( 14.23211713789943111, 20.78641401289932134, 1.500000000000000444 ) ) ;
#4174 = DIRECTION ( 'NONE',  ( 1.000000000000000000, 6.938893903907234689E-15, 0.000000000000000000 ) ) ;
#4175 = DIRECTION ( 'NONE',  ( -6.938893903907233900E-15, 1.000000000000000000, 0.000000000000000000 ) ) ;
#4176 = DIRECTION ( 'NONE',  ( -0.7071067811865489050, 0.7071067811865462405, 0.000000000000000000 ) ) ;
#4177 = CARTESIAN_POINT ( 'NONE',  ( -121.3821171378992574, 16.07582173911838197, 1.500000000000000444 ) ) ;
#4178 = ORIENTED_EDGE ( 'NONE', *, *, #10158, .F. ) ;
#4179 = DIRECTION ( 'NONE',  ( 0.000000000000000000, 0.000000000000000000, -1.000000000000000000 ) ) ;
#4180 = ORIENTED_EDGE ( 'NONE', *, *, #7259, .T. ) ;
#4181 = EDGE_CURVE ( 'NONE', #2801, #4520, #7111, .T. ) ;
#4182 = ORIENTED_EDGE ( 'NONE', *, *, #3653, .T. ) ;
#4183 = VERTEX_POINT ( 'NONE', #1293 ) ;
#4184 = CARTESIAN_POINT ( 'NONE',  ( -137.3499999999999659, 10.65429687500000355, 6.000000000000000000 ) ) ;
#4185 = CARTESIAN_POINT ( 'NONE',  ( -101.4178828621005692, 15.48641401289931885, 1.500000000000000444 ) ) ;
#4186 = EDGE_CURVE ( 'NONE', #10149, #1873, #7056, .T. ) ;
#4187 = LINE ( 'NONE', #6672, #473 ) ;
#4188 = CARTESIAN_POINT ( 'NONE',  ( -137.7499999999999716, 10.65429687500000355, 0.4000000000000114575 ) ) ;
#4189 = DIRECTION ( 'NONE',  ( 0.000000000000000000, -0.000000000000000000, -1.000000000000000000 ) ) ;
#4190 = CARTESIAN_POINT ( 'NONE',  ( -84.81788286210058914, 20.80448725967914925, 1.500000000000000444 ) ) ;
#4191 = CARTESIAN_POINT ( 'NONE',  ( -62.41788286210059056, 16.07582173911837842, 1.500000000000000444 ) ) ;
#4192 = VERTEX_POINT ( 'NONE', #10391 ) ;
#4193 = CARTESIAN_POINT ( 'NONE',  ( -101.4178828621005692, 15.48641401289931885, 0.5000000000000004441 ) ) ;
#4194 = ORIENTED_EDGE ( 'NONE', *, *, #8851, .T. ) ;
#4195 = ORIENTED_EDGE ( 'NONE', *, *, #9875, .T. ) ;
#4196 = LINE ( 'NONE', #4850, #3748 ) ;
#4197 = CARTESIAN_POINT ( 'NONE',  ( -78.32152486411831660, 13.13641401289931920, 2.499999999999998668 ) ) ;
#4198 = DIRECTION ( 'NONE',  ( 6.938893903907228378E-15, 1.000000000000000000, -0.000000000000000000 ) ) ;
#4199 = PLANE ( 'NONE',  #4755 ) ;
#4200 = ADVANCED_FACE ( 'NONE', ( #4577 ), #10341, .F. ) ;
#4201 = ORIENTED_EDGE ( 'NONE', *, *, #6939, .T. ) ;
#4202 = LINE ( 'NONE', #9754, #8535 ) ;
#4203 = CARTESIAN_POINT ( 'NONE',  ( -78.41788286210059766, 13.48641401289931885, 0.5000000000000004441 ) ) ;
#4204 = ORIENTED_EDGE ( 'NONE', *, *, #3702, .F. ) ;
#4205 = EDGE_LOOP ( 'NONE', ( #2300, #1404, #4047, #63, #2303, #8306, #2633, #9600 ) ) ;
#4206 = EDGE_CURVE ( 'NONE', #1755, #2066, #1389, .T. ) ;
#4207 = ORIENTED_EDGE ( 'NONE', *, *, #4027, .T. ) ;
#4208 = VECTOR ( 'NONE', #9311, 1000.000000000000000 ) ;
#4209 = FACE_OUTER_BOUND ( 'NONE', #6621, .T. ) ;
#4210 = ADVANCED_FACE ( 'NONE', ( #6313 ), #2271, .F. ) ;
#4211 = CARTESIAN_POINT ( 'NONE',  ( -85.41788286210059766, 16.07582173911837842, 1.500000000000000444 ) ) ;
#4212 = CARTESIAN_POINT ( 'NONE',  ( -61.79999999999985505, 20.85065487298235709, 1.500000000000000444 ) ) ;
#4213 = DIRECTION ( 'NONE',  ( 0.000000000000000000, -0.000000000000000000, -1.000000000000000000 ) ) ;
#4214 = ADVANCED_FACE ( 'NONE', ( #6949 ), #9047, .F. ) ;
#4215 = FACE_OUTER_BOUND ( 'NONE', #6104, .T. ) ;
#4216 = CARTESIAN_POINT ( 'NONE',  ( -9.303642002017657120, 23.15429687500000000, 6.000000000000000000 ) ) ;
#4217 = ORIENTED_EDGE ( 'NONE', *, *, #74, .F. ) ;
#4218 = EDGE_CURVE ( 'NONE', #618, #8167, #1511, .T. ) ;
#4219 = ORIENTED_EDGE ( 'NONE', *, *, #1335, .T. ) ;
#4220 = VECTOR ( 'NONE', #5405, 1000.000000000000000 ) ;
#4221 = VECTOR ( 'NONE', #182, 1000.000000000000000 ) ;
#4222 = EDGE_CURVE ( 'NONE', #6952, #10489, #9850, .T. ) ;
#4223 = ORIENTED_EDGE ( 'NONE', *, *, #6880, .T. ) ;
#4224 = VECTOR ( 'NONE', #513, 1000.000000000000000 ) ;
#4225 = VECTOR ( 'NONE', #7032, 1000.000000000000000 ) ;
#4226 = CARTESIAN_POINT ( 'NONE',  ( -52.38211713789925028, 16.07582173911838197, 2.499999999999999112 ) ) ;
#4227 = DIRECTION ( 'NONE',  ( -0.000000000000000000, -1.000000000000000000, -0.000000000000000000 ) ) ;
#4228 = DIRECTION ( 'NONE',  ( -0.000000000000000000, -0.000000000000000000, 1.000000000000000000 ) ) ;
#4229 = DIRECTION ( 'NONE',  ( 1.000000000000000000, 0.000000000000000000, 0.000000000000000000 ) ) ;
#4230 = FACE_OUTER_BOUND ( 'NONE', #2514, .T. ) ;
#4231 = ORIENTED_EDGE ( 'NONE', *, *, #1992, .T. ) ;
#4232 = EDGE_CURVE ( 'NONE', #10225, #9566, #4956, .T. ) ;
#4233 = ORIENTED_EDGE ( 'NONE', *, *, #6165, .F. ) ;
#4234 = VERTEX_POINT ( 'NONE', #1669 ) ;
#4235 = VECTOR ( 'NONE', #9337, 1000.000000000000000 ) ;
#4236 = ORIENTED_EDGE ( 'NONE', *, *, #6524, .F. ) ;
#4237 = DIRECTION ( 'NONE',  ( -0.000000000000000000, 0.000000000000000000, 1.000000000000000000 ) ) ;
#4238 = EDGE_CURVE ( 'NONE', #3842, #4413, #4851, .T. ) ;
#4239 = FACE_OUTER_BOUND ( 'NONE', #9434, .T. ) ;
#4240 = CARTESIAN_POINT ( 'NONE',  ( 39.25000000000000000, 13.15429687500000355, 4.000000000000000000 ) ) ;
#4241 = DIRECTION ( 'NONE',  ( 1.000000000000000000, -1.734723475976806902E-18, -0.000000000000000000 ) ) ;
#4242 = DIRECTION ( 'NONE',  ( -0.000000000000000000, 1.000000000000000000, -0.000000000000000000 ) ) ;
#4243 = DIRECTION ( 'NONE',  ( 1.000000000000000000, 0.000000000000000000, -0.000000000000000000 ) ) ;
#4244 = VECTOR ( 'NONE', #7926, 1000.000000000000000 ) ;
#4245 = EDGE_CURVE ( 'NONE', #5488, #6110, #8247, .T. ) ;
#4246 = LINE ( 'NONE', #7530, #8889 ) ;
#4247 = ORIENTED_EDGE ( 'NONE', *, *, #9556, .T. ) ;
#4248 = PLANE ( 'NONE',  #8038 ) ;
#4249 = ORIENTED_EDGE ( 'NONE', *, *, #2172, .T. ) ;
#4250 = VECTOR ( 'NONE', #7304, 1000.000000000000000 ) ;
#4251 = ORIENTED_EDGE ( 'NONE', *, *, #2783, .T. ) ;
#4252 = VECTOR ( 'NONE', #905, 1000.000000000000000 ) ;
#4253 = EDGE_CURVE ( 'NONE', #2750, #1791, #4097, .T. ) ;
#4254 = CARTESIAN_POINT ( 'NONE',  ( 36.58211713789942365, 15.48641401289931885, 1.500000000000000444 ) ) ;
#4255 = VECTOR ( 'NONE', #4364, 1000.000000000000000 ) ;
#4256 = PLANE ( 'NONE',  #6157 ) ;
#4257 = PLANE ( 'NONE',  #2908 ) ;
#4258 = LINE ( 'NONE', #8402, #419 ) ;
#4259 = VECTOR ( 'NONE', #9346, 1000.000000000000000 ) ;
#4260 = VERTEX_POINT ( 'NONE', #8890 ) ;
#4261 = CARTESIAN_POINT ( 'NONE',  ( 8.932117137899432180, 20.78641401289932134, 1.500000000000000444 ) ) ;
#4262 = DIRECTION ( 'NONE',  ( -0.000000000000000000, 1.000000000000000000, -0.000000000000000000 ) ) ;
#4263 = ORIENTED_EDGE ( 'NONE', *, *, #9001, .T. ) ;
#4264 = ORIENTED_EDGE ( 'NONE', *, *, #3820, .F. ) ;
#4265 = VECTOR ( 'NONE', #5268, 1000.000000000000000 ) ;
#4266 = ORIENTED_EDGE ( 'NONE', *, *, #8107, .F. ) ;
#4267 = CARTESIAN_POINT ( 'NONE',  ( -31.76788286210058132, 15.50448725967913610, 0.5000000000000004441 ) ) ;
#4268 = DIRECTION ( 'NONE',  ( -1.000000000000000000, -0.000000000000000000, -0.000000000000000000 ) ) ;
#4269 = VECTOR ( 'NONE', #1889, 1000.000000000000000 ) ;
#4270 = DIRECTION ( 'NONE',  ( 0.7071067811865483499, -0.7071067811865466846, -0.000000000000000000 ) ) ;
#4271 = FACE_OUTER_BOUND ( 'NONE', #3282, .T. ) ;
#4272 = PLANE ( 'NONE',  #2860 ) ;
#4273 = LINE ( 'NONE', #126, #2939 ) ;
#4274 = ORIENTED_EDGE ( 'NONE', *, *, #6393, .T. ) ;
#4275 = ORIENTED_EDGE ( 'NONE', *, *, #8172, .T. ) ;
#4276 = ADVANCED_FACE ( 'NONE', ( #8086 ), #859, .F. ) ;
#4277 = EDGE_LOOP ( 'NONE', ( #2582, #87, #6366, #6736 ) ) ;
#4278 = EDGE_CURVE ( 'NONE', #9636, #5875, #6626, .T. ) ;
#4279 = EDGE_CURVE ( 'NONE', #7559, #2066, #5656, .T. ) ;
#4280 = PLANE ( 'NONE',  #2154 ) ;
#4281 = LINE ( 'NONE', #4328, #3197 ) ;
#4282 = VECTOR ( 'NONE', #5489, 999.9999999999998863 ) ;
#4283 = EDGE_CURVE ( 'NONE', #10267, #8478, #4746, .T. ) ;
#4284 = LINE ( 'NONE', #3629, #6008 ) ;
#4285 = FACE_BOUND ( 'NONE', #9570, .T. ) ;
#4286 = FACE_OUTER_BOUND ( 'NONE', #5210, .T. ) ;
#4287 = ORIENTED_EDGE ( 'NONE', *, *, #1385, .T. ) ;
#4288 = ORIENTED_EDGE ( 'NONE', *, *, #9158, .F. ) ;
#4289 = ORIENTED_EDGE ( 'NONE', *, *, #2499, .F. ) ;
#4290 = ORIENTED_EDGE ( 'NONE', *, *, #8479, .F. ) ;
#4291 = VECTOR ( 'NONE', #9789, 1000.000000000000000 ) ;
#4292 = EDGE_CURVE ( 'NONE', #3362, #9173, #3942, .T. ) ;
#4293 = PLANE ( 'NONE',  #3739 ) ;
#4294 = CARTESIAN_POINT ( 'NONE',  ( -135.7499999999999716, 23.15429687500000355, 0.5999999999999999778 ) ) ;
#4295 = LINE ( 'NONE', #9189, #1539 ) ;
#4296 = CARTESIAN_POINT ( 'NONE',  ( -54.76788286210057777, 15.48641401289931885, 0.000000000000000000 ) ) ;
#4297 = LINE ( 'NONE', #951, #3519 ) ;
#4298 = VECTOR ( 'NONE', #6385, 1000.000000000000000 ) ;
#4299 = FACE_OUTER_BOUND ( 'NONE', #1194, .T. ) ;
#4300 = ORIENTED_EDGE ( 'NONE', *, *, #354, .F. ) ;
#4301 = LINE ( 'NONE', #7532, #4771 ) ;
#4302 = ORIENTED_EDGE ( 'NONE', *, *, #7568, .T. ) ;
#4303 = EDGE_LOOP ( 'NONE', ( #3189, #4077, #1466, #4510 ) ) ;
#4304 = EDGE_CURVE ( 'NONE', #1371, #1360, #9750, .T. ) ;
#4305 = LINE ( 'NONE', #10057, #7704 ) ;
#4306 = LINE ( 'NONE', #1933, #6676 ) ;
#4307 = DIRECTION ( 'NONE',  ( 1.734723475976806902E-18, 1.000000000000000000, 0.000000000000000000 ) ) ;
#4308 = CARTESIAN_POINT ( 'NONE',  ( 7.200000000000150280, 20.85065487298235709, 4.000000000000000000 ) ) ;
#4309 = ORIENTED_EDGE ( 'NONE', *, *, #4181, .T. ) ;
#4310 = DIRECTION ( 'NONE',  ( 1.000000000000000000, -0.000000000000000000, 0.000000000000000000 ) ) ;
#4311 = DIRECTION ( 'NONE',  ( -6.938893903907233900E-15, 1.000000000000000000, 0.000000000000000000 ) ) ;
#4312 = VERTEX_POINT ( 'NONE', #7222 ) ;
#4313 = ORIENTED_EDGE ( 'NONE', *, *, #2847, .F. ) ;
#4314 = EDGE_CURVE ( 'NONE', #5848, #971, #10506, .T. ) ;
#4315 = VECTOR ( 'NONE', #3669, 1000.000000000000000 ) ;
#4316 = DIRECTION ( 'NONE',  ( 0.7071067811865474617, 0.7071067811865474617, 0.000000000000000000 ) ) ;
#4317 = PLANE ( 'NONE',  #4418 ) ;
#4318 = DIRECTION ( 'NONE',  ( -0.000000000000000000, -0.000000000000000000, 1.000000000000000000 ) ) ;
#4319 = DIRECTION ( 'NONE',  ( -0.7071067811865462405, -0.7071067811865489050, 0.000000000000000000 ) ) ;
#4320 = DIRECTION ( 'NONE',  ( -1.000000000000000000, 0.000000000000000000, -0.000000000000000000 ) ) ;
#4321 = LINE ( 'NONE', #2555, #1565 ) ;
#4322 = ORIENTED_EDGE ( 'NONE', *, *, #5348, .T. ) ;
#4323 = ORIENTED_EDGE ( 'NONE', *, *, #2183, .T. ) ;
#4324 = VECTOR ( 'NONE', #8705, 1000.000000000000000 ) ;
#4325 = ORIENTED_EDGE ( 'NONE', *, *, #56, .F. ) ;
#4326 = VECTOR ( 'NONE', #10203, 1000.000000000000000 ) ;
#4327 = LINE ( 'NONE', #3470, #3478 ) ;
#4328 = CARTESIAN_POINT ( 'NONE',  ( 37.23211713789942223, 15.50448725967913610, 1.500000000000000444 ) ) ;
#4329 = VECTOR ( 'NONE', #8796, 1000.000000000000000 ) ;
#4330 = LINE ( 'NONE', #10193, #3439 ) ;
#4331 = FACE_OUTER_BOUND ( 'NONE', #627, .T. ) ;
#4332 = CARTESIAN_POINT ( 'NONE',  ( -128.4784751358815527, 23.17217973710065948, 1.500000000000000444 ) ) ;
#4333 = ORIENTED_EDGE ( 'NONE', *, *, #7568, .F. ) ;
#4334 = EDGE_CURVE ( 'NONE', #9263, #6156, #3236, .T. ) ;
#4335 = ORIENTED_EDGE ( 'NONE', *, *, #919, .F. ) ;
#4336 = EDGE_LOOP ( 'NONE', ( #2213, #9011, #7268, #460 ) ) ;
#4337 = EDGE_LOOP ( 'NONE', ( #2897, #3551, #9520, #452 ) ) ;
#4338 = CARTESIAN_POINT ( 'NONE',  ( -32.41788286210058345, 20.78641401289932134, 1.500000000000000444 ) ) ;
#4339 = DIRECTION ( 'NONE',  ( -0.5773502691896257311, -0.5773502691896257311, -0.5773502691896257311 ) ) ;
#4340 = ADVANCED_FACE ( 'NONE', ( #1614 ), #5756, .F. ) ;
#4341 = DIRECTION ( 'NONE',  ( -0.000000000000000000, 0.000000000000000000, 1.000000000000000000 ) ) ;
#4342 = DIRECTION ( 'NONE',  ( -0.000000000000000000, -1.000000000000000000, -0.000000000000000000 ) ) ;
#4343 = LINE ( 'NONE', #7681, #7836 ) ;
#4344 = CARTESIAN_POINT ( 'NONE',  ( 45.85000000000000142, 24.65429687500000711, 6.000000000000000000 ) ) ;
#4345 = CARTESIAN_POINT ( 'NONE',  ( -55.32152486411830239, 23.17217973710065948, 1.500000000000000444 ) ) ;
#4346 = ORIENTED_EDGE ( 'NONE', *, *, #6084, .F. ) ;
#4347 = FACE_OUTER_BOUND ( 'NONE', #3610, .T. ) ;
#4348 = ORIENTED_EDGE ( 'NONE', *, *, #6693, .T. ) ;
#4349 = EDGE_CURVE ( 'NONE', #6636, #2063, #4039, .T. ) ;
#4350 = ORIENTED_EDGE ( 'NONE', *, *, #3953, .T. ) ;
#4351 = EDGE_CURVE ( 'NONE', #4076, #3940, #4897, .T. ) ;
#4352 = CARTESIAN_POINT ( 'NONE',  ( -36.41788286210059766, 13.48641401289931885, 0.5000000000000004441 ) ) ;
#4353 = LINE ( 'NONE', #10116, #9071 ) ;
#4354 = CARTESIAN_POINT ( 'NONE',  ( -30.01788286210058132, 15.50448725967913610, 0.5000000000000004441 ) ) ;
#4355 = CARTESIAN_POINT ( 'NONE',  ( 38.98211713789942223, 15.50448725967913610, 0.5000000000000004441 ) ) ;
#4356 = LINE ( 'NONE', #264, #7733 ) ;
#4357 = EDGE_LOOP ( 'NONE', ( #2621, #6073, #7206, #9586 ) ) ;
#4358 = CARTESIAN_POINT ( 'NONE',  ( 39.25000000000000000, 23.15429687500000000, 4.000000000000000000 ) ) ;
#4359 = DIRECTION ( 'NONE',  ( 0.000000000000000000, 1.000000000000000000, 0.000000000000000000 ) ) ;
#4360 = ORIENTED_EDGE ( 'NONE', *, *, #7640, .F. ) ;
#4361 = ADVANCED_FACE ( 'NONE', ( #3285 ), #6574, .T. ) ;
#4362 = ORIENTED_EDGE ( 'NONE', *, *, #9504, .T. ) ;
#4363 = FACE_OUTER_BOUND ( 'NONE', #4357, .T. ) ;
#4364 = DIRECTION ( 'NONE',  ( 0.000000000000000000, 0.000000000000000000, -1.000000000000000000 ) ) ;
#4365 = LINE ( 'NONE', #6899, #3651 ) ;
#4366 = EDGE_CURVE ( 'NONE', #7439, #4658, #2686, .T. ) ;
#4367 = PLANE ( 'NONE',  #10062 ) ;
#4368 = VERTEX_POINT ( 'NONE', #5057 ) ;
#4369 = CARTESIAN_POINT ( 'NONE',  ( -9.321524864118330811, 13.13641401289931920, 1.500000000000000444 ) ) ;
#4370 = LINE ( 'NONE', #8469, #4490 ) ;
#4371 = ORIENTED_EDGE ( 'NONE', *, *, #3260, .F. ) ;
#4372 = EDGE_CURVE ( 'NONE', #8209, #1601, #6024, .T. ) ;
#4373 = ORIENTED_EDGE ( 'NONE', *, *, #7759, .T. ) ;
#4374 = EDGE_LOOP ( 'NONE', ( #2500, #7401, #6943, #5028 ) ) ;
#4375 = EDGE_CURVE ( 'NONE', #5728, #2114, #2636, .T. ) ;
#4376 = DIRECTION ( 'NONE',  ( 6.938893903907228378E-15, 1.000000000000000000, -0.000000000000000000 ) ) ;
#4377 = CARTESIAN_POINT ( 'NONE',  ( 9.521524864118447340, 23.17217973710065948, 6.000000000000000000 ) ) ;
#4378 = AXIS2_PLACEMENT_3D ( 'NONE', #9201, #6735, #1175 ) ;
#4379 = LINE ( 'NONE', #2770, #5154 ) ;
#4380 = CARTESIAN_POINT ( 'NONE',  ( -37.06788286210058203, 20.78641401289932134, -2.999999999999999112 ) ) ;
#4381 = CARTESIAN_POINT ( 'NONE',  ( 13.58211713789943254, 20.78641401289932134, 0.5000000000000004441 ) ) ;
#4382 = ORIENTED_EDGE ( 'NONE', *, *, #4238, .F. ) ;
#4383 = VECTOR ( 'NONE', #6435, 1000.000000000000000 ) ;
#4384 = ORIENTED_EDGE ( 'NONE', *, *, #6359, .T. ) ;
#4385 = ORIENTED_EDGE ( 'NONE', *, *, #5628, .F. ) ;
#4386 = VERTEX_POINT ( 'NONE', #1725 ) ;
#4387 = VECTOR ( 'NONE', #2458, 1000.000000000000000 ) ;
#4388 = AXIS2_PLACEMENT_3D ( 'NONE', #5390, #9533, #8670 ) ;
#4389 = EDGE_CURVE ( 'NONE', #1090, #4965, #1774, .T. ) ;
#4390 = LINE ( 'NONE', #2780, #5964 ) ;
#4391 = FACE_OUTER_BOUND ( 'NONE', #9503, .T. ) ;
#4392 = CARTESIAN_POINT ( 'NONE',  ( -13.41788286210060477, 13.48641401289931885, 1.500000000000000444 ) ) ;
#4393 = CARTESIAN_POINT ( 'NONE',  ( -139.1642135623730780, 24.65429687500000711, 6.000000000000000000 ) ) ;
#4394 = FACE_OUTER_BOUND ( 'NONE', #5092, .T. ) ;
#4395 = CARTESIAN_POINT ( 'NONE',  ( -106.0678828621005891, 20.78641401289932134, 1.500000000000000444 ) ) ;
#4396 = DIRECTION ( 'NONE',  ( -0.000000000000000000, -1.000000000000000000, -0.000000000000000000 ) ) ;
#4397 = AXIS2_PLACEMENT_3D ( 'NONE', #8698, #6876, #10154 ) ;
#4398 = ORIENTED_EDGE ( 'NONE', *, *, #7367, .T. ) ;
#4399 = ORIENTED_EDGE ( 'NONE', *, *, #5420, .F. ) ;
#4400 = VECTOR ( 'NONE', #1147, 1000.000000000000000 ) ;
#4401 = VERTEX_POINT ( 'NONE', #9155 ) ;
#4402 = EDGE_CURVE ( 'NONE', #8211, #8406, #4306, .T. ) ;
#4403 = EDGE_CURVE ( 'NONE', #9683, #3428, #3570, .T. ) ;
#4404 = ADVANCED_FACE ( 'NONE', ( #5111 ), #5162, .F. ) ;
#4405 = VECTOR ( 'NONE', #1827, 1000.000000000000000 ) ;
#4406 = DIRECTION ( 'NONE',  ( -0.000000000000000000, -0.000000000000000000, 1.000000000000000000 ) ) ;
#4407 = CARTESIAN_POINT ( 'NONE',  ( -59.41788286210059056, 20.78641401289932134, 0.5000000000000004441 ) ) ;
#4408 = CARTESIAN_POINT ( 'NONE',  ( -14.06788286210058914, 15.48641401289931885, 0.000000000000000000 ) ) ;
#4409 = DIRECTION ( 'NONE',  ( -0.000000000000000000, -0.000000000000000000, 1.000000000000000000 ) ) ;
#4410 = AXIS2_PLACEMENT_3D ( 'NONE', #355, #3646, #10209 ) ;
#4411 = EDGE_CURVE ( 'NONE', #7572, #5441, #5867, .T. ) ;
#4412 = DIRECTION ( 'NONE',  ( 0.000000000000000000, 1.000000000000000000, 0.000000000000000000 ) ) ;
#4413 = VERTEX_POINT ( 'NONE', #5008 ) ;
#4414 = CARTESIAN_POINT ( 'NONE',  ( 46.25000000000000000, 11.81998229994924543, 5.599999999999988987 ) ) ;
#4415 = ORIENTED_EDGE ( 'NONE', *, *, #7908, .T. ) ;
#4416 = ORIENTED_EDGE ( 'NONE', *, *, #2014, .F. ) ;
#4417 = PRODUCT_DEFINITION_FORMATION_WITH_SPECIFIED_SOURCE ( 'ANY', '', #6162, .NOT_KNOWN. ) ;
#4418 = AXIS2_PLACEMENT_3D ( 'NONE', #2862, #540, #8620 ) ;
#4419 = CARTESIAN_POINT ( 'NONE',  ( -128.4178828621005835, 22.78641401289931778, 0.5000000000000004441 ) ) ;
#4420 = EDGE_CURVE ( 'NONE', #600, #9869, #6887, .T. ) ;
#4421 = LINE ( 'NONE', #5881, #8041 ) ;
#4422 = PLANE ( 'NONE',  #3825 ) ;
#4423 = FACE_OUTER_BOUND ( 'NONE', #756, .T. ) ;
#4424 = ORIENTED_EDGE ( 'NONE', *, *, #11, .F. ) ;
#4425 = DIRECTION ( 'NONE',  ( 0.000000000000000000, -1.000000000000000000, 0.000000000000000000 ) ) ;
#4426 = CARTESIAN_POINT ( 'NONE',  ( -135.2499999999999716, 13.15429687500000355, 0.3499999999999999223 ) ) ;
#4427 = ORIENTED_EDGE ( 'NONE', *, *, #7781, .T. ) ;
#4428 = VECTOR ( 'NONE', #7326, 1000.000000000000000 ) ;
#4429 = ORIENTED_EDGE ( 'NONE', *, *, #7706, .T. ) ;
#4430 = ORIENTED_EDGE ( 'NONE', *, *, #4484, .T. ) ;
#4431 = VECTOR ( 'NONE', #3120, 1000.000000000000000 ) ;
#4432 = VECTOR ( 'NONE', #8342, 1000.000000000000000 ) ;
#4433 = EDGE_CURVE ( 'NONE', #2597, #1844, #962, .T. ) ;
#4434 = LINE ( 'NONE', #9384, #5701 ) ;
#4435 = VECTOR ( 'NONE', #6771, 1000.000000000000000 ) ;
#4436 = FACE_OUTER_BOUND ( 'NONE', #4483, .T. ) ;
#4437 = DIRECTION ( 'NONE',  ( 0.7071067811865474617, 0.7071067811865474617, 0.000000000000000000 ) ) ;
#4438 = DIRECTION ( 'NONE',  ( 1.000000000000000000, 0.000000000000000000, 0.000000000000000000 ) ) ;
#4439 = PLANE ( 'NONE',  #3716 ) ;
#4440 = DIRECTION ( 'NONE',  ( -0.000000000000000000, -0.000000000000000000, 1.000000000000000000 ) ) ;
#4441 = VERTEX_POINT ( 'NONE', #10167 ) ;
#4442 = VERTEX_POINT ( 'NONE', #6685 ) ;
#4443 = ORIENTED_EDGE ( 'NONE', *, *, #4, .T. ) ;
#4444 = EDGE_CURVE ( 'NONE', #9835, #5779, #4353, .T. ) ;
#4445 = ORIENTED_EDGE ( 'NONE', *, *, #10119, .T. ) ;
#4446 = VECTOR ( 'NONE', #6195, 1000.000000000000000 ) ;
#4447 = CARTESIAN_POINT ( 'NONE',  ( -130.7500000000000000, 13.15429687499998934, 4.000000000000000000 ) ) ;
#4448 = CARTESIAN_POINT ( 'NONE',  ( -130.7500000000000000, 13.90429687500000355, 1.000000000000000000 ) ) ;
#4449 = PLANE ( 'NONE',  #1814 ) ;
#4450 = CARTESIAN_POINT ( 'NONE',  ( -130.8178828621005891, 15.48641401289931885, 1.000000000000000000 ) ) ;
#4451 = DIRECTION ( 'NONE',  ( 0.000000000000000000, -1.000000000000000000, 0.000000000000000000 ) ) ;
#4452 = CARTESIAN_POINT ( 'NONE',  ( -62.41788286210059056, 16.07582173911837842, 2.499999999999999112 ) ) ;
#4453 = DIRECTION ( 'NONE',  ( 1.000000000000000000, -1.734723475976806902E-18, -0.000000000000000000 ) ) ;
#4454 = ORIENTED_EDGE ( 'NONE', *, *, #6409, .F. ) ;
#4455 = DIRECTION ( 'NONE',  ( 0.000000000000000000, 0.000000000000000000, 1.000000000000000000 ) ) ;
#4456 = ORIENTED_EDGE ( 'NONE', *, *, #1665, .F. ) ;
#4457 = VECTOR ( 'NONE', #9244, 1000.000000000000000 ) ;
#4458 = ORIENTED_EDGE ( 'NONE', *, *, #1712, .T. ) ;
#4459 = VERTEX_POINT ( 'NONE', #910 ) ;
#4460 = FACE_OUTER_BOUND ( 'NONE', #6072, .T. ) ;
#4461 = CARTESIAN_POINT ( 'NONE',  ( -101.4178828621005692, 20.78641401289932134, 0.5000000000000004441 ) ) ;
#4462 = VECTOR ( 'NONE', #3149, 999.9999999999998863 ) ;
#4463 = LINE ( 'NONE', #3548, #10120 ) ;
#4464 = CARTESIAN_POINT ( 'NONE',  ( -128.4784751358815242, 13.13641401289931920, 6.000000000000000000 ) ) ;
#4465 = LINE ( 'NONE', #7752, #9799 ) ;
#4466 = ORIENTED_EDGE ( 'NONE', *, *, #8044, .F. ) ;
#4467 = CARTESIAN_POINT ( 'NONE',  ( -9.321524864118316600, 23.17217973710065948, 1.500000000000000444 ) ) ;
#4468 = ORIENTED_EDGE ( 'NONE', *, *, #3035, .T. ) ;
#4469 = ADVANCED_FACE ( 'NONE', ( #9307 ), #4256, .F. ) ;
#4470 = ORIENTED_EDGE ( 'NONE', *, *, #7427, .T. ) ;
#4471 = EDGE_CURVE ( 'NONE', #6309, #2511, #7637, .T. ) ;
#4472 = LINE ( 'NONE', #7758, #1336 ) ;
#4473 = CARTESIAN_POINT ( 'NONE',  ( 39.25000000000000000, 13.15429687500000355, 4.000000000000000000 ) ) ;
#4474 = CARTESIAN_POINT ( 'NONE',  ( -32.41788286210058345, 15.48641401289931885, 0.5000000000000004441 ) ) ;
#4475 = LINE ( 'NONE', #5928, #9370 ) ;
#4476 = EDGE_CURVE ( 'NONE', #8989, #2279, #2796, .T. ) ;
#4477 = ORIENTED_EDGE ( 'NONE', *, *, #7059, .F. ) ;
#4478 = CARTESIAN_POINT ( 'NONE',  ( 29.58211713789940589, 20.23277201088161448, 2.500000000000000000 ) ) ;
#4479 = CARTESIAN_POINT ( 'NONE',  ( -62.41788286210059056, 16.07582173911837842, 1.500000000000000444 ) ) ;
#4480 = VERTEX_POINT ( 'NONE', #1113 ) ;
#4481 = VERTEX_POINT ( 'NONE', #6076 ) ;
#4482 = EDGE_CURVE ( 'NONE', #1274, #575, #8497, .T. ) ;
#4483 = EDGE_LOOP ( 'NONE', ( #4723, #8767, #3070, #9220 ) ) ;
#4484 = EDGE_CURVE ( 'NONE', #2952, #6704, #258, .T. ) ;
#4485 = DIRECTION ( 'NONE',  ( 0.000000000000000000, -1.000000000000000000, 0.000000000000000000 ) ) ;
#4486 = CARTESIAN_POINT ( 'NONE',  ( -29.38211713789926094, 20.23277201088161803, 6.000000000000000000 ) ) ;
#4487 = CARTESIAN_POINT ( 'NONE',  ( -128.4784751358815242, 13.13641401289931920, 1.500000000000000444 ) ) ;
#4488 = LINE ( 'NONE', #391, #7220 ) ;
#4489 = CARTESIAN_POINT ( 'NONE',  ( -78.41788286210059766, 22.78641401289931778, 0.5000000000000004441 ) ) ;
#4490 = VECTOR ( 'NONE', #4582, 1000.000000000000000 ) ;
#4491 = DIRECTION ( 'NONE',  ( 0.000000000000000000, 1.000000000000000000, 0.000000000000000000 ) ) ;
#4492 = ORIENTED_EDGE ( 'NONE', *, *, #7012, .T. ) ;
#4493 = ORIENTED_EDGE ( 'NONE', *, *, #6624, .T. ) ;
#4494 = ADVANCED_FACE ( 'NONE', ( #7043 ), #6243, .F. ) ;
#4495 = VERTEX_POINT ( 'NONE', #8657 ) ;
#4496 = ORIENTED_EDGE ( 'NONE', *, *, #2734, .T. ) ;
#4497 = AXIS2_PLACEMENT_3D ( 'NONE', #4670, #3755, #2947 ) ;
#4498 = CARTESIAN_POINT ( 'NONE',  ( 39.25000000000000000, 13.15429687500000355, 4.000000000000000000 ) ) ;
#4499 = PLANE ( 'NONE',  #9490 ) ;
#4500 = LINE ( 'NONE', #7787, #6111 ) ;
#4501 = LINE ( 'NONE', #5365, #502 ) ;
#4502 = CARTESIAN_POINT ( 'NONE',  ( -83.06788286210057493, 15.48641401289931885, 0.000000000000000000 ) ) ;
#4503 = CARTESIAN_POINT ( 'NONE',  ( 14.23211713789943111, 20.78641401289932134, -2.999999999999999112 ) ) ;
#4504 = EDGE_CURVE ( 'NONE', #4808, #8066, #2849, .T. ) ;
#4505 = VERTEX_POINT ( 'NONE', #9416 ) ;
#4506 = DIRECTION ( 'NONE',  ( -0.000000000000000000, 0.000000000000000000, 1.000000000000000000 ) ) ;
#4507 = ORIENTED_EDGE ( 'NONE', *, *, #6639, .F. ) ;
#4509 = ORIENTED_EDGE ( 'NONE', *, *, #8769, .T. ) ;
#4508 = AXIS2_PLACEMENT_3D ( 'NONE', #4969, #8260, #7337 ) ;
#4510 = ORIENTED_EDGE ( 'NONE', *, *, #3690, .T. ) ;
#4511 = EDGE_LOOP ( 'NONE', ( #1521, #2263, #8183, #8326 ) ) ;
#4512 = CARTESIAN_POINT ( 'NONE',  ( -9.321524864118330811, 13.13641401289931920, 6.000000000000000000 ) ) ;
#4513 = CARTESIAN_POINT ( 'NONE',  ( -15.79999999999986926, 20.85065487298235709, 4.000000000000000000 ) ) ;
#4514 = ORIENTED_EDGE ( 'NONE', *, *, #6623, .F. ) ;
#4515 = PLANE ( 'NONE',  #3246 ) ;
#4516 = DIRECTION ( 'NONE',  ( 1.000000000000000000, 0.000000000000000000, 0.000000000000000000 ) ) ;
#4517 = CARTESIAN_POINT ( 'NONE',  ( -137.7499999999999716, 15.45793887701764291, 3.999999999999999112 ) ) ;
#4518 = EDGE_LOOP ( 'NONE', ( #6982, #1080, #9901, #4779, #3701, #9617, #1910, #1235 ) ) ;
#4519 = PLANE ( 'NONE',  #1141 ) ;
#4520 = VERTEX_POINT ( 'NONE', #7098 ) ;
#4521 = ORIENTED_EDGE ( 'NONE', *, *, #10463, .T. ) ;
#4522 = CARTESIAN_POINT ( 'NONE',  ( 39.25000000000000000, 13.15429687500000355, 6.000000000000000000 ) ) ;
#4523 = ADVANCED_FACE ( 'NONE', ( #579 ), #1394, .F. ) ;
#4524 = CARTESIAN_POINT ( 'NONE',  ( -124.4178828621005835, 15.48641401289931885, 0.5000000000000004441 ) ) ;
#4525 = CARTESIAN_POINT ( 'NONE',  ( 0.000000000000000000, 0.000000000000000000, 4.000000000000000000 ) ) ;
#4526 = CARTESIAN_POINT ( 'NONE',  ( -123.7678828621005778, 15.50448725967913610, 1.500000000000000444 ) ) ;
#4527 = EDGE_CURVE ( 'NONE', #7385, #7955, #2044, .T. ) ;
#4528 = VERTEX_POINT ( 'NONE', #5323 ) ;
#4529 = CARTESIAN_POINT ( 'NONE',  ( 39.25000000000000000, 23.15429687500000000, 4.000000000000000000 ) ) ;
#4530 = LINE ( 'NONE', #2761, #3631 ) ;
#4531 = EDGE_LOOP ( 'NONE', ( #586, #5663, #8037, #8155 ) ) ;
#4532 = ORIENTED_EDGE ( 'NONE', *, *, #8482, .F. ) ;
#4533 = ORIENTED_EDGE ( 'NONE', *, *, #5926, .T. ) ;
#4534 = EDGE_CURVE ( 'NONE', #6598, #3003, #4562, .T. ) ;
#4535 = LINE ( 'NONE', #499, #1915 ) ;
#4536 = LINE ( 'NONE', #9496, #9044 ) ;
#4537 = CARTESIAN_POINT ( 'NONE',  ( -29.38211713789926094, 20.23277201088161803, 4.000000000000000000 ) ) ;
#4538 = LINE ( 'NONE', #7021, #9904 ) ;
#4539 = LINE ( 'NONE', #7885, #7660 ) ;
#4540 = ORIENTED_EDGE ( 'NONE', *, *, #9111, .F. ) ;
#4541 = EDGE_CURVE ( 'NONE', #6753, #9364, #3818, .T. ) ;
#4542 = ORIENTED_EDGE ( 'NONE', *, *, #7168, .T. ) ;
#4543 = ORIENTED_EDGE ( 'NONE', *, *, #2470, .F. ) ;
#4544 = ORIENTED_EDGE ( 'NONE', *, *, #454, .F. ) ;
#4545 = VECTOR ( 'NONE', #7264, 1000.000000000000000 ) ;
#4546 = DIRECTION ( 'NONE',  ( 0.000000000000000000, -0.000000000000000000, 1.000000000000000000 ) ) ;
#4547 = LINE ( 'NONE', #9402, #4224 ) ;
#4548 = EDGE_CURVE ( 'NONE', #8340, #1519, #413, .T. ) ;
#4549 = PLANE ( 'NONE',  #6864 ) ;
#4550 = CARTESIAN_POINT ( 'NONE',  ( 7.182117137899429515, 20.80448725967914925, 0.5000000000000004441 ) ) ;
#4551 = LINE ( 'NONE', #5418, #2503 ) ;
#4552 = VERTEX_POINT ( 'NONE', #6192 ) ;
#4553 = FACE_OUTER_BOUND ( 'NONE', #6392, .T. ) ;
#4554 = CARTESIAN_POINT ( 'NONE',  ( -36.41788286210059766, 15.48641401289931885, 0.5000000000000004441 ) ) ;
#4555 = ORIENTED_EDGE ( 'NONE', *, *, #8137, .T. ) ;
#4556 = VERTEX_POINT ( 'NONE', #3006 ) ;
#4557 = ORIENTED_EDGE ( 'NONE', *, *, #9136, .F. ) ;
#4558 = AXIS2_PLACEMENT_3D ( 'NONE', #4177, #5140, #9935 ) ;
#4559 = AXIS2_PLACEMENT_3D ( 'NONE', #7924, #430, #2919 ) ;
#4560 = VERTEX_POINT ( 'NONE', #2956 ) ;
#4561 = CARTESIAN_POINT ( 'NONE',  ( -106.0678828621005891, 15.48641401289931885, 1.500000000000000444 ) ) ;
#4562 = LINE ( 'NONE', #8607, #3744 ) ;
#4563 = VERTEX_POINT ( 'NONE', #6938 ) ;
#4564 = ADVANCED_FACE ( 'NONE', ( #8713 ), #10379, .F. ) ;
#4565 = VECTOR ( 'NONE', #4067, 1000.000000000000000 ) ;
#4566 = DIRECTION ( 'NONE',  ( -1.000000000000000000, 0.000000000000000000, -0.000000000000000000 ) ) ;
#4567 = CARTESIAN_POINT ( 'NONE',  ( -130.7500000000000000, 22.40429687500000355, 1.000000000000000000 ) ) ;
#4568 = VECTOR ( 'NONE', #8063, 1000.000000000000000 ) ;
#4569 = LINE ( 'NONE', #3824, #3391 ) ;
#4570 = ORIENTED_EDGE ( 'NONE', *, *, #6791, .T. ) ;
#4571 = CARTESIAN_POINT ( 'NONE',  ( 39.25000000000000000, 13.15429687500000355, 6.000000000000000000 ) ) ;
#4572 = EDGE_LOOP ( 'NONE', ( #8928, #6153, #7712, #7063, #5144, #955, #2358, #9526, #3028, #1281 ) ) ;
#4573 = VERTEX_POINT ( 'NONE', #474 ) ;
#4574 = EDGE_CURVE ( 'NONE', #7094, #3890, #1228, .T. ) ;
#4575 = VECTOR ( 'NONE', #1628, 1000.000000000000000 ) ;
#4576 = CARTESIAN_POINT ( 'NONE',  ( -36.41788286210059766, 13.48641401289931885, 1.500000000000000444 ) ) ;
#4577 = FACE_OUTER_BOUND ( 'NONE', #5552, .T. ) ;
#4578 = DIRECTION ( 'NONE',  ( 0.000000000000000000, -0.000000000000000000, 1.000000000000000000 ) ) ;
#4579 = CARTESIAN_POINT ( 'NONE',  ( 39.25000000000000000, 23.15429687500000000, 6.000000000000000000 ) ) ;
#4580 = DIRECTION ( 'NONE',  ( -0.000000000000000000, -0.000000000000000000, 1.000000000000000000 ) ) ;
#4581 = CARTESIAN_POINT ( 'NONE',  ( 31.93211713789942507, 15.48641401289931885, 1.500000000000000444 ) ) ;
#4582 = DIRECTION ( 'NONE',  ( 0.000000000000000000, 1.000000000000000000, 0.000000000000000000 ) ) ;
#4583 = ORIENTED_EDGE ( 'NONE', *, *, #8320, .T. ) ;
#4584 = VECTOR ( 'NONE', #6209, 1000.000000000000000 ) ;
#4585 = VERTEX_POINT ( 'NONE', #6299 ) ;
#4586 = VECTOR ( 'NONE', #2283, 999.9999999999998863 ) ;
#4587 = VERTEX_POINT ( 'NONE', #7854 ) ;
#4588 = VECTOR ( 'NONE', #2416, 999.9999999999998863 ) ;
#4589 = AXIS2_PLACEMENT_3D ( 'NONE', #1166, #4455, #1872 ) ;
#4590 = DIRECTION ( 'NONE',  ( -0.000000000000000000, 0.000000000000000000, 1.000000000000000000 ) ) ;
#4591 = CARTESIAN_POINT ( 'NONE',  ( -106.0678828621005891, 15.48641401289931885, -2.999999999999999112 ) ) ;
#4592 = DIRECTION ( 'NONE',  ( -1.000000000000000000, -0.000000000000000000, -0.000000000000000000 ) ) ;
#4593 = CARTESIAN_POINT ( 'NONE',  ( 39.25000000000000000, 23.15429687500000000, 4.000000000000000000 ) ) ;
#4594 = VECTOR ( 'NONE', #1014, 1000.000000000000000 ) ;
#4595 = CARTESIAN_POINT ( 'NONE',  ( -39.41788286210059766, 16.07582173911837842, 2.499999999999999112 ) ) ;
#4596 = CARTESIAN_POINT ( 'NONE',  ( -55.41788286210057635, 20.78641401289932134, 1.500000000000000444 ) ) ;
#4597 = DIRECTION ( 'NONE',  ( -0.000000000000000000, -0.000000000000000000, 1.000000000000000000 ) ) ;
#4598 = ORIENTED_EDGE ( 'NONE', *, *, #870, .T. ) ;
#4599 = VECTOR ( 'NONE', #3005, 1000.000000000000000 ) ;
#4600 = VERTEX_POINT ( 'NONE', #4513 ) ;
#4601 = EDGE_CURVE ( 'NONE', #5743, #4930, #3763, .T. ) ;
#4602 = EDGE_CURVE ( 'NONE', #5158, #1887, #7748, .T. ) ;
#4603 = ORIENTED_EDGE ( 'NONE', *, *, #1960, .T. ) ;
#4604 = VECTOR ( 'NONE', #9753, 1000.000000000000000 ) ;
#4605 = EDGE_LOOP ( 'NONE', ( #759, #3963, #3498, #2914 ) ) ;
#4606 = VECTOR ( 'NONE', #6819, 1000.000000000000000 ) ;
#4607 = EDGE_CURVE ( 'NONE', #7025, #1090, #5487, .T. ) ;
#4608 = LINE ( 'NONE', #8918, #6743 ) ;
#4609 = CARTESIAN_POINT ( 'NONE',  ( 6.582117137899412995, 16.07582173911837842, 1.500000000000000444 ) ) ;
#4610 = LINE ( 'NONE', #514, #7214 ) ;
#4611 = CARTESIAN_POINT ( 'NONE',  ( 46.00000000000000000, 20.78641401289932134, 0.000000000000000000 ) ) ;
#4612 = PLANE ( 'NONE',  #10410 ) ;
#4613 = VERTEX_POINT ( 'NONE', #7151 ) ;
#4614 = PRODUCT_DEFINITION_SHAPE ( 'NONE', 'NONE',  #1574 ) ;
#4615 = DIRECTION ( 'NONE',  ( 1.000000000000000000, 0.000000000000000000, 0.000000000000000000 ) ) ;
#4616 = CARTESIAN_POINT ( 'NONE',  ( -105.4784751358815384, 13.13641401289931920, 1.500000000000000444 ) ) ;
#4617 = VERTEX_POINT ( 'NONE', #2903 ) ;
#4618 = ORIENTED_EDGE ( 'NONE', *, *, #3131, .F. ) ;
#4619 = VERTEX_POINT ( 'NONE', #4677 ) ;
#4620 = VERTEX_POINT ( 'NONE', #7962 ) ;
#4621 = EDGE_CURVE ( 'NONE', #4505, #1672, #3069, .T. ) ;
#4622 = AXIS2_PLACEMENT_3D ( 'NONE', #1726, #9105, #9961 ) ;
#4623 = ADVANCED_FACE ( 'NONE', ( #8556 ), #362, .F. ) ;
#4624 = CARTESIAN_POINT ( 'NONE',  ( -100.7678828621005920, 15.50448725967913610, 0.5000000000000004441 ) ) ;
#4625 = DIRECTION ( 'NONE',  ( -0.000000000000000000, -0.000000000000000000, 1.000000000000000000 ) ) ;
#4626 = VERTEX_POINT ( 'NONE', #637 ) ;
#4627 = LINE ( 'NONE', #7100, #6175 ) ;
#4628 = PLANE ( 'NONE',  #253 ) ;
#4629 = VECTOR ( 'NONE', #3915, 1000.000000000000000 ) ;
#4630 = DIRECTION ( 'NONE',  ( 0.000000000000000000, 0.000000000000000000, -1.000000000000000000 ) ) ;
#4631 = VERTEX_POINT ( 'NONE', #2258 ) ;
#4632 = DIRECTION ( 'NONE',  ( 0.000000000000000000, 0.000000000000000000, -1.000000000000000000 ) ) ;
#4633 = ORIENTED_EDGE ( 'NONE', *, *, #3715, .T. ) ;
#4634 = ORIENTED_EDGE ( 'NONE', *, *, #1072, .F. ) ;
#4635 = EDGE_CURVE ( 'NONE', #8445, #2935, #2417, .T. ) ;
#4636 = AXIS2_PLACEMENT_3D ( 'NONE', #1310, #10358, #2071 ) ;
#4637 = DIRECTION ( 'NONE',  ( 0.000000000000000000, 1.000000000000000000, 1.608394988049504315E-16 ) ) ;
#4638 = DIRECTION ( 'NONE',  ( -1.000000000000000000, -0.000000000000000000, -0.000000000000000000 ) ) ;
#4639 = DIRECTION ( 'NONE',  ( -0.000000000000000000, 0.000000000000000000, 1.000000000000000000 ) ) ;
#4640 = CARTESIAN_POINT ( 'NONE',  ( -85.41788286210059766, 16.07582173911837842, 1.500000000000000444 ) ) ;
#4641 = DIRECTION ( 'NONE',  ( 0.000000000000000000, -0.000000000000000000, -1.000000000000000000 ) ) ;
#4642 = CARTESIAN_POINT ( 'NONE',  ( -8.767882862100590202, 20.78641401289932134, 0.000000000000000000 ) ) ;
#4643 = DIRECTION ( 'NONE',  ( 0.000000000000000000, 0.000000000000000000, -1.000000000000000000 ) ) ;
#4644 = EDGE_LOOP ( 'NONE', ( #5810, #10429, #9990 ) ) ;
#4645 = ADVANCED_FACE ( 'NONE', ( #8875 ), #3121, .F. ) ;
#4646 = VECTOR ( 'NONE', #6415, 1000.000000000000114 ) ;
#4647 = ORIENTED_EDGE ( 'NONE', *, *, #922, .T. ) ;
#4648 = ORIENTED_EDGE ( 'NONE', *, *, #3990, .F. ) ;
#4649 = CARTESIAN_POINT ( 'NONE',  ( -30.00000000000000000, 15.45793887701764291, 4.000000000000000000 ) ) ;
#4650 = LINE ( 'NONE', #3898, #1927 ) ;
#4651 = DIRECTION ( 'NONE',  ( 1.000000000000000000, -1.734723475976806902E-18, -0.000000000000000000 ) ) ;
#4652 = DIRECTION ( 'NONE',  ( -1.000000000000000000, 0.000000000000000000, 0.000000000000000000 ) ) ;
#4653 = CARTESIAN_POINT ( 'NONE',  ( -7.000000000000026645, 20.85065487298236420, 2.500000000000000000 ) ) ;
#4654 = LINE ( 'NONE', #3101, #5778 ) ;
#4655 = DIRECTION ( 'NONE',  ( -0.000000000000000000, -0.000000000000000000, 1.000000000000000000 ) ) ;
#4656 = ORIENTED_EDGE ( 'NONE', *, *, #511, .T. ) ;
#4657 = APPROVAL_STATUS ( 'not_yet_approved' ) ;
#4658 = VERTEX_POINT ( 'NONE', #5645 ) ;
#4659 = ORIENTED_EDGE ( 'NONE', *, *, #8781, .T. ) ;
#4660 = VECTOR ( 'NONE', #3511, 1000.000000000000000 ) ;
#4661 = EDGE_CURVE ( 'NONE', #1390, #2025, #4136, .T. ) ;
#4662 = LINE ( 'NONE', #7084, #4002 ) ;
#4663 = DIRECTION ( 'NONE',  ( 0.7071067811865479058, -0.7071067811865470176, 0.000000000000000000 ) ) ;
#4664 = DIRECTION ( 'NONE',  ( 1.000000000000000000, 0.000000000000000000, 0.000000000000000000 ) ) ;
#4665 = DIRECTION ( 'NONE',  ( 1.000000000000000000, -1.734723475976806902E-18, -0.000000000000000000 ) ) ;
#4666 = LINE ( 'NONE', #571, #3528 ) ;
#4667 = ORIENTED_EDGE ( 'NONE', *, *, #8379, .T. ) ;
#4668 = CARTESIAN_POINT ( 'NONE',  ( 8.932117137899432180, 20.78641401289932134, -2.999999999999999112 ) ) ;
#4669 = ADVANCED_FACE ( 'NONE', ( #8824 ), #9687, .F. ) ;
#4670 = CARTESIAN_POINT ( 'NONE',  ( -14.06788286210058914, 15.48641401289931885, -2.999999999999999112 ) ) ;
#4671 = ORIENTED_EDGE ( 'NONE', *, *, #1520, .T. ) ;
#4672 = ORIENTED_EDGE ( 'NONE', *, *, #10188, .F. ) ;
#4673 = VECTOR ( 'NONE', #5874, 1000.000000000000000 ) ;
#4674 = ORIENTED_EDGE ( 'NONE', *, *, #3107, .T. ) ;
#4675 = EDGE_CURVE ( 'NONE', #467, #5274, #1553, .T. ) ;
#4676 = DIRECTION ( 'NONE',  ( 1.000000000000000000, 0.000000000000000000, 0.000000000000000000 ) ) ;
#4677 = CARTESIAN_POINT ( 'NONE',  ( -123.7678828621005778, 20.78641401289932134, 0.000000000000000000 ) ) ;
#4678 = ORIENTED_EDGE ( 'NONE', *, *, #1506, .T. ) ;
#4679 = CARTESIAN_POINT ( 'NONE',  ( -7.017882862100588426, 20.78641401289932134, 0.5000000000000004441 ) ) ;
#4680 = AXIS2_PLACEMENT_3D ( 'NONE', #5721, #6484, #1736 ) ;
#4681 = CARTESIAN_POINT ( 'NONE',  ( -84.81788286210058914, 15.48641401289931885, 1.500000000000000444 ) ) ;
#4682 = EDGE_CURVE ( 'NONE', #4573, #10590, #4729, .T. ) ;
#4683 = CARTESIAN_POINT ( 'NONE',  ( -105.4178828621005977, 13.48641401289931885, 0.5000000000000004441 ) ) ;
#4684 = VECTOR ( 'NONE', #7710, 1000.000000000000000 ) ;
#4685 = VERTEX_POINT ( 'NONE', #9840 ) ;
#4686 = DIRECTION ( 'NONE',  ( -1.000000000000000000, 0.000000000000000000, 0.000000000000000000 ) ) ;
#4687 = ORIENTED_EDGE ( 'NONE', *, *, #7379, .F. ) ;
#4688 = ADVANCED_FACE ( 'NONE', ( #1444 ), #4887, .F. ) ;
#4689 = ORIENTED_EDGE ( 'NONE', *, *, #2734, .F. ) ;
#4690 = LINE ( 'NONE', #6421, #1684 ) ;
#4691 = DIRECTION ( 'NONE',  ( 6.938893903907228378E-15, 1.000000000000000000, -0.000000000000000000 ) ) ;
#4692 = FACE_OUTER_BOUND ( 'NONE', #4572, .T. ) ;
#4693 = CARTESIAN_POINT ( 'NONE',  ( -137.7499999999999716, 20.85065487298235709, 2.500000000000000000 ) ) ;
#4694 = EDGE_CURVE ( 'NONE', #5872, #3492, #2309, .T. ) ;
#4695 = PLANE ( 'NONE',  #4786 ) ;
#4696 = CARTESIAN_POINT ( 'NONE',  ( -60.06788286210057493, 20.78641401289932134, -2.999999999999999112 ) ) ;
#4697 = DIRECTION ( 'NONE',  ( 0.000000000000000000, -0.000000000000000000, 1.000000000000000000 ) ) ;
#4698 = ORIENTED_EDGE ( 'NONE', *, *, #6089, .T. ) ;
#4699 = ORIENTED_EDGE ( 'NONE', *, *, #8691, .T. ) ;
#4700 = VERTEX_POINT ( 'NONE', #8982 ) ;
#4701 = EDGE_CURVE ( 'NONE', #9069, #3362, #792, .T. ) ;
#4702 = CARTESIAN_POINT ( 'NONE',  ( -13.47847513588157398, 23.17217973710065948, 1.500000000000000444 ) ) ;
#4703 = DIRECTION ( 'NONE',  ( -0.000000000000000000, -1.000000000000000000, -0.000000000000000000 ) ) ;
#4704 = CARTESIAN_POINT ( 'NONE',  ( 114.9999999999999858, 0.000000000000000000, 1.500000000000000444 ) ) ;
#4705 = LINE ( 'NONE', #10408, #6789 ) ;
#4706 = PLANE ( 'NONE',  #7132 ) ;
#4707 = EDGE_CURVE ( 'NONE', #3661, #3966, #3274, .T. ) ;
#4708 = DIRECTION ( 'NONE',  ( 0.000000000000000000, 1.000000000000000000, 0.000000000000000000 ) ) ;
#4709 = DIRECTION ( 'NONE',  ( 1.000000000000000000, 0.000000000000000000, -0.000000000000000000 ) ) ;
#4710 = LINE ( 'NONE', #2447, #7066 ) ;
#4711 = ORIENTED_EDGE ( 'NONE', *, *, #3235, .F. ) ;
#4712 = EDGE_CURVE ( 'NONE', #10351, #1859, #44, .T. ) ;
#4713 = EDGE_LOOP ( 'NONE', ( #3257, #4313, #1974, #6296 ) ) ;
#4714 = ORIENTED_EDGE ( 'NONE', *, *, #5504, .T. ) ;
#4715 = EDGE_CURVE ( 'NONE', #6031, #8979, #4029, .T. ) ;
#4716 = CARTESIAN_POINT ( 'NONE',  ( 0.000000000000000000, 0.000000000000000000, 4.000000000000000000 ) ) ;
#4717 = DIRECTION ( 'NONE',  ( 0.000000000000000000, 0.000000000000000000, 1.000000000000000000 ) ) ;
#4718 = DIRECTION ( 'NONE',  ( -6.938893903907233900E-15, 1.000000000000000000, 0.000000000000000000 ) ) ;
#4719 = LINE ( 'NONE', #2192, #787 ) ;
#4720 = LINE ( 'NONE', #8815, #944 ) ;
#4721 = ORIENTED_EDGE ( 'NONE', *, *, #6578, .T. ) ;
#4722 = CARTESIAN_POINT ( 'NONE',  ( 32.50364200201778431, 23.15429687500000000, 6.000000000000000000 ) ) ;
#4723 = ORIENTED_EDGE ( 'NONE', *, *, #320, .T. ) ;
#4724 = ORIENTED_EDGE ( 'NONE', *, *, #1032, .F. ) ;
#4725 = ORIENTED_EDGE ( 'NONE', *, *, #4534, .T. ) ;
#4726 = EDGE_CURVE ( 'NONE', #6193, #9250, #2467, .T. ) ;
#4727 = AXIS2_PLACEMENT_3D ( 'NONE', #5870, #5165, #8452 ) ;
#4728 = DIRECTION ( 'NONE',  ( -0.000000000000000000, -0.000000000000000000, 1.000000000000000000 ) ) ;
#4729 = LINE ( 'NONE', #10494, #6499 ) ;
#4730 = ORIENTED_EDGE ( 'NONE', *, *, #7958, .T. ) ;
#4731 = CYLINDRICAL_SURFACE ( 'NONE', #1534, 0.2500000000000000000 ) ;
#4732 = CARTESIAN_POINT ( 'NONE',  ( -107.8178828621005891, 15.48641401289931885, 0.5000000000000004441 ) ) ;
#4733 = DIRECTION ( 'NONE',  ( -0.000000000000000000, -1.000000000000000000, -0.000000000000000000 ) ) ;
#4734 = VECTOR ( 'NONE', #7301, 1000.000000000000000 ) ;
#4735 = ORIENTED_EDGE ( 'NONE', *, *, #5171, .F. ) ;
#4736 = DIRECTION ( 'NONE',  ( -8.163404592832032733E-17, 1.000000000000000000, 0.000000000000000000 ) ) ;
#4737 = VERTEX_POINT ( 'NONE', #10594 ) ;
#4738 = VECTOR ( 'NONE', #1423, 1000.000000000000000 ) ;
#4739 = EDGE_CURVE ( 'NONE', #6263, #5441, #689, .T. ) ;
#4740 = ORIENTED_EDGE ( 'NONE', *, *, #2102, .T. ) ;
#4741 = EDGE_CURVE ( 'NONE', #3297, #10283, #3168, .T. ) ;
#4742 = EDGE_CURVE ( 'NONE', #10018, #7152, #1656, .T. ) ;
#4743 = AXIS2_PLACEMENT_3D ( 'NONE', #2121, #5402, #6863 ) ;
#4744 = VECTOR ( 'NONE', #3778, 1000.000000000000000 ) ;
#4745 = CARTESIAN_POINT ( 'NONE',  ( -137.7499999999999716, 20.85065487298235709, 2.500000000000000000 ) ) ;
#4746 = LINE ( 'NONE', #8942, #3062 ) ;
#4747 = ADVANCED_FACE ( 'NONE', ( #9635 ), #5541, .F. ) ;
#4748 = CARTESIAN_POINT ( 'NONE',  ( -14.06788286210058914, 20.80448725967914925, 0.5000000000000004441 ) ) ;
#4749 = LINE ( 'NONE', #5446, #6638 ) ;
#4750 = DIRECTION ( 'NONE',  ( -1.000000000000000000, 0.000000000000000000, 0.000000000000000000 ) ) ;
#4751 = CARTESIAN_POINT ( 'NONE',  ( -54.76788286210057777, 20.78641401289932134, 1.500000000000000444 ) ) ;
#4752 = LINE ( 'NONE', #1412, #5692 ) ;
#4753 = ORIENTED_EDGE ( 'NONE', *, *, #8623, .F. ) ;
#4754 = ORIENTED_EDGE ( 'NONE', *, *, #7570, .F. ) ;
#4755 = AXIS2_PLACEMENT_3D ( 'NONE', #2233, #808, #4099 ) ;
#4756 = VECTOR ( 'NONE', #2457, 1000.000000000000000 ) ;
#4757 = ORIENTED_EDGE ( 'NONE', *, *, #619, .T. ) ;
#4758 = ADVANCED_FACE ( 'NONE', ( #6011 ), #10043, .F. ) ;
#4759 = CARTESIAN_POINT ( 'NONE',  ( -137.7499999999999716, 22.40429687500000711, 1.000000000000000000 ) ) ;
#4760 = DIRECTION ( 'NONE',  ( 1.000000000000000000, 0.000000000000000000, 0.000000000000000000 ) ) ;
#4761 = DIRECTION ( 'NONE',  ( 1.000000000000000000, 0.000000000000000000, -0.000000000000000000 ) ) ;
#4762 = AXIS2_PLACEMENT_3D ( 'NONE', #8253, #3341, #9910 ) ;
#4763 = CARTESIAN_POINT ( 'NONE',  ( -137.7499999999999716, 20.85065487298235709, 4.000000000000000000 ) ) ;
#4764 = FACE_OUTER_BOUND ( 'NONE', #3705, .T. ) ;
#4765 = CARTESIAN_POINT ( 'NONE',  ( -77.76788286210057777, 15.50448725967913610, 1.500000000000000444 ) ) ;
#4766 = CARTESIAN_POINT ( 'NONE',  ( -124.3036420020176251, 13.15429687499999467, 6.000000000000000000 ) ) ;
#4767 = ORIENTED_EDGE ( 'NONE', *, *, #2308, .T. ) ;
#4768 = VECTOR ( 'NONE', #6517, 1000.000000000000000 ) ;
#4769 = APPROVAL_ROLE ( '' ) ;
#4770 = ORIENTED_EDGE ( 'NONE', *, *, #6475, .T. ) ;
#4771 = VECTOR ( 'NONE', #9354, 1000.000000000000000 ) ;
#4772 = ADVANCED_FACE ( 'NONE', ( #7575 ), #1099, .F. ) ;
#4773 = VECTOR ( 'NONE', #4129, 1000.000000000000114 ) ;
#4774 = DIRECTION ( 'NONE',  ( -1.000000000000000000, 0.000000000000000000, 0.000000000000000000 ) ) ;
#4775 = CARTESIAN_POINT ( 'NONE',  ( -53.01788286210057066, 20.78641401289932134, 0.5000000000000004441 ) ) ;
#4776 = DIRECTION ( 'NONE',  ( -0.000000000000000000, 0.000000000000000000, 1.000000000000000000 ) ) ;
#4777 = CARTESIAN_POINT ( 'NONE',  ( 69.00000000000000000, 0.000000000000000000, 0.5000000000000004441 ) ) ;
#4778 = CARTESIAN_POINT ( 'NONE',  ( 32.58211713789940944, 15.48641401289931885, 1.500000000000000444 ) ) ;
#4779 = ORIENTED_EDGE ( 'NONE', *, *, #2381, .F. ) ;
#4780 = CARTESIAN_POINT ( 'NONE',  ( -99.01788286210059198, 15.50448725967913610, 0.5000000000000004441 ) ) ;
#4781 = VERTEX_POINT ( 'NONE', #9090 ) ;
#4782 = EDGE_CURVE ( 'NONE', #9291, #7580, #1809, .T. ) ;
#4783 = VECTOR ( 'NONE', #10217, 1000.000000000000114 ) ;
#4784 = ORIENTED_EDGE ( 'NONE', *, *, #3508, .F. ) ;
#4785 = ORIENTED_EDGE ( 'NONE', *, *, #5871, .F. ) ;
#4786 = AXIS2_PLACEMENT_3D ( 'NONE', #7978, #654, #10345 ) ;
#4787 = CARTESIAN_POINT ( 'NONE',  ( 45.85000000000000142, 10.65429687500000355, 0.4000000000000114575 ) ) ;
#4788 = DIRECTION ( 'NONE',  ( 0.7071067811865474617, 0.7071067811865474617, 0.000000000000000000 ) ) ;
#4789 = VECTOR ( 'NONE', #953, 1000.000000000000000 ) ;
#4790 = CARTESIAN_POINT ( 'NONE',  ( -85.41788286210059766, 16.07582173911837842, 1.500000000000000444 ) ) ;
#4791 = CARTESIAN_POINT ( 'NONE',  ( -13.41788286210060477, 20.78641401289932134, 0.5000000000000004441 ) ) ;
#4792 = CARTESIAN_POINT ( 'NONE',  ( 14.23211713789943111, 0.000000000000000000, 0.000000000000000000 ) ) ;
#4793 = VERTEX_POINT ( 'NONE', #1002 ) ;
#4794 = CARTESIAN_POINT ( 'NONE',  ( -16.41788286210060832, 20.23277201088161448, 1.500000000000000444 ) ) ;
#4795 = ORIENTED_EDGE ( 'NONE', *, *, #3491, .F. ) ;
#4796 = ORIENTED_EDGE ( 'NONE', *, *, #6919, .F. ) ;
#4797 = LINE ( 'NONE', #5600, #9773 ) ;
#4798 = CARTESIAN_POINT ( 'NONE',  ( -37.06788286210058203, 20.80448725967914925, 0.5000000000000004441 ) ) ;
#4799 = VECTOR ( 'NONE', #9907, 1000.000000000000000 ) ;
#4800 = DIRECTION ( 'NONE',  ( 0.000000000000000000, 1.000000000000000000, 0.000000000000000000 ) ) ;
#4801 = DIRECTION ( 'NONE',  ( 0.000000000000000000, 0.000000000000000000, 1.000000000000000000 ) ) ;
#4802 = EDGE_CURVE ( 'NONE', #1547, #2475, #1713, .T. ) ;
#4803 = DIRECTION ( 'NONE',  ( 0.000000000000000000, 0.000000000000000000, 1.000000000000000000 ) ) ;
#4804 = CARTESIAN_POINT ( 'NONE',  ( 36.67847513588168340, 13.13641401289931920, 1.500000000000000444 ) ) ;
#4805 = DIRECTION ( 'NONE',  ( 1.000000000000000000, -0.000000000000000000, 0.000000000000000000 ) ) ;
#4806 = ORIENTED_EDGE ( 'NONE', *, *, #3497, .F. ) ;
#4807 = ORIENTED_EDGE ( 'NONE', *, *, #3130, .T. ) ;
#4808 = VERTEX_POINT ( 'NONE', #4392 ) ;
#4809 = VECTOR ( 'NONE', #9778, 1000.000000000000000 ) ;
#4810 = ORIENTED_EDGE ( 'NONE', *, *, #72, .T. ) ;
#4811 = CARTESIAN_POINT ( 'NONE',  ( -137.7499999999999716, 25.25429687499999076, 6.000000000000000000 ) ) ;
#4812 = EDGE_CURVE ( 'NONE', #4480, #2801, #4187, .T. ) ;
#4813 = CARTESIAN_POINT ( 'NONE',  ( -29.38211713789926094, 16.07582173911838197, 1.500000000000000444 ) ) ;
#4814 = CARTESIAN_POINT ( 'NONE',  ( -13.49635799798222457, 13.15429687499999822, 1.500000000000000444 ) ) ;
#4815 = DIRECTION ( 'NONE',  ( -0.7071067811865483499, 0.7071067811865466846, 0.000000000000000000 ) ) ;
#4816 = VECTOR ( 'NONE', #1956, 1000.000000000000000 ) ;
#4817 = DIRECTION ( 'NONE',  ( 0.7071067811865483499, -0.7071067811865466846, -0.000000000000000000 ) ) ;
#4818 = CARTESIAN_POINT ( 'NONE',  ( -55.41788286210057635, 15.48641401289931885, 1.500000000000000444 ) ) ;
#4819 = CARTESIAN_POINT ( 'NONE',  ( -32.41788286210059766, 22.78641401289931778, 1.500000000000000444 ) ) ;
#4820 = ORIENTED_EDGE ( 'NONE', *, *, #3491, .T. ) ;
#4821 = EDGE_CURVE ( 'NONE', #9260, #6571, #5856, .T. ) ;
#4822 = DATE_AND_TIME ( #2841, #2195 ) ;
#4823 = ORIENTED_EDGE ( 'NONE', *, *, #3067, .T. ) ;
#4824 = ADVANCED_FACE ( 'NONE', ( #4994 ), #3435, .T. ) ;
#4825 = ORIENTED_EDGE ( 'NONE', *, *, #9875, .F. ) ;
#4826 = DIRECTION ( 'NONE',  ( -0.000000000000000000, -0.000000000000000000, 1.000000000000000000 ) ) ;
#4827 = FACE_OUTER_BOUND ( 'NONE', #8383, .T. ) ;
#4828 = CARTESIAN_POINT ( 'NONE',  ( -37.06788286210058203, 20.78641401289932134, -2.999999999999999112 ) ) ;
#4829 = DIRECTION ( 'NONE',  ( -0.000000000000000000, -0.000000000000000000, 1.000000000000000000 ) ) ;
#4830 = DIRECTION ( 'NONE',  ( -0.000000000000000000, -1.000000000000000000, -0.000000000000000000 ) ) ;
#4831 = VERTEX_POINT ( 'NONE', #196 ) ;
#4832 = EDGE_CURVE ( 'NONE', #4700, #9683, #5149, .T. ) ;
#4833 = DIRECTION ( 'NONE',  ( -0.000000000000000000, 0.000000000000000000, 1.000000000000000000 ) ) ;
#4834 = ORIENTED_EDGE ( 'NONE', *, *, #3022, .F. ) ;
#4835 = ORIENTED_EDGE ( 'NONE', *, *, #1695, .T. ) ;
#4836 = ORIENTED_EDGE ( 'NONE', *, *, #823, .F. ) ;
#4837 = AXIS2_PLACEMENT_3D ( 'NONE', #7554, #828, #9219 ) ;
#4838 = EDGE_CURVE ( 'NONE', #6893, #4976, #2730, .T. ) ;
#4839 = LINE ( 'NONE', #2520, #4937 ) ;
#4840 = DIRECTION ( 'NONE',  ( -0.7071067811865483499, 0.7071067811865466846, 0.000000000000000000 ) ) ;
#4841 = DIRECTION ( 'NONE',  ( 0.000000000000000000, 0.000000000000000000, -1.000000000000000000 ) ) ;
#4842 = DIRECTION ( 'NONE',  ( 0.000000000000000000, -0.000000000000000000, -1.000000000000000000 ) ) ;
#4843 = PLANE ( 'NONE',  #7705 ) ;
#4844 = VERTEX_POINT ( 'NONE', #93 ) ;
#4845 = CARTESIAN_POINT ( 'NONE',  ( -9.417882862100587005, 20.78641401289932134, 0.5000000000000004441 ) ) ;
#4847 = ORIENTED_EDGE ( 'NONE', *, *, #6257, .F. ) ;
#4846 = VECTOR ( 'NONE', #7227, 1000.000000000000000 ) ;
#4848 = ORIENTED_EDGE ( 'NONE', *, *, #3583, .T. ) ;
#4849 = AXIS2_PLACEMENT_3D ( 'NONE', #664, #1254, #3036 ) ;
#4850 = CARTESIAN_POINT ( 'NONE',  ( 46.25000000000000000, 13.90429687500000355, 1.000000000000000000 ) ) ;
#4851 = LINE ( 'NONE', #5602, #1509 ) ;
#4852 = DIRECTION ( 'NONE',  ( -1.000000000000000000, 0.000000000000000000, -0.000000000000000000 ) ) ;
#4853 = ORIENTED_EDGE ( 'NONE', *, *, #7691, .T. ) ;
#4854 = CARTESIAN_POINT ( 'NONE',  ( -36.41788286210059766, 20.78641401289932134, 0.5000000000000004441 ) ) ;
#4855 = DIRECTION ( 'NONE',  ( -0.000000000000000000, -0.000000000000000000, 1.000000000000000000 ) ) ;
#4856 = ORIENTED_EDGE ( 'NONE', *, *, #7820, .T. ) ;
#4857 = VERTEX_POINT ( 'NONE', #3483 ) ;
#4858 = AXIS2_PLACEMENT_3D ( 'NONE', #5892, #8271, #8217 ) ;
#4859 = ORIENTED_EDGE ( 'NONE', *, *, #6936, .T. ) ;
#4860 = EDGE_CURVE ( 'NONE', #10489, #6546, #8486, .T. ) ;
#4861 = PLANE ( 'NONE',  #641 ) ;
#4862 = DIRECTION ( 'NONE',  ( -1.000000000000000000, 1.734723475976806902E-18, 0.000000000000000000 ) ) ;
#4863 = EDGE_CURVE ( 'NONE', #5665, #10587, #5046, .T. ) ;
#4864 = CARTESIAN_POINT ( 'NONE',  ( -107.7999999999998693, 15.45793887701764291, 3.999999999999999112 ) ) ;
#4865 = CARTESIAN_POINT ( 'NONE',  ( 45.85000000000000142, 25.65429687500000355, 0.4000000000000114575 ) ) ;
#4866 = LINE ( 'NONE', #3960, #332 ) ;
#4867 = FACE_OUTER_BOUND ( 'NONE', #9772, .T. ) ;
#4868 = DIRECTION ( 'NONE',  ( 0.000000000000000000, -1.000000000000000000, -1.608394988049504315E-16 ) ) ;
#4869 = VERTEX_POINT ( 'NONE', #948 ) ;
#4870 = EDGE_LOOP ( 'NONE', ( #5235, #2830, #1732, #7505 ) ) ;
#4871 = ADVANCED_FACE ( 'NONE', ( #7524 ), #7624, .F. ) ;
#4872 = ORIENTED_EDGE ( 'NONE', *, *, #7308, .T. ) ;
#4873 = ADVANCED_FACE ( 'NONE', ( #243 ), #1919, .F. ) ;
#4874 = DIRECTION ( 'NONE',  ( -0.000000000000000000, 1.000000000000000000, -0.000000000000000000 ) ) ;
#4875 = LINE ( 'NONE', #2296, #2677 ) ;
#4876 = EDGE_CURVE ( 'NONE', #2088, #2597, #9997, .T. ) ;
#4877 = CARTESIAN_POINT ( 'NONE',  ( 31.93211713789942507, 15.48641401289931885, 0.5000000000000004441 ) ) ;
#4878 = CARTESIAN_POINT ( 'NONE',  ( 9.582117137899414772, 15.48641401289931885, 1.500000000000000444 ) ) ;
#4879 = DIRECTION ( 'NONE',  ( 0.000000000000000000, 0.000000000000000000, -1.000000000000000000 ) ) ;
#4880 = VERTEX_POINT ( 'NONE', #5205 ) ;
#4881 = LINE ( 'NONE', #2410, #4250 ) ;
#4882 = VERTEX_POINT ( 'NONE', #2521 ) ;
#4883 = ORIENTED_EDGE ( 'NONE', *, *, #1244, .F. ) ;
#4884 = ORIENTED_EDGE ( 'NONE', *, *, #895, .F. ) ;
#4885 = ADVANCED_FACE ( 'NONE', ( #1158 ), #7737, .T. ) ;
#4886 = LINE ( 'NONE', #3326, #2022 ) ;
#4887 = PLANE ( 'NONE',  #3404 ) ;
#4888 = CARTESIAN_POINT ( 'NONE',  ( -13.47847513588157398, 23.17217973710065948, 1.500000000000000444 ) ) ;
#4889 = CARTESIAN_POINT ( 'NONE',  ( 9.582117137899414772, 13.48641401289931885, 0.5000000000000004441 ) ) ;
#4890 = FACE_OUTER_BOUND ( 'NONE', #7928, .T. ) ;
#4891 = ORIENTED_EDGE ( 'NONE', *, *, #6861, .T. ) ;
#4892 = CARTESIAN_POINT ( 'NONE',  ( -78.30364200201763936, 13.15429687499999467, 4.000000000000000000 ) ) ;
#4893 = ORIENTED_EDGE ( 'NONE', *, *, #7443, .F. ) ;
#4894 = VERTEX_POINT ( 'NONE', #5415 ) ;
#4895 = EDGE_CURVE ( 'NONE', #5729, #6319, #1215, .T. ) ;
#4896 = DIRECTION ( 'NONE',  ( -1.000000000000000000, -8.163404592832032733E-17, 0.000000000000000000 ) ) ;
#4897 = LINE ( 'NONE', #806, #2886 ) ;
#4898 = VECTOR ( 'NONE', #7750, 1000.000000000000000 ) ;
#4899 = CARTESIAN_POINT ( 'NONE',  ( -106.0678828621005891, 20.78641401289932134, -2.999999999999999112 ) ) ;
#4900 = DIRECTION ( 'NONE',  ( 0.7071067811865462405, 0.7071067811865489050, 0.000000000000000000 ) ) ;
#4901 = VECTOR ( 'NONE', #4319, 999.9999999999998863 ) ;
#4902 = VERTEX_POINT ( 'NONE', #7030 ) ;
#4903 = CARTESIAN_POINT ( 'NONE',  ( 9.503642002017798518, 13.15429687499999822, 4.000000000000000000 ) ) ;
#4904 = FACE_OUTER_BOUND ( 'NONE', #1440, .T. ) ;
#4905 = ORIENTED_EDGE ( 'NONE', *, *, #9567, .T. ) ;
#4906 = ORIENTED_EDGE ( 'NONE', *, *, #7145, .T. ) ;
#4907 = EDGE_CURVE ( 'NONE', #1755, #4700, #4547, .T. ) ;
#4908 = ORIENTED_EDGE ( 'NONE', *, *, #1170, .F. ) ;
#4909 = VECTOR ( 'NONE', #516, 1000.000000000000114 ) ;
#4910 = VECTOR ( 'NONE', #7577, 1000.000000000000114 ) ;
#4911 = DIRECTION ( 'NONE',  ( -1.734723475976806902E-18, -1.000000000000000000, 0.000000000000000000 ) ) ;
#4912 = LINE ( 'NONE', #10565, #10004 ) ;
#4913 = DIRECTION ( 'NONE',  ( 0.000000000000000000, 0.000000000000000000, -1.000000000000000000 ) ) ;
#4914 = CARTESIAN_POINT ( 'NONE',  ( -36.41788286210059766, 15.48641401289931885, 0.5000000000000004441 ) ) ;
#4915 = VECTOR ( 'NONE', #2561, 1000.000000000000000 ) ;
#4916 = CARTESIAN_POINT ( 'NONE',  ( 9.582117137899414772, 13.48641401289931885, 0.5000000000000004441 ) ) ;
#4917 = DIRECTION ( 'NONE',  ( -0.000000000000000000, -1.000000000000000000, -0.000000000000000000 ) ) ;
#4918 = LINE ( 'NONE', #8208, #7757 ) ;
#4919 = ORIENTED_EDGE ( 'NONE', *, *, #9151, .T. ) ;
#4920 = VECTOR ( 'NONE', #5404, 1000.000000000000000 ) ;
#4921 = ORIENTED_EDGE ( 'NONE', *, *, #6776, .T. ) ;
#4922 = VERTEX_POINT ( 'NONE', #300 ) ;
#4923 = AXIS2_PLACEMENT_3D ( 'NONE', #5168, #10280, #9641 ) ;
#4924 = PLANE ( 'NONE',  #3822 ) ;
#4925 = DIRECTION ( 'NONE',  ( 0.000000000000000000, 0.000000000000000000, -1.000000000000000000 ) ) ;
#4926 = CARTESIAN_POINT ( 'NONE',  ( -105.4178828621005977, 22.78641401289931778, 0.5000000000000004441 ) ) ;
#4927 = DIRECTION ( 'NONE',  ( 0.000000000000000000, -0.000000000000000000, 1.000000000000000000 ) ) ;
#4928 = CC_DESIGN_PERSON_AND_ORGANIZATION_ASSIGNMENT ( #10211, #2346, ( #1574 ) ) ;
#4929 = DIRECTION ( 'NONE',  ( 0.000000000000000000, -1.000000000000000000, 0.000000000000000000 ) ) ;
#4930 = VERTEX_POINT ( 'NONE', #1379 ) ;
#4931 = ADVANCED_FACE ( 'NONE', ( #350 ), #4449, .F. ) ;
#4932 = DIRECTION ( 'NONE',  ( 0.000000000000000000, 0.000000000000000000, -1.000000000000000000 ) ) ;
#4933 = ORIENTED_EDGE ( 'NONE', *, *, #1652, .T. ) ;
#4934 = VERTEX_POINT ( 'NONE', #2993 ) ;
#4935 = VERTEX_POINT ( 'NONE', #6064 ) ;
#4936 = VECTOR ( 'NONE', #8224, 1000.000000000000000 ) ;
#4937 = VECTOR ( 'NONE', #5693, 1000.000000000000000 ) ;
#4938 = PLANE ( 'NONE',  #8291 ) ;
#4939 = CARTESIAN_POINT ( 'NONE',  ( -137.7499999999999716, 15.45793887701764291, 3.999999999999999112 ) ) ;
#4940 = EDGE_CURVE ( 'NONE', #7243, #6665, #1969, .T. ) ;
#4941 = DIRECTION ( 'NONE',  ( 1.000000000000000000, -1.734723475976806902E-18, -0.000000000000000000 ) ) ;
#4942 = CARTESIAN_POINT ( 'NONE',  ( 31.93211713789942507, 0.000000000000000000, 0.000000000000000000 ) ) ;
#4943 = FACE_OUTER_BOUND ( 'NONE', #8144, .T. ) ;
#4944 = AXIS2_PLACEMENT_3D ( 'NONE', #3655, #8014, #8236 ) ;
#4945 = LINE ( 'NONE', #6617, #5271 ) ;
#4946 = ORIENTED_EDGE ( 'NONE', *, *, #564, .T. ) ;
#4947 = CARTESIAN_POINT ( 'NONE',  ( -99.01788286210059198, 15.50448725967913610, 1.500000000000000444 ) ) ;
#4948 = ORIENTED_EDGE ( 'NONE', *, *, #8270, .F. ) ;
#4949 = EDGE_CURVE ( 'NONE', #9461, #9885, #4500, .T. ) ;
#4950 = VERTEX_POINT ( 'NONE', #10258 ) ;
#4951 = VECTOR ( 'NONE', #6410, 1000.000000000000000 ) ;
#4952 = ADVANCED_FACE ( 'NONE', ( #2941 ), #5309, .F. ) ;
#4953 = AXIS2_PLACEMENT_3D ( 'NONE', #3493, #6023, #5267 ) ;
#4954 = AXIS2_PLACEMENT_3D ( 'NONE', #5698, #3440, #4139 ) ;
#4955 = CARTESIAN_POINT ( 'NONE',  ( -137.7499999999999716, 22.40429687500000711, 6.000000000000000000 ) ) ;
#4956 = LINE ( 'NONE', #9103, #4428 ) ;
#4957 = CARTESIAN_POINT ( 'NONE',  ( 37.23211713789942223, 15.50448725967913610, 0.5000000000000004441 ) ) ;
#4958 = LINE ( 'NONE', #3040, #105 ) ;
#4959 = AXIS2_PLACEMENT_3D ( 'NONE', #2325, #4750, #4803 ) ;
#4960 = ORIENTED_EDGE ( 'NONE', *, *, #9420, .F. ) ;
#4961 = LINE ( 'NONE', #6632, #9395 ) ;
#4962 = DIRECTION ( 'NONE',  ( -0.000000000000000000, -0.000000000000000000, 1.000000000000000000 ) ) ;
#4963 = VERTEX_POINT ( 'NONE', #400 ) ;
#4964 = EDGE_CURVE ( 'NONE', #6212, #8006, #3641, .T. ) ;
#4965 = VERTEX_POINT ( 'NONE', #5364 ) ;
#4966 = EDGE_LOOP ( 'NONE', ( #9396, #9344, #9057, #2184, #10638, #7899, #906, #2474 ) ) ;
#4967 = AXIS2_PLACEMENT_3D ( 'NONE', #3834, #541, #5555 ) ;
#4968 = LINE ( 'NONE', #2438, #7002 ) ;
#4969 = CARTESIAN_POINT ( 'NONE',  ( 161.0000000000000000, 0.000000000000000000, 0.5000000000000004441 ) ) ;
#4970 = CARTESIAN_POINT ( 'NONE',  ( 14.23211713789943111, 20.78641401289932134, 0.5000000000000004441 ) ) ;
#4971 = ADVANCED_FACE ( 'NONE', ( #3801 ), #3591, .F. ) ;
#4972 = CARTESIAN_POINT ( 'NONE',  ( 39.25000000000000000, 13.15429687500000355, 6.000000000000000000 ) ) ;
#4973 = LINE ( 'NONE', #8264, #1023 ) ;
#4974 = PLANE ( 'NONE',  #1307 ) ;
#4975 = CARTESIAN_POINT ( 'NONE',  ( -124.3036420020175967, 23.15429687499997868, 4.000000000000000000 ) ) ;
#4976 = VERTEX_POINT ( 'NONE', #2131 ) ;
#4977 = VECTOR ( 'NONE', #5646, 1000.000000000000114 ) ;
#4978 = ORIENTED_EDGE ( 'NONE', *, *, #6061, .F. ) ;
#4979 = ORIENTED_EDGE ( 'NONE', *, *, #5826, .T. ) ;
#4980 = VECTOR ( 'NONE', #874, 1000.000000000000000 ) ;
#4981 = LINE ( 'NONE', #2612, #718 ) ;
#4982 = LINE ( 'NONE', #2613, #8185 ) ;
#4983 = PLANE ( 'NONE',  #10643 ) ;
#4984 = LINE ( 'NONE', #4069, #2350 ) ;
#4985 = PLANE ( 'NONE',  #4558 ) ;
#4986 = ORIENTED_EDGE ( 'NONE', *, *, #9694, .T. ) ;
#4987 = PLANE ( 'NONE',  #7165 ) ;
#4988 = ORIENTED_EDGE ( 'NONE', *, *, #4682, .F. ) ;
#4989 = ORIENTED_EDGE ( 'NONE', *, *, #3322, .F. ) ;
#4990 = VERTEX_POINT ( 'NONE', #2029 ) ;
#4991 = ADVANCED_FACE ( 'NONE', ( #3747 ), #3689, .F. ) ;
#4992 = DIRECTION ( 'NONE',  ( 0.000000000000000000, -1.000000000000000000, 0.000000000000000000 ) ) ;
#4993 = CARTESIAN_POINT ( 'NONE',  ( -100.7678828621005920, 20.78641401289932134, -2.999999999999999112 ) ) ;
#4994 = FACE_OUTER_BOUND ( 'NONE', #9211, .T. ) ;
#4995 = ADVANCED_FACE ( 'NONE', ( #10311, #8596 ), #7085, .T. ) ;
#4996 = CARTESIAN_POINT ( 'NONE',  ( -137.7499999999999716, 22.40429687500000711, 1.000000000000000000 ) ) ;
#4997 = FACE_OUTER_BOUND ( 'NONE', #10427, .T. ) ;
#4998 = DIRECTION ( 'NONE',  ( 0.000000000000000000, 0.000000000000000000, 1.000000000000000000 ) ) ;
#4999 = DIRECTION ( 'NONE',  ( 0.7071067811865479058, -0.7071067811865470176, 0.000000000000000000 ) ) ;
#5000 = VERTEX_POINT ( 'NONE', #9562 ) ;
#5001 = LINE ( 'NONE', #2315, #2703 ) ;
#5002 = EDGE_LOOP ( 'NONE', ( #2201, #6108, #104, #3050 ) ) ;
#5003 = EDGE_LOOP ( 'NONE', ( #9475, #2483, #9042, #8008 ) ) ;
#5004 = ADVANCED_FACE ( 'NONE', ( #6977 ), #2889, .F. ) ;
#5005 = EDGE_CURVE ( 'NONE', #6125, #6186, #9455, .T. ) ;
#5006 = CARTESIAN_POINT ( 'NONE',  ( -137.7499999999999716, 15.45793887701764291, 3.999999999999999112 ) ) ;
#5007 = ADVANCED_FACE ( 'NONE', ( #3156 ), #1432, .F. ) ;
#5008 = CARTESIAN_POINT ( 'NONE',  ( -75.38211713789925739, 20.23277201088161803, 2.500000000000000000 ) ) ;
#5009 = LINE ( 'NONE', #1564, #9613 ) ;
#5010 = AXIS2_PLACEMENT_3D ( 'NONE', #2166, #6954, #5231 ) ;
#5011 = CARTESIAN_POINT ( 'NONE',  ( -75.38211713789925739, 20.23277201088161803, 1.500000000000000444 ) ) ;
#5012 = ADVANCED_FACE ( 'NONE', ( #4827 ), #623, .T. ) ;
#5013 = ORIENTED_EDGE ( 'NONE', *, *, #9151, .F. ) ;
#5014 = CARTESIAN_POINT ( 'NONE',  ( 114.9999999999999858, 15.48641401289931885, 0.000000000000000000 ) ) ;
#5015 = LINE ( 'NONE', #1674, #9310 ) ;
#5016 = ORIENTED_EDGE ( 'NONE', *, *, #2256, .F. ) ;
#5017 = ORIENTED_EDGE ( 'NONE', *, *, #1385, .F. ) ;
#5018 = EDGE_LOOP ( 'NONE', ( #8880, #10349, #2143, #9355 ) ) ;
#5019 = VECTOR ( 'NONE', #4760, 1000.000000000000000 ) ;
#5020 = CARTESIAN_POINT ( 'NONE',  ( -62.41788286210059056, 20.23277201088161092, 2.500000000000000000 ) ) ;
#5021 = EDGE_CURVE ( 'NONE', #2957, #6739, #3914, .T. ) ;
#5022 = DIRECTION ( 'NONE',  ( -1.734723475976806902E-18, -1.000000000000000000, 0.000000000000000000 ) ) ;
#5023 = DIRECTION ( 'NONE',  ( 0.000000000000000000, 0.000000000000000000, -1.000000000000000000 ) ) ;
#5024 = CARTESIAN_POINT ( 'NONE',  ( -59.41788286210059056, 22.78641401289931778, 0.5000000000000004441 ) ) ;
#5025 = CARTESIAN_POINT ( 'NONE',  ( -82.47847513588153845, 13.13641401289931920, 6.000000000000000000 ) ) ;
#5026 = VECTOR ( 'NONE', #8435, 1000.000000000000000 ) ;
#5027 = PLANE ( 'NONE',  #4149 ) ;
#5028 = ORIENTED_EDGE ( 'NONE', *, *, #10119, .F. ) ;
#5029 = ORIENTED_EDGE ( 'NONE', *, *, #5213, .F. ) ;
#5030 = AXIS2_PLACEMENT_3D ( 'NONE', #9168, #1787, #3409 ) ;
#5031 = ORIENTED_EDGE ( 'NONE', *, *, #10095, .F. ) ;
#5032 = EDGE_CURVE ( 'NONE', #5876, #10139, #3207, .T. ) ;
#5033 = ADVANCED_FACE ( 'NONE', ( #2352 ), #10482, .F. ) ;
#5034 = CARTESIAN_POINT ( 'NONE',  ( -16.41788286210060832, 16.07582173911837842, 1.500000000000000444 ) ) ;
#5035 = DIRECTION ( 'NONE',  ( 0.000000000000000000, -0.000000000000000000, 1.000000000000000000 ) ) ;
#5036 = DIRECTION ( 'NONE',  ( -0.000000000000000000, -0.000000000000000000, 1.000000000000000000 ) ) ;
#5037 = FACE_BOUND ( 'NONE', #9758, .T. ) ;
#5038 = DIRECTION ( 'NONE',  ( 1.000000000000000000, 0.000000000000000000, 0.000000000000000000 ) ) ;
#5039 = ORIENTED_EDGE ( 'NONE', *, *, #3634, .F. ) ;
#5040 = ORIENTED_EDGE ( 'NONE', *, *, #5919, .F. ) ;
#5041 = ORIENTED_EDGE ( 'NONE', *, *, #2294, .T. ) ;
#5042 = EDGE_CURVE ( 'NONE', #2024, #10307, #8002, .T. ) ;
#5043 = VERTEX_POINT ( 'NONE', #9722 ) ;
#5044 = CARTESIAN_POINT ( 'NONE',  ( -105.4178828621005977, 13.48641401289931885, 0.5000000000000004441 ) ) ;
#5045 = PLANE ( 'NONE',  #885 ) ;
#5046 = LINE ( 'NONE', #6766, #5433 ) ;
#5047 = DIRECTION ( 'NONE',  ( 1.000000000000000000, 0.000000000000000000, 0.000000000000000000 ) ) ;
#5048 = CARTESIAN_POINT ( 'NONE',  ( -105.4178828621005977, 20.78641401289932134, 1.500000000000000444 ) ) ;
#5049 = LINE ( 'NONE', #7578, #3011 ) ;
#5050 = PLANE ( 'NONE',  #4954 ) ;
#5051 = VERTEX_POINT ( 'NONE', #729 ) ;
#5052 = DIRECTION ( 'NONE',  ( 1.734723475976806902E-18, 1.000000000000000000, 0.000000000000000000 ) ) ;
#5053 = ORIENTED_EDGE ( 'NONE', *, *, #10085, .T. ) ;
#5054 = EDGE_LOOP ( 'NONE', ( #7158, #2194, #7807, #1362, #7647, #1804 ) ) ;
#5055 = EDGE_CURVE ( 'NONE', #3297, #4183, #3263, .T. ) ;
#5056 = CARTESIAN_POINT ( 'NONE',  ( -99.01788286210059198, 20.78641401289932134, 0.5000000000000004441 ) ) ;
#5057 = CARTESIAN_POINT ( 'NONE',  ( -38.79999999999986215, 15.45793887701764291, 3.999999999999999112 ) ) ;
#5058 = DIRECTION ( 'NONE',  ( 1.000000000000000000, 0.000000000000000000, 0.000000000000000000 ) ) ;
#5059 = LINE ( 'NONE', #1017, #4208 ) ;
#5060 = EDGE_CURVE ( 'NONE', #1755, #9010, #4875, .T. ) ;
#5061 = ORIENTED_EDGE ( 'NONE', *, *, #10205, .F. ) ;
#5062 = DIRECTION ( 'NONE',  ( -0.7071067811865462405, -0.7071067811865489050, -1.137307002876262525E-16 ) ) ;
#5063 = CARTESIAN_POINT ( 'NONE',  ( -106.0678828621005891, 20.78641401289932134, 0.000000000000000000 ) ) ;
#5065 = ORIENTED_EDGE ( 'NONE', *, *, #4701, .F. ) ;
#5064 = EDGE_CURVE ( 'NONE', #6227, #1289, #2244, .T. ) ;
#5066 = EDGE_CURVE ( 'NONE', #6665, #7, #6501, .T. ) ;
#5067 = ORIENTED_EDGE ( 'NONE', *, *, #3783, .T. ) ;
#5068 = EDGE_LOOP ( 'NONE', ( #7211, #3636, #179, #8830 ) ) ;
#5069 = VECTOR ( 'NONE', #9157, 1000.000000000000000 ) ;
#5070 = CARTESIAN_POINT ( 'NONE',  ( -38.79999999999986215, 15.45793887701764291, 2.499999999999999112 ) ) ;
#5071 = LINE ( 'NONE', #2701, #7858 ) ;
#5072 = DIRECTION ( 'NONE',  ( -0.7071067811865483499, 0.7071067811865466846, 0.000000000000000000 ) ) ;
#5073 = CARTESIAN_POINT ( 'NONE',  ( 16.61788286210075327, 20.23277201088161803, 1.500000000000000444 ) ) ;
#5074 = CARTESIAN_POINT ( 'NONE',  ( -36.41788286210059766, 15.48641401289931885, 0.5000000000000004441 ) ) ;
#5075 = DIRECTION ( 'NONE',  ( 0.000000000000000000, -1.000000000000000000, 0.000000000000000000 ) ) ;
#5076 = ORIENTED_EDGE ( 'NONE', *, *, #1916, .F. ) ;
#5077 = ORIENTED_EDGE ( 'NONE', *, *, #8201, .F. ) ;
#5078 = VECTOR ( 'NONE', #2838, 1000.000000000000000 ) ;
#5079 = VECTOR ( 'NONE', #5228, 1000.000000000000114 ) ;
#5080 = EDGE_CURVE ( 'NONE', #5921, #9632, #1541, .T. ) ;
#5081 = ORIENTED_EDGE ( 'NONE', *, *, #922, .F. ) ;
#5082 = VECTOR ( 'NONE', #6961, 999.9999999999998863 ) ;
#5083 = VECTOR ( 'NONE', #1971, 1000.000000000000000 ) ;
#5084 = DIRECTION ( 'NONE',  ( -6.938893903907233900E-15, 1.000000000000000000, 0.000000000000000000 ) ) ;
#5085 = CARTESIAN_POINT ( 'NONE',  ( -36.49635799798221569, 13.15429687499999645, 1.500000000000000444 ) ) ;
#5086 = DIRECTION ( 'NONE',  ( 1.000000000000000000, 9.183830166936036979E-17, -0.000000000000000000 ) ) ;
#5087 = CARTESIAN_POINT ( 'NONE',  ( -121.3821171378992574, 16.07582173911838197, 1.500000000000000444 ) ) ;
#5088 = CARTESIAN_POINT ( 'NONE',  ( -9.321524864118316600, 23.17217973710065948, 1.500000000000000444 ) ) ;
#5089 = VERTEX_POINT ( 'NONE', #4775 ) ;
#5090 = VERTEX_POINT ( 'NONE', #8061 ) ;
#5091 = EDGE_CURVE ( 'NONE', #5610, #251, #8159, .T. ) ;
#5092 = EDGE_LOOP ( 'NONE', ( #4143, #523, #6607, #1149, #7818, #3728, #2948, #1875 ) ) ;
#5093 = VECTOR ( 'NONE', #3735, 1000.000000000000000 ) ;
#5094 = ORIENTED_EDGE ( 'NONE', *, *, #2896, .F. ) ;
#5095 = CARTESIAN_POINT ( 'NONE',  ( -16.41788286210060832, 20.23277201088161092, 2.500000000000000000 ) ) ;
#5096 = CARTESIAN_POINT ( 'NONE',  ( 69.00000000000000000, 20.78641401289932134, 0.000000000000000000 ) ) ;
#5097 = LINE ( 'NONE', #4393, #7039 ) ;
#5098 = PLANE ( 'NONE',  #3709 ) ;
#5099 = CARTESIAN_POINT ( 'NONE',  ( 8.932117137899432180, 20.78641401289932134, 0.5000000000000004441 ) ) ;
#5100 = EDGE_CURVE ( 'NONE', #7755, #5264, #676, .T. ) ;
#5101 = AXIS2_PLACEMENT_3D ( 'NONE', #10510, #3138, #5607 ) ;
#5102 = CARTESIAN_POINT ( 'NONE',  ( 39.25000000000000000, 13.15429687500000355, 6.000000000000000000 ) ) ;
#5103 = VERTEX_POINT ( 'NONE', #3968 ) ;
#5104 = DIRECTION ( 'NONE',  ( 1.000000000000000000, 0.000000000000000000, 0.000000000000000000 ) ) ;
#5105 = ORIENTED_EDGE ( 'NONE', *, *, #6639, .T. ) ;
#5106 = VECTOR ( 'NONE', #8310, 1000.000000000000000 ) ;
#5107 = ORIENTED_EDGE ( 'NONE', *, *, #10006, .T. ) ;
#5108 = VECTOR ( 'NONE', #644, 1000.000000000000000 ) ;
#5109 = CARTESIAN_POINT ( 'NONE',  ( -36.47847513588156687, 23.17217973710065948, 6.000000000000000000 ) ) ;
#5110 = AXIS2_PLACEMENT_3D ( 'NONE', #2093, #9467, #2145 ) ;
#5111 = FACE_OUTER_BOUND ( 'NONE', #6510, .T. ) ;
#5112 = CARTESIAN_POINT ( 'NONE',  ( -135.2499999999999716, 23.15429687500000355, 0.3499999999999999223 ) ) ;
#5113 = FACE_OUTER_BOUND ( 'NONE', #4605, .T. ) ;
#5114 = ORIENTED_EDGE ( 'NONE', *, *, #2928, .F. ) ;
#5115 = DIRECTION ( 'NONE',  ( -1.000000000000000000, -8.163404592832032733E-17, 0.000000000000000000 ) ) ;
#5116 = DIRECTION ( 'NONE',  ( 0.000000000000000000, 1.000000000000000000, 1.608394988049504315E-16 ) ) ;
#5117 = ORIENTED_EDGE ( 'NONE', *, *, #9796, .T. ) ;
#5118 = EDGE_LOOP ( 'NONE', ( #8780, #7642, #9314, #4883 ) ) ;
#5119 = VECTOR ( 'NONE', #4840, 1000.000000000000000 ) ;
#5120 = ORIENTED_EDGE ( 'NONE', *, *, #7495, .F. ) ;
#5121 = FACE_OUTER_BOUND ( 'NONE', #2110, .T. ) ;
#5122 = ADVANCED_FACE ( 'NONE', ( #10579 ), #9776, .F. ) ;
#5123 = DIRECTION ( 'NONE',  ( 1.000000000000000000, 0.000000000000000000, 0.000000000000000000 ) ) ;
#5124 = AXIS2_PLACEMENT_3D ( 'NONE', #10556, #6316, #3025 ) ;
#5125 = CARTESIAN_POINT ( 'NONE',  ( -137.7499999999999716, 20.85065487298235709, 4.000000000000000000 ) ) ;
#5126 = DIRECTION ( 'NONE',  ( -0.000000000000000000, 0.000000000000000000, 1.000000000000000000 ) ) ;
#5127 = CARTESIAN_POINT ( 'NONE',  ( -128.4178828621005835, 15.48641401289931885, 0.5000000000000004441 ) ) ;
#5128 = LINE ( 'NONE', #9868, #9474 ) ;
#5129 = EDGE_LOOP ( 'NONE', ( #8694, #1635, #4223, #3950 ) ) ;
#5130 = ORIENTED_EDGE ( 'NONE', *, *, #5668, .T. ) ;
#5131 = VECTOR ( 'NONE', #4041, 1000.000000000000114 ) ;
#5132 = ORIENTED_EDGE ( 'NONE', *, *, #320, .F. ) ;
#5133 = ADVANCED_FACE ( 'NONE', ( #1591 ), #568, .F. ) ;
#5134 = DIRECTION ( 'NONE',  ( 0.000000000000000000, -1.000000000000000000, 0.000000000000000000 ) ) ;
#5135 = CARTESIAN_POINT ( 'NONE',  ( 13.67847513588170472, 23.17217973710065948, 1.500000000000000444 ) ) ;
#5136 = EDGE_CURVE ( 'NONE', #1274, #1105, #3053, .T. ) ;
#5137 = AXIS2_PLACEMENT_3D ( 'NONE', #9933, #3316, #2508 ) ;
#5138 = FACE_OUTER_BOUND ( 'NONE', #6557, .T. ) ;
#5139 = CARTESIAN_POINT ( 'NONE',  ( 0.000000000000000000, 0.000000000000000000, 4.000000000000000000 ) ) ;
#5140 = DIRECTION ( 'NONE',  ( 1.000000000000000000, -0.000000000000000000, 0.000000000000000000 ) ) ;
#5141 = ORIENTED_EDGE ( 'NONE', *, *, #3430, .T. ) ;
#5142 = EDGE_CURVE ( 'NONE', #4737, #7025, #8272, .T. ) ;
#5143 = VERTEX_POINT ( 'NONE', #10088 ) ;
#5144 = ORIENTED_EDGE ( 'NONE', *, *, #9944, .T. ) ;
#5145 = ORIENTED_EDGE ( 'NONE', *, *, #5332, .F. ) ;
#5146 = VECTOR ( 'NONE', #3642, 1000.000000000000000 ) ;
#5147 = CARTESIAN_POINT ( 'NONE',  ( 36.58211713789940944, 13.48641401289931885, 1.500000000000000444 ) ) ;
#5148 = LINE ( 'NONE', #3745, #8808 ) ;
#5149 = LINE ( 'NONE', #4294, #2169 ) ;
#5150 = EDGE_CURVE ( 'NONE', #6156, #4183, #4982, .T. ) ;
#5151 = PLANE ( 'NONE',  #9791 ) ;
#5152 = CARTESIAN_POINT ( 'NONE',  ( -85.41788286210059766, 16.07582173911837842, 1.500000000000000444 ) ) ;
#5153 = DIRECTION ( 'NONE',  ( 0.000000000000000000, -1.000000000000000000, 0.000000000000000000 ) ) ;
#5154 = VECTOR ( 'NONE', #5036, 1000.000000000000000 ) ;
#5155 = FACE_OUTER_BOUND ( 'NONE', #2356, .T. ) ;
#5156 = ORIENTED_EDGE ( 'NONE', *, *, #8750, .F. ) ;
#5157 = CARTESIAN_POINT ( 'NONE',  ( 0.000000000000000000, 0.000000000000000000, 1.000000000000000000 ) ) ;
#5158 = VERTEX_POINT ( 'NONE', #7456 ) ;
#5159 = ORIENTED_EDGE ( 'NONE', *, *, #5926, .F. ) ;
#5160 = EDGE_CURVE ( 'NONE', #6093, #4076, #8218, .T. ) ;
#5161 = LINE ( 'NONE', #1172, #8730 ) ;
#5162 = PLANE ( 'NONE',  #988 ) ;
#5163 = ADVANCED_FACE ( 'NONE', ( #990 ), #9874, .F. ) ;
#5164 = DIRECTION ( 'NONE',  ( 0.000000000000000000, 0.000000000000000000, 1.000000000000000000 ) ) ;
#5165 = DIRECTION ( 'NONE',  ( -8.163404592832032733E-17, 1.000000000000000000, 0.000000000000000000 ) ) ;
#5166 = DIRECTION ( 'NONE',  ( 1.000000000000000000, -1.734723475976806902E-18, 0.000000000000000000 ) ) ;
#5167 = ORIENTED_EDGE ( 'NONE', *, *, #5285, .T. ) ;
#5168 = CARTESIAN_POINT ( 'NONE',  ( -137.7499999999999716, 20.85065487298235709, 4.000000000000000000 ) ) ;
#5169 = LINE ( 'NONE', #4554, #8629 ) ;
#5170 = ORIENTED_EDGE ( 'NONE', *, *, #2575, .F. ) ;
#5171 = EDGE_CURVE ( 'NONE', #6193, #5728, #9228, .T. ) ;
#5172 = ORIENTED_EDGE ( 'NONE', *, *, #724, .F. ) ;
#5173 = VECTOR ( 'NONE', #4491, 1000.000000000000000 ) ;
#5174 = LINE ( 'NONE', #2753, #1159 ) ;
#5175 = LINE ( 'NONE', #1997, #2017 ) ;
#5176 = CARTESIAN_POINT ( 'NONE',  ( -108.4178828621006119, 20.23277201088161448, 1.500000000000000444 ) ) ;
#5177 = CARTESIAN_POINT ( 'NONE',  ( 46.11666666666666003, 25.38763020833333428, 0.2666666666666727692 ) ) ;
#5178 = ORIENTED_EDGE ( 'NONE', *, *, #6597, .F. ) ;
#5179 = DIRECTION ( 'NONE',  ( -0.000000000000000000, -0.000000000000000000, 1.000000000000000000 ) ) ;
#5180 = CARTESIAN_POINT ( 'NONE',  ( -82.41788286210059766, 15.48641401289931885, 0.5000000000000004441 ) ) ;
#5181 = EDGE_LOOP ( 'NONE', ( #9943, #3007, #4514, #904, #4836, #3048 ) ) ;
#5182 = VERTEX_POINT ( 'NONE', #8373 ) ;
#5183 = VECTOR ( 'NONE', #2068, 1000.000000000000000 ) ;
#5184 = EDGE_CURVE ( 'NONE', #7485, #10587, #4281, .T. ) ;
#5185 = ORIENTED_EDGE ( 'NONE', *, *, #6188, .F. ) ;
#5186 = VECTOR ( 'NONE', #3194, 1000.000000000000000 ) ;
#5187 = ADVANCED_FACE ( 'NONE', ( #5785 ), #9074, .F. ) ;
#5188 = VECTOR ( 'NONE', #5084, 1000.000000000000000 ) ;
#5189 = PLANE ( 'NONE',  #5760 ) ;
#5190 = LINE ( 'NONE', #10244, #8356 ) ;
#5191 = VECTOR ( 'NONE', #7497, 1000.000000000000000 ) ;
#5192 = CARTESIAN_POINT ( 'NONE',  ( -105.4178828621005977, 22.78641401289931778, 0.5000000000000004441 ) ) ;
#5193 = PLANE ( 'NONE',  #6984 ) ;
#5194 = LINE ( 'NONE', #235, #1637 ) ;
#5195 = ORIENTED_EDGE ( 'NONE', *, *, #9073, .F. ) ;
#5196 = EDGE_CURVE ( 'NONE', #7130, #9124, #8425, .T. ) ;
#5197 = ORIENTED_EDGE ( 'NONE', *, *, #7427, .F. ) ;
#5198 = EDGE_CURVE ( 'NONE', #5978, #788, #5998, .T. ) ;
#5199 = ADVANCED_FACE ( 'NONE', ( #7509 ), #3518, .F. ) ;
#5200 = ORIENTED_EDGE ( 'NONE', *, *, #2010, .T. ) ;
#5201 = VERTEX_POINT ( 'NONE', #2718 ) ;
#5202 = EDGE_CURVE ( 'NONE', #5702, #10512, #1796, .T. ) ;
#5203 = CARTESIAN_POINT ( 'NONE',  ( -124.4178828621005835, 20.78641401289932134, 1.500000000000000444 ) ) ;
#5204 = DIRECTION ( 'NONE',  ( -1.000000000000000000, 0.000000000000000000, -0.000000000000000000 ) ) ;
#5205 = CARTESIAN_POINT ( 'NONE',  ( -32.41788286210058345, 15.48641401289931885, 0.5000000000000004441 ) ) ;
#5206 = CARTESIAN_POINT ( 'NONE',  ( -106.0678828621005891, 15.48641401289931885, 0.5000000000000004441 ) ) ;
#5207 = LINE ( 'NONE', #4550, #8872 ) ;
#5208 = CARTESIAN_POINT ( 'NONE',  ( -82.41788286210059766, 13.48641401289931885, 1.500000000000000444 ) ) ;
#5209 = CARTESIAN_POINT ( 'NONE',  ( -77.76788286210057777, 15.48641401289931885, 0.000000000000000000 ) ) ;
#5210 = EDGE_LOOP ( 'NONE', ( #1743, #5172, #8430, #8327 ) ) ;
#5211 = ORIENTED_EDGE ( 'NONE', *, *, #3248, .T. ) ;
#5212 = ORIENTED_EDGE ( 'NONE', *, *, #4621, .T. ) ;
#5213 = EDGE_CURVE ( 'NONE', #8654, #2607, #1036, .T. ) ;
#5214 = LINE ( 'NONE', #9254, #7353 ) ;
#5215 = CARTESIAN_POINT ( 'NONE',  ( -128.4178828621005835, 20.78641401289932134, 0.5000000000000004441 ) ) ;
#5216 = PLANE ( 'NONE',  #7717 ) ;
#5217 = LINE ( 'NONE', #8499, #9717 ) ;
#5218 = DIRECTION ( 'NONE',  ( 0.000000000000000000, 0.000000000000000000, 1.000000000000000000 ) ) ;
#5219 = EDGE_LOOP ( 'NONE', ( #7414, #7119, #8380, #3538 ) ) ;
#5220 = CARTESIAN_POINT ( 'NONE',  ( -37.06788286210058203, 15.48641401289931885, -2.999999999999999112 ) ) ;
#5221 = DIRECTION ( 'NONE',  ( -1.000000000000000000, 0.000000000000000000, -0.000000000000000000 ) ) ;
#5222 = VERTEX_POINT ( 'NONE', #1749 ) ;
#5223 = EDGE_LOOP ( 'NONE', ( #10296, #8338, #9463, #4477 ) ) ;
#5224 = EDGE_CURVE ( 'NONE', #738, #4922, #6656, .T. ) ;
#5225 = CARTESIAN_POINT ( 'NONE',  ( -36.47847513588156687, 23.17217973710065948, 1.500000000000000444 ) ) ;
#5226 = FACE_OUTER_BOUND ( 'NONE', #532, .T. ) ;
#5227 = DIRECTION ( 'NONE',  ( 1.000000000000000000, 0.000000000000000000, 0.000000000000000000 ) ) ;
#5228 = DIRECTION ( 'NONE',  ( 0.7071067811865479058, -0.7071067811865470176, 0.000000000000000000 ) ) ;
#5229 = ORIENTED_EDGE ( 'NONE', *, *, #7095, .T. ) ;
#5230 = DIRECTION ( 'NONE',  ( 1.000000000000000000, -0.000000000000000000, 0.000000000000000000 ) ) ;
#5231 = DIRECTION ( 'NONE',  ( 1.000000000000000000, 0.000000000000000000, -0.000000000000000000 ) ) ;
#5232 = VERTEX_POINT ( 'NONE', #5843 ) ;
#5233 = EDGE_CURVE ( 'NONE', #6263, #4882, #135, .T. ) ;
#5234 = ORIENTED_EDGE ( 'NONE', *, *, #6359, .F. ) ;
#5235 = ORIENTED_EDGE ( 'NONE', *, *, #4181, .F. ) ;
#5236 = VECTOR ( 'NONE', #1868, 999.9999999999998863 ) ;
#5237 = CARTESIAN_POINT ( 'NONE',  ( -59.47847513588153134, 13.13641401289931920, 1.500000000000000444 ) ) ;
#5238 = LINE ( 'NONE', #4486, #7319 ) ;
#5239 = FACE_OUTER_BOUND ( 'NONE', #6678, .T. ) ;
#5240 = VECTOR ( 'NONE', #7670, 1000.000000000000000 ) ;
#5241 = CARTESIAN_POINT ( 'NONE',  ( -32.41788286210058345, 20.78641401289932134, 0.5000000000000004441 ) ) ;
#5242 = DIRECTION ( 'NONE',  ( 0.000000000000000000, 1.000000000000000000, 0.000000000000000000 ) ) ;
#5243 = DIRECTION ( 'NONE',  ( 6.938893903907228378E-15, 1.000000000000000000, -0.000000000000000000 ) ) ;
#5244 = VERTEX_POINT ( 'NONE', #3420 ) ;
#5245 = VECTOR ( 'NONE', #4112, 1000.000000000000114 ) ;
#5246 = EDGE_LOOP ( 'NONE', ( #9743, #3213, #6844, #7120 ) ) ;
#5247 = VERTEX_POINT ( 'NONE', #3315 ) ;
#5248 = ORIENTED_EDGE ( 'NONE', *, *, #7525, .T. ) ;
#5249 = AXIS2_PLACEMENT_3D ( 'NONE', #4487, #286, #2768 ) ;
#5250 = EDGE_CURVE ( 'NONE', #1702, #576, #9983, .T. ) ;
#5251 = EDGE_CURVE ( 'NONE', #5411, #1226, #2658, .T. ) ;
#5252 = DIRECTION ( 'NONE',  ( -0.000000000000000000, -0.000000000000000000, 1.000000000000000000 ) ) ;
#5253 = EDGE_CURVE ( 'NONE', #8979, #4781, #232, .T. ) ;
#5254 = CARTESIAN_POINT ( 'NONE',  ( 36.58211713789942365, 15.48641401289931885, 1.500000000000000444 ) ) ;
#5255 = DIRECTION ( 'NONE',  ( 0.000000000000000000, -0.000000000000000000, 1.000000000000000000 ) ) ;
#5256 = CARTESIAN_POINT ( 'NONE',  ( 32.52152486411846866, 13.13641401289931920, 6.000000000000000000 ) ) ;
#5257 = DIRECTION ( 'NONE',  ( -6.938893903907233900E-15, 1.000000000000000000, 0.000000000000000000 ) ) ;
#5258 = DIRECTION ( 'NONE',  ( -0.7071067811865483499, 0.7071067811865466846, 1.137307002876259321E-16 ) ) ;
#5259 = CARTESIAN_POINT ( 'NONE',  ( 39.25000000000000000, 23.15429687500000000, 6.000000000000000000 ) ) ;
#5260 = VECTOR ( 'NONE', #8250, 1000.000000000000000 ) ;
#5261 = ORIENTED_EDGE ( 'NONE', *, *, #9014, .F. ) ;
#5262 = EDGE_LOOP ( 'NONE', ( #6059, #7546, #6649, #1801 ) ) ;
#5263 = VECTOR ( 'NONE', #7128, 1000.000000000000000 ) ;
#5264 = VERTEX_POINT ( 'NONE', #6270 ) ;
#5265 = EDGE_CURVE ( 'NONE', #10337, #2228, #4536, .T. ) ;
#5266 = VECTOR ( 'NONE', #4425, 1000.000000000000000 ) ;
#5267 = DIRECTION ( 'NONE',  ( 1.000000000000000000, 9.183830166936036979E-17, 0.000000000000000000 ) ) ;
#5268 = DIRECTION ( 'NONE',  ( 1.000000000000000000, 0.000000000000000000, 0.000000000000000000 ) ) ;
#5269 = PLANE ( 'NONE',  #9258 ) ;
#5270 = CARTESIAN_POINT ( 'NONE',  ( -128.4178828621005835, 20.78641401289932134, 1.500000000000000444 ) ) ;
#5271 = VECTOR ( 'NONE', #4999, 1000.000000000000114 ) ;
#5272 = EDGE_CURVE ( 'NONE', #9383, #2037, #7776, .T. ) ;
#5273 = DIRECTION ( 'NONE',  ( -1.000000000000000000, 0.000000000000000000, 0.000000000000000000 ) ) ;
#5274 = VERTEX_POINT ( 'NONE', #3628 ) ;
#5275 = DIRECTION ( 'NONE',  ( 1.000000000000000000, 0.000000000000000000, 0.000000000000000000 ) ) ;
#5276 = EDGE_LOOP ( 'NONE', ( #5931, #4178, #7658, #8777 ) ) ;
#5277 = EDGE_CURVE ( 'NONE', #2496, #5889, #5190, .T. ) ;
#5278 = EDGE_LOOP ( 'NONE', ( #1964, #9251, #50, #13 ) ) ;
#5279 = APPROVAL_PERSON_ORGANIZATION ( #6932, #2693, #4769 ) ;
#5280 = VECTOR ( 'NONE', #9917, 1000.000000000000000 ) ;
#5281 = CARTESIAN_POINT ( 'NONE',  ( -128.4178828621005835, 22.78641401289931778, 1.500000000000000444 ) ) ;
#5282 = LINE ( 'NONE', #10179, #9068 ) ;
#5283 = DIRECTION ( 'NONE',  ( 6.938893903907228378E-15, 1.000000000000000000, -0.000000000000000000 ) ) ;
#5284 = LINE ( 'NONE', #9217, #3524 ) ;
#5285 = EDGE_CURVE ( 'NONE', #2099, #1993, #6167, .T. ) ;
#5286 = ORIENTED_EDGE ( 'NONE', *, *, #1573, .T. ) ;
#5287 = DIRECTION ( 'NONE',  ( -0.000000000000000000, -0.000000000000000000, 1.000000000000000000 ) ) ;
#5288 = LINE ( 'NONE', #3139, #10335 ) ;
#5289 = ORIENTED_EDGE ( 'NONE', *, *, #4715, .F. ) ;
#5290 = VECTOR ( 'NONE', #53, 1000.000000000000000 ) ;
#5291 = VERTEX_POINT ( 'NONE', #9335 ) ;
#5292 = ORIENTED_EDGE ( 'NONE', *, *, #4504, .F. ) ;
#5293 = VECTOR ( 'NONE', #7636, 1000.000000000000000 ) ;
#5294 = ADVANCED_FACE ( 'NONE', ( #5239 ), #9444, .F. ) ;
#5295 = CARTESIAN_POINT ( 'NONE',  ( -59.41788286210059056, 22.78641401289931778, 0.5000000000000004441 ) ) ;
#5296 = VECTOR ( 'NONE', #6507, 1000.000000000000000 ) ;
#5297 = DIRECTION ( 'NONE',  ( -0.000000000000000000, -0.000000000000000000, 1.000000000000000000 ) ) ;
#5298 = DIRECTION ( 'NONE',  ( 0.000000000000000000, 0.000000000000000000, -1.000000000000000000 ) ) ;
#5299 = CARTESIAN_POINT ( 'NONE',  ( -55.32152486411830239, 23.17217973710065948, 1.500000000000000444 ) ) ;
#5300 = DIRECTION ( 'NONE',  ( -0.000000000000000000, 1.000000000000000000, 0.000000000000000000 ) ) ;
#5301 = CARTESIAN_POINT ( 'NONE',  ( -128.4963579979822441, 23.15429687499997868, 4.000000000000000000 ) ) ;
#5302 = ORIENTED_EDGE ( 'NONE', *, *, #511, .F. ) ;
#5303 = ORIENTED_EDGE ( 'NONE', *, *, #7079, .F. ) ;
#5304 = ORIENTED_EDGE ( 'NONE', *, *, #8569, .T. ) ;
#5305 = ORIENTED_EDGE ( 'NONE', *, *, #858, .T. ) ;
#5306 = AXIS2_PLACEMENT_3D ( 'NONE', #2744, #7588, #3656 ) ;
#5307 = FACE_OUTER_BOUND ( 'NONE', #8136, .T. ) ;
#5308 = CARTESIAN_POINT ( 'NONE',  ( 14.23211713789943111, 20.78641401289932134, 0.000000000000000000 ) ) ;
#5309 = PLANE ( 'NONE',  #5598 ) ;
#5310 = DIRECTION ( 'NONE',  ( -0.7071067811865479058, 0.7071067811865470176, 0.000000000000000000 ) ) ;
#5311 = PLANE ( 'NONE',  #1638 ) ;
#5312 = DIRECTION ( 'NONE',  ( 0.000000000000000000, 0.000000000000000000, -1.000000000000000000 ) ) ;
#5313 = ORIENTED_EDGE ( 'NONE', *, *, #5731, .F. ) ;
#5314 = FACE_OUTER_BOUND ( 'NONE', #3856, .T. ) ;
#5315 = EDGE_LOOP ( 'NONE', ( #3852, #9845, #3633, #9538 ) ) ;
#5316 = EDGE_LOOP ( 'NONE', ( #4648, #4893, #1247 ) ) ;
#5317 = AXIS2_PLACEMENT_3D ( 'NONE', #4828, #9019, #4776 ) ;
#5318 = ORIENTED_EDGE ( 'NONE', *, *, #2828, .F. ) ;
#5319 = EDGE_LOOP ( 'NONE', ( #8353, #4156, #4093, #4785 ) ) ;
#5320 = EDGE_CURVE ( 'NONE', #7903, #2644, #8583, .T. ) ;
#5321 = ADVANCED_FACE ( 'NONE', ( #7823 ), #10192, .F. ) ;
#5322 = CARTESIAN_POINT ( 'NONE',  ( 9.582117137899414772, 22.78641401289931778, 0.5000000000000004441 ) ) ;
#5323 = CARTESIAN_POINT ( 'NONE',  ( -106.0678828621005891, 15.48641401289931885, 0.000000000000000000 ) ) ;
#5324 = ORIENTED_EDGE ( 'NONE', *, *, #3502, .F. ) ;
#5325 = VECTOR ( 'NONE', #3305, 1000.000000000000000 ) ;
#5326 = CARTESIAN_POINT ( 'NONE',  ( -137.7499999999999716, 20.85065487298235709, 2.500000000000000000 ) ) ;
#5327 = CARTESIAN_POINT ( 'NONE',  ( -105.4963579979821873, 13.15429687499998224, 4.000000000000000000 ) ) ;
#5328 = CARTESIAN_POINT ( 'NONE',  ( 39.25000000000000000, 23.15429687500000000, 6.000000000000000000 ) ) ;
#5329 = ORIENTED_EDGE ( 'NONE', *, *, #5320, .T. ) ;
#5330 = LINE ( 'NONE', #2911, #2359 ) ;
#5331 = ORIENTED_EDGE ( 'NONE', *, *, #8026, .T. ) ;
#5332 = EDGE_CURVE ( 'NONE', #188, #6546, #3677, .T. ) ;
#5333 = ORIENTED_EDGE ( 'NONE', *, *, #9694, .F. ) ;
#5334 = EDGE_CURVE ( 'NONE', #5678, #6598, #3791, .T. ) ;
#5335 = ADVANCED_FACE ( 'NONE', ( #389 ), #8474, .F. ) ;
#5336 = CARTESIAN_POINT ( 'NONE',  ( -59.47847513588153134, 13.13641401289931920, 6.000000000000000000 ) ) ;
#5337 = PLANE ( 'NONE',  #8718 ) ;
#5338 = EDGE_CURVE ( 'NONE', #9793, #6741, #1085, .T. ) ;
#5339 = CARTESIAN_POINT ( 'NONE',  ( 31.93211713789942507, 15.48641401289931885, 1.500000000000000444 ) ) ;
#5340 = DIRECTION ( 'NONE',  ( 0.000000000000000000, -1.000000000000000000, 0.000000000000000000 ) ) ;
#5341 = VERTEX_POINT ( 'NONE', #7667 ) ;
#5342 = CARTESIAN_POINT ( 'NONE',  ( -137.4833333333333201, 25.52096354166666714, 0.2666666666666742680 ) ) ;
#5343 = CARTESIAN_POINT ( 'NONE',  ( -83.06788286210057493, 0.000000000000000000, 0.000000000000000000 ) ) ;
#5344 = ORIENTED_EDGE ( 'NONE', *, *, #4802, .F. ) ;
#5345 = ORIENTED_EDGE ( 'NONE', *, *, #2979, .F. ) ;
#5346 = ORIENTED_EDGE ( 'NONE', *, *, #3653, .F. ) ;
#5347 = VECTOR ( 'NONE', #1568, 1000.000000000000000 ) ;
#5348 = EDGE_CURVE ( 'NONE', #6041, #3525, #10357, .T. ) ;
#5349 = CARTESIAN_POINT ( 'NONE',  ( -16.41788286210060832, 16.07582173911837842, 6.000000000000000000 ) ) ;
#5350 = PLANE ( 'NONE',  #9887 ) ;
#5351 = CARTESIAN_POINT ( 'NONE',  ( -130.7500000000000000, 22.40429687500000355, 1.000000000000000000 ) ) ;
#5352 = CARTESIAN_POINT ( 'NONE',  ( -32.41788286210058345, 20.78641401289932134, 0.5000000000000004441 ) ) ;
#5353 = LINE ( 'NONE', #6054, #8197 ) ;
#5354 = VECTOR ( 'NONE', #3500, 1000.000000000000000 ) ;
#5355 = DIRECTION ( 'NONE',  ( -0.000000000000000000, -0.000000000000000000, 1.000000000000000000 ) ) ;
#5356 = VERTEX_POINT ( 'NONE', #339 ) ;
#5357 = VERTEX_POINT ( 'NONE', #8635 ) ;
#5358 = EDGE_LOOP ( 'NONE', ( #8819, #2094, #7796, #10572, #9224, #695, #5944, #10078 ) ) ;
#5359 = VERTEX_POINT ( 'NONE', #1256 ) ;
#5360 = EDGE_CURVE ( 'NONE', #10262, #780, #442, .T. ) ;
#5361 = AXIS2_PLACEMENT_3D ( 'NONE', #4716, #2188, #2295 ) ;
#5362 = VECTOR ( 'NONE', #10407, 1000.000000000000000 ) ;
#5363 = FACE_OUTER_BOUND ( 'NONE', #1621, .T. ) ;
#5364 = CARTESIAN_POINT ( 'NONE',  ( -32.32152486411832371, 13.13641401289931920, 6.000000000000000000 ) ) ;
#5365 = CARTESIAN_POINT ( 'NONE',  ( -62.41788286210059056, 16.07582173911837842, 4.000000000000000000 ) ) ;
#5366 = PLANE ( 'NONE',  #2681 ) ;
#5367 = DIRECTION ( 'NONE',  ( 0.000000000000000000, -0.000000000000000000, 1.000000000000000000 ) ) ;
#5368 = PLANE ( 'NONE',  #3411 ) ;
#5369 = EDGE_LOOP ( 'NONE', ( #8590, #2434, #4509, #9162 ) ) ;
#5371 = EDGE_LOOP ( 'NONE', ( #7715, #7174, #508, #4753, #3809, #7316, #2430, #1538, #4689, #2448 ) ) ;
#5370 = VECTOR ( 'NONE', #5997, 1000.000000000000000 ) ;
#5372 = EDGE_CURVE ( 'NONE', #9869, #4413, #3732, .T. ) ;
#5373 = ORIENTED_EDGE ( 'NONE', *, *, #6467, .F. ) ;
#5374 = VERTEX_POINT ( 'NONE', #7019 ) ;
#5375 = FACE_OUTER_BOUND ( 'NONE', #7969, .T. ) ;
#5376 = CARTESIAN_POINT ( 'NONE',  ( -62.41788286210059056, 20.23277201088161448, 1.500000000000000444 ) ) ;
#5377 = VERTEX_POINT ( 'NONE', #10300 ) ;
#5378 = CARTESIAN_POINT ( 'NONE',  ( -101.4178828621005977, 13.48641401289931885, 0.5000000000000004441 ) ) ;
#5379 = DIRECTION ( 'NONE',  ( -0.000000000000000000, -1.000000000000000000, -0.000000000000000000 ) ) ;
#5380 = LINE ( 'NONE', #5972, #3261 ) ;
#5381 = ORIENTED_EDGE ( 'NONE', *, *, #5689, .T. ) ;
#5382 = LINE ( 'NONE', #3712, #5629 ) ;
#5383 = ORIENTED_EDGE ( 'NONE', *, *, #7629, .F. ) ;
#5384 = ORIENTED_EDGE ( 'NONE', *, *, #9476, .F. ) ;
#5385 = LINE ( 'NONE', #8085, #3408 ) ;
#5386 = EDGE_CURVE ( 'NONE', #6571, #6952, #8684, .T. ) ;
#5387 = DIRECTION ( 'NONE',  ( 1.000000000000000000, -1.734723475976806902E-18, -0.000000000000000000 ) ) ;
#5388 = CARTESIAN_POINT ( 'NONE',  ( 37.23211713789942223, 15.48641401289931885, -2.999999999999999112 ) ) ;
#5389 = ADVANCED_FACE ( 'NONE', ( #501 ), #7071, .F. ) ;
#5390 = CARTESIAN_POINT ( 'NONE',  ( -135.4999999999999716, 0.000000000000000000, 0.3499999999999999223 ) ) ;
#5391 = ADVANCED_FACE ( 'NONE', ( #2178 ), #4199, .T. ) ;
#5392 = ORIENTED_EDGE ( 'NONE', *, *, #7108, .F. ) ;
#5393 = CARTESIAN_POINT ( 'NONE',  ( 32.50364200201779141, 13.15429687500000178, 6.000000000000000000 ) ) ;
#5394 = DIRECTION ( 'NONE',  ( -1.000000000000000000, 0.000000000000000000, -0.000000000000000000 ) ) ;
#5395 = ORIENTED_EDGE ( 'NONE', *, *, #6764, .F. ) ;
#5396 = EDGE_LOOP ( 'NONE', ( #1428, #7293, #4908, #9050 ) ) ;
#5397 = EDGE_CURVE ( 'NONE', #8855, #8973, #9608, .T. ) ;
#5398 = VERTEX_POINT ( 'NONE', #10471 ) ;
#5399 = LINE ( 'NONE', #8680, #9410 ) ;
#5400 = LINE ( 'NONE', #8741, #2611 ) ;
#5401 = LINE ( 'NONE', #1255, #9543 ) ;
#5402 = DIRECTION ( 'NONE',  ( 0.7071067811865475727, -0.7071067811865475727, 0.000000000000000000 ) ) ;
#5403 = DIRECTION ( 'NONE',  ( -1.000000000000000000, -0.000000000000000000, -0.000000000000000000 ) ) ;
#5404 = DIRECTION ( 'NONE',  ( 0.000000000000000000, -1.000000000000000000, 0.000000000000000000 ) ) ;
#5405 = DIRECTION ( 'NONE',  ( 0.000000000000000000, 0.000000000000000000, -1.000000000000000000 ) ) ;
#5406 = ORIENTED_EDGE ( 'NONE', *, *, #4232, .T. ) ;
#5407 = EDGE_CURVE ( 'NONE', #4950, #9250, #1616, .T. ) ;
#5408 = VERTEX_POINT ( 'NONE', #912 ) ;
#5409 = EDGE_CURVE ( 'NONE', #7279, #10094, #8302, .T. ) ;
#5410 = ORIENTED_EDGE ( 'NONE', *, *, #4162, .T. ) ;
#5411 = VERTEX_POINT ( 'NONE', #7483 ) ;
#5412 = VECTOR ( 'NONE', #1500, 1000.000000000000000 ) ;
#5413 = VECTOR ( 'NONE', #5134, 1000.000000000000000 ) ;
#5414 = LINE ( 'NONE', #8001, #5705 ) ;
#5415 = CARTESIAN_POINT ( 'NONE',  ( -122.0000000000000142, 20.85065487298235709, 4.000000000000000000 ) ) ;
#5416 = FACE_OUTER_BOUND ( 'NONE', #6933, .T. ) ;
#5417 = CARTESIAN_POINT ( 'NONE',  ( -59.47847513588153134, 13.13641401289931920, 1.500000000000000444 ) ) ;
#5418 = CARTESIAN_POINT ( 'NONE',  ( -8.767882862100590202, 15.50448725967913610, 0.5000000000000004441 ) ) ;
#5419 = ORIENTED_EDGE ( 'NONE', *, *, #8519, .F. ) ;
#5420 = EDGE_CURVE ( 'NONE', #9856, #5158, #4958, .T. ) ;
#5421 = CARTESIAN_POINT ( 'NONE',  ( -128.4963579979821588, 13.15429687499997513, 6.000000000000000000 ) ) ;
#5422 = LINE ( 'NONE', #10066, #1572 ) ;
#5423 = ORIENTED_EDGE ( 'NONE', *, *, #7234, .T. ) ;
#5424 = ORIENTED_EDGE ( 'NONE', *, *, #10148, .T. ) ;
#5425 = ORIENTED_EDGE ( 'NONE', *, *, #4541, .T. ) ;
#5426 = VECTOR ( 'NONE', #33, 1000.000000000000000 ) ;
#5427 = VECTOR ( 'NONE', #3039, 1000.000000000000000 ) ;
#5428 = EDGE_LOOP ( 'NONE', ( #9112, #10433, #3001, #9656, #6774, #8082 ) ) ;
#5429 = EDGE_CURVE ( 'NONE', #9263, #9501, #5515, .T. ) ;
#5430 = LINE ( 'NONE', #4624, #4951 ) ;
#5431 = DIRECTION ( 'NONE',  ( 1.000000000000000000, -0.000000000000000000, 0.000000000000000000 ) ) ;
#5432 = VERTEX_POINT ( 'NONE', #1424 ) ;
#5433 = VECTOR ( 'NONE', #8333, 1000.000000000000000 ) ;
#5434 = DIRECTION ( 'NONE',  ( 1.000000000000000000, 0.000000000000000000, 0.000000000000000000 ) ) ;
#5435 = CARTESIAN_POINT ( 'NONE',  ( 16.00000000000001421, 20.85065487298235709, 2.500000000000000000 ) ) ;
#5436 = VECTOR ( 'NONE', #2943, 1000.000000000000000 ) ;
#5437 = DIRECTION ( 'NONE',  ( 1.000000000000000000, -0.000000000000000000, 0.000000000000000000 ) ) ;
#5438 = VERTEX_POINT ( 'NONE', #8190 ) ;
#5439 = LINE ( 'NONE', #3938, #2874 ) ;
#5440 = ORIENTED_EDGE ( 'NONE', *, *, #5497, .F. ) ;
#5441 = VERTEX_POINT ( 'NONE', #7383 ) ;
#5442 = VECTOR ( 'NONE', #2002, 1000.000000000000000 ) ;
#5443 = DIRECTION ( 'NONE',  ( 0.000000000000000000, 1.000000000000000000, 1.608394988049504315E-16 ) ) ;
#5444 = CARTESIAN_POINT ( 'NONE',  ( -137.3499999999999659, 11.05429687500001457, 0.000000000000000000 ) ) ;
#5445 = CARTESIAN_POINT ( 'NONE',  ( -9.417882862100587005, 15.48641401289931885, 0.5000000000000004441 ) ) ;
#5446 = CARTESIAN_POINT ( 'NONE',  ( -59.47847513588155977, 23.17217973710065948, 1.500000000000000444 ) ) ;
#5447 = CARTESIAN_POINT ( 'NONE',  ( -76.01788286210057777, 15.50448725967913610, 0.5000000000000004441 ) ) ;
#5448 = LINE ( 'NONE', #1357, #4244 ) ;
#5449 = LINE ( 'NONE', #8736, #7770 ) ;
#5450 = ORIENTED_EDGE ( 'NONE', *, *, #7028, .F. ) ;
#5451 = AXIS2_PLACEMENT_3D ( 'NONE', #10290, #9486, #2111 ) ;
#5452 = ORIENTED_EDGE ( 'NONE', *, *, #2570, .F. ) ;
#5453 = VECTOR ( 'NONE', #4268, 1000.000000000000000 ) ;
#5454 = ORIENTED_EDGE ( 'NONE', *, *, #2256, .T. ) ;
#5455 = EDGE_CURVE ( 'NONE', #5374, #1791, #3398, .T. ) ;
#5456 = CC_DESIGN_APPROVAL ( #2693, ( #1574 ) ) ;
#5457 = CARTESIAN_POINT ( 'NONE',  ( 9.503642002017798518, 13.15429687499999822, 6.000000000000000000 ) ) ;
#5458 = CARTESIAN_POINT ( 'NONE',  ( -98.38211713789927160, 16.07582173911838197, 2.499999999999999112 ) ) ;
#5459 = ADVANCED_FACE ( 'NONE', ( #6 ), #4706, .F. ) ;
#5460 = CARTESIAN_POINT ( 'NONE',  ( 45.84999999999998721, 22.40429687500000355, 6.000000000000000000 ) ) ;
#5461 = DIRECTION ( 'NONE',  ( -0.7071067811865483499, 0.7071067811865466846, 0.000000000000000000 ) ) ;
#5462 = VECTOR ( 'NONE', #1280, 1000.000000000000000 ) ;
#5463 = PLANE ( 'NONE',  #510 ) ;
#5464 = PLANE ( 'NONE',  #10597 ) ;
#5465 = CARTESIAN_POINT ( 'NONE',  ( -130.7500000000000000, 22.40429687500000355, 6.000000000000000000 ) ) ;
#5466 = ORIENTED_EDGE ( 'NONE', *, *, #2699, .T. ) ;
#5467 = EDGE_CURVE ( 'NONE', #3671, #5432, #3288, .T. ) ;
#5468 = EDGE_LOOP ( 'NONE', ( #3091, #9770, #5450, #2060 ) ) ;
#5469 = AXIS2_PLACEMENT_3D ( 'NONE', #591, #8028, #2217 ) ;
#5470 = ORIENTED_EDGE ( 'NONE', *, *, #8513, .T. ) ;
#5471 = EDGE_CURVE ( 'NONE', #2926, #10563, #3902, .T. ) ;
#5472 = DIRECTION ( 'NONE',  ( 0.000000000000000000, 1.000000000000000000, 0.000000000000000000 ) ) ;
#5473 = DIRECTION ( 'NONE',  ( 0.7071067811865475727, -0.7071067811865475727, 0.000000000000000000 ) ) ;
#5474 = EDGE_CURVE ( 'NONE', #4620, #1168, #7937, .T. ) ;
#5475 = CARTESIAN_POINT ( 'NONE',  ( -54.76788286210057777, 15.50448725967913610, 1.500000000000000444 ) ) ;
#5476 = LINE ( 'NONE', #3860, #10239 ) ;
#5477 = PLANE ( 'NONE',  #5767 ) ;
#5478 = ORIENTED_EDGE ( 'NONE', *, *, #4907, .F. ) ;
#5479 = DIRECTION ( 'NONE',  ( 0.000000000000000000, 0.000000000000000000, 1.000000000000000000 ) ) ;
#5480 = CARTESIAN_POINT ( 'NONE',  ( -36.47847513588156687, 23.17217973710065948, 2.500000000000000444 ) ) ;
#5481 = ORIENTED_EDGE ( 'NONE', *, *, #10431, .T. ) ;
#5482 = ORIENTED_EDGE ( 'NONE', *, *, #4206, .T. ) ;
#5483 = ORIENTED_EDGE ( 'NONE', *, *, #4065, .F. ) ;
#5484 = VECTOR ( 'NONE', #1115, 1000.000000000000000 ) ;
#5485 = EDGE_CURVE ( 'NONE', #8442, #6187, #9049, .T. ) ;
#5486 = PLANE ( 'NONE',  #5811 ) ;
#5487 = LINE ( 'NONE', #8771, #2545 ) ;
#5488 = VERTEX_POINT ( 'NONE', #6384 ) ;
#5489 = DIRECTION ( 'NONE',  ( 0.000000000000000000, -0.7071067811865479058, -0.7071067811865472397 ) ) ;
#5490 = LINE ( 'NONE', #6361, #6279 ) ;
#5491 = VECTOR ( 'NONE', #5802, 1000.000000000000000 ) ;
#5492 = DIRECTION ( 'NONE',  ( 0.000000000000000000, 1.000000000000000000, -0.000000000000000000 ) ) ;
#5493 = ORIENTED_EDGE ( 'NONE', *, *, #471, .T. ) ;
#5494 = DIRECTION ( 'NONE',  ( 0.7071067811865474617, 0.7071067811865474617, 0.000000000000000000 ) ) ;
#5495 = ORIENTED_EDGE ( 'NONE', *, *, #2159, .T. ) ;
#5496 = ORIENTED_EDGE ( 'NONE', *, *, #8960, .T. ) ;
#5497 = EDGE_CURVE ( 'NONE', #5691, #3003, #9662, .T. ) ;
#5498 = EDGE_CURVE ( 'NONE', #8209, #2957, #7434, .T. ) ;
#5499 = AXIS2_PLACEMENT_3D ( 'NONE', #10245, #3734, #7127 ) ;
#5500 = PLANE ( 'NONE',  #7016 ) ;
#5501 = LINE ( 'NONE', #4524, #805 ) ;
#5502 = PLANE ( 'NONE',  #3587 ) ;
#5503 = CARTESIAN_POINT ( 'NONE',  ( -83.06788286210057493, 15.48641401289931885, 0.5000000000000004441 ) ) ;
#5504 = EDGE_CURVE ( 'NONE', #1237, #6353, #3339, .T. ) ;
#5505 = CARTESIAN_POINT ( 'NONE',  ( -31.76788286210058132, 15.50448725967913610, 1.500000000000000444 ) ) ;
#5506 = DIRECTION ( 'NONE',  ( 0.000000000000000000, 0.000000000000000000, -1.000000000000000000 ) ) ;
#5507 = DIRECTION ( 'NONE',  ( 1.000000000000000000, 0.000000000000000000, 0.000000000000000000 ) ) ;
#5508 = ORIENTED_EDGE ( 'NONE', *, *, #10540, .T. ) ;
#5509 = EDGE_LOOP ( 'NONE', ( #8628, #5825, #5053, #3012, #7333 ) ) ;
#5510 = ORIENTED_EDGE ( 'NONE', *, *, #3586, .F. ) ;
#5511 = CARTESIAN_POINT ( 'NONE',  ( -55.41788286210058345, 22.78641401289931778, 1.500000000000000444 ) ) ;
#5512 = DIRECTION ( 'NONE',  ( -0.7071067811865462405, -0.7071067811865489050, 0.000000000000000000 ) ) ;
#5513 = LINE ( 'NONE', #9660, #5879 ) ;
#5514 = CARTESIAN_POINT ( 'NONE',  ( -84.81788286210058914, 20.80448725967914925, 0.5000000000000004441 ) ) ;
#5515 = LINE ( 'NONE', #7989, #1482 ) ;
#5516 = CARTESIAN_POINT ( 'NONE',  ( -101.3215248641183308, 13.13641401289931920, 1.500000000000000444 ) ) ;
#5517 = DIRECTION ( 'NONE',  ( -0.000000000000000000, -0.000000000000000000, 1.000000000000000000 ) ) ;
#5518 = LINE ( 'NONE', #10523, #8110 ) ;
#5519 = ORIENTED_EDGE ( 'NONE', *, *, #6524, .T. ) ;
#5520 = EDGE_CURVE ( 'NONE', #4965, #10097, #2538, .T. ) ;
#5521 = DATE_AND_TIME ( #7190, #5965 ) ;
#5522 = ORIENTED_EDGE ( 'NONE', *, *, #1414, .T. ) ;
#5523 = ORIENTED_EDGE ( 'NONE', *, *, #1708, .F. ) ;
#5524 = DESIGN_CONTEXT ( 'detailed design', #2012, 'design' ) ;
#5525 = VECTOR ( 'NONE', #9611, 1000.000000000000000 ) ;
#5526 = LINE ( 'NONE', #6281, #4167 ) ;
#5527 = DIRECTION ( 'NONE',  ( -0.7071067811865479058, 0.7071067811865470176, 0.000000000000000000 ) ) ;
#5528 = DIRECTION ( 'NONE',  ( 0.000000000000000000, -0.000000000000000000, 1.000000000000000000 ) ) ;
#5529 = CARTESIAN_POINT ( 'NONE',  ( 39.25000000000000000, 13.15429687500000355, 6.000000000000000000 ) ) ;
#5530 = EDGE_CURVE ( 'NONE', #3842, #10538, #1727, .T. ) ;
#5531 = DIRECTION ( 'NONE',  ( -0.000000000000000000, 0.000000000000000000, 1.000000000000000000 ) ) ;
#5532 = ORIENTED_EDGE ( 'NONE', *, *, #8671, .T. ) ;
#5533 = EDGE_CURVE ( 'NONE', #10534, #863, #5217, .T. ) ;
#5534 = DIRECTION ( 'NONE',  ( -1.000000000000000000, 0.000000000000000000, -0.000000000000000000 ) ) ;
#5535 = ORIENTED_EDGE ( 'NONE', *, *, #2109, .T. ) ;
#5536 = EDGE_LOOP ( 'NONE', ( #5790, #201, #3372, #6825 ) ) ;
#5537 = VECTOR ( 'NONE', #1953, 1000.000000000000114 ) ;
#5538 = ORIENTED_EDGE ( 'NONE', *, *, #10298, .F. ) ;
#5539 = EDGE_CURVE ( 'NONE', #8094, #4386, #1935, .T. ) ;
#5540 = DIRECTION ( 'NONE',  ( -0.000000000000000000, -0.000000000000000000, 1.000000000000000000 ) ) ;
#5541 = PLANE ( 'NONE',  #7361 ) ;
#5542 = ORIENTED_EDGE ( 'NONE', *, *, #3969, .T. ) ;
#5543 = CARTESIAN_POINT ( 'NONE',  ( -55.30364200201763936, 23.15429687499999289, 4.000000000000000000 ) ) ;
#5544 = VECTOR ( 'NONE', #9116, 999.9999999999998863 ) ;
#5545 = DIRECTION ( 'NONE',  ( 0.000000000000000000, 1.000000000000000000, 0.000000000000000000 ) ) ;
#5546 = DIRECTION ( 'NONE',  ( -0.000000000000000000, -0.000000000000000000, 1.000000000000000000 ) ) ;
#5547 = VECTOR ( 'NONE', #2649, 1000.000000000000000 ) ;
#5548 = ORIENTED_EDGE ( 'NONE', *, *, #3783, .F. ) ;
#5549 = CARTESIAN_POINT ( 'NONE',  ( 32.58211713789940944, 22.78641401289931778, 0.5000000000000004441 ) ) ;
#5550 = ORIENTED_EDGE ( 'NONE', *, *, #1093, .F. ) ;
#5551 = EDGE_CURVE ( 'NONE', #10093, #3527, #1116, .T. ) ;
#5552 = EDGE_LOOP ( 'NONE', ( #801, #2762, #10500, #4468 ) ) ;
#5553 = DIRECTION ( 'NONE',  ( 1.000000000000000000, -1.734723475976806902E-18, -0.000000000000000000 ) ) ;
#5554 = CARTESIAN_POINT ( 'NONE',  ( -82.41788286210059766, 13.48641401289931885, 0.5000000000000004441 ) ) ;
#5555 = DIRECTION ( 'NONE',  ( -0.000000000000000000, 0.000000000000000000, 1.000000000000000000 ) ) ;
#5556 = CARTESIAN_POINT ( 'NONE',  ( -14.06788286210058914, 15.48641401289931885, -2.999999999999999112 ) ) ;
#5557 = CARTESIAN_POINT ( 'NONE',  ( -32.41788286210059766, 22.78641401289931778, 0.5000000000000004441 ) ) ;
#5558 = CARTESIAN_POINT ( 'NONE',  ( -105.4784751358815669, 23.17217973710065948, 6.000000000000000000 ) ) ;
#5559 = CARTESIAN_POINT ( 'NONE',  ( -99.00000000000001421, 20.85065487298235709, 4.000000000000000000 ) ) ;
#5560 = ORIENTED_EDGE ( 'NONE', *, *, #9140, .T. ) ;
#5561 = EDGE_CURVE ( 'NONE', #7477, #4260, #7696, .T. ) ;
#5562 = ORIENTED_EDGE ( 'NONE', *, *, #6926, .T. ) ;
#5563 = ORIENTED_EDGE ( 'NONE', *, *, #7690, .F. ) ;
#5564 = CARTESIAN_POINT ( 'NONE',  ( 39.25000000000000000, 13.15429687500000355, 4.000000000000000000 ) ) ;
#5565 = DIRECTION ( 'NONE',  ( 0.000000000000000000, -1.000000000000000000, 0.000000000000000000 ) ) ;
#5566 = LINE ( 'NONE', #6434, #5362 ) ;
#5567 = ADVANCED_FACE ( 'NONE', ( #5914 ), #6026, .F. ) ;
#5568 = DIRECTION ( 'NONE',  ( -1.000000000000000000, 0.000000000000000000, 0.000000000000000000 ) ) ;
#5569 = DIRECTION ( 'NONE',  ( -1.000000000000000000, -0.000000000000000000, -0.000000000000000000 ) ) ;
#5570 = FACE_OUTER_BOUND ( 'NONE', #4154, .T. ) ;
#5571 = PLANE ( 'NONE',  #10515 ) ;
#5572 = VERTEX_POINT ( 'NONE', #5970 ) ;
#5573 = COORDINATED_UNIVERSAL_TIME_OFFSET ( 5, 0, .BEHIND. ) ;
#5574 = ORIENTED_EDGE ( 'NONE', *, *, #9476, .T. ) ;
#5575 = LINE ( 'NONE', #8862, #6910 ) ;
#5576 = DIRECTION ( 'NONE',  ( 0.000000000000000000, -1.000000000000000000, 0.000000000000000000 ) ) ;
#5577 = CARTESIAN_POINT ( 'NONE',  ( -128.4178828621005835, 13.48641401289931885, 0.5000000000000004441 ) ) ;
#5578 = CARTESIAN_POINT ( 'NONE',  ( -37.06788286210058203, 0.000000000000000000, 0.000000000000000000 ) ) ;
#5579 = CARTESIAN_POINT ( 'NONE',  ( -77.76788286210057777, 15.50448725967913610, 0.5000000000000004441 ) ) ;
#5580 = ORIENTED_EDGE ( 'NONE', *, *, #170, .F. ) ;
#5581 = LINE ( 'NONE', #6288, #6343 ) ;
#5582 = ORIENTED_EDGE ( 'NONE', *, *, #6653, .F. ) ;
#5583 = ORIENTED_EDGE ( 'NONE', *, *, #974, .F. ) ;
#5584 = EDGE_LOOP ( 'NONE', ( #7229, #1611, #1430, #10162 ) ) ;
#5585 = AXIS2_PLACEMENT_3D ( 'NONE', #10330, #7047, #8827 ) ;
#5586 = EDGE_CURVE ( 'NONE', #6922, #8431, #314, .T. ) ;
#5587 = LINE ( 'NONE', #6562, #1150 ) ;
#5588 = DIRECTION ( 'NONE',  ( -0.000000000000000000, -0.000000000000000000, 1.000000000000000000 ) ) ;
#5589 = DIRECTION ( 'NONE',  ( -0.000000000000000000, -0.000000000000000000, 1.000000000000000000 ) ) ;
#5590 = CARTESIAN_POINT ( 'NONE',  ( -137.3499999999999659, 10.65429687500000355, 5.000000000000000000 ) ) ;
#5591 = DIRECTION ( 'NONE',  ( 0.000000000000000000, -1.000000000000000000, 0.000000000000000000 ) ) ;
#5592 = VECTOR ( 'NONE', #5355, 1000.000000000000000 ) ;
#5593 = ORIENTED_EDGE ( 'NONE', *, *, #2639, .F. ) ;
#5594 = CARTESIAN_POINT ( 'NONE',  ( -78.32152486411830239, 23.17217973710065948, 1.500000000000000444 ) ) ;
#5595 = EDGE_LOOP ( 'NONE', ( #10459, #9823, #2078, #227 ) ) ;
#5596 = AXIS2_PLACEMENT_3D ( 'NONE', #5619, #8955, #4213 ) ;
#5597 = ORIENTED_EDGE ( 'NONE', *, *, #2014, .T. ) ;
#5598 = AXIS2_PLACEMENT_3D ( 'NONE', #4609, #9506, #4663 ) ;
#5599 = VECTOR ( 'NONE', #8893, 1000.000000000000000 ) ;
#5600 = CARTESIAN_POINT ( 'NONE',  ( 8.932117137899432180, 20.78641401289932134, -2.999999999999999112 ) ) ;
#5601 = EDGE_CURVE ( 'NONE', #6468, #5357, #4258, .T. ) ;
#5602 = CARTESIAN_POINT ( 'NONE',  ( -75.38211713789925739, 20.23277201088161803, 1.500000000000000444 ) ) ;
#5603 = CARTESIAN_POINT ( 'NONE',  ( -124.4178828621005835, 20.78641401289932134, 0.5000000000000004441 ) ) ;
#5604 = LINE ( 'NONE', #9092, #6112 ) ;
#5605 = ADVANCED_FACE ( 'NONE', ( #5113 ), #164, .F. ) ;
#5606 = CARTESIAN_POINT ( 'NONE',  ( 39.25000000000000711, 15.45793887701764291, 3.999999999999999112 ) ) ;
#5607 = DIRECTION ( 'NONE',  ( 0.000000000000000000, 0.000000000000000000, -1.000000000000000000 ) ) ;
#5608 = CARTESIAN_POINT ( 'NONE',  ( -31.76788286210058132, 15.48641401289931885, -2.999999999999999112 ) ) ;
#5609 = ORIENTED_EDGE ( 'NONE', *, *, #4574, .F. ) ;
#5610 = VERTEX_POINT ( 'NONE', #4308 ) ;
#5611 = ORIENTED_EDGE ( 'NONE', *, *, #2077, .F. ) ;
#5612 = VECTOR ( 'NONE', #3356, 1000.000000000000000 ) ;
#5613 = ORIENTED_EDGE ( 'NONE', *, *, #5837, .T. ) ;
#5614 = CARTESIAN_POINT ( 'NONE',  ( -82.49635799798221569, 13.15429687499999289, 1.500000000000000444 ) ) ;
#5615 = EDGE_CURVE ( 'NONE', #6972, #7903, #5059, .T. ) ;
#5616 = CARTESIAN_POINT ( 'NONE',  ( 138.0000000000000000, 0.000000000000000000, 0.5000000000000004441 ) ) ;
#5617 = PLANE ( 'NONE',  #10525 ) ;
#5618 = VECTOR ( 'NONE', #166, 1000.000000000000000 ) ;
#5619 = CARTESIAN_POINT ( 'NONE',  ( -137.7499999999999716, 25.65429687500000355, 6.000000000000000000 ) ) ;
#5620 = CARTESIAN_POINT ( 'NONE',  ( -106.0678828621005891, 20.78641401289932134, 1.500000000000000444 ) ) ;
#5621 = CARTESIAN_POINT ( 'NONE',  ( -129.0678828621005891, 0.000000000000000000, 0.000000000000000000 ) ) ;
#5622 = CARTESIAN_POINT ( 'NONE',  ( -55.32152486411830239, 23.17217973710065948, 1.500000000000000444 ) ) ;
#5623 = VERTEX_POINT ( 'NONE', #8346 ) ;
#5624 = VECTOR ( 'NONE', #3163, 1000.000000000000000 ) ;
#5625 = PERSON_AND_ORGANIZATION ( #1199, #7518 ) ;
#5626 = ORIENTED_EDGE ( 'NONE', *, *, #5946, .T. ) ;
#5627 = ORIENTED_EDGE ( 'NONE', *, *, #552, .F. ) ;
#5628 = EDGE_CURVE ( 'NONE', #2025, #4441, #2688, .T. ) ;
#5629 = VECTOR ( 'NONE', #5494, 1000.000000000000114 ) ;
#5630 = VECTOR ( 'NONE', #3884, 1000.000000000000000 ) ;
#5631 = DIRECTION ( 'NONE',  ( 1.000000000000000000, 0.000000000000000000, -0.000000000000000000 ) ) ;
#5632 = CARTESIAN_POINT ( 'NONE',  ( -9.417882862100587005, 20.78641401289932134, 0.5000000000000004441 ) ) ;
#5633 = VECTOR ( 'NONE', #3639, 1000.000000000000000 ) ;
#5634 = DIRECTION ( 'NONE',  ( 6.938893903907228378E-15, 1.000000000000000000, 0.000000000000000000 ) ) ;
#5635 = LINE ( 'NONE', #8921, #7324 ) ;
#5636 = CARTESIAN_POINT ( 'NONE',  ( -13.41788286210060477, 15.48641401289931885, 1.500000000000000444 ) ) ;
#5637 = ORIENTED_EDGE ( 'NONE', *, *, #10226, .T. ) ;
#5638 = CARTESIAN_POINT ( 'NONE',  ( -16.41788286210060832, 16.07582173911837842, 4.000000000000000000 ) ) ;
#5639 = ORIENTED_EDGE ( 'NONE', *, *, #2183, .F. ) ;
#5640 = VECTOR ( 'NONE', #9735, 1000.000000000000000 ) ;
#5641 = VERTEX_POINT ( 'NONE', #365 ) ;
#5642 = EDGE_LOOP ( 'NONE', ( #7348, #1092, #4507, #2433 ) ) ;
#5643 = VECTOR ( 'NONE', #2476, 1000.000000000000000 ) ;
#5644 = CARTESIAN_POINT ( 'NONE',  ( -124.3215248641183166, 13.13641401289931920, 1.500000000000000444 ) ) ;
#5645 = CARTESIAN_POINT ( 'NONE',  ( -9.417882862100587005, 15.48641401289931885, 1.500000000000000444 ) ) ;
#5646 = DIRECTION ( 'NONE',  ( -0.7071067811865474617, -0.7071067811865474617, 0.000000000000000000 ) ) ;
#5647 = PLANE ( 'NONE',  #8341 ) ;
#5648 = LINE ( 'NONE', #9639, #4646 ) ;
#5649 = ORIENTED_EDGE ( 'NONE', *, *, #7764, .F. ) ;
#5650 = LINE ( 'NONE', #9692, #8381 ) ;
#5651 = ORIENTED_EDGE ( 'NONE', *, *, #5136, .T. ) ;
#5652 = ADVANCED_FACE ( 'NONE', ( #3449 ), #7590, .T. ) ;
#5653 = ORIENTED_EDGE ( 'NONE', *, *, #1348, .F. ) ;
#5654 = EDGE_CURVE ( 'NONE', #1848, #10318, #2799, .T. ) ;
#5655 = CARTESIAN_POINT ( 'NONE',  ( -105.4178828621005977, 15.48641401289931885, 1.500000000000000444 ) ) ;
#5656 = LINE ( 'NONE', #3178, #10273 ) ;
#5657 = VECTOR ( 'NONE', #849, 1000.000000000000000 ) ;
#5658 = FACE_OUTER_BOUND ( 'NONE', #4023, .T. ) ;
#5659 = EDGE_CURVE ( 'NONE', #229, #370, #2745, .T. ) ;
#5660 = CARTESIAN_POINT ( 'NONE',  ( -84.79999999999985505, 20.85065487298235709, 1.500000000000000444 ) ) ;
#5661 = FACE_BOUND ( 'NONE', #3667, .T. ) ;
#5662 = LINE ( 'NONE', #5608, #28 ) ;
#5663 = ORIENTED_EDGE ( 'NONE', *, *, #2465, .F. ) ;
#5664 = EDGE_CURVE ( 'NONE', #3512, #9885, #6687, .T. ) ;
#5665 = VERTEX_POINT ( 'NONE', #4355 ) ;
#5666 = AXIS2_PLACEMENT_3D ( 'NONE', #9949, #2577, #1554 ) ;
#5667 = VERTEX_POINT ( 'NONE', #7639 ) ;
#5668 = EDGE_CURVE ( 'NONE', #908, #9173, #261, .T. ) ;
#5669 = CARTESIAN_POINT ( 'NONE',  ( -137.7499999999999716, 13.90429687500000355, 1.000000000000000000 ) ) ;
#5670 = CARTESIAN_POINT ( 'NONE',  ( -32.41788286210058345, 20.78641401289932134, 1.500000000000000444 ) ) ;
#5671 = CARTESIAN_POINT ( 'NONE',  ( 51.11666666666671688, 15.92096354166690197, 5.266666666666730556 ) ) ;
#5672 = LINE ( 'NONE', #7287, #3361 ) ;
#5673 = VECTOR ( 'NONE', #9259, 1000.000000000000000 ) ;
#5674 = DIRECTION ( 'NONE',  ( -0.000000000000000000, -1.000000000000000000, -0.000000000000000000 ) ) ;
#5675 = LINE ( 'NONE', #1582, #7334 ) ;
#5676 = CARTESIAN_POINT ( 'NONE',  ( -54.76788286210057777, 20.78641401289932134, -2.999999999999999112 ) ) ;
#5677 = VERTEX_POINT ( 'NONE', #5270 ) ;
#5678 = VERTEX_POINT ( 'NONE', #10118 ) ;
#5679 = EDGE_CURVE ( 'NONE', #10590, #5678, #8558, .T. ) ;
#5680 = ORIENTED_EDGE ( 'NONE', *, *, #9014, .T. ) ;
#5681 = DIRECTION ( 'NONE',  ( -0.7071067811865483499, 0.7071067811865466846, 0.000000000000000000 ) ) ;
#5682 = DIRECTION ( 'NONE',  ( 0.000000000000000000, -1.000000000000000000, 0.000000000000000000 ) ) ;
#5683 = DIRECTION ( 'NONE',  ( 6.938893903907228378E-15, 1.000000000000000000, -0.000000000000000000 ) ) ;
#5684 = DIRECTION ( 'NONE',  ( -0.7071067811865474617, -0.7071067811865474617, 0.000000000000000000 ) ) ;
#5685 = PLANE ( 'NONE',  #2668 ) ;
#5686 = ORIENTED_EDGE ( 'NONE', *, *, #2127, .T. ) ;
#5687 = CARTESIAN_POINT ( 'NONE',  ( -54.76788286210057777, 15.50448725967913610, 0.5000000000000004441 ) ) ;
#5688 = ORIENTED_EDGE ( 'NONE', *, *, #5561, .F. ) ;
#5689 = EDGE_CURVE ( 'NONE', #6057, #1976, #9962, .T. ) ;
#5690 = ORIENTED_EDGE ( 'NONE', *, *, #1392, .F. ) ;
#5691 = VERTEX_POINT ( 'NONE', #5327 ) ;
#5692 = VECTOR ( 'NONE', #6318, 1000.000000000000000 ) ;
#5693 = DIRECTION ( 'NONE',  ( 0.000000000000000000, 1.000000000000000000, 0.000000000000000000 ) ) ;
#5694 = CARTESIAN_POINT ( 'NONE',  ( 13.58211713789941832, 22.78641401289931778, 0.5000000000000004441 ) ) ;
#5695 = DIRECTION ( 'NONE',  ( -1.000000000000000000, 0.000000000000000000, 0.000000000000000000 ) ) ;
#5696 = DIRECTION ( 'NONE',  ( 1.000000000000000000, 9.183830166936036979E-17, -0.000000000000000000 ) ) ;
#5697 = EDGE_CURVE ( 'NONE', #1601, #10237, #9638, .T. ) ;
#5698 = CARTESIAN_POINT ( 'NONE',  ( 0.000000000000000000, 0.000000000000000000, 4.000000000000000000 ) ) ;
#5699 = ORIENTED_EDGE ( 'NONE', *, *, #7702, .F. ) ;
#5700 = DIRECTION ( 'NONE',  ( 1.000000000000000000, 6.938893903907234689E-15, 0.000000000000000000 ) ) ;
#5702 = VERTEX_POINT ( 'NONE', #5435 ) ;
#5701 = VECTOR ( 'NONE', #7720, 1000.000000000000000 ) ;
#5703 = EDGE_LOOP ( 'NONE', ( #6631, #5900, #7716, #10574, #670 ) ) ;
#5704 = ADVANCED_BREP_SHAPE_REPRESENTATION ( 'DIY 8-LED Holder Cut', ( #7672, #4589 ), #9235 ) ;
#5705 = VECTOR ( 'NONE', #3108, 1000.000000000000000 ) ;
#5706 = FACE_OUTER_BOUND ( 'NONE', #10348, .T. ) ;
#5707 = DIRECTION ( 'NONE',  ( -0.000000000000000000, -0.000000000000000000, 1.000000000000000000 ) ) ;
#5708 = AXIS2_PLACEMENT_3D ( 'NONE', #7551, #9061, #9974 ) ;
#5709 = CARTESIAN_POINT ( 'NONE',  ( -82.47847513588156687, 23.17217973710065948, 1.500000000000000444 ) ) ;
#5710 = CARTESIAN_POINT ( 'NONE',  ( -107.7999999999998693, 15.45793887701764291, 1.500000000000000444 ) ) ;
#5711 = VERTEX_POINT ( 'NONE', #8775 ) ;
#5712 = DIRECTION ( 'NONE',  ( 1.000000000000000000, 0.000000000000000000, 0.000000000000000000 ) ) ;
#5713 = LINE ( 'NONE', #3401, #8112 ) ;
#5714 = ORIENTED_EDGE ( 'NONE', *, *, #9125, .F. ) ;
#5715 = ORIENTED_EDGE ( 'NONE', *, *, #9043, .F. ) ;
#5716 = ORIENTED_EDGE ( 'NONE', *, *, #4661, .T. ) ;
#5717 = EDGE_CURVE ( 'NONE', #8445, #6983, #7965, .T. ) ;
#5718 = EDGE_CURVE ( 'NONE', #617, #6278, #2261, .T. ) ;
#5719 = LINE ( 'NONE', #869, #9748 ) ;
#5720 = EDGE_CURVE ( 'NONE', #2882, #4950, #6196, .T. ) ;
#5721 = CARTESIAN_POINT ( 'NONE',  ( -36.41788286210059766, 22.78641401289931778, 0.5000000000000004441 ) ) ;
#5722 = PLANE ( 'NONE',  #2451 ) ;
#5723 = LINE ( 'NONE', #4914, #2845 ) ;
#5724 = EDGE_CURVE ( 'NONE', #9598, #7015, #9581, .T. ) ;
#5725 = DIRECTION ( 'NONE',  ( 9.183830166936036979E-17, -1.000000000000000000, 0.000000000000000000 ) ) ;
#5726 = FACE_OUTER_BOUND ( 'NONE', #2314, .T. ) ;
#5727 = DIRECTION ( 'NONE',  ( -0.000000000000000000, -0.000000000000000000, 1.000000000000000000 ) ) ;
#5728 = VERTEX_POINT ( 'NONE', #4732 ) ;
#5729 = VERTEX_POINT ( 'NONE', #3871 ) ;
#5730 = EDGE_LOOP ( 'NONE', ( #8145, #8093, #9193, #118, #10399, #5863, #3441, #3891, #4060, #2826 ) ) ;
#5731 = EDGE_CURVE ( 'NONE', #1326, #2484, #582, .T. ) ;
#5732 = DIRECTION ( 'NONE',  ( -0.000000000000000000, -0.000000000000000000, 1.000000000000000000 ) ) ;
#5733 = DIRECTION ( 'NONE',  ( 0.000000000000000000, 0.7071067811865479058, 0.7071067811865472397 ) ) ;
#5734 = EDGE_CURVE ( 'NONE', #4626, #2038, #3708, .T. ) ;
#5735 = CARTESIAN_POINT ( 'NONE',  ( -30.01788286210058132, 15.50448725967913610, 0.5000000000000004441 ) ) ;
#5736 = CARTESIAN_POINT ( 'NONE',  ( -13.47847513588157398, 23.17217973710065948, 1.500000000000000444 ) ) ;
#5737 = DIRECTION ( 'NONE',  ( -0.7071067811865483499, 0.7071067811865466846, 1.137307002876259321E-16 ) ) ;
#5738 = EDGE_LOOP ( 'NONE', ( #4348, #686, #7037, #5935, #7998 ) ) ;
#5739 = CARTESIAN_POINT ( 'NONE',  ( -137.7499999999999716, 20.85065487298235709, 2.500000000000000000 ) ) ;
#5740 = EDGE_CURVE ( 'NONE', #4480, #7294, #7914, .T. ) ;
#5741 = ORIENTED_EDGE ( 'NONE', *, *, #1898, .F. ) ;
#5742 = ORIENTED_EDGE ( 'NONE', *, *, #3368, .F. ) ;
#5743 = VERTEX_POINT ( 'NONE', #2148 ) ;
#5744 = CARTESIAN_POINT ( 'NONE',  ( -78.41788286210058345, 15.48641401289931885, 1.500000000000000444 ) ) ;
#5745 = CARTESIAN_POINT ( 'NONE',  ( 13.67847513588169051, 13.13641401289931920, 2.499999999999998668 ) ) ;
#5746 = ADVANCED_FACE ( 'NONE', ( #10277 ), #4628, .F. ) ;
#5747 = PLANE ( 'NONE',  #2403 ) ;
#5748 = LINE ( 'NONE', #3983, #7136 ) ;
#5749 = DIRECTION ( 'NONE',  ( 0.000000000000000000, -1.000000000000000000, 0.000000000000000000 ) ) ;
#5750 = VERTEX_POINT ( 'NONE', #7803 ) ;
#5751 = CARTESIAN_POINT ( 'NONE',  ( 14.23211713789943111, 20.78641401289932134, -2.999999999999999112 ) ) ;
#5752 = ORIENTED_EDGE ( 'NONE', *, *, #1612, .T. ) ;
#5753 = VERTEX_POINT ( 'NONE', #10382 ) ;
#5754 = EDGE_CURVE ( 'NONE', #4613, #10489, #6993, .T. ) ;
#5755 = LINE ( 'NONE', #3336, #2550 ) ;
#5756 = PLANE ( 'NONE',  #9759 ) ;
#5757 = VECTOR ( 'NONE', #1232, 1000.000000000000000 ) ;
#5758 = DIRECTION ( 'NONE',  ( -0.000000000000000000, -0.000000000000000000, 1.000000000000000000 ) ) ;
#5759 = DIRECTION ( 'NONE',  ( -0.000000000000000000, -0.000000000000000000, 1.000000000000000000 ) ) ;
#5760 = AXIS2_PLACEMENT_3D ( 'NONE', #338, #1035, #231 ) ;
#5761 = ORIENTED_EDGE ( 'NONE', *, *, #9283, .F. ) ;
#5762 = LINE ( 'NONE', #9964, #3038 ) ;
#5763 = CARTESIAN_POINT ( 'NONE',  ( -78.41788286210058345, 20.78641401289932134, 0.5000000000000004441 ) ) ;
#5764 = ORIENTED_EDGE ( 'NONE', *, *, #1679, .T. ) ;
#5765 = ORIENTED_EDGE ( 'NONE', *, *, #9015, .F. ) ;
#5766 = ORIENTED_EDGE ( 'NONE', *, *, #4375, .F. ) ;
#5767 = AXIS2_PLACEMENT_3D ( 'NONE', #9458, #5367, #9626 ) ;
#5768 = AXIS2_PLACEMENT_3D ( 'NONE', #303, #10313, #8543 ) ;
#5769 = DIRECTION ( 'NONE',  ( -0.7071067811865483499, 0.7071067811865466846, 1.137307002876259321E-16 ) ) ;
#5770 = DIRECTION ( 'NONE',  ( -0.7071067811865462405, -0.7071067811865489050, 0.000000000000000000 ) ) ;
#5771 = FACE_OUTER_BOUND ( 'NONE', #1438, .T. ) ;
#5772 = CARTESIAN_POINT ( 'NONE',  ( -62.41788286210059056, 16.07582173911837842, 1.500000000000000444 ) ) ;
#5773 = VECTOR ( 'NONE', #7679, 1000.000000000000000 ) ;
#5774 = CARTESIAN_POINT ( 'NONE',  ( 46.25000000000000000, 11.05429687500001457, 4.834314575050758123 ) ) ;
#5775 = CARTESIAN_POINT ( 'NONE',  ( -9.417882862100587005, 15.48641401289931885, 0.5000000000000004441 ) ) ;
#5776 = CARTESIAN_POINT ( 'NONE',  ( -9.417882862100601216, 13.48641401289931885, 0.5000000000000004441 ) ) ;
#5777 = VERTEX_POINT ( 'NONE', #3009 ) ;
#5778 = VECTOR ( 'NONE', #5517, 1000.000000000000000 ) ;
#5779 = VERTEX_POINT ( 'NONE', #7857 ) ;
#5780 = EDGE_CURVE ( 'NONE', #6309, #8703, #2906, .T. ) ;
#5781 = VERTEX_POINT ( 'NONE', #2209 ) ;
#5782 = ADVANCED_FACE ( 'NONE', ( #10441 ), #8018, .T. ) ;
#5783 = VECTOR ( 'NONE', #1842, 999.9999999999998863 ) ;
#5784 = DIRECTION ( 'NONE',  ( -0.000000000000000000, -0.000000000000000000, 1.000000000000000000 ) ) ;
#5785 = FACE_OUTER_BOUND ( 'NONE', #660, .T. ) ;
#5786 = AXIS2_PLACEMENT_3D ( 'NONE', #9081, #8975, #1597 ) ;
#5787 = LINE ( 'NONE', #7250, #7893 ) ;
#5788 = CARTESIAN_POINT ( 'NONE',  ( -107.8178828621005891, 20.80448725967914925, 1.500000000000000444 ) ) ;
#5789 = CARTESIAN_POINT ( 'NONE',  ( -59.41788286210059056, 22.78641401289931778, 0.5000000000000004441 ) ) ;
#5790 = ORIENTED_EDGE ( 'NONE', *, *, #10068, .T. ) ;
#5791 = DIRECTION ( 'NONE',  ( -0.7071067811865462405, -0.7071067811865489050, -1.137307002876262525E-16 ) ) ;
#5792 = VERTEX_POINT ( 'NONE', #6246 ) ;
#5793 = CC_DESIGN_APPROVAL ( #7834, ( #8898 ) ) ;
#5794 = ORIENTED_EDGE ( 'NONE', *, *, #1318, .T. ) ;
#5795 = ORIENTED_EDGE ( 'NONE', *, *, #7109, .T. ) ;
#5796 = VECTOR ( 'NONE', #3247, 1000.000000000000000 ) ;
#5797 = EDGE_CURVE ( 'NONE', #4312, #5702, #5490, .T. ) ;
#5798 = ADVANCED_FACE ( 'NONE', ( #2047 ), #3766, .F. ) ;
#5799 = LINE ( 'NONE', #8581, #2951 ) ;
#5800 = LINE ( 'NONE', #6671, #4588 ) ;
#5801 = DIRECTION ( 'NONE',  ( 1.000000000000000000, 0.000000000000000000, 0.000000000000000000 ) ) ;
#5802 = DIRECTION ( 'NONE',  ( 1.000000000000000000, 2.478176394252582127E-16, -0.000000000000000000 ) ) ;
#5803 = CARTESIAN_POINT ( 'NONE',  ( 13.58211713789941832, 13.48641401289931885, 1.500000000000000444 ) ) ;
#5804 = CARTESIAN_POINT ( 'NONE',  ( -82.41788286210059766, 20.78641401289932134, 0.5000000000000004441 ) ) ;
#5805 = AXIS2_PLACEMENT_3D ( 'NONE', #10438, #6133, #526 ) ;
#5806 = CARTESIAN_POINT ( 'NONE',  ( -14.06788286210058914, 15.48641401289931885, 0.5000000000000004441 ) ) ;
#5807 = VERTEX_POINT ( 'NONE', #2960 ) ;
#5808 = LINE ( 'NONE', #4794, #6145 ) ;
#5809 = ORIENTED_EDGE ( 'NONE', *, *, #4080, .F. ) ;
#5810 = ORIENTED_EDGE ( 'NONE', *, *, #9745, .F. ) ;
#5811 = AXIS2_PLACEMENT_3D ( 'NONE', #8656, #2144, #525 ) ;
#5812 = EDGE_CURVE ( 'NONE', #6186, #3243, #9522, .T. ) ;
#5813 = VECTOR ( 'NONE', #5924, 1000.000000000000000 ) ;
#5814 = VECTOR ( 'NONE', #7901, 1000.000000000000000 ) ;
#5815 = PLANE ( 'NONE',  #10284 ) ;
#5816 = DIRECTION ( 'NONE',  ( -0.000000000000000000, -0.000000000000000000, 1.000000000000000000 ) ) ;
#5817 = CARTESIAN_POINT ( 'NONE',  ( -105.4178828621005977, 20.78641401289932134, 0.5000000000000004441 ) ) ;
#5818 = CARTESIAN_POINT ( 'NONE',  ( -32.32152486411832371, 13.13641401289931920, 6.000000000000000000 ) ) ;
#5819 = VECTOR ( 'NONE', #7925, 1000.000000000000114 ) ;
#5820 = ORIENTED_EDGE ( 'NONE', *, *, #5055, .T. ) ;
#5821 = CARTESIAN_POINT ( 'NONE',  ( 0.000000000000000000, 0.000000000000000000, 4.000000000000000000 ) ) ;
#5822 = LINE ( 'NONE', #9109, #6221 ) ;
#5823 = ORIENTED_EDGE ( 'NONE', *, *, #7960, .T. ) ;
#5824 = ADVANCED_FACE ( 'NONE', ( #794 ), #8131, .F. ) ;
#5825 = ORIENTED_EDGE ( 'NONE', *, *, #1392, .T. ) ;
#5826 = EDGE_CURVE ( 'NONE', #10126, #3740, #2311, .T. ) ;
#5827 = ORIENTED_EDGE ( 'NONE', *, *, #2544, .F. ) ;
#5828 = AXIS2_PLACEMENT_3D ( 'NONE', #9469, #690, #5434 ) ;
#5829 = CARTESIAN_POINT ( 'NONE',  ( 29.58211713789940589, 16.07582173911837842, 2.499999999999999112 ) ) ;
#5830 = EDGE_CURVE ( 'NONE', #4119, #10048, #5748, .T. ) ;
#5831 = FACE_OUTER_BOUND ( 'NONE', #8998, .T. ) ;
#5832 = DIRECTION ( 'NONE',  ( 1.000000000000000000, -0.000000000000000000, -0.000000000000000000 ) ) ;
#5833 = LINE ( 'NONE', #9975, #89 ) ;
#5834 = CARTESIAN_POINT ( 'NONE',  ( 30.18211713789942152, 15.48641401289931885, 0.5000000000000004441 ) ) ;
#5835 = DIRECTION ( 'NONE',  ( 2.790120544412910805E-34, 1.608394988049504315E-16, -1.000000000000000000 ) ) ;
#5836 = EDGE_LOOP ( 'NONE', ( #7956, #8565, #3977, #6208, #3975, #8816, #3077, #7673, #9440, #6377, #3399, #5292, #422, #10492, #1802, #5639 ) ) ;
#5837 = EDGE_CURVE ( 'NONE', #9329, #8950, #3934, .T. ) ;
#5838 = VECTOR ( 'NONE', #6515, 1000.000000000000000 ) ;
#5839 = ORIENTED_EDGE ( 'NONE', *, *, #9704, .F. ) ;
#5840 = EDGE_LOOP ( 'NONE', ( #4275, #5714, #1758, #5649 ) ) ;
#5841 = VECTOR ( 'NONE', #4817, 1000.000000000000000 ) ;
#5842 = DIRECTION ( 'NONE',  ( -1.000000000000000000, 0.000000000000000000, 0.000000000000000000 ) ) ;
#5843 = CARTESIAN_POINT ( 'NONE',  ( -83.06788286210057493, 20.80448725967914925, 0.5000000000000004441 ) ) ;
#5844 = CARTESIAN_POINT ( 'NONE',  ( 8.932117137899432180, 20.80448725967914925, 1.500000000000000444 ) ) ;
#5845 = FACE_BOUND ( 'NONE', #2214, .T. ) ;
#5846 = PLANE ( 'NONE',  #2332 ) ;
#5847 = EDGE_LOOP ( 'NONE', ( #8393, #347, #3773, #3976 ) ) ;
#5848 = VERTEX_POINT ( 'NONE', #9790 ) ;
#5849 = EDGE_LOOP ( 'NONE', ( #4323, #6300, #8588, #40 ) ) ;
#5850 = ORIENTED_EDGE ( 'NONE', *, *, #10095, .T. ) ;
#5851 = EDGE_CURVE ( 'NONE', #10083, #6045, #7369, .T. ) ;
#5852 = PLANE ( 'NONE',  #8451 ) ;
#5853 = EDGE_CURVE ( 'NONE', #2475, #8520, #2419, .T. ) ;
#5854 = CARTESIAN_POINT ( 'NONE',  ( 13.67847513588169051, 13.13641401289931920, 1.500000000000000444 ) ) ;
#5855 = EDGE_CURVE ( 'NONE', #6856, #3740, #10647, .T. ) ;
#5856 = LINE ( 'NONE', #5953, #5981 ) ;
#5857 = CARTESIAN_POINT ( 'NONE',  ( 39.25000000000000000, 13.15429687500000355, 4.000000000000000000 ) ) ;
#5858 = CARTESIAN_POINT ( 'NONE',  ( -128.4963579979821588, 13.15429687499997513, 4.000000000000000000 ) ) ;
#5859 = LINE ( 'NONE', #9351, #425 ) ;
#5860 = CARTESIAN_POINT ( 'NONE',  ( 31.93211713789942507, 20.80448725967914925, 1.500000000000000444 ) ) ;
#5861 = ORIENTED_EDGE ( 'NONE', *, *, #7208, .T. ) ;
#5862 = CARTESIAN_POINT ( 'NONE',  ( 0.000000000000000000, 0.000000000000000000, 4.000000000000000000 ) ) ;
#5863 = ORIENTED_EDGE ( 'NONE', *, *, #6623, .T. ) ;
#5864 = ADVANCED_FACE ( 'NONE', ( #7313 ), #3223, .F. ) ;
#5865 = VERTEX_POINT ( 'NONE', #3276 ) ;
#5866 = DIRECTION ( 'NONE',  ( 0.000000000000000000, -1.000000000000000000, 0.000000000000000000 ) ) ;
#5867 = LINE ( 'NONE', #7587, #1332 ) ;
#5868 = LINE ( 'NONE', #6733, #315 ) ;
#5869 = VECTOR ( 'NONE', #6701, 1000.000000000000000 ) ;
#5870 = CARTESIAN_POINT ( 'NONE',  ( 39.25000000000000000, 23.15429687500000000, 4.000000000000000000 ) ) ;
#5871 = EDGE_CURVE ( 'NONE', #7094, #7375, #8877, .T. ) ;
#5872 = VERTEX_POINT ( 'NONE', #1658 ) ;
#5873 = CARTESIAN_POINT ( 'NONE',  ( -78.32152486411831660, 13.13641401289931920, 6.000000000000000000 ) ) ;
#5874 = DIRECTION ( 'NONE',  ( 1.000000000000000000, 9.183830166936036979E-17, -0.000000000000000000 ) ) ;
#5875 = VERTEX_POINT ( 'NONE', #1606 ) ;
#5876 = VERTEX_POINT ( 'NONE', #4791 ) ;
#5877 = ORIENTED_EDGE ( 'NONE', *, *, #4802, .T. ) ;
#5878 = VECTOR ( 'NONE', #2766, 1000.000000000000000 ) ;
#5879 = VECTOR ( 'NONE', #3846, 1000.000000000000114 ) ;
#5880 = CARTESIAN_POINT ( 'NONE',  ( 45.84999999999998721, 13.90429687500000355, 6.000000000000001776 ) ) ;
#5881 = CARTESIAN_POINT ( 'NONE',  ( -39.41788286210059766, 20.23277201088161448, 1.500000000000000444 ) ) ;
#5882 = CARTESIAN_POINT ( 'NONE',  ( -83.06788286210057493, 20.78641401289932134, 1.500000000000000444 ) ) ;
#5883 = DIRECTION ( 'NONE',  ( 0.5773502691896190697, -0.5773502691896391648, 0.5773502691896191807 ) ) ;
#5884 = ADVANCED_FACE ( 'NONE', ( #4943 ), #850, .F. ) ;
#5885 = LINE ( 'NONE', #8265, #5948 ) ;
#5886 = VECTOR ( 'NONE', #871, 1000.000000000000000 ) ;
#5887 = DIRECTION ( 'NONE',  ( 0.000000000000000000, -0.000000000000000000, 1.000000000000000000 ) ) ;
#5888 = VERTEX_POINT ( 'NONE', #6565 ) ;
#5889 = VERTEX_POINT ( 'NONE', #5590 ) ;
#5890 = ORIENTED_EDGE ( 'NONE', *, *, #7781, .F. ) ;
#5891 = EDGE_CURVE ( 'NONE', #8723, #6342, #7421, .T. ) ;
#5892 = CARTESIAN_POINT ( 'NONE',  ( -122.0178828621005778, 20.78641401289932134, 0.5000000000000004441 ) ) ;
#5893 = CARTESIAN_POINT ( 'NONE',  ( -106.0678828621005891, 20.78641401289932134, -2.999999999999999112 ) ) ;
#5894 = LINE ( 'NONE', #9179, #3603 ) ;
#5895 = DIRECTION ( 'NONE',  ( -0.000000000000000000, 0.000000000000000000, 1.000000000000000000 ) ) ;
#5896 = PLANE ( 'NONE',  #6800 ) ;
#5897 = ORIENTED_EDGE ( 'NONE', *, *, #7506, .F. ) ;
#5898 = EDGE_LOOP ( 'NONE', ( #5410, #693, #5178, #10269, #5132, #3075, #9339, #8608 ) ) ;
#5899 = ORIENTED_EDGE ( 'NONE', *, *, #6597, .T. ) ;
#5900 = ORIENTED_EDGE ( 'NONE', *, *, #7851, .F. ) ;
#5901 = DIRECTION ( 'NONE',  ( -0.000000000000000000, -1.000000000000000000, -0.000000000000000000 ) ) ;
#5902 = DIRECTION ( 'NONE',  ( 9.183830166936036979E-17, -1.000000000000000000, 0.000000000000000000 ) ) ;
#5903 = DIRECTION ( 'NONE',  ( 1.000000000000000000, -1.734723475976806902E-18, -0.000000000000000000 ) ) ;
#5904 = CARTESIAN_POINT ( 'NONE',  ( -30.00000000000000000, 20.85065487298235709, 4.000000000000000000 ) ) ;
#5905 = LINE ( 'NONE', #8389, #10575 ) ;
#5906 = CARTESIAN_POINT ( 'NONE',  ( -55.32152486411831660, 13.13641401289931920, 1.500000000000000444 ) ) ;
#5907 = VERTEX_POINT ( 'NONE', #4889 ) ;
#5908 = VERTEX_POINT ( 'NONE', #46 ) ;
#5909 = VERTEX_POINT ( 'NONE', #2469 ) ;
#5910 = EDGE_CURVE ( 'NONE', #9222, #8950, #9894, .T. ) ;
#5911 = DIRECTION ( 'NONE',  ( 1.000000000000000000, 0.000000000000000000, 0.000000000000000000 ) ) ;
#5912 = DIRECTION ( 'NONE',  ( 0.7071067811865474617, 0.7071067811865474617, 0.000000000000000000 ) ) ;
#5913 = DIRECTION ( 'NONE',  ( 0.7071067811865474617, 0.7071067811865474617, 1.137307002876260553E-16 ) ) ;
#5914 = FACE_OUTER_BOUND ( 'NONE', #9366, .T. ) ;
#5915 = EDGE_LOOP ( 'NONE', ( #4398, #3255, #5105, #9289 ) ) ;
#5916 = LINE ( 'NONE', #6839, #9572 ) ;
#5917 = LINE ( 'NONE', #865, #538 ) ;
#5918 = ORIENTED_EDGE ( 'NONE', *, *, #6488, .F. ) ;
#5919 = EDGE_CURVE ( 'NONE', #2607, #5623, #2524, .T. ) ;
#5920 = ORIENTED_EDGE ( 'NONE', *, *, #713, .T. ) ;
#5921 = VERTEX_POINT ( 'NONE', #9093 ) ;
#5922 = ADVANCED_FACE ( 'NONE', ( #10498 ), #5647, .F. ) ;
#5923 = VECTOR ( 'NONE', #5696, 1000.000000000000000 ) ;
#5924 = DIRECTION ( 'NONE',  ( -0.000000000000000000, -1.000000000000000000, -0.000000000000000000 ) ) ;
#5925 = DIRECTION ( 'NONE',  ( 1.000000000000000000, 0.000000000000000000, 0.000000000000000000 ) ) ;
#5926 = EDGE_CURVE ( 'NONE', #8723, #9174, #4031, .T. ) ;
#5927 = CARTESIAN_POINT ( 'NONE',  ( -137.3499999999999659, 25.65429687500000355, 5.000000000000000000 ) ) ;
#5928 = CARTESIAN_POINT ( 'NONE',  ( 32.58211713789940944, 20.78641401289932134, 0.5000000000000004441 ) ) ;
#5929 = LINE ( 'NONE', #9218, #8371 ) ;
#5930 = LINE ( 'NONE', #226, #4660 ) ;
#5931 = ORIENTED_EDGE ( 'NONE', *, *, #9979, .T. ) ;
#5932 = ORIENTED_EDGE ( 'NONE', *, *, #9762, .T. ) ;
#5933 = VECTOR ( 'NONE', #5258, 1000.000000000000000 ) ;
#5934 = VECTOR ( 'NONE', #176, 1000.000000000000000 ) ;
#5935 = ORIENTED_EDGE ( 'NONE', *, *, #1920, .T. ) ;
#5936 = EDGE_CURVE ( 'NONE', #889, #10150, #8440, .T. ) ;
#5937 = AXIS2_PLACEMENT_3D ( 'NONE', #183, #884, #2506 ) ;
#5938 = VECTOR ( 'NONE', #1487, 1000.000000000000000 ) ;
#5939 = PLANE ( 'NONE',  #6750 ) ;
#5940 = DIRECTION ( 'NONE',  ( -1.000000000000000000, 0.000000000000000000, 0.000000000000000000 ) ) ;
#5941 = LINE ( 'NONE', #233, #8078 ) ;
#5942 = DIRECTION ( 'NONE',  ( 1.000000000000000000, 0.000000000000000000, -0.000000000000000000 ) ) ;
#5943 = LINE ( 'NONE', #8428, #259 ) ;
#5944 = ORIENTED_EDGE ( 'NONE', *, *, #10271, .T. ) ;
#5945 = ORIENTED_EDGE ( 'NONE', *, *, #913, .T. ) ;
#5946 = EDGE_CURVE ( 'NONE', #75, #4935, #6675, .T. ) ;
#5947 = ORIENTED_EDGE ( 'NONE', *, *, #3130, .F. ) ;
#5948 = VECTOR ( 'NONE', #9120, 1000.000000000000114 ) ;
#5949 = ORIENTED_EDGE ( 'NONE', *, *, #3260, .T. ) ;
#5950 = EDGE_CURVE ( 'NONE', #9095, #6760, #4297, .T. ) ;
#5951 = CARTESIAN_POINT ( 'NONE',  ( -129.0678828621005891, 15.48641401289931885, 1.000000000000000000 ) ) ;
#5952 = LINE ( 'NONE', #1864, #1416 ) ;
#5953 = CARTESIAN_POINT ( 'NONE',  ( -128.4784751358815527, 23.17217973710065948, 4.000000000000000000 ) ) ;
#5954 = FACE_OUTER_BOUND ( 'NONE', #281, .T. ) ;
#5955 = CARTESIAN_POINT ( 'NONE',  ( -54.76788286210057777, 15.50448725967913610, 0.5000000000000004441 ) ) ;
#5956 = CARTESIAN_POINT ( 'NONE',  ( -13.41788286210060477, 15.48641401289931885, 0.5000000000000004441 ) ) ;
#5957 = VECTOR ( 'NONE', #5062, 999.9999999999998863 ) ;
#5958 = CARTESIAN_POINT ( 'NONE',  ( -137.7499999999999716, 15.45793887701764291, 3.999999999999999112 ) ) ;
#5959 = ORIENTED_EDGE ( 'NONE', *, *, #3374, .F. ) ;
#5960 = DIRECTION ( 'NONE',  ( 0.000000000000000000, 0.000000000000000000, -1.000000000000000000 ) ) ;
#5961 = EDGE_LOOP ( 'NONE', ( #9954, #4219, #5597, #5212 ) ) ;
#5962 = VECTOR ( 'NONE', #6537, 1000.000000000000000 ) ;
#5963 = ORIENTED_EDGE ( 'NONE', *, *, #8748, .T. ) ;
#5964 = VECTOR ( 'NONE', #148, 1000.000000000000000 ) ;
#5965 = LOCAL_TIME ( 10, 30, 13.00000000000000000, #8108 ) ;
#5966 = DIRECTION ( 'NONE',  ( -0.000000000000000000, -0.000000000000000000, 1.000000000000000000 ) ) ;
#5967 = VECTOR ( 'NONE', #6778, 1000.000000000000000 ) ;
#5968 = CARTESIAN_POINT ( 'NONE',  ( -106.0678828621005891, 15.48641401289931885, 0.5000000000000004441 ) ) ;
#5969 = PLANE ( 'NONE',  #1352 ) ;
#5970 = CARTESIAN_POINT ( 'NONE',  ( 9.521524864118473985, 13.13641401289931920, 6.000000000000000000 ) ) ;
#5971 = EDGE_CURVE ( 'NONE', #1505, #2843, #5049, .T. ) ;
#5972 = CARTESIAN_POINT ( 'NONE',  ( -83.06788286210057493, 20.78641401289932134, 1.500000000000000444 ) ) ;
#5973 = VECTOR ( 'NONE', #7799, 1000.000000000000114 ) ;
#5974 = ORIENTED_EDGE ( 'NONE', *, *, #1520, .F. ) ;
#5975 = FACE_OUTER_BOUND ( 'NONE', #1719, .T. ) ;
#5976 = DIRECTION ( 'NONE',  ( 1.000000000000000000, 0.000000000000000000, 0.000000000000000000 ) ) ;
#5977 = EDGE_LOOP ( 'NONE', ( #3989, #3078, #5637, #6634 ) ) ;
#5978 = VERTEX_POINT ( 'NONE', #10000 ) ;
#5979 = EDGE_CURVE ( 'NONE', #5641, #6134, #10109, .T. ) ;
#5980 = VECTOR ( 'NONE', #3234, 1000.000000000000000 ) ;
#5981 = VECTOR ( 'NONE', #9188, 999.9999999999998863 ) ;
#5982 = PLANE ( 'NONE',  #9427 ) ;
#5983 = ADVANCED_FACE ( 'NONE', ( #199 ), #3486, .F. ) ;
#5984 = DIRECTION ( 'NONE',  ( 1.000000000000000000, 9.183830166936036979E-17, -0.000000000000000000 ) ) ;
#5985 = PLANE ( 'NONE',  #9321 ) ;
#5986 = EDGE_CURVE ( 'NONE', #4600, #7769, #152, .T. ) ;
#5987 = DIRECTION ( 'NONE',  ( -1.734723475976806902E-18, -1.000000000000000000, 0.000000000000000000 ) ) ;
#5988 = ADVANCED_FACE ( 'NONE', ( #2733 ), #9298, .T. ) ;
#5989 = VERTEX_POINT ( 'NONE', #5208 ) ;
#5990 = CARTESIAN_POINT ( 'NONE',  ( 15.98211713789943289, 15.50448725967913610, 0.5000000000000004441 ) ) ;
#5991 = PLANE ( 'NONE',  #4837 ) ;
#5992 = ORIENTED_EDGE ( 'NONE', *, *, #6004, .T. ) ;
#5993 = EDGE_LOOP ( 'NONE', ( #10163, #382, #6244, #1022, #2074 ) ) ;
#5994 = AXIS2_PLACEMENT_3D ( 'NONE', #1016, #4307, #6992 ) ;
#5995 = EDGE_CURVE ( 'NONE', #4585, #9095, #2675, .T. ) ;
#5996 = ORIENTED_EDGE ( 'NONE', *, *, #8309, .T. ) ;
#5997 = DIRECTION ( 'NONE',  ( -0.000000000000000000, -0.000000000000000000, 1.000000000000000000 ) ) ;
#5998 = LINE ( 'NONE', #30, #3537 ) ;
#5999 = VECTOR ( 'NONE', #7576, 1000.000000000000000 ) ;
#6000 = CARTESIAN_POINT ( 'NONE',  ( -29.38211713789926094, 16.07582173911838197, 2.499999999999999112 ) ) ;
#6001 = LINE ( 'NONE', #1907, #5093 ) ;
#6002 = DIRECTION ( 'NONE',  ( 0.000000000000000000, -1.000000000000000000, 0.000000000000000000 ) ) ;
#6003 = ORIENTED_EDGE ( 'NONE', *, *, #7935, .F. ) ;
#6004 = EDGE_CURVE ( 'NONE', #1031, #9422, #9951, .T. ) ;
#6005 = VERTEX_POINT ( 'NONE', #9191 ) ;
#6006 = EDGE_LOOP ( 'NONE', ( #5613, #9670, #8015, #632 ) ) ;
#6007 = VERTEX_POINT ( 'NONE', #5099 ) ;
#6008 = VECTOR ( 'NONE', #4228, 1000.000000000000000 ) ;
#6009 = CARTESIAN_POINT ( 'NONE',  ( -14.06788286210058914, 20.78641401289932134, -2.999999999999999112 ) ) ;
#6010 = CARTESIAN_POINT ( 'NONE',  ( 29.58211713789940589, 20.23277201088161448, 1.500000000000000444 ) ) ;
#6011 = FACE_OUTER_BOUND ( 'NONE', #6056, .T. ) ;
#6012 = DIRECTION ( 'NONE',  ( -1.000000000000000000, 0.000000000000000000, 0.000000000000000000 ) ) ;
#6013 = FACE_OUTER_BOUND ( 'NONE', #8432, .T. ) ;
#6014 = LINE ( 'NONE', #8489, #7999 ) ;
#6015 = EDGE_CURVE ( 'NONE', #9732, #7687, #7627, .T. ) ;
#6016 = AXIS2_PLACEMENT_3D ( 'NONE', #10443, #5437, #4630 ) ;
#6017 = CARTESIAN_POINT ( 'NONE',  ( -61.81788286210057493, 15.48641401289931885, 1.500000000000000444 ) ) ;
#6018 = VERTEX_POINT ( 'NONE', #6822 ) ;
#6019 =( LENGTH_UNIT ( ) NAMED_UNIT ( * ) SI_UNIT ( .MILLI., .METRE. ) );
#6020 = ORIENTED_EDGE ( 'NONE', *, *, #9872, .T. ) ;
#6021 = VERTEX_POINT ( 'NONE', #247 ) ;
#6022 = EDGE_CURVE ( 'NONE', #856, #757, #6014, .T. ) ;
#6023 = DIRECTION ( 'NONE',  ( 9.183830166936036979E-17, -1.000000000000000000, 0.000000000000000000 ) ) ;
#6024 = LINE ( 'NONE', #109, #5967 ) ;
#6025 = FACE_OUTER_BOUND ( 'NONE', #9409, .T. ) ;
#6026 = PLANE ( 'NONE',  #4378 ) ;
#6027 = LINE ( 'NONE', #3607, #2580 ) ;
#6028 = ORIENTED_EDGE ( 'NONE', *, *, #91, .F. ) ;
#6029 = CARTESIAN_POINT ( 'NONE',  ( 9.521524864118473985, 13.13641401289931920, 1.500000000000000444 ) ) ;
#6030 = CARTESIAN_POINT ( 'NONE',  ( -129.0678828621005891, 15.48641401289931885, -2.999999999999999112 ) ) ;
#6031 = VERTEX_POINT ( 'NONE', #3535 ) ;
#6032 = VERTEX_POINT ( 'NONE', #2628 ) ;
#6033 = AXIS2_PLACEMENT_3D ( 'NONE', #10136, #7767, #2975 ) ;
#6034 = CARTESIAN_POINT ( 'NONE',  ( 45.84999999999998721, 0.000000000000000000, 6.000000000000000000 ) ) ;
#6035 = DIRECTION ( 'NONE',  ( 1.000000000000000000, 9.183830166936036979E-17, -0.000000000000000000 ) ) ;
#6036 = DIRECTION ( 'NONE',  ( 0.000000000000000000, -0.000000000000000000, 1.000000000000000000 ) ) ;
#6037 = CARTESIAN_POINT ( 'NONE',  ( -9.321524864118330811, 13.13641401289931920, 6.000000000000000000 ) ) ;
#6038 = CARTESIAN_POINT ( 'NONE',  ( -9.321524864118330811, 13.13641401289931920, 1.500000000000000444 ) ) ;
#6039 = FACE_OUTER_BOUND ( 'NONE', #10401, .T. ) ;
#6040 = LINE ( 'NONE', #7010, #4315 ) ;
#6041 = VERTEX_POINT ( 'NONE', #1102 ) ;
#6042 = ORIENTED_EDGE ( 'NONE', *, *, #10504, .F. ) ;
#6043 = AXIS2_PLACEMENT_3D ( 'NONE', #9, #9161, #3342 ) ;
#6044 = EDGE_CURVE ( 'NONE', #8950, #2882, #6068, .T. ) ;
#6045 = VERTEX_POINT ( 'NONE', #304 ) ;
#6046 = EDGE_CURVE ( 'NONE', #6664, #9485, #5905, .T. ) ;
#6047 = EDGE_CURVE ( 'NONE', #2751, #7205, #5859, .T. ) ;
#6048 = DIRECTION ( 'NONE',  ( 1.000000000000000000, -1.734723475976806902E-18, -0.000000000000000000 ) ) ;
#6049 = VECTOR ( 'NONE', #9863, 1000.000000000000000 ) ;
#6050 = FACE_OUTER_BOUND ( 'NONE', #562, .T. ) ;
#6051 = DIRECTION ( 'NONE',  ( 1.000000000000000000, -1.734723475976806902E-18, -0.000000000000000000 ) ) ;
#6052 = AXIS2_PLACEMENT_3D ( 'NONE', #3303, #6540, #8361 ) ;
#6053 = DIRECTION ( 'NONE',  ( 0.000000000000000000, 0.000000000000000000, -1.000000000000000000 ) ) ;
#6054 = CARTESIAN_POINT ( 'NONE',  ( -124.3215248641183024, 23.17217973710065948, 6.000000000000000000 ) ) ;
#6055 = CARTESIAN_POINT ( 'NONE',  ( 32.52152486411844023, 23.17217973710065948, 1.500000000000000444 ) ) ;
#6056 = EDGE_LOOP ( 'NONE', ( #6679, #2936, #5016, #9356 ) ) ;
#6057 = VERTEX_POINT ( 'NONE', #4190 ) ;
#6058 = EDGE_CURVE ( 'NONE', #3165, #921, #7471, .T. ) ;
#6059 = ORIENTED_EDGE ( 'NONE', *, *, #5679, .T. ) ;
#6060 = ORIENTED_EDGE ( 'NONE', *, *, #672, .T. ) ;
#6061 = EDGE_CURVE ( 'NONE', #4587, #8395, #2944, .T. ) ;
#6062 = CARTESIAN_POINT ( 'NONE',  ( 31.93211713789942507, 20.80448725967914925, 0.5000000000000004441 ) ) ;
#6063 = CARTESIAN_POINT ( 'NONE',  ( -78.32152486411831660, 13.13641401289931920, 1.500000000000000444 ) ) ;
#6064 = CARTESIAN_POINT ( 'NONE',  ( -13.47847513588154555, 13.13641401289931920, 1.500000000000000444 ) ) ;
#6065 = EDGE_CURVE ( 'NONE', #346, #1793, #9565, .T. ) ;
#6066 = FACE_OUTER_BOUND ( 'NONE', #5468, .T. ) ;
#6067 = CARTESIAN_POINT ( 'NONE',  ( -31.76788286210058132, 20.78641401289932134, 1.500000000000000444 ) ) ;
#6068 = LINE ( 'NONE', #4395, #2156 ) ;
#6069 = CARTESIAN_POINT ( 'NONE',  ( -123.7678828621005778, 15.50448725967913610, 0.5000000000000004441 ) ) ;
#6070 = VERTEX_POINT ( 'NONE', #7740 ) ;
#6071 = DIRECTION ( 'NONE',  ( 0.000000000000000000, -0.000000000000000000, 1.000000000000000000 ) ) ;
#6072 = EDGE_LOOP ( 'NONE', ( #1071, #8938, #2792, #8133, #9502 ) ) ;
#6073 = ORIENTED_EDGE ( 'NONE', *, *, #6936, .F. ) ;
#6074 = EDGE_CURVE ( 'NONE', #3476, #893, #8544, .T. ) ;
#6075 = CARTESIAN_POINT ( 'NONE',  ( -137.7499999999999716, 20.85065487298235709, 2.500000000000000000 ) ) ;
#6076 = CARTESIAN_POINT ( 'NONE',  ( -78.41788286210059766, 13.48641401289931885, 0.5000000000000004441 ) ) ;
#6077 = FACE_OUTER_BOUND ( 'NONE', #7889, .T. ) ;
#6078 = DIRECTION ( 'NONE',  ( -0.7071067811865483499, 0.7071067811865466846, 0.000000000000000000 ) ) ;
#6079 = DIRECTION ( 'NONE',  ( -1.000000000000000000, -8.163404592832032733E-17, 0.000000000000000000 ) ) ;
#6080 = VERTEX_POINT ( 'NONE', #459 ) ;
#6081 = CARTESIAN_POINT ( 'NONE',  ( -9.303642002017650015, 13.15429687499999822, 1.500000000000000444 ) ) ;
#6082 = ORIENTED_EDGE ( 'NONE', *, *, #3095, .F. ) ;
#6083 = ORIENTED_EDGE ( 'NONE', *, *, #3645, .T. ) ;
#6084 = EDGE_CURVE ( 'NONE', #5807, #9208, #4551, .T. ) ;
#6085 = CARTESIAN_POINT ( 'NONE',  ( -129.0678828621005891, 15.48641401289931885, 0.5000000000000004441 ) ) ;
#6086 = CARTESIAN_POINT ( 'NONE',  ( -59.41788286210059056, 15.48641401289931885, 0.5000000000000004441 ) ) ;
#6087 = PLANE ( 'NONE',  #1418 ) ;
#6088 = LINE ( 'NONE', #9374, #6466 ) ;
#6089 = EDGE_CURVE ( 'NONE', #5572, #5872, #3861, .T. ) ;
#6090 = ORIENTED_EDGE ( 'NONE', *, *, #5055, .F. ) ;
#6091 = PLANE ( 'NONE',  #10430 ) ;
#6092 = CARTESIAN_POINT ( 'NONE',  ( 0.000000000000000000, 13.40429687500000355, 0.3499999999999999223 ) ) ;
#6093 = VERTEX_POINT ( 'NONE', #10425 ) ;
#6094 = ORIENTED_EDGE ( 'NONE', *, *, #2240, .T. ) ;
#6095 = ORIENTED_EDGE ( 'NONE', *, *, #1422, .F. ) ;
#6096 = VECTOR ( 'NONE', #3823, 1000.000000000000000 ) ;
#6097 = DIRECTION ( 'NONE',  ( -0.000000000000000000, -0.000000000000000000, 1.000000000000000000 ) ) ;
#6098 = CARTESIAN_POINT ( 'NONE',  ( -36.41788286210059766, 20.78641401289932134, 0.5000000000000004441 ) ) ;
#6099 = DIRECTION ( 'NONE',  ( 0.000000000000000000, -1.000000000000000000, 0.000000000000000000 ) ) ;
#6100 = AXIS2_PLACEMENT_3D ( 'NONE', #7088, #6119, #9405 ) ;
#6101 = DIRECTION ( 'NONE',  ( -0.000000000000000000, 0.000000000000000000, 1.000000000000000000 ) ) ;
#6102 = PLANE ( 'NONE',  #3893 ) ;
#6103 = LINE ( 'NONE', #8746, #5173 ) ;
#6104 = EDGE_LOOP ( 'NONE', ( #8534, #5395, #706, #1782 ) ) ;
#6105 = VECTOR ( 'NONE', #6383, 1000.000000000000000 ) ;
#6106 = ADVANCED_FACE ( 'NONE', ( #2893 ), #6929, .F. ) ;
#6107 = ORIENTED_EDGE ( 'NONE', *, *, #10496, .T. ) ;
#6108 = ORIENTED_EDGE ( 'NONE', *, *, #9891, .F. ) ;
#6109 = EDGE_CURVE ( 'NONE', #7201, #2713, #7142, .T. ) ;
#6110 = VERTEX_POINT ( 'NONE', #7843 ) ;
#6111 = VECTOR ( 'NONE', #8541, 999.9999999999998863 ) ;
#6112 = VECTOR ( 'NONE', #3181, 1000.000000000000000 ) ;
#6113 = LINE ( 'NONE', #665, #8125 ) ;
#6114 = DIRECTION ( 'NONE',  ( 6.938893903907228378E-15, 1.000000000000000000, -0.000000000000000000 ) ) ;
#6115 = EDGE_CURVE ( 'NONE', #1959, #969, #10314, .T. ) ;
#6116 = DIRECTION ( 'NONE',  ( -0.000000000000000000, 0.000000000000000000, 1.000000000000000000 ) ) ;
#6117 = CARTESIAN_POINT ( 'NONE',  ( -55.41788286210058345, 13.48641401289931885, 0.5000000000000004441 ) ) ;
#6118 = DIRECTION ( 'NONE',  ( -0.000000000000000000, -0.000000000000000000, 1.000000000000000000 ) ) ;
#6119 = DIRECTION ( 'NONE',  ( 0.7071067811865466846, 0.7071067811865483499, 0.000000000000000000 ) ) ;
#6120 = EDGE_CURVE ( 'NONE', #6041, #6518, #4666, .T. ) ;
#6121 = LINE ( 'NONE', #5102, #10255 ) ;
#6122 = AXIS2_PLACEMENT_3D ( 'NONE', #10409, #1366, #9852 ) ;
#6123 = ORIENTED_EDGE ( 'NONE', *, *, #9940, .F. ) ;
#6124 = SHAPE_DEFINITION_REPRESENTATION ( #4614, #5704 ) ;
#6125 = VERTEX_POINT ( 'NONE', #2193 ) ;
#6126 = VECTOR ( 'NONE', #3150, 1000.000000000000000 ) ;
#6127 = EDGE_CURVE ( 'NONE', #6583, #6156, #2084, .T. ) ;
#6128 = EDGE_LOOP ( 'NONE', ( #5850, #7569, #10197, #446 ) ) ;
#6129 = ORIENTED_EDGE ( 'NONE', *, *, #7516, .T. ) ;
#6130 = ADVANCED_FACE ( 'NONE', ( #9509 ), #404, .F. ) ;
#6131 = VECTOR ( 'NONE', #6689, 1000.000000000000000 ) ;
#6132 = PLANE ( 'NONE',  #2547 ) ;
#6133 = DIRECTION ( 'NONE',  ( 1.000000000000000000, 0.000000000000000000, -0.000000000000000000 ) ) ;
#6134 = VERTEX_POINT ( 'NONE', #1162 ) ;
#6135 =( BOUNDED_CURVE ( )  B_SPLINE_CURVE ( 3, ( #10470, #6217, #2982, #3731 ),
 .UNSPECIFIED., .F., .F. ) 
 B_SPLINE_CURVE_WITH_KNOTS ( ( 4, 4 ),
 ( 1.570796326794896558, 3.141592653589793116 ),
 .UNSPECIFIED. ) 
 CURVE ( )  GEOMETRIC_REPRESENTATION_ITEM ( )  RATIONAL_B_SPLINE_CURVE ( ( 1.000000000000000000, 0.8047378541243649375, 0.8047378541243649375, 1.000000000000000000 ) ) 
 REPRESENTATION_ITEM ( '' )  );
#6136 = DIRECTION ( 'NONE',  ( 0.000000000000000000, 1.000000000000000000, 1.608394988049504315E-16 ) ) ;
#6137 = CARTESIAN_POINT ( 'NONE',  ( -77.76788286210057777, 20.78641401289932134, 0.5000000000000004441 ) ) ;
#6138 = VECTOR ( 'NONE', #305, 1000.000000000000000 ) ;
#6139 = LINE ( 'NONE', #9421, #1367 ) ;
#6140 = ORIENTED_EDGE ( 'NONE', *, *, #189, .T. ) ;
#6141 = CARTESIAN_POINT ( 'NONE',  ( -122.0178828621005778, 20.78641401289932134, 0.5000000000000004441 ) ) ;
#6142 = EDGE_LOOP ( 'NONE', ( #8772, #4656, #10030, #5542, #547, #9303, #1286, #4322 ) ) ;
#6143 = ADVANCED_FACE ( 'NONE', ( #7790 ), #4612, .F. ) ;
#6144 = ORIENTED_EDGE ( 'NONE', *, *, #1481, .T. ) ;
#6145 = VECTOR ( 'NONE', #3173, 1000.000000000000000 ) ;
#6146 = VECTOR ( 'NONE', #10564, 1000.000000000000000 ) ;
#6147 = DIRECTION ( 'NONE',  ( 0.000000000000000000, -0.000000000000000000, 1.000000000000000000 ) ) ;
#6148 = PLANE ( 'NONE',  #8210 ) ;
#6149 = VECTOR ( 'NONE', #3434, 1000.000000000000000 ) ;
#6150 = LINE ( 'NONE', #5339, #2793 ) ;
#6151 = EDGE_CURVE ( 'NONE', #8395, #10, #2033, .T. ) ;
#6152 = LINE ( 'NONE', #2059, #103 ) ;
#6153 = ORIENTED_EDGE ( 'NONE', *, *, #8164, .F. ) ;
#6154 = CARTESIAN_POINT ( 'NONE',  ( -105.4178828621005977, 15.48641401289931885, 0.5000000000000004441 ) ) ;
#6155 = CYLINDRICAL_SURFACE ( 'NONE', #1908, 0.2500000000000000000 ) ;
#6156 = VERTEX_POINT ( 'NONE', #2996 ) ;
#6157 = AXIS2_PLACEMENT_3D ( 'NONE', #7539, #6833, #5912 ) ;
#6158 = ADVANCED_FACE ( 'NONE', ( #1218, #10261 ), #5477, .T. ) ;
#6159 = ORIENTED_EDGE ( 'NONE', *, *, #136, .F. ) ;
#6160 = EDGE_LOOP ( 'NONE', ( #5381, #5081, #5947, #4583 ) ) ;
#6161 = VECTOR ( 'NONE', #3133, 1000.000000000000000 ) ;
#6162 = PRODUCT ( 'DIY 8-LED Holder Cut', 'DIY 8-LED Holder Cut', '', ( #2679 ) ) ;
#6163 = LINE ( 'NONE', #5349, #9320 ) ;
#6164 = AXIS2_PLACEMENT_3D ( 'NONE', #8165, #9023, #9782 ) ;
#6165 = EDGE_CURVE ( 'NONE', #8157, #982, #8648, .T. ) ;
#6166 = CARTESIAN_POINT ( 'NONE',  ( -121.3821171378992574, 20.23277201088161803, 2.500000000000000000 ) ) ;
#6167 = LINE ( 'NONE', #10143, #10419 ) ;
#6168 = FACE_OUTER_BOUND ( 'NONE', #5319, .T. ) ;
#6169 = LINE ( 'NONE', #9285, #8367 ) ;
#6170 = FACE_OUTER_BOUND ( 'NONE', #9353, .T. ) ;
#6171 = ORIENTED_EDGE ( 'NONE', *, *, #6713, .F. ) ;
#6172 = EDGE_LOOP ( 'NONE', ( #7703, #5478, #5482 ) ) ;
#6173 = ORIENTED_EDGE ( 'NONE', *, *, #5150, .T. ) ;
#6174 = ORIENTED_EDGE ( 'NONE', *, *, #1355, .T. ) ;
#6175 = VECTOR ( 'NONE', #7913, 1000.000000000000000 ) ;
#6176 = CARTESIAN_POINT ( 'NONE',  ( 39.25000000000000000, 23.15429687500000000, 6.000000000000000000 ) ) ;
#6177 = DIRECTION ( 'NONE',  ( 0.7071067811865474617, 0.7071067811865474617, 0.000000000000000000 ) ) ;
#6178 = DIRECTION ( 'NONE',  ( 1.000000000000000000, 0.000000000000000000, -0.000000000000000000 ) ) ;
#6179 = CARTESIAN_POINT ( 'NONE',  ( -9.417882862100587005, 15.48641401289931885, 1.500000000000000444 ) ) ;
#6180 = DIRECTION ( 'NONE',  ( 0.000000000000000000, 0.000000000000000000, -1.000000000000000000 ) ) ;
#6181 = ORIENTED_EDGE ( 'NONE', *, *, #6264, .F. ) ;
#6182 = DIRECTION ( 'NONE',  ( -0.7071067811865479058, 0.7071067811865470176, 0.000000000000000000 ) ) ;
#6183 = ORIENTED_EDGE ( 'NONE', *, *, #10006, .F. ) ;
#6184 = VERTEX_POINT ( 'NONE', #7952 ) ;
#6185 = VECTOR ( 'NONE', #5695, 1000.000000000000000 ) ;
#6186 = VERTEX_POINT ( 'NONE', #1269 ) ;
#6187 = VERTEX_POINT ( 'NONE', #10486 ) ;
#6188 = EDGE_CURVE ( 'NONE', #3503, #10547, #6554, .T. ) ;
#6189 = EDGE_CURVE ( 'NONE', #9941, #1846, #8922, .T. ) ;
#6190 = ADVANCED_FACE ( 'NONE', ( #8162 ), #1643, .F. ) ;
#6191 = CARTESIAN_POINT ( 'NONE',  ( -15.81788286210059091, 20.80448725967914925, 0.5000000000000004441 ) ) ;
#6192 = CARTESIAN_POINT ( 'NONE',  ( -32.41788286210059766, 22.78641401289931778, 0.5000000000000004441 ) ) ;
#6193 = VERTEX_POINT ( 'NONE', #733 ) ;
#6194 = VECTOR ( 'NONE', #9767, 1000.000000000000000 ) ;
#6195 = DIRECTION ( 'NONE',  ( 0.000000000000000000, 0.000000000000000000, -1.000000000000000000 ) ) ;
#6196 = LINE ( 'NONE', #1342, #3347 ) ;
#6197 = EDGE_CURVE ( 'NONE', #1152, #4808, #2247, .T. ) ;
#6198 = CARTESIAN_POINT ( 'NONE',  ( -99.00000000000000000, 15.45793887701764291, 2.499999999999999112 ) ) ;
#6199 = EDGE_LOOP ( 'NONE', ( #10432, #10479, #10386, #7363, #4853, #2053, #9437, #8349 ) ) ;
#6200 = CARTESIAN_POINT ( 'NONE',  ( -130.7500000000000000, 13.15429687499998934, 4.000000000000000000 ) ) ;
#6201 = ORIENTED_EDGE ( 'NONE', *, *, #1318, .F. ) ;
#6202 = ORIENTED_EDGE ( 'NONE', *, *, #10535, .F. ) ;
#6203 = CARTESIAN_POINT ( 'NONE',  ( -128.4178828621005835, 20.78641401289932134, 0.5000000000000004441 ) ) ;
#6204 = ADVANCED_FACE ( 'NONE', ( #3972 ), #7356, .T. ) ;
#6205 = CARTESIAN_POINT ( 'NONE',  ( -6.382117137899268045, 16.07582173911838197, 1.500000000000000444 ) ) ;
#6206 = DIRECTION ( 'NONE',  ( 0.5773502691896257311, 0.5773502691896257311, -0.5773502691896257311 ) ) ;
#6207 = LINE ( 'NONE', #7058, #8182 ) ;
#6208 = ORIENTED_EDGE ( 'NONE', *, *, #2869, .F. ) ;
#6209 = DIRECTION ( 'NONE',  ( -0.000000000000000000, 1.000000000000000000, -0.000000000000000000 ) ) ;
#6210 = CARTESIAN_POINT ( 'NONE',  ( 14.23211713789943111, 15.50448725967913610, 0.5000000000000004441 ) ) ;
#6211 = ORIENTED_EDGE ( 'NONE', *, *, #7332, .T. ) ;
#6212 = VERTEX_POINT ( 'NONE', #4127 ) ;
#6213 = ORIENTED_EDGE ( 'NONE', *, *, #587, .F. ) ;
#6214 = VECTOR ( 'NONE', #3463, 1000.000000000000000 ) ;
#6215 = EDGE_CURVE ( 'NONE', #725, #1451, #9021, .T. ) ;
#6216 = DIRECTION ( 'NONE',  ( -0.000000000000000000, -0.000000000000000000, 1.000000000000000000 ) ) ;
#6217 = CARTESIAN_POINT ( 'NONE',  ( -135.6464466094066950, 13.25785026559327662, 0.5999999999999998668 ) ) ;
#6218 = DIRECTION ( 'NONE',  ( -1.000000000000000000, -0.000000000000000000, -0.000000000000000000 ) ) ;
#6219 = CARTESIAN_POINT ( 'NONE',  ( -55.41788286210058345, 13.48641401289931885, 1.500000000000000444 ) ) ;
#6220 = CARTESIAN_POINT ( 'NONE',  ( 9.582117137899414772, 20.78641401289932134, 0.5000000000000004441 ) ) ;
#6221 = VECTOR ( 'NONE', #6738, 1000.000000000000000 ) ;
#6222 = CARTESIAN_POINT ( 'NONE',  ( -55.41788286210057635, 15.48641401289931885, 0.5000000000000004441 ) ) ;
#6223 = ORIENTED_EDGE ( 'NONE', *, *, #5731, .T. ) ;
#6224 = EDGE_LOOP ( 'NONE', ( #8603, #2738, #737, #1314 ) ) ;
#6225 = VERTEX_POINT ( 'NONE', #9679 ) ;
#6226 = EDGE_CURVE ( 'NONE', #3659, #3165, #9725, .T. ) ;
#6227 = VERTEX_POINT ( 'NONE', #4019 ) ;
#6228 = VECTOR ( 'NONE', #10468, 1000.000000000000000 ) ;
#6229 = CARTESIAN_POINT ( 'NONE',  ( 15.98211713789943289, 20.78641401289932134, 0.5000000000000004441 ) ) ;
#6230 = DIRECTION ( 'NONE',  ( 1.000000000000000000, 0.000000000000000000, 0.000000000000000000 ) ) ;
#6231 = CARTESIAN_POINT ( 'NONE',  ( -82.47847513588156687, 23.17217973710065948, 4.000000000000000000 ) ) ;
#6232 = LINE ( 'NONE', #246, #5436 ) ;
#6233 = CARTESIAN_POINT ( 'NONE',  ( -6.382117137899268045, 20.23277201088161803, 2.500000000000000000 ) ) ;
#6234 = VERTEX_POINT ( 'NONE', #5579 ) ;
#6235 = CARTESIAN_POINT ( 'NONE',  ( -137.3499999999999659, 25.65429687500000355, 6.000000000000000000 ) ) ;
#6236 = PLANE ( 'NONE',  #4158 ) ;
#6237 = VERTEX_POINT ( 'NONE', #4070 ) ;
#6239 = ORIENTED_EDGE ( 'NONE', *, *, #10014, .F. ) ;
#6238 = AXIS2_PLACEMENT_3D ( 'NONE', #6655, #9072, #774 ) ;
#6240 = ORIENTED_EDGE ( 'NONE', *, *, #2501, .F. ) ;
#6241 = EDGE_LOOP ( 'NONE', ( #879, #707, #10186, #4767 ) ) ;
#6242 = LINE ( 'NONE', #4512, #5973 ) ;
#6243 = PLANE ( 'NONE',  #5805 ) ;
#6244 = ORIENTED_EDGE ( 'NONE', *, *, #2040, .T. ) ;
#6245 = CARTESIAN_POINT ( 'NONE',  ( 8.932117137899432180, 20.78641401289932134, -2.999999999999999112 ) ) ;
#6246 = CARTESIAN_POINT ( 'NONE',  ( -105.4963579979822583, 23.15429687499998224, 6.000000000000000000 ) ) ;
#6247 = DIRECTION ( 'NONE',  ( -8.163404592832032733E-17, 1.000000000000000000, 0.000000000000000000 ) ) ;
#6248 = VERTEX_POINT ( 'NONE', #8866 ) ;
#6249 = LINE ( 'NONE', #9525, #7000 ) ;
#6250 = ORIENTED_EDGE ( 'NONE', *, *, #4484, .F. ) ;
#6251 = EDGE_CURVE ( 'NONE', #5711, #6021, #1488, .T. ) ;
#6252 = ORIENTED_EDGE ( 'NONE', *, *, #1942, .T. ) ;
#6253 = DIRECTION ( 'NONE',  ( 1.000000000000000000, -1.734723475976806902E-18, 0.000000000000000000 ) ) ;
#6254 = CARTESIAN_POINT ( 'NONE',  ( -77.76788286210057777, 0.000000000000000000, 0.000000000000000000 ) ) ;
#6255 = CARTESIAN_POINT ( 'NONE',  ( 45.85000000000000142, 10.65429687500000355, 5.000000000000000000 ) ) ;
#6256 = LINE ( 'NONE', #151, #437 ) ;
#6257 = EDGE_CURVE ( 'NONE', #2595, #467, #10637, .T. ) ;
#6258 = PLANE ( 'NONE',  #2383 ) ;
#6259 = LINE ( 'NONE', #3086, #3725 ) ;
#6260 = CARTESIAN_POINT ( 'NONE',  ( -106.0678828621005891, 15.48641401289931885, 1.500000000000000444 ) ) ;
#6261 = ORIENTED_EDGE ( 'NONE', *, *, #56, .T. ) ;
#6262 = PRODUCT_RELATED_PRODUCT_CATEGORY ( 'detail', '', ( #6162 ) ) ;
#6263 = VERTEX_POINT ( 'NONE', #8064 ) ;
#6264 = EDGE_CURVE ( 'NONE', #10094, #4260, #679, .T. ) ;
#6265 = EDGE_LOOP ( 'NONE', ( #9233, #6868, #9149 ) ) ;
#6266 = ADVANCED_FACE ( 'NONE', ( #837 ), #7410, .T. ) ;
#6267 = CARTESIAN_POINT ( 'NONE',  ( -106.0678828621005891, 20.78641401289932134, -2.999999999999999112 ) ) ;
#6268 = CARTESIAN_POINT ( 'NONE',  ( -55.41788286210057635, 20.78641401289932134, 1.500000000000000444 ) ) ;
#6269 = LINE ( 'NONE', #3847, #4383 ) ;
#6270 = CARTESIAN_POINT ( 'NONE',  ( 8.932117137899432180, 20.78641401289932134, 0.000000000000000000 ) ) ;
#6271 = CARTESIAN_POINT ( 'NONE',  ( 15.98211713789943289, 15.50448725967913610, 1.500000000000000444 ) ) ;
#6272 = DIRECTION ( 'NONE',  ( 1.000000000000000000, 0.000000000000000000, 0.000000000000000000 ) ) ;
#6273 = CARTESIAN_POINT ( 'NONE',  ( 6.582117137899412995, 16.07582173911837842, 6.000000000000000000 ) ) ;
#6274 = ORIENTED_EDGE ( 'NONE', *, *, #10249, .F. ) ;
#6275 = ORIENTED_EDGE ( 'NONE', *, *, #8348, .F. ) ;
#6276 = EDGE_CURVE ( 'NONE', #8227, #6277, #3266, .T. ) ;
#6277 = VERTEX_POINT ( 'NONE', #1435 ) ;
#6278 = VERTEX_POINT ( 'NONE', #10533 ) ;
#6279 = VECTOR ( 'NONE', #9419, 1000.000000000000000 ) ;
#6280 = VECTOR ( 'NONE', #4592, 1000.000000000000000 ) ;
#6281 = CARTESIAN_POINT ( 'NONE',  ( -108.4178828621006119, 16.07582173911837842, 4.000000000000000000 ) ) ;
#6282 = DIRECTION ( 'NONE',  ( 1.000000000000000000, 0.000000000000000000, -0.000000000000000000 ) ) ;
#6283 = CARTESIAN_POINT ( 'NONE',  ( -60.06788286210057493, 15.48641401289931885, 1.500000000000000444 ) ) ;
#6284 = CARTESIAN_POINT ( 'NONE',  ( 6.582117137899412995, 20.23277201088161448, 2.500000000000000000 ) ) ;
#6285 = CARTESIAN_POINT ( 'NONE',  ( 45.84999999999998721, 22.40429687500000355, 6.000000000000000000 ) ) ;
#6286 = EDGE_CURVE ( 'NONE', #4520, #7052, #3160, .T. ) ;
#6287 = ORIENTED_EDGE ( 'NONE', *, *, #7191, .T. ) ;
#6288 = CARTESIAN_POINT ( 'NONE',  ( -108.4178828621006119, 16.07582173911837842, 2.499999999999999112 ) ) ;
#6289 = DIRECTION ( 'NONE',  ( 0.000000000000000000, -1.000000000000000000, 0.000000000000000000 ) ) ;
#6290 = ORIENTED_EDGE ( 'NONE', *, *, #7706, .F. ) ;
#6291 = ORIENTED_EDGE ( 'NONE', *, *, #4351, .T. ) ;
#6292 = EDGE_CURVE ( 'NONE', #4024, #9174, #4720, .T. ) ;
#6293 = ORIENTED_EDGE ( 'NONE', *, *, #6578, .F. ) ;
#6294 = AXIS2_PLACEMENT_3D ( 'NONE', #5088, #139, #9286 ) ;
#6295 = VECTOR ( 'NONE', #5257, 1000.000000000000000 ) ;
#6296 = ORIENTED_EDGE ( 'NONE', *, *, #8447, .T. ) ;
#6297 = ADVANCED_FACE ( 'NONE', ( #2408 ), #5685, .F. ) ;
#6298 = CARTESIAN_POINT ( 'NONE',  ( -14.06788286210058914, 20.80448725967914925, 0.5000000000000004441 ) ) ;
#6299 = CARTESIAN_POINT ( 'NONE',  ( -13.41788286210060477, 15.48641401289931885, 0.5000000000000004441 ) ) ;
#6300 = ORIENTED_EDGE ( 'NONE', *, *, #758, .F. ) ;
#6301 = VECTOR ( 'NONE', #934, 1000.000000000000000 ) ;
#6302 = CARTESIAN_POINT ( 'NONE',  ( 36.58211713789942365, 15.48641401289931885, 0.5000000000000004441 ) ) ;
#6303 = DIRECTION ( 'NONE',  ( -0.7071067811865462405, -0.7071067811865489050, -1.137307002876262525E-16 ) ) ;
#6304 = VECTOR ( 'NONE', #9498, 1000.000000000000000 ) ;
#6305 = CARTESIAN_POINT ( 'NONE',  ( -16.41788286210060832, 16.07582173911837842, 1.500000000000000444 ) ) ;
#6306 = EDGE_LOOP ( 'NONE', ( #8472, #7874, #3118, #4012, #6533, #2938, #866, #830 ) ) ;
#6307 = CARTESIAN_POINT ( 'NONE',  ( -77.76788286210057777, 20.78641401289932134, 0.000000000000000000 ) ) ;
#6308 = ORIENTED_EDGE ( 'NONE', *, *, #424, .F. ) ;
#6309 = VERTEX_POINT ( 'NONE', #7514 ) ;
#6310 = VECTOR ( 'NONE', #277, 1000.000000000000000 ) ;
#6311 = DIRECTION ( 'NONE',  ( -0.000000000000000000, -1.000000000000000000, -0.000000000000000000 ) ) ;
#6312 = ADVANCED_FACE ( 'NONE', ( #4286 ), #9130, .F. ) ;
#6313 = FACE_OUTER_BOUND ( 'NONE', #6128, .T. ) ;
#6314 = DIRECTION ( 'NONE',  ( -1.000000000000000000, 0.000000000000000000, -0.000000000000000000 ) ) ;
#6315 = CARTESIAN_POINT ( 'NONE',  ( 31.93211713789942507, 20.78641401289932134, 1.500000000000000444 ) ) ;
#6316 = DIRECTION ( 'NONE',  ( 0.000000000000000000, -1.000000000000000000, 0.000000000000000000 ) ) ;
#6317 = CARTESIAN_POINT ( 'NONE',  ( 39.61788286210074261, 20.23277201088161803, 6.000000000000000000 ) ) ;
#6318 = DIRECTION ( 'NONE',  ( -0.000000000000000000, 1.000000000000000000, -0.000000000000000000 ) ) ;
#6319 = VERTEX_POINT ( 'NONE', #1753 ) ;
#6320 = VECTOR ( 'NONE', #3333, 1000.000000000000000 ) ;
#6321 = ORIENTED_EDGE ( 'NONE', *, *, #9979, .F. ) ;
#6322 = VECTOR ( 'NONE', #4004, 1000.000000000000000 ) ;
#6323 = ORIENTED_EDGE ( 'NONE', *, *, #619, .F. ) ;
#6324 = ADVANCED_FACE ( 'NONE', ( #4230 ), #4985, .F. ) ;
#6325 = EDGE_CURVE ( 'NONE', #2690, #5043, #1088, .T. ) ;
#6326 = CARTESIAN_POINT ( 'NONE',  ( 8.932117137899432180, 15.48641401289931885, 0.5000000000000004441 ) ) ;
#6327 = EDGE_CURVE ( 'NONE', #6608, #6045, #10092, .T. ) ;
#6328 = CARTESIAN_POINT ( 'NONE',  ( -135.4999999999999716, 13.40429687500000355, 0.5999999999999999778 ) ) ;
#6329 = LINE ( 'NONE', #2231, #4329 ) ;
#6330 = LINE ( 'NONE', #1473, #6105 ) ;
#6331 = DIRECTION ( 'NONE',  ( 0.000000000000000000, -1.000000000000000000, 0.000000000000000000 ) ) ;
#6332 = VECTOR ( 'NONE', #3602, 1000.000000000000000 ) ;
#6333 = CARTESIAN_POINT ( 'NONE',  ( -78.41788286210058345, 20.78641401289932134, 1.500000000000000444 ) ) ;
#6334 = CARTESIAN_POINT ( 'NONE',  ( -29.38211713789926094, 20.23277201088161803, 2.500000000000000000 ) ) ;
#6335 = CARTESIAN_POINT ( 'NONE',  ( 29.58211713789940589, 16.07582173911837842, 1.500000000000000444 ) ) ;
#6336 = ORIENTED_EDGE ( 'NONE', *, *, #5160, .T. ) ;
#6337 = EDGE_CURVE ( 'NONE', #7531, #1390, #7459, .T. ) ;
#6338 = PERSON_AND_ORGANIZATION ( #1199, #7518 ) ;
#6339 = VECTOR ( 'NONE', #6831, 1000.000000000000000 ) ;
#6340 = ORIENTED_EDGE ( 'NONE', *, *, #1604, .F. ) ;
#6341 = VECTOR ( 'NONE', #10229, 999.9999999999998863 ) ;
#6342 = VERTEX_POINT ( 'NONE', #4332 ) ;
#6343 = VECTOR ( 'NONE', #1437, 1000.000000000000114 ) ;
#6344 = CARTESIAN_POINT ( 'NONE',  ( 7.182117137899429515, 20.80448725967914925, 0.5000000000000004441 ) ) ;
#6345 = CARTESIAN_POINT ( 'NONE',  ( -83.06788286210057493, 20.78641401289932134, -2.999999999999999112 ) ) ;
#6346 = EDGE_CURVE ( 'NONE', #9807, #9541, #3474, .T. ) ;
#6347 = CARTESIAN_POINT ( 'NONE',  ( 7.182117137899429515, 15.48641401289931885, 0.5000000000000004441 ) ) ;
#6348 = CARTESIAN_POINT ( 'NONE',  ( 0.000000000000000000, 20.78641401289932134, 0.000000000000000000 ) ) ;
#6349 = CARTESIAN_POINT ( 'NONE',  ( 9.521524864118473985, 13.13641401289931920, 6.000000000000000000 ) ) ;
#6350 = ORIENTED_EDGE ( 'NONE', *, *, #3374, .T. ) ;
#6351 = CARTESIAN_POINT ( 'NONE',  ( 13.69635799798237663, 13.15429687500000178, 6.000000000000000000 ) ) ;
#6352 = ORIENTED_EDGE ( 'NONE', *, *, #7202, .T. ) ;
#6353 = VERTEX_POINT ( 'NONE', #7566 ) ;
#6354 = EDGE_LOOP ( 'NONE', ( #1829, #831, #2546, #356, #3204, #7489, #6378, #3172 ) ) ;
#6355 = VECTOR ( 'NONE', #5758, 1000.000000000000000 ) ;
#6356 = CARTESIAN_POINT ( 'NONE',  ( -13.47847513588157398, 23.17217973710065948, 1.500000000000000444 ) ) ;
#6357 = DIRECTION ( 'NONE',  ( -0.000000000000000000, -0.000000000000000000, 1.000000000000000000 ) ) ;
#6358 = ORIENTED_EDGE ( 'NONE', *, *, #848, .T. ) ;
#6359 = EDGE_CURVE ( 'NONE', #4528, #2114, #6810, .T. ) ;
#6360 = CARTESIAN_POINT ( 'NONE',  ( -32.32152486411832371, 13.13641401289931920, 1.500000000000000444 ) ) ;
#6361 = CARTESIAN_POINT ( 'NONE',  ( 16.61788286210075327, 20.23277201088161803, 2.500000000000000000 ) ) ;
#6362 = VECTOR ( 'NONE', #1486, 1000.000000000000000 ) ;
#6363 = DIRECTION ( 'NONE',  ( 6.938893903907228378E-15, 1.000000000000000000, 0.000000000000000000 ) ) ;
#6364 = EDGE_LOOP ( 'NONE', ( #8523, #1033, #5690, #4120 ) ) ;
#6365 = CARTESIAN_POINT ( 'NONE',  ( -99.01788286210059198, 20.78641401289932134, 0.5000000000000004441 ) ) ;
#6366 = ORIENTED_EDGE ( 'NONE', *, *, #6337, .T. ) ;
#6367 = VERTEX_POINT ( 'NONE', #7614 ) ;
#6368 = ADVANCED_FACE ( 'NONE', ( #3424 ), #5846, .T. ) ;
#6369 = VECTOR ( 'NONE', #6053, 1000.000000000000000 ) ;
#6370 = PLANE ( 'NONE',  #821 ) ;
#6371 = CARTESIAN_POINT ( 'NONE',  ( 36.58211713789942365, 15.48641401289931885, 0.5000000000000004441 ) ) ;
#6372 = CARTESIAN_POINT ( 'NONE',  ( -101.4178828621005692, 20.78641401289932134, 1.500000000000000444 ) ) ;
#6373 = FACE_OUTER_BOUND ( 'NONE', #8415, .T. ) ;
#6374 = CARTESIAN_POINT ( 'NONE',  ( -75.38211713789925739, 20.23277201088161803, 2.500000000000000000 ) ) ;
#6375 = LINE ( 'NONE', #5558, #9914 ) ;
#6376 = CARTESIAN_POINT ( 'NONE',  ( -7.017882862100588426, 15.50448725967913610, 1.500000000000000444 ) ) ;
#6377 = ORIENTED_EDGE ( 'NONE', *, *, #663, .F. ) ;
#6378 = ORIENTED_EDGE ( 'NONE', *, *, #4278, .F. ) ;
#6379 = ORIENTED_EDGE ( 'NONE', *, *, #9681, .F. ) ;
#6380 = LINE ( 'NONE', #9658, #6322 ) ;
#6381 = LINE ( 'NONE', #10406, #5019 ) ;
#6382 = DIRECTION ( 'NONE',  ( 1.000000000000000000, 9.183830166936036979E-17, -0.000000000000000000 ) ) ;
#6383 = DIRECTION ( 'NONE',  ( -1.000000000000000000, -0.000000000000000000, -0.000000000000000000 ) ) ;
#6384 = CARTESIAN_POINT ( 'NONE',  ( -59.49635799798218017, 13.15429687499998934, 4.000000000000000000 ) ) ;
#6385 = DIRECTION ( 'NONE',  ( 0.000000000000000000, 0.000000000000000000, -1.000000000000000000 ) ) ;
#6386 = LINE ( 'NONE', #9550, #7156 ) ;
#6387 = CARTESIAN_POINT ( 'NONE',  ( -55.41788286210057635, 20.78641401289932134, 0.5000000000000004441 ) ) ;
#6388 = EDGE_LOOP ( 'NONE', ( #7023, #3334, #6714, #2281, #5560, #2331, #2225, #3114 ) ) ;
#6389 = COORDINATED_UNIVERSAL_TIME_OFFSET ( 5, 0, .BEHIND. ) ;
#6390 = EDGE_CURVE ( 'NONE', #1451, #1274, #8325, .T. ) ;
#6391 = ADVANCED_FACE ( 'NONE', ( #938 ), #3580, .F. ) ;
#6392 = EDGE_LOOP ( 'NONE', ( #4204, #868, #5761, #3201 ) ) ;
#6393 = EDGE_CURVE ( 'NONE', #7464, #5750, #6711, .T. ) ;
#6394 = VECTOR ( 'NONE', #9818, 999.9999999999998863 ) ;
#6395 = LINE ( 'NONE', #9561, #2620 ) ;
#6396 = CARTESIAN_POINT ( 'NONE',  ( -139.1642135623730780, 10.65429687500000355, 5.000000000000000000 ) ) ;
#6397 = CARTESIAN_POINT ( 'NONE',  ( 36.67847513588169761, 23.17217973710065948, 6.000000000000000000 ) ) ;
#6398 = CARTESIAN_POINT ( 'NONE',  ( -8.767882862100590202, 15.50448725967913610, 1.500000000000000444 ) ) ;
#6399 = DIRECTION ( 'NONE',  ( -0.000000000000000000, 1.000000000000000000, -0.000000000000000000 ) ) ;
#6400 = EDGE_LOOP ( 'NONE', ( #4042, #6293, #10550, #3405 ) ) ;
#6401 = ADVANCED_FACE ( 'NONE', ( #9078 ), #5896, .F. ) ;
#6402 = DIRECTION ( 'NONE',  ( -1.000000000000000000, 0.000000000000000000, -0.000000000000000000 ) ) ;
#6403 = VERTEX_POINT ( 'NONE', #8275 ) ;
#6404 = VERTEX_POINT ( 'NONE', #290 ) ;
#6405 = VECTOR ( 'NONE', #9806, 1000.000000000000114 ) ;
#6406 = ORIENTED_EDGE ( 'NONE', *, *, #4046, .F. ) ;
#6407 = EDGE_CURVE ( 'NONE', #8845, #1237, #5943, .T. ) ;
#6408 = VECTOR ( 'NONE', #7124, 1000.000000000000114 ) ;
#6409 = EDGE_CURVE ( 'NONE', #7996, #7243, #5194, .T. ) ;
#6410 = DIRECTION ( 'NONE',  ( -0.000000000000000000, -0.000000000000000000, 1.000000000000000000 ) ) ;
#6411 = DIRECTION ( 'NONE',  ( 0.000000000000000000, 0.000000000000000000, 1.000000000000000000 ) ) ;
#6412 = CARTESIAN_POINT ( 'NONE',  ( -83.06788286210057493, 20.78641401289932134, -2.999999999999999112 ) ) ;
#6413 = VECTOR ( 'NONE', #4005, 1000.000000000000000 ) ;
#6414 = DIRECTION ( 'NONE',  ( 0.000000000000000000, 0.000000000000000000, 1.000000000000000000 ) ) ;
#6415 = DIRECTION ( 'NONE',  ( -0.7071067811865474617, -0.7071067811865474617, 0.000000000000000000 ) ) ;
#6416 = ORIENTED_EDGE ( 'NONE', *, *, #9341, .F. ) ;
#6417 = DIRECTION ( 'NONE',  ( -6.938893903907233900E-15, 1.000000000000000000, 0.000000000000000000 ) ) ;
#6418 = EDGE_LOOP ( 'NONE', ( #1792, #6419, #9991, #817, #1008 ) ) ;
#6419 = ORIENTED_EDGE ( 'NONE', *, *, #9554, .T. ) ;
#6420 = EDGE_CURVE ( 'NONE', #7130, #4528, #3371, .T. ) ;
#6421 = CARTESIAN_POINT ( 'NONE',  ( 32.52152486411844023, 23.17217973710065948, 6.000000000000000000 ) ) ;
#6422 = CARTESIAN_POINT ( 'NONE',  ( -135.2499999999999716, 23.15429687500000355, 0.5999999999999999778 ) ) ;
#6423 = CARTESIAN_POINT ( 'NONE',  ( -54.76788286210057777, 0.000000000000000000, 0.000000000000000000 ) ) ;
#6424 = LINE ( 'NONE', #9950, #1117 ) ;
#6425 = LINE ( 'NONE', #8894, #4604 ) ;
#6426 = DIRECTION ( 'NONE',  ( -1.000000000000000000, 0.000000000000000000, 0.000000000000000000 ) ) ;
#6427 = LINE ( 'NONE', #3027, #2599 ) ;
#6428 = ORIENTED_EDGE ( 'NONE', *, *, #6215, .F. ) ;
#6429 = EDGE_CURVE ( 'NONE', #10281, #1705, #8477, .T. ) ;
#6430 = ORIENTED_EDGE ( 'NONE', *, *, #7511, .F. ) ;
#6431 = VERTEX_POINT ( 'NONE', #2934 ) ;
#6432 = LINE ( 'NONE', #498, #4586 ) ;
#6433 = PLANE ( 'NONE',  #3142 ) ;
#6434 = CARTESIAN_POINT ( 'NONE',  ( -59.41788286210059056, 13.48641401289931885, 0.5000000000000004441 ) ) ;
#6435 = DIRECTION ( 'NONE',  ( 1.000000000000000000, 0.000000000000000000, 0.000000000000000000 ) ) ;
#6436 = LINE ( 'NONE', #8956, #4980 ) ;
#6437 = DIRECTION ( 'NONE',  ( -0.000000000000000000, -0.000000000000000000, 1.000000000000000000 ) ) ;
#6438 = CARTESIAN_POINT ( 'NONE',  ( -13.41788286210060477, 15.48641401289931885, 0.5000000000000004441 ) ) ;
#6439 = ORIENTED_EDGE ( 'NONE', *, *, #4253, .T. ) ;
#6440 = APPROVAL_STATUS ( 'not_yet_approved' ) ;
#6441 = ORIENTED_EDGE ( 'NONE', *, *, #10585, .F. ) ;
#6442 = EDGE_CURVE ( 'NONE', #9208, #6972, #4539, .T. ) ;
#6443 = FACE_OUTER_BOUND ( 'NONE', #5847, .T. ) ;
#6444 = CARTESIAN_POINT ( 'NONE',  ( -36.41788286210059766, 13.48641401289931885, 0.5000000000000004441 ) ) ;
#6445 = PLANE ( 'NONE',  #1874 ) ;
#6446 = LINE ( 'NONE', #2354, #1302 ) ;
#6447 = CARTESIAN_POINT ( 'NONE',  ( 0.000000000000000000, 0.000000000000000000, 0.5000000000000004441 ) ) ;
#6448 = ORIENTED_EDGE ( 'NONE', *, *, #3293, .T. ) ;
#6449 = LINE ( 'NONE', #2461, #4936 ) ;
#6450 = EDGE_CURVE ( 'NONE', #1478, #6571, #6917, .T. ) ;
#6451 = ORIENTED_EDGE ( 'NONE', *, *, #2896, .T. ) ;
#6452 = ORIENTED_EDGE ( 'NONE', *, *, #10198, .T. ) ;
#6453 = VERTEX_POINT ( 'NONE', #10247 ) ;
#6454 = VECTOR ( 'NONE', #8610, 1000.000000000000000 ) ;
#6455 = EDGE_CURVE ( 'NONE', #3740, #5572, #10304, .T. ) ;
#6456 = DIRECTION ( 'NONE',  ( 0.000000000000000000, 1.000000000000000000, 1.608394988049504315E-16 ) ) ;
#6457 = EDGE_CURVE ( 'NONE', #2198, #6922, #9448, .T. ) ;
#6458 = CARTESIAN_POINT ( 'NONE',  ( -15.34999999999715747, 86.85429687499929230, 61.59999999999929088 ) ) ;
#6459 = CARTESIAN_POINT ( 'NONE',  ( 13.58211713789941832, 22.78641401289931778, 1.500000000000000444 ) ) ;
#6460 = CARTESIAN_POINT ( 'NONE',  ( 9.503642002017791413, 13.15429687500000178, 1.500000000000000444 ) ) ;
#6461 = LINE ( 'NONE', #7049, #10141 ) ;
#6462 = AXIS2_PLACEMENT_3D ( 'NONE', #8005, #7200, #779 ) ;
#6463 = ORIENTED_EDGE ( 'NONE', *, *, #8099, .T. ) ;
#6464 = CARTESIAN_POINT ( 'NONE',  ( 39.25000000000000000, 13.15429687500000355, 4.000000000000000000 ) ) ;
#6465 = ORIENTED_EDGE ( 'NONE', *, *, #9166, .T. ) ;
#6466 = VECTOR ( 'NONE', #2000, 1000.000000000000000 ) ;
#6467 = EDGE_CURVE ( 'NONE', #4869, #4140, #8688, .T. ) ;
#6468 = VERTEX_POINT ( 'NONE', #1148 ) ;
#6469 = VECTOR ( 'NONE', #3109, 1000.000000000000000 ) ;
#6470 = VECTOR ( 'NONE', #3835, 1000.000000000000000 ) ;
#6471 = DIRECTION ( 'NONE',  ( 1.000000000000000000, -1.734723475976806902E-18, 0.000000000000000000 ) ) ;
#6472 = DIRECTION ( 'NONE',  ( -1.000000000000000000, 0.000000000000000000, 0.000000000000000000 ) ) ;
#6473 = LINE ( 'NONE', #8731, #2219 ) ;
#6474 = DIRECTION ( 'NONE',  ( 0.000000000000000000, 0.000000000000000000, 1.000000000000000000 ) ) ;
#6475 = EDGE_CURVE ( 'NONE', #9095, #4808, #7941, .T. ) ;
#6476 = LINE ( 'NONE', #2164, #10464 ) ;
#6477 = DIRECTION ( 'NONE',  ( 1.000000000000000000, 0.000000000000000000, 0.000000000000000000 ) ) ;
#6478 = DIRECTION ( 'NONE',  ( 0.000000000000000000, -0.000000000000000000, 1.000000000000000000 ) ) ;
#6479 = ORIENTED_EDGE ( 'NONE', *, *, #1981, .F. ) ;
#6480 = ORIENTED_EDGE ( 'NONE', *, *, #8296, .F. ) ;
#6481 = VECTOR ( 'NONE', #138, 1000.000000000000114 ) ;
#6482 = ORIENTED_EDGE ( 'NONE', *, *, #8768, .T. ) ;
#6483 = DIRECTION ( 'NONE',  ( 1.000000000000000000, 9.183830166936036979E-17, 0.000000000000000000 ) ) ;
#6484 = DIRECTION ( 'NONE',  ( -0.000000000000000000, 1.000000000000000000, 0.000000000000000000 ) ) ;
#6485 = DIRECTION ( 'NONE',  ( 0.000000000000000000, 0.000000000000000000, -1.000000000000000000 ) ) ;
#6486 = VECTOR ( 'NONE', #533, 999.9999999999998863 ) ;
#6487 = LINE ( 'NONE', #5772, #6630 ) ;
#6488 = EDGE_CURVE ( 'NONE', #10377, #6278, #3736, .T. ) ;
#6489 = CARTESIAN_POINT ( 'NONE',  ( -121.3821171378992574, 20.23277201088161803, 1.500000000000000444 ) ) ;
#6490 = CARTESIAN_POINT ( 'NONE',  ( -36.47847513588153845, 13.13641401289931920, 1.500000000000000444 ) ) ;
#6491 = DIRECTION ( 'NONE',  ( 0.000000000000000000, 1.000000000000000000, 0.000000000000000000 ) ) ;
#6492 = ORIENTED_EDGE ( 'NONE', *, *, #4895, .F. ) ;
#6493 = AXIS2_PLACEMENT_3D ( 'NONE', #8098, #8046, #6483 ) ;
#6494 = VERTEX_POINT ( 'NONE', #8638 ) ;
#6495 = VERTEX_POINT ( 'NONE', #8531 ) ;
#6496 = VECTOR ( 'NONE', #10592, 1000.000000000000000 ) ;
#6497 = AXIS2_PLACEMENT_3D ( 'NONE', #9301, #5052, #202 ) ;
#6498 = EDGE_CURVE ( 'NONE', #9807, #4170, #10146, .T. ) ;
#6499 = VECTOR ( 'NONE', #1498, 1000.000000000000000 ) ;
#6500 = CARTESIAN_POINT ( 'NONE',  ( 46.25000000000000000, 13.90429687500000355, 1.000000000000000000 ) ) ;
#6501 = LINE ( 'NONE', #775, #3364 ) ;
#6502 = AXIS2_PLACEMENT_3D ( 'NONE', #7909, #8606, #3929 ) ;
#6503 = DIRECTION ( 'NONE',  ( 1.000000000000000000, -0.000000000000000000, 0.000000000000000000 ) ) ;
#6504 = CARTESIAN_POINT ( 'NONE',  ( -124.3215248641183024, 23.17217973710065948, 6.000000000000000000 ) ) ;
#6505 = DIRECTION ( 'NONE',  ( 0.7071067811865483499, -0.7071067811865466846, -0.000000000000000000 ) ) ;
#6506 = ORIENTED_EDGE ( 'NONE', *, *, #2249, .F. ) ;
#6507 = DIRECTION ( 'NONE',  ( 1.000000000000000000, -1.734723475976806902E-18, -0.000000000000000000 ) ) ;
#6508 = ORIENTED_EDGE ( 'NONE', *, *, #3067, .F. ) ;
#6509 = VECTOR ( 'NONE', #6357, 1000.000000000000000 ) ;
#6510 = EDGE_LOOP ( 'NONE', ( #2463, #10652, #8054, #4667 ) ) ;
#6511 = ORIENTED_EDGE ( 'NONE', *, *, #4245, .T. ) ;
#6512 = AXIS2_PLACEMENT_3D ( 'NONE', #4419, #1186, #6147 ) ;
#6513 = CARTESIAN_POINT ( 'NONE',  ( -83.06788286210057493, 20.80448725967914925, 0.5000000000000004441 ) ) ;
#6514 = CARTESIAN_POINT ( 'NONE',  ( -129.0678828621005891, 15.48641401289931885, 0.5000000000000004441 ) ) ;
#6515 = DIRECTION ( 'NONE',  ( -0.000000000000000000, -0.000000000000000000, 1.000000000000000000 ) ) ;
#6516 = CARTESIAN_POINT ( 'NONE',  ( -62.41788286210059056, 20.23277201088161448, 1.500000000000000444 ) ) ;
#6517 = DIRECTION ( 'NONE',  ( -0.000000000000000000, -0.000000000000000000, 1.000000000000000000 ) ) ;
#6518 = VERTEX_POINT ( 'NONE', #3794 ) ;
#6519 = CARTESIAN_POINT ( 'NONE',  ( -7.000000000000006217, 15.45793887701764291, 1.500000000000000444 ) ) ;
#6520 = ORIENTED_EDGE ( 'NONE', *, *, #6061, .T. ) ;
#6521 = EDGE_CURVE ( 'NONE', #9452, #5678, #1259, .T. ) ;
#6522 = VECTOR ( 'NONE', #8557, 1000.000000000000000 ) ;
#6523 = ORIENTED_EDGE ( 'NONE', *, *, #7560, .T. ) ;
#6524 = EDGE_CURVE ( 'NONE', #9086, #8242, #10195, .T. ) ;
#6525 = CARTESIAN_POINT ( 'NONE',  ( 36.69635799798236775, 13.15429687500000533, 6.000000000000000000 ) ) ;
#6526 = CARTESIAN_POINT ( 'NONE',  ( 32.52152486411846866, 13.13641401289931920, 1.500000000000000444 ) ) ;
#6527 = VECTOR ( 'NONE', #3328, 1000.000000000000000 ) ;
#6528 = DIRECTION ( 'NONE',  ( -0.000000000000000000, 0.000000000000000000, 1.000000000000000000 ) ) ;
#6529 = ORIENTED_EDGE ( 'NONE', *, *, #1246, .T. ) ;
#6530 = CARTESIAN_POINT ( 'NONE',  ( -13.41788286210060477, 20.78641401289932134, 1.500000000000000444 ) ) ;
#6531 = CARTESIAN_POINT ( 'NONE',  ( -55.32152486411831660, 13.13641401289931920, 1.500000000000000444 ) ) ;
#6532 = ORIENTED_EDGE ( 'NONE', *, *, #9140, .F. ) ;
#6533 = ORIENTED_EDGE ( 'NONE', *, *, #7646, .F. ) ;
#6534 = VECTOR ( 'NONE', #6543, 1000.000000000000000 ) ;
#6535 = ORIENTED_EDGE ( 'NONE', *, *, #4444, .T. ) ;
#6536 = EDGE_CURVE ( 'NONE', #6187, #1300, #7076, .T. ) ;
#6537 = DIRECTION ( 'NONE',  ( -0.000000000000000000, -0.000000000000000000, 1.000000000000000000 ) ) ;
#6538 = LINE ( 'NONE', #10256, #5026 ) ;
#6539 = EDGE_CURVE ( 'NONE', #8340, #1326, #2823, .T. ) ;
#6540 = DIRECTION ( 'NONE',  ( 1.000000000000000000, 6.938893903907234689E-15, 0.000000000000000000 ) ) ;
#6541 = LINE ( 'NONE', #3196, #2498 ) ;
#6542 = VECTOR ( 'NONE', #8323, 1000.000000000000114 ) ;
#6543 = DIRECTION ( 'NONE',  ( -0.000000000000000000, -0.000000000000000000, 1.000000000000000000 ) ) ;
#6544 = LINE ( 'NONE', #5834, #4575 ) ;
#6545 = CARTESIAN_POINT ( 'NONE',  ( -37.06788286210058203, 20.80448725967914925, 0.5000000000000004441 ) ) ;
#6546 = VERTEX_POINT ( 'NONE', #5465 ) ;
#6547 = VERTEX_POINT ( 'NONE', #393 ) ;
#6548 = EDGE_LOOP ( 'NONE', ( #6799, #5839, #10617, #4721 ) ) ;
#6549 = EDGE_CURVE ( 'NONE', #3033, #5357, #342, .T. ) ;
#6550 = LINE ( 'NONE', #2560, #8461 ) ;
#6551 = DIRECTION ( 'NONE',  ( -6.938893903907233900E-15, 1.000000000000000000, 0.000000000000000000 ) ) ;
#6552 = CARTESIAN_POINT ( 'NONE',  ( -137.7499999999999716, 10.65429687500000355, 0.4000000000000114575 ) ) ;
#6553 = CARTESIAN_POINT ( 'NONE',  ( 8.932117137899432180, 0.000000000000000000, 0.000000000000000000 ) ) ;
#6554 = LINE ( 'NONE', #626, #4734 ) ;
#6555 = ORIENTED_EDGE ( 'NONE', *, *, #10148, .F. ) ;
#6556 = CARTESIAN_POINT ( 'NONE',  ( -135.9999999999999716, 0.000000000000000000, 0.000000000000000000 ) ) ;
#6557 = EDGE_LOOP ( 'NONE', ( #2557, #8976, #5313, #9627 ) ) ;
#6558 = EDGE_CURVE ( 'NONE', #1105, #5232, #6103, .T. ) ;
#6559 = ORIENTED_EDGE ( 'NONE', *, *, #8974, .T. ) ;
#6560 = ORIENTED_EDGE ( 'NONE', *, *, #7231, .T. ) ;
#6561 = AXIS2_PLACEMENT_3D ( 'NONE', #1029, #5835, #876 ) ;
#6562 = CARTESIAN_POINT ( 'NONE',  ( 16.61788286210075327, 20.23277201088161803, 6.000000000000000000 ) ) ;
#6563 = DIRECTION ( 'NONE',  ( 0.000000000000000000, 1.000000000000000000, 0.000000000000000000 ) ) ;
#6564 = CARTESIAN_POINT ( 'NONE',  ( 0.000000000000000000, 0.000000000000000000, 4.000000000000000000 ) ) ;
#6565 = CARTESIAN_POINT ( 'NONE',  ( 8.932117137899432180, 20.80448725967914925, 1.500000000000000444 ) ) ;
#6566 = LINE ( 'NONE', #1607, #658 ) ;
#6567 = ORIENTED_EDGE ( 'NONE', *, *, #9623, .T. ) ;
#6568 = CARTESIAN_POINT ( 'NONE',  ( -14.06788286210058914, 20.78641401289932134, -2.999999999999999112 ) ) ;
#6570 = ORIENTED_EDGE ( 'NONE', *, *, #5091, .F. ) ;
#6569 = VECTOR ( 'NONE', #2573, 1000.000000000000000 ) ;
#6571 = VERTEX_POINT ( 'NONE', #5301 ) ;
#6572 = AXIS2_PLACEMENT_3D ( 'NONE', #2351, #7948, #5631 ) ;
#6573 = FACE_OUTER_BOUND ( 'NONE', #1550, .T. ) ;
#6574 = PLANE ( 'NONE',  #3224 ) ;
#6575 = VECTOR ( 'NONE', #5023, 1000.000000000000000 ) ;
#6576 = FACE_OUTER_BOUND ( 'NONE', #9477, .T. ) ;
#6577 = CARTESIAN_POINT ( 'NONE',  ( -108.4178828621006119, 16.07582173911837842, 1.500000000000000444 ) ) ;
#6578 = EDGE_CURVE ( 'NONE', #7490, #10289, #1958, .T. ) ;
#6579 = ORIENTED_EDGE ( 'NONE', *, *, #2255, .F. ) ;
#6580 = DIRECTION ( 'NONE',  ( -1.000000000000000000, 0.000000000000000000, 0.000000000000000000 ) ) ;
#6581 = FACE_OUTER_BOUND ( 'NONE', #535, .T. ) ;
#6582 = VERTEX_POINT ( 'NONE', #561 ) ;
#6583 = VERTEX_POINT ( 'NONE', #8587 ) ;
#6584 = EDGE_CURVE ( 'NONE', #1993, #9941, #6867, .T. ) ;
#6585 = ORIENTED_EDGE ( 'NONE', *, *, #4782, .T. ) ;
#6586 = DIRECTION ( 'NONE',  ( 0.000000000000000000, -1.000000000000000000, 0.000000000000000000 ) ) ;
#6587 = EDGE_CURVE ( 'NONE', #2607, #725, #6965, .T. ) ;
#6588 = PLANE ( 'NONE',  #4508 ) ;
#6589 = CARTESIAN_POINT ( 'NONE',  ( -75.38211713789925739, 20.23277201088161803, 4.000000000000000000 ) ) ;
#6590 = CARTESIAN_POINT ( 'NONE',  ( -98.38211713789927160, 20.23277201088161803, 1.500000000000000444 ) ) ;
#6591 = DIRECTION ( 'NONE',  ( 0.000000000000000000, 0.000000000000000000, -1.000000000000000000 ) ) ;
#6592 = CARTESIAN_POINT ( 'NONE',  ( 36.67847513588168340, 13.13641401289931920, 2.499999999999998668 ) ) ;
#6593 = FACE_OUTER_BOUND ( 'NONE', #4102, .T. ) ;
#6594 = ORIENTED_EDGE ( 'NONE', *, *, #7585, .T. ) ;
#6595 = ADVANCED_FACE ( 'NONE', ( #6170 ), #5571, .F. ) ;
#6596 = ORIENTED_EDGE ( 'NONE', *, *, #6450, .T. ) ;
#6597 = EDGE_CURVE ( 'NONE', #10237, #5432, #5518, .T. ) ;
#6598 = VERTEX_POINT ( 'NONE', #4766 ) ;
#6599 = CARTESIAN_POINT ( 'NONE',  ( -53.01788286210057066, 15.50448725967913610, 1.500000000000000444 ) ) ;
#6600 = DIRECTION ( 'NONE',  ( -1.000000000000000000, -0.000000000000000000, -0.000000000000000000 ) ) ;
#6601 = DIRECTION ( 'NONE',  ( 1.000000000000000000, -0.000000000000000000, -0.000000000000000000 ) ) ;
#6602 = CARTESIAN_POINT ( 'NONE',  ( -54.76788286210057777, 15.50448725967913610, 1.500000000000000444 ) ) ;
#6603 = CARTESIAN_POINT ( 'NONE',  ( -98.38211713789927160, 20.23277201088161803, 4.000000000000000000 ) ) ;
#6604 = ORIENTED_EDGE ( 'NONE', *, *, #7919, .T. ) ;
#6605 = ADVANCED_FACE ( 'NONE', ( #3151 ), #7129, .F. ) ;
#6606 = DIRECTION ( 'NONE',  ( 0.000000000000000000, -0.000000000000000000, -1.000000000000000000 ) ) ;
#6607 = ORIENTED_EDGE ( 'NONE', *, *, #6286, .F. ) ;
#6608 = VERTEX_POINT ( 'NONE', #4010 ) ;
#6609 = ORIENTED_EDGE ( 'NONE', *, *, #2381, .T. ) ;
#6610 = CARTESIAN_POINT ( 'NONE',  ( -130.7500000000000000, 0.000000000000000000, 1.500000000000000444 ) ) ;
#6611 = EDGE_CURVE ( 'NONE', #10305, #2815, #8802, .T. ) ;
#6612 = CARTESIAN_POINT ( 'NONE',  ( -6.382117137899268045, 16.07582173911838197, 2.499999999999999112 ) ) ;
#6613 = DIRECTION ( 'NONE',  ( 1.000000000000000000, 6.938893903907234689E-15, 0.000000000000000000 ) ) ;
#6614 = CARTESIAN_POINT ( 'NONE',  ( -84.81788286210058914, 15.48641401289931885, 1.500000000000000444 ) ) ;
#6615 = CARTESIAN_POINT ( 'NONE',  ( -128.4178828621005835, 13.48641401289931885, 1.500000000000000444 ) ) ;
#6616 = ADVANCED_FACE ( 'NONE', ( #7187 ), #1427, .F. ) ;
#6617 = CARTESIAN_POINT ( 'NONE',  ( 29.58211713789940589, 16.07582173911837842, 1.500000000000000444 ) ) ;
#6618 = ORIENTED_EDGE ( 'NONE', *, *, #10198, .F. ) ;
#6619 = LINE ( 'NONE', #6519, #4252 ) ;
#6620 = ORIENTED_EDGE ( 'NONE', *, *, #4471, .F. ) ;
#6621 = EDGE_LOOP ( 'NONE', ( #9024, #4130, #2400, #2924 ) ) ;
#6622 = VECTOR ( 'NONE', #2591, 1000.000000000000000 ) ;
#6623 = EDGE_CURVE ( 'NONE', #9234, #2024, #2290, .T. ) ;
#6624 = EDGE_CURVE ( 'NONE', #2750, #1941, #2343, .T. ) ;
#6625 = FACE_OUTER_BOUND ( 'NONE', #4035, .T. ) ;
#6626 = LINE ( 'NONE', #2536, #10448 ) ;
#6627 = VECTOR ( 'NONE', #6399, 1000.000000000000000 ) ;
#6628 = CARTESIAN_POINT ( 'NONE',  ( -59.41788286210059056, 15.48641401289931885, 0.5000000000000004441 ) ) ;
#6629 = CARTESIAN_POINT ( 'NONE',  ( 14.23211713789943111, 20.78641401289932134, 0.5000000000000004441 ) ) ;
#6630 = VECTOR ( 'NONE', #1686, 1000.000000000000114 ) ;
#6631 = ORIENTED_EDGE ( 'NONE', *, *, #228, .T. ) ;
#6632 = CARTESIAN_POINT ( 'NONE',  ( 8.932117137899432180, 20.80448725967914925, 0.5000000000000004441 ) ) ;
#6633 = LINE ( 'NONE', #9911, #1405 ) ;
#6634 = ORIENTED_EDGE ( 'NONE', *, *, #2765, .T. ) ;
#6635 = ORIENTED_EDGE ( 'NONE', *, *, #8231, .T. ) ;
#6636 = VERTEX_POINT ( 'NONE', #3102 ) ;
#6637 = AXIS2_PLACEMENT_3D ( 'NONE', #2405, #5682, #8969 ) ;
#6638 = VECTOR ( 'NONE', #1354, 999.9999999999998863 ) ;
#6639 = EDGE_CURVE ( 'NONE', #9300, #5089, #2397, .T. ) ;
#6640 = LINE ( 'NONE', #5669, #5280 ) ;
#6641 = PLANE ( 'NONE',  #4680 ) ;
#6642 = PLANE ( 'NONE',  #6052 ) ;
#6643 = CARTESIAN_POINT ( 'NONE',  ( 46.11975214338981743, 25.38454473161017333, 4.888265003728722746 ) ) ;
#6644 = VECTOR ( 'NONE', #3577, 1000.000000000000000 ) ;
#6645 = DIRECTION ( 'NONE',  ( -0.7071067811865597852, -0.7071067811865352493, -0.000000000000000000 ) ) ;
#6646 = PLANE ( 'NONE',  #2772 ) ;
#6647 = ORIENTED_EDGE ( 'NONE', *, *, #9710, .T. ) ;
#6648 = AXIS2_PLACEMENT_3D ( 'NONE', #6490, #1789, #875 ) ;
#6649 = ORIENTED_EDGE ( 'NONE', *, *, #4073, .F. ) ;
#6650 = EDGE_CURVE ( 'NONE', #4076, #6212, #1477, .T. ) ;
#6651 = ORIENTED_EDGE ( 'NONE', *, *, #8198, .F. ) ;
#6652 = EDGE_CURVE ( 'NONE', #1331, #7201, #4710, .T. ) ;
#6653 = EDGE_CURVE ( 'NONE', #1547, #6225, #9769, .T. ) ;
#6654 = VECTOR ( 'NONE', #7814, 1000.000000000000000 ) ;
#6655 = CARTESIAN_POINT ( 'NONE',  ( -78.32152486411831660, 13.13641401289931920, 1.500000000000000444 ) ) ;
#6656 = LINE ( 'NONE', #9932, #4915 ) ;
#6657 = VECTOR ( 'NONE', #2629, 1000.000000000000000 ) ;
#6658 = EDGE_CURVE ( 'NONE', #2279, #10083, #1532, .T. ) ;
#6659 = LINE ( 'NONE', #9828, #322 ) ;
#6660 = CARTESIAN_POINT ( 'NONE',  ( -135.2499999999999716, 13.15429687500000355, 0.000000000000000000 ) ) ;
#6661 = CARTESIAN_POINT ( 'NONE',  ( -106.0678828621005891, 15.48641401289931885, -2.999999999999999112 ) ) ;
#6662 = EDGE_LOOP ( 'NONE', ( #9899, #9555, #10020, #4454 ) ) ;
#6663 = DIRECTION ( 'NONE',  ( 1.000000000000000000, 0.000000000000000000, 0.000000000000000000 ) ) ;
#6664 = VERTEX_POINT ( 'NONE', #4819 ) ;
#6665 = VERTEX_POINT ( 'NONE', #9009 ) ;
#6666 = ORIENTED_EDGE ( 'NONE', *, *, #8846, .T. ) ;
#6667 = VECTOR ( 'NONE', #10516, 1000.000000000000000 ) ;
#6668 = ADVANCED_FACE ( 'NONE', ( #7344 ), #1584, .F. ) ;
#6669 = VECTOR ( 'NONE', #9734, 1000.000000000000000 ) ;
#6670 = CARTESIAN_POINT ( 'NONE',  ( -55.32152486411831660, 13.13641401289931920, 4.000000000000000000 ) ) ;
#6671 = CARTESIAN_POINT ( 'NONE',  ( -15.08333333333332327, 71.98763020833332860, -60.93333333333331581 ) ) ;
#6672 = CARTESIAN_POINT ( 'NONE',  ( -82.49635799798222990, 23.15429687499998934, 1.500000000000000444 ) ) ;
#6673 = CARTESIAN_POINT ( 'NONE',  ( -124.3215248641183166, 13.13641401289931920, 4.000000000000000000 ) ) ;
#6674 = FACE_OUTER_BOUND ( 'NONE', #1494, .T. ) ;
#6675 = LINE ( 'NONE', #9143, #6788 ) ;
#6676 = VECTOR ( 'NONE', #9255, 1000.000000000000000 ) ;
#6677 = FACE_OUTER_BOUND ( 'NONE', #9394, .T. ) ;
#6678 = EDGE_LOOP ( 'NONE', ( #797, #145, #409, #252 ) ) ;
#6679 = ORIENTED_EDGE ( 'NONE', *, *, #9012, .T. ) ;
#6680 = ORIENTED_EDGE ( 'NONE', *, *, #5100, .T. ) ;
#6681 = VECTOR ( 'NONE', #2222, 1000.000000000000114 ) ;
#6682 = EDGE_CURVE ( 'NONE', #435, #6956, #719, .T. ) ;
#6683 = AXIS2_PLACEMENT_3D ( 'NONE', #7628, #4506, #6981 ) ;
#6684 = CARTESIAN_POINT ( 'NONE',  ( 39.25000000000000000, 23.15429687500000000, 4.000000000000000000 ) ) ;
#6685 = CARTESIAN_POINT ( 'NONE',  ( -61.81788286210057493, 15.48641401289931885, 1.500000000000000444 ) ) ;
#6686 = CARTESIAN_POINT ( 'NONE',  ( -107.7999999999998693, 20.85065487298235709, 2.500000000000000000 ) ) ;
#6687 = LINE ( 'NONE', #10061, #9542 ) ;
#6688 = VERTEX_POINT ( 'NONE', #10570 ) ;
#6689 = DIRECTION ( 'NONE',  ( -0.000000000000000000, -0.000000000000000000, 1.000000000000000000 ) ) ;
#6690 = PLANE ( 'NONE',  #8967 ) ;
#6691 = ORIENTED_EDGE ( 'NONE', *, *, #6693, .F. ) ;
#6692 = ORIENTED_EDGE ( 'NONE', *, *, #3312, .T. ) ;
#6693 = EDGE_CURVE ( 'NONE', #5889, #757, #10627, .T. ) ;
#6694 = ORIENTED_EDGE ( 'NONE', *, *, #5338, .F. ) ;
#6695 = AXIS2_PLACEMENT_3D ( 'NONE', #4790, #3008, #8826 ) ;
#6696 = CARTESIAN_POINT ( 'NONE',  ( 37.23211713789942223, 15.50448725967913610, 0.5000000000000004441 ) ) ;
#6697 = DIRECTION ( 'NONE',  ( -0.000000000000000000, -0.000000000000000000, 1.000000000000000000 ) ) ;
#6698 = PLANE ( 'NONE',  #551 ) ;
#6699 = DIRECTION ( 'NONE',  ( -0.000000000000000000, -0.000000000000000000, 1.000000000000000000 ) ) ;
#6700 = LINE ( 'NONE', #9921, #5612 ) ;
#6701 = DIRECTION ( 'NONE',  ( -1.000000000000000000, -0.000000000000000000, -0.000000000000000000 ) ) ;
#6702 = ORIENTED_EDGE ( 'NONE', *, *, #5042, .F. ) ;
#6703 = AXIS2_PLACEMENT_3D ( 'NONE', #1380, #7950, #7788 ) ;
#6704 = VERTEX_POINT ( 'NONE', #6387 ) ;
#6705 = ORIENTED_EDGE ( 'NONE', *, *, #255, .F. ) ;
#6706 = AXIS2_PLACEMENT_3D ( 'NONE', #2444, #2689, #8500 ) ;
#6707 = LINE ( 'NONE', #8372, #8130 ) ;
#6708 = CARTESIAN_POINT ( 'NONE',  ( -55.41788286210057635, 20.78641401289932134, 0.5000000000000004441 ) ) ;
#6709 = CARTESIAN_POINT ( 'NONE',  ( -137.7499999999999716, 11.05429687500001457, 6.000000000000000000 ) ) ;
#6710 = LINE ( 'NONE', #9985, #2516 ) ;
#6711 = LINE ( 'NONE', #5789, #2844 ) ;
#6712 = VERTEX_POINT ( 'NONE', #6335 ) ;
#6713 = EDGE_CURVE ( 'NONE', #3525, #4495, #4918, .T. ) ;
#6714 = ORIENTED_EDGE ( 'NONE', *, *, #2887, .F. ) ;
#6715 = ORIENTED_EDGE ( 'NONE', *, *, #8828, .T. ) ;
#6716 = VERTEX_POINT ( 'NONE', #9666 ) ;
#6717 = CARTESIAN_POINT ( 'NONE',  ( -82.41788286210059766, 13.48641401289931885, 0.5000000000000004441 ) ) ;
#6718 = DIRECTION ( 'NONE',  ( 1.000000000000000000, 0.000000000000000000, -0.000000000000000000 ) ) ;
#6719 = EDGE_CURVE ( 'NONE', #4685, #856, #2494, .T. ) ;
#6720 = DIRECTION ( 'NONE',  ( 1.000000000000000000, 0.000000000000000000, 0.000000000000000000 ) ) ;
#6721 = CARTESIAN_POINT ( 'NONE',  ( -16.41788286210060832, 20.23277201088161448, 2.500000000000000000 ) ) ;
#6722 = DIRECTION ( 'NONE',  ( -0.7071067811865483499, 0.7071067811865466846, 0.000000000000000000 ) ) ;
#6723 = DIRECTION ( 'NONE',  ( -0.000000000000000000, -1.000000000000000000, -0.000000000000000000 ) ) ;
#6724 = DIRECTION ( 'NONE',  ( 1.000000000000000000, 0.000000000000000000, 0.000000000000000000 ) ) ;
#6725 = ORIENTED_EDGE ( 'NONE', *, *, #7573, .T. ) ;
#6726 = ORIENTED_EDGE ( 'NONE', *, *, #7164, .T. ) ;
#6727 = EDGE_CURVE ( 'NONE', #10538, #3711, #1843, .T. ) ;
#6728 = ORIENTED_EDGE ( 'NONE', *, *, #6420, .T. ) ;
#6729 = VECTOR ( 'NONE', #7726, 1000.000000000000000 ) ;
#6730 = ADVANCED_FACE ( 'NONE', ( #3413 ), #5991, .F. ) ;
#6731 = LINE ( 'NONE', #10115, #5293 ) ;
#6732 = DIRECTION ( 'NONE',  ( 0.000000000000000000, -1.000000000000000000, 0.000000000000000000 ) ) ;
#6733 = CARTESIAN_POINT ( 'NONE',  ( -137.7499999999999716, 20.85065487298235709, 4.000000000000000000 ) ) ;
#6734 = VECTOR ( 'NONE', #10317, 999.9999999999998863 ) ;
#6735 = DIRECTION ( 'NONE',  ( 0.000000000000000000, 1.000000000000000000, 0.000000000000000000 ) ) ;
#6736 = ORIENTED_EDGE ( 'NONE', *, *, #3816, .T. ) ;
#6737 = CARTESIAN_POINT ( 'NONE',  ( -124.4178828621005835, 15.48641401289931885, 0.5000000000000004441 ) ) ;
#6738 = DIRECTION ( 'NONE',  ( -0.000000000000000000, -0.000000000000000000, 1.000000000000000000 ) ) ;
#6739 = VERTEX_POINT ( 'NONE', #4975 ) ;
#6740 = EDGE_CURVE ( 'NONE', #1846, #5374, #5128, .T. ) ;
#6741 = VERTEX_POINT ( 'NONE', #8266 ) ;
#6742 = VERTEX_POINT ( 'NONE', #3308 ) ;
#6743 = VECTOR ( 'NONE', #4826, 1000.000000000000000 ) ;
#6744 = CARTESIAN_POINT ( 'NONE',  ( -59.47847513588155977, 23.17217973710065948, 4.000000000000000000 ) ) ;
#6745 = CARTESIAN_POINT ( 'NONE',  ( -78.32152486411830239, 23.17217973710065948, 1.500000000000000444 ) ) ;
#6746 = FACE_OUTER_BOUND ( 'NONE', #3468, .T. ) ;
#6747 = ADVANCED_FACE ( 'NONE', ( #6593 ), #9977, .F. ) ;
#6748 = LINE ( 'NONE', #7653, #8347 ) ;
#6749 = DIRECTION ( 'NONE',  ( 0.000000000000000000, 1.000000000000000000, 0.000000000000000000 ) ) ;
#6750 = AXIS2_PLACEMENT_3D ( 'NONE', #285, #10032, #9227 ) ;
#6751 = CARTESIAN_POINT ( 'NONE',  ( 0.000000000000000000, 0.000000000000000000, 4.000000000000000000 ) ) ;
#6752 = EDGE_LOOP ( 'NONE', ( #5752, #4757, #3864, #3088, #4919 ) ) ;
#6753 = VERTEX_POINT ( 'NONE', #9274 ) ;
#6754 = ORIENTED_EDGE ( 'NONE', *, *, #9077, .T. ) ;
#6755 = LINE ( 'NONE', #10243, #7829 ) ;
#6756 = DIRECTION ( 'NONE',  ( -0.000000000000000000, -0.000000000000000000, 1.000000000000000000 ) ) ;
#6757 = CARTESIAN_POINT ( 'NONE',  ( -55.41788286210057635, 20.78641401289932134, 0.5000000000000004441 ) ) ;
#6758 = PLANE ( 'NONE',  #8019 ) ;
#6759 = CARTESIAN_POINT ( 'NONE',  ( -37.06788286210058203, 20.78641401289932134, -2.999999999999999112 ) ) ;
#6760 = VERTEX_POINT ( 'NONE', #5776 ) ;
#6761 = ORIENTED_EDGE ( 'NONE', *, *, #4218, .F. ) ;
#6762 = ORIENTED_EDGE ( 'NONE', *, *, #5474, .F. ) ;
#6763 = EDGE_LOOP ( 'NONE', ( #2126, #10559, #4091, #745, #10306, #3596, #2776, #2293 ) ) ;
#6764 = EDGE_CURVE ( 'NONE', #1848, #4965, #4168, .T. ) ;
#6765 = LINE ( 'NONE', #3096, #3300 ) ;
#6766 = CARTESIAN_POINT ( 'NONE',  ( 38.98211713789942223, 15.50448725967913610, 0.5000000000000004441 ) ) ;
#6767 = EDGE_CURVE ( 'NONE', #1672, #4831, #9922, .T. ) ;
#6768 = DIRECTION ( 'NONE',  ( -0.000000000000000000, -0.000000000000000000, 1.000000000000000000 ) ) ;
#6769 = CARTESIAN_POINT ( 'NONE',  ( -54.76788286210057777, 15.50448725967913610, 0.5000000000000004441 ) ) ;
#6770 = DIRECTION ( 'NONE',  ( 0.7071067811865479058, -0.7071067811865470176, 0.000000000000000000 ) ) ;
#6771 = DIRECTION ( 'NONE',  ( -1.000000000000000000, -8.163404592832032733E-17, 0.000000000000000000 ) ) ;
#6772 = ORIENTED_EDGE ( 'NONE', *, *, #9223, .F. ) ;
#6773 = VERTEX_POINT ( 'NONE', #2606 ) ;
#6774 = ORIENTED_EDGE ( 'NONE', *, *, #6767, .F. ) ;
#6775 = ADVANCED_FACE ( 'NONE', ( #4116 ), #6646, .F. ) ;
#6776 = EDGE_CURVE ( 'NONE', #5043, #9552, #2708, .T. ) ;
#6777 = LINE ( 'NONE', #4352, #9938 ) ;
#6778 = DIRECTION ( 'NONE',  ( 0.000000000000000000, 0.000000000000000000, -1.000000000000000000 ) ) ;
#6779 = CARTESIAN_POINT ( 'NONE',  ( -124.3215248641183166, 13.13641401289931920, 2.499999999999998668 ) ) ;
#6780 = DIRECTION ( 'NONE',  ( 0.7071067811865474617, 0.7071067811865474617, 0.000000000000000000 ) ) ;
#6781 = EDGE_CURVE ( 'NONE', #2198, #2694, #2652, .T. ) ;
#6782 = CARTESIAN_POINT ( 'NONE',  ( 39.25000000000000000, 23.15429687500000000, 4.000000000000000000 ) ) ;
#6783 = ORIENTED_EDGE ( 'NONE', *, *, #8235, .F. ) ;
#6784 = CARTESIAN_POINT ( 'NONE',  ( 46.25000000000000000, 25.25429687499999076, 4.834314575050759899 ) ) ;
#6785 = CARTESIAN_POINT ( 'NONE',  ( -78.32152486411830239, 23.17217973710065948, 6.000000000000000000 ) ) ;
#6786 = ORIENTED_EDGE ( 'NONE', *, *, #6450, .F. ) ;
#6787 = ORIENTED_EDGE ( 'NONE', *, *, #9465, .T. ) ;
#6788 = VECTOR ( 'NONE', #8287, 1000.000000000000114 ) ;
#6789 = VECTOR ( 'NONE', #10299, 1000.000000000000000 ) ;
#6790 = LINE ( 'NONE', #6744, #6341 ) ;
#6791 = EDGE_CURVE ( 'NONE', #2114, #9124, #4321, .T. ) ;
#6792 = LINE ( 'NONE', #2601, #3217 ) ;
#6793 = DIRECTION ( 'NONE',  ( 0.000000000000000000, 1.000000000000000000, 0.000000000000000000 ) ) ;
#6794 = CARTESIAN_POINT ( 'NONE',  ( -78.41788286210059766, 22.78641401289931778, 0.5000000000000004441 ) ) ;
#6795 = ORIENTED_EDGE ( 'NONE', *, *, #7744, .F. ) ;
#6796 = DIRECTION ( 'NONE',  ( -0.000000000000000000, -0.000000000000000000, 1.000000000000000000 ) ) ;
#6797 = DIRECTION ( 'NONE',  ( -0.5773502691896122974, -0.5773502691896323924, 0.5773502691896323924 ) ) ;
#6798 = ORIENTED_EDGE ( 'NONE', *, *, #8295, .T. ) ;
#6799 = ORIENTED_EDGE ( 'NONE', *, *, #7935, .T. ) ;
#6800 = AXIS2_PLACEMENT_3D ( 'NONE', #1855, #9232, #994 ) ;
#6801 = VECTOR ( 'NONE', #9245, 1000.000000000000000 ) ;
#6802 = ORIENTED_EDGE ( 'NONE', *, *, #9796, .F. ) ;
#6803 = EDGE_CURVE ( 'NONE', #7580, #6742, #4273, .T. ) ;
#6804 = VECTOR ( 'NONE', #8756, 1000.000000000000000 ) ;
#6805 = VECTOR ( 'NONE', #5684, 1000.000000000000114 ) ;
#6806 = CARTESIAN_POINT ( 'NONE',  ( 9.503642002017784307, 23.15429687499999645, 4.000000000000000000 ) ) ;
#6807 = DIRECTION ( 'NONE',  ( 0.000000000000000000, 0.000000000000000000, 1.000000000000000000 ) ) ;
#6808 = CARTESIAN_POINT ( 'NONE',  ( 39.25000000000000000, 13.15429687500000355, 6.000000000000000000 ) ) ;
#6809 = CARTESIAN_POINT ( 'NONE',  ( 45.85000000000000142, 25.65429687500000355, 5.000000000000000000 ) ) ;
#6810 = LINE ( 'NONE', #6661, #4050 ) ;
#6811 = ORIENTED_EDGE ( 'NONE', *, *, #8851, .F. ) ;
#6812 = ORIENTED_EDGE ( 'NONE', *, *, #1710, .T. ) ;
#6813 = VERTEX_POINT ( 'NONE', #9121 ) ;
#6814 = EDGE_CURVE ( 'NONE', #7464, #2952, #8365, .T. ) ;
#6815 = AXIS2_PLACEMENT_3D ( 'NONE', #937, #5895, #4229 ) ;
#6816 = ORIENTED_EDGE ( 'NONE', *, *, #5409, .T. ) ;
#6817 = CARTESIAN_POINT ( 'NONE',  ( -84.81788286210058914, 15.48641401289931885, 0.5000000000000004441 ) ) ;
#6818 = CARTESIAN_POINT ( 'NONE',  ( -100.7678828621005920, 20.78641401289932134, 0.000000000000000000 ) ) ;
#6819 = DIRECTION ( 'NONE',  ( -0.000000000000000000, -0.000000000000000000, 1.000000000000000000 ) ) ;
#6820 = LINE ( 'NONE', #9296, #3431 ) ;
#6821 = LINE ( 'NONE', #5417, #7661 ) ;
#6822 = CARTESIAN_POINT ( 'NONE',  ( -130.8178828621005891, 20.80448725967914925, 1.000000000000000000 ) ) ;
#6823 = VECTOR ( 'NONE', #1192, 1000.000000000000000 ) ;
#6824 = CARTESIAN_POINT ( 'NONE',  ( 13.58211713789943254, 20.78641401289932134, 0.5000000000000004441 ) ) ;
#6825 = ORIENTED_EDGE ( 'NONE', *, *, #8348, .T. ) ;
#6826 = DIRECTION ( 'NONE',  ( 1.000000000000000000, -1.734723475976806902E-18, -0.000000000000000000 ) ) ;
#6827 = EDGE_LOOP ( 'NONE', ( #9412, #7944, #6853, #5920 ) ) ;
#6828 = VECTOR ( 'NONE', #4638, 1000.000000000000000 ) ;
#6829 = ORIENTED_EDGE ( 'NONE', *, *, #3155, .T. ) ;
#6830 = AXIS2_PLACEMENT_3D ( 'NONE', #8241, #854, #3986 ) ;
#6831 = DIRECTION ( 'NONE',  ( -0.000000000000000000, -0.000000000000000000, 1.000000000000000000 ) ) ;
#6832 = VECTOR ( 'NONE', #7910, 1000.000000000000000 ) ;
#6833 = DIRECTION ( 'NONE',  ( 0.7071067811865475727, -0.7071067811865475727, 0.000000000000000000 ) ) ;
#6834 = DIRECTION ( 'NONE',  ( -1.000000000000000000, 0.000000000000000000, 0.000000000000000000 ) ) ;
#6835 = CARTESIAN_POINT ( 'NONE',  ( -55.41788286210057635, 15.48641401289931885, 0.5000000000000004441 ) ) ;
#6836 = ADVANCED_FACE ( 'NONE', ( #1741 ), #5027, .T. ) ;
#6837 = DIRECTION ( 'NONE',  ( 0.000000000000000000, -0.000000000000000000, 1.000000000000000000 ) ) ;
#6838 = VERTEX_POINT ( 'NONE', #4216 ) ;
#6839 = CARTESIAN_POINT ( 'NONE',  ( -52.99999999999999289, 15.45793887701764291, 1.500000000000000444 ) ) ;
#6840 = CARTESIAN_POINT ( 'NONE',  ( 7.182117137899429515, 20.80448725967914925, 1.500000000000000444 ) ) ;
#6842 = ORIENTED_EDGE ( 'NONE', *, *, #564, .F. ) ;
#6841 = EDGE_CURVE ( 'NONE', #156, #7983, #5930, .T. ) ;
#6843 = ADVANCED_FACE ( 'NONE', ( #10080 ), #1895, .F. ) ;
#6844 = ORIENTED_EDGE ( 'NONE', *, *, #1414, .F. ) ;
#6845 = VECTOR ( 'NONE', #9800, 1000.000000000000000 ) ;
#6846 = AXIS2_PLACEMENT_3D ( 'NONE', #4345, #9407, #8545 ) ;
#6847 = ADVANCED_FACE ( 'NONE', ( #3621, #3781 ), #1193, .T. ) ;
#6848 = CARTESIAN_POINT ( 'NONE',  ( -137.7499999999999716, 13.90429687500000355, 6.000000000000000000 ) ) ;
#6849 = CARTESIAN_POINT ( 'NONE',  ( -36.49635799798222990, 23.15429687499999289, 6.000000000000000000 ) ) ;
#6850 = CLOSED_SHELL ( 'NONE', ( #3162, #1772, #7929, #10389, #2334, #2239, #3606, #4824, #6324, #4991, #6870, #7072, #1931, #9030, #2758, #10282, #1580, #4159, #3559, #6391, #7339, #5864, #385, #1825, #10602, #256, #558, #8312, #4494, #9902, #2507, #8437, #2056, #9305, #5007, #4113, #4200, #4276, #4645, #10264, #1912, #6897, #8818, #3927, #7985, #2452, #1349, #334, #2859, #681, #3878, #2769, #1537, #862, #5133, #9645, #880, #5321, #5389, #6730, #7035, #8886, #9515, #3616, #2324, #9859, #9843, #5746, #530, #3427, #1372, #263, #1271, #3393, #244, #9774, #5391, #8097, #1598, #6204, #5004, #222, #5983, #7709, #10054, #9004, #10025, #2920, #5988, #4564, #8616, #6368, #9331, #7840, #3046, #1728, #7376, #10104, #5824, #2567, #3238, #687, #6913, #7300, #7619, #3753, #8128, #1556, #1869, #577, #2954, #7831, #4172, #730, #1034, #1841, #2135, #8632, #8169, #6843, #5163, #8418, #4210, #6847, #8903, #3295, #4340, #5294, #778, #931, #6668, #5884, #240, #7405, #6901, #3465, #3363, #6130, #9811, #791, #4048, #710, #4772, #5782, #3590, #1470, #3832, #9207, #106, #8790, #7135, #8537, #5199, #8985, #7053, #8216, #9860, #1634, #5335, #9736, #10655, #217, #1803, #8917, #4523, #8679, #5012, #6605, #2163, #4885, #9279, #8195, #1857, #6266, #5033, #4995, #1786, #7663, #4747, #6143, #9413, #2216, #3330, #2435, #9101, #2901, #8096, #9295, #6312, #6616, #3175, #14, #2439, #1525, #4669, #1902, #5122, #6595, #9733, #3383, #9575, #1095, #2656, #4404, #10560, #7121, #941, #6297, #7364, #8580, #4469, #7864, #4952, #4214, #10631, #8056, #9668, #4092, #7719, #1722, #7048, #7472, #5922, #8433, #5798, #7977, #131, #6158, #9655, #739, #5459, #6190, #5187, #6106, #8980, #3480, #6401, #7596, #6775, #2429, #8033, #1097, #3059, #10467, #9478, #9247, #10344, #7654, #3935, #1241, #2412, #5652, #1586, #1118, #8398, #10387, #4758, #4688, #9441, #3624, #1508, #2705, #4623, #5567, #4931, #10624, #1977, #1208, #7887, #6836, #7463, #10324, #7997, #1223, #543, #1403, #2712, #1963, #10591, #2816, #10131, #5605, #374, #4361, #10400, #4873, #2317, #881, #3675, #9368, #802, #1261, #2067, #3032, #589, #3218, #10056, #4871, #3772, #4971, #7900, #8225, #3110, #97, #10322, #3909, #378, #1794, #336, #7245, #7736, #2907, #800, #10593, #8667, #1771, #8369, #7729, #6747, #1645, #3515, #2376, #415, #652, #814, #8726 ) ) ;
#6851 = DIRECTION ( 'NONE',  ( 0.000000000000000000, 0.000000000000000000, -1.000000000000000000 ) ) ;
#6852 = CARTESIAN_POINT ( 'NONE',  ( -36.47847513588156687, 23.17217973710065948, 1.500000000000000444 ) ) ;
#6853 = ORIENTED_EDGE ( 'NONE', *, *, #1712, .F. ) ;
#6854 = FACE_OUTER_BOUND ( 'NONE', #3323, .T. ) ;
#6855 = DIRECTION ( 'NONE',  ( -0.000000000000000000, -0.000000000000000000, 1.000000000000000000 ) ) ;
#6856 = VERTEX_POINT ( 'NONE', #8517 ) ;
#6857 = ORIENTED_EDGE ( 'NONE', *, *, #3686, .T. ) ;
#6858 = EDGE_CURVE ( 'NONE', #1545, #10337, #7657, .T. ) ;
#6859 = VECTOR ( 'NONE', #2147, 1000.000000000000000 ) ;
#6860 = EDGE_LOOP ( 'NONE', ( #2665, #3187, #3759, #522 ) ) ;
#6861 = EDGE_CURVE ( 'NONE', #7439, #4585, #6040, .T. ) ;
#6862 = CARTESIAN_POINT ( 'NONE',  ( -32.30364200201766067, 23.15429687500000000, 4.000000000000000000 ) ) ;
#6863 = DIRECTION ( 'NONE',  ( 0.7071067811865474617, 0.7071067811865474617, 0.000000000000000000 ) ) ;
#6864 = AXIS2_PLACEMENT_3D ( 'NONE', #402, #569, #7841 ) ;
#6865 = DIRECTION ( 'NONE',  ( -0.000000000000000000, -1.000000000000000000, -0.000000000000000000 ) ) ;
#6866 = CARTESIAN_POINT ( 'NONE',  ( -124.3215248641183166, 13.13641401289931920, 1.500000000000000444 ) ) ;
#6867 = LINE ( 'NONE', #1205, #7246 ) ;
#6868 = ORIENTED_EDGE ( 'NONE', *, *, #8184, .F. ) ;
#6869 = ORIENTED_EDGE ( 'NONE', *, *, #6803, .F. ) ;
#6870 = ADVANCED_FACE ( 'NONE', ( #7062 ), #10184, .F. ) ;
#6871 = ORIENTED_EDGE ( 'NONE', *, *, #2240, .F. ) ;
#6872 = ORIENTED_EDGE ( 'NONE', *, *, #5797, .F. ) ;
#6873 = AXIS2_PLACEMENT_3D ( 'NONE', #4114, #5725, #3100 ) ;
#6874 = CARTESIAN_POINT ( 'NONE',  ( -77.76788286210057777, 20.78641401289932134, -2.999999999999999112 ) ) ;
#6875 = FACE_OUTER_BOUND ( 'NONE', #181, .T. ) ;
#6876 = DIRECTION ( 'NONE',  ( -8.163404592832032733E-17, 1.000000000000000000, 0.000000000000000000 ) ) ;
#6877 = LINE ( 'NONE', #1160, #7381 ) ;
#6878 = LINE ( 'NONE', #10207, #9041 ) ;
#6879 = CARTESIAN_POINT ( 'NONE',  ( -124.3215248641183024, 23.17217973710065948, 1.500000000000000444 ) ) ;
#6880 = EDGE_CURVE ( 'NONE', #8652, #9069, #3568, .T. ) ;
#6881 = DIRECTION ( 'NONE',  ( 0.000000000000000000, -1.000000000000000000, 0.000000000000000000 ) ) ;
#6882 = ORIENTED_EDGE ( 'NONE', *, *, #1131, .F. ) ;
#6883 = FACE_OUTER_BOUND ( 'NONE', #5276, .T. ) ;
#6884 = ORIENTED_EDGE ( 'NONE', *, *, #5718, .F. ) ;
#6885 = EDGE_LOOP ( 'NONE', ( #1664, #7957, #5170, #1030 ) ) ;
#6886 = CARTESIAN_POINT ( 'NONE',  ( -37.06788286210058203, 20.80448725967914925, 0.5000000000000004441 ) ) ;
#6887 = LINE ( 'NONE', #4197, #7013 ) ;
#6888 = FACE_OUTER_BOUND ( 'NONE', #2259, .T. ) ;
#6889 = CARTESIAN_POINT ( 'NONE',  ( 161.0000000000000000, 0.000000000000000000, 0.5000000000000004441 ) ) ;
#6890 = CARTESIAN_POINT ( 'NONE',  ( 46.04999999999998295, 25.45429687499997584, 0.1999999999999849121 ) ) ;
#6891 = EDGE_LOOP ( 'NONE', ( #6986, #6140, #1691, #3103 ) ) ;
#6892 = CARTESIAN_POINT ( 'NONE',  ( 36.67847513588168340, 13.13641401289931920, 6.000000000000000000 ) ) ;
#6893 = VERTEX_POINT ( 'NONE', #2867 ) ;
#6894 = EDGE_LOOP ( 'NONE', ( #6754, #3569, #408, #10321, #3810, #2316, #9853, #8600 ) ) ;
#6895 = AXIS2_PLACEMENT_3D ( 'NONE', #4059, #3962, #8105 ) ;
#6896 = DIRECTION ( 'NONE',  ( 0.7071067811865475727, 0.000000000000000000, 0.7071067811865475727 ) ) ;
#6897 = ADVANCED_FACE ( 'NONE', ( #1949 ), #6155, .F. ) ;
#6898 = CARTESIAN_POINT ( 'NONE',  ( -128.4784751358815242, 13.13641401289931920, 1.500000000000000444 ) ) ;
#6899 = CARTESIAN_POINT ( 'NONE',  ( -124.3036420020176394, 23.15429687499998579, 1.500000000000000444 ) ) ;
#6900 = CARTESIAN_POINT ( 'NONE',  ( -78.41788286210058345, 20.78641401289932134, 1.500000000000000444 ) ) ;
#6901 = ADVANCED_FACE ( 'NONE', ( #9377 ), #8674, .F. ) ;
#6902 = ORIENTED_EDGE ( 'NONE', *, *, #590, .T. ) ;
#6903 = PLANE ( 'NONE',  #2697 ) ;
#6904 = CARTESIAN_POINT ( 'NONE',  ( -59.49635799798222280, 23.15429687499999289, 1.500000000000000444 ) ) ;
#6905 = ORIENTED_EDGE ( 'NONE', *, *, #6650, .F. ) ;
#6906 = ORIENTED_EDGE ( 'NONE', *, *, #4482, .F. ) ;
#6907 = VECTOR ( 'NONE', #4262, 1000.000000000000000 ) ;
#6908 = EDGE_LOOP ( 'NONE', ( #5897, #5538, #6508, #4385, #1197, #9491, #8665, #6479, #2423, #3278, #2706, #8737, #6416, #6181, #1429, #7099 ) ) ;
#6909 = DIRECTION ( 'NONE',  ( 0.000000000000000000, -0.000000000000000000, -1.000000000000000000 ) ) ;
#6910 = VECTOR ( 'NONE', #4774, 1000.000000000000000 ) ;
#6911 = FACE_OUTER_BOUND ( 'NONE', #414, .T. ) ;
#6912 = DIRECTION ( 'NONE',  ( -1.000000000000000000, -0.000000000000000000, -0.000000000000000000 ) ) ;
#6913 = ADVANCED_FACE ( 'NONE', ( #2062 ), #1249, .F. ) ;
#6914 = VECTOR ( 'NONE', #274, 1000.000000000000000 ) ;
#6915 = LINE ( 'NONE', #7612, #10138 ) ;
#6916 = LINE ( 'NONE', #234, #7848 ) ;
#6917 = LINE ( 'NONE', #7022, #4220 ) ;
#6918 = ORIENTED_EDGE ( 'NONE', *, *, #10340, .F. ) ;
#6919 = EDGE_CURVE ( 'NONE', #6494, #7805, #4530, .T. ) ;
#6920 = ORIENTED_EDGE ( 'NONE', *, *, #2831, .F. ) ;
#6921 = ORIENTED_EDGE ( 'NONE', *, *, #9073, .T. ) ;
#6922 = VERTEX_POINT ( 'NONE', #7815 ) ;
#6923 = DIRECTION ( 'NONE',  ( -1.000000000000000000, -0.000000000000000000, -0.000000000000000000 ) ) ;
#6924 = DIRECTION ( 'NONE',  ( 0.000000000000000000, -1.000000000000000000, 0.000000000000000000 ) ) ;
#6925 = CARTESIAN_POINT ( 'NONE',  ( 39.25000000000000000, 13.90429687500000178, 1.000000000000000000 ) ) ;
#6926 = EDGE_CURVE ( 'NONE', #6353, #2238, #433, .T. ) ;
#6927 = CARTESIAN_POINT ( 'NONE',  ( -30.01788286210058132, 20.78641401289932134, 0.5000000000000004441 ) ) ;
#6928 = CARTESIAN_POINT ( 'NONE',  ( 36.58211713789940944, 13.48641401289931885, 0.5000000000000004441 ) ) ;
#6929 = PLANE ( 'NONE',  #7315 ) ;
#6930 = CARTESIAN_POINT ( 'NONE',  ( -37.06788286210058203, 15.48641401289931885, -2.999999999999999112 ) ) ;
#6931 = VERTEX_POINT ( 'NONE', #2112 ) ;
#6932 = PERSON_AND_ORGANIZATION ( #1199, #7518 ) ;
#6933 = EDGE_LOOP ( 'NONE', ( #9238, #6647, #6726, #4182 ) ) ;
#6934 = EDGE_LOOP ( 'NONE', ( #5466, #5384, #5392, #638 ) ) ;
#6935 = EDGE_LOOP ( 'NONE', ( #3226, #450, #9392, #6857, #6787, #5626, #1503, #4443 ) ) ;
#6936 = EDGE_CURVE ( 'NONE', #4922, #4844, #4370, .T. ) ;
#6937 = DIRECTION ( 'NONE',  ( -0.000000000000000000, 0.000000000000000000, -1.000000000000000000 ) ) ;
#6938 = CARTESIAN_POINT ( 'NONE',  ( -55.30364200201764646, 13.15429687499999467, 4.000000000000000000 ) ) ;
#6939 = EDGE_CURVE ( 'NONE', #863, #6431, #9328, .T. ) ;
#6940 = FACE_OUTER_BOUND ( 'NONE', #394, .T. ) ;
#6941 = DIRECTION ( 'NONE',  ( -0.000000000000000000, 0.000000000000000000, 1.000000000000000000 ) ) ;
#6942 = DIRECTION ( 'NONE',  ( 1.000000000000000000, -1.734723475976806902E-18, -0.000000000000000000 ) ) ;
#6943 = ORIENTED_EDGE ( 'NONE', *, *, #9957, .F. ) ;
#6944 = DIRECTION ( 'NONE',  ( 0.000000000000000000, -1.000000000000000000, 0.000000000000000000 ) ) ;
#6945 = ORIENTED_EDGE ( 'NONE', *, *, #1746, .T. ) ;
#6946 = ORIENTED_EDGE ( 'NONE', *, *, #10654, .F. ) ;
#6947 = EDGE_CURVE ( 'NONE', #2569, #921, #1079, .T. ) ;
#6948 = DIRECTION ( 'NONE',  ( 1.000000000000000000, 0.000000000000000000, 0.000000000000000000 ) ) ;
#6949 = FACE_OUTER_BOUND ( 'NONE', #4518, .T. ) ;
#6950 = CARTESIAN_POINT ( 'NONE',  ( -128.4178828621005835, 20.78641401289932134, 0.5000000000000004441 ) ) ;
#6951 = CARTESIAN_POINT ( 'NONE',  ( -129.0678828621005891, 20.78641401289932134, 1.500000000000000444 ) ) ;
#6952 = VERTEX_POINT ( 'NONE', #1134 ) ;
#6953 = CARTESIAN_POINT ( 'NONE',  ( -98.38211713789927160, 16.07582173911838197, 1.500000000000000444 ) ) ;
#6954 = DIRECTION ( 'NONE',  ( 0.000000000000000000, -0.000000000000000000, 1.000000000000000000 ) ) ;
#6955 = VERTEX_POINT ( 'NONE', #4426 ) ;
#6956 = VERTEX_POINT ( 'NONE', #7714 ) ;
#6957 = ORIENTED_EDGE ( 'NONE', *, *, #2596, .F. ) ;
#6958 = AXIS2_PLACEMENT_3D ( 'NONE', #640, #8176, #3329 ) ;
#6959 = CARTESIAN_POINT ( 'NONE',  ( 37.23211713789942223, 15.50448725967913610, 1.500000000000000444 ) ) ;
#6960 = DIRECTION ( 'NONE',  ( -6.938893903907233900E-15, 1.000000000000000000, 0.000000000000000000 ) ) ;
#6961 = DIRECTION ( 'NONE',  ( -0.7071067811865462405, -0.7071067811865489050, 0.000000000000000000 ) ) ;
#6962 = VECTOR ( 'NONE', #2565, 1000.000000000000000 ) ;
#6963 = CARTESIAN_POINT ( 'NONE',  ( -9.417882862100587005, 20.78641401289932134, 1.500000000000000444 ) ) ;
#6964 = DIRECTION ( 'NONE',  ( 0.000000000000000000, -0.000000000000000000, 1.000000000000000000 ) ) ;
#6965 = LINE ( 'NONE', #9338, #7584 ) ;
#6966 = EDGE_LOOP ( 'NONE', ( #6448, #3152, #2883, #548 ) ) ;
#6967 = AXIS2_PLACEMENT_3D ( 'NONE', #609, #7988, #7881 ) ;
#6968 = EDGE_CURVE ( 'NONE', #4930, #5201, #330, .T. ) ;
#6969 = VERTEX_POINT ( 'NONE', #2003 ) ;
#6970 = EDGE_CURVE ( 'NONE', #2436, #2569, #5288, .T. ) ;
#6971 = EDGE_CURVE ( 'NONE', #2511, #6403, #6427, .T. ) ;
#6972 = VERTEX_POINT ( 'NONE', #6376 ) ;
#6973 = ORIENTED_EDGE ( 'NONE', *, *, #6653, .T. ) ;
#6974 = AXIS2_PLACEMENT_3D ( 'NONE', #10367, #5255, #6282 ) ;
#6975 = VECTOR ( 'NONE', #3945, 1000.000000000000000 ) ;
#6976 = DIRECTION ( 'NONE',  ( -1.000000000000000000, 0.000000000000000000, 0.000000000000000000 ) ) ;
#6977 = FACE_OUTER_BOUND ( 'NONE', #4205, .T. ) ;
#6978 = DIRECTION ( 'NONE',  ( 0.7071067811865462405, 0.7071067811865489050, 0.000000000000000000 ) ) ;
#6979 = CARTESIAN_POINT ( 'NONE',  ( -135.2499999999999716, 23.15429687500000355, 0.000000000000000000 ) ) ;
#6980 = CARTESIAN_POINT ( 'NONE',  ( -137.6166666666666458, 25.38763020833332718, 0.2666666666666742680 ) ) ;
#6981 = DIRECTION ( 'NONE',  ( 1.000000000000000000, 0.000000000000000000, 0.000000000000000000 ) ) ;
#6982 = ORIENTED_EDGE ( 'NONE', *, *, #10328, .F. ) ;
#6983 = VERTEX_POINT ( 'NONE', #8036 ) ;
#6984 = AXIS2_PLACEMENT_3D ( 'NONE', #5139, #3630, #5942 ) ;
#6985 = ORIENTED_EDGE ( 'NONE', *, *, #10354, .T. ) ;
#6986 = ORIENTED_EDGE ( 'NONE', *, *, #9342, .T. ) ;
#6987 = EDGE_CURVE ( 'NONE', #5909, #5667, #8788, .T. ) ;
#6988 = AXIS2_PLACEMENT_3D ( 'NONE', #6200, #4686, #8663 ) ;
#6989 = PLANE ( 'NONE',  #1849 ) ;
#6990 = DIRECTION ( 'NONE',  ( 1.000000000000000000, 0.000000000000000000, 0.000000000000000000 ) ) ;
#6991 = EDGE_LOOP ( 'NONE', ( #6535, #8330, #9097, #9756 ) ) ;
#6992 = DIRECTION ( 'NONE',  ( -1.000000000000000000, 1.734723475976806902E-18, 0.000000000000000000 ) ) ;
#6993 = LINE ( 'NONE', #4567, #935 ) ;
#6994 = VECTOR ( 'NONE', #2471, 1000.000000000000000 ) ;
#6995 = CARTESIAN_POINT ( 'NONE',  ( 39.25000000000000000, 13.15429687500000355, 6.000000000000000000 ) ) ;
#6996 = ORIENTED_EDGE ( 'NONE', *, *, #2827, .F. ) ;
#6997 = PLANE ( 'NONE',  #10436 ) ;
#6998 = ORIENTED_EDGE ( 'NONE', *, *, #979, .F. ) ;
#6999 = ORIENTED_EDGE ( 'NONE', *, *, #9465, .F. ) ;
#7000 = VECTOR ( 'NONE', #10445, 1000.000000000000000 ) ;
#7001 = EDGE_CURVE ( 'NONE', #3949, #5374, #546, .T. ) ;
#7002 = VECTOR ( 'NONE', #1735, 1000.000000000000000 ) ;
#7003 = DIRECTION ( 'NONE',  ( -1.000000000000000000, 0.000000000000000000, 0.000000000000000000 ) ) ;
#7004 = CARTESIAN_POINT ( 'NONE',  ( -123.7678828621005778, 20.78641401289932134, 0.5000000000000004441 ) ) ;
#7005 = VECTOR ( 'NONE', #9947, 1000.000000000000114 ) ;
#7006 = CARTESIAN_POINT ( 'NONE',  ( -38.79999999999986215, 20.85065487298235709, 1.500000000000000444 ) ) ;
#7007 = DIRECTION ( 'NONE',  ( -0.000000000000000000, -0.000000000000000000, 1.000000000000000000 ) ) ;
#7008 = EDGE_LOOP ( 'NONE', ( #1536, #4430, #2791, #1742 ) ) ;
#7009 = PLANE ( 'NONE',  #5451 ) ;
#7010 = CARTESIAN_POINT ( 'NONE',  ( -13.41788286210060477, 15.48641401289931885, 0.5000000000000004441 ) ) ;
#7011 = ORIENTED_EDGE ( 'NONE', *, *, #6047, .T. ) ;
#7012 = EDGE_CURVE ( 'NONE', #618, #4170, #1463, .T. ) ;
#7013 = VECTOR ( 'NONE', #8343, 1000.000000000000114 ) ;
#7014 = ORIENTED_EDGE ( 'NONE', *, *, #1140, .F. ) ;
#7015 = VERTEX_POINT ( 'NONE', #3998 ) ;
#7016 = AXIS2_PLACEMENT_3D ( 'NONE', #2916, #1510, #6253 ) ;
#7017 = DIRECTION ( 'NONE',  ( 0.000000000000000000, 1.000000000000000000, 0.000000000000000000 ) ) ;
#7018 = FACE_OUTER_BOUND ( 'NONE', #3752, .T. ) ;
#7019 = CARTESIAN_POINT ( 'NONE',  ( -55.30364200201763936, 23.15429687499999289, 6.000000000000000000 ) ) ;
#7020 = LINE ( 'NONE', #4595, #2234 ) ;
#7021 = CARTESIAN_POINT ( 'NONE',  ( -107.8178828621005891, 15.48641401289931885, 0.5000000000000004441 ) ) ;
#7022 = CARTESIAN_POINT ( 'NONE',  ( -128.4963579979822441, 23.15429687499998579, 1.500000000000000444 ) ) ;
#7023 = ORIENTED_EDGE ( 'NONE', *, *, #6109, .T. ) ;
#7024 = ORIENTED_EDGE ( 'NONE', *, *, #3418, .T. ) ;
#7025 = VERTEX_POINT ( 'NONE', #7980 ) ;
#7026 = ORIENTED_EDGE ( 'NONE', *, *, #2117, .F. ) ;
#7027 = AXIS2_PLACEMENT_3D ( 'NONE', #8876, #1396, #7856 ) ;
#7028 = EDGE_CURVE ( 'NONE', #1826, #4963, #4752, .T. ) ;
#7029 = FACE_OUTER_BOUND ( 'NONE', #7911, .T. ) ;
#7030 = CARTESIAN_POINT ( 'NONE',  ( -98.38211713789927160, 20.23277201088161803, 2.500000000000000000 ) ) ;
#7031 = DIRECTION ( 'NONE',  ( 1.000000000000000000, 0.000000000000000000, -0.000000000000000000 ) ) ;
#7032 = DIRECTION ( 'NONE',  ( 1.000000000000000000, 0.000000000000000000, 0.000000000000000000 ) ) ;
#7033 = DIRECTION ( 'NONE',  ( -0.000000000000000000, -0.000000000000000000, 1.000000000000000000 ) ) ;
#7034 = DIRECTION ( 'NONE',  ( 1.000000000000000000, -1.734723475976806902E-18, 0.000000000000000000 ) ) ;
#7035 = ADVANCED_FACE ( 'NONE', ( #7278 ), #2224, .F. ) ;
#7036 = LINE ( 'NONE', #1273, #3132 ) ;
#7037 = ORIENTED_EDGE ( 'NONE', *, *, #5224, .F. ) ;
#7038 = VERTEX_POINT ( 'NONE', #599 ) ;
#7039 = VECTOR ( 'NONE', #3484, 1000.000000000000000 ) ;
#7040 = ORIENTED_EDGE ( 'NONE', *, *, #1573, .F. ) ;
#7041 = ORIENTED_EDGE ( 'NONE', *, *, #9808, .T. ) ;
#7042 = DIRECTION ( 'NONE',  ( -1.000000000000000000, 0.000000000000000000, -0.000000000000000000 ) ) ;
#7043 = FACE_OUTER_BOUND ( 'NONE', #5371, .T. ) ;
#7044 = ORIENTED_EDGE ( 'NONE', *, *, #17, .F. ) ;
#7045 = VECTOR ( 'NONE', #9284, 1000.000000000000000 ) ;
#7046 = DIRECTION ( 'NONE',  ( 0.000000000000000000, 1.000000000000000000, 0.000000000000000000 ) ) ;
#7047 = DIRECTION ( 'NONE',  ( 1.000000000000000000, -6.938893903907228378E-15, 0.000000000000000000 ) ) ;
#7048 = ADVANCED_FACE ( 'NONE', ( #7173 ), #3184, .F. ) ;
#7049 = CARTESIAN_POINT ( 'NONE',  ( 9.582117137899414772, 20.78641401289932134, 1.500000000000000444 ) ) ;
#7050 = EDGE_LOOP ( 'NONE', ( #4194, #4603, #10641, #1165 ) ) ;
#7051 = FACE_OUTER_BOUND ( 'NONE', #8515, .T. ) ;
#7052 = VERTEX_POINT ( 'NONE', #5559 ) ;
#7053 = ADVANCED_FACE ( 'NONE', ( #10458 ), #3087, .F. ) ;
#7054 = ORIENTED_EDGE ( 'NONE', *, *, #9345, .T. ) ;
#7055 = FACE_OUTER_BOUND ( 'NONE', #7567, .T. ) ;
#7056 = LINE ( 'NONE', #6371, #9924 ) ;
#7057 = DIRECTION ( 'NONE',  ( 0.000000000000000000, -1.000000000000000000, 0.000000000000000000 ) ) ;
#7058 = CARTESIAN_POINT ( 'NONE',  ( -135.7499999999999716, 13.15429687500000355, 0.5999999999999999778 ) ) ;
#7059 = EDGE_CURVE ( 'NONE', #6716, #9459, #9755, .T. ) ;
#7060 = LINE ( 'NONE', #1410, #9243 ) ;
#7061 = DIRECTION ( 'NONE',  ( 0.000000000000000000, -0.000000000000000000, 1.000000000000000000 ) ) ;
#7062 = FACE_OUTER_BOUND ( 'NONE', #7280, .T. ) ;
#7063 = ORIENTED_EDGE ( 'NONE', *, *, #9615, .T. ) ;
#7064 = ORIENTED_EDGE ( 'NONE', *, *, #7164, .F. ) ;
#7065 = VERTEX_POINT ( 'NONE', #2327 ) ;
#7066 = VECTOR ( 'NONE', #10474, 1000.000000000000000 ) ;
#7067 = EDGE_CURVE ( 'NONE', #6070, #10547, #5662, .T. ) ;
#7068 = DIRECTION ( 'NONE',  ( -1.000000000000000000, -0.000000000000000000, -0.000000000000000000 ) ) ;
#7069 = CARTESIAN_POINT ( 'NONE',  ( 16.61788286210075327, 16.07582173911838197, 1.500000000000000444 ) ) ;
#7070 = DIRECTION ( 'NONE',  ( 0.000000000000000000, 0.000000000000000000, -1.000000000000000000 ) ) ;
#7071 = PLANE ( 'NONE',  #6122 ) ;
#7072 = ADVANCED_FACE ( 'NONE', ( #8896 ), #8091, .F. ) ;
#7073 = LINE ( 'NONE', #5352, #2064 ) ;
#7074 = DIRECTION ( 'NONE',  ( 0.000000000000000000, -0.000000000000000000, 1.000000000000000000 ) ) ;
#7075 = VECTOR ( 'NONE', #2519, 1000.000000000000000 ) ;
#7076 = LINE ( 'NONE', #10360, #6729 ) ;
#7077 = ORIENTED_EDGE ( 'NONE', *, *, #6022, .F. ) ;
#7078 = ORIENTED_EDGE ( 'NONE', *, *, #3047, .T. ) ;
#7079 = EDGE_CURVE ( 'NONE', #6234, #9598, #2386, .T. ) ;
#7080 = ORIENTED_EDGE ( 'NONE', *, *, #991, .T. ) ;
#7081 = ORIENTED_EDGE ( 'NONE', *, *, #9236, .T. ) ;
#7082 = VECTOR ( 'NONE', #7496, 1000.000000000000000 ) ;
#7083 = VECTOR ( 'NONE', #5832, 1000.000000000000000 ) ;
#7084 = CARTESIAN_POINT ( 'NONE',  ( -129.0678828621005891, 20.78641401289932134, 1.500000000000000444 ) ) ;
#7085 = PLANE ( 'NONE',  #6974 ) ;
#7086 = LINE ( 'NONE', #7140, #9960 ) ;
#7087 = FACE_OUTER_BOUND ( 'NONE', #5595, .T. ) ;
#7088 = CARTESIAN_POINT ( 'NONE',  ( -52.38211713789925028, 20.23277201088161803, 1.500000000000000444 ) ) ;
#7089 = LINE ( 'NONE', #10372, #1687 ) ;
#7090 = FACE_OUTER_BOUND ( 'NONE', #1733, .T. ) ;
#7091 = EDGE_LOOP ( 'NONE', ( #5305, #1815, #838, #8092, #3245, #3796, #6555, #1402, #7291, #2664 ) ) ;
#7092 = ORIENTED_EDGE ( 'NONE', *, *, #5021, .F. ) ;
#7093 = ORIENTED_EDGE ( 'NONE', *, *, #952, .T. ) ;
#7094 = VERTEX_POINT ( 'NONE', #8143 ) ;
#7095 = EDGE_CURVE ( 'NONE', #6005, #5908, #193, .T. ) ;
#7096 = EDGE_CURVE ( 'NONE', #708, #5341, #3242, .T. ) ;
#7097 = CARTESIAN_POINT ( 'NONE',  ( -60.06788286210057493, 20.80448725967914925, 0.5000000000000004441 ) ) ;
#7098 = CARTESIAN_POINT ( 'NONE',  ( -101.3036420020176394, 23.15429687499998579, 4.000000000000000000 ) ) ;
#7099 = ORIENTED_EDGE ( 'NONE', *, *, #2603, .F. ) ;
#7100 = CARTESIAN_POINT ( 'NONE',  ( 32.58211713789940944, 22.78641401289931778, 1.500000000000000444 ) ) ;
#7101 = DIRECTION ( 'NONE',  ( 1.000000000000000000, -6.938893903907228378E-15, 0.000000000000000000 ) ) ;
#7102 = CARTESIAN_POINT ( 'NONE',  ( -135.7499999999999716, 23.15429687500000355, 0.3499999999999999223 ) ) ;
#7103 = ORIENTED_EDGE ( 'NONE', *, *, #8251, .F. ) ;
#7104 = DIRECTION ( 'NONE',  ( 1.000000000000000000, 0.000000000000000000, 0.000000000000000000 ) ) ;
#7105 = ORIENTED_EDGE ( 'NONE', *, *, #2402, .T. ) ;
#7106 = EDGE_CURVE ( 'NONE', #2075, #7685, #5449, .T. ) ;
#7107 = ORIENTED_EDGE ( 'NONE', *, *, #8493, .T. ) ;
#7108 = EDGE_CURVE ( 'NONE', #1313, #8654, #7927, .T. ) ;
#7109 = EDGE_CURVE ( 'NONE', #6931, #9208, #114, .T. ) ;
#7110 = DIRECTION ( 'NONE',  ( 1.000000000000000000, 9.183830166936036979E-17, 0.000000000000000000 ) ) ;
#7111 = LINE ( 'NONE', #1407, #3558 ) ;
#7112 = EDGE_CURVE ( 'NONE', #370, #1622, #9052, .T. ) ;
#7113 = CARTESIAN_POINT ( 'NONE',  ( -78.41788286210058345, 15.48641401289931885, 1.500000000000000444 ) ) ;
#7114 = LINE ( 'NONE', #6315, #7492 ) ;
#7115 = CARTESIAN_POINT ( 'NONE',  ( -84.79999999999985505, 15.45793887701764291, 3.999999999999999112 ) ) ;
#7116 = LINE ( 'NONE', #6317, #2005 ) ;
#7117 = CARTESIAN_POINT ( 'NONE',  ( 38.98211713789942223, 20.78641401289932134, 0.5000000000000004441 ) ) ;
#7118 = ORIENTED_EDGE ( 'NONE', *, *, #9176, .F. ) ;
#7119 = ORIENTED_EDGE ( 'NONE', *, *, #5498, .T. ) ;
#7120 = ORIENTED_EDGE ( 'NONE', *, *, #3482, .T. ) ;
#7121 = ADVANCED_FACE ( 'NONE', ( #6581 ), #811, .F. ) ;
#7122 = CARTESIAN_POINT ( 'NONE',  ( 30.18211713789942152, 15.48641401289931885, 0.5000000000000004441 ) ) ;
#7123 = DIRECTION ( 'NONE',  ( -0.000000000000000000, -0.000000000000000000, 1.000000000000000000 ) ) ;
#7124 = DIRECTION ( 'NONE',  ( -0.5773502691896190697, -0.5773502691896391648, -0.5773502691896191807 ) ) ;
#7125 = PLANE ( 'NONE',  #10403 ) ;
#7126 = CARTESIAN_POINT ( 'NONE',  ( -106.0678828621005891, 20.80448725967914925, 1.500000000000000444 ) ) ;
#7127 = DIRECTION ( 'NONE',  ( 0.000000000000000000, 0.000000000000000000, 1.000000000000000000 ) ) ;
#7128 = DIRECTION ( 'NONE',  ( -0.000000000000000000, -0.000000000000000000, 1.000000000000000000 ) ) ;
#7129 = PLANE ( 'NONE',  #9304 ) ;
#7130 = VERTEX_POINT ( 'NONE', #5063 ) ;
#7131 = CALENDAR_DATE ( 2025, 1, 8 ) ;
#7132 = AXIS2_PLACEMENT_3D ( 'NONE', #610, #8743, #55 ) ;
#7133 = ORIENTED_EDGE ( 'NONE', *, *, #10075, .F. ) ;
#7134 = ORIENTED_EDGE ( 'NONE', *, *, #3618, .T. ) ;
#7135 = ADVANCED_FACE ( 'NONE', ( #4904 ), #6690, .F. ) ;
#7136 = VECTOR ( 'NONE', #6414, 1000.000000000000000 ) ;
#7137 = VECTOR ( 'NONE', #1579, 1000.000000000000114 ) ;
#7138 = DIRECTION ( 'NONE',  ( 1.000000000000000000, 0.000000000000000000, 0.000000000000000000 ) ) ;
#7139 = DIRECTION ( 'NONE',  ( -0.7071067811865585639, -0.4999999999999928391, -0.4999999999999915068 ) ) ;
#7140 = CARTESIAN_POINT ( 'NONE',  ( -6.382117137899268045, 16.07582173911838197, 1.500000000000000444 ) ) ;
#7141 = LINE ( 'NONE', #4611, #9213 ) ;
#7142 = LINE ( 'NONE', #6233, #5933 ) ;
#7143 = DIRECTION ( 'NONE',  ( 0.7071067811865474617, 0.7071067811865474617, 1.137307002876260553E-16 ) ) ;
#7144 = ORIENTED_EDGE ( 'NONE', *, *, #10165, .F. ) ;
#7145 = EDGE_CURVE ( 'NONE', #8925, #229, #5917, .T. ) ;
#7146 = ORIENTED_EDGE ( 'NONE', *, *, #8926, .F. ) ;
#7147 = VECTOR ( 'NONE', #4597, 1000.000000000000000 ) ;
#7148 = AXIS2_PLACEMENT_3D ( 'NONE', #1764, #9190, #1513 ) ;
#7149 = ORIENTED_EDGE ( 'NONE', *, *, #6858, .T. ) ;
#7150 = PLANE ( 'NONE',  #8561 ) ;
#7151 = CARTESIAN_POINT ( 'NONE',  ( -130.7500000000000000, 22.40429687500000355, 1.000000000000000000 ) ) ;
#7152 = VERTEX_POINT ( 'NONE', #8405 ) ;
#7153 = VECTOR ( 'NONE', #2877, 1000.000000000000000 ) ;
#7154 = PLANE ( 'NONE',  #6695 ) ;
#7155 = CARTESIAN_POINT ( 'NONE',  ( -77.76788286210057777, 15.50448725967913610, 1.500000000000000444 ) ) ;
#7156 = VECTOR ( 'NONE', #7289, 1000.000000000000000 ) ;
#7157 = CARTESIAN_POINT ( 'NONE',  ( 39.25000000000000000, 23.15429687500000000, 4.000000000000000000 ) ) ;
#7158 = ORIENTED_EDGE ( 'NONE', *, *, #5717, .F. ) ;
#7159 = FACE_OUTER_BOUND ( 'NONE', #9988, .T. ) ;
#7160 = ORIENTED_EDGE ( 'NONE', *, *, #2006, .T. ) ;
#7161 = ORIENTED_EDGE ( 'NONE', *, *, #6074, .F. ) ;
#7162 = AXIS2_PLACEMENT_3D ( 'NONE', #58, #8090, #4103 ) ;
#7163 = DIRECTION ( 'NONE',  ( -1.000000000000000000, 0.000000000000000000, 0.000000000000000000 ) ) ;
#7164 = EDGE_CURVE ( 'NONE', #1596, #3635, #7387, .T. ) ;
#7165 = AXIS2_PLACEMENT_3D ( 'NONE', #8277, #6663, #4179 ) ;
#7166 = CARTESIAN_POINT ( 'NONE',  ( -135.2499999999999716, 23.15429687500000000, 0.4964466094067261359 ) ) ;
#7167 = CARTESIAN_POINT ( 'NONE',  ( 13.58211713789943254, 15.48641401289931885, 0.5000000000000004441 ) ) ;
#7168 = EDGE_CURVE ( 'NONE', #1887, #5779, #7593, .T. ) ;
#7169 = LINE ( 'NONE', #5556, #773 ) ;
#7170 = EDGE_CURVE ( 'NONE', #1371, #6972, #3292, .T. ) ;
#7171 = CARTESIAN_POINT ( 'NONE',  ( -32.30364200201764646, 13.15429687499999645, 1.500000000000000444 ) ) ;
#7172 = LINE ( 'NONE', #9651, #3214 ) ;
#7173 = FACE_OUTER_BOUND ( 'NONE', #9172, .T. ) ;
#7174 = ORIENTED_EDGE ( 'NONE', *, *, #5397, .T. ) ;
#7175 = EDGE_LOOP ( 'NONE', ( #3556, #6336, #1777, #2087 ) ) ;
#7176 = VECTOR ( 'NONE', #8783, 1000.000000000000000 ) ;
#7177 = ORIENTED_EDGE ( 'NONE', *, *, #10331, .T. ) ;
#7178 = LINE ( 'NONE', #5614, #287 ) ;
#7179 = EDGE_CURVE ( 'NONE', #9330, #680, #5713, .T. ) ;
#7180 = DIRECTION ( 'NONE',  ( 0.000000000000000000, -0.000000000000000000, -1.000000000000000000 ) ) ;
#7181 = DIRECTION ( 'NONE',  ( -0.000000000000000000, -0.000000000000000000, 1.000000000000000000 ) ) ;
#7182 = LINE ( 'NONE', #5514, #4738 ) ;
#7183 = DIRECTION ( 'NONE',  ( 0.7071067811865474617, 0.7071067811865474617, 1.137307002876260553E-16 ) ) ;
#7184 = VECTOR ( 'NONE', #4625, 1000.000000000000000 ) ;
#7185 = FACE_OUTER_BOUND ( 'NONE', #999, .T. ) ;
#7186 = LINE ( 'NONE', #10359, #9560 ) ;
#7187 = FACE_OUTER_BOUND ( 'NONE', #6388, .T. ) ;
#7188 = ORIENTED_EDGE ( 'NONE', *, *, #5196, .T. ) ;
#7189 = EDGE_CURVE ( 'NONE', #4880, #3503, #5015, .T. ) ;
#7190 = CALENDAR_DATE ( 2025, 1, 8 ) ;
#7191 = EDGE_CURVE ( 'NONE', #5623, #1451, #3452, .T. ) ;
#7192 = ORIENTED_EDGE ( 'NONE', *, *, #6065, .T. ) ;
#7193 = VECTOR ( 'NONE', #4637, 1000.000000000000000 ) ;
#7194 = AXIS2_PLACEMENT_3D ( 'NONE', #5806, #3277, #852 ) ;
#7195 = CARTESIAN_POINT ( 'NONE',  ( 37.23211713789942223, 15.48641401289931885, 1.500000000000000444 ) ) ;
#7196 = CARTESIAN_POINT ( 'NONE',  ( -13.41788286210060477, 20.78641401289932134, 0.5000000000000004441 ) ) ;
#7197 = VECTOR ( 'NONE', #4580, 1000.000000000000000 ) ;
#7198 = CARTESIAN_POINT ( 'NONE',  ( -9.303642002017657120, 23.15429687500000000, 4.000000000000000000 ) ) ;
#7199 = CARTESIAN_POINT ( 'NONE',  ( -14.06788286210058914, 20.80448725967914925, 0.5000000000000004441 ) ) ;
#7200 = DIRECTION ( 'NONE',  ( 0.000000000000000000, 0.000000000000000000, -1.000000000000000000 ) ) ;
#7201 = VERTEX_POINT ( 'NONE', #7437 ) ;
#7202 = EDGE_CURVE ( 'NONE', #5244, #6193, #8997, .T. ) ;
#7203 = LINE ( 'NONE', #10488, #10434 ) ;
#7204 = ORIENTED_EDGE ( 'NONE', *, *, #9203, .F. ) ;
#7205 = VERTEX_POINT ( 'NONE', #2594 ) ;
#7206 = ORIENTED_EDGE ( 'NONE', *, *, #1653, .T. ) ;
#7207 = VECTOR ( 'NONE', #8892, 1000.000000000000000 ) ;
#7208 = EDGE_CURVE ( 'NONE', #4481, #1883, #7487, .T. ) ;
#7209 = CARTESIAN_POINT ( 'NONE',  ( -55.32152486411831660, 13.13641401289931920, 1.500000000000000444 ) ) ;
#7210 = CARTESIAN_POINT ( 'NONE',  ( -137.7499999999999716, 15.45793887701764291, 3.999999999999999112 ) ) ;
#7211 = ORIENTED_EDGE ( 'NONE', *, *, #5407, .T. ) ;
#7212 = LINE ( 'NONE', #10276, #7548 ) ;
#7213 = DIRECTION ( 'NONE',  ( 0.000000000000000000, -1.000000000000000000, 0.000000000000000000 ) ) ;
#7214 = VECTOR ( 'NONE', #2297, 1000.000000000000000 ) ;
#7215 = PLANE ( 'NONE',  #7912 ) ;
#7216 = ORIENTED_EDGE ( 'NONE', *, *, #4021, .T. ) ;
#7217 = LINE ( 'NONE', #10501, #7349 ) ;
#7218 = ORIENTED_EDGE ( 'NONE', *, *, #1900, .F. ) ;
#7219 = ORIENTED_EDGE ( 'NONE', *, *, #3690, .F. ) ;
#7220 = VECTOR ( 'NONE', #4708, 1000.000000000000000 ) ;
#7221 = LINE ( 'NONE', #9696, #8733 ) ;
#7222 = CARTESIAN_POINT ( 'NONE',  ( 16.61788286210075327, 20.23277201088161803, 2.500000000000000000 ) ) ;
#7223 = DIRECTION ( 'NONE',  ( -0.000000000000000000, -0.000000000000000000, 1.000000000000000000 ) ) ;
#7224 = CARTESIAN_POINT ( 'NONE',  ( -137.7499999999999716, 22.40429687500000711, 1.000000000000000000 ) ) ;
#7225 = DIRECTION ( 'NONE',  ( -0.000000000000000000, -0.000000000000000000, 1.000000000000000000 ) ) ;
#7226 = CARTESIAN_POINT ( 'NONE',  ( -9.321524864118330811, 13.13641401289931920, 1.500000000000000444 ) ) ;
#7227 = DIRECTION ( 'NONE',  ( 0.000000000000000000, 0.000000000000000000, 1.000000000000000000 ) ) ;
#7228 = ORIENTED_EDGE ( 'NONE', *, *, #7440, .F. ) ;
#7229 = ORIENTED_EDGE ( 'NONE', *, *, #2499, .T. ) ;
#7230 = ORIENTED_EDGE ( 'NONE', *, *, #2991, .T. ) ;
#7231 = EDGE_CURVE ( 'NONE', #10, #2868, #2482, .T. ) ;
#7232 = CARTESIAN_POINT ( 'NONE',  ( -82.47847513588156687, 23.17217973710065948, 1.500000000000000444 ) ) ;
#7233 = LINE ( 'NONE', #2230, #3648 ) ;
#7234 = EDGE_CURVE ( 'NONE', #6031, #335, #6633, .T. ) ;
#7235 = CARTESIAN_POINT ( 'NONE',  ( -32.32152486411830949, 23.17217973710065948, 6.000000000000000000 ) ) ;
#7236 = DIRECTION ( 'NONE',  ( -0.000000000000000000, 1.000000000000000000, -0.000000000000000000 ) ) ;
#7237 = PLANE ( 'NONE',  #6873 ) ;
#7238 = LINE ( 'NONE', #10521, #6126 ) ;
#7239 = DIRECTION ( 'NONE',  ( 0.000000000000000000, -1.000000000000000000, 0.000000000000000000 ) ) ;
#7240 = ORIENTED_EDGE ( 'NONE', *, *, #8184, .T. ) ;
#7241 = PERSON_AND_ORGANIZATION_ROLE ( 'creator' ) ;
#7242 = VECTOR ( 'NONE', #2813, 1000.000000000000000 ) ;
#7243 = VERTEX_POINT ( 'NONE', #2541 ) ;
#7244 = EDGE_CURVE ( 'NONE', #8121, #2037, #5822, .T. ) ;
#7245 = ADVANCED_FACE ( 'NONE', ( #10017 ), #2642, .F. ) ;
#7246 = VECTOR ( 'NONE', #2773, 999.9999999999998863 ) ;
#7247 = DIRECTION ( 'NONE',  ( 1.000000000000000000, 0.000000000000000000, 0.000000000000000000 ) ) ;
#7248 = CARTESIAN_POINT ( 'NONE',  ( -39.41788286210059766, 20.23277201088161448, 1.500000000000000444 ) ) ;
#7249 = EDGE_CURVE ( 'NONE', #3737, #5247, #5422, .T. ) ;
#7250 = CARTESIAN_POINT ( 'NONE',  ( -137.3499999999999659, 0.000000000000000000, 0.000000000000000000 ) ) ;
#7251 = DIRECTION ( 'NONE',  ( -0.7071067811865483499, 0.7071067811865466846, 0.000000000000000000 ) ) ;
#7252 = CARTESIAN_POINT ( 'NONE',  ( 8.932117137899432180, 15.48641401289931885, 1.500000000000000444 ) ) ;
#7253 = EDGE_LOOP ( 'NONE', ( #10240, #10039, #379, #5716 ) ) ;
#7254 = CARTESIAN_POINT ( 'NONE',  ( -59.47847513588155977, 23.17217973710065948, 1.500000000000000444 ) ) ;
#7255 = ORIENTED_EDGE ( 'NONE', *, *, #7244, .F. ) ;
#7256 = ORIENTED_EDGE ( 'NONE', *, *, #9678, .T. ) ;
#7257 = VECTOR ( 'NONE', #916, 1000.000000000000000 ) ;
#7258 = ORIENTED_EDGE ( 'NONE', *, *, #7635, .T. ) ;
#7259 = EDGE_CURVE ( 'NONE', #8642, #3826, #1069, .T. ) ;
#7260 = DIRECTION ( 'NONE',  ( -1.000000000000000000, 0.000000000000000000, 0.000000000000000000 ) ) ;
#7261 = CARTESIAN_POINT ( 'NONE',  ( -135.7499999999999716, 23.15429687500000355, 0.5999999999999999778 ) ) ;
#7262 = LINE ( 'NONE', #4085, #5657 ) ;
#7263 = VECTOR ( 'NONE', #3967, 1000.000000000000000 ) ;
#7264 = DIRECTION ( 'NONE',  ( -1.000000000000000000, 0.000000000000000000, 0.000000000000000000 ) ) ;
#7265 = DIRECTION ( 'NONE',  ( -1.734723475976806902E-18, -1.000000000000000000, 0.000000000000000000 ) ) ;
#7266 = EDGE_LOOP ( 'NONE', ( #6463, #867, #3117, #10629, #6082, #8023 ) ) ;
#7267 = DIRECTION ( 'NONE',  ( 1.000000000000000000, 9.183830166936036979E-17, -0.000000000000000000 ) ) ;
#7268 = ORIENTED_EDGE ( 'NONE', *, *, #3497, .T. ) ;
#7269 = ORIENTED_EDGE ( 'NONE', *, *, #9605, .T. ) ;
#7270 = EDGE_CURVE ( 'NONE', #9636, #2643, #10373, .T. ) ;
#7271 = EDGE_CURVE ( 'NONE', #5908, #9683, #2692, .T. ) ;
#7272 = DIRECTION ( 'NONE',  ( 0.000000000000000000, 1.000000000000000000, 0.000000000000000000 ) ) ;
#7273 = DIRECTION ( 'NONE',  ( 1.000000000000000000, 6.938893903907234689E-15, 0.000000000000000000 ) ) ;
#7274 = PLANE ( 'NONE',  #7888 ) ;
#7275 = FACE_OUTER_BOUND ( 'NONE', #3611, .T. ) ;
#7276 = PLANE ( 'NONE',  #5124 ) ;
#7277 = DIRECTION ( 'NONE',  ( 0.000000000000000000, 0.000000000000000000, 1.000000000000000000 ) ) ;
#7278 = FACE_OUTER_BOUND ( 'NONE', #7833, .T. ) ;
#7279 = VERTEX_POINT ( 'NONE', #6840 ) ;
#7280 = EDGE_LOOP ( 'NONE', ( #1647, #5899, #10172, #7362 ) ) ;
#7281 = ORIENTED_EDGE ( 'NONE', *, *, #8513, .F. ) ;
#7282 = EDGE_CURVE ( 'NONE', #7996, #3014, #1885, .T. ) ;
#7283 = ORIENTED_EDGE ( 'NONE', *, *, #2625, .F. ) ;
#7284 = DIRECTION ( 'NONE',  ( 0.000000000000000000, 0.000000000000000000, 1.000000000000000000 ) ) ;
#7285 = FACE_OUTER_BOUND ( 'NONE', #10320, .T. ) ;
#7286 = PLANE ( 'NONE',  #9313 ) ;
#7287 = CARTESIAN_POINT ( 'NONE',  ( -36.47847513588153845, 13.13641401289931920, 1.500000000000000444 ) ) ;
#7288 = LINE ( 'NONE', #20, #5325 ) ;
#7289 = DIRECTION ( 'NONE',  ( 0.000000000000000000, 1.000000000000000000, 0.000000000000000000 ) ) ;
#7290 = CARTESIAN_POINT ( 'NONE',  ( -13.47847513588157398, 23.17217973710065948, 6.000000000000000000 ) ) ;
#7291 = ORIENTED_EDGE ( 'NONE', *, *, #1211, .F. ) ;
#7292 = SECURITY_CLASSIFICATION_LEVEL ( 'unclassified' ) ;
#7293 = ORIENTED_EDGE ( 'NONE', *, *, #9822, .T. ) ;
#7294 = VERTEX_POINT ( 'NONE', #10124 ) ;
#7295 = DIRECTION ( 'NONE',  ( 0.7071067811865466846, 0.7071067811865483499, 0.000000000000000000 ) ) ;
#7296 = EDGE_CURVE ( 'NONE', #5341, #493, #8763, .T. ) ;
#7297 = CARTESIAN_POINT ( 'NONE',  ( 138.0000000000000000, 20.78641401289932134, 0.000000000000000000 ) ) ;
#7298 = CARTESIAN_POINT ( 'NONE',  ( -36.41788286210059766, 20.78641401289932134, 0.5000000000000004441 ) ) ;
#7299 = CARTESIAN_POINT ( 'NONE',  ( -77.76788286210057777, 15.48641401289931885, 1.500000000000000444 ) ) ;
#7300 = ADVANCED_FACE ( 'NONE', ( #7090 ), #6236, .F. ) ;
#7301 = DIRECTION ( 'NONE',  ( 1.000000000000000000, 0.000000000000000000, 0.000000000000000000 ) ) ;
#7302 = ORIENTED_EDGE ( 'NONE', *, *, #6971, .T. ) ;
#7303 = EDGE_CURVE ( 'NONE', #6342, #8897, #7036, .T. ) ;
#7304 = DIRECTION ( 'NONE',  ( -0.000000000000000000, -0.000000000000000000, 1.000000000000000000 ) ) ;
#7305 = ORIENTED_EDGE ( 'NONE', *, *, #10354, .F. ) ;
#7306 = ORIENTED_EDGE ( 'NONE', *, *, #1278, .F. ) ;
#7307 = ORIENTED_EDGE ( 'NONE', *, *, #72, .F. ) ;
#7308 = EDGE_CURVE ( 'NONE', #8766, #5274, #1329, .T. ) ;
#7309 = VECTOR ( 'NONE', #1397, 1000.000000000000000 ) ;
#7310 = DIRECTION ( 'NONE',  ( 0.7071067811865475727, 0.000000000000000000, 0.7071067811865475727 ) ) ;
#7311 = CARTESIAN_POINT ( 'NONE',  ( -107.8178828621005891, 20.80448725967914925, 0.5000000000000004441 ) ) ;
#7312 = FACE_OUTER_BOUND ( 'NONE', #9691, .T. ) ;
#7313 = FACE_OUTER_BOUND ( 'NONE', #5396, .T. ) ;
#7314 = LINE ( 'NONE', #47, #3045 ) ;
#7315 = AXIS2_PLACEMENT_3D ( 'NONE', #4503, #3751, #6180 ) ;
#7316 = ORIENTED_EDGE ( 'NONE', *, *, #9929, .T. ) ;
#7317 = LINE ( 'NONE', #1662, #9757 ) ;
#7318 = ORIENTED_EDGE ( 'NONE', *, *, #6407, .F. ) ;
#7319 = VECTOR ( 'NONE', #10142, 1000.000000000000000 ) ;
#7320 = EDGE_CURVE ( 'NONE', #8845, #5043, #2197, .T. ) ;
#7321 = ORIENTED_EDGE ( 'NONE', *, *, #5855, .T. ) ;
#7322 = EDGE_CURVE ( 'NONE', #2843, #7371, #9316, .T. ) ;
#7323 = VECTOR ( 'NONE', #2624, 1000.000000000000114 ) ;
#7324 = VECTOR ( 'NONE', #10581, 1000.000000000000000 ) ;
#7325 = CARTESIAN_POINT ( 'NONE',  ( -130.8178828621005891, 15.48641401289931885, 1.000000000000000000 ) ) ;
#7326 = DIRECTION ( 'NONE',  ( 1.000000000000000000, 0.000000000000000000, 0.000000000000000000 ) ) ;
#7327 = LINE ( 'NONE', #1775, #8243 ) ;
#7328 = ORIENTED_EDGE ( 'NONE', *, *, #3221, .F. ) ;
#7329 = DIRECTION ( 'NONE',  ( 1.000000000000000000, 0.000000000000000000, -0.000000000000000000 ) ) ;
#7330 = DIRECTION ( 'NONE',  ( 0.000000000000000000, -1.000000000000000000, 0.000000000000000000 ) ) ;
#7331 = ORIENTED_EDGE ( 'NONE', *, *, #6539, .F. ) ;
#7332 = EDGE_CURVE ( 'NONE', #9741, #3185, #5169, .T. ) ;
#7333 = ORIENTED_EDGE ( 'NONE', *, *, #1460, .T. ) ;
#7334 = VECTOR ( 'NONE', #4115, 1000.000000000000000 ) ;
#7335 = ORIENTED_EDGE ( 'NONE', *, *, #3020, .F. ) ;
#7336 = CARTESIAN_POINT ( 'NONE',  ( -75.38211713789925739, 20.23277201088161803, 1.500000000000000444 ) ) ;
#7337 = DIRECTION ( 'NONE',  ( 1.000000000000000000, 0.000000000000000000, 0.000000000000000000 ) ) ;
#7338 = DIRECTION ( 'NONE',  ( -1.000000000000000000, 0.000000000000000000, -0.000000000000000000 ) ) ;
#7339 = ADVANCED_FACE ( 'NONE', ( #1939 ), #3553, .F. ) ;
#7340 = VECTOR ( 'NONE', #8895, 1000.000000000000000 ) ;
#7341 = CARTESIAN_POINT ( 'NONE',  ( 9.582117137899414772, 15.48641401289931885, 0.5000000000000004441 ) ) ;
#7342 = DIRECTION ( 'NONE',  ( 0.7071067811865479058, -0.7071067811865470176, -1.137307002876260060E-16 ) ) ;
#7343 = PLANE ( 'NONE',  #10242 ) ;
#7344 = FACE_OUTER_BOUND ( 'NONE', #8858, .T. ) ;
#7345 = ORIENTED_EDGE ( 'NONE', *, *, #6058, .T. ) ;
#7346 = VECTOR ( 'NONE', #6697, 1000.000000000000000 ) ;
#7347 = ORIENTED_EDGE ( 'NONE', *, *, #10404, .T. ) ;
#7348 = ORIENTED_EDGE ( 'NONE', *, *, #3738, .T. ) ;
#7349 = VECTOR ( 'NONE', #8134, 1000.000000000000000 ) ;
#7350 = AXIS2_PLACEMENT_3D ( 'NONE', #6422, #9697, #3337 ) ;
#7351 = DIRECTION ( 'NONE',  ( 0.7071067811865483499, -0.7071067811865466846, -0.000000000000000000 ) ) ;
#7352 = DIRECTION ( 'NONE',  ( 0.000000000000000000, -0.000000000000000000, -1.000000000000000000 ) ) ;
#7353 = VECTOR ( 'NONE', #1112, 1000.000000000000000 ) ;
#7354 = CARTESIAN_POINT ( 'NONE',  ( 32.58211713789940944, 13.48641401289931885, 0.5000000000000004441 ) ) ;
#7355 = PLANE ( 'NONE',  #6815 ) ;
#7356 = PLANE ( 'NONE',  #88 ) ;
#7357 = ORIENTED_EDGE ( 'NONE', *, *, #10328, .T. ) ;
#7358 = FACE_OUTER_BOUND ( 'NONE', #10650, .T. ) ;
#7359 = VECTOR ( 'NONE', #8187, 1000.000000000000000 ) ;
#7360 = ORIENTED_EDGE ( 'NONE', *, *, #6151, .T. ) ;
#7361 = AXIS2_PLACEMENT_3D ( 'NONE', #8436, #6613, #9890 ) ;
#7362 = ORIENTED_EDGE ( 'NONE', *, *, #7691, .F. ) ;
#7363 = ORIENTED_EDGE ( 'NONE', *, *, #7646, .T. ) ;
#7364 = ADVANCED_FACE ( 'NONE', ( #8504 ), #1387, .F. ) ;
#7365 = CARTESIAN_POINT ( 'NONE',  ( 6.582117137899412995, 16.07582173911837842, 1.500000000000000444 ) ) ;
#7366 = DIRECTION ( 'NONE',  ( -1.000000000000000000, 0.000000000000000000, 0.000000000000000000 ) ) ;
#7367 = EDGE_CURVE ( 'NONE', #6225, #8502, #1709, .T. ) ;
#7368 = FACE_OUTER_BOUND ( 'NONE', #9913, .T. ) ;
#7369 = LINE ( 'NONE', #6615, #9196 ) ;
#7370 = CARTESIAN_POINT ( 'NONE',  ( -82.41788286210059766, 22.78641401289931778, 0.5000000000000004441 ) ) ;
#7371 = VERTEX_POINT ( 'NONE', #6717 ) ;
#7372 = DIRECTION ( 'NONE',  ( -0.7071067811865462405, -0.7071067811865489050, -1.137307002876262525E-16 ) ) ;
#7373 = ORIENTED_EDGE ( 'NONE', *, *, #3830, .F. ) ;
#7374 = AXIS2_PLACEMENT_3D ( 'NONE', #6255, #9698, #595 ) ;
#7375 = VERTEX_POINT ( 'NONE', #9993 ) ;
#7376 = ADVANCED_FACE ( 'NONE', ( #7522 ), #42, .F. ) ;
#7377 = CC_DESIGN_PERSON_AND_ORGANIZATION_ASSIGNMENT ( #5625, #9614, ( #4417 ) ) ;
#7378 = CARTESIAN_POINT ( 'NONE',  ( -130.8178828621005891, 15.48641401289931885, 0.5000000000000004441 ) ) ;
#7379 = EDGE_CURVE ( 'NONE', #855, #10586, #3626, .T. ) ;
#7380 = DIRECTION ( 'NONE',  ( 1.000000000000000000, -1.734723475976806902E-18, -0.000000000000000000 ) ) ;
#7381 = VECTOR ( 'NONE', #5903, 1000.000000000000000 ) ;
#7382 = CARTESIAN_POINT ( 'NONE',  ( -9.417882862100587005, 20.78641401289932134, 0.5000000000000004441 ) ) ;
#7383 = CARTESIAN_POINT ( 'NONE',  ( 16.61788286210075327, 16.07582173911838197, 2.499999999999999112 ) ) ;
#7384 = EDGE_CURVE ( 'NONE', #5889, #4631, #9333, .T. ) ;
#7385 = VERTEX_POINT ( 'NONE', #3380 ) ;
#7386 = FACE_OUTER_BOUND ( 'NONE', #6199, .T. ) ;
#7387 = LINE ( 'NONE', #59, #4673 ) ;
#7388 = ORIENTED_EDGE ( 'NONE', *, *, #7453, .F. ) ;
#7389 = ORIENTED_EDGE ( 'NONE', *, *, #6968, .F. ) ;
#7390 = AXIS2_PLACEMENT_3D ( 'NONE', #9230, #3520, #9336 ) ;
#7391 = EDGE_LOOP ( 'NONE', ( #8368, #8834, #9022, #6123 ) ) ;
#7392 = DIRECTION ( 'NONE',  ( 0.7071067811865474617, 0.7071067811865474617, 0.000000000000000000 ) ) ;
#7393 = EDGE_CURVE ( 'NONE', #6237, #4563, #7417, .T. ) ;
#7394 = DIRECTION ( 'NONE',  ( 1.000000000000000000, 0.000000000000000000, 0.000000000000000000 ) ) ;
#7395 = LINE ( 'NONE', #822, #1759 ) ;
#7396 = CARTESIAN_POINT ( 'NONE',  ( -52.38211713789925028, 20.23277201088161803, 1.500000000000000444 ) ) ;
#7397 = VECTOR ( 'NONE', #10332, 1000.000000000000000 ) ;
#7398 = LINE ( 'NONE', #2288, #6194 ) ;
#7399 = FACE_OUTER_BOUND ( 'NONE', #7797, .T. ) ;
#7400 = CARTESIAN_POINT ( 'NONE',  ( 8.932117137899432180, 20.78641401289932134, 1.500000000000000444 ) ) ;
#7401 = ORIENTED_EDGE ( 'NONE', *, *, #5830, .F. ) ;
#7402 = ORIENTED_EDGE ( 'NONE', *, *, #3634, .T. ) ;
#7403 = ORIENTED_EDGE ( 'NONE', *, *, #4218, .T. ) ;
#7404 = EDGE_CURVE ( 'NONE', #8658, #10018, #3433, .T. ) ;
#7405 = ADVANCED_FACE ( 'NONE', ( #10190 ), #897, .F. ) ;
#7406 = CARTESIAN_POINT ( 'NONE',  ( -105.4784751358815669, 23.17217973710065948, 6.000000000000000000 ) ) ;
#7407 = CARTESIAN_POINT ( 'NONE',  ( -137.7499999999999716, 15.45793887701764291, 2.499999999999999112 ) ) ;
#7408 = CARTESIAN_POINT ( 'NONE',  ( -128.4178828621005835, 22.78641401289931778, 0.5000000000000004441 ) ) ;
#7409 = CARTESIAN_POINT ( 'NONE',  ( -31.76788286210058132, 15.50448725967913610, 0.5000000000000004441 ) ) ;
#7410 = PLANE ( 'NONE',  #1290 ) ;
#7411 = VERTEX_POINT ( 'NONE', #1654 ) ;
#7412 = CARTESIAN_POINT ( 'NONE',  ( -76.00000000000000000, 15.45793887701764469, 4.000000000000000000 ) ) ;
#7413 = ORIENTED_EDGE ( 'NONE', *, *, #4548, .F. ) ;
#7414 = ORIENTED_EDGE ( 'NONE', *, *, #4145, .F. ) ;
#7415 = ORIENTED_EDGE ( 'NONE', *, *, #10100, .T. ) ;
#7416 = VECTOR ( 'NONE', #7239, 1000.000000000000000 ) ;
#7417 = LINE ( 'NONE', #6670, #5537 ) ;
#7418 = PLANE ( 'NONE',  #2714 ) ;
#7419 = CARTESIAN_POINT ( 'NONE',  ( 46.00000000000000000, 15.48641401289931885, 0.000000000000000000 ) ) ;
#7420 = DIRECTION ( 'NONE',  ( 1.000000000000000000, 0.000000000000000000, -0.000000000000000000 ) ) ;
#7421 = LINE ( 'NONE', #8076, #4545 ) ;
#7422 = CARTESIAN_POINT ( 'NONE',  ( 39.25000000000000000, 13.15429687500000355, 4.000000000000000000 ) ) ;
#7423 = ORIENTED_EDGE ( 'NONE', *, *, #8423, .T. ) ;
#7424 = LINE ( 'NONE', #4090, #3729 ) ;
#7426 = ORIENTED_EDGE ( 'NONE', *, *, #2970, .T. ) ;
#7425 = VECTOR ( 'NONE', #1731, 1000.000000000000000 ) ;
#7427 = EDGE_CURVE ( 'NONE', #467, #2091, #9137, .T. ) ;
#7428 = ORIENTED_EDGE ( 'NONE', *, *, #1652, .F. ) ;
#7429 = AXIS2_PLACEMENT_3D ( 'NONE', #1918, #5204, #7735 ) ;
#7430 = LINE ( 'NONE', #804, #5643 ) ;
#7431 = CARTESIAN_POINT ( 'NONE',  ( -77.76788286210057777, 15.48641401289931885, -2.999999999999999112 ) ) ;
#7432 = VECTOR ( 'NONE', #5283, 1000.000000000000000 ) ;
#7433 = CARTESIAN_POINT ( 'NONE',  ( 13.69635799798236242, 23.15429687500000000, 6.000000000000000000 ) ) ;
#7434 = LINE ( 'NONE', #8994, #2659 ) ;
#7435 = ORIENTED_EDGE ( 'NONE', *, *, #6682, .F. ) ;
#7436 = LINE ( 'NONE', #1567, #3900 ) ;
#7437 = CARTESIAN_POINT ( 'NONE',  ( -6.382117137899268045, 20.23277201088161803, 2.500000000000000000 ) ) ;
#7439 = VERTEX_POINT ( 'NONE', #9888 ) ;
#7438 = EDGE_CURVE ( 'NONE', #3527, #8897, #9087, .T. ) ;
#7440 = EDGE_CURVE ( 'NONE', #2713, #251, #5799, .T. ) ;
#7441 = ORIENTED_EDGE ( 'NONE', *, *, #5334, .T. ) ;
#7442 = ORIENTED_EDGE ( 'NONE', *, *, #6286, .T. ) ;
#7443 = EDGE_CURVE ( 'NONE', #6495, #6955, #4434, .T. ) ;
#7444 = DIRECTION ( 'NONE',  ( 0.7071067811865474617, 1.752335333352428150E-16, -0.7071067811865474617 ) ) ;
#7445 = FACE_OUTER_BOUND ( 'NONE', #6306, .T. ) ;
#7446 = LINE ( 'NONE', #4111, #8809 ) ;
#7447 = CARTESIAN_POINT ( 'NONE',  ( -85.41788286210059766, 20.23277201088161448, 1.500000000000000444 ) ) ;
#7448 = FACE_OUTER_BOUND ( 'NONE', #3344, .T. ) ;
#7449 = CARTESIAN_POINT ( 'NONE',  ( 8.932117137899432180, 15.48641401289931885, 0.5000000000000004441 ) ) ;
#7450 = CARTESIAN_POINT ( 'NONE',  ( 29.58211713789940589, 16.07582173911837842, 1.500000000000000444 ) ) ;
#7451 = ORIENTED_EDGE ( 'NONE', *, *, #6189, .F. ) ;
#7452 = VERTEX_POINT ( 'NONE', #337 ) ;
#7453 = EDGE_CURVE ( 'NONE', #10586, #6813, #8331, .T. ) ;
#7454 = ORIENTED_EDGE ( 'NONE', *, *, #4694, .F. ) ;
#7455 = CARTESIAN_POINT ( 'NONE',  ( -135.2499999999999716, 23.15429687500000355, 0.000000000000000000 ) ) ;
#7456 = CARTESIAN_POINT ( 'NONE',  ( -105.4178828621005977, 13.48641401289931885, 0.5000000000000004441 ) ) ;
#7457 = CARTESIAN_POINT ( 'NONE',  ( -137.7499999999999716, 11.05429687500001457, 5.400000000000011902 ) ) ;
#7458 = CARTESIAN_POINT ( 'NONE',  ( -53.01788286210057066, 15.50448725967913610, 0.5000000000000004441 ) ) ;
#7459 = LINE ( 'NONE', #4381, #5240 ) ;
#7460 = EDGE_LOOP ( 'NONE', ( #5167, #8709, #1805, #8915 ) ) ;
#7461 = FACE_OUTER_BOUND ( 'NONE', #5219, .T. ) ;
#7462 = ORIENTED_EDGE ( 'NONE', *, *, #5995, .T. ) ;
#7463 = ADVANCED_FACE ( 'NONE', ( #946 ), #5852, .F. ) ;
#7464 = VERTEX_POINT ( 'NONE', #5295 ) ;
#7465 = ORIENTED_EDGE ( 'NONE', *, *, #10426, .T. ) ;
#7466 = DIRECTION ( 'NONE',  ( 9.183830166936036979E-17, -1.000000000000000000, 0.000000000000000000 ) ) ;
#7467 = DIRECTION ( 'NONE',  ( 0.7071067811865474617, 0.7071067811865474617, 0.000000000000000000 ) ) ;
#7468 = CARTESIAN_POINT ( 'NONE',  ( 0.000000000000000000, 0.000000000000000000, 6.000000000000000000 ) ) ;
#7469 = DIRECTION ( 'NONE',  ( -1.000000000000000000, 4.956352788505179045E-16, 0.000000000000000000 ) ) ;
#7470 = FACE_OUTER_BOUND ( 'NONE', #7008, .T. ) ;
#7471 = LINE ( 'NONE', #3386, #3190 ) ;
#7472 = ADVANCED_FACE ( 'NONE', ( #1760 ), #4938, .T. ) ;
#7473 = DIRECTION ( 'NONE',  ( -0.000000000000000000, -0.000000000000000000, 1.000000000000000000 ) ) ;
#7474 = EDGE_LOOP ( 'NONE', ( #8455, #5114, #3741, #2608 ) ) ;
#7475 = DIRECTION ( 'NONE',  ( -0.000000000000000000, -0.000000000000000000, 1.000000000000000000 ) ) ;
#7476 = ORIENTED_EDGE ( 'NONE', *, *, #8042, .F. ) ;
#7477 = VERTEX_POINT ( 'NONE', #3674 ) ;
#7478 = VECTOR ( 'NONE', #5759, 1000.000000000000000 ) ;
#7479 = DIRECTION ( 'NONE',  ( 1.000000000000000000, 2.478176394252582127E-16, -0.000000000000000000 ) ) ;
#7480 = DIRECTION ( 'NONE',  ( 1.000000000000000000, 0.000000000000000000, 0.000000000000000000 ) ) ;
#7481 = VECTOR ( 'NONE', #6505, 1000.000000000000000 ) ;
#7482 = CARTESIAN_POINT ( 'NONE',  ( -36.47847513588156687, 23.17217973710065948, 1.500000000000000444 ) ) ;
#7483 = CARTESIAN_POINT ( 'NONE',  ( 13.67847513588170472, 23.17217973710065948, 1.500000000000000444 ) ) ;
#7484 = VECTOR ( 'NONE', #7236, 1000.000000000000000 ) ;
#7485 = VERTEX_POINT ( 'NONE', #6959 ) ;
#7486 = LINE ( 'NONE', #864, #117 ) ;
#7487 = LINE ( 'NONE', #4203, #8618 ) ;
#7488 = ORIENTED_EDGE ( 'NONE', *, *, #3482, .F. ) ;
#7489 = ORIENTED_EDGE ( 'NONE', *, *, #8460, .T. ) ;
#7490 = VERTEX_POINT ( 'NONE', #10241 ) ;
#7491 = AXIS2_PLACEMENT_3D ( 'NONE', #3858, #7139, #10422 ) ;
#7492 = VECTOR ( 'NONE', #1295, 1000.000000000000000 ) ;
#7493 = EDGE_CURVE ( 'NONE', #5702, #8627, #2875, .T. ) ;
#7494 = DIRECTION ( 'NONE',  ( 0.000000000000000000, 0.000000000000000000, -1.000000000000000000 ) ) ;
#7495 = EDGE_CURVE ( 'NONE', #10233, #479, #4134, .T. ) ;
#7496 = DIRECTION ( 'NONE',  ( -0.000000000000000000, -0.000000000000000000, 1.000000000000000000 ) ) ;
#7497 = DIRECTION ( 'NONE',  ( 1.000000000000000000, -1.734723475976806902E-18, -0.000000000000000000 ) ) ;
#7498 = DIRECTION ( 'NONE',  ( -0.000000000000000000, 0.000000000000000000, 1.000000000000000000 ) ) ;
#7499 = VECTOR ( 'NONE', #5461, 1000.000000000000000 ) ;
#7500 = DIRECTION ( 'NONE',  ( -1.000000000000000000, -0.000000000000000000, -0.000000000000000000 ) ) ;
#7501 = CARTESIAN_POINT ( 'NONE',  ( -32.32152486411832371, 13.13641401289931920, 1.500000000000000444 ) ) ;
#7502 = ORIENTED_EDGE ( 'NONE', *, *, #8107, .T. ) ;
#7503 = AXIS2_PLACEMENT_3D ( 'NONE', #8957, #6645, #9867 ) ;
#7504 = ORIENTED_EDGE ( 'NONE', *, *, #1382, .T. ) ;
#7505 = ORIENTED_EDGE ( 'NONE', *, *, #37, .F. ) ;
#7506 = EDGE_CURVE ( 'NONE', #9393, #5888, #2175, .T. ) ;
#7507 = AXIS2_PLACEMENT_3D ( 'NONE', #1778, #1179, #266 ) ;
#7508 = DIRECTION ( 'NONE',  ( 0.000000000000000000, 1.000000000000000000, 1.608394988049504315E-16 ) ) ;
#7509 = FACE_OUTER_BOUND ( 'NONE', #6885, .T. ) ;
#7510 = VECTOR ( 'NONE', #7143, 1000.000000000000114 ) ;
#7511 = EDGE_CURVE ( 'NONE', #10563, #4902, #3730, .T. ) ;
#7512 = LINE ( 'NONE', #6709, #3099 ) ;
#7513 = FACE_BOUND ( 'NONE', #5961, .T. ) ;
#7514 = CARTESIAN_POINT ( 'NONE',  ( -128.4178828621005835, 22.78641401289931778, 0.5000000000000004441 ) ) ;
#7515 = ORIENTED_EDGE ( 'NONE', *, *, #5171, .T. ) ;
#7516 = EDGE_CURVE ( 'NONE', #9086, #5729, #4535, .T. ) ;
#7517 = ORIENTED_EDGE ( 'NONE', *, *, #5332, .T. ) ;
#7518 = ORGANIZATION ( 'UNSPECIFIED', 'UNSPECIFIED', '' ) ;
#7519 = ORIENTED_EDGE ( 'NONE', *, *, #890, .F. ) ;
#7520 = ORIENTED_EDGE ( 'NONE', *, *, #6658, .T. ) ;
#7521 = VECTOR ( 'NONE', #7444, 1000.000000000000114 ) ;
#7522 = FACE_OUTER_BOUND ( 'NONE', #6991, .T. ) ;
#7523 = LINE ( 'NONE', #2670, #5633 ) ;
#7524 = FACE_OUTER_BOUND ( 'NONE', #6662, .T. ) ;
#7525 = EDGE_CURVE ( 'NONE', #2279, #6608, #6381, .T. ) ;
#7526 = CARTESIAN_POINT ( 'NONE',  ( 29.58211713789940589, 16.07582173911837842, 4.000000000000000000 ) ) ;
#7527 = CARTESIAN_POINT ( 'NONE',  ( 50.55264859760000462, 22.70639604679907109, 1.297351402399986142 ) ) ;
#7528 = CARTESIAN_POINT ( 'NONE',  ( 32.58211713789940944, 20.78641401289932134, 1.500000000000000444 ) ) ;
#7529 = VECTOR ( 'NONE', #1563, 1000.000000000000000 ) ;
#7530 = CARTESIAN_POINT ( 'NONE',  ( 37.23211713789942223, 15.50448725967913610, 0.5000000000000004441 ) ) ;
#7531 = VERTEX_POINT ( 'NONE', #8795 ) ;
#7532 = CARTESIAN_POINT ( 'NONE',  ( -85.41788286210059766, 20.23277201088161448, 2.500000000000000000 ) ) ;
#7533 = ORIENTED_EDGE ( 'NONE', *, *, #5533, .T. ) ;
#7534 = ORIENTED_EDGE ( 'NONE', *, *, #2339, .T. ) ;
#7535 = AXIS2_PLACEMENT_3D ( 'NONE', #5225, #9214, #1835 ) ;
#7536 = EDGE_CURVE ( 'NONE', #9885, #10281, #1420, .T. ) ;
#7537 = VECTOR ( 'NONE', #2961, 1000.000000000000000 ) ;
#7538 = CARTESIAN_POINT ( 'NONE',  ( -59.41788286210059056, 20.78641401289932134, 0.5000000000000004441 ) ) ;
#7539 = CARTESIAN_POINT ( 'NONE',  ( 13.67847513588169051, 13.13641401289931920, 1.500000000000000444 ) ) ;
#7540 = DIRECTION ( 'NONE',  ( 0.000000000000000000, -0.000000000000000000, -1.000000000000000000 ) ) ;
#7541 = DIRECTION ( 'NONE',  ( -0.000000000000000000, -0.000000000000000000, 1.000000000000000000 ) ) ;
#7542 = ORIENTED_EDGE ( 'NONE', *, *, #9834, .F. ) ;
#7543 = CARTESIAN_POINT ( 'NONE',  ( -123.7678828621005778, 20.78641401289932134, -2.999999999999999112 ) ) ;
#7544 = DIRECTION ( 'NONE',  ( -1.000000000000000000, 0.000000000000000000, 0.000000000000000000 ) ) ;
#7545 = ORIENTED_EDGE ( 'NONE', *, *, #9996, .F. ) ;
#7546 = ORIENTED_EDGE ( 'NONE', *, *, #6521, .F. ) ;
#7547 = EDGE_LOOP ( 'NONE', ( #4247, #2632, #1610, #6786 ) ) ;
#7548 = VECTOR ( 'NONE', #2310, 1000.000000000000000 ) ;
#7549 = CARTESIAN_POINT ( 'NONE',  ( -7.000000000000007105, 15.45793887701764291, 4.000000000000000000 ) ) ;
#7550 = DIRECTION ( 'NONE',  ( -0.7071067811865483499, 0.7071067811865466846, 0.000000000000000000 ) ) ;
#7551 = CARTESIAN_POINT ( 'NONE',  ( -137.7499999999999716, 13.90429687500000355, 1.000000000000000000 ) ) ;
#7552 = DIRECTION ( 'NONE',  ( 0.000000000000000000, 0.000000000000000000, -1.000000000000000000 ) ) ;
#7553 = LINE ( 'NONE', #8413, #5783 ) ;
#7554 = CARTESIAN_POINT ( 'NONE',  ( -128.4784751358815527, 23.17217973710065948, 1.500000000000000444 ) ) ;
#7555 = VERTEX_POINT ( 'NONE', #10297 ) ;
#7556 = AXIS2_PLACEMENT_3D ( 'NONE', #4996, #4137, #7469 ) ;
#7557 = ORIENTED_EDGE ( 'NONE', *, *, #8944, .T. ) ;
#7558 = EDGE_CURVE ( 'NONE', #6093, #4587, #9659, .T. ) ;
#7559 = VERTEX_POINT ( 'NONE', #6328 ) ;
#7560 = EDGE_CURVE ( 'NONE', #6367, #8642, #2929, .T. ) ;
#7561 = VECTOR ( 'NONE', #6079, 1000.000000000000000 ) ;
#7562 = CARTESIAN_POINT ( 'NONE',  ( -101.4178828621005692, 15.48641401289931885, 0.5000000000000004441 ) ) ;
#7563 = CARTESIAN_POINT ( 'NONE',  ( -36.47847513588156687, 23.17217973710065948, 1.500000000000000444 ) ) ;
#7564 = CARTESIAN_POINT ( 'NONE',  ( 31.93211713789942507, 15.48641401289931885, -2.999999999999999112 ) ) ;
#7565 = LINE ( 'NONE', #2615, #9045 ) ;
#7566 = CARTESIAN_POINT ( 'NONE',  ( 14.23211713789943111, 15.50448725967913610, 0.5000000000000004441 ) ) ;
#7567 = EDGE_LOOP ( 'NONE', ( #9426, #5765, #1677, #1704 ) ) ;
#7568 = EDGE_CURVE ( 'NONE', #4459, #2372, #5400, .T. ) ;
#7569 = ORIENTED_EDGE ( 'NONE', *, *, #7208, .F. ) ;
#7570 = EDGE_CURVE ( 'NONE', #3466, #3503, #4650, .T. ) ;
#7571 = ORIENTED_EDGE ( 'NONE', *, *, #5718, .T. ) ;
#7572 = VERTEX_POINT ( 'NONE', #7069 ) ;
#7573 = EDGE_CURVE ( 'NONE', #9222, #8340, #7934, .T. ) ;
#7574 = DIRECTION ( 'NONE',  ( -0.7071067811865474617, -0.7071067811865474617, 0.000000000000000000 ) ) ;
#7575 = FACE_OUTER_BOUND ( 'NONE', #5642, .T. ) ;
#7576 = DIRECTION ( 'NONE',  ( 0.000000000000000000, -1.000000000000000000, -1.608394988049504315E-16 ) ) ;
#7577 = DIRECTION ( 'NONE',  ( 0.7071067811865479058, -0.7071067811865470176, 0.000000000000000000 ) ) ;
#7578 = CARTESIAN_POINT ( 'NONE',  ( -82.41788286210059766, 15.48641401289931885, 0.5000000000000004441 ) ) ;
#7579 = LINE ( 'NONE', #6824, #9058 ) ;
#7580 = VERTEX_POINT ( 'NONE', #1306 ) ;
#7581 = APPLICATION_PROTOCOL_DEFINITION ( 'international standard', 'config_control_design', 1994, #2012 ) ;
#7582 = ORIENTED_EDGE ( 'NONE', *, *, #2544, .T. ) ;
#7583 = ORIENTED_EDGE ( 'NONE', *, *, #2797, .T. ) ;
#7584 = VECTOR ( 'NONE', #2881, 1000.000000000000000 ) ;
#7585 = EDGE_CURVE ( 'NONE', #9706, #9732, #1471, .T. ) ;
#7586 = DIRECTION ( 'NONE',  ( -1.000000000000000000, 0.000000000000000000, 0.000000000000000000 ) ) ;
#7587 = CARTESIAN_POINT ( 'NONE',  ( 16.61788286210075327, 16.07582173911838197, 1.500000000000000444 ) ) ;
#7588 = DIRECTION ( 'NONE',  ( 0.000000000000000000, 1.000000000000000000, 0.000000000000000000 ) ) ;
#7589 = AXIS2_PLACEMENT_3D ( 'NONE', #519, #5221, #9569 ) ;
#7590 = PLANE ( 'NONE',  #8678 ) ;
#7591 = ORIENTED_EDGE ( 'NONE', *, *, #8839, .T. ) ;
#7592 = LINE ( 'NONE', #318, #5957 ) ;
#7593 = LINE ( 'NONE', #967, #8801 ) ;
#7594 = ORIENTED_EDGE ( 'NONE', *, *, #4863, .F. ) ;
#7595 = ORIENTED_EDGE ( 'NONE', *, *, #4389, .F. ) ;
#7596 = ADVANCED_FACE ( 'NONE', ( #3956 ), #3845, .F. ) ;
#7597 = VECTOR ( 'NONE', #2028, 1000.000000000000000 ) ;
#7598 = CARTESIAN_POINT ( 'NONE',  ( 7.182117137899429515, 15.48641401289931885, 0.5000000000000004441 ) ) ;
#7599 = CARTESIAN_POINT ( 'NONE',  ( -78.30364200201763936, 13.15429687499999289, 1.500000000000000444 ) ) ;
#7600 = CARTESIAN_POINT ( 'NONE',  ( 39.25000000000000000, 13.15429687500000355, 4.000000000000000000 ) ) ;
#7601 = CARTESIAN_POINT ( 'NONE',  ( -8.767882862100590202, 15.48641401289931885, 0.000000000000000000 ) ) ;
#7602 = ORIENTED_EDGE ( 'NONE', *, *, #3024, .F. ) ;
#7603 = LINE ( 'NONE', #9273, #803 ) ;
#7604 = VECTOR ( 'NONE', #3206, 1000.000000000000000 ) ;
#7605 = DIRECTION ( 'NONE',  ( -0.000000000000000000, -1.000000000000000000, -0.000000000000000000 ) ) ;
#7606 = ORIENTED_EDGE ( 'NONE', *, *, #3159, .F. ) ;
#7607 = EDGE_CURVE ( 'NONE', #5753, #8121, #7233, .T. ) ;
#7608 = EDGE_LOOP ( 'NONE', ( #2128, #9684, #2997, #10292, #8914, #7557, #9837, #4302 ) ) ;
#7609 = ORIENTED_EDGE ( 'NONE', *, *, #4832, .T. ) ;
#7610 = DIRECTION ( 'NONE',  ( 0.000000000000000000, 1.000000000000000000, 0.000000000000000000 ) ) ;
#7611 = CARTESIAN_POINT ( 'NONE',  ( -107.8178828621005891, 15.48641401289931885, 0.5000000000000004441 ) ) ;
#7612 = CARTESIAN_POINT ( 'NONE',  ( -59.47847513588153134, 13.13641401289931920, 1.500000000000000444 ) ) ;
#7613 = DIRECTION ( 'NONE',  ( -0.000000000000000000, 1.000000000000000000, 0.000000000000000000 ) ) ;
#7614 = CARTESIAN_POINT ( 'NONE',  ( -52.99999999999999289, 20.85065487298235709, 2.500000000000000000 ) ) ;
#7615 = ORIENTED_EDGE ( 'NONE', *, *, #10541, .T. ) ;
#7616 = ORIENTED_EDGE ( 'NONE', *, *, #913, .F. ) ;
#7617 = VERTEX_POINT ( 'NONE', #7986 ) ;
#7618 = ORIENTED_EDGE ( 'NONE', *, *, #6251, .F. ) ;
#7619 = ADVANCED_FACE ( 'NONE', ( #9442 ), #607, .F. ) ;
#7620 = EDGE_CURVE ( 'NONE', #9527, #3684, #2981, .T. ) ;
#7621 = DIRECTION ( 'NONE',  ( -1.000000000000000000, 0.000000000000000000, 0.000000000000000000 ) ) ;
#7622 = EDGE_CURVE ( 'NONE', #5865, #2694, #3094, .T. ) ;
#7623 = CARTESIAN_POINT ( 'NONE',  ( 6.582117137899412995, 16.07582173911837842, 1.500000000000000444 ) ) ;
#7624 = PLANE ( 'NONE',  #436 ) ;
#7625 = CARTESIAN_POINT ( 'NONE',  ( -82.47847513588153845, 13.13641401289931920, 6.000000000000000000 ) ) ;
#7626 = PLANE ( 'NONE',  #5768 ) ;
#7627 = LINE ( 'NONE', #7528, #9548 ) ;
#7628 = CARTESIAN_POINT ( 'NONE',  ( 114.9999999999999858, 0.000000000000000000, 0.5000000000000004441 ) ) ;
#7629 = EDGE_CURVE ( 'NONE', #464, #3598, #6163, .T. ) ;
#7630 = ORIENTED_EDGE ( 'NONE', *, *, #8839, .F. ) ;
#7631 = DIRECTION ( 'NONE',  ( 0.000000000000000000, 1.000000000000000000, 0.000000000000000000 ) ) ;
#7632 = ORIENTED_EDGE ( 'NONE', *, *, #8761, .T. ) ;
#7633 = EDGE_CURVE ( 'NONE', #8520, #8899, #439, .T. ) ;
#7634 = ORIENTED_EDGE ( 'NONE', *, *, #4444, .F. ) ;
#7635 = EDGE_CURVE ( 'NONE', #1226, #889, #9813, .T. ) ;
#7636 = DIRECTION ( 'NONE',  ( 1.000000000000000000, -0.000000000000000000, 0.000000000000000000 ) ) ;
#7637 = LINE ( 'NONE', #5215, #2710 ) ;
#7638 = LINE ( 'NONE', #260, #5484 ) ;
#7639 = CARTESIAN_POINT ( 'NONE',  ( 38.98211713789942223, 20.78641401289932134, 1.500000000000000444 ) ) ;
#7640 = EDGE_CURVE ( 'NONE', #3488, #10590, #4912, .T. ) ;
#7641 = CARTESIAN_POINT ( 'NONE',  ( 16.61788286210075327, 20.23277201088161803, 1.500000000000000444 ) ) ;
#7642 = ORIENTED_EDGE ( 'NONE', *, *, #9674, .F. ) ;
#7643 = CARTESIAN_POINT ( 'NONE',  ( -30.00000000000000000, 20.85065487298235709, 1.500000000000000444 ) ) ;
#7644 = DIRECTION ( 'NONE',  ( -0.000000000000000000, -0.000000000000000000, 1.000000000000000000 ) ) ;
#7645 = ORIENTED_EDGE ( 'NONE', *, *, #4349, .T. ) ;
#7646 = EDGE_CURVE ( 'NONE', #10125, #6032, #3351, .T. ) ;
#7647 = ORIENTED_EDGE ( 'NONE', *, *, #2828, .T. ) ;
#7648 = AXIS2_PLACEMENT_3D ( 'NONE', #2367, #10596, #4998 ) ;
#7649 = VECTOR ( 'NONE', #2819, 1000.000000000000000 ) ;
#7650 = DIRECTION ( 'NONE',  ( 0.000000000000000000, 1.000000000000000000, 0.000000000000000000 ) ) ;
#7651 = DIRECTION ( 'NONE',  ( 0.000000000000000000, -0.000000000000000000, -1.000000000000000000 ) ) ;
#7652 = DIRECTION ( 'NONE',  ( 0.000000000000000000, -0.000000000000000000, 1.000000000000000000 ) ) ;
#7653 = CARTESIAN_POINT ( 'NONE',  ( 37.23211713789942223, 20.78641401289932134, 1.500000000000000444 ) ) ;
#7654 = ADVANCED_FACE ( 'NONE', ( #2440 ), #6588, .T. ) ;
#7655 = ORIENTED_EDGE ( 'NONE', *, *, #5615, .T. ) ;
#7656 = CARTESIAN_POINT ( 'NONE',  ( 32.50364200201778431, 23.15429687500000000, 4.000000000000000000 ) ) ;
#7657 = LINE ( 'NONE', #381, #8963 ) ;
#7658 = ORIENTED_EDGE ( 'NONE', *, *, #5251, .F. ) ;
#7659 = ORIENTED_EDGE ( 'NONE', *, *, #5196, .F. ) ;
#7660 = VECTOR ( 'NONE', #2124, 1000.000000000000000 ) ;
#7661 = VECTOR ( 'NONE', #1268, 1000.000000000000000 ) ;
#7662 = EDGE_LOOP ( 'NONE', ( #9640, #5949, #601, #4020 ) ) ;
#7663 = ADVANCED_FACE ( 'NONE', ( #4110 ), #6641, .F. ) ;
#7664 = AXIS2_PLACEMENT_3D ( 'NONE', #6444, #5576, #7352 ) ;
#7665 = VECTOR ( 'NONE', #1311, 1000.000000000000000 ) ;
#7666 = CARTESIAN_POINT ( 'NONE',  ( -55.32152486411831660, 13.13641401289931920, 6.000000000000000000 ) ) ;
#7667 = CARTESIAN_POINT ( 'NONE',  ( -52.38211713789925028, 16.07582173911838197, 1.500000000000000444 ) ) ;
#7668 = DIRECTION ( 'NONE',  ( 1.000000000000000000, 0.000000000000000000, 0.000000000000000000 ) ) ;
#7669 = LINE ( 'NONE', #7725, #4400 ) ;
#7670 = DIRECTION ( 'NONE',  ( -6.938893903907233900E-15, 1.000000000000000000, 0.000000000000000000 ) ) ;
#7671 = ORIENTED_EDGE ( 'NONE', *, *, #4420, .F. ) ;
#7672 = MANIFOLD_SOLID_BREP ( 'Cut-Extrude16', #6850 ) ;
#7673 = ORIENTED_EDGE ( 'NONE', *, *, #6442, .F. ) ;
#7674 = VERTEX_POINT ( 'NONE', #924 ) ;
#7675 = VECTOR ( 'NONE', #9108, 1000.000000000000000 ) ;
#7676 = ORIENTED_EDGE ( 'NONE', *, *, #1665, .T. ) ;
#7677 = CARTESIAN_POINT ( 'NONE',  ( -131.4178828621006119, 16.07582173911837842, 1.500000000000000444 ) ) ;
#7678 = DIRECTION ( 'NONE',  ( -0.7071067811865483499, 0.7071067811865466846, 0.000000000000000000 ) ) ;
#7679 = DIRECTION ( 'NONE',  ( 0.000000000000000000, -0.000000000000000000, 1.000000000000000000 ) ) ;
#7680 = CARTESIAN_POINT ( 'NONE',  ( 39.25000000000000000, 15.70793887701763758, 1.500000000000000444 ) ) ;
#7681 = CARTESIAN_POINT ( 'NONE',  ( -137.7499999999999716, 20.85065487298235709, 4.000000000000000000 ) ) ;
#7682 = DIRECTION ( 'NONE',  ( -1.000000000000000000, -0.000000000000000000, -0.000000000000000000 ) ) ;
#7683 = AXIS2_PLACEMENT_3D ( 'NONE', #7686, #8394, #5960 ) ;
#7684 = CARTESIAN_POINT ( 'NONE',  ( -7.000000000000006217, 20.85065487298235709, 4.000000000000000000 ) ) ;
#7685 = VERTEX_POINT ( 'NONE', #4211 ) ;
#7686 = CARTESIAN_POINT ( 'NONE',  ( -130.7500000000000000, 22.40429687500000355, 1.000000000000000000 ) ) ;
#7687 = VERTEX_POINT ( 'NONE', #16 ) ;
#7688 = VECTOR ( 'NONE', #7392, 1000.000000000000114 ) ;
#7689 = ORIENTED_EDGE ( 'NONE', *, *, #4304, .T. ) ;
#7690 = EDGE_CURVE ( 'NONE', #8989, #6184, #1683, .T. ) ;
#7691 = EDGE_CURVE ( 'NONE', #6032, #3671, #1527, .T. ) ;
#7692 = LINE ( 'NONE', #1013, #6339 ) ;
#7693 = VECTOR ( 'NONE', #2320, 1000.000000000000000 ) ;
#7694 = DIRECTION ( 'NONE',  ( 1.000000000000000000, 0.000000000000000000, 0.000000000000000000 ) ) ;
#7695 = CARTESIAN_POINT ( 'NONE',  ( 13.67847513588170472, 23.17217973710065948, 1.500000000000000444 ) ) ;
#7696 = LINE ( 'NONE', #2638, #6622 ) ;
#7697 = CARTESIAN_POINT ( 'NONE',  ( -137.7499999999999716, 15.45793887701764291, 3.999999999999999112 ) ) ;
#7698 = VECTOR ( 'NONE', #4728, 1000.000000000000000 ) ;
#7699 = ORIENTED_EDGE ( 'NONE', *, *, #6498, .F. ) ;
#7700 = LINE ( 'NONE', #7643, #1492 ) ;
#7701 = ORIENTED_EDGE ( 'NONE', *, *, #9136, .T. ) ;
#7702 = EDGE_CURVE ( 'NONE', #4935, #3598, #4161, .T. ) ;
#7703 = ORIENTED_EDGE ( 'NONE', *, *, #3131, .T. ) ;
#7704 = VECTOR ( 'NONE', #4406, 1000.000000000000000 ) ;
#7705 = AXIS2_PLACEMENT_3D ( 'NONE', #8288, #1718, #1557 ) ;
#7706 = EDGE_CURVE ( 'NONE', #921, #6664, #761, .T. ) ;
#7707 = LINE ( 'NONE', #6848, #7878 ) ;
#7708 = DIRECTION ( 'NONE',  ( 1.000000000000000000, 0.000000000000000000, -0.000000000000000000 ) ) ;
#7709 = ADVANCED_FACE ( 'NONE', ( #7445 ), #2549, .F. ) ;
#7710 = DIRECTION ( 'NONE',  ( -0.000000000000000000, -0.000000000000000000, 1.000000000000000000 ) ) ;
#7711 = LINE ( 'NONE', #3617, #5934 ) ;
#7712 = ORIENTED_EDGE ( 'NONE', *, *, #1048, .F. ) ;
#7713 = DIRECTION ( 'NONE',  ( 0.000000000000000000, -0.000000000000000000, 1.000000000000000000 ) ) ;
#7714 = CARTESIAN_POINT ( 'NONE',  ( -13.49635799798223879, 23.15429687499999289, 6.000000000000000000 ) ) ;
#7715 = ORIENTED_EDGE ( 'NONE', *, *, #9308, .F. ) ;
#7716 = ORIENTED_EDGE ( 'NONE', *, *, #6120, .F. ) ;
#7717 = AXIS2_PLACEMENT_3D ( 'NONE', #3707, #6834, #5164 ) ;
#7718 = ORIENTED_EDGE ( 'NONE', *, *, #8769, .F. ) ;
#7719 = ADVANCED_FACE ( 'NONE', ( #2489 ), #9003, .T. ) ;
#7720 = DIRECTION ( 'NONE',  ( 1.000000000000000000, -0.000000000000000000, -0.000000000000000000 ) ) ;
#7721 = DIRECTION ( 'NONE',  ( -0.000000000000000000, 0.000000000000000000, 1.000000000000000000 ) ) ;
#7722 = CARTESIAN_POINT ( 'NONE',  ( 13.58211713789943254, 15.48641401289931885, 1.500000000000000444 ) ) ;
#7723 = VECTOR ( 'NONE', #5310, 1000.000000000000114 ) ;
#7724 = LINE ( 'NONE', #340, #6542 ) ;
#7725 = CARTESIAN_POINT ( 'NONE',  ( 46.25000000000000000, 24.87145416252537800, 5.217157287525376219 ) ) ;
#7726 = DIRECTION ( 'NONE',  ( -0.000000000000000000, -0.000000000000000000, 1.000000000000000000 ) ) ;
#7727 = ORIENTED_EDGE ( 'NONE', *, *, #8320, .F. ) ;
#7728 = ORIENTED_EDGE ( 'NONE', *, *, #4712, .T. ) ;
#7729 = ADVANCED_FACE ( 'NONE', ( #5831 ), #6433, .F. ) ;
#7730 = ORIENTED_EDGE ( 'NONE', *, *, #159, .F. ) ;
#7731 = ORIENTED_EDGE ( 'NONE', *, *, #3855, .F. ) ;
#7732 = EDGE_CURVE ( 'NONE', #10318, #2597, #2336, .T. ) ;
#7733 = VECTOR ( 'NONE', #5218, 1000.000000000000000 ) ;
#7734 = CARTESIAN_POINT ( 'NONE',  ( -14.06788286210058914, 20.78641401289932134, 0.5000000000000004441 ) ) ;
#7735 = DIRECTION ( 'NONE',  ( -0.000000000000000000, 0.000000000000000000, 1.000000000000000000 ) ) ;
#7736 = ADVANCED_FACE ( 'NONE', ( #7285 ), #820, .F. ) ;
#7737 = PLANE ( 'NONE',  #9896 ) ;
#7738 = CARTESIAN_POINT ( 'NONE',  ( -31.76788286210058132, 20.78641401289932134, -2.999999999999999112 ) ) ;
#7739 = CARTESIAN_POINT ( 'NONE',  ( 32.52152486411844023, 23.17217973710065948, 1.500000000000000444 ) ) ;
#7740 = CARTESIAN_POINT ( 'NONE',  ( -31.76788286210058132, 15.48641401289931885, 0.000000000000000000 ) ) ;
#7741 = CARTESIAN_POINT ( 'NONE',  ( -129.0678828621005891, 20.80448725967914925, 0.5000000000000004441 ) ) ;
#7742 = VERTEX_POINT ( 'NONE', #8148 ) ;
#7743 = ORIENTED_EDGE ( 'NONE', *, *, #5654, .F. ) ;
#7744 = EDGE_CURVE ( 'NONE', #2372, #9869, #4053, .T. ) ;
#7745 = ORIENTED_EDGE ( 'NONE', *, *, #895, .T. ) ;
#7746 = ORIENTED_EDGE ( 'NONE', *, *, #7751, .F. ) ;
#7747 = CARTESIAN_POINT ( 'NONE',  ( -137.3499999999999659, 10.65429687500000355, 6.000000000000000000 ) ) ;
#7748 = LINE ( 'NONE', #3704, #9766 ) ;
#7749 = DIRECTION ( 'NONE',  ( -0.000000000000000000, 0.000000000000000000, 1.000000000000000000 ) ) ;
#7750 = DIRECTION ( 'NONE',  ( 1.000000000000000000, 0.000000000000000000, 0.000000000000000000 ) ) ;
#7751 = EDGE_CURVE ( 'NONE', #2004, #10319, #6538, .T. ) ;
#7752 = CARTESIAN_POINT ( 'NONE',  ( -52.38211713789925028, 20.23277201088161803, 2.500000000000000000 ) ) ;
#7753 = ORIENTED_EDGE ( 'NONE', *, *, #5485, .T. ) ;
#7754 = CARTESIAN_POINT ( 'NONE',  ( 36.67847513588169761, 23.17217973710065948, 1.500000000000000444 ) ) ;
#7755 = VERTEX_POINT ( 'NONE', #5308 ) ;
#7756 = ORIENTED_EDGE ( 'NONE', *, *, #6682, .T. ) ;
#7757 = VECTOR ( 'NONE', #10413, 1000.000000000000000 ) ;
#7758 = CARTESIAN_POINT ( 'NONE',  ( 92.00000000000000000, 15.48641401289931885, 0.000000000000000000 ) ) ;
#7759 = EDGE_CURVE ( 'NONE', #893, #7201, #1967, .T. ) ;
#7760 = CARTESIAN_POINT ( 'NONE',  ( -139.1642135623730780, 24.65429687500000711, 6.000000000000000000 ) ) ;
#7761 = LINE ( 'NONE', #2702, #3311 ) ;
#7762 = EDGE_CURVE ( 'NONE', #4459, #10187, #242, .T. ) ;
#7763 = CARTESIAN_POINT ( 'NONE',  ( -14.06788286210058914, 20.78641401289932134, -2.999999999999999112 ) ) ;
#7764 = EDGE_CURVE ( 'NONE', #1630, #982, #10042, .T. ) ;
#7765 = ORIENTED_EDGE ( 'NONE', *, *, #7744, .T. ) ;
#7766 = CARTESIAN_POINT ( 'NONE',  ( -105.4178828621005977, 13.48641401289931885, 1.500000000000000444 ) ) ;
#7767 = DIRECTION ( 'NONE',  ( -0.000000000000000000, 1.000000000000000000, 0.000000000000000000 ) ) ;
#7768 = ORIENTED_EDGE ( 'NONE', *, *, #8699, .T. ) ;
#7769 = VERTEX_POINT ( 'NONE', #9401 ) ;
#7770 = VECTOR ( 'NONE', #1358, 1000.000000000000000 ) ;
#7771 = EDGE_CURVE ( 'NONE', #1011, #584, #7838, .T. ) ;
#7772 = ORIENTED_EDGE ( 'NONE', *, *, #2783, .F. ) ;
#7773 = CARTESIAN_POINT ( 'NONE',  ( 138.0000000000000000, 0.000000000000000000, 0.5000000000000004441 ) ) ;
#7774 = VECTOR ( 'NONE', #5770, 999.9999999999998863 ) ;
#7775 = LINE ( 'NONE', #388, #3700 ) ;
#7776 = LINE ( 'NONE', #1202, #2340 ) ;
#7777 = CARTESIAN_POINT ( 'NONE',  ( -122.0000000000000000, 15.45793887701764469, 4.000000000000000000 ) ) ;
#7778 = FACE_OUTER_BOUND ( 'NONE', #6418, .T. ) ;
#7779 = CARTESIAN_POINT ( 'NONE',  ( -124.3215248641183166, 13.13641401289931920, 1.500000000000000444 ) ) ;
#7780 = ORIENTED_EDGE ( 'NONE', *, *, #8069, .T. ) ;
#7781 = EDGE_CURVE ( 'NONE', #2926, #4386, #2671, .T. ) ;
#7782 = ORIENTED_EDGE ( 'NONE', *, *, #3368, .T. ) ;
#7783 = ORIENTED_EDGE ( 'NONE', *, *, #8753, .F. ) ;
#7784 = ORIENTED_EDGE ( 'NONE', *, *, #9055, .T. ) ;
#7785 = CARTESIAN_POINT ( 'NONE',  ( -37.06788286210058203, 15.48641401289931885, 0.5000000000000004441 ) ) ;
#7786 = CARTESIAN_POINT ( 'NONE',  ( -75.38211713789925739, 20.23277201088161803, 1.500000000000000444 ) ) ;
#7787 = CARTESIAN_POINT ( 'NONE',  ( 32.52152486411844023, 23.17217973710065948, 4.000000000000000000 ) ) ;
#7788 = DIRECTION ( 'NONE',  ( 1.000000000000000000, 0.000000000000000000, -0.000000000000000000 ) ) ;
#7789 = LINE ( 'NONE', #1161, #4061 ) ;
#7790 = FACE_OUTER_BOUND ( 'NONE', #5536, .T. ) ;
#7791 = ORIENTED_EDGE ( 'NONE', *, *, #9492, .T. ) ;
#7792 = EDGE_CURVE ( 'NONE', #2935, #3721, #5952, .T. ) ;
#7793 = CARTESIAN_POINT ( 'NONE',  ( -135.9999999999999716, 23.15429687500000355, 0.000000000000000000 ) ) ;
#7794 = ORIENTED_EDGE ( 'NONE', *, *, #4741, .T. ) ;
#7795 = EDGE_LOOP ( 'NONE', ( #142, #5688, #6379, #4678, #2858, #9785, #6308, #9013, #2155, #3726 ) ) ;
#7796 = ORIENTED_EDGE ( 'NONE', *, *, #3543, .F. ) ;
#7797 = EDGE_LOOP ( 'NONE', ( #4823, #2989, #180, #6902 ) ) ;
#7798 = EDGE_CURVE ( 'NONE', #10150, #3737, #349, .T. ) ;
#7799 = DIRECTION ( 'NONE',  ( 0.7071067811865474617, 0.7071067811865474617, 0.000000000000000000 ) ) ;
#7800 = DIRECTION ( 'NONE',  ( -0.000000000000000000, -0.000000000000000000, 1.000000000000000000 ) ) ;
#7801 = ORIENTED_EDGE ( 'NONE', *, *, #7959, .T. ) ;
#7802 = LINE ( 'NONE', #3604, #8929 ) ;
#7803 = CARTESIAN_POINT ( 'NONE',  ( -59.41788286210059056, 22.78641401289931778, 1.500000000000000444 ) ) ;
#7804 = PLANE ( 'NONE',  #1879 ) ;
#7805 = VERTEX_POINT ( 'NONE', #6818 ) ;
#7806 = CARTESIAN_POINT ( 'NONE',  ( 0.000000000000000000, 0.000000000000000000, 4.000000000000000000 ) ) ;
#7807 = ORIENTED_EDGE ( 'NONE', *, *, #7792, .T. ) ;
#7808 = ORIENTED_EDGE ( 'NONE', *, *, #1184, .T. ) ;
#7809 = LINE ( 'NONE', #6085, #10455 ) ;
#7810 = CARTESIAN_POINT ( 'NONE',  ( 32.50364200201779141, 13.15429687500000178, 4.000000000000000000 ) ) ;
#7811 = CARTESIAN_POINT ( 'NONE',  ( -124.3036420020176536, 13.15429687499998934, 1.500000000000000444 ) ) ;
#7812 = DIRECTION ( 'NONE',  ( 0.000000000000000000, -0.000000000000000000, 1.000000000000000000 ) ) ;
#7813 = EDGE_LOOP ( 'NONE', ( #1221, #10628, #9871, #5764 ) ) ;
#7814 = DIRECTION ( 'NONE',  ( -1.000000000000000000, -8.163404592832032733E-17, 0.000000000000000000 ) ) ;
#7815 = CARTESIAN_POINT ( 'NONE',  ( -55.41788286210057635, 15.48641401289931885, 0.5000000000000004441 ) ) ;
#7816 = ORIENTED_EDGE ( 'NONE', *, *, #4403, .T. ) ;
#7817 = EDGE_LOOP ( 'NONE', ( #3757, #9054, #8706, #8873 ) ) ;
#7818 = ORIENTED_EDGE ( 'NONE', *, *, #8270, .T. ) ;
#7819 = VECTOR ( 'NONE', #6078, 1000.000000000000000 ) ;
#7820 = EDGE_CURVE ( 'NONE', #1360, #7152, #5148, .T. ) ;
#7821 = DIRECTION ( 'NONE',  ( 0.7071067811865479058, -0.7071067811865470176, 0.000000000000000000 ) ) ;
#7822 = FACE_OUTER_BOUND ( 'NONE', #2291, .T. ) ;
#7823 = FACE_OUTER_BOUND ( 'NONE', #5262, .T. ) ;
#7824 = VECTOR ( 'NONE', #5737, 1000.000000000000000 ) ;
#7825 = CARTESIAN_POINT ( 'NONE',  ( 46.25000000000000000, 11.05429687500001457, 6.000000000000000000 ) ) ;
#7826 = CARTESIAN_POINT ( 'NONE',  ( -37.06788286210058203, 15.48641401289931885, 0.5000000000000004441 ) ) ;
#7827 = CARTESIAN_POINT ( 'NONE',  ( -37.06788286210058203, 15.48641401289931885, 1.500000000000000444 ) ) ;
#7828 = EDGE_LOOP ( 'NONE', ( #7092, #783, #6715, #5017 ) ) ;
#7829 = VECTOR ( 'NONE', #2876, 1000.000000000000000 ) ;
#7830 = ORIENTED_EDGE ( 'NONE', *, *, #9283, .T. ) ;
#7831 = ADVANCED_FACE ( 'NONE', ( #2729 ), #8595, .F. ) ;
#7832 = ORIENTED_EDGE ( 'NONE', *, *, #9433, .F. ) ;
#7833 = EDGE_LOOP ( 'NONE', ( #1587, #5611, #574, #4533 ) ) ;
#7834 = APPROVAL ( #7994, 'UNSPECIFIED' ) ;
#7835 = VECTOR ( 'NONE', #6551, 1000.000000000000000 ) ;
#7836 = VECTOR ( 'NONE', #3534, 1000.000000000000000 ) ;
#7837 = EDGE_CURVE ( 'NONE', #5729, #6712, #399, .T. ) ;
#7838 = LINE ( 'NONE', #5254, #1757 ) ;
#7839 = DIRECTION ( 'NONE',  ( -1.000000000000000000, 0.000000000000000000, -0.000000000000000000 ) ) ;
#7840 = ADVANCED_FACE ( 'NONE', ( #9293 ), #455, .F. ) ;
#7841 = DIRECTION ( 'NONE',  ( 0.000000000000000000, 0.000000000000000000, -1.000000000000000000 ) ) ;
#7842 = DIRECTION ( 'NONE',  ( 0.7071067811865475727, -0.7071067811865475727, 0.000000000000000000 ) ) ;
#7843 = CARTESIAN_POINT ( 'NONE',  ( -59.49635799798218017, 13.15429687499998934, 6.000000000000000000 ) ) ;
#7844 = DIRECTION ( 'NONE',  ( -0.7071067811865489050, 0.7071067811865462405, 0.000000000000000000 ) ) ;
#7845 = CARTESIAN_POINT ( 'NONE',  ( -52.38211713789925028, 16.07582173911838197, 1.500000000000000444 ) ) ;
#7846 = ORIENTED_EDGE ( 'NONE', *, *, #8519, .T. ) ;
#7847 = ORIENTED_EDGE ( 'NONE', *, *, #9357, .F. ) ;
#7848 = VECTOR ( 'NONE', #10091, 1000.000000000000000 ) ;
#7849 = EDGE_LOOP ( 'NONE', ( #1925, #6240, #6275, #4142 ) ) ;
#7850 = VERTEX_POINT ( 'NONE', #3640 ) ;
#7851 = EDGE_CURVE ( 'NONE', #6518, #10642, #8485, .T. ) ;
#7852 = AXIS2_PLACEMENT_3D ( 'NONE', #1028, #5230, #2812 ) ;
#7853 = LINE ( 'NONE', #6191, #7698 ) ;
#7854 = CARTESIAN_POINT ( 'NONE',  ( 46.25000000000000000, 22.40429687500000355, 5.599999999999987210 ) ) ;
#7855 = EDGE_LOOP ( 'NONE', ( #9831, #9540, #1675, #3879 ) ) ;
#7856 = DIRECTION ( 'NONE',  ( 6.938893903907228378E-15, 1.000000000000000000, 0.000000000000000000 ) ) ;
#7857 = CARTESIAN_POINT ( 'NONE',  ( -101.4178828621005977, 13.48641401289931885, 1.500000000000000444 ) ) ;
#7858 = VECTOR ( 'NONE', #3505, 1000.000000000000000 ) ;
#7859 = VERTEX_POINT ( 'NONE', #2080 ) ;
#7860 = CARTESIAN_POINT ( 'NONE',  ( 39.25000000000000000, 23.15429687500000000, 4.000000000000000000 ) ) ;
#7861 = ORIENTED_EDGE ( 'NONE', *, *, #390, .T. ) ;
#7862 = ORIENTED_EDGE ( 'NONE', *, *, #2159, .F. ) ;
#7863 = AXIS2_PLACEMENT_3D ( 'NONE', #6874, #8385, #1001 ) ;
#7864 = ADVANCED_FACE ( 'NONE', ( #4391 ), #299, .F. ) ;
#7865 = VECTOR ( 'NONE', #6826, 1000.000000000000000 ) ;
#7866 = AXIS2_PLACEMENT_3D ( 'NONE', #2380, #9801, #8139 ) ;
#7867 = FACE_OUTER_BOUND ( 'NONE', #5181, .T. ) ;
#7868 = DIRECTION ( 'NONE',  ( 0.000000000000000000, -0.7071067811865484609, -0.7071067811865465735 ) ) ;
#7869 = CARTESIAN_POINT ( 'NONE',  ( -129.0678828621005891, 20.80448725967914925, 0.5000000000000004441 ) ) ;
#7870 = LINE ( 'NONE', #8838, #3018 ) ;
#7871 = DIRECTION ( 'NONE',  ( -0.000000000000000000, -1.000000000000000000, -0.000000000000000000 ) ) ;
#7872 = DIRECTION ( 'NONE',  ( 1.000000000000000000, 0.000000000000000000, 0.000000000000000000 ) ) ;
#7873 = DIRECTION ( 'NONE',  ( -1.000000000000000000, 0.000000000000000000, 0.000000000000000000 ) ) ;
#7874 = ORIENTED_EDGE ( 'NONE', *, *, #4372, .T. ) ;
#7875 = AXIS2_PLACEMENT_3D ( 'NONE', #8386, #2672, #8284 ) ;
#7876 = ORIENTED_EDGE ( 'NONE', *, *, #7771, .F. ) ;
#7877 = ORIENTED_EDGE ( 'NONE', *, *, #4420, .T. ) ;
#7878 = VECTOR ( 'NONE', #1996, 1000.000000000000000 ) ;
#7879 = DIRECTION ( 'NONE',  ( -0.000000000000000000, -1.000000000000000000, -0.000000000000000000 ) ) ;
#7880 = DIRECTION ( 'NONE',  ( 1.000000000000000000, 0.000000000000000000, 0.000000000000000000 ) ) ;
#7881 = DIRECTION ( 'NONE',  ( -0.000000000000000000, 0.000000000000000000, 1.000000000000000000 ) ) ;
#7882 = DIRECTION ( 'NONE',  ( -1.000000000000000000, -8.163404592832032733E-17, 0.000000000000000000 ) ) ;
#7883 = LINE ( 'NONE', #8744, #1888 ) ;
#7884 = DIRECTION ( 'NONE',  ( 0.000000000000000000, -1.000000000000000000, -1.608394988049504315E-16 ) ) ;
#7885 = CARTESIAN_POINT ( 'NONE',  ( -8.767882862100590202, 15.50448725967913610, 1.500000000000000444 ) ) ;
#7886 = ORIENTED_EDGE ( 'NONE', *, *, #6549, .F. ) ;
#7887 = ADVANCED_FACE ( 'NONE', ( #6875 ), #4499, .F. ) ;
#7888 = AXIS2_PLACEMENT_3D ( 'NONE', #2382, #8837, #10554 ) ;
#7889 = EDGE_LOOP ( 'NONE', ( #3089, #7727, #3310, #172 ) ) ;
#7890 = ORIENTED_EDGE ( 'NONE', *, *, #5910, .T. ) ;
#7891 = EDGE_CURVE ( 'NONE', #4930, #229, #1157, .T. ) ;
#7892 = ORIENTED_EDGE ( 'NONE', *, *, #5520, .F. ) ;
#7893 = VECTOR ( 'NONE', #3157, 1000.000000000000000 ) ;
#7894 = CARTESIAN_POINT ( 'NONE',  ( 36.69635799798235354, 23.15429687500000000, 6.000000000000000000 ) ) ;
#7895 = CARTESIAN_POINT ( 'NONE',  ( 39.25000000000000000, 13.15429687500000355, 4.000000000000000000 ) ) ;
#7896 = DIRECTION ( 'NONE',  ( -0.000000000000000000, -0.000000000000000000, 1.000000000000000000 ) ) ;
#7897 = LINE ( 'NONE', #6348, #10589 ) ;
#7898 = DIRECTION ( 'NONE',  ( 0.5773502691896257311, 0.5773502691896257311, -0.5773502691896257311 ) ) ;
#7899 = ORIENTED_EDGE ( 'NONE', *, *, #7495, .T. ) ;
#7900 = ADVANCED_FACE ( 'NONE', ( #5363 ), #8644, .T. ) ;
#7901 = DIRECTION ( 'NONE',  ( 0.000000000000000000, 0.000000000000000000, 1.000000000000000000 ) ) ;
#7902 = DIRECTION ( 'NONE',  ( 0.000000000000000000, -1.000000000000000000, 0.000000000000000000 ) ) ;
#7903 = VERTEX_POINT ( 'NONE', #1431 ) ;
#7904 = ORIENTED_EDGE ( 'NONE', *, *, #907, .T. ) ;
#7905 = AXIS2_PLACEMENT_3D ( 'NONE', #5192, #936, #1798 ) ;
#7906 = ORIENTED_EDGE ( 'NONE', *, *, #1968, .T. ) ;
#7907 = ORIENTED_EDGE ( 'NONE', *, *, #3095, .T. ) ;
#7908 = EDGE_CURVE ( 'NONE', #2238, #8845, #8060, .T. ) ;
#7909 = CARTESIAN_POINT ( 'NONE',  ( -83.06788286210057493, 20.78641401289932134, -2.999999999999999112 ) ) ;
#7910 = DIRECTION ( 'NONE',  ( -0.000000000000000000, -0.000000000000000000, 1.000000000000000000 ) ) ;
#7911 = EDGE_LOOP ( 'NONE', ( #2103, #4236, #1043, #2136 ) ) ;
#7912 = AXIS2_PLACEMENT_3D ( 'NONE', #3984, #7265, #2210 ) ;
#7913 = DIRECTION ( 'NONE',  ( -1.000000000000000000, -0.000000000000000000, -0.000000000000000000 ) ) ;
#7914 = LINE ( 'NONE', #9470, #7309 ) ;
#7915 = DIRECTION ( 'NONE',  ( -0.000000000000000000, 1.000000000000000000, -0.000000000000000000 ) ) ;
#7916 = ORIENTED_EDGE ( 'NONE', *, *, #1676, .F. ) ;
#7917 = PLANE ( 'NONE',  #9406 ) ;
#7918 = ORIENTED_EDGE ( 'NONE', *, *, #2402, .F. ) ;
#7919 = EDGE_CURVE ( 'NONE', #1505, #908, #4608, .T. ) ;
#7920 = VERTEX_POINT ( 'NONE', #7894 ) ;
#7921 = CARTESIAN_POINT ( 'NONE',  ( -36.41788286210059766, 20.78641401289932134, 1.500000000000000444 ) ) ;
#7922 = CARTESIAN_POINT ( 'NONE',  ( -83.06788286210057493, 15.48641401289931885, 0.5000000000000004441 ) ) ;
#7923 = CARTESIAN_POINT ( 'NONE',  ( -122.0178828621005778, 20.78641401289932134, 0.5000000000000004441 ) ) ;
#7924 = CARTESIAN_POINT ( 'NONE',  ( -137.7499999999999716, 20.85065487298235709, 4.000000000000000000 ) ) ;
#7925 = DIRECTION ( 'NONE',  ( 0.7071067811865474617, 0.7071067811865474617, 0.000000000000000000 ) ) ;
#7926 = DIRECTION ( 'NONE',  ( -0.000000000000000000, 1.000000000000000000, 0.000000000000000000 ) ) ;
#7927 = LINE ( 'NONE', #5763, #3467 ) ;
#7928 = EDGE_LOOP ( 'NONE', ( #6482, #4133, #5029, #5574 ) ) ;
#7929 = ADVANCED_FACE ( 'NONE', ( #622 ), #3800, .T. ) ;
#7930 = ORIENTED_EDGE ( 'NONE', *, *, #5797, .T. ) ;
#7931 = VERTEX_POINT ( 'NONE', #7195 ) ;
#7932 = VECTOR ( 'NONE', #4655, 1000.000000000000000 ) ;
#7933 = FACE_OUTER_BOUND ( 'NONE', #1913, .T. ) ;
#7934 = LINE ( 'NONE', #8682, #39 ) ;
#7935 = EDGE_CURVE ( 'NONE', #10289, #5398, #5414, .T. ) ;
#7936 = LINE ( 'NONE', #2120, #770 ) ;
#7937 = LINE ( 'NONE', #5710, #78 ) ;
#7938 = CARTESIAN_POINT ( 'NONE',  ( -55.30364200201764646, 13.15429687499999467, 6.000000000000000000 ) ) ;
#7939 = DIRECTION ( 'NONE',  ( 0.000000000000000000, -1.000000000000000000, 0.000000000000000000 ) ) ;
#7940 = AXIS2_PLACEMENT_3D ( 'NONE', #5237, #8524, #6909 ) ;
#7941 = LINE ( 'NONE', #3680, #5592 ) ;
#7942 = ORIENTED_EDGE ( 'NONE', *, *, #10072, .T. ) ;
#7943 = APPROVAL_DATE_TIME ( #5521, #2693 ) ;
#7944 = ORIENTED_EDGE ( 'NONE', *, *, #3430, .F. ) ;
#7945 = ORIENTED_EDGE ( 'NONE', *, *, #8681, .F. ) ;
#7946 = AXIS2_PLACEMENT_3D ( 'NONE', #3589, #2834, #1214 ) ;
#7947 = VECTOR ( 'NONE', #8313, 1000.000000000000000 ) ;
#7948 = DIRECTION ( 'NONE',  ( 0.000000000000000000, -0.000000000000000000, 1.000000000000000000 ) ) ;
#7949 = CARTESIAN_POINT ( 'NONE',  ( 46.25000000000000000, 25.25429687499999076, 6.000000000000000000 ) ) ;
#7950 = DIRECTION ( 'NONE',  ( 0.000000000000000000, -0.000000000000000000, 1.000000000000000000 ) ) ;
#7951 = LINE ( 'NONE', #8865, #3202 ) ;
#7952 = CARTESIAN_POINT ( 'NONE',  ( -128.4178828621005835, 15.48641401289931885, 1.500000000000000444 ) ) ;
#7953 = DIRECTION ( 'NONE',  ( -0.000000000000000000, -0.000000000000000000, 1.000000000000000000 ) ) ;
#7954 = DIRECTION ( 'NONE',  ( -0.7071067811865462405, -0.7071067811865489050, 0.000000000000000000 ) ) ;
#7955 = VERTEX_POINT ( 'NONE', #8811 ) ;
#7956 = ORIENTED_EDGE ( 'NONE', *, *, #8172, .F. ) ;
#7957 = ORIENTED_EDGE ( 'NONE', *, *, #4037, .F. ) ;
#7958 = EDGE_CURVE ( 'NONE', #5691, #1168, #5526, .T. ) ;
#7959 = EDGE_CURVE ( 'NONE', #7152, #5807, #1378, .T. ) ;
#7960 = EDGE_CURVE ( 'NONE', #4976, #7617, #5575, .T. ) ;
#7961 = CARTESIAN_POINT ( 'NONE',  ( 9.582117137899414772, 22.78641401289931778, 0.5000000000000004441 ) ) ;
#7962 = CARTESIAN_POINT ( 'NONE',  ( -107.7999999999998693, 15.45793887701764291, 2.499999999999999112 ) ) ;
#7963 = ORIENTED_EDGE ( 'NONE', *, *, #273, .F. ) ;
#7964 = DIRECTION ( 'NONE',  ( -0.000000000000000000, -0.000000000000000000, 1.000000000000000000 ) ) ;
#7965 = LINE ( 'NONE', #8717, #6096 ) ;
#7966 = CARTESIAN_POINT ( 'NONE',  ( -135.6464466094066950, 23.05074348440672694, 0.5999999999999998668 ) ) ;
#7967 = VERTEX_POINT ( 'NONE', #6344 ) ;
#7968 = CARTESIAN_POINT ( 'NONE',  ( -83.06788286210057493, 15.48641401289931885, -2.999999999999999112 ) ) ;
#7969 = EDGE_LOOP ( 'NONE', ( #2840, #1756, #2459, #9927 ) ) ;
#7970 = VERTEX_POINT ( 'NONE', #2992 ) ;
#7971 = EDGE_CURVE ( 'NONE', #5089, #7742, #8755, .T. ) ;
#7972 = DIRECTION ( 'NONE',  ( -0.7071067811865462405, -0.7071067811865489050, 0.000000000000000000 ) ) ;
#7973 = EDGE_CURVE ( 'NONE', #6070, #9291, #6395, .T. ) ;
#7974 = CARTESIAN_POINT ( 'NONE',  ( 9.582117137899414772, 20.78641401289932134, 0.5000000000000004441 ) ) ;
#7975 = PLANE ( 'NONE',  #7374 ) ;
#7976 = DIRECTION ( 'NONE',  ( 1.000000000000000000, -1.734723475976806902E-18, -0.000000000000000000 ) ) ;
#7977 = ADVANCED_FACE ( 'NONE', ( #2243 ), #10310, .T. ) ;
#7978 = CARTESIAN_POINT ( 'NONE',  ( -137.7499999999999716, 20.85065487298235709, 2.500000000000000000 ) ) ;
#7979 = CARTESIAN_POINT ( 'NONE',  ( -137.7499999999999716, 25.65429687500000355, 0.4000000000000114575 ) ) ;
#7980 = CARTESIAN_POINT ( 'NONE',  ( -36.49635799798218727, 13.15429687499998934, 6.000000000000000000 ) ) ;
#7981 = ORIENTED_EDGE ( 'NONE', *, *, #5780, .F. ) ;
#7982 = ORIENTED_EDGE ( 'NONE', *, *, #1898, .T. ) ;
#7983 = VERTEX_POINT ( 'NONE', #512 ) ;
#7984 = DIRECTION ( 'NONE',  ( -1.000000000000000000, -0.000000000000000000, -0.000000000000000000 ) ) ;
#7985 = ADVANCED_FACE ( 'NONE', ( #1484 ), #9505, .F. ) ;
#7986 = CARTESIAN_POINT ( 'NONE',  ( -61.81788286210057493, 20.80448725967914925, 1.500000000000000444 ) ) ;
#7987 = CARTESIAN_POINT ( 'NONE',  ( -0.000000000000000000, 15.48641401289931885, 0.000000000000000000 ) ) ;
#7988 = DIRECTION ( 'NONE',  ( -1.000000000000000000, 0.000000000000000000, -0.000000000000000000 ) ) ;
#7989 = CARTESIAN_POINT ( 'NONE',  ( 39.00000000000000711, 20.85065487298235709, 1.500000000000000444 ) ) ;
#7990 = PLANE ( 'NONE',  #5499 ) ;
#7991 = DIRECTION ( 'NONE',  ( -0.7071067811865462405, -0.7071067811865489050, 0.000000000000000000 ) ) ;
#7992 = CARTESIAN_POINT ( 'NONE',  ( -53.01788286210057066, 20.78641401289932134, 0.5000000000000004441 ) ) ;
#7993 = ORIENTED_EDGE ( 'NONE', *, *, #4366, .F. ) ;
#7994 = APPROVAL_STATUS ( 'not_yet_approved' ) ;
#7995 = VECTOR ( 'NONE', #5379, 1000.000000000000000 ) ;
#7996 = VERTEX_POINT ( 'NONE', #2130 ) ;
#7997 = ADVANCED_FACE ( 'NONE', ( #6443 ), #9721, .T. ) ;
#7998 = ORIENTED_EDGE ( 'NONE', *, *, #5277, .T. ) ;
#7999 = VECTOR ( 'NONE', #902, 1000.000000000000000 ) ;
#8000 = VECTOR ( 'NONE', #4651, 1000.000000000000000 ) ;
#8001 = CARTESIAN_POINT ( 'NONE',  ( 30.18211713789942152, 15.48641401289931885, 1.500000000000000444 ) ) ;
#8002 = LINE ( 'NONE', #7949, #6469 ) ;
#8003 = DIRECTION ( 'NONE',  ( -1.000000000000000000, 0.000000000000000000, 0.000000000000000000 ) ) ;
#8004 = CARTESIAN_POINT ( 'NONE',  ( -13.47847513588154555, 13.13641401289931920, 6.000000000000000000 ) ) ;
#8005 = CARTESIAN_POINT ( 'NONE',  ( 138.0000000000000000, 0.000000000000000000, 0.5000000000000004441 ) ) ;
#8006 = VERTEX_POINT ( 'NONE', #1540 ) ;
#8007 = CARTESIAN_POINT ( 'NONE',  ( -6.382117137899268045, 16.07582173911838197, 1.500000000000000444 ) ) ;
#8008 = ORIENTED_EDGE ( 'NONE', *, *, #4715, .T. ) ;
#8009 = ORIENTED_EDGE ( 'NONE', *, *, #2308, .F. ) ;
#8010 = VECTOR ( 'NONE', #4437, 1000.000000000000114 ) ;
#8011 = VECTOR ( 'NONE', #732, 1000.000000000000000 ) ;
#8012 = EDGE_LOOP ( 'NONE', ( #10336, #127, #9083, #7402 ) ) ;
#8013 = CARTESIAN_POINT ( 'NONE',  ( -30.00000000000000000, 20.85065487298235709, 2.500000000000000000 ) ) ;
#8014 = DIRECTION ( 'NONE',  ( 2.478176394252582127E-16, -1.000000000000000000, 0.000000000000000000 ) ) ;
#8015 = ORIENTED_EDGE ( 'NONE', *, *, #1710, .F. ) ;
#8016 = VECTOR ( 'NONE', #4150, 1000.000000000000000 ) ;
#8017 = FACE_OUTER_BOUND ( 'NONE', #343, .T. ) ;
#8018 = PLANE ( 'NONE',  #1632 ) ;
#8019 = AXIS2_PLACEMENT_3D ( 'NONE', #10035, #2661, #8971 ) ;
#8020 = CARTESIAN_POINT ( 'NONE',  ( -82.47847513588156687, 23.17217973710065948, 1.500000000000000444 ) ) ;
#8021 = ORIENTED_EDGE ( 'NONE', *, *, #6337, .F. ) ;
#8022 = LINE ( 'NONE', #6141, #5108 ) ;
#8023 = ORIENTED_EDGE ( 'NONE', *, *, #1739, .T. ) ;
#8024 = EDGE_CURVE ( 'NONE', #5677, #8693, #4662, .T. ) ;
#8025 = ORIENTED_EDGE ( 'NONE', *, *, #3418, .F. ) ;
#8026 = EDGE_CURVE ( 'NONE', #9856, #4192, #567, .T. ) ;
#8027 = VECTOR ( 'NONE', #9051, 1000.000000000000000 ) ;
#8028 = DIRECTION ( 'NONE',  ( -0.7071067811865475727, 0.000000000000000000, 0.7071067811865475727 ) ) ;
#8029 = AXIS2_PLACEMENT_3D ( 'NONE', #2250, #5534, #4833 ) ;
#8030 = DIRECTION ( 'NONE',  ( -0.000000000000000000, -1.000000000000000000, -0.000000000000000000 ) ) ;
#8031 = LINE ( 'NONE', #650, #2727 ) ;
#8032 = DIRECTION ( 'NONE',  ( 0.000000000000000000, 0.000000000000000000, -1.000000000000000000 ) ) ;
#8033 = ADVANCED_FACE ( 'NONE', ( #7029 ), #2940, .F. ) ;
#8034 = LINE ( 'NONE', #544, #6681 ) ;
#8035 = LINE ( 'NONE', #2165, #9746 ) ;
#8036 = CARTESIAN_POINT ( 'NONE',  ( -137.3499999999999659, 25.65429687500000355, 0.4000000000000114575 ) ) ;
#8037 = ORIENTED_EDGE ( 'NONE', *, *, #10293, .F. ) ;
#8038 = AXIS2_PLACEMENT_3D ( 'NONE', #10112, #155, #3539 ) ;
#8039 = EDGE_CURVE ( 'NONE', #4560, #1219, #76, .T. ) ;
#8040 = EDGE_LOOP ( 'NONE', ( #9340, #3144, #9557, #7077, #3662 ) ) ;
#8041 = VECTOR ( 'NONE', #1187, 1000.000000000000000 ) ;
#8042 = EDGE_CURVE ( 'NONE', #1846, #2099, #6550, .T. ) ;
#8043 = VERTEX_POINT ( 'NONE', #4066 ) ;
#8044 = EDGE_CURVE ( 'NONE', #8258, #435, #4981, .T. ) ;
#8045 = VECTOR ( 'NONE', #1096, 1000.000000000000000 ) ;
#8046 = DIRECTION ( 'NONE',  ( 9.183830166936036979E-17, -1.000000000000000000, 0.000000000000000000 ) ) ;
#8047 = DIRECTION ( 'NONE',  ( 1.000000000000000000, -1.734723475976806902E-18, -0.000000000000000000 ) ) ;
#8048 = LINE ( 'NONE', #4814, #723 ) ;
#8049 = DIRECTION ( 'NONE',  ( 1.734723475976806902E-18, 1.000000000000000000, 0.000000000000000000 ) ) ;
#8050 = VECTOR ( 'NONE', #4788, 1000.000000000000114 ) ;
#8051 = LINE ( 'NONE', #9007, #8257 ) ;
#8052 = DIRECTION ( 'NONE',  ( -1.000000000000000000, -8.163404592832032733E-17, 0.000000000000000000 ) ) ;
#8053 = DIRECTION ( 'NONE',  ( -1.000000000000000000, 0.000000000000000000, -0.000000000000000000 ) ) ;
#8054 = ORIENTED_EDGE ( 'NONE', *, *, #8506, .F. ) ;
#8055 = APPROVAL_ROLE ( '' ) ;
#8056 = ADVANCED_FACE ( 'NONE', ( #3314 ), #4924, .F. ) ;
#8057 = ORIENTED_EDGE ( 'NONE', *, *, #8156, .T. ) ;
#8058 = AXIS2_PLACEMENT_3D ( 'NONE', #6034, #6896, #9322 ) ;
#8059 = AXIS2_PLACEMENT_3D ( 'NONE', #6930, #6881, #9192 ) ;
#8060 = LINE ( 'NONE', #6229, #1583 ) ;
#8061 = CARTESIAN_POINT ( 'NONE',  ( -37.06788286210058203, 20.78641401289932134, 0.000000000000000000 ) ) ;
#8062 = DIRECTION ( 'NONE',  ( 0.000000000000000000, -0.000000000000000000, 1.000000000000000000 ) ) ;
#8063 = DIRECTION ( 'NONE',  ( 0.000000000000000000, -1.000000000000000000, 0.000000000000000000 ) ) ;
#8064 = CARTESIAN_POINT ( 'NONE',  ( 16.00000000000001421, 15.45793887701764291, 2.499999999999999112 ) ) ;
#8065 = EDGE_CURVE ( 'NONE', #3428, #9010, #9982, .T. ) ;
#8066 = VERTEX_POINT ( 'NONE', #3262 ) ;
#8067 = CARTESIAN_POINT ( 'NONE',  ( -78.41788286210058345, 15.48641401289931885, 0.5000000000000004441 ) ) ;
#8068 = EDGE_LOOP ( 'NONE', ( #2361, #2513, #4399, #5331 ) ) ;
#8069 = EDGE_CURVE ( 'NONE', #9552, #2025, #2505, .T. ) ;
#8070 = VERTEX_POINT ( 'NONE', #9825 ) ;
#8071 = VERTEX_POINT ( 'NONE', #6599 ) ;
#8072 = VECTOR ( 'NONE', #476, 1000.000000000000000 ) ;
#8073 = LINE ( 'NONE', #4993, #8551 ) ;
#8074 = CARTESIAN_POINT ( 'NONE',  ( 13.58211713789941832, 13.48641401289931885, 0.5000000000000004441 ) ) ;
#8075 = DIRECTION ( 'NONE',  ( 0.000000000000000000, 0.000000000000000000, 1.000000000000000000 ) ) ;
#8076 = CARTESIAN_POINT ( 'NONE',  ( -124.3215248641183024, 23.17217973710065948, 1.500000000000000444 ) ) ;
#8077 = EDGE_CURVE ( 'NONE', #8043, #8181, #2454, .T. ) ;
#8078 = VECTOR ( 'NONE', #8426, 1000.000000000000000 ) ;
#8079 = CARTESIAN_POINT ( 'NONE',  ( -38.81788286210058203, 15.48641401289931885, 0.5000000000000004441 ) ) ;
#8080 = ORIENTED_EDGE ( 'NONE', *, *, #345, .F. ) ;
#8081 = CARTESIAN_POINT ( 'NONE',  ( -130.7500000000000000, 22.40429687500000355, 4.000000000000000000 ) ) ;
#8082 = ORIENTED_EDGE ( 'NONE', *, *, #1375, .T. ) ;
#8083 = ORIENTED_EDGE ( 'NONE', *, *, #4232, .F. ) ;
#8084 = VECTOR ( 'NONE', #5403, 1000.000000000000000 ) ;
#8085 = CARTESIAN_POINT ( 'NONE',  ( -137.7499999999999716, 15.45793887701764291, 3.999999999999999112 ) ) ;
#8086 = FACE_OUTER_BOUND ( 'NONE', #2663, .T. ) ;
#8087 = CARTESIAN_POINT ( 'NONE',  ( -82.47847513588153845, 13.13641401289931920, 1.500000000000000444 ) ) ;
#8088 = CARTESIAN_POINT ( 'NONE',  ( -137.7499999999999716, 22.40429687500000711, 6.000000000000000000 ) ) ;
#8089 = LINE ( 'NONE', #3182, #3079 ) ;
#8090 = DIRECTION ( 'NONE',  ( -8.163404592832032733E-17, 1.000000000000000000, 0.000000000000000000 ) ) ;
#8091 = PLANE ( 'NONE',  #1747 ) ;
#8092 = ORIENTED_EDGE ( 'NONE', *, *, #4366, .T. ) ;
#8093 = ORIENTED_EDGE ( 'NONE', *, *, #8077, .T. ) ;
#8094 = VERTEX_POINT ( 'NONE', #9016 ) ;
#8095 = VERTEX_POINT ( 'NONE', #8968 ) ;
#8096 = ADVANCED_FACE ( 'NONE', ( #9126 ), #10578, .F. ) ;
#8097 = ADVANCED_FACE ( 'NONE', ( #8158 ), #1639, .F. ) ;
#8098 = CARTESIAN_POINT ( 'NONE',  ( 39.25000000000000000, 13.15429687500000355, 4.000000000000000000 ) ) ;
#8099 = EDGE_CURVE ( 'NONE', #4934, #5777, #883, .T. ) ;
#8100 = DIRECTION ( 'NONE',  ( 0.7071067811865479058, -0.7071067811865470176, 0.000000000000000000 ) ) ;
#8101 = DIRECTION ( 'NONE',  ( 0.000000000000000000, 0.000000000000000000, 1.000000000000000000 ) ) ;
#8102 = CARTESIAN_POINT ( 'NONE',  ( -55.41788286210057635, 15.48641401289931885, 1.500000000000000444 ) ) ;
#8103 = LINE ( 'NONE', #1581, #9630 ) ;
#8104 = CARTESIAN_POINT ( 'NONE',  ( -105.4784751358815384, 13.13641401289931920, 1.500000000000000444 ) ) ;
#8105 = DIRECTION ( 'NONE',  ( 0.000000000000000000, -0.000000000000000000, -1.000000000000000000 ) ) ;
#8106 = ORIENTED_EDGE ( 'NONE', *, *, #484, .F. ) ;
#8107 = EDGE_CURVE ( 'NONE', #7859, #2764, #832, .T. ) ;
#8108 = COORDINATED_UNIVERSAL_TIME_OFFSET ( 5, 0, .BEHIND. ) ;
#8109 = ORIENTED_EDGE ( 'NONE', *, *, #2825, .F. ) ;
#8110 = VECTOR ( 'NONE', #4868, 1000.000000000000000 ) ;
#8111 = VERTEX_POINT ( 'NONE', #7406 ) ;
#8112 = VECTOR ( 'NONE', #4962, 1000.000000000000000 ) ;
#8113 = DIRECTION ( 'NONE',  ( -1.000000000000000000, -0.000000000000000000, -0.000000000000000000 ) ) ;
#8114 = DIRECTION ( 'NONE',  ( -0.000000000000000000, -0.000000000000000000, 1.000000000000000000 ) ) ;
#8115 = EDGE_CURVE ( 'NONE', #5907, #6031, #29, .T. ) ;
#8116 = FACE_OUTER_BOUND ( 'NONE', #5993, .T. ) ;
#8117 = LINE ( 'NONE', #3112, #958 ) ;
#8118 = CARTESIAN_POINT ( 'NONE',  ( -130.8178828621005891, 15.48641401289931885, 0.5000000000000004441 ) ) ;
#8119 = ORIENTED_EDGE ( 'NONE', *, *, #2847, .T. ) ;
#8120 = CARTESIAN_POINT ( 'NONE',  ( -13.49635799798221036, 13.15429687499999289, 4.000000000000000000 ) ) ;
#8121 = VERTEX_POINT ( 'NONE', #3366 ) ;
#8122 = ORIENTED_EDGE ( 'NONE', *, *, #3964, .F. ) ;
#8123 = VECTOR ( 'NONE', #7123, 1000.000000000000000 ) ;
#8124 = ORIENTED_EDGE ( 'NONE', *, *, #3742, .F. ) ;
#8125 = VECTOR ( 'NONE', #8149, 1000.000000000000000 ) ;
#8126 = LINE ( 'NONE', #8173, #8045 ) ;
#8127 = DIRECTION ( 'NONE',  ( 0.5773502691896122974, -0.5773502691896323924, -0.5773502691896323924 ) ) ;
#8128 = ADVANCED_FACE ( 'NONE', ( #3419 ), #9177, .F. ) ;
#8129 = LINE ( 'NONE', #1657, #8934 ) ;
#8130 = VECTOR ( 'NONE', #2404, 999.9999999999998863 ) ;
#8131 = PLANE ( 'NONE',  #7648 ) ;
#8132 = CARTESIAN_POINT ( 'NONE',  ( -59.41788286210059056, 13.48641401289931885, 0.5000000000000004441 ) ) ;
#8133 = ORIENTED_EDGE ( 'NONE', *, *, #10331, .F. ) ;
#8134 = DIRECTION ( 'NONE',  ( 0.000000000000000000, 1.000000000000000000, 0.000000000000000000 ) ) ;
#8135 = ORIENTED_EDGE ( 'NONE', *, *, #469, .T. ) ;
#8136 = EDGE_LOOP ( 'NONE', ( #7240, #8843, #5013, #7591, #3479, #10614, #9819, #5820 ) ) ;
#8137 = EDGE_CURVE ( 'NONE', #9422, #8445, #134, .T. ) ;
#8138 = CARTESIAN_POINT ( 'NONE',  ( -128.4178828621005835, 13.48641401289931885, 0.5000000000000004441 ) ) ;
#8139 = DIRECTION ( 'NONE',  ( -0.7071067811865462405, -0.7071067811865489050, 0.000000000000000000 ) ) ;
#8140 = DIRECTION ( 'NONE',  ( -0.000000000000000000, -0.000000000000000000, 1.000000000000000000 ) ) ;
#8141 = ORIENTED_EDGE ( 'NONE', *, *, #7079, .T. ) ;
#8142 = CARTESIAN_POINT ( 'NONE',  ( -123.7678828621005778, 20.78641401289932134, 0.5000000000000004441 ) ) ;
#8143 = CARTESIAN_POINT ( 'NONE',  ( -62.41788286210059056, 20.23277201088161448, 1.500000000000000444 ) ) ;
#8144 = EDGE_LOOP ( 'NONE', ( #4335, #2584, #9573, #6252 ) ) ;
#8145 = ORIENTED_EDGE ( 'NONE', *, *, #8883, .F. ) ;
#8146 = EDGE_LOOP ( 'NONE', ( #7801, #4810, #7689, #4856 ) ) ;
#8147 = CARTESIAN_POINT ( 'NONE',  ( 14.23211713789943111, 15.50448725967913610, 0.5000000000000004441 ) ) ;
#8148 = CARTESIAN_POINT ( 'NONE',  ( -53.01788286210057066, 20.78641401289932134, 1.500000000000000444 ) ) ;
#8149 = DIRECTION ( 'NONE',  ( -0.000000000000000000, -0.000000000000000000, 1.000000000000000000 ) ) ;
#8150 = LINE ( 'NONE', #1738, #9202 ) ;
#8151 = LINE ( 'NONE', #1530, #5841 ) ;
#8152 = LINE ( 'NONE', #9817, #2684 ) ;
#8153 = DIRECTION ( 'NONE',  ( 0.7071067811865466846, 0.7071067811865483499, 0.000000000000000000 ) ) ;
#8154 = ORIENTED_EDGE ( 'NONE', *, *, #6713, .T. ) ;
#8155 = ORIENTED_EDGE ( 'NONE', *, *, #3830, .T. ) ;
#8156 = EDGE_CURVE ( 'NONE', #9923, #6453, #6707, .T. ) ;
#8157 = VERTEX_POINT ( 'NONE', #4015 ) ;
#8158 = FACE_OUTER_BOUND ( 'NONE', #2829, .T. ) ;
#8159 = LINE ( 'NONE', #1640, #4565 ) ;
#8160 = CARTESIAN_POINT ( 'NONE',  ( 39.25000000000000000, 22.40429687500000355, 1.000000000000000000 ) ) ;
#8161 = DIRECTION ( 'NONE',  ( 0.000000000000000000, -1.000000000000000000, 0.000000000000000000 ) ) ;
#8162 = FACE_OUTER_BOUND ( 'NONE', #4277, .T. ) ;
#8163 = ORIENTED_EDGE ( 'NONE', *, *, #8354, .T. ) ;
#8164 = EDGE_CURVE ( 'NONE', #7452, #5711, #9775, .T. ) ;
#8165 = CARTESIAN_POINT ( 'NONE',  ( 0.000000000000000000, 0.000000000000000000, 4.000000000000000000 ) ) ;
#8166 = ORIENTED_EDGE ( 'NONE', *, *, #8641, .F. ) ;
#8167 = VERTEX_POINT ( 'NONE', #1903 ) ;
#8168 = VERTEX_POINT ( 'NONE', #6806 ) ;
#8169 = ADVANCED_FACE ( 'NONE', ( #6911 ), #5939, .F. ) ;
#8170 = VECTOR ( 'NONE', #6303, 999.9999999999998863 ) ;
#8171 = AXIS2_PLACEMENT_3D ( 'NONE', #666, #3958, #9711 ) ;
#8172 = EDGE_CURVE ( 'NONE', #1630, #2885, #4327, .T. ) ;
#8173 = CARTESIAN_POINT ( 'NONE',  ( -100.7678828621005920, 20.78641401289932134, 1.500000000000000444 ) ) ;
#8174 = DIRECTION ( 'NONE',  ( -0.000000000000000000, -0.000000000000000000, 1.000000000000000000 ) ) ;
#8175 = CARTESIAN_POINT ( 'NONE',  ( 46.02765300074574384, 10.83194987574575308, 4.926413717694833494 ) ) ;
#8176 = DIRECTION ( 'NONE',  ( -1.000000000000000000, 0.000000000000000000, -0.000000000000000000 ) ) ;
#8177 = DIRECTION ( 'NONE',  ( -0.000000000000000000, -0.000000000000000000, 1.000000000000000000 ) ) ;
#8178 = VECTOR ( 'NONE', #10370, 1000.000000000000000 ) ;
#8179 = ORIENTED_EDGE ( 'NONE', *, *, #3746, .F. ) ;
#8180 = LINE ( 'NONE', #6568, #8725 ) ;
#8181 = VERTEX_POINT ( 'NONE', #10087 ) ;
#8182 = VECTOR ( 'NONE', #8732, 1000.000000000000000 ) ;
#8183 = ORIENTED_EDGE ( 'NONE', *, *, #6467, .T. ) ;
#8184 = EDGE_CURVE ( 'NONE', #4183, #9263, #10191, .T. ) ;
#8185 = VECTOR ( 'NONE', #1697, 1000.000000000000000 ) ;
#8186 = VECTOR ( 'NONE', #777, 1000.000000000000000 ) ;
#8187 = DIRECTION ( 'NONE',  ( -0.000000000000000000, -0.000000000000000000, 1.000000000000000000 ) ) ;
#8188 = CARTESIAN_POINT ( 'NONE',  ( -55.32152486411830239, 23.17217973710065948, 1.500000000000000444 ) ) ;
#8189 = DIRECTION ( 'NONE',  ( 0.000000000000000000, 0.000000000000000000, -1.000000000000000000 ) ) ;
#8190 = CARTESIAN_POINT ( 'NONE',  ( -13.41788286210060477, 22.78641401289931778, 1.500000000000000444 ) ) ;
#8191 = ORIENTED_EDGE ( 'NONE', *, *, #5334, .F. ) ;
#8192 = CARTESIAN_POINT ( 'NONE',  ( 9.521524864118447340, 23.17217973710065948, 1.500000000000000444 ) ) ;
#8193 = CARTESIAN_POINT ( 'NONE',  ( -106.0678828621005891, 20.80448725967914925, 0.5000000000000004441 ) ) ;
#8194 = ORIENTED_EDGE ( 'NONE', *, *, #4949, .F. ) ;
#8195 = ADVANCED_FACE ( 'NONE', ( #1954 ), #4280, .F. ) ;
#8196 = ORIENTED_EDGE ( 'NONE', *, *, #9762, .F. ) ;
#8197 = VECTOR ( 'NONE', #1854, 1000.000000000000000 ) ;
#8198 = EDGE_CURVE ( 'NONE', #8406, #1091, #5238, .T. ) ;
#8199 = ORIENTED_EDGE ( 'NONE', *, *, #1131, .T. ) ;
#8200 = LINE ( 'NONE', #4267, #5962 ) ;
#8201 = EDGE_CURVE ( 'NONE', #8352, #3269, #3576, .T. ) ;
#8202 = DIRECTION ( 'NONE',  ( 0.000000000000000000, -0.000000000000000000, 1.000000000000000000 ) ) ;
#8203 = LINE ( 'NONE', #9814, #7947 ) ;
#8204 = VECTOR ( 'NONE', #3451, 1000.000000000000000 ) ;
#8205 = CARTESIAN_POINT ( 'NONE',  ( -123.7678828621005778, 15.50448725967913610, 0.5000000000000004441 ) ) ;
#8206 = DIRECTION ( 'NONE',  ( -0.000000000000000000, -0.000000000000000000, 1.000000000000000000 ) ) ;
#8207 = CARTESIAN_POINT ( 'NONE',  ( 32.58211713789940944, 22.78641401289931778, 0.5000000000000004441 ) ) ;
#8208 = CARTESIAN_POINT ( 'NONE',  ( -130.7500000000000000, 15.48641401289931885, -2.999999999999999112 ) ) ;
#8209 = VERTEX_POINT ( 'NONE', #9334 ) ;
#8210 = AXIS2_PLACEMENT_3D ( 'NONE', #7922, #3833, #1351 ) ;
#8211 = VERTEX_POINT ( 'NONE', #6862 ) ;
#8212 = ORIENTED_EDGE ( 'NONE', *, *, #5659, .F. ) ;
#8213 = VECTOR ( 'NONE', #7260, 1000.000000000000000 ) ;
#8214 = CC_DESIGN_APPROVAL ( #8420, ( #4417 ) ) ;
#8215 = AXIS2_PLACEMENT_3D ( 'NONE', #2160, #592, #9530 ) ;
#8216 = ADVANCED_FACE ( 'NONE', ( #6050 ), #5350, .F. ) ;
#8217 = DIRECTION ( 'NONE',  ( 0.000000000000000000, 0.000000000000000000, -1.000000000000000000 ) ) ;
#8218 = LINE ( 'NONE', #9127, #8871 ) ;
#8219 = AXIS2_PLACEMENT_3D ( 'NONE', #7747, #361, #6937 ) ;
#8220 = LINE ( 'NONE', #7408, #2054 ) ;
#8221 = CARTESIAN_POINT ( 'NONE',  ( -130.7500000000000000, 20.90065487298221214, 4.000000000000000000 ) ) ;
#8222 = CARTESIAN_POINT ( 'NONE',  ( -82.41788286210059766, 20.78641401289932134, 1.500000000000000444 ) ) ;
#8223 = EDGE_LOOP ( 'NONE', ( #4231, #9417, #3600, #8124 ) ) ;
#8224 = DIRECTION ( 'NONE',  ( 0.000000000000000000, 1.000000000000000000, 0.000000000000000000 ) ) ;
#8225 = ADVANCED_FACE ( 'NONE', ( #4436 ), #5189, .F. ) ;
#8226 = AXIS2_PLACEMENT_3D ( 'NONE', #8138, #5866, #750 ) ;
#8227 = VERTEX_POINT ( 'NONE', #6166 ) ;
#8228 = ORIENTED_EDGE ( 'NONE', *, *, #9967, .F. ) ;
#8229 = VECTOR ( 'NONE', #2998, 1000.000000000000000 ) ;
#8230 = ORIENTED_EDGE ( 'NONE', *, *, #10252, .T. ) ;
#8231 = EDGE_CURVE ( 'NONE', #1887, #10534, #989, .T. ) ;
#8232 = DIRECTION ( 'NONE',  ( 0.000000000000000000, 0.000000000000000000, 1.000000000000000000 ) ) ;
#8233 = EDGE_CURVE ( 'NONE', #5398, #5711, #3517, .T. ) ;
#8234 = DIRECTION ( 'NONE',  ( 0.7071067811865475727, -0.7071067811865475727, 0.000000000000000000 ) ) ;
#8235 = EDGE_CURVE ( 'NONE', #2436, #358, #2717, .T. ) ;
#8236 = DIRECTION ( 'NONE',  ( 1.000000000000000000, 2.478176394252582127E-16, 0.000000000000000000 ) ) ;
#8237 = CARTESIAN_POINT ( 'NONE',  ( -98.38211713789927160, 20.23277201088161803, 1.500000000000000444 ) ) ;
#8238 = CARTESIAN_POINT ( 'NONE',  ( -60.06788286210057493, 0.000000000000000000, 0.000000000000000000 ) ) ;
#8239 = LINE ( 'NONE', #4191, #4789 ) ;
#8240 = ORIENTED_EDGE ( 'NONE', *, *, #9539, .F. ) ;
#8241 = CARTESIAN_POINT ( 'NONE',  ( 30.18211713789942152, 15.48641401289931885, 0.5000000000000004441 ) ) ;
#8242 = VERTEX_POINT ( 'NONE', #9281 ) ;
#8243 = VECTOR ( 'NONE', #5, 1000.000000000000000 ) ;
#8244 = EDGE_CURVE ( 'NONE', #4585, #1152, #2015, .T. ) ;
#8245 = EDGE_LOOP ( 'NONE', ( #2472, #7602, #7331, #9760 ) ) ;
#8246 = CARTESIAN_POINT ( 'NONE',  ( -130.8178828621005891, 15.48641401289931885, 0.5000000000000004441 ) ) ;
#8247 = LINE ( 'NONE', #9906, #5290 ) ;
#8248 = AXIS2_PLACEMENT_3D ( 'NONE', #3859, #5528, #7031 ) ;
#8249 = CARTESIAN_POINT ( 'NONE',  ( -14.06788286210058914, 20.78641401289932134, 1.500000000000000444 ) ) ;
#8250 = DIRECTION ( 'NONE',  ( -0.000000000000000000, -0.000000000000000000, 1.000000000000000000 ) ) ;
#8251 = EDGE_CURVE ( 'NONE', #7983, #2640, #1084, .T. ) ;
#8252 = ORIENTED_EDGE ( 'NONE', *, *, #5724, .F. ) ;
#8253 = CARTESIAN_POINT ( 'NONE',  ( 23.00000000000000000, 0.000000000000000000, 1.500000000000000444 ) ) ;
#8254 = DIRECTION ( 'NONE',  ( 0.000000000000000000, 0.000000000000000000, 1.000000000000000000 ) ) ;
#8255 = ORIENTED_EDGE ( 'NONE', *, *, #2887, .T. ) ;
#8256 = ORIENTED_EDGE ( 'NONE', *, *, #587, .T. ) ;
#8257 = VECTOR ( 'NONE', #5674, 1000.000000000000000 ) ;
#8258 = VERTEX_POINT ( 'NONE', #1201 ) ;
#8259 = CARTESIAN_POINT ( 'NONE',  ( -137.7499999999999716, 25.25429687499999076, 6.000000000000000000 ) ) ;
#8260 = DIRECTION ( 'NONE',  ( -0.000000000000000000, 0.000000000000000000, 1.000000000000000000 ) ) ;
#8261 = LINE ( 'NONE', #872, #8462 ) ;
#8262 = DIRECTION ( 'NONE',  ( 1.000000000000000000, 9.183830166936036979E-17, -0.000000000000000000 ) ) ;
#8263 = EDGE_CURVE ( 'NONE', #2644, #705, #7775, .T. ) ;
#8264 = CARTESIAN_POINT ( 'NONE',  ( -59.41788286210059056, 22.78641401289931778, 1.500000000000000444 ) ) ;
#8265 = CARTESIAN_POINT ( 'NONE',  ( -32.32152486411832371, 13.13641401289931920, 4.000000000000000000 ) ) ;
#8266 = CARTESIAN_POINT ( 'NONE',  ( 9.503642002017784307, 23.15429687499999645, 6.000000000000000000 ) ) ;
#8267 = ORIENTED_EDGE ( 'NONE', *, *, #6987, .F. ) ;
#8268 = ORIENTED_EDGE ( 'NONE', *, *, #5265, .F. ) ;
#8269 = ORIENTED_EDGE ( 'NONE', *, *, #7959, .F. ) ;
#8270 = EDGE_CURVE ( 'NONE', #7294, #7955, #6755, .T. ) ;
#8271 = DIRECTION ( 'NONE',  ( 1.000000000000000000, 0.000000000000000000, 0.000000000000000000 ) ) ;
#8272 = LINE ( 'NONE', #5085, #10070 ) ;
#8273 = LINE ( 'NONE', #886, #9104 ) ;
#8274 = DIRECTION ( 'NONE',  ( 0.000000000000000000, 1.000000000000000000, 0.000000000000000000 ) ) ;
#8275 = CARTESIAN_POINT ( 'NONE',  ( -124.4178828621005835, 20.78641401289932134, 0.5000000000000004441 ) ) ;
#8276 = ORIENTED_EDGE ( 'NONE', *, *, #6968, .T. ) ;
#8277 = CARTESIAN_POINT ( 'NONE',  ( 37.23211713789942223, 20.78641401289932134, -2.999999999999999112 ) ) ;
#8278 = ORIENTED_EDGE ( 'NONE', *, *, #7762, .T. ) ;
#8279 = ORIENTED_EDGE ( 'NONE', *, *, #8495, .T. ) ;
#8280 = ORIENTED_EDGE ( 'NONE', *, *, #2695, .F. ) ;
#8281 = AXIS2_PLACEMENT_3D ( 'NONE', #4479, #8626, #9537 ) ;
#8282 = DIRECTION ( 'NONE',  ( -0.000000000000000000, 1.000000000000000000, -0.000000000000000000 ) ) ;
#8283 = CARTESIAN_POINT ( 'NONE',  ( 39.25000000000000000, 23.15429687500000000, 4.000000000000000000 ) ) ;
#8284 = DIRECTION ( 'NONE',  ( -6.938893903907234689E-15, 1.000000000000000000, 0.000000000000000000 ) ) ;
#8285 = DIRECTION ( 'NONE',  ( -0.000000000000000000, -0.000000000000000000, 1.000000000000000000 ) ) ;
#8286 = PLANE ( 'NONE',  #8357 ) ;
#8287 = DIRECTION ( 'NONE',  ( 0.7071067811865479058, -0.7071067811865470176, 0.000000000000000000 ) ) ;
#8288 = CARTESIAN_POINT ( 'NONE',  ( -101.4178828621005692, 20.78641401289932134, 0.5000000000000004441 ) ) ;
#8289 = ORIENTED_EDGE ( 'NONE', *, *, #10215, .T. ) ;
#8290 = DIRECTION ( 'NONE',  ( -0.7071067811865462405, -0.7071067811865489050, -1.137307002876262525E-16 ) ) ;
#8292 = VERTEX_POINT ( 'NONE', #2069 ) ;
#8291 = AXIS2_PLACEMENT_3D ( 'NONE', #7773, #4237, #387 ) ;
#8293 = ORIENTED_EDGE ( 'NONE', *, *, #7145, .F. ) ;
#8294 = EDGE_CURVE ( 'NONE', #7687, #8329, #1308, .T. ) ;
#8295 = EDGE_CURVE ( 'NONE', #9173, #9598, #8850, .T. ) ;
#8296 = EDGE_CURVE ( 'NONE', #5341, #7859, #2930, .T. ) ;
#8297 = VECTOR ( 'NONE', #7394, 1000.000000000000000 ) ;
#8298 = DIRECTION ( 'NONE',  ( -1.000000000000000000, 0.000000000000000000, 0.000000000000000000 ) ) ;
#8299 = CARTESIAN_POINT ( 'NONE',  ( -29.38211713789926094, 16.07582173911838197, 2.499999999999999112 ) ) ;
#8300 = VECTOR ( 'NONE', #3615, 1000.000000000000000 ) ;
#8301 = LINE ( 'NONE', #7382, #6355 ) ;
#8302 = LINE ( 'NONE', #111, #8016 ) ;
#8303 = ORIENTED_EDGE ( 'NONE', *, *, #2754, .F. ) ;
#8304 = CARTESIAN_POINT ( 'NONE',  ( -32.32152486411830949, 23.17217973710065948, 1.500000000000000444 ) ) ;
#8305 = CARTESIAN_POINT ( 'NONE',  ( -59.41788286210059056, 20.78641401289932134, 0.5000000000000004441 ) ) ;
#8306 = ORIENTED_EDGE ( 'NONE', *, *, #2639, .T. ) ;
#8307 = ORIENTED_EDGE ( 'NONE', *, *, #2622, .F. ) ;
#8308 = ORIENTED_EDGE ( 'NONE', *, *, #844, .T. ) ;
#8309 = EDGE_CURVE ( 'NONE', #3527, #9159, #5401, .T. ) ;
#8310 = DIRECTION ( 'NONE',  ( -0.000000000000000000, -0.000000000000000000, 1.000000000000000000 ) ) ;
#8311 = CARTESIAN_POINT ( 'NONE',  ( -105.4784751358815669, 23.17217973710065948, 1.500000000000000444 ) ) ;
#8312 = ADVANCED_FACE ( 'NONE', ( #7822 ), #10356, .F. ) ;
#8313 = DIRECTION ( 'NONE',  ( -0.000000000000000000, -0.000000000000000000, 1.000000000000000000 ) ) ;
#8314 = LINE ( 'NONE', #9765, #945 ) ;
#8315 = DIRECTION ( 'NONE',  ( 1.000000000000000000, -6.938893903907228378E-15, 0.000000000000000000 ) ) ;
#8316 = DIRECTION ( 'NONE',  ( 1.000000000000000000, 0.000000000000000000, -0.000000000000000000 ) ) ;
#8317 = ORIENTED_EDGE ( 'NONE', *, *, #4602, .T. ) ;
#8318 = ORIENTED_EDGE ( 'NONE', *, *, #2794, .T. ) ;
#8319 = ORIENTED_EDGE ( 'NONE', *, *, #9798, .T. ) ;
#8320 = EDGE_CURVE ( 'NONE', #4401, #6057, #7182, .T. ) ;
#8321 = DIRECTION ( 'NONE',  ( -0.7071067811865471286, -0.7071067811865480168, 0.000000000000000000 ) ) ;
#8322 = DIRECTION ( 'NONE',  ( -0.000000000000000000, 1.000000000000000000, 0.000000000000000000 ) ) ;
#8323 = DIRECTION ( 'NONE',  ( 0.7071067811865474617, 0.7071067811865474617, 0.000000000000000000 ) ) ;
#8324 = PLANE ( 'NONE',  #10082 ) ;
#8325 = LINE ( 'NONE', #81, #9886 ) ;
#8326 = ORIENTED_EDGE ( 'NONE', *, *, #2449, .T. ) ;
#8327 = ORIENTED_EDGE ( 'NONE', *, *, #10257, .T. ) ;
#8328 = EDGE_CURVE ( 'NONE', #10583, #2803, #3148, .T. ) ;
#8329 = VERTEX_POINT ( 'NONE', #556 ) ;
#8330 = ORIENTED_EDGE ( 'NONE', *, *, #7168, .F. ) ;
#8331 = LINE ( 'NONE', #1200, #1047 ) ;
#8332 = DIRECTION ( 'NONE',  ( -0.000000000000000000, 1.000000000000000000, 0.000000000000000000 ) ) ;
#8333 = DIRECTION ( 'NONE',  ( -0.000000000000000000, -0.000000000000000000, 1.000000000000000000 ) ) ;
#8334 = LINE ( 'NONE', #949, #162 ) ;
#8335 = CARTESIAN_POINT ( 'NONE',  ( 16.00000000000001421, 15.45793887701764291, 4.000000000000000000 ) ) ;
#8336 = DIRECTION ( 'NONE',  ( -0.000000000000000000, -0.000000000000000000, 1.000000000000000000 ) ) ;
#8337 = CARTESIAN_POINT ( 'NONE',  ( -82.41788286210059766, 20.78641401289932134, 0.5000000000000004441 ) ) ;
#8338 = ORIENTED_EDGE ( 'NONE', *, *, #1184, .F. ) ;
#8339 = ORIENTED_EDGE ( 'NONE', *, *, #8691, .F. ) ;
#8340 = VERTEX_POINT ( 'NONE', #9495 ) ;
#8341 = AXIS2_PLACEMENT_3D ( 'NONE', #8933, #1555, #4842 ) ;
#8342 = DIRECTION ( 'NONE',  ( -0.000000000000000000, -0.000000000000000000, 1.000000000000000000 ) ) ;
#8343 = DIRECTION ( 'NONE',  ( 0.7071067811865474617, 0.7071067811865474617, 1.137307002876260553E-16 ) ) ;
#8344 = VECTOR ( 'NONE', #505, 1000.000000000000000 ) ;
#8345 = DIRECTION ( 'NONE',  ( 0.000000000000000000, -1.000000000000000000, 0.000000000000000000 ) ) ;
#8346 = CARTESIAN_POINT ( 'NONE',  ( -82.41788286210059766, 20.78641401289932134, 0.5000000000000004441 ) ) ;
#8347 = VECTOR ( 'NONE', #2810, 1000.000000000000000 ) ;
#8348 = EDGE_CURVE ( 'NONE', #4552, #8095, #6330, .T. ) ;
#8349 = ORIENTED_EDGE ( 'NONE', *, *, #3923, .T. ) ;
#8350 = DIRECTION ( 'NONE',  ( -0.000000000000000000, -0.000000000000000000, 1.000000000000000000 ) ) ;
#8351 = DIRECTION ( 'NONE',  ( 0.000000000000000000, 1.000000000000000000, 0.000000000000000000 ) ) ;
#8352 = VERTEX_POINT ( 'NONE', #2177 ) ;
#8353 = ORIENTED_EDGE ( 'NONE', *, *, #4574, .T. ) ;
#8354 = EDGE_CURVE ( 'NONE', #6955, #9302, #7936, .T. ) ;
#8355 = ORIENTED_EDGE ( 'NONE', *, *, #4186, .T. ) ;
#8356 = VECTOR ( 'NONE', #1955, 1000.000000000000000 ) ;
#8357 = AXIS2_PLACEMENT_3D ( 'NONE', #3136, #901, #4189 ) ;
#8358 = LINE ( 'NONE', #15, #5796 ) ;
#8359 = EDGE_CURVE ( 'NONE', #7559, #6495, #6135, .T. ) ;
#8360 = CARTESIAN_POINT ( 'NONE',  ( 39.25000000000000000, 22.40429687500000355, 4.000000000000000000 ) ) ;
#8361 = DIRECTION ( 'NONE',  ( -6.938893903907234689E-15, 1.000000000000000000, 0.000000000000000000 ) ) ;
#8362 = DIRECTION ( 'NONE',  ( -0.7071067811865483499, 0.7071067811865466846, 0.000000000000000000 ) ) ;
#8363 = EDGE_CURVE ( 'NONE', #3188, #6041, #6269, .T. ) ;
#8364 = PLANE ( 'NONE',  #7503 ) ;
#8365 = LINE ( 'NONE', #928, #9657 ) ;
#8366 = VERTEX_POINT ( 'NONE', #8634 ) ;
#8367 = VECTOR ( 'NONE', #2720, 1000.000000000000000 ) ;
#8368 = ORIENTED_EDGE ( 'NONE', *, *, #2695, .T. ) ;
#8369 = ADVANCED_FACE ( 'NONE', ( #7018 ), #7125, .F. ) ;
#8370 = EDGE_LOOP ( 'NONE', ( #8494, #6596, #218, #10562, #8672, #9848 ) ) ;
#8371 = VECTOR ( 'NONE', #6796, 1000.000000000000000 ) ;
#8372 = CARTESIAN_POINT ( 'NONE',  ( -142.6166666666666458, 15.92096354166667993, 5.266666666666673713 ) ) ;
#8373 = CARTESIAN_POINT ( 'NONE',  ( 7.200000000000150280, 15.45793887701764291, 3.999999999999999112 ) ) ;
#8374 = AXIS2_PLACEMENT_3D ( 'NONE', #6267, #3145, #4590 ) ;
#8375 = CARTESIAN_POINT ( 'NONE',  ( -83.06788286210057493, 15.48641401289931885, 1.500000000000000444 ) ) ;
#8376 = FACE_BOUND ( 'NONE', #4337, .T. ) ;
#8377 = CARTESIAN_POINT ( 'NONE',  ( -124.4178828621005977, 13.48641401289931885, 0.5000000000000004441 ) ) ;
#8378 = EDGE_LOOP ( 'NONE', ( #1830, #6998, #10374, #2211 ) ) ;
#8379 = EDGE_CURVE ( 'NONE', #9632, #705, #4705, .T. ) ;
#8380 = ORIENTED_EDGE ( 'NONE', *, *, #5021, .T. ) ;
#8381 = VECTOR ( 'NONE', #8881, 1000.000000000000000 ) ;
#8382 = ORIENTED_EDGE ( 'NONE', *, *, #4726, .T. ) ;
#8383 = EDGE_LOOP ( 'NONE', ( #3764, #3542, #7403, #5495, #1124 ) ) ;
#8384 = AXIS2_PLACEMENT_3D ( 'NONE', #1128, #9215, #7708 ) ;
#8385 = DIRECTION ( 'NONE',  ( 1.000000000000000000, 0.000000000000000000, 0.000000000000000000 ) ) ;
#8386 = CARTESIAN_POINT ( 'NONE',  ( 36.58211713789942365, 20.78641401289932134, 0.5000000000000004441 ) ) ;
#8387 = DIRECTION ( 'NONE',  ( -0.000000000000000000, -0.000000000000000000, 1.000000000000000000 ) ) ;
#8388 = LINE ( 'NONE', #6769, #3365 ) ;
#8389 = CARTESIAN_POINT ( 'NONE',  ( -36.41788286210059766, 22.78641401289931778, 1.500000000000000444 ) ) ;
#8390 = VECTOR ( 'NONE', #6732, 1000.000000000000000 ) ;
#8391 = EDGE_CURVE ( 'NONE', #2571, #2803, #8683, .T. ) ;
#8392 = LINE ( 'NONE', #9299, #2008 ) ;
#8393 = ORIENTED_EDGE ( 'NONE', *, *, #4821, .T. ) ;
#8394 = DIRECTION ( 'NONE',  ( 1.000000000000000000, 0.000000000000000000, 0.000000000000000000 ) ) ;
#8395 = VERTEX_POINT ( 'NONE', #5460 ) ;
#8396 = EDGE_LOOP ( 'NONE', ( #1620, #5234, #673, #7188 ) ) ;
#8397 = VECTOR ( 'NONE', #2588, 1000.000000000000114 ) ;
#8398 = ADVANCED_FACE ( 'NONE', ( #9607 ), #8742, .F. ) ;
#8399 = DIRECTION ( 'NONE',  ( 1.000000000000000000, 0.000000000000000000, 0.000000000000000000 ) ) ;
#8400 = DIRECTION ( 'NONE',  ( 0.000000000000000000, -0.000000000000000000, 1.000000000000000000 ) ) ;
#8401 = CARTESIAN_POINT ( 'NONE',  ( -55.32152486411830239, 23.17217973710065948, 6.000000000000000000 ) ) ;
#8402 = CARTESIAN_POINT ( 'NONE',  ( -38.81788286210058203, 15.48641401289931885, 1.500000000000000444 ) ) ;
#8403 = ORIENTED_EDGE ( 'NONE', *, *, #3555, .F. ) ;
#8404 = LINE ( 'NONE', #5220, #451 ) ;
#8405 = CARTESIAN_POINT ( 'NONE',  ( -8.767882862100590202, 20.78641401289932134, 0.5000000000000004441 ) ) ;
#8406 = VERTEX_POINT ( 'NONE', #3097 ) ;
#8407 = ORIENTED_EDGE ( 'NONE', *, *, #2825, .T. ) ;
#8408 = VECTOR ( 'NONE', #6793, 1000.000000000000000 ) ;
#8409 = CARTESIAN_POINT ( 'NONE',  ( -55.32152486411831660, 13.13641401289931920, 1.500000000000000444 ) ) ;
#8410 = CARTESIAN_POINT ( 'NONE',  ( -121.3821171378992574, 20.23277201088161803, 1.500000000000000444 ) ) ;
#8411 = LINE ( 'NONE', #122, #5547 ) ;
#8412 = PLANE ( 'NONE',  #2333 ) ;
#8413 = CARTESIAN_POINT ( 'NONE',  ( -82.47847513588156687, 23.17217973710065948, 6.000000000000000000 ) ) ;
#8414 = DIRECTION ( 'NONE',  ( -0.000000000000000000, -0.000000000000000000, 1.000000000000000000 ) ) ;
#8415 = EDGE_LOOP ( 'NONE', ( #3619, #2539, #9728, #4618 ) ) ;
#8416 = VECTOR ( 'NONE', #7896, 1000.000000000000000 ) ;
#8417 = ORIENTED_EDGE ( 'NONE', *, *, #6455, .T. ) ;
#8418 = ADVANCED_FACE ( 'NONE', ( #9661 ), #2286, .T. ) ;
#8419 = VERTEX_POINT ( 'NONE', #10567 ) ;
#8420 = APPROVAL ( #4657, 'UNSPECIFIED' ) ;
#8421 = EDGE_CURVE ( 'NONE', #7371, #4481, #5833, .T. ) ;
#8422 = AXIS2_PLACEMENT_3D ( 'NONE', #4517, #9312, #5166 ) ;
#8423 = EDGE_CURVE ( 'NONE', #3243, #1848, #5672, .T. ) ;
#8424 = DIRECTION ( 'NONE',  ( 1.000000000000000000, 0.000000000000000000, 0.000000000000000000 ) ) ;
#8425 = LINE ( 'NONE', #5893, #786 ) ;
#8426 = DIRECTION ( 'NONE',  ( 1.000000000000000000, 0.000000000000000000, 0.000000000000000000 ) ) ;
#8427 = CARTESIAN_POINT ( 'NONE',  ( -76.00000000000000000, 20.85065487298235709, 4.000000000000000000 ) ) ;
#8428 = CARTESIAN_POINT ( 'NONE',  ( 14.23211713789943111, 20.78641401289932134, 0.5000000000000004441 ) ) ;
#8429 = EDGE_LOOP ( 'NONE', ( #7107, #685, #10630, #4532, #3952, #10254, #4445, #9912 ) ) ;
#8430 = ORIENTED_EDGE ( 'NONE', *, *, #5734, .F. ) ;
#8431 = VERTEX_POINT ( 'NONE', #8102 ) ;
#8432 = EDGE_LOOP ( 'NONE', ( #683, #7502, #2904, #1978 ) ) ;
#8433 = ADVANCED_FACE ( 'NONE', ( #2394 ), #2442, .F. ) ;
#8434 = CARTESIAN_POINT ( 'NONE',  ( 8.932117137899432180, 20.80448725967914925, 0.5000000000000004441 ) ) ;
#8435 = DIRECTION ( 'NONE',  ( 0.000000000000000000, -1.000000000000000000, 0.000000000000000000 ) ) ;
#8436 = CARTESIAN_POINT ( 'NONE',  ( -32.41788286210058345, 20.78641401289932134, 0.5000000000000004441 ) ) ;
#8437 = ADVANCED_FACE ( 'NONE', ( #8907 ), #926, .F. ) ;
#8438 = DIRECTION ( 'NONE',  ( 1.000000000000000000, 0.000000000000000000, 0.000000000000000000 ) ) ;
#8439 = LINE ( 'NONE', #1053, #10415 ) ;
#8440 = LINE ( 'NONE', #3438, #1094 ) ;
#8441 = PLANE ( 'NONE',  #6683 ) ;
#8442 = VERTEX_POINT ( 'NONE', #8205 ) ;
#8443 = PLANE ( 'NONE',  #6497 ) ;
#8444 = ORIENTED_EDGE ( 'NONE', *, *, #1905, .T. ) ;
#8445 = VERTEX_POINT ( 'NONE', #4865 ) ;
#8446 = AXIS2_PLACEMENT_3D ( 'NONE', #2276, #656, #3889 ) ;
#8447 = EDGE_CURVE ( 'NONE', #9741, #2004, #5723, .T. ) ;
#8448 = FACE_OUTER_BOUND ( 'NONE', #8752, .T. ) ;
#8449 = CARTESIAN_POINT ( 'NONE',  ( -13.41788286210060477, 22.78641401289931778, 0.5000000000000004441 ) ) ;
#8450 = FACE_OUTER_BOUND ( 'NONE', #9114, .T. ) ;
#8451 = AXIS2_PLACEMENT_3D ( 'NONE', #2013, #7466, #90 ) ;
#8452 = DIRECTION ( 'NONE',  ( -1.000000000000000000, -8.163404592832032733E-17, 0.000000000000000000 ) ) ;
#8453 = DIRECTION ( 'NONE',  ( -0.7071067811865483499, 0.7071067811865466846, 1.137307002876259321E-16 ) ) ;
#8454 = VECTOR ( 'NONE', #5901, 1000.000000000000000 ) ;
#8455 = ORIENTED_EDGE ( 'NONE', *, *, #9158, .T. ) ;
#8456 = CARTESIAN_POINT ( 'NONE',  ( -29.38211713789926094, 16.07582173911838197, 1.500000000000000444 ) ) ;
#8457 = DIRECTION ( 'NONE',  ( 0.7071067811865479058, -0.7071067811865470176, -1.137307002876260060E-16 ) ) ;
#8458 = ORIENTED_EDGE ( 'NONE', *, *, #5812, .T. ) ;
#8459 = ORIENTED_EDGE ( 'NONE', *, *, #7189, .T. ) ;
#8460 = EDGE_CURVE ( 'NONE', #3003, #5875, #9006, .T. ) ;
#8461 = VECTOR ( 'NONE', #7351, 1000.000000000000000 ) ;
#8462 = VECTOR ( 'NONE', #9919, 1000.000000000000000 ) ;
#8463 = LINE ( 'NONE', #4522, #2716 ) ;
#8464 = DIRECTION ( 'NONE',  ( -0.000000000000000000, 1.000000000000000000, -0.000000000000000000 ) ) ;
#8465 = DIRECTION ( 'NONE',  ( 0.000000000000000000, 0.000000000000000000, 1.000000000000000000 ) ) ;
#8466 = CARTESIAN_POINT ( 'NONE',  ( -62.41788286210059056, 16.07582173911837842, 6.000000000000000000 ) ) ;
#8467 = ORIENTED_EDGE ( 'NONE', *, *, #7558, .T. ) ;
#8468 = CARTESIAN_POINT ( 'NONE',  ( -60.06788286210057493, 15.48641401289931885, -2.999999999999999112 ) ) ;
#8469 = CARTESIAN_POINT ( 'NONE',  ( 45.84999999999998721, 24.65429687500000711, 6.000000000000000000 ) ) ;
#8470 = ORIENTED_EDGE ( 'NONE', *, *, #1548, .T. ) ;
#8471 = ORIENTED_EDGE ( 'NONE', *, *, #3686, .F. ) ;
#8472 = ORIENTED_EDGE ( 'NONE', *, *, #5498, .F. ) ;
#8473 = CARTESIAN_POINT ( 'NONE',  ( -13.41788286210060477, 15.48641401289931885, 0.5000000000000004441 ) ) ;
#8474 = PLANE ( 'NONE',  #4743 ) ;
#8475 = CARTESIAN_POINT ( 'NONE',  ( -82.41788286210059766, 22.78641401289931778, 0.5000000000000004441 ) ) ;
#8476 = DIRECTION ( 'NONE',  ( -0.000000000000000000, -0.000000000000000000, 1.000000000000000000 ) ) ;
#8477 = LINE ( 'NONE', #1701, #8860 ) ;
#8478 = VERTEX_POINT ( 'NONE', #6590 ) ;
#8479 = EDGE_CURVE ( 'NONE', #10097, #464, #4055, .T. ) ;
#8480 = ORIENTED_EDGE ( 'NONE', *, *, #8559, .T. ) ;
#8481 = EDGE_LOOP ( 'NONE', ( #3044, #7269, #7517, #657 ) ) ;
#8482 = EDGE_CURVE ( 'NONE', #9566, #7572, #8150, .T. ) ;
#8483 = ORIENTED_EDGE ( 'NONE', *, *, #4471, .T. ) ;
#8484 = LINE ( 'NONE', #5854, #4259 ) ;
#8485 = LINE ( 'NONE', #4448, #2280 ) ;
#8486 = LINE ( 'NONE', #3382, #5773 ) ;
#8487 = CARTESIAN_POINT ( 'NONE',  ( 36.58211713789942365, 20.78641401289932134, 1.500000000000000444 ) ) ;
#8488 = DIRECTION ( 'NONE',  ( 0.7071067811865466846, 0.7071067811865483499, 0.000000000000000000 ) ) ;
#8489 = CARTESIAN_POINT ( 'NONE',  ( 45.85000000000000142, 10.65429687500000355, 6.000000000000000000 ) ) ;
#8490 = CARTESIAN_POINT ( 'NONE',  ( 0.000000000000000000, 0.000000000000000000, 0.5000000000000004441 ) ) ;
#8491 = ORIENTED_EDGE ( 'NONE', *, *, #3231, .T. ) ;
#8492 = ORIENTED_EDGE ( 'NONE', *, *, #5530, .F. ) ;
#8493 = EDGE_CURVE ( 'NONE', #8927, #6263, #6541, .T. ) ;
#8494 = ORIENTED_EDGE ( 'NONE', *, *, #10133, .T. ) ;
#8495 = EDGE_CURVE ( 'NONE', #2063, #4857, #3410, .T. ) ;
#8496 = PLANE ( 'NONE',  #9253 ) ;
#8497 = LINE ( 'NONE', #10011, #4087 ) ;
#8498 = CARTESIAN_POINT ( 'NONE',  ( -61.79999999999985505, 15.45793887701764291, 2.499999999999999112 ) ) ;
#8499 = CARTESIAN_POINT ( 'NONE',  ( -101.4178828621005692, 15.48641401289931885, 0.5000000000000004441 ) ) ;
#8500 = DIRECTION ( 'NONE',  ( 0.000000000000000000, -0.000000000000000000, -1.000000000000000000 ) ) ;
#8501 = AXIS2_PLACEMENT_3D ( 'NONE', #9842, #4086, #4138 ) ;
#8502 = VERTEX_POINT ( 'NONE', #763 ) ;
#8503 = LINE ( 'NONE', #4261, #8204 ) ;
#8504 = FACE_OUTER_BOUND ( 'NONE', #7091, .T. ) ;
#8505 = ORIENTED_EDGE ( 'NONE', *, *, #7640, .T. ) ;
#8506 = EDGE_CURVE ( 'NONE', #9632, #8965, #10622, .T. ) ;
#8507 = ORIENTED_EDGE ( 'NONE', *, *, #3815, .F. ) ;
#8508 = VECTOR ( 'NONE', #10582, 1000.000000000000000 ) ;
#8509 = VECTOR ( 'NONE', #2491, 1000.000000000000000 ) ;
#8510 = DIRECTION ( 'NONE',  ( 1.000000000000000000, -0.000000000000000000, 0.000000000000000000 ) ) ;
#8511 = CARTESIAN_POINT ( 'NONE',  ( -135.2499999999999716, 13.15429687500000533, 0.4964466094067260249 ) ) ;
#8512 = CARTESIAN_POINT ( 'NONE',  ( 161.0000000000000000, 20.78641401289932134, 0.000000000000000000 ) ) ;
#8513 = EDGE_CURVE ( 'NONE', #2075, #8070, #873, .T. ) ;
#8514 = CARTESIAN_POINT ( 'NONE',  ( -38.81788286210058203, 15.48641401289931885, 0.5000000000000004441 ) ) ;
#8515 = EDGE_LOOP ( 'NONE', ( #1018, #1644, #5452, #1452 ) ) ;
#8516 = DIRECTION ( 'NONE',  ( 0.5773502691896257311, 0.5773502691896257311, 0.5773502691896257311 ) ) ;
#8517 = CARTESIAN_POINT ( 'NONE',  ( -9.303642002017646462, 13.15429687500000000, 6.000000000000000000 ) ) ;
#8518 = ORIENTED_EDGE ( 'NONE', *, *, #8822, .T. ) ;
#8519 = EDGE_CURVE ( 'NONE', #493, #2750, #824, .T. ) ;
#8520 = VERTEX_POINT ( 'NONE', #4007 ) ;
#8521 = VECTOR ( 'NONE', #5153, 1000.000000000000000 ) ;
#8522 = VECTOR ( 'NONE', #1867, 1000.000000000000000 ) ;
#8523 = ORIENTED_EDGE ( 'NONE', *, *, #7506, .T. ) ;
#8524 = DIRECTION ( 'NONE',  ( 0.000000000000000000, -1.000000000000000000, 0.000000000000000000 ) ) ;
#8525 = AXIS2_PLACEMENT_3D ( 'NONE', #8919, #9675, #4016 ) ;
#8526 = VECTOR ( 'NONE', #1204, 1000.000000000000000 ) ;
#8527 = DIRECTION ( 'NONE',  ( 0.000000000000000000, 0.000000000000000000, -1.000000000000000000 ) ) ;
#8528 = DIRECTION ( 'NONE',  ( -0.000000000000000000, -1.000000000000000000, -0.000000000000000000 ) ) ;
#8529 = LINE ( 'NONE', #288, #8940 ) ;
#8530 = LINE ( 'NONE', #444, #1126 ) ;
#8531 = CARTESIAN_POINT ( 'NONE',  ( -135.7499999999999716, 13.15429687500000355, 0.3499999999999999223 ) ) ;
#8532 = ORIENTED_EDGE ( 'NONE', *, *, #2647, .T. ) ;
#8533 = ORIENTED_EDGE ( 'NONE', *, *, #8198, .T. ) ;
#8534 = ORIENTED_EDGE ( 'NONE', *, *, #4389, .T. ) ;
#8535 = VECTOR ( 'NONE', #6477, 1000.000000000000000 ) ;
#8536 = ORIENTED_EDGE ( 'NONE', *, *, #2006, .F. ) ;
#8537 = ADVANCED_FACE ( 'NONE', ( #19 ), #3251, .F. ) ;
#8538 = AXIS2_PLACEMENT_3D ( 'NONE', #5687, #2512, #6606 ) ;
#8539 = LINE ( 'NONE', #194, #6149 ) ;
#8540 = DIRECTION ( 'NONE',  ( -1.000000000000000000, -0.000000000000000000, -0.000000000000000000 ) ) ;
#8541 = DIRECTION ( 'NONE',  ( 0.7071067811865462405, 0.7071067811865489050, 0.000000000000000000 ) ) ;
#8542 = DIRECTION ( 'NONE',  ( 0.000000000000000000, 0.000000000000000000, -1.000000000000000000 ) ) ;
#8543 = DIRECTION ( 'NONE',  ( 0.000000000000000000, 0.000000000000000000, -1.000000000000000000 ) ) ;
#8544 = LINE ( 'NONE', #353, #1806 ) ;
#8545 = DIRECTION ( 'NONE',  ( 0.000000000000000000, -0.000000000000000000, 1.000000000000000000 ) ) ;
#8546 = VERTEX_POINT ( 'NONE', #715 ) ;
#8547 = ORIENTED_EDGE ( 'NONE', *, *, #5551, .T. ) ;
#8548 = AXIS2_PLACEMENT_3D ( 'NONE', #6205, #9481, #2969 ) ;
#8549 = ORIENTED_EDGE ( 'NONE', *, *, #8569, .F. ) ;
#8550 = ORIENTED_EDGE ( 'NONE', *, *, #4245, .F. ) ;
#8551 = VECTOR ( 'NONE', #8981, 1000.000000000000000 ) ;
#8552 = EDGE_CURVE ( 'NONE', #7375, #9107, #6487, .T. ) ;
#8553 = EDGE_CURVE ( 'NONE', #9422, #10307, #3353, .T. ) ;
#8554 = CARTESIAN_POINT ( 'NONE',  ( -61.81788286210057493, 15.48641401289931885, 0.5000000000000004441 ) ) ;
#8555 = VECTOR ( 'NONE', #8127, 1000.000000000000114 ) ;
#8556 = FACE_OUTER_BOUND ( 'NONE', #3819, .T. ) ;
#8557 = DIRECTION ( 'NONE',  ( 1.000000000000000000, 0.000000000000000000, 0.000000000000000000 ) ) ;
#8558 = LINE ( 'NONE', #4464, #4898 ) ;
#8559 = EDGE_CURVE ( 'NONE', #493, #2764, #8314, .T. ) ;
#8560 = LINE ( 'NONE', #5328, #7561 ) ;
#8561 = AXIS2_PLACEMENT_3D ( 'NONE', #7961, #1393, #3762 ) ;
#8562 = ORIENTED_EDGE ( 'NONE', *, *, #4253, .F. ) ;
#8563 = LINE ( 'NONE', #4467, #10604 ) ;
#8564 = ORIENTED_EDGE ( 'NONE', *, *, #2390, .F. ) ;
#8565 = ORIENTED_EDGE ( 'NONE', *, *, #749, .F. ) ;
#8566 = AXIS2_PLACEMENT_3D ( 'NONE', #9528, #3019, #5443 ) ;
#8567 = VECTOR ( 'NONE', #4396, 1000.000000000000000 ) ;
#8568 = PLANE ( 'NONE',  #6512 ) ;
#8569 = EDGE_CURVE ( 'NONE', #5781, #398, #4475, .T. ) ;
#8570 = LINE ( 'NONE', #6086, #5453 ) ;
#8571 = LINE ( 'NONE', #3563, #9672 ) ;
#8572 = CARTESIAN_POINT ( 'NONE',  ( 46.00000000000000000, 0.000000000000000000, 0.5000000000000004441 ) ) ;
#8573 = EDGE_LOOP ( 'NONE', ( #6211, #4946, #5522, #8319 ) ) ;
#8574 = LINE ( 'NONE', #5990, #6823 ) ;
#8575 = CARTESIAN_POINT ( 'NONE',  ( -108.4178828621006119, 20.23277201088161448, 1.500000000000000444 ) ) ;
#8576 = ORIENTED_EDGE ( 'NONE', *, *, #6764, .T. ) ;
#8577 = ORIENTED_EDGE ( 'NONE', *, *, #10201, .T. ) ;
#8578 = VECTOR ( 'NONE', #110, 1000.000000000000000 ) ;
#8579 = ORIENTED_EDGE ( 'NONE', *, *, #136, .T. ) ;
#8580 = ADVANCED_FACE ( 'NONE', ( #10077 ), #8412, .F. ) ;
#8581 = CARTESIAN_POINT ( 'NONE',  ( -137.7499999999999716, 20.85065487298235709, 2.500000000000000000 ) ) ;
#8582 = DIRECTION ( 'NONE',  ( 0.7071067811865474617, 0.7071067811865474617, 0.000000000000000000 ) ) ;
#8583 = LINE ( 'NONE', #2931, #9381 ) ;
#8584 = VECTOR ( 'NONE', #10044, 1000.000000000000000 ) ;
#8585 = LINE ( 'NONE', #3678, #8084 ) ;
#8586 = CARTESIAN_POINT ( 'NONE',  ( -16.41788286210060832, 20.23277201088161448, 1.500000000000000444 ) ) ;
#8587 = CARTESIAN_POINT ( 'NONE',  ( 39.25000000000000000, 20.85065487298235709, 4.000000000000000000 ) ) ;
#8588 = ORIENTED_EDGE ( 'NONE', *, *, #2040, .F. ) ;
#8589 = ORIENTED_EDGE ( 'NONE', *, *, #6325, .T. ) ;
#8590 = ORIENTED_EDGE ( 'NONE', *, *, #4832, .F. ) ;
#8591 = EDGE_CURVE ( 'NONE', #7931, #7485, #6748, .T. ) ;
#8592 = ORIENTED_EDGE ( 'NONE', *, *, #5717, .T. ) ;
#8593 = VECTOR ( 'NONE', #6942, 1000.000000000000000 ) ;
#8594 = CARTESIAN_POINT ( 'NONE',  ( -83.06788286210057493, 20.78641401289932134, 0.5000000000000004441 ) ) ;
#8595 = PLANE ( 'NONE',  #9152 ) ;
#8596 = FACE_OUTER_BOUND ( 'NONE', #896, .T. ) ;
#8597 = CARTESIAN_POINT ( 'NONE',  ( -6.382117137899268045, 16.07582173911838197, 1.500000000000000444 ) ) ;
#8598 = DIRECTION ( 'NONE',  ( 0.000000000000000000, 0.000000000000000000, -1.000000000000000000 ) ) ;
#8599 = DIRECTION ( 'NONE',  ( -0.000000000000000000, -0.000000000000000000, 1.000000000000000000 ) ) ;
#8600 = ORIENTED_EDGE ( 'NONE', *, *, #5812, .F. ) ;
#8601 = DIRECTION ( 'NONE',  ( 1.000000000000000000, 9.183830166936036979E-17, -0.000000000000000000 ) ) ;
#8602 = ORIENTED_EDGE ( 'NONE', *, *, #10226, .F. ) ;
#8603 = ORIENTED_EDGE ( 'NONE', *, *, #1981, .T. ) ;
#8604 = EDGE_LOOP ( 'NONE', ( #3444, #7794, #7534, #6129, #10266, #8491, #7645, #8279 ) ) ;
#8605 = ORIENTED_EDGE ( 'NONE', *, *, #10496, .F. ) ;
#8606 = DIRECTION ( 'NONE',  ( -0.000000000000000000, 1.000000000000000000, 0.000000000000000000 ) ) ;
#8607 = CARTESIAN_POINT ( 'NONE',  ( 39.25000000000000000, 13.15429687500000355, 6.000000000000000000 ) ) ;
#8608 = ORIENTED_EDGE ( 'NONE', *, *, #1746, .F. ) ;
#8609 = FACE_OUTER_BOUND ( 'NONE', #8791, .T. ) ;
#8610 = DIRECTION ( 'NONE',  ( -1.000000000000000000, -0.000000000000000000, -0.000000000000000000 ) ) ;
#8611 = CARTESIAN_POINT ( 'NONE',  ( 32.58211713789940944, 20.78641401289932134, 0.5000000000000004441 ) ) ;
#8612 = ORIENTED_EDGE ( 'NONE', *, *, #8591, .F. ) ;
#8613 = LINE ( 'NONE', #2264, #1316 ) ;
#8615 = EDGE_LOOP ( 'NONE', ( #3509, #7886, #7862, #3340 ) ) ;
#8614 = VECTOR ( 'NONE', #9652, 1000.000000000000000 ) ;
#8616 = ADVANCED_FACE ( 'NONE', ( #4271 ), #4367, .F. ) ;
#8617 = ORIENTED_EDGE ( 'NONE', *, *, #7438, .T. ) ;
#8618 = VECTOR ( 'NONE', #9855, 1000.000000000000000 ) ;
#8619 = CARTESIAN_POINT ( 'NONE',  ( 7.200000000000150280, 20.85065487298235709, 2.500000000000000000 ) ) ;
#8620 = DIRECTION ( 'NONE',  ( 0.000000000000000000, 0.000000000000000000, 1.000000000000000000 ) ) ;
#8621 = LINE ( 'NONE', #7811, #372 ) ;
#8622 = DIRECTION ( 'NONE',  ( 1.000000000000000000, 0.000000000000000000, 0.000000000000000000 ) ) ;
#8623 = EDGE_CURVE ( 'NONE', #3454, #10388, #3461, .T. ) ;
#8624 = ORIENTED_EDGE ( 'NONE', *, *, #8552, .F. ) ;
#8625 = CARTESIAN_POINT ( 'NONE',  ( -75.38211713789925739, 16.07582173911838197, 2.499999999999999112 ) ) ;
#8626 = DIRECTION ( 'NONE',  ( -0.7071067811865471286, -0.7071067811865480168, 0.000000000000000000 ) ) ;
#8627 = VERTEX_POINT ( 'NONE', #10024 ) ;
#8628 = ORIENTED_EDGE ( 'NONE', *, *, #3702, .T. ) ;
#8629 = VECTOR ( 'NONE', #6289, 1000.000000000000000 ) ;
#8630 = EDGE_CURVE ( 'NONE', #6739, #4894, #5284, .T. ) ;
#8631 = ORIENTED_EDGE ( 'NONE', *, *, #4162, .F. ) ;
#8632 = ADVANCED_FACE ( 'NONE', ( #3507 ), #2650, .T. ) ;
#8633 = DIRECTION ( 'NONE',  ( 6.938893903907228378E-15, 1.000000000000000000, -0.000000000000000000 ) ) ;
#8634 = CARTESIAN_POINT ( 'NONE',  ( 36.69635799798235354, 23.15429687500000000, 4.000000000000000000 ) ) ;
#8635 = CARTESIAN_POINT ( 'NONE',  ( -38.81788286210058203, 15.48641401289931885, 1.500000000000000444 ) ) ;
#8636 = DIRECTION ( 'NONE',  ( 0.7071067811865483499, -0.7071067811865466846, -0.000000000000000000 ) ) ;
#8637 = FACE_OUTER_BOUND ( 'NONE', #9184, .T. ) ;
#8638 = CARTESIAN_POINT ( 'NONE',  ( -100.7678828621005920, 15.48641401289931885, 0.000000000000000000 ) ) ;
#8639 = ORIENTED_EDGE ( 'NONE', *, *, #6044, .T. ) ;
#8640 = ORIENTED_EDGE ( 'NONE', *, *, #7771, .T. ) ;
#8641 = EDGE_CURVE ( 'NONE', #2935, #2024, #1840, .T. ) ;
#8642 = VERTEX_POINT ( 'NONE', #2704 ) ;
#8643 = VERTEX_POINT ( 'NONE', #6037 ) ;
#8644 = PLANE ( 'NONE',  #203 ) ;
#8645 = CARTESIAN_POINT ( 'NONE',  ( 92.00000000000000000, 0.000000000000000000, 0.5000000000000004441 ) ) ;
#8646 = DIRECTION ( 'NONE',  ( 0.000000000000000000, 1.000000000000000000, 0.000000000000000000 ) ) ;
#8647 = CARTESIAN_POINT ( 'NONE',  ( -9.321524864118330811, 13.13641401289931920, 1.500000000000000444 ) ) ;
#8648 = LINE ( 'NONE', #8759, #3360 ) ;
#8649 = EDGE_CURVE ( 'NONE', #1702, #6125, #377, .T. ) ;
#8650 = ORIENTED_EDGE ( 'NONE', *, *, #6939, .F. ) ;
#8651 = DIRECTION ( 'NONE',  ( -0.000000000000000000, -0.000000000000000000, 1.000000000000000000 ) ) ;
#8652 = VERTEX_POINT ( 'NONE', #978 ) ;
#8653 = ORIENTED_EDGE ( 'NONE', *, *, #9018, .F. ) ;
#8654 = VERTEX_POINT ( 'NONE', #6794 ) ;
#8655 = ORIENTED_EDGE ( 'NONE', *, *, #7511, .T. ) ;
#8656 = CARTESIAN_POINT ( 'NONE',  ( -61.81788286210057493, 15.48641401289931885, 0.5000000000000004441 ) ) ;
#8657 = CARTESIAN_POINT ( 'NONE',  ( -130.7500000000000000, 15.48641401289931885, 1.500000000000000444 ) ) ;
#8658 = VERTEX_POINT ( 'NONE', #7601 ) ;
#8659 = DIRECTION ( 'NONE',  ( -1.000000000000000000, -0.000000000000000000, -0.000000000000000000 ) ) ;
#8660 = CARTESIAN_POINT ( 'NONE',  ( -105.4178828621005977, 22.78641401289931778, 0.5000000000000004441 ) ) ;
#8661 = LINE ( 'NONE', #6995, #10309 ) ;
#8662 = ORIENTED_EDGE ( 'NONE', *, *, #2585, .T. ) ;
#8663 = DIRECTION ( 'NONE',  ( 0.000000000000000000, 0.000000000000000000, 1.000000000000000000 ) ) ;
#8664 = ORIENTED_EDGE ( 'NONE', *, *, #8553, .T. ) ;
#8665 = ORIENTED_EDGE ( 'NONE', *, *, #6325, .F. ) ;
#8666 = CARTESIAN_POINT ( 'NONE',  ( 36.58211713789942365, 20.78641401289932134, 0.5000000000000004441 ) ) ;
#8667 = ADVANCED_FACE ( 'NONE', ( #4423 ), #9325, .F. ) ;
#8668 = LINE ( 'NONE', #6254, #5630 ) ;
#8669 = FACE_OUTER_BOUND ( 'NONE', #8779, .T. ) ;
#8670 = DIRECTION ( 'NONE',  ( 0.000000000000000000, 0.000000000000000000, 1.000000000000000000 ) ) ;
#8671 = EDGE_CURVE ( 'NONE', #6110, #156, #1946, .T. ) ;
#8672 = ORIENTED_EDGE ( 'NONE', *, *, #7303, .F. ) ;
#8673 = DIRECTION ( 'NONE',  ( 1.000000000000000000, -1.734723475976806902E-18, -0.000000000000000000 ) ) ;
#8674 = PLANE ( 'NONE',  #8281 ) ;
#8675 = EDGE_LOOP ( 'NONE', ( #8602, #7144, #8923, #296 ) ) ;
#8676 = ORIENTED_EDGE ( 'NONE', *, *, #2775, .F. ) ;
#8677 = ORIENTED_EDGE ( 'NONE', *, *, #2570, .T. ) ;
#8678 = AXIS2_PLACEMENT_3D ( 'NONE', #6889, #10170, #212 ) ;
#8679 = ADVANCED_FACE ( 'NONE', ( #326 ), #3666, .F. ) ;
#8680 = CARTESIAN_POINT ( 'NONE',  ( -60.06788286210057493, 20.78641401289932134, -2.999999999999999112 ) ) ;
#8681 = EDGE_CURVE ( 'NONE', #5201, #8925, #7711, .T. ) ;
#8682 = CARTESIAN_POINT ( 'NONE',  ( -105.4178828621005977, 20.78641401289932134, 0.5000000000000004441 ) ) ;
#8683 = LINE ( 'NONE', #9546, #5427 ) ;
#8684 = LINE ( 'NONE', #4593, #1994 ) ;
#8685 = VECTOR ( 'NONE', #9879, 1000.000000000000000 ) ;
#8686 = CARTESIAN_POINT ( 'NONE',  ( -52.38211713789925028, 20.23277201088161803, 2.500000000000000000 ) ) ;
#8687 = CARTESIAN_POINT ( 'NONE',  ( -13.41788286210060477, 13.48641401289931885, 0.5000000000000004441 ) ) ;
#8688 = LINE ( 'NONE', #445, #1114 ) ;
#8689 = VERTEX_POINT ( 'NONE', #6900 ) ;
#8690 = VECTOR ( 'NONE', #8785, 1000.000000000000000 ) ;
#8691 = EDGE_CURVE ( 'NONE', #7955, #8111, #6088, .T. ) ;
#8692 = EDGE_LOOP ( 'NONE', ( #4521, #10371, #1480, #6999 ) ) ;
#8693 = VERTEX_POINT ( 'NONE', #6951 ) ;
#8694 = ORIENTED_EDGE ( 'NONE', *, *, #4100, .T. ) ;
#8695 = VECTOR ( 'NONE', #2835, 1000.000000000000000 ) ;
#8696 = VECTOR ( 'NONE', #515, 1000.000000000000000 ) ;
#8697 = CARTESIAN_POINT ( 'NONE',  ( -8.767882862100590202, 20.78641401289932134, 0.5000000000000004441 ) ) ;
#8698 = CARTESIAN_POINT ( 'NONE',  ( 39.25000000000000000, 23.15429687500000000, 4.000000000000000000 ) ) ;
#8699 = EDGE_CURVE ( 'NONE', #2912, #5411, #9169, .T. ) ;
#8700 = LINE ( 'NONE', #6283, #10127 ) ;
#8701 = LINE ( 'NONE', #3692, #4225 ) ;
#8702 = CARTESIAN_POINT ( 'NONE',  ( 46.25000000000000000, 22.40429687500000355, 6.000000000000000000 ) ) ;
#8703 = VERTEX_POINT ( 'NONE', #2221 ) ;
#8704 = LINE ( 'NONE', #3115, #8229 ) ;
#8705 = DIRECTION ( 'NONE',  ( 1.000000000000000000, 0.000000000000000000, 0.000000000000000000 ) ) ;
#8706 = ORIENTED_EDGE ( 'NONE', *, *, #1783, .F. ) ;
#8707 = ORIENTED_EDGE ( 'NONE', *, *, #5372, .F. ) ;
#8708 = VECTOR ( 'NONE', #9610, 1000.000000000000000 ) ;
#8709 = ORIENTED_EDGE ( 'NONE', *, *, #6584, .T. ) ;
#8710 = ORIENTED_EDGE ( 'NONE', *, *, #3896, .F. ) ;
#8711 = VECTOR ( 'NONE', #2856, 1000.000000000000000 ) ;
#8712 = FACE_OUTER_BOUND ( 'NONE', #4025, .T. ) ;
#8713 = FACE_OUTER_BOUND ( 'NONE', #5068, .T. ) ;
#8714 = ORIENTED_EDGE ( 'NONE', *, *, #8944, .F. ) ;
#8715 = EDGE_CURVE ( 'NONE', #3453, #1300, #10393, .T. ) ;
#8716 = CARTESIAN_POINT ( 'NONE',  ( -29.38211713789926094, 20.23277201088161803, 2.500000000000000000 ) ) ;
#8717 = CARTESIAN_POINT ( 'NONE',  ( -137.7499999999999716, 25.65429687500000355, 0.4000000000000114575 ) ) ;
#8718 = AXIS2_PLACEMENT_3D ( 'NONE', #7760, #7868, #2057 ) ;
#8719 = CARTESIAN_POINT ( 'NONE',  ( -101.4178828621005692, 15.48641401289931885, 0.5000000000000004441 ) ) ;
#8720 = ORIENTED_EDGE ( 'NONE', *, *, #4238, .T. ) ;
#8721 = PLANE ( 'NONE',  #6988 ) ;
#8722 = EDGE_LOOP ( 'NONE', ( #10210, #9264, #1817, #2464, #8605, #10250, #3153, #3443, #968, #5329, #1067 ) ) ;
#8723 = VERTEX_POINT ( 'NONE', #2162 ) ;
#8724 = VECTOR ( 'NONE', #5252, 1000.000000000000000 ) ;
#8725 = VECTOR ( 'NONE', #7475, 1000.000000000000000 ) ;
#8726 = ADVANCED_FACE ( 'NONE', ( #3023 ), #489, .F. ) ;
#8727 = VECTOR ( 'NONE', #6472, 1000.000000000000000 ) ;
#8728 = FACE_OUTER_BOUND ( 'NONE', #9784, .T. ) ;
#8729 = LINE ( 'NONE', #2106, #3912 ) ;
#8730 = VECTOR ( 'NONE', #257, 1000.000000000000000 ) ;
#8731 = CARTESIAN_POINT ( 'NONE',  ( -62.41788286210059056, 20.23277201088161448, 2.500000000000000000 ) ) ;
#8732 = DIRECTION ( 'NONE',  ( -0.000000000000000000, -0.000000000000000000, -1.000000000000000000 ) ) ;
#8733 = VECTOR ( 'NONE', #7163, 1000.000000000000000 ) ;
#8734 = DIRECTION ( 'NONE',  ( 0.000000000000000000, 0.000000000000000000, -1.000000000000000000 ) ) ;
#8735 = DIRECTION ( 'NONE',  ( -0.7071067811865483499, 0.7071067811865466846, 0.000000000000000000 ) ) ;
#8736 = CARTESIAN_POINT ( 'NONE',  ( -85.41788286210059766, 20.23277201088161448, 1.500000000000000444 ) ) ;
#8737 = ORIENTED_EDGE ( 'NONE', *, *, #1514, .F. ) ;
#8738 = ORIENTED_EDGE ( 'NONE', *, *, #4155, .T. ) ;
#8739 = ORIENTED_EDGE ( 'NONE', *, *, #6841, .T. ) ;
#8740 = DIRECTION ( 'NONE',  ( -0.000000000000000000, -0.000000000000000000, 1.000000000000000000 ) ) ;
#8741 = CARTESIAN_POINT ( 'NONE',  ( -78.32152486411831660, 13.13641401289931920, 1.500000000000000444 ) ) ;
#8742 = PLANE ( 'NONE',  #4051 ) ;
#8743 = DIRECTION ( 'NONE',  ( 1.000000000000000000, 6.938893903907234689E-15, 0.000000000000000000 ) ) ;
#8744 = CARTESIAN_POINT ( 'NONE',  ( -137.7499999999999716, 25.65429687500000355, 6.000000000000000000 ) ) ;
#8745 = CARTESIAN_POINT ( 'NONE',  ( 0.000000000000000000, 0.000000000000000000, 1.500000000000000444 ) ) ;
#8746 = CARTESIAN_POINT ( 'NONE',  ( -83.06788286210057493, 15.48641401289931885, 0.5000000000000004441 ) ) ;
#8747 = ORIENTED_EDGE ( 'NONE', *, *, #4073, .T. ) ;
#8748 = EDGE_CURVE ( 'NONE', #10134, #71, #10454, .T. ) ;
#8749 = VECTOR ( 'NONE', #5227, 1000.000000000000000 ) ;
#8750 = EDGE_CURVE ( 'NONE', #1791, #5743, #3084, .T. ) ;
#8751 = ORIENTED_EDGE ( 'NONE', *, *, #4402, .T. ) ;
#8752 = EDGE_LOOP ( 'NONE', ( #1132, #10037, #1045, #7281, #7606, #4933, #6020, #9378 ) ) ;
#8753 = EDGE_CURVE ( 'NONE', #6716, #10050, #1409, .T. ) ;
#8754 = AXIS2_PLACEMENT_3D ( 'NONE', #1216, #1323, #6178 ) ;
#8755 = LINE ( 'NONE', #10481, #7263 ) ;
#8756 = DIRECTION ( 'NONE',  ( -0.000000000000000000, -0.000000000000000000, 1.000000000000000000 ) ) ;
#8757 = CARTESIAN_POINT ( 'NONE',  ( -137.7499999999999716, 20.85065487298235709, 2.500000000000000000 ) ) ;
#8758 = DIRECTION ( 'NONE',  ( 0.7071067811865483499, -0.7071067811865466846, -0.000000000000000000 ) ) ;
#8759 = CARTESIAN_POINT ( 'NONE',  ( -14.06788286210058914, 15.48641401289931885, 0.5000000000000004441 ) ) ;
#8760 = ORIENTED_EDGE ( 'NONE', *, *, #996, .F. ) ;
#8761 = EDGE_CURVE ( 'NONE', #1941, #7094, #4749, .T. ) ;
#8762 = LINE ( 'NONE', #3862, #7510 ) ;
#8763 = LINE ( 'NONE', #7845, #3298 ) ;
#8764 = ORIENTED_EDGE ( 'NONE', *, *, #7622, .F. ) ;
#8765 = VECTOR ( 'NONE', #5086, 1000.000000000000000 ) ;
#8766 = VERTEX_POINT ( 'NONE', #596 ) ;
#8767 = ORIENTED_EDGE ( 'NONE', *, *, #4372, .F. ) ;
#8768 = EDGE_CURVE ( 'NONE', #9584, #725, #10288, .T. ) ;
#8769 = EDGE_CURVE ( 'NONE', #6495, #5908, #6207, .T. ) ;
#8770 = FACE_OUTER_BOUND ( 'NONE', #2125, .T. ) ;
#8771 = CARTESIAN_POINT ( 'NONE',  ( -39.41788286210059766, 16.07582173911837842, 6.000000000000000000 ) ) ;
#8772 = ORIENTED_EDGE ( 'NONE', *, *, #996, .T. ) ;
#8773 = VECTOR ( 'NONE', #1502, 1000.000000000000000 ) ;
#8774 = PLANE ( 'NONE',  #7027 ) ;
#8775 = CARTESIAN_POINT ( 'NONE',  ( 32.58211713789940944, 15.48641401289931885, 1.500000000000000444 ) ) ;
#8776 = DIRECTION ( 'NONE',  ( -0.000000000000000000, -0.000000000000000000, 1.000000000000000000 ) ) ;
#8777 = ORIENTED_EDGE ( 'NONE', *, *, #1836, .T. ) ;
#8778 = DIRECTION ( 'NONE',  ( 0.000000000000000000, 0.000000000000000000, 1.000000000000000000 ) ) ;
#8779 = EDGE_LOOP ( 'NONE', ( #23, #7283, #5077, #383 ) ) ;
#8780 = ORIENTED_EDGE ( 'NONE', *, *, #454, .T. ) ;
#8781 = EDGE_CURVE ( 'NONE', #7685, #8094, #2108, .T. ) ;
#8782 = CARTESIAN_POINT ( 'NONE',  ( -78.32152486411830239, 23.17217973710065948, 6.000000000000000000 ) ) ;
#8783 = DIRECTION ( 'NONE',  ( -1.000000000000000000, 1.734723475976806902E-18, 0.000000000000000000 ) ) ;
#8784 = LINE ( 'NONE', #6423, #1176 ) ;
#8785 = DIRECTION ( 'NONE',  ( -1.000000000000000000, 0.000000000000000000, 0.000000000000000000 ) ) ;
#8786 = LINE ( 'NONE', #5660, #1694 ) ;
#8787 = CARTESIAN_POINT ( 'NONE',  ( 39.25000000000000000, 13.15429687500000355, 4.000000000000000000 ) ) ;
#8788 = LINE ( 'NONE', #7117, #8614 ) ;
#8789 = ORIENTED_EDGE ( 'NONE', *, *, #9862, .F. ) ;
#8790 = ADVANCED_FACE ( 'NONE', ( #9432, #3886 ), #1459, .T. ) ;
#8791 = EDGE_LOOP ( 'NONE', ( #5680, #7357, #2529, #8255 ) ) ;
#8792 = EDGE_LOOP ( 'NONE', ( #5686, #4672, #2142, #646 ) ) ;
#8793 = VECTOR ( 'NONE', #5727, 1000.000000000000000 ) ;
#8794 = DIRECTION ( 'NONE',  ( -0.7071067811865462405, -0.7071067811865489050, 0.000000000000000000 ) ) ;
#8795 = CARTESIAN_POINT ( 'NONE',  ( 13.58211713789943254, 20.78641401289932134, 0.5000000000000004441 ) ) ;
#8796 = DIRECTION ( 'NONE',  ( -0.000000000000000000, 1.000000000000000000, -0.000000000000000000 ) ) ;
#8797 = CARTESIAN_POINT ( 'NONE',  ( 32.58211713789940944, 20.78641401289932134, 0.5000000000000004441 ) ) ;
#8798 = DIRECTION ( 'NONE',  ( 0.000000000000000000, 0.000000000000000000, 1.000000000000000000 ) ) ;
#8799 = FACE_OUTER_BOUND ( 'NONE', #2531, .T. ) ;
#8800 = LINE ( 'NONE', #2180, #4920 ) ;
#8801 = VECTOR ( 'NONE', #2432, 1000.000000000000000 ) ;
#8802 = LINE ( 'NONE', #3043, #6394 ) ;
#8803 = ORIENTED_EDGE ( 'NONE', *, *, #4433, .F. ) ;
#8804 = DATE_TIME_ROLE ( 'classification_date' ) ;
#8805 = AXIS2_PLACEMENT_3D ( 'NONE', #4006, #10566, #9764 ) ;
#8806 = ORIENTED_EDGE ( 'NONE', *, *, #3969, .F. ) ;
#8807 = ORIENTED_EDGE ( 'NONE', *, *, #3416, .F. ) ;
#8808 = VECTOR ( 'NONE', #8540, 1000.000000000000000 ) ;
#8809 = VECTOR ( 'NONE', #5072, 1000.000000000000000 ) ;
#8810 = EDGE_CURVE ( 'NONE', #1767, #8157, #7169, .T. ) ;
#8811 = CARTESIAN_POINT ( 'NONE',  ( -101.3215248641183024, 23.17217973710065948, 6.000000000000000000 ) ) ;
#8812 = CARTESIAN_POINT ( 'NONE',  ( -130.7500000000000000, 15.40793887701778431, 1.500000000000000444 ) ) ;
#8813 = DIRECTION ( 'NONE',  ( -0.000000000000000000, -0.000000000000000000, 1.000000000000000000 ) ) ;
#8814 = PLANE ( 'NONE',  #2157 ) ;
#8815 = CARTESIAN_POINT ( 'NONE',  ( -121.3821171378992574, 20.23277201088161803, 6.000000000000000000 ) ) ;
#8816 = ORIENTED_EDGE ( 'NONE', *, *, #5320, .F. ) ;
#8817 = DIRECTION ( 'NONE',  ( -0.000000000000000000, 0.000000000000000000, 1.000000000000000000 ) ) ;
#8818 = ADVANCED_FACE ( 'NONE', ( #6373 ), #9484, .F. ) ;
#8819 = ORIENTED_EDGE ( 'NONE', *, *, #10526, .T. ) ;
#8820 = VERTEX_POINT ( 'NONE', #9649 ) ;
#8821 = ORIENTED_EDGE ( 'NONE', *, *, #2967, .T. ) ;
#8822 = EDGE_CURVE ( 'NONE', #5667, #2167, #7114, .T. ) ;
#8823 = CARTESIAN_POINT ( 'NONE',  ( 23.00000000000000000, 0.000000000000000000, 0.5000000000000004441 ) ) ;
#8824 = FACE_OUTER_BOUND ( 'NONE', #720, .T. ) ;
#8825 = ORIENTED_EDGE ( 'NONE', *, *, #3119, .T. ) ;
#8826 = DIRECTION ( 'NONE',  ( 0.7071067811865479058, -0.7071067811865470176, 0.000000000000000000 ) ) ;
#8827 = DIRECTION ( 'NONE',  ( 6.938893903907228378E-15, 1.000000000000000000, 0.000000000000000000 ) ) ;
#8828 = EDGE_CURVE ( 'NONE', #5792, #4024, #2273, .T. ) ;
#8829 = LINE ( 'NONE', #4792, #1377 ) ;
#8830 = ORIENTED_EDGE ( 'NONE', *, *, #3195, .T. ) ;
#8831 = CARTESIAN_POINT ( 'NONE',  ( -84.79999999999985505, 15.45793887701764291, 1.500000000000000444 ) ) ;
#8832 = ORIENTED_EDGE ( 'NONE', *, *, #395, .T. ) ;
#8833 = EDGE_CURVE ( 'NONE', #3661, #600, #7870, .T. ) ;
#8834 = ORIENTED_EDGE ( 'NONE', *, *, #4838, .F. ) ;
#8835 = LINE ( 'NONE', #10505, #6161 ) ;
#8836 = DIRECTION ( 'NONE',  ( 0.000000000000000000, -1.000000000000000000, 0.000000000000000000 ) ) ;
#8837 = DIRECTION ( 'NONE',  ( 0.000000000000000000, -1.000000000000000000, 0.000000000000000000 ) ) ;
#8838 = CARTESIAN_POINT ( 'NONE',  ( -76.00000000000000000, 15.45793887701764291, 1.500000000000000444 ) ) ;
#8839 = EDGE_CURVE ( 'NONE', #8366, #7920, #651, .T. ) ;
#8840 = LINE ( 'NONE', #9595, #10106 ) ;
#8841 = DIRECTION ( 'NONE',  ( -0.7071067811865462405, -0.7071067811865489050, 0.000000000000000000 ) ) ;
#8842 = DIRECTION ( 'NONE',  ( -0.000000000000000000, 1.000000000000000000, 0.000000000000000000 ) ) ;
#8843 = ORIENTED_EDGE ( 'NONE', *, *, #5429, .T. ) ;
#8844 = EDGE_LOOP ( 'NONE', ( #2558, #7981, #9516, #615 ) ) ;
#8845 = VERTEX_POINT ( 'NONE', #2864 ) ;
#8846 = EDGE_CURVE ( 'NONE', #3297, #4857, #6152, .T. ) ;
#8847 = FACE_OUTER_BOUND ( 'NONE', #10418, .T. ) ;
#8848 = DIRECTION ( 'NONE',  ( -1.000000000000000000, -8.163404592832032733E-17, 0.000000000000000000 ) ) ;
#8849 = FACE_OUTER_BOUND ( 'NONE', #6935, .T. ) ;
#8850 = LINE ( 'NONE', #2232, #7484 ) ;
#8851 = EDGE_CURVE ( 'NONE', #8949, #1289, #6256, .T. ) ;
#8852 = PLANE ( 'NONE',  #10490 ) ;
#8853 = CARTESIAN_POINT ( 'NONE',  ( 13.67847513588169051, 13.13641401289931920, 1.500000000000000444 ) ) ;
#8854 = DIRECTION ( 'NONE',  ( -0.000000000000000000, 0.000000000000000000, 1.000000000000000000 ) ) ;
#8855 = VERTEX_POINT ( 'NONE', #7224 ) ;
#8856 = COORDINATED_UNIVERSAL_TIME_OFFSET ( 5, 0, .BEHIND. ) ;
#8857 = VECTOR ( 'NONE', #1881, 1000.000000000000000 ) ;
#8858 = EDGE_LOOP ( 'NONE', ( #57, #6882, #957, #6604, #5130, #2747, #5065, #1120, #1507, #4647 ) ) ;
#8859 = EDGE_CURVE ( 'NONE', #3940, #10361, #6424, .T. ) ;
#8860 = VECTOR ( 'NONE', #2073, 1000.000000000000000 ) ;
#8861 = VECTOR ( 'NONE', #1626, 1000.000000000000000 ) ;
#8862 = CARTESIAN_POINT ( 'NONE',  ( -60.06788286210057493, 20.80448725967914925, 1.500000000000000444 ) ) ;
#8863 = CARTESIAN_POINT ( 'NONE',  ( 39.25000000000000000, 23.15429687500000000, 4.000000000000000000 ) ) ;
#8864 = CARTESIAN_POINT ( 'NONE',  ( -37.06788286210058203, 15.48641401289931885, 0.5000000000000004441 ) ) ;
#8865 = CARTESIAN_POINT ( 'NONE',  ( -122.0000000000000000, 20.85065487298235709, 1.500000000000000444 ) ) ;
#8866 = CARTESIAN_POINT ( 'NONE',  ( -82.41788286210059766, 15.48641401289931885, 1.500000000000000444 ) ) ;
#8867 = ORIENTED_EDGE ( 'NONE', *, *, #7096, .F. ) ;
#8868 = FACE_OUTER_BOUND ( 'NONE', #2899, .T. ) ;
#8869 = ORIENTED_EDGE ( 'NONE', *, *, #2127, .F. ) ;
#8870 = ORIENTED_EDGE ( 'NONE', *, *, #7384, .T. ) ;
#8871 = VECTOR ( 'NONE', #5940, 1000.000000000000000 ) ;
#8872 = VECTOR ( 'NONE', #9297, 1000.000000000000000 ) ;
#8873 = ORIENTED_EDGE ( 'NONE', *, *, #3035, .F. ) ;
#8874 = DIRECTION ( 'NONE',  ( 0.000000000000000000, -1.000000000000000000, 0.000000000000000000 ) ) ;
#8875 = FACE_OUTER_BOUND ( 'NONE', #5369, .T. ) ;
#8876 = CARTESIAN_POINT ( 'NONE',  ( -32.41788286210058345, 15.48641401289931885, 0.5000000000000004441 ) ) ;
#8877 = LINE ( 'NONE', #6516, #2321 ) ;
#8878 = VECTOR ( 'NONE', #3679, 1000.000000000000000 ) ;
#8879 = LINE ( 'NONE', #2313, #7397 ) ;
#8880 = ORIENTED_EDGE ( 'NONE', *, *, #7732, .T. ) ;
#8881 = DIRECTION ( 'NONE',  ( -0.000000000000000000, -0.000000000000000000, 1.000000000000000000 ) ) ;
#8882 = ORIENTED_EDGE ( 'NONE', *, *, #4411, .T. ) ;
#8883 = EDGE_CURVE ( 'NONE', #8043, #6093, #9699, .T. ) ;
#8884 = ORIENTED_EDGE ( 'NONE', *, *, #401, .T. ) ;
#8885 = EDGE_CURVE ( 'NONE', #982, #753, #5604, .T. ) ;
#8886 = ADVANCED_FACE ( 'NONE', ( #6674 ), #5098, .F. ) ;
#8887 = AXIS2_PLACEMENT_3D ( 'NONE', #1990, #4310, #966 ) ;
#8888 = LINE ( 'NONE', #3080, #7193 ) ;
#8889 = VECTOR ( 'NONE', #6724, 1000.000000000000000 ) ;
#8890 = CARTESIAN_POINT ( 'NONE',  ( 9.582117137899414772, 15.48641401289931885, 1.500000000000000444 ) ) ;
#8891 = EDGE_CURVE ( 'NONE', #5665, #5909, #1715, .T. ) ;
#8892 = DIRECTION ( 'NONE',  ( -0.000000000000000000, -0.000000000000000000, 1.000000000000000000 ) ) ;
#8893 = DIRECTION ( 'NONE',  ( -1.000000000000000000, 0.000000000000000000, 0.000000000000000000 ) ) ;
#8894 = CARTESIAN_POINT ( 'NONE',  ( -37.06788286210058203, 20.80448725967914925, 1.500000000000000444 ) ) ;
#8895 = DIRECTION ( 'NONE',  ( 0.000000000000000000, -1.000000000000000000, 0.000000000000000000 ) ) ;
#8896 = FACE_OUTER_BOUND ( 'NONE', #282, .T. ) ;
#8897 = VERTEX_POINT ( 'NONE', #1811 ) ;
#8898 = SECURITY_CLASSIFICATION ( '', '', #7292 ) ;
#8899 = VERTEX_POINT ( 'NONE', #4296 ) ;
#8900 = VERTEX_POINT ( 'NONE', #5904 ) ;
#8901 = AXIS2_PLACEMENT_3D ( 'NONE', #3349, #973, #3301 ) ;
#8902 = ORIENTED_EDGE ( 'NONE', *, *, #10252, .F. ) ;
#8903 = ADVANCED_FACE ( 'NONE', ( #7275 ), #701, .F. ) ;
#8904 = LINE ( 'NONE', #4811, #6146 ) ;
#8905 = CARTESIAN_POINT ( 'NONE',  ( -105.4784751358815669, 23.17217973710065948, 1.500000000000000444 ) ) ;
#8906 = CARTESIAN_POINT ( 'NONE',  ( 161.0000000000000000, 0.000000000000000000, 1.500000000000000444 ) ) ;
#8907 = FACE_OUTER_BOUND ( 'NONE', #1871, .T. ) ;
#8908 = VECTOR ( 'NONE', #7380, 1000.000000000000000 ) ;
#8909 = CARTESIAN_POINT ( 'NONE',  ( -14.06788286210058914, 20.80448725967914925, 1.500000000000000444 ) ) ;
#8910 = CARTESIAN_POINT ( 'NONE',  ( -78.41788286210059766, 22.78641401289931778, 1.500000000000000444 ) ) ;
#8911 = DIRECTION ( 'NONE',  ( -0.000000000000000000, 1.000000000000000000, -0.000000000000000000 ) ) ;
#8912 = ORIENTED_EDGE ( 'NONE', *, *, #2141, .F. ) ;
#8913 = DATE_AND_TIME ( #1373, #10096 ) ;
#8914 = ORIENTED_EDGE ( 'NONE', *, *, #7106, .T. ) ;
#8915 = ORIENTED_EDGE ( 'NONE', *, *, #8042, .T. ) ;
#8916 = AXIS2_PLACEMENT_3D ( 'NONE', #8409, #219, #4316 ) ;
#8917 = ADVANCED_FACE ( 'NONE', ( #4997 ), #3995, .F. ) ;
#8918 = CARTESIAN_POINT ( 'NONE',  ( -78.41788286210058345, 15.48641401289931885, 0.5000000000000004441 ) ) ;
#8919 = CARTESIAN_POINT ( 'NONE',  ( 92.00000000000000000, 0.000000000000000000, 0.5000000000000004441 ) ) ;
#8920 = FACE_OUTER_BOUND ( 'NONE', #2182, .T. ) ;
#8921 = CARTESIAN_POINT ( 'NONE',  ( -36.47847513588153845, 13.13641401289931920, 1.500000000000000444 ) ) ;
#8922 = LINE ( 'NONE', #2299, #4387 ) ;
#8923 = ORIENTED_EDGE ( 'NONE', *, *, #10450, .T. ) ;
#8924 = CARTESIAN_POINT ( 'NONE',  ( -82.47847513588153845, 13.13641401289931920, 1.500000000000000444 ) ) ;
#8925 = VERTEX_POINT ( 'NONE', #2578 ) ;
#8926 = EDGE_CURVE ( 'NONE', #8502, #9300, #8388, .T. ) ;
#8927 = VERTEX_POINT ( 'NONE', #8335 ) ;
#8928 = ORIENTED_EDGE ( 'NONE', *, *, #8233, .T. ) ;
#8929 = VECTOR ( 'NONE', #416, 1000.000000000000000 ) ;
#8930 = CARTESIAN_POINT ( 'NONE',  ( 6.582117137899412995, 20.23277201088161448, 1.500000000000000444 ) ) ;
#8931 = DIRECTION ( 'NONE',  ( 1.000000000000000000, 0.000000000000000000, 0.000000000000000000 ) ) ;
#8932 = PLANE ( 'NONE',  #5666 ) ;
#8933 = CARTESIAN_POINT ( 'NONE',  ( 14.23211713789943111, 15.50448725967913610, 0.5000000000000004441 ) ) ;
#8934 = VECTOR ( 'NONE', #5047, 1000.000000000000000 ) ;
#8935 = PLANE ( 'NONE',  #6016 ) ;
#8936 = ORIENTED_EDGE ( 'NONE', *, *, #3573, .T. ) ;
#8937 = LINE ( 'NONE', #10651, #2532 ) ;
#8938 = ORIENTED_EDGE ( 'NONE', *, *, #2502, .F. ) ;
#8939 = ORIENTED_EDGE ( 'NONE', *, *, #9937, .F. ) ;
#8940 = VECTOR ( 'NONE', #3578, 1000.000000000000000 ) ;
#8941 = CARTESIAN_POINT ( 'NONE',  ( -13.47847513588157398, 23.17217973710065948, 6.000000000000000000 ) ) ;
#8942 = CARTESIAN_POINT ( 'NONE',  ( -98.38211713789927160, 16.07582173911838197, 1.500000000000000444 ) ) ;
#8943 = CARTESIAN_POINT ( 'NONE',  ( -32.30364200201764646, 13.15429687499999822, 4.000000000000000000 ) ) ;
#8944 = EDGE_CURVE ( 'NONE', #7685, #1262, #2323, .T. ) ;
#8945 = CARTESIAN_POINT ( 'NONE',  ( -16.41788286210060832, 16.07582173911837842, 1.500000000000000444 ) ) ;
#8946 = CARTESIAN_POINT ( 'NONE',  ( -129.0678828621005891, 20.80448725967914925, 1.500000000000000444 ) ) ;
#8947 = CARTESIAN_POINT ( 'NONE',  ( -77.76788286210057777, 15.50448725967913610, 0.5000000000000004441 ) ) ;
#8948 = ORIENTED_EDGE ( 'NONE', *, *, #917, .T. ) ;
#8949 = VERTEX_POINT ( 'NONE', #5858 ) ;
#8950 = VERTEX_POINT ( 'NONE', #5048 ) ;
#8951 = CYLINDRICAL_SURFACE ( 'NONE', #2878, 0.2500000000000000000 ) ;
#8952 = EDGE_CURVE ( 'NONE', #7385, #10125, #3485, .T. ) ;
#8953 = CARTESIAN_POINT ( 'NONE',  ( -137.7499999999999716, 20.85065487298235709, 4.000000000000000000 ) ) ;
#8954 = LINE ( 'NONE', #4498, #1750 ) ;
#8955 = DIRECTION ( 'NONE',  ( 0.000000000000000000, -1.000000000000000000, 0.000000000000000000 ) ) ;
#8956 = CARTESIAN_POINT ( 'NONE',  ( -36.41788286210059766, 13.48641401289931885, 0.5000000000000004441 ) ) ;
#8957 = CARTESIAN_POINT ( 'NONE',  ( 45.85000000000000142, 25.65429687500000355, 6.000000000000000000 ) ) ;
#8958 = DIRECTION ( 'NONE',  ( -0.000000000000000000, -0.000000000000000000, 1.000000000000000000 ) ) ;
#8959 = ORIENTED_EDGE ( 'NONE', *, *, #9288, .F. ) ;
#8960 = EDGE_CURVE ( 'NONE', #8502, #9287, #2674, .T. ) ;
#8961 = COORDINATED_UNIVERSAL_TIME_OFFSET ( 5, 0, .BEHIND. ) ;
#8962 = ORIENTED_EDGE ( 'NONE', *, *, #1441, .F. ) ;
#8963 = VECTOR ( 'NONE', #3723, 1000.000000000000000 ) ;
#8964 = EDGE_CURVE ( 'NONE', #1031, #4793, #950, .T. ) ;
#8965 = VERTEX_POINT ( 'NONE', #2523 ) ;
#8966 = UNCERTAINTY_MEASURE_WITH_UNIT (LENGTH_MEASURE( 1.000000000000000082E-05 ), #6019, 'distance_accuracy_value', 'NONE');
#8967 = AXIS2_PLACEMENT_3D ( 'NONE', #8305, #7544, #8254 ) ;
#8968 = CARTESIAN_POINT ( 'NONE',  ( -36.41788286210059766, 22.78641401289931778, 0.5000000000000004441 ) ) ;
#8969 = DIRECTION ( 'NONE',  ( 0.000000000000000000, -0.000000000000000000, -1.000000000000000000 ) ) ;
#8970 = DIRECTION ( 'NONE',  ( -0.7071067811865462405, -0.7071067811865489050, 0.000000000000000000 ) ) ;
#8971 = DIRECTION ( 'NONE',  ( 0.000000000000000000, -0.000000000000000000, -1.000000000000000000 ) ) ;
#8972 = CARTESIAN_POINT ( 'NONE',  ( -8.767882862100590202, 20.78641401289932134, -2.999999999999999112 ) ) ;
#8973 = VERTEX_POINT ( 'NONE', #8088 ) ;
#8974 = EDGE_CURVE ( 'NONE', #5247, #5182, #8439, .T. ) ;
#8975 = DIRECTION ( 'NONE',  ( -0.000000000000000000, 1.000000000000000000, 0.000000000000000000 ) ) ;
#8976 = ORIENTED_EDGE ( 'NONE', *, *, #9425, .F. ) ;
#8977 = ORIENTED_EDGE ( 'NONE', *, *, #5601, .F. ) ;
#8978 = VECTOR ( 'NONE', #3249, 1000.000000000000000 ) ;
#8979 = VERTEX_POINT ( 'NONE', #5803 ) ;
#8980 = ADVANCED_FACE ( 'NONE', ( #10508 ), #8286, .F. ) ;
#8981 = DIRECTION ( 'NONE',  ( -0.000000000000000000, -0.000000000000000000, 1.000000000000000000 ) ) ;
#8982 = CARTESIAN_POINT ( 'NONE',  ( -135.7499999999999716, 23.15429687500000355, 0.3499999999999999223 ) ) ;
#8983 = CARTESIAN_POINT ( 'NONE',  ( -52.99999999999999289, 20.85065487298235709, 1.500000000000000444 ) ) ;
#8984 = DIRECTION ( 'NONE',  ( 0.000000000000000000, -1.000000000000000000, 0.000000000000000000 ) ) ;
#8985 = ADVANCED_FACE ( 'NONE', ( #7470 ), #10156, .F. ) ;
#8986 = CARTESIAN_POINT ( 'NONE',  ( -106.0678828621005891, 20.80448725967914925, 0.5000000000000004441 ) ) ;
#8987 = ORIENTED_EDGE ( 'NONE', *, *, #8244, .T. ) ;
#8988 = CARTESIAN_POINT ( 'NONE',  ( 39.25000000000000000, 23.15429687500000000, 6.000000000000000000 ) ) ;
#8989 = VERTEX_POINT ( 'NONE', #10260 ) ;
#8990 = ORIENTED_EDGE ( 'NONE', *, *, #7393, .T. ) ;
#8991 = DIRECTION ( 'NONE',  ( 1.000000000000000000, -0.000000000000000000, 0.000000000000000000 ) ) ;
#8992 = CARTESIAN_POINT ( 'NONE',  ( -129.0678828621005891, 20.78641401289932134, 1.500000000000000444 ) ) ;
#8993 = CARTESIAN_POINT ( 'NONE',  ( 6.582117137899412995, 20.23277201088161448, 2.500000000000000000 ) ) ;
#8994 = CARTESIAN_POINT ( 'NONE',  ( -105.4784751358815669, 23.17217973710065948, 4.000000000000000000 ) ) ;
#8995 = ORIENTED_EDGE ( 'NONE', *, *, #3259, .T. ) ;
#8996 = CARTESIAN_POINT ( 'NONE',  ( 6.582117137899412995, 16.07582173911837842, 1.500000000000000444 ) ) ;
#8997 = LINE ( 'NONE', #8193, #7257 ) ;
#8998 = EDGE_LOOP ( 'NONE', ( #7782, #3647, #9631, #2267 ) ) ;
#8999 = ORIENTED_EDGE ( 'NONE', *, *, #10540, .F. ) ;
#9000 = ORIENTED_EDGE ( 'NONE', *, *, #2470, .T. ) ;
#9001 = EDGE_CURVE ( 'NONE', #10149, #1011, #9508, .T. ) ;
#9002 = LINE ( 'NONE', #5880, #7521 ) ;
#9003 = PLANE ( 'NONE',  #10528 ) ;
#9004 = ADVANCED_FACE ( 'NONE', ( #4394 ), #5311, .F. ) ;
#9005 = LINE ( 'NONE', #5125, #5191 ) ;
#9006 = LINE ( 'NONE', #9119, #5245 ) ;
#9007 = CARTESIAN_POINT ( 'NONE',  ( -107.8178828621005891, 15.48641401289931885, 1.500000000000000444 ) ) ;
#9008 = CARTESIAN_POINT ( 'NONE',  ( -135.7499999999999716, 23.15429687500000355, 0.2500000000000000000 ) ) ;
#9009 = CARTESIAN_POINT ( 'NONE',  ( -82.49635799798218727, 13.15429687499998934, 4.000000000000000000 ) ) ;
#9010 = VERTEX_POINT ( 'NONE', #6979 ) ;
#9011 = ORIENTED_EDGE ( 'NONE', *, *, #8421, .T. ) ;
#9012 = EDGE_CURVE ( 'NONE', #2167, #5143, #2732, .T. ) ;
#9013 = ORIENTED_EDGE ( 'NONE', *, *, #671, .T. ) ;
#9014 = EDGE_CURVE ( 'NONE', #3335, #5610, #4343, .T. ) ;
#9015 = EDGE_CURVE ( 'NONE', #1793, #3966, #6878, .T. ) ;
#9016 = CARTESIAN_POINT ( 'NONE',  ( -85.41788286210059766, 16.07582173911837486, 2.499999999999999112 ) ) ;
#9017 = DIRECTION ( 'NONE',  ( 0.000000000000000000, -1.000000000000000000, 0.000000000000000000 ) ) ;
#9018 = EDGE_CURVE ( 'NONE', #10547, #12, #1217, .T. ) ;
#9019 = DIRECTION ( 'NONE',  ( -1.000000000000000000, 0.000000000000000000, -0.000000000000000000 ) ) ;
#9020 = PLANE ( 'NONE',  #440 ) ;
#9021 = LINE ( 'NONE', #8222, #9199 ) ;
#9022 = ORIENTED_EDGE ( 'NONE', *, *, #844, .F. ) ;
#9023 = DIRECTION ( 'NONE',  ( 0.000000000000000000, -0.000000000000000000, 1.000000000000000000 ) ) ;
#9024 = ORIENTED_EDGE ( 'NONE', *, *, #3990, .T. ) ;
#9025 =( BOUNDED_CURVE ( )  B_SPLINE_CURVE ( 3, ( #10074, #8511, #1074, #9268 ),
 .UNSPECIFIED., .F., .F. ) 
 B_SPLINE_CURVE_WITH_KNOTS ( ( 4, 4 ),
 ( 3.141592653589793116, 4.712388980384689674 ),
 .UNSPECIFIED. ) 
 CURVE ( )  GEOMETRIC_REPRESENTATION_ITEM ( )  RATIONAL_B_SPLINE_CURVE ( ( 1.000000000000000000, 0.8047378541243649375, 0.8047378541243649375, 1.000000000000000000 ) ) 
 REPRESENTATION_ITEM ( '' )  );
#9026 = ORIENTED_EDGE ( 'NONE', *, *, #10431, .F. ) ;
#9027 = ORIENTED_EDGE ( 'NONE', *, *, #3981, .T. ) ;
#9028 = VECTOR ( 'NONE', #3098, 1000.000000000000000 ) ;
#9029 = VECTOR ( 'NONE', #3790, 1000.000000000000000 ) ;
#9030 = ADVANCED_FACE ( 'NONE', ( #6013 ), #7626, .F. ) ;
#9031 = CARTESIAN_POINT ( 'NONE',  ( 16.00000000000001421, 20.85065487298235709, 1.500000000000000444 ) ) ;
#9032 = CARTESIAN_POINT ( 'NONE',  ( 39.25000000000000000, 23.15429687500000000, 4.000000000000000000 ) ) ;
#9033 = CARTESIAN_POINT ( 'NONE',  ( 39.61788286210074261, 20.23277201088161803, 1.500000000000000444 ) ) ;
#9034 = DIRECTION ( 'NONE',  ( 1.000000000000000000, -0.000000000000000000, 0.000000000000000000 ) ) ;
#9035 = DIRECTION ( 'NONE',  ( 1.000000000000000000, 0.000000000000000000, 0.000000000000000000 ) ) ;
#9036 = LINE ( 'NONE', #5906, #3071 ) ;
#9037 = VECTOR ( 'NONE', #5243, 1000.000000000000000 ) ;
#9038 = EDGE_LOOP ( 'NONE', ( #5550, #6274, #7118, #8825 ) ) ;
#9039 = CARTESIAN_POINT ( 'NONE',  ( -98.38211713789927160, 16.07582173911838197, 2.499999999999999112 ) ) ;
#9040 = ORIENTED_EDGE ( 'NONE', *, *, #10189, .T. ) ;
#9041 = VECTOR ( 'NONE', #2133, 1000.000000000000000 ) ;
#9042 = ORIENTED_EDGE ( 'NONE', *, *, #7234, .F. ) ;
#9043 = EDGE_CURVE ( 'NONE', #9107, #156, #6821, .T. ) ;
#9044 = VECTOR ( 'NONE', #6218, 1000.000000000000000 ) ;
#9045 = VECTOR ( 'NONE', #3265, 1000.000000000000000 ) ;
#9046 = LINE ( 'NONE', #4955, #3928 ) ;
#9047 = PLANE ( 'NONE',  #7866 ) ;
#9048 = FACE_OUTER_BOUND ( 'NONE', #7855, .T. ) ;
#9049 = LINE ( 'NONE', #3848, #9028 ) ;
#9050 = ORIENTED_EDGE ( 'NONE', *, *, #7837, .F. ) ;
#9051 = DIRECTION ( 'NONE',  ( -0.000000000000000000, -1.000000000000000000, -0.000000000000000000 ) ) ;
#9052 = LINE ( 'NONE', #6785, #7425 ) ;
#9053 = ORIENTED_EDGE ( 'NONE', *, *, #2683, .F. ) ;
#9054 = ORIENTED_EDGE ( 'NONE', *, *, #3562, .T. ) ;
#9055 = EDGE_CURVE ( 'NONE', #8419, #4234, #2837, .T. ) ;
#9056 = VECTOR ( 'NONE', #2431, 1000.000000000000000 ) ;
#9057 = ORIENTED_EDGE ( 'NONE', *, *, #2174, .T. ) ;
#9058 = VECTOR ( 'NONE', #1973, 1000.000000000000000 ) ;
#9059 = PLANE ( 'NONE',  #1834 ) ;
#9060 = CARTESIAN_POINT ( 'NONE',  ( -13.47847513588154555, 13.13641401289931920, 1.500000000000000444 ) ) ;
#9061 = DIRECTION ( 'NONE',  ( 0.000000000000000000, -1.000000000000000000, 0.000000000000000000 ) ) ;
#9062 = AXIS2_PLACEMENT_3D ( 'NONE', #1926, #7631, #6071 ) ;
#9063 = CARTESIAN_POINT ( 'NONE',  ( 36.67847513588168340, 13.13641401289931920, 1.500000000000000444 ) ) ;
#9064 = CARTESIAN_POINT ( 'NONE',  ( -13.41788286210060477, 22.78641401289931778, 1.500000000000000444 ) ) ;
#9065 = CARTESIAN_POINT ( 'NONE',  ( 9.582117137899414772, 15.48641401289931885, 0.5000000000000004441 ) ) ;
#9066 = DIRECTION ( 'NONE',  ( -1.000000000000000000, 0.000000000000000000, 0.000000000000000000 ) ) ;
#9067 = ORIENTED_EDGE ( 'NONE', *, *, #10450, .F. ) ;
#9068 = VECTOR ( 'NONE', #3561, 1000.000000000000000 ) ;
#9069 = VERTEX_POINT ( 'NONE', #4502 ) ;
#9070 = ORIENTED_EDGE ( 'NONE', *, *, #1108, .F. ) ;
#9071 = VECTOR ( 'NONE', #7480, 1000.000000000000000 ) ;
#9072 = DIRECTION ( 'NONE',  ( 0.7071067811865475727, -0.7071067811865475727, 0.000000000000000000 ) ) ;
#9073 = EDGE_CURVE ( 'NONE', #7967, #7279, #5207, .T. ) ;
#9074 = PLANE ( 'NONE',  #9212 ) ;
#9075 = CARTESIAN_POINT ( 'NONE',  ( -124.4178828621005835, 15.48641401289931885, 1.500000000000000444 ) ) ;
#9076 = PLANE ( 'NONE',  #1820 ) ;
#9077 = EDGE_CURVE ( 'NONE', #6186, #9164, #1922, .T. ) ;
#9078 = FACE_OUTER_BOUND ( 'NONE', #4966, .T. ) ;
#9079 = ORIENTED_EDGE ( 'NONE', *, *, #6022, .T. ) ;
#9080 = EDGE_CURVE ( 'NONE', #8181, #10305, #7789, .T. ) ;
#9081 = CARTESIAN_POINT ( 'NONE',  ( -129.0678828621005891, 20.78641401289932134, -2.999999999999999112 ) ) ;
#9082 = AXIS2_PLACEMENT_3D ( 'NONE', #539, #1350, #1406 ) ;
#9083 = ORIENTED_EDGE ( 'NONE', *, *, #3761, .F. ) ;
#9084 = ORIENTED_EDGE ( 'NONE', *, *, #9872, .F. ) ;
#9085 = VECTOR ( 'NONE', #9352, 1000.000000000000000 ) ;
#9086 = VERTEX_POINT ( 'NONE', #7739 ) ;
#9087 = LINE ( 'NONE', #6610, #6569 ) ;
#9088 = FACE_OUTER_BOUND ( 'NONE', #580, .T. ) ;
#9089 = EDGE_CURVE ( 'NONE', #8066, #4658, #352, .T. ) ;
#9090 = CARTESIAN_POINT ( 'NONE',  ( 13.58211713789943254, 15.48641401289931885, 1.500000000000000444 ) ) ;
#9091 = CARTESIAN_POINT ( 'NONE',  ( -135.4999999999999716, 22.90429687500000355, 0.5999999999999999778 ) ) ;
#9092 = CARTESIAN_POINT ( 'NONE',  ( -14.06788286210058914, 15.48641401289931885, 0.5000000000000004441 ) ) ;
#9093 = CARTESIAN_POINT ( 'NONE',  ( -9.417882862100587005, 20.78641401289932134, 0.5000000000000004441 ) ) ;
#9094 = PLANE ( 'NONE',  #7194 ) ;
#9095 = VERTEX_POINT ( 'NONE', #3643 ) ;
#9096 = CARTESIAN_POINT ( 'NONE',  ( -6.382117137899268045, 20.23277201088161803, 1.500000000000000444 ) ) ;
#9097 = ORIENTED_EDGE ( 'NONE', *, *, #4602, .F. ) ;
#9098 = EDGE_CURVE ( 'NONE', #4781, #4934, #8701, .T. ) ;
#9099 = AXIS2_PLACEMENT_3D ( 'NONE', #3982, #9637, #10381 ) ;
#9100 = ORIENTED_EDGE ( 'NONE', *, *, #1876, .F. ) ;
#9101 = ADVANCED_FACE ( 'NONE', ( #2083 ), #5366, .F. ) ;
#9102 = DIRECTION ( 'NONE',  ( -0.000000000000000000, -0.000000000000000000, 1.000000000000000000 ) ) ;
#9103 = CARTESIAN_POINT ( 'NONE',  ( 9.521524864118473985, 13.13641401289931920, 1.500000000000000444 ) ) ;
#9104 = VECTOR ( 'NONE', #4175, 1000.000000000000000 ) ;
#9105 = DIRECTION ( 'NONE',  ( 1.734723475976806902E-18, 1.000000000000000000, 0.000000000000000000 ) ) ;
#9106 = DIRECTION ( 'NONE',  ( 0.7071067811865474617, 0.7071067811865474617, 0.000000000000000000 ) ) ;
#9107 = VERTEX_POINT ( 'NONE', #10108 ) ;
#9108 = DIRECTION ( 'NONE',  ( 1.000000000000000000, 0.000000000000000000, 0.000000000000000000 ) ) ;
#9109 = CARTESIAN_POINT ( 'NONE',  ( -15.81788286210059091, 15.48641401289931885, 0.5000000000000004441 ) ) ;
#9110 = ORIENTED_EDGE ( 'NONE', *, *, #3346, .T. ) ;
#9111 = EDGE_CURVE ( 'NONE', #344, #7052, #6232, .T. ) ;
#9112 = ORIENTED_EDGE ( 'NONE', *, *, #8591, .T. ) ;
#9113 = VECTOR ( 'NONE', #10144, 1000.000000000000000 ) ;
#9114 = EDGE_LOOP ( 'NONE', ( #2085, #9833, #3272, #6171, #2654, #565 ) ) ;
#9115 = CARTESIAN_POINT ( 'NONE',  ( -137.7499999999999716, 15.45793887701764291, 3.999999999999999112 ) ) ;
#9116 = DIRECTION ( 'NONE',  ( -0.7071067811865462405, -0.7071067811865489050, 0.000000000000000000 ) ) ;
#9117 = PLANE ( 'NONE',  #5708 ) ;
#9118 = EDGE_CURVE ( 'NONE', #1663, #3737, #3803, .T. ) ;
#9119 = CARTESIAN_POINT ( 'NONE',  ( -108.4178828621006119, 16.07582173911837842, 6.000000000000000000 ) ) ;
#9120 = DIRECTION ( 'NONE',  ( -0.7071067811865474617, -0.7071067811865474617, 0.000000000000000000 ) ) ;
#9121 = CARTESIAN_POINT ( 'NONE',  ( -99.01788286210059198, 20.78641401289932134, 1.500000000000000444 ) ) ;
#9122 = EDGE_LOOP ( 'NONE', ( #1693, #8228, #2304, #9194 ) ) ;
#9123 = ORIENTED_EDGE ( 'NONE', *, *, #8024, .T. ) ;
#9124 = VERTEX_POINT ( 'NONE', #3916 ) ;
#9125 = EDGE_CURVE ( 'NONE', #753, #2885, #1543, .T. ) ;
#9126 = FACE_OUTER_BOUND ( 'NONE', #3129, .T. ) ;
#9127 = CARTESIAN_POINT ( 'NONE',  ( 46.25000000000000000, 22.40429687500000355, 1.000000000000000000 ) ) ;
#9128 = CARTESIAN_POINT ( 'NONE',  ( 39.25000000000000711, 15.70793887701764291, 2.499999999999999112 ) ) ;
#9129 = FACE_BOUND ( 'NONE', #7817, .T. ) ;
#9130 = PLANE ( 'NONE',  #6294 ) ;
#9131 = ORIENTED_EDGE ( 'NONE', *, *, #6065, .F. ) ;
#9132 = ORIENTED_EDGE ( 'NONE', *, *, #5471, .F. ) ;
#9133 = ORIENTED_EDGE ( 'NONE', *, *, #1348, .T. ) ;
#9134 = ORIENTED_EDGE ( 'NONE', *, *, #1355, .F. ) ;
#9135 = VECTOR ( 'NONE', #9487, 1000.000000000000000 ) ;
#9136 = EDGE_CURVE ( 'NONE', #6234, #26, #9564, .T. ) ;
#9137 = LINE ( 'NONE', #1142, #3638 ) ;
#9138 = FACE_OUTER_BOUND ( 'NONE', #2450, .T. ) ;
#9139 = CARTESIAN_POINT ( 'NONE',  ( -60.06788286210057493, 20.80448725967914925, 0.5000000000000004441 ) ) ;
#9140 = EDGE_CURVE ( 'NONE', #6838, #8258, #5476, .T. ) ;
#9141 = LINE ( 'NONE', #8175, #2572 ) ;
#9142 = CARTESIAN_POINT ( 'NONE',  ( 38.98211713789942223, 20.78641401289932134, 0.5000000000000004441 ) ) ;
#9143 = CARTESIAN_POINT ( 'NONE',  ( -16.41788286210060832, 16.07582173911837842, 1.500000000000000444 ) ) ;
#9144 = LINE ( 'NONE', #4032, #6657 ) ;
#9145 = ORIENTED_EDGE ( 'NONE', *, *, #9633, .F. ) ;
#9146 = FACE_OUTER_BOUND ( 'NONE', #527, .T. ) ;
#9148 = ORIENTED_EDGE ( 'NONE', *, *, #7891, .F. ) ;
#9147 = VECTOR ( 'NONE', #6216, 1000.000000000000000 ) ;
#9149 = ORIENTED_EDGE ( 'NONE', *, *, #5150, .F. ) ;
#9150 = EDGE_CURVE ( 'NONE', #5377, #7243, #2995, .T. ) ;
#9151 = EDGE_CURVE ( 'NONE', #8366, #9501, #10485, .T. ) ;
#9152 = AXIS2_PLACEMENT_3D ( 'NONE', #7786, #3688, #7678 ) ;
#9153 = LINE ( 'NONE', #1773, #483 ) ;
#9154 = EDGE_CURVE ( 'NONE', #10225, #5572, #4719, .T. ) ;
#9155 = CARTESIAN_POINT ( 'NONE',  ( -84.81788286210058914, 20.80448725967914925, 0.5000000000000004441 ) ) ;
#9156 = PLANE ( 'NONE',  #2562 ) ;
#9157 = DIRECTION ( 'NONE',  ( -1.000000000000000000, -0.000000000000000000, -0.000000000000000000 ) ) ;
#9158 = EDGE_CURVE ( 'NONE', #8927, #6547, #8117, .T. ) ;
#9159 = VERTEX_POINT ( 'NONE', #570 ) ;
#9160 = CARTESIAN_POINT ( 'NONE',  ( -9.303642002017646462, 13.15429687500000000, 4.000000000000000000 ) ) ;
#9161 = DIRECTION ( 'NONE',  ( 0.000000000000000000, 0.000000000000000000, -1.000000000000000000 ) ) ;
#9162 = ORIENTED_EDGE ( 'NONE', *, *, #7271, .T. ) ;
#9163 = EDGE_LOOP ( 'NONE', ( #4714, #5562, #4415, #10513 ) ) ;
#9164 = VERTEX_POINT ( 'NONE', #3158 ) ;
#9165 = DIRECTION ( 'NONE',  ( 0.7071067811865475727, -0.7071067811865475727, 0.000000000000000000 ) ) ;
#9166 = EDGE_CURVE ( 'NONE', #6277, #4894, #7951, .T. ) ;
#9167 = LINE ( 'NONE', #2755, #7346 ) ;
#9168 = CARTESIAN_POINT ( 'NONE',  ( 39.25000000000000000, 23.15429687500000000, 4.000000000000000000 ) ) ;
#9169 = LINE ( 'NONE', #5073, #1807 ) ;
#9170 = PLANE ( 'NONE',  #6648 ) ;
#9171 = DIRECTION ( 'NONE',  ( -0.7071067811865471286, -0.7071067811865480168, 0.000000000000000000 ) ) ;
#9172 = EDGE_LOOP ( 'NONE', ( #8589, #3785, #9936, #7041 ) ) ;
#9173 = VERTEX_POINT ( 'NONE', #7299 ) ;
#9174 = VERTEX_POINT ( 'NONE', #6504 ) ;
#9175 = EDGE_CURVE ( 'NONE', #10377, #8652, #7141, .T. ) ;
#9176 = EDGE_CURVE ( 'NONE', #5090, #1384, #3056, .T. ) ;
#9177 = PLANE ( 'NONE',  #6238 ) ;
#9178 = DIRECTION ( 'NONE',  ( -6.938893903907234689E-15, 1.000000000000000000, 0.000000000000000000 ) ) ;
#9179 = CARTESIAN_POINT ( 'NONE',  ( 9.582117137899414772, 20.78641401289932134, 0.5000000000000004441 ) ) ;
#9180 = DIRECTION ( 'NONE',  ( 0.000000000000000000, -1.000000000000000000, 0.000000000000000000 ) ) ;
#9181 = CARTESIAN_POINT ( 'NONE',  ( 23.00000000000000000, 0.000000000000000000, 0.5000000000000004441 ) ) ;
#9182 = EDGE_LOOP ( 'NONE', ( #10111, #10549, #7542, #1631, #9953, #7256 ) ) ;
#9183 = ORIENTED_EDGE ( 'NONE', *, *, #1548, .F. ) ;
#9184 = EDGE_LOOP ( 'NONE', ( #9514, #8990, #9133, #230 ) ) ;
#9185 = EDGE_CURVE ( 'NONE', #4619, #3672, #7897, .T. ) ;
#9186 = ORIENTED_EDGE ( 'NONE', *, *, #10133, .F. ) ;
#9187 = LINE ( 'NONE', #1808, #9827 ) ;
#9188 = DIRECTION ( 'NONE',  ( 0.7071067811865462405, 0.7071067811865489050, 0.000000000000000000 ) ) ;
#9189 = CARTESIAN_POINT ( 'NONE',  ( -137.7499999999999716, 15.45793887701764291, 2.499999999999999112 ) ) ;
#9190 = DIRECTION ( 'NONE',  ( 0.7071067811865466846, 0.7071067811865483499, 0.000000000000000000 ) ) ;
#9191 = CARTESIAN_POINT ( 'NONE',  ( -135.9999999999999716, 13.15429687500000355, 0.000000000000000000 ) ) ;
#9192 = DIRECTION ( 'NONE',  ( 0.000000000000000000, -0.000000000000000000, -1.000000000000000000 ) ) ;
#9193 = ORIENTED_EDGE ( 'NONE', *, *, #9080, .T. ) ;
#9194 = ORIENTED_EDGE ( 'NONE', *, *, #2634, .F. ) ;
#9195 = ORIENTED_EDGE ( 'NONE', *, *, #9492, .F. ) ;
#9196 = VECTOR ( 'NONE', #9035, 1000.000000000000000 ) ;
#9197 = FACE_OUTER_BOUND ( 'NONE', #4644, .T. ) ;
#9198 = DIRECTION ( 'NONE',  ( 0.000000000000000000, 1.000000000000000000, 0.000000000000000000 ) ) ;
#9199 = VECTOR ( 'NONE', #4830, 1000.000000000000000 ) ;
#9200 = PLANE ( 'NONE',  #157 ) ;
#9201 = CARTESIAN_POINT ( 'NONE',  ( 46.25000000000000000, 22.40429687500000355, 1.000000000000000000 ) ) ;
#9202 = VECTOR ( 'NONE', #3304, 1000.000000000000114 ) ;
#9203 = EDGE_CURVE ( 'NONE', #1723, #6110, #2246, .T. ) ;
#9204 = ORIENTED_EDGE ( 'NONE', *, *, #6226, .F. ) ;
#9205 = LINE ( 'NONE', #6081, #5618 ) ;
#9206 = CARTESIAN_POINT ( 'NONE',  ( -137.7499999999999716, 20.85065487298235709, 2.500000000000000000 ) ) ;
#9208 = VERTEX_POINT ( 'NONE', #6398 ) ;
#9207 = ADVANCED_FACE ( 'NONE', ( #7087 ), #8814, .T. ) ;
#9209 = EDGE_CURVE ( 'NONE', #3598, #8643, #678, .T. ) ;
#9210 = ORIENTED_EDGE ( 'NONE', *, *, #9940, .T. ) ;
#9211 = EDGE_LOOP ( 'NONE', ( #143, #8191, #204, #4360, #5580, #237, #4036, #4496, #829, #4859, #60, #1059, #307, #5120, #8869, #367, #4989, #7454, #1107, #3622, #2817, #10140, #3713, #5383, #4290, #7892, #7595, #309, #1250, #7103, #1860, #2305, #7204, #4325, #7026, #4217, #2330, #5593, #9100, #2556 ) ) ;
#9212 = AXIS2_PLACEMENT_3D ( 'NONE', #1852, #8322, #5035 ) ;
#9213 = VECTOR ( 'NONE', #10424, 1000.000000000000000 ) ;
#9214 = DIRECTION ( 'NONE',  ( -0.7071067811865489050, 0.7071067811865462405, 0.000000000000000000 ) ) ;
#9215 = DIRECTION ( 'NONE',  ( 0.000000000000000000, -0.000000000000000000, 1.000000000000000000 ) ) ;
#9216 = LINE ( 'NONE', #6589, #2282 ) ;
#9217 = CARTESIAN_POINT ( 'NONE',  ( -121.3821171378992574, 20.23277201088161803, 4.000000000000000000 ) ) ;
#9218 = CARTESIAN_POINT ( 'NONE',  ( -54.76788286210057777, 15.48641401289931885, -2.999999999999999112 ) ) ;
#9219 = DIRECTION ( 'NONE',  ( -0.7071067811865462405, -0.7071067811865489050, 0.000000000000000000 ) ) ;
#9220 = ORIENTED_EDGE ( 'NONE', *, *, #9166, .F. ) ;
#9221 = VECTOR ( 'NONE', #4058, 1000.000000000000000 ) ;
#9222 = VERTEX_POINT ( 'NONE', #3971 ) ;
#9223 = EDGE_CURVE ( 'NONE', #7742, #9527, #6446, .T. ) ;
#9224 = ORIENTED_EDGE ( 'NONE', *, *, #9891, .T. ) ;
#9225 = EDGE_CURVE ( 'NONE', #3243, #1090, #5635, .T. ) ;
#9226 = VECTOR ( 'NONE', #7277, 1000.000000000000000 ) ;
#9227 = DIRECTION ( 'NONE',  ( 0.000000000000000000, -0.000000000000000000, -1.000000000000000000 ) ) ;
#9228 = LINE ( 'NONE', #7611, #9903 ) ;
#9229 = VECTOR ( 'NONE', #5123, 1000.000000000000000 ) ;
#9230 = CARTESIAN_POINT ( 'NONE',  ( 46.25000000000000000, 25.65429687500000355, 6.000000000000000000 ) ) ;
#9231 = CARTESIAN_POINT ( 'NONE',  ( -15.81788286210059091, 20.80448725967914925, 1.500000000000000444 ) ) ;
#9232 = DIRECTION ( 'NONE',  ( 0.7071067811865475727, -0.7071067811865475727, 0.000000000000000000 ) ) ;
#9233 = ORIENTED_EDGE ( 'NONE', *, *, #4334, .F. ) ;
#9234 = VERTEX_POINT ( 'NONE', #3209 ) ;
#9235 =( GEOMETRIC_REPRESENTATION_CONTEXT ( 3 ) GLOBAL_UNCERTAINTY_ASSIGNED_CONTEXT ( ( #8966 ) ) GLOBAL_UNIT_ASSIGNED_CONTEXT ( ( #6019, #2631, #3489 ) ) REPRESENTATION_CONTEXT ( 'NONE', 'WORKASPACE' ) );
#9236 = EDGE_CURVE ( 'NONE', #6278, #6234, #9779, .T. ) ;
#9237 = ORIENTED_EDGE ( 'NONE', *, *, #2294, .F. ) ;
#9238 = ORIENTED_EDGE ( 'NONE', *, *, #395, .F. ) ;
#9239 = VECTOR ( 'NONE', #8030, 1000.000000000000000 ) ;
#9240 = LINE ( 'NONE', #6817, #1838 ) ;
#9241 = DIRECTION ( 'NONE',  ( 0.000000000000000000, 0.000000000000000000, -1.000000000000000000 ) ) ;
#9242 = DIRECTION ( 'NONE',  ( -1.000000000000000000, 0.000000000000000000, 0.000000000000000000 ) ) ;
#9243 = VECTOR ( 'NONE', #7871, 1000.000000000000000 ) ;
#9244 = DIRECTION ( 'NONE',  ( 0.000000000000000000, 1.000000000000000000, 0.000000000000000000 ) ) ;
#9245 = DIRECTION ( 'NONE',  ( -0.000000000000000000, 1.000000000000000000, -0.000000000000000000 ) ) ;
#9246 = DIRECTION ( 'NONE',  ( 0.000000000000000000, -1.000000000000000000, 0.000000000000000000 ) ) ;
#9247 = ADVANCED_FACE ( 'NONE', ( #1642 ), #9020, .F. ) ;
#9248 = VECTOR ( 'NONE', #8174, 1000.000000000000000 ) ;
#9249 = LINE ( 'NONE', #1870, #1164 ) ;
#9250 = VERTEX_POINT ( 'NONE', #5788 ) ;
#9251 = ORIENTED_EDGE ( 'NONE', *, *, #5586, .F. ) ;
#9252 = ORIENTED_EDGE ( 'NONE', *, *, #6127, .T. ) ;
#9253 = AXIS2_PLACEMENT_3D ( 'NONE', #311, #1877, #9414 ) ;
#9254 = CARTESIAN_POINT ( 'NONE',  ( 39.25000000000000000, 13.15429687500000355, 4.000000000000000000 ) ) ;
#9255 = DIRECTION ( 'NONE',  ( 0.000000000000000000, -0.000000000000000000, 1.000000000000000000 ) ) ;
#9256 = DIRECTION ( 'NONE',  ( 0.000000000000000000, 0.000000000000000000, -1.000000000000000000 ) ) ;
#9257 = DIRECTION ( 'NONE',  ( 0.7071067811865479058, -0.7071067811865470176, -1.137307002876260060E-16 ) ) ;
#9258 = AXIS2_PLACEMENT_3D ( 'NONE', #9418, #9309, #1934 ) ;
#9259 = DIRECTION ( 'NONE',  ( -0.000000000000000000, -0.000000000000000000, 1.000000000000000000 ) ) ;
#9260 = VERTEX_POINT ( 'NONE', #8221 ) ;
#9261 = PLANE ( 'NONE',  #4923 ) ;
#9262 = CARTESIAN_POINT ( 'NONE',  ( 15.98211713789943289, 20.78641401289932134, 0.5000000000000004441 ) ) ;
#9263 = VERTEX_POINT ( 'NONE', #3423 ) ;
#9264 = ORIENTED_EDGE ( 'NONE', *, *, #5032, .T. ) ;
#9265 = VECTOR ( 'NONE', #8387, 1000.000000000000000 ) ;
#9266 = LINE ( 'NONE', #5281, #4269 ) ;
#9267 = EDGE_CURVE ( 'NONE', #10048, #9693, #836, .T. ) ;
#9268 = CARTESIAN_POINT ( 'NONE',  ( -135.4999999999999716, 13.40429687500000355, 0.5999999999999999778 ) ) ;
#9269 = CARTESIAN_POINT ( 'NONE',  ( -101.4178828621005977, 22.78641401289931778, 0.5000000000000004441 ) ) ;
#9270 = CARTESIAN_POINT ( 'NONE',  ( -137.7499999999999716, 24.65429687500000711, 6.000000000000000000 ) ) ;
#9271 = EDGE_CURVE ( 'NONE', #6741, #8168, #80, .T. ) ;
#9272 = ORIENTED_EDGE ( 'NONE', *, *, #7525, .F. ) ;
#9273 = CARTESIAN_POINT ( 'NONE',  ( -61.81788286210057493, 20.80448725967914925, 0.5000000000000004441 ) ) ;
#9274 = CARTESIAN_POINT ( 'NONE',  ( 39.00000000000000711, 15.45793887701764291, 4.000000000000000000 ) ) ;
#9275 = ORIENTED_EDGE ( 'NONE', *, *, #295, .T. ) ;
#9276 = VECTOR ( 'NONE', #1425, 1000.000000000000000 ) ;
#9277 = ORIENTED_EDGE ( 'NONE', *, *, #449, .T. ) ;
#9278 = ORIENTED_EDGE ( 'NONE', *, *, #4037, .T. ) ;
#9279 = ADVANCED_FACE ( 'NONE', ( #4126 ), #8324, .F. ) ;
#9280 = AXIS2_PLACEMENT_3D ( 'NONE', #6782, #6247, #3171 ) ;
#9281 = CARTESIAN_POINT ( 'NONE',  ( 32.52152486411844023, 23.17217973710065948, 6.000000000000000000 ) ) ;
#9282 = DIRECTION ( 'NONE',  ( -1.000000000000000000, 0.000000000000000000, 0.000000000000000000 ) ) ;
#9283 = EDGE_CURVE ( 'NONE', #5264, #3985, #887, .T. ) ;
#9284 = DIRECTION ( 'NONE',  ( -1.000000000000000000, 0.000000000000000000, 0.000000000000000000 ) ) ;
#9285 = CARTESIAN_POINT ( 'NONE',  ( -32.32152486411830949, 23.17217973710065948, 1.500000000000000444 ) ) ;
#9286 = DIRECTION ( 'NONE',  ( 0.000000000000000000, -0.000000000000000000, 1.000000000000000000 ) ) ;
#9287 = VERTEX_POINT ( 'NONE', #6602 ) ;
#9288 = EDGE_CURVE ( 'NONE', #788, #2900, #4984, .T. ) ;
#9289 = ORIENTED_EDGE ( 'NONE', *, *, #3683, .T. ) ;
#9290 = EDGE_LOOP ( 'NONE', ( #2618, #7890, #8639, #1334, #7659, #8507, #7745, #8268, #8135, #3332, #7413 ) ) ;
#9291 = VERTEX_POINT ( 'NONE', #993 ) ;
#9292 = LINE ( 'NONE', #348, #986 ) ;
#9293 = FACE_OUTER_BOUND ( 'NONE', #8068, .T. ) ;
#9294 = CARTESIAN_POINT ( 'NONE',  ( 39.25000000000000000, 13.15429687500000355, 4.000000000000000000 ) ) ;
#9295 = ADVANCED_FACE ( 'NONE', ( #2509 ), #9076, .F. ) ;
#9296 = CARTESIAN_POINT ( 'NONE',  ( -14.06788286210058914, 20.80448725967914925, 1.500000000000000444 ) ) ;
#9297 = DIRECTION ( 'NONE',  ( -0.000000000000000000, -0.000000000000000000, 1.000000000000000000 ) ) ;
#9298 = PLANE ( 'NONE',  #772 ) ;
#9299 = CARTESIAN_POINT ( 'NONE',  ( 6.582117137899412995, 16.07582173911837842, 4.000000000000000000 ) ) ;
#9300 = VERTEX_POINT ( 'NONE', #7458 ) ;
#9301 = CARTESIAN_POINT ( 'NONE',  ( -137.7499999999999716, 20.85065487298235709, 4.000000000000000000 ) ) ;
#9302 = VERTEX_POINT ( 'NONE', #6660 ) ;
#9303 = ORIENTED_EDGE ( 'NONE', *, *, #9308, .T. ) ;
#9304 = AXIS2_PLACEMENT_3D ( 'NONE', #6545, #9714, #3905 ) ;
#9305 = ADVANCED_FACE ( 'NONE', ( #7513, #4285, #5037, #10636, #9934, #2564, #5845, #8376, #9129, #1752 ), #7355, .F. ) ;
#9306 = CARTESIAN_POINT ( 'NONE',  ( -76.00000000000000000, 15.45793887701764291, 2.499999999999999112 ) ) ;
#9307 = FACE_OUTER_BOUND ( 'NONE', #8429, .T. ) ;
#9308 = EDGE_CURVE ( 'NONE', #8855, #3188, #6710, .T. ) ;
#9309 = DIRECTION ( 'NONE',  ( 0.000000000000000000, -0.000000000000000000, 1.000000000000000000 ) ) ;
#9310 = VECTOR ( 'NONE', #4153, 1000.000000000000000 ) ;
#9311 = DIRECTION ( 'NONE',  ( -0.000000000000000000, 1.000000000000000000, -0.000000000000000000 ) ) ;
#9312 = DIRECTION ( 'NONE',  ( -1.734723475976806902E-18, -1.000000000000000000, 0.000000000000000000 ) ) ;
#9313 = AXIS2_PLACEMENT_3D ( 'NONE', #4704, #2833, #4761 ) ;
#9314 = ORIENTED_EDGE ( 'NONE', *, *, #10435, .F. ) ;
#9315 = CARTESIAN_POINT ( 'NONE',  ( -108.4178828621006119, 20.23277201088161092, 2.500000000000000000 ) ) ;
#9316 = LINE ( 'NONE', #2999, #10338 ) ;
#9317 = ORIENTED_EDGE ( 'NONE', *, *, #1636, .F. ) ;
#9318 = EDGE_CURVE ( 'NONE', #10281, #8627, #7565, .T. ) ;
#9319 = ORIENTED_EDGE ( 'NONE', *, *, #6390, .T. ) ;
#9320 = VECTOR ( 'NONE', #7821, 1000.000000000000114 ) ;
#9321 = AXIS2_PLACEMENT_3D ( 'NONE', #6950, #1075, #8465 ) ;
#9322 = DIRECTION ( 'NONE',  ( 0.000000000000000000, -1.000000000000000000, 0.000000000000000000 ) ) ;
#9323 = CARTESIAN_POINT ( 'NONE',  ( 8.932117137899432180, 15.48641401289931885, 0.000000000000000000 ) ) ;
#9324 = LINE ( 'NONE', #1945, #8749 ) ;
#9325 = PLANE ( 'NONE',  #254 ) ;
#9326 = ORIENTED_EDGE ( 'NONE', *, *, #8026, .F. ) ;
#9327 = CARTESIAN_POINT ( 'NONE',  ( 9.521524864118447340, 23.17217973710065948, 6.000000000000000000 ) ) ;
#9328 = LINE ( 'NONE', #6260, #1039 ) ;
#9329 = VERTEX_POINT ( 'NONE', #1799 ) ;
#9330 = VERTEX_POINT ( 'NONE', #5087 ) ;
#9331 = ADVANCED_FACE ( 'NONE', ( #185 ), #6758, .F. ) ;
#9332 = ORIENTED_EDGE ( 'NONE', *, *, #5891, .T. ) ;
#9333 = LINE ( 'NONE', #4184, #5878 ) ;
#9334 = CARTESIAN_POINT ( 'NONE',  ( -107.7999999999998693, 20.85065487298235709, 4.000000000000000000 ) ) ;
#9335 = CARTESIAN_POINT ( 'NONE',  ( -59.41788286210059056, 15.48641401289931885, 1.500000000000000444 ) ) ;
#9336 = DIRECTION ( 'NONE',  ( 0.000000000000000000, 0.000000000000000000, 1.000000000000000000 ) ) ;
#9337 = DIRECTION ( 'NONE',  ( -0.000000000000000000, -0.000000000000000000, 1.000000000000000000 ) ) ;
#9338 = CARTESIAN_POINT ( 'NONE',  ( -82.41788286210059766, 22.78641401289931778, 0.5000000000000004441 ) ) ;
#9339 = ORIENTED_EDGE ( 'NONE', *, *, #327, .F. ) ;
#9340 = ORIENTED_EDGE ( 'NONE', *, *, #1104, .F. ) ;
#9341 = EDGE_CURVE ( 'NONE', #4260, #7970, #1594, .T. ) ;
#9342 = EDGE_CURVE ( 'NONE', #9459, #3358, #6916, .T. ) ;
#9343 = ORIENTED_EDGE ( 'NONE', *, *, #10249, .T. ) ;
#9344 = ORIENTED_EDGE ( 'NONE', *, *, #9745, .T. ) ;
#9345 = EDGE_CURVE ( 'NONE', #6134, #1702, #6169, .T. ) ;
#9346 = DIRECTION ( 'NONE',  ( -0.000000000000000000, -0.000000000000000000, 1.000000000000000000 ) ) ;
#9347 = DIRECTION ( 'NONE',  ( 0.000000000000000000, 0.000000000000000000, 1.000000000000000000 ) ) ;
#9348 = DIRECTION ( 'NONE',  ( 0.000000000000000000, 0.000000000000000000, -1.000000000000000000 ) ) ;
#9349 = DIRECTION ( 'NONE',  ( 1.000000000000000000, 0.000000000000000000, 0.000000000000000000 ) ) ;
#9350 = CARTESIAN_POINT ( 'NONE',  ( -39.41788286210059766, 16.07582173911837842, 1.500000000000000444 ) ) ;
#9351 = CARTESIAN_POINT ( 'NONE',  ( -122.0000000000000000, 15.45793887701764291, 1.500000000000000444 ) ) ;
#9352 = DIRECTION ( 'NONE',  ( -0.000000000000000000, -0.000000000000000000, 1.000000000000000000 ) ) ;
#9353 = EDGE_LOOP ( 'NONE', ( #3670, #3939, #1729, #8987 ) ) ;
#9354 = DIRECTION ( 'NONE',  ( 0.000000000000000000, -1.000000000000000000, -1.608394988049504315E-16 ) ) ;
#9355 = ORIENTED_EDGE ( 'NONE', *, *, #2109, .F. ) ;
#9356 = ORIENTED_EDGE ( 'NONE', *, *, #3586, .T. ) ;
#9357 = EDGE_CURVE ( 'NONE', #2277, #6838, #6001, .T. ) ;
#9358 = LINE ( 'NONE', #10166, #470 ) ;
#9359 = CARTESIAN_POINT ( 'NONE',  ( 161.0000000000000000, 15.48641401289931885, 0.000000000000000000 ) ) ;
#9360 = PLANE ( 'NONE',  #5994 ) ;
#9361 = DIRECTION ( 'NONE',  ( 1.000000000000000000, 0.000000000000000000, 0.000000000000000000 ) ) ;
#9362 = LINE ( 'NONE', #1177, #2925 ) ;
#9363 = VECTOR ( 'NONE', #691, 1000.000000000000114 ) ;
#9364 = VERTEX_POINT ( 'NONE', #2019 ) ;
#9365 = LINE ( 'NONE', #1884, #2870 ) ;
#9366 = EDGE_LOOP ( 'NONE', ( #6520, #7360, #7918, #1436, #3910, #8467 ) ) ;
#9367 = ORIENTED_EDGE ( 'NONE', *, *, #7919, .F. ) ;
#9368 = ADVANCED_FACE ( 'NONE', ( #8637 ), #5193, .T. ) ;
#9369 = VECTOR ( 'NONE', #1923, 1000.000000000000000 ) ;
#9370 = VECTOR ( 'NONE', #1788, 1000.000000000000000 ) ;
#9371 = CARTESIAN_POINT ( 'NONE',  ( -123.7678828621005778, 0.000000000000000000, 0.000000000000000000 ) ) ;
#9372 = FACE_OUTER_BOUND ( 'NONE', #3526, .T. ) ;
#9373 = CARTESIAN_POINT ( 'NONE',  ( 13.58211713789941832, 22.78641401289931778, 0.5000000000000004441 ) ) ;
#9374 = CARTESIAN_POINT ( 'NONE',  ( -101.3215248641183024, 23.17217973710065948, 6.000000000000000000 ) ) ;
#9375 = ORIENTED_EDGE ( 'NONE', *, *, #8309, .F. ) ;
#9376 = CARTESIAN_POINT ( 'NONE',  ( -129.0678828621005891, 15.48641401289931885, -2.999999999999999112 ) ) ;
#9377 = FACE_OUTER_BOUND ( 'NONE', #3375, .T. ) ;
#9378 = ORIENTED_EDGE ( 'NONE', *, *, #4812, .T. ) ;
#9379 = EDGE_CURVE ( 'NONE', #2254, #10094, #8530, .T. ) ;
#9380 = ORIENTED_EDGE ( 'NONE', *, *, #159, .T. ) ;
#9381 = VECTOR ( 'NONE', #6912, 1000.000000000000000 ) ;
#9382 = VECTOR ( 'NONE', #7976, 1000.000000000000000 ) ;
#9383 = VERTEX_POINT ( 'NONE', #9231 ) ;
#9384 = CARTESIAN_POINT ( 'NONE',  ( -135.2499999999999716, 13.15429687500000355, 0.3499999999999999223 ) ) ;
#9385 = VECTOR ( 'NONE', #2016, 1000.000000000000000 ) ;
#9386 = VECTOR ( 'NONE', #2396, 1000.000000000000000 ) ;
#9387 = DIRECTION ( 'NONE',  ( -0.000000000000000000, -0.000000000000000000, 1.000000000000000000 ) ) ;
#9388 = CARTESIAN_POINT ( 'NONE',  ( -75.38211713789925739, 16.07582173911838197, 2.499999999999999112 ) ) ;
#9389 = DIRECTION ( 'NONE',  ( -6.938893903907233900E-15, 1.000000000000000000, 0.000000000000000000 ) ) ;
#9390 = CARTESIAN_POINT ( 'NONE',  ( 31.93211713789942507, 20.78641401289932134, -2.999999999999999112 ) ) ;
#9391 = CARTESIAN_POINT ( 'NONE',  ( -77.76788286210057777, 20.78641401289932134, -2.999999999999999112 ) ) ;
#9392 = ORIENTED_EDGE ( 'NONE', *, *, #5734, .T. ) ;
#9393 = VERTEX_POINT ( 'NONE', #1087 ) ;
#9394 = EDGE_LOOP ( 'NONE', ( #6183, #10294, #10270, #918 ) ) ;
#9395 = VECTOR ( 'NONE', #6580, 1000.000000000000000 ) ;
#9396 = ORIENTED_EDGE ( 'NONE', *, *, #2775, .T. ) ;
#9397 = VECTOR ( 'NONE', #3212, 1000.000000000000000 ) ;
#9398 = CC_DESIGN_PERSON_AND_ORGANIZATION_ASSIGNMENT ( #1816, #2583, ( #6162 ) ) ;
#9399 = LINE ( 'NONE', #2027, #10352 ) ;
#9400 = EDGE_CURVE ( 'NONE', #10307, #4793, #7669, .T. ) ;
#9401 = CARTESIAN_POINT ( 'NONE',  ( -13.49635799798223879, 23.15429687499999289, 4.000000000000000000 ) ) ;
#9402 = CARTESIAN_POINT ( 'NONE',  ( -135.2499999999999716, 23.15429687500000355, 0.3499999999999999223 ) ) ;
#9403 = FACE_OUTER_BOUND ( 'NONE', #9729, .T. ) ;
#9404 = DIRECTION ( 'NONE',  ( -0.7071067811865483499, 0.7071067811865466846, 0.000000000000000000 ) ) ;
#9405 = DIRECTION ( 'NONE',  ( -0.7071067811865483499, 0.7071067811865466846, 0.000000000000000000 ) ) ;
#9406 = AXIS2_PLACEMENT_3D ( 'NONE', #1450, #4736, #1400 ) ;
#9407 = DIRECTION ( 'NONE',  ( 0.000000000000000000, 1.000000000000000000, 0.000000000000000000 ) ) ;
#9408 = ORIENTED_EDGE ( 'NONE', *, *, #987, .F. ) ;
#9409 = EDGE_LOOP ( 'NONE', ( #2186, #5195, #1388, #317 ) ) ;
#9410 = VECTOR ( 'NONE', #8740, 1000.000000000000000 ) ;
#9411 = EDGE_LOOP ( 'NONE', ( #8483, #7302, #629, #2401 ) ) ;
#9412 = ORIENTED_EDGE ( 'NONE', *, *, #7379, .T. ) ;
#9413 = ADVANCED_FACE ( 'NONE', ( #4331 ), #4439, .F. ) ;
#9414 = DIRECTION ( 'NONE',  ( -0.7071067811865462405, -0.7071067811865489050, 0.000000000000000000 ) ) ;
#9415 = VECTOR ( 'NONE', #4941, 1000.000000000000000 ) ;
#9416 = CARTESIAN_POINT ( 'NONE',  ( 31.93211713789942507, 15.48641401289931885, 0.000000000000000000 ) ) ;
#9417 = ORIENTED_EDGE ( 'NONE', *, *, #6611, .F. ) ;
#9418 = CARTESIAN_POINT ( 'NONE',  ( 0.000000000000000000, 0.000000000000000000, 4.000000000000000000 ) ) ;
#9419 = DIRECTION ( 'NONE',  ( -0.7071067811865483499, 0.7071067811865466846, 1.137307002876259321E-16 ) ) ;
#9420 = EDGE_CURVE ( 'NONE', #9174, #3714, #5353, .T. ) ;
#9421 = CARTESIAN_POINT ( 'NONE',  ( -60.06788286210057493, 15.48641401289931885, 0.5000000000000004441 ) ) ;
#9422 = VERTEX_POINT ( 'NONE', #6809 ) ;
#9423 = DIRECTION ( 'NONE',  ( 0.7071067811865462405, 0.7071067811865489050, 0.000000000000000000 ) ) ;
#9424 = EDGE_LOOP ( 'NONE', ( #1317, #4458, #7149, #9558 ) ) ;
#9425 = EDGE_CURVE ( 'NONE', #2484, #9329, #10194, .T. ) ;
#9426 = ORIENTED_EDGE ( 'NONE', *, *, #4707, .T. ) ;
#9427 = AXIS2_PLACEMENT_3D ( 'NONE', #10128, #8510, #2700 ) ;
#9428 = VECTOR ( 'NONE', #8651, 1000.000000000000000 ) ;
#9429 = LINE ( 'NONE', #2055, #10620 ) ;
#9430 = PLANE ( 'NONE',  #8548 ) ;
#9431 = DIRECTION ( 'NONE',  ( 0.000000000000000000, 1.000000000000000000, 0.000000000000000000 ) ) ;
#9432 = FACE_BOUND ( 'NONE', #3389, .T. ) ;
#9433 = EDGE_CURVE ( 'NONE', #9541, #618, #3579, .T. ) ;
#9434 = EDGE_LOOP ( 'NONE', ( #6798, #5303, #2630, #5918, #2950, #3392 ) ) ;
#9435 = LINE ( 'NONE', #4478, #4075 ) ;
#9436 = DIRECTION ( 'NONE',  ( -0.000000000000000000, 0.000000000000000000, 1.000000000000000000 ) ) ;
#9437 = ORIENTED_EDGE ( 'NONE', *, *, #7270, .T. ) ;
#9438 = ORIENTED_EDGE ( 'NONE', *, *, #1181, .T. ) ;
#9439 = VECTOR ( 'NONE', #9802, 1000.000000000000000 ) ;
#9440 = ORIENTED_EDGE ( 'NONE', *, *, #7109, .F. ) ;
#9441 = ADVANCED_FACE ( 'NONE', ( #2822 ), #6102, .F. ) ;
#9442 = FACE_OUTER_BOUND ( 'NONE', #434, .T. ) ;
#9443 = CARTESIAN_POINT ( 'NONE',  ( -36.41788286210059766, 15.48641401289931885, 0.5000000000000004441 ) ) ;
#9444 = PLANE ( 'NONE',  #1125 ) ;
#9445 = VECTOR ( 'NONE', #4718, 1000.000000000000000 ) ;
#9446 = PLANE ( 'NONE',  #4636 ) ;
#9447 = CARTESIAN_POINT ( 'NONE',  ( -105.4178828621005977, 22.78641401289931778, 0.5000000000000004441 ) ) ;
#9448 = LINE ( 'NONE', #6222, #9037 ) ;
#9449 = ORIENTED_EDGE ( 'NONE', *, *, #2666, .F. ) ;
#9450 = ORIENTED_EDGE ( 'NONE', *, *, #10271, .F. ) ;
#9451 = ORIENTED_EDGE ( 'NONE', *, *, #5272, .T. ) ;
#9452 = VERTEX_POINT ( 'NONE', #6866 ) ;
#9453 = VECTOR ( 'NONE', #3198, 1000.000000000000000 ) ;
#9454 = DIRECTION ( 'NONE',  ( -1.000000000000000000, -8.163404592832032733E-17, 0.000000000000000000 ) ) ;
#9455 = LINE ( 'NONE', #7248, #10588 ) ;
#9456 = PLANE ( 'NONE',  #8754 ) ;
#9457 = DIRECTION ( 'NONE',  ( -0.000000000000000000, 1.000000000000000000, -0.000000000000000000 ) ) ;
#9458 = CARTESIAN_POINT ( 'NONE',  ( 138.0000000000000000, 0.000000000000000000, 1.500000000000000444 ) ) ;
#9459 = VERTEX_POINT ( 'NONE', #8427 ) ;
#9460 = PLANE ( 'NONE',  #2035 ) ;
#9461 = VERTEX_POINT ( 'NONE', #10145 ) ;
#9462 = ORIENTED_EDGE ( 'NONE', *, *, #5285, .F. ) ;
#9463 = ORIENTED_EDGE ( 'NONE', *, *, #9342, .F. ) ;
#9464 = ORIENTED_EDGE ( 'NONE', *, *, #284, .F. ) ;
#9465 = EDGE_CURVE ( 'NONE', #3652, #75, #341, .T. ) ;
#9466 = LINE ( 'NONE', #412, #4599 ) ;
#9467 = DIRECTION ( 'NONE',  ( 0.000000000000000000, 1.000000000000000000, 0.000000000000000000 ) ) ;
#9468 = ORIENTED_EDGE ( 'NONE', *, *, #10394, .T. ) ;
#9469 = CARTESIAN_POINT ( 'NONE',  ( 114.9999999999999858, 0.000000000000000000, 0.5000000000000004441 ) ) ;
#9470 = CARTESIAN_POINT ( 'NONE',  ( 39.25000000000000000, 23.15429687500000000, 6.000000000000000000 ) ) ;
#9471 = CARTESIAN_POINT ( 'NONE',  ( -59.41788286210059056, 20.78641401289932134, 0.5000000000000004441 ) ) ;
#9472 = ORIENTED_EDGE ( 'NONE', *, *, #6276, .T. ) ;
#9473 = LINE ( 'NONE', #2100, #6486 ) ;
#9475 = ORIENTED_EDGE ( 'NONE', *, *, #5253, .T. ) ;
#9474 = VECTOR ( 'NONE', #5887, 1000.000000000000000 ) ;
#9476 = EDGE_CURVE ( 'NONE', #8654, #9584, #2771, .T. ) ;
#9477 = EDGE_LOOP ( 'NONE', ( #3258, #10475, #3973, #2894 ) ) ;
#9478 = ADVANCED_FACE ( 'NONE', ( #7778 ), #392, .T. ) ;
#9479 = VECTOR ( 'NONE', #4992, 1000.000000000000000 ) ;
#9480 = LINE ( 'NONE', #10449, #3066 ) ;
#9481 = DIRECTION ( 'NONE',  ( 1.000000000000000000, -0.000000000000000000, 0.000000000000000000 ) ) ;
#9482 = EDGE_CURVE ( 'NONE', #4831, #10262, #1038, .T. ) ;
#9483 = CARTESIAN_POINT ( 'NONE',  ( -37.06788286210058203, 15.48641401289931885, 0.000000000000000000 ) ) ;
#9484 = CYLINDRICAL_SURFACE ( 'NONE', #4388, 0.2500000000000000000 ) ;
#9485 = VERTEX_POINT ( 'NONE', #1258 ) ;
#9486 = DIRECTION ( 'NONE',  ( 0.000000000000000000, 1.000000000000000000, 0.000000000000000000 ) ) ;
#9487 = DIRECTION ( 'NONE',  ( 1.000000000000000000, 0.000000000000000000, 0.000000000000000000 ) ) ;
#9488 = ORIENTED_EDGE ( 'NONE', *, *, #4504, .T. ) ;
#9489 = ORIENTED_EDGE ( 'NONE', *, *, #3573, .F. ) ;
#9490 = AXIS2_PLACEMENT_3D ( 'NONE', #2781, #6976, #9347 ) ;
#9491 = ORIENTED_EDGE ( 'NONE', *, *, #6776, .F. ) ;
#9492 = EDGE_CURVE ( 'NONE', #5728, #129, #4538, .T. ) ;
#9493 = CARTESIAN_POINT ( 'NONE',  ( 8.932117137899432180, 15.48641401289931885, 1.500000000000000444 ) ) ;
#9494 = AXIS2_PLACEMENT_3D ( 'NONE', #5034, #8321, #1590 ) ;
#9495 = CARTESIAN_POINT ( 'NONE',  ( -101.4178828621005692, 20.78641401289932134, 0.5000000000000004441 ) ) ;
#9496 = CARTESIAN_POINT ( 'NONE',  ( -100.7678828621005920, 20.78641401289932134, 0.5000000000000004441 ) ) ;
#9497 = DIRECTION ( 'NONE',  ( -8.163404592832032733E-17, 1.000000000000000000, 0.000000000000000000 ) ) ;
#9498 = DIRECTION ( 'NONE',  ( -0.000000000000000000, 1.000000000000000000, -0.000000000000000000 ) ) ;
#9499 = DIRECTION ( 'NONE',  ( -1.000000000000000000, 0.000000000000000000, 0.000000000000000000 ) ) ;
#9500 = ORIENTED_EDGE ( 'NONE', *, *, #8649, .F. ) ;
#9501 = VERTEX_POINT ( 'NONE', #613 ) ;
#9502 = ORIENTED_EDGE ( 'NONE', *, *, #7384, .F. ) ;
#9503 = EDGE_LOOP ( 'NONE', ( #4698, #5583, #8083, #10160 ) ) ;
#9504 = EDGE_CURVE ( 'NONE', #4105, #10446, #504, .T. ) ;
#9505 = CYLINDRICAL_SURFACE ( 'NONE', #1058, 0.2500000000000000000 ) ;
#9506 = DIRECTION ( 'NONE',  ( -0.7071067811865471286, -0.7071067811865480168, 0.000000000000000000 ) ) ;
#9507 = CARTESIAN_POINT ( 'NONE',  ( 45.84999999999998721, 0.000000000000000000, 0.000000000000000000 ) ) ;
#9508 = LINE ( 'NONE', #6928, #1987 ) ;
#9509 = FACE_OUTER_BOUND ( 'NONE', #10417, .T. ) ;
#9510 = ORIENTED_EDGE ( 'NONE', *, *, #284, .T. ) ;
#9511 = CARTESIAN_POINT ( 'NONE',  ( -130.7500000000000000, 15.48641401289931885, 1.000000000000000000 ) ) ;
#9512 = DIRECTION ( 'NONE',  ( 0.000000000000000000, 1.000000000000000000, 0.000000000000000000 ) ) ;
#9513 = EDGE_LOOP ( 'NONE', ( #2568, #7768, #475, #7258, #1109, #7904, #5406, #1135 ) ) ;
#9514 = ORIENTED_EDGE ( 'NONE', *, *, #2965, .F. ) ;
#9515 = ADVANCED_FACE ( 'NONE', ( #2985 ), #3904, .T. ) ;
#9516 = ORIENTED_EDGE ( 'NONE', *, *, #2486, .F. ) ;
#9517 = ORIENTED_EDGE ( 'NONE', *, *, #1999, .F. ) ;
#9518 = DIRECTION ( 'NONE',  ( -0.000000000000000000, -0.000000000000000000, 1.000000000000000000 ) ) ;
#9519 = CARTESIAN_POINT ( 'NONE',  ( 36.67847513588168340, 13.13641401289931920, 4.000000000000000000 ) ) ;
#9520 = ORIENTED_EDGE ( 'NONE', *, *, #1183, .T. ) ;
#9521 = FACE_OUTER_BOUND ( 'NONE', #5315, .T. ) ;
#9522 = LINE ( 'NONE', #1716, #9363 ) ;
#9523 = FACE_OUTER_BOUND ( 'NONE', #9122, .T. ) ;
#9524 = EDGE_LOOP ( 'NONE', ( #8549, #7216, #10251, #521, #3403, #1754, #2824, #4834, #10275, #8518, #5510 ) ) ;
#9525 = CARTESIAN_POINT ( 'NONE',  ( -31.76788286210058132, 15.50448725967913610, 1.500000000000000444 ) ) ;
#9526 = ORIENTED_EDGE ( 'NONE', *, *, #2622, .T. ) ;
#9527 = VERTEX_POINT ( 'NONE', #4596 ) ;
#9528 = CARTESIAN_POINT ( 'NONE',  ( -137.7499999999999716, 20.85065487298235709, 2.500000000000000000 ) ) ;
#9529 = EDGE_CURVE ( 'NONE', #576, #3949, #1369, .T. ) ;
#9530 = DIRECTION ( 'NONE',  ( -0.000000000000000000, 0.000000000000000000, -1.000000000000000000 ) ) ;
#9531 = PLANE ( 'NONE',  #4967 ) ;
#9532 = EDGE_CURVE ( 'NONE', #3826, #9164, #7186, .T. ) ;
#9533 = DIRECTION ( 'NONE',  ( 0.000000000000000000, 1.000000000000000000, 0.000000000000000000 ) ) ;
#9534 = EDGE_CURVE ( 'NONE', #5357, #2004, #10473, .T. ) ;
#9535 = DIRECTION ( 'NONE',  ( 0.000000000000000000, -1.000000000000000000, 0.000000000000000000 ) ) ;
#9536 = LINE ( 'NONE', #2922, #10086 ) ;
#9537 = DIRECTION ( 'NONE',  ( 0.7071067811865479058, -0.7071067811865470176, 0.000000000000000000 ) ) ;
#9538 = ORIENTED_EDGE ( 'NONE', *, *, #7271, .F. ) ;
#9539 = EDGE_CURVE ( 'NONE', #6760, #8066, #4654, .T. ) ;
#9540 = ORIENTED_EDGE ( 'NONE', *, *, #6536, .F. ) ;
#9541 = VERTEX_POINT ( 'NONE', #668 ) ;
#9542 = VECTOR ( 'NONE', #1065, 1000.000000000000000 ) ;
#9543 = VECTOR ( 'NONE', #7070, 1000.000000000000000 ) ;
#9544 = PLANE ( 'NONE',  #453 ) ;
#9545 = CARTESIAN_POINT ( 'NONE',  ( 36.67847513588168340, 13.13641401289931920, 6.000000000000000000 ) ) ;
#9546 = CARTESIAN_POINT ( 'NONE',  ( 39.25000000000000000, 22.40429687500000355, 2.500000000000000444 ) ) ;
#9547 = CARTESIAN_POINT ( 'NONE',  ( -52.38211713789925028, 20.23277201088161803, 6.000000000000000000 ) ) ;
#9548 = VECTOR ( 'NONE', #6723, 1000.000000000000000 ) ;
#9549 = PLANE ( 'NONE',  #1195 ) ;
#9550 = CARTESIAN_POINT ( 'NONE',  ( 31.93211713789942507, 15.48641401289931885, 0.5000000000000004441 ) ) ;
#9551 = DIRECTION ( 'NONE',  ( -6.938893903907233900E-15, 1.000000000000000000, 0.000000000000000000 ) ) ;
#9552 = VERTEX_POINT ( 'NONE', #3961 ) ;
#9553 = VECTOR ( 'NONE', #1324, 1000.000000000000000 ) ;
#9554 = EDGE_CURVE ( 'NONE', #1219, #1896, #6386, .T. ) ;
#9555 = ORIENTED_EDGE ( 'NONE', *, *, #3715, .F. ) ;
#9556 = EDGE_CURVE ( 'NONE', #1478, #188, #2289, .T. ) ;
#9557 = ORIENTED_EDGE ( 'NONE', *, *, #1992, .F. ) ;
#9558 = ORIENTED_EDGE ( 'NONE', *, *, #5265, .T. ) ;
#9559 = VECTOR ( 'NONE', #6600, 1000.000000000000000 ) ;
#9560 = VECTOR ( 'NONE', #7884, 1000.000000000000000 ) ;
#9561 = CARTESIAN_POINT ( 'NONE',  ( -31.76788286210058132, 0.000000000000000000, 0.000000000000000000 ) ) ;
#9562 = CARTESIAN_POINT ( 'NONE',  ( -54.76788286210057777, 15.48641401289931885, 1.500000000000000444 ) ) ;
#9563 = DIRECTION ( 'NONE',  ( 0.000000000000000000, 0.000000000000000000, 1.000000000000000000 ) ) ;
#9564 = LINE ( 'NONE', #9677, #8011 ) ;
#9565 = LINE ( 'NONE', #4452, #603 ) ;
#9566 = VERTEX_POINT ( 'NONE', #8853 ) ;
#9567 = EDGE_CURVE ( 'NONE', #6184, #10083, #8800, .T. ) ;
#9568 = PLANE ( 'NONE',  #3932 ) ;
#9569 = DIRECTION ( 'NONE',  ( -0.000000000000000000, 0.000000000000000000, 1.000000000000000000 ) ) ;
#9570 = EDGE_LOOP ( 'NONE', ( #7907, #6680, #7830, #1781 ) ) ;
#9571 = ORIENTED_EDGE ( 'NONE', *, *, #1140, .T. ) ;
#9572 = VECTOR ( 'NONE', #1938, 1000.000000000000000 ) ;
#9573 = ORIENTED_EDGE ( 'NONE', *, *, #6880, .F. ) ;
#9574 = ORIENTED_EDGE ( 'NONE', *, *, #3283, .T. ) ;
#9575 = ADVANCED_FACE ( 'NONE', ( #5570 ), #5464, .F. ) ;
#9576 = VECTOR ( 'NONE', #5712, 1000.000000000000000 ) ;
#9577 = PLANE ( 'NONE',  #6502 ) ;
#9578 = CARTESIAN_POINT ( 'NONE',  ( -59.47847513588155977, 23.17217973710065948, 6.000000000000000000 ) ) ;
#9579 = ORIENTED_EDGE ( 'NONE', *, *, #5100, .F. ) ;
#9580 = CARTESIAN_POINT ( 'NONE',  ( -105.4784751358815384, 13.13641401289931920, 6.000000000000000000 ) ) ;
#9581 = LINE ( 'NONE', #7155, #594 ) ;
#9582 = VECTOR ( 'NONE', #4160, 1000.000000000000000 ) ;
#9583 = LINE ( 'NONE', #8020, #9916 ) ;
#9584 = VERTEX_POINT ( 'NONE', #8910 ) ;
#9585 = CARTESIAN_POINT ( 'NONE',  ( 38.98211713789942223, 20.78641401289932134, 0.5000000000000004441 ) ) ;
#9586 = ORIENTED_EDGE ( 'NONE', *, *, #9080, .F. ) ;
#9587 = ORIENTED_EDGE ( 'NONE', *, *, #7259, .F. ) ;
#9588 = LOCAL_TIME ( 10, 30, 13.00000000000000000, #8961 ) ;
#9589 = VECTOR ( 'NONE', #7694, 1000.000000000000000 ) ;
#9590 = CARTESIAN_POINT ( 'NONE',  ( -62.41788286210059056, 16.07582173911837486, 2.499999999999999112 ) ) ;
#9591 = FACE_OUTER_BOUND ( 'NONE', #8378, .T. ) ;
#9592 = DIRECTION ( 'NONE',  ( 1.000000000000000000, -0.000000000000000000, -0.000000000000000000 ) ) ;
#9593 = DIRECTION ( 'NONE',  ( -1.000000000000000000, -8.163404592832032733E-17, 0.000000000000000000 ) ) ;
#9594 = AXIS2_PLACEMENT_3D ( 'NONE', #8246, #7586, #160 ) ;
#9595 = CARTESIAN_POINT ( 'NONE',  ( -8.767882862100590202, 15.48641401289931885, -2.999999999999999112 ) ) ;
#9596 = LINE ( 'NONE', #7979, #7340 ) ;
#9597 = DIRECTION ( 'NONE',  ( 1.000000000000000000, 0.000000000000000000, 0.000000000000000000 ) ) ;
#9598 = VERTEX_POINT ( 'NONE', #4765 ) ;
#9599 = VECTOR ( 'NONE', #7953, 1000.000000000000000 ) ;
#9600 = ORIENTED_EDGE ( 'NONE', *, *, #9150, .F. ) ;
#9601 = ORIENTED_EDGE ( 'NONE', *, *, #5950, .T. ) ;
#9602 = EDGE_CURVE ( 'NONE', #2694, #8431, #560, .T. ) ;
#9603 = LINE ( 'NONE', #1419, #2535 ) ;
#9604 = DIRECTION ( 'NONE',  ( 0.7071067811865474617, 0.7071067811865474617, 0.000000000000000000 ) ) ;
#9605 = EDGE_CURVE ( 'NONE', #6952, #188, #7238, .T. ) ;
#9606 = FACE_OUTER_BOUND ( 'NONE', #8604, .T. ) ;
#9607 = FACE_OUTER_BOUND ( 'NONE', #2988, .T. ) ;
#9608 = LINE ( 'NONE', #2479, #5260 ) ;
#9609 = DIRECTION ( 'NONE',  ( -0.000000000000000000, -0.000000000000000000, 1.000000000000000000 ) ) ;
#9610 = DIRECTION ( 'NONE',  ( -0.7071067811865483499, 0.7071067811865466846, 1.137307002876259321E-16 ) ) ;
#9611 = DIRECTION ( 'NONE',  ( 1.000000000000000000, -0.000000000000000000, -0.000000000000000000 ) ) ;
#9612 = ORIENTED_EDGE ( 'NONE', *, *, #3221, .T. ) ;
#9613 = VECTOR ( 'NONE', #5058, 1000.000000000000000 ) ;
#9614 = PERSON_AND_ORGANIZATION_ROLE ( 'design_supplier' ) ;
#9615 = EDGE_CURVE ( 'NONE', #1873, #584, #3850, .T. ) ;
#9616 = ORIENTED_EDGE ( 'NONE', *, *, #6587, .T. ) ;
#9617 = ORIENTED_EDGE ( 'NONE', *, *, #10158, .T. ) ;
#9618 = CC_DESIGN_DATE_AND_TIME_ASSIGNMENT ( #9669, #8804, ( #8898 ) ) ;
#9619 = EDGE_CURVE ( 'NONE', #8167, #6468, #1426, .T. ) ;
#9620 = VECTOR ( 'NONE', #3369, 1000.000000000000000 ) ;
#9621 = DIRECTION ( 'NONE',  ( 0.000000000000000000, 1.000000000000000000, -0.000000000000000000 ) ) ;
#9622 = DIRECTION ( 'NONE',  ( -0.000000000000000000, -0.000000000000000000, -1.000000000000000000 ) ) ;
#9623 = EDGE_CURVE ( 'NONE', #1844, #768, #3042, .T. ) ;
#9624 = LINE ( 'NONE', #2245, #3256 ) ;
#9625 = DIRECTION ( 'NONE',  ( -1.000000000000000000, 0.000000000000000000, 0.000000000000000000 ) ) ;
#9626 = DIRECTION ( 'NONE',  ( 1.000000000000000000, 0.000000000000000000, -0.000000000000000000 ) ) ;
#9627 = ORIENTED_EDGE ( 'NONE', *, *, #3024, .T. ) ;
#9628 = PLANE ( 'NONE',  #8029 ) ;
#9629 = ORIENTED_EDGE ( 'NONE', *, *, #9681, .T. ) ;
#9630 = VECTOR ( 'NONE', #7342, 1000.000000000000114 ) ;
#9631 = ORIENTED_EDGE ( 'NONE', *, *, #10609, .F. ) ;
#9632 = VERTEX_POINT ( 'NONE', #2236 ) ;
#9633 = EDGE_CURVE ( 'NONE', #3672, #8766, #2123, .T. ) ;
#9634 = LINE ( 'NONE', #4561, #1681 ) ;
#9635 = FACE_OUTER_BOUND ( 'NONE', #3290, .T. ) ;
#9636 = VERTEX_POINT ( 'NONE', #8104 ) ;
#9637 = DIRECTION ( 'NONE',  ( 0.000000000000000000, 1.000000000000000000, 0.000000000000000000 ) ) ;
#9638 = LINE ( 'NONE', #3657, #8170 ) ;
#9639 = CARTESIAN_POINT ( 'NONE',  ( -9.321524864118330811, 13.13641401289931920, 4.000000000000000000 ) ) ;
#9640 = ORIENTED_EDGE ( 'NONE', *, *, #5360, .T. ) ;
#9641 = DIRECTION ( 'NONE',  ( -1.000000000000000000, 1.734723475976806902E-18, 0.000000000000000000 ) ) ;
#9642 = ORIENTED_EDGE ( 'NONE', *, *, #5659, .T. ) ;
#9643 = ORIENTED_EDGE ( 'NONE', *, *, #6429, .T. ) ;
#9644 = EDGE_CURVE ( 'NONE', #3228, #3453, #4009, .T. ) ;
#9645 = ADVANCED_FACE ( 'NONE', ( #5726 ), #8364, .F. ) ;
#9646 = CARTESIAN_POINT ( 'NONE',  ( 39.25000000000000000, 13.15429687500000355, 4.000000000000000000 ) ) ;
#9647 = CARTESIAN_POINT ( 'NONE',  ( -135.2499999999999716, 23.15429687500000355, 0.3499999999999999223 ) ) ;
#9648 = DIRECTION ( 'NONE',  ( 0.000000000000000000, 1.000000000000000000, -0.000000000000000000 ) ) ;
#9649 = CARTESIAN_POINT ( 'NONE',  ( 31.93211713789942507, 15.48641401289931885, 0.5000000000000004441 ) ) ;
#9650 = LINE ( 'NONE', #5557, #7197 ) ;
#9651 = CARTESIAN_POINT ( 'NONE',  ( 13.67847513588170472, 23.17217973710065948, 6.000000000000000000 ) ) ;
#9652 = DIRECTION ( 'NONE',  ( -0.000000000000000000, -0.000000000000000000, 1.000000000000000000 ) ) ;
#9653 = ORIENTED_EDGE ( 'NONE', *, *, #9957, .T. ) ;
#9654 = ORIENTED_EDGE ( 'NONE', *, *, #6814, .F. ) ;
#9655 = ADVANCED_FACE ( 'NONE', ( #7399 ), #7343, .F. ) ;
#9656 = ORIENTED_EDGE ( 'NONE', *, *, #9482, .F. ) ;
#9657 = VECTOR ( 'NONE', #7605, 1000.000000000000000 ) ;
#9658 = CARTESIAN_POINT ( 'NONE',  ( -53.01788286210057066, 20.78641401289932134, 1.500000000000000444 ) ) ;
#9659 = LINE ( 'NONE', #1364, #9147 ) ;
#9660 = CARTESIAN_POINT ( 'NONE',  ( 13.67847513588169051, 13.13641401289931920, 4.000000000000000000 ) ) ;
#9661 = FACE_OUTER_BOUND ( 'NONE', #4336, .T. ) ;
#9662 = LINE ( 'NONE', #1671, #2832 ) ;
#9663 = CARTESIAN_POINT ( 'NONE',  ( -82.49635799798221569, 23.15429687499999289, 4.000000000000000000 ) ) ;
#9664 = CARTESIAN_POINT ( 'NONE',  ( -36.47847513588156687, 23.17217973710065948, 6.000000000000000000 ) ) ;
#9665 = VECTOR ( 'NONE', #7017, 1000.000000000000000 ) ;
#9666 = CARTESIAN_POINT ( 'NONE',  ( -75.99999999999998579, 20.85065487298235354, 2.500000000000000000 ) ) ;
#9667 = ORIENTED_EDGE ( 'NONE', *, *, #3555, .T. ) ;
#9668 = ADVANCED_FACE ( 'NONE', ( #765 ), #4272, .F. ) ;
#9669 = DATE_AND_TIME ( #3853, #123 ) ;
#9670 = ORIENTED_EDGE ( 'NONE', *, *, #5910, .F. ) ;
#9671 = VECTOR ( 'NONE', #3531, 1000.000000000000000 ) ;
#9672 = VECTOR ( 'NONE', #221, 1000.000000000000000 ) ;
#9673 = CARTESIAN_POINT ( 'NONE',  ( 138.0000000000000000, 0.000000000000000000, 0.5000000000000004441 ) ) ;
#9674 = EDGE_CURVE ( 'NONE', #1566, #10093, #1740, .T. ) ;
#9675 = DIRECTION ( 'NONE',  ( 0.000000000000000000, -0.000000000000000000, 1.000000000000000000 ) ) ;
#9676 = DIRECTION ( 'NONE',  ( 1.000000000000000000, 0.000000000000000000, 0.000000000000000000 ) ) ;
#9677 = CARTESIAN_POINT ( 'NONE',  ( -77.76788286210057777, 15.50448725967913610, 0.5000000000000004441 ) ) ;
#9678 = EDGE_CURVE ( 'NONE', #4556, #3228, #2493, .T. ) ;
#9679 = CARTESIAN_POINT ( 'NONE',  ( -54.76788286210057777, 20.78641401289932134, 0.5000000000000004441 ) ) ;
#9680 = ORIENTED_EDGE ( 'NONE', *, *, #7112, .F. ) ;
#9681 = EDGE_CURVE ( 'NONE', #335, #7477, #3412, .T. ) ;
#9682 = LINE ( 'NONE', #8067, #1495 ) ;
#9683 = VERTEX_POINT ( 'NONE', #9008 ) ;
#9684 = ORIENTED_EDGE ( 'NONE', *, *, #5530, .T. ) ;
#9685 = ORIENTED_EDGE ( 'NONE', *, *, #5561, .T. ) ;
#9686 = CARTESIAN_POINT ( 'NONE',  ( -84.81788286210058914, 15.48641401289931885, 0.5000000000000004441 ) ) ;
#9687 = PLANE ( 'NONE',  #466 ) ;
#9688 = LINE ( 'NONE', #3072, #6859 ) ;
#9689 = DIRECTION ( 'NONE',  ( -0.000000000000000000, -1.000000000000000000, -0.000000000000000000 ) ) ;
#9690 = DIRECTION ( 'NONE',  ( 0.000000000000000000, -0.000000000000000000, 1.000000000000000000 ) ) ;
#9691 = EDGE_LOOP ( 'NONE', ( #10015, #1680, #7728, #2723 ) ) ;
#9692 = CARTESIAN_POINT ( 'NONE',  ( -76.01788286210057777, 20.78641401289932134, 0.5000000000000004441 ) ) ;
#9693 = VERTEX_POINT ( 'NONE', #3253 ) ;
#9694 = EDGE_CURVE ( 'NONE', #238, #3228, #6700, .T. ) ;
#9695 = EDGE_LOOP ( 'NONE', ( #7699, #2778, #51, #357, #6290, #4000, #9204, #360, #8653, #5185, #4754, #1937, #7746, #815, #8977, #6159 ) ) ;
#9696 = CARTESIAN_POINT ( 'NONE',  ( 92.00000000000000000, 20.78641401289932134, 0.000000000000000000 ) ) ;
#9697 = DIRECTION ( 'NONE',  ( 0.000000000000000000, 1.000000000000000000, -0.000000000000000000 ) ) ;
#9698 = DIRECTION ( 'NONE',  ( -0.7071067811865597852, 0.4999999999999911182, -0.4999999999999915623 ) ) ;
#9699 = LINE ( 'NONE', #10555, #2504 ) ;
#9700 = PLANE ( 'NONE',  #4959 ) ;
#9701 = CARTESIAN_POINT ( 'NONE',  ( -124.4178828621005977, 22.78641401289931778, 0.5000000000000004441 ) ) ;
#9702 = CARTESIAN_POINT ( 'NONE',  ( -60.06788286210057493, 20.78641401289932134, -2.999999999999999112 ) ) ;
#9703 = ORIENTED_EDGE ( 'NONE', *, *, #9185, .F. ) ;
#9704 = EDGE_CURVE ( 'NONE', #5408, #5398, #6544, .T. ) ;
#9705 = ORIENTED_EDGE ( 'NONE', *, *, #5429, .F. ) ;
#9706 = VERTEX_POINT ( 'NONE', #8207 ) ;
#9707 = LINE ( 'NONE', #4759, #983 ) ;
#9708 = DIRECTION ( 'NONE',  ( 1.000000000000000000, -1.734723475976806902E-18, 0.000000000000000000 ) ) ;
#9709 = FACE_BOUND ( 'NONE', #3625, .T. ) ;
#9710 = EDGE_CURVE ( 'NONE', #3805, #1596, #5885, .T. ) ;
#9711 = DIRECTION ( 'NONE',  ( 1.000000000000000000, 0.000000000000000000, 0.000000000000000000 ) ) ;
#9712 = CARTESIAN_POINT ( 'NONE',  ( -137.7499999999999716, 25.65429687500000355, 0.4000000000000114575 ) ) ;
#9713 = CARTESIAN_POINT ( 'NONE',  ( 36.58211713789942365, 15.48641401289931885, 0.5000000000000004441 ) ) ;
#9714 = DIRECTION ( 'NONE',  ( 0.000000000000000000, 1.000000000000000000, 0.000000000000000000 ) ) ;
#9715 = ORIENTED_EDGE ( 'NONE', *, *, #1061, .F. ) ;
#9716 = DATE_AND_TIME ( #7131, #9588 ) ;
#9717 = VECTOR ( 'NONE', #4409, 1000.000000000000000 ) ;
#9718 = ORIENTED_EDGE ( 'NONE', *, *, #4314, .T. ) ;
#9719 = VECTOR ( 'NONE', #7898, 999.9999999999998863 ) ;
#9720 = VECTOR ( 'NONE', #2757, 1000.000000000000000 ) ;
#9721 = PLANE ( 'NONE',  #6572 ) ;
#9722 = CARTESIAN_POINT ( 'NONE',  ( 15.98211713789943289, 20.78641401289932134, 1.500000000000000444 ) ) ;
#9723 = LINE ( 'NONE', #4877, #4809 ) ;
#9724 = DIRECTION ( 'NONE',  ( -1.000000000000000000, -0.000000000000000000, -0.000000000000000000 ) ) ;
#9725 = LINE ( 'NONE', #3917, #6627 ) ;
#9726 = VERTEX_POINT ( 'NONE', #5025 ) ;
#9727 = LINE ( 'NONE', #5638, #4773 ) ;
#9728 = ORIENTED_EDGE ( 'NONE', *, *, #3789, .F. ) ;
#9729 = EDGE_LOOP ( 'NONE', ( #4249, #2065, #4309, #7442 ) ) ;
#9730 = VECTOR ( 'NONE', #8528, 1000.000000000000000 ) ;
#9731 = VECTOR ( 'NONE', #1101, 1000.000000000000000 ) ;
#9732 = VERTEX_POINT ( 'NONE', #3199 ) ;
#9733 = ADVANCED_FACE ( 'NONE', ( #4867 ), #4974, .F. ) ;
#9734 = DIRECTION ( 'NONE',  ( 1.000000000000000000, 0.000000000000000000, 0.000000000000000000 ) ) ;
#9735 = DIRECTION ( 'NONE',  ( -0.000000000000000000, -0.000000000000000000, 1.000000000000000000 ) ) ;
#9736 = ADVANCED_FACE ( 'NONE', ( #4215 ), #9170, .F. ) ;
#9737 = LINE ( 'NONE', #9892, #6185 ) ;
#9738 = CARTESIAN_POINT ( 'NONE',  ( -105.4178828621005977, 20.78641401289932134, 0.5000000000000004441 ) ) ;
#9739 = VECTOR ( 'NONE', #1531, 1000.000000000000000 ) ;
#9740 = FACE_OUTER_BOUND ( 'NONE', #397, .T. ) ;
#9741 = VERTEX_POINT ( 'NONE', #5074 ) ;
#9742 = LINE ( 'NONE', #2528, #2363 ) ;
#9743 = ORIENTED_EDGE ( 'NONE', *, *, #7570, .T. ) ;
#9744 = ORIENTED_EDGE ( 'NONE', *, *, #8833, .T. ) ;
#9745 = EDGE_CURVE ( 'NONE', #10583, #2571, #980, .T. ) ;
#9746 = VECTOR ( 'NONE', #8673, 1000.000000000000000 ) ;
#9747 = CARTESIAN_POINT ( 'NONE',  ( -52.38211713789925028, 20.23277201088161803, 1.500000000000000444 ) ) ;
#9748 = VECTOR ( 'NONE', #5769, 1000.000000000000000 ) ;
#9749 = EDGE_CURVE ( 'NONE', #7850, #9329, #4166, .T. ) ;
#9750 = LINE ( 'NONE', #751, #7693 ) ;
#9751 = FACE_OUTER_BOUND ( 'NONE', #6860, .T. ) ;
#9752 = EDGE_CURVE ( 'NONE', #2374, #10149, #5675, .T. ) ;
#9753 = DIRECTION ( 'NONE',  ( -1.000000000000000000, 0.000000000000000000, 0.000000000000000000 ) ) ;
#9754 = CARTESIAN_POINT ( 'NONE',  ( -82.41788286210059766, 13.48641401289931885, 1.500000000000000444 ) ) ;
#9755 = LINE ( 'NONE', #3839, #4846 ) ;
#9756 = ORIENTED_EDGE ( 'NONE', *, *, #3092, .T. ) ;
#9757 = VECTOR ( 'NONE', #10600, 1000.000000000000000 ) ;
#9758 = EDGE_LOOP ( 'NONE', ( #2153, #8532, #5211, #5424 ) ) ;
#9759 = AXIS2_PLACEMENT_3D ( 'NONE', #3993, #7273, #10553 ) ;
#9760 = ORIENTED_EDGE ( 'NONE', *, *, #4548, .T. ) ;
#9761 = CARTESIAN_POINT ( 'NONE',  ( 30.20000000000014495, 20.85065487298235709, 1.500000000000000444 ) ) ;
#9762 = EDGE_CURVE ( 'NONE', #8965, #5876, #8152, .T. ) ;
#9763 = CARTESIAN_POINT ( 'NONE',  ( -108.4178828621006119, 20.23277201088161448, 1.500000000000000444 ) ) ;
#9764 = DIRECTION ( 'NONE',  ( -0.7071067811865483499, 0.7071067811865466846, 0.000000000000000000 ) ) ;
#9765 = CARTESIAN_POINT ( 'NONE',  ( -52.38211713789925028, 20.23277201088161803, 1.500000000000000444 ) ) ;
#9766 = VECTOR ( 'NONE', #6990, 1000.000000000000000 ) ;
#9767 = DIRECTION ( 'NONE',  ( 0.000000000000000000, 0.000000000000000000, -1.000000000000000000 ) ) ;
#9768 = CARTESIAN_POINT ( 'NONE',  ( -105.4178828621005977, 22.78641401289931778, 1.500000000000000444 ) ) ;
#9769 = LINE ( 'NONE', #5676, #8793 ) ;
#9770 = ORIENTED_EDGE ( 'NONE', *, *, #401, .F. ) ;
#9771 = ORIENTED_EDGE ( 'NONE', *, *, #5754, .T. ) ;
#9772 = EDGE_LOOP ( 'NONE', ( #3128, #7993, #7040, #10213 ) ) ;
#9773 = VECTOR ( 'NONE', #9102, 1000.000000000000000 ) ;
#9774 = ADVANCED_FACE ( 'NONE', ( #827 ), #21, .F. ) ;
#9775 = LINE ( 'NONE', #2657, #5370 ) ;
#9776 = PLANE ( 'NONE',  #6637 ) ;
#9777 = VECTOR ( 'NONE', #4198, 1000.000000000000000 ) ;
#9778 = DIRECTION ( 'NONE',  ( 1.000000000000000000, -0.000000000000000000, -0.000000000000000000 ) ) ;
#9779 = LINE ( 'NONE', #2407, #8696 ) ;
#9780 = DIRECTION ( 'NONE',  ( -0.7071067811865483499, 0.7071067811865466846, 0.000000000000000000 ) ) ;
#9781 = ORIENTED_EDGE ( 'NONE', *, *, #9203, .T. ) ;
#9782 = DIRECTION ( 'NONE',  ( 1.000000000000000000, 0.000000000000000000, -0.000000000000000000 ) ) ;
#9783 = ORIENTED_EDGE ( 'NONE', *, *, #7607, .F. ) ;
#9784 = EDGE_LOOP ( 'NONE', ( #6323, #9252, #6173, #6090, #6666, #10376, #10414, #10495, #9968, #249, #6905, #6291 ) ) ;
#9785 = ORIENTED_EDGE ( 'NONE', *, *, #1739, .F. ) ;
#9786 = VECTOR ( 'NONE', #2756, 1000.000000000000000 ) ;
#9787 = FACE_OUTER_BOUND ( 'NONE', #8675, .T. ) ;
#9788 = CARTESIAN_POINT ( 'NONE',  ( 161.0000000000000000, 0.000000000000000000, 0.5000000000000004441 ) ) ;
#9789 = DIRECTION ( 'NONE',  ( 0.000000000000000000, -1.000000000000000000, 0.000000000000000000 ) ) ;
#9790 = CARTESIAN_POINT ( 'NONE',  ( -122.0178828621005778, 20.78641401289932134, 1.500000000000000444 ) ) ;
#9791 = AXIS2_PLACEMENT_3D ( 'NONE', #7738, #8438, #1052 ) ;
#9792 = DIRECTION ( 'NONE',  ( 1.000000000000000000, 0.000000000000000000, 0.000000000000000000 ) ) ;
#9793 = VERTEX_POINT ( 'NONE', #9327 ) ;
#9794 = LINE ( 'NONE', #6464, #1327 ) ;
#9795 = ORIENTED_EDGE ( 'NONE', *, *, #9118, .T. ) ;
#9796 = EDGE_CURVE ( 'NONE', #8395, #1031, #1133, .T. ) ;
#9797 = ORIENTED_EDGE ( 'NONE', *, *, #5871, .T. ) ;
#9798 = EDGE_CURVE ( 'NONE', #4880, #9741, #10183, .T. ) ;
#9799 = VECTOR ( 'NONE', #8453, 1000.000000000000000 ) ;
#9800 = DIRECTION ( 'NONE',  ( 0.000000000000000000, -1.000000000000000000, 0.000000000000000000 ) ) ;
#9801 = DIRECTION ( 'NONE',  ( -0.7071067811865489050, 0.7071067811865462405, 0.000000000000000000 ) ) ;
#9802 = DIRECTION ( 'NONE',  ( -0.000000000000000000, -0.000000000000000000, 1.000000000000000000 ) ) ;
#9803 = EDGE_CURVE ( 'NONE', #10267, #10563, #329, .T. ) ;
#9804 = ORIENTED_EDGE ( 'NONE', *, *, #7393, .F. ) ;
#9805 = LINE ( 'NONE', #5014, #9576 ) ;
#9806 = DIRECTION ( 'NONE',  ( 0.7071067811865474617, 0.7071067811865474617, 0.000000000000000000 ) ) ;
#9807 = VERTEX_POINT ( 'NONE', #1948 ) ;
#9808 = EDGE_CURVE ( 'NONE', #2238, #2690, #8574, .T. ) ;
#9809 = EDGE_LOOP ( 'NONE', ( #2266, #1229, #7832, #2241 ) ) ;
#9810 = ORIENTED_EDGE ( 'NONE', *, *, #9288, .T. ) ;
#9811 = ADVANCED_FACE ( 'NONE', ( #3462 ), #2707, .F. ) ;
#9812 = LINE ( 'NONE', #923, #1501 ) ;
#9813 = LINE ( 'NONE', #1624, #7774 ) ;
#9814 = CARTESIAN_POINT ( 'NONE',  ( -29.38211713789926094, 20.23277201088161803, 1.500000000000000444 ) ) ;
#9815 = DIRECTION ( 'NONE',  ( 1.000000000000000000, 0.000000000000000000, 0.000000000000000000 ) ) ;
#9816 = PLANE ( 'NONE',  #6706 ) ;
#9817 = CARTESIAN_POINT ( 'NONE',  ( -13.41788286210060477, 20.78641401289932134, 0.5000000000000004441 ) ) ;
#9818 = DIRECTION ( 'NONE',  ( 0.000000000000000000, -0.7071067811865479058, -0.7071067811865472397 ) ) ;
#9819 = ORIENTED_EDGE ( 'NONE', *, *, #4741, .F. ) ;
#9820 = ORIENTED_EDGE ( 'NONE', *, *, #1905, .F. ) ;
#9821 = AXIS2_PLACEMENT_3D ( 'NONE', #2237, #8153, #3851 ) ;
#9822 = EDGE_CURVE ( 'NONE', #6319, #2453, #9435, .T. ) ;
#9823 = ORIENTED_EDGE ( 'NONE', *, *, #1072, .T. ) ;
#9824 = VECTOR ( 'NONE', #10355, 1000.000000000000114 ) ;
#9825 = CARTESIAN_POINT ( 'NONE',  ( -85.41788286210059766, 20.23277201088161092, 2.500000000000000000 ) ) ;
#9826 = DIRECTION ( 'NONE',  ( -1.000000000000000000, 0.000000000000000000, 0.000000000000000000 ) ) ;
#9827 = VECTOR ( 'NONE', #7574, 1000.000000000000114 ) ;
#9828 = CARTESIAN_POINT ( 'NONE',  ( 6.582117137899412995, 20.23277201088161448, 1.500000000000000444 ) ) ;
#9829 = CARTESIAN_POINT ( 'NONE',  ( 31.93211713789942507, 20.80448725967914925, 0.5000000000000004441 ) ) ;
#9830 = CARTESIAN_POINT ( 'NONE',  ( -121.3821171378992574, 20.23277201088161803, 2.500000000000000000 ) ) ;
#9831 = ORIENTED_EDGE ( 'NONE', *, *, #8715, .T. ) ;
#9832 = PLANE ( 'NONE',  #6164 ) ;
#9833 = ORIENTED_EDGE ( 'NONE', *, *, #5064, .F. ) ;
#9834 = EDGE_CURVE ( 'NONE', #10122, #8442, #10026, .T. ) ;
#9835 = VERTEX_POINT ( 'NONE', #7766 ) ;
#9836 = VECTOR ( 'NONE', #10632, 1000.000000000000000 ) ;
#9837 = ORIENTED_EDGE ( 'NONE', *, *, #3761, .T. ) ;
#9838 = VECTOR ( 'NONE', #608, 1000.000000000000000 ) ;
#9839 = PLANE ( 'NONE',  #1155 ) ;
#9840 = CARTESIAN_POINT ( 'NONE',  ( 46.04999999999998295, 10.85429687500002949, 0.1999999999999849121 ) ) ;
#9841 = CARTESIAN_POINT ( 'NONE',  ( 46.25000000000000000, 13.90429687500000355, 6.000000000000000000 ) ) ;
#9842 = CARTESIAN_POINT ( 'NONE',  ( -83.06788286210057493, 20.78641401289932134, -2.999999999999999112 ) ) ;
#9843 = ADVANCED_FACE ( 'NONE', ( #1248 ), #6091, .F. ) ;
#9844 = DIRECTION ( 'NONE',  ( 0.000000000000000000, -0.000000000000000000, 1.000000000000000000 ) ) ;
#9845 = ORIENTED_EDGE ( 'NONE', *, *, #3562, .F. ) ;
#9846 = DIRECTION ( 'NONE',  ( -0.7071067811865483499, 0.7071067811865466846, 0.000000000000000000 ) ) ;
#9847 = ORIENTED_EDGE ( 'NONE', *, *, #83, .T. ) ;
#9848 = ORIENTED_EDGE ( 'NONE', *, *, #2077, .T. ) ;
#9849 = PLANE ( 'NONE',  #9594 ) ;
#9850 = LINE ( 'NONE', #2477, #9239 ) ;
#9851 = CARTESIAN_POINT ( 'NONE',  ( -101.4178828621005692, 15.48641401289931885, 1.500000000000000444 ) ) ;
#9852 = DIRECTION ( 'NONE',  ( 0.7071067811865479058, -0.7071067811865470176, 0.000000000000000000 ) ) ;
#9853 = ORIENTED_EDGE ( 'NONE', *, *, #9225, .F. ) ;
#9854 = PLANE ( 'NONE',  #4762 ) ;
#9855 = DIRECTION ( 'NONE',  ( -0.000000000000000000, -0.000000000000000000, 1.000000000000000000 ) ) ;
#9856 = VERTEX_POINT ( 'NONE', #6154 ) ;
#9857 = ORIENTED_EDGE ( 'NONE', *, *, #7367, .F. ) ;
#9858 = ORIENTED_EDGE ( 'NONE', *, *, #5202, .F. ) ;
#9859 = ADVANCED_FACE ( 'NONE', ( #3510 ), #380, .F. ) ;
#9860 = ADVANCED_FACE ( 'NONE', ( #6039 ), #6903, .F. ) ;
#9861 = CARTESIAN_POINT ( 'NONE',  ( -135.4999999999999716, 0.000000000000000000, 0.3499999999999999223 ) ) ;
#9862 = EDGE_CURVE ( 'NONE', #969, #6983, #2866, .T. ) ;
#9863 = DIRECTION ( 'NONE',  ( -0.000000000000000000, -0.000000000000000000, 1.000000000000000000 ) ) ;
#9864 = CARTESIAN_POINT ( 'NONE',  ( 9.521524864118447340, 23.17217973710065948, 1.500000000000000444 ) ) ;
#9865 = DIRECTION ( 'NONE',  ( -0.000000000000000000, 1.000000000000000000, 0.000000000000000000 ) ) ;
#9866 = CARTESIAN_POINT ( 'NONE',  ( -137.7499999999999716, 25.65429687500000355, 0.4000000000000114575 ) ) ;
#9867 = DIRECTION ( 'NONE',  ( 0.000000000000000000, 0.000000000000000000, -1.000000000000000000 ) ) ;
#9868 = CARTESIAN_POINT ( 'NONE',  ( -55.30364200201763936, 23.15429687499999289, 1.500000000000000444 ) ) ;
#9869 = VERTEX_POINT ( 'NONE', #8625 ) ;
#9870 = EDGE_LOOP ( 'NONE', ( #2045, #10199, #2964, #7916 ) ) ;
#9871 = ORIENTED_EDGE ( 'NONE', *, *, #5080, .F. ) ;
#9872 = EDGE_CURVE ( 'NONE', #1622, #4480, #7553, .T. ) ;
#9873 = CARTESIAN_POINT ( 'NONE',  ( 9.582117137899414772, 13.48641401289931885, 0.5000000000000004441 ) ) ;
#9874 = PLANE ( 'NONE',  #5937 ) ;
#9875 = EDGE_CURVE ( 'NONE', #8899, #5000, #5929, .T. ) ;
#9876 = AXIS2_PLACEMENT_3D ( 'NONE', #10157, #96, #6770 ) ;
#9877 = LINE ( 'NONE', #9075, #674 ) ;
#9878 = DIRECTION ( 'NONE',  ( 1.000000000000000000, -0.000000000000000000, -0.000000000000000000 ) ) ;
#9879 = DIRECTION ( 'NONE',  ( -0.000000000000000000, 1.000000000000000000, -0.000000000000000000 ) ) ;
#9880 = ORIENTED_EDGE ( 'NONE', *, *, #3346, .F. ) ;
#9881 = LINE ( 'NONE', #5739, #5296 ) ;
#9882 = EDGE_CURVE ( 'NONE', #5978, #7617, #7603, .T. ) ;
#9883 = ORIENTED_EDGE ( 'NONE', *, *, #3543, .T. ) ;
#9884 = ORIENTED_EDGE ( 'NONE', *, *, #7443, .T. ) ;
#9885 = VERTEX_POINT ( 'NONE', #7656 ) ;
#9886 = VECTOR ( 'NONE', #10036, 1000.000000000000000 ) ;
#9887 = AXIS2_PLACEMENT_3D ( 'NONE', #2767, #8424, #8527 ) ;
#9888 = CARTESIAN_POINT ( 'NONE',  ( -9.417882862100587005, 15.48641401289931885, 0.5000000000000004441 ) ) ;
#9889 = DIRECTION ( 'NONE',  ( -1.000000000000000000, -8.163404592832032733E-17, 0.000000000000000000 ) ) ;
#9890 = DIRECTION ( 'NONE',  ( -6.938893903907234689E-15, 1.000000000000000000, 0.000000000000000000 ) ) ;
#9891 = EDGE_CURVE ( 'NONE', #10005, #8643, #1078, .T. ) ;
#9892 = CARTESIAN_POINT ( 'NONE',  ( -14.06788286210058914, 20.80448725967914925, 0.5000000000000004441 ) ) ;
#9893 = DIRECTION ( 'NONE',  ( -0.000000000000000000, -0.000000000000000000, 1.000000000000000000 ) ) ;
#9894 = LINE ( 'NONE', #9738, #10573 ) ;
#9895 = FACE_OUTER_BOUND ( 'NONE', #8245, .T. ) ;
#9896 = AXIS2_PLACEMENT_3D ( 'NONE', #8645, #6116, #6230 ) ;
#9897 = ORIENTED_EDGE ( 'NONE', *, *, #5407, .F. ) ;
#9898 = LINE ( 'NONE', #9096, #2011 ) ;
#9899 = ORIENTED_EDGE ( 'NONE', *, *, #7282, .T. ) ;
#9900 = VECTOR ( 'NONE', #10369, 1000.000000000000000 ) ;
#9901 = ORIENTED_EDGE ( 'NONE', *, *, #10585, .T. ) ;
#9902 = ADVANCED_FACE ( 'NONE', ( #6854 ), #10135, .F. ) ;
#9903 = VECTOR ( 'NONE', #833, 1000.000000000000000 ) ;
#9904 = VECTOR ( 'NONE', #10303, 1000.000000000000000 ) ;
#9905 = DIRECTION ( 'NONE',  ( 0.000000000000000000, 1.000000000000000000, 0.000000000000000000 ) ) ;
#9906 = CARTESIAN_POINT ( 'NONE',  ( -59.49635799798220148, 13.15429687499999467, 1.500000000000000444 ) ) ;
#9907 = DIRECTION ( 'NONE',  ( -0.000000000000000000, -0.000000000000000000, 1.000000000000000000 ) ) ;
#9908 = DIRECTION ( 'NONE',  ( 0.000000000000000000, -1.000000000000000000, 0.000000000000000000 ) ) ;
#9909 = ORIENTED_EDGE ( 'NONE', *, *, #1382, .F. ) ;
#9910 = DIRECTION ( 'NONE',  ( 1.000000000000000000, 0.000000000000000000, -0.000000000000000000 ) ) ;
#9911 = CARTESIAN_POINT ( 'NONE',  ( 13.58211713789943254, 15.48641401289931885, 0.5000000000000004441 ) ) ;
#9912 = ORIENTED_EDGE ( 'NONE', *, *, #1123, .F. ) ;
#9913 = EDGE_LOOP ( 'NONE', ( #5493, #1041, #10182, #9771, #112 ) ) ;
#9914 = VECTOR ( 'NONE', #8841, 999.9999999999998863 ) ;
#9915 = ORIENTED_EDGE ( 'NONE', *, *, #593, .T. ) ;
#9916 = VECTOR ( 'NONE', #642, 999.9999999999998863 ) ;
#9917 = DIRECTION ( 'NONE',  ( -0.000000000000000000, -0.000000000000000000, 1.000000000000000000 ) ) ;
#9918 = DIRECTION ( 'NONE',  ( 1.000000000000000000, 0.000000000000000000, -0.000000000000000000 ) ) ;
#9919 = DIRECTION ( 'NONE',  ( -0.000000000000000000, -1.000000000000000000, -0.000000000000000000 ) ) ;
#9920 = DIRECTION ( 'NONE',  ( 0.6785983445458351193, -0.6785983445458586560, -0.2810846377148211173 ) ) ;
#9921 = CARTESIAN_POINT ( 'NONE',  ( -129.0678828621005891, 15.48641401289931885, 1.500000000000000444 ) ) ;
#9922 = LINE ( 'NONE', #178, #6214 ) ;
#9923 = VERTEX_POINT ( 'NONE', #598 ) ;
#9924 = VECTOR ( 'NONE', #4691, 1000.000000000000000 ) ;
#9925 = EDGE_LOOP ( 'NONE', ( #4132, #7753, #7582, #8738 ) ) ;
#9926 = EDGE_CURVE ( 'NONE', #7038, #10351, #1297, .T. ) ;
#9927 = ORIENTED_EDGE ( 'NONE', *, *, #9882, .T. ) ;
#9928 = VECTOR ( 'NONE', #846, 1000.000000000000114 ) ;
#9929 = EDGE_CURVE ( 'NONE', #1959, #6453, #9596, .T. ) ;
#9930 = VECTOR ( 'NONE', #741, 1000.000000000000000 ) ;
#9931 = CARTESIAN_POINT ( 'NONE',  ( 45.85000000000000142, 25.65429687500000355, 6.000000000000000000 ) ) ;
#9932 = CARTESIAN_POINT ( 'NONE',  ( -139.1642135623730780, 11.65429687500000533, 6.000000000000000000 ) ) ;
#9933 = CARTESIAN_POINT ( 'NONE',  ( -137.7499999999999716, 20.85065487298235709, 2.500000000000000000 ) ) ;
#9934 = FACE_BOUND ( 'NONE', #407, .T. ) ;
#9935 = DIRECTION ( 'NONE',  ( 0.000000000000000000, 0.000000000000000000, -1.000000000000000000 ) ) ;
#9936 = ORIENTED_EDGE ( 'NONE', *, *, #7908, .F. ) ;
#9937 = EDGE_CURVE ( 'NONE', #7920, #423, #7116, .T. ) ;
#9938 = VECTOR ( 'NONE', #5911, 1000.000000000000000 ) ;
#9939 = EDGE_LOOP ( 'NONE', ( #8739, #3876, #3164, #1533 ) ) ;
#9940 = EDGE_CURVE ( 'NONE', #10019, #5359, #3838, .T. ) ;
#9941 = VERTEX_POINT ( 'NONE', #3780 ) ;
#9942 = VECTOR ( 'NONE', #3806, 1000.000000000000000 ) ;
#9943 = ORIENTED_EDGE ( 'NONE', *, *, #7792, .F. ) ;
#9944 = EDGE_CURVE ( 'NONE', #584, #7931, #10457, .T. ) ;
#9945 = EDGE_CURVE ( 'NONE', #5222, #3585, #10396, .T. ) ;
#9946 = CARTESIAN_POINT ( 'NONE',  ( -8.767882862100590202, 0.000000000000000000, 0.000000000000000000 ) ) ;
#9947 = DIRECTION ( 'NONE',  ( 0.7071067811865479058, -0.7071067811865470176, 0.000000000000000000 ) ) ;
#9948 = DIRECTION ( 'NONE',  ( -0.000000000000000000, -0.000000000000000000, -1.000000000000000000 ) ) ;
#9949 = CARTESIAN_POINT ( 'NONE',  ( 0.000000000000000000, 0.000000000000000000, 6.000000000000000000 ) ) ;
#9950 = CARTESIAN_POINT ( 'NONE',  ( 39.25000000000000000, 13.15429687500000355, 4.000000000000000000 ) ) ;
#9951 = LINE ( 'NONE', #4344, #9369 ) ;
#9952 = CARTESIAN_POINT ( 'NONE',  ( -123.7678828621005778, 15.48641401289931885, 1.500000000000000444 ) ) ;
#9953 = ORIENTED_EDGE ( 'NONE', *, *, #205, .F. ) ;
#9954 = ORIENTED_EDGE ( 'NONE', *, *, #6767, .T. ) ;
#9955 = VECTOR ( 'NONE', #8140, 1000.000000000000000 ) ;
#9956 = ORIENTED_EDGE ( 'NONE', *, *, #1514, .T. ) ;
#9957 = EDGE_CURVE ( 'NONE', #7411, #4119, #10346, .T. ) ;
#9958 = DIRECTION ( 'NONE',  ( -1.000000000000000000, 4.956352788505179045E-16, -0.000000000000000000 ) ) ;
#9959 = CARTESIAN_POINT ( 'NONE',  ( 0.000000000000000000, 0.000000000000000000, 4.000000000000000000 ) ) ;
#9960 = VECTOR ( 'NONE', #8646, 1000.000000000000000 ) ;
#9961 = DIRECTION ( 'NONE',  ( -1.000000000000000000, 1.734723475976806902E-18, 0.000000000000000000 ) ) ;
#9962 = LINE ( 'NONE', #4681, #7995 ) ;
#9963 = ORIENTED_EDGE ( 'NONE', *, *, #7851, .T. ) ;
#9964 = CARTESIAN_POINT ( 'NONE',  ( -13.49635799798223523, 23.15429687499999645, 1.500000000000000444 ) ) ;
#9965 = DIRECTION ( 'NONE',  ( -0.000000000000000000, -0.000000000000000000, 1.000000000000000000 ) ) ;
#9966 = ORIENTED_EDGE ( 'NONE', *, *, #9969, .T. ) ;
#9967 = EDGE_CURVE ( 'NONE', #1896, #3174, #9536, .T. ) ;
#9968 = ORIENTED_EDGE ( 'NONE', *, *, #3645, .F. ) ;
#9969 = EDGE_CURVE ( 'NONE', #5000, #9287, #2275, .T. ) ;
#9970 = VECTOR ( 'NONE', #10063, 1000.000000000000000 ) ;
#9971 = ORIENTED_EDGE ( 'NONE', *, *, #9223, .T. ) ;
#9972 = CARTESIAN_POINT ( 'NONE',  ( -39.41788286210059766, 20.23277201088161092, 2.500000000000000000 ) ) ;
#9973 = LINE ( 'NONE', #3614, #10268 ) ;
#9974 = DIRECTION ( 'NONE',  ( 0.000000000000000000, -0.000000000000000000, -1.000000000000000000 ) ) ;
#9975 = CARTESIAN_POINT ( 'NONE',  ( -82.41788286210059766, 13.48641401289931885, 0.5000000000000004441 ) ) ;
#9976 = DIRECTION ( 'NONE',  ( 0.000000000000000000, 0.000000000000000000, -1.000000000000000000 ) ) ;
#9977 = PLANE ( 'NONE',  #6561 ) ;
#9978 = EDGE_LOOP ( 'NONE', ( #6811, #8662, #8505, #4988, #2921, #10327 ) ) ;
#9979 = EDGE_CURVE ( 'NONE', #1439, #9793, #7172, .T. ) ;
#9980 = ORIENTED_EDGE ( 'NONE', *, *, #6584, .F. ) ;
#9981 = EDGE_LOOP ( 'NONE', ( #4251, #9195, #4735, #8382 ) ) ;
#9982 = LINE ( 'NONE', #7455, #9836 ) ;
#9983 = LINE ( 'NONE', #7563, #1649 ) ;
#9984 = DIRECTION ( 'NONE',  ( 0.000000000000000000, 0.000000000000000000, 1.000000000000000000 ) ) ;
#9985 = CARTESIAN_POINT ( 'NONE',  ( -137.7499999999999716, 22.40429687500000711, 1.000000000000000000 ) ) ;
#9986 = VECTOR ( 'NONE', #704, 1000.000000000000000 ) ;
#9987 = DIRECTION ( 'NONE',  ( -0.000000000000000000, -0.000000000000000000, 1.000000000000000000 ) ) ;
#9988 = EDGE_LOOP ( 'NONE', ( #3319, #8267, #10222, #158 ) ) ;
#9989 = ORIENTED_EDGE ( 'NONE', *, *, #4601, .F. ) ;
#9990 = ORIENTED_EDGE ( 'NONE', *, *, #8391, .F. ) ;
#9991 = ORIENTED_EDGE ( 'NONE', *, *, #1003, .T. ) ;
#9992 = VECTOR ( 'NONE', #7644, 1000.000000000000000 ) ;
#9993 = CARTESIAN_POINT ( 'NONE',  ( -62.41788286210059056, 16.07582173911837842, 1.500000000000000444 ) ) ;
#9994 = EDGE_CURVE ( 'NONE', #5103, #5143, #6259, .T. ) ;
#9995 = LINE ( 'NONE', #2623, #8454 ) ;
#9996 = EDGE_CURVE ( 'NONE', #8111, #5792, #6375, .T. ) ;
#9997 = LINE ( 'NONE', #10105, #7323 ) ;
#9998 = CARTESIAN_POINT ( 'NONE',  ( -38.81788286210058203, 15.48641401289931885, 0.5000000000000004441 ) ) ;
#9999 = CARTESIAN_POINT ( 'NONE',  ( -82.41788286210059766, 20.78641401289932134, 0.5000000000000004441 ) ) ;
#10000 = CARTESIAN_POINT ( 'NONE',  ( -61.81788286210057493, 20.80448725967914925, 0.5000000000000004441 ) ) ;
#10001 = LINE ( 'NONE', #7422, #6994 ) ;
#10002 = ORIENTED_EDGE ( 'NONE', *, *, #7516, .F. ) ;
#10003 = CARTESIAN_POINT ( 'NONE',  ( -128.4784751358815242, 13.13641401289931920, 6.000000000000000000 ) ) ;
#10005 = VERTEX_POINT ( 'NONE', #7226 ) ;
#10004 = VECTOR ( 'NONE', #8100, 1000.000000000000114 ) ;
#10006 = EDGE_CURVE ( 'NONE', #5377, #7, #8035, .T. ) ;
#10007 = ORIENTED_EDGE ( 'NONE', *, *, #2831, .T. ) ;
#10008 = VECTOR ( 'NONE', #3957, 1000.000000000000000 ) ;
#10009 = VECTOR ( 'NONE', #10421, 1000.000000000000000 ) ;
#10010 = PLANE ( 'NONE',  #818 ) ;
#10011 = CARTESIAN_POINT ( 'NONE',  ( -83.06788286210057493, 15.48641401289931885, 1.500000000000000444 ) ) ;
#10012 = CARTESIAN_POINT ( 'NONE',  ( -60.06788286210057493, 20.78641401289932134, -2.999999999999999112 ) ) ;
#10013 = CARTESIAN_POINT ( 'NONE',  ( -129.0678828621005891, 20.80448725967914925, 1.500000000000000444 ) ) ;
#10014 = EDGE_CURVE ( 'NONE', #6227, #4495, #5448, .T. ) ;
#10015 = ORIENTED_EDGE ( 'NONE', *, *, #449, .F. ) ;
#10016 = LINE ( 'NONE', #4358, #2185 ) ;
#10017 = FACE_OUTER_BOUND ( 'NONE', #3988, .T. ) ;
#10018 = VERTEX_POINT ( 'NONE', #4642 ) ;
#10019 = VERTEX_POINT ( 'NONE', #1462 ) ;
#10020 = ORIENTED_EDGE ( 'NONE', *, *, #4940, .F. ) ;
#10021 = DIRECTION ( 'NONE',  ( 0.000000000000000000, 1.000000000000000000, -0.000000000000000000 ) ) ;
#10022 = PLANE ( 'NONE',  #8384 ) ;
#10023 = CARTESIAN_POINT ( 'NONE',  ( -129.0678828621005891, 20.78641401289932134, -2.999999999999999112 ) ) ;
#10024 = CARTESIAN_POINT ( 'NONE',  ( 16.00000000000001421, 20.85065487298235709, 4.000000000000000000 ) ) ;
#10025 = ADVANCED_FACE ( 'NONE', ( #655 ), #3947, .F. ) ;
#10026 = LINE ( 'NONE', #225, #5266 ) ;
#10027 = DIRECTION ( 'NONE',  ( 0.000000000000000000, -0.000000000000000000, 1.000000000000000000 ) ) ;
#10028 = ORIENTED_EDGE ( 'NONE', *, *, #7633, .T. ) ;
#10029 = ORIENTED_EDGE ( 'NONE', *, *, #9926, .F. ) ;
#10030 = ORIENTED_EDGE ( 'NONE', *, *, #605, .T. ) ;
#10031 = EDGE_CURVE ( 'NONE', #8168, #2277, #545, .T. ) ;
#10032 = DIRECTION ( 'NONE',  ( 0.000000000000000000, -1.000000000000000000, 0.000000000000000000 ) ) ;
#10033 = DIRECTION ( 'NONE',  ( 1.000000000000000000, 0.000000000000000000, 0.000000000000000000 ) ) ;
#10034 = DIRECTION ( 'NONE',  ( -6.938893903907233900E-15, 1.000000000000000000, 0.000000000000000000 ) ) ;
#10035 = CARTESIAN_POINT ( 'NONE',  ( -100.7678828621005920, 15.50448725967913610, 0.5000000000000004441 ) ) ;
#10036 = DIRECTION ( 'NONE',  ( -1.000000000000000000, -0.000000000000000000, -0.000000000000000000 ) ) ;
#10037 = ORIENTED_EDGE ( 'NONE', *, *, #17, .T. ) ;
#10038 = ORIENTED_EDGE ( 'NONE', *, *, #5780, .T. ) ;
#10039 = ORIENTED_EDGE ( 'NONE', *, *, #590, .F. ) ;
#10040 = ORIENTED_EDGE ( 'NONE', *, *, #7633, .F. ) ;
#10041 = DIRECTION ( 'NONE',  ( -1.000000000000000000, -0.000000000000000000, -0.000000000000000000 ) ) ;
#10042 = LINE ( 'NONE', #10103, #371 ) ;
#10043 = PLANE ( 'NONE',  #7875 ) ;
#10044 = DIRECTION ( 'NONE',  ( 0.000000000000000000, 0.000000000000000000, -1.000000000000000000 ) ) ;
#10045 = CARTESIAN_POINT ( 'NONE',  ( -101.3215248641183024, 23.17217973710065948, 1.500000000000000444 ) ) ;
#10046 = CARTESIAN_POINT ( 'NONE',  ( -13.47847513588157398, 23.17217973710065948, 4.000000000000000000 ) ) ;
#10047 = PLANE ( 'NONE',  #6846 ) ;
#10048 = VERTEX_POINT ( 'NONE', #5393 ) ;
#10049 = FACE_OUTER_BOUND ( 'NONE', #2726, .T. ) ;
#10050 = VERTEX_POINT ( 'NONE', #432 ) ;
#10051 = ORIENTED_EDGE ( 'NONE', *, *, #8447, .F. ) ;
#10052 = VECTOR ( 'NONE', #1447, 1000.000000000000000 ) ;
#10053 = VECTOR ( 'NONE', #9387, 1000.000000000000000 ) ;
#10054 = ADVANCED_FACE ( 'NONE', ( #3722 ), #7009, .F. ) ;
#10055 = APPLICATION_CONTEXT ( 'configuration controlled 3d designs of mechanical parts and assemblies' ) ;
#10056 = ADVANCED_FACE ( 'NONE', ( #3183 ), #3291, .F. ) ;
#10057 = CARTESIAN_POINT ( 'NONE',  ( 9.582117137899414772, 22.78641401289931778, 0.5000000000000004441 ) ) ;
#10058 = CARTESIAN_POINT ( 'NONE',  ( -9.417882862100587005, 15.48641401289931885, 0.5000000000000004441 ) ) ;
#10059 = AXIS2_PLACEMENT_3D ( 'NONE', #2662, #1909, #2510 ) ;
#10060 = FACE_OUTER_BOUND ( 'NONE', #1588, .T. ) ;
#10061 = CARTESIAN_POINT ( 'NONE',  ( 32.50364200201778431, 23.15429687500000000, 1.500000000000000444 ) ) ;
#10062 = AXIS2_PLACEMENT_3D ( 'NONE', #275, #1027, #7552 ) ;
#10063 = DIRECTION ( 'NONE',  ( -0.000000000000000000, -1.000000000000000000, -0.000000000000000000 ) ) ;
#10064 = EDGE_LOOP ( 'NONE', ( #9451, #7255, #9783, #877 ) ) ;
#10065 = DIRECTION ( 'NONE',  ( -0.000000000000000000, -0.000000000000000000, 1.000000000000000000 ) ) ;
#10066 = CARTESIAN_POINT ( 'NONE',  ( 6.582117137899412995, 16.07582173911837842, 2.499999999999999112 ) ) ;
#10067 = ORIENTED_EDGE ( 'NONE', *, *, #6947, .T. ) ;
#10068 = EDGE_CURVE ( 'NONE', #8095, #2436, #3997, .T. ) ;
#10069 = EDGE_LOOP ( 'NONE', ( #465, #7846, #4493, #7632, #9797, #86, #10384, #2007 ) ) ;
#10070 = VECTOR ( 'NONE', #6807, 1000.000000000000000 ) ;
#10071 = AXIS2_PLACEMENT_3D ( 'NONE', #9999, #3385, #6474 ) ;
#10072 = EDGE_CURVE ( 'NONE', #6134, #1091, #10557, .T. ) ;
#10073 = CARTESIAN_POINT ( 'NONE',  ( -124.4178828621005835, 15.48641401289931885, 1.500000000000000444 ) ) ;
#10074 = CARTESIAN_POINT ( 'NONE',  ( -135.2499999999999716, 13.15429687500000355, 0.3499999999999999223 ) ) ;
#10075 = EDGE_CURVE ( 'NONE', #4105, #7531, #1730, .T. ) ;
#10076 = CARTESIAN_POINT ( 'NONE',  ( -82.41788286210059766, 20.78641401289932134, 1.500000000000000444 ) ) ;
#10077 = FACE_OUTER_BOUND ( 'NONE', #61, .T. ) ;
#10078 = ORIENTED_EDGE ( 'NONE', *, *, #3106, .F. ) ;
#10079 = CARTESIAN_POINT ( 'NONE',  ( 45.84999999999998721, 24.65429687500000711, 6.000000000000000000 ) ) ;
#10080 = FACE_OUTER_BOUND ( 'NONE', #1303, .T. ) ;
#10081 = ORIENTED_EDGE ( 'NONE', *, *, #9945, .F. ) ;
#10082 = AXIS2_PLACEMENT_3D ( 'NONE', #7409, #3317, #3473 ) ;
#10083 = VERTEX_POINT ( 'NONE', #703 ) ;
#10084 = EDGE_LOOP ( 'NONE', ( #914, #1359, #2884, #2987 ) ) ;
#10085 = EDGE_CURVE ( 'NONE', #2680, #7967, #4961, .T. ) ;
#10086 = VECTOR ( 'NONE', #2974, 1000.000000000000000 ) ;
#10087 = CARTESIAN_POINT ( 'NONE',  ( 46.25000000000000000, 13.90429687500000355, 5.599999999999988987 ) ) ;
#10088 = CARTESIAN_POINT ( 'NONE',  ( 36.58211713789940944, 22.78641401289931778, 1.500000000000000444 ) ) ;
#10089 = VECTOR ( 'NONE', #1944, 1000.000000000000000 ) ;
#10090 = CARTESIAN_POINT ( 'NONE',  ( -130.8178828621005891, 20.80448725967914925, 0.5000000000000004441 ) ) ;
#10091 = DIRECTION ( 'NONE',  ( 1.000000000000000000, -1.734723475976806902E-18, -0.000000000000000000 ) ) ;
#10092 = LINE ( 'NONE', #8377, #6962 ) ;
#10093 = VERTEX_POINT ( 'NONE', #8946 ) ;
#10094 = VERTEX_POINT ( 'NONE', #915 ) ;
#10095 = EDGE_CURVE ( 'NONE', #5989, #1883, #4202, .T. ) ;
#10096 = LOCAL_TIME ( 10, 30, 13.00000000000000000, #8856 ) ;
#10097 = VERTEX_POINT ( 'NONE', #2385 ) ;
#10098 = ORIENTED_EDGE ( 'NONE', *, *, #5654, .T. ) ;
#10099 = AXIS2_PLACEMENT_3D ( 'NONE', #1878, #2589, #1822 ) ;
#10100 = EDGE_CURVE ( 'NONE', #8006, #1859, #1673, .T. ) ;
#10101 = AXIS2_PLACEMENT_3D ( 'NONE', #9686, #1443, #2955 ) ;
#10102 = PLANE ( 'NONE',  #7863 ) ;
#10103 = CARTESIAN_POINT ( 'NONE',  ( -14.06788286210058914, 20.78641401289932134, -2.999999999999999112 ) ) ;
#10104 = ADVANCED_FACE ( 'NONE', ( #5661, #7386 ), #9854, .T. ) ;
#10105 = CARTESIAN_POINT ( 'NONE',  ( -32.32152486411832371, 13.13641401289931920, 2.499999999999998668 ) ) ;
#10106 = VECTOR ( 'NONE', #7225, 1000.000000000000000 ) ;
#10107 = CARTESIAN_POINT ( 'NONE',  ( -30.00000000000000000, 15.45793887701764291, 2.499999999999999112 ) ) ;
#10108 = CARTESIAN_POINT ( 'NONE',  ( -59.47847513588153134, 13.13641401289931920, 1.500000000000000444 ) ) ;
#10109 = LINE ( 'NONE', #1006, #3866 ) ;
#10110 = DIRECTION ( 'NONE',  ( 0.000000000000000000, 0.000000000000000000, -1.000000000000000000 ) ) ;
#10111 = ORIENTED_EDGE ( 'NONE', *, *, #9644, .T. ) ;
#10112 = CARTESIAN_POINT ( 'NONE',  ( -39.41788286210059766, 16.07582173911837842, 1.500000000000000444 ) ) ;
#10113 = ORIENTED_EDGE ( 'NONE', *, *, #8781, .F. ) ;
#10114 = ORIENTED_EDGE ( 'NONE', *, *, #345, .T. ) ;
#10115 = CARTESIAN_POINT ( 'NONE',  ( -129.0678828621005891, 20.80448725967914925, 1.000000000000000000 ) ) ;
#10116 = CARTESIAN_POINT ( 'NONE',  ( -105.4178828621005977, 13.48641401289931885, 1.500000000000000444 ) ) ;
#10117 = CARTESIAN_POINT ( 'NONE',  ( -130.7500000000000000, 22.40429687500000355, 1.000000000000000000 ) ) ;
#10118 = CARTESIAN_POINT ( 'NONE',  ( -124.3215248641183166, 13.13641401289931920, 6.000000000000000000 ) ) ;
#10119 = EDGE_CURVE ( 'NONE', #3492, #7411, #7436, .T. ) ;
#10120 = VECTOR ( 'NONE', #2851, 1000.000000000000000 ) ;
#10121 = FACE_OUTER_BOUND ( 'NONE', #2171, .T. ) ;
#10122 = VERTEX_POINT ( 'NONE', #8142 ) ;
#10123 = CARTESIAN_POINT ( 'NONE',  ( 13.69635799798236242, 23.15429687500000000, 4.000000000000000000 ) ) ;
#10124 = CARTESIAN_POINT ( 'NONE',  ( -101.3036420020176394, 23.15429687499998579, 6.000000000000000000 ) ) ;
#10125 = VERTEX_POINT ( 'NONE', #754 ) ;
#10126 = VERTEX_POINT ( 'NONE', #4903 ) ;
#10127 = VECTOR ( 'NONE', #9676, 1000.000000000000000 ) ;
#10128 = CARTESIAN_POINT ( 'NONE',  ( -129.0678828621005891, 15.48641401289931885, 0.5000000000000004441 ) ) ;
#10129 = DIRECTION ( 'NONE',  ( -0.000000000000000000, 1.000000000000000000, -0.000000000000000000 ) ) ;
#10130 = LINE ( 'NONE', #7006, #9786 ) ;
#10131 = ADVANCED_FACE ( 'NONE', ( #4152 ), #2481, .T. ) ;
#10132 = DIRECTION ( 'NONE',  ( 0.7071067811865483499, -0.7071067811865466846, -0.000000000000000000 ) ) ;
#10133 = EDGE_CURVE ( 'NONE', #3714, #1478, #7486, .T. ) ;
#10134 = VERTEX_POINT ( 'NONE', #810 ) ;
#10135 = PLANE ( 'NONE',  #10253 ) ;
#10136 = CARTESIAN_POINT ( 'NONE',  ( -106.0678828621005891, 20.78641401289932134, -2.999999999999999112 ) ) ;
#10137 = EDGE_LOOP ( 'NONE', ( #10114, #6762, #8631, #331 ) ) ;
#10138 = VECTOR ( 'NONE', #7668, 1000.000000000000000 ) ;
#10139 = VERTEX_POINT ( 'NONE', #6530 ) ;
#10140 = ORIENTED_EDGE ( 'NONE', *, *, #781, .F. ) ;
#10141 = VECTOR ( 'NONE', #2149, 1000.000000000000000 ) ;
#10142 = DIRECTION ( 'NONE',  ( -0.7071067811865483499, 0.7071067811865466846, 0.000000000000000000 ) ) ;
#10143 = CARTESIAN_POINT ( 'NONE',  ( -137.7499999999999716, 20.85065487298235709, 4.000000000000000000 ) ) ;
#10144 = DIRECTION ( 'NONE',  ( -0.000000000000000000, -0.000000000000000000, 1.000000000000000000 ) ) ;
#10145 = CARTESIAN_POINT ( 'NONE',  ( 30.20000000000014495, 20.85065487298235709, 4.000000000000000000 ) ) ;
#10146 = LINE ( 'NONE', #7827, #8344 ) ;
#10147 = EDGE_LOOP ( 'NONE', ( #5794, #9464, #6620, #10038 ) ) ;
#10148 = EDGE_CURVE ( 'NONE', #1767, #8658, #9805, .T. ) ;
#10149 = VERTEX_POINT ( 'NONE', #113 ) ;
#10150 = VERTEX_POINT ( 'NONE', #8996 ) ;
#10151 = ORIENTED_EDGE ( 'NONE', *, *, #6151, .F. ) ;
#10152 = LINE ( 'NONE', #7677, #7005 ) ;
#10153 = DIRECTION ( 'NONE',  ( 0.000000000000000000, 1.000000000000000000, 1.608394988049504315E-16 ) ) ;
#10154 = DIRECTION ( 'NONE',  ( -1.000000000000000000, -8.163404592832032733E-17, 0.000000000000000000 ) ) ;
#10155 = LINE ( 'NONE', #1970, #1185 ) ;
#10156 = PLANE ( 'NONE',  #1479 ) ;
#10157 = CARTESIAN_POINT ( 'NONE',  ( -108.4178828621006119, 16.07582173911837842, 1.500000000000000444 ) ) ;
#10158 = EDGE_CURVE ( 'NONE', #1226, #9793, #3400, .T. ) ;
#10159 = DIRECTION ( 'NONE',  ( -0.7071067811865479058, 0.7071067811865470176, 0.000000000000000000 ) ) ;
#10160 = ORIENTED_EDGE ( 'NONE', *, *, #9154, .T. ) ;
#10161 = PLANE ( 'NONE',  #7683 ) ;
#10162 = ORIENTED_EDGE ( 'NONE', *, *, #2206, .T. ) ;
#10163 = ORIENTED_EDGE ( 'NONE', *, *, #6165, .T. ) ;
#10164 = VECTOR ( 'NONE', #3632, 1000.000000000000000 ) ;
#10165 = EDGE_CURVE ( 'NONE', #6956, #7769, #5762, .T. ) ;
#10166 = CARTESIAN_POINT ( 'NONE',  ( -128.4178828621005835, 15.48641401289931885, 0.5000000000000004441 ) ) ;
#10167 = CARTESIAN_POINT ( 'NONE',  ( 9.582117137899414772, 22.78641401289931778, 1.500000000000000444 ) ) ;
#10168 = LINE ( 'NONE', #7695, #834 ) ;
#10169 = VECTOR ( 'NONE', #573, 1000.000000000000000 ) ;
#10170 = DIRECTION ( 'NONE',  ( -0.000000000000000000, 0.000000000000000000, 1.000000000000000000 ) ) ;
#10171 = CARTESIAN_POINT ( 'NONE',  ( -82.49635799798218727, 13.15429687499998934, 6.000000000000000000 ) ) ;
#10172 = ORIENTED_EDGE ( 'NONE', *, *, #5467, .F. ) ;
#10173 = PLANE ( 'NONE',  #8887 ) ;
#10174 = ORIENTED_EDGE ( 'NONE', *, *, #6188, .T. ) ;
#10175 = ORIENTED_EDGE ( 'NONE', *, *, #9619, .F. ) ;
#10176 = VECTOR ( 'NONE', #10517, 1000.000000000000000 ) ;
#10177 = VECTOR ( 'NONE', #4318, 1000.000000000000000 ) ;
#10178 = DIRECTION ( 'NONE',  ( 0.000000000000000000, -1.000000000000000000, 0.000000000000000000 ) ) ;
#10179 = CARTESIAN_POINT ( 'NONE',  ( 32.58211713789940944, 20.78641401289932134, 0.5000000000000004441 ) ) ;
#10180 = FACE_OUTER_BOUND ( 'NONE', #6752, .T. ) ;
#10181 = DIRECTION ( 'NONE',  ( -0.000000000000000000, -0.000000000000000000, 1.000000000000000000 ) ) ;
#10182 = ORIENTED_EDGE ( 'NONE', *, *, #3673, .F. ) ;
#10183 = LINE ( 'NONE', #1894, #795 ) ;
#10184 = PLANE ( 'NONE',  #25 ) ;
#10185 = VERTEX_POINT ( 'NONE', #1618 ) ;
#10186 = ORIENTED_EDGE ( 'NONE', *, *, #3281, .T. ) ;
#10187 = VERTEX_POINT ( 'NONE', #5873 ) ;
#10188 = EDGE_CURVE ( 'NONE', #2063, #10233, #1517, .T. ) ;
#10189 = EDGE_CURVE ( 'NONE', #4619, #10122, #3609, .T. ) ;
#10190 = FACE_OUTER_BOUND ( 'NONE', #9939, .T. ) ;
#10191 = LINE ( 'NONE', #1143, #4221 ) ;
#10192 = PLANE ( 'NONE',  #5249 ) ;
#10193 = CARTESIAN_POINT ( 'NONE',  ( -128.4963579979822157, 13.15429687499998934, 1.500000000000000444 ) ) ;
#10194 = LINE ( 'NONE', #9447, #8878 ) ;
#10195 = LINE ( 'NONE', #6055, #700 ) ;
#10196 = ORIENTED_EDGE ( 'NONE', *, *, #411, .F. ) ;
#10197 = ORIENTED_EDGE ( 'NONE', *, *, #8421, .F. ) ;
#10198 = EDGE_CURVE ( 'NONE', #768, #8900, #7700, .T. ) ;
#10199 = ORIENTED_EDGE ( 'NONE', *, *, #3195, .F. ) ;
#10200 = ORIENTED_EDGE ( 'NONE', *, *, #9018, .T. ) ;
#10201 = EDGE_CURVE ( 'NONE', #6237, #4990, #5916, .T. ) ;
#10202 = LINE ( 'NONE', #10469, #3814 ) ;
#10203 = DIRECTION ( 'NONE',  ( -0.000000000000000000, -0.000000000000000000, 1.000000000000000000 ) ) ;
#10204 = DIRECTION ( 'NONE',  ( 1.000000000000000000, -0.000000000000000000, 0.000000000000000000 ) ) ;
#10205 = EDGE_CURVE ( 'NONE', #6404, #998, #7592, .T. ) ;
#10206 = CARTESIAN_POINT ( 'NONE',  ( -100.7678828621005920, 20.78641401289932134, 0.5000000000000004441 ) ) ;
#10207 = CARTESIAN_POINT ( 'NONE',  ( -61.79999999999985505, 15.45793887701764291, 1.500000000000000444 ) ) ;
#10208 = CARTESIAN_POINT ( 'NONE',  ( 39.25000000000000000, 20.85065487298235709, 1.000000000000000000 ) ) ;
#10209 = DIRECTION ( 'NONE',  ( 1.000000000000000000, 0.000000000000000000, 0.000000000000000000 ) ) ;
#10210 = ORIENTED_EDGE ( 'NONE', *, *, #2794, .F. ) ;
#10211 = PERSON_AND_ORGANIZATION ( #1199, #7518 ) ;
#10212 = EDGE_LOOP ( 'NONE', ( #3501, #2039, #4264, #9685 ) ) ;
#10213 = ORIENTED_EDGE ( 'NONE', *, *, #9539, .T. ) ;
#10214 = ORIENTED_EDGE ( 'NONE', *, *, #7759, .F. ) ;
#10215 = EDGE_CURVE ( 'NONE', #5441, #4312, #3660, .T. ) ;
#10216 = FACE_OUTER_BOUND ( 'NONE', #481, .T. ) ;
#10217 = DIRECTION ( 'NONE',  ( -0.7071067811865474617, -0.7071067811865474617, 0.000000000000000000 ) ) ;
#10218 = DIRECTION ( 'NONE',  ( 2.790120544412910805E-34, 1.608394988049504315E-16, -1.000000000000000000 ) ) ;
#10219 = CARTESIAN_POINT ( 'NONE',  ( -9.321524864118316600, 23.17217973710065948, 1.500000000000000444 ) ) ;
#10220 = LINE ( 'NONE', #8611, #9970 ) ;
#10221 = VECTOR ( 'NONE', #7183, 1000.000000000000114 ) ;
#10222 = ORIENTED_EDGE ( 'NONE', *, *, #8891, .F. ) ;
#10223 = CARTESIAN_POINT ( 'NONE',  ( -31.76788286210058132, 15.50448725967913610, 0.5000000000000004441 ) ) ;
#10224 = ORIENTED_EDGE ( 'NONE', *, *, #3738, .F. ) ;
#10225 = VERTEX_POINT ( 'NONE', #6029 ) ;
#10226 = EDGE_CURVE ( 'NONE', #7769, #8211, #10016, .T. ) ;
#10227 = VECTOR ( 'NONE', #6002, 1000.000000000000000 ) ;
#10228 = AXIS2_PLACEMENT_3D ( 'NONE', #5024, #9865, #67 ) ;
#10229 = DIRECTION ( 'NONE',  ( 0.7071067811865462405, 0.7071067811865489050, 0.000000000000000000 ) ) ;
#10230 = LINE ( 'NONE', #7004, #6828 ) ;
#10231 = CARTESIAN_POINT ( 'NONE',  ( -137.7499999999999716, 25.65429687500000355, 0.4000000000000114575 ) ) ;
#10232 = CARTESIAN_POINT ( 'NONE',  ( -55.32152486411830239, 23.17217973710065948, 6.000000000000000000 ) ) ;
#10233 = VERTEX_POINT ( 'NONE', #6892 ) ;
#10234 = DIRECTION ( 'NONE',  ( 0.000000000000000000, -1.000000000000000000, 0.000000000000000000 ) ) ;
#10235 = DIRECTION ( 'NONE',  ( 0.000000000000000000, -1.000000000000000000, 0.000000000000000000 ) ) ;
#10236 = VERTEX_POINT ( 'NONE', #9160 ) ;
#10237 = VERTEX_POINT ( 'NONE', #9315 ) ;
#10238 = VECTOR ( 'NONE', #1266, 1000.000000000000000 ) ;
#10239 = VECTOR ( 'NONE', #7251, 1000.000000000000000 ) ;
#10240 = ORIENTED_EDGE ( 'NONE', *, *, #5628, .T. ) ;
#10241 = CARTESIAN_POINT ( 'NONE',  ( 30.18211713789942152, 20.80448725967914925, 0.5000000000000004441 ) ) ;
#10242 = AXIS2_PLACEMENT_3D ( 'NONE', #125, #1689, #2554 ) ;
#10243 = CARTESIAN_POINT ( 'NONE',  ( -98.38211713789927160, 20.23277201088161803, 6.000000000000000000 ) ) ;
#10244 = CARTESIAN_POINT ( 'NONE',  ( -137.6833333333333087, 10.98763020833333748, 5.333333333333333037 ) ) ;
#10245 = CARTESIAN_POINT ( 'NONE',  ( -13.41788286210060477, 20.78641401289932134, 0.5000000000000004441 ) ) ;
#10246 = DIRECTION ( 'NONE',  ( 1.000000000000000000, 0.000000000000000000, -0.000000000000000000 ) ) ;
#10247 = CARTESIAN_POINT ( 'NONE',  ( -137.7499999999999716, 11.05429687500001457, 0.4000000000000114575 ) ) ;
#10248 = ORIENTED_EDGE ( 'NONE', *, *, #3119, .F. ) ;
#10249 = EDGE_CURVE ( 'NONE', #1384, #6969, #8404, .T. ) ;
#10250 = ORIENTED_EDGE ( 'NONE', *, *, #2647, .F. ) ;
#10251 = ORIENTED_EDGE ( 'NONE', *, *, #8294, .T. ) ;
#10252 = EDGE_CURVE ( 'NONE', #6248, #5989, #9365, .T. ) ;
#10253 = AXIS2_PLACEMENT_3D ( 'NONE', #2760, #3026, #7061 ) ;
#10254 = ORIENTED_EDGE ( 'NONE', *, *, #4694, .T. ) ;
#10255 = VECTOR ( 'NONE', #8601, 1000.000000000000000 ) ;
#10256 = CARTESIAN_POINT ( 'NONE',  ( -36.41788286210059766, 15.48641401289931885, 1.500000000000000444 ) ) ;
#10257 = EDGE_CURVE ( 'NONE', #4626, #8258, #8563, .T. ) ;
#10258 = CARTESIAN_POINT ( 'NONE',  ( -106.0678828621005891, 20.80448725967914925, 1.500000000000000444 ) ) ;
#10259 = CARTESIAN_POINT ( 'NONE',  ( -75.38211713789925739, 16.07582173911838197, 1.500000000000000444 ) ) ;
#10260 = CARTESIAN_POINT ( 'NONE',  ( -128.4178828621005835, 15.48641401289931885, 0.5000000000000004441 ) ) ;
#10261 = FACE_OUTER_BOUND ( 'NONE', #9513, .T. ) ;
#10262 = VERTEX_POINT ( 'NONE', #2641 ) ;
#10263 = AXIS2_PLACEMENT_3D ( 'NONE', #9585, #7104, #4632 ) ;
#10264 = ADVANCED_FACE ( 'NONE', ( #3552 ), #1121, .F. ) ;
#10265 = LINE ( 'NONE', #2735, #2553 ) ;
#10266 = ORIENTED_EDGE ( 'NONE', *, *, #7837, .T. ) ;
#10267 = VERTEX_POINT ( 'NONE', #3499 ) ;
#10268 = VECTOR ( 'NONE', #5925, 1000.000000000000000 ) ;
#10269 = ORIENTED_EDGE ( 'NONE', *, *, #5697, .F. ) ;
#10270 = ORIENTED_EDGE ( 'NONE', *, *, #4940, .T. ) ;
#10271 = EDGE_CURVE ( 'NONE', #6856, #10236, #9205, .T. ) ;
#10272 = CARTESIAN_POINT ( 'NONE',  ( -9.417882862100601216, 22.78641401289931778, 1.500000000000000444 ) ) ;
#10273 = VECTOR ( 'NONE', #698, 1000.000000000000000 ) ;
#10274 = DIRECTION ( 'NONE',  ( 0.7071067811865479058, -0.7071067811865470176, 0.000000000000000000 ) ) ;
#10275 = ORIENTED_EDGE ( 'NONE', *, *, #6987, .T. ) ;
#10276 = CARTESIAN_POINT ( 'NONE',  ( 16.61788286210075327, 20.23277201088161803, 1.500000000000000444 ) ) ;
#10277 = FACE_OUTER_BOUND ( 'NONE', #10084, .T. ) ;
#10278 = LINE ( 'NONE', #2909, #5673 ) ;
#10279 = ORIENTED_EDGE ( 'NONE', *, *, #10426, .F. ) ;
#10280 = DIRECTION ( 'NONE',  ( 1.734723475976806902E-18, 1.000000000000000000, 0.000000000000000000 ) ) ;
#10281 = VERTEX_POINT ( 'NONE', #10123 ) ;
#10282 = ADVANCED_FACE ( 'NONE', ( #1019 ), #10173, .F. ) ;
#10283 = VERTEX_POINT ( 'NONE', #7754 ) ;
#10284 = AXIS2_PLACEMENT_3D ( 'NONE', #5006, #1724, #6471 ) ;
#10285 = DIRECTION ( 'NONE',  ( 1.000000000000000000, 0.000000000000000000, 0.000000000000000000 ) ) ;
#10286 = CARTESIAN_POINT ( 'NONE',  ( -55.41788286210057635, 20.78641401289932134, 0.5000000000000004441 ) ) ;
#10287 = LINE ( 'NONE', #2918, #41 ) ;
#10288 = LINE ( 'NONE', #1245, #4744 ) ;
#10289 = VERTEX_POINT ( 'NONE', #214 ) ;
#10290 = CARTESIAN_POINT ( 'NONE',  ( -101.3215248641183024, 23.17217973710065948, 1.500000000000000444 ) ) ;
#10291 = DIRECTION ( 'NONE',  ( 0.000000000000000000, 0.000000000000000000, 1.000000000000000000 ) ) ;
#10292 = ORIENTED_EDGE ( 'NONE', *, *, #3159, .T. ) ;
#10293 = EDGE_CURVE ( 'NONE', #6742, #1826, #2748, .T. ) ;
#10294 = ORIENTED_EDGE ( 'NONE', *, *, #9150, .T. ) ;
#10295 = AXIS2_PLACEMENT_3D ( 'NONE', #3933, #4566, #3870 ) ;
#10296 = ORIENTED_EDGE ( 'NONE', *, *, #8753, .T. ) ;
#10297 = CARTESIAN_POINT ( 'NONE',  ( -15.79999999999986926, 15.45793887701764291, 3.999999999999999112 ) ) ;
#10298 = EDGE_CURVE ( 'NONE', #10446, #9393, #8503, .T. ) ;
#10299 = DIRECTION ( 'NONE',  ( -0.000000000000000000, -0.000000000000000000, 1.000000000000000000 ) ) ;
#10300 = CARTESIAN_POINT ( 'NONE',  ( -99.00000000000000000, 15.45793887701764469, 4.000000000000000000 ) ) ;
#10301 = AXIS2_PLACEMENT_3D ( 'NONE', #6564, #2468, #7420 ) ;
#10302 = LINE ( 'NONE', #4537, #2413 ) ;
#10303 = DIRECTION ( 'NONE',  ( -0.000000000000000000, -0.000000000000000000, 1.000000000000000000 ) ) ;
#10304 = LINE ( 'NONE', #6273, #3017 ) ;
#10305 = VERTEX_POINT ( 'NONE', #4414 ) ;
#10306 = ORIENTED_EDGE ( 'NONE', *, *, #5830, .T. ) ;
#10307 = VERTEX_POINT ( 'NONE', #6784 ) ;
#10308 = VERTEX_POINT ( 'NONE', #6737 ) ;
#10309 = VECTOR ( 'NONE', #1882, 1000.000000000000000 ) ;
#10310 = PLANE ( 'NONE',  #10350 ) ;
#10311 = FACE_BOUND ( 'NONE', #9695, .T. ) ;
#10312 = CARTESIAN_POINT ( 'NONE',  ( 36.67847513588169761, 23.17217973710065948, 1.500000000000000444 ) ) ;
#10313 = DIRECTION ( 'NONE',  ( 1.000000000000000000, -0.000000000000000000, 0.000000000000000000 ) ) ;
#10314 = LINE ( 'NONE', #6980, #9719 ) ;
#10315 = ORIENTED_EDGE ( 'NONE', *, *, #5851, .F. ) ;
#10316 = DIRECTION ( 'NONE',  ( 0.000000000000000000, 0.000000000000000000, -1.000000000000000000 ) ) ;
#10317 = DIRECTION ( 'NONE',  ( -0.7071067811865462405, -0.7071067811865489050, -1.137307002876262525E-16 ) ) ;
#10318 = VERTEX_POINT ( 'NONE', #8456 ) ;
#10319 = VERTEX_POINT ( 'NONE', #2691 ) ;
#10320 = EDGE_LOOP ( 'NONE', ( #6523, #1376, #9462, #9517 ) ) ;
#10321 = ORIENTED_EDGE ( 'NONE', *, *, #3455, .F. ) ;
#10322 = ADVANCED_FACE ( 'NONE', ( #5975 ), #9261, .F. ) ;
#10323 = CC_DESIGN_DATE_AND_TIME_ASSIGNMENT ( #4822, #3104, ( #1574 ) ) ;
#10324 = ADVANCED_FACE ( 'NONE', ( #2051 ), #8721, .F. ) ;
#10325 = CARTESIAN_POINT ( 'NONE',  ( -129.0678828621005891, 15.48641401289931885, 1.500000000000000444 ) ) ;
#10326 = DIRECTION ( 'NONE',  ( 0.000000000000000000, 0.000000000000000000, -1.000000000000000000 ) ) ;
#10327 = ORIENTED_EDGE ( 'NONE', *, *, #5064, .T. ) ;
#10328 = EDGE_CURVE ( 'NONE', #5610, #8168, #5330, .T. ) ;
#10329 = FACE_OUTER_BOUND ( 'NONE', #5246, .T. ) ;
#10330 = CARTESIAN_POINT ( 'NONE',  ( 13.58211713789943254, 15.48641401289931885, 0.5000000000000004441 ) ) ;
#10331 = EDGE_CURVE ( 'NONE', #4631, #9923, #9473, .T. ) ;
#10332 = DIRECTION ( 'NONE',  ( 0.000000000000000000, -1.000000000000000000, 0.000000000000000000 ) ) ;
#10333 = ORIENTED_EDGE ( 'NONE', *, *, #10551, .T. ) ;
#10334 = DIRECTION ( 'NONE',  ( 1.000000000000000000, 0.000000000000000000, -0.000000000000000000 ) ) ;
#10336 = ORIENTED_EDGE ( 'NONE', *, *, #2117, .T. ) ;
#10335 = VECTOR ( 'NONE', #5507, 1000.000000000000000 ) ;
#10337 = VERTEX_POINT ( 'NONE', #6365 ) ;
#10338 = VECTOR ( 'NONE', #7902, 1000.000000000000000 ) ;
#10339 = FACE_OUTER_BOUND ( 'NONE', #4374, .T. ) ;
#10340 = EDGE_CURVE ( 'NONE', #5377, #2926, #8613, .T. ) ;
#10341 = PLANE ( 'NONE',  #8215 ) ;
#10342 = CARTESIAN_POINT ( 'NONE',  ( -39.41788286210059766, 20.23277201088161448, 1.500000000000000444 ) ) ;
#10343 = CARTESIAN_POINT ( 'NONE',  ( 69.00000000000000000, 0.000000000000000000, 1.500000000000000444 ) ) ;
#10344 = ADVANCED_FACE ( 'NONE', ( #7159 ), #1287, .F. ) ;
#10345 = DIRECTION ( 'NONE',  ( 0.000000000000000000, 1.000000000000000000, 1.608394988049504315E-16 ) ) ;
#10346 = LINE ( 'NONE', #8787, #3387 ) ;
#10347 = DIRECTION ( 'NONE',  ( -1.000000000000000000, 0.000000000000000000, -0.000000000000000000 ) ) ;
#10348 = EDGE_LOOP ( 'NONE', ( #6560, #293, #3058, #7105 ) ) ;
#10349 = ORIENTED_EDGE ( 'NONE', *, *, #4433, .T. ) ;
#10350 = AXIS2_PLACEMENT_3D ( 'NONE', #9673, #1319, #7138 ) ;
#10351 = VERTEX_POINT ( 'NONE', #4571 ) ;
#10352 = VECTOR ( 'NONE', #1213, 1000.000000000000000 ) ;
#10353 = LINE ( 'NONE', #4702, #2362 ) ;
#10354 = EDGE_CURVE ( 'NONE', #4386, #7, #3770, .T. ) ;
#10355 = DIRECTION ( 'NONE',  ( 0.7071067811865474617, 0.7071067811865474617, 0.000000000000000000 ) ) ;
#10356 = PLANE ( 'NONE',  #6967 ) ;
#10357 = LINE ( 'NONE', #5351, #6644 ) ;
#10358 = DIRECTION ( 'NONE',  ( -1.000000000000000000, 0.000000000000000000, -0.000000000000000000 ) ) ;
#10359 = CARTESIAN_POINT ( 'NONE',  ( -39.41788286210059766, 20.23277201088161448, 2.500000000000000000 ) ) ;
#10360 = CARTESIAN_POINT ( 'NONE',  ( -122.0178828621005778, 15.50448725967913610, 0.5000000000000004441 ) ) ;
#10361 = VERTEX_POINT ( 'NONE', #7860 ) ;
#10362 = EDGE_LOOP ( 'NONE', ( #3477, #5992, #2855, #6174, #1277 ) ) ;
#10363 = ORIENTED_EDGE ( 'NONE', *, *, #4304, .F. ) ;
#10364 = EDGE_CURVE ( 'NONE', #9069, #71, #480, .T. ) ;
#10365 = ORIENTED_EDGE ( 'NONE', *, *, #7971, .T. ) ;
#10366 = DIRECTION ( 'NONE',  ( 0.000000000000000000, -1.000000000000000000, 0.000000000000000000 ) ) ;
#10367 = CARTESIAN_POINT ( 'NONE',  ( 92.00000000000000000, 0.000000000000000000, 1.500000000000000444 ) ) ;
#10368 = LINE ( 'NONE', #2082, #9445 ) ;
#10369 = DIRECTION ( 'NONE',  ( 0.000000000000000000, -1.000000000000000000, -1.608394988049504315E-16 ) ) ;
#10370 = DIRECTION ( 'NONE',  ( 1.000000000000000000, 0.000000000000000000, 0.000000000000000000 ) ) ;
#10371 = ORIENTED_EDGE ( 'NONE', *, *, #2141, .T. ) ;
#10372 = CARTESIAN_POINT ( 'NONE',  ( -15.79999999999987281, 15.45793887701764291, 1.500000000000000444 ) ) ;
#10373 = LINE ( 'NONE', #4616, #4324 ) ;
#10374 = ORIENTED_EDGE ( 'NONE', *, *, #6558, .F. ) ;
#10375 = ORIENTED_EDGE ( 'NONE', *, *, #1442, .F. ) ;
#10376 = ORIENTED_EDGE ( 'NONE', *, *, #2174, .F. ) ;
#10377 = VERTEX_POINT ( 'NONE', #6307 ) ;
#10378 = FACE_OUTER_BOUND ( 'NONE', #7253, .T. ) ;
#10379 = PLANE ( 'NONE',  #5110 ) ;
#10380 = EDGE_LOOP ( 'NONE', ( #6906, #3321, #6428, #588, #154, #2205, #1276, #8252, #10502, #2387, #384, #5031, #8902, #6957, #2527, #2759 ) ) ;
#10381 = DIRECTION ( 'NONE',  ( 0.000000000000000000, -0.000000000000000000, 1.000000000000000000 ) ) ;
#10382 = CARTESIAN_POINT ( 'NONE',  ( -15.81788286210059091, 20.80448725967914925, 0.5000000000000004441 ) ) ;
#10383 = CARTESIAN_POINT ( 'NONE',  ( -59.41788286210059056, 20.78641401289932134, 1.500000000000000444 ) ) ;
#10384 = ORIENTED_EDGE ( 'NONE', *, *, #2518, .T. ) ;
#10385 = DIRECTION ( 'NONE',  ( -0.000000000000000000, 1.000000000000000000, 0.000000000000000000 ) ) ;
#10386 = ORIENTED_EDGE ( 'NONE', *, *, #8952, .T. ) ;
#10387 = ADVANCED_FACE ( 'NONE', ( #7051 ), #4519, .F. ) ;
#10388 = VERTEX_POINT ( 'NONE', #3013 ) ;
#10389 = ADVANCED_FACE ( 'NONE', ( #421 ), #6997, .T. ) ;
#10390 = LINE ( 'NONE', #6203, #4095 ) ;
#10391 = CARTESIAN_POINT ( 'NONE',  ( -105.4178828621005977, 15.48641401289931885, 1.500000000000000444 ) ) ;
#10392 = PLANE ( 'NONE',  #3767 ) ;
#10393 = LINE ( 'NONE', #4526, #3191 ) ;
#10394 = EDGE_CURVE ( 'NONE', #9452, #9330, #5382, .T. ) ;
#10395 = LINE ( 'NONE', #6374, #4101 ) ;
#10396 = LINE ( 'NONE', #9701, #2525 ) ;
#10397 = CARTESIAN_POINT ( 'NONE',  ( -37.06788286210058203, 20.80448725967914925, 0.5000000000000004441 ) ) ;
#10398 = ORIENTED_EDGE ( 'NONE', *, *, #2172, .F. ) ;
#10399 = ORIENTED_EDGE ( 'NONE', *, *, #1831, .T. ) ;
#10400 = ADVANCED_FACE ( 'NONE', ( #3076 ), #7917, .F. ) ;
#10401 = EDGE_LOOP ( 'NONE', ( #5041, #5523, #5809, #3176, #784, #4825, #10040, #3211, #8959, #9915 ) ) ;
#10402 = VECTOR ( 'NONE', #9257, 1000.000000000000114 ) ;
#10403 = AXIS2_PLACEMENT_3D ( 'NONE', #4763, #8049, #10519 ) ;
#10404 = EDGE_CURVE ( 'NONE', #5438, #10139, #585, .T. ) ;
#10405 = DIRECTION ( 'NONE',  ( -0.000000000000000000, -1.000000000000000000, -0.000000000000000000 ) ) ;
#10406 = CARTESIAN_POINT ( 'NONE',  ( -128.4178828621005835, 13.48641401289931885, 0.5000000000000004441 ) ) ;
#10407 = DIRECTION ( 'NONE',  ( 1.000000000000000000, 0.000000000000000000, 0.000000000000000000 ) ) ;
#10408 = CARTESIAN_POINT ( 'NONE',  ( -9.417882862100601216, 22.78641401289931778, 0.5000000000000004441 ) ) ;
#10409 = CARTESIAN_POINT ( 'NONE',  ( -131.4178828621006119, 16.07582173911837842, 1.500000000000000444 ) ) ;
#10410 = AXIS2_PLACEMENT_3D ( 'NONE', #3693, #5312, #3057 ) ;
#10411 = CARTESIAN_POINT ( 'NONE',  ( 8.932117137899432180, 20.80448725967914925, 0.5000000000000004441 ) ) ;
#10412 = CARTESIAN_POINT ( 'NONE',  ( -38.81788286210058203, 20.80448725967914925, 0.5000000000000004441 ) ) ;
#10413 = DIRECTION ( 'NONE',  ( -0.000000000000000000, 0.000000000000000000, 1.000000000000000000 ) ) ;
#10414 = ORIENTED_EDGE ( 'NONE', *, *, #8391, .T. ) ;
#10415 = VECTOR ( 'NONE', #4801, 1000.000000000000000 ) ;
#10416 = EDGE_CURVE ( 'NONE', #12, #3659, #6249, .T. ) ;
#10417 = EDGE_LOOP ( 'NONE', ( #1493, #2480, #7476, #10527, #942, #8562, #5419, #8480 ) ) ;
#10418 = EDGE_LOOP ( 'NONE', ( #1886, #7014, #7064, #6028 ) ) ;
#10419 = VECTOR ( 'NONE', #6051, 1000.000000000000000 ) ;
#10420 = AXIS2_PLACEMENT_3D ( 'NONE', #1957, #6964, #10246 ) ;
#10421 = DIRECTION ( 'NONE',  ( -0.000000000000000000, -0.000000000000000000, 1.000000000000000000 ) ) ;
#10422 = DIRECTION ( 'NONE',  ( 0.000000000000000000, 0.7071067811865465735, -0.7071067811865484609 ) ) ;
#10423 = LINE ( 'NONE', #5475, #10480 ) ;
#10424 = DIRECTION ( 'NONE',  ( -1.000000000000000000, 0.000000000000000000, 0.000000000000000000 ) ) ;
#10425 = CARTESIAN_POINT ( 'NONE',  ( 46.25000000000000000, 22.40429687500000355, 1.000000000000000000 ) ) ;
#10426 = EDGE_CURVE ( 'NONE', #1464, #5848, #8022, .T. ) ;
#10427 = EDGE_LOOP ( 'NONE', ( #6567, #6452, #2421, #8751, #8533, #3379, #1608, #6529 ) ) ;
#10428 = FACE_OUTER_BOUND ( 'NONE', #8692, .T. ) ;
#10429 = ORIENTED_EDGE ( 'NONE', *, *, #8328, .T. ) ;
#10430 = AXIS2_PLACEMENT_3D ( 'NONE', #5127, #4320, #2651 ) ;
#10431 = EDGE_CURVE ( 'NONE', #26, #617, #5439, .T. ) ;
#10432 = ORIENTED_EDGE ( 'NONE', *, *, #4283, .T. ) ;
#10433 = ORIENTED_EDGE ( 'NONE', *, *, #1695, .F. ) ;
#10434 = VECTOR ( 'NONE', #6182, 1000.000000000000114 ) ;
#10435 = EDGE_CURVE ( 'NONE', #985, #1566, #7217, .T. ) ;
#10436 = AXIS2_PLACEMENT_3D ( 'NONE', #7806, #2212, #10334 ) ;
#10437 = CARTESIAN_POINT ( 'NONE',  ( 45.85000000000000142, 10.65429687500000355, 5.000000000000000000 ) ) ;
#10438 = CARTESIAN_POINT ( 'NONE',  ( -137.7499999999999716, 25.65429687500000355, 6.000000000000000000 ) ) ;
#10439 = ORIENTED_EDGE ( 'NONE', *, *, #5837, .F. ) ;
#10440 = CARTESIAN_POINT ( 'NONE',  ( 31.93211713789942507, 20.80448725967914925, 0.5000000000000004441 ) ) ;
#10441 = FACE_OUTER_BOUND ( 'NONE', #5915, .T. ) ;
#10442 = VECTOR ( 'NONE', #7068, 1000.000000000000000 ) ;
#10443 = CARTESIAN_POINT ( 'NONE',  ( 31.93211713789942507, 15.48641401289931885, 0.5000000000000004441 ) ) ;
#10444 = EDGE_LOOP ( 'NONE', ( #2945, #10151, #5117, #3294, #7078, #1561, #5145, #4157, #9186, #4960, #4063, #1178, #7545, #8339, #4948, #1347, #9084, #9680, #8212, #9148, #9989, #5156, #1137, #2485, #2495, #4300, #6651, #9067, #7435, #4466, #6532, #10611, #6694, #6321, #7519, #7335, #2200, #6506, #8939, #3694 ) ) ;
#10445 = DIRECTION ( 'NONE',  ( 1.000000000000000000, 0.000000000000000000, 0.000000000000000000 ) ) ;
#10446 = VERTEX_POINT ( 'NONE', #3126 ) ;
#10447 = ORIENTED_EDGE ( 'NONE', *, *, #5080, .T. ) ;
#10448 = VECTOR ( 'NONE', #5816, 1000.000000000000000 ) ;
#10449 = CARTESIAN_POINT ( 'NONE',  ( 2.681524946017706442E-17, 15.45793887701764291, 4.000000000000000000 ) ) ;
#10450 = EDGE_CURVE ( 'NONE', #6956, #8406, #2371, .T. ) ;
#10451 = CARTESIAN_POINT ( 'NONE',  ( -135.3535533905932766, 23.05074348440672694, 0.5999999999999998668 ) ) ;
#10452 = VECTOR ( 'NONE', #5966, 1000.000000000000000 ) ;
#10453 = CARTESIAN_POINT ( 'NONE',  ( -99.01788286210059198, 15.50448725967913610, 0.5000000000000004441 ) ) ;
#10454 = LINE ( 'NONE', #5503, #1291 ) ;
#10455 = VECTOR ( 'NONE', #7650, 1000.000000000000000 ) ;
#10456 = FACE_OUTER_BOUND ( 'NONE', #10064, .T. ) ;
#10457 = LINE ( 'NONE', #4581, #1659 ) ;
#10458 = FACE_OUTER_BOUND ( 'NONE', #3425, .T. ) ;
#10459 = ORIENTED_EDGE ( 'NONE', *, *, #8201, .T. ) ;
#10460 = VECTOR ( 'NONE', #35, 1000.000000000000000 ) ;
#10461 = ORIENTED_EDGE ( 'NONE', *, *, #9012, .F. ) ;
#10462 = EDGE_LOOP ( 'NONE', ( #509, #7428, #1222, #2655 ) ) ;
#10463 = EDGE_CURVE ( 'NONE', #3652, #998, #5808, .T. ) ;
#10464 = VECTOR ( 'NONE', #597, 1000.000000000000000 ) ;
#10465 = EDGE_CURVE ( 'NONE', #1331, #4626, #9898, .T. ) ;
#10466 = CARTESIAN_POINT ( 'NONE',  ( -108.4178828621006119, 16.07582173911837842, 1.500000000000000444 ) ) ;
#10467 = ADVANCED_FACE ( 'NONE', ( #1504 ), #1720, .F. ) ;
#10468 = DIRECTION ( 'NONE',  ( -6.938893903907233900E-15, 1.000000000000000000, 0.000000000000000000 ) ) ;
#10469 = CARTESIAN_POINT ( 'NONE',  ( -105.4963579979822441, 23.15429687499998934, 1.500000000000000444 ) ) ;
#10470 = CARTESIAN_POINT ( 'NONE',  ( -135.4999999999999716, 13.40429687500000355, 0.5999999999999999778 ) ) ;
#10471 = CARTESIAN_POINT ( 'NONE',  ( 30.18211713789942152, 15.48641401289931885, 1.500000000000000444 ) ) ;
#10472 = CARTESIAN_POINT ( 'NONE',  ( 16.61788286210075327, 16.07582173911838197, 1.500000000000000444 ) ) ;
#10473 = LINE ( 'NONE', #3793, #3205 ) ;
#10474 = DIRECTION ( 'NONE',  ( -0.000000000000000000, -0.000000000000000000, 1.000000000000000000 ) ) ;
#10475 = ORIENTED_EDGE ( 'NONE', *, *, #3880, .F. ) ;
#10476 = VECTOR ( 'NONE', #7223, 1000.000000000000000 ) ;
#10477 = EDGE_CURVE ( 'NONE', #8419, #8949, #9794, .T. ) ;
#10478 = PERSON_AND_ORGANIZATION ( #1199, #7518 ) ;
#10479 = ORIENTED_EDGE ( 'NONE', *, *, #1252, .T. ) ;
#10480 = VECTOR ( 'NONE', #4664, 1000.000000000000000 ) ;
#10481 = CARTESIAN_POINT ( 'NONE',  ( -53.01788286210057066, 20.78641401289932134, 0.5000000000000004441 ) ) ;
#10482 = PLANE ( 'NONE',  #7664 ) ;
#10483 = EDGE_CURVE ( 'NONE', #5356, #8070, #3227, .T. ) ;
#10484 = DIRECTION ( 'NONE',  ( 1.000000000000000000, -1.734723475976806902E-18, -0.000000000000000000 ) ) ;
#10485 = LINE ( 'NONE', #10532, #1818 ) ;
#10486 = CARTESIAN_POINT ( 'NONE',  ( -122.0178828621005778, 15.50448725967913610, 0.5000000000000004441 ) ) ;
#10487 = ORIENTED_EDGE ( 'NONE', *, *, #870, .F. ) ;
#10488 = CARTESIAN_POINT ( 'NONE',  ( -39.41788286210059766, 16.07582173911837842, 4.000000000000000000 ) ) ;
#10489 = VERTEX_POINT ( 'NONE', #8081 ) ;
#10490 = AXIS2_PLACEMENT_3D ( 'NONE', #9712, #1475, #2395 ) ;
#10491 = ORIENTED_EDGE ( 'NONE', *, *, #4601, .T. ) ;
#10492 = ORIENTED_EDGE ( 'NONE', *, *, #858, .F. ) ;
#10493 = CARTESIAN_POINT ( 'NONE',  ( 32.52152486411846866, 13.13641401289931920, 1.500000000000000444 ) ) ;
#10494 = CARTESIAN_POINT ( 'NONE',  ( -128.4784751358815242, 13.13641401289931920, 1.500000000000000444 ) ) ;
#10495 = ORIENTED_EDGE ( 'NONE', *, *, #2255, .T. ) ;
#10496 = EDGE_CURVE ( 'NONE', #7674, #982, #8180, .T. ) ;
#10497 = CARTESIAN_POINT ( 'NONE',  ( -59.47847513588155977, 23.17217973710065948, 1.500000000000000444 ) ) ;
#10498 = FACE_OUTER_BOUND ( 'NONE', #6224, .T. ) ;
#10499 = PLANE ( 'NONE',  #825 ) ;
#10500 = ORIENTED_EDGE ( 'NONE', *, *, #5060, .T. ) ;
#10501 = CARTESIAN_POINT ( 'NONE',  ( -129.0678828621005891, 15.48641401289931885, 0.5000000000000004441 ) ) ;
#10502 = ORIENTED_EDGE ( 'NONE', *, *, #8295, .F. ) ;
#10503 = ORIENTED_EDGE ( 'NONE', *, *, #536, .F. ) ;
#10504 = EDGE_CURVE ( 'NONE', #479, #9364, #5001, .T. ) ;
#10505 = CARTESIAN_POINT ( 'NONE',  ( -30.01788286210058132, 20.78641401289932134, 0.5000000000000004441 ) ) ;
#10506 = LINE ( 'NONE', #8992, #1154 ) ;
#10507 = PLANE ( 'NONE',  #10634 ) ;
#10508 = FACE_OUTER_BOUND ( 'NONE', #7795, .T. ) ;
#10509 = CARTESIAN_POINT ( 'NONE',  ( -83.06788286210057493, 15.48641401289931885, 0.5000000000000004441 ) ) ;
#10510 = CARTESIAN_POINT ( 'NONE',  ( -106.0678828621005891, 15.48641401289931885, 0.5000000000000004441 ) ) ;
#10511 = CARTESIAN_POINT ( 'NONE',  ( -124.3215248641183024, 23.17217973710065948, 1.500000000000000444 ) ) ;
#10512 = VERTEX_POINT ( 'NONE', #10548 ) ;
#10513 = ORIENTED_EDGE ( 'NONE', *, *, #6407, .T. ) ;
#10514 = EDGE_LOOP ( 'NONE', ( #2360, #7731, #3280, #7616, #9858, #6872, #1167, #168 ) ) ;
#10515 = AXIS2_PLACEMENT_3D ( 'NONE', #6438, #8053, #8854 ) ;
#10516 = DIRECTION ( 'NONE',  ( 1.000000000000000000, 0.000000000000000000, 0.000000000000000000 ) ) ;
#10517 = DIRECTION ( 'NONE',  ( 1.000000000000000000, 0.000000000000000000, 0.000000000000000000 ) ) ;
#10518 = PLANE ( 'NONE',  #8805 ) ;
#10519 = DIRECTION ( 'NONE',  ( -1.000000000000000000, 1.734723475976806902E-18, 0.000000000000000000 ) ) ;
#10520 = LINE ( 'NONE', #9866, #4462 ) ;
#10521 = CARTESIAN_POINT ( 'NONE',  ( -130.7500000000000000, 23.15429687499998579, 4.000000000000000000 ) ) ;
#10522 = VECTOR ( 'NONE', #8047, 1000.000000000000000 ) ;
#10523 = CARTESIAN_POINT ( 'NONE',  ( -108.4178828621006119, 20.23277201088161448, 2.500000000000000000 ) ) ;
#10524 = ORIENTED_EDGE ( 'NONE', *, *, #4675, .F. ) ;
#10525 = AXIS2_PLACEMENT_3D ( 'NONE', #8906, #2393, #1578 ) ;
#10526 = EDGE_CURVE ( 'NONE', #3865, #3476, #6619, .T. ) ;
#10527 = ORIENTED_EDGE ( 'NONE', *, *, #6740, .T. ) ;
#10528 = AXIS2_PLACEMENT_3D ( 'NONE', #5616, #8202, #9918 ) ;
#10529 = DIRECTION ( 'NONE',  ( -0.7071067811865479058, 0.7071067811865470176, 0.000000000000000000 ) ) ;
#10530 = DIRECTION ( 'NONE',  ( -1.000000000000000000, -8.163404592832032733E-17, 0.000000000000000000 ) ) ;
#10531 = CARTESIAN_POINT ( 'NONE',  ( 36.58211713789942365, 15.48641401289931885, 0.5000000000000004441 ) ) ;
#10532 = CARTESIAN_POINT ( 'NONE',  ( 39.61788286210074261, 20.23277201088161803, 4.000000000000000000 ) ) ;
#10533 = CARTESIAN_POINT ( 'NONE',  ( -77.76788286210057777, 20.78641401289932134, 0.5000000000000004441 ) ) ;
#10534 = VERTEX_POINT ( 'NONE', #4193 ) ;
#10535 = EDGE_CURVE ( 'NONE', #1519, #7850, #9742, .T. ) ;
#10536 = CARTESIAN_POINT ( 'NONE',  ( -32.41788286210059766, 13.48641401289931885, 1.500000000000000444 ) ) ;
#10537 = ORIENTED_EDGE ( 'NONE', *, *, #5986, .F. ) ;
#10538 = VERTEX_POINT ( 'NONE', #5594 ) ;
#10539 = VERTEX_POINT ( 'NONE', #4892 ) ;
#10540 = EDGE_CURVE ( 'NONE', #617, #1570, #5650, .T. ) ;
#10541 = EDGE_CURVE ( 'NONE', #7755, #1237, #694, .T. ) ;
#10542 = CARTESIAN_POINT ( 'NONE',  ( -14.06788286210058914, 15.48641401289931885, 1.500000000000000444 ) ) ;
#10543 = CARTESIAN_POINT ( 'NONE',  ( 39.25000000000000000, 13.15429687500000355, 6.000000000000000000 ) ) ;
#10544 = LINE ( 'NONE', #4942, #4291 ) ;
#10545 = DIRECTION ( 'NONE',  ( -0.000000000000000000, -0.000000000000000000, 1.000000000000000000 ) ) ;
#10546 = LINE ( 'NONE', #1448, #3270 ) ;
#10547 = VERTEX_POINT ( 'NONE', #4141 ) ;
#10548 = CARTESIAN_POINT ( 'NONE',  ( 30.20000000000016271, 20.85065487298236420, 2.500000000000000000 ) ) ;
#10549 = ORIENTED_EDGE ( 'NONE', *, *, #3299, .F. ) ;
#10550 = ORIENTED_EDGE ( 'NONE', *, *, #1003, .F. ) ;
#10551 = EDGE_CURVE ( 'NONE', #4600, #6404, #8937, .T. ) ;
#10552 = CARTESIAN_POINT ( 'NONE',  ( -100.7678828621005920, 20.78641401289932134, 0.5000000000000004441 ) ) ;
#10553 = DIRECTION ( 'NONE',  ( -6.938893903907234689E-15, 1.000000000000000000, 0.000000000000000000 ) ) ;
#10554 = DIRECTION ( 'NONE',  ( 0.000000000000000000, -0.000000000000000000, -1.000000000000000000 ) ) ;
#10555 = CARTESIAN_POINT ( 'NONE',  ( 46.25000000000000000, 22.40429687500000355, 1.000000000000000000 ) ) ;
#10556 = CARTESIAN_POINT ( 'NONE',  ( 9.582117137899414772, 13.48641401289931885, 0.5000000000000004441 ) ) ;
#10557 = LINE ( 'NONE', #8304, #9056 ) ;
#10558 = DIRECTION ( 'NONE',  ( 0.000000000000000000, 1.000000000000000000, 0.000000000000000000 ) ) ;
#10559 = ORIENTED_EDGE ( 'NONE', *, *, #3855, .T. ) ;
#10560 = ADVANCED_FACE ( 'NONE', ( #3279 ), #1559, .F. ) ;
#10561 = ORIENTED_EDGE ( 'NONE', *, *, #9602, .F. ) ;
#10562 = ORIENTED_EDGE ( 'NONE', *, *, #3502, .T. ) ;
#10563 = VERTEX_POINT ( 'NONE', #9039 ) ;
#10564 = DIRECTION ( 'NONE',  ( 0.000000000000000000, 0.000000000000000000, -1.000000000000000000 ) ) ;
#10565 = CARTESIAN_POINT ( 'NONE',  ( -131.4178828621006119, 16.07582173911837842, 6.000000000000000000 ) ) ;
#10566 = DIRECTION ( 'NONE',  ( 0.7071067811865466846, 0.7071067811865483499, 0.000000000000000000 ) ) ;
#10567 = CARTESIAN_POINT ( 'NONE',  ( -130.7500000000000000, 13.15429687499998934, 4.000000000000000000 ) ) ;
#10568 = LINE ( 'NONE', #667, #4298 ) ;
#10569 = DIRECTION ( 'NONE',  ( 0.7071067811865474617, 0.7071067811865474617, 1.137307002876260553E-16 ) ) ;
#10570 = CARTESIAN_POINT ( 'NONE',  ( -15.79999999999986926, 15.45793887701764291, 2.499999999999999112 ) ) ;
#10571 = ORIENTED_EDGE ( 'NONE', *, *, #4742, .F. ) ;
#10572 = ORIENTED_EDGE ( 'NONE', *, *, #4, .F. ) ;
#10573 = VECTOR ( 'NONE', #10545, 1000.000000000000000 ) ;
#10574 = ORIENTED_EDGE ( 'NONE', *, *, #8363, .F. ) ;
#10575 = VECTOR ( 'NONE', #3594, 1000.000000000000000 ) ;
#10576 = AXIS2_PLACEMENT_3D ( 'NONE', #8572, #1190, #2604 ) ;
#10577 = EDGE_CURVE ( 'NONE', #3174, #10289, #7317, .T. ) ;
#10578 = PLANE ( 'NONE',  #9494 ) ;
#10579 = FACE_OUTER_BOUND ( 'NONE', #2089, .T. ) ;
#10580 = FACE_OUTER_BOUND ( 'NONE', #3309, .T. ) ;
#10581 = DIRECTION ( 'NONE',  ( -0.000000000000000000, -0.000000000000000000, 1.000000000000000000 ) ) ;
#10582 = DIRECTION ( 'NONE',  ( 0.000000000000000000, -1.000000000000000000, 0.000000000000000000 ) ) ;
#10583 = VERTEX_POINT ( 'NONE', #1609 ) ;
#10584 = CARTESIAN_POINT ( 'NONE',  ( -59.47847513588155977, 23.17217973710065948, 2.500000000000000444 ) ) ;
#10585 = EDGE_CURVE ( 'NONE', #251, #1663, #7424, .T. ) ;
#10586 = VERTEX_POINT ( 'NONE', #4947 ) ;
#10587 = VERTEX_POINT ( 'NONE', #49 ) ;
#10588 = VECTOR ( 'NONE', #9017, 1000.000000000000000 ) ;
#10589 = VECTOR ( 'NONE', #9625, 1000.000000000000000 ) ;
#10590 = VERTEX_POINT ( 'NONE', #10003 ) ;
#10591 = ADVANCED_FACE ( 'NONE', ( #4347 ), #956, .T. ) ;
#10592 = DIRECTION ( 'NONE',  ( 1.000000000000000000, -1.734723475976806902E-18, -0.000000000000000000 ) ) ;
#10593 = ADVANCED_FACE ( 'NONE', ( #9146 ), #8443, .F. ) ;
#10594 = CARTESIAN_POINT ( 'NONE',  ( -36.49635799798218727, 13.15429687499998934, 4.000000000000000000 ) ) ;
#10595 = FACE_OUTER_BOUND ( 'NONE', #6241, .T. ) ;
#10596 = DIRECTION ( 'NONE',  ( -1.000000000000000000, 0.000000000000000000, 0.000000000000000000 ) ) ;
#10597 = AXIS2_PLACEMENT_3D ( 'NONE', #8687, #7939, #1476 ) ;
#10598 = LINE ( 'NONE', #3388, #972 ) ;
#10599 = ORIENTED_EDGE ( 'NONE', *, *, #2806, .F. ) ;
#10600 = DIRECTION ( 'NONE',  ( -1.000000000000000000, 0.000000000000000000, 0.000000000000000000 ) ) ;
#10601 = ORIENTED_EDGE ( 'NONE', *, *, #5539, .F. ) ;
#10602 = ADVANCED_FACE ( 'NONE', ( #10049 ), #10161, .F. ) ;
#10603 = ORIENTED_EDGE ( 'NONE', *, *, #9379, .F. ) ;
#10604 = VECTOR ( 'NONE', #8350, 1000.000000000000000 ) ;
#10605 = CARTESIAN_POINT ( 'NONE',  ( 36.67847513588169761, 23.17217973710065948, 6.000000000000000000 ) ) ;
#10606 = VECTOR ( 'NONE', #7879, 1000.000000000000000 ) ;
#10607 = CARTESIAN_POINT ( 'NONE',  ( -137.7499999999999716, 20.85065487298235709, 2.500000000000000000 ) ) ;
#10608 = DIRECTION ( 'NONE',  ( 0.000000000000000000, -1.000000000000000000, 0.000000000000000000 ) ) ;
#10609 = EDGE_CURVE ( 'NONE', #3476, #5247, #2789, .T. ) ;
#10610 = AXIS2_PLACEMENT_3D ( 'NONE', #5644, #8234, #7467 ) ;
#10611 = ORIENTED_EDGE ( 'NONE', *, *, #3583, .F. ) ;
#10612 = DIRECTION ( 'NONE',  ( 0.000000000000000000, 0.000000000000000000, -1.000000000000000000 ) ) ;
#10613 = DIRECTION ( 'NONE',  ( 0.000000000000000000, 0.000000000000000000, -1.000000000000000000 ) ) ;
#10614 = ORIENTED_EDGE ( 'NONE', *, *, #3445, .F. ) ;
#10615 = ORIENTED_EDGE ( 'NONE', *, *, #2724, .F. ) ;
#10616 = VECTOR ( 'NONE', #3494, 1000.000000000000000 ) ;
#10617 = ORIENTED_EDGE ( 'NONE', *, *, #3813, .F. ) ;
#10618 = LINE ( 'NONE', #5829, #1145 ) ;
#10619 = CARTESIAN_POINT ( 'NONE',  ( -75.38211713789925739, 16.07582173911838197, 1.500000000000000444 ) ) ;
#10620 = VECTOR ( 'NONE', #6311, 1000.000000000000000 ) ;
#10621 = CARTESIAN_POINT ( 'NONE',  ( 39.25000000000000000, 13.15429687500000355, 4.000000000000000000 ) ) ;
#10622 = LINE ( 'NONE', #1529, #8861 ) ;
#10623 = VECTOR ( 'NONE', #9242, 1000.000000000000000 ) ;
#10624 = ADVANCED_FACE ( 'NONE', ( #1057 ), #308, .T. ) ;
#10625 = CARTESIAN_POINT ( 'NONE',  ( -60.06788286210057493, 15.48641401289931885, 0.5000000000000004441 ) ) ;
#10626 = DIRECTION ( 'NONE',  ( -0.000000000000000000, -0.000000000000000000, 1.000000000000000000 ) ) ;
#10627 = LINE ( 'NONE', #3254, #5525 ) ;
#10628 = ORIENTED_EDGE ( 'NONE', *, *, #8379, .F. ) ;
#10629 = ORIENTED_EDGE ( 'NONE', *, *, #10541, .F. ) ;
#10630 = ORIENTED_EDGE ( 'NONE', *, *, #4411, .F. ) ;
#10631 = ADVANCED_FACE ( 'NONE', ( #6883 ), #1106, .F. ) ;
#10632 = DIRECTION ( 'NONE',  ( 1.000000000000000000, -0.000000000000000000, -0.000000000000000000 ) ) ;
#10633 = DIRECTION ( 'NONE',  ( 0.000000000000000000, 0.7071067811865472397, -0.7071067811865479058 ) ) ;
#10634 = AXIS2_PLACEMENT_3D ( 'NONE', #4748, #4800, #4578 ) ;
#10635 = FACE_OUTER_BOUND ( 'NONE', #10514, .T. ) ;
#10636 = FACE_BOUND ( 'NONE', #4128, .T. ) ;
#10637 = LINE ( 'NONE', #8118, #1467 ) ;
#10638 = ORIENTED_EDGE ( 'NONE', *, *, #10188, .T. ) ;
#10639 = CARTESIAN_POINT ( 'NONE',  ( -30.00000000000000000, 15.45793887701764291, 1.500000000000000444 ) ) ;
#10640 = EDGE_LOOP ( 'NONE', ( #6144, #9367, #4806, #5861 ) ) ;
#10641 = ORIENTED_EDGE ( 'NONE', *, *, #1032, .T. ) ;
#10642 = VERTEX_POINT ( 'NONE', #250 ) ;
#10643 = AXIS2_PLACEMENT_3D ( 'NONE', #4068, #8062, #677 ) ;
#10644 = DIRECTION ( 'NONE',  ( 2.790120544412910805E-34, 1.608394988049504315E-16, -1.000000000000000000 ) ) ;
#10645 = CARTESIAN_POINT ( 'NONE',  ( 13.67847513588169051, 13.13641401289931920, 6.000000000000000000 ) ) ;
#10646 = FACE_OUTER_BOUND ( 'NONE', #10444, .T. ) ;
#10647 = LINE ( 'NONE', #743, #5923 ) ;
#10648 = AXIS2_PLACEMENT_3D ( 'NONE', #3710, #4412, #6837 ) ;
#10649 = DIRECTION ( 'NONE',  ( -0.000000000000000000, 1.000000000000000000, 0.000000000000000000 ) ) ;
#10650 = EDGE_LOOP ( 'NONE', ( #6094, #4117, #7146, #5496 ) ) ;
#10651 = CARTESIAN_POINT ( 'NONE',  ( -15.79999999999986926, 20.85065487298235709, 1.500000000000000444 ) ) ;
#10652 = ORIENTED_EDGE ( 'NONE', *, *, #3289, .F. ) ;
#10653 = EDGE_LOOP ( 'NONE', ( #4570, #1083, #6352, #7515, #2619 ) ) ;
#10654 = EDGE_CURVE ( 'NONE', #8070, #8094, #4301, .T. ) ;
#10655 = ADVANCED_FACE ( 'NONE', ( #1975 ), #4248, .F. ) ;
ENDSEC;
END-ISO-10303-21;
