ISO-10303-21;
HEADER;
FILE_DESCRIPTION (( 'STEP AP203' ),
    '1' );
FILE_NAME ('COAS Holder.STEP',
    '2025-07-31T13:53:21',
    ( '' ),
    ( '' ),
    'SwSTEP 2.0',
    'SolidWorks 2025',
    '' );
FILE_SCHEMA (( 'CONFIG_CONTROL_DESIGN' ));
ENDSEC;

DATA;
#1 = DIRECTION ( 'NONE',  ( -0.000000000000000000, 0.000000000000000000, 1.000000000000000000 ) ) ;
#2 = DIRECTION ( 'NONE',  ( 3.154042683594195121E-16, 1.000000000000000000, 0.000000000000000000 ) ) ;
#3 = PLANE ( 'NONE',  #2994 ) ;
#4 = ADVANCED_FACE ( 'NONE', ( #2235 ), #1075, .F. ) ;
#5 = ORIENTED_EDGE ( 'NONE', *, *, #2672, .F. ) ;
#6 = VECTOR ( 'NONE', #1886, 1000.000000000000000 ) ;
#7 = DIRECTION ( 'NONE',  ( 0.000000000000000000, -1.000000000000000000, 0.000000000000000000 ) ) ;
#8 = ORIENTED_EDGE ( 'NONE', *, *, #104, .F. ) ;
#9 = CARTESIAN_POINT ( 'NONE',  ( -5.099999999999999645, 20.15429687500000000, 0.5000000000000000000 ) ) ;
#10 = VECTOR ( 'NONE', #254, 1000.000000000000000 ) ;
#11 = EDGE_CURVE ( 'NONE', #238, #765, #2711, .T. ) ;
#12 = EDGE_LOOP ( 'NONE', ( #1383, #411, #2197, #2391 ) ) ;
#13 = VERTEX_POINT ( 'NONE', #393 ) ;
#14 = DIRECTION ( 'NONE',  ( 0.5773502691896190697, 0.5773502691896391648, -0.5773502691896191807 ) ) ;
#15 = EDGE_LOOP ( 'NONE', ( #1909, #2240, #2055, #507, #2517 ) ) ;
#16 = PLANE ( 'NONE',  #2987 ) ;
#17 = DIRECTION ( 'NONE',  ( 0.000000000000000000, 0.7071067811865465735, -0.7071067811865483499 ) ) ;
#18 = VECTOR ( 'NONE', #298, 1000.000000000000000 ) ;
#19 = DIRECTION ( 'NONE',  ( -0.000000000000000000, 0.000000000000000000, 1.000000000000000000 ) ) ;
#20 = DIRECTION ( 'NONE',  ( 0.000000000000000000, 0.000000000000000000, -1.000000000000000000 ) ) ;
#21 = CARTESIAN_POINT ( 'NONE',  ( 31.25000000000000000, 23.05429687500000213, 4.000000000000000000 ) ) ;
#22 = VERTEX_POINT ( 'NONE', #1314 ) ;
#23 = LINE ( 'NONE', #9, #2321 ) ;
#24 = ORIENTED_EDGE ( 'NONE', *, *, #1337, .T. ) ;
#25 = ORIENTED_EDGE ( 'NONE', *, *, #1839, .F. ) ;
#26 = AXIS2_PLACEMENT_3D ( 'NONE', #1884, #1422, #2357 ) ;
#27 = DIRECTION ( 'NONE',  ( 0.000000000000000000, -1.000000000000000000, 0.000000000000000000 ) ) ;
#28 = DIRECTION ( 'NONE',  ( 1.000000000000000000, -0.000000000000000000, -0.000000000000000000 ) ) ;
#29 = CARTESIAN_POINT ( 'NONE',  ( -45.75000000000000000, 25.25429687500001918, 0.4000000000000114575 ) ) ;
#30 = EDGE_CURVE ( 'NONE', #2255, #2346, #173, .T. ) ;
#31 = FACE_OUTER_BOUND ( 'NONE', #1528, .T. ) ;
#32 = ADVANCED_FACE ( 'NONE', ( #1088 ), #2005, .F. ) ;
#33 = CARTESIAN_POINT ( 'NONE',  ( -43.25000000000000000, 13.15429687500000355, 0.5999999999999999778 ) ) ;
#34 = VERTEX_POINT ( 'NONE', #183 ) ;
#35 = CARTESIAN_POINT ( 'NONE',  ( 8.450000000000002842, 15.40429687500000355, 0.000000000000000000 ) ) ;
#36 = CARTESIAN_POINT ( 'NONE',  ( 38.00000000000000000, 15.40429687500000355, 0.000000000000000000 ) ) ;
#37 = ORIENTED_EDGE ( 'NONE', *, *, #945, .F. ) ;
#38 = EDGE_LOOP ( 'NONE', ( #2934, #2010, #1888, #1510 ) ) ;
#39 = FACE_OUTER_BOUND ( 'NONE', #1777, .T. ) ;
#40 = EDGE_CURVE ( 'NONE', #2346, #1511, #375, .T. ) ;
#41 = ORIENTED_EDGE ( 'NONE', *, *, #916, .T. ) ;
#42 = LINE ( 'NONE', #106, #2642 ) ;
#43 = VECTOR ( 'NONE', #2561, 1000.000000000000000 ) ;
#44 = LINE ( 'NONE', #689, #1698 ) ;
#45 = EDGE_CURVE ( 'NONE', #22, #1904, #2275, .T. ) ;
#46 = PLANE ( 'NONE',  #591 ) ;
#47 = CARTESIAN_POINT ( 'NONE',  ( 0.000000000000000000, 0.000000000000000000, 0.5000000000000000000 ) ) ;
#48 = DIRECTION ( 'NONE',  ( -0.000000000000000000, 1.000000000000000000, -0.000000000000000000 ) ) ;
#49 = APPLICATION_CONTEXT ( 'configuration controlled 3d designs of mechanical parts and assemblies' ) ;
#50 = DIRECTION ( 'NONE',  ( 1.000000000000000000, -0.000000000000000000, -1.156482317317871478E-16 ) ) ;
#51 = ORIENTED_EDGE ( 'NONE', *, *, #2740, .T. ) ;
#52 = DIRECTION ( 'NONE',  ( 1.000000000000000000, -0.000000000000000000, 0.000000000000000000 ) ) ;
#53 = CARTESIAN_POINT ( 'NONE',  ( -17.60000000000000142, 16.15429687500000000, 0.5000000000000000000 ) ) ;
#54 = VECTOR ( 'NONE', #2220, 1000.000000000000000 ) ;
#55 = ORIENTED_EDGE ( 'NONE', *, *, #164, .F. ) ;
#56 = EDGE_LOOP ( 'NONE', ( #75, #2059, #2215, #2962 ) ) ;
#57 = AXIS2_PLACEMENT_3D ( 'NONE', #1174, #1627, #2079 ) ;
#58 = PLANE ( 'NONE',  #1876 ) ;
#59 = ORIENTED_EDGE ( 'NONE', *, *, #45, .F. ) ;
#60 = CARTESIAN_POINT ( 'NONE',  ( -37.65000000000000568, 15.40429687500000355, 0.000000000000000000 ) ) ;
#61 = LINE ( 'NONE', #2632, #1067 ) ;
#62 = ORIENTED_EDGE ( 'NONE', *, *, #2063, .F. ) ;
#63 = PLANE ( 'NONE',  #1117 ) ;
#64 = LINE ( 'NONE', #535, #604 ) ;
#65 = VECTOR ( 'NONE', #1738, 1000.000000000000000 ) ;
#66 = AXIS2_PLACEMENT_3D ( 'NONE', #1577, #430, #2363 ) ;
#67 = PLANE ( 'NONE',  #1178 ) ;
#68 = VERTEX_POINT ( 'NONE', #1507 ) ;
#69 = PLANE ( 'NONE',  #1894 ) ;
#70 = ORIENTED_EDGE ( 'NONE', *, *, #454, .T. ) ;
#71 = VERTEX_POINT ( 'NONE', #140 ) ;
#72 = EDGE_CURVE ( 'NONE', #2195, #159, #419, .T. ) ;
#73 = CARTESIAN_POINT ( 'NONE',  ( -14.59999999999999787, 20.90429687500000355, 0.000000000000000000 ) ) ;
#74 = VECTOR ( 'NONE', #172, 1000.000000000000000 ) ;
#75 = ORIENTED_EDGE ( 'NONE', *, *, #2466, .F. ) ;
#76 = CARTESIAN_POINT ( 'NONE',  ( -8.099999999999999645, 20.90429687500000711, 2.000000000000000000 ) ) ;
#77 = VECTOR ( 'NONE', #14, 1000.000000000000114 ) ;
#78 = CARTESIAN_POINT ( 'NONE',  ( 45.85000000000001563, 25.65429687500000355, 6.000000000000000000 ) ) ;
#79 = VECTOR ( 'NONE', #1680, 1000.000000000000000 ) ;
#80 = PLANE ( 'NONE',  #204 ) ;
#81 = APPLICATION_PROTOCOL_DEFINITION ( 'international standard', 'config_control_design', 1994, #1713 ) ;
#82 = LINE ( 'NONE', #761, #2211 ) ;
#83 = AXIS2_PLACEMENT_3D ( 'NONE', #1828, #2319, #1350 ) ;
#84 = LINE ( 'NONE', #807, #646 ) ;
#85 = ORIENTED_EDGE ( 'NONE', *, *, #2425, .F. ) ;
#86 = LINE ( 'NONE', #2851, #1546 ) ;
#87 = EDGE_CURVE ( 'NONE', #2345, #2327, #1769, .T. ) ;
#88 = EDGE_LOOP ( 'NONE', ( #1605, #1836, #1653, #1661 ) ) ;
#89 = ORIENTED_EDGE ( 'NONE', *, *, #2932, .T. ) ;
#90 = CARTESIAN_POINT ( 'NONE',  ( 47.00000000000000000, 12.75429687500000142, 3.749999999999996891 ) ) ;
#91 = EDGE_CURVE ( 'NONE', #1905, #131, #632, .T. ) ;
#92 = VERTEX_POINT ( 'NONE', #1299 ) ;
#93 = CARTESIAN_POINT ( 'NONE',  ( -39.90000000000000568, 14.40429687500000178, 0.5000000000000000000 ) ) ;
#94 = DIRECTION ( 'NONE',  ( -0.000000000000000000, -0.000000000000000000, 1.000000000000000000 ) ) ;
#95 = VECTOR ( 'NONE', #1670, 1000.000000000000000 ) ;
#96 = CARTESIAN_POINT ( 'NONE',  ( 16.25000000000000000, 23.55429687500000213, 3.749999999999999112 ) ) ;
#97 = DIRECTION ( 'NONE',  ( 0.000000000000000000, 0.000000000000000000, 1.000000000000000000 ) ) ;
#98 = DIRECTION ( 'NONE',  ( -6.308085367188390241E-16, 1.000000000000000000, 0.000000000000000000 ) ) ;
#99 = ORIENTED_EDGE ( 'NONE', *, *, #1295, .F. ) ;
#100 = DIRECTION ( 'NONE',  ( 0.000000000000000000, -0.000000000000000000, 1.000000000000000000 ) ) ;
#101 = VERTEX_POINT ( 'NONE', #1100 ) ;
#102 = ORIENTED_EDGE ( 'NONE', *, *, #45, .T. ) ;
#103 = CARTESIAN_POINT ( 'NONE',  ( -15.75000000000000000, 13.25429687500000142, 3.999999999999999112 ) ) ;
#104 = EDGE_CURVE ( 'NONE', #1654, #2423, #1552, .T. ) ;
#105 = ORIENTED_EDGE ( 'NONE', *, *, #1230, .T. ) ;
#106 = CARTESIAN_POINT ( 'NONE',  ( 17.95000000000000284, 20.15429687500000355, 0.5000000000000000000 ) ) ;
#107 = DIRECTION ( 'NONE',  ( 0.000000000000000000, 1.000000000000000000, 0.000000000000000000 ) ) ;
#108 = EDGE_CURVE ( 'NONE', #1585, #175, #1058, .T. ) ;
#109 = VERTEX_POINT ( 'NONE', #1799 ) ;
#110 = APPROVAL_ROLE ( '' ) ;
#111 = LINE ( 'NONE', #519, #647 ) ;
#112 = ADVANCED_FACE ( 'NONE', ( #2679 ), #2495, .T. ) ;
#113 = VECTOR ( 'NONE', #2781, 1000.000000000000000 ) ;
#114 = CARTESIAN_POINT ( 'NONE',  ( 31.25000000000000000, 23.05429687500000213, 3.500000000000000444 ) ) ;
#115 = ORIENTED_EDGE ( 'NONE', *, *, #2932, .F. ) ;
#116 = VECTOR ( 'NONE', #1690, 1000.000000000000000 ) ;
#117 = ORIENTED_EDGE ( 'NONE', *, *, #2598, .T. ) ;
#118 = VERTEX_POINT ( 'NONE', #1326 ) ;
#119 = CARTESIAN_POINT ( 'NONE',  ( 45.85000000000001563, 24.65429687500000711, 6.000000000000000000 ) ) ;
#120 = EDGE_LOOP ( 'NONE', ( #2407, #37, #1576, #2058 ) ) ;
#121 = PLANE ( 'NONE',  #1031 ) ;
#122 = DIRECTION ( 'NONE',  ( 0.5773502691896458261, 0.5773502691896258421, 0.5773502691896057470 ) ) ;
#123 = VECTOR ( 'NONE', #1899, 1000.000000000000000 ) ;
#124 = CARTESIAN_POINT ( 'NONE',  ( 31.50000000000000000, 20.90429687500000711, 0.000000000000000000 ) ) ;
#125 = CARTESIAN_POINT ( 'NONE',  ( -44.00000000000000000, 23.15429687500000355, 0.000000000000000000 ) ) ;
#126 = AXIS2_PLACEMENT_3D ( 'NONE', #1046, #2421, #2160 ) ;
#127 = EDGE_CURVE ( 'NONE', #2683, #821, #2264, .T. ) ;
#128 = ADVANCED_FACE ( 'NONE', ( #2927 ), #2692, .F. ) ;
#129 = PLANE ( 'NONE',  #2161 ) ;
#130 = ORIENTED_EDGE ( 'NONE', *, *, #2694, .T. ) ;
#131 = VERTEX_POINT ( 'NONE', #1244 ) ;
#132 = ORIENTED_EDGE ( 'NONE', *, *, #1526, .T. ) ;
#133 = LINE ( 'NONE', #1545, #2807 ) ;
#134 = VERTEX_POINT ( 'NONE', #260 ) ;
#135 = DIRECTION ( 'NONE',  ( -0.000000000000000000, 1.000000000000000000, 0.000000000000000000 ) ) ;
#136 = ORGANIZATION ( 'UNSPECIFIED', 'UNSPECIFIED', '' ) ;
#137 = EDGE_CURVE ( 'NONE', #2223, #486, #2164, .T. ) ;
#138 = FACE_BOUND ( 'NONE', #88, .T. ) ;
#139 = DIRECTION ( 'NONE',  ( 0.000000000000000000, -0.000000000000000000, -1.000000000000000000 ) ) ;
#140 = CARTESIAN_POINT ( 'NONE',  ( -17.60000000000000142, 20.15429687500000000, 2.000000000000000000 ) ) ;
#141 = EDGE_CURVE ( 'NONE', #2458, #1811, #1936, .T. ) ;
#142 = LINE ( 'NONE', #649, #1084 ) ;
#143 = VERTEX_POINT ( 'NONE', #1871 ) ;
#144 = ADVANCED_FACE ( 'NONE', ( #1635, #1684, #1213 ), #69, .T. ) ;
#145 = ORIENTED_EDGE ( 'NONE', *, *, #2088, .F. ) ;
#146 = ORIENTED_EDGE ( 'NONE', *, *, #249, .T. ) ;
#147 = LINE ( 'NONE', #1064, #576 ) ;
#148 = VERTEX_POINT ( 'NONE', #522 ) ;
#149 = CARTESIAN_POINT ( 'NONE',  ( 46.25000000000000000, 25.25429687500000497, 4.834314575050765228 ) ) ;
#150 = CARTESIAN_POINT ( 'NONE',  ( -43.25000000000000000, 13.15429687500000355, 0.5999999999999999778 ) ) ;
#151 = VECTOR ( 'NONE', #2408, 1000.000000000000000 ) ;
#152 = DIRECTION ( 'NONE',  ( -0.000000000000000000, -0.000000000000000000, 1.000000000000000000 ) ) ;
#153 = DIRECTION ( 'NONE',  ( 0.000000000000000000, -1.000000000000000000, 0.000000000000000000 ) ) ;
#154 = LINE ( 'NONE', #195, #1697 ) ;
#155 = VECTOR ( 'NONE', #240, 1000.000000000000000 ) ;
#156 = FACE_OUTER_BOUND ( 'NONE', #953, .T. ) ;
#157 = EDGE_LOOP ( 'NONE', ( #751, #1845, #882, #2616, #1411, #1379, #1780, #231, #459, #3008 ) ) ;
#158 = ORIENTED_EDGE ( 'NONE', *, *, #1996, .T. ) ;
#159 = VERTEX_POINT ( 'NONE', #748 ) ;
#160 = FACE_OUTER_BOUND ( 'NONE', #1474, .T. ) ;
#161 = VECTOR ( 'NONE', #2806, 1000.000000000000000 ) ;
#162 = EDGE_CURVE ( 'NONE', #1334, #2151, #86, .T. ) ;
#163 = ORIENTED_EDGE ( 'NONE', *, *, #309, .T. ) ;
#164 = EDGE_CURVE ( 'NONE', #2346, #2887, #1669, .T. ) ;
#165 = LINE ( 'NONE', #2951, #2052 ) ;
#166 = DIRECTION ( 'NONE',  ( 0.000000000000000000, -1.000000000000000000, 0.000000000000000000 ) ) ;
#167 = CARTESIAN_POINT ( 'NONE',  ( -43.75000000000000000, 13.15429687500000355, 0.2500000000000000000 ) ) ;
#168 = DATE_AND_TIME ( #1987, #1776 ) ;
#169 = DIRECTION ( 'NONE',  ( -0.000000000000000000, -1.000000000000000000, -0.000000000000000000 ) ) ;
#170 = EDGE_CURVE ( 'NONE', #566, #1017, #764, .T. ) ;
#171 = VECTOR ( 'NONE', #1496, 1000.000000000000000 ) ;
#172 = DIRECTION ( 'NONE',  ( 0.000000000000000000, 1.000000000000000000, 0.000000000000000000 ) ) ;
#173 = LINE ( 'NONE', #2024, #2282 ) ;
#174 = VERTEX_POINT ( 'NONE', #1425 ) ;
#175 = VERTEX_POINT ( 'NONE', #1182 ) ;
#176 = CARTESIAN_POINT ( 'NONE',  ( 0.000000000000000000, 16.15429687500000355, 2.000000000000000000 ) ) ;
#177 = EDGE_CURVE ( 'NONE', #1720, #2785, #2913, .T. ) ;
#178 = ORIENTED_EDGE ( 'NONE', *, *, #2237, .F. ) ;
#179 = PLANE ( 'NONE',  #2201 ) ;
#180 = PLANE ( 'NONE',  #83 ) ;
#181 = EDGE_CURVE ( 'NONE', #1349, #101, #2801, .T. ) ;
#182 = FACE_BOUND ( 'NONE', #1885, .T. ) ;
#183 = CARTESIAN_POINT ( 'NONE',  ( -15.75000000000000000, 23.80429687500000213, 4.000000000000000000 ) ) ;
#184 = CARTESIAN_POINT ( 'NONE',  ( 28.25000000000000711, 14.40429687500000178, 0.5000000000000000000 ) ) ;
#185 = DIRECTION ( 'NONE',  ( 2.168404344971008868E-16, 1.000000000000000000, -0.000000000000000000 ) ) ;
#186 = ORIENTED_EDGE ( 'NONE', *, *, #359, .F. ) ;
#187 = VECTOR ( 'NONE', #812, 1000.000000000000114 ) ;
#188 = EDGE_LOOP ( 'NONE', ( #220, #2520, #2575, #1825 ) ) ;
#189 = CARTESIAN_POINT ( 'NONE',  ( 6.360652745248286106E-16, 12.75429687500000142, 3.749999999999996891 ) ) ;
#190 = ORIENTED_EDGE ( 'NONE', *, *, #1963, .F. ) ;
#191 = FACE_OUTER_BOUND ( 'NONE', #2770, .T. ) ;
#192 = LINE ( 'NONE', #2016, #1237 ) ;
#193 = CARTESIAN_POINT ( 'NONE',  ( 31.25000000000000000, 13.25429687500000142, 3.499999999999999112 ) ) ;
#194 = CARTESIAN_POINT ( 'NONE',  ( -45.75000000000000000, 23.80429687500000213, 6.000011999999999901 ) ) ;
#195 = CARTESIAN_POINT ( 'NONE',  ( 31.50000000000000000, 15.40429687500000533, 0.5000000000000000000 ) ) ;
#196 = EDGE_CURVE ( 'NONE', #2887, #2933, #2178, .T. ) ;
#197 = CARTESIAN_POINT ( 'NONE',  ( 46.25000000000000000, 25.25429687500000497, 6.000000000000000000 ) ) ;
#198 = DIRECTION ( 'NONE',  ( -0.000000000000000000, 1.000000000000000000, -0.000000000000000000 ) ) ;
#199 = ORIENTED_EDGE ( 'NONE', *, *, #2429, .F. ) ;
#200 = ORIENTED_EDGE ( 'NONE', *, *, #2285, .F. ) ;
#201 = CARTESIAN_POINT ( 'NONE',  ( -8.099999999999999645, 16.15429687500000000, 0.000000000000000000 ) ) ;
#202 = VERTEX_POINT ( 'NONE', #1002 ) ;
#203 = EDGE_LOOP ( 'NONE', ( #1939, #1275, #642, #1484 ) ) ;
#204 = AXIS2_PLACEMENT_3D ( 'NONE', #317, #1662, #2433 ) ;
#205 = CARTESIAN_POINT ( 'NONE',  ( -8.099999999999999645, 20.90429687500000711, 2.000000000000000000 ) ) ;
#206 = VECTOR ( 'NONE', #2138, 1000.000000000000000 ) ;
#207 = FACE_OUTER_BOUND ( 'NONE', #12, .T. ) ;
#208 = DIRECTION ( 'NONE',  ( -0.000000000000000000, -0.000000000000000000, 1.000000000000000000 ) ) ;
#209 = LINE ( 'NONE', #2586, #636 ) ;
#210 = CARTESIAN_POINT ( 'NONE',  ( -8.099999999999999645, 20.90429687500000711, 0.5000000000000000000 ) ) ;
#211 = DIRECTION ( 'NONE',  ( -0.000000000000000000, -0.000000000000000000, 1.000000000000000000 ) ) ;
#212 = ADVANCED_FACE ( 'NONE', ( #1195 ), #1471, .F. ) ;
#213 = EDGE_CURVE ( 'NONE', #782, #1511, #1701, .T. ) ;
#214 = VECTOR ( 'NONE', #2572, 1000.000000000000000 ) ;
#215 = ORIENTED_EDGE ( 'NONE', *, *, #1982, .F. ) ;
#216 = ORIENTED_EDGE ( 'NONE', *, *, #2824, .F. ) ;
#217 = VECTOR ( 'NONE', #2782, 1000.000000000000000 ) ;
#218 = LINE ( 'NONE', #1121, #2860 ) ;
#219 = ORIENTED_EDGE ( 'NONE', *, *, #1285, .T. ) ;
#220 = ORIENTED_EDGE ( 'NONE', *, *, #2505, .T. ) ;
#221 = CARTESIAN_POINT ( 'NONE',  ( -45.75000000000000000, 10.65429687500000355, 0.4000000000000114575 ) ) ;
#222 = ORIENTED_EDGE ( 'NONE', *, *, #1291, .T. ) ;
#223 = VECTOR ( 'NONE', #815, 1000.000000000000000 ) ;
#224 = DIRECTION ( 'NONE',  ( 1.000000000000000000, 0.000000000000000000, 0.000000000000000000 ) ) ;
#225 = EDGE_CURVE ( 'NONE', #357, #595, #2393, .T. ) ;
#226 = DIRECTION ( 'NONE',  ( -1.000000000000000000, -0.000000000000000000, -0.000000000000000000 ) ) ;
#227 = LINE ( 'NONE', #271, #2537 ) ;
#228 = CARTESIAN_POINT ( 'NONE',  ( -15.75000000000000000, 12.75429687500000142, 3.499999999999999112 ) ) ;
#229 = DIRECTION ( 'NONE',  ( 1.000000000000000000, 0.000000000000000000, 0.000000000000000000 ) ) ;
#230 = VERTEX_POINT ( 'NONE', #2610 ) ;
#231 = ORIENTED_EDGE ( 'NONE', *, *, #381, .T. ) ;
#232 = LINE ( 'NONE', #488, #234 ) ;
#233 = EDGE_CURVE ( 'NONE', #92, #1290, #2834, .T. ) ;
#234 = VECTOR ( 'NONE', #2284, 1000.000000000000000 ) ;
#235 = ORIENTED_EDGE ( 'NONE', *, *, #2090, .F. ) ;
#236 = VERTEX_POINT ( 'NONE', #487 ) ;
#237 = CARTESIAN_POINT ( 'NONE',  ( 45.85000000000000142, 10.65429687500000355, 5.000000000000000000 ) ) ;
#238 = VERTEX_POINT ( 'NONE', #2375 ) ;
#239 = DIRECTION ( 'NONE',  ( -0.5773502691896190697, 0.5773502691896390537, -0.5773502691896190697 ) ) ;
#240 = DIRECTION ( 'NONE',  ( 1.000000000000000000, 0.000000000000000000, 0.000000000000000000 ) ) ;
#241 = CARTESIAN_POINT ( 'NONE',  ( -17.60000000000000142, 20.15429687500000000, 0.5000000000000000000 ) ) ;
#242 = LINE ( 'NONE', #2278, #2844 ) ;
#243 = CARTESIAN_POINT ( 'NONE',  ( -45.35000000000000142, 10.65429687500000355, 5.000000000000000000 ) ) ;
#244 = PLANE ( 'NONE',  #1965 ) ;
#245 = VERTEX_POINT ( 'NONE', #291 ) ;
#246 = LINE ( 'NONE', #1822, #956 ) ;
#247 = EDGE_LOOP ( 'NONE', ( #235, #976, #2803, #1683 ) ) ;
#248 = ORIENTED_EDGE ( 'NONE', *, *, #1806, .T. ) ;
#249 = EDGE_CURVE ( 'NONE', #2852, #1233, #1408, .T. ) ;
#250 = CARTESIAN_POINT ( 'NONE',  ( -30.75000000000000000, 23.55429687500000213, 3.999999999999998224 ) ) ;
#251 = ADVANCED_FACE ( 'NONE', ( #2693 ), #2974, .F. ) ;
#252 = VECTOR ( 'NONE', #1494, 1000.000000000000114 ) ;
#253 = CARTESIAN_POINT ( 'NONE',  ( -45.75000000000000000, 25.65429687500000355, 5.000000000000000000 ) ) ;
#254 = DIRECTION ( 'NONE',  ( -0.000000000000000000, 1.000000000000000000, -0.000000000000000000 ) ) ;
#255 = AXIS2_PLACEMENT_3D ( 'NONE', #1860, #1626, #2566 ) ;
#256 = LINE ( 'NONE', #1132, #752 ) ;
#257 = DIRECTION ( 'NONE',  ( -0.000000000000000000, 0.000000000000000000, 1.000000000000000000 ) ) ;
#258 = DIRECTION ( 'NONE',  ( 1.000000000000000000, 0.000000000000000000, 0.000000000000000000 ) ) ;
#259 = ORIENTED_EDGE ( 'NONE', *, *, #2031, .F. ) ;
#260 = CARTESIAN_POINT ( 'NONE',  ( -45.34999999999998721, 11.05429687500002878, 0.000000000000000000 ) ) ;
#261 = CARTESIAN_POINT ( 'NONE',  ( -39.90000000000000568, 21.90429687500000000, 2.000000000000000000 ) ) ;
#262 = VECTOR ( 'NONE', #1647, 1000.000000000000114 ) ;
#263 = ORIENTED_EDGE ( 'NONE', *, *, #2210, .T. ) ;
#264 = VERTEX_POINT ( 'NONE', #2496 ) ;
#265 = VECTOR ( 'NONE', #2, 1000.000000000000000 ) ;
#266 = PLANE ( 'NONE',  #602 ) ;
#267 = EDGE_CURVE ( 'NONE', #1980, #486, #1340, .T. ) ;
#268 = ORIENTED_EDGE ( 'NONE', *, *, #1191, .F. ) ;
#269 = LINE ( 'NONE', #828, #1959 ) ;
#270 = FACE_OUTER_BOUND ( 'NONE', #870, .T. ) ;
#271 = CARTESIAN_POINT ( 'NONE',  ( -14.59999999999999964, 16.15429687500000000, 0.000000000000000000 ) ) ;
#272 = CARTESIAN_POINT ( 'NONE',  ( -15.75000000000000000, 23.05429687500000213, 3.500000000000000444 ) ) ;
#273 = EDGE_CURVE ( 'NONE', #22, #1119, #2021, .T. ) ;
#274 = LINE ( 'NONE', #2271, #2256 ) ;
#275 = ORIENTED_EDGE ( 'NONE', *, *, #534, .T. ) ;
#276 = CARTESIAN_POINT ( 'NONE',  ( -43.50000000000000000, 13.40429687500000355, 0.5999999999999999778 ) ) ;
#277 = LINE ( 'NONE', #261, #349 ) ;
#278 = VERTEX_POINT ( 'NONE', #1327 ) ;
#279 = ORIENTED_EDGE ( 'NONE', *, *, #1250, .T. ) ;
#280 = DIRECTION ( 'NONE',  ( 1.000000000000000000, -2.668805347656625692E-16, 0.000000000000000000 ) ) ;
#281 = ORIENTED_EDGE ( 'NONE', *, *, #1903, .T. ) ;
#282 = DIRECTION ( 'NONE',  ( 0.000000000000000000, 0.000000000000000000, 1.000000000000000000 ) ) ;
#283 = CARTESIAN_POINT ( 'NONE',  ( 31.25000000000000000, 23.55429687500000213, 3.500000000000000444 ) ) ;
#284 = ORIENTED_EDGE ( 'NONE', *, *, #2246, .F. ) ;
#285 = PLANE ( 'NONE',  #881 ) ;
#286 =( NAMED_UNIT ( * ) SI_UNIT ( $, .STERADIAN. ) SOLID_ANGLE_UNIT ( ) );
#287 = FACE_BOUND ( 'NONE', #784, .T. ) ;
#288 = ADVANCED_FACE ( 'NONE', ( #2048 ), #1018, .F. ) ;
#289 = CARTESIAN_POINT ( 'NONE',  ( -43.75000000000000000, 23.15429687500000355, 0.2500000000000000000 ) ) ;
#290 = VERTEX_POINT ( 'NONE', #1300 ) ;
#291 = CARTESIAN_POINT ( 'NONE',  ( -14.59999999999999964, 15.40429687500000178, 0.000000000000000000 ) ) ;
#292 = VECTOR ( 'NONE', #2593, 1000.000000000000000 ) ;
#293 = ORIENTED_EDGE ( 'NONE', *, *, #2798, .T. ) ;
#294 = ORIENTED_EDGE ( 'NONE', *, *, #720, .T. ) ;
#295 = VECTOR ( 'NONE', #107, 1000.000000000000000 ) ;
#296 = DIRECTION ( 'NONE',  ( -0.000000000000000000, -0.000000000000000000, 1.000000000000000000 ) ) ;
#297 = EDGE_LOOP ( 'NONE', ( #2906, #735, #2145, #1397 ) ) ;
#298 = DIRECTION ( 'NONE',  ( -1.000000000000000000, 2.775557561562891351E-16, -0.000000000000000000 ) ) ;
#299 = DIRECTION ( 'NONE',  ( 1.000000000000000000, 0.000000000000000000, 0.000000000000000000 ) ) ;
#300 = PERSON_AND_ORGANIZATION ( #650, #136 ) ;
#301 = LINE ( 'NONE', #1208, #2839 ) ;
#302 = VECTOR ( 'NONE', #152, 1000.000000000000000 ) ;
#303 = VECTOR ( 'NONE', #2790, 1000.000000000000000 ) ;
#304 = CIRCLE ( 'NONE', #2830, 0.2499999999999997780 ) ;
#305 = EDGE_CURVE ( 'NONE', #2313, #13, #833, .T. ) ;
#306 = DIRECTION ( 'NONE',  ( -0.000000000000000000, 1.000000000000000000, -0.000000000000000000 ) ) ;
#307 = EDGE_LOOP ( 'NONE', ( #1431, #755, #1731, #704 ) ) ;
#308 = DIRECTION ( 'NONE',  ( -0.000000000000000000, -0.000000000000000000, 1.000000000000000000 ) ) ;
#309 = EDGE_CURVE ( 'NONE', #1348, #1980, #2751, .T. ) ;
#310 = ORIENTED_EDGE ( 'NONE', *, *, #567, .T. ) ;
#311 = ORIENTED_EDGE ( 'NONE', *, *, #267, .F. ) ;
#312 = LINE ( 'NONE', #119, #716 ) ;
#313 = VECTOR ( 'NONE', #1727, 1000.000000000000000 ) ;
#314 = ORIENTED_EDGE ( 'NONE', *, *, #305, .F. ) ;
#315 = CARTESIAN_POINT ( 'NONE',  ( -17.60000000000000142, 20.15429687500000000, 0.5000000000000000000 ) ) ;
#316 = LINE ( 'NONE', #994, #1592 ) ;
#317 = CARTESIAN_POINT ( 'NONE',  ( 31.50000000000000000, 15.40429687500000533, 0.000000000000000000 ) ) ;
#318 = DIRECTION ( 'NONE',  ( 1.000000000000000000, 0.000000000000000000, 0.000000000000000000 ) ) ;
#319 = DIRECTION ( 'NONE',  ( 1.000000000000000000, 0.000000000000000000, 0.000000000000000000 ) ) ;
#320 = VECTOR ( 'NONE', #546, 1000.000000000000000 ) ;
#321 = CARTESIAN_POINT ( 'NONE',  ( 5.450000000000002842, 20.15429687500000711, 0.5000000000000000000 ) ) ;
#322 = EDGE_CURVE ( 'NONE', #2070, #856, #1755, .T. ) ;
#323 = ORIENTED_EDGE ( 'NONE', *, *, #1632, .T. ) ;
#324 = DIRECTION ( 'NONE',  ( -0.7071067811865352493, 0.000000000000000000, 0.7071067811865597852 ) ) ;
#325 = EDGE_LOOP ( 'NONE', ( #836, #1168, #263, #556 ) ) ;
#326 = EDGE_LOOP ( 'NONE', ( #1946, #2270, #1602, #2447 ) ) ;
#327 = DIRECTION ( 'NONE',  ( 0.000000000000000000, 1.000000000000000000, 0.000000000000000000 ) ) ;
#328 = EDGE_CURVE ( 'NONE', #413, #2041, #405, .T. ) ;
#329 = ORIENTED_EDGE ( 'NONE', *, *, #1921, .F. ) ;
#330 = LINE ( 'NONE', #740, #1707 ) ;
#331 = EDGE_CURVE ( 'NONE', #1154, #379, #1770, .T. ) ;
#332 = CARTESIAN_POINT ( 'NONE',  ( -43.64644660940672338, 23.05074348440672694, 0.5999999999999998668 ) ) ;
#333 = VECTOR ( 'NONE', #2117, 1000.000000000000114 ) ;
#334 = CARTESIAN_POINT ( 'NONE',  ( 16.25000000000000000, 23.80429687500000213, 3.999999999999998224 ) ) ;
#335 = CARTESIAN_POINT ( 'NONE',  ( -45.75000000000000000, 25.25429687500001918, 6.000000000000000000 ) ) ;
#336 = DIRECTION ( 'NONE',  ( -1.000000000000000000, -0.000000000000000000, 1.734723475976806848E-16 ) ) ;
#337 = DIRECTION ( 'NONE',  ( 0.000000000000000000, 0.000000000000000000, -1.000000000000000000 ) ) ;
#338 = ORIENTED_EDGE ( 'NONE', *, *, #1173, .F. ) ;
#339 = ORIENTED_EDGE ( 'NONE', *, *, #2694, .F. ) ;
#340 = VERTEX_POINT ( 'NONE', #2276 ) ;
#341 = CARTESIAN_POINT ( 'NONE',  ( 31.50000000000000000, 15.40429687500000533, 0.000000000000000000 ) ) ;
#342 = VECTOR ( 'NONE', #715, 1000.000000000000000 ) ;
#343 = EDGE_LOOP ( 'NONE', ( #329, #284, #145, #441 ) ) ;
#344 = DIRECTION ( 'NONE',  ( 0.000000000000000000, 0.000000000000000000, -1.000000000000000000 ) ) ;
#345 = CARTESIAN_POINT ( 'NONE',  ( -45.75000000000000000, 25.65429687500000355, 0.4000000000000114575 ) ) ;
#346 = EDGE_CURVE ( 'NONE', #278, #670, #2036, .T. ) ;
#347 = LINE ( 'NONE', #2708, #1751 ) ;
#348 = DIRECTION ( 'NONE',  ( -1.000000000000000000, 0.000000000000000000, -0.000000000000000000 ) ) ;
#349 = VECTOR ( 'NONE', #505, 1000.000000000000000 ) ;
#350 = DIRECTION ( 'NONE',  ( -0.000000000000000000, 1.000000000000000000, -0.000000000000000000 ) ) ;
#351 = ORIENTED_EDGE ( 'NONE', *, *, #2655, .T. ) ;
#352 = VECTOR ( 'NONE', #1042, 1000.000000000000000 ) ;
#353 = EDGE_LOOP ( 'NONE', ( #521, #544, #2513, #2056 ) ) ;
#354 = ADVANCED_FACE ( 'NONE', ( #619 ), #2737, .F. ) ;
#355 = ORIENTED_EDGE ( 'NONE', *, *, #1737, .F. ) ;
#356 = DIRECTION ( 'NONE',  ( -0.000000000000000000, 1.000000000000000000, 0.000000000000000000 ) ) ;
#357 = VERTEX_POINT ( 'NONE', #1569 ) ;
#358 = FACE_OUTER_BOUND ( 'NONE', #56, .T. ) ;
#359 = EDGE_CURVE ( 'NONE', #557, #2788, #154, .T. ) ;
#360 = LINE ( 'NONE', #2953, #367 ) ;
#361 = VECTOR ( 'NONE', #2797, 1000.000000000000000 ) ;
#362 = LINE ( 'NONE', #2034, #2002 ) ;
#363 = CARTESIAN_POINT ( 'NONE',  ( 8.450000000000002842, 20.90429687500000711, 0.000000000000000000 ) ) ;
#364 = VECTOR ( 'NONE', #336, 1000.000000000000000 ) ;
#365 = PLANE ( 'NONE',  #600 ) ;
#366 = ORIENTED_EDGE ( 'NONE', *, *, #1926, .F. ) ;
#367 = VECTOR ( 'NONE', #2733, 1000.000000000000000 ) ;
#368 = ORIENTED_EDGE ( 'NONE', *, *, #434, .T. ) ;
#369 = ORIENTED_EDGE ( 'NONE', *, *, #2723, .T. ) ;
#370 = DIRECTION ( 'NONE',  ( 1.000000000000000000, 0.000000000000000000, -0.000000000000000000 ) ) ;
#371 = ORIENTED_EDGE ( 'NONE', *, *, #555, .T. ) ;
#372 = DIRECTION ( 'NONE',  ( -0.000000000000000000, 1.000000000000000000, -0.000000000000000000 ) ) ;
#373 = DIRECTION ( 'NONE',  ( -1.000000000000000000, 2.775557561562891351E-16, -0.000000000000000000 ) ) ;
#374 = LINE ( 'NONE', #124, #302 ) ;
#375 = LINE ( 'NONE', #2020, #2432 ) ;
#376 = DIRECTION ( 'NONE',  ( -0.6785983445458351193, 0.6785983445458587671, 0.2810846377148205621 ) ) ;
#377 = VECTOR ( 'NONE', #2967, 1000.000000000000000 ) ;
#378 = LINE ( 'NONE', #2526, #506 ) ;
#379 = VERTEX_POINT ( 'NONE', #1114 ) ;
#380 = ADVANCED_FACE ( 'NONE', ( #661 ), #1581, .F. ) ;
#381 = EDGE_CURVE ( 'NONE', #1053, #202, #1311, .T. ) ;
#382 = EDGE_CURVE ( 'NONE', #143, #2252, #2884, .T. ) ;
#383 = VERTEX_POINT ( 'NONE', #2943 ) ;
#384 = ORIENTED_EDGE ( 'NONE', *, *, #629, .T. ) ;
#385 = CARTESIAN_POINT ( 'NONE',  ( -45.75000000000000000, 24.08861145005074533, 6.000000000000000000 ) ) ;
#386 = ORIENTED_EDGE ( 'NONE', *, *, #590, .T. ) ;
#387 = CARTESIAN_POINT ( 'NONE',  ( 16.25000000000000000, 12.50429687500000142, 4.000000000000001776 ) ) ;
#388 = CARTESIAN_POINT ( 'NONE',  ( -43.50000000000000000, 22.90429687500000355, 0.5999999999999999778 ) ) ;
#389 = VECTOR ( 'NONE', #2989, 1000.000000000000000 ) ;
#390 = DIRECTION ( 'NONE',  ( -1.000000000000000000, -0.000000000000000000, -0.000000000000000000 ) ) ;
#391 = DIRECTION ( 'NONE',  ( -1.000000000000000000, 2.668805347656626678E-16, 0.000000000000000000 ) ) ;
#392 = CARTESIAN_POINT ( 'NONE',  ( 31.25000000000000000, 13.25429687500000142, 3.999999999999999112 ) ) ;
#393 = CARTESIAN_POINT ( 'NONE',  ( -39.90000000000000568, 21.90429687500000000, 0.5000000000000000000 ) ) ;
#394 = EDGE_CURVE ( 'NONE', #1854, #340, #850, .T. ) ;
#395 = ORIENTED_EDGE ( 'NONE', *, *, #855, .T. ) ;
#396 = ORIENTED_EDGE ( 'NONE', *, *, #2277, .F. ) ;
#397 = ADVANCED_FACE ( 'NONE', ( #1089 ), #1659, .F. ) ;
#398 = CARTESIAN_POINT ( 'NONE',  ( 31.25000000000000000, 12.50429687500000142, 3.999999999999999112 ) ) ;
#399 = VECTOR ( 'NONE', #1416, 1000.000000000000000 ) ;
#400 = ORIENTED_EDGE ( 'NONE', *, *, #2069, .F. ) ;
#401 = DIRECTION ( 'NONE',  ( 0.000000000000000000, 1.000000000000000000, 0.000000000000000000 ) ) ;
#402 = FACE_BOUND ( 'NONE', #2378, .T. ) ;
#403 = CARTESIAN_POINT ( 'NONE',  ( -17.60000000000000142, 16.15429687500000000, 0.5000000000000000000 ) ) ;
#404 = CARTESIAN_POINT ( 'NONE',  ( 0.000000000000000000, 0.000000000000000000, 0.5000000000000000000 ) ) ;
#405 = LINE ( 'NONE', #1101, #675 ) ;
#406 = VECTOR ( 'NONE', #1090, 1000.000000000000000 ) ;
#407 = AXIS2_PLACEMENT_3D ( 'NONE', #2310, #257, #229 ) ;
#408 = DIRECTION ( 'NONE',  ( 0.000000000000000000, -1.000000000000000000, 0.000000000000000000 ) ) ;
#409 = EDGE_CURVE ( 'NONE', #2438, #2166, #2291, .T. ) ;
#410 = VERTEX_POINT ( 'NONE', #724 ) ;
#411 = ORIENTED_EDGE ( 'NONE', *, *, #530, .F. ) ;
#412 = DIRECTION ( 'NONE',  ( 1.000000000000000000, 0.000000000000000000, 0.000000000000000000 ) ) ;
#413 = VERTEX_POINT ( 'NONE', #2777 ) ;
#414 = CARTESIAN_POINT ( 'NONE',  ( 38.00000000000000000, 20.90429687500000711, 0.000000000000000000 ) ) ;
#415 = EDGE_CURVE ( 'NONE', #486, #2438, #2553, .T. ) ;
#416 = FACE_OUTER_BOUND ( 'NONE', #958, .T. ) ;
#417 = EDGE_CURVE ( 'NONE', #1095, #118, #1417, .T. ) ;
#418 = CARTESIAN_POINT ( 'NONE',  ( -43.25000000000000000, 23.15429687500000355, 0.5999999999999999778 ) ) ;
#419 = LINE ( 'NONE', #849, #1351 ) ;
#420 = DIRECTION ( 'NONE',  ( 0.000000000000000000, 0.000000000000000000, -1.000000000000000000 ) ) ;
#421 = AXIS2_PLACEMENT_3D ( 'NONE', #2587, #1239, #2622 ) ;
#422 = LINE ( 'NONE', #1176, #217 ) ;
#423 = PLANE ( 'NONE',  #1813 ) ;
#424 = VERTEX_POINT ( 'NONE', #29 ) ;
#425 = AXIS2_PLACEMENT_3D ( 'NONE', #90, #1445, #2379 ) ;
#426 = ORIENTED_EDGE ( 'NONE', *, *, #601, .F. ) ;
#427 = DIRECTION ( 'NONE',  ( 1.000000000000000000, 0.000000000000000000, 0.000000000000000000 ) ) ;
#428 = VERTEX_POINT ( 'NONE', #2352 ) ;
#429 = EDGE_LOOP ( 'NONE', ( #1997, #886, #2984, #2533 ) ) ;
#430 = DIRECTION ( 'NONE',  ( -0.000000000000000000, 1.000000000000000000, 0.000000000000000000 ) ) ;
#431 = ADVANCED_FACE ( 'NONE', ( #270 ), #1189, .T. ) ;
#432 = DIRECTION ( 'NONE',  ( 0.000000000000000000, -1.000000000000000000, 0.000000000000000000 ) ) ;
#433 = DIRECTION ( 'NONE',  ( -1.000000000000000000, 3.154042683594195121E-16, 0.000000000000000000 ) ) ;
#434 = EDGE_CURVE ( 'NONE', #2313, #1841, #1847, .T. ) ;
#435 = VECTOR ( 'NONE', #376, 1000.000000000000114 ) ;
#436 = LINE ( 'NONE', #2293, #1410 ) ;
#437 = DIRECTION ( 'NONE',  ( 0.000000000000000000, -1.000000000000000000, 0.000000000000000000 ) ) ;
#438 = VECTOR ( 'NONE', #208, 1000.000000000000000 ) ;
#439 = CARTESIAN_POINT ( 'NONE',  ( 45.85000000000000142, 12.50429687500000142, 6.000000000000000000 ) ) ;
#440 = ORIENTED_EDGE ( 'NONE', *, *, #249, .F. ) ;
#441 = ORIENTED_EDGE ( 'NONE', *, *, #2724, .F. ) ;
#442 = LINE ( 'NONE', #201, #2078 ) ;
#443 = EDGE_CURVE ( 'NONE', #1477, #2592, #44, .T. ) ;
#444 = ORIENTED_EDGE ( 'NONE', *, *, #1921, .T. ) ;
#445 = ORIENTED_EDGE ( 'NONE', *, *, #2147, .T. ) ;
#446 = VECTOR ( 'NONE', #587, 1000.000000000000000 ) ;
#447 = AXIS2_PLACEMENT_3D ( 'NONE', #2888, #798, #1722 ) ;
#448 = CARTESIAN_POINT ( 'NONE',  ( -30.75000000000000000, 12.50429687500000142, 3.500000000000000888 ) ) ;
#449 = ADVANCED_FACE ( 'NONE', ( #2095 ), #3019, .F. ) ;
#450 = PLANE ( 'NONE',  #255 ) ;
#451 = LINE ( 'NONE', #2569, #2877 ) ;
#452 = PLANE ( 'NONE',  #1851 ) ;
#453 = LINE ( 'NONE', #1374, #990 ) ;
#454 = EDGE_CURVE ( 'NONE', #2115, #2894, #464, .T. ) ;
#455 = VECTOR ( 'NONE', #1163, 1000.000000000000000 ) ;
#456 = ORIENTED_EDGE ( 'NONE', *, *, #768, .T. ) ;
#457 = ORIENTED_EDGE ( 'NONE', *, *, #1370, .F. ) ;
#458 = DIRECTION ( 'NONE',  ( 0.000000000000000000, -0.7071067811865465735, 0.7071067811865483499 ) ) ;
#459 = ORIENTED_EDGE ( 'NONE', *, *, #2981, .T. ) ;
#460 = ORIENTED_EDGE ( 'NONE', *, *, #2450, .T. ) ;
#461 = LINE ( 'NONE', #2748, #1360 ) ;
#462 = EDGE_LOOP ( 'NONE', ( #1723, #3010, #984, #1687, #25, #339, #1692, #1923 ) ) ;
#463 = DIRECTION ( 'NONE',  ( 1.000000000000000000, -2.168404344971008868E-16, 0.000000000000000000 ) ) ;
#464 = LINE ( 'NONE', #1144, #2978 ) ;
#465 = FACE_OUTER_BOUND ( 'NONE', #1470, .T. ) ;
#466 = DIRECTION ( 'NONE',  ( -1.000000000000000000, -0.000000000000000000, -0.000000000000000000 ) ) ;
#467 = LINE ( 'NONE', #1898, #262 ) ;
#468 = ADVANCED_FACE ( 'NONE', ( #1127 ), #2602, .F. ) ;
#469 = DIRECTION ( 'NONE',  ( 0.000000000000000000, 0.000000000000000000, 1.000000000000000000 ) ) ;
#470 = ORIENTED_EDGE ( 'NONE', *, *, #1678, .F. ) ;
#471 = PLANE ( 'NONE',  #1006 ) ;
#472 = ADVANCED_FACE ( 'NONE', ( #1387 ), #3003, .T. ) ;
#473 = EDGE_CURVE ( 'NONE', #2423, #1290, #1644, .T. ) ;
#474 = VECTOR ( 'NONE', #412, 1000.000000000000000 ) ;
#475 = ORIENTED_EDGE ( 'NONE', *, *, #2289, .T. ) ;
#476 = EDGE_LOOP ( 'NONE', ( #2119, #1513, #989, #2362 ) ) ;
#477 = LINE ( 'NONE', #492, #1371 ) ;
#478 = EDGE_CURVE ( 'NONE', #2152, #1621, #962, .T. ) ;
#479 = FACE_OUTER_BOUND ( 'NONE', #1412, .T. ) ;
#480 = CARTESIAN_POINT ( 'NONE',  ( 5.450000000000003730, 16.15429687500000355, 0.5000000000000000000 ) ) ;
#481 = LINE ( 'NONE', #1832, #550 ) ;
#482 = LINE ( 'NONE', #1583, #893 ) ;
#483 = CARTESIAN_POINT ( 'NONE',  ( 31.50000000000000000, 20.90429687500000711, 0.000000000000000000 ) ) ;
#484 = CARTESIAN_POINT ( 'NONE',  ( -15.75000000000000000, 12.75429687500000142, 3.499999999999999112 ) ) ;
#485 = EDGE_CURVE ( 'NONE', #2297, #1202, #1595, .T. ) ;
#486 = VERTEX_POINT ( 'NONE', #1368 ) ;
#487 = CARTESIAN_POINT ( 'NONE',  ( -45.35000000000001563, 10.65429687500000355, 0.4000000000000114575 ) ) ;
#488 = CARTESIAN_POINT ( 'NONE',  ( 40.25000000000000711, 21.90429687500000000, 0.5000000000000000000 ) ) ;
#489 = ORIENTED_EDGE ( 'NONE', *, *, #1227, .T. ) ;
#490 = EDGE_CURVE ( 'NONE', #2837, #909, #2064, .T. ) ;
#491 = VERTEX_POINT ( 'NONE', #706 ) ;
#492 = CARTESIAN_POINT ( 'NONE',  ( 17.95000000000000284, 20.15429687500000355, 0.5000000000000000000 ) ) ;
#493 = VECTOR ( 'NONE', #28, 1000.000000000000000 ) ;
#494 = ORIENTED_EDGE ( 'NONE', *, *, #1063, .F. ) ;
#495 = DIRECTION ( 'NONE',  ( -1.000000000000000000, 0.000000000000000000, 0.000000000000000000 ) ) ;
#496 = DIRECTION ( 'NONE',  ( -0.000000000000000000, 0.000000000000000000, 1.000000000000000000 ) ) ;
#497 = EDGE_CURVE ( 'NONE', #264, #1053, #451, .T. ) ;
#498 = VECTOR ( 'NONE', #1533, 1000.000000000000000 ) ;
#499 = CYLINDRICAL_SURFACE ( 'NONE', #2440, 0.2500000000000002220 ) ;
#500 = CYLINDRICAL_SURFACE ( 'NONE', #421, 0.2500000000000000000 ) ;
#501 = LINE ( 'NONE', #272, #2107 ) ;
#502 = CARTESIAN_POINT ( 'NONE',  ( -31.15000000000000213, 15.40429687500000178, 0.5000000000000000000 ) ) ;
#503 = ORIENTED_EDGE ( 'NONE', *, *, #2512, .T. ) ;
#504 = DIRECTION ( 'NONE',  ( 0.000000000000000000, 0.000000000000000000, 1.000000000000000000 ) ) ;
#505 = DIRECTION ( 'NONE',  ( -1.000000000000000000, -0.000000000000000000, -0.000000000000000000 ) ) ;
#506 = VECTOR ( 'NONE', #198, 1000.000000000000000 ) ;
#507 = ORIENTED_EDGE ( 'NONE', *, *, #91, .T. ) ;
#508 = ORIENTED_EDGE ( 'NONE', *, *, #2203, .T. ) ;
#509 = AXIS2_PLACEMENT_3D ( 'NONE', #1495, #348, #2372 ) ;
#510 = CARTESIAN_POINT ( 'NONE',  ( 45.85000000000000142, 10.65429687500000355, 5.000000000000000000 ) ) ;
#511 = ORIENTED_EDGE ( 'NONE', *, *, #2690, .T. ) ;
#512 = CARTESIAN_POINT ( 'NONE',  ( 31.25000000000000000, 12.50429687500000142, 3.999999999999999112 ) ) ;
#513 = EDGE_CURVE ( 'NONE', #1978, #782, #2335, .T. ) ;
#514 = CARTESIAN_POINT ( 'NONE',  ( -4.409088834774388478E-16, 23.55429687500000213, 3.750000000000002665 ) ) ;
#515 = EDGE_CURVE ( 'NONE', #1892, #2115, #2676, .T. ) ;
#516 = ORIENTED_EDGE ( 'NONE', *, *, #2875, .T. ) ;
#517 = CARTESIAN_POINT ( 'NONE',  ( -14.59999999999999964, 15.40429687500000178, 0.000000000000000000 ) ) ;
#518 = CARTESIAN_POINT ( 'NONE',  ( 31.50000000000000000, 20.90429687500000711, 0.000000000000000000 ) ) ;
#519 = CARTESIAN_POINT ( 'NONE',  ( 8.450000000000002842, 15.40429687500000355, 0.000000000000000000 ) ) ;
#520 = DIRECTION ( 'NONE',  ( 1.000000000000000000, 0.000000000000000000, 0.000000000000000000 ) ) ;
#521 = ORIENTED_EDGE ( 'NONE', *, *, #2262, .T. ) ;
#522 = CARTESIAN_POINT ( 'NONE',  ( -8.099999999999999645, 20.90429687500000711, 0.000000000000000000 ) ) ;
#523 = CARTESIAN_POINT ( 'NONE',  ( -30.75000000000000000, 23.80429687500000213, 3.499999999999998224 ) ) ;
#524 = ORIENTED_EDGE ( 'NONE', *, *, #2147, .F. ) ;
#525 = ORIENTED_EDGE ( 'NONE', *, *, #213, .F. ) ;
#526 = DIRECTION ( 'NONE',  ( -1.000000000000000000, 0.000000000000000000, -0.000000000000000000 ) ) ;
#527 = VECTOR ( 'NONE', #280, 1000.000000000000000 ) ;
#528 = ORIENTED_EDGE ( 'NONE', *, *, #606, .F. ) ;
#529 = DIRECTION ( 'NONE',  ( -0.000000000000000000, -0.000000000000000000, 1.000000000000000000 ) ) ;
#530 = EDGE_CURVE ( 'NONE', #109, #2714, #757, .T. ) ;
#531 = CARTESIAN_POINT ( 'NONE',  ( 31.25000000000000000, 12.50429687500000142, 3.499999999999999112 ) ) ;
#532 = LINE ( 'NONE', #563, #834 ) ;
#533 =( LENGTH_UNIT ( ) NAMED_UNIT ( * ) SI_UNIT ( .MILLI., .METRE. ) );
#534 = EDGE_CURVE ( 'NONE', #1588, #2182, #316, .T. ) ;
#535 = CARTESIAN_POINT ( 'NONE',  ( -45.75000000000000000, 12.50429687500000142, 6.000011999999999901 ) ) ;
#536 = FACE_OUTER_BOUND ( 'NONE', #3016, .T. ) ;
#537 = VERTEX_POINT ( 'NONE', #283 ) ;
#538 = CARTESIAN_POINT ( 'NONE',  ( -17.60000000000000142, 16.15429687500000000, 0.5000000000000000000 ) ) ;
#539 = VECTOR ( 'NONE', #1800, 1000.000000000000000 ) ;
#540 = ORIENTED_EDGE ( 'NONE', *, *, #513, .T. ) ;
#541 = ORIENTED_EDGE ( 'NONE', *, *, #1267, .T. ) ;
#542 = FACE_OUTER_BOUND ( 'NONE', #2212, .T. ) ;
#543 = EDGE_CURVE ( 'NONE', #682, #566, #1220, .T. ) ;
#544 = ORIENTED_EDGE ( 'NONE', *, *, #1542, .F. ) ;
#545 = CARTESIAN_POINT ( 'NONE',  ( -5.100000000000000533, 16.15429687500000000, 0.5000000000000000000 ) ) ;
#546 = DIRECTION ( 'NONE',  ( -0.000000000000000000, -1.000000000000000000, -0.000000000000000000 ) ) ;
#547 = ADVANCED_FACE ( 'NONE', ( #1944 ), #1043, .F. ) ;
#548 = FACE_OUTER_BOUND ( 'NONE', #1544, .T. ) ;
#549 = PLANE ( 'NONE',  #2062 ) ;
#550 = VECTOR ( 'NONE', #2554, 1000.000000000000000 ) ;
#551 = VECTOR ( 'NONE', #1910, 1000.000000000000000 ) ;
#552 = DIRECTION ( 'NONE',  ( -1.000000000000000000, 0.000000000000000000, 0.000000000000000000 ) ) ;
#553 = ORIENTED_EDGE ( 'NONE', *, *, #829, .T. ) ;
#554 = DIRECTION ( 'NONE',  ( 1.000000000000000000, 0.000000000000000000, 0.000000000000000000 ) ) ;
#555 = EDGE_CURVE ( 'NONE', #2788, #2358, #772, .T. ) ;
#556 = ORIENTED_EDGE ( 'NONE', *, *, #1451, .F. ) ;
#557 = VERTEX_POINT ( 'NONE', #1448 ) ;
#558 = CARTESIAN_POINT ( 'NONE',  ( -45.75000000000000000, 18.93713958747462556, 12.71715728752537977 ) ) ;
#559 = AXIS2_PLACEMENT_3D ( 'NONE', #33, #2337, #2767 ) ;
#560 = ORIENTED_EDGE ( 'NONE', *, *, #2875, .F. ) ;
#561 = CARTESIAN_POINT ( 'NONE',  ( -17.60000000000000142, 16.15429687500000000, 0.5000000000000000000 ) ) ;
#562 = LINE ( 'NONE', #2858, #1620 ) ;
#563 = CARTESIAN_POINT ( 'NONE',  ( -17.60000000000000142, 20.15429687500000000, 0.5000000000000000000 ) ) ;
#564 = CARTESIAN_POINT ( 'NONE',  ( -45.75000000000000000, 25.65429687500000355, 0.4000000000000114575 ) ) ;
#565 = CARTESIAN_POINT ( 'NONE',  ( -45.75000000000000000, 25.25429687500001918, 6.000000000000000000 ) ) ;
#566 = VERTEX_POINT ( 'NONE', #2156 ) ;
#567 = EDGE_CURVE ( 'NONE', #765, #1734, #1736, .T. ) ;
#568 = EDGE_CURVE ( 'NONE', #1654, #573, #61, .T. ) ;
#569 = ORIENTED_EDGE ( 'NONE', *, *, #971, .F. ) ;
#570 = ORIENTED_EDGE ( 'NONE', *, *, #2512, .F. ) ;
#571 = EDGE_CURVE ( 'NONE', #2239, #1807, #1709, .T. ) ;
#572 = FACE_OUTER_BOUND ( 'NONE', #2243, .T. ) ;
#573 = VERTEX_POINT ( 'NONE', #978 ) ;
#574 = DIRECTION ( 'NONE',  ( 1.000000000000000000, 0.000000000000000000, 0.000000000000000000 ) ) ;
#575 = CARTESIAN_POINT ( 'NONE',  ( -43.75000000000000000, 23.15429687500000355, 0.3499999999999999223 ) ) ;
#576 = VECTOR ( 'NONE', #2242, 1000.000000000000114 ) ;
#577 = DIRECTION ( 'NONE',  ( 0.000000000000000000, 0.000000000000000000, -1.000000000000000000 ) ) ;
#578 = CARTESIAN_POINT ( 'NONE',  ( -45.75000000000000000, 25.65429687500000355, 6.000000000000000000 ) ) ;
#579 = VERTEX_POINT ( 'NONE', #2384 ) ;
#580 = EDGE_CURVE ( 'NONE', #175, #719, #2140, .T. ) ;
#581 = ORIENTED_EDGE ( 'NONE', *, *, #11, .T. ) ;
#582 = ORIENTED_EDGE ( 'NONE', *, *, #2386, .F. ) ;
#583 = FACE_OUTER_BOUND ( 'NONE', #157, .T. ) ;
#584 = ORIENTED_EDGE ( 'NONE', *, *, #1526, .F. ) ;
#585 = LINE ( 'NONE', #2459, #1804 ) ;
#586 = CARTESIAN_POINT ( 'NONE',  ( -45.75000000000000000, 24.65429687500000711, 6.000000000000000000 ) ) ;
#587 = DIRECTION ( 'NONE',  ( 2.168404344971006896E-16, -1.000000000000000000, 0.000000000000000000 ) ) ;
#588 = APPROVAL_STATUS ( 'not_yet_approved' ) ;
#589 = DIRECTION ( 'NONE',  ( 0.000000000000000000, 0.000000000000000000, -1.000000000000000000 ) ) ;
#590 = EDGE_CURVE ( 'NONE', #672, #159, #1464, .T. ) ;
#591 = AXIS2_PLACEMENT_3D ( 'NONE', #517, #804, #1897 ) ;
#592 = FACE_BOUND ( 'NONE', #1967, .T. ) ;
#593 = ORIENTED_EDGE ( 'NONE', *, *, #2798, .F. ) ;
#594 = VECTOR ( 'NONE', #1781, 1000.000000000000000 ) ;
#595 = VERTEX_POINT ( 'NONE', #1433 ) ;
#596 = EDGE_LOOP ( 'NONE', ( #2283, #5, #2287, #1900 ) ) ;
#597 = DIRECTION ( 'NONE',  ( -1.000000000000000000, 2.775557561562891351E-16, -0.000000000000000000 ) ) ;
#598 = ORIENTED_EDGE ( 'NONE', *, *, #2820, .F. ) ;
#599 = CARTESIAN_POINT ( 'NONE',  ( -27.90000000000000568, 21.90429687500000000, 0.5000000000000000000 ) ) ;
#600 = AXIS2_PLACEMENT_3D ( 'NONE', #321, #1741, #2208 ) ;
#601 = EDGE_CURVE ( 'NONE', #808, #579, #2618, .T. ) ;
#602 = AXIS2_PLACEMENT_3D ( 'NONE', #1640, #1186, #902 ) ;
#603 = CARTESIAN_POINT ( 'NONE',  ( -37.65000000000000568, 20.90429687500000355, 0.5000000000000000000 ) ) ;
#604 = VECTOR ( 'NONE', #577, 1000.000000000000000 ) ;
#605 = CARTESIAN_POINT ( 'NONE',  ( 46.11666666666666714, 25.38763020833334494, 0.2666666666666774321 ) ) ;
#606 = EDGE_CURVE ( 'NONE', #428, #782, #2843, .T. ) ;
#607 = EDGE_CURVE ( 'NONE', #856, #1532, #2401, .T. ) ;
#608 = DIRECTION ( 'NONE',  ( -1.000000000000000000, 0.000000000000000000, 1.734723475976806848E-16 ) ) ;
#609 = EDGE_LOOP ( 'NONE', ( #24, #2643, #901, #627 ) ) ;
#610 = AXIS2_PLACEMENT_3D ( 'NONE', #2217, #2045, #2986 ) ;
#611 = VERTEX_POINT ( 'NONE', #802 ) ;
#612 = EDGE_LOOP ( 'NONE', ( #2836, #2999, #2917, #1305, #2889, #569 ) ) ;
#613 = DIRECTION ( 'NONE',  ( 0.000000000000000000, -0.000000000000000000, 1.000000000000000000 ) ) ;
#614 = EDGE_LOOP ( 'NONE', ( #1092, #2029, #883, #1543 ) ) ;
#615 = CARTESIAN_POINT ( 'NONE',  ( -14.59999999999999787, 20.90429687500000355, 2.000000000000000000 ) ) ;
#616 = LINE ( 'NONE', #1985, #995 ) ;
#617 = EDGE_CURVE ( 'NONE', #1969, #1316, #562, .T. ) ;
#618 = CARTESIAN_POINT ( 'NONE',  ( 5.450000000000002842, 20.15429687500000711, 2.000000000000000000 ) ) ;
#619 = FACE_OUTER_BOUND ( 'NONE', #2268, .T. ) ;
#620 = VECTOR ( 'NONE', #1838, 1000.000000000000000 ) ;
#621 = EDGE_CURVE ( 'NONE', #2482, #2239, #1036, .T. ) ;
#622 = DIRECTION ( 'NONE',  ( -0.000000000000000000, 1.000000000000000000, -0.000000000000000000 ) ) ;
#623 = CARTESIAN_POINT ( 'NONE',  ( 14.95000000000000107, 15.40429687500000355, 0.000000000000000000 ) ) ;
#624 = ORIENTED_EDGE ( 'NONE', *, *, #1191, .T. ) ;
#625 = VERTEX_POINT ( 'NONE', #1479 ) ;
#626 = DIRECTION ( 'NONE',  ( 0.000000000000000000, -1.000000000000000000, 0.000000000000000000 ) ) ;
#627 = ORIENTED_EDGE ( 'NONE', *, *, #181, .T. ) ;
#628 = PLANE ( 'NONE',  #2590 ) ;
#629 = EDGE_CURVE ( 'NONE', #1532, #566, #1493, .T. ) ;
#630 = DIRECTION ( 'NONE',  ( 0.000000000000000000, 0.000000000000000000, -1.000000000000000000 ) ) ;
#631 = DIRECTION ( 'NONE',  ( 1.000000000000000000, 0.000000000000000000, 0.000000000000000000 ) ) ;
#632 = LINE ( 'NONE', #194, #389 ) ;
#633 = DIRECTION ( 'NONE',  ( -0.000000000000000000, -1.000000000000000000, -0.000000000000000000 ) ) ;
#634 = EDGE_CURVE ( 'NONE', #1181, #2482, #1355, .T. ) ;
#635 = CARTESIAN_POINT ( 'NONE',  ( 45.85000000000000142, 0.000000000000000000, 6.000000000000000000 ) ) ;
#636 = VECTOR ( 'NONE', #1372, 1000.000000000000000 ) ;
#637 = EDGE_CURVE ( 'NONE', #625, #1904, #192, .T. ) ;
#638 = ORIENTED_EDGE ( 'NONE', *, *, #1771, .T. ) ;
#639 = VERTEX_POINT ( 'NONE', #2272 ) ;
#640 = DIRECTION ( 'NONE',  ( 0.000000000000000000, 1.000000000000000000, 0.000000000000000000 ) ) ;
#641 = AXIS2_PLACEMENT_3D ( 'NONE', #599, #574, #2907 ) ;
#642 = ORIENTED_EDGE ( 'NONE', *, *, #654, .T. ) ;
#643 = CARTESIAN_POINT ( 'NONE',  ( 8.450000000000002842, 16.15429687500000355, 0.5000000000000000000 ) ) ;
#644 = FACE_OUTER_BOUND ( 'NONE', #476, .T. ) ;
#645 = CARTESIAN_POINT ( 'NONE',  ( 31.50000000000000000, 20.90429687500000711, 0.000000000000000000 ) ) ;
#646 = VECTOR ( 'NONE', #2436, 1000.000000000000000 ) ;
#647 = VECTOR ( 'NONE', #1256, 1000.000000000000000 ) ;
#648 = DIRECTION ( 'NONE',  ( 0.000000000000000000, 0.000000000000000000, 1.000000000000000000 ) ) ;
#649 = CARTESIAN_POINT ( 'NONE',  ( 16.25000000000000000, 23.05429687500000213, 3.999999999999998224 ) ) ;
#650 = PERSON ( 'UNSPECIFIED', 'UNSPECIFIED', 'UNSPECIFIED', ('UNSPECIFIED'), ('UNSPECIFIED'), ('UNSPECIFIED') ) ;
#651 = VERTEX_POINT ( 'NONE', #2707 ) ;
#652 = ORIENTED_EDGE ( 'NONE', *, *, #634, .F. ) ;
#653 = DIRECTION ( 'NONE',  ( 0.000000000000000000, 0.000000000000000000, -1.000000000000000000 ) ) ;
#654 = EDGE_CURVE ( 'NONE', #808, #611, #2939, .T. ) ;
#655 = EDGE_LOOP ( 'NONE', ( #683, #2300, #524, #178 ) ) ;
#656 = ADVANCED_FACE ( 'NONE', ( #874 ), #2476, .F. ) ;
#657 = ORIENTED_EDGE ( 'NONE', *, *, #855, .F. ) ;
#658 = CARTESIAN_POINT ( 'NONE',  ( -45.75000000000000000, 10.65429687500000355, 5.000000000000000000 ) ) ;
#659 = ORIENTED_EDGE ( 'NONE', *, *, #381, .F. ) ;
#660 = CARTESIAN_POINT ( 'NONE',  ( -43.50000000000000000, 13.40429687500000355, 0.5999999999999999778 ) ) ;
#661 = FACE_OUTER_BOUND ( 'NONE', #2181, .T. ) ;
#662 = CARTESIAN_POINT ( 'NONE',  ( 0.000000000000000000, 0.000000000000000000, 0.5000000000000000000 ) ) ;
#663 = LINE ( 'NONE', #2336, #2304 ) ;
#664 = DIRECTION ( 'NONE',  ( -1.000000000000000000, -0.000000000000000000, -0.000000000000000000 ) ) ;
#665 = EDGE_CURVE ( 'NONE', #290, #410, #360, .T. ) ;
#666 = EDGE_LOOP ( 'NONE', ( #943, #89, #2791, #2921, #1870, #582, #701, #2948, #503, #489, #2134, #1263 ) ) ;
#667 = EDGE_LOOP ( 'NONE', ( #1758, #1104, #338, #163 ) ) ;
#668 = CARTESIAN_POINT ( 'NONE',  ( -43.25000000000000000, 13.15429687500000355, 0.000000000000000000 ) ) ;
#669 = EDGE_LOOP ( 'NONE', ( #475, #2154, #657, #1674 ) ) ;
#670 = VERTEX_POINT ( 'NONE', #2491 ) ;
#671 = CARTESIAN_POINT ( 'NONE',  ( -45.75000000000000000, 23.80429687500000213, 2.000000000000000000 ) ) ;
#672 = VERTEX_POINT ( 'NONE', #643 ) ;
#673 = LINE ( 'NONE', #2988, #2099 ) ;
#674 = CARTESIAN_POINT ( 'NONE',  ( 45.85000000000000142, 10.65429687500000355, 6.000000000000000000 ) ) ;
#675 = VECTOR ( 'NONE', #633, 1000.000000000000000 ) ;
#676 = DIRECTION ( 'NONE',  ( 0.000000000000000000, 0.000000000000000000, 1.000000000000000000 ) ) ;
#677 = CARTESIAN_POINT ( 'NONE',  ( 31.25000000000000000, 23.80429687500000213, 4.000000000000000000 ) ) ;
#678 = VECTOR ( 'NONE', #169, 1000.000000000000000 ) ;
#679 = EDGE_LOOP ( 'NONE', ( #199, #1874, #854, #1730 ) ) ;
#680 = ORIENTED_EDGE ( 'NONE', *, *, #2859, .F. ) ;
#681 = LINE ( 'NONE', #2072, #866 ) ;
#682 = VERTEX_POINT ( 'NONE', #861 ) ;
#683 = ORIENTED_EDGE ( 'NONE', *, *, #1520, .F. ) ;
#684 = VECTOR ( 'NONE', #775, 1000.000000000000000 ) ;
#685 = AXIS2_PLACEMENT_3D ( 'NONE', #2506, #1796, #1335 ) ;
#686 = CARTESIAN_POINT ( 'NONE',  ( 28.25000000000000711, 21.90429687500000000, 0.5000000000000000000 ) ) ;
#687 = ORIENTED_EDGE ( 'NONE', *, *, #1318, .F. ) ;
#688 = CARTESIAN_POINT ( 'NONE',  ( -45.52765300074570831, 25.47664387425430021, 4.926413717694822836 ) ) ;
#689 = CARTESIAN_POINT ( 'NONE',  ( 46.25000000000000000, 11.05429687499998792, 6.000000000000000000 ) ) ;
#690 = EDGE_CURVE ( 'NONE', #1720, #1202, #1565, .T. ) ;
#691 = FACE_OUTER_BOUND ( 'NONE', #353, .T. ) ;
#692 = CARTESIAN_POINT ( 'NONE',  ( 45.85000000000001563, 24.65429687500000711, 6.000000000000000000 ) ) ;
#693 = EDGE_CURVE ( 'NONE', #264, #2933, #1109, .T. ) ;
#694 = LINE ( 'NONE', #2543, #455 ) ;
#695 = ADVANCED_FACE ( 'NONE', ( #416 ), #1069, .F. ) ;
#696 = VECTOR ( 'NONE', #1454, 1000.000000000000000 ) ;
#697 = DIRECTION ( 'NONE',  ( 0.7071067811865597852, 0.000000000000000000, 0.7071067811865352493 ) ) ;
#698 = ORIENTED_EDGE ( 'NONE', *, *, #2351, .F. ) ;
#699 = CARTESIAN_POINT ( 'NONE',  ( 28.25000000000000711, 21.90429687500000000, 0.5000000000000000000 ) ) ;
#700 = ADVANCED_FACE ( 'NONE', ( #1309, #138, #2245, #2032, #402, #888 ), #2718, .F. ) ;
#701 = ORIENTED_EDGE ( 'NONE', *, *, #1205, .F. ) ;
#702 = ORIENTED_EDGE ( 'NONE', *, *, #1328, .F. ) ;
#703 = PLANE ( 'NONE',  #66 ) ;
#704 = ORIENTED_EDGE ( 'NONE', *, *, #478, .T. ) ;
#705 = PLANE ( 'NONE',  #1508 ) ;
#706 = CARTESIAN_POINT ( 'NONE',  ( 5.450000000000003730, 16.15429687500000355, 0.5000000000000000000 ) ) ;
#707 = EDGE_CURVE ( 'NONE', #2840, #1618, #1503, .T. ) ;
#708 = DIRECTION ( 'NONE',  ( -1.000000000000000000, 0.000000000000000000, 0.000000000000000000 ) ) ;
#709 = CARTESIAN_POINT ( 'NONE',  ( -15.75000000000000000, 12.50429687500000142, 3.499999999999999112 ) ) ;
#710 = LINE ( 'NONE', #2356, #2451 ) ;
#711 = LOCAL_TIME ( 9, 53, 21.00000000000000000, #2019 ) ;
#712 = EDGE_CURVE ( 'NONE', #2489, #1671, #616, .T. ) ;
#713 = CARTESIAN_POINT ( 'NONE',  ( -44.00000000000000000, 23.15429687500000355, 0.2500000000000000000 ) ) ;
#714 = ORIENTED_EDGE ( 'NONE', *, *, #2567, .F. ) ;
#715 = DIRECTION ( 'NONE',  ( -6.140614074254184335E-16, 1.000000000000000000, -0.000000000000000000 ) ) ;
#716 = VECTOR ( 'NONE', #2658, 1000.000000000000114 ) ;
#717 = DIRECTION ( 'NONE',  ( 1.000000000000000000, 0.000000000000000000, -1.156482317317871478E-16 ) ) ;
#718 = VECTOR ( 'NONE', #733, 1000.000000000000000 ) ;
#719 = VERTEX_POINT ( 'NONE', #2461 ) ;
#720 = EDGE_CURVE ( 'NONE', #1763, #1547, #1797, .T. ) ;
#721 = ORIENTED_EDGE ( 'NONE', *, *, #1167, .T. ) ;
#722 = DIRECTION ( 'NONE',  ( -0.000000000000000000, 1.000000000000000000, -0.000000000000000000 ) ) ;
#723 = CARTESIAN_POINT ( 'NONE',  ( -43.75000000000000000, 13.15429687500000355, 0.3499999999999999223 ) ) ;
#724 = CARTESIAN_POINT ( 'NONE',  ( -8.099999999999999645, 15.40429687500000178, 2.000000000000000000 ) ) ;
#725 = FACE_OUTER_BOUND ( 'NONE', #655, .T. ) ;
#726 = DIRECTION ( 'NONE',  ( 0.000000000000000000, 0.000000000000000000, 1.000000000000000000 ) ) ;
#727 = CARTESIAN_POINT ( 'NONE',  ( -43.25000000000000000, 23.15429687500000355, 0.5999999999999999778 ) ) ;
#728 = EDGE_CURVE ( 'NONE', #2299, #383, #1534, .T. ) ;
#729 = CLOSED_SHELL ( 'NONE', ( #144, #1354, #1301, #1472, #2326, #2480, #32, #354, #1049, #1492, #1098, #1386, #431, #2563, #251, #1009, #1826, #1488, #397, #2017, #1430, #212, #380, #1541, #700, #2637, #2316, #1120, #1391, #2022, #1596, #1676, #2792, #868, #1835, #1540, #845, #1810, #1111, #2975, #3009, #1438, #1615, #1468, #1793, #2636, #1608, #112, #1453, #4, #1695, #2312, #896, #695, #449, #2615, #2380, #2544, #2157, #3015, #1034, #656, #1637, #2573, #2409, #2127, #2073, #472, #2971, #1245, #288, #983, #1201, #809, #754, #2196, #2412, #914, #2241, #2013, #2093, #1396, #1011, #128, #547, #2110, #2761, #1138, #2367, #931, #468, #2253, #2376, #2224, #2730, #791, #2503 ) ) ;
#730 = CARTESIAN_POINT ( 'NONE',  ( -27.90000000000000568, 14.40429687500000178, 0.5000000000000000000 ) ) ;
#731 = ORIENTED_EDGE ( 'NONE', *, *, #2954, .F. ) ;
#732 = DIRECTION ( 'NONE',  ( 0.000000000000000000, -1.000000000000000000, 0.000000000000000000 ) ) ;
#733 = DIRECTION ( 'NONE',  ( 3.154042683594195121E-16, 1.000000000000000000, 0.000000000000000000 ) ) ;
#734 = EDGE_CURVE ( 'NONE', #2182, #2683, #2311, .T. ) ;
#735 = ORIENTED_EDGE ( 'NONE', *, *, #2188, .F. ) ;
#736 = DIRECTION ( 'NONE',  ( 0.000000000000000000, 0.7071067811865477948, 0.7071067811865473507 ) ) ;
#737 = PRODUCT_DEFINITION ( 'UNKNOWN', '', #2418, #2578 ) ;
#738 = AXIS2_PLACEMENT_3D ( 'NONE', #2050, #2308, #892 ) ;
#739 = ORIENTED_EDGE ( 'NONE', *, *, #1566, .F. ) ;
#740 = CARTESIAN_POINT ( 'NONE',  ( 14.95000000000000107, 20.90429687500000711, 0.000000000000000000 ) ) ;
#741 = DIRECTION ( 'NONE',  ( 0.000000000000000000, -1.000000000000000000, 0.000000000000000000 ) ) ;
#742 = CIRCLE ( 'NONE', #685, 0.2500000000000002220 ) ;
#743 = EDGE_LOOP ( 'NONE', ( #820, #8, #1184, #2014 ) ) ;
#744 = CARTESIAN_POINT ( 'NONE',  ( 45.85000000000001563, 25.65429687500000355, 0.4000000000000114575 ) ) ;
#745 = FACE_OUTER_BOUND ( 'NONE', #963, .T. ) ;
#746 = LINE ( 'NONE', #2969, #2348 ) ;
#747 = ORIENTED_EDGE ( 'NONE', *, *, #768, .F. ) ;
#748 = CARTESIAN_POINT ( 'NONE',  ( 8.450000000000002842, 20.15429687500000711, 0.5000000000000000000 ) ) ;
#749 = FACE_BOUND ( 'NONE', #838, .T. ) ;
#750 = AXIS2_PLACEMENT_3D ( 'NONE', #1302, #664, #1527 ) ;
#751 = ORIENTED_EDGE ( 'NONE', *, *, #2567, .T. ) ;
#752 = VECTOR ( 'NONE', #3005, 1000.000000000000000 ) ;
#753 = FACE_OUTER_BOUND ( 'NONE', #1258, .T. ) ;
#754 = ADVANCED_FACE ( 'NONE', ( #2261 ), #180, .F. ) ;
#755 = ORIENTED_EDGE ( 'NONE', *, *, #617, .F. ) ;
#756 = CARTESIAN_POINT ( 'NONE',  ( -27.90000000000000568, 21.90429687500000000, 2.000000000000000000 ) ) ;
#757 = LINE ( 'NONE', #1725, #2928 ) ;
#758 = AXIS2_PLACEMENT_3D ( 'NONE', #1521, #166, #630 ) ;
#759 = CARTESIAN_POINT ( 'NONE',  ( 46.25000000000000000, 24.87145416252538510, 5.217157287525385101 ) ) ;
#760 = PERSON_AND_ORGANIZATION ( #650, #136 ) ;
#761 = CARTESIAN_POINT ( 'NONE',  ( -14.59999999999999787, 20.15429687500000000, 0.000000000000000000 ) ) ;
#762 = CARTESIAN_POINT ( 'NONE',  ( -31.15000000000000568, 20.90429687500000355, 0.000000000000000000 ) ) ;
#763 = ORIENTED_EDGE ( 'NONE', *, *, #2523, .T. ) ;
#764 = LINE ( 'NONE', #2813, #1209 ) ;
#765 = VERTEX_POINT ( 'NONE', #3000 ) ;
#766 = VERTEX_POINT ( 'NONE', #1399 ) ;
#767 = CARTESIAN_POINT ( 'NONE',  ( -45.35000000000000142, 25.65429687500000355, 5.000000000000000000 ) ) ;
#768 = EDGE_CURVE ( 'NONE', #1150, #2299, #477, .T. ) ;
#769 = VECTOR ( 'NONE', #1636, 1000.000000000000000 ) ;
#770 = EDGE_LOOP ( 'NONE', ( #774, #2039, #813, #130 ) ) ;
#771 = DIRECTION ( 'NONE',  ( 0.000000000000000000, 0.000000000000000000, -1.000000000000000000 ) ) ;
#772 = LINE ( 'NONE', #1974, #295 ) ;
#773 = EDGE_CURVE ( 'NONE', #1994, #134, #2332, .T. ) ;
#774 = ORIENTED_EDGE ( 'NONE', *, *, #567, .F. ) ;
#775 = DIRECTION ( 'NONE',  ( -1.000000000000000000, -0.000000000000000000, -0.000000000000000000 ) ) ;
#776 = LINE ( 'NONE', #335, #2898 ) ;
#777 = CARTESIAN_POINT ( 'NONE',  ( -37.65000000000000568, 20.90429687500000355, 0.000000000000000000 ) ) ;
#778 = CARTESIAN_POINT ( 'NONE',  ( 46.25000000000000000, 11.81998229994923477, 5.600000000000016520 ) ) ;
#779 = ORIENTED_EDGE ( 'NONE', *, *, #1766, .T. ) ;
#780 = DIRECTION ( 'NONE',  ( 0.000000000000000000, 0.7071067811865352493, 0.7071067811865597852 ) ) ;
#781 = VERTEX_POINT ( 'NONE', #2120 ) ;
#782 = VERTEX_POINT ( 'NONE', #2347 ) ;
#783 = DIRECTION ( 'NONE',  ( -1.734723475976806848E-16, 0.000000000000000000, -1.000000000000000000 ) ) ;
#784 = EDGE_LOOP ( 'NONE', ( #2727, #2787, #1498, #2804 ) ) ;
#785 = DIRECTION ( 'NONE',  ( -0.000000000000000000, 1.000000000000000000, -0.000000000000000000 ) ) ;
#786 = CARTESIAN_POINT ( 'NONE',  ( -39.90000000000000568, 14.40429687500000178, 2.000000000000000000 ) ) ;
#787 = PLANE ( 'NONE',  #1179 ) ;
#788 = DIRECTION ( 'NONE',  ( -0.000000000000000000, 1.000000000000000000, -0.000000000000000000 ) ) ;
#789 = VECTOR ( 'NONE', #771, 1000.000000000000000 ) ;
#790 = EDGE_CURVE ( 'NONE', #278, #909, #2302, .T. ) ;
#791 = ADVANCED_FACE ( 'NONE', ( #2518 ), #1623, .F. ) ;
#792 = EDGE_CURVE ( 'NONE', #2358, #2630, #2534, .T. ) ;
#793 = CARTESIAN_POINT ( 'NONE',  ( -14.59999999999999787, 20.90429687500000355, 2.000000000000000000 ) ) ;
#794 = ORIENTED_EDGE ( 'NONE', *, *, #1076, .T. ) ;
#795 = EDGE_LOOP ( 'NONE', ( #2084, #1856, #248, #2329 ) ) ;
#796 = VERTEX_POINT ( 'NONE', #205 ) ;
#797 = AXIS2_PLACEMENT_3D ( 'NONE', #635, #1556, #408 ) ;
#798 = DIRECTION ( 'NONE',  ( 0.000000000000000000, -0.7071067811865484609, -0.7071067811865466846 ) ) ;
#799 = AXIS2_PLACEMENT_3D ( 'NONE', #2175, #2650, #97 ) ;
#800 = ORIENTED_EDGE ( 'NONE', *, *, #2929, .T. ) ;
#801 = PLANE ( 'NONE',  #1655 ) ;
#802 = CARTESIAN_POINT ( 'NONE',  ( -30.75000000000000000, 23.80429687500000213, 3.999999999999998224 ) ) ;
#803 = ORIENTED_EDGE ( 'NONE', *, *, #2919, .T. ) ;
#804 = DIRECTION ( 'NONE',  ( 0.000000000000000000, -1.000000000000000000, 0.000000000000000000 ) ) ;
#805 = CALENDAR_DATE ( 2025, 31, 7 ) ;
#806 = CARTESIAN_POINT ( 'NONE',  ( 17.95000000000000284, 20.15429687500000355, 0.5000000000000000000 ) ) ;
#807 = CARTESIAN_POINT ( 'NONE',  ( 0.04999399999840864472, 12.50429687500000142, 51.80000599999999622 ) ) ;
#808 = VERTEX_POINT ( 'NONE', #250 ) ;
#809 = ADVANCED_FACE ( 'NONE', ( #1155 ), #266, .F. ) ;
#810 = ORIENTED_EDGE ( 'NONE', *, *, #1883, .T. ) ;
#811 = ORIENTED_EDGE ( 'NONE', *, *, #2619, .T. ) ;
#812 = DIRECTION ( 'NONE',  ( 0.5773502691896190697, -0.5773502691896391648, 0.5773502691896191807 ) ) ;
#813 = ORIENTED_EDGE ( 'NONE', *, *, #1772, .F. ) ;
#814 = CARTESIAN_POINT ( 'NONE',  ( 16.25000000000000000, 23.55429687500000213, 3.499999999999998224 ) ) ;
#815 = DIRECTION ( 'NONE',  ( 0.000000000000000000, 1.000000000000000000, 0.000000000000000000 ) ) ;
#816 = CIRCLE ( 'NONE', #1297, 0.2500000000000000000 ) ;
#817 = DIRECTION ( 'NONE',  ( -0.000000000000000000, 1.000000000000000000, -0.000000000000000000 ) ) ;
#818 = DIRECTION ( 'NONE',  ( -1.000000000000000000, -0.000000000000000000, -0.000000000000000000 ) ) ;
#819 = CARTESIAN_POINT ( 'NONE',  ( 28.25000000000000711, 21.90429687500000000, 2.000000000000000000 ) ) ;
#820 = ORIENTED_EDGE ( 'NONE', *, *, #473, .F. ) ;
#821 = VERTEX_POINT ( 'NONE', #1171 ) ;
#822 = ORIENTED_EDGE ( 'NONE', *, *, #1996, .F. ) ;
#823 = FACE_OUTER_BOUND ( 'NONE', #429, .T. ) ;
#824 = EDGE_CURVE ( 'NONE', #131, #428, #2762, .T. ) ;
#825 = AXIS2_PLACEMENT_3D ( 'NONE', #645, #1553, #1537 ) ;
#826 = ORIENTED_EDGE ( 'NONE', *, *, #1063, .T. ) ;
#827 = VECTOR ( 'NONE', #2536, 1000.000000000000000 ) ;
#828 = CARTESIAN_POINT ( 'NONE',  ( -17.60000000000000142, 20.15429687500000000, 0.5000000000000000000 ) ) ;
#829 = EDGE_CURVE ( 'NONE', #71, #841, #1125, .T. ) ;
#830 = DIRECTION ( 'NONE',  ( -0.000000000000000000, -1.000000000000000000, -0.000000000000000000 ) ) ;
#831 = DIRECTION ( 'NONE',  ( 0.000000000000000000, 0.000000000000000000, -1.000000000000000000 ) ) ;
#832 = PERSON_AND_ORGANIZATION ( #650, #136 ) ;
#833 = LINE ( 'NONE', #1817, #1843 ) ;
#834 = VECTOR ( 'NONE', #1449, 1000.000000000000000 ) ;
#835 = DIRECTION ( 'NONE',  ( 0.000000000000000000, 0.000000000000000000, 1.000000000000000000 ) ) ;
#836 = ORIENTED_EDGE ( 'NONE', *, *, #181, .F. ) ;
#837 = ORIENTED_EDGE ( 'NONE', *, *, #1173, .T. ) ;
#838 = EDGE_LOOP ( 'NONE', ( #2773, #2473, #2267, #687 ) ) ;
#839 = CARTESIAN_POINT ( 'NONE',  ( -17.60000000000000142, 20.15429687500000000, 0.5000000000000000000 ) ) ;
#840 = EDGE_CURVE ( 'NONE', #1547, #1811, #3017, .T. ) ;
#841 = VERTEX_POINT ( 'NONE', #2105 ) ;
#842 = CARTESIAN_POINT ( 'NONE',  ( -30.75000000000000000, 12.75429687500000142, 3.750000000000002220 ) ) ;
#843 = EDGE_CURVE ( 'NONE', #68, #383, #1366, .T. ) ;
#844 = DIRECTION ( 'NONE',  ( -0.000000000000000000, 1.000000000000000000, -0.000000000000000000 ) ) ;
#845 = ADVANCED_FACE ( 'NONE', ( #39 ), #1842, .F. ) ;
#846 = AXIS2_PLACEMENT_3D ( 'NONE', #1790, #2961, #2234 ) ;
#847 = PLANE ( 'NONE',  #2985 ) ;
#848 = DATE_TIME_ROLE ( 'creation_date' ) ;
#849 = CARTESIAN_POINT ( 'NONE',  ( 8.450000000000002842, 20.15429687500000711, 0.000000000000000000 ) ) ;
#850 = LINE ( 'NONE', #2249, #678 ) ;
#851 = LINE ( 'NONE', #1756, #2301 ) ;
#852 = DIRECTION ( 'NONE',  ( 2.775557561562890858E-16, 1.000000000000000000, 0.000000000000000000 ) ) ;
#853 = VECTOR ( 'NONE', #1083, 1000.000000000000000 ) ;
#854 = ORIENTED_EDGE ( 'NONE', *, *, #1328, .T. ) ;
#855 = EDGE_CURVE ( 'NONE', #1618, #1348, #959, .T. ) ;
#856 = VERTEX_POINT ( 'NONE', #2551 ) ;
#857 = PLANE ( 'NONE',  #2128 ) ;
#858 = EDGE_LOOP ( 'NONE', ( #1019, #988, #222, #351 ) ) ;
#859 = DIRECTION ( 'NONE',  ( 1.000000000000000000, -0.000000000000000000, -1.734723475976807094E-16 ) ) ;
#860 = EDGE_CURVE ( 'NONE', #1720, #1181, #2582, .T. ) ;
#861 = CARTESIAN_POINT ( 'NONE',  ( -45.55000000000000426, 25.45429687500000426, 0.2000000000000195233 ) ) ;
#862 = DIRECTION ( 'NONE',  ( 0.000000000000000000, 0.000000000000000000, 1.000000000000000000 ) ) ;
#863 = DATE_AND_TIME ( #1754, #711 ) ;
#864 = DIRECTION ( 'NONE',  ( -0.6785983445458394492, 0.6785983445458629859, -0.2810846377147999120 ) ) ;
#865 = EDGE_CURVE ( 'NONE', #424, #651, #461, .T. ) ;
#866 = VECTOR ( 'NONE', #1380, 1000.000000000000000 ) ;
#867 = CARTESIAN_POINT ( 'NONE',  ( -15.75000000000000000, 23.05429687500000213, 4.000000000000000000 ) ) ;
#868 = ADVANCED_FACE ( 'NONE', ( #1858 ), #703, .F. ) ;
#869 = ORIENTED_EDGE ( 'NONE', *, *, #2237, .T. ) ;
#870 = EDGE_LOOP ( 'NONE', ( #2900, #1224, #810, #1080, #624 ) ) ;
#871 = CARTESIAN_POINT ( 'NONE',  ( 38.00000000000000000, 20.90429687500000711, 0.5000000000000000000 ) ) ;
#872 = ORIENTED_EDGE ( 'NONE', *, *, #1616, .F. ) ;
#873 = DIRECTION ( 'NONE',  ( 0.000000000000000000, 0.000000000000000000, -1.000000000000000000 ) ) ;
#874 = FACE_OUTER_BOUND ( 'NONE', #1362, .T. ) ;
#875 = DIRECTION ( 'NONE',  ( 0.000000000000000000, -1.000000000000000000, 0.000000000000000000 ) ) ;
#876 = CARTESIAN_POINT ( 'NONE',  ( -31.15000000000000568, 20.90429687500000355, 0.000000000000000000 ) ) ;
#877 = CARTESIAN_POINT ( 'NONE',  ( -30.75000000000000000, 13.25429687500000142, 3.500000000000000888 ) ) ;
#878 = CARTESIAN_POINT ( 'NONE',  ( -15.75000000000000000, 23.80429687500000213, 3.500000000000000444 ) ) ;
#879 = CARTESIAN_POINT ( 'NONE',  ( 31.25000000000000000, 13.25429687500000142, 3.999999999999999112 ) ) ;
#880 = EDGE_CURVE ( 'NONE', #1978, #2331, #1957, .T. ) ;
#881 = AXIS2_PLACEMENT_3D ( 'NONE', #2621, #1206, #2142 ) ;
#882 = ORIENTED_EDGE ( 'NONE', *, *, #2344, .F. ) ;
#883 = ORIENTED_EDGE ( 'NONE', *, *, #734, .F. ) ;
#884 = LINE ( 'NONE', #699, #43 ) ;
#885 = AXIS2_PLACEMENT_3D ( 'NONE', #842, #1764, #344 ) ;
#886 = ORIENTED_EDGE ( 'NONE', *, *, #1789, .T. ) ;
#887 = EDGE_LOOP ( 'NONE', ( #1603, #41, #355, #2137 ) ) ;
#888 = FACE_OUTER_BOUND ( 'NONE', #2870, .T. ) ;
#889 = LINE ( 'NONE', #2750, #2589 ) ;
#890 = DIRECTION ( 'NONE',  ( 1.000000000000000000, 0.000000000000000000, 0.000000000000000000 ) ) ;
#891 = VECTOR ( 'NONE', #2038, 1000.000000000000000 ) ;
#892 = DIRECTION ( 'NONE',  ( 0.000000000000000000, -0.000000000000000000, 1.000000000000000000 ) ) ;
#893 = VECTOR ( 'NONE', #2992, 1000.000000000000000 ) ;
#894 = LINE ( 'NONE', #197, #1815 ) ;
#895 = CARTESIAN_POINT ( 'NONE',  ( -5.099999999999999645, 20.15429687500000000, 2.000000000000000000 ) ) ;
#896 = ADVANCED_FACE ( 'NONE', ( #1021 ), #2413, .F. ) ;
#897 = ORIENTED_EDGE ( 'NONE', *, *, #1998, .F. ) ;
#898 = VERTEX_POINT ( 'NONE', #341 ) ;
#899 = CARTESIAN_POINT ( 'NONE',  ( -43.25000000000000000, 23.15429687500000355, 0.3499999999999999223 ) ) ;
#900 = ORIENTED_EDGE ( 'NONE', *, *, #417, .T. ) ;
#901 = ORIENTED_EDGE ( 'NONE', *, *, #2000, .T. ) ;
#902 = DIRECTION ( 'NONE',  ( 0.000000000000000000, 0.000000000000000000, 1.000000000000000000 ) ) ;
#903 = CARTESIAN_POINT ( 'NONE',  ( -43.75000000000000000, 13.15429687500000355, 0.3499999999999999223 ) ) ;
#904 = DIRECTION ( 'NONE',  ( -1.000000000000000000, 0.000000000000000000, -1.156482317317871478E-16 ) ) ;
#905 = CARTESIAN_POINT ( 'NONE',  ( 14.95000000000000107, 20.90429687500000711, 0.000000000000000000 ) ) ;
#906 = LINE ( 'NONE', #677, #2996 ) ;
#907 = FACE_OUTER_BOUND ( 'NONE', #973, .T. ) ;
#908 = VECTOR ( 'NONE', #1500, 1000.000000000000000 ) ;
#909 = VERTEX_POINT ( 'NONE', #510 ) ;
#910 = VERTEX_POINT ( 'NONE', #1688 ) ;
#911 = CARTESIAN_POINT ( 'NONE',  ( 0.000000000000000000, 16.15429687500000000, 2.000000000000000000 ) ) ;
#912 = VERTEX_POINT ( 'NONE', #1907 ) ;
#913 = ORIENTED_EDGE ( 'NONE', *, *, #1889, .T. ) ;
#914 = ADVANCED_FACE ( 'NONE', ( #1891 ), #2428, .F. ) ;
#915 = CARTESIAN_POINT ( 'NONE',  ( 14.95000000000000107, 20.15429687500000355, 0.000000000000000000 ) ) ;
#916 = EDGE_CURVE ( 'NONE', #2933, #856, #312, .T. ) ;
#917 = LINE ( 'NONE', #688, #1122 ) ;
#918 = CARTESIAN_POINT ( 'NONE',  ( -45.75000000000000000, 24.87145416252537444, 5.217157287525372666 ) ) ;
#919 = VECTOR ( 'NONE', #324, 1000.000000000000000 ) ;
#920 = DIRECTION ( 'NONE',  ( -0.000000000000000000, 1.000000000000000000, 0.000000000000000000 ) ) ;
#921 = CARTESIAN_POINT ( 'NONE',  ( 31.25000000000000000, 23.55429687500000213, 4.000000000000000000 ) ) ;
#922 = VECTOR ( 'NONE', #1831, 1000.000000000000000 ) ;
#923 = CARTESIAN_POINT ( 'NONE',  ( -15.75000000000000000, 23.05429687500000213, 4.000000000000000000 ) ) ;
#924 = DIRECTION ( 'NONE',  ( 0.6785983445458594332, 0.2810846377148174535, -0.6785983445458358965 ) ) ;
#925 = ORIENTED_EDGE ( 'NONE', *, *, #328, .F. ) ;
#926 = DIRECTION ( 'NONE',  ( 1.000000000000000000, 0.000000000000000000, 0.000000000000000000 ) ) ;
#927 = VERTEX_POINT ( 'NONE', #1487 ) ;
#928 = ORIENTED_EDGE ( 'NONE', *, *, #2392, .T. ) ;
#929 = VECTOR ( 'NONE', #2094, 1000.000000000000000 ) ;
#930 = DIRECTION ( 'NONE',  ( 0.000000000000000000, -1.000000000000000000, 0.000000000000000000 ) ) ;
#931 = ADVANCED_FACE ( 'NONE', ( #542 ), #58, .F. ) ;
#932 = DIRECTION ( 'NONE',  ( 1.000000000000000000, 0.000000000000000000, 0.000000000000000000 ) ) ;
#933 = CARTESIAN_POINT ( 'NONE',  ( 8.450000000000002842, 20.90429687500000711, 2.000000000000000000 ) ) ;
#934 = EDGE_CURVE ( 'NONE', #2592, #1119, #1459, .T. ) ;
#935 = LINE ( 'NONE', #2112, #113 ) ;
#936 = LINE ( 'NONE', #2796, #1421 ) ;
#937 = VECTOR ( 'NONE', #1918, 1000.000000000000000 ) ;
#938 = DIRECTION ( 'NONE',  ( 1.156482317317871478E-16, 0.000000000000000000, -1.000000000000000000 ) ) ;
#939 = ORIENTED_EDGE ( 'NONE', *, *, #2188, .T. ) ;
#940 = CARTESIAN_POINT ( 'NONE',  ( 45.85000000000001563, 24.65429687500000711, 6.000000000000000000 ) ) ;
#941 = LINE ( 'NONE', #3011, #769 ) ;
#942 = ORIENTED_EDGE ( 'NONE', *, *, #1451, .T. ) ;
#943 = ORIENTED_EDGE ( 'NONE', *, *, #2262, .F. ) ;
#944 = DIRECTION ( 'NONE',  ( 0.000000000000000000, 0.000000000000000000, 1.000000000000000000 ) ) ;
#945 = EDGE_CURVE ( 'NONE', #2883, #34, #1656, .T. ) ;
#946 = DIRECTION ( 'NONE',  ( -1.000000000000000000, 0.000000000000000000, 0.000000000000000000 ) ) ;
#947 = DIRECTION ( 'NONE',  ( -1.000000000000000000, 0.000000000000000000, -0.000000000000000000 ) ) ;
#948 = FACE_OUTER_BOUND ( 'NONE', #1778, .T. ) ;
#949 = FACE_OUTER_BOUND ( 'NONE', #609, .T. ) ;
#950 = PLANE ( 'NONE',  #559 ) ;
#951 = EDGE_CURVE ( 'NONE', #2785, #2482, #974, .T. ) ;
#952 = CARTESIAN_POINT ( 'NONE',  ( 8.450000000000002842, 20.15429687500000711, 2.000000000000000000 ) ) ;
#953 = EDGE_LOOP ( 'NONE', ( #2608, #2980, #200, #1194 ) ) ;
#954 = CARTESIAN_POINT ( 'NONE',  ( -15.75000000000000000, 13.25429687500000142, 3.499999999999999112 ) ) ;
#955 = LINE ( 'NONE', #1183, #1783 ) ;
#956 = VECTOR ( 'NONE', #1166, 1000.000000000000227 ) ;
#957 = ORIENTED_EDGE ( 'NONE', *, *, #1710, .T. ) ;
#958 = EDGE_LOOP ( 'NONE', ( #2628, #1578, #2314, #117 ) ) ;
#959 = LINE ( 'NONE', #686, #303 ) ;
#960 = ORIENTED_EDGE ( 'NONE', *, *, #1863, .T. ) ;
#961 = CARTESIAN_POINT ( 'NONE',  ( 14.95000000000000107, 20.90429687500000711, 2.000000000000000000 ) ) ;
#962 = LINE ( 'NONE', #2322, #438 ) ;
#963 = EDGE_LOOP ( 'NONE', ( #2074, #747, #2903, #508 ) ) ;
#964 = FACE_OUTER_BOUND ( 'NONE', #1066, .T. ) ;
#965 = CARTESIAN_POINT ( 'NONE',  ( 16.25000000000000000, 12.75429687500000142, 3.500000000000000888 ) ) ;
#966 = AXIS2_PLACEMENT_3D ( 'NONE', #35, #2868, #1456 ) ;
#967 = LINE ( 'NONE', #730, #123 ) ;
#968 = ORIENTED_EDGE ( 'NONE', *, *, #1732, .T. ) ;
#969 = DIRECTION ( 'NONE',  ( -0.000000000000000000, 1.000000000000000000, -0.000000000000000000 ) ) ;
#970 = CARTESIAN_POINT ( 'NONE',  ( 5.450000000000003730, 16.15429687500000355, 2.000000000000000000 ) ) ;
#971 = EDGE_CURVE ( 'NONE', #134, #625, #2398, .T. ) ;
#972 = ORIENTED_EDGE ( 'NONE', *, *, #490, .T. ) ;
#973 = EDGE_LOOP ( 'NONE', ( #1689, #1593, #811, #2410 ) ) ;
#974 = LINE ( 'NONE', #1248, #2424 ) ;
#975 = VECTOR ( 'NONE', #817, 1000.000000000000000 ) ;
#976 = ORIENTED_EDGE ( 'NONE', *, *, #1376, .F. ) ;
#977 = CARTESIAN_POINT ( 'NONE',  ( -31.15000000000000213, 15.40429687500000178, 0.000000000000000000 ) ) ;
#978 = CARTESIAN_POINT ( 'NONE',  ( 8.450000000000002842, 15.40429687500000355, 0.000000000000000000 ) ) ;
#979 = CARTESIAN_POINT ( 'NONE',  ( -45.75000000000000000, 25.65429687500000355, 6.000000000000000000 ) ) ;
#980 = CARTESIAN_POINT ( 'NONE',  ( 0.000000000000000000, 0.000000000000000000, 0.000000000000000000 ) ) ;
#981 = DIRECTION ( 'NONE',  ( 0.000000000000000000, -0.7071067811865477948, -0.7071067811865473507 ) ) ;
#982 = CARTESIAN_POINT ( 'NONE',  ( -43.25000000000000000, 23.15429687500000355, 0.000000000000000000 ) ) ;
#983 = ADVANCED_FACE ( 'NONE', ( #572 ), #2183, .F. ) ;
#984 = ORIENTED_EDGE ( 'NONE', *, *, #590, .F. ) ;
#985 = CARTESIAN_POINT ( 'NONE',  ( -45.75000000000000000, 23.80429687500000213, 6.000011999999999901 ) ) ;
#986 = AXIS2_PLACEMENT_3D ( 'NONE', #713, #2831, #469 ) ;
#987 = VECTOR ( 'NONE', #2565, 1000.000000000000000 ) ;
#988 = ORIENTED_EDGE ( 'NONE', *, *, #331, .T. ) ;
#989 = ORIENTED_EDGE ( 'NONE', *, *, #2901, .F. ) ;
#990 = VECTOR ( 'NONE', #2309, 1000.000000000000000 ) ;
#991 = CYLINDRICAL_SURFACE ( 'NONE', #425, 0.2499999999999997780 ) ;
#992 = VERTEX_POINT ( 'NONE', #2597 ) ;
#993 = LINE ( 'NONE', #2155, #206 ) ;
#994 = CARTESIAN_POINT ( 'NONE',  ( -43.75000000000000000, 23.15429687500000355, 0.2500000000000000000 ) ) ;
#995 = VECTOR ( 'NONE', #1296, 1000.000000000000000 ) ;
#996 = FACE_OUTER_BOUND ( 'NONE', #1434, .T. ) ;
#997 = MECHANICAL_CONTEXT ( 'NONE', #1713, 'mechanical' ) ;
#998 = DIRECTION ( 'NONE',  ( 0.7071067811865475727, 0.000000000000000000, 0.7071067811865475727 ) ) ;
#999 = APPROVAL_PERSON_ORGANIZATION ( #300, #2129, #2863 ) ;
#1000 = CARTESIAN_POINT ( 'NONE',  ( 14.95000000000000107, 20.90429687500000711, 2.000000000000000000 ) ) ;
#1001 = VERTEX_POINT ( 'NONE', #2614 ) ;
#1002 = CARTESIAN_POINT ( 'NONE',  ( -45.75000000000000000, 25.25429687500001918, 4.834314575050724372 ) ) ;
#1003 = EDGE_LOOP ( 'NONE', ( #2742, #1199, #2546, #2101, #2415, #2163, #2043, #913, #310, #1624, #702, #470 ) ) ;
#1004 = ORIENTED_EDGE ( 'NONE', *, *, #382, .T. ) ;
#1005 = CARTESIAN_POINT ( 'NONE',  ( -30.75000000000000000, 23.55429687500000213, 3.499999999999998224 ) ) ;
#1006 = AXIS2_PLACEMENT_3D ( 'NONE', #1395, #1409, #2042 ) ;
#1007 = ORIENTED_EDGE ( 'NONE', *, *, #2392, .F. ) ;
#1008 = DIRECTION ( 'NONE',  ( -0.000000000000000000, 1.000000000000000000, -0.000000000000000000 ) ) ;
#1009 = ADVANCED_FACE ( 'NONE', ( #1231 ), #1216, .F. ) ;
#1010 = DIRECTION ( 'NONE',  ( 0.000000000000000000, 1.000000000000000000, 0.000000000000000000 ) ) ;
#1011 = ADVANCED_FACE ( 'NONE', ( #753 ), #991, .T. ) ;
#1012 = EDGE_CURVE ( 'NONE', #1969, #2345, #1924, .T. ) ;
#1013 = CARTESIAN_POINT ( 'NONE',  ( -37.65000000000000568, 20.90429687500000355, 0.000000000000000000 ) ) ;
#1014 = APPROVAL_DATE_TIME ( #1466, #2129 ) ;
#1015 = CARTESIAN_POINT ( 'NONE',  ( -15.75000000000000000, 12.75429687500000142, 3.999999999999999112 ) ) ;
#1016 = CARTESIAN_POINT ( 'NONE',  ( 31.50000000000000000, 20.90429687500000711, 0.5000000000000000000 ) ) ;
#1017 = VERTEX_POINT ( 'NONE', #767 ) ;
#1018 = PLANE ( 'NONE',  #2528 ) ;
#1019 = ORIENTED_EDGE ( 'NONE', *, *, #2902, .T. ) ;
#1020 = ORIENTED_EDGE ( 'NONE', *, *, #2063, .T. ) ;
#1021 = FACE_OUTER_BOUND ( 'NONE', #887, .T. ) ;
#1022 = EDGE_LOOP ( 'NONE', ( #494, #456, #1461, #1187 ) ) ;
#1023 = DIRECTION ( 'NONE',  ( -3.154042683594195121E-16, -1.000000000000000000, 0.000000000000000000 ) ) ;
#1024 = EDGE_CURVE ( 'NONE', #1215, #1829, #2645, .T. ) ;
#1025 = CARTESIAN_POINT ( 'NONE',  ( -15.75000000000000000, 23.55429687500000213, 4.000000000000000000 ) ) ;
#1026 = AXIS2_PLACEMENT_3D ( 'NONE', #2493, #875, #2955 ) ;
#1027 = EDGE_LOOP ( 'NONE', ( #1935, #1140, #739, #1745 ) ) ;
#1028 = LINE ( 'NONE', #759, #252 ) ;
#1029 = EDGE_CURVE ( 'NONE', #821, #1588, #816, .T. ) ;
#1030 = PLANE ( 'NONE',  #509 ) ;
#1031 = AXIS2_PLACEMENT_3D ( 'NONE', #1068, #1999, #2938 ) ;
#1032 = CARTESIAN_POINT ( 'NONE',  ( 17.95000000000000284, 20.15429687500000355, 2.000000000000000000 ) ) ;
#1033 = ORIENTED_EDGE ( 'NONE', *, *, #2106, .T. ) ;
#1034 = ADVANCED_FACE ( 'NONE', ( #823 ), #2905, .F. ) ;
#1035 = ORIENTED_EDGE ( 'NONE', *, *, #196, .T. ) ;
#1036 =( BOUNDED_CURVE ( )  B_SPLINE_CURVE ( 3, ( #2417, #332, #1253, #575 ),
 .UNSPECIFIED., .F., .T. ) 
 B_SPLINE_CURVE_WITH_KNOTS ( ( 4, 4 ),
 ( 1.570796326794896558, 3.141592653589793116 ),
 .UNSPECIFIED. ) 
 CURVE ( )  GEOMETRIC_REPRESENTATION_ITEM ( )  RATIONAL_B_SPLINE_CURVE ( ( 1.000000000000000000, 0.8047378541243649375, 0.8047378541243649375, 1.000000000000000000 ) ) 
 REPRESENTATION_ITEM ( '' )  );
#1037 = ORIENTED_EDGE ( 'NONE', *, *, #1082, .F. ) ;
#1038 = VECTOR ( 'NONE', #2559, 1000.000000000000000 ) ;
#1039 = DIRECTION ( 'NONE',  ( 0.000000000000000000, 0.000000000000000000, 1.000000000000000000 ) ) ;
#1040 = AXIS2_PLACEMENT_3D ( 'NONE', #47, #1481, #2403 ) ;
#1041 = ORIENTED_EDGE ( 'NONE', *, *, #1197, .T. ) ;
#1042 = DIRECTION ( 'NONE',  ( -0.000000000000000000, -0.000000000000000000, 1.000000000000000000 ) ) ;
#1043 = PLANE ( 'NONE',  #2385 ) ;
#1044 = CARTESIAN_POINT ( 'NONE',  ( -43.25000000000000000, 23.15429687500000355, 0.3499999999999999223 ) ) ;
#1045 = PERSON_AND_ORGANIZATION ( #650, #136 ) ;
#1046 = CARTESIAN_POINT ( 'NONE',  ( 46.25000000000000000, 11.05429687499998792, 6.000000000000000000 ) ) ;
#1047 = CARTESIAN_POINT ( 'NONE',  ( 45.85000000000001563, 24.65429687500000711, 6.000000000000000000 ) ) ;
#1048 = VERTEX_POINT ( 'NONE', #1747 ) ;
#1049 = ADVANCED_FACE ( 'NONE', ( #2686 ), #2920, .F. ) ;
#1050 = ORIENTED_EDGE ( 'NONE', *, *, #1889, .F. ) ;
#1051 = ORIENTED_EDGE ( 'NONE', *, *, #346, .F. ) ;
#1052 = DIRECTION ( 'NONE',  ( -1.000000000000000000, -0.000000000000000000, -0.000000000000000000 ) ) ;
#1053 = VERTEX_POINT ( 'NONE', #385 ) ;
#1054 = CARTESIAN_POINT ( 'NONE',  ( -14.59999999999999964, 15.40429687500000178, 0.000000000000000000 ) ) ;
#1055 = CARTESIAN_POINT ( 'NONE',  ( -43.25000000000000000, 23.15429687500000355, 0.3499999999999999223 ) ) ;
#1056 = DIRECTION ( 'NONE',  ( -1.000000000000000000, 2.775557561562890858E-16, 0.000000000000000000 ) ) ;
#1057 = PERSON_AND_ORGANIZATION_ROLE ( 'design_supplier' ) ;
#1058 = LINE ( 'NONE', #2464, #1643 ) ;
#1059 = LINE ( 'NONE', #1313, #74 ) ;
#1060 = EDGE_LOOP ( 'NONE', ( #2850, #2529, #1307, #2701 ) ) ;
#1061 = EDGE_LOOP ( 'NONE', ( #2800, #2549, #779, #2485 ) ) ;
#1062 = ORIENTED_EDGE ( 'NONE', *, *, #1772, .T. ) ;
#1063 = EDGE_CURVE ( 'NONE', #1150, #68, #133, .T. ) ;
#1064 = CARTESIAN_POINT ( 'NONE',  ( -50.61666666666671688, 15.92096354166689487, 5.266666666666734109 ) ) ;
#1065 = AXIS2_PLACEMENT_3D ( 'NONE', #2946, #852, #1775 ) ;
#1066 = EDGE_LOOP ( 'NONE', ( #570, #593, #62, #1717 ) ) ;
#1067 = VECTOR ( 'NONE', #1677, 1000.000000000000000 ) ;
#1068 = CARTESIAN_POINT ( 'NONE',  ( -15.75000000000000000, 23.05429687500000213, 3.500000000000000444 ) ) ;
#1069 = PLANE ( 'NONE',  #610 ) ;
#1070 = CARTESIAN_POINT ( 'NONE',  ( -27.90000000000000568, 21.90429687500000000, 0.5000000000000000000 ) ) ;
#1071 = CARTESIAN_POINT ( 'NONE',  ( 31.50000000000000000, 20.90429687500000711, 0.000000000000000000 ) ) ;
#1072 = DIRECTION ( 'NONE',  ( 0.000000000000000000, 0.7071067811865465735, -0.7071067811865483499 ) ) ;
#1073 = VECTOR ( 'NONE', #1367, 1000.000000000000000 ) ;
#1074 = PLANE ( 'NONE',  #797 ) ;
#1075 = PLANE ( 'NONE',  #1065 ) ;
#1076 = EDGE_CURVE ( 'NONE', #1229, #1562, #1761, .T. ) ;
#1077 = ORIENTED_EDGE ( 'NONE', *, *, #693, .F. ) ;
#1078 = EDGE_LOOP ( 'NONE', ( #1639, #2377, #2411, #2667, #1212 ) ) ;
#1079 = PLANE ( 'NONE',  #2620 ) ;
#1080 = ORIENTED_EDGE ( 'NONE', *, *, #2344, .T. ) ;
#1081 = CARTESIAN_POINT ( 'NONE',  ( 31.25000000000000000, 23.05429687500000213, 3.500000000000000444 ) ) ;
#1082 = EDGE_CURVE ( 'NONE', #2630, #557, #1733, .T. ) ;
#1083 = DIRECTION ( 'NONE',  ( -1.000000000000000000, 0.000000000000000000, 0.000000000000000000 ) ) ;
#1084 = VECTOR ( 'NONE', #1819, 1000.000000000000000 ) ;
#1085 = EDGE_CURVE ( 'NONE', #92, #1654, #1995, .T. ) ;
#1086 = CARTESIAN_POINT ( 'NONE',  ( 5.450000000000002842, 20.15429687500000711, 0.5000000000000000000 ) ) ;
#1087 = COORDINATED_UNIVERSAL_TIME_OFFSET ( 5, 0, .BEHIND. ) ;
#1088 = FACE_OUTER_BOUND ( 'NONE', #2131, .T. ) ;
#1089 = FACE_OUTER_BOUND ( 'NONE', #462, .T. ) ;
#1090 = DIRECTION ( 'NONE',  ( -0.000000000000000000, -1.000000000000000000, -0.000000000000000000 ) ) ;
#1091 = EDGE_LOOP ( 'NONE', ( #1444, #2950, #2564, #516 ) ) ;
#1092 = ORIENTED_EDGE ( 'NONE', *, *, #1029, .F. ) ;
#1093 = ORIENTED_EDGE ( 'NONE', *, *, #497, .F. ) ;
#1094 = CARTESIAN_POINT ( 'NONE',  ( -8.099999999999999645, 16.15429687500000000, 0.5000000000000000000 ) ) ;
#1095 = VERTEX_POINT ( 'NONE', #2702 ) ;
#1096 = FACE_OUTER_BOUND ( 'NONE', #203, .T. ) ;
#1097 = DIRECTION ( 'NONE',  ( 0.000000000000000000, 0.000000000000000000, 1.000000000000000000 ) ) ;
#1098 = ADVANCED_FACE ( 'NONE', ( #583 ), #2457, .F. ) ;
#1099 = PLANE ( 'NONE',  #2779 ) ;
#1100 = CARTESIAN_POINT ( 'NONE',  ( -14.59999999999999787, 16.15429687500000000, 0.5000000000000000000 ) ) ;
#1101 = CARTESIAN_POINT ( 'NONE',  ( 16.25000000000000000, 13.25429687500000142, 4.000000000000001776 ) ) ;
#1102 = EDGE_CURVE ( 'NONE', #2041, #1892, #2728, .T. ) ;
#1103 = DIRECTION ( 'NONE',  ( -1.734723475976806848E-16, 0.000000000000000000, -1.000000000000000000 ) ) ;
#1104 = ORIENTED_EDGE ( 'NONE', *, *, #137, .F. ) ;
#1105 = ORIENTED_EDGE ( 'NONE', *, *, #485, .F. ) ;
#1106 = DIRECTION ( 'NONE',  ( -0.000000000000000000, -0.000000000000000000, -1.000000000000000000 ) ) ;
#1107 = VERTEX_POINT ( 'NONE', #2227 ) ;
#1108 = DIRECTION ( 'NONE',  ( 1.000000000000000000, 0.000000000000000000, 0.000000000000000000 ) ) ;
#1109 = LINE ( 'NONE', #586, #2848 ) ;
#1110 = VECTOR ( 'NONE', #1740, 1000.000000000000000 ) ;
#1111 = ADVANCED_FACE ( 'NONE', ( #1794 ), #1981, .F. ) ;
#1112 = LINE ( 'NONE', #253, #493 ) ;
#1113 = DIRECTION ( 'NONE',  ( 1.000000000000000000, 0.000000000000000000, 0.000000000000000000 ) ) ;
#1114 = CARTESIAN_POINT ( 'NONE',  ( -5.100000000000000533, 16.15429687500000000, 0.5000000000000000000 ) ) ;
#1115 = DIRECTION ( 'NONE',  ( -0.000000000000000000, -0.000000000000000000, -1.000000000000000000 ) ) ;
#1116 = CARTESIAN_POINT ( 'NONE',  ( 8.450000000000002842, 20.90429687500000711, 2.000000000000000000 ) ) ;
#1117 = AXIS2_PLACEMENT_3D ( 'NONE', #979, #1480, #1912 ) ;
#1118 = ORIENTED_EDGE ( 'NONE', *, *, #1566, .T. ) ;
#1119 = VERTEX_POINT ( 'NONE', #1531 ) ;
#1120 = ADVANCED_FACE ( 'NONE', ( #2472 ), #857, .F. ) ;
#1121 = CARTESIAN_POINT ( 'NONE',  ( 0.000000000000000000, 23.80429687500000213, 6.000000000000000000 ) ) ;
#1122 = VECTOR ( 'NONE', #3002, 1000.000000000000114 ) ;
#1123 = EDGE_LOOP ( 'NONE', ( #794, #1955, #2184, #1529, #1840, #1135 ) ) ;
#1124 = EDGE_LOOP ( 'NONE', ( #2527, #721, #1575, #70 ) ) ;
#1125 = LINE ( 'NONE', #1141, #2842 ) ;
#1126 = CARTESIAN_POINT ( 'NONE',  ( -8.099999999999999645, 20.90429687500000711, 0.000000000000000000 ) ) ;
#1127 = FACE_OUTER_BOUND ( 'NONE', #2545, .T. ) ;
#1128 = AXIS2_PLACEMENT_3D ( 'NONE', #806, #2404, #2389 ) ;
#1129 = VECTOR ( 'NONE', #2061, 1000.000000000000000 ) ;
#1130 = PLANE ( 'NONE',  #1217 ) ;
#1131 = VECTOR ( 'NONE', #2753, 1000.000000000000000 ) ;
#1132 = CARTESIAN_POINT ( 'NONE',  ( -45.75000000000000000, 25.65429687500000355, 6.000000000000000000 ) ) ;
#1133 = CARTESIAN_POINT ( 'NONE',  ( 45.85000000000000142, 12.50429687500000142, 6.000000000000000000 ) ) ;
#1134 = EDGE_CURVE ( 'NONE', #1994, #651, #147, .T. ) ;
#1135 = ORIENTED_EDGE ( 'NONE', *, *, #2958, .F. ) ;
#1136 = ORIENTED_EDGE ( 'NONE', *, *, #2824, .T. ) ;
#1137 = CARTESIAN_POINT ( 'NONE',  ( 31.25000000000000000, 12.75429687500000142, 3.499999999999999112 ) ) ;
#1138 = ADVANCED_FACE ( 'NONE', ( #160 ), #1079, .F. ) ;
#1139 = AXIS2_PLACEMENT_3D ( 'NONE', #1814, #2970, #1765 ) ;
#1140 = ORIENTED_EDGE ( 'NONE', *, *, #916, .F. ) ;
#1141 = CARTESIAN_POINT ( 'NONE',  ( -17.60000000000000142, 20.15429687500000000, 2.000000000000000000 ) ) ;
#1142 = EDGE_LOOP ( 'NONE', ( #2821, #2103, #216, #2374 ) ) ;
#1143 = LINE ( 'NONE', #418, #161 ) ;
#1144 = CARTESIAN_POINT ( 'NONE',  ( 31.25000000000000000, 12.50429687500000142, 3.499999999999999112 ) ) ;
#1145 = FACE_OUTER_BOUND ( 'NONE', #1958, .T. ) ;
#1146 = LINE ( 'NONE', #2081, #265 ) ;
#1147 = LINE ( 'NONE', #1358, #214 ) ;
#1148 = VECTOR ( 'NONE', #1940, 1000.000000000000000 ) ;
#1149 = ORIENTED_EDGE ( 'NONE', *, *, #568, .T. ) ;
#1150 = VERTEX_POINT ( 'NONE', #2502 ) ;
#1151 = DIRECTION ( 'NONE',  ( 2.168404344971008868E-16, 1.000000000000000000, -0.000000000000000000 ) ) ;
#1152 = EDGE_LOOP ( 'NONE', ( #1668, #2687, #2968, #1606 ) ) ;
#1153 = EDGE_CURVE ( 'NONE', #1280, #2317, #2012, .T. ) ;
#1154 = VERTEX_POINT ( 'NONE', #1094 ) ;
#1155 = FACE_OUTER_BOUND ( 'NONE', #2200, .T. ) ;
#1156 = ORIENTED_EDGE ( 'NONE', *, *, #1285, .F. ) ;
#1157 = CARTESIAN_POINT ( 'NONE',  ( 8.450000000000002842, 15.40429687500000355, 0.000000000000000000 ) ) ;
#1158 = DIRECTION ( 'NONE',  ( -0.000000000000000000, 0.000000000000000000, -1.000000000000000000 ) ) ;
#1159 = EDGE_CURVE ( 'NONE', #2152, #1969, #2214, .T. ) ;
#1160 = AXIS2_PLACEMENT_3D ( 'NONE', #2522, #1353, #100 ) ;
#1161 = DIRECTION ( 'NONE',  ( -1.000000000000000000, 0.000000000000000000, -0.000000000000000000 ) ) ;
#1162 = LINE ( 'NONE', #2571, #2501 ) ;
#1163 = DIRECTION ( 'NONE',  ( -1.000000000000000000, -0.000000000000000000, -0.000000000000000000 ) ) ;
#1164 = LINE ( 'NONE', #2574, #2060 ) ;
#1165 = VERTEX_POINT ( 'NONE', #1332 ) ;
#1166 = DIRECTION ( 'NONE',  ( 0.5773502691896231775, -0.8164965809277278108, -0.000000000000000000 ) ) ;
#1167 = EDGE_CURVE ( 'NONE', #2625, #992, #2997, .T. ) ;
#1168 = ORIENTED_EDGE ( 'NONE', *, *, #1998, .T. ) ;
#1169 = ORIENTED_EDGE ( 'NONE', *, *, #2285, .T. ) ;
#1170 = VECTOR ( 'NONE', #1023, 1000.000000000000000 ) ;
#1171 = CARTESIAN_POINT ( 'NONE',  ( -44.00000000000000000, 13.15429687500000355, 0.000000000000000000 ) ) ;
#1172 = PLANE ( 'NONE',  #1601 ) ;
#1173 = EDGE_CURVE ( 'NONE', #1348, #2223, #681, .T. ) ;
#1174 = CARTESIAN_POINT ( 'NONE',  ( 0.000000000000000000, 0.000000000000000000, 6.000000000000000000 ) ) ;
#1175 = PRODUCT_RELATED_PRODUCT_CATEGORY ( 'detail', '', ( #2964 ) ) ;
#1176 = CARTESIAN_POINT ( 'NONE',  ( -31.15000000000000568, 20.90429687500000355, 0.000000000000000000 ) ) ;
#1177 = DIRECTION ( 'NONE',  ( 0.000000000000000000, 1.000000000000000000, -0.000000000000000000 ) ) ;
#1178 = AXIS2_PLACEMENT_3D ( 'NONE', #2849, #1728, #2899 ) ;
#1179 = AXIS2_PLACEMENT_3D ( 'NONE', #2125, #1712, #726 ) ;
#1180 = DIRECTION ( 'NONE',  ( 0.000000000000000000, 0.000000000000000000, -1.000000000000000000 ) ) ;
#1181 = VERTEX_POINT ( 'NONE', #899 ) ;
#1182 = CARTESIAN_POINT ( 'NONE',  ( -39.90000000000000568, 14.40429687500000178, 2.000000000000000000 ) ) ;
#1183 = CARTESIAN_POINT ( 'NONE',  ( 31.50000000000000000, 15.40429687500000533, 0.000000000000000000 ) ) ;
#1184 = ORIENTED_EDGE ( 'NONE', *, *, #1085, .F. ) ;
#1185 = ORIENTED_EDGE ( 'NONE', *, *, #665, .F. ) ;
#1186 = DIRECTION ( 'NONE',  ( -1.000000000000000000, 0.000000000000000000, 0.000000000000000000 ) ) ;
#1187 = ORIENTED_EDGE ( 'NONE', *, *, #843, .F. ) ;
#1188 = DIRECTION ( 'NONE',  ( 0.000000000000000000, 0.7071067811865477948, 0.7071067811865473507 ) ) ;
#1189 = PLANE ( 'NONE',  #57 ) ;
#1190 = LINE ( 'NONE', #1679, #2198 ) ;
#1191 = EDGE_CURVE ( 'NONE', #230, #357, #246, .T. ) ;
#1192 = LINE ( 'NONE', #439, #1277 ) ;
#1193 = PLANE ( 'NONE',  #1611 ) ;
#1194 = ORIENTED_EDGE ( 'NONE', *, *, #2542, .F. ) ;
#1195 = FACE_OUTER_BOUND ( 'NONE', #770, .T. ) ;
#1196 = CARTESIAN_POINT ( 'NONE',  ( 16.25000000000000000, 12.50429687500000142, 3.500000000000000888 ) ) ;
#1197 = EDGE_CURVE ( 'NONE', #290, #1154, #442, .T. ) ;
#1198 = ORIENTED_EDGE ( 'NONE', *, *, #2351, .T. ) ;
#1199 = ORIENTED_EDGE ( 'NONE', *, *, #1415, .T. ) ;
#1200 = DIRECTION ( 'NONE',  ( 0.7071067811865499042, 0.4999999999999982792, -0.4999999999999985567 ) ) ;
#1201 = ADVANCED_FACE ( 'NONE', ( #2298 ), #2758, .T. ) ;
#1202 = VERTEX_POINT ( 'NONE', #668 ) ;
#1203 = LINE ( 'NONE', #2122, #1555 ) ;
#1204 = DIRECTION ( 'NONE',  ( -1.000000000000000000, 0.000000000000000000, 0.000000000000000000 ) ) ;
#1205 = EDGE_CURVE ( 'NONE', #290, #1165, #2515, .T. ) ;
#1206 = DIRECTION ( 'NONE',  ( 0.000000000000000000, -1.000000000000000000, 0.000000000000000000 ) ) ;
#1207 = DIRECTION ( 'NONE',  ( 0.000000000000000000, 0.000000000000000000, 1.000000000000000000 ) ) ;
#1208 = CARTESIAN_POINT ( 'NONE',  ( 16.25000000000000000, 23.55429687500000213, 3.499999999999998224 ) ) ;
#1209 = VECTOR ( 'NONE', #504, 1000.000000000000000 ) ;
#1210 = AXIS2_PLACEMENT_3D ( 'NONE', #2585, #947, #496 ) ;
#1211 = DIRECTION ( 'NONE',  ( -0.000000000000000000, -0.000000000000000000, 1.000000000000000000 ) ) ;
#1212 = ORIENTED_EDGE ( 'NONE', *, *, #1029, .T. ) ;
#1213 = FACE_BOUND ( 'NONE', #2613, .T. ) ;
#1214 = ORIENTED_EDGE ( 'NONE', *, *, #2106, .F. ) ;
#1215 = VERTEX_POINT ( 'NONE', #1363 ) ;
#1216 = PLANE ( 'NONE',  #1392 ) ;
#1217 = AXIS2_PLACEMENT_3D ( 'NONE', #905, #2540, #2354 ) ;
#1218 = EDGE_LOOP ( 'NONE', ( #115, #2500, #2318, #942, #1672, #2296, #822, #2092 ) ) ;
#1219 = CARTESIAN_POINT ( 'NONE',  ( 31.25000000000000000, 12.75429687500000142, 3.999999999999999112 ) ) ;
#1220 = LINE ( 'NONE', #2661, #2725 ) ;
#1221 = APPROVAL_STATUS ( 'not_yet_approved' ) ;
#1222 = FACE_OUTER_BOUND ( 'NONE', #1407, .T. ) ;
#1223 = LINE ( 'NONE', #578, #2405 ) ;
#1224 = ORIENTED_EDGE ( 'NONE', *, *, #2542, .T. ) ;
#1225 = CARTESIAN_POINT ( 'NONE',  ( -43.25000000000000000, 13.15429687500000533, 0.4964466094067260249 ) ) ;
#1226 = AXIS2_PLACEMENT_3D ( 'NONE', #21, #938, #1869 ) ;
#1227 = EDGE_CURVE ( 'NONE', #174, #912, #941, .T. ) ;
#1228 = ORIENTED_EDGE ( 'NONE', *, *, #2929, .F. ) ;
#1229 = VERTEX_POINT ( 'NONE', #1855 ) ;
#1230 = EDGE_CURVE ( 'NONE', #1905, #2887, #218, .T. ) ;
#1231 = FACE_OUTER_BOUND ( 'NONE', #247, .T. ) ;
#1232 = EDGE_CURVE ( 'NONE', #670, #230, #1872, .T. ) ;
#1233 = VERTEX_POINT ( 'NONE', #1587 ) ;
#1234 = LINE ( 'NONE', #2400, #18 ) ;
#1235 = DIRECTION ( 'NONE',  ( 0.000000000000000000, 0.000000000000000000, -1.000000000000000000 ) ) ;
#1236 = EDGE_CURVE ( 'NONE', #1017, #264, #2771, .T. ) ;
#1237 = VECTOR ( 'NONE', #1782, 1000.000000000000000 ) ;
#1238 = CARTESIAN_POINT ( 'NONE',  ( 46.25000000000000000, 23.80429687500000213, 2.000000000000000000 ) ) ;
#1239 = DIRECTION ( 'NONE',  ( -1.000000000000000000, 0.000000000000000000, 0.000000000000000000 ) ) ;
#1240 = CARTESIAN_POINT ( 'NONE',  ( -5.099999999999999645, 20.15429687500000000, 2.000000000000000000 ) ) ;
#1241 =( GEOMETRIC_REPRESENTATION_CONTEXT ( 3 ) GLOBAL_UNCERTAINTY_ASSIGNED_CONTEXT ( ( #2148 ) ) GLOBAL_UNIT_ASSIGNED_CONTEXT ( ( #533, #2370, #286 ) ) REPRESENTATION_CONTEXT ( 'NONE', 'WORKASPACE' ) );
#1242 = LINE ( 'NONE', #2162, #937 ) ;
#1243 = ORIENTED_EDGE ( 'NONE', *, *, #177, .F. ) ;
#1244 = CARTESIAN_POINT ( 'NONE',  ( -45.75000000000000000, 23.80429687500000213, 2.000000000000000000 ) ) ;
#1245 = ADVANCED_FACE ( 'NONE', ( #2085 ), #2315, .F. ) ;
#1246 = ORIENTED_EDGE ( 'NONE', *, *, #792, .F. ) ;
#1247 = EDGE_LOOP ( 'NONE', ( #1037, #1427, #2135, #2818 ) ) ;
#1248 = CARTESIAN_POINT ( 'NONE',  ( -43.50000000000000000, 0.000000000000000000, 0.5999999999999999778 ) ) ;
#1249 = AXIS2_PLACEMENT_3D ( 'NONE', #839, #356, #613 ) ;
#1250 = EDGE_CURVE ( 'NONE', #1671, #1703, #2786, .T. ) ;
#1251 = EDGE_LOOP ( 'NONE', ( #1276, #957, #2532, #1572, #132 ) ) ;
#1252 = CARTESIAN_POINT ( 'NONE',  ( -15.75000000000000000, 12.75429687500000142, 3.999999999999999112 ) ) ;
#1253 = CARTESIAN_POINT ( 'NONE',  ( -43.75000000000000000, 23.15429687500000000, 0.4964466094067262469 ) ) ;
#1254 = DIRECTION ( 'NONE',  ( -0.6785983445458350083, 0.2810846377148214503, 0.6785983445458585450 ) ) ;
#1255 = APPROVAL_DATE_TIME ( #2896, #1579 ) ;
#1256 = DIRECTION ( 'NONE',  ( -0.000000000000000000, -0.000000000000000000, 1.000000000000000000 ) ) ;
#1257 = CARTESIAN_POINT ( 'NONE',  ( -31.15000000000000213, 15.40429687500000178, 0.000000000000000000 ) ) ;
#1258 = EDGE_LOOP ( 'NONE', ( #2471, #2656, #2915, #1952 ) ) ;
#1259 = VECTOR ( 'NONE', #2047, 1000.000000000000114 ) ;
#1260 = ORIENTED_EDGE ( 'NONE', *, *, #2289, .F. ) ;
#1261 = ORIENTED_EDGE ( 'NONE', *, *, #1789, .F. ) ;
#1262 = CARTESIAN_POINT ( 'NONE',  ( 31.25000000000000000, 23.05429687500000213, 4.000000000000000000 ) ) ;
#1263 = ORIENTED_EDGE ( 'NONE', *, *, #829, .F. ) ;
#1264 = FACE_OUTER_BOUND ( 'NONE', #795, .T. ) ;
#1265 = CARTESIAN_POINT ( 'NONE',  ( -43.75000000000000000, 23.15429687500000355, 0.3499999999999999223 ) ) ;
#1266 = AXIS2_PLACEMENT_3D ( 'NONE', #241, #1161, #19 ) ;
#1267 = EDGE_CURVE ( 'NONE', #1807, #1588, #2802, .T. ) ;
#1268 = PLANE ( 'NONE',  #1801 ) ;
#1269 = DATE_AND_TIME ( #805, #2908 ) ;
#1270 = PLANE ( 'NONE',  #2498 ) ;
#1271 = VECTOR ( 'NONE', #2521, 1000.000000000000000 ) ;
#1272 = CC_DESIGN_PERSON_AND_ORGANIZATION_ASSIGNMENT ( #760, #2879, ( #2964 ) ) ;
#1273 = FACE_OUTER_BOUND ( 'NONE', #1027, .T. ) ;
#1274 = ORIENTED_EDGE ( 'NONE', *, *, #840, .T. ) ;
#1275 = ORIENTED_EDGE ( 'NONE', *, *, #2954, .T. ) ;
#1276 = ORIENTED_EDGE ( 'NONE', *, *, #1766, .F. ) ;
#1277 = VECTOR ( 'NONE', #1375, 1000.000000000000000 ) ;
#1278 = DIRECTION ( 'NONE',  ( 0.7071067811865597852, 0.7071067811865352493, 0.000000000000000000 ) ) ;
#1279 = VECTOR ( 'NONE', #1115, 1000.000000000000000 ) ;
#1280 = VERTEX_POINT ( 'NONE', #1619 ) ;
#1281 = CARTESIAN_POINT ( 'NONE',  ( -45.35000000000001563, 10.65429687500000355, 6.000000000000000000 ) ) ;
#1282 = DIRECTION ( 'NONE',  ( -1.000000000000000000, -0.000000000000000000, -0.000000000000000000 ) ) ;
#1283 = CARTESIAN_POINT ( 'NONE',  ( 28.25000000000000711, 21.90429687500000000, 0.5000000000000000000 ) ) ;
#1284 = CARTESIAN_POINT ( 'NONE',  ( -44.00000000000000000, 0.000000000000000000, 0.000000000000000000 ) ) ;
#1285 = EDGE_CURVE ( 'NONE', #2840, #2438, #232, .T. ) ;
#1286 = FACE_OUTER_BOUND ( 'NONE', #38, .T. ) ;
#1287 = ORIENTED_EDGE ( 'NONE', *, *, #1159, .T. ) ;
#1288 = AXIS2_PLACEMENT_3D ( 'NONE', #980, #1207, #2846 ) ;
#1289 = EDGE_LOOP ( 'NONE', ( #186, #400, #1589, #763 ) ) ;
#1290 = VERTEX_POINT ( 'NONE', #2057 ) ;
#1291 = EDGE_CURVE ( 'NONE', #379, #109, #23, .T. ) ;
#1292 = CARTESIAN_POINT ( 'NONE',  ( -43.50000000000000000, 0.000000000000000000, 0.3499999999999999223 ) ) ;
#1293 = ORIENTED_EDGE ( 'NONE', *, *, #934, .T. ) ;
#1294 = LINE ( 'NONE', #1054, #2003 ) ;
#1295 = EDGE_CURVE ( 'NONE', #1618, #2166, #884, .T. ) ;
#1296 = DIRECTION ( 'NONE',  ( 1.000000000000000000, -0.000000000000000000, 1.445602896647339410E-16 ) ) ;
#1297 = AXIS2_PLACEMENT_3D ( 'NONE', #2871, #626, #1779 ) ;
#1298 = LINE ( 'NONE', #2004, #65 ) ;
#1299 = CARTESIAN_POINT ( 'NONE',  ( 14.95000000000000107, 20.90429687500000711, 0.000000000000000000 ) ) ;
#1300 = CARTESIAN_POINT ( 'NONE',  ( -8.099999999999999645, 16.15429687500000000, 2.000000000000000000 ) ) ;
#1301 = ADVANCED_FACE ( 'NONE', ( #2745 ), #471, .F. ) ;
#1302 = CARTESIAN_POINT ( 'NONE',  ( 16.25000000000000000, 12.75429687500000142, 3.750000000000002220 ) ) ;
#1303 = ORIENTED_EDGE ( 'NONE', *, *, #634, .T. ) ;
#1304 = EDGE_LOOP ( 'NONE', ( #1993, #1501, #146, #1859 ) ) ;
#1305 = ORIENTED_EDGE ( 'NONE', *, *, #2583, .T. ) ;
#1306 = CARTESIAN_POINT ( 'NONE',  ( -39.90000000000000568, 21.90429687500000000, 0.5000000000000000000 ) ) ;
#1307 = ORIENTED_EDGE ( 'NONE', *, *, #2466, .T. ) ;
#1308 = FACE_OUTER_BOUND ( 'NONE', #1060, .T. ) ;
#1309 = FACE_BOUND ( 'NONE', #2104, .T. ) ;
#1310 = LINE ( 'NONE', #2248, #1073 ) ;
#1311 = LINE ( 'NONE', #1788, #2141 ) ;
#1312 = VECTOR ( 'NONE', #529, 1000.000000000000000 ) ;
#1313 = CARTESIAN_POINT ( 'NONE',  ( -37.65000000000000568, 20.90429687500000355, 0.5000000000000000000 ) ) ;
#1314 = CARTESIAN_POINT ( 'NONE',  ( 46.05000000000000426, 25.45429687500000426, 0.2000000000000196065 ) ) ;
#1315 = VERTEX_POINT ( 'NONE', #523 ) ;
#1316 = VERTEX_POINT ( 'NONE', #1651 ) ;
#1317 = DIRECTION ( 'NONE',  ( -1.000000000000000000, 0.000000000000000000, -0.000000000000000000 ) ) ;
#1318 = EDGE_CURVE ( 'NONE', #2894, #2041, #2360, .T. ) ;
#1319 = EDGE_LOOP ( 'NONE', ( #2427, #800, #2486, #2673, #1007, #293, #1185, #1041 ) ) ;
#1320 = EDGE_CURVE ( 'NONE', #898, #1334, #955, .T. ) ;
#1321 = CARTESIAN_POINT ( 'NONE',  ( 31.50000000000000000, 20.90429687500000711, 0.000000000000000000 ) ) ;
#1322 = CC_DESIGN_PERSON_AND_ORGANIZATION_ASSIGNMENT ( #1768, #1057, ( #2418 ) ) ;
#1323 = DIRECTION ( 'NONE',  ( 0.000000000000000000, 1.000000000000000000, -0.000000000000000000 ) ) ;
#1324 = VECTOR ( 'NONE', #1108, 1000.000000000000000 ) ;
#1325 = FACE_OUTER_BOUND ( 'NONE', #679, .T. ) ;
#1326 = CARTESIAN_POINT ( 'NONE',  ( 17.95000000000000284, 16.15429687500000355, 0.5000000000000000000 ) ) ;
#1327 = CARTESIAN_POINT ( 'NONE',  ( -45.35000000000001563, 10.65429687500000355, 5.000000000000000000 ) ) ;
#1328 = EDGE_CURVE ( 'NONE', #781, #639, #2594, .T. ) ;
#1329 = LINE ( 'NONE', #2266, #891 ) ;
#1330 = ORIENTED_EDGE ( 'NONE', *, *, #2539, .T. ) ;
#1331 = EDGE_LOOP ( 'NONE', ( #2595, #869, #1394, #803 ) ) ;
#1332 = CARTESIAN_POINT ( 'NONE',  ( -5.100000000000000533, 16.15429687500000000, 2.000000000000000000 ) ) ;
#1333 = EDGE_CURVE ( 'NONE', #625, #682, #1442, .T. ) ;
#1334 = VERTEX_POINT ( 'NONE', #36 ) ;
#1335 = DIRECTION ( 'NONE',  ( 0.000000000000000000, 0.000000000000000000, 1.000000000000000000 ) ) ;
#1336 = CARTESIAN_POINT ( 'NONE',  ( -43.35355339059327662, 23.05074348440672694, 0.5999999999999998668 ) ) ;
#1337 = EDGE_CURVE ( 'NONE', #101, #910, #2343, .T. ) ;
#1338 = LINE ( 'NONE', #2077, #1413 ) ;
#1339 = DIRECTION ( 'NONE',  ( 0.000000000000000000, -1.000000000000000000, 0.000000000000000000 ) ) ;
#1340 = LINE ( 'NONE', #2509, #2677 ) ;
#1341 = VECTOR ( 'NONE', #458, 1000.000000000000114 ) ;
#1342 = EDGE_CURVE ( 'NONE', #1841, #1585, #277, .T. ) ;
#1343 = LINE ( 'NONE', #210, #1373 ) ;
#1344 = DIRECTION ( 'NONE',  ( -1.000000000000000000, 2.668805347656625692E-16, 0.000000000000000000 ) ) ;
#1345 = ORIENTED_EDGE ( 'NONE', *, *, #1678, .T. ) ;
#1346 = ORIENTED_EDGE ( 'NONE', *, *, #1737, .T. ) ;
#1347 = CARTESIAN_POINT ( 'NONE',  ( 31.25000000000000000, 23.80429687500000213, 4.000000000000000000 ) ) ;
#1348 = VERTEX_POINT ( 'NONE', #2133 ) ;
#1349 = VERTEX_POINT ( 'NONE', #53 ) ;
#1350 = DIRECTION ( 'NONE',  ( 1.000000000000000000, 0.000000000000000000, -1.156482317317871478E-16 ) ) ;
#1351 = VECTOR ( 'NONE', #589, 1000.000000000000000 ) ;
#1352 = FACE_OUTER_BOUND ( 'NONE', #1319, .T. ) ;
#1353 = DIRECTION ( 'NONE',  ( 0.000000000000000000, 1.000000000000000000, 0.000000000000000000 ) ) ;
#1354 = ADVANCED_FACE ( 'NONE', ( #1901, #2835, #749 ), #1612, .T. ) ;
#1355 =( BOUNDED_CURVE ( )  B_SPLINE_CURVE ( 3, ( #1055, #1750, #1336, #388 ),
 .UNSPECIFIED., .F., .T. ) 
 B_SPLINE_CURVE_WITH_KNOTS ( ( 4, 4 ),
 ( 0.000000000000000000, 1.570796326794896558 ),
 .UNSPECIFIED. ) 
 CURVE ( )  GEOMETRIC_REPRESENTATION_ITEM ( )  RATIONAL_B_SPLINE_CURVE ( ( 1.000000000000000000, 0.8047378541243649375, 0.8047378541243649375, 1.000000000000000000 ) ) 
 REPRESENTATION_ITEM ( '' )  );
#1356 = DIRECTION ( 'NONE',  ( 0.000000000000000000, -0.000000000000000000, 1.000000000000000000 ) ) ;
#1357 = LINE ( 'NONE', #2555, #2603 ) ;
#1358 = CARTESIAN_POINT ( 'NONE',  ( -14.59999999999999964, 15.40429687500000178, 2.000000000000000000 ) ) ;
#1359 = CC_DESIGN_PERSON_AND_ORGANIZATION_ASSIGNMENT ( #1045, #2926, ( #2418 ) ) ;
#1360 = VECTOR ( 'NONE', #930, 1000.000000000000000 ) ;
#1361 = ORIENTED_EDGE ( 'NONE', *, *, #951, .T. ) ;
#1362 = EDGE_LOOP ( 'NONE', ( #2165, #1361, #652, #2453 ) ) ;
#1363 = CARTESIAN_POINT ( 'NONE',  ( -15.75000000000000000, 23.55429687500000213, 3.500000000000000444 ) ) ;
#1364 = ORIENTED_EDGE ( 'NONE', *, *, #1641, .T. ) ;
#1365 = ORIENTED_EDGE ( 'NONE', *, *, #790, .F. ) ;
#1366 = LINE ( 'NONE', #915, #2698 ) ;
#1367 = DIRECTION ( 'NONE',  ( 0.000000000000000000, 0.000000000000000000, -1.000000000000000000 ) ) ;
#1368 = CARTESIAN_POINT ( 'NONE',  ( 40.25000000000000711, 14.40429687500000178, 2.000000000000000000 ) ) ;
#1369 = VECTOR ( 'NONE', #1867, 1000.000000000000000 ) ;
#1370 = EDGE_CURVE ( 'NONE', #2239, #2182, #481, .T. ) ;
#1371 = VECTOR ( 'NONE', #2288, 1000.000000000000000 ) ;
#1372 = DIRECTION ( 'NONE',  ( -0.000000000000000000, -0.000000000000000000, 1.000000000000000000 ) ) ;
#1373 = VECTOR ( 'NONE', #2738, 1000.000000000000000 ) ;
#1374 = CARTESIAN_POINT ( 'NONE',  ( -8.099999999999999645, 20.15429687500000000, 0.000000000000000000 ) ) ;
#1375 = DIRECTION ( 'NONE',  ( 0.000000000000000000, 1.000000000000000000, 0.000000000000000000 ) ) ;
#1376 = EDGE_CURVE ( 'NONE', #927, #2364, #436, .T. ) ;
#1377 = EDGE_CURVE ( 'NONE', #491, #781, #209, .T. ) ;
#1378 = ORIENTED_EDGE ( 'NONE', *, *, #409, .T. ) ;
#1379 = ORIENTED_EDGE ( 'NONE', *, *, #91, .F. ) ;
#1380 = DIRECTION ( 'NONE',  ( 1.000000000000000000, 0.000000000000000000, 0.000000000000000000 ) ) ;
#1381 = AXIS2_PLACEMENT_3D ( 'NONE', #2001, #1323, #1097 ) ;
#1382 = ORIENTED_EDGE ( 'NONE', *, *, #1318, .T. ) ;
#1383 = ORIENTED_EDGE ( 'NONE', *, *, #2386, .T. ) ;
#1384 = CARTESIAN_POINT ( 'NONE',  ( 31.50000000000000000, 20.90429687500000711, 0.5000000000000000000 ) ) ;
#1385 = CARTESIAN_POINT ( 'NONE',  ( -30.75000000000000000, 12.75429687500000142, 3.500000000000000888 ) ) ;
#1386 = ADVANCED_FACE ( 'NONE', ( #948 ), #2991, .F. ) ;
#1387 = FACE_OUTER_BOUND ( 'NONE', #1748, .T. ) ;
#1388 = PLANE ( 'NONE',  #1266 ) ;
#1389 = CARTESIAN_POINT ( 'NONE',  ( -30.75000000000000000, 23.55429687500000213, 3.749999999999999112 ) ) ;
#1390 = CARTESIAN_POINT ( 'NONE',  ( 31.50000000000000000, 15.40429687500000533, 0.000000000000000000 ) ) ;
#1391 = ADVANCED_FACE ( 'NONE', ( #2065 ), #2809, .F. ) ;
#1392 = AXIS2_PLACEMENT_3D ( 'NONE', #73, #1704, #2167 ) ;
#1393 = CARTESIAN_POINT ( 'NONE',  ( -43.75000000000000000, 23.15429687500000355, 0.3499999999999999223 ) ) ;
#1394 = ORIENTED_EDGE ( 'NONE', *, *, #2277, .T. ) ;
#1395 = CARTESIAN_POINT ( 'NONE',  ( -37.65000000000000568, 20.90429687500000355, 0.000000000000000000 ) ) ;
#1396 = ADVANCED_FACE ( 'NONE', ( #725 ), #499, .T. ) ;
#1397 = ORIENTED_EDGE ( 'NONE', *, *, #72, .F. ) ;
#1398 = ORIENTED_EDGE ( 'NONE', *, *, #621, .T. ) ;
#1399 = CARTESIAN_POINT ( 'NONE',  ( -27.90000000000000568, 14.40429687500000178, 0.5000000000000000000 ) ) ;
#1400 = LINE ( 'NONE', #2334, #551 ) ;
#1401 = DIRECTION ( 'NONE',  ( -1.156482317317870246E-16, 0.000000000000000000, 1.000000000000000000 ) ) ;
#1402 = CARTESIAN_POINT ( 'NONE',  ( -45.75000000000000000, 12.50429687500000142, 6.000011999999999901 ) ) ;
#1403 = LINE ( 'NONE', #1570, #1131 ) ;
#1404 = AXIS2_PLACEMENT_3D ( 'NONE', #514, #904, #1401 ) ;
#1405 = DIRECTION ( 'NONE',  ( -0.000000000000000000, 0.000000000000000000, 1.000000000000000000 ) ) ;
#1406 = FACE_OUTER_BOUND ( 'NONE', #2657, .T. ) ;
#1407 = EDGE_LOOP ( 'NONE', ( #1457, #1622, #366, #1837, #1954 ) ) ;
#1408 = LINE ( 'NONE', #954, #6 ) ;
#1409 = DIRECTION ( 'NONE',  ( -1.000000000000000000, 0.000000000000000000, -0.000000000000000000 ) ) ;
#1410 = VECTOR ( 'NONE', #2795, 1000.000000000000000 ) ;
#1411 = ORIENTED_EDGE ( 'NONE', *, *, #824, .F. ) ;
#1412 = EDGE_LOOP ( 'NONE', ( #1990, #2087, #2760, #2228 ) ) ;
#1413 = VECTOR ( 'NONE', #2108, 1000.000000000000000 ) ;
#1414 = DIRECTION ( 'NONE',  ( 0.000000000000000000, 0.7071067811865477948, 0.7071067811865473507 ) ) ;
#1415 = EDGE_CURVE ( 'NONE', #2195, #2423, #1597, .T. ) ;
#1416 = DIRECTION ( 'NONE',  ( 0.000000000000000000, -1.000000000000000000, 0.000000000000000000 ) ) ;
#1417 = LINE ( 'NONE', #480, #155 ) ;
#1418 = DIRECTION ( 'NONE',  ( -1.000000000000000000, 0.000000000000000000, -1.156482317317871478E-16 ) ) ;
#1419 = FACE_OUTER_BOUND ( 'NONE', #1440, .T. ) ;
#1420 = AXIS2_PLACEMENT_3D ( 'NONE', #565, #2422, #337 ) ;
#1421 = VECTOR ( 'NONE', #1629, 1000.000000000000000 ) ;
#1422 = DIRECTION ( 'NONE',  ( -0.7071067811865597852, -0.7071067811865352493, -0.000000000000000000 ) ) ;
#1423 = ORIENTED_EDGE ( 'NONE', *, *, #1085, .T. ) ;
#1424 = EDGE_CURVE ( 'NONE', #2195, #1490, #935, .T. ) ;
#1425 = CARTESIAN_POINT ( 'NONE',  ( -14.59999999999999964, 15.40429687500000178, 2.000000000000000000 ) ) ;
#1426 = DIRECTION ( 'NONE',  ( 1.000000000000000000, 0.000000000000000000, 0.000000000000000000 ) ) ;
#1427 = ORIENTED_EDGE ( 'NONE', *, *, #2579, .F. ) ;
#1428 = ORIENTED_EDGE ( 'NONE', *, *, #2959, .F. ) ;
#1429 = CARTESIAN_POINT ( 'NONE',  ( -15.75000000000000000, 23.80429687500000213, 4.000000000000000000 ) ) ;
#1430 = ADVANCED_FACE ( 'NONE', ( #31 ), #1130, .F. ) ;
#1431 = ORIENTED_EDGE ( 'NONE', *, *, #2475, .F. ) ;
#1432 = CARTESIAN_POINT ( 'NONE',  ( 46.25000000000000711, 12.50429687500000142, 5.600000000000016520 ) ) ;
#1433 = CARTESIAN_POINT ( 'NONE',  ( 45.85000000000000142, 11.65429687500000533, 6.000000000000000000 ) ) ;
#1434 = EDGE_LOOP ( 'NONE', ( #1346, #2998, #384, #2026 ) ) ;
#1435 = DIRECTION ( 'NONE',  ( -1.000000000000000000, -0.000000000000000000, -0.000000000000000000 ) ) ;
#1436 = DIRECTION ( 'NONE',  ( -0.5773502691896458261, -0.5773502691896258421, 0.5773502691896057470 ) ) ;
#1437 = LINE ( 'NONE', #2434, #2111 ) ;
#1438 = ADVANCED_FACE ( 'NONE', ( #691 ), #452, .F. ) ;
#1439 = LINE ( 'NONE', #2373, #1038 ) ;
#1440 = EDGE_LOOP ( 'NONE', ( #105, #1035, #1077, #2644, #1927 ) ) ;
#1441 = DIRECTION ( 'NONE',  ( -0.000000000000000000, -0.000000000000000000, 1.000000000000000000 ) ) ;
#1442 = LINE ( 'NONE', #2814, #333 ) ;
#1443 = ORIENTED_EDGE ( 'NONE', *, *, #2857, .F. ) ;
#1444 = ORIENTED_EDGE ( 'NONE', *, *, #1732, .F. ) ;
#1445 = DIRECTION ( 'NONE',  ( 1.000000000000000000, 0.000000000000000000, -1.734723475976806848E-16 ) ) ;
#1446 = ORIENTED_EDGE ( 'NONE', *, *, #1710, .F. ) ;
#1447 = LINE ( 'NONE', #977, #1312 ) ;
#1448 = CARTESIAN_POINT ( 'NONE',  ( 38.00000000000000000, 15.40429687500000355, 0.5000000000000000000 ) ) ;
#1449 = DIRECTION ( 'NONE',  ( -0.000000000000000000, -0.000000000000000000, 1.000000000000000000 ) ) ;
#1450 = CARTESIAN_POINT ( 'NONE',  ( 46.25000000000000000, 18.93713958747461490, 12.71715728752539221 ) ) ;
#1451 = EDGE_CURVE ( 'NONE', #101, #912, #227, .T. ) ;
#1452 = AXIS2_PLACEMENT_3D ( 'NONE', #2232, #780, #52 ) ;
#1453 = ADVANCED_FACE ( 'NONE', ( #1145 ), #2096, .T. ) ;
#1454 = DIRECTION ( 'NONE',  ( 0.000000000000000000, -1.000000000000000000, 0.000000000000000000 ) ) ;
#1455 = ORIENTED_EDGE ( 'NONE', *, *, #2523, .F. ) ;
#1456 = DIRECTION ( 'NONE',  ( 0.000000000000000000, -0.000000000000000000, -1.000000000000000000 ) ) ;
#1457 = ORIENTED_EDGE ( 'NONE', *, *, #2609, .F. ) ;
#1458 = ORIENTED_EDGE ( 'NONE', *, *, #2778, .T. ) ;
#1459 = LINE ( 'NONE', #2819, #1685 ) ;
#1460 = AXIS2_PLACEMENT_3D ( 'NONE', #662, #1, #1848 ) ;
#1461 = ORIENTED_EDGE ( 'NONE', *, *, #728, .T. ) ;
#1462 = VECTOR ( 'NONE', #3018, 1000.000000000000000 ) ;
#1463 = CARTESIAN_POINT ( 'NONE',  ( -14.59999999999999787, 20.90429687500000355, 0.000000000000000000 ) ) ;
#1464 = LINE ( 'NONE', #2204, #223 ) ;
#1465 = CARTESIAN_POINT ( 'NONE',  ( 45.85000000000001563, 24.65429687500000711, 6.000000000000000000 ) ) ;
#1466 = DATE_AND_TIME ( #2634, #3007 ) ;
#1467 = FACE_OUTER_BOUND ( 'NONE', #1152, .T. ) ;
#1468 = ADVANCED_FACE ( 'NONE', ( #465 ), #1388, .F. ) ;
#1469 = LINE ( 'NONE', #819, #696 ) ;
#1470 = EDGE_LOOP ( 'NONE', ( #553, #897, #2918, #2027 ) ) ;
#1471 = PLANE ( 'NONE',  #966 ) ;
#1472 = ADVANCED_FACE ( 'NONE', ( #2605 ), #2662, .F. ) ;
#1473 = VECTOR ( 'NONE', #306, 1000.000000000000000 ) ;
#1474 = EDGE_LOOP ( 'NONE', ( #259, #2086, #714, #2442, #2963 ) ) ;
#1475 = ORIENTED_EDGE ( 'NONE', *, *, #196, .F. ) ;
#1476 = CARTESIAN_POINT ( 'NONE',  ( 46.25000000000000000, 11.65429687500000533, 5.600000000000016520 ) ) ;
#1477 = VERTEX_POINT ( 'NONE', #2387 ) ;
#1478 = CARTESIAN_POINT ( 'NONE',  ( 45.84999999999998721, 25.25429687499997655, 0.000000000000000000 ) ) ;
#1479 = CARTESIAN_POINT ( 'NONE',  ( -45.34999999999998721, 25.25429687499997655, 0.000000000000000000 ) ) ;
#1480 = DIRECTION ( 'NONE',  ( 0.000000000000000000, -1.000000000000000000, 0.000000000000000000 ) ) ;
#1481 = DIRECTION ( 'NONE',  ( -0.000000000000000000, 0.000000000000000000, 1.000000000000000000 ) ) ;
#1482 = CARTESIAN_POINT ( 'NONE',  ( 31.50000000000000000, 15.40429687500000533, 0.5000000000000000000 ) ) ;
#1483 = FACE_OUTER_BOUND ( 'NONE', #1942, .T. ) ;
#1484 = ORIENTED_EDGE ( 'NONE', *, *, #1718, .T. ) ;
#1485 = ORIENTED_EDGE ( 'NONE', *, *, #637, .T. ) ;
#1486 = ORIENTED_EDGE ( 'NONE', *, *, #1076, .F. ) ;
#1487 = CARTESIAN_POINT ( 'NONE',  ( -14.59999999999999787, 20.90429687500000355, 0.000000000000000000 ) ) ;
#1488 = ADVANCED_FACE ( 'NONE', ( #964 ), #46, .F. ) ;
#1489 = AXIS2_PLACEMENT_3D ( 'NONE', #1292, #640, #1039 ) ;
#1490 = VERTEX_POINT ( 'NONE', #2369 ) ;
#1491 = CARTESIAN_POINT ( 'NONE',  ( -30.75000000000000000, 23.05429687500000213, 3.999999999999998224 ) ) ;
#1492 = ADVANCED_FACE ( 'NONE', ( #2895 ), #80, .F. ) ;
#1493 = LINE ( 'NONE', #345, #853 ) ;
#1494 = DIRECTION ( 'NONE',  ( 0.000000000000000000, -0.7071067811865465735, 0.7071067811865483499 ) ) ;
#1495 = CARTESIAN_POINT ( 'NONE',  ( 28.25000000000000711, 21.90429687500000000, 0.5000000000000000000 ) ) ;
#1496 = DIRECTION ( 'NONE',  ( 0.000000000000000000, -1.000000000000000000, 0.000000000000000000 ) ) ;
#1497 = ORIENTED_EDGE ( 'NONE', *, *, #880, .T. ) ;
#1498 = ORIENTED_EDGE ( 'NONE', *, *, #2505, .F. ) ;
#1499 = ORIENTED_EDGE ( 'NONE', *, *, #712, .F. ) ;
#1500 = DIRECTION ( 'NONE',  ( 0.000000000000000000, -1.000000000000000000, 0.000000000000000000 ) ) ;
#1501 = ORIENTED_EDGE ( 'NONE', *, *, #2246, .T. ) ;
#1502 = DIRECTION ( 'NONE',  ( 0.000000000000000000, -1.000000000000000000, 0.000000000000000000 ) ) ;
#1503 = LINE ( 'NONE', #2445, #2705 ) ;
#1504 = EDGE_CURVE ( 'NONE', #2070, #2255, #1028, .T. ) ;
#1505 = CIRCLE ( 'NONE', #1902, 0.2500000000000002220 ) ;
#1506 = CARTESIAN_POINT ( 'NONE',  ( 5.450000000000003730, 16.15429687500000355, 0.5000000000000000000 ) ) ;
#1507 = CARTESIAN_POINT ( 'NONE',  ( 14.95000000000000107, 20.15429687500000355, 0.5000000000000000000 ) ) ;
#1508 = AXIS2_PLACEMENT_3D ( 'NONE', #1126, #932, #2763 ) ;
#1509 = CARTESIAN_POINT ( 'NONE',  ( 17.95000000000000284, 16.15429687500000355, 2.000000000000000000 ) ) ;
#1510 = ORIENTED_EDGE ( 'NONE', *, *, #617, .T. ) ;
#1511 = VERTEX_POINT ( 'NONE', #1238 ) ;
#1512 = EDGE_CURVE ( 'NONE', #672, #639, #2124, .T. ) ;
#1513 = ORIENTED_EDGE ( 'NONE', *, *, #2250, .F. ) ;
#1514 = VECTOR ( 'NONE', #2193, 1000.000000000000000 ) ;
#1515 = CARTESIAN_POINT ( 'NONE',  ( 8.450000000000002842, 20.90429687500000711, 0.000000000000000000 ) ) ;
#1516 = VECTOR ( 'NONE', #1875, 1000.000000000000000 ) ;
#1517 = VECTOR ( 'NONE', #437, 1000.000000000000000 ) ;
#1518 = ORIENTED_EDGE ( 'NONE', *, *, #1342, .T. ) ;
#1519 = CARTESIAN_POINT ( 'NONE',  ( 16.25000000000000000, 23.05429687500000213, 3.999999999999998224 ) ) ;
#1520 = EDGE_CURVE ( 'NONE', #2009, #2833, #2935, .T. ) ;
#1521 = CARTESIAN_POINT ( 'NONE',  ( -43.50000000000000000, 0.000000000000000000, 0.3499999999999999223 ) ) ;
#1522 = CARTESIAN_POINT ( 'NONE',  ( 5.450000000000002842, 20.15429687500000711, 0.5000000000000000000 ) ) ;
#1523 = APPROVAL_ROLE ( '' ) ;
#1524 = DIRECTION ( 'NONE',  ( 0.5773502691896190697, -0.5773502691896391648, 0.5773502691896191807 ) ) ;
#1525 = VECTOR ( 'NONE', #373, 1000.000000000000000 ) ;
#1526 = EDGE_CURVE ( 'NONE', #2683, #2297, #1190, .T. ) ;
#1527 = DIRECTION ( 'NONE',  ( 0.000000000000000000, 0.000000000000000000, -1.000000000000000000 ) ) ;
#1528 = EDGE_LOOP ( 'NONE', ( #698, #2886, #1649, #2118, #2504, #581, #1050, #2581 ) ) ;
#1529 = ORIENTED_EDGE ( 'NONE', *, *, #1744, .T. ) ;
#1530 = ORIENTED_EDGE ( 'NONE', *, *, #1941, .T. ) ;
#1531 = CARTESIAN_POINT ( 'NONE',  ( 46.25000000000000000, 25.25429687500000497, 0.4000000000000114575 ) ) ;
#1532 = VERTEX_POINT ( 'NONE', #744 ) ;
#1533 = DIRECTION ( 'NONE',  ( 1.000000000000000000, 5.337610695313253357E-16, 0.000000000000000000 ) ) ;
#1534 = LINE ( 'NONE', #1549, #1525 ) ;
#1535 = AXIS2_PLACEMENT_3D ( 'NONE', #189, #2530, #1574 ) ;
#1536 = DIRECTION ( 'NONE',  ( 0.000000000000000000, -1.000000000000000000, 0.000000000000000000 ) ) ;
#1537 = DIRECTION ( 'NONE',  ( 0.000000000000000000, -0.000000000000000000, 1.000000000000000000 ) ) ;
#1538 = CARTESIAN_POINT ( 'NONE',  ( 5.450000000000003730, 16.15429687500000355, 0.5000000000000000000 ) ) ;
#1539 = DIRECTION ( 'NONE',  ( -0.000000000000000000, -0.000000000000000000, 1.000000000000000000 ) ) ;
#1540 = ADVANCED_FACE ( 'NONE', ( #2402 ), #285, .F. ) ;
#1541 = ADVANCED_FACE ( 'NONE', ( #996 ), #63, .F. ) ;
#1542 = EDGE_CURVE ( 'NONE', #1979, #71, #532, .T. ) ;
#1543 = ORIENTED_EDGE ( 'NONE', *, *, #534, .F. ) ;
#1544 = EDGE_LOOP ( 'NONE', ( #440, #444, #2872, #1890 ) ) ;
#1545 = CARTESIAN_POINT ( 'NONE',  ( 5.450000000000002842, 20.15429687500000711, 0.5000000000000000000 ) ) ;
#1546 = VECTOR ( 'NONE', #969, 1000.000000000000000 ) ;
#1547 = VERTEX_POINT ( 'NONE', #2862 ) ;
#1548 = CARTESIAN_POINT ( 'NONE',  ( 46.25000000000000000, 25.65429687500000355, 0.4000000000000114575 ) ) ;
#1549 = CARTESIAN_POINT ( 'NONE',  ( 5.450000000000002842, 20.15429687500000711, 2.000000000000000000 ) ) ;
#1550 = DIRECTION ( 'NONE',  ( 1.000000000000000000, 0.000000000000000000, 0.000000000000000000 ) ) ;
#1551 = SHAPE_DEFINITION_REPRESENTATION ( #2665, #2180 ) ;
#1552 = LINE ( 'NONE', #363, #2769 ) ;
#1553 = DIRECTION ( 'NONE',  ( -0.000000000000000000, 1.000000000000000000, 0.000000000000000000 ) ) ;
#1554 = AXIS2_PLACEMENT_3D ( 'NONE', #1013, #2845, #2158 ) ;
#1555 = VECTOR ( 'NONE', #1188, 1000.000000000000000 ) ;
#1556 = DIRECTION ( 'NONE',  ( 0.7071067811865352493, 0.000000000000000000, 0.7071067811865597852 ) ) ;
#1557 = EDGE_CURVE ( 'NONE', #148, #796, #2419, .T. ) ;
#1558 = VERTEX_POINT ( 'NONE', #334 ) ;
#1559 = ORIENTED_EDGE ( 'NONE', *, *, #1802, .F. ) ;
#1560 = EDGE_CURVE ( 'NONE', #2714, #2008, #1711, .T. ) ;
#1561 = CARTESIAN_POINT ( 'NONE',  ( 38.00000000000000000, 20.90429687500000711, 0.000000000000000000 ) ) ;
#1562 = VERTEX_POINT ( 'NONE', #1693 ) ;
#1563 = CARTESIAN_POINT ( 'NONE',  ( -17.60000000000000142, 16.15429687500000000, 2.000000000000000000 ) ) ;
#1564 = VECTOR ( 'NONE', #350, 1000.000000000000000 ) ;
#1565 = LINE ( 'NONE', #150, #2068 ) ;
#1566 = EDGE_CURVE ( 'NONE', #2255, #2933, #2633, .T. ) ;
#1567 = AXIS2_PLACEMENT_3D ( 'NONE', #1389, #2097, #20 ) ;
#1568 = CARTESIAN_POINT ( 'NONE',  ( 0.000000000000000000, 22.90429687500000355, 0.3499999999999999223 ) ) ;
#1569 = CARTESIAN_POINT ( 'NONE',  ( -45.35000000000000142, 11.65429687500000533, 6.000000000000000000 ) ) ;
#1570 = CARTESIAN_POINT ( 'NONE',  ( -15.75000000000000000, 12.50429687500000142, 3.499999999999999112 ) ) ;
#1571 = LINE ( 'NONE', #1584, #1862 ) ;
#1572 = ORIENTED_EDGE ( 'NONE', *, *, #734, .T. ) ;
#1573 = ORIENTED_EDGE ( 'NONE', *, *, #1504, .T. ) ;
#1574 = DIRECTION ( 'NONE',  ( -1.734723475976810053E-16, 0.000000000000000000, -1.000000000000000000 ) ) ;
#1575 = ORIENTED_EDGE ( 'NONE', *, *, #1823, .T. ) ;
#1576 = ORIENTED_EDGE ( 'NONE', *, *, #1660, .F. ) ;
#1577 = CARTESIAN_POINT ( 'NONE',  ( 28.25000000000000711, 21.90429687500000000, 0.5000000000000000000 ) ) ;
#1578 = ORIENTED_EDGE ( 'NONE', *, *, #1868, .T. ) ;
#1579 = APPROVAL ( #2663, 'UNSPECIFIED' ) ;
#1580 = LINE ( 'NONE', #193, #1271 ) ;
#1581 = PLANE ( 'NONE',  #1160 ) ;
#1582 = DIRECTION ( 'NONE',  ( 0.000000000000000000, 1.000000000000000000, 0.000000000000000000 ) ) ;
#1583 = CARTESIAN_POINT ( 'NONE',  ( -8.099999999999999645, 15.40429687500000178, 0.000000000000000000 ) ) ;
#1584 = CARTESIAN_POINT ( 'NONE',  ( -37.65000000000000568, 15.40429687500000355, 0.5000000000000000000 ) ) ;
#1585 = VERTEX_POINT ( 'NONE', #2189 ) ;
#1586 = ORIENTED_EDGE ( 'NONE', *, *, #1082, .T. ) ;
#1587 = CARTESIAN_POINT ( 'NONE',  ( -15.75000000000000000, 12.50429687500000142, 3.499999999999999112 ) ) ;
#1588 = VERTEX_POINT ( 'NONE', #167 ) ;
#1589 = ORIENTED_EDGE ( 'NONE', *, *, #1320, .F. ) ;
#1590 = DIRECTION ( 'NONE',  ( -0.7071067811865360264, 0.5000000000000079936, -0.5000000000000083267 ) ) ;
#1591 = VECTOR ( 'NONE', #1539, 1000.000000000000000 ) ;
#1592 = VECTOR ( 'NONE', #1010, 1000.000000000000000 ) ;
#1593 = ORIENTED_EDGE ( 'NONE', *, *, #1616, .T. ) ;
#1594 = CARTESIAN_POINT ( 'NONE',  ( -30.75000000000000000, 23.55429687500000213, 3.499999999999998224 ) ) ;
#1595 = LINE ( 'NONE', #2794, #2680 ) ;
#1596 = ADVANCED_FACE ( 'NONE', ( #644 ), #1975, .F. ) ;
#1597 = LINE ( 'NONE', #2524, #2829 ) ;
#1598 = DIRECTION ( 'NONE',  ( -1.000000000000000000, 0.000000000000000000, -1.156482317317871478E-16 ) ) ;
#1599 = CARTESIAN_POINT ( 'NONE',  ( -45.75000000000000000, 10.65429687500000355, 0.4000000000000114575 ) ) ;
#1600 = VECTOR ( 'NONE', #1254, 1000.000000000000227 ) ;
#1601 = AXIS2_PLACEMENT_3D ( 'NONE', #2776, #432, #1877 ) ;
#1602 = ORIENTED_EDGE ( 'NONE', *, *, #328, .T. ) ;
#1603 = ORIENTED_EDGE ( 'NONE', *, *, #693, .T. ) ;
#1604 = DIRECTION ( 'NONE',  ( 1.000000000000000000, -0.000000000000000000, -1.156482317317871478E-16 ) ) ;
#1605 = ORIENTED_EDGE ( 'NONE', *, *, #2959, .T. ) ;
#1606 = ORIENTED_EDGE ( 'NONE', *, *, #2558, .T. ) ;
#1607 = CARTESIAN_POINT ( 'NONE',  ( -17.60000000000000142, 16.15429687500000000, 0.5000000000000000000 ) ) ;
#1608 = ADVANCED_FACE ( 'NONE', ( #2263 ), #1268, .F. ) ;
#1609 = CARTESIAN_POINT ( 'NONE',  ( -30.75000000000000000, 23.05429687500000213, 3.499999999999998224 ) ) ;
#1610 = DIRECTION ( 'NONE',  ( -1.000000000000000000, 0.000000000000000000, 1.156482317317871478E-16 ) ) ;
#1611 = AXIS2_PLACEMENT_3D ( 'NONE', #2799, #697, #7 ) ;
#1612 = PLANE ( 'NONE',  #2049 ) ;
#1613 = CARTESIAN_POINT ( 'NONE',  ( 45.85000000000000142, 10.65429687500000355, 0.4000000000000114575 ) ) ;
#1614 = LINE ( 'NONE', #1881, #2550 ) ;
#1615 = ADVANCED_FACE ( 'NONE', ( #1986 ), #1785, .F. ) ;
#1616 = EDGE_CURVE ( 'NONE', #579, #1215, #1505, .T. ) ;
#1617 = CARTESIAN_POINT ( 'NONE',  ( -39.90000000000000568, 21.90429687500000000, 0.5000000000000000000 ) ) ;
#1618 = VERTEX_POINT ( 'NONE', #1283 ) ;
#1619 = CARTESIAN_POINT ( 'NONE',  ( 14.95000000000000107, 16.15429687500000355, 2.000000000000000000 ) ) ;
#1620 = VECTOR ( 'NONE', #94, 1000.000000000000000 ) ;
#1621 = VERTEX_POINT ( 'NONE', #603 ) ;
#1622 = ORIENTED_EDGE ( 'NONE', *, *, #443, .F. ) ;
#1623 = PLANE ( 'NONE',  #2303 ) ;
#1624 = ORIENTED_EDGE ( 'NONE', *, *, #1839, .T. ) ;
#1625 = CC_DESIGN_APPROVAL ( #1950, ( #2960 ) ) ;
#1626 = DIRECTION ( 'NONE',  ( 1.000000000000000000, 0.000000000000000000, 0.000000000000000000 ) ) ;
#1627 = DIRECTION ( 'NONE',  ( -0.000000000000000000, 0.000000000000000000, 1.000000000000000000 ) ) ;
#1628 = DIRECTION ( 'NONE',  ( 0.000000000000000000, -0.000000000000000000, 1.000000000000000000 ) ) ;
#1629 = DIRECTION ( 'NONE',  ( -1.000000000000000000, 0.000000000000000000, 0.000000000000000000 ) ) ;
#1630 = FACE_OUTER_BOUND ( 'NONE', #1251, .T. ) ;
#1631 = VECTOR ( 'NONE', #1426, 1000.000000000000000 ) ;
#1632 = EDGE_CURVE ( 'NONE', #766, #2313, #2463, .T. ) ;
#1633 = LINE ( 'NONE', #1617, #1915 ) ;
#1634 = EDGE_LOOP ( 'NONE', ( #1518, #2756, #314, #368 ) ) ;
#1635 = FACE_OUTER_BOUND ( 'NONE', #15, .T. ) ;
#1636 = DIRECTION ( 'NONE',  ( 3.154042683594195121E-16, 1.000000000000000000, 0.000000000000000000 ) ) ;
#1637 = ADVANCED_FACE ( 'NONE', ( #2719 ), #1798, .F. ) ;
#1638 = ORIENTED_EDGE ( 'NONE', *, *, #1705, .F. ) ;
#1639 = ORIENTED_EDGE ( 'NONE', *, *, #1267, .F. ) ;
#1640 = CARTESIAN_POINT ( 'NONE',  ( 31.25000000000000000, 13.25429687500000142, 3.499999999999999112 ) ) ;
#1641 = EDGE_CURVE ( 'NONE', #2514, #2358, #374, .T. ) ;
#1642 = DIRECTION ( 'NONE',  ( -0.000000000000000000, -0.000000000000000000, 1.000000000000000000 ) ) ;
#1643 = VECTOR ( 'NONE', #1339, 1000.000000000000000 ) ;
#1644 = LINE ( 'NONE', #933, #2484 ) ;
#1645 = EDGE_CURVE ( 'NONE', #245, #174, #1298, .T. ) ;
#1646 = CARTESIAN_POINT ( 'NONE',  ( 15.31666666666454901, -19.87903645833439370, 30.93333333333335133 ) ) ;
#1647 = DIRECTION ( 'NONE',  ( 0.5773502691896323924, 0.5773502691896122974, -0.5773502691896323924 ) ) ;
#1648 = LINE ( 'NONE', #1563, #1324 ) ;
#1649 = ORIENTED_EDGE ( 'NONE', *, *, #2330, .F. ) ;
#1650 = DIRECTION ( 'NONE',  ( 0.000000000000000000, -0.000000000000000000, -1.000000000000000000 ) ) ;
#1651 = CARTESIAN_POINT ( 'NONE',  ( -37.65000000000000568, 15.40429687500000355, 0.5000000000000000000 ) ) ;
#1652 = VECTOR ( 'NONE', #1726, 1000.000000000000000 ) ;
#1653 = ORIENTED_EDGE ( 'NONE', *, *, #1320, .T. ) ;
#1654 = VERTEX_POINT ( 'NONE', #2678 ) ;
#1655 = AXIS2_PLACEMENT_3D ( 'NONE', #1491, #258, #1180 ) ;
#1656 = LINE ( 'NONE', #1429, #2713 ) ;
#1657 = VERTEX_POINT ( 'NONE', #1522 ) ;
#1658 = DIRECTION ( 'NONE',  ( -1.000000000000000000, -0.000000000000000000, 1.734723475976806848E-16 ) ) ;
#1659 = PLANE ( 'NONE',  #1210 ) ;
#1660 = EDGE_CURVE ( 'NONE', #1315, #2883, #347, .T. ) ;
#1661 = ORIENTED_EDGE ( 'NONE', *, *, #162, .T. ) ;
#1662 = DIRECTION ( 'NONE',  ( -2.668805347656626678E-16, -1.000000000000000000, 0.000000000000000000 ) ) ;
#1663 = CARTESIAN_POINT ( 'NONE',  ( 0.000000000000000000, 0.000000000000000000, 0.5000000000000000000 ) ) ;
#1664 = PLANE ( 'NONE',  #1128 ) ;
#1665 = VECTOR ( 'NONE', #50, 1000.000000000000000 ) ;
#1666 = VECTOR ( 'NONE', #788, 1000.000000000000000 ) ;
#1667 = FACE_OUTER_BOUND ( 'NONE', #614, .T. ) ;
#1668 = ORIENTED_EDGE ( 'NONE', *, *, #824, .T. ) ;
#1669 = LINE ( 'NONE', #2116, #919 ) ;
#1670 = DIRECTION ( 'NONE',  ( 0.000000000000000000, 0.000000000000000000, 1.000000000000000000 ) ) ;
#1671 = VERTEX_POINT ( 'NONE', #2231 ) ;
#1672 = ORIENTED_EDGE ( 'NONE', *, *, #1227, .F. ) ;
#1673 = DIRECTION ( 'NONE',  ( 0.000000000000000000, 1.000000000000000000, 0.000000000000000000 ) ) ;
#1674 = ORIENTED_EDGE ( 'NONE', *, *, #1295, .T. ) ;
#1675 = CARTESIAN_POINT ( 'NONE',  ( -15.75000000000000000, 12.75429687500000142, 3.749999999999999556 ) ) ;
#1676 = ADVANCED_FACE ( 'NONE', ( #2972, #182 ), #847, .T. ) ;
#1677 = DIRECTION ( 'NONE',  ( 0.000000000000000000, -1.000000000000000000, 0.000000000000000000 ) ) ;
#1678 = EDGE_CURVE ( 'NONE', #1490, #781, #1767, .T. ) ;
#1679 = CARTESIAN_POINT ( 'NONE',  ( -43.25000000000000000, 23.15429687500000355, 0.000000000000000000 ) ) ;
#1680 = DIRECTION ( 'NONE',  ( -1.000000000000000000, -0.000000000000000000, -0.000000000000000000 ) ) ;
#1681 = DIRECTION ( 'NONE',  ( 0.000000000000000000, 0.000000000000000000, -1.000000000000000000 ) ) ;
#1682 = DIRECTION ( 'NONE',  ( 1.000000000000000000, 6.308085367188390241E-16, 0.000000000000000000 ) ) ;
#1683 = ORIENTED_EDGE ( 'NONE', *, *, #1557, .T. ) ;
#1684 = FACE_BOUND ( 'NONE', #120, .T. ) ;
#1685 = VECTOR ( 'NONE', #327, 1000.000000000000000 ) ;
#1686 = ORIENTED_EDGE ( 'NONE', *, *, #2598, .F. ) ;
#1687 = ORIENTED_EDGE ( 'NONE', *, *, #1512, .T. ) ;
#1688 = CARTESIAN_POINT ( 'NONE',  ( -14.59999999999999787, 20.15429687500000000, 0.5000000000000000000 ) ) ;
#1689 = ORIENTED_EDGE ( 'NONE', *, *, #2037, .F. ) ;
#1690 = DIRECTION ( 'NONE',  ( 0.000000000000000000, -1.000000000000000000, 0.000000000000000000 ) ) ;
#1691 = DIRECTION ( 'NONE',  ( -0.000000000000000000, -0.000000000000000000, 1.000000000000000000 ) ) ;
#1692 = ORIENTED_EDGE ( 'NONE', *, *, #568, .F. ) ;
#1693 = CARTESIAN_POINT ( 'NONE',  ( 46.05000000000000426, 10.85429687499999929, 0.2000000000000196065 ) ) ;
#1694 = COORDINATED_UNIVERSAL_TIME_OFFSET ( 5, 0, .BEHIND. ) ;
#1695 = ADVANCED_FACE ( 'NONE', ( #1325 ), #1099, .F. ) ;
#1696 = DIRECTION ( 'NONE',  ( -1.000000000000000000, 0.000000000000000000, -1.156482317317871478E-16 ) ) ;
#1697 = VECTOR ( 'NONE', #391, 1000.000000000000000 ) ;
#1698 = VECTOR ( 'NONE', #2823, 1000.000000000000000 ) ;
#1699 = CARTESIAN_POINT ( 'NONE',  ( 14.95000000000000107, 20.90429687500000711, 0.5000000000000000000 ) ) ;
#1700 = ORIENTED_EDGE ( 'NONE', *, *, #2893, .F. ) ;
#1701 = LINE ( 'NONE', #2359, #342 ) ;
#1702 = ORIENTED_EDGE ( 'NONE', *, *, #971, .T. ) ;
#1703 = VERTEX_POINT ( 'NONE', #2477 ) ;
#1704 = DIRECTION ( 'NONE',  ( -5.337610695313253357E-16, 1.000000000000000000, 0.000000000000000000 ) ) ;
#1705 = EDGE_CURVE ( 'NONE', #1904, #1229, #362, .T. ) ;
#1706 = ORIENTED_EDGE ( 'NONE', *, *, #1197, .F. ) ;
#1707 = VECTOR ( 'NONE', #1008, 1000.000000000000000 ) ;
#1708 = CARTESIAN_POINT ( 'NONE',  ( -45.75000000000000000, 23.80429687500000213, 6.000000000000000000 ) ) ;
#1709 = LINE ( 'NONE', #1265, #320 ) ;
#1710 = EDGE_CURVE ( 'NONE', #1181, #2239, #2691, .T. ) ;
#1711 = LINE ( 'NONE', #2649, #684 ) ;
#1712 = DIRECTION ( 'NONE',  ( -1.000000000000000000, 0.000000000000000000, 0.000000000000000000 ) ) ;
#1713 = APPLICATION_CONTEXT ( 'configuration controlled 3d designs of mechanical parts and assemblies' ) ;
#1714 = LINE ( 'NONE', #777, #2454 ) ;
#1715 = VECTOR ( 'NONE', #185, 1000.000000000000000 ) ;
#1716 = FACE_OUTER_BOUND ( 'NONE', #1938, .T. ) ;
#1717 = ORIENTED_EDGE ( 'NONE', *, *, #1645, .T. ) ;
#1718 = EDGE_CURVE ( 'NONE', #611, #1315, #1310, .T. ) ;
#1719 = CIRCLE ( 'NONE', #750, 0.2499999999999997780 ) ;
#1720 = VERTEX_POINT ( 'NONE', #2306 ) ;
#1721 = ORIENTED_EDGE ( 'NONE', *, *, #2919, .F. ) ;
#1722 = DIRECTION ( 'NONE',  ( 0.000000000000000000, 0.7071067811865465735, -0.7071067811865483499 ) ) ;
#1723 = ORIENTED_EDGE ( 'NONE', *, *, #1415, .F. ) ;
#1724 = PLANE ( 'NONE',  #2885 ) ;
#1725 = CARTESIAN_POINT ( 'NONE',  ( -5.099999999999999645, 20.15429687500000000, 0.5000000000000000000 ) ) ;
#1726 = DIRECTION ( 'NONE',  ( 0.000000000000000000, 0.000000000000000000, 1.000000000000000000 ) ) ;
#1727 = DIRECTION ( 'NONE',  ( -1.000000000000000000, -0.000000000000000000, -0.000000000000000000 ) ) ;
#1728 = DIRECTION ( 'NONE',  ( -0.000000000000000000, 0.000000000000000000, 1.000000000000000000 ) ) ;
#1729 = EDGE_LOOP ( 'NONE', ( #2225, #1759, #294, #1274 ) ) ;
#1730 = ORIENTED_EDGE ( 'NONE', *, *, #1512, .F. ) ;
#1731 = ORIENTED_EDGE ( 'NONE', *, *, #1159, .F. ) ;
#1732 = EDGE_CURVE ( 'NONE', #1621, #143, #2793, .T. ) ;
#1733 = LINE ( 'NONE', #871, #908 ) ;
#1734 = VERTEX_POINT ( 'NONE', #2046 ) ;
#1735 = LINE ( 'NONE', #1321, #1852 ) ;
#1736 = LINE ( 'NONE', #2876, #1992 ) ;
#1737 = EDGE_CURVE ( 'NONE', #1017, #856, #1112, .T. ) ;
#1738 = DIRECTION ( 'NONE',  ( -0.000000000000000000, -0.000000000000000000, 1.000000000000000000 ) ) ;
#1739 = PERSON_AND_ORGANIZATION ( #650, #136 ) ;
#1740 = DIRECTION ( 'NONE',  ( -6.308085367188390241E-16, 1.000000000000000000, -0.000000000000000000 ) ) ;
#1741 = DIRECTION ( 'NONE',  ( -1.000000000000000000, -2.168404344971006896E-16, 0.000000000000000000 ) ) ;
#1742 = ORIENTED_EDGE ( 'NONE', *, *, #629, .F. ) ;
#1743 = VECTOR ( 'NONE', #1524, 1000.000000000000114 ) ;
#1744 = EDGE_CURVE ( 'NONE', #236, #1994, #889, .T. ) ;
#1745 = ORIENTED_EDGE ( 'NONE', *, *, #1504, .F. ) ;
#1746 = ORIENTED_EDGE ( 'NONE', *, *, #530, .T. ) ;
#1747 = CARTESIAN_POINT ( 'NONE',  ( -8.099999999999999645, 20.15429687500000000, 0.5000000000000000000 ) ) ;
#1748 = EDGE_LOOP ( 'NONE', ( #731, #2548, #872, #426 ) ) ;
#1749 = CARTESIAN_POINT ( 'NONE',  ( -8.099999999999999645, 20.15429687500000000, 2.000000000000000000 ) ) ;
#1750 = CARTESIAN_POINT ( 'NONE',  ( -43.25000000000000000, 23.15429687500000000, 0.4964466094067261359 ) ) ;
#1751 = VECTOR ( 'NONE', #2940, 1000.000000000000000 ) ;
#1752 = VECTOR ( 'NONE', #2199, 1000.000000000000000 ) ;
#1753 = DIRECTION ( 'NONE',  ( 0.000000000000000000, -1.000000000000000000, 0.000000000000000000 ) ) ;
#1754 = CALENDAR_DATE ( 2025, 31, 7 ) ;
#1755 = LINE ( 'NONE', #2479, #435 ) ;
#1756 = CARTESIAN_POINT ( 'NONE',  ( -8.099999999999999645, 20.90429687500000711, 0.000000000000000000 ) ) ;
#1757 = ORIENTED_EDGE ( 'NONE', *, *, #127, .T. ) ;
#1758 = ORIENTED_EDGE ( 'NONE', *, *, #267, .T. ) ;
#1759 = ORIENTED_EDGE ( 'NONE', *, *, #2088, .T. ) ;
#1760 = AXIS2_PLACEMENT_3D ( 'NONE', #867, #1805, #2993 ) ;
#1761 = LINE ( 'NONE', #1971, #187 ) ;
#1762 = VECTOR ( 'NONE', #2076, 1000.000000000000000 ) ;
#1763 = VERTEX_POINT ( 'NONE', #1385 ) ;
#1764 = DIRECTION ( 'NONE',  ( -1.000000000000000000, -0.000000000000000000, -0.000000000000000000 ) ) ;
#1765 = DIRECTION ( 'NONE',  ( 1.000000000000000000, 0.000000000000000000, 0.000000000000000000 ) ) ;
#1766 = EDGE_CURVE ( 'NONE', #1181, #2297, #1143, .T. ) ;
#1767 = LINE ( 'NONE', #618, #446 ) ;
#1768 = PERSON_AND_ORGANIZATION ( #650, #136 ) ;
#1769 = LINE ( 'NONE', #876, #1110 ) ;
#1770 = LINE ( 'NONE', #2957, #2383 ) ;
#1771 = EDGE_CURVE ( 'NONE', #2625, #2894, #1338, .T. ) ;
#1772 = EDGE_CURVE ( 'NONE', #573, #238, #2320, .T. ) ;
#1773 = VECTOR ( 'NONE', #2909, 1000.000000000000000 ) ;
#1774 = DIRECTION ( 'NONE',  ( 0.5773502691896190697, -0.5773502691896390537, -0.5773502691896190697 ) ) ;
#1775 = DIRECTION ( 'NONE',  ( -1.000000000000000000, 2.775557561562890858E-16, 0.000000000000000000 ) ) ;
#1776 = LOCAL_TIME ( 9, 53, 21.00000000000000000, #2941 ) ;
#1777 = EDGE_LOOP ( 'NONE', ( #1795, #215, #2684, #1706 ) ) ;
#1778 = EDGE_LOOP ( 'NONE', ( #1573, #2646, #1922, #525, #2075, #1497, #2381, #2759, #1293, #1821 ) ) ;
#1779 = DIRECTION ( 'NONE',  ( 0.000000000000000000, 0.000000000000000000, -1.000000000000000000 ) ) ;
#1780 = ORIENTED_EDGE ( 'NONE', *, *, #2916, .F. ) ;
#1781 = DIRECTION ( 'NONE',  ( 0.000000000000000000, 0.000000000000000000, -1.000000000000000000 ) ) ;
#1782 = DIRECTION ( 'NONE',  ( 1.000000000000000000, 0.000000000000000000, 0.000000000000000000 ) ) ;
#1783 = VECTOR ( 'NONE', #1887, 1000.000000000000000 ) ;
#1784 = EDGE_CURVE ( 'NONE', #202, #1017, #917, .T. ) ;
#1785 = PLANE ( 'NONE',  #2292 ) ;
#1786 = PERSON_AND_ORGANIZATION ( #650, #136 ) ;
#1787 = DIRECTION ( 'NONE',  ( -1.000000000000000000, 0.000000000000000000, -0.000000000000000000 ) ) ;
#1788 = CARTESIAN_POINT ( 'NONE',  ( -45.75000000000000000, 24.87145416252537444, 5.217157287525371778 ) ) ;
#1789 = EDGE_CURVE ( 'NONE', #2785, #1807, #2280, .T. ) ;
#1790 = CARTESIAN_POINT ( 'NONE',  ( -37.65000000000000568, 15.40429687500000355, 0.000000000000000000 ) ) ;
#1791 = ORIENTED_EDGE ( 'NONE', *, *, #1879, .T. ) ;
#1792 = ORIENTED_EDGE ( 'NONE', *, *, #1705, .T. ) ;
#1793 = ADVANCED_FACE ( 'NONE', ( #479 ), #1172, .F. ) ;
#1794 = FACE_OUTER_BOUND ( 'NONE', #2825, .T. ) ;
#1795 = ORIENTED_EDGE ( 'NONE', *, *, #1205, .T. ) ;
#1796 = DIRECTION ( 'NONE',  ( 1.000000000000000000, 0.000000000000000000, 0.000000000000000000 ) ) ;
#1797 = LINE ( 'NONE', #2923, #2460 ) ;
#1798 = CYLINDRICAL_SURFACE ( 'NONE', #2685, 0.2500000000000000000 ) ;
#1799 = CARTESIAN_POINT ( 'NONE',  ( -5.099999999999999645, 20.15429687500000000, 0.5000000000000000000 ) ) ;
#1800 = DIRECTION ( 'NONE',  ( -0.000000000000000000, -0.000000000000000000, 1.000000000000000000 ) ) ;
#1801 = AXIS2_PLACEMENT_3D ( 'NONE', #1086, #2018, #1056 ) ;
#1802 = EDGE_CURVE ( 'NONE', #1202, #821, #673, .T. ) ;
#1803 = CARTESIAN_POINT ( 'NONE',  ( 16.25000000000000000, 12.50429687500000142, 3.500000000000000888 ) ) ;
#1804 = VECTOR ( 'NONE', #372, 1000.000000000000000 ) ;
#1805 = DIRECTION ( 'NONE',  ( 1.156482317317871478E-16, 0.000000000000000000, -1.000000000000000000 ) ) ;
#1806 = EDGE_CURVE ( 'NONE', #1829, #1315, #2508, .T. ) ;
#1807 = VERTEX_POINT ( 'NONE', #903 ) ;
#1808 = ORIENTED_EDGE ( 'NONE', *, *, #415, .F. ) ;
#1809 = CARTESIAN_POINT ( 'NONE',  ( -15.75000000000000000, 13.25429687500000142, 3.499999999999999112 ) ) ;
#1810 = ADVANCED_FACE ( 'NONE', ( #207 ), #16, .F. ) ;
#1811 = VERTEX_POINT ( 'NONE', #2274 ) ;
#1812 = EDGE_LOOP ( 'NONE', ( #1857, #1169, #540, #528, #2682 ) ) ;
#1813 = AXIS2_PLACEMENT_3D ( 'NONE', #2977, #2696, #835 ) ;
#1814 = CARTESIAN_POINT ( 'NONE',  ( 0.000000000000000000, 0.000000000000000000, 0.000000000000000000 ) ) ;
#1815 = VECTOR ( 'NONE', #648, 1000.000000000000000 ) ;
#1816 = CARTESIAN_POINT ( 'NONE',  ( -37.65000000000000568, 20.90429687500000355, 0.5000000000000000000 ) ) ;
#1817 = CARTESIAN_POINT ( 'NONE',  ( -39.90000000000000568, 21.90429687500000000, 0.5000000000000000000 ) ) ;
#1818 = CARTESIAN_POINT ( 'NONE',  ( -8.099999999999999645, 15.40429687500000178, 0.000000000000000000 ) ) ;
#1819 = DIRECTION ( 'NONE',  ( -0.000000000000000000, 1.000000000000000000, -0.000000000000000000 ) ) ;
#1820 = ORIENTED_EDGE ( 'NONE', *, *, #305, .T. ) ;
#1821 = ORIENTED_EDGE ( 'NONE', *, *, #2820, .T. ) ;
#1822 = CARTESIAN_POINT ( 'NONE',  ( -24.73944509981767936, -17.49342939287327070, 6.000000000000000000 ) ) ;
#1823 = EDGE_CURVE ( 'NONE', #992, #2115, #1580, .T. ) ;
#1824 = CC_DESIGN_APPROVAL ( #1579, ( #2418 ) ) ;
#1825 = ORIENTED_EDGE ( 'NONE', *, *, #2250, .T. ) ;
#1826 = ADVANCED_FACE ( 'NONE', ( #1352 ), #705, .F. ) ;
#1827 = EDGE_LOOP ( 'NONE', ( #2659, #560, #2455, #1791 ) ) ;
#1828 = CARTESIAN_POINT ( 'NONE',  ( 31.25000000000000000, 13.25429687500000142, 3.499999999999999112 ) ) ;
#1829 = VERTEX_POINT ( 'NONE', #1594 ) ;
#1830 = DIRECTION ( 'NONE',  ( 2.168404344971008868E-16, 1.000000000000000000, 0.000000000000000000 ) ) ;
#1831 = DIRECTION ( 'NONE',  ( -0.000000000000000000, -0.000000000000000000, 1.000000000000000000 ) ) ;
#1832 = CARTESIAN_POINT ( 'NONE',  ( -43.75000000000000000, 23.15429687500000355, 0.5999999999999999778 ) ) ;
#1833 = DIRECTION ( 'NONE',  ( 2.168404344971006896E-16, -1.000000000000000000, 0.000000000000000000 ) ) ;
#1834 = DIRECTION ( 'NONE',  ( 0.000000000000000000, 0.000000000000000000, 1.000000000000000000 ) ) ;
#1835 = ADVANCED_FACE ( 'NONE', ( #2535 ), #450, .F. ) ;
#1836 = ORIENTED_EDGE ( 'NONE', *, *, #2054, .T. ) ;
#1837 = ORIENTED_EDGE ( 'NONE', *, *, #490, .F. ) ;
#1838 = DIRECTION ( 'NONE',  ( 0.000000000000000000, 0.7071067811865477948, 0.7071067811865473507 ) ) ;
#1839 = EDGE_CURVE ( 'NONE', #1734, #639, #1400, .T. ) ;
#1840 = ORIENTED_EDGE ( 'NONE', *, *, #773, .T. ) ;
#1841 = VERTEX_POINT ( 'NONE', #756 ) ;
#1842 = PLANE ( 'NONE',  #1916 ) ;
#1843 = VECTOR ( 'NONE', #1953, 1000.000000000000000 ) ;
#1844 = VECTOR ( 'NONE', #226, 1000.000000000000000 ) ;
#1845 = ORIENTED_EDGE ( 'NONE', *, *, #1232, .T. ) ;
#1846 = CARTESIAN_POINT ( 'NONE',  ( -43.64644660940672338, 13.25785026559327662, 0.5999999999999998668 ) ) ;
#1847 = LINE ( 'NONE', #2764, #922 ) ;
#1848 = DIRECTION ( 'NONE',  ( 1.000000000000000000, 0.000000000000000000, 0.000000000000000000 ) ) ;
#1849 = DIRECTION ( 'NONE',  ( 0.000000000000000000, 0.000000000000000000, -1.000000000000000000 ) ) ;
#1850 = LINE ( 'NONE', #1390, #1369 ) ;
#1851 = AXIS2_PLACEMENT_3D ( 'NONE', #2080, #920, #1356 ) ;
#1852 = VECTOR ( 'NONE', #2431, 1000.000000000000000 ) ;
#1853 = CARTESIAN_POINT ( 'NONE',  ( 16.25000000000000000, 13.25429687500000142, 3.500000000000000888 ) ) ;
#1854 = VERTEX_POINT ( 'NONE', #1252 ) ;
#1855 = CARTESIAN_POINT ( 'NONE',  ( 45.84999999999998721, 11.05429687500002878, 0.000000000000000000 ) ) ;
#1856 = ORIENTED_EDGE ( 'NONE', *, *, #1024, .T. ) ;
#1857 = ORIENTED_EDGE ( 'NONE', *, *, #1883, .F. ) ;
#1858 = FACE_OUTER_BOUND ( 'NONE', #2729, .T. ) ;
#1859 = ORIENTED_EDGE ( 'NONE', *, *, #2857, .T. ) ;
#1860 = CARTESIAN_POINT ( 'NONE',  ( 40.25000000000000711, 21.90429687500000000, 0.5000000000000000000 ) ) ;
#1861 = DIRECTION ( 'NONE',  ( 1.000000000000000000, 0.000000000000000000, 0.000000000000000000 ) ) ;
#1862 = VECTOR ( 'NONE', #1344, 1000.000000000000000 ) ;
#1863 = EDGE_CURVE ( 'NONE', #148, #927, #2584, .T. ) ;
#1864 = CARTESIAN_POINT ( 'NONE',  ( 46.25000000000000000, 25.65429687500000355, 6.000000000000000000 ) ) ;
#1865 = LINE ( 'NONE', #2323, #1517 ) ;
#1866 = EDGE_CURVE ( 'NONE', #118, #1150, #42, .T. ) ;
#1867 = DIRECTION ( 'NONE',  ( -0.000000000000000000, -0.000000000000000000, 1.000000000000000000 ) ) ;
#1868 = EDGE_CURVE ( 'NONE', #909, #595, #1203, .T. ) ;
#1869 = DIRECTION ( 'NONE',  ( -1.000000000000000000, 0.000000000000000000, -1.156482317317871478E-16 ) ) ;
#1870 = ORIENTED_EDGE ( 'NONE', *, *, #1560, .F. ) ;
#1871 = CARTESIAN_POINT ( 'NONE',  ( -31.15000000000000568, 20.90429687500000355, 0.5000000000000000000 ) ) ;
#1872 = LINE ( 'NONE', #2982, #620 ) ;
#1873 = ORIENTED_EDGE ( 'NONE', *, *, #394, .F. ) ;
#1874 = ORIENTED_EDGE ( 'NONE', *, *, #1377, .T. ) ;
#1875 = DIRECTION ( 'NONE',  ( 0.000000000000000000, 0.000000000000000000, 1.000000000000000000 ) ) ;
#1876 = AXIS2_PLACEMENT_3D ( 'NONE', #558, #1200, #736 ) ;
#1877 = DIRECTION ( 'NONE',  ( 0.000000000000000000, -0.000000000000000000, -1.000000000000000000 ) ) ;
#1878 = DIRECTION ( 'NONE',  ( 1.000000000000000000, 0.000000000000000000, -0.000000000000000000 ) ) ;
#1879 = EDGE_CURVE ( 'NONE', #2345, #2252, #1447, .T. ) ;
#1880 = LINE ( 'NONE', #1646, #2744 ) ;
#1881 = CARTESIAN_POINT ( 'NONE',  ( 38.00000000000000000, 20.90429687500000711, 0.000000000000000000 ) ) ;
#1882 = VECTOR ( 'NONE', #2949, 1000.000000000000000 ) ;
#1883 = EDGE_CURVE ( 'NONE', #2612, #1896, #1893, .T. ) ;
#1884 = CARTESIAN_POINT ( 'NONE',  ( 45.85000000000001563, 25.65429687500000355, 6.000000000000000000 ) ) ;
#1885 = EDGE_LOOP ( 'NONE', ( #371, #2194, #1586, #2349 ) ) ;
#1886 = DIRECTION ( 'NONE',  ( -0.000000000000000000, -1.000000000000000000, -0.000000000000000000 ) ) ;
#1887 = DIRECTION ( 'NONE',  ( 1.000000000000000000, -2.668805347656626678E-16, 0.000000000000000000 ) ) ;
#1888 = ORIENTED_EDGE ( 'NONE', *, *, #1012, .F. ) ;
#1889 = EDGE_CURVE ( 'NONE', #1280, #765, #1960, .T. ) ;
#1890 = ORIENTED_EDGE ( 'NONE', *, *, #2832, .T. ) ;
#1891 = FACE_OUTER_BOUND ( 'NONE', #2516, .T. ) ;
#1892 = VERTEX_POINT ( 'NONE', #512 ) ;
#1893 = LINE ( 'NONE', #2382, #2247 ) ;
#1894 = AXIS2_PLACEMENT_3D ( 'NONE', #985, #732, #1650 ) ;
#1895 = CARTESIAN_POINT ( 'NONE',  ( 40.25000000000000711, 21.90429687500000000, 2.000000000000000000 ) ) ;
#1896 = VERTEX_POINT ( 'NONE', #2841 ) ;
#1897 = DIRECTION ( 'NONE',  ( 0.000000000000000000, -0.000000000000000000, -1.000000000000000000 ) ) ;
#1898 = CARTESIAN_POINT ( 'NONE',  ( -45.61666666666667425, 25.38763020833334139, 0.2666666666666850927 ) ) ;
#1899 = DIRECTION ( 'NONE',  ( -0.000000000000000000, -0.000000000000000000, 1.000000000000000000 ) ) ;
#1900 = ORIENTED_EDGE ( 'NONE', *, *, #1868, .F. ) ;
#1901 = FACE_OUTER_BOUND ( 'NONE', #1812, .T. ) ;
#1902 = AXIS2_PLACEMENT_3D ( 'NONE', #2735, #2925, #862 ) ;
#1903 = EDGE_CURVE ( 'NONE', #159, #1657, #1234, .T. ) ;
#1904 = VERTEX_POINT ( 'NONE', #1478 ) ;
#1905 = VERTEX_POINT ( 'NONE', #1708 ) ;
#1906 = AXIS2_PLACEMENT_3D ( 'NONE', #2660, #135, #2216 ) ;
#1907 = CARTESIAN_POINT ( 'NONE',  ( -14.59999999999999787, 16.15429687500000000, 2.000000000000000000 ) ) ;
#1908 = EDGE_CURVE ( 'NONE', #2281, #413, #2365, .T. ) ;
#1909 = ORIENTED_EDGE ( 'NONE', *, *, #40, .F. ) ;
#1910 = DIRECTION ( 'NONE',  ( 0.000000000000000000, 1.000000000000000000, 0.000000000000000000 ) ) ;
#1911 = DIRECTION ( 'NONE',  ( 0.000000000000000000, 0.000000000000000000, -1.000000000000000000 ) ) ;
#1912 = DIRECTION ( 'NONE',  ( 0.000000000000000000, -0.000000000000000000, -1.000000000000000000 ) ) ;
#1913 = PLANE ( 'NONE',  #1040 ) ;
#1914 = FACE_BOUND ( 'NONE', #2286, .T. ) ;
#1915 = VECTOR ( 'NONE', #2325, 1000.000000000000000 ) ;
#1916 = AXIS2_PLACEMENT_3D ( 'NONE', #1607, #2774, #2089 ) ;
#1917 = VECTOR ( 'NONE', #2541, 1000.000000000000000 ) ;
#1918 = DIRECTION ( 'NONE',  ( -0.000000000000000000, 1.000000000000000000, -0.000000000000000000 ) ) ;
#1919 = ORIENTED_EDGE ( 'NONE', *, *, #1377, .F. ) ;
#1920 = DIRECTION ( 'NONE',  ( 0.000000000000000000, 1.000000000000000000, 0.000000000000000000 ) ) ;
#1921 = EDGE_CURVE ( 'NONE', #2852, #1854, #304, .T. ) ;
#1922 = ORIENTED_EDGE ( 'NONE', *, *, #40, .T. ) ;
#1923 = ORIENTED_EDGE ( 'NONE', *, *, #104, .T. ) ;
#1924 = LINE ( 'NONE', #2854, #527 ) ;
#1925 = VECTOR ( 'NONE', #2366, 1000.000000000000000 ) ;
#1926 = EDGE_CURVE ( 'NONE', #909, #1477, #993, .T. ) ;
#1927 = ORIENTED_EDGE ( 'NONE', *, *, #2916, .T. ) ;
#1928 = LINE ( 'NONE', #2856, #789 ) ;
#1929 = DIRECTION ( 'NONE',  ( -1.000000000000000000, 0.000000000000000000, 0.000000000000000000 ) ) ;
#1930 = LOCAL_TIME ( 9, 53, 21.00000000000000000, #1087 ) ;
#1931 = CARTESIAN_POINT ( 'NONE',  ( -8.099999999999999645, 20.90429687500000711, 0.000000000000000000 ) ) ;
#1932 = PLANE ( 'NONE',  #2353 ) ;
#1933 = LINE ( 'NONE', #1976, #1666 ) ;
#1934 = DIRECTION ( 'NONE',  ( 0.000000000000000000, -1.000000000000000000, 0.000000000000000000 ) ) ;
#1935 = ORIENTED_EDGE ( 'NONE', *, *, #322, .T. ) ;
#1936 = LINE ( 'NONE', #2641, #292 ) ;
#1937 = VECTOR ( 'NONE', #1106, 1000.000000000000000 ) ;
#1938 = EDGE_LOOP ( 'NONE', ( #2213, #2726, #2697, #2071, #2772 ) ) ;
#1939 = ORIENTED_EDGE ( 'NONE', *, *, #1806, .F. ) ;
#1940 = DIRECTION ( 'NONE',  ( -1.000000000000000000, 0.000000000000000000, -1.445602896647339410E-16 ) ) ;
#1941 = EDGE_CURVE ( 'NONE', #238, #92, #330, .T. ) ;
#1942 = EDGE_LOOP ( 'NONE', ( #1136, #1970, #323, #1820 ) ) ;
#1943 = LINE ( 'NONE', #2873, #1170 ) ;
#1944 = FACE_OUTER_BOUND ( 'NONE', #2746, .T. ) ;
#1945 = EDGE_CURVE ( 'NONE', #796, #2008, #2601, .T. ) ;
#1946 = ORIENTED_EDGE ( 'NONE', *, *, #2450, .F. ) ;
#1947 = CARTESIAN_POINT ( 'NONE',  ( 8.450000000000002842, 16.15429687500000355, 0.000000000000000000 ) ) ;
#1948 = FACE_OUTER_BOUND ( 'NONE', #2396, .T. ) ;
#1949 = PLANE ( 'NONE',  #126 ) ;
#1950 = APPROVAL ( #588, 'UNSPECIFIED' ) ;
#1951 = CARTESIAN_POINT ( 'NONE',  ( -31.15000000000000568, 20.90429687500000355, 0.000000000000000000 ) ) ;
#1952 = ORIENTED_EDGE ( 'NONE', *, *, #1908, .F. ) ;
#1953 = DIRECTION ( 'NONE',  ( -1.000000000000000000, -0.000000000000000000, -0.000000000000000000 ) ) ;
#1954 = ORIENTED_EDGE ( 'NONE', *, *, #3012, .F. ) ;
#1955 = ORIENTED_EDGE ( 'NONE', *, *, #3012, .T. ) ;
#1956 = VECTOR ( 'NONE', #2878, 1000.000000000000000 ) ;
#1957 = LINE ( 'NONE', #1476, #1752 ) ;
#1958 = EDGE_LOOP ( 'NONE', ( #386, #281, #2560, #2468 ) ) ;
#1959 = VECTOR ( 'NONE', #1502, 1000.000000000000000 ) ;
#1960 = LINE ( 'NONE', #961, #116 ) ;
#1961 = CARTESIAN_POINT ( 'NONE',  ( -45.75000000000000000, 12.50429687500000142, 2.000000000000000000 ) ) ;
#1962 = FACE_BOUND ( 'NONE', #1003, .T. ) ;
#1963 = EDGE_CURVE ( 'NONE', #1558, #2489, #1928, .T. ) ;
#1964 = EDGE_CURVE ( 'NONE', #1001, #175, #2185, .T. ) ;
#1965 = AXIS2_PLACEMENT_3D ( 'NONE', #1853, #520, #873 ) ;
#1966 = LINE ( 'NONE', #1699, #1514 ) ;
#1967 = EDGE_LOOP ( 'NONE', ( #2499, #968, #1004, #2368 ) ) ;
#1968 = CIRCLE ( 'NONE', #799, 0.2499999999999997780 ) ;
#1969 = VERTEX_POINT ( 'NONE', #60 ) ;
#1970 = ORIENTED_EDGE ( 'NONE', *, *, #2901, .T. ) ;
#1971 = CARTESIAN_POINT ( 'NONE',  ( 15.58333333333405335, 41.32096354166701957, -30.26666666666594452 ) ) ;
#1972 = ORIENTED_EDGE ( 'NONE', *, *, #30, .F. ) ;
#1973 = PLANE ( 'NONE',  #1906 ) ;
#1974 = CARTESIAN_POINT ( 'NONE',  ( 31.50000000000000000, 20.90429687500000711, 0.5000000000000000000 ) ) ;
#1975 = PLANE ( 'NONE',  #1026 ) ;
#1976 = CARTESIAN_POINT ( 'NONE',  ( 40.25000000000000711, 21.90429687500000000, 0.5000000000000000000 ) ) ;
#1977 = LINE ( 'NONE', #114, #1564 ) ;
#1978 = VERTEX_POINT ( 'NONE', #1432 ) ;
#1979 = VERTEX_POINT ( 'NONE', #315 ) ;
#1980 = VERTEX_POINT ( 'NONE', #2617 ) ;
#1981 = PLANE ( 'NONE',  #1249 ) ;
#1982 = EDGE_CURVE ( 'NONE', #379, #1165, #2631, .T. ) ;
#1983 = ORIENTED_EDGE ( 'NONE', *, *, #543, .T. ) ;
#1984 = DIRECTION ( 'NONE',  ( 1.000000000000000000, 0.000000000000000000, 0.000000000000000000 ) ) ;
#1985 = CARTESIAN_POINT ( 'NONE',  ( 31.25000000000000000, 23.80429687500000213, 3.500000000000000444 ) ) ;
#1986 = FACE_OUTER_BOUND ( 'NONE', #325, .T. ) ;
#1987 = CALENDAR_DATE ( 2025, 31, 7 ) ;
#1988 = DIRECTION ( 'NONE',  ( 0.000000000000000000, 0.000000000000000000, -1.000000000000000000 ) ) ;
#1989 = LINE ( 'NONE', #2481, #2651 ) ;
#1990 = ORIENTED_EDGE ( 'NONE', *, *, #1153, .T. ) ;
#1991 = VECTOR ( 'NONE', #1920, 1000.000000000000000 ) ;
#1992 = VECTOR ( 'NONE', #1204, 1000.000000000000000 ) ;
#1993 = ORIENTED_EDGE ( 'NONE', *, *, #720, .F. ) ;
#1994 = VERTEX_POINT ( 'NONE', #2890 ) ;
#1995 = LINE ( 'NONE', #1515, #2519 ) ;
#1996 = EDGE_CURVE ( 'NONE', #927, #245, #1943, .T. ) ;
#1997 = ORIENTED_EDGE ( 'NONE', *, *, #951, .F. ) ;
#1998 = EDGE_CURVE ( 'NONE', #1349, #841, #2647, .T. ) ;
#1999 = DIRECTION ( 'NONE',  ( -1.445602896647339410E-16, 0.000000000000000000, 1.000000000000000000 ) ) ;
#2000 = EDGE_CURVE ( 'NONE', #1979, #1349, #269, .T. ) ;
#2001 = CARTESIAN_POINT ( 'NONE',  ( -44.00000000000000000, 23.15429687500000355, 0.2500000000000000000 ) ) ;
#2002 = VECTOR ( 'NONE', #1753, 1000.000000000000000 ) ;
#2003 = VECTOR ( 'NONE', #2229, 1000.000000000000000 ) ;
#2004 = CARTESIAN_POINT ( 'NONE',  ( -14.59999999999999964, 15.40429687500000178, 0.000000000000000000 ) ) ;
#2005 = PLANE ( 'NONE',  #2874 ) ;
#2006 = CARTESIAN_POINT ( 'NONE',  ( -31.15000000000000568, 20.90429687500000355, 0.5000000000000000000 ) ) ;
#2007 = CARTESIAN_POINT ( 'NONE',  ( -30.75000000000000000, 12.75429687500000142, 4.000000000000001776 ) ) ;
#2008 = VERTEX_POINT ( 'NONE', #1749 ) ;
#2009 = VERTEX_POINT ( 'NONE', #814 ) ;
#2010 = ORIENTED_EDGE ( 'NONE', *, *, #1879, .F. ) ;
#2011 = VECTOR ( 'NONE', #981, 1000.000000000000000 ) ;
#2012 = LINE ( 'NONE', #176, #474 ) ;
#2013 = ADVANCED_FACE ( 'NONE', ( #358 ), #1724, .F. ) ;
#2014 = ORIENTED_EDGE ( 'NONE', *, *, #233, .T. ) ;
#2015 = DIRECTION ( 'NONE',  ( 1.000000000000000000, 0.000000000000000000, 1.445602896647339410E-16 ) ) ;
#2016 = CARTESIAN_POINT ( 'NONE',  ( -0.000000000000000000, 25.25429687499997655, 0.000000000000000000 ) ) ;
#2017 = ADVANCED_FACE ( 'NONE', ( #2688 ), #1973, .F. ) ;
#2018 = DIRECTION ( 'NONE',  ( 2.775557561562890858E-16, 1.000000000000000000, 0.000000000000000000 ) ) ;
#2019 = COORDINATED_UNIVERSAL_TIME_OFFSET ( 5, 0, .BEHIND. ) ;
#2020 = CARTESIAN_POINT ( 'NONE',  ( 46.25000000000000000, 23.80429687500000213, 6.000011999999999901 ) ) ;
#2021 = LINE ( 'NONE', #605, #1743 ) ;
#2022 = ADVANCED_FACE ( 'NONE', ( #2030 ), #2922, .F. ) ;
#2023 = PLANE ( 'NONE',  #846 ) ;
#2024 = CARTESIAN_POINT ( 'NONE',  ( 46.25000000000000000, 23.80429687500000213, 5.600000000000002309 ) ) ;
#2025 = APPROVAL_PERSON_ORGANIZATION ( #832, #1579, #110 ) ;
#2026 = ORIENTED_EDGE ( 'NONE', *, *, #170, .T. ) ;
#2027 = ORIENTED_EDGE ( 'NONE', *, *, #1542, .T. ) ;
#2028 = CARTESIAN_POINT ( 'NONE',  ( -37.65000000000000568, 20.90429687500000355, 0.000000000000000000 ) ) ;
#2029 = ORIENTED_EDGE ( 'NONE', *, *, #127, .F. ) ;
#2030 = FACE_OUTER_BOUND ( 'NONE', #188, .T. ) ;
#2031 = EDGE_CURVE ( 'NONE', #278, #236, #2444, .T. ) ;
#2032 = FACE_BOUND ( 'NONE', #2670, .T. ) ;
#2033 = VECTOR ( 'NONE', #1604, 1000.000000000000000 ) ;
#2034 = CARTESIAN_POINT ( 'NONE',  ( 45.84999999999998721, 0.000000000000000000, 0.000000000000000000 ) ) ;
#2035 = DIRECTION ( 'NONE',  ( -0.000000000000000000, -0.000000000000000000, 1.000000000000000000 ) ) ;
#2036 = LINE ( 'NONE', #2465, #2139 ) ;
#2037 = EDGE_CURVE ( 'NONE', #579, #34, #585, .T. ) ;
#2038 = DIRECTION ( 'NONE',  ( -0.000000000000000000, 1.000000000000000000, -0.000000000000000000 ) ) ;
#2039 = ORIENTED_EDGE ( 'NONE', *, *, #11, .F. ) ;
#2040 = VECTOR ( 'NONE', #1441, 1000.000000000000000 ) ;
#2041 = VERTEX_POINT ( 'NONE', #387 ) ;
#2042 = DIRECTION ( 'NONE',  ( -0.000000000000000000, 0.000000000000000000, 1.000000000000000000 ) ) ;
#2043 = ORIENTED_EDGE ( 'NONE', *, *, #1153, .F. ) ;
#2044 = CYLINDRICAL_SURFACE ( 'NONE', #986, 0.2500000000000000000 ) ;
#2045 = DIRECTION ( 'NONE',  ( 0.000000000000000000, 0.7071067811865473507, -0.7071067811865477948 ) ) ;
#2046 = CARTESIAN_POINT ( 'NONE',  ( 8.450000000000002842, 15.40429687500000355, 2.000000000000000000 ) ) ;
#2047 = DIRECTION ( 'NONE',  ( -0.5773502691896190697, -0.5773502691896391648, -0.5773502691896191807 ) ) ;
#2048 = FACE_OUTER_BOUND ( 'NONE', #1729, .T. ) ;
#2049 = AXIS2_PLACEMENT_3D ( 'NONE', #1402, #2570, #1628 ) ;
#2050 = CARTESIAN_POINT ( 'NONE',  ( -39.90000000000000568, 21.90429687500000000, 0.5000000000000000000 ) ) ;
#2051 = DIRECTION ( 'NONE',  ( 1.000000000000000000, 0.000000000000000000, 0.000000000000000000 ) ) ;
#2052 = VECTOR ( 'NONE', #859, 1000.000000000000000 ) ;
#2053 = CARTESIAN_POINT ( 'NONE',  ( 16.25000000000000000, 23.80429687500000213, 3.499999999999998224 ) ) ;
#2054 = EDGE_CURVE ( 'NONE', #2514, #898, #1735, .T. ) ;
#2055 = ORIENTED_EDGE ( 'NONE', *, *, #1230, .F. ) ;
#2056 = ORIENTED_EDGE ( 'NONE', *, *, #2749, .F. ) ;
#2057 = CARTESIAN_POINT ( 'NONE',  ( 14.95000000000000107, 20.90429687500000711, 2.000000000000000000 ) ) ;
#2058 = ORIENTED_EDGE ( 'NONE', *, *, #1718, .F. ) ;
#2059 = ORIENTED_EDGE ( 'NONE', *, *, #1520, .T. ) ;
#2060 = VECTOR ( 'NONE', #2607, 1000.000000000000000 ) ;
#2061 = DIRECTION ( 'NONE',  ( 0.000000000000000000, -1.000000000000000000, 0.000000000000000000 ) ) ;
#2062 = AXIS2_PLACEMENT_3D ( 'NONE', #564, #998, #2865 ) ;
#2063 = EDGE_CURVE ( 'NONE', #245, #2855, #1294, .T. ) ;
#2064 = LINE ( 'NONE', #674, #827 ) ;
#2065 = FACE_OUTER_BOUND ( 'NONE', #1634, .T. ) ;
#2066 = LINE ( 'NONE', #2294, #1917 ) ;
#2067 = PLANE ( 'NONE',  #407 ) ;
#2068 = VECTOR ( 'NONE', #2507, 1000.000000000000000 ) ;
#2069 = EDGE_CURVE ( 'NONE', #1334, #557, #2674, .T. ) ;
#2070 = VERTEX_POINT ( 'NONE', #149 ) ;
#2071 = ORIENTED_EDGE ( 'NONE', *, *, #543, .F. ) ;
#2072 = CARTESIAN_POINT ( 'NONE',  ( 28.25000000000000711, 14.40429687500000178, 0.5000000000000000000 ) ) ;
#2073 = ADVANCED_FACE ( 'NONE', ( #1264 ), #121, .F. ) ;
#2074 = ORIENTED_EDGE ( 'NONE', *, *, #2260, .T. ) ;
#2075 = ORIENTED_EDGE ( 'NONE', *, *, #513, .F. ) ;
#2076 = DIRECTION ( 'NONE',  ( 1.000000000000000000, -0.000000000000000000, -0.000000000000000000 ) ) ;
#2077 = CARTESIAN_POINT ( 'NONE',  ( 16.25000000000000000, 13.25429687500000142, 3.500000000000000888 ) ) ;
#2078 = VECTOR ( 'NONE', #653, 1000.000000000000000 ) ;
#2079 = DIRECTION ( 'NONE',  ( 1.000000000000000000, 0.000000000000000000, 0.000000000000000000 ) ) ;
#2080 = CARTESIAN_POINT ( 'NONE',  ( -17.60000000000000142, 20.15429687500000000, 0.5000000000000000000 ) ) ;
#2081 = CARTESIAN_POINT ( 'NONE',  ( -14.59999999999999787, 20.90429687500000355, 2.000000000000000000 ) ) ;
#2082 = CARTESIAN_POINT ( 'NONE',  ( -45.75000000000000000, 11.05429687500000036, 6.000000000000000000 ) ) ;
#2083 = EDGE_LOOP ( 'NONE', ( #1198, #900, #2703, #826 ) ) ;
#2084 = ORIENTED_EDGE ( 'NONE', *, *, #2619, .F. ) ;
#2085 = FACE_OUTER_BOUND ( 'NONE', #1304, .T. ) ;
#2086 = ORIENTED_EDGE ( 'NONE', *, *, #346, .T. ) ;
#2087 = ORIENTED_EDGE ( 'NONE', *, *, #2203, .F. ) ;
#2088 = EDGE_CURVE ( 'NONE', #2458, #1763, #2734, .T. ) ;
#2089 = DIRECTION ( 'NONE',  ( 0.000000000000000000, -0.000000000000000000, -1.000000000000000000 ) ) ;
#2090 = EDGE_CURVE ( 'NONE', #2364, #796, #2704, .T. ) ;
#2091 = AXIS2_PLACEMENT_3D ( 'NONE', #2109, #1878, #1158 ) ;
#2092 = ORIENTED_EDGE ( 'NONE', *, *, #1376, .T. ) ;
#2093 = ADVANCED_FACE ( 'NONE', ( #1308 ), #179, .F. ) ;
#2094 = DIRECTION ( 'NONE',  ( -0.000000000000000000, 1.000000000000000000, -0.000000000000000000 ) ) ;
#2095 = FACE_OUTER_BOUND ( 'NONE', #1061, .T. ) ;
#2096 = PLANE ( 'NONE',  #1460 ) ;
#2097 = DIRECTION ( 'NONE',  ( -1.000000000000000000, -0.000000000000000000, -0.000000000000000000 ) ) ;
#2098 = CARTESIAN_POINT ( 'NONE',  ( 46.25000000000000000, 11.05429687499998792, 0.4000000000000114575 ) ) ;
#2099 = VECTOR ( 'NONE', #946, 1000.000000000000000 ) ;
#2100 = PLANE ( 'NONE',  #1226 ) ;
#2101 = ORIENTED_EDGE ( 'NONE', *, *, #2330, .T. ) ;
#2102 = DIRECTION ( 'NONE',  ( -0.000000000000000000, -0.000000000000000000, 1.000000000000000000 ) ) ;
#2103 = ORIENTED_EDGE ( 'NONE', *, *, #1964, .F. ) ;
#2104 = EDGE_LOOP ( 'NONE', ( #584, #1757, #1559, #1105 ) ) ;
#2105 = CARTESIAN_POINT ( 'NONE',  ( -17.60000000000000142, 16.15429687500000000, 2.000000000000000000 ) ) ;
#2106 = EDGE_CURVE ( 'NONE', #1811, #340, #165, .T. ) ;
#2107 = VECTOR ( 'NONE', #48, 1000.000000000000000 ) ;
#2108 = DIRECTION ( 'NONE',  ( -0.000000000000000000, -1.000000000000000000, -0.000000000000000000 ) ) ;
#2109 = CARTESIAN_POINT ( 'NONE',  ( -43.25000000000000000, 23.15429687500000355, 0.5999999999999999778 ) ) ;
#2110 = ADVANCED_FACE ( 'NONE', ( #2717 ), #628, .F. ) ;
#2111 = VECTOR ( 'NONE', #1696, 1000.000000000000000 ) ;
#2112 = CARTESIAN_POINT ( 'NONE',  ( 5.593941108938961705E-15, 20.15429687500000711, 2.000000000000000000 ) ) ;
#2113 = DIRECTION ( 'NONE',  ( 0.000000000000000000, 0.000000000000000000, 1.000000000000000000 ) ) ;
#2114 = CARTESIAN_POINT ( 'NONE',  ( 28.25000000000000711, 21.90429687500000000, 2.000000000000000000 ) ) ;
#2115 = VERTEX_POINT ( 'NONE', #2259 ) ;
#2116 = CARTESIAN_POINT ( 'NONE',  ( 0.04999400000159359703, 23.80429687500000213, 51.80000600000000333 ) ) ;
#2117 = DIRECTION ( 'NONE',  ( -0.5773502691896190697, 0.5773502691896391648, 0.5773502691896191807 ) ) ;
#2118 = ORIENTED_EDGE ( 'NONE', *, *, #233, .F. ) ;
#2119 = ORIENTED_EDGE ( 'NONE', *, *, #580, .T. ) ;
#2120 = CARTESIAN_POINT ( 'NONE',  ( 5.450000000000003730, 16.15429687500000355, 2.000000000000000000 ) ) ;
#2121 = ORIENTED_EDGE ( 'NONE', *, *, #2579, .T. ) ;
#2122 = CARTESIAN_POINT ( 'NONE',  ( 45.85000000000000142, 10.65429687500000355, 5.000000000000000000 ) ) ;
#2123 = CARTESIAN_POINT ( 'NONE',  ( 28.25000000000000711, 21.90429687500000000, 2.000000000000000000 ) ) ;
#2124 = LINE ( 'NONE', #1947, #1652 ) ;
#2125 = CARTESIAN_POINT ( 'NONE',  ( -15.75000000000000000, 13.25429687500000142, 3.499999999999999112 ) ) ;
#2126 = FACE_OUTER_BOUND ( 'NONE', #1078, .T. ) ;
#2127 = ADVANCED_FACE ( 'NONE', ( #1096 ), #801, .F. ) ;
#2128 = AXIS2_PLACEMENT_3D ( 'NONE', #1306, #1317, #2257 ) ;
#2129 = APPROVAL ( #1221, 'UNSPECIFIED' ) ;
#2130 = LINE ( 'NONE', #484, #1665 ) ;
#2131 = EDGE_LOOP ( 'NONE', ( #2580, #1455, #2430, #1364 ) ) ;
#2132 = CARTESIAN_POINT ( 'NONE',  ( -45.75000000000000000, 11.65429687500000533, 6.000000000000000000 ) ) ;
#2133 = CARTESIAN_POINT ( 'NONE',  ( 28.25000000000000711, 14.40429687500000178, 0.5000000000000000000 ) ) ;
#2134 = ORIENTED_EDGE ( 'NONE', *, *, #2210, .F. ) ;
#2135 = ORIENTED_EDGE ( 'NONE', *, *, #162, .F. ) ;
#2136 = DIRECTION ( 'NONE',  ( -1.000000000000000000, 0.000000000000000000, 1.734723475976806848E-16 ) ) ;
#2137 = ORIENTED_EDGE ( 'NONE', *, *, #1236, .T. ) ;
#2138 = DIRECTION ( 'NONE',  ( 0.6785983445458594332, 0.6785983445458357854, -0.2810846377148176201 ) ) ;
#2139 = VECTOR ( 'NONE', #864, 1000.000000000000114 ) ;
#2140 = LINE ( 'NONE', #786, #1773 ) ;
#2141 = VECTOR ( 'NONE', #1072, 1000.000000000000114 ) ;
#2142 = DIRECTION ( 'NONE',  ( 0.000000000000000000, -0.000000000000000000, -1.000000000000000000 ) ) ;
#2143 = LINE ( 'NONE', #2623, #313 ) ;
#2144 = CARTESIAN_POINT ( 'NONE',  ( -27.90000000000000568, 21.90429687500000000, 0.5000000000000000000 ) ) ;
#2145 = ORIENTED_EDGE ( 'NONE', *, *, #1903, .F. ) ;
#2146 = CARTESIAN_POINT ( 'NONE',  ( 40.25000000000000711, 14.40429687500000178, 0.5000000000000000000 ) ) ;
#2147 = EDGE_CURVE ( 'NONE', #2937, #537, #742, .T. ) ;
#2148 = UNCERTAINTY_MEASURE_WITH_UNIT (LENGTH_MEASURE( 1.000000000000000082E-05 ), #533, 'distance_accuracy_value', 'NONE');
#2149 = AXIS2_PLACEMENT_3D ( 'NONE', #96, #1435, #2174 ) ;
#2150 = AXIS2_PLACEMENT_3D ( 'NONE', #1262, #526, #2629 ) ;
#2151 = VERTEX_POINT ( 'NONE', #414 ) ;
#2152 = VERTEX_POINT ( 'NONE', #2811 ) ;
#2153 = DIRECTION ( 'NONE',  ( 0.000000000000000000, 1.000000000000000000, 0.000000000000000000 ) ) ;
#2154 = ORIENTED_EDGE ( 'NONE', *, *, #309, .F. ) ;
#2155 = CARTESIAN_POINT ( 'NONE',  ( 46.02765300074574384, 10.83194987574573886, 4.926413717694838823 ) ) ;
#2156 = CARTESIAN_POINT ( 'NONE',  ( -45.35000000000000142, 25.65429687500000355, 0.4000000000000114575 ) ) ;
#2157 = ADVANCED_FACE ( 'NONE', ( #1667 ), #2044, .T. ) ;
#2158 = DIRECTION ( 'NONE',  ( 0.000000000000000000, -0.000000000000000000, 1.000000000000000000 ) ) ;
#2159 = LINE ( 'NONE', #518, #79 ) ;
#2160 = DIRECTION ( 'NONE',  ( 0.000000000000000000, 0.000000000000000000, -1.000000000000000000 ) ) ;
#2161 = AXIS2_PLACEMENT_3D ( 'NONE', #1047, #2914, #2930 ) ;
#2162 = CARTESIAN_POINT ( 'NONE',  ( 31.25000000000000000, 23.05429687500000213, 4.000000000000000000 ) ) ;
#2163 = ORIENTED_EDGE ( 'NONE', *, *, #2260, .F. ) ;
#2164 = LINE ( 'NONE', #2146, #2816 ) ;
#2165 = ORIENTED_EDGE ( 'NONE', *, *, #177, .T. ) ;
#2166 = VERTEX_POINT ( 'NONE', #2114 ) ;
#2167 = DIRECTION ( 'NONE',  ( -1.000000000000000000, -5.337610695313253357E-16, 0.000000000000000000 ) ) ;
#2168 = VECTOR ( 'NONE', #1235, 1000.000000000000000 ) ;
#2169 = EDGE_CURVE ( 'NONE', #13, #1585, #1633, .T. ) ;
#2170 = ORIENTED_EDGE ( 'NONE', *, *, #141, .T. ) ;
#2171 = DIRECTION ( 'NONE',  ( -0.000000000000000000, -0.000000000000000000, 1.000000000000000000 ) ) ;
#2172 = DIRECTION ( 'NONE',  ( 0.000000000000000000, -0.7071067811865352493, 0.7071067811865597852 ) ) ;
#2173 = APPROVAL_PERSON_ORGANIZATION ( #1739, #1950, #1523 ) ;
#2174 = DIRECTION ( 'NONE',  ( 0.000000000000000000, 0.000000000000000000, -1.000000000000000000 ) ) ;
#2175 = CARTESIAN_POINT ( 'NONE',  ( 31.25000000000000000, 12.75429687500000142, 3.749999999999999556 ) ) ;
#2176 = PLANE ( 'NONE',  #2741 ) ;
#2177 = ORIENTED_EDGE ( 'NONE', *, *, #515, .T. ) ;
#2178 = LINE ( 'NONE', #940, #1991 ) ;
#2179 = AXIS2_PLACEMENT_3D ( 'NONE', #1561, #2487, #2936 ) ;
#2180 = ADVANCED_BREP_SHAPE_REPRESENTATION ( 'COAS Holder', ( #2864, #1288 ), #1241 ) ;
#2181 = EDGE_LOOP ( 'NONE', ( #1330, #972, #1365, #2640 ) ) ;
#2182 = VERTEX_POINT ( 'NONE', #289 ) ;
#2183 = PLANE ( 'NONE',  #2273 ) ;
#2184 = ORIENTED_EDGE ( 'NONE', *, *, #2539, .F. ) ;
#2185 = LINE ( 'NONE', #93, #2443 ) ;
#2186 = EDGE_CURVE ( 'NONE', #595, #2331, #746, .T. ) ;
#2187 = DIRECTION ( 'NONE',  ( -0.000000000000000000, -0.000000000000000000, -1.000000000000000000 ) ) ;
#2188 = EDGE_CURVE ( 'NONE', #1657, #1490, #274, .T. ) ;
#2189 = CARTESIAN_POINT ( 'NONE',  ( -39.90000000000000568, 21.90429687500000000, 2.000000000000000000 ) ) ;
#2190 = SECURITY_CLASSIFICATION_LEVEL ( 'unclassified' ) ;
#2191 = FACE_OUTER_BOUND ( 'NONE', #669, .T. ) ;
#2192 = VECTOR ( 'NONE', #2187, 1000.000000000000000 ) ;
#2193 = DIRECTION ( 'NONE',  ( 0.000000000000000000, -1.000000000000000000, 0.000000000000000000 ) ) ;
#2194 = ORIENTED_EDGE ( 'NONE', *, *, #792, .T. ) ;
#2195 = VERTEX_POINT ( 'NONE', #952 ) ;
#2196 = ADVANCED_FACE ( 'NONE', ( #191 ), #244, .F. ) ;
#2197 = ORIENTED_EDGE ( 'NONE', *, *, #1291, .F. ) ;
#2198 = VECTOR ( 'NONE', #2826, 1000.000000000000000 ) ;
#2199 = DIRECTION ( 'NONE',  ( 0.000000000000000000, -1.000000000000000000, 0.000000000000000000 ) ) ;
#2200 = EDGE_LOOP ( 'NONE', ( #2254, #369, #460, #2177 ) ) ;
#2201 = AXIS2_PLACEMENT_3D ( 'NONE', #1081, #2244, #2015 ) ;
#2202 = CARTESIAN_POINT ( 'NONE',  ( 38.00000000000000000, 15.40429687500000355, 0.000000000000000000 ) ) ;
#2203 = EDGE_CURVE ( 'NONE', #118, #2317, #1164, .T. ) ;
#2204 = CARTESIAN_POINT ( 'NONE',  ( 8.450000000000002842, 20.90429687500000711, 0.5000000000000000000 ) ) ;
#2205 = DIRECTION ( 'NONE',  ( -0.000000000000000000, 0.000000000000000000, 1.000000000000000000 ) ) ;
#2206 = DIRECTION ( 'NONE',  ( -1.000000000000000000, 0.000000000000000000, -1.445602896647339410E-16 ) ) ;
#2207 = VECTOR ( 'NONE', #552, 1000.000000000000000 ) ;
#2208 = DIRECTION ( 'NONE',  ( 2.168404344971006896E-16, -1.000000000000000000, 0.000000000000000000 ) ) ;
#2209 = ORIENTED_EDGE ( 'NONE', *, *, #2609, .T. ) ;
#2210 = EDGE_CURVE ( 'NONE', #841, #912, #1648, .T. ) ;
#2211 = VECTOR ( 'NONE', #1681, 1000.000000000000000 ) ;
#2212 = EDGE_LOOP ( 'NONE', ( #1051, #1686, #268, #2869 ) ) ;
#2213 = ORIENTED_EDGE ( 'NONE', *, *, #2981, .F. ) ;
#2214 = LINE ( 'NONE', #2028, #377 ) ;
#2215 = ORIENTED_EDGE ( 'NONE', *, *, #2435, .T. ) ;
#2216 = DIRECTION ( 'NONE',  ( 0.000000000000000000, -0.000000000000000000, 1.000000000000000000 ) ) ;
#2217 = CARTESIAN_POINT ( 'NONE',  ( -45.75000000000000000, 10.65429687500000355, 5.000000000000000000 ) ) ;
#2218 = CARTESIAN_POINT ( 'NONE',  ( 0.000000000000000000, 0.000000000000000000, 0.5000000000000000000 ) ) ;
#2219 = PERSON_AND_ORGANIZATION_ROLE ( 'creator' ) ;
#2220 = DIRECTION ( 'NONE',  ( -0.000000000000000000, -1.000000000000000000, -0.000000000000000000 ) ) ;
#2221 = CC_DESIGN_SECURITY_CLASSIFICATION ( #2960, ( #2418 ) ) ;
#2222 = FACE_OUTER_BOUND ( 'NONE', #2979, .T. ) ;
#2223 = VERTEX_POINT ( 'NONE', #2731 ) ;
#2224 = ADVANCED_FACE ( 'NONE', ( #2784 ), #1193, .T. ) ;
#2225 = ORIENTED_EDGE ( 'NONE', *, *, #141, .F. ) ;
#2226 = EDGE_LOOP ( 'NONE', ( #59, #2853, #2437, #2209, #1486, #1638 ) ) ;
#2227 = CARTESIAN_POINT ( 'NONE',  ( -14.59999999999999787, 20.15429687500000000, 2.000000000000000000 ) ) ;
#2228 = ORIENTED_EDGE ( 'NONE', *, *, #2815, .F. ) ;
#2229 = DIRECTION ( 'NONE',  ( 1.000000000000000000, 0.000000000000000000, 0.000000000000000000 ) ) ;
#2230 = CARTESIAN_POINT ( 'NONE',  ( -30.75000000000000000, 23.05429687500000213, 3.999999999999998224 ) ) ;
#2231 = CARTESIAN_POINT ( 'NONE',  ( 31.25000000000000000, 23.80429687500000213, 3.500000000000000444 ) ) ;
#2232 = CARTESIAN_POINT ( 'NONE',  ( -45.75000000000000000, 10.65429687500000355, 0.4000000000000114575 ) ) ;
#2233 = DIRECTION ( 'NONE',  ( 1.000000000000000000, 0.000000000000000000, 0.000000000000000000 ) ) ;
#2234 = DIRECTION ( 'NONE',  ( 1.000000000000000000, -2.668805347656625692E-16, 0.000000000000000000 ) ) ;
#2235 = FACE_OUTER_BOUND ( 'NONE', #297, .T. ) ;
#2236 = AXIS2_PLACEMENT_3D ( 'NONE', #2709, #433, #2990 ) ;
#2237 = EDGE_CURVE ( 'NONE', #2833, #2937, #1439, .T. ) ;
#2238 = AXIS2_PLACEMENT_3D ( 'NONE', #918, #2808, #17 ) ;
#2239 = VERTEX_POINT ( 'NONE', #1393 ) ;
#2240 = ORIENTED_EDGE ( 'NONE', *, *, #164, .T. ) ;
#2241 = ADVANCED_FACE ( 'NONE', ( #2591 ), #2100, .F. ) ;
#2242 = DIRECTION ( 'NONE',  ( -0.5773502691896190697, 0.5773502691896391648, 0.5773502691896191807 ) ) ;
#2243 = EDGE_LOOP ( 'NONE', ( #1873, #3014, #2170, #1033 ) ) ;
#2244 = DIRECTION ( 'NONE',  ( -1.445602896647339410E-16, 0.000000000000000000, 1.000000000000000000 ) ) ;
#2245 = FACE_BOUND ( 'NONE', #2426, .T. ) ;
#2246 = EDGE_CURVE ( 'NONE', #1763, #2852, #2130, .T. ) ;
#2247 = VECTOR ( 'NONE', #495, 1000.000000000000000 ) ;
#2248 = CARTESIAN_POINT ( 'NONE',  ( -30.75000000000000000, 23.80429687500000213, 3.999999999999998224 ) ) ;
#2249 = CARTESIAN_POINT ( 'NONE',  ( -15.75000000000000000, 13.25429687500000142, 3.999999999999999112 ) ) ;
#2250 = EDGE_CURVE ( 'NONE', #766, #719, #967, .T. ) ;
#2251 = FACE_OUTER_BOUND ( 'NONE', #2654, .T. ) ;
#2252 = VERTEX_POINT ( 'NONE', #502 ) ;
#2253 = ADVANCED_FACE ( 'NONE', ( #1406 ), #2340, .F. ) ;
#2254 = ORIENTED_EDGE ( 'NONE', *, *, #1823, .F. ) ;
#2255 = VERTEX_POINT ( 'NONE', #2452 ) ;
#2256 = VECTOR ( 'NONE', #1211, 1000.000000000000000 ) ;
#2257 = DIRECTION ( 'NONE',  ( -0.000000000000000000, 0.000000000000000000, 1.000000000000000000 ) ) ;
#2258 = ORIENTED_EDGE ( 'NONE', *, *, #840, .F. ) ;
#2259 = CARTESIAN_POINT ( 'NONE',  ( 31.25000000000000000, 12.50429687500000142, 3.499999999999999112 ) ) ;
#2260 = EDGE_CURVE ( 'NONE', #2317, #2299, #2639, .T. ) ;
#2261 = FACE_OUTER_BOUND ( 'NONE', #1124, .T. ) ;
#2262 = EDGE_CURVE ( 'NONE', #1107, #71, #2882, .T. ) ;
#2263 = FACE_OUTER_BOUND ( 'NONE', #1022, .T. ) ;
#2264 = LINE ( 'NONE', #1284, #54 ) ;
#2265 = DIRECTION ( 'NONE',  ( 1.000000000000000000, 0.000000000000000000, 0.000000000000000000 ) ) ;
#2266 = CARTESIAN_POINT ( 'NONE',  ( -27.90000000000000568, 21.90429687500000000, 2.000000000000000000 ) ) ;
#2267 = ORIENTED_EDGE ( 'NONE', *, *, #1102, .F. ) ;
#2268 = EDGE_LOOP ( 'NONE', ( #1246, #2867, #1428, #2121 ) ) ;
#2269 = CARTESIAN_POINT ( 'NONE',  ( -45.35000000000001563, 10.65429687500000355, 6.000000000000000000 ) ) ;
#2270 = ORIENTED_EDGE ( 'NONE', *, *, #1908, .T. ) ;
#2271 = CARTESIAN_POINT ( 'NONE',  ( 5.450000000000002842, 20.15429687500000711, 0.5000000000000000000 ) ) ;
#2272 = CARTESIAN_POINT ( 'NONE',  ( 8.450000000000002842, 16.15429687500000355, 2.000000000000000000 ) ) ;
#2273 = AXIS2_PLACEMENT_3D ( 'NONE', #103, #783, #2136 ) ;
#2274 = CARTESIAN_POINT ( 'NONE',  ( -30.75000000000000000, 12.50429687500000142, 4.000000000000001776 ) ) ;
#2275 = LINE ( 'NONE', #2973, #1259 ) ;
#2276 = CARTESIAN_POINT ( 'NONE',  ( -15.75000000000000000, 12.50429687500000142, 3.999999999999999112 ) ) ;
#2277 = EDGE_CURVE ( 'NONE', #2937, #1703, #1242, .T. ) ;
#2278 = CARTESIAN_POINT ( 'NONE',  ( 5.450000000000002842, 20.15429687500000711, 0.5000000000000000000 ) ) ;
#2279 = FACE_OUTER_BOUND ( 'NONE', #326, .T. ) ;
#2280 =( BOUNDED_CURVE ( )  B_SPLINE_CURVE ( 3, ( #660, #1846, #2290, #723 ),
 .UNSPECIFIED., .F., .T. ) 
 B_SPLINE_CURVE_WITH_KNOTS ( ( 4, 4 ),
 ( 1.570796326794896558, 3.141592653589793116 ),
 .UNSPECIFIED. ) 
 CURVE ( )  GEOMETRIC_REPRESENTATION_ITEM ( )  RATIONAL_B_SPLINE_CURVE ( ( 1.000000000000000000, 0.8047378541243649375, 0.8047378541243649375, 1.000000000000000000 ) ) 
 REPRESENTATION_ITEM ( '' )  );
#2281 = VERTEX_POINT ( 'NONE', #2390 ) ;
#2282 = VECTOR ( 'NONE', #153, 1000.000000000000000 ) ;
#2283 = ORIENTED_EDGE ( 'NONE', *, *, #1926, .T. ) ;
#2284 = DIRECTION ( 'NONE',  ( -0.000000000000000000, -0.000000000000000000, 1.000000000000000000 ) ) ;
#2285 = EDGE_CURVE ( 'NONE', #2612, #1978, #84, .T. ) ;
#2286 = EDGE_LOOP ( 'NONE', ( #1260, #2669, #1808, #311 ) ) ;
#2287 = ORIENTED_EDGE ( 'NONE', *, *, #2186, .F. ) ;
#2288 = DIRECTION ( 'NONE',  ( -0.000000000000000000, -0.000000000000000000, 1.000000000000000000 ) ) ;
#2289 = EDGE_CURVE ( 'NONE', #2166, #1980, #1469, .T. ) ;
#2290 = CARTESIAN_POINT ( 'NONE',  ( -43.75000000000000000, 13.15429687500000533, 0.4964466094067262469 ) ) ;
#2291 = LINE ( 'NONE', #2123, #1844 ) ;
#2292 = AXIS2_PLACEMENT_3D ( 'NONE', #403, #2910, #2448 ) ;
#2293 = CARTESIAN_POINT ( 'NONE',  ( -14.59999999999999787, 20.90429687500000355, 0.000000000000000000 ) ) ;
#2294 = CARTESIAN_POINT ( 'NONE',  ( -43.25000000000000000, 13.15429687500000355, 0.3499999999999999223 ) ) ;
#2295 = DIRECTION ( 'NONE',  ( -0.5773502691896323924, -0.5773502691896122974, -0.5773502691896323924 ) ) ;
#2296 = ORIENTED_EDGE ( 'NONE', *, *, #1645, .F. ) ;
#2297 = VERTEX_POINT ( 'NONE', #982 ) ;
#2298 = FACE_OUTER_BOUND ( 'NONE', #343, .T. ) ;
#2299 = VERTEX_POINT ( 'NONE', #1032 ) ;
#2300 = ORIENTED_EDGE ( 'NONE', *, *, #2652, .F. ) ;
#2301 = VECTOR ( 'NONE', #622, 1000.000000000000000 ) ;
#2302 = LINE ( 'NONE', #658, #1762 ) ;
#2303 = AXIS2_PLACEMENT_3D ( 'NONE', #237, #1590, #1414 ) ;
#2304 = VECTOR ( 'NONE', #2051, 1000.000000000000000 ) ;
#2305 = ORIENTED_EDGE ( 'NONE', *, *, #571, .T. ) ;
#2306 = CARTESIAN_POINT ( 'NONE',  ( -43.25000000000000000, 13.15429687500000355, 0.3499999999999999223 ) ) ;
#2307 = DIRECTION ( 'NONE',  ( -0.5773502691896227335, -0.8164965809277280329, -0.000000000000000000 ) ) ;
#2308 = DIRECTION ( 'NONE',  ( -0.000000000000000000, 1.000000000000000000, 0.000000000000000000 ) ) ;
#2309 = DIRECTION ( 'NONE',  ( 0.000000000000000000, -0.000000000000000000, 1.000000000000000000 ) ) ;
#2310 = CARTESIAN_POINT ( 'NONE',  ( 0.000000000000000000, 0.000000000000000000, 6.000000000000000000 ) ) ;
#2311 = CIRCLE ( 'NONE', #1381, 0.2500000000000000000 ) ;
#2312 = ADVANCED_FACE ( 'NONE', ( #536 ), #365, .F. ) ;
#2313 = VERTEX_POINT ( 'NONE', #2144 ) ;
#2314 = ORIENTED_EDGE ( 'NONE', *, *, #225, .F. ) ;
#2315 = PLANE ( 'NONE',  #2568 ) ;
#2316 = ADVANCED_FACE ( 'NONE', ( #1483, #592 ), #67, .T. ) ;
#2317 = VERTEX_POINT ( 'NONE', #1509 ) ;
#2318 = ORIENTED_EDGE ( 'NONE', *, *, #1337, .F. ) ;
#2319 = DIRECTION ( 'NONE',  ( 1.156482317317871478E-16, -0.000000000000000000, 1.000000000000000000 ) ) ;
#2320 = LINE ( 'NONE', #1157, #1462 ) ;
#2321 = VECTOR ( 'NONE', #1151, 1000.000000000000000 ) ;
#2322 = CARTESIAN_POINT ( 'NONE',  ( -37.65000000000000568, 20.90429687500000355, 0.000000000000000000 ) ) ;
#2323 = CARTESIAN_POINT ( 'NONE',  ( -39.90000000000000568, 21.90429687500000000, 0.5000000000000000000 ) ) ;
#2324 = LINE ( 'NONE', #243, #361 ) ;
#2325 = DIRECTION ( 'NONE',  ( -0.000000000000000000, -0.000000000000000000, 1.000000000000000000 ) ) ;
#2326 = ADVANCED_FACE ( 'NONE', ( #2666 ), #2176, .F. ) ;
#2327 = VERTEX_POINT ( 'NONE', #1951 ) ;
#2328 = DIRECTION ( 'NONE',  ( 1.156482317317871478E-16, -0.000000000000000000, 1.000000000000000000 ) ) ;
#2329 = ORIENTED_EDGE ( 'NONE', *, *, #1660, .T. ) ;
#2330 = EDGE_CURVE ( 'NONE', #1290, #383, #2624, .T. ) ;
#2331 = VERTEX_POINT ( 'NONE', #778 ) ;
#2332 = LINE ( 'NONE', #221, #77 ) ;
#2333 = VECTOR ( 'NONE', #1911, 1000.000000000000000 ) ;
#2334 = CARTESIAN_POINT ( 'NONE',  ( 8.450000000000002842, 20.90429687500000711, 2.000000000000000000 ) ) ;
#2335 = LINE ( 'NONE', #2891, #2333 ) ;
#2336 = CARTESIAN_POINT ( 'NONE',  ( -39.90000000000000568, 14.40429687500000178, 0.5000000000000000000 ) ) ;
#2337 = DIRECTION ( 'NONE',  ( 0.000000000000000000, -1.000000000000000000, 0.000000000000000000 ) ) ;
#2338 = AXIS2_PLACEMENT_3D ( 'NONE', #1864, #708, #2765 ) ;
#2339 = VECTOR ( 'NONE', #1642, 1000.000000000000000 ) ;
#2340 = PLANE ( 'NONE',  #26 ) ;
#2341 = ORIENTED_EDGE ( 'NONE', *, *, #1250, .F. ) ;
#2342 = CARTESIAN_POINT ( 'NONE',  ( -43.25000000000000000, 13.15429687500000355, 0.3499999999999999223 ) ) ;
#2343 = LINE ( 'NONE', #2611, #718 ) ;
#2344 = EDGE_CURVE ( 'NONE', #1896, #230, #1223, .T. ) ;
#2345 = VERTEX_POINT ( 'NONE', #1257 ) ;
#2346 = VERTEX_POINT ( 'NONE', #2866 ) ;
#2347 = CARTESIAN_POINT ( 'NONE',  ( 46.25000000000000711, 12.50429687500000142, 2.000000000000000000 ) ) ;
#2348 = VECTOR ( 'NONE', #924, 1000.000000000000000 ) ;
#2349 = ORIENTED_EDGE ( 'NONE', *, *, #359, .T. ) ;
#2350 = DIRECTION ( 'NONE',  ( -0.000000000000000000, -0.000000000000000000, 1.000000000000000000 ) ) ;
#2351 = EDGE_CURVE ( 'NONE', #68, #1095, #1966, .T. ) ;
#2352 = CARTESIAN_POINT ( 'NONE',  ( -45.75000000000000000, 12.50429687500000142, 2.000000000000000000 ) ) ;
#2353 = AXIS2_PLACEMENT_3D ( 'NONE', #1663, #2420, #318 ) ;
#2354 = DIRECTION ( 'NONE',  ( 0.000000000000000000, 0.000000000000000000, -1.000000000000000000 ) ) ;
#2355 = FACE_OUTER_BOUND ( 'NONE', #858, .T. ) ;
#2356 = CARTESIAN_POINT ( 'NONE',  ( 51.11666666666661740, 15.92096354166643302, 5.266666666666626639 ) ) ;
#2357 = DIRECTION ( 'NONE',  ( 0.000000000000000000, 0.000000000000000000, -1.000000000000000000 ) ) ;
#2358 = VERTEX_POINT ( 'NONE', #1016 ) ;
#2359 = CARTESIAN_POINT ( 'NONE',  ( 46.25000000000000000, 23.80429687500000213, 2.000000000000000000 ) ) ;
#2360 = LINE ( 'NONE', #1196, #95 ) ;
#2361 = EDGE_LOOP ( 'NONE', ( #1398, #1446, #1303 ) ) ;
#2362 = ORIENTED_EDGE ( 'NONE', *, *, #1964, .T. ) ;
#2363 = DIRECTION ( 'NONE',  ( 0.000000000000000000, -0.000000000000000000, 1.000000000000000000 ) ) ;
#2364 = VERTEX_POINT ( 'NONE', #793 ) ;
#2365 = LINE ( 'NONE', #1219, #2780 ) ;
#2366 = DIRECTION ( 'NONE',  ( 1.000000000000000000, -0.000000000000000000, 1.156482317317871478E-16 ) ) ;
#2367 = ADVANCED_FACE ( 'NONE', ( #1716 ), #2653, .F. ) ;
#2368 = ORIENTED_EDGE ( 'NONE', *, *, #2462, .T. ) ;
#2369 = CARTESIAN_POINT ( 'NONE',  ( 5.450000000000002842, 20.15429687500000711, 2.000000000000000000 ) ) ;
#2370 =( NAMED_UNIT ( * ) PLANE_ANGLE_UNIT ( ) SI_UNIT ( $, .RADIAN. ) );
#2371 = EDGE_CURVE ( 'NONE', #537, #1671, #1977, .T. ) ;
#2372 = DIRECTION ( 'NONE',  ( -0.000000000000000000, 0.000000000000000000, 1.000000000000000000 ) ) ;
#2373 = CARTESIAN_POINT ( 'NONE',  ( 31.25000000000000000, 23.55429687500000213, 4.000000000000000000 ) ) ;
#2374 = ORIENTED_EDGE ( 'NONE', *, *, #2169, .T. ) ;
#2375 = CARTESIAN_POINT ( 'NONE',  ( 14.95000000000000107, 15.40429687500000355, 0.000000000000000000 ) ) ;
#2376 = ADVANCED_FACE ( 'NONE', ( #1273 ), #129, .F. ) ;
#2377 = ORIENTED_EDGE ( 'NONE', *, *, #2893, .T. ) ;
#2378 = EDGE_LOOP ( 'NONE', ( #511, #1287, #2600, #2931 ) ) ;
#2379 = DIRECTION ( 'NONE',  ( 0.000000000000000000, 0.000000000000000000, -1.000000000000000000 ) ) ;
#2380 = ADVANCED_FACE ( 'NONE', ( #2222 ), #423, .F. ) ;
#2381 = ORIENTED_EDGE ( 'NONE', *, *, #2672, .T. ) ;
#2382 = CARTESIAN_POINT ( 'NONE',  ( 0.000000000000000000, 12.50429687500000142, 6.000000000000000000 ) ) ;
#2383 = VECTOR ( 'NONE', #2233, 1000.000000000000000 ) ;
#2384 = CARTESIAN_POINT ( 'NONE',  ( -15.75000000000000000, 23.55429687500000213, 4.000000000000000000 ) ) ;
#2385 = AXIS2_PLACEMENT_3D ( 'NONE', #2648, #2172, #1929 ) ;
#2386 = EDGE_CURVE ( 'NONE', #1165, #2714, #2511, .T. ) ;
#2387 = CARTESIAN_POINT ( 'NONE',  ( 46.25000000000000000, 11.05429687499998792, 4.834314575050768781 ) ) ;
#2388 = APPLICATION_PROTOCOL_DEFINITION ( 'international standard', 'config_control_design', 1994, #49 ) ;
#2389 = DIRECTION ( 'NONE',  ( 0.000000000000000000, 0.000000000000000000, -1.000000000000000000 ) ) ;
#2390 = CARTESIAN_POINT ( 'NONE',  ( 31.25000000000000000, 12.75429687500000142, 3.999999999999999112 ) ) ;
#2391 = ORIENTED_EDGE ( 'NONE', *, *, #1982, .T. ) ;
#2392 = EDGE_CURVE ( 'NONE', #2855, #148, #851, .T. ) ;
#2393 = LINE ( 'NONE', #2132, #151 ) ;
#2394 = VECTOR ( 'NONE', #390, 1000.000000000000000 ) ;
#2395 = VECTOR ( 'NONE', #2416, 1000.000000000000000 ) ;
#2396 = EDGE_LOOP ( 'NONE', ( #1243, #1700, #1261 ) ) ;
#2397 = ORIENTED_EDGE ( 'NONE', *, *, #2740, .F. ) ;
#2398 = LINE ( 'NONE', #2838, #2470 ) ;
#2399 = ORIENTED_EDGE ( 'NONE', *, *, #2446, .T. ) ;
#2400 = CARTESIAN_POINT ( 'NONE',  ( 5.450000000000002842, 20.15429687500000711, 0.5000000000000000000 ) ) ;
#2401 = LINE ( 'NONE', #78, #2168 ) ;
#2402 = FACE_OUTER_BOUND ( 'NONE', #667, .T. ) ;
#2403 = DIRECTION ( 'NONE',  ( 1.000000000000000000, 0.000000000000000000, 0.000000000000000000 ) ) ;
#2404 = DIRECTION ( 'NONE',  ( 1.000000000000000000, 0.000000000000000000, 0.000000000000000000 ) ) ;
#2405 = VECTOR ( 'NONE', #1934, 1000.000000000000000 ) ;
#2406 = CARTESIAN_POINT ( 'NONE',  ( 0.000000000000000000, 20.15429687500000000, 2.000000000000000000 ) ) ;
#2407 = ORIENTED_EDGE ( 'NONE', *, *, #2778, .F. ) ;
#2408 = DIRECTION ( 'NONE',  ( 1.000000000000000000, -0.000000000000000000, -0.000000000000000000 ) ) ;
#2409 = ADVANCED_FACE ( 'NONE', ( #2251 ), #2945, .F. ) ;
#2410 = ORIENTED_EDGE ( 'NONE', *, *, #945, .T. ) ;
#2411 = ORIENTED_EDGE ( 'NONE', *, *, #690, .T. ) ;
#2412 = ADVANCED_FACE ( 'NONE', ( #2279 ), #2739, .F. ) ;
#2413 = PLANE ( 'NONE',  #447 ) ;
#2414 = CC_DESIGN_PERSON_AND_ORGANIZATION_ASSIGNMENT ( #2449, #2219, ( #737 ) ) ;
#2415 = ORIENTED_EDGE ( 'NONE', *, *, #728, .F. ) ;
#2416 = DIRECTION ( 'NONE',  ( -1.000000000000000000, -5.337610695313253357E-16, -0.000000000000000000 ) ) ;
#2417 = CARTESIAN_POINT ( 'NONE',  ( -43.50000000000000000, 22.90429687500000355, 0.5999999999999999778 ) ) ;
#2418 = PRODUCT_DEFINITION_FORMATION_WITH_SPECIFIED_SOURCE ( 'ANY', '', #2964, .NOT_KNOWN. ) ;
#2419 = LINE ( 'NONE', #1931, #1956 ) ;
#2420 = DIRECTION ( 'NONE',  ( -0.000000000000000000, 0.000000000000000000, 1.000000000000000000 ) ) ;
#2421 = DIRECTION ( 'NONE',  ( -0.7071067811865352493, 0.7071067811865597852, 0.000000000000000000 ) ) ;
#2422 = DIRECTION ( 'NONE',  ( 0.7071067811865352493, -0.7071067811865597852, 0.000000000000000000 ) ) ;
#2423 = VERTEX_POINT ( 'NONE', #1116 ) ;
#2424 = VECTOR ( 'NONE', #1673, 1000.000000000000000 ) ;
#2425 = EDGE_CURVE ( 'NONE', #1532, #22, #1989, .T. ) ;
#2426 = EDGE_LOOP ( 'NONE', ( #1423, #1149, #1062, #1530 ) ) ;
#2427 = ORIENTED_EDGE ( 'NONE', *, *, #2902, .F. ) ;
#2428 = PLANE ( 'NONE',  #2150 ) ;
#2429 = EDGE_CURVE ( 'NONE', #491, #672, #2710, .T. ) ;
#2430 = ORIENTED_EDGE ( 'NONE', *, *, #2054, .F. ) ;
#2431 = DIRECTION ( 'NONE',  ( 0.000000000000000000, -1.000000000000000000, 0.000000000000000000 ) ) ;
#2432 = VECTOR ( 'NONE', #1988, 1000.000000000000000 ) ;
#2433 = DIRECTION ( 'NONE',  ( 1.000000000000000000, -2.668805347656626678E-16, 0.000000000000000000 ) ) ;
#2434 = CARTESIAN_POINT ( 'NONE',  ( -15.75000000000000000, 23.80429687500000213, 4.000000000000000000 ) ) ;
#2435 = EDGE_CURVE ( 'NONE', #2833, #1558, #142, .T. ) ;
#2436 = DIRECTION ( 'NONE',  ( 0.7071067811865597852, 0.000000000000000000, -0.7071067811865352493 ) ) ;
#2437 = ORIENTED_EDGE ( 'NONE', *, *, #934, .F. ) ;
#2438 = VERTEX_POINT ( 'NONE', #2754 ) ;
#2439 = ORIENTED_EDGE ( 'NONE', *, *, #2958, .T. ) ;
#2440 = AXIS2_PLACEMENT_3D ( 'NONE', #3004, #1418, #676 ) ;
#2441 = DIRECTION ( 'NONE',  ( -0.000000000000000000, 0.000000000000000000, -1.000000000000000000 ) ) ;
#2442 = ORIENTED_EDGE ( 'NONE', *, *, #1134, .F. ) ;
#2443 = VECTOR ( 'NONE', #2350, 1000.000000000000000 ) ;
#2444 = LINE ( 'NONE', #1281, #594 ) ;
#2445 = CARTESIAN_POINT ( 'NONE',  ( 28.25000000000000711, 21.90429687500000000, 0.5000000000000000000 ) ) ;
#2446 = EDGE_CURVE ( 'NONE', #413, #2625, #1719, .T. ) ;
#2447 = ORIENTED_EDGE ( 'NONE', *, *, #1102, .T. ) ;
#2448 = DIRECTION ( 'NONE',  ( 0.000000000000000000, -0.000000000000000000, -1.000000000000000000 ) ) ;
#2449 = PERSON_AND_ORGANIZATION ( #650, #136 ) ;
#2450 = EDGE_CURVE ( 'NONE', #2281, #1892, #2467, .T. ) ;
#2451 = VECTOR ( 'NONE', #2295, 1000.000000000000114 ) ;
#2452 = CARTESIAN_POINT ( 'NONE',  ( 46.25000000000000000, 24.48861145005077233, 5.600000000000001421 ) ) ;
#2453 = ORIENTED_EDGE ( 'NONE', *, *, #860, .F. ) ;
#2454 = VECTOR ( 'NONE', #818, 1000.000000000000000 ) ;
#2455 = ORIENTED_EDGE ( 'NONE', *, *, #87, .F. ) ;
#2456 = ORIENTED_EDGE ( 'NONE', *, *, #2425, .T. ) ;
#2457 = PLANE ( 'NONE',  #3013 ) ;
#2458 = VERTEX_POINT ( 'NONE', #2007 ) ;
#2459 = CARTESIAN_POINT ( 'NONE',  ( -15.75000000000000000, 23.05429687500000213, 4.000000000000000000 ) ) ;
#2460 = VECTOR ( 'NONE', #830, 1000.000000000000000 ) ;
#2461 = CARTESIAN_POINT ( 'NONE',  ( -27.90000000000000568, 14.40429687500000178, 2.000000000000000000 ) ) ;
#2462 = EDGE_CURVE ( 'NONE', #2252, #1316, #1571, .T. ) ;
#2463 = LINE ( 'NONE', #1070, #975 ) ;
#2464 = CARTESIAN_POINT ( 'NONE',  ( -39.90000000000000568, 21.90429687500000000, 2.000000000000000000 ) ) ;
#2465 = CARTESIAN_POINT ( 'NONE',  ( -45.15925643016947788, 10.46355330516946225, 5.079008573559242734 ) ) ;
#2466 = EDGE_CURVE ( 'NONE', #2009, #2489, #378, .T. ) ;
#2467 = LINE ( 'NONE', #392, #406 ) ;
#2468 = ORIENTED_EDGE ( 'NONE', *, *, #2429, .T. ) ;
#2469 = ORIENTED_EDGE ( 'NONE', *, *, #322, .F. ) ;
#2470 = VECTOR ( 'NONE', #2153, 1000.000000000000000 ) ;
#2471 = ORIENTED_EDGE ( 'NONE', *, *, #2723, .F. ) ;
#2472 = FACE_OUTER_BOUND ( 'NONE', #1142, .T. ) ;
#2473 = ORIENTED_EDGE ( 'NONE', *, *, #515, .F. ) ;
#2474 = DIRECTION ( 'NONE',  ( 0.000000000000000000, 0.000000000000000000, -1.000000000000000000 ) ) ;
#2475 = EDGE_CURVE ( 'NONE', #1316, #1621, #1059, .T. ) ;
#2476 = CYLINDRICAL_SURFACE ( 'NONE', #758, 0.2500000000000000000 ) ;
#2477 = CARTESIAN_POINT ( 'NONE',  ( 31.25000000000000000, 23.80429687500000213, 4.000000000000000000 ) ) ;
#2478 = APPROVAL_DATE_TIME ( #863, #1950 ) ;
#2479 = CARTESIAN_POINT ( 'NONE',  ( 45.65925643016947078, 25.84504044483055551, 5.079008573559272044 ) ) ;
#2480 = ADVANCED_FACE ( 'NONE', ( #1286 ), #2023, .F. ) ;
#2481 = CARTESIAN_POINT ( 'NONE',  ( 15.31666666666738763, 56.18763020833370092, 30.93333333333264790 ) ) ;
#2482 = VERTEX_POINT ( 'NONE', #2722 ) ;
#2483 = VECTOR ( 'NONE', #554, 1000.000000000000000 ) ;
#2484 = VECTOR ( 'NONE', #1861, 1000.000000000000000 ) ;
#2485 = ORIENTED_EDGE ( 'NONE', *, *, #485, .T. ) ;
#2486 = ORIENTED_EDGE ( 'NONE', *, *, #1945, .F. ) ;
#2487 = DIRECTION ( 'NONE',  ( 1.000000000000000000, 0.000000000000000000, 0.000000000000000000 ) ) ;
#2488 = CC_DESIGN_PERSON_AND_ORGANIZATION_ASSIGNMENT ( #1786, #2911, ( #2960 ) ) ;
#2489 = VERTEX_POINT ( 'NONE', #2053 ) ;
#2490 = DIRECTION ( 'NONE',  ( -0.7071067811865475727, 0.000000000000000000, 0.7071067811865475727 ) ) ;
#2491 = CARTESIAN_POINT ( 'NONE',  ( -45.75000000000000000, 11.05429687500000036, 4.834314575050759899 ) ) ;
#2492 = VECTOR ( 'NONE', #2171, 1000.000000000000000 ) ;
#2493 = CARTESIAN_POINT ( 'NONE',  ( -39.90000000000000568, 14.40429687500000178, 0.5000000000000000000 ) ) ;
#2494 = CALENDAR_DATE ( 2025, 31, 7 ) ;
#2495 = PLANE ( 'NONE',  #2924 ) ;
#2496 = CARTESIAN_POINT ( 'NONE',  ( -45.34999999999998721, 24.65429687500000711, 6.000000000000000000 ) ) ;
#2497 = DIRECTION ( 'NONE',  ( 1.000000000000000000, 0.000000000000000000, 0.000000000000000000 ) ) ;
#2498 = AXIS2_PLACEMENT_3D ( 'NONE', #2897, #2881, #319 ) ;
#2499 = ORIENTED_EDGE ( 'NONE', *, *, #2475, .T. ) ;
#2500 = ORIENTED_EDGE ( 'NONE', *, *, #2749, .T. ) ;
#2501 = VECTOR ( 'NONE', #1849, 1000.000000000000000 ) ;
#2502 = CARTESIAN_POINT ( 'NONE',  ( 17.95000000000000284, 20.15429687500000355, 0.5000000000000000000 ) ) ;
#2503 = ADVANCED_FACE ( 'NONE', ( #156 ), #1074, .T. ) ;
#2504 = ORIENTED_EDGE ( 'NONE', *, *, #1941, .F. ) ;
#2505 = EDGE_CURVE ( 'NONE', #719, #1841, #1329, .T. ) ;
#2506 = CARTESIAN_POINT ( 'NONE',  ( 31.25000000000000000, 23.55429687500000213, 3.750000000000000888 ) ) ;
#2507 = DIRECTION ( 'NONE',  ( -0.000000000000000000, -0.000000000000000000, -1.000000000000000000 ) ) ;
#2508 = LINE ( 'NONE', #1609, #929 ) ;
#2509 = CARTESIAN_POINT ( 'NONE',  ( 28.25000000000000711, 14.40429687500000178, 2.000000000000000000 ) ) ;
#2510 = CARTESIAN_POINT ( 'NONE',  ( 40.25000000000000711, 21.90429687500000000, 0.5000000000000000000 ) ) ;
#2511 = LINE ( 'NONE', #895, #1715 ) ;
#2512 = EDGE_CURVE ( 'NONE', #410, #174, #1147, .T. ) ;
#2513 = ORIENTED_EDGE ( 'NONE', *, *, #2880, .F. ) ;
#2514 = VERTEX_POINT ( 'NONE', #483 ) ;
#2515 = LINE ( 'NONE', #911, #2668 ) ;
#2516 = EDGE_LOOP ( 'NONE', ( #396, #445, #2861, #279 ) ) ;
#2517 = ORIENTED_EDGE ( 'NONE', *, *, #2558, .F. ) ;
#2518 = FACE_OUTER_BOUND ( 'NONE', #596, .T. ) ;
#2519 = VECTOR ( 'NONE', #1052, 1000.000000000000000 ) ;
#2520 = ORIENTED_EDGE ( 'NONE', *, *, #434, .F. ) ;
#2521 = DIRECTION ( 'NONE',  ( -0.000000000000000000, -1.000000000000000000, -0.000000000000000000 ) ) ;
#2522 = CARTESIAN_POINT ( 'NONE',  ( -45.75000000000000000, 10.65429687500000355, 6.000000000000000000 ) ) ;
#2523 = EDGE_CURVE ( 'NONE', #898, #2788, #1850, .T. ) ;
#2524 = CARTESIAN_POINT ( 'NONE',  ( 8.450000000000002842, 20.90429687500000711, 2.000000000000000000 ) ) ;
#2525 = LINE ( 'NONE', #709, #1279 ) ;
#2526 = CARTESIAN_POINT ( 'NONE',  ( 16.25000000000000000, 23.05429687500000213, 3.499999999999998224 ) ) ;
#2527 = ORIENTED_EDGE ( 'NONE', *, *, #1771, .F. ) ;
#2528 = AXIS2_PLACEMENT_3D ( 'NONE', #877, #2265, #420 ) ;
#2529 = ORIENTED_EDGE ( 'NONE', *, *, #2652, .T. ) ;
#2530 = DIRECTION ( 'NONE',  ( 1.000000000000000000, 0.000000000000000000, -1.734723475976806848E-16 ) ) ;
#2531 = VECTOR ( 'NONE', #2721, 1000.000000000000000 ) ;
#2532 = ORIENTED_EDGE ( 'NONE', *, *, #1370, .T. ) ;
#2533 = ORIENTED_EDGE ( 'NONE', *, *, #621, .F. ) ;
#2534 = LINE ( 'NONE', #1384, #987 ) ;
#2535 = FACE_OUTER_BOUND ( 'NONE', #2995, .T. ) ;
#2536 = DIRECTION ( 'NONE',  ( 0.000000000000000000, 0.000000000000000000, 1.000000000000000000 ) ) ;
#2537 = VECTOR ( 'NONE', #2752, 1000.000000000000000 ) ;
#2538 = VECTOR ( 'NONE', #722, 1000.000000000000000 ) ;
#2539 = EDGE_CURVE ( 'NONE', #236, #2837, #2810, .T. ) ;
#2540 = DIRECTION ( 'NONE',  ( 1.000000000000000000, 0.000000000000000000, 0.000000000000000000 ) ) ;
#2541 = DIRECTION ( 'NONE',  ( 1.000000000000000000, -0.000000000000000000, -0.000000000000000000 ) ) ;
#2542 = EDGE_CURVE ( 'NONE', #595, #2612, #1192, .T. ) ;
#2543 = CARTESIAN_POINT ( 'NONE',  ( -45.75000000000000000, 23.80429687500000213, 2.000000000000000000 ) ) ;
#2544 = ADVANCED_FACE ( 'NONE', ( #2126 ), #950, .F. ) ;
#2545 = EDGE_LOOP ( 'NONE', ( #1093, #2947, #2604, #659 ) ) ;
#2546 = ORIENTED_EDGE ( 'NONE', *, *, #473, .T. ) ;
#2547 = CARTESIAN_POINT ( 'NONE',  ( -45.34999999999998721, 24.65429687500000711, 6.000000000000000000 ) ) ;
#2548 = ORIENTED_EDGE ( 'NONE', *, *, #1024, .F. ) ;
#2549 = ORIENTED_EDGE ( 'NONE', *, *, #860, .T. ) ;
#2550 = VECTOR ( 'NONE', #211, 1000.000000000000000 ) ;
#2551 = CARTESIAN_POINT ( 'NONE',  ( 45.85000000000001563, 25.65429687500000355, 5.000000000000000000 ) ) ;
#2552 = CARTESIAN_POINT ( 'NONE',  ( -5.099999999999999645, 20.15429687500000000, 0.5000000000000000000 ) ) ;
#2553 = LINE ( 'NONE', #1895, #10 ) ;
#2554 = DIRECTION ( 'NONE',  ( -0.000000000000000000, -0.000000000000000000, -1.000000000000000000 ) ) ;
#2555 = CARTESIAN_POINT ( 'NONE',  ( -17.60000000000000142, 20.15429687500000000, 0.5000000000000000000 ) ) ;
#2556 = DIRECTION ( 'NONE',  ( -1.000000000000000000, 0.000000000000000000, -0.000000000000000000 ) ) ;
#2557 = VECTOR ( 'NONE', #299, 1000.000000000000000 ) ;
#2558 = EDGE_CURVE ( 'NONE', #1511, #131, #694, .T. ) ;
#2559 = DIRECTION ( 'NONE',  ( 1.000000000000000000, -0.000000000000000000, 1.156482317317871478E-16 ) ) ;
#2560 = ORIENTED_EDGE ( 'NONE', *, *, #2859, .T. ) ;
#2561 = DIRECTION ( 'NONE',  ( -0.000000000000000000, -0.000000000000000000, 1.000000000000000000 ) ) ;
#2562 = EDGE_LOOP ( 'NONE', ( #395, #837, #51, #2743 ) ) ;
#2563 = ADVANCED_FACE ( 'NONE', ( #1419 ), #2067, .T. ) ;
#2564 = ORIENTED_EDGE ( 'NONE', *, *, #2690, .F. ) ;
#2565 = DIRECTION ( 'NONE',  ( 1.000000000000000000, 0.000000000000000000, 0.000000000000000000 ) ) ;
#2566 = DIRECTION ( 'NONE',  ( 0.000000000000000000, 0.000000000000000000, -1.000000000000000000 ) ) ;
#2567 = EDGE_CURVE ( 'NONE', #651, #670, #2588, .T. ) ;
#2568 = AXIS2_PLACEMENT_3D ( 'NONE', #1809, #2328, #717 ) ;
#2569 = CARTESIAN_POINT ( 'NONE',  ( -41.85548033713265426, 29.59629397620647495, 6.000000000000000000 ) ) ;
#2570 = DIRECTION ( 'NONE',  ( -0.000000000000000000, 1.000000000000000000, 0.000000000000000000 ) ) ;
#2571 = CARTESIAN_POINT ( 'NONE',  ( 14.95000000000000107, 16.15429687500000355, 0.000000000000000000 ) ) ;
#2572 = DIRECTION ( 'NONE',  ( -1.000000000000000000, 0.000000000000000000, 0.000000000000000000 ) ) ;
#2573 = ADVANCED_FACE ( 'NONE', ( #907 ), #3, .F. ) ;
#2574 = CARTESIAN_POINT ( 'NONE',  ( 17.95000000000000284, 16.15429687500000355, 0.5000000000000000000 ) ) ;
#2575 = ORIENTED_EDGE ( 'NONE', *, *, #1632, .F. ) ;
#2576 = CARTESIAN_POINT ( 'NONE',  ( 14.95000000000000107, 20.90429687500000711, 0.000000000000000000 ) ) ;
#2577 = CARTESIAN_POINT ( 'NONE',  ( -43.75000000000000000, 13.15429687500000355, 0.5999999999999999778 ) ) ;
#2578 = DESIGN_CONTEXT ( 'detailed design', #49, 'design' ) ;
#2579 = EDGE_CURVE ( 'NONE', #2151, #2630, #1614, .T. ) ;
#2580 = ORIENTED_EDGE ( 'NONE', *, *, #555, .F. ) ;
#2581 = ORIENTED_EDGE ( 'NONE', *, *, #2815, .T. ) ;
#2582 = LINE ( 'NONE', #2805, #2538 ) ;
#2583 = EDGE_CURVE ( 'NONE', #424, #682, #467, .T. ) ;
#2584 = LINE ( 'NONE', #1463, #2395 ) ;
#2585 = CARTESIAN_POINT ( 'NONE',  ( 8.450000000000002842, 20.90429687500000711, 0.000000000000000000 ) ) ;
#2586 = CARTESIAN_POINT ( 'NONE',  ( 5.450000000000003730, 16.15429687500000355, 0.5000000000000000000 ) ) ;
#2587 = CARTESIAN_POINT ( 'NONE',  ( 0.000000000000000000, 13.40429687500000355, 0.3499999999999999223 ) ) ;
#2588 = LINE ( 'NONE', #2082, #2892 ) ;
#2589 = VECTOR ( 'NONE', #239, 1000.000000000000227 ) ;
#2590 = AXIS2_PLACEMENT_3D ( 'NONE', #1548, #2490, #401 ) ;
#2591 = FACE_OUTER_BOUND ( 'NONE', #1331, .T. ) ;
#2592 = VERTEX_POINT ( 'NONE', #2098 ) ;
#2593 = DIRECTION ( 'NONE',  ( -0.000000000000000000, -1.000000000000000000, -0.000000000000000000 ) ) ;
#2594 = LINE ( 'NONE', #970, #1631 ) ;
#2595 = ORIENTED_EDGE ( 'NONE', *, *, #2435, .F. ) ;
#2596 = ORIENTED_EDGE ( 'NONE', *, *, #2832, .F. ) ;
#2597 = CARTESIAN_POINT ( 'NONE',  ( 31.25000000000000000, 12.75429687500000142, 3.499999999999999112 ) ) ;
#2598 = EDGE_CURVE ( 'NONE', #357, #278, #2324, .T. ) ;
#2599 = VECTOR ( 'NONE', #2783, 1000.000000000000000 ) ;
#2600 = ORIENTED_EDGE ( 'NONE', *, *, #1012, .T. ) ;
#2601 = LINE ( 'NONE', #76, #399 ) ;
#2602 = PLANE ( 'NONE',  #2238 ) ;
#2603 = VECTOR ( 'NONE', #466, 1000.000000000000000 ) ;
#2604 = ORIENTED_EDGE ( 'NONE', *, *, #1784, .F. ) ;
#2605 = FACE_OUTER_BOUND ( 'NONE', #1091, .T. ) ;
#2606 = FACE_OUTER_BOUND ( 'NONE', #612, .T. ) ;
#2607 = DIRECTION ( 'NONE',  ( -0.000000000000000000, -0.000000000000000000, 1.000000000000000000 ) ) ;
#2608 = ORIENTED_EDGE ( 'NONE', *, *, #2186, .T. ) ;
#2609 = EDGE_CURVE ( 'NONE', #2592, #1562, #710, .T. ) ;
#2610 = CARTESIAN_POINT ( 'NONE',  ( -45.75000000000000000, 12.21998229994924401, 6.000000000000000000 ) ) ;
#2611 = CARTESIAN_POINT ( 'NONE',  ( -14.59999999999999787, 20.90429687500000355, 0.5000000000000000000 ) ) ;
#2612 = VERTEX_POINT ( 'NONE', #1133 ) ;
#2613 = EDGE_LOOP ( 'NONE', ( #1721, #2341, #1499, #190 ) ) ;
#2614 = CARTESIAN_POINT ( 'NONE',  ( -39.90000000000000568, 14.40429687500000178, 0.5000000000000000000 ) ) ;
#2615 = ADVANCED_FACE ( 'NONE', ( #1630 ), #3006, .F. ) ;
#2616 = ORIENTED_EDGE ( 'NONE', *, *, #2706, .T. ) ;
#2617 = CARTESIAN_POINT ( 'NONE',  ( 28.25000000000000711, 14.40429687500000178, 2.000000000000000000 ) ) ;
#2618 = LINE ( 'NONE', #1025, #1925 ) ;
#2619 = EDGE_CURVE ( 'NONE', #1215, #2883, #501, .T. ) ;
#2620 = AXIS2_PLACEMENT_3D ( 'NONE', #2269, #1278, #2715 ) ;
#2621 = CARTESIAN_POINT ( 'NONE',  ( 28.25000000000000711, 14.40429687500000178, 0.5000000000000000000 ) ) ;
#2622 = DIRECTION ( 'NONE',  ( 0.000000000000000000, 0.000000000000000000, 1.000000000000000000 ) ) ;
#2623 = CARTESIAN_POINT ( 'NONE',  ( -17.60000000000000142, 20.15429687500000000, 0.5000000000000000000 ) ) ;
#2624 = LINE ( 'NONE', #1000, #171 ) ;
#2625 = VERTEX_POINT ( 'NONE', #965 ) ;
#2626 = CARTESIAN_POINT ( 'NONE',  ( -43.35355339059327662, 13.25785026559327662, 0.5999999999999998668 ) ) ;
#2627 = ORIENTED_EDGE ( 'NONE', *, *, #2037, .T. ) ;
#2628 = ORIENTED_EDGE ( 'NONE', *, *, #790, .T. ) ;
#2629 = DIRECTION ( 'NONE',  ( -0.000000000000000000, 0.000000000000000000, 1.000000000000000000 ) ) ;
#2630 = VERTEX_POINT ( 'NONE', #2828 ) ;
#2631 = LINE ( 'NONE', #545, #2492 ) ;
#2632 = CARTESIAN_POINT ( 'NONE',  ( 8.450000000000002842, 20.90429687500000711, 0.000000000000000000 ) ) ;
#2633 = LINE ( 'NONE', #1465, #1600 ) ;
#2634 = CALENDAR_DATE ( 2025, 31, 7 ) ;
#2635 = CARTESIAN_POINT ( 'NONE',  ( -43.50000000000000000, 13.40429687500000355, 0.5999999999999999778 ) ) ;
#2636 = ADVANCED_FACE ( 'NONE', ( #745 ), #1664, .F. ) ;
#2637 = ADVANCED_FACE ( 'NONE', ( #1962, #2912, #1914, #287, #1467 ), #1270, .T. ) ;
#2638 = CC_DESIGN_DATE_AND_TIME_ASSIGNMENT ( #1269, #2720, ( #2960 ) ) ;
#2639 = LINE ( 'NONE', #2681, #1473 ) ;
#2640 = ORIENTED_EDGE ( 'NONE', *, *, #2031, .T. ) ;
#2641 = CARTESIAN_POINT ( 'NONE',  ( -30.75000000000000000, 13.25429687500000142, 4.000000000000001776 ) ) ;
#2642 = VECTOR ( 'NONE', #785, 1000.000000000000000 ) ;
#2643 = ORIENTED_EDGE ( 'NONE', *, *, #2880, .T. ) ;
#2644 = ORIENTED_EDGE ( 'NONE', *, *, #497, .T. ) ;
#2645 = LINE ( 'NONE', #1005, #1148 ) ;
#2646 = ORIENTED_EDGE ( 'NONE', *, *, #30, .T. ) ;
#2647 = LINE ( 'NONE', #561, #2339 ) ;
#2648 = CARTESIAN_POINT ( 'NONE',  ( -45.75000000000000000, 25.65429687500000355, 0.4000000000000114575 ) ) ;
#2649 = CARTESIAN_POINT ( 'NONE',  ( -17.60000000000000142, 20.15429687500000000, 2.000000000000000000 ) ) ;
#2650 = DIRECTION ( 'NONE',  ( 1.000000000000000000, -0.000000000000000000, -0.000000000000000000 ) ) ;
#2651 = VECTOR ( 'NONE', #1774, 1000.000000000000227 ) ;
#2652 = EDGE_CURVE ( 'NONE', #537, #2009, #301, .T. ) ;
#2653 = PLANE ( 'NONE',  #1420 ) ;
#2654 = EDGE_LOOP ( 'NONE', ( #2775, #2768, #2627, #1458 ) ) ;
#2655 = EDGE_CURVE ( 'NONE', #109, #1048, #2143, .T. ) ;
#2656 = ORIENTED_EDGE ( 'NONE', *, *, #1167, .F. ) ;
#2657 = EDGE_LOOP ( 'NONE', ( #85, #2966, #2469, #598, #2716 ) ) ;
#2658 = DIRECTION ( 'NONE',  ( 0.000000000000000000, 0.7071067811865465735, -0.7071067811865483499 ) ) ;
#2659 = ORIENTED_EDGE ( 'NONE', *, *, #382, .F. ) ;
#2660 = CARTESIAN_POINT ( 'NONE',  ( 8.450000000000002842, 20.90429687500000711, 0.000000000000000000 ) ) ;
#2661 = CARTESIAN_POINT ( 'NONE',  ( -45.48333333333334139, 25.52096354166666714, 0.2666666666666789309 ) ) ;
#2662 = PLANE ( 'NONE',  #1554 ) ;
#2663 = APPROVAL_STATUS ( 'not_yet_approved' ) ;
#2664 = LINE ( 'NONE', #1450, #2011 ) ;
#2665 = PRODUCT_DEFINITION_SHAPE ( 'NONE', 'NONE',  #737 ) ;
#2666 = FACE_OUTER_BOUND ( 'NONE', #1827, .T. ) ;
#2667 = ORIENTED_EDGE ( 'NONE', *, *, #1802, .T. ) ;
#2668 = VECTOR ( 'NONE', #926, 1000.000000000000000 ) ;
#2669 = ORIENTED_EDGE ( 'NONE', *, *, #409, .F. ) ;
#2670 = EDGE_LOOP ( 'NONE', ( #960, #158, #1020, #928 ) ) ;
#2671 = CARTESIAN_POINT ( 'NONE',  ( -45.75000000000000000, 25.65429687500000355, 6.000000000000000000 ) ) ;
#2672 = EDGE_CURVE ( 'NONE', #2331, #1477, #2664, .T. ) ;
#2673 = ORIENTED_EDGE ( 'NONE', *, *, #1557, .F. ) ;
#2674 = LINE ( 'NONE', #2202, #352 ) ;
#2675 = CC_DESIGN_DATE_AND_TIME_ASSIGNMENT ( #168, #848, ( #737 ) ) ;
#2676 = LINE ( 'NONE', #531, #2192 ) ;
#2677 = VECTOR ( 'NONE', #890, 1000.000000000000000 ) ;
#2678 = CARTESIAN_POINT ( 'NONE',  ( 8.450000000000002842, 20.90429687500000711, 0.000000000000000000 ) ) ;
#2679 = FACE_OUTER_BOUND ( 'NONE', #2083, .T. ) ;
#2680 = VECTOR ( 'NONE', #741, 1000.000000000000000 ) ;
#2681 = CARTESIAN_POINT ( 'NONE',  ( 17.95000000000000284, 20.15429687500000355, 2.000000000000000000 ) ) ;
#2682 = ORIENTED_EDGE ( 'NONE', *, *, #2706, .F. ) ;
#2683 = VERTEX_POINT ( 'NONE', #125 ) ;
#2684 = ORIENTED_EDGE ( 'NONE', *, *, #331, .F. ) ;
#2685 = AXIS2_PLACEMENT_3D ( 'NONE', #1568, #631, #831 ) ;
#2686 = FACE_OUTER_BOUND ( 'NONE', #1247, .T. ) ;
#2687 = ORIENTED_EDGE ( 'NONE', *, *, #606, .T. ) ;
#2688 = FACE_OUTER_BOUND ( 'NONE', #743, .T. ) ;
#2689 = DIRECTION ( 'NONE',  ( 1.000000000000000000, -0.000000000000000000, -0.000000000000000000 ) ) ;
#2690 = EDGE_CURVE ( 'NONE', #2327, #2152, #1714, .T. ) ;
#2691 = LINE ( 'NONE', #1044, #2394 ) ;
#2692 = PLANE ( 'NONE',  #1452 ) ;
#2693 = FACE_OUTER_BOUND ( 'NONE', #1218, .T. ) ;
#2694 = EDGE_CURVE ( 'NONE', #573, #1734, #111, .T. ) ;
#2695 = VECTOR ( 'NONE', #2497, 1000.000000000000000 ) ;
#2696 = DIRECTION ( 'NONE',  ( -1.000000000000000000, 0.000000000000000000, 0.000000000000000000 ) ) ;
#2697 = ORIENTED_EDGE ( 'NONE', *, *, #170, .F. ) ;
#2698 = VECTOR ( 'NONE', #944, 1000.000000000000000 ) ;
#2699 = CIRCLE ( 'NONE', #1567, 0.2500000000000002220 ) ;
#2700 = ORIENTED_EDGE ( 'NONE', *, *, #2655, .F. ) ;
#2701 = ORIENTED_EDGE ( 'NONE', *, *, #712, .T. ) ;
#2702 = CARTESIAN_POINT ( 'NONE',  ( 14.95000000000000107, 16.15429687500000355, 0.5000000000000000000 ) ) ;
#2703 = ORIENTED_EDGE ( 'NONE', *, *, #1866, .T. ) ;
#2704 = LINE ( 'NONE', #615, #498 ) ;
#2705 = VECTOR ( 'NONE', #1282, 1000.000000000000000 ) ;
#2706 = EDGE_CURVE ( 'NONE', #1896, #428, #64, .T. ) ;
#2707 = CARTESIAN_POINT ( 'NONE',  ( -45.75000000000000000, 11.05429687500000036, 0.4000000000000114575 ) ) ;
#2708 = CARTESIAN_POINT ( 'NONE',  ( -15.75000000000000000, 23.80429687500000213, 3.500000000000000444 ) ) ;
#2709 = CARTESIAN_POINT ( 'NONE',  ( -14.59999999999999787, 20.90429687500000355, 0.000000000000000000 ) ) ;
#2710 = LINE ( 'NONE', #1538, #2695 ) ;
#2711 = LINE ( 'NONE', #623, #1591 ) ;
#2712 = EDGE_LOOP ( 'NONE', ( #55, #1972, #1118, #1475 ) ) ;
#2713 = VECTOR ( 'NONE', #296, 1000.000000000000000 ) ;
#2714 = VERTEX_POINT ( 'NONE', #1240 ) ;
#2715 = DIRECTION ( 'NONE',  ( -0.000000000000000000, 0.000000000000000000, -1.000000000000000000 ) ) ;
#2716 = ORIENTED_EDGE ( 'NONE', *, *, #273, .F. ) ;
#2717 = FACE_OUTER_BOUND ( 'NONE', #2226, .T. ) ;
#2718 = PLANE ( 'NONE',  #1139 ) ;
#2719 = FACE_OUTER_BOUND ( 'NONE', #2361, .T. ) ;
#2720 = DATE_TIME_ROLE ( 'classification_date' ) ;
#2721 = DIRECTION ( 'NONE',  ( 6.308085367188390241E-16, -1.000000000000000000, 0.000000000000000000 ) ) ;
#2722 = CARTESIAN_POINT ( 'NONE',  ( -43.50000000000000000, 22.90429687500000355, 0.5999999999999999778 ) ) ;
#2723 = EDGE_CURVE ( 'NONE', #992, #2281, #1968, .T. ) ;
#2724 = EDGE_CURVE ( 'NONE', #1854, #2458, #2847, .T. ) ;
#2725 = VECTOR ( 'NONE', #122, 1000.000000000000000 ) ;
#2726 = ORIENTED_EDGE ( 'NONE', *, *, #1784, .T. ) ;
#2727 = ORIENTED_EDGE ( 'NONE', *, *, #108, .F. ) ;
#2728 = LINE ( 'NONE', #398, #1882 ) ;
#2729 = EDGE_LOOP ( 'NONE', ( #1378, #99, #2747, #219 ) ) ;
#2730 = ADVANCED_FACE ( 'NONE', ( #1222 ), #1949, .F. ) ;
#2731 = CARTESIAN_POINT ( 'NONE',  ( 40.25000000000000711, 14.40429687500000178, 0.5000000000000000000 ) ) ;
#2732 = VECTOR ( 'NONE', #224, 1000.000000000000000 ) ;
#2733 = DIRECTION ( 'NONE',  ( 0.000000000000000000, -1.000000000000000000, 0.000000000000000000 ) ) ;
#2734 = CIRCLE ( 'NONE', #885, 0.2499999999999997780 ) ;
#2735 = CARTESIAN_POINT ( 'NONE',  ( -15.75000000000000000, 23.55429687500000213, 3.750000000000000888 ) ) ;
#2736 = DIRECTION ( 'NONE',  ( -0.000000000000000000, 0.000000000000000000, 1.000000000000000000 ) ) ;
#2737 = PLANE ( 'NONE',  #825 ) ;
#2738 = DIRECTION ( 'NONE',  ( 0.000000000000000000, -1.000000000000000000, 0.000000000000000000 ) ) ;
#2739 = PLANE ( 'NONE',  #2789 ) ;
#2740 = EDGE_CURVE ( 'NONE', #2223, #2840, #1933, .T. ) ;
#2741 = AXIS2_PLACEMENT_3D ( 'NONE', #762, #1682, #98 ) ;
#2742 = ORIENTED_EDGE ( 'NONE', *, *, #1424, .F. ) ;
#2743 = ORIENTED_EDGE ( 'NONE', *, *, #707, .T. ) ;
#2744 = VECTOR ( 'NONE', #1436, 1000.000000000000000 ) ;
#2745 = FACE_OUTER_BOUND ( 'NONE', #307, .T. ) ;
#2746 = EDGE_LOOP ( 'NONE', ( #1742, #2456, #102, #2812, #2757, #1983 ) ) ;
#2747 = ORIENTED_EDGE ( 'NONE', *, *, #707, .F. ) ;
#2748 = CARTESIAN_POINT ( 'NONE',  ( -45.75000000000000000, 25.65429687500000355, 0.4000000000000114575 ) ) ;
#2749 = EDGE_CURVE ( 'NONE', #1107, #910, #82, .T. ) ;
#2750 = CARTESIAN_POINT ( 'NONE',  ( -45.48333333333334139, 10.78763020833333286, 0.2666666666666866470 ) ) ;
#2751 = LINE ( 'NONE', #184, #539 ) ;
#2752 = DIRECTION ( 'NONE',  ( 0.000000000000000000, 0.000000000000000000, 1.000000000000000000 ) ) ;
#2753 = DIRECTION ( 'NONE',  ( -1.000000000000000000, 0.000000000000000000, 1.156482317317871478E-16 ) ) ;
#2754 = CARTESIAN_POINT ( 'NONE',  ( 40.25000000000000711, 21.90429687500000000, 2.000000000000000000 ) ) ;
#2755 = CC_DESIGN_APPROVAL ( #2129, ( #737 ) ) ;
#2756 = ORIENTED_EDGE ( 'NONE', *, *, #2169, .F. ) ;
#2757 = ORIENTED_EDGE ( 'NONE', *, *, #1333, .T. ) ;
#2758 = CYLINDRICAL_SURFACE ( 'NONE', #1535, 0.2499999999999997780 ) ;
#2759 = ORIENTED_EDGE ( 'NONE', *, *, #443, .T. ) ;
#2760 = ORIENTED_EDGE ( 'NONE', *, *, #417, .F. ) ;
#2761 = ADVANCED_FACE ( 'NONE', ( #2606 ), #549, .F. ) ;
#2762 = LINE ( 'NONE', #671, #1129 ) ;
#2763 = DIRECTION ( 'NONE',  ( 0.000000000000000000, 0.000000000000000000, -1.000000000000000000 ) ) ;
#2764 = CARTESIAN_POINT ( 'NONE',  ( -27.90000000000000568, 21.90429687500000000, 0.5000000000000000000 ) ) ;
#2765 = DIRECTION ( 'NONE',  ( 0.000000000000000000, 0.000000000000000000, 1.000000000000000000 ) ) ;
#2766 = CARTESIAN_POINT ( 'NONE',  ( 45.85000000000001563, 23.80429687500000213, 6.000000000000000000 ) ) ;
#2767 = DIRECTION ( 'NONE',  ( 0.000000000000000000, -0.000000000000000000, -1.000000000000000000 ) ) ;
#2768 = ORIENTED_EDGE ( 'NONE', *, *, #601, .T. ) ;
#2769 = VECTOR ( 'NONE', #2035, 1000.000000000000000 ) ;
#2770 = EDGE_LOOP ( 'NONE', ( #925, #2399, #638, #1382 ) ) ;
#2771 = LINE ( 'NONE', #2547, #1341 ) ;
#2772 = ORIENTED_EDGE ( 'NONE', *, *, #2583, .F. ) ;
#2773 = ORIENTED_EDGE ( 'NONE', *, *, #454, .F. ) ;
#2774 = DIRECTION ( 'NONE',  ( 0.000000000000000000, -1.000000000000000000, 0.000000000000000000 ) ) ;
#2775 = ORIENTED_EDGE ( 'NONE', *, *, #654, .F. ) ;
#2776 = CARTESIAN_POINT ( 'NONE',  ( 5.450000000000003730, 16.15429687500000355, 0.5000000000000000000 ) ) ;
#2777 = CARTESIAN_POINT ( 'NONE',  ( 16.25000000000000000, 12.75429687500000142, 4.000000000000001776 ) ) ;
#2778 = EDGE_CURVE ( 'NONE', #34, #611, #1437, .T. ) ;
#2779 = AXIS2_PLACEMENT_3D ( 'NONE', #1506, #1536, #139 ) ;
#2780 = VECTOR ( 'NONE', #1658, 1000.000000000000000 ) ;
#2781 = DIRECTION ( 'NONE',  ( -1.000000000000000000, 2.775557561562890858E-16, -0.000000000000000000 ) ) ;
#2782 = DIRECTION ( 'NONE',  ( -0.000000000000000000, -0.000000000000000000, 1.000000000000000000 ) ) ;
#2783 = DIRECTION ( 'NONE',  ( 1.000000000000000000, 0.000000000000000000, 0.000000000000000000 ) ) ;
#2784 = FACE_OUTER_BOUND ( 'NONE', #2712, .T. ) ;
#2785 = VERTEX_POINT ( 'NONE', #2635 ) ;
#2786 = LINE ( 'NONE', #1347, #2965 ) ;
#2787 = ORIENTED_EDGE ( 'NONE', *, *, #1342, .F. ) ;
#2788 = VERTEX_POINT ( 'NONE', #1482 ) ;
#2789 = AXIS2_PLACEMENT_3D ( 'NONE', #879, #1103, #608 ) ;
#2790 = DIRECTION ( 'NONE',  ( 0.000000000000000000, -1.000000000000000000, 0.000000000000000000 ) ) ;
#2791 = ORIENTED_EDGE ( 'NONE', *, *, #2090, .T. ) ;
#2792 = ADVANCED_FACE ( 'NONE', ( #2191 ), #1030, .F. ) ;
#2793 = LINE ( 'NONE', #1816, #2732 ) ;
#2794 = CARTESIAN_POINT ( 'NONE',  ( -43.25000000000000000, 23.15429687500000355, 0.000000000000000000 ) ) ;
#2795 = DIRECTION ( 'NONE',  ( -0.000000000000000000, -0.000000000000000000, 1.000000000000000000 ) ) ;
#2796 = CARTESIAN_POINT ( 'NONE',  ( 0.000000000000000000, 11.05429687500002878, 0.000000000000000000 ) ) ;
#2797 = DIRECTION ( 'NONE',  ( 0.000000000000000000, -0.7071067811865477948, -0.7071067811865473507 ) ) ;
#2798 = EDGE_CURVE ( 'NONE', #2855, #410, #482, .T. ) ;
#2799 = CARTESIAN_POINT ( 'NONE',  ( 45.85000000000001563, 0.000000000000000000, 6.000000000000000000 ) ) ;
#2800 = ORIENTED_EDGE ( 'NONE', *, *, #690, .F. ) ;
#2801 = LINE ( 'NONE', #538, #2483 ) ;
#2802 = LINE ( 'NONE', #2577, #1937 ) ;
#2803 = ORIENTED_EDGE ( 'NONE', *, *, #1863, .F. ) ;
#2804 = ORIENTED_EDGE ( 'NONE', *, *, #580, .F. ) ;
#2805 = CARTESIAN_POINT ( 'NONE',  ( -43.25000000000000000, 23.15429687500000355, 0.3499999999999999223 ) ) ;
#2806 = DIRECTION ( 'NONE',  ( -0.000000000000000000, -0.000000000000000000, -1.000000000000000000 ) ) ;
#2807 = VECTOR ( 'NONE', #597, 1000.000000000000000 ) ;
#2808 = DIRECTION ( 'NONE',  ( 0.7071067811865505703, -0.4999999999999984457, -0.4999999999999971689 ) ) ;
#2809 = PLANE ( 'NONE',  #738 ) ;
#2810 = LINE ( 'NONE', #1599, #2599 ) ;
#2811 = CARTESIAN_POINT ( 'NONE',  ( -37.65000000000000568, 20.90429687500000355, 0.000000000000000000 ) ) ;
#2812 = ORIENTED_EDGE ( 'NONE', *, *, #637, .F. ) ;
#2813 = CARTESIAN_POINT ( 'NONE',  ( -45.35000000000000142, 25.65429687500000355, 6.000000000000000000 ) ) ;
#2814 = CARTESIAN_POINT ( 'NONE',  ( -45.75000000000000000, 25.65429687500000355, 0.4000000000000114575 ) ) ;
#2815 = EDGE_CURVE ( 'NONE', #1280, #1095, #1162, .T. ) ;
#2816 = VECTOR ( 'NONE', #308, 1000.000000000000000 ) ;
#2817 = ORIENTED_EDGE ( 'NONE', *, *, #415, .T. ) ;
#2818 = ORIENTED_EDGE ( 'NONE', *, *, #2069, .T. ) ;
#2819 = CARTESIAN_POINT ( 'NONE',  ( 46.25000000000000000, 25.65429687500000355, 0.4000000000000114575 ) ) ;
#2820 = EDGE_CURVE ( 'NONE', #1119, #2070, #894, .T. ) ;
#2821 = ORIENTED_EDGE ( 'NONE', *, *, #108, .T. ) ;
#2822 = DIRECTION ( 'NONE',  ( 1.000000000000000000, -0.000000000000000000, -0.000000000000000000 ) ) ;
#2823 = DIRECTION ( 'NONE',  ( 0.000000000000000000, 0.000000000000000000, -1.000000000000000000 ) ) ;
#2824 = EDGE_CURVE ( 'NONE', #13, #1001, #1865, .T. ) ;
#2825 = EDGE_LOOP ( 'NONE', ( #2700, #1746, #3001, #1228 ) ) ;
#2826 = DIRECTION ( 'NONE',  ( 1.000000000000000000, -0.000000000000000000, -0.000000000000000000 ) ) ;
#2827 = DIRECTION ( 'NONE',  ( 0.000000000000000000, 0.000000000000000000, -1.000000000000000000 ) ) ;
#2828 = CARTESIAN_POINT ( 'NONE',  ( 38.00000000000000000, 20.90429687500000711, 0.5000000000000000000 ) ) ;
#2829 = VECTOR ( 'NONE', #1582, 1000.000000000000000 ) ;
#2830 = AXIS2_PLACEMENT_3D ( 'NONE', #1675, #2822, #282 ) ;
#2831 = DIRECTION ( 'NONE',  ( 0.000000000000000000, 1.000000000000000000, 0.000000000000000000 ) ) ;
#2832 = EDGE_CURVE ( 'NONE', #340, #1233, #2525, .T. ) ;
#2833 = VERTEX_POINT ( 'NONE', #2976 ) ;
#2834 = LINE ( 'NONE', #2576, #2040 ) ;
#2835 = FACE_BOUND ( 'NONE', #2904, .T. ) ;
#2836 = ORIENTED_EDGE ( 'NONE', *, *, #773, .F. ) ;
#2837 = VERTEX_POINT ( 'NONE', #1613 ) ;
#2838 = CARTESIAN_POINT ( 'NONE',  ( -45.34999999999998721, 0.000000000000000000, 0.000000000000000000 ) ) ;
#2839 = VECTOR ( 'NONE', #2206, 1000.000000000000000 ) ;
#2840 = VERTEX_POINT ( 'NONE', #2510 ) ;
#2841 = CARTESIAN_POINT ( 'NONE',  ( -45.75000000000000000, 12.50429687500000142, 6.000000000000000000 ) ) ;
#2842 = VECTOR ( 'NONE', #27, 1000.000000000000000 ) ;
#2843 = LINE ( 'NONE', #1961, #2557 ) ;
#2844 = VECTOR ( 'NONE', #1833, 1000.000000000000000 ) ;
#2845 = DIRECTION ( 'NONE',  ( -0.000000000000000000, 1.000000000000000000, 0.000000000000000000 ) ) ;
#2846 = DIRECTION ( 'NONE',  ( 1.000000000000000000, 0.000000000000000000, 0.000000000000000000 ) ) ;
#2847 = LINE ( 'NONE', #1015, #364 ) ;
#2848 = VECTOR ( 'NONE', #2689, 1000.000000000000000 ) ;
#2849 = CARTESIAN_POINT ( 'NONE',  ( 0.000000000000000000, 0.000000000000000000, 0.5000000000000000000 ) ) ;
#2850 = ORIENTED_EDGE ( 'NONE', *, *, #2371, .F. ) ;
#2851 = CARTESIAN_POINT ( 'NONE',  ( 38.00000000000000000, 20.90429687500000711, 0.000000000000000000 ) ) ;
#2852 = VERTEX_POINT ( 'NONE', #228 ) ;
#2853 = ORIENTED_EDGE ( 'NONE', *, *, #273, .T. ) ;
#2854 = CARTESIAN_POINT ( 'NONE',  ( -37.65000000000000568, 15.40429687500000355, 0.000000000000000000 ) ) ;
#2855 = VERTEX_POINT ( 'NONE', #1818 ) ;
#2856 = CARTESIAN_POINT ( 'NONE',  ( 16.25000000000000000, 23.80429687500000213, 3.999999999999998224 ) ) ;
#2857 = EDGE_CURVE ( 'NONE', #1233, #1547, #1403, .T. ) ;
#2858 = CARTESIAN_POINT ( 'NONE',  ( -37.65000000000000568, 15.40429687500000355, 0.000000000000000000 ) ) ;
#2859 = EDGE_CURVE ( 'NONE', #1657, #491, #242, .T. ) ;
#2860 = VECTOR ( 'NONE', #427, 1000.000000000000000 ) ;
#2861 = ORIENTED_EDGE ( 'NONE', *, *, #2371, .T. ) ;
#2862 = CARTESIAN_POINT ( 'NONE',  ( -30.75000000000000000, 12.50429687500000142, 3.500000000000000888 ) ) ;
#2863 = APPROVAL_ROLE ( '' ) ;
#2864 = MANIFOLD_SOLID_BREP ( 'Chamfer5', #729 ) ;
#2865 = DIRECTION ( 'NONE',  ( 0.000000000000000000, -1.000000000000000000, 0.000000000000000000 ) ) ;
#2866 = CARTESIAN_POINT ( 'NONE',  ( 46.25000000000000000, 23.80429687500000213, 5.600000000000002309 ) ) ;
#2867 = ORIENTED_EDGE ( 'NONE', *, *, #1641, .F. ) ;
#2868 = DIRECTION ( 'NONE',  ( 0.000000000000000000, -1.000000000000000000, 0.000000000000000000 ) ) ;
#2869 = ORIENTED_EDGE ( 'NONE', *, *, #1232, .F. ) ;
#2870 = EDGE_LOOP ( 'NONE', ( #1485, #1792, #2439, #1702 ) ) ;
#2871 = CARTESIAN_POINT ( 'NONE',  ( -44.00000000000000000, 13.15429687500000355, 0.2500000000000000000 ) ) ;
#2872 = ORIENTED_EDGE ( 'NONE', *, *, #394, .T. ) ;
#2873 = CARTESIAN_POINT ( 'NONE',  ( -14.59999999999999787, 20.90429687500000355, 0.000000000000000000 ) ) ;
#2874 = AXIS2_PLACEMENT_3D ( 'NONE', #1071, #1787, #2942 ) ;
#2875 = EDGE_CURVE ( 'NONE', #2327, #143, #422, .T. ) ;
#2876 = CARTESIAN_POINT ( 'NONE',  ( 8.450000000000002842, 15.40429687500000355, 2.000000000000000000 ) ) ;
#2877 = VECTOR ( 'NONE', #2307, 1000.000000000000114 ) ;
#2878 = DIRECTION ( 'NONE',  ( -0.000000000000000000, -0.000000000000000000, 1.000000000000000000 ) ) ;
#2879 = PERSON_AND_ORGANIZATION_ROLE ( 'design_owner' ) ;
#2880 = EDGE_CURVE ( 'NONE', #910, #1979, #1357, .T. ) ;
#2881 = DIRECTION ( 'NONE',  ( -0.000000000000000000, 0.000000000000000000, 1.000000000000000000 ) ) ;
#2882 = LINE ( 'NONE', #2406, #2207 ) ;
#2883 = VERTEX_POINT ( 'NONE', #878 ) ;
#2884 = LINE ( 'NONE', #2006, #2531 ) ;
#2885 = AXIS2_PLACEMENT_3D ( 'NONE', #1519, #1984, #2474 ) ;
#2886 = ORIENTED_EDGE ( 'NONE', *, *, #843, .T. ) ;
#2887 = VERTEX_POINT ( 'NONE', #2766 ) ;
#2888 = CARTESIAN_POINT ( 'NONE',  ( -45.75000000000000000, 24.65429687500000711, 6.000000000000000000 ) ) ;
#2889 = ORIENTED_EDGE ( 'NONE', *, *, #1333, .F. ) ;
#2890 = CARTESIAN_POINT ( 'NONE',  ( -45.55000000000000426, 10.85429687500000284, 0.2000000000000195233 ) ) ;
#2891 = CARTESIAN_POINT ( 'NONE',  ( 46.25000000000000711, 12.50429687500000142, 6.000011999999999901 ) ) ;
#2892 = VECTOR ( 'NONE', #1834, 1000.000000000000000 ) ;
#2893 = EDGE_CURVE ( 'NONE', #1807, #1720, #2066, .T. ) ;
#2894 = VERTEX_POINT ( 'NONE', #1803 ) ;
#2895 = FACE_OUTER_BOUND ( 'NONE', #1289, .T. ) ;
#2896 = DATE_AND_TIME ( #2494, #1930 ) ;
#2897 = CARTESIAN_POINT ( 'NONE',  ( 0.000000000000000000, 0.000000000000000000, 2.000000000000000000 ) ) ;
#2898 = VECTOR ( 'NONE', #2827, 1000.000000000000000 ) ;
#2899 = DIRECTION ( 'NONE',  ( 1.000000000000000000, 0.000000000000000000, 0.000000000000000000 ) ) ;
#2900 = ORIENTED_EDGE ( 'NONE', *, *, #225, .T. ) ;
#2901 = EDGE_CURVE ( 'NONE', #1001, #766, #663, .T. ) ;
#2902 = EDGE_CURVE ( 'NONE', #1048, #1154, #1343, .T. ) ;
#2903 = ORIENTED_EDGE ( 'NONE', *, *, #1866, .F. ) ;
#2904 = EDGE_LOOP ( 'NONE', ( #1443, #2596, #1214, #2258 ) ) ;
#2905 = CYLINDRICAL_SURFACE ( 'NONE', #1489, 0.2500000000000000000 ) ;
#2906 = ORIENTED_EDGE ( 'NONE', *, *, #1424, .T. ) ;
#2907 = DIRECTION ( 'NONE',  ( 0.000000000000000000, 0.000000000000000000, -1.000000000000000000 ) ) ;
#2908 = LOCAL_TIME ( 9, 53, 21.00000000000000000, #2956 ) ;
#2909 = DIRECTION ( 'NONE',  ( 1.000000000000000000, 0.000000000000000000, 0.000000000000000000 ) ) ;
#2910 = DIRECTION ( 'NONE',  ( 0.000000000000000000, -1.000000000000000000, 0.000000000000000000 ) ) ;
#2911 = PERSON_AND_ORGANIZATION_ROLE ( 'classification_officer' ) ;
#2912 = FACE_BOUND ( 'NONE', #666, .T. ) ;
#2913 =( BOUNDED_CURVE ( )  B_SPLINE_CURVE ( 3, ( #2342, #1225, #2626, #276 ),
 .UNSPECIFIED., .F., .T. ) 
 B_SPLINE_CURVE_WITH_KNOTS ( ( 4, 4 ),
 ( 3.141592653589793116, 4.712388980384689674 ),
 .UNSPECIFIED. ) 
 CURVE ( )  GEOMETRIC_REPRESENTATION_ITEM ( )  RATIONAL_B_SPLINE_CURVE ( ( 1.000000000000000000, 0.8047378541243649375, 0.8047378541243649375, 1.000000000000000000 ) ) 
 REPRESENTATION_ITEM ( '' )  );
#2914 = DIRECTION ( 'NONE',  ( -0.7071067811865583419, -0.4999999999999930611, -0.4999999999999917843 ) ) ;
#2915 = ORIENTED_EDGE ( 'NONE', *, *, #2446, .F. ) ;
#2916 = EDGE_CURVE ( 'NONE', #1053, #1905, #256, .T. ) ;
#2917 = ORIENTED_EDGE ( 'NONE', *, *, #865, .F. ) ;
#2918 = ORIENTED_EDGE ( 'NONE', *, *, #2000, .F. ) ;
#2919 = EDGE_CURVE ( 'NONE', #1703, #1558, #906, .T. ) ;
#2920 = PLANE ( 'NONE',  #2179 ) ;
#2921 = ORIENTED_EDGE ( 'NONE', *, *, #1945, .T. ) ;
#2922 = PLANE ( 'NONE',  #641 ) ;
#2923 = CARTESIAN_POINT ( 'NONE',  ( -30.75000000000000000, 13.25429687500000142, 3.500000000000000888 ) ) ;
#2924 = AXIS2_PLACEMENT_3D ( 'NONE', #404, #2736, #1113 ) ;
#2925 = DIRECTION ( 'NONE',  ( 1.000000000000000000, 0.000000000000000000, 0.000000000000000000 ) ) ;
#2926 = PERSON_AND_ORGANIZATION_ROLE ( 'creator' ) ;
#2927 = FACE_OUTER_BOUND ( 'NONE', #1123, .T. ) ;
#2928 = VECTOR ( 'NONE', #1691, 1000.000000000000000 ) ;
#2929 = EDGE_CURVE ( 'NONE', #1048, #2008, #453, .T. ) ;
#2930 = DIRECTION ( 'NONE',  ( 0.000000000000000000, 0.7071067811865465735, -0.7071067811865483499 ) ) ;
#2931 = ORIENTED_EDGE ( 'NONE', *, *, #87, .T. ) ;
#2932 = EDGE_CURVE ( 'NONE', #1107, #2364, #1146, .T. ) ;
#2933 = VERTEX_POINT ( 'NONE', #692 ) ;
#2934 = ORIENTED_EDGE ( 'NONE', *, *, #2462, .F. ) ;
#2935 = CIRCLE ( 'NONE', #2149, 0.2500000000000002220 ) ;
#2936 = DIRECTION ( 'NONE',  ( 0.000000000000000000, 0.000000000000000000, -1.000000000000000000 ) ) ;
#2937 = VERTEX_POINT ( 'NONE', #921 ) ;
#2938 = DIRECTION ( 'NONE',  ( 1.000000000000000000, 0.000000000000000000, 1.445602896647339410E-16 ) ) ;
#2939 = LINE ( 'NONE', #2230, #2952 ) ;
#2940 = DIRECTION ( 'NONE',  ( 1.000000000000000000, -0.000000000000000000, 1.445602896647339410E-16 ) ) ;
#2941 = COORDINATED_UNIVERSAL_TIME_OFFSET ( 5, 0, .BEHIND. ) ;
#2942 = DIRECTION ( 'NONE',  ( -0.000000000000000000, 0.000000000000000000, 1.000000000000000000 ) ) ;
#2943 = CARTESIAN_POINT ( 'NONE',  ( 14.95000000000000107, 20.15429687500000355, 2.000000000000000000 ) ) ;
#2944 = AXIS2_PLACEMENT_3D ( 'NONE', #727, #1177, #2113 ) ;
#2945 = PLANE ( 'NONE',  #1760 ) ;
#2946 = CARTESIAN_POINT ( 'NONE',  ( 5.450000000000002842, 20.15429687500000711, 0.5000000000000000000 ) ) ;
#2947 = ORIENTED_EDGE ( 'NONE', *, *, #1236, .F. ) ;
#2948 = ORIENTED_EDGE ( 'NONE', *, *, #665, .T. ) ;
#2949 = DIRECTION ( 'NONE',  ( 1.000000000000000000, -0.000000000000000000, -1.734723475976807094E-16 ) ) ;
#2950 = ORIENTED_EDGE ( 'NONE', *, *, #478, .F. ) ;
#2951 = CARTESIAN_POINT ( 'NONE',  ( -15.75000000000000000, 12.50429687500000142, 3.999999999999999112 ) ) ;
#2952 = VECTOR ( 'NONE', #844, 1000.000000000000000 ) ;
#2953 = CARTESIAN_POINT ( 'NONE',  ( -8.099999999999999645, 20.90429687500000711, 2.000000000000000000 ) ) ;
#2954 = EDGE_CURVE ( 'NONE', #1829, #808, #2699, .T. ) ;
#2955 = DIRECTION ( 'NONE',  ( 0.000000000000000000, -0.000000000000000000, -1.000000000000000000 ) ) ;
#2956 = COORDINATED_UNIVERSAL_TIME_OFFSET ( 5, 0, .BEHIND. ) ;
#2957 = CARTESIAN_POINT ( 'NONE',  ( -17.60000000000000142, 16.15429687500000000, 0.5000000000000000000 ) ) ;
#2958 = EDGE_CURVE ( 'NONE', #1229, #134, #936, .T. ) ;
#2959 = EDGE_CURVE ( 'NONE', #2151, #2514, #2159, .T. ) ;
#2960 = SECURITY_CLASSIFICATION ( '', '', #2190 ) ;
#2961 = DIRECTION ( 'NONE',  ( -2.668805347656625692E-16, -1.000000000000000000, 0.000000000000000000 ) ) ;
#2962 = ORIENTED_EDGE ( 'NONE', *, *, #1963, .T. ) ;
#2963 = ORIENTED_EDGE ( 'NONE', *, *, #1744, .F. ) ;
#2964 = PRODUCT ( 'COAS Holder', 'COAS Holder', '', ( #997 ) ) ;
#2965 = VECTOR ( 'NONE', #2102, 1000.000000000000000 ) ;
#2966 = ORIENTED_EDGE ( 'NONE', *, *, #607, .F. ) ;
#2967 = DIRECTION ( 'NONE',  ( 0.000000000000000000, -1.000000000000000000, 0.000000000000000000 ) ) ;
#2968 = ORIENTED_EDGE ( 'NONE', *, *, #213, .T. ) ;
#2969 = CARTESIAN_POINT ( 'NONE',  ( 46.11975214338981743, 11.76603187127127548, 5.730247856610192869 ) ) ;
#2970 = DIRECTION ( 'NONE',  ( -0.000000000000000000, 0.000000000000000000, 1.000000000000000000 ) ) ;
#2971 = ADVANCED_FACE ( 'NONE', ( #548 ), #787, .F. ) ;
#2972 = FACE_OUTER_BOUND ( 'NONE', #2562, .T. ) ;
#2973 = CARTESIAN_POINT ( 'NONE',  ( 15.58333333333405335, -5.012369791667016017, -30.26666666666594452 ) ) ;
#2974 = PLANE ( 'NONE',  #2236 ) ;
#2975 = ADVANCED_FACE ( 'NONE', ( #2355 ), #1913, .T. ) ;
#2976 = CARTESIAN_POINT ( 'NONE',  ( 16.25000000000000000, 23.55429687500000213, 3.999999999999998224 ) ) ;
#2977 = CARTESIAN_POINT ( 'NONE',  ( -43.75000000000000000, 23.15429687500000355, 0.5999999999999999778 ) ) ;
#2978 = VECTOR ( 'NONE', #1610, 1000.000000000000000 ) ;
#2979 = EDGE_LOOP ( 'NONE', ( #457, #2305, #541, #275 ) ) ;
#2980 = ORIENTED_EDGE ( 'NONE', *, *, #880, .F. ) ;
#2981 = EDGE_CURVE ( 'NONE', #202, #424, #776, .T. ) ;
#2982 = CARTESIAN_POINT ( 'NONE',  ( -45.75000000000000000, 18.93713958747462556, 12.71715728752537977 ) ) ;
#2983 = ORIENTED_EDGE ( 'NONE', *, *, #137, .T. ) ;
#2984 = ORIENTED_EDGE ( 'NONE', *, *, #571, .F. ) ;
#2985 = AXIS2_PLACEMENT_3D ( 'NONE', #2218, #2205, #1550 ) ;
#2986 = DIRECTION ( 'NONE',  ( 0.000000000000000000, 0.7071067811865477948, 0.7071067811865473507 ) ) ;
#2987 = AXIS2_PLACEMENT_3D ( 'NONE', #2552, #463, #1830 ) ;
#2988 = CARTESIAN_POINT ( 'NONE',  ( -43.25000000000000000, 13.15429687500000355, 0.000000000000000000 ) ) ;
#2989 = DIRECTION ( 'NONE',  ( 0.000000000000000000, 0.000000000000000000, -1.000000000000000000 ) ) ;
#2990 = DIRECTION ( 'NONE',  ( -3.154042683594195121E-16, -1.000000000000000000, 0.000000000000000000 ) ) ;
#2991 = PLANE ( 'NONE',  #2338 ) ;
#2992 = DIRECTION ( 'NONE',  ( -0.000000000000000000, -0.000000000000000000, 1.000000000000000000 ) ) ;
#2993 = DIRECTION ( 'NONE',  ( -1.000000000000000000, 0.000000000000000000, -1.156482317317871478E-16 ) ) ;
#2994 = AXIS2_PLACEMENT_3D ( 'NONE', #923, #2556, #1405 ) ;
#2995 = EDGE_LOOP ( 'NONE', ( #2817, #1156, #2397, #2983 ) ) ;
#2996 = VECTOR ( 'NONE', #1598, 1000.000000000000000 ) ;
#2997 = LINE ( 'NONE', #1137, #2033 ) ;
#2998 = ORIENTED_EDGE ( 'NONE', *, *, #607, .T. ) ;
#2999 = ORIENTED_EDGE ( 'NONE', *, *, #1134, .T. ) ;
#3000 = CARTESIAN_POINT ( 'NONE',  ( 14.95000000000000107, 15.40429687500000355, 2.000000000000000000 ) ) ;
#3001 = ORIENTED_EDGE ( 'NONE', *, *, #1560, .T. ) ;
#3002 = DIRECTION ( 'NONE',  ( 0.6785983445458517727, 0.6785983445458282359, 0.2810846377148537023 ) ) ;
#3003 = CYLINDRICAL_SURFACE ( 'NONE', #1404, 0.2500000000000002220 ) ;
#3004 = CARTESIAN_POINT ( 'NONE',  ( 47.00000000000000000, 23.55429687500000213, 3.750000000000002665 ) ) ;
#3005 = DIRECTION ( 'NONE',  ( 0.000000000000000000, -1.000000000000000000, 0.000000000000000000 ) ) ;
#3006 = PLANE ( 'NONE',  #2944 ) ;
#3007 = LOCAL_TIME ( 9, 53, 21.00000000000000000, #1694 ) ;
#3008 = ORIENTED_EDGE ( 'NONE', *, *, #865, .T. ) ;
#3009 = ADVANCED_FACE ( 'NONE', ( #949 ), #1932, .T. ) ;
#3010 = ORIENTED_EDGE ( 'NONE', *, *, #72, .T. ) ;
#3011 = CARTESIAN_POINT ( 'NONE',  ( -14.59999999999999787, 20.90429687500000355, 2.000000000000000000 ) ) ;
#3012 = EDGE_CURVE ( 'NONE', #1562, #2837, #1880, .T. ) ;
#3013 = AXIS2_PLACEMENT_3D ( 'NONE', #2671, #370, #2441 ) ;
#3014 = ORIENTED_EDGE ( 'NONE', *, *, #2724, .T. ) ;
#3015 = ADVANCED_FACE ( 'NONE', ( #1948 ), #500, .F. ) ;
#3016 = EDGE_LOOP ( 'NONE', ( #1345, #1919, #680, #939 ) ) ;
#3017 = LINE ( 'NONE', #448, #1516 ) ;
#3018 = DIRECTION ( 'NONE',  ( 1.000000000000000000, 0.000000000000000000, 0.000000000000000000 ) ) ;
#3019 = PLANE ( 'NONE',  #2091 ) ;
ENDSEC;
END-ISO-10303-21;
