ISO-10303-21;
HEADER;
FILE_DESCRIPTION (( 'STEP AP203' ),
    '1' );
FILE_NAME ('COAS x2 Holder.STEP',
    '2025-08-01T00:44:11',
    ( '' ),
    ( '' ),
    'SwSTEP 2.0',
    'SolidWorks 2025',
    '' );
FILE_SCHEMA (( 'CONFIG_CONTROL_DESIGN' ));
ENDSEC;

DATA;
#1 = AXIS2_PLACEMENT_3D ( 'NONE', #4831, #3314, #1435 ) ;
#2 = DIRECTION ( 'NONE',  ( 2.775557561562890858E-16, -1.000000000000000000, 0.000000000000000000 ) ) ;
#3 = EDGE_CURVE ( 'NONE', #4032, #2554, #817, .T. ) ;
#4 = DIRECTION ( 'NONE',  ( 0.000000000000000000, -1.000000000000000000, 0.000000000000000000 ) ) ;
#5 = LINE ( 'NONE', #2639, #164 ) ;
#6 = ORIENTED_EDGE ( 'NONE', *, *, #2564, .T. ) ;
#7 = CARTESIAN_POINT ( 'NONE',  ( -119.8999999999999915, 14.40429687500000178, 0.5000000000000000000 ) ) ;
#8 = LINE ( 'NONE', #3737, #829 ) ;
#9 = EDGE_CURVE ( 'NONE', #4207, #2729, #3480, .T. ) ;
#10 = ORIENTED_EDGE ( 'NONE', *, *, #1482, .T. ) ;
#11 = CARTESIAN_POINT ( 'NONE',  ( -60.74999999999998579, 23.80429687500000213, 4.250000000000000000 ) ) ;
#12 = PRODUCT_DEFINITION_SHAPE ( 'NONE', 'NONE',  #2682 ) ;
#13 = DIRECTION ( 'NONE',  ( 0.000000000000000000, -1.000000000000000000, 0.000000000000000000 ) ) ;
#14 = LINE ( 'NONE', #1124, #4731 ) ;
#15 = CARTESIAN_POINT ( 'NONE',  ( -4.899999999999955946, 20.15429687499999645, 0.5000000000000000000 ) ) ;
#16 = VECTOR ( 'NONE', #3304, 1000.000000000000000 ) ;
#17 = ORIENTED_EDGE ( 'NONE', *, *, #2361, .T. ) ;
#18 = CARTESIAN_POINT ( 'NONE',  ( -122.7499999999999858, 12.75429687500000142, 4.250000000000007994 ) ) ;
#19 = VERTEX_POINT ( 'NONE', #2717 ) ;
#20 = ORIENTED_EDGE ( 'NONE', *, *, #540, .T. ) ;
#21 = AXIS2_PLACEMENT_3D ( 'NONE', #1082, #37, #2974 ) ;
#22 = DIRECTION ( 'NONE',  ( -0.000000000000000000, 1.000000000000000000, -0.000000000000000000 ) ) ;
#23 = LINE ( 'NONE', #1134, #442 ) ;
#24 = EDGE_CURVE ( 'NONE', #4846, #4187, #1602, .T. ) ;
#25 = CARTESIAN_POINT ( 'NONE',  ( -77.04999999999995453, 20.90429687500000711, 0.5000000000000000000 ) ) ;
#26 = ORIENTED_EDGE ( 'NONE', *, *, #4848, .T. ) ;
#27 = FACE_OUTER_BOUND ( 'NONE', #113, .T. ) ;
#28 = FACE_OUTER_BOUND ( 'NONE', #3233, .T. ) ;
#29 = AXIS2_PLACEMENT_3D ( 'NONE', #4553, #1162, #4173 ) ;
#30 = DIRECTION ( 'NONE',  ( -0.000000000000000000, -0.000000000000000000, 1.000000000000000000 ) ) ;
#31 = VERTEX_POINT ( 'NONE', #2026 ) ;
#32 = ORIENTED_EDGE ( 'NONE', *, *, #292, .T. ) ;
#33 = CARTESIAN_POINT ( 'NONE',  ( -60.74999999999998579, 23.55429687500000213, 3.750000000000000444 ) ) ;
#34 = EDGE_CURVE ( 'NONE', #1351, #2367, #76, .T. ) ;
#35 = CARTESIAN_POINT ( 'NONE',  ( -60.74999999999998579, 23.05429687500000213, 4.250000000000000000 ) ) ;
#36 = CARTESIAN_POINT ( 'NONE',  ( -106.5999999999999659, 20.90429687499998934, 2.000000000000000000 ) ) ;
#37 = DIRECTION ( 'NONE',  ( -0.000000000000000000, 0.000000000000000000, 1.000000000000000000 ) ) ;
#38 = ORIENTED_EDGE ( 'NONE', *, *, #2227, .T. ) ;
#39 = DIRECTION ( 'NONE',  ( 0.000000000000000000, -1.000000000000000000, 0.000000000000000000 ) ) ;
#40 = ORIENTED_EDGE ( 'NONE', *, *, #1555, .T. ) ;
#41 = VERTEX_POINT ( 'NONE', #501 ) ;
#42 = VECTOR ( 'NONE', #1026, 1000.000000000000000 ) ;
#43 = VECTOR ( 'NONE', #1256, 1000.000000000000000 ) ;
#44 = CARTESIAN_POINT ( 'NONE',  ( -137.3499999999999659, 10.65429687500000355, 5.000000000000000000 ) ) ;
#45 = CARTESIAN_POINT ( 'NONE',  ( -28.74999999999998224, 23.05429687500000213, 4.249999999999998224 ) ) ;
#46 = CARTESIAN_POINT ( 'NONE',  ( -14.39999999999995417, 20.90429687499999289, 2.000000000000000000 ) ) ;
#47 = ORIENTED_EDGE ( 'NONE', *, *, #2069, .T. ) ;
#48 = ADVANCED_FACE ( 'NONE', ( #4630 ), #2427, .F. ) ;
#49 = LINE ( 'NONE', #1974, #3873 ) ;
#50 = CARTESIAN_POINT ( 'NONE',  ( -14.39999999999995417, 20.90429687499999289, 0.000000000000000000 ) ) ;
#51 = DIRECTION ( 'NONE',  ( -0.000000000000000000, -0.000000000000000000, -1.000000000000000000 ) ) ;
#52 = ORIENTED_EDGE ( 'NONE', *, *, #2561, .F. ) ;
#53 = VERTEX_POINT ( 'NONE', #4682 ) ;
#54 = LINE ( 'NONE', #1265, #2560 ) ;
#55 = CARTESIAN_POINT ( 'NONE',  ( -75.74999999999998579, 12.75429687500000142, 3.750000000000007994 ) ) ;
#56 = DIRECTION ( 'NONE',  ( 0.000000000000000000, 0.000000000000000000, 1.000000000000000000 ) ) ;
#57 = LINE ( 'NONE', #3063, #1615 ) ;
#58 = DIRECTION ( 'NONE',  ( -1.000000000000000000, 0.000000000000000000, -1.156482317317871478E-16 ) ) ;
#59 = EDGE_LOOP ( 'NONE', ( #3269, #3976, #4616 ) ) ;
#60 = LINE ( 'NONE', #3092, #2236 ) ;
#61 = CARTESIAN_POINT ( 'NONE',  ( -135.4999999999999716, 13.40429687500000355, 0.5999999999999999778 ) ) ;
#62 = VECTOR ( 'NONE', #4763, 1000.000000000000000 ) ;
#63 = VECTOR ( 'NONE', #3795, 1000.000000000000000 ) ;
#64 = ORIENTED_EDGE ( 'NONE', *, *, #2388, .F. ) ;
#65 = ADVANCED_FACE ( 'NONE', ( #3161 ), #4225, .T. ) ;
#66 = VECTOR ( 'NONE', #181, 1000.000000000000000 ) ;
#67 = ORIENTED_EDGE ( 'NONE', *, *, #3205, .F. ) ;
#68 = CARTESIAN_POINT ( 'NONE',  ( -107.7499999999999858, 13.25429687500000142, 3.750000000000006217 ) ) ;
#69 = CARTESIAN_POINT ( 'NONE',  ( -77.04999999999995453, 20.90429687500000711, 0.000000000000000000 ) ) ;
#70 = DIRECTION ( 'NONE',  ( -0.000000000000000000, 0.000000000000000000, 1.000000000000000000 ) ) ;
#71 = EDGE_LOOP ( 'NONE', ( #4495, #3039, #1093, #1080 ) ) ;
#72 = LINE ( 'NONE', #3882, #1826 ) ;
#73 = LINE ( 'NONE', #4653, #625 ) ;
#74 = EDGE_CURVE ( 'NONE', #2034, #324, #841, .T. ) ;
#75 = CARTESIAN_POINT ( 'NONE',  ( -75.74999999999998579, 13.25429687500000142, 3.750000000000007994 ) ) ;
#76 = LINE ( 'NONE', #3886, #708 ) ;
#77 = VERTEX_POINT ( 'NONE', #2003 ) ;
#78 = DIRECTION ( 'NONE',  ( 0.000000000000000000, -0.000000000000000000, 1.000000000000000000 ) ) ;
#79 = EDGE_CURVE ( 'NONE', #245, #3728, #3505, .T. ) ;
#80 = LINE ( 'NONE', #1633, #3557 ) ;
#81 = LINE ( 'NONE', #3538, #1638 ) ;
#82 = VECTOR ( 'NONE', #3430, 1000.000000000000000 ) ;
#83 = FACE_OUTER_BOUND ( 'NONE', #3897, .T. ) ;
#84 = EDGE_CURVE ( 'NONE', #1377, #4114, #579, .T. ) ;
#85 = ORIENTED_EDGE ( 'NONE', *, *, #1349, .F. ) ;
#86 = PLANE ( 'NONE',  #4774 ) ;
#87 = LINE ( 'NONE', #2387, #2661 ) ;
#88 = VECTOR ( 'NONE', #1468, 1000.000000000000000 ) ;
#89 = ORIENTED_EDGE ( 'NONE', *, *, #975, .F. ) ;
#90 = EDGE_LOOP ( 'NONE', ( #1650, #2443, #3364, #1827 ) ) ;
#91 = EDGE_CURVE ( 'NONE', #547, #439, #2079, .T. ) ;
#92 = CARTESIAN_POINT ( 'NONE',  ( -60.74999999999998579, 23.55429687500000213, 4.250000000000000000 ) ) ;
#93 = DIRECTION ( 'NONE',  ( 1.000000000000000000, 0.000000000000000000, 1.156482317317871478E-16 ) ) ;
#94 = ORIENTED_EDGE ( 'NONE', *, *, #3385, .F. ) ;
#95 = DIRECTION ( 'NONE',  ( -4.625929269271488872E-16, -1.000000000000000000, 0.000000000000000000 ) ) ;
#96 = CARTESIAN_POINT ( 'NONE',  ( -74.04999999999996874, 20.15429687500000711, 0.5000000000000000000 ) ) ;
#97 = DIRECTION ( 'NONE',  ( -0.000000000000000000, -0.000000000000000000, 1.000000000000000000 ) ) ;
#98 = FACE_OUTER_BOUND ( 'NONE', #2207, .T. ) ;
#99 = EDGE_LOOP ( 'NONE', ( #2655, #3985, #1354, #67, #2301, #3553, #2119, #4362 ) ) ;
#100 = DIRECTION ( 'NONE',  ( -0.000000000000000000, 1.000000000000000000, 0.000000000000000000 ) ) ;
#101 = VECTOR ( 'NONE', #2005, 1000.000000000000000 ) ;
#102 = LINE ( 'NONE', #2006, #1038 ) ;
#103 = CARTESIAN_POINT ( 'NONE',  ( -137.4833333333333201, 10.78763020833334174, 0.2666666666666742680 ) ) ;
#104 = DIRECTION ( 'NONE',  ( -0.000000000000000000, -1.000000000000000000, -0.000000000000000000 ) ) ;
#105 = CARTESIAN_POINT ( 'NONE',  ( -75.74999999999998579, 23.80429687500000213, 3.749999999999998668 ) ) ;
#106 = ORIENTED_EDGE ( 'NONE', *, *, #835, .F. ) ;
#107 = EDGE_CURVE ( 'NONE', #987, #2134, #3186, .T. ) ;
#108 = VERTEX_POINT ( 'NONE', #869 ) ;
#109 = DIRECTION ( 'NONE',  ( -1.000000000000000000, 0.000000000000000000, 1.156482317317871478E-16 ) ) ;
#110 = DIRECTION ( 'NONE',  ( 0.000000000000000000, 1.000000000000000000, 0.000000000000000000 ) ) ;
#111 = EDGE_CURVE ( 'NONE', #732, #1140, #2765, .T. ) ;
#112 = ORIENTED_EDGE ( 'NONE', *, *, #3055, .F. ) ;
#113 = EDGE_LOOP ( 'NONE', ( #2838, #1746, #3466, #2362 ) ) ;
#114 = ORIENTED_EDGE ( 'NONE', *, *, #492, .F. ) ;
#115 = LINE ( 'NONE', #3004, #3995 ) ;
#116 = ORIENTED_EDGE ( 'NONE', *, *, #2949, .T. ) ;
#117 = CARTESIAN_POINT ( 'NONE',  ( -60.74999999999998579, 12.75429687500000142, 4.250000000000006217 ) ) ;
#118 = ADVANCED_FACE ( 'NONE', ( #98 ), #155, .T. ) ;
#119 = ORIENTED_EDGE ( 'NONE', *, *, #2674, .T. ) ;
#120 = AXIS2_PLACEMENT_3D ( 'NONE', #766, #4840, #1097 ) ;
#121 = DIRECTION ( 'NONE',  ( -0.000000000000000000, -0.000000000000000000, 1.000000000000000000 ) ) ;
#122 = AXIS2_PLACEMENT_3D ( 'NONE', #1242, #4716, #1316 ) ;
#123 = CARTESIAN_POINT ( 'NONE',  ( -27.94999999999995310, 21.90429687499998934, 2.000000000000000000 ) ) ;
#124 = LINE ( 'NONE', #526, #3201 ) ;
#125 = CC_DESIGN_APPROVAL ( #3131, ( #2682 ) ) ;
#126 = CARTESIAN_POINT ( 'NONE',  ( -77.04999999999995453, 20.90429687500000711, 2.000000000000000000 ) ) ;
#127 = VECTOR ( 'NONE', #1478, 1000.000000000000000 ) ;
#128 = VERTEX_POINT ( 'NONE', #895 ) ;
#129 = CARTESIAN_POINT ( 'NONE',  ( -109.5999999999999801, 20.15429687499998934, 0.5000000000000000000 ) ) ;
#130 = EDGE_CURVE ( 'NONE', #3516, #1859, #2375, .T. ) ;
#131 = DIRECTION ( 'NONE',  ( -0.000000000000000000, -0.000000000000000000, 1.000000000000000000 ) ) ;
#132 = EDGE_CURVE ( 'NONE', #3472, #3631, #466, .T. ) ;
#133 = FACE_OUTER_BOUND ( 'NONE', #592, .T. ) ;
#134 = LINE ( 'NONE', #4232, #4867 ) ;
#135 = DIRECTION ( 'NONE',  ( -0.000000000000000000, -0.000000000000000000, -1.000000000000000000 ) ) ;
#136 = EDGE_LOOP ( 'NONE', ( #4108, #116, #1592, #758 ) ) ;
#137 = ORIENTED_EDGE ( 'NONE', *, *, #189, .F. ) ;
#138 = ORIENTED_EDGE ( 'NONE', *, *, #1207, .T. ) ;
#139 = CARTESIAN_POINT ( 'NONE',  ( 141.0000000000000000, 13.25429687500000142, 0.000000000000000000 ) ) ;
#140 = PLANE ( 'NONE',  #1486 ) ;
#141 = EDGE_CURVE ( 'NONE', #4075, #4006, #3912, .T. ) ;
#142 = ORIENTED_EDGE ( 'NONE', *, *, #1271, .F. ) ;
#143 = EDGE_CURVE ( 'NONE', #3924, #2101, #1212, .T. ) ;
#144 = VERTEX_POINT ( 'NONE', #4329 ) ;
#145 = AXIS2_PLACEMENT_3D ( 'NONE', #2511, #3645, #4818 ) ;
#146 = CARTESIAN_POINT ( 'NONE',  ( -63.74999999999994316, 14.40429687500000178, 0.5000000000000000000 ) ) ;
#147 = EDGE_LOOP ( 'NONE', ( #1147, #3095, #1786, #288 ) ) ;
#148 = CARTESIAN_POINT ( 'NONE',  ( -74.04999999999998295, 16.15429687500000711, 0.5000000000000000000 ) ) ;
#149 = AXIS2_PLACEMENT_3D ( 'NONE', #2273, #3780, #3409 ) ;
#150 = ORIENTED_EDGE ( 'NONE', *, *, #742, .F. ) ;
#151 = LINE ( 'NONE', #2126, #2593 ) ;
#152 = CC_DESIGN_PERSON_AND_ORGANIZATION_ASSIGNMENT ( #1457, #2266, ( #1305 ) ) ;
#153 = CARTESIAN_POINT ( 'NONE',  ( -135.9999999999999716, 23.15429687500000355, 0.2500000000000000000 ) ) ;
#154 = DIRECTION ( 'NONE',  ( 0.000000000000000000, 0.000000000000000000, 1.000000000000000000 ) ) ;
#155 = PLANE ( 'NONE',  #4736 ) ;
#156 = ORIENTED_EDGE ( 'NONE', *, *, #3822, .T. ) ;
#157 = CARTESIAN_POINT ( 'NONE',  ( -77.04999999999995453, 20.90429687500000711, 0.000000000000000000 ) ) ;
#158 = CARTESIAN_POINT ( 'NONE',  ( 8.650000000000053646, 20.90429687499999289, 0.000000000000000000 ) ) ;
#159 = ADVANCED_FACE ( 'NONE', ( #3658 ), #627, .T. ) ;
#160 = LINE ( 'NONE', #1606, #2200 ) ;
#161 = VECTOR ( 'NONE', #2550, 1000.000000000000000 ) ;
#162 = CARTESIAN_POINT ( 'NONE',  ( -7.899999999999955946, 20.15429687499999645, 2.000000000000000000 ) ) ;
#163 = CARTESIAN_POINT ( 'NONE',  ( -60.74999999999998579, 12.75429687500000142, 3.750000000000006217 ) ) ;
#164 = VECTOR ( 'NONE', #4056, 1000.000000000000000 ) ;
#165 = VECTOR ( 'NONE', #2620, 1000.000000000000000 ) ;
#166 = DIRECTION ( 'NONE',  ( -0.000000000000000000, 1.000000000000000000, -0.000000000000000000 ) ) ;
#167 = DIRECTION ( 'NONE',  ( -0.000000000000000000, -0.000000000000000000, 1.000000000000000000 ) ) ;
#168 = ORIENTED_EDGE ( 'NONE', *, *, #2958, .T. ) ;
#169 = CARTESIAN_POINT ( 'NONE',  ( -28.74999999999998224, 23.05429687500000213, 3.749999999999998668 ) ) ;
#170 = VERTEX_POINT ( 'NONE', #4757 ) ;
#171 = AXIS2_PLACEMENT_3D ( 'NONE', #1533, #2191, #3696 ) ;
#172 = FACE_OUTER_BOUND ( 'NONE', #3275, .T. ) ;
#173 = ORIENTED_EDGE ( 'NONE', *, *, #132, .T. ) ;
#174 = DIRECTION ( 'NONE',  ( -1.000000000000000000, 0.000000000000000000, -1.156482317317871478E-16 ) ) ;
#175 = EDGE_LOOP ( 'NONE', ( #4279, #2284, #4312, #1525, #3768, #3436, #2464, #1851 ) ) ;
#176 = EDGE_CURVE ( 'NONE', #3069, #3106, #257, .T. ) ;
#177 = LINE ( 'NONE', #4002, #3718 ) ;
#178 = CARTESIAN_POINT ( 'NONE',  ( 0.000000000000000000, 0.000000000000000000, 0.5000000000000000000 ) ) ;
#179 = EDGE_CURVE ( 'NONE', #1030, #4879, #308, .T. ) ;
#180 = DIRECTION ( 'NONE',  ( 0.000000000000000000, 0.000000000000000000, -1.000000000000000000 ) ) ;
#181 = DIRECTION ( 'NONE',  ( -1.000000000000000000, -0.000000000000000000, -0.000000000000000000 ) ) ;
#182 = ORIENTED_EDGE ( 'NONE', *, *, #2716, .F. ) ;
#183 = DIRECTION ( 'NONE',  ( -1.000000000000000000, 0.000000000000000000, 0.000000000000000000 ) ) ;
#184 = LINE ( 'NONE', #2893, #4667 ) ;
#185 = CARTESIAN_POINT ( 'NONE',  ( -77.04999999999995453, 16.15429687500000711, 0.000000000000000000 ) ) ;
#186 = DIRECTION ( 'NONE',  ( -5.337610695313248426E-16, 1.000000000000000000, 0.000000000000000000 ) ) ;
#187 = DIRECTION ( 'NONE',  ( 0.000000000000000000, 0.000000000000000000, -1.000000000000000000 ) ) ;
#188 = ORIENTED_EDGE ( 'NONE', *, *, #731, .F. ) ;
#189 = EDGE_CURVE ( 'NONE', #1437, #876, #4406, .T. ) ;
#190 = DIRECTION ( 'NONE',  ( -1.000000000000000000, -8.673617379884027583E-16, 0.000000000000000000 ) ) ;
#191 = LINE ( 'NONE', #3145, #856 ) ;
#192 = AXIS2_PLACEMENT_3D ( 'NONE', #3636, #183, #4708 ) ;
#193 = ORIENTED_EDGE ( 'NONE', *, *, #3234, .F. ) ;
#194 = CARTESIAN_POINT ( 'NONE',  ( -13.74999999999998401, 23.05429687500000213, 4.250000000000000000 ) ) ;
#195 = ORIENTED_EDGE ( 'NONE', *, *, #1470, .F. ) ;
#196 = CARTESIAN_POINT ( 'NONE',  ( 5.650000000000050981, 20.15429687499999289, 0.5000000000000000000 ) ) ;
#197 = ORIENTED_EDGE ( 'NONE', *, *, #1107, .F. ) ;
#198 = ORIENTED_EDGE ( 'NONE', *, *, #4821, .F. ) ;
#199 = CARTESIAN_POINT ( 'NONE',  ( 46.25000000000000000, 23.80429687500000213, 5.599999999999988987 ) ) ;
#200 = DIRECTION ( 'NONE',  ( -0.000000000000000000, -0.000000000000000000, 1.000000000000000000 ) ) ;
#201 = APPLICATION_PROTOCOL_DEFINITION ( 'international standard', 'config_control_design', 1994, #3566 ) ;
#202 = CARTESIAN_POINT ( 'NONE',  ( -83.54999999999995453, 15.40429687500000355, 0.000000000000000000 ) ) ;
#203 = EDGE_CURVE ( 'NONE', #1129, #4032, #1808, .T. ) ;
#204 = EDGE_LOOP ( 'NONE', ( #3066, #173, #2517, #4340 ) ) ;
#205 = DIRECTION ( 'NONE',  ( 1.000000000000000000, 0.000000000000000000, 0.000000000000000000 ) ) ;
#206 = VECTOR ( 'NONE', #357, 1000.000000000000000 ) ;
#207 = EDGE_CURVE ( 'NONE', #1992, #630, #3290, .T. ) ;
#208 = PLANE ( 'NONE',  #3471 ) ;
#209 = APPROVAL_PERSON_ORGANIZATION ( #550, #781, #3005 ) ;
#210 = DIRECTION ( 'NONE',  ( 2.891205793294677833E-16, 1.000000000000000000, 0.000000000000000000 ) ) ;
#211 = VECTOR ( 'NONE', #1852, 1000.000000000000000 ) ;
#212 = LINE ( 'NONE', #3296, #3196 ) ;
#213 = LINE ( 'NONE', #1341, #4139 ) ;
#214 = DIRECTION ( 'NONE',  ( -1.000000000000000000, -0.000000000000000000, -0.000000000000000000 ) ) ;
#215 = CARTESIAN_POINT ( 'NONE',  ( -135.7499999999999716, 13.15429687500000533, 0.4964466094067262469 ) ) ;
#216 = EDGE_CURVE ( 'NONE', #2784, #1881, #3784, .T. ) ;
#217 = ORIENTED_EDGE ( 'NONE', *, *, #1420, .F. ) ;
#218 = DIRECTION ( 'NONE',  ( -0.000000000000000000, 0.000000000000000000, 1.000000000000000000 ) ) ;
#219 = ORIENTED_EDGE ( 'NONE', *, *, #742, .T. ) ;
#220 = ADVANCED_FACE ( 'NONE', ( #970 ), #284, .F. ) ;
#221 = CARTESIAN_POINT ( 'NONE',  ( -135.4999999999999716, 0.000000000000000000, 0.3499999999999999223 ) ) ;
#222 = VERTEX_POINT ( 'NONE', #1383 ) ;
#223 = VECTOR ( 'NONE', #951, 1000.000000000000000 ) ;
#224 = ORIENTED_EDGE ( 'NONE', *, *, #1905, .T. ) ;
#225 = DIRECTION ( 'NONE',  ( -1.000000000000000000, -0.000000000000000000, -0.000000000000000000 ) ) ;
#226 = ORIENTED_EDGE ( 'NONE', *, *, #4388, .T. ) ;
#227 = FACE_OUTER_BOUND ( 'NONE', #4589, .T. ) ;
#228 = VECTOR ( 'NONE', #167, 1000.000000000000000 ) ;
#229 = CARTESIAN_POINT ( 'NONE',  ( -28.74999999999998224, 13.25429687500000142, 3.750000000000007994 ) ) ;
#230 = VERTEX_POINT ( 'NONE', #2573 ) ;
#231 = DIRECTION ( 'NONE',  ( -6.140614074254184335E-16, 1.000000000000000000, -0.000000000000000000 ) ) ;
#232 = VECTOR ( 'NONE', #1263, 1000.000000000000000 ) ;
#233 = ORIENTED_EDGE ( 'NONE', *, *, #84, .T. ) ;
#234 = ADVANCED_FACE ( 'NONE', ( #1409 ), #4031, .F. ) ;
#235 = DIRECTION ( 'NONE',  ( -0.000000000000000000, -0.000000000000000000, 1.000000000000000000 ) ) ;
#236 = LINE ( 'NONE', #1314, #223 ) ;
#237 = CARTESIAN_POINT ( 'NONE',  ( -7.899999999999955946, 20.90429687499999289, 2.000000000000000000 ) ) ;
#238 = ORIENTED_EDGE ( 'NONE', *, *, #1207, .F. ) ;
#239 = VERTEX_POINT ( 'NONE', #202 ) ;
#240 = ADVANCED_FACE ( 'NONE', ( #3239 ), #699, .F. ) ;
#241 = PLANE ( 'NONE',  #4172 ) ;
#242 = CIRCLE ( 'NONE', #4426, 0.2500000000000002220 ) ;
#243 = CARTESIAN_POINT ( 'NONE',  ( -137.7499999999999716, 25.25429687499999076, 6.000000000000000000 ) ) ;
#244 = EDGE_CURVE ( 'NONE', #3673, #671, #242, .T. ) ;
#245 = VERTEX_POINT ( 'NONE', #4456 ) ;
#246 = CARTESIAN_POINT ( 'NONE',  ( -28.74999999999998224, 13.25429687500000142, 3.750000000000007994 ) ) ;
#247 = ORIENTED_EDGE ( 'NONE', *, *, #141, .F. ) ;
#248 = VERTEX_POINT ( 'NONE', #2501 ) ;
#249 = DIRECTION ( 'NONE',  ( 1.000000000000000000, 0.000000000000000000, 0.000000000000000000 ) ) ;
#250 = ORIENTED_EDGE ( 'NONE', *, *, #4050, .T. ) ;
#251 = EDGE_CURVE ( 'NONE', #1023, #4632, #4354, .T. ) ;
#252 = ORIENTED_EDGE ( 'NONE', *, *, #468, .T. ) ;
#253 = CARTESIAN_POINT ( 'NONE',  ( -75.74999999999998579, 23.55429687500000213, 3.749999999999998668 ) ) ;
#254 = ORIENTED_EDGE ( 'NONE', *, *, #505, .T. ) ;
#255 = DIRECTION ( 'NONE',  ( 0.000000000000000000, 0.000000000000000000, -1.000000000000000000 ) ) ;
#256 = PERSON_AND_ORGANIZATION ( #734, #4629 ) ;
#257 = LINE ( 'NONE', #3265, #858 ) ;
#258 = VERTEX_POINT ( 'NONE', #1066 ) ;
#259 = LINE ( 'NONE', #1385, #1368 ) ;
#260 = VECTOR ( 'NONE', #1716, 1000.000000000000000 ) ;
#261 = ORIENTED_EDGE ( 'NONE', *, *, #1056, .T. ) ;
#262 = ORIENTED_EDGE ( 'NONE', *, *, #3904, .F. ) ;
#263 = LINE ( 'NONE', #950, #4828 ) ;
#264 = CARTESIAN_POINT ( 'NONE',  ( -135.7499999999999716, 23.15429687500000355, 0.2500000000000000000 ) ) ;
#265 = CARTESIAN_POINT ( 'NONE',  ( -137.3499999999999659, 10.65429687500000355, 0.4000000000000114575 ) ) ;
#266 = ORIENTED_EDGE ( 'NONE', *, *, #4490, .T. ) ;
#267 = VECTOR ( 'NONE', #2215, 1000.000000000000000 ) ;
#268 = DIRECTION ( 'NONE',  ( 0.000000000000000000, -0.000000000000000000, 1.000000000000000000 ) ) ;
#269 = LINE ( 'NONE', #1767, #4644 ) ;
#270 = ORIENTED_EDGE ( 'NONE', *, *, #3426, .F. ) ;
#271 = EDGE_CURVE ( 'NONE', #3200, #3929, #4378, .T. ) ;
#272 = CARTESIAN_POINT ( 'NONE',  ( -14.39999999999995417, 20.15429687499999289, 2.000000000000000000 ) ) ;
#273 = ORIENTED_EDGE ( 'NONE', *, *, #2074, .T. ) ;
#274 = EDGE_CURVE ( 'NONE', #1454, #4075, #1043, .T. ) ;
#275 = VECTOR ( 'NONE', #1759, 1000.000000000000000 ) ;
#276 = ORIENTED_EDGE ( 'NONE', *, *, #3687, .F. ) ;
#277 = FACE_OUTER_BOUND ( 'NONE', #783, .T. ) ;
#278 = ORIENTED_EDGE ( 'NONE', *, *, #4144, .T. ) ;
#279 = ORIENTED_EDGE ( 'NONE', *, *, #4468, .T. ) ;
#280 = FACE_OUTER_BOUND ( 'NONE', #1954, .T. ) ;
#281 = LINE ( 'NONE', #4478, #4887 ) ;
#282 = LINE ( 'NONE', #4405, #1619 ) ;
#283 = EDGE_CURVE ( 'NONE', #3472, #3354, #675, .T. ) ;
#284 = PLANE ( 'NONE',  #2133 ) ;
#285 = EDGE_LOOP ( 'NONE', ( #4046, #981, #1802, #3443 ) ) ;
#286 = LINE ( 'NONE', #2552, #2056 ) ;
#287 = ORIENTED_EDGE ( 'NONE', *, *, #1803, .T. ) ;
#288 = ORIENTED_EDGE ( 'NONE', *, *, #4008, .T. ) ;
#289 = CARTESIAN_POINT ( 'NONE',  ( -60.49999999999995026, 20.90429687499999289, 0.5000000000000000000 ) ) ;
#290 = CARTESIAN_POINT ( 'NONE',  ( 38.20000000000005258, 15.40429687499999112, 0.5000000000000000000 ) ) ;
#291 = LINE ( 'NONE', #1119, #1860 ) ;
#292 = EDGE_CURVE ( 'NONE', #427, #3887, #599, .T. ) ;
#293 = VERTEX_POINT ( 'NONE', #1756 ) ;
#294 = VECTOR ( 'NONE', #508, 1000.000000000000000 ) ;
#295 = CARTESIAN_POINT ( 'NONE',  ( -135.2499999999999716, 13.15429687500000533, 0.4964466094067260249 ) ) ;
#296 = VECTOR ( 'NONE', #3801, 1000.000000000000000 ) ;
#297 = DIRECTION ( 'NONE',  ( -1.000000000000000000, 0.000000000000000000, -0.000000000000000000 ) ) ;
#298 = ORIENTED_EDGE ( 'NONE', *, *, #540, .F. ) ;
#299 = DIRECTION ( 'NONE',  ( 1.000000000000000000, -0.000000000000000000, -1.156482317317871478E-16 ) ) ;
#300 = ORIENTED_EDGE ( 'NONE', *, *, #3746, .T. ) ;
#301 = ADVANCED_FACE ( 'NONE', ( #3711 ), #1090, .F. ) ;
#302 = FACE_OUTER_BOUND ( 'NONE', #1222, .T. ) ;
#303 = ORIENTED_EDGE ( 'NONE', *, *, #2601, .T. ) ;
#304 = ADVANCED_FACE ( 'NONE', ( #3731 ), #4100, .F. ) ;
#305 = ORIENTED_EDGE ( 'NONE', *, *, #3108, .T. ) ;
#306 = DIRECTION ( 'NONE',  ( -1.000000000000000000, 0.000000000000000000, -0.000000000000000000 ) ) ;
#307 = CARTESIAN_POINT ( 'NONE',  ( -74.04999999999996874, 20.15429687500000711, 2.000000000000000000 ) ) ;
#308 = LINE ( 'NONE', #2104, #940 ) ;
#309 = CARTESIAN_POINT ( 'NONE',  ( -97.09999999999996589, 20.15429687499998934, 0.5000000000000000000 ) ) ;
#310 = ORIENTED_EDGE ( 'NONE', *, *, #1552, .F. ) ;
#311 = CARTESIAN_POINT ( 'NONE',  ( -14.39999999999995417, 20.90429687499999289, 0.5000000000000000000 ) ) ;
#312 = VECTOR ( 'NONE', #2357, 1000.000000000000000 ) ;
#313 = VECTOR ( 'NONE', #2678, 1000.000000000000000 ) ;
#314 = LINE ( 'NONE', #3692, #2977 ) ;
#315 = FACE_OUTER_BOUND ( 'NONE', #3843, .T. ) ;
#316 = ORIENTED_EDGE ( 'NONE', *, *, #1413, .T. ) ;
#317 = ORIENTED_EDGE ( 'NONE', *, *, #4230, .F. ) ;
#318 = DIRECTION ( 'NONE',  ( 0.000000000000000000, 0.000000000000000000, -1.000000000000000000 ) ) ;
#319 = EDGE_CURVE ( 'NONE', #4646, #1706, #3047, .T. ) ;
#320 = CARTESIAN_POINT ( 'NONE',  ( -13.74999999999998401, 23.05429687500000213, 4.250000000000000000 ) ) ;
#321 = DIRECTION ( 'NONE',  ( 1.000000000000000000, 0.000000000000000000, 0.000000000000000000 ) ) ;
#322 = ORIENTED_EDGE ( 'NONE', *, *, #1536, .T. ) ;
#323 = CARTESIAN_POINT ( 'NONE',  ( -83.54999999999995453, 20.90429687500000711, 0.000000000000000000 ) ) ;
#324 = VERTEX_POINT ( 'NONE', #3025 ) ;
#325 = DIRECTION ( 'NONE',  ( -0.000000000000000000, -0.000000000000000000, 1.000000000000000000 ) ) ;
#326 = VECTOR ( 'NONE', #1028, 1000.000000000000000 ) ;
#327 = ORIENTED_EDGE ( 'NONE', *, *, #1532, .F. ) ;
#328 = EDGE_CURVE ( 'NONE', #1842, #4240, #352, .T. ) ;
#329 = ORIENTED_EDGE ( 'NONE', *, *, #4192, .T. ) ;
#330 = VECTOR ( 'NONE', #1156, 1000.000000000000000 ) ;
#331 = CARTESIAN_POINT ( 'NONE',  ( 31.70000000000005613, 20.90429687499999289, 0.000000000000000000 ) ) ;
#332 = CARTESIAN_POINT ( 'NONE',  ( -60.49999999999995026, 15.40429687499999112, 0.000000000000000000 ) ) ;
#333 = DIRECTION ( 'NONE',  ( -0.000000000000000000, -0.000000000000000000, 1.000000000000000000 ) ) ;
#334 = EDGE_CURVE ( 'NONE', #4409, #4758, #2224, .T. ) ;
#335 = EDGE_LOOP ( 'NONE', ( #4273, #445, #595, #683, #1598 ) ) ;
#336 = EDGE_CURVE ( 'NONE', #3420, #248, #1479, .T. ) ;
#337 = DIRECTION ( 'NONE',  ( 0.000000000000000000, 0.000000000000000000, -1.000000000000000000 ) ) ;
#338 = VECTOR ( 'NONE', #2807, 1000.000000000000000 ) ;
#339 = VECTOR ( 'NONE', #2562, 1000.000000000000000 ) ;
#340 = CARTESIAN_POINT ( 'NONE',  ( -135.7499999999999716, 13.15429687500000355, 0.2500000000000000000 ) ) ;
#341 = ORIENTED_EDGE ( 'NONE', *, *, #2743, .F. ) ;
#342 = LINE ( 'NONE', #408, #4282 ) ;
#343 = LINE ( 'NONE', #2647, #1581 ) ;
#344 = LINE ( 'NONE', #3722, #3845 ) ;
#345 = EDGE_CURVE ( 'NONE', #4051, #1250, #2267, .T. ) ;
#346 = PLANE ( 'NONE',  #21 ) ;
#347 = ORIENTED_EDGE ( 'NONE', *, *, #4559, .T. ) ;
#348 = DIRECTION ( 'NONE',  ( 0.000000000000000000, 0.000000000000000000, -1.000000000000000000 ) ) ;
#349 = ORIENTED_EDGE ( 'NONE', *, *, #3770, .F. ) ;
#350 = ORIENTED_EDGE ( 'NONE', *, *, #3770, .T. ) ;
#351 = DIRECTION ( 'NONE',  ( -0.5773502691896257311, 0.5773502691896257311, 0.5773502691896257311 ) ) ;
#352 = LINE ( 'NONE', #2963, #3390 ) ;
#353 = CARTESIAN_POINT ( 'NONE',  ( -75.74999999999998579, 12.50429687500000142, 3.750000000000007994 ) ) ;
#354 = ORIENTED_EDGE ( 'NONE', *, *, #1931, .F. ) ;
#355 = CARTESIAN_POINT ( 'NONE',  ( -75.74999999999998579, 23.05429687500000213, 4.249999999999998224 ) ) ;
#356 = EDGE_CURVE ( 'NONE', #3353, #3213, #1873, .T. ) ;
#357 = DIRECTION ( 'NONE',  ( 1.000000000000000000, -0.000000000000000000, -1.156482317317871478E-16 ) ) ;
#358 = ORIENTED_EDGE ( 'NONE', *, *, #4410, .T. ) ;
#359 = DIRECTION ( 'NONE',  ( -0.000000000000000000, 1.000000000000000000, 0.000000000000000000 ) ) ;
#360 = EDGE_CURVE ( 'NONE', #955, #2527, #23, .T. ) ;
#361 = LINE ( 'NONE', #4489, #3723 ) ;
#362 = PLANE ( 'NONE',  #3698 ) ;
#363 = FACE_OUTER_BOUND ( 'NONE', #2892, .T. ) ;
#364 = CC_DESIGN_SECURITY_CLASSIFICATION ( #1695, ( #1305 ) ) ;
#365 = VECTOR ( 'NONE', #4604, 1000.000000000000000 ) ;
#366 = ORIENTED_EDGE ( 'NONE', *, *, #515, .F. ) ;
#367 = CC_DESIGN_PERSON_AND_ORGANIZATION_ASSIGNMENT ( #2103, #3933, ( #1191 ) ) ;
#368 = VECTOR ( 'NONE', #2738, 1000.000000000000000 ) ;
#369 = VECTOR ( 'NONE', #3750, 1000.000000000000000 ) ;
#370 = EDGE_LOOP ( 'NONE', ( #3506, #3324, #3703, #303 ) ) ;
#371 = ADVANCED_FACE ( 'NONE', ( #720 ), #3360, .F. ) ;
#372 = ORIENTED_EDGE ( 'NONE', *, *, #336, .T. ) ;
#373 = EDGE_CURVE ( 'NONE', #4415, #941, #2597, .T. ) ;
#374 = CARTESIAN_POINT ( 'NONE',  ( 33.25000000000002842, 23.05429687500000213, 4.250000000000000000 ) ) ;
#375 = CARTESIAN_POINT ( 'NONE',  ( -14.39999999999995417, 20.15429687499999289, 0.5000000000000000000 ) ) ;
#376 = DIRECTION ( 'NONE',  ( -1.000000000000000000, -0.000000000000000000, -0.000000000000000000 ) ) ;
#377 = ORIENTED_EDGE ( 'NONE', *, *, #1300, .T. ) ;
#378 = DIRECTION ( 'NONE',  ( 1.000000000000000000, 0.000000000000000000, 0.000000000000000000 ) ) ;
#379 = FACE_OUTER_BOUND ( 'NONE', #335, .T. ) ;
#380 = ORIENTED_EDGE ( 'NONE', *, *, #3369, .T. ) ;
#381 = PLANE ( 'NONE',  #1513 ) ;
#382 = EDGE_CURVE ( 'NONE', #144, #3827, #4164, .T. ) ;
#383 = VECTOR ( 'NONE', #584, 1000.000000000000000 ) ;
#384 = CARTESIAN_POINT ( 'NONE',  ( 5.650000000000050981, 20.15429687499999289, 0.5000000000000000000 ) ) ;
#385 = CARTESIAN_POINT ( 'NONE',  ( -100.0999999999999659, 20.90429687499999289, 0.000000000000000000 ) ) ;
#386 = EDGE_CURVE ( 'NONE', #2784, #3902, #1114, .T. ) ;
#387 = VECTOR ( 'NONE', #3730, 1000.000000000000000 ) ;
#388 = CARTESIAN_POINT ( 'NONE',  ( -97.09999999999996589, 20.15429687499998934, 0.5000000000000000000 ) ) ;
#389 = ORIENTED_EDGE ( 'NONE', *, *, #328, .F. ) ;
#390 = FACE_OUTER_BOUND ( 'NONE', #2068, .T. ) ;
#391 = VECTOR ( 'NONE', #174, 1000.000000000000000 ) ;
#392 = EDGE_CURVE ( 'NONE', #947, #3550, #738, .T. ) ;
#393 = VERTEX_POINT ( 'NONE', #2243 ) ;
#394 = ORIENTED_EDGE ( 'NONE', *, *, #4624, .T. ) ;
#395 = EDGE_CURVE ( 'NONE', #3420, #1129, #420, .T. ) ;
#396 = CARTESIAN_POINT ( 'NONE',  ( -137.7499999999999716, 25.65429687500000355, 0.4000000000000114575 ) ) ;
#397 = DIRECTION ( 'NONE',  ( -0.7071067811865597852, 0.4999999999999911182, -0.4999999999999915623 ) ) ;
#398 = DIRECTION ( 'NONE',  ( 1.000000000000000000, 0.000000000000000000, 0.000000000000000000 ) ) ;
#399 = ADVANCED_FACE ( 'NONE', ( #3427 ), #1835, .F. ) ;
#400 = VECTOR ( 'NONE', #1502, 1000.000000000000000 ) ;
#401 = VECTOR ( 'NONE', #1380, 1000.000000000000000 ) ;
#402 = VERTEX_POINT ( 'NONE', #375 ) ;
#403 = LINE ( 'NONE', #2943, #4107 ) ;
#404 = DIRECTION ( 'NONE',  ( 0.7071067811865475727, 0.7071067811865475727, 0.000000000000000000 ) ) ;
#405 = CARTESIAN_POINT ( 'NONE',  ( -60.49999999999995026, 20.90429687499999289, 0.000000000000000000 ) ) ;
#406 = ORIENTED_EDGE ( 'NONE', *, *, #1760, .F. ) ;
#407 = ORIENTED_EDGE ( 'NONE', *, *, #1252, .T. ) ;
#408 = CARTESIAN_POINT ( 'NONE',  ( -137.7499999999999716, 25.65429687500000355, 0.4000000000000114575 ) ) ;
#409 = LINE ( 'NONE', #1445, #88 ) ;
#410 = CARTESIAN_POINT ( 'NONE',  ( -109.5999999999999801, 16.15429687499998934, 2.000000000000000000 ) ) ;
#411 = CARTESIAN_POINT ( 'NONE',  ( -53.99999999999995026, 20.90429687499999289, 0.000000000000000000 ) ) ;
#412 = AXIS2_PLACEMENT_3D ( 'NONE', #3395, #2237, #802 ) ;
#413 = ORIENTED_EDGE ( 'NONE', *, *, #3044, .T. ) ;
#414 = DIRECTION ( 'NONE',  ( 0.000000000000000000, 1.000000000000000000, -0.000000000000000000 ) ) ;
#415 = EDGE_CURVE ( 'NONE', #3101, #4568, #1458, .T. ) ;
#416 = EDGE_LOOP ( 'NONE', ( #2019, #1614, #1737, #4594 ) ) ;
#417 = EDGE_CURVE ( 'NONE', #4515, #1590, #762, .T. ) ;
#418 = VERTEX_POINT ( 'NONE', #117 ) ;
#419 = CARTESIAN_POINT ( 'NONE',  ( -97.09999999999996589, 20.15429687499998934, 0.5000000000000000000 ) ) ;
#420 = LINE ( 'NONE', #1921, #3678 ) ;
#421 = LINE ( 'NONE', #1670, #789 ) ;
#422 = ORIENTED_EDGE ( 'NONE', *, *, #1897, .F. ) ;
#423 = PLANE ( 'NONE',  #4178 ) ;
#424 = LINE ( 'NONE', #2763, #2039 ) ;
#425 = VECTOR ( 'NONE', #3535, 1000.000000000000000 ) ;
#426 = CARTESIAN_POINT ( 'NONE',  ( -60.74999999999998579, 12.50429687500000142, 3.750000000000006217 ) ) ;
#427 = VERTEX_POINT ( 'NONE', #3879 ) ;
#428 = ORIENTED_EDGE ( 'NONE', *, *, #2278, .F. ) ;
#429 = LINE ( 'NONE', #1930, #3181 ) ;
#430 = CARTESIAN_POINT ( 'NONE',  ( -100.0999999999999659, 16.15429687499998934, 0.5000000000000000000 ) ) ;
#431 = EDGE_CURVE ( 'NONE', #623, #1799, #3525, .T. ) ;
#432 = CARTESIAN_POINT ( 'NONE',  ( 45.85000000000000142, 11.65429687500000533, 6.000000000000000000 ) ) ;
#433 = LINE ( 'NONE', #4259, #3510 ) ;
#434 = CARTESIAN_POINT ( 'NONE',  ( 8.650000000000053646, 20.90429687499999289, 2.000000000000000000 ) ) ;
#435 = ORIENTED_EDGE ( 'NONE', *, *, #3734, .T. ) ;
#436 = DIRECTION ( 'NONE',  ( 2.168404344971006896E-16, -1.000000000000000000, 0.000000000000000000 ) ) ;
#437 = ORIENTED_EDGE ( 'NONE', *, *, #3483, .T. ) ;
#438 = VECTOR ( 'NONE', #3666, 1000.000000000000000 ) ;
#439 = VERTEX_POINT ( 'NONE', #915 ) ;
#440 = EDGE_CURVE ( 'NONE', #2087, #2172, #687, .T. ) ;
#441 = VECTOR ( 'NONE', #2094, 1000.000000000000000 ) ;
#442 = VECTOR ( 'NONE', #1853, 1000.000000000000000 ) ;
#443 = FACE_OUTER_BOUND ( 'NONE', #3814, .T. ) ;
#444 = EDGE_CURVE ( 'NONE', #3950, #1170, #3848, .T. ) ;
#445 = ORIENTED_EDGE ( 'NONE', *, *, #1047, .T. ) ;
#446 = LINE ( 'NONE', #3450, #3329 ) ;
#447 = LINE ( 'NONE', #4165, #1668 ) ;
#448 = VERTEX_POINT ( 'NONE', #2047 ) ;
#449 = CARTESIAN_POINT ( 'NONE',  ( -135.2499999999999716, 13.15429687500000355, 0.3499999999999999223 ) ) ;
#450 = CARTESIAN_POINT ( 'NONE',  ( -107.7499999999999858, 23.55429687500000213, 4.250000000000000000 ) ) ;
#451 = CARTESIAN_POINT ( 'NONE',  ( -135.2499999999999716, 13.15429687500000355, 0.5999999999999999778 ) ) ;
#452 = EDGE_LOOP ( 'NONE', ( #2708, #453, #3422, #2569 ) ) ;
#453 = ORIENTED_EDGE ( 'NONE', *, *, #2743, .T. ) ;
#454 = FACE_OUTER_BOUND ( 'NONE', #1780, .T. ) ;
#455 = LINE ( 'NONE', #2327, #3332 ) ;
#456 = DIRECTION ( 'NONE',  ( -0.5773502691896257311, 0.5773502691896257311, -0.5773502691896257311 ) ) ;
#457 = FACE_BOUND ( 'NONE', #908, .T. ) ;
#458 = AXIS2_PLACEMENT_3D ( 'NONE', #4420, #1029, #4042 ) ;
#459 = ADVANCED_FACE ( 'NONE', ( #1303, #546 ), #3928, .T. ) ;
#460 = VERTEX_POINT ( 'NONE', #1648 ) ;
#461 = LINE ( 'NONE', #1964, #4593 ) ;
#462 = LINE ( 'NONE', #2727, #3618 ) ;
#463 = VECTOR ( 'NONE', #3967, 1000.000000000000000 ) ;
#464 = VECTOR ( 'NONE', #4029, 1000.000000000000000 ) ;
#465 = ORIENTED_EDGE ( 'NONE', *, *, #3923, .F. ) ;
#466 = CIRCLE ( 'NONE', #3052, 0.2500000000000002220 ) ;
#467 = VERTEX_POINT ( 'NONE', #3824 ) ;
#468 = EDGE_CURVE ( 'NONE', #418, #2087, #1971, .T. ) ;
#469 = DIRECTION ( 'NONE',  ( -1.000000000000000000, 0.000000000000000000, 0.000000000000000000 ) ) ;
#470 = PLANE ( 'NONE',  #3383 ) ;
#471 = ORIENTED_EDGE ( 'NONE', *, *, #2826, .F. ) ;
#472 = FACE_OUTER_BOUND ( 'NONE', #3267, .T. ) ;
#473 = DIRECTION ( 'NONE',  ( 0.000000000000000000, 0.000000000000000000, -1.000000000000000000 ) ) ;
#474 = CARTESIAN_POINT ( 'NONE',  ( 8.650000000000053646, 20.90429687499999289, 2.000000000000000000 ) ) ;
#475 = DIRECTION ( 'NONE',  ( 1.000000000000000000, 0.000000000000000000, 0.000000000000000000 ) ) ;
#476 = ORIENTED_EDGE ( 'NONE', *, *, #3442, .T. ) ;
#477 = DIRECTION ( 'NONE',  ( 1.000000000000000000, 2.775557561562891351E-16, 0.000000000000000000 ) ) ;
#478 = ADVANCED_FACE ( 'NONE', ( #1997 ), #3128, .F. ) ;
#479 = FACE_OUTER_BOUND ( 'NONE', #743, .T. ) ;
#480 = LINE ( 'NONE', #3509, #2820 ) ;
#481 = AXIS2_PLACEMENT_3D ( 'NONE', #1484, #702, #2921 ) ;
#482 = FACE_OUTER_BOUND ( 'NONE', #4673, .T. ) ;
#483 = DIRECTION ( 'NONE',  ( -0.7071067811865585639, -0.4999999999999928391, -0.4999999999999915068 ) ) ;
#484 = ORIENTED_EDGE ( 'NONE', *, *, #883, .F. ) ;
#485 = ORIENTED_EDGE ( 'NONE', *, *, #2247, .T. ) ;
#486 = CARTESIAN_POINT ( 'NONE',  ( 51.11666666666671688, 15.92096354166690197, 5.266666666666730556 ) ) ;
#487 = LINE ( 'NONE', #827, #2355 ) ;
#488 = ADVANCED_FACE ( 'NONE', ( #1230 ), #470, .F. ) ;
#489 = ORIENTED_EDGE ( 'NONE', *, *, #3028, .F. ) ;
#490 = EDGE_LOOP ( 'NONE', ( #3867, #2143, #3096, #2352 ) ) ;
#491 = ORIENTED_EDGE ( 'NONE', *, *, #1649, .T. ) ;
#492 = EDGE_CURVE ( 'NONE', #3550, #2275, #520, .T. ) ;
#493 = LINE ( 'NONE', #3403, #608 ) ;
#494 = EDGE_LOOP ( 'NONE', ( #1379, #2230, #2829, #2734 ) ) ;
#495 = CARTESIAN_POINT ( 'NONE',  ( -13.74999999999998401, 23.05429687500000213, 3.750000000000000444 ) ) ;
#496 = VECTOR ( 'NONE', #4113, 1000.000000000000000 ) ;
#497 = ORIENTED_EDGE ( 'NONE', *, *, #2342, .T. ) ;
#498 = CARTESIAN_POINT ( 'NONE',  ( -28.74999999999998224, 23.80429687500000213, 4.249999999999998224 ) ) ;
#499 = DIRECTION ( 'NONE',  ( -0.000000000000000000, 0.000000000000000000, -1.000000000000000000 ) ) ;
#500 = FACE_OUTER_BOUND ( 'NONE', #1287, .T. ) ;
#501 = CARTESIAN_POINT ( 'NONE',  ( 46.25000000000000000, 11.81998229994924543, 5.599999999999988987 ) ) ;
#502 = VERTEX_POINT ( 'NONE', #3154 ) ;
#503 = LINE ( 'NONE', #3107, #3018 ) ;
#504 = VECTOR ( 'NONE', #2437, 1000.000000000000000 ) ;
#505 = EDGE_CURVE ( 'NONE', #941, #2339, #4598, .T. ) ;
#506 = DIRECTION ( 'NONE',  ( 0.000000000000000000, 0.000000000000000000, 1.000000000000000000 ) ) ;
#507 = DIRECTION ( 'NONE',  ( 0.000000000000000000, 0.000000000000000000, 1.000000000000000000 ) ) ;
#508 = DIRECTION ( 'NONE',  ( -0.000000000000000000, 1.000000000000000000, -0.000000000000000000 ) ) ;
#509 = CARTESIAN_POINT ( 'NONE',  ( -131.8999999999999773, 14.40429687500000178, 0.5000000000000000000 ) ) ;
#510 = EDGE_CURVE ( 'NONE', #4758, #1939, #1205, .T. ) ;
#511 = ORIENTED_EDGE ( 'NONE', *, *, #2010, .T. ) ;
#512 = DIRECTION ( 'NONE',  ( -1.000000000000000000, 2.891205793294679312E-16, -0.000000000000000000 ) ) ;
#513 = CARTESIAN_POINT ( 'NONE',  ( -137.5499999999999829, 10.85429687500000995, 0.2000000000000057565 ) ) ;
#514 = ORIENTED_EDGE ( 'NONE', *, *, #4050, .F. ) ;
#515 = EDGE_CURVE ( 'NONE', #2633, #3817, #4674, .T. ) ;
#516 = VERTEX_POINT ( 'NONE', #3499 ) ;
#517 = ORIENTED_EDGE ( 'NONE', *, *, #983, .F. ) ;
#518 = DIRECTION ( 'NONE',  ( 0.000000000000000000, 0.000000000000000000, -1.000000000000000000 ) ) ;
#519 = ORIENTED_EDGE ( 'NONE', *, *, #1855, .T. ) ;
#520 = LINE ( 'NONE', #4621, #1251 ) ;
#521 = EDGE_CURVE ( 'NONE', #1475, #1682, #446, .T. ) ;
#522 = ORIENTED_EDGE ( 'NONE', *, *, #4804, .F. ) ;
#523 = AXIS2_PLACEMENT_3D ( 'NONE', #4285, #3919, #532 ) ;
#524 = CARTESIAN_POINT ( 'NONE',  ( 46.25000000000000000, 11.05429687500001457, 6.000000000000000000 ) ) ;
#525 = PLANE ( 'NONE',  #3138 ) ;
#526 = CARTESIAN_POINT ( 'NONE',  ( 15.15000000000005187, 20.90429687499999289, 2.000000000000000000 ) ) ;
#527 = CARTESIAN_POINT ( 'NONE',  ( -137.7499999999999716, 25.65429687500000355, 6.000000000000000000 ) ) ;
#528 = ORIENTED_EDGE ( 'NONE', *, *, #2958, .F. ) ;
#529 = LINE ( 'NONE', #3507, #425 ) ;
#530 = DIRECTION ( 'NONE',  ( 2.891205793294678819E-16, 1.000000000000000000, 0.000000000000000000 ) ) ;
#531 = LINE ( 'NONE', #846, #3376 ) ;
#532 = DIRECTION ( 'NONE',  ( 0.000000000000000000, 0.000000000000000000, -1.000000000000000000 ) ) ;
#533 = CARTESIAN_POINT ( 'NONE',  ( -7.899999999999955946, 20.15429687499999645, 0.5000000000000000000 ) ) ;
#534 = EDGE_LOOP ( 'NONE', ( #3501, #1987, #1543, #4015 ) ) ;
#535 = CARTESIAN_POINT ( 'NONE',  ( -63.74999999999994316, 21.90429687500000000, 2.000000000000000000 ) ) ;
#536 = DIRECTION ( 'NONE',  ( -0.000000000000000000, -0.000000000000000000, 1.000000000000000000 ) ) ;
#537 = ORIENTED_EDGE ( 'NONE', *, *, #1171, .T. ) ;
#538 = LINE ( 'NONE', #2042, #1032 ) ;
#539 = ORIENTED_EDGE ( 'NONE', *, *, #4465, .F. ) ;
#540 = EDGE_CURVE ( 'NONE', #2512, #3793, #1624, .T. ) ;
#541 = VECTOR ( 'NONE', #710, 1000.000000000000000 ) ;
#542 = ORIENTED_EDGE ( 'NONE', *, *, #4741, .T. ) ;
#543 = AXIS2_PLACEMENT_3D ( 'NONE', #4209, #1589, #2338 ) ;
#544 = DIRECTION ( 'NONE',  ( -0.000000000000000000, -0.000000000000000000, 1.000000000000000000 ) ) ;
#545 = ORIENTED_EDGE ( 'NONE', *, *, #345, .F. ) ;
#546 = FACE_BOUND ( 'NONE', #370, .T. ) ;
#547 = VERTEX_POINT ( 'NONE', #3180 ) ;
#548 = LINE ( 'NONE', #3209, #401 ) ;
#549 = CARTESIAN_POINT ( 'NONE',  ( -37.44999999999995310, 20.90429687499999289, 0.000000000000000000 ) ) ;
#550 = PERSON_AND_ORGANIZATION ( #734, #4629 ) ;
#551 = EDGE_CURVE ( 'NONE', #1447, #3516, #4700, .T. ) ;
#552 = DIRECTION ( 'NONE',  ( -0.000000000000000000, -1.000000000000000000, -0.000000000000000000 ) ) ;
#553 = ORIENTED_EDGE ( 'NONE', *, *, #3966, .T. ) ;
#554 = FACE_OUTER_BOUND ( 'NONE', #3954, .T. ) ;
#555 = VECTOR ( 'NONE', #135, 1000.000000000000000 ) ;
#556 = DIRECTION ( 'NONE',  ( 0.000000000000000000, 0.000000000000000000, -1.000000000000000000 ) ) ;
#557 = FACE_OUTER_BOUND ( 'NONE', #4198, .T. ) ;
#558 = VECTOR ( 'NONE', #1362, 1000.000000000000114 ) ;
#559 = CARTESIAN_POINT ( 'NONE',  ( -137.7499999999999716, 12.50429687500000142, 2.000000000000000000 ) ) ;
#560 = DIRECTION ( 'NONE',  ( -0.000000000000000000, 1.000000000000000000, -0.000000000000000000 ) ) ;
#561 = VECTOR ( 'NONE', #3340, 1000.000000000000000 ) ;
#562 = VECTOR ( 'NONE', #2792, 1000.000000000000000 ) ;
#563 = DIRECTION ( 'NONE',  ( -0.000000000000000000, 0.000000000000000000, -1.000000000000000000 ) ) ;
#564 = LINE ( 'NONE', #2065, #4248 ) ;
#565 = VERTEX_POINT ( 'NONE', #2710 ) ;
#566 = CARTESIAN_POINT ( 'NONE',  ( -39.94999999999996021, 21.90429687499999289, 0.5000000000000000000 ) ) ;
#567 = ORIENTED_EDGE ( 'NONE', *, *, #1677, .F. ) ;
#568 = VECTOR ( 'NONE', #809, 1000.000000000000000 ) ;
#569 = VECTOR ( 'NONE', #3061, 1000.000000000000000 ) ;
#570 = EDGE_CURVE ( 'NONE', #3550, #4879, #1571, .T. ) ;
#571 = CARTESIAN_POINT ( 'NONE',  ( -60.49999999999995026, 20.90429687499999289, 0.5000000000000000000 ) ) ;
#572 = ORIENTED_EDGE ( 'NONE', *, *, #3316, .T. ) ;
#573 = LINE ( 'NONE', #3955, #4837 ) ;
#574 = EDGE_CURVE ( 'NONE', #3247, #2101, #834, .T. ) ;
#575 = EDGE_LOOP ( 'NONE', ( #2920, #3783, #1942, #3089 ) ) ;
#576 = CARTESIAN_POINT ( 'NONE',  ( -86.54999999999995453, 16.15429687500000711, 0.5000000000000000000 ) ) ;
#577 = FACE_OUTER_BOUND ( 'NONE', #1929, .T. ) ;
#578 = DIRECTION ( 'NONE',  ( 0.000000000000000000, 0.000000000000000000, 1.000000000000000000 ) ) ;
#579 = LINE ( 'NONE', #3962, #3455 ) ;
#580 = ORIENTED_EDGE ( 'NONE', *, *, #1239, .F. ) ;
#581 = FACE_OUTER_BOUND ( 'NONE', #1892, .T. ) ;
#582 = EDGE_CURVE ( 'NONE', #1799, #795, #573, .T. ) ;
#583 = FACE_OUTER_BOUND ( 'NONE', #2599, .T. ) ;
#584 = DIRECTION ( 'NONE',  ( -0.000000000000000000, -1.000000000000000000, -0.000000000000000000 ) ) ;
#585 = DIRECTION ( 'NONE',  ( 0.000000000000000000, -0.7071067811865479058, -0.7071067811865472397 ) ) ;
#586 = CARTESIAN_POINT ( 'NONE',  ( -131.8999999999999773, 21.90429687500000355, 2.000000000000000000 ) ) ;
#587 = ADVANCED_FACE ( 'NONE', ( #939 ), #4336, .F. ) ;
#588 = PLANE ( 'NONE',  #2461 ) ;
#589 = PLANE ( 'NONE',  #4888 ) ;
#590 = EDGE_LOOP ( 'NONE', ( #2649, #1822, #1322, #1691, #20, #696, #4131, #1361, #3519, #1593 ) ) ;
#591 = DIRECTION ( 'NONE',  ( -1.000000000000000000, 0.000000000000000000, -0.000000000000000000 ) ) ;
#592 = EDGE_LOOP ( 'NONE', ( #3832, #1320, #3406, #4436 ) ) ;
#593 = LINE ( 'NONE', #571, #441 ) ;
#594 = VERTEX_POINT ( 'NONE', #2795 ) ;
#595 = ORIENTED_EDGE ( 'NONE', *, *, #4244, .F. ) ;
#596 = EDGE_CURVE ( 'NONE', #1682, #2729, #875, .T. ) ;
#597 = DIRECTION ( 'NONE',  ( -0.000000000000000000, 1.000000000000000000, -0.000000000000000000 ) ) ;
#598 = DIRECTION ( 'NONE',  ( 3.469446951953614189E-15, 1.000000000000000000, 0.000000000000000000 ) ) ;
#599 = LINE ( 'NONE', #4004, #2366 ) ;
#600 = ORIENTED_EDGE ( 'NONE', *, *, #596, .F. ) ;
#601 = DIRECTION ( 'NONE',  ( 1.000000000000000000, 0.000000000000000000, 0.000000000000000000 ) ) ;
#602 = AXIS2_PLACEMENT_3D ( 'NONE', #1858, #2581, #2186 ) ;
#603 = ORIENTED_EDGE ( 'NONE', *, *, #851, .F. ) ;
#604 = EDGE_CURVE ( 'NONE', #2634, #248, #2748, .T. ) ;
#605 = CARTESIAN_POINT ( 'NONE',  ( -135.9999999999999716, 13.15429687500000355, 0.000000000000000000 ) ) ;
#606 = VECTOR ( 'NONE', #2764, 1000.000000000000000 ) ;
#607 = CARTESIAN_POINT ( 'NONE',  ( 33.25000000000002842, 23.05429687500000213, 4.250000000000000000 ) ) ;
#608 = VECTOR ( 'NONE', #1994, 1000.000000000000000 ) ;
#609 = CARTESIAN_POINT ( 'NONE',  ( 0.000000000000000000, 0.000000000000000000, 2.000000000000000000 ) ) ;
#610 = ORIENTED_EDGE ( 'NONE', *, *, #515, .T. ) ;
#611 = EDGE_LOOP ( 'NONE', ( #2027, #4813, #287, #1087 ) ) ;
#612 = DIRECTION ( 'NONE',  ( -0.000000000000000000, 0.000000000000000000, 1.000000000000000000 ) ) ;
#613 = DIRECTION ( 'NONE',  ( -0.000000000000000000, 0.000000000000000000, 1.000000000000000000 ) ) ;
#614 = ORIENTED_EDGE ( 'NONE', *, *, #4444, .F. ) ;
#615 = ADVANCED_FACE ( 'NONE', ( #4260 ), #1608, .F. ) ;
#616 = DIRECTION ( 'NONE',  ( -1.156482317317871478E-16, 0.000000000000000000, -1.000000000000000000 ) ) ;
#617 = ORIENTED_EDGE ( 'NONE', *, *, #2646, .F. ) ;
#618 = LINE ( 'NONE', #196, #4475 ) ;
#619 = ORIENTED_EDGE ( 'NONE', *, *, #3222, .F. ) ;
#620 = VECTOR ( 'NONE', #2305, 1000.000000000000000 ) ;
#621 = ORIENTED_EDGE ( 'NONE', *, *, #3819, .T. ) ;
#622 = DIRECTION ( 'NONE',  ( 0.000000000000000000, -0.000000000000000000, 1.000000000000000000 ) ) ;
#623 = VERTEX_POINT ( 'NONE', #902 ) ;
#624 = CARTESIAN_POINT ( 'NONE',  ( -7.899999999999955946, 20.90429687499999289, 0.000000000000000000 ) ) ;
#625 = VECTOR ( 'NONE', #1549, 1000.000000000000000 ) ;
#626 = AXIS2_PLACEMENT_3D ( 'NONE', #4374, #3630, #3183 ) ;
#627 = PLANE ( 'NONE',  #2984 ) ;
#628 = ORIENTED_EDGE ( 'NONE', *, *, #2342, .F. ) ;
#629 = CARTESIAN_POINT ( 'NONE',  ( -4.899999999999955946, 20.15429687499999645, 2.000000000000000000 ) ) ;
#630 = VERTEX_POINT ( 'NONE', #533 ) ;
#631 = AXIS2_PLACEMENT_3D ( 'NONE', #3074, #2759, #2782 ) ;
#632 = LINE ( 'NONE', #289, #4585 ) ;
#633 = LINE ( 'NONE', #185, #770 ) ;
#634 = CARTESIAN_POINT ( 'NONE',  ( -100.0999999999999659, 16.15429687499998934, 0.000000000000000000 ) ) ;
#635 = ORIENTED_EDGE ( 'NONE', *, *, #79, .T. ) ;
#636 = ORIENTED_EDGE ( 'NONE', *, *, #1586, .F. ) ;
#637 = EDGE_CURVE ( 'NONE', #467, #3354, #2009, .T. ) ;
#638 = DIRECTION ( 'NONE',  ( 0.000000000000000000, 0.000000000000000000, -1.000000000000000000 ) ) ;
#639 = VECTOR ( 'NONE', #786, 1000.000000000000000 ) ;
#640 = PLANE ( 'NONE',  #1165 ) ;
#641 = EDGE_LOOP ( 'NONE', ( #519, #3250, #1173, #1871 ) ) ;
#642 = DIRECTION ( 'NONE',  ( 0.000000000000000000, -0.000000000000000000, 1.000000000000000000 ) ) ;
#643 = ORIENTED_EDGE ( 'NONE', *, *, #3121, .F. ) ;
#644 = EDGE_CURVE ( 'NONE', #2777, #3679, #4572, .T. ) ;
#645 = ORIENTED_EDGE ( 'NONE', *, *, #3426, .T. ) ;
#646 = PLANE ( 'NONE',  #2571 ) ;
#647 = ORIENTED_EDGE ( 'NONE', *, *, #2542, .F. ) ;
#648 = EDGE_LOOP ( 'NONE', ( #119, #1401, #4268, #2703 ) ) ;
#649 = EDGE_CURVE ( 'NONE', #77, #1761, #213, .T. ) ;
#650 = DIRECTION ( 'NONE',  ( 0.000000000000000000, 0.000000000000000000, -1.000000000000000000 ) ) ;
#651 = CARTESIAN_POINT ( 'NONE',  ( 8.650000000000053646, 15.40429687499999112, 2.000000000000000000 ) ) ;
#652 = DIRECTION ( 'NONE',  ( 1.000000000000000000, 0.000000000000000000, 0.000000000000000000 ) ) ;
#653 = DIRECTION ( 'NONE',  ( 1.000000000000000000, 0.000000000000000000, 1.156482317317871478E-16 ) ) ;
#654 = ORIENTED_EDGE ( 'NONE', *, *, #4230, .T. ) ;
#655 = LINE ( 'NONE', #4735, #3576 ) ;
#656 = AXIS2_PLACEMENT_3D ( 'NONE', #1946, #3252, #1398 ) ;
#657 = VERTEX_POINT ( 'NONE', #1636 ) ;
#658 = DIRECTION ( 'NONE',  ( -1.000000000000000000, 0.000000000000000000, -1.156482317317871478E-16 ) ) ;
#659 = DIRECTION ( 'NONE',  ( 1.000000000000000000, -0.000000000000000000, -1.156482317317871478E-16 ) ) ;
#660 = LINE ( 'NONE', #4360, #4218 ) ;
#661 = ORIENTED_EDGE ( 'NONE', *, *, #4444, .T. ) ;
#662 = MANIFOLD_SOLID_BREP ( 'Chamfer5', #4496 ) ;
#663 = ADVANCED_FACE ( 'NONE', ( #927 ), #2433, .F. ) ;
#664 = AXIS2_PLACEMENT_3D ( 'NONE', #3368, #3760, #2583 ) ;
#665 = ADVANCED_FACE ( 'NONE', ( #3920 ), #954, .F. ) ;
#666 = VERTEX_POINT ( 'NONE', #3143 ) ;
#667 = DIRECTION ( 'NONE',  ( 0.000000000000000000, -1.000000000000000000, 0.000000000000000000 ) ) ;
#668 = ORIENTED_EDGE ( 'NONE', *, *, #271, .F. ) ;
#669 = VECTOR ( 'NONE', #166, 1000.000000000000000 ) ;
#670 = CARTESIAN_POINT ( 'NONE',  ( -27.94999999999995310, 21.90429687499998934, 0.5000000000000000000 ) ) ;
#671 = VERTEX_POINT ( 'NONE', #1688 ) ;
#672 = ORIENTED_EDGE ( 'NONE', *, *, #2139, .F. ) ;
#673 = CARTESIAN_POINT ( 'NONE',  ( 47.00000000000000000, 12.75429687500000142, 3.999999999999994227 ) ) ;
#674 = DIRECTION ( 'NONE',  ( 0.000000000000000000, 0.000000000000000000, -1.000000000000000000 ) ) ;
#675 = LINE ( 'NONE', #1333, #2993 ) ;
#676 = CARTESIAN_POINT ( 'NONE',  ( 8.650000000000053646, 20.15429687499999289, 0.000000000000000000 ) ) ;
#677 = EDGE_CURVE ( 'NONE', #3106, #2402, #4664, .T. ) ;
#678 = VERTEX_POINT ( 'NONE', #105 ) ;
#679 = ORIENTED_EDGE ( 'NONE', *, *, #1365, .T. ) ;
#680 = DIRECTION ( 'NONE',  ( -1.000000000000000000, -5.337610695313248426E-16, -0.000000000000000000 ) ) ;
#681 = LINE ( 'NONE', #4811, #2592 ) ;
#682 = DIRECTION ( 'NONE',  ( -1.000000000000000000, 0.000000000000000000, -0.000000000000000000 ) ) ;
#683 = ORIENTED_EDGE ( 'NONE', *, *, #107, .T. ) ;
#684 = DIRECTION ( 'NONE',  ( 1.000000000000000000, 0.000000000000000000, -1.156482317317871478E-16 ) ) ;
#685 = VECTOR ( 'NONE', #3727, 1000.000000000000000 ) ;
#686 = CARTESIAN_POINT ( 'NONE',  ( -83.54999999999995453, 20.90429687500000711, 0.000000000000000000 ) ) ;
#687 = CIRCLE ( 'NONE', #2749, 0.2500000000000002220 ) ;
#688 = FACE_OUTER_BOUND ( 'NONE', #1503, .T. ) ;
#689 = EDGE_CURVE ( 'NONE', #1039, #3570, #4637, .T. ) ;
#690 = ORIENTED_EDGE ( 'NONE', *, *, #4008, .F. ) ;
#691 = CARTESIAN_POINT ( 'NONE',  ( -97.09999999999996589, 20.15429687499998934, 2.000000000000000000 ) ) ;
#692 = VERTEX_POINT ( 'NONE', #163 ) ;
#693 = CARTESIAN_POINT ( 'NONE',  ( -4.899999999999955946, 20.15429687499999645, 0.5000000000000000000 ) ) ;
#694 = ORIENTED_EDGE ( 'NONE', *, *, #3355, .F. ) ;
#695 = EDGE_CURVE ( 'NONE', #3597, #623, #1663, .T. ) ;
#696 = ORIENTED_EDGE ( 'NONE', *, *, #2212, .F. ) ;
#697 = CARTESIAN_POINT ( 'NONE',  ( -137.7499999999999716, 24.65429687500000711, 6.000000000000000000 ) ) ;
#698 = DATE_AND_TIME ( #761, #1223 ) ;
#699 = PLANE ( 'NONE',  #4662 ) ;
#700 = DIRECTION ( 'NONE',  ( 1.000000000000000000, 0.000000000000000000, 0.000000000000000000 ) ) ;
#701 = ORIENTED_EDGE ( 'NONE', *, *, #3662, .F. ) ;
#702 = DIRECTION ( 'NONE',  ( -1.000000000000000000, 0.000000000000000000, -0.000000000000000000 ) ) ;
#703 = VECTOR ( 'NONE', #2481, 1000.000000000000000 ) ;
#704 = ADVANCED_FACE ( 'NONE', ( #3194 ), #3169, .F. ) ;
#705 = CARTESIAN_POINT ( 'NONE',  ( -37.44999999999995310, 15.40429687499999112, 0.5000000000000000000 ) ) ;
#706 = ORIENTED_EDGE ( 'NONE', *, *, #4744, .F. ) ;
#707 = DIRECTION ( 'NONE',  ( -1.000000000000000000, 0.000000000000000000, 0.000000000000000000 ) ) ;
#708 = VECTOR ( 'NONE', #921, 1000.000000000000000 ) ;
#709 = PLANE ( 'NONE',  #4186 ) ;
#710 = DIRECTION ( 'NONE',  ( -0.000000000000000000, -0.000000000000000000, 1.000000000000000000 ) ) ;
#711 = CARTESIAN_POINT ( 'NONE',  ( -135.4999999999999716, 0.000000000000000000, 0.3499999999999999223 ) ) ;
#712 = ORIENTED_EDGE ( 'NONE', *, *, #4600, .F. ) ;
#713 = DIRECTION ( 'NONE',  ( -2.168404344971006896E-16, 1.000000000000000000, 0.000000000000000000 ) ) ;
#714 = ORIENTED_EDGE ( 'NONE', *, *, #2887, .F. ) ;
#715 = ORIENTED_EDGE ( 'NONE', *, *, #2616, .T. ) ;
#716 = ADVANCED_FACE ( 'NONE', ( #4689 ), #1294, .F. ) ;
#717 = VECTOR ( 'NONE', #4104, 1000.000000000000000 ) ;
#718 = CARTESIAN_POINT ( 'NONE',  ( 31.70000000000005613, 20.90429687499999289, 0.5000000000000000000 ) ) ;
#719 = EDGE_CURVE ( 'NONE', #2259, #2476, #3864, .T. ) ;
#720 = FACE_OUTER_BOUND ( 'NONE', #1430, .T. ) ;
#721 = DIRECTION ( 'NONE',  ( -1.156482317317871478E-16, 0.000000000000000000, -1.000000000000000000 ) ) ;
#722 = VERTEX_POINT ( 'NONE', #4877 ) ;
#723 = CARTESIAN_POINT ( 'NONE',  ( 28.70000000000005613, 21.90429687499998934, 0.5000000000000000000 ) ) ;
#724 = DIRECTION ( 'NONE',  ( -0.000000000000000000, 0.000000000000000000, 1.000000000000000000 ) ) ;
#725 = ORIENTED_EDGE ( 'NONE', *, *, #4337, .F. ) ;
#726 = FACE_BOUND ( 'NONE', #2106, .T. ) ;
#727 = ADVANCED_FACE ( 'NONE', ( #1092 ), #763, .F. ) ;
#728 = LINE ( 'NONE', #686, #2063 ) ;
#729 = LINE ( 'NONE', #1911, #4562 ) ;
#730 = CARTESIAN_POINT ( 'NONE',  ( -13.74999999999998401, 23.05429687500000213, 4.250000000000000000 ) ) ;
#731 = EDGE_CURVE ( 'NONE', #852, #2902, #1481, .T. ) ;
#732 = VERTEX_POINT ( 'NONE', #2225 ) ;
#733 = EDGE_LOOP ( 'NONE', ( #195, #4371, #4303, #2640 ) ) ;
#734 = PERSON ( 'UNSPECIFIED', 'UNSPECIFIED', 'UNSPECIFIED', ('UNSPECIFIED'), ('UNSPECIFIED'), ('UNSPECIFIED') ) ;
#735 = EDGE_LOOP ( 'NONE', ( #2867, #1810, #1643, #1249 ) ) ;
#736 = VECTOR ( 'NONE', #3868, 1000.000000000000000 ) ;
#737 = FACE_OUTER_BOUND ( 'NONE', #4398, .T. ) ;
#738 = LINE ( 'NONE', #332, #296 ) ;
#739 = EDGE_CURVE ( 'NONE', #2946, #293, #2598, .T. ) ;
#740 = DIRECTION ( 'NONE',  ( 0.000000000000000000, 0.000000000000000000, -1.000000000000000000 ) ) ;
#741 =( BOUNDED_CURVE ( )  B_SPLINE_CURVE ( 3, ( #1369, #295, #1419, #2927 ),
 .UNSPECIFIED., .F., .F. ) 
 B_SPLINE_CURVE_WITH_KNOTS ( ( 4, 4 ),
 ( 3.141592653589793116, 4.712388980384689674 ),
 .UNSPECIFIED. ) 
 CURVE ( )  GEOMETRIC_REPRESENTATION_ITEM ( )  RATIONAL_B_SPLINE_CURVE ( ( 1.000000000000000000, 0.8047378541243649375, 0.8047378541243649375, 1.000000000000000000 ) ) 
 REPRESENTATION_ITEM ( '' )  );
#742 = EDGE_CURVE ( 'NONE', #947, #2535, #2244, .T. ) ;
#743 = EDGE_LOOP ( 'NONE', ( #517, #1769, #861, #1068 ) ) ;
#744 = DIRECTION ( 'NONE',  ( 1.000000000000000000, -0.000000000000000000, 1.156482317317871478E-16 ) ) ;
#745 = DIRECTION ( 'NONE',  ( -1.000000000000000000, 0.000000000000000000, 0.000000000000000000 ) ) ;
#746 = ORIENTED_EDGE ( 'NONE', *, *, #877, .F. ) ;
#747 = CARTESIAN_POINT ( 'NONE',  ( -60.49999999999995026, 15.40429687499999112, 0.000000000000000000 ) ) ;
#748 = EDGE_CURVE ( 'NONE', #1127, #1859, #2269, .T. ) ;
#749 = DIRECTION ( 'NONE',  ( 0.000000000000000000, 0.000000000000000000, 1.000000000000000000 ) ) ;
#750 = CARTESIAN_POINT ( 'NONE',  ( -83.54999999999995453, 20.90429687500000711, 2.000000000000000000 ) ) ;
#751 = LINE ( 'NONE', #1914, #4520 ) ;
#752 = VECTOR ( 'NONE', #1269, 1000.000000000000000 ) ;
#753 = ORIENTED_EDGE ( 'NONE', *, *, #74, .T. ) ;
#754 = VECTOR ( 'NONE', #3540, 1000.000000000000000 ) ;
#755 = DIRECTION ( 'NONE',  ( -0.000000000000000000, 0.000000000000000000, 1.000000000000000000 ) ) ;
#756 = ADVANCED_FACE ( 'NONE', ( #3291 ), #1436, .F. ) ;
#757 = VECTOR ( 'NONE', #3338, 1000.000000000000000 ) ;
#758 = ORIENTED_EDGE ( 'NONE', *, *, #4678, .T. ) ;
#759 = VERTEX_POINT ( 'NONE', #3008 ) ;
#760 = CARTESIAN_POINT ( 'NONE',  ( -28.74999999999998224, 13.25429687500000142, 4.250000000000007994 ) ) ;
#761 = CALENDAR_DATE ( 2025, 31, 7 ) ;
#762 = LINE ( 'NONE', #3006, #43 ) ;
#763 = PLANE ( 'NONE',  #1389 ) ;
#764 = ORIENTED_EDGE ( 'NONE', *, *, #739, .T. ) ;
#765 = DIRECTION ( 'NONE',  ( 0.000000000000000000, 0.000000000000000000, 1.000000000000000000 ) ) ;
#766 = CARTESIAN_POINT ( 'NONE',  ( -13.74999999999998401, 13.25429687500000142, 3.750000000000006217 ) ) ;
#767 = EDGE_LOOP ( 'NONE', ( #2582, #3318, #3204, #4428 ) ) ;
#768 = ORIENTED_EDGE ( 'NONE', *, *, #386, .T. ) ;
#769 = DIRECTION ( 'NONE',  ( 1.000000000000000000, 0.000000000000000000, 0.000000000000000000 ) ) ;
#770 = VECTOR ( 'NONE', #3665, 1000.000000000000000 ) ;
#771 = VECTOR ( 'NONE', #4315, 1000.000000000000000 ) ;
#772 = DIRECTION ( 'NONE',  ( -0.000000000000000000, 0.000000000000000000, -1.000000000000000000 ) ) ;
#773 = DIRECTION ( 'NONE',  ( 0.000000000000000000, 0.000000000000000000, 1.000000000000000000 ) ) ;
#774 = VERTEX_POINT ( 'NONE', #353 ) ;
#775 = EDGE_CURVE ( 'NONE', #2134, #3924, #2618, .T. ) ;
#776 = AXIS2_PLACEMENT_3D ( 'NONE', #4195, #404, #499 ) ;
#777 = DIRECTION ( 'NONE',  ( 0.000000000000000000, 1.000000000000000000, 0.000000000000000000 ) ) ;
#778 = ORIENTED_EDGE ( 'NONE', *, *, #4760, .F. ) ;
#779 = LINE ( 'NONE', #2174, #3453 ) ;
#780 = ORIENTED_EDGE ( 'NONE', *, *, #3060, .F. ) ;
#781 = APPROVAL ( #3185, 'UNSPECIFIED' ) ;
#782 = EDGE_LOOP ( 'NONE', ( #485, #4822, #3615, #270 ) ) ;
#783 = EDGE_LOOP ( 'NONE', ( #712, #4057, #1671, #3045 ) ) ;
#784 = VECTOR ( 'NONE', #2213, 1000.000000000000000 ) ;
#785 = DIRECTION ( 'NONE',  ( -0.000000000000000000, -0.000000000000000000, 1.000000000000000000 ) ) ;
#786 = DIRECTION ( 'NONE',  ( 1.000000000000000000, 0.000000000000000000, 0.000000000000000000 ) ) ;
#787 = DIRECTION ( 'NONE',  ( 0.000000000000000000, 0.000000000000000000, -1.000000000000000000 ) ) ;
#788 = EDGE_CURVE ( 'NONE', #4565, #666, #286, .T. ) ;
#789 = VECTOR ( 'NONE', #1524, 1000.000000000000000 ) ;
#790 = VECTOR ( 'NONE', #2000, 1000.000000000000000 ) ;
#791 = DIRECTION ( 'NONE',  ( 0.000000000000000000, 0.000000000000000000, -1.000000000000000000 ) ) ;
#792 = FACE_OUTER_BOUND ( 'NONE', #4039, .T. ) ;
#793 = LINE ( 'NONE', #451, #4711 ) ;
#794 = ORIENTED_EDGE ( 'NONE', *, *, #1022, .F. ) ;
#795 = VERTEX_POINT ( 'NONE', #1854 ) ;
#796 = CARTESIAN_POINT ( 'NONE',  ( -7.899999999999955946, 16.15429687499999289, 2.000000000000000000 ) ) ;
#797 = VECTOR ( 'NONE', #4762, 1000.000000000000000 ) ;
#798 = LINE ( 'NONE', #3838, #3713 ) ;
#799 = CARTESIAN_POINT ( 'NONE',  ( 8.650000000000053646, 20.90429687499999289, 0.000000000000000000 ) ) ;
#800 = DIRECTION ( 'NONE',  ( -1.000000000000000000, 0.000000000000000000, 0.000000000000000000 ) ) ;
#801 = EDGE_CURVE ( 'NONE', #2554, #2634, #4480, .T. ) ;
#802 = DIRECTION ( 'NONE',  ( 0.000000000000000000, -0.000000000000000000, -1.000000000000000000 ) ) ;
#803 = VERTEX_POINT ( 'NONE', #2574 ) ;
#804 = ADVANCED_FACE ( 'NONE', ( #4806 ), #1410, .F. ) ;
#805 = CARTESIAN_POINT ( 'NONE',  ( 0.000000000000000000, 23.80429687500000213, 6.000000000000000000 ) ) ;
#806 = ORIENTED_EDGE ( 'NONE', *, *, #3521, .T. ) ;
#807 = ORIENTED_EDGE ( 'NONE', *, *, #1137, .F. ) ;
#808 = LINE ( 'NONE', #1646, #1077 ) ;
#809 = DIRECTION ( 'NONE',  ( -0.000000000000000000, -0.000000000000000000, 1.000000000000000000 ) ) ;
#810 = DIRECTION ( 'NONE',  ( 0.000000000000000000, 1.000000000000000000, 0.000000000000000000 ) ) ;
#811 = ORIENTED_EDGE ( 'NONE', *, *, #3923, .T. ) ;
#812 = LINE ( 'NONE', #2398, #790 ) ;
#813 = CARTESIAN_POINT ( 'NONE',  ( -37.44999999999995310, 20.90429687499999289, 0.000000000000000000 ) ) ;
#814 = VECTOR ( 'NONE', #3214, 1000.000000000000000 ) ;
#815 = CARTESIAN_POINT ( 'NONE',  ( -106.5999999999999659, 15.40429687499998934, 2.000000000000000000 ) ) ;
#816 = EDGE_CURVE ( 'NONE', #4421, #2046, #2940, .T. ) ;
#817 = LINE ( 'NONE', #3558, #2825 ) ;
#818 = ORIENTED_EDGE ( 'NONE', *, *, #1455, .F. ) ;
#819 = CARTESIAN_POINT ( 'NONE',  ( -13.74999999999998401, 13.25429687500000142, 4.250000000000006217 ) ) ;
#820 = DIRECTION ( 'NONE',  ( -0.000000000000000000, 0.000000000000000000, 1.000000000000000000 ) ) ;
#821 = DIRECTION ( 'NONE',  ( 0.000000000000000000, 0.000000000000000000, -1.000000000000000000 ) ) ;
#822 = DIRECTION ( 'NONE',  ( 1.000000000000000000, 0.000000000000000000, 0.000000000000000000 ) ) ;
#823 = DIRECTION ( 'NONE',  ( 0.000000000000000000, -1.000000000000000000, 0.000000000000000000 ) ) ;
#824 = EDGE_LOOP ( 'NONE', ( #2756, #261, #300, #2959 ) ) ;
#825 = ORIENTED_EDGE ( 'NONE', *, *, #382, .F. ) ;
#826 = DIRECTION ( 'NONE',  ( 0.000000000000000000, -1.000000000000000000, 0.000000000000000000 ) ) ;
#827 = CARTESIAN_POINT ( 'NONE',  ( 33.25000000000002842, 12.50429687500000142, 3.750000000000006217 ) ) ;
#828 = EDGE_LOOP ( 'NONE', ( #2883, #1483, #3946, #1518 ) ) ;
#829 = VECTOR ( 'NONE', #1506, 1000.000000000000000 ) ;
#830 = EDGE_LOOP ( 'NONE', ( #4424, #1359, #3671, #233 ) ) ;
#831 = AXIS2_PLACEMENT_3D ( 'NONE', #1186, #1159, #4169 ) ;
#832 = VECTOR ( 'NONE', #4619, 1000.000000000000000 ) ;
#833 = LINE ( 'NONE', #4243, #1620 ) ;
#834 = LINE ( 'NONE', #2446, #3959 ) ;
#835 = EDGE_CURVE ( 'NONE', #1623, #4386, #4458, .T. ) ;
#836 = DIRECTION ( 'NONE',  ( 0.5773502691896122974, -0.5773502691896323924, -0.5773502691896323924 ) ) ;
#837 = ORIENTED_EDGE ( 'NONE', *, *, #3819, .F. ) ;
#838 = DIRECTION ( 'NONE',  ( 0.000000000000000000, -0.000000000000000000, -1.000000000000000000 ) ) ;
#839 = DIRECTION ( 'NONE',  ( -1.156482317317871478E-16, 0.000000000000000000, -1.000000000000000000 ) ) ;
#840 = LINE ( 'NONE', #1211, #2098 ) ;
#841 = LINE ( 'NONE', #1681, #232 ) ;
#842 = ORIENTED_EDGE ( 'NONE', *, *, #2856, .T. ) ;
#843 = DIRECTION ( 'NONE',  ( 0.000000000000000000, 1.000000000000000000, 0.000000000000000000 ) ) ;
#844 = EDGE_CURVE ( 'NONE', #502, #759, #4857, .T. ) ;
#845 = CARTESIAN_POINT ( 'NONE',  ( -5.593941108938956972E-15, 20.15429687499999289, 2.000000000000000000 ) ) ;
#846 = CARTESIAN_POINT ( 'NONE',  ( -63.74999999999994316, 21.90429687500000000, 2.000000000000000000 ) ) ;
#847 = CARTESIAN_POINT ( 'NONE',  ( -100.0999999999999659, 20.90429687499999289, 2.000000000000000000 ) ) ;
#848 = CARTESIAN_POINT ( 'NONE',  ( -131.8999999999999773, 14.40429687500000178, 0.5000000000000000000 ) ) ;
#849 = ORIENTED_EDGE ( 'NONE', *, *, #319, .F. ) ;
#850 = AXIS2_PLACEMENT_3D ( 'NONE', #2322, #839, #3830 ) ;
#851 = EDGE_CURVE ( 'NONE', #2758, #1859, #2916, .T. ) ;
#852 = VERTEX_POINT ( 'NONE', #4434 ) ;
#853 = CARTESIAN_POINT ( 'NONE',  ( -60.74999999999998579, 12.50429687500000142, 3.750000000000006217 ) ) ;
#854 = CARTESIAN_POINT ( 'NONE',  ( 38.20000000000005258, 20.90429687499999289, 0.000000000000000000 ) ) ;
#855 = VECTOR ( 'NONE', #1805, 1000.000000000000000 ) ;
#856 = VECTOR ( 'NONE', #4720, 1000.000000000000000 ) ;
#857 = ORIENTED_EDGE ( 'NONE', *, *, #1081, .T. ) ;
#858 = VECTOR ( 'NONE', #3685, 1000.000000000000000 ) ;
#859 = ORIENTED_EDGE ( 'NONE', *, *, #2505, .F. ) ;
#860 = CARTESIAN_POINT ( 'NONE',  ( 18.15000000000005187, 16.15429687499999289, 0.5000000000000000000 ) ) ;
#861 = ORIENTED_EDGE ( 'NONE', *, *, #1981, .F. ) ;
#862 = CARTESIAN_POINT ( 'NONE',  ( -13.74999999999998401, 23.80429687500000213, 4.250000000000000000 ) ) ;
#863 = EDGE_CURVE ( 'NONE', #19, #3279, #1044, .T. ) ;
#864 = ORIENTED_EDGE ( 'NONE', *, *, #111, .T. ) ;
#865 = EDGE_CURVE ( 'NONE', #3887, #1304, #5, .T. ) ;
#866 = CARTESIAN_POINT ( 'NONE',  ( -30.94999999999995310, 20.90429687499999289, 0.5000000000000000000 ) ) ;
#867 = PLANE ( 'NONE',  #850 ) ;
#868 = FACE_OUTER_BOUND ( 'NONE', #4526, .T. ) ;
#869 = CARTESIAN_POINT ( 'NONE',  ( 33.25000000000002842, 23.80429687500000213, 4.250000000000000000 ) ) ;
#870 = ORIENTED_EDGE ( 'NONE', *, *, #3001, .T. ) ;
#871 = CARTESIAN_POINT ( 'NONE',  ( -83.54999999999995453, 16.15429687500000711, 0.000000000000000000 ) ) ;
#872 = DIRECTION ( 'NONE',  ( -1.000000000000000000, -0.000000000000000000, -0.000000000000000000 ) ) ;
#873 = LINE ( 'NONE', #103, #3048 ) ;
#874 = CARTESIAN_POINT ( 'NONE',  ( -63.74999999999994316, 21.90429687500000000, 2.000000000000000000 ) ) ;
#875 = LINE ( 'NONE', #2062, #3075 ) ;
#876 = VERTEX_POINT ( 'NONE', #2179 ) ;
#877 = EDGE_CURVE ( 'NONE', #4447, #1447, #3712, .T. ) ;
#878 = EDGE_LOOP ( 'NONE', ( #2454, #3240, #3341, #1086 ) ) ;
#879 = CARTESIAN_POINT ( 'NONE',  ( 8.650000000000053646, 15.40429687499999112, 0.000000000000000000 ) ) ;
#880 = CARTESIAN_POINT ( 'NONE',  ( -129.6499999999999773, 20.90429687500000355, 0.5000000000000000000 ) ) ;
#882 = ORIENTED_EDGE ( 'NONE', *, *, #689, .T. ) ;
#881 = VECTOR ( 'NONE', #299, 1000.000000000000000 ) ;
#883 = EDGE_CURVE ( 'NONE', #4361, #128, #3802, .T. ) ;
#884 = ORIENTED_EDGE ( 'NONE', *, *, #3385, .T. ) ;
#885 = ORIENTED_EDGE ( 'NONE', *, *, #440, .F. ) ;
#886 = PLANE ( 'NONE',  #3833 ) ;
#887 = ORIENTED_EDGE ( 'NONE', *, *, #3807, .F. ) ;
#888 = DIRECTION ( 'NONE',  ( 0.000000000000000000, 0.000000000000000000, -1.000000000000000000 ) ) ;
#889 = VECTOR ( 'NONE', #2277, 1000.000000000000000 ) ;
#890 = ORIENTED_EDGE ( 'NONE', *, *, #3990, .T. ) ;
#891 = DIRECTION ( 'NONE',  ( -0.000000000000000000, 1.000000000000000000, 0.000000000000000000 ) ) ;
#892 = DIRECTION ( 'NONE',  ( 0.000000000000000000, 0.000000000000000000, -1.000000000000000000 ) ) ;
#893 = ADVANCED_FACE ( 'NONE', ( #3405 ), #4341, .F. ) ;
#894 = LINE ( 'NONE', #815, #2495 ) ;
#895 = CARTESIAN_POINT ( 'NONE',  ( 46.04999999999998295, 25.45429687499997584, 0.1999999999999849121 ) ) ;
#896 = VERTEX_POINT ( 'NONE', #960 ) ;
#897 = LINE ( 'NONE', #2028, #898 ) ;
#898 = VECTOR ( 'NONE', #2669, 1000.000000000000000 ) ;
#899 = PLANE ( 'NONE',  #3545 ) ;
#900 = CARTESIAN_POINT ( 'NONE',  ( 46.02765300074574384, 10.83194987574575308, 4.926413717694833494 ) ) ;
#901 = PLANE ( 'NONE',  #523 ) ;
#902 = CARTESIAN_POINT ( 'NONE',  ( -131.8999999999999773, 21.90429687500000355, 2.000000000000000000 ) ) ;
#903 = EDGE_LOOP ( 'NONE', ( #1243, #2423, #377, #4146 ) ) ;
#904 = ADVANCED_FACE ( 'NONE', ( #2440 ), #1206, .F. ) ;
#905 = EDGE_LOOP ( 'NONE', ( #32, #3098, #3258, #316 ) ) ;
#906 = CARTESIAN_POINT ( 'NONE',  ( -122.7499999999999858, 23.80429687500000213, 4.249999999999998224 ) ) ;
#907 = CARTESIAN_POINT ( 'NONE',  ( -14.39999999999995417, 20.90429687499999289, 0.000000000000000000 ) ) ;
#908 = EDGE_LOOP ( 'NONE', ( #4096, #2238, #1791, #3261 ) ) ;
#909 = EDGE_CURVE ( 'NONE', #774, #4776, #3049, .T. ) ;
#910 = EDGE_LOOP ( 'NONE', ( #137, #3738, #3625, #4612 ) ) ;
#911 = ORIENTED_EDGE ( 'NONE', *, *, #1520, .F. ) ;
#912 = EDGE_CURVE ( 'NONE', #941, #4697, #2344, .T. ) ;
#913 = DIRECTION ( 'NONE',  ( 0.000000000000000000, -1.000000000000000000, 0.000000000000000000 ) ) ;
#914 = VERTEX_POINT ( 'NONE', #1546 ) ;
#915 = CARTESIAN_POINT ( 'NONE',  ( -129.6499999999999773, 20.90429687500000355, 0.000000000000000000 ) ) ;
#916 = VERTEX_POINT ( 'NONE', #566 ) ;
#917 = VECTOR ( 'NONE', #585, 999.9999999999998863 ) ;
#918 = CARTESIAN_POINT ( 'NONE',  ( 28.70000000000005613, 21.90429687499998934, 2.000000000000000000 ) ) ;
#919 = CARTESIAN_POINT ( 'NONE',  ( -100.0999999999999659, 20.90429687499999289, 0.000000000000000000 ) ) ;
#920 = CARTESIAN_POINT ( 'NONE',  ( 45.84999999999998721, 11.05429687500001457, 0.000000000000000000 ) ) ;
#921 = DIRECTION ( 'NONE',  ( -0.000000000000000000, -0.000000000000000000, 1.000000000000000000 ) ) ;
#922 = ORIENTED_EDGE ( 'NONE', *, *, #2139, .T. ) ;
#923 = DIRECTION ( 'NONE',  ( 0.000000000000000000, -0.000000000000000000, -1.000000000000000000 ) ) ;
#924 = CARTESIAN_POINT ( 'NONE',  ( -123.1499999999999773, 20.90429687500000355, 0.000000000000000000 ) ) ;
#925 = DIRECTION ( 'NONE',  ( 0.000000000000000000, 1.000000000000000000, 0.000000000000000000 ) ) ;
#926 = DIRECTION ( 'NONE',  ( 0.000000000000000000, -0.000000000000000000, -1.000000000000000000 ) ) ;
#927 = FACE_OUTER_BOUND ( 'NONE', #1673, .T. ) ;
#928 = CARTESIAN_POINT ( 'NONE',  ( -131.8999999999999773, 21.90429687500000355, 0.5000000000000000000 ) ) ;
#929 = DIRECTION ( 'NONE',  ( -1.000000000000000000, -0.000000000000000000, -0.000000000000000000 ) ) ;
#930 = EDGE_CURVE ( 'NONE', #2967, #547, #538, .T. ) ;
#931 = ORIENTED_EDGE ( 'NONE', *, *, #274, .F. ) ;
#932 = DIRECTION ( 'NONE',  ( 0.000000000000000000, -0.000000000000000000, 1.000000000000000000 ) ) ;
#933 = EDGE_LOOP ( 'NONE', ( #4726, #1432, #3274, #1311 ) ) ;
#934 = VECTOR ( 'NONE', #3639, 1000.000000000000000 ) ;
#935 = ORIENTED_EDGE ( 'NONE', *, *, #3276, .F. ) ;
#936 = AXIS2_PLACEMENT_3D ( 'NONE', #673, #4802, #1565 ) ;
#937 = CYLINDRICAL_SURFACE ( 'NONE', #4396, 0.2500000000000002220 ) ;
#938 = ORIENTED_EDGE ( 'NONE', *, *, #551, .F. ) ;
#939 = FACE_OUTER_BOUND ( 'NONE', #1508, .T. ) ;
#940 = VECTOR ( 'NONE', #1018, 1000.000000000000000 ) ;
#941 = VERTEX_POINT ( 'NONE', #169 ) ;
#942 = LINE ( 'NONE', #2075, #2903 ) ;
#943 = EDGE_CURVE ( 'NONE', #1460, #3420, #421, .T. ) ;
#944 = LINE ( 'NONE', #2886, #1407 ) ;
#945 = CARTESIAN_POINT ( 'NONE',  ( -53.99999999999995026, 15.40429687499999112, 0.5000000000000000000 ) ) ;
#946 = DIRECTION ( 'NONE',  ( 1.000000000000000000, -0.000000000000000000, 1.156482317317871478E-16 ) ) ;
#947 = VERTEX_POINT ( 'NONE', #2828 ) ;
#948 = PLANE ( 'NONE',  #192 ) ;
#949 = EDGE_CURVE ( 'NONE', #1127, #2553, #3175, .T. ) ;
#950 = CARTESIAN_POINT ( 'NONE',  ( 0.000000000000000000, 16.15429687500000711, 2.000000000000000000 ) ) ;
#951 = DIRECTION ( 'NONE',  ( 1.000000000000000000, -0.000000000000000000, 1.156482317317871478E-16 ) ) ;
#952 = AXIS2_PLACEMENT_3D ( 'NONE', #1490, #4150, #772 ) ;
#953 = LINE ( 'NONE', #3968, #3677 ) ;
#954 = PLANE ( 'NONE',  #2882 ) ;
#955 = VERTEX_POINT ( 'NONE', #3947 ) ;
#956 = VECTOR ( 'NONE', #4194, 1000.000000000000000 ) ;
#957 = CARTESIAN_POINT ( 'NONE',  ( -122.7499999999999858, 12.75429687500000142, 3.750000000000007994 ) ) ;
#958 = LINE ( 'NONE', #3300, #3532 ) ;
#959 = VERTEX_POINT ( 'NONE', #3203 ) ;
#960 = CARTESIAN_POINT ( 'NONE',  ( -106.5999999999999659, 16.15429687499998934, 2.000000000000000000 ) ) ;
#961 = ADVANCED_FACE ( 'NONE', ( #3026 ), #4695, .F. ) ;
#962 = ORIENTED_EDGE ( 'NONE', *, *, #3720, .T. ) ;
#963 = VECTOR ( 'NONE', #1689, 1000.000000000000000 ) ;
#964 = FACE_OUTER_BOUND ( 'NONE', #99, .T. ) ;
#965 = ORIENTED_EDGE ( 'NONE', *, *, #4071, .F. ) ;
#966 = ORIENTED_EDGE ( 'NONE', *, *, #2286, .F. ) ;
#967 = DIRECTION ( 'NONE',  ( 0.000000000000000000, -0.000000000000000000, 1.000000000000000000 ) ) ;
#968 = CARTESIAN_POINT ( 'NONE',  ( -74.04999999999996874, 20.15429687500000711, 0.5000000000000000000 ) ) ;
#969 = CARTESIAN_POINT ( 'NONE',  ( 0.000000000000000000, 0.000000000000000000, 0.000000000000000000 ) ) ;
#970 = FACE_OUTER_BOUND ( 'NONE', #90, .T. ) ;
#971 = ORIENTED_EDGE ( 'NONE', *, *, #1197, .F. ) ;
#972 = CARTESIAN_POINT ( 'NONE',  ( -7.899999999999955946, 16.15429687499999289, 0.5000000000000000000 ) ) ;
#973 = EDGE_LOOP ( 'NONE', ( #10, #725, #4235, #4188 ) ) ;
#974 = DIRECTION ( 'NONE',  ( 0.000000000000000000, 1.000000000000000000, 0.000000000000000000 ) ) ;
#975 = EDGE_CURVE ( 'NONE', #2902, #4780, #1923, .T. ) ;
#976 = CARTESIAN_POINT ( 'NONE',  ( -107.7499999999999858, 12.75429687500000142, 3.750000000000006217 ) ) ;
#977 = DIRECTION ( 'NONE',  ( 0.000000000000000000, 0.000000000000000000, 1.000000000000000000 ) ) ;
#978 = ORIENTED_EDGE ( 'NONE', *, *, #415, .F. ) ;
#979 = PLANE ( 'NONE',  #3948 ) ;
#980 = CARTESIAN_POINT ( 'NONE',  ( -137.7499999999999716, 10.65429687500000355, 0.4000000000000114575 ) ) ;
#981 = ORIENTED_EDGE ( 'NONE', *, *, #3577, .F. ) ;
#982 = CARTESIAN_POINT ( 'NONE',  ( -13.74999999999998401, 12.50429687500000142, 3.750000000000006217 ) ) ;
#983 = EDGE_CURVE ( 'NONE', #2925, #2509, #4546, .T. ) ;
#984 = ORIENTED_EDGE ( 'NONE', *, *, #2187, .T. ) ;
#985 = CARTESIAN_POINT ( 'NONE',  ( -75.74999999999998579, 23.80429687500000213, 4.249999999999998224 ) ) ;
#986 = ORIENTED_EDGE ( 'NONE', *, *, #1378, .F. ) ;
#987 = VERTEX_POINT ( 'NONE', #1180 ) ;
#988 = ADVANCED_FACE ( 'NONE', ( #4216, #4191 ), #3428, .T. ) ;
#989 = CARTESIAN_POINT ( 'NONE',  ( -63.74999999999994316, 21.90429687500000000, 0.5000000000000000000 ) ) ;
#990 = DIRECTION ( 'NONE',  ( 1.000000000000000000, 0.000000000000000000, 0.000000000000000000 ) ) ;
#991 = EDGE_CURVE ( 'NONE', #4786, #1587, #1154, .T. ) ;
#992 = DIRECTION ( 'NONE',  ( -1.000000000000000000, -2.775557561562891351E-16, 0.000000000000000000 ) ) ;
#993 = VERTEX_POINT ( 'NONE', #3826 ) ;
#994 = LINE ( 'NONE', #2055, #2315 ) ;
#995 = VECTOR ( 'NONE', #325, 1000.000000000000000 ) ;
#996 = ORIENTED_EDGE ( 'NONE', *, *, #1738, .T. ) ;
#997 = VECTOR ( 'NONE', #1270, 1000.000000000000000 ) ;
#998 = PLANE ( 'NONE',  #1664 ) ;
#999 = VECTOR ( 'NONE', #2861, 1000.000000000000000 ) ;
#1000 = DIRECTION ( 'NONE',  ( 0.000000000000000000, 1.000000000000000000, 0.000000000000000000 ) ) ;
#1001 = VECTOR ( 'NONE', #3823, 1000.000000000000000 ) ;
#1002 = FACE_OUTER_BOUND ( 'NONE', #2017, .T. ) ;
#1003 = ORIENTED_EDGE ( 'NONE', *, *, #4161, .T. ) ;
#1004 = EDGE_CURVE ( 'NONE', #1039, #402, #447, .T. ) ;
#1005 = DIRECTION ( 'NONE',  ( -0.000000000000000000, 1.000000000000000000, 0.000000000000000000 ) ) ;
#1006 = PLANE ( 'NONE',  #1403 ) ;
#1007 = ORIENTED_EDGE ( 'NONE', *, *, #801, .T. ) ;
#1008 = LINE ( 'NONE', #2514, #3402 ) ;
#1009 = ADVANCED_FACE ( 'NONE', ( #1899 ), #2294, .T. ) ;
#1010 = ORIENTED_EDGE ( 'NONE', *, *, #551, .T. ) ;
#1011 = DIRECTION ( 'NONE',  ( 0.000000000000000000, -1.000000000000000000, 0.000000000000000000 ) ) ;
#1012 = VERTEX_POINT ( 'NONE', #2144 ) ;
#1013 = VECTOR ( 'NONE', #3132, 1000.000000000000000 ) ;
#1014 = ORIENTED_EDGE ( 'NONE', *, *, #844, .F. ) ;
#1015 = CARTESIAN_POINT ( 'NONE',  ( 33.25000000000002842, 23.80429687500000213, 4.250000000000000000 ) ) ;
#1016 = FACE_OUTER_BOUND ( 'NONE', #1255, .T. ) ;
#1017 = AXIS2_PLACEMENT_3D ( 'NONE', #2522, #2615, #2961 ) ;
#1018 = DIRECTION ( 'NONE',  ( 0.000000000000000000, -1.000000000000000000, 0.000000000000000000 ) ) ;
#1019 = EDGE_CURVE ( 'NONE', #4009, #4240, #4021, .T. ) ;
#1020 = ORIENTED_EDGE ( 'NONE', *, *, #3276, .T. ) ;
#1021 = LINE ( 'NONE', #2891, #1684 ) ;
#1022 = EDGE_CURVE ( 'NONE', #1724, #3247, #1372, .T. ) ;
#1023 = VERTEX_POINT ( 'NONE', #691 ) ;
#1024 = CARTESIAN_POINT ( 'NONE',  ( 18.15000000000005187, 20.15429687499999645, 0.5000000000000000000 ) ) ;
#1025 = LINE ( 'NONE', #3586, #2116 ) ;
#1026 = DIRECTION ( 'NONE',  ( 1.000000000000000000, 0.000000000000000000, 0.000000000000000000 ) ) ;
#1027 = ORIENTED_EDGE ( 'NONE', *, *, #2122, .F. ) ;
#1028 = DIRECTION ( 'NONE',  ( -0.000000000000000000, -0.000000000000000000, 1.000000000000000000 ) ) ;
#1029 = DIRECTION ( 'NONE',  ( 1.156482317317871478E-16, 0.000000000000000000, -1.000000000000000000 ) ) ;
#1030 = VERTEX_POINT ( 'NONE', #4820 ) ;
#1031 = CARTESIAN_POINT ( 'NONE',  ( -13.74999999999998401, 13.25429687500000142, 4.250000000000006217 ) ) ;
#1032 = VECTOR ( 'NONE', #2711, 1000.000000000000000 ) ;
#1033 = VECTOR ( 'NONE', #4548, 1000.000000000000000 ) ;
#1034 = EDGE_LOOP ( 'NONE', ( #1758, #2417, #4752, #4617 ) ) ;
#1035 = EDGE_CURVE ( 'NONE', #248, #1625, #3280, .T. ) ;
#1036 = CARTESIAN_POINT ( 'NONE',  ( -51.74999999999995026, 14.40429687500000178, 2.000000000000000000 ) ) ;
#1037 = ORIENTED_EDGE ( 'NONE', *, *, #3949, .F. ) ;
#1038 = VECTOR ( 'NONE', #131, 1000.000000000000000 ) ;
#1039 = VERTEX_POINT ( 'NONE', #272 ) ;
#1040 = DIRECTION ( 'NONE',  ( 1.000000000000000000, 0.000000000000000000, 0.000000000000000000 ) ) ;
#1041 = LINE ( 'NONE', #718, #211 ) ;
#1042 = COORDINATED_UNIVERSAL_TIME_OFFSET ( 5, 0, .BEHIND. ) ;
#1043 = LINE ( 'NONE', #4733, #161 ) ;
#1044 = LINE ( 'NONE', #4525, #400 ) ;
#1045 = VECTOR ( 'NONE', #1535, 1000.000000000000000 ) ;
#1046 = ORIENTED_EDGE ( 'NONE', *, *, #719, .T. ) ;
#1047 = EDGE_CURVE ( 'NONE', #2101, #2073, #3596, .T. ) ;
#1048 = DIRECTION ( 'NONE',  ( 0.000000000000000000, 0.000000000000000000, -1.000000000000000000 ) ) ;
#1049 = DIRECTION ( 'NONE',  ( 1.156482317317871478E-16, -0.000000000000000000, 1.000000000000000000 ) ) ;
#1050 = CARTESIAN_POINT ( 'NONE',  ( -17.39999999999995239, 16.15429687499998934, 0.5000000000000000000 ) ) ;
#1051 = VERTEX_POINT ( 'NONE', #4796 ) ;
#1052 = FACE_OUTER_BOUND ( 'NONE', #4723, .T. ) ;
#1053 = EDGE_CURVE ( 'NONE', #128, #2941, #2851, .T. ) ;
#1054 = LINE ( 'NONE', #4418, #326 ) ;
#1055 = CARTESIAN_POINT ( 'NONE',  ( -135.6464466094066950, 13.25785026559327662, 0.5999999999999998668 ) ) ;
#1056 = EDGE_CURVE ( 'NONE', #1991, #239, #4423, .T. ) ;
#1057 = ORIENTED_EDGE ( 'NONE', *, *, #2898, .T. ) ;
#1058 = DIRECTION ( 'NONE',  ( 0.5773502691896259531, -0.5773502691896259531, -0.5773502691896255090 ) ) ;
#1059 = ORIENTED_EDGE ( 'NONE', *, *, #4649, .T. ) ;
#1060 = VECTOR ( 'NONE', #2107, 1000.000000000000000 ) ;
#1061 = CARTESIAN_POINT ( 'NONE',  ( -97.09999999999996589, 16.15429687499998934, 2.000000000000000000 ) ) ;
#1062 = EDGE_LOOP ( 'NONE', ( #3790, #3628, #3174, #2447 ) ) ;
#1063 = ADVANCED_FACE ( 'NONE', ( #4448 ), #2168, .F. ) ;
#1064 = ORIENTED_EDGE ( 'NONE', *, *, #431, .T. ) ;
#1065 = CARTESIAN_POINT ( 'NONE',  ( -122.7499999999999858, 12.50429687500000142, 4.250000000000007994 ) ) ;
#1066 = CARTESIAN_POINT ( 'NONE',  ( -100.0999999999999659, 16.15429687499998934, 2.000000000000000000 ) ) ;
#1067 = CARTESIAN_POINT ( 'NONE',  ( -135.2499999999999716, 23.15429687500000355, 0.000000000000000000 ) ) ;
#1068 = ORIENTED_EDGE ( 'NONE', *, *, #1836, .T. ) ;
#1069 = CARTESIAN_POINT ( 'NONE',  ( -37.44999999999995310, 20.90429687499999289, 0.000000000000000000 ) ) ;
#1070 = CARTESIAN_POINT ( 'NONE',  ( -17.39999999999995595, 20.15429687499999289, 2.000000000000000000 ) ) ;
#1071 = CARTESIAN_POINT ( 'NONE',  ( -86.54999999999995453, 16.15429687500000711, 0.5000000000000000000 ) ) ;
#1072 = VERTEX_POINT ( 'NONE', #1823 ) ;
#1073 = ORIENTED_EDGE ( 'NONE', *, *, #1719, .F. ) ;
#1074 = AXIS2_PLACEMENT_3D ( 'NONE', #3640, #186, #2085 ) ;
#1075 = DIRECTION ( 'NONE',  ( 0.000000000000000000, -0.000000000000000000, 1.000000000000000000 ) ) ;
#1076 = VECTOR ( 'NONE', #2350, 1000.000000000000000 ) ;
#1077 = VECTOR ( 'NONE', #2444, 1000.000000000000000 ) ;
#1078 = LINE ( 'NONE', #3392, #784 ) ;
#1079 = DIRECTION ( 'NONE',  ( -0.000000000000000000, 1.000000000000000000, 0.000000000000000000 ) ) ;
#1080 = ORIENTED_EDGE ( 'NONE', *, *, #2333, .F. ) ;
#1081 = EDGE_CURVE ( 'NONE', #3756, #3745, #3333, .T. ) ;
#1082 = CARTESIAN_POINT ( 'NONE',  ( 0.000000000000000000, 0.000000000000000000, 0.5000000000000000000 ) ) ;
#1083 = ORIENTED_EDGE ( 'NONE', *, *, #4571, .T. ) ;
#1084 = ADVANCED_FACE ( 'NONE', ( #4847 ), #4045, .F. ) ;
#1085 = CARTESIAN_POINT ( 'NONE',  ( -74.04999999999996874, 20.15429687500000711, 0.5000000000000000000 ) ) ;
#1086 = ORIENTED_EDGE ( 'NONE', *, *, #3369, .F. ) ;
#1087 = ORIENTED_EDGE ( 'NONE', *, *, #2942, .T. ) ;
#1088 = CARTESIAN_POINT ( 'NONE',  ( -45.95000599999998769, 23.80429687500000213, 97.80000599999999622 ) ) ;
#1089 = EDGE_CURVE ( 'NONE', #4780, #4081, #2488, .T. ) ;
#1090 = PLANE ( 'NONE',  #1493 ) ;
#1091 = VECTOR ( 'NONE', #2084, 1000.000000000000000 ) ;
#1092 = FACE_OUTER_BOUND ( 'NONE', #4601, .T. ) ;
#1093 = ORIENTED_EDGE ( 'NONE', *, *, #835, .T. ) ;
#1094 = CARTESIAN_POINT ( 'NONE',  ( 38.20000000000005258, 15.40429687499999112, 0.000000000000000000 ) ) ;
#1095 = AXIS2_PLACEMENT_3D ( 'NONE', #3210, #2835, #2810 ) ;
#1096 = VECTOR ( 'NONE', #1678, 1000.000000000000000 ) ;
#1097 = DIRECTION ( 'NONE',  ( 0.000000000000000000, 0.000000000000000000, 1.000000000000000000 ) ) ;
#1098 = EDGE_CURVE ( 'NONE', #4819, #4009, #3622, .T. ) ;
#1099 = VERTEX_POINT ( 'NONE', #1448 ) ;
#1100 = ORIENTED_EDGE ( 'NONE', *, *, #2536, .T. ) ;
#1101 = FACE_OUTER_BOUND ( 'NONE', #2080, .T. ) ;
#1102 = VECTOR ( 'NONE', #3935, 1000.000000000000000 ) ;
#1103 = CARTESIAN_POINT ( 'NONE',  ( -135.4999999999999716, 22.90429687500000355, 0.5999999999999999778 ) ) ;
#1104 = CARTESIAN_POINT ( 'NONE',  ( -137.7499999999999716, 25.25429687499999076, 6.000000000000000000 ) ) ;
#1105 = LINE ( 'NONE', #3764, #496 ) ;
#1106 = ORIENTED_EDGE ( 'NONE', *, *, #3854, .F. ) ;
#1107 = EDGE_CURVE ( 'NONE', #3631, #467, #1425, .T. ) ;
#1108 = ORIENTED_EDGE ( 'NONE', *, *, #2915, .F. ) ;
#1109 = EDGE_CURVE ( 'NONE', #4761, #4049, #2954, .T. ) ;
#1110 = ORIENTED_EDGE ( 'NONE', *, *, #4834, .F. ) ;
#1111 = VECTOR ( 'NONE', #2968, 1000.000000000000000 ) ;
#1112 = DIRECTION ( 'NONE',  ( -0.7071067811865474617, 0.000000000000000000, 0.7071067811865474617 ) ) ;
#1113 = DATE_AND_TIME ( #2962, #3356 ) ;
#1114 = LINE ( 'NONE', #4479, #2415 ) ;
#1115 = EDGE_CURVE ( 'NONE', #3827, #1832, #2566, .T. ) ;
#1116 = DIRECTION ( 'NONE',  ( 0.000000000000000000, 0.000000000000000000, -1.000000000000000000 ) ) ;
#1117 = EDGE_LOOP ( 'NONE', ( #4197, #52, #4153, #2239 ) ) ;
#1118 = LINE ( 'NONE', #1901, #2371 ) ;
#1119 = CARTESIAN_POINT ( 'NONE',  ( -83.54999999999995453, 20.90429687500000711, 2.000000000000000000 ) ) ;
#1120 = ORIENTED_EDGE ( 'NONE', *, *, #3896, .F. ) ;
#1121 = PLANE ( 'NONE',  #3650 ) ;
#1122 = EDGE_CURVE ( 'NONE', #565, #722, #4470, .T. ) ;
#1123 = PLANE ( 'NONE',  #171 ) ;
#1124 = CARTESIAN_POINT ( 'NONE',  ( -14.39999999999995417, 15.40429687499999112, 2.000000000000000000 ) ) ;
#1125 = AXIS2_PLACEMENT_3D ( 'NONE', #2624, #2251, #684 ) ;
#1126 = CARTESIAN_POINT ( 'NONE',  ( -135.2499999999999716, 13.15429687500000355, 0.3499999999999999223 ) ) ;
#1127 = VERTEX_POINT ( 'NONE', #1347 ) ;
#1128 = LINE ( 'NONE', #1804, #2821 ) ;
#1129 = VERTEX_POINT ( 'NONE', #246 ) ;
#1130 = VERTEX_POINT ( 'NONE', #1744 ) ;
#1131 = VECTOR ( 'NONE', #109, 1000.000000000000000 ) ;
#1132 = CARTESIAN_POINT ( 'NONE',  ( -37.44999999999995310, 20.90429687499999289, 0.000000000000000000 ) ) ;
#1133 = COORDINATED_UNIVERSAL_TIME_OFFSET ( 5, 0, .BEHIND. ) ;
#1134 = CARTESIAN_POINT ( 'NONE',  ( -135.7499999999999716, 23.15429687500000355, 0.3499999999999999223 ) ) ;
#1135 = DIRECTION ( 'NONE',  ( 0.5773502691896257311, 0.5773502691896257311, -0.5773502691896257311 ) ) ;
#1136 = ORIENTED_EDGE ( 'NONE', *, *, #3110, .F. ) ;
#1137 = EDGE_CURVE ( 'NONE', #3756, #4081, #1008, .T. ) ;
#1138 = LINE ( 'NONE', #4143, #1574 ) ;
#1139 = LINE ( 'NONE', #2969, #2960 ) ;
#1140 = VERTEX_POINT ( 'NONE', #1846 ) ;
#1141 = LINE ( 'NONE', #4843, #3659 ) ;
#1142 = CARTESIAN_POINT ( 'NONE',  ( -39.94999999999996021, 21.90429687499999289, 2.000000000000000000 ) ) ;
#1143 = DIRECTION ( 'NONE',  ( 0.7071067811865475727, -0.7071067811865475727, 0.000000000000000000 ) ) ;
#1144 = EDGE_CURVE ( 'NONE', #2855, #2093, #3816, .T. ) ;
#1145 = CARTESIAN_POINT ( 'NONE',  ( -0.000000000000000000, 25.25429687499999076, 0.000000000000000000 ) ) ;
#1146 = AXIS2_PLACEMENT_3D ( 'NONE', #1849, #249, #4048 ) ;
#1147 = ORIENTED_EDGE ( 'NONE', *, *, #949, .T. ) ;
#1148 = LINE ( 'NONE', #2285, #63 ) ;
#1149 = ORIENTED_EDGE ( 'NONE', *, *, #1848, .T. ) ;
#1150 = EDGE_CURVE ( 'NONE', #4421, #2902, #1169, .T. ) ;
#1151 = ORIENTED_EDGE ( 'NONE', *, *, #345, .T. ) ;
#1152 = LINE ( 'NONE', #1132, #2884 ) ;
#1153 = CARTESIAN_POINT ( 'NONE',  ( -28.74999999999998224, 23.05429687500000213, 4.249999999999998224 ) ) ;
#1154 = LINE ( 'NONE', #46, #3880 ) ;
#1155 = ORIENTED_EDGE ( 'NONE', *, *, #4873, .T. ) ;
#1156 = DIRECTION ( 'NONE',  ( 1.000000000000000000, -0.000000000000000000, -0.000000000000000000 ) ) ;
#1157 = CARTESIAN_POINT ( 'NONE',  ( -119.8999999999999915, 21.90429687500000000, 2.000000000000000000 ) ) ;
#1158 = EDGE_CURVE ( 'NONE', #3972, #1023, #2650, .T. ) ;
#1159 = DIRECTION ( 'NONE',  ( 1.156482317317871478E-16, 0.000000000000000000, -1.000000000000000000 ) ) ;
#1160 = EDGE_LOOP ( 'NONE', ( #1811, #3281, #4255, #3124 ) ) ;
#1161 = ORIENTED_EDGE ( 'NONE', *, *, #2607, .T. ) ;
#1162 = DIRECTION ( 'NONE',  ( -2.775557561562890858E-16, 1.000000000000000000, 0.000000000000000000 ) ) ;
#1163 = ADVANCED_FACE ( 'NONE', ( #3419 ), #2629, .F. ) ;
#1164 = AXIS2_PLACEMENT_3D ( 'NONE', #4307, #2431, #3062 ) ;
#1165 = AXIS2_PLACEMENT_3D ( 'NONE', #3328, #4392, #4065 ) ;
#1166 = LINE ( 'NONE', #4088, #2296 ) ;
#1167 = LINE ( 'NONE', #2257, #3301 ) ;
#1168 = DIRECTION ( 'NONE',  ( 0.000000000000000000, -0.000000000000000000, -1.000000000000000000 ) ) ;
#1169 = LINE ( 'NONE', #434, #3799 ) ;
#1170 = VERTEX_POINT ( 'NONE', #4866 ) ;
#1171 = EDGE_CURVE ( 'NONE', #795, #3597, #4181, .T. ) ;
#1172 = DIRECTION ( 'NONE',  ( 0.000000000000000000, 0.000000000000000000, 1.000000000000000000 ) ) ;
#1173 = ORIENTED_EDGE ( 'NONE', *, *, #4724, .F. ) ;
#1174 = VERTEX_POINT ( 'NONE', #3724 ) ;
#1175 = EDGE_CURVE ( 'NONE', #3803, #170, #2587, .T. ) ;
#1176 = VECTOR ( 'NONE', #1390, 1000.000000000000000 ) ;
#1177 = CARTESIAN_POINT ( 'NONE',  ( 18.25000000000001776, 12.50429687500000142, 4.250000000000007994 ) ) ;
#1178 = ORIENTED_EDGE ( 'NONE', *, *, #3872, .T. ) ;
#1179 = DIRECTION ( 'NONE',  ( 0.000000000000000000, 0.7071067811865479058, 0.7071067811865472397 ) ) ;
#1180 = CARTESIAN_POINT ( 'NONE',  ( -137.3499999999999659, 25.65429687500000355, 5.000000000000000000 ) ) ;
#1181 = VECTOR ( 'NONE', #376, 1000.000000000000000 ) ;
#1182 = ORIENTED_EDGE ( 'NONE', *, *, #3552, .T. ) ;
#1183 = AXIS2_PLACEMENT_3D ( 'NONE', #4082, #4504, #337 ) ;
#1184 = DIRECTION ( 'NONE',  ( -1.000000000000000000, 0.000000000000000000, -0.000000000000000000 ) ) ;
#1185 = FACE_OUTER_BOUND ( 'NONE', #4791, .T. ) ;
#1186 = CARTESIAN_POINT ( 'NONE',  ( 33.25000000000002842, 23.05429687500000213, 4.250000000000000000 ) ) ;
#1187 = ORIENTED_EDGE ( 'NONE', *, *, #3044, .F. ) ;
#1188 = EDGE_LOOP ( 'NONE', ( #1149, #476, #3841, #4076 ) ) ;
#1189 = CARTESIAN_POINT ( 'NONE',  ( -97.09999999999996589, 20.15429687499998934, 2.000000000000000000 ) ) ;
#1190 = EDGE_CURVE ( 'NONE', #914, #77, #2675, .T. ) ;
#1191 = PRODUCT ( 'COAS x2 Holder', 'COAS x2 Holder', '', ( #2155 ) ) ;
#1192 = AXIS2_PLACEMENT_3D ( 'NONE', #2233, #3761, #1910 ) ;
#1193 = CARTESIAN_POINT ( 'NONE',  ( 45.65925643016945656, 25.84504044483055551, 5.079008573559272044 ) ) ;
#1194 = CARTESIAN_POINT ( 'NONE',  ( -13.74999999999998401, 23.05429687500000213, 3.750000000000000444 ) ) ;
#1195 = FACE_BOUND ( 'NONE', #2409, .T. ) ;
#1196 = PLANE ( 'NONE',  #1757 ) ;
#1197 = EDGE_CURVE ( 'NONE', #2275, #1030, #3792, .T. ) ;
#1198 = VERTEX_POINT ( 'NONE', #1471 ) ;
#1199 = DIRECTION ( 'NONE',  ( 0.000000000000000000, -1.000000000000000000, 0.000000000000000000 ) ) ;
#1200 = FACE_OUTER_BOUND ( 'NONE', #4401, .T. ) ;
#1201 = EDGE_CURVE ( 'NONE', #955, #3490, #751, .T. ) ;
#1202 = ORIENTED_EDGE ( 'NONE', *, *, #4337, .T. ) ;
#1203 = ORIENTED_EDGE ( 'NONE', *, *, #3521, .F. ) ;
#1204 = DIRECTION ( 'NONE',  ( -0.000000000000000000, -0.000000000000000000, 1.000000000000000000 ) ) ;
#1205 = LINE ( 'NONE', #862, #391 ) ;
#1206 = PLANE ( 'NONE',  #1893 ) ;
#1207 = EDGE_CURVE ( 'NONE', #2022, #4415, #3441, .T. ) ;
#1208 = ORIENTED_EDGE ( 'NONE', *, *, #336, .F. ) ;
#1209 = DIRECTION ( 'NONE',  ( 0.000000000000000000, -0.000000000000000000, 1.000000000000000000 ) ) ;
#1210 = LINE ( 'NONE', #1975, #2272 ) ;
#1211 = CARTESIAN_POINT ( 'NONE',  ( 15.15000000000005187, 20.90429687499999289, 0.000000000000000000 ) ) ;
#1212 = LINE ( 'NONE', #2812, #1102 ) ;
#1213 = ORIENTED_EDGE ( 'NONE', *, *, #2654, .T. ) ;
#1214 = LINE ( 'NONE', #2719, #1290 ) ;
#1215 = DIRECTION ( 'NONE',  ( 1.000000000000000000, -0.000000000000000000, -0.000000000000000000 ) ) ;
#1216 = ADVANCED_FACE ( 'NONE', ( #4890, #3349 ), #346, .T. ) ;
#1217 = DIRECTION ( 'NONE',  ( -1.000000000000000000, -2.775557561562891351E-16, -0.000000000000000000 ) ) ;
#1218 = CARTESIAN_POINT ( 'NONE',  ( -129.6499999999999773, 20.90429687500000355, 0.000000000000000000 ) ) ;
#1219 = EDGE_LOOP ( 'NONE', ( #2066, #4343, #3336, #168 ) ) ;
#1220 = CARTESIAN_POINT ( 'NONE',  ( 33.25000000000002842, 23.05429687500000213, 3.750000000000000444 ) ) ;
#1221 = CARTESIAN_POINT ( 'NONE',  ( -135.4999999999999716, 22.90429687500000355, 0.5999999999999999778 ) ) ;
#1222 = EDGE_LOOP ( 'NONE', ( #2138, #3051, #3023, #1850 ) ) ;
#1223 = LOCAL_TIME ( 20, 44, 11.00000000000000000, #1434 ) ;
#1224 = VECTOR ( 'NONE', #1487, 1000.000000000000000 ) ;
#1225 = ADVANCED_FACE ( 'NONE', ( #4092 ), #3743, .F. ) ;
#1226 = VERTEX_POINT ( 'NONE', #2997 ) ;
#1227 = AXIS2_PLACEMENT_3D ( 'NONE', #2811, #3556, #4351 ) ;
#1228 = VECTOR ( 'NONE', #785, 1000.000000000000000 ) ;
#1229 = CARTESIAN_POINT ( 'NONE',  ( 5.650000000000051870, 16.15429687499998934, 2.000000000000000000 ) ) ;
#1230 = FACE_OUTER_BOUND ( 'NONE', #828, .T. ) ;
#1231 = ORIENTED_EDGE ( 'NONE', *, *, #4511, .T. ) ;
#1232 = DIRECTION ( 'NONE',  ( -0.000000000000000000, 1.000000000000000000, 0.000000000000000000 ) ) ;
#1233 = DIRECTION ( 'NONE',  ( 1.000000000000000000, 0.000000000000000000, 0.000000000000000000 ) ) ;
#1234 = CARTESIAN_POINT ( 'NONE',  ( -14.39999999999995417, 20.90429687499999289, 2.000000000000000000 ) ) ;
#1235 = CARTESIAN_POINT ( 'NONE',  ( 0.000000000000000000, 0.000000000000000000, 6.000000000000000000 ) ) ;
#1236 = VERTEX_POINT ( 'NONE', #1126 ) ;
#1237 = DIRECTION ( 'NONE',  ( -0.5773502691896257311, -0.5773502691896257311, -0.5773502691896257311 ) ) ;
#1238 = LINE ( 'NONE', #158, #2676 ) ;
#1239 = EDGE_CURVE ( 'NONE', #2890, #3972, #4494, .T. ) ;
#1240 = DIRECTION ( 'NONE',  ( -1.000000000000000000, 0.000000000000000000, 0.000000000000000000 ) ) ;
#1241 = CARTESIAN_POINT ( 'NONE',  ( -13.74999999999998401, 23.80429687500000213, 3.750000000000000444 ) ) ;
#1242 = CARTESIAN_POINT ( 'NONE',  ( -14.39999999999995417, 15.40429687499999112, 0.000000000000000000 ) ) ;
#1243 = ORIENTED_EDGE ( 'NONE', *, *, #4244, .T. ) ;
#1244 = VECTOR ( 'NONE', #3371, 1000.000000000000000 ) ;
#1245 = ORIENTED_EDGE ( 'NONE', *, *, #4465, .T. ) ;
#1246 = CARTESIAN_POINT ( 'NONE',  ( -135.2499999999999716, 23.15429687500000355, 0.5999999999999999778 ) ) ;
#1247 = CARTESIAN_POINT ( 'NONE',  ( 8.650000000000053646, 20.90429687499999289, 2.000000000000000000 ) ) ;
#1248 = VECTOR ( 'NONE', #2563, 1000.000000000000000 ) ;
#1249 = ORIENTED_EDGE ( 'NONE', *, *, #4097, .T. ) ;
#1250 = VERTEX_POINT ( 'NONE', #3019 ) ;
#1251 = VECTOR ( 'NONE', #2421, 1000.000000000000000 ) ;
#1252 = EDGE_CURVE ( 'NONE', #4319, #565, #1105, .T. ) ;
#1253 = CARTESIAN_POINT ( 'NONE',  ( -83.54999999999995453, 20.90429687500000711, 0.5000000000000000000 ) ) ;
#1254 = ADVANCED_FACE ( 'NONE', ( #363 ), #1887, .F. ) ;
#1255 = EDGE_LOOP ( 'NONE', ( #2533, #3714, #2479, #3195, #2683 ) ) ;
#1256 = DIRECTION ( 'NONE',  ( 0.000000000000000000, -1.000000000000000000, 0.000000000000000000 ) ) ;
#1257 = VERTEX_POINT ( 'NONE', #4536 ) ;
#1258 = AXIS2_PLACEMENT_3D ( 'NONE', #2914, #2939, #653 ) ;
#1259 = CARTESIAN_POINT ( 'NONE',  ( 28.70000000000005613, 21.90429687499998934, 0.5000000000000000000 ) ) ;
#1260 = DIRECTION ( 'NONE',  ( -0.000000000000000000, 1.000000000000000000, 0.000000000000000000 ) ) ;
#1261 = EDGE_CURVE ( 'NONE', #2146, #3498, #1514, .T. ) ;
#1262 = LINE ( 'NONE', #4253, #1076 ) ;
#1263 = DIRECTION ( 'NONE',  ( 1.000000000000000000, 0.000000000000000000, 0.000000000000000000 ) ) ;
#1264 = ORIENTED_EDGE ( 'NONE', *, *, #4313, .T. ) ;
#1265 = CARTESIAN_POINT ( 'NONE',  ( 18.25000000000002842, 13.25429687500000142, 3.750000000000007994 ) ) ;
#1266 = CARTESIAN_POINT ( 'NONE',  ( 45.85000000000000142, 24.65429687500000711, 6.000000000000000000 ) ) ;
#1267 = DIRECTION ( 'NONE',  ( 0.000000000000000000, 0.000000000000000000, -1.000000000000000000 ) ) ;
#1268 = ADVANCED_FACE ( 'NONE', ( #4588 ), #1196, .F. ) ;
#1269 = DIRECTION ( 'NONE',  ( 0.000000000000000000, -1.000000000000000000, 0.000000000000000000 ) ) ;
#1270 = DIRECTION ( 'NONE',  ( -0.000000000000000000, 1.000000000000000000, -0.000000000000000000 ) ) ;
#1271 = EDGE_CURVE ( 'NONE', #1304, #230, #3414, .T. ) ;
#1272 = CARTESIAN_POINT ( 'NONE',  ( -83.54999999999995453, 16.15429687500000711, 2.000000000000000000 ) ) ;
#1273 = CARTESIAN_POINT ( 'NONE',  ( -123.1499999999999773, 15.40429687500000178, 0.000000000000000000 ) ) ;
#1275 = ORIENTED_EDGE ( 'NONE', *, *, #4788, .T. ) ;
#1274 = VECTOR ( 'NONE', #2308, 1000.000000000000000 ) ;
#1276 = ORIENTED_EDGE ( 'NONE', *, *, #3100, .T. ) ;
#1277 = CYLINDRICAL_SURFACE ( 'NONE', #2577, 0.2500000000000000000 ) ;
#1278 = EDGE_LOOP ( 'NONE', ( #4217, #341, #978, #3043 ) ) ;
#1279 = DIRECTION ( 'NONE',  ( -1.000000000000000000, -0.000000000000000000, -0.000000000000000000 ) ) ;
#1280 = VECTOR ( 'NONE', #3345, 1000.000000000000000 ) ;
#1281 = VERTEX_POINT ( 'NONE', #4126 ) ;
#1282 = FACE_OUTER_BOUND ( 'NONE', #285, .T. ) ;
#1283 = FACE_OUTER_BOUND ( 'NONE', #2470, .T. ) ;
#1284 = APPROVAL_DATE_TIME ( #2129, #3131 ) ;
#1285 = DIRECTION ( 'NONE',  ( -1.000000000000000000, 0.000000000000000000, -1.156482317317871478E-16 ) ) ;
#1286 = EDGE_CURVE ( 'NONE', #2633, #1839, #1489, .T. ) ;
#1287 = EDGE_LOOP ( 'NONE', ( #3726, #4298, #273, #2117 ) ) ;
#1288 = PLANE ( 'NONE',  #4205 ) ;
#1289 = ADVANCED_FACE ( 'NONE', ( #4863 ), #4531, .F. ) ;
#1290 = VECTOR ( 'NONE', #3189, 1000.000000000000000 ) ;
#1291 = CARTESIAN_POINT ( 'NONE',  ( -86.54999999999995453, 20.15429687500000711, 0.5000000000000000000 ) ) ;
#1292 = LINE ( 'NONE', #4584, #2737 ) ;
#1293 = CARTESIAN_POINT ( 'NONE',  ( -4.899999999999955058, 16.15429687499999289, 0.5000000000000000000 ) ) ;
#1294 = PLANE ( 'NONE',  #3751 ) ;
#1295 = LINE ( 'NONE', #486, #3266 ) ;
#1296 = LINE ( 'NONE', #4238, #228 ) ;
#1297 = ORIENTED_EDGE ( 'NONE', *, *, #4085, .T. ) ;
#1298 = CARTESIAN_POINT ( 'NONE',  ( 28.70000000000005613, 21.90429687499998934, 0.5000000000000000000 ) ) ;
#1299 = VERTEX_POINT ( 'NONE', #33 ) ;
#1300 = EDGE_CURVE ( 'NONE', #4361, #1257, #342, .T. ) ;
#1301 = DIRECTION ( 'NONE',  ( -1.156482317317870246E-16, 0.000000000000000000, -1.000000000000000000 ) ) ;
#1302 = EDGE_LOOP ( 'NONE', ( #3820, #2071, #1151, #2302 ) ) ;
#1303 = FACE_OUTER_BOUND ( 'NONE', #2611, .T. ) ;
#1304 = VERTEX_POINT ( 'NONE', #2994 ) ;
#1305 = PRODUCT_DEFINITION_FORMATION_WITH_SPECIFIED_SOURCE ( 'ANY', '', #1191, .NOT_KNOWN. ) ;
#1306 = VECTOR ( 'NONE', #4425, 1000.000000000000000 ) ;
#1307 = DIRECTION ( 'NONE',  ( 1.000000000000000000, 0.000000000000000000, 0.000000000000000000 ) ) ;
#1308 = DIRECTION ( 'NONE',  ( 1.000000000000000000, 0.000000000000000000, 0.000000000000000000 ) ) ;
#1309 = DATE_TIME_ROLE ( 'creation_date' ) ;
#1310 = DIRECTION ( 'NONE',  ( -0.000000000000000000, -0.000000000000000000, 1.000000000000000000 ) ) ;
#1311 = ORIENTED_EDGE ( 'NONE', *, *, #1197, .T. ) ;
#1312 = CARTESIAN_POINT ( 'NONE',  ( -28.74999999999998224, 12.50429687500000142, 3.750000000000007994 ) ) ;
#1313 = FACE_OUTER_BOUND ( 'NONE', #4573, .T. ) ;
#1314 = CARTESIAN_POINT ( 'NONE',  ( -60.74999999999998579, 23.80429687500000213, 3.750000000000000444 ) ) ;
#1315 = LINE ( 'NONE', #4335, #4709 ) ;
#1316 = DIRECTION ( 'NONE',  ( 0.000000000000000000, -0.000000000000000000, -1.000000000000000000 ) ) ;
#1317 = ADVANCED_FACE ( 'NONE', ( #2211 ), #381, .F. ) ;
#1318 = LINE ( 'NONE', #4793, #3065 ) ;
#1319 = PLANE ( 'NONE',  #543 ) ;
#1320 = ORIENTED_EDGE ( 'NONE', *, *, #2832, .T. ) ;
#1321 = CARTESIAN_POINT ( 'NONE',  ( 0.000000000000000000, 0.000000000000000000, 0.5000000000000000000 ) ) ;
#1322 = ORIENTED_EDGE ( 'NONE', *, *, #3254, .F. ) ;
#1323 = VECTOR ( 'NONE', #2115, 1000.000000000000000 ) ;
#1324 = VECTOR ( 'NONE', #1989, 1000.000000000000000 ) ;
#1325 = CARTESIAN_POINT ( 'NONE',  ( -77.04999999999995453, 16.15429687500000711, 2.000000000000000000 ) ) ;
#1326 = ORIENTED_EDGE ( 'NONE', *, *, #4563, .T. ) ;
#1327 = ADVANCED_FACE ( 'NONE', ( #4063 ), #3719, .F. ) ;
#1328 = ORIENTED_EDGE ( 'NONE', *, *, #2442, .F. ) ;
#1329 = LINE ( 'NONE', #4679, #3050 ) ;
#1330 = ORIENTED_EDGE ( 'NONE', *, *, #1511, .F. ) ;
#1331 = PLANE ( 'NONE',  #2516 ) ;
#1332 = DIRECTION ( 'NONE',  ( -2.168404344971006896E-16, 1.000000000000000000, -0.000000000000000000 ) ) ;
#1333 = CARTESIAN_POINT ( 'NONE',  ( -107.7499999999999858, 13.25429687500000142, 3.750000000000006217 ) ) ;
#1334 = EDGE_LOOP ( 'NONE', ( #1966, #1517, #1057, #17 ) ) ;
#1335 = PLANE ( 'NONE',  #4368 ) ;
#1336 = ORIENTED_EDGE ( 'NONE', *, *, #1609, .T. ) ;
#1337 = CARTESIAN_POINT ( 'NONE',  ( -137.7499999999999716, 11.05429687500001457, 6.000000000000000000 ) ) ;
#1338 = FACE_OUTER_BOUND ( 'NONE', #2728, .T. ) ;
#1339 = ADVANCED_FACE ( 'NONE', ( #4487 ), #4883, .F. ) ;
#1340 = LINE ( 'NONE', #1790, #438 ) ;
#1341 = CARTESIAN_POINT ( 'NONE',  ( 33.25000000000002842, 12.50429687500000142, 3.750000000000006217 ) ) ;
#1342 = VECTOR ( 'NONE', #2058, 1000.000000000000000 ) ;
#1343 = PLANE ( 'NONE',  #2448 ) ;
#1344 = CARTESIAN_POINT ( 'NONE',  ( -135.7499999999999716, 13.15429687500000355, 0.3499999999999999223 ) ) ;
#1345 = ORIENTED_EDGE ( 'NONE', *, *, #3613, .F. ) ;
#1346 = ADVANCED_FACE ( 'NONE', ( #1052 ), #1121, .F. ) ;
#1347 = CARTESIAN_POINT ( 'NONE',  ( -77.04999999999995453, 20.15429687500000711, 0.5000000000000000000 ) ) ;
#1348 = EDGE_LOOP ( 'NONE', ( #4518, #1647, #1771, #3091, #4044, #3717, #4382, #1730, #3798, #1990, #106, #3599 ) ) ;
#1349 = EDGE_CURVE ( 'NONE', #3247, #2652, #1531, .T. ) ;
#1350 = LINE ( 'NONE', #4370, #3363 ) ;
#1351 = VERTEX_POINT ( 'NONE', #4443 ) ;
#1352 = ORIENTED_EDGE ( 'NONE', *, *, #107, .F. ) ;
#1353 = CARTESIAN_POINT ( 'NONE',  ( -109.5999999999999801, 20.15429687499998934, 0.5000000000000000000 ) ) ;
#1354 = ORIENTED_EDGE ( 'NONE', *, *, #1089, .F. ) ;
#1355 = DIRECTION ( 'NONE',  ( 1.000000000000000000, 0.000000000000000000, 0.000000000000000000 ) ) ;
#1356 = CALENDAR_DATE ( 2025, 31, 7 ) ;
#1357 = EDGE_CURVE ( 'NONE', #3353, #947, #1843, .T. ) ;
#1358 = DIRECTION ( 'NONE',  ( -0.000000000000000000, 0.000000000000000000, 1.000000000000000000 ) ) ;
#1359 = ORIENTED_EDGE ( 'NONE', *, *, #4035, .T. ) ;
#1360 = CARTESIAN_POINT ( 'NONE',  ( 5.650000000000051870, 16.15429687499998934, 0.5000000000000000000 ) ) ;
#1361 = ORIENTED_EDGE ( 'NONE', *, *, #3331, .F. ) ;
#1362 = DIRECTION ( 'NONE',  ( -0.6785983445458351193, 0.6785983445458586560, 0.2810846377148211173 ) ) ;
#1363 = FACE_OUTER_BOUND ( 'NONE', #2365, .T. ) ;
#1364 = DIRECTION ( 'NONE',  ( -0.000000000000000000, -0.000000000000000000, 1.000000000000000000 ) ) ;
#1365 = EDGE_CURVE ( 'NONE', #402, #1751, #1817, .T. ) ;
#1366 = ORIENTED_EDGE ( 'NONE', *, *, #2029, .F. ) ;
#1367 = ORIENTED_EDGE ( 'NONE', *, *, #4490, .F. ) ;
#1368 = VECTOR ( 'NONE', #231, 1000.000000000000000 ) ;
#1369 = CARTESIAN_POINT ( 'NONE',  ( -135.2499999999999716, 13.15429687500000355, 0.3499999999999999223 ) ) ;
#1370 = CARTESIAN_POINT ( 'NONE',  ( -14.39999999999995417, 20.90429687499999289, 0.000000000000000000 ) ) ;
#1371 = ORIENTED_EDGE ( 'NONE', *, *, #4468, .F. ) ;
#1372 = LINE ( 'NONE', #2194, #260 ) ;
#1373 = VERTEX_POINT ( 'NONE', #2971 ) ;
#1374 = EDGE_CURVE ( 'NONE', #2553, #3950, #4509, .T. ) ;
#1375 = ORIENTED_EDGE ( 'NONE', *, *, #4043, .T. ) ;
#1376 = CARTESIAN_POINT ( 'NONE',  ( -63.74999999999994316, 14.40429687500000178, 0.5000000000000000000 ) ) ;
#1377 = VERTEX_POINT ( 'NONE', #11 ) ;
#1378 = EDGE_CURVE ( 'NONE', #1039, #4472, #1141, .T. ) ;
#1379 = ORIENTED_EDGE ( 'NONE', *, *, #1609, .F. ) ;
#1380 = DIRECTION ( 'NONE',  ( -1.000000000000000000, 0.000000000000000000, -1.156482317317871478E-16 ) ) ;
#1381 = CARTESIAN_POINT ( 'NONE',  ( 15.15000000000005187, 16.15429687499999289, 0.5000000000000000000 ) ) ;
#1382 = LINE ( 'NONE', #2836, #3116 ) ;
#1383 = CARTESIAN_POINT ( 'NONE',  ( -100.0999999999999659, 15.40429687499998934, 0.000000000000000000 ) ) ;
#1384 = ORIENTED_EDGE ( 'NONE', *, *, #216, .T. ) ;
#1385 = CARTESIAN_POINT ( 'NONE',  ( 46.25000000000000000, 23.80429687500000213, 2.000000000000000000 ) ) ;
#1386 = VECTOR ( 'NONE', #1696, 1000.000000000000000 ) ;
#1387 = ADVANCED_FACE ( 'NONE', ( #1101, #726, #2947, #2645, #2232 ), #3739, .T. ) ;
#1388 = ORIENTED_EDGE ( 'NONE', *, *, #2915, .T. ) ;
#1389 = AXIS2_PLACEMENT_3D ( 'NONE', #309, #1875, #3384 ) ;
#1390 = DIRECTION ( 'NONE',  ( 0.000000000000000000, 0.000000000000000000, 1.000000000000000000 ) ) ;
#1391 = CARTESIAN_POINT ( 'NONE',  ( -13.74999999999998401, 13.25429687500000142, 3.750000000000006217 ) ) ;
#1392 = CARTESIAN_POINT ( 'NONE',  ( -137.4833333333333201, 25.52096354166666714, 0.2666666666666742680 ) ) ;
#1393 = ORIENTED_EDGE ( 'NONE', *, *, #1962, .F. ) ;
#1394 = ADVANCED_FACE ( 'NONE', ( #3137 ), #2741, .F. ) ;
#1395 = CARTESIAN_POINT ( 'NONE',  ( 18.25000000000002842, 23.05429687500000213, 4.249999999999998224 ) ) ;
#1396 = DIRECTION ( 'NONE',  ( 1.000000000000000000, 2.775557561562891351E-16, 0.000000000000000000 ) ) ;
#1397 = ORIENTED_EDGE ( 'NONE', *, *, #2796, .T. ) ;
#1398 = DIRECTION ( 'NONE',  ( 1.000000000000000000, 0.000000000000000000, 0.000000000000000000 ) ) ;
#1399 = EDGE_LOOP ( 'NONE', ( #1553, #2157, #1869 ) ) ;
#1400 = FACE_OUTER_BOUND ( 'NONE', #3623, .T. ) ;
#1401 = ORIENTED_EDGE ( 'NONE', *, *, #3552, .F. ) ;
#1402 = VECTOR ( 'NONE', #2192, 1000.000000000000000 ) ;
#1403 = AXIS2_PLACEMENT_3D ( 'NONE', #1741, #297, #613 ) ;
#1404 = ORIENTED_EDGE ( 'NONE', *, *, #4559, .F. ) ;
#1405 = PLANE ( 'NONE',  #3700 ) ;
#1406 = LINE ( 'NONE', #2549, #2120 ) ;
#1407 = VECTOR ( 'NONE', #1727, 1000.000000000000114 ) ;
#1408 = CALENDAR_DATE ( 2025, 31, 7 ) ;
#1409 = FACE_OUTER_BOUND ( 'NONE', #2249, .T. ) ;
#1410 = PLANE ( 'NONE',  #4429 ) ;
#1411 = ORIENTED_EDGE ( 'NONE', *, *, #2404, .T. ) ;
#1412 = ORIENTED_EDGE ( 'NONE', *, *, #1357, .T. ) ;
#1413 = EDGE_CURVE ( 'NONE', #230, #427, #4280, .T. ) ;
#1414 = CARTESIAN_POINT ( 'NONE',  ( -7.899999999999955946, 20.15429687499999645, 0.000000000000000000 ) ) ;
#1415 = LINE ( 'NONE', #607, #1091 ) ;
#1416 = CARTESIAN_POINT ( 'NONE',  ( -60.74999999999998579, 23.55429687500000213, 4.000000000000000000 ) ) ;
#1417 = ORIENTED_EDGE ( 'NONE', *, *, #417, .F. ) ;
#1418 = ORIENTED_EDGE ( 'NONE', *, *, #2856, .F. ) ;
#1419 = CARTESIAN_POINT ( 'NONE',  ( -135.3535533905932766, 13.25785026559327662, 0.5999999999999998668 ) ) ;
#1420 = EDGE_CURVE ( 'NONE', #4291, #1023, #3437, .T. ) ;
#1421 = VECTOR ( 'NONE', #749, 1000.000000000000000 ) ;
#1422 = DIRECTION ( 'NONE',  ( 0.000000000000000000, -1.000000000000000000, 0.000000000000000000 ) ) ;
#1423 = EDGE_LOOP ( 'NONE', ( #1603, #247, #931, #1202 ) ) ;
#1424 = ADVANCED_FACE ( 'NONE', ( #4228 ), #4580, .F. ) ;
#1425 = LINE ( 'NONE', #3230, #3003 ) ;
#1426 = VECTOR ( 'NONE', #2067, 1000.000000000000000 ) ;
#1427 = AXIS2_PLACEMENT_3D ( 'NONE', #3079, #891, #1209 ) ;
#1428 = ORIENTED_EDGE ( 'NONE', *, *, #1413, .F. ) ;
#1429 = PLANE ( 'NONE',  #1146 ) ;
#1430 = EDGE_LOOP ( 'NONE', ( #3989, #1924, #3305, #511 ) ) ;
#1431 = VECTOR ( 'NONE', #3965, 1000.000000000000000 ) ;
#1432 = ORIENTED_EDGE ( 'NONE', *, *, #356, .F. ) ;
#1433 = PLANE ( 'NONE',  #1017 ) ;
#1434 = COORDINATED_UNIVERSAL_TIME_OFFSET ( 5, 0, .BEHIND. ) ;
#1435 = DIRECTION ( 'NONE',  ( 0.000000000000000000, 0.000000000000000000, -1.000000000000000000 ) ) ;
#1436 = PLANE ( 'NONE',  #4666 ) ;
#1437 = VERTEX_POINT ( 'NONE', #4256 ) ;
#1438 = PLANE ( 'NONE',  #2216 ) ;
#1439 = CARTESIAN_POINT ( 'NONE',  ( -109.5999999999999801, 20.15429687499998934, 0.5000000000000000000 ) ) ;
#1440 = EDGE_CURVE ( 'NONE', #3470, #1051, #897, .T. ) ;
#1441 = LINE ( 'NONE', #3343, #2095 ) ;
#1442 = ORIENTED_EDGE ( 'NONE', *, *, #176, .T. ) ;
#1443 = DIRECTION ( 'NONE',  ( 0.000000000000000000, 1.000000000000000000, 0.000000000000000000 ) ) ;
#1444 = EDGE_CURVE ( 'NONE', #1773, #1706, #1980, .T. ) ;
#1445 = CARTESIAN_POINT ( 'NONE',  ( -129.6499999999999773, 15.40429687500000178, 0.000000000000000000 ) ) ;
#1446 = LINE ( 'NONE', #750, #4884 ) ;
#1447 = VERTEX_POINT ( 'NONE', #157 ) ;
#1448 = CARTESIAN_POINT ( 'NONE',  ( -106.5999999999999659, 15.40429687499998934, 0.000000000000000000 ) ) ;
#1449 = VERTEX_POINT ( 'NONE', #3836 ) ;
#1450 = EDGE_CURVE ( 'NONE', #1568, #4819, #54, .T. ) ;
#1451 = AXIS2_PLACEMENT_3D ( 'NONE', #1604, #1955, #3810 ) ;
#1452 = CARTESIAN_POINT ( 'NONE',  ( 0.000000000000000000, 0.000000000000000000, 0.5000000000000000000 ) ) ;
#1453 = ORIENTED_EDGE ( 'NONE', *, *, #2866, .F. ) ;
#1454 = VERTEX_POINT ( 'NONE', #1632 ) ;
#1455 = EDGE_CURVE ( 'NONE', #293, #2146, #2353, .T. ) ;
#1456 = LINE ( 'NONE', #3683, #855 ) ;
#1457 = PERSON_AND_ORGANIZATION ( #734, #4629 ) ;
#1458 = LINE ( 'NONE', #4140, #2181 ) ;
#1459 = DIRECTION ( 'NONE',  ( 1.000000000000000000, -0.000000000000000000, -0.000000000000000000 ) ) ;
#1460 = VERTEX_POINT ( 'NONE', #819 ) ;
#1461 = LINE ( 'NONE', #1414, #165 ) ;
#1462 = DIRECTION ( 'NONE',  ( -1.000000000000000000, -0.000000000000000000, -0.000000000000000000 ) ) ;
#1463 = ORIENTED_EDGE ( 'NONE', *, *, #1692, .T. ) ;
#1464 = AXIS2_PLACEMENT_3D ( 'NONE', #1416, #2923, #977 ) ;
#1465 = DIRECTION ( 'NONE',  ( 0.000000000000000000, -1.000000000000000000, 0.000000000000000000 ) ) ;
#1466 = VECTOR ( 'NONE', #4196, 1000.000000000000000 ) ;
#1467 = VECTOR ( 'NONE', #1722, 1000.000000000000000 ) ;
#1468 = DIRECTION ( 'NONE',  ( -0.000000000000000000, -0.000000000000000000, 1.000000000000000000 ) ) ;
#1469 = DIRECTION ( 'NONE',  ( 0.000000000000000000, 1.000000000000000000, 0.000000000000000000 ) ) ;
#1470 = EDGE_CURVE ( 'NONE', #1012, #1497, #2767, .T. ) ;
#1471 = CARTESIAN_POINT ( 'NONE',  ( -86.54999999999995453, 20.15429687500000711, 2.000000000000000000 ) ) ;
#1472 = ORIENTED_EDGE ( 'NONE', *, *, #3408, .F. ) ;
#1473 = EDGE_CURVE ( 'NONE', #1476, #2367, #503, .T. ) ;
#1474 = FACE_OUTER_BOUND ( 'NONE', #933, .T. ) ;
#1475 = VERTEX_POINT ( 'NONE', #3036 ) ;
#1476 = VERTEX_POINT ( 'NONE', #796 ) ;
#1477 = EDGE_CURVE ( 'NONE', #594, #2222, #2326, .T. ) ;
#1478 = DIRECTION ( 'NONE',  ( -1.000000000000000000, 0.000000000000000000, 0.000000000000000000 ) ) ;
#1479 = LINE ( 'NONE', #3404, #3918 ) ;
#1480 = AXIS2_PLACEMENT_3D ( 'NONE', #4461, #2944, #4083 ) ;
#1481 = LINE ( 'NONE', #2987, #4393 ) ;
#1482 = EDGE_CURVE ( 'NONE', #657, #393, #529, .T. ) ;
#1483 = ORIENTED_EDGE ( 'NONE', *, *, #4892, .T. ) ;
#1484 = CARTESIAN_POINT ( 'NONE',  ( -86.54999999999995453, 20.15429687500000711, 0.5000000000000000000 ) ) ;
#1485 = AXIS2_PLACEMENT_3D ( 'NONE', #153, #2102, #3158 ) ;
#1486 = AXIS2_PLACEMENT_3D ( 'NONE', #1667, #1690, #3173 ) ;
#1487 = DIRECTION ( 'NONE',  ( 1.000000000000000000, 0.000000000000000000, 0.000000000000000000 ) ) ;
#1488 = ORIENTED_EDGE ( 'NONE', *, *, #3424, .F. ) ;
#1489 = LINE ( 'NONE', #1861, #889 ) ;
#1490 = CARTESIAN_POINT ( 'NONE',  ( -137.7499999999999716, 25.65429687500000355, 6.000000000000000000 ) ) ;
#1491 = DIRECTION ( 'NONE',  ( 1.000000000000000000, 0.000000000000000000, 0.000000000000000000 ) ) ;
#1492 = DIRECTION ( 'NONE',  ( 0.000000000000000000, 1.000000000000000000, 0.000000000000000000 ) ) ;
#1493 = AXIS2_PLACEMENT_3D ( 'NONE', #4876, #397, #1179 ) ;
#1494 = ORIENTED_EDGE ( 'NONE', *, *, #4519, .F. ) ;
#1495 = LINE ( 'NONE', #3421, #1720 ) ;
#1496 = ADVANCED_FACE ( 'NONE', ( #454 ), #4633, .F. ) ;
#1497 = VERTEX_POINT ( 'NONE', #4607 ) ;
#1498 = ADVANCED_FACE ( 'NONE', ( #2303 ), #3482, .F. ) ;
#1499 = VERTEX_POINT ( 'NONE', #3085 ) ;
#1500 = CARTESIAN_POINT ( 'NONE',  ( -107.7499999999999858, 12.50429687500000142, 3.750000000000006217 ) ) ;
#1501 = DIRECTION ( 'NONE',  ( 1.000000000000000000, 0.000000000000000000, 0.000000000000000000 ) ) ;
#1502 = DIRECTION ( 'NONE',  ( 1.000000000000000000, 0.000000000000000000, 0.000000000000000000 ) ) ;
#1503 = EDGE_LOOP ( 'NONE', ( #2707, #2604, #2276, #3350 ) ) ;
#1504 = LINE ( 'NONE', #4808, #3789 ) ;
#1505 = EDGE_CURVE ( 'NONE', #128, #3498, #429, .T. ) ;
#1506 = DIRECTION ( 'NONE',  ( -1.000000000000000000, -0.000000000000000000, -0.000000000000000000 ) ) ;
#1507 = VECTOR ( 'NONE', #4397, 1000.000000000000000 ) ;
#1508 = EDGE_LOOP ( 'NONE', ( #984, #3543, #3078, #794 ) ) ;
#1509 = CARTESIAN_POINT ( 'NONE',  ( -60.49999999999995026, 20.90429687499999289, 0.000000000000000000 ) ) ;
#1510 = LINE ( 'NONE', #35, #4353 ) ;
#1511 = EDGE_CURVE ( 'NONE', #4415, #1939, #1214, .T. ) ;
#1512 = LINE ( 'NONE', #4491, #2901 ) ;
#1513 = AXIS2_PLACEMENT_3D ( 'NONE', #4087, #4464, #2190 ) ;
#1514 = LINE ( 'NONE', #1145, #3011 ) ;
#1515 = ORIENTED_EDGE ( 'NONE', *, *, #4067, .T. ) ;
#1516 = DIRECTION ( 'NONE',  ( 1.000000000000000000, -0.000000000000000000, -1.156482317317871478E-16 ) ) ;
#1517 = ORIENTED_EDGE ( 'NONE', *, *, #3060, .T. ) ;
#1518 = ORIENTED_EDGE ( 'NONE', *, *, #4422, .F. ) ;
#1519 = AXIS2_PLACEMENT_3D ( 'NONE', #4148, #359, #1075 ) ;
#1520 = EDGE_CURVE ( 'NONE', #393, #4006, #3608, .T. ) ;
#1521 = CARTESIAN_POINT ( 'NONE',  ( 15.15000000000005187, 20.15429687499999645, 2.000000000000000000 ) ) ;
#1522 = EDGE_CURVE ( 'NONE', #3170, #4051, #3241, .T. ) ;
#1523 = CARTESIAN_POINT ( 'NONE',  ( 0.000000000000000000, 0.000000000000000000, 0.5000000000000000000 ) ) ;
#1524 = DIRECTION ( 'NONE',  ( -0.000000000000000000, -0.000000000000000000, -1.000000000000000000 ) ) ;
#1525 = ORIENTED_EDGE ( 'NONE', *, *, #3199, .T. ) ;
#1526 = DIRECTION ( 'NONE',  ( 0.000000000000000000, -0.000000000000000000, 1.000000000000000000 ) ) ;
#1527 = CARTESIAN_POINT ( 'NONE',  ( -119.8999999999999915, 21.90429687500000000, 0.5000000000000000000 ) ) ;
#1528 = FACE_OUTER_BOUND ( 'NONE', #175, .T. ) ;
#1529 = ORIENTED_EDGE ( 'NONE', *, *, #4744, .T. ) ;
#1530 = ORIENTED_EDGE ( 'NONE', *, *, #1035, .F. ) ;
#1531 = LINE ( 'NONE', #1908, #1913 ) ;
#1532 = EDGE_CURVE ( 'NONE', #1198, #4646, #4785, .T. ) ;
#1533 = CARTESIAN_POINT ( 'NONE',  ( -75.74999999999998579, 23.05429687500000213, 4.249999999999998224 ) ) ;
#1534 = DIRECTION ( 'NONE',  ( 0.000000000000000000, 0.000000000000000000, -1.000000000000000000 ) ) ;
#1535 = DIRECTION ( 'NONE',  ( 0.000000000000000000, -1.000000000000000000, 0.000000000000000000 ) ) ;
#1536 = EDGE_CURVE ( 'NONE', #4187, #3337, #259, .T. ) ;
#1537 = APPROVAL_PERSON_ORGANIZATION ( #3313, #3292, #3359 ) ;
#1538 = VECTOR ( 'NONE', #2895, 1000.000000000000000 ) ;
#1539 = VECTOR ( 'NONE', #2686, 1000.000000000000000 ) ;
#1540 = ORIENTED_EDGE ( 'NONE', *, *, #3254, .T. ) ;
#1541 = CARTESIAN_POINT ( 'NONE',  ( -135.2499999999999716, 23.15429687500000355, 0.5999999999999999778 ) ) ;
#1542 = ORIENTED_EDGE ( 'NONE', *, *, #865, .F. ) ;
#1543 = ORIENTED_EDGE ( 'NONE', *, *, #4760, .T. ) ;
#1544 = LINE ( 'NONE', #2292, #2496 ) ;
#1545 = DIRECTION ( 'NONE',  ( -0.000000000000000000, -0.000000000000000000, 1.000000000000000000 ) ) ;
#1546 = CARTESIAN_POINT ( 'NONE',  ( 33.25000000000002842, 13.25429687500000142, 3.750000000000006217 ) ) ;
#1547 = ORIENTED_EDGE ( 'NONE', *, *, #4878, .F. ) ;
#1548 = CARTESIAN_POINT ( 'NONE',  ( -137.7499999999999716, 12.50429687500000142, 6.000000000000000000 ) ) ;
#1549 = DIRECTION ( 'NONE',  ( 8.673617379884027583E-16, -1.000000000000000000, 0.000000000000000000 ) ) ;
#1550 = DIRECTION ( 'NONE',  ( 0.000000000000000000, -1.000000000000000000, 0.000000000000000000 ) ) ;
#1551 = ORIENTED_EDGE ( 'NONE', *, *, #3872, .F. ) ;
#1552 = EDGE_CURVE ( 'NONE', #3526, #4872, #1021, .T. ) ;
#1553 = ORIENTED_EDGE ( 'NONE', *, *, #1993, .T. ) ;
#1554 = CARTESIAN_POINT ( 'NONE',  ( -109.5999999999999801, 16.15429687499998934, 0.5000000000000000000 ) ) ;
#1555 = EDGE_CURVE ( 'NONE', #3490, #502, #2396, .T. ) ;
#1556 = AXIS2_PLACEMENT_3D ( 'NONE', #799, #1079, #3348 ) ;
#1557 = VECTOR ( 'NONE', #3021, 1000.000000000000000 ) ;
#1558 = LINE ( 'NONE', #1193, #558 ) ;
#1559 = CARTESIAN_POINT ( 'NONE',  ( 46.25000000000000000, 25.65429687500000355, 6.000000000000000000 ) ) ;
#1560 = FACE_BOUND ( 'NONE', #2125, .T. ) ;
#1561 = VECTOR ( 'NONE', #2739, 1000.000000000000114 ) ;
#1562 = DIRECTION ( 'NONE',  ( -0.000000000000000000, -0.000000000000000000, -1.000000000000000000 ) ) ;
#1563 = ORIENTED_EDGE ( 'NONE', *, *, #1098, .T. ) ;
#1564 = FACE_OUTER_BOUND ( 'NONE', #3895, .T. ) ;
#1565 = DIRECTION ( 'NONE',  ( 0.000000000000000000, 0.000000000000000000, -1.000000000000000000 ) ) ;
#1566 = EDGE_CURVE ( 'NONE', #4318, #916, #4684, .T. ) ;
#1567 = ORIENTED_EDGE ( 'NONE', *, *, #1505, .F. ) ;
#1568 = VERTEX_POINT ( 'NONE', #2865 ) ;
#1569 = AXIS2_PLACEMENT_3D ( 'NONE', #2671, #4608, #2304 ) ;
#1570 = CARTESIAN_POINT ( 'NONE',  ( 40.70000000000005258, 21.90429687499998934, 2.000000000000000000 ) ) ;
#1571 = LINE ( 'NONE', #4215, #568 ) ;
#1572 = CARTESIAN_POINT ( 'NONE',  ( -135.2499999999999716, 13.15429687500000355, 0.5999999999999999778 ) ) ;
#1573 = EDGE_LOOP ( 'NONE', ( #2932, #2281, #3447, #610, #2370, #818 ) ) ;
#1574 = VECTOR ( 'NONE', #765, 1000.000000000000000 ) ;
#1575 = CARTESIAN_POINT ( 'NONE',  ( -28.74999999999998224, 12.50429687500000142, 4.250000000000007994 ) ) ;
#1576 = DIRECTION ( 'NONE',  ( 3.469446951953614189E-15, 1.000000000000000000, -0.000000000000000000 ) ) ;
#1577 = PLANE ( 'NONE',  #4395 ) ;
#1578 = DIRECTION ( 'NONE',  ( -0.000000000000000000, 0.000000000000000000, 1.000000000000000000 ) ) ;
#1579 = ORIENTED_EDGE ( 'NONE', *, *, #2170, .T. ) ;
#1580 = CARTESIAN_POINT ( 'NONE',  ( -137.3499999999999659, 0.000000000000000000, 0.000000000000000000 ) ) ;
#1581 = VECTOR ( 'NONE', #2950, 1000.000000000000000 ) ;
#1582 = EDGE_CURVE ( 'NONE', #4319, #4379, #2791, .T. ) ;
#1583 = CARTESIAN_POINT ( 'NONE',  ( -106.5999999999999659, 16.15429687499998934, 0.000000000000000000 ) ) ;
#1584 = DIRECTION ( 'NONE',  ( 0.000000000000000000, 0.000000000000000000, 1.000000000000000000 ) ) ;
#1585 = LINE ( 'NONE', #3486, #1782 ) ;
#1586 = EDGE_CURVE ( 'NONE', #4106, #3673, #655, .T. ) ;
#1587 = VERTEX_POINT ( 'NONE', #4380 ) ;
#1588 = DIRECTION ( 'NONE',  ( 1.000000000000000000, -0.000000000000000000, -1.156482317317871478E-16 ) ) ;
#1589 = DIRECTION ( 'NONE',  ( 1.000000000000000000, 0.000000000000000000, 0.000000000000000000 ) ) ;
#1590 = VERTEX_POINT ( 'NONE', #2158 ) ;
#1591 = EDGE_CURVE ( 'NONE', #4093, #3200, #994, .T. ) ;
#1592 = ORIENTED_EDGE ( 'NONE', *, *, #415, .T. ) ;
#1593 = ORIENTED_EDGE ( 'NONE', *, *, #3121, .T. ) ;
#1594 = DIRECTION ( 'NONE',  ( 0.000000000000000000, -1.000000000000000000, 0.000000000000000000 ) ) ;
#1595 = DIRECTION ( 'NONE',  ( -1.000000000000000000, 0.000000000000000000, -0.000000000000000000 ) ) ;
#1596 = VECTOR ( 'NONE', #512, 1000.000000000000000 ) ;
#1597 = ADVANCED_FACE ( 'NONE', ( #581 ), #3163, .F. ) ;
#1598 = ORIENTED_EDGE ( 'NONE', *, *, #775, .T. ) ;
#1599 = PLANE ( 'NONE',  #4346 ) ;
#1600 = PLANE ( 'NONE',  #1879 ) ;
#1601 = LINE ( 'NONE', #474, #365 ) ;
#1602 = LINE ( 'NONE', #3858, #4332 ) ;
#1603 = ORIENTED_EDGE ( 'NONE', *, *, #1520, .T. ) ;
#1604 = CARTESIAN_POINT ( 'NONE',  ( 5.650000000000051870, 16.15429687499998934, 0.5000000000000000000 ) ) ;
#1605 = DIRECTION ( 'NONE',  ( 1.156482317317871478E-16, 0.000000000000000000, -1.000000000000000000 ) ) ;
#1606 = CARTESIAN_POINT ( 'NONE',  ( -14.39999999999995417, 16.15429687499998934, 0.000000000000000000 ) ) ;
#1607 = DIRECTION ( 'NONE',  ( -0.000000000000000000, 1.000000000000000000, 0.000000000000000000 ) ) ;
#1608 = PLANE ( 'NONE',  #3310 ) ;
#1609 = EDGE_CURVE ( 'NONE', #671, #144, #2429, .T. ) ;
#1610 = ORIENTED_EDGE ( 'NONE', *, *, #909, .F. ) ;
#1611 = ADVANCED_FACE ( 'NONE', ( #2839 ), #1288, .F. ) ;
#1612 = CARTESIAN_POINT ( 'NONE',  ( 15.15000000000005187, 20.90429687499999289, 0.000000000000000000 ) ) ;
#1613 = LINE ( 'NONE', #854, #3303 ) ;
#1614 = ORIENTED_EDGE ( 'NONE', *, *, #1586, .T. ) ;
#1615 = VECTOR ( 'NONE', #3539, 1000.000000000000000 ) ;
#1616 = ORIENTED_EDGE ( 'NONE', *, *, #4372, .T. ) ;
#1617 = VECTOR ( 'NONE', #2359, 1000.000000000000000 ) ;
#1618 = ADVANCED_FACE ( 'NONE', ( #554 ), #1335, .F. ) ;
#1619 = VECTOR ( 'NONE', #1332, 1000.000000000000000 ) ;
#1620 = VECTOR ( 'NONE', #4163, 1000.000000000000000 ) ;
#1621 = LINE ( 'NONE', #2757, #1386 ) ;
#1622 = ORIENTED_EDGE ( 'NONE', *, *, #9, .T. ) ;
#1623 = VERTEX_POINT ( 'NONE', #629 ) ;
#1624 = LINE ( 'NONE', #2395, #1830 ) ;
#1625 = VERTEX_POINT ( 'NONE', #1312 ) ;
#1626 = CARTESIAN_POINT ( 'NONE',  ( 94.00000000000000000, 13.25429687500000142, 0.000000000000000000 ) ) ;
#1627 = DIRECTION ( 'NONE',  ( -0.000000000000000000, 1.000000000000000000, -0.000000000000000000 ) ) ;
#1628 = CARTESIAN_POINT ( 'NONE',  ( -75.74999999999998579, 12.50429687500000142, 4.250000000000007994 ) ) ;
#1629 = ADVANCED_FACE ( 'NONE', ( #4356 ), #948, .F. ) ;
#1630 = DIRECTION ( 'NONE',  ( 0.000000000000000000, -1.000000000000000000, 0.000000000000000000 ) ) ;
#1631 = ORIENTED_EDGE ( 'NONE', *, *, #4252, .F. ) ;
#1632 = CARTESIAN_POINT ( 'NONE',  ( 40.70000000000005258, 14.40429687499999467, 0.5000000000000000000 ) ) ;
#1633 = CARTESIAN_POINT ( 'NONE',  ( 28.70000000000005258, 14.40429687499999467, 0.5000000000000000000 ) ) ;
#1634 = DIRECTION ( 'NONE',  ( 0.000000000000000000, 0.000000000000000000, 1.000000000000000000 ) ) ;
#1635 = DIRECTION ( 'NONE',  ( 1.000000000000000000, 2.775557561562891351E-16, 0.000000000000000000 ) ) ;
#1636 = CARTESIAN_POINT ( 'NONE',  ( 28.70000000000005258, 14.40429687499999467, 2.000000000000000000 ) ) ;
#1637 = VERTEX_POINT ( 'NONE', #972 ) ;
#1638 = VECTOR ( 'NONE', #925, 1000.000000000000000 ) ;
#1639 = ORIENTED_EDGE ( 'NONE', *, *, #2442, .T. ) ;
#1640 = CARTESIAN_POINT ( 'NONE',  ( -14.39999999999995417, 15.40429687499999112, 0.000000000000000000 ) ) ;
#1641 = CARTESIAN_POINT ( 'NONE',  ( 45.84999999999998721, 23.80429687500000213, 6.000000000000000000 ) ) ;
#1642 = CIRCLE ( 'NONE', #149, 0.2500000000000002220 ) ;
#1643 = ORIENTED_EDGE ( 'NONE', *, *, #2452, .T. ) ;
#1644 = ORIENTED_EDGE ( 'NONE', *, *, #4628, .F. ) ;
#1645 = ORIENTED_EDGE ( 'NONE', *, *, #510, .T. ) ;
#1646 = CARTESIAN_POINT ( 'NONE',  ( -60.49999999999995026, 20.90429687499999289, 0.000000000000000000 ) ) ;
#1647 = ORIENTED_EDGE ( 'NONE', *, *, #4519, .T. ) ;
#1648 = CARTESIAN_POINT ( 'NONE',  ( 46.04999999999998295, 10.85429687500002949, 0.1999999999999849121 ) ) ;
#1649 = EDGE_CURVE ( 'NONE', #4486, #31, #2455, .T. ) ;
#1650 = ORIENTED_EDGE ( 'NONE', *, *, #3938, .F. ) ;
#1651 = LINE ( 'NONE', #253, #3851 ) ;
#1652 = FACE_OUTER_BOUND ( 'NONE', #4895, .T. ) ;
#1653 = LINE ( 'NONE', #1234, #368 ) ;
#1654 = DIRECTION ( 'NONE',  ( 1.000000000000000000, -0.000000000000000000, -0.000000000000000000 ) ) ;
#1655 = ORIENTED_EDGE ( 'NONE', *, *, #1150, .T. ) ;
#1656 = DIRECTION ( 'NONE',  ( 0.000000000000000000, 0.000000000000000000, -1.000000000000000000 ) ) ;
#1657 = VECTOR ( 'NONE', #4502, 1000.000000000000000 ) ;
#1658 = VECTOR ( 'NONE', #1701, 1000.000000000000114 ) ;
#1659 = CC_DESIGN_DATE_AND_TIME_ASSIGNMENT ( #2426, #1309, ( #2682 ) ) ;
#1660 = LINE ( 'NONE', #4686, #3796 ) ;
#1661 = CARTESIAN_POINT ( 'NONE',  ( 45.85000000000000142, 25.65429687500000355, 6.000000000000000000 ) ) ;
#1662 = CARTESIAN_POINT ( 'NONE',  ( -15.08333333333332327, 71.98763020833332860, -60.93333333333331581 ) ) ;
#1663 = LINE ( 'NONE', #586, #3513 ) ;
#1664 = AXIS2_PLACEMENT_3D ( 'NONE', #924, #4333, #1707 ) ;
#1665 = EDGE_CURVE ( 'NONE', #852, #19, #2081, .T. ) ;
#1666 = DIRECTION ( 'NONE',  ( 0.000000000000000000, 0.000000000000000000, -1.000000000000000000 ) ) ;
#1667 = CARTESIAN_POINT ( 'NONE',  ( -86.54999999999995453, 16.15429687500000711, 0.5000000000000000000 ) ) ;
#1669 = ORIENTED_EDGE ( 'NONE', *, *, #1109, .F. ) ;
#1668 = VECTOR ( 'NONE', #787, 1000.000000000000000 ) ;
#1670 = CARTESIAN_POINT ( 'NONE',  ( -13.74999999999998401, 13.25429687500000142, 3.750000000000006217 ) ) ;
#1671 = ORIENTED_EDGE ( 'NONE', *, *, #111, .F. ) ;
#1672 = PLANE ( 'NONE',  #2255 ) ;
#1673 = EDGE_LOOP ( 'NONE', ( #4365, #1868, #1815, #890 ) ) ;
#1674 = DIRECTION ( 'NONE',  ( 0.000000000000000000, 0.000000000000000000, -1.000000000000000000 ) ) ;
#1675 = EDGE_CURVE ( 'NONE', #2603, #3470, #3898, .T. ) ;
#1676 = ORIENTED_EDGE ( 'NONE', *, *, #2348, .T. ) ;
#1677 = EDGE_CURVE ( 'NONE', #53, #4786, #2797, .T. ) ;
#1678 = DIRECTION ( 'NONE',  ( -0.000000000000000000, -0.000000000000000000, 1.000000000000000000 ) ) ;
#1679 = FACE_OUTER_BOUND ( 'NONE', #1423, .T. ) ;
#1680 = COORDINATED_UNIVERSAL_TIME_OFFSET ( 5, 0, .BEHIND. ) ;
#1681 = CARTESIAN_POINT ( 'NONE',  ( -37.44999999999995310, 20.90429687499999289, 0.5000000000000000000 ) ) ;
#1682 = VERTEX_POINT ( 'NONE', #1220 ) ;
#1683 = CARTESIAN_POINT ( 'NONE',  ( -107.7499999999999858, 23.05429687500000213, 3.750000000000000444 ) ) ;
#1684 = VECTOR ( 'NONE', #1731, 1000.000000000000000 ) ;
#1685 = CARTESIAN_POINT ( 'NONE',  ( -37.44999999999995310, 20.90429687499999289, 0.000000000000000000 ) ) ;
#1686 = PLANE ( 'NONE',  #4156 ) ;
#1687 = DIRECTION ( 'NONE',  ( -0.000000000000000000, 0.000000000000000000, 1.000000000000000000 ) ) ;
#1688 = CARTESIAN_POINT ( 'NONE',  ( -107.7499999999999858, 23.55429687500000213, 3.750000000000000444 ) ) ;
#1689 = DIRECTION ( 'NONE',  ( -0.000000000000000000, 1.000000000000000000, -0.000000000000000000 ) ) ;
#1690 = DIRECTION ( 'NONE',  ( 0.000000000000000000, -1.000000000000000000, 0.000000000000000000 ) ) ;
#1691 = ORIENTED_EDGE ( 'NONE', *, *, #3140, .F. ) ;
#1692 = EDGE_CURVE ( 'NONE', #3963, #3285, #3144, .T. ) ;
#1693 = DIRECTION ( 'NONE',  ( 0.000000000000000000, 1.000000000000000000, 0.000000000000000000 ) ) ;
#1694 = ORIENTED_EDGE ( 'NONE', *, *, #2422, .F. ) ;
#1695 = SECURITY_CLASSIFICATION ( '', '', #3684 ) ;
#1696 = DIRECTION ( 'NONE',  ( 1.000000000000000000, 2.775557561562891844E-16, -0.000000000000000000 ) ) ;
#1697 = VECTOR ( 'NONE', #1364, 1000.000000000000000 ) ;
#1698 = ORIENTED_EDGE ( 'NONE', *, *, #4537, .F. ) ;
#1699 = EDGE_LOOP ( 'NONE', ( #690, #3454, #3621, #2519 ) ) ;
#1700 = AXIS2_PLACEMENT_3D ( 'NONE', #969, #578, #652 ) ;
#1701 = DIRECTION ( 'NONE',  ( 0.7071067811865474617, 0.000000000000000000, -0.7071067811865474617 ) ) ;
#1702 = FACE_OUTER_BOUND ( 'NONE', #2859, .T. ) ;
#1703 = DIRECTION ( 'NONE',  ( 0.000000000000000000, 0.000000000000000000, 1.000000000000000000 ) ) ;
#1704 = ORIENTED_EDGE ( 'NONE', *, *, #3734, .F. ) ;
#1705 = DIRECTION ( 'NONE',  ( -0.000000000000000000, -0.000000000000000000, 1.000000000000000000 ) ) ;
#1706 = VERTEX_POINT ( 'NONE', #1272 ) ;
#1707 = DIRECTION ( 'NONE',  ( 0.000000000000000000, 0.000000000000000000, -1.000000000000000000 ) ) ;
#1708 = CARTESIAN_POINT ( 'NONE',  ( -7.899999999999955946, 15.40429687499999112, 2.000000000000000000 ) ) ;
#1709 = LINE ( 'NONE', #4715, #1538 ) ;
#1710 = DIRECTION ( 'NONE',  ( 0.000000000000000000, -1.000000000000000000, 0.000000000000000000 ) ) ;
#1711 = EDGE_CURVE ( 'NONE', #959, #3866, #2774, .T. ) ;
#1712 = DIRECTION ( 'NONE',  ( 0.000000000000000000, -1.000000000000000000, 0.000000000000000000 ) ) ;
#1713 = CARTESIAN_POINT ( 'NONE',  ( 18.15000000000005187, 16.15429687499999289, 2.000000000000000000 ) ) ;
#1714 = VECTOR ( 'NONE', #1491, 1000.000000000000000 ) ;
#1715 = VERTEX_POINT ( 'NONE', #1612 ) ;
#1716 = DIRECTION ( 'NONE',  ( 0.000000000000000000, -0.7071067811865465735, 0.7071067811865484609 ) ) ;
#1717 = EDGE_LOOP ( 'NONE', ( #310, #628, #142, #2241 ) ) ;
#1718 = AXIS2_PLACEMENT_3D ( 'NONE', #178, #3958, #4703 ) ;
#1719 = EDGE_CURVE ( 'NONE', #1832, #876, #3921, .T. ) ;
#1720 = VECTOR ( 'NONE', #1516, 1000.000000000000000 ) ;
#1721 =( BOUNDED_CURVE ( )  B_SPLINE_CURVE ( 3, ( #4510, #3786, #3327, #3037 ),
 .UNSPECIFIED., .F., .F. ) 
 B_SPLINE_CURVE_WITH_KNOTS ( ( 4, 4 ),
 ( 1.570796326794896558, 3.141592653589793116 ),
 .UNSPECIFIED. ) 
 CURVE ( )  GEOMETRIC_REPRESENTATION_ITEM ( )  RATIONAL_B_SPLINE_CURVE ( ( 1.000000000000000000, 0.8047378541243649375, 0.8047378541243649375, 1.000000000000000000 ) ) 
 REPRESENTATION_ITEM ( '' )  );
#1722 = DIRECTION ( 'NONE',  ( 1.000000000000000000, 0.000000000000000000, 0.000000000000000000 ) ) ;
#1723 = EDGE_LOOP ( 'NONE', ( #2850, #2385, #4476, #2472, #2307, #1743, #3653, #2109, #4670, #884 ) ) ;
#1724 = VERTEX_POINT ( 'NONE', #4590 ) ;
#1725 = ADVANCED_FACE ( 'NONE', ( #2726 ), #86, .T. ) ;
#1726 = PLANE ( 'NONE',  #2926 ) ;
#1727 = DIRECTION ( 'NONE',  ( 0.6785983445458406704, 0.2810846377148508712, -0.6785983445458406704 ) ) ;
#1728 = APPROVAL_STATUS ( 'not_yet_approved' ) ;
#1729 = DIRECTION ( 'NONE',  ( 1.000000000000000000, 0.000000000000000000, 1.156482317317871478E-16 ) ) ;
#1730 = ORIENTED_EDGE ( 'NONE', *, *, #1378, .T. ) ;
#1731 = DIRECTION ( 'NONE',  ( -1.000000000000000000, 0.000000000000000000, 0.000000000000000000 ) ) ;
#1732 = ORIENTED_EDGE ( 'NONE', *, *, #1675, .T. ) ;
#1733 = DIRECTION ( 'NONE',  ( -0.000000000000000000, -0.000000000000000000, 1.000000000000000000 ) ) ;
#1734 = DIRECTION ( 'NONE',  ( 0.000000000000000000, 1.000000000000000000, 0.000000000000000000 ) ) ;
#1735 = DIRECTION ( 'NONE',  ( -0.000000000000000000, 1.000000000000000000, -0.000000000000000000 ) ) ;
#1736 = ORIENTED_EDGE ( 'NONE', *, *, #4694, .T. ) ;
#1737 = ORIENTED_EDGE ( 'NONE', *, *, #2761, .T. ) ;
#1738 = EDGE_CURVE ( 'NONE', #1449, #1072, #60, .T. ) ;
#1739 = AXIS2_PLACEMENT_3D ( 'NONE', #2208, #378, #1048 ) ;
#1740 = CARTESIAN_POINT ( 'NONE',  ( 0.000000000000000000, 0.000000000000000000, 0.000000000000000000 ) ) ;
#1741 = CARTESIAN_POINT ( 'NONE',  ( -63.74999999999994316, 21.90429687500000000, 0.5000000000000000000 ) ) ;
#1742 = EDGE_CURVE ( 'NONE', #3489, #4373, #3517, .T. ) ;
#1743 = ORIENTED_EDGE ( 'NONE', *, *, #3687, .T. ) ;
#1744 = CARTESIAN_POINT ( 'NONE',  ( -60.74999999999998579, 23.55429687500000213, 4.250000000000000000 ) ) ;
#1745 = ORIENTED_EDGE ( 'NONE', *, *, #4289, .F. ) ;
#1746 = ORIENTED_EDGE ( 'NONE', *, *, #2059, .F. ) ;
#1747 = VECTOR ( 'NONE', #3648, 1000.000000000000000 ) ;
#1748 = DIRECTION ( 'NONE',  ( -0.000000000000000000, 1.000000000000000000, 0.000000000000000000 ) ) ;
#1749 = ORIENTED_EDGE ( 'NONE', *, *, #1365, .F. ) ;
#1750 = EDGE_CURVE ( 'NONE', #1257, #987, #3172, .T. ) ;
#1751 = VERTEX_POINT ( 'NONE', #3119 ) ;
#1752 = FACE_OUTER_BOUND ( 'NONE', #490, .T. ) ;
#1753 = ORIENTED_EDGE ( 'NONE', *, *, #1473, .T. ) ;
#1754 = CARTESIAN_POINT ( 'NONE',  ( 40.70000000000005258, 21.90429687499998934, 0.5000000000000000000 ) ) ;
#1755 = CARTESIAN_POINT ( 'NONE',  ( 31.70000000000005613, 15.40429687499999112, 0.5000000000000000000 ) ) ;
#1756 = CARTESIAN_POINT ( 'NONE',  ( -137.3499999999999659, 11.05429687500001457, 0.000000000000000000 ) ) ;
#1757 = AXIS2_PLACEMENT_3D ( 'NONE', #2702, #823, #2332 ) ;
#1758 = ORIENTED_EDGE ( 'NONE', *, *, #3442, .F. ) ;
#1759 = DIRECTION ( 'NONE',  ( -1.000000000000000000, 0.000000000000000000, 0.000000000000000000 ) ) ;
#1760 = EDGE_CURVE ( 'NONE', #1373, #460, #1295, .T. ) ;
#1761 = VERTEX_POINT ( 'NONE', #3943 ) ;
#1762 = LINE ( 'NONE', #4358, #2681 ) ;
#1763 = LINE ( 'NONE', #4789, #703 ) ;
#1764 = LINE ( 'NONE', #237, #3828 ) ;
#1765 = ORIENTED_EDGE ( 'NONE', *, *, #4613, .F. ) ;
#1766 = CARTESIAN_POINT ( 'NONE',  ( -122.7499999999999858, 23.05429687500000213, 4.249999999999998224 ) ) ;
#1767 = CARTESIAN_POINT ( 'NONE',  ( -137.7499999999999716, 25.65429687500000355, 6.000000000000000000 ) ) ;
#1768 = EDGE_CURVE ( 'NONE', #4292, #774, #3445, .T. ) ;
#1769 = ORIENTED_EDGE ( 'NONE', *, *, #2010, .F. ) ;
#1770 = DIRECTION ( 'NONE',  ( 0.000000000000000000, 0.7071067811865465735, -0.7071067811865484609 ) ) ;
#1771 = ORIENTED_EDGE ( 'NONE', *, *, #3234, .T. ) ;
#1772 = DIRECTION ( 'NONE',  ( 0.000000000000000000, 0.7071067811865479058, 0.7071067811865472397 ) ) ;
#1773 = VERTEX_POINT ( 'NONE', #2012 ) ;
#1774 = ADVANCED_FACE ( 'NONE', ( #1564 ), #3067, .F. ) ;
#1775 = ORIENTED_EDGE ( 'NONE', *, *, #863, .T. ) ;
#1776 = PLANE ( 'NONE',  #1801 ) ;
#1777 = DIRECTION ( 'NONE',  ( 0.000000000000000000, -1.000000000000000000, 0.000000000000000000 ) ) ;
#1778 = SHAPE_DEFINITION_REPRESENTATION ( #12, #3444 ) ;
#1779 = DIRECTION ( 'NONE',  ( 1.000000000000000000, 0.000000000000000000, 0.000000000000000000 ) ) ;
#1780 = EDGE_LOOP ( 'NONE', ( #3859, #2169, #2806, #807 ) ) ;
#1781 = DIRECTION ( 'NONE',  ( 1.000000000000000000, -0.000000000000000000, -1.156482317317871478E-16 ) ) ;
#1782 = VECTOR ( 'NONE', #104, 1000.000000000000000 ) ;
#1783 = ADVANCED_FACE ( 'NONE', ( #4237 ), #2705, .T. ) ;
#1784 = VECTOR ( 'NONE', #2617, 1000.000000000000000 ) ;
#1785 = ORIENTED_EDGE ( 'NONE', *, *, #2478, .F. ) ;
#1786 = ORIENTED_EDGE ( 'NONE', *, *, #3601, .T. ) ;
#1787 = CARTESIAN_POINT ( 'NONE',  ( 8.650000000000053646, 16.15429687499998934, 0.5000000000000000000 ) ) ;
#1788 = EDGE_CURVE ( 'NONE', #3902, #467, #461, .T. ) ;
#1789 = FACE_OUTER_BOUND ( 'NONE', #1219, .T. ) ;
#1790 = CARTESIAN_POINT ( 'NONE',  ( 28.70000000000005613, 21.90429687499998934, 0.5000000000000000000 ) ) ;
#1791 = ORIENTED_EDGE ( 'NONE', *, *, #2852, .F. ) ;
#1792 = ORIENTED_EDGE ( 'NONE', *, *, #2750, .F. ) ;
#1793 = CARTESIAN_POINT ( 'NONE',  ( -137.7499999999999716, 23.80429687500000213, 2.000000000000000000 ) ) ;
#1794 = LINE ( 'NONE', #980, #4564 ) ;
#1795 = ORIENTED_EDGE ( 'NONE', *, *, #1947, .T. ) ;
#1796 = CARTESIAN_POINT ( 'NONE',  ( 18.25000000000002842, 13.25429687500000142, 4.250000000000007994 ) ) ;
#1797 = ORIENTED_EDGE ( 'NONE', *, *, #24, .T. ) ;
#1798 = PLANE ( 'NONE',  #1938 ) ;
#1799 = VERTEX_POINT ( 'NONE', #4640 ) ;
#1800 = AXIS2_PLACEMENT_3D ( 'NONE', #1104, #1143, #4151 ) ;
#1801 = AXIS2_PLACEMENT_3D ( 'NONE', #3682, #306, #755 ) ;
#1802 = ORIENTED_EDGE ( 'NONE', *, *, #1122, .F. ) ;
#1803 = EDGE_CURVE ( 'NONE', #4800, #759, #4614, .T. ) ;
#1804 = CARTESIAN_POINT ( 'NONE',  ( -109.5999999999999801, 20.15429687499998934, 0.5000000000000000000 ) ) ;
#1805 = DIRECTION ( 'NONE',  ( 0.000000000000000000, 1.000000000000000000, 0.000000000000000000 ) ) ;
#1806 = EDGE_CURVE ( 'NONE', #19, #1174, #4264, .T. ) ;
#1807 = PERSON_AND_ORGANIZATION ( #734, #4629 ) ;
#1808 = LINE ( 'NONE', #229, #1888 ) ;
#1809 = CARTESIAN_POINT ( 'NONE',  ( -60.49999999999995026, 15.40429687499999112, 0.000000000000000000 ) ) ;
#1810 = ORIENTED_EDGE ( 'NONE', *, *, #644, .T. ) ;
#1811 = ORIENTED_EDGE ( 'NONE', *, *, #1477, .F. ) ;
#1812 = CARTESIAN_POINT ( 'NONE',  ( 15.15000000000005187, 15.40429687499999112, 0.000000000000000000 ) ) ;
#1813 = PLANE ( 'NONE',  #1480 ) ;
#1814 = FACE_OUTER_BOUND ( 'NONE', #3808, .T. ) ;
#1815 = ORIENTED_EDGE ( 'NONE', *, *, #719, .F. ) ;
#1816 = EDGE_LOOP ( 'NONE', ( #4116, #1644, #1027, #2011 ) ) ;
#1817 = LINE ( 'NONE', #3326, #4766 ) ;
#1818 = LINE ( 'NONE', #3741, #2917 ) ;
#1819 = VECTOR ( 'NONE', #506, 1000.000000000000000 ) ;
#1820 = LINE ( 'NONE', #243, #2435 ) ;
#1821 = ADVANCED_FACE ( 'NONE', ( #4742 ), #1343, .F. ) ;
#1822 = ORIENTED_EDGE ( 'NONE', *, *, #2199, .T. ) ;
#1823 = CARTESIAN_POINT ( 'NONE',  ( -14.39999999999995062, 16.15429687499998934, 0.5000000000000000000 ) ) ;
#1824 = EDGE_CURVE ( 'NONE', #666, #1475, #3619, .T. ) ;
#1825 = VECTOR ( 'NONE', #4722, 1000.000000000000000 ) ;
#1826 = VECTOR ( 'NONE', #4574, 1000.000000000000000 ) ;
#1827 = ORIENTED_EDGE ( 'NONE', *, *, #3565, .T. ) ;
#1828 = FACE_OUTER_BOUND ( 'NONE', #4266, .T. ) ;
#1829 = ORIENTED_EDGE ( 'NONE', *, *, #3938, .T. ) ;
#1830 = VECTOR ( 'NONE', #1674, 1000.000000000000000 ) ;
#1831 = VECTOR ( 'NONE', #2386, 1000.000000000000000 ) ;
#1832 = VERTEX_POINT ( 'NONE', #4017 ) ;
#1833 = CARTESIAN_POINT ( 'NONE',  ( -60.74999999999998579, 23.05429687500000213, 3.750000000000000444 ) ) ;
#1834 = DATE_TIME_ROLE ( 'classification_date' ) ;
#1835 = PLANE ( 'NONE',  #4309 ) ;
#1836 = EDGE_CURVE ( 'NONE', #439, #2509, #1054, .T. ) ;
#1837 = CARTESIAN_POINT ( 'NONE',  ( -137.7499999999999716, 24.65429687500000711, 6.000000000000000000 ) ) ;
#1838 = ADVANCED_FACE ( 'NONE', ( #3225, #3299, #4767, #4817, #3590, #3668, #2462, #3197, #4445, #3970 ), #588, .F. ) ;
#1839 = VERTEX_POINT ( 'NONE', #2537 ) ;
#1840 = PLANE ( 'NONE',  #481 ) ;
#1841 = CARTESIAN_POINT ( 'NONE',  ( -60.74999999999998579, 12.75429687500000142, 3.750000000000006217 ) ) ;
#1842 = VERTEX_POINT ( 'NONE', #2114 ) ;
#1843 = LINE ( 'NONE', #1509, #1280 ) ;
#1844 = LINE ( 'NONE', #2256, #2221 ) ;
#1845 = DIRECTION ( 'NONE',  ( -0.000000000000000000, -1.000000000000000000, -0.000000000000000000 ) ) ;
#1846 = CARTESIAN_POINT ( 'NONE',  ( -30.94999999999995310, 15.40429687499999112, 0.000000000000000000 ) ) ;
#1847 = ORIENTED_EDGE ( 'NONE', *, *, #2866, .T. ) ;
#1848 = EDGE_CURVE ( 'NONE', #1236, #2833, #741, .T. ) ;
#1849 = CARTESIAN_POINT ( 'NONE',  ( 18.25000000000002842, 13.25429687500000142, 3.750000000000007994 ) ) ;
#1850 = ORIENTED_EDGE ( 'NONE', *, *, #34, .T. ) ;
#1851 = ORIENTED_EDGE ( 'NONE', *, *, #731, .T. ) ;
#1852 = DIRECTION ( 'NONE',  ( 0.000000000000000000, 1.000000000000000000, 0.000000000000000000 ) ) ;
#1853 = DIRECTION ( 'NONE',  ( -0.000000000000000000, -1.000000000000000000, -0.000000000000000000 ) ) ;
#1854 = CARTESIAN_POINT ( 'NONE',  ( -119.8999999999999915, 14.40429687500000178, 2.000000000000000000 ) ) ;
#1855 = EDGE_CURVE ( 'NONE', #1928, #4486, #3992, .T. ) ;
#1856 = VERTEX_POINT ( 'NONE', #1793 ) ;
#1857 = DIRECTION ( 'NONE',  ( -0.000000000000000000, 1.000000000000000000, -0.000000000000000000 ) ) ;
#1858 = CARTESIAN_POINT ( 'NONE',  ( 31.70000000000005613, 20.90429687499999289, 0.000000000000000000 ) ) ;
#1859 = VERTEX_POINT ( 'NONE', #4363 ) ;
#1860 = VECTOR ( 'NONE', #4084, 1000.000000000000000 ) ;
#1861 = CARTESIAN_POINT ( 'NONE',  ( -137.7499999999999716, 25.65429687500000355, 0.4000000000000114575 ) ) ;
#1862 = VECTOR ( 'NONE', #51, 1000.000000000000000 ) ;
#1863 = VECTOR ( 'NONE', #4077, 1000.000000000000000 ) ;
#1864 = FACE_OUTER_BOUND ( 'NONE', #2953, .T. ) ;
#1865 = CARTESIAN_POINT ( 'NONE',  ( 5.650000000000051870, 16.15429687499998934, 0.5000000000000000000 ) ) ;
#1866 = ADVANCED_FACE ( 'NONE', ( #4041 ), #979, .F. ) ;
#1867 = DIRECTION ( 'NONE',  ( -2.775557561562890858E-16, 1.000000000000000000, 0.000000000000000000 ) ) ;
#1868 = ORIENTED_EDGE ( 'NONE', *, *, #2240, .F. ) ;
#1869 = ORIENTED_EDGE ( 'NONE', *, *, #3015, .T. ) ;
#1870 = ADVANCED_FACE ( 'NONE', ( #4391 ), #241, .F. ) ;
#1871 = ORIENTED_EDGE ( 'NONE', *, *, #3488, .T. ) ;
#1872 = DIRECTION ( 'NONE',  ( 0.000000000000000000, -0.000000000000000000, -1.000000000000000000 ) ) ;
#1873 = LINE ( 'NONE', #4545, #1539 ) ;
#1874 = VECTOR ( 'NONE', #507, 1000.000000000000000 ) ;
#1875 = DIRECTION ( 'NONE',  ( 1.000000000000000000, 0.000000000000000000, 0.000000000000000000 ) ) ;
#1876 = ADVANCED_FACE ( 'NONE', ( #2510 ), #2064, .F. ) ;
#1877 = ORIENTED_EDGE ( 'NONE', *, *, #2484, .F. ) ;
#1878 = CARTESIAN_POINT ( 'NONE',  ( -4.899999999999955058, 16.15429687499999289, 2.000000000000000000 ) ) ;
#1879 = AXIS2_PLACEMENT_3D ( 'NONE', #50, #1260, #3856 ) ;
#1880 = PLANE ( 'NONE',  #2491 ) ;
#1881 = VERTEX_POINT ( 'NONE', #957 ) ;
#1882 = CARTESIAN_POINT ( 'NONE',  ( -86.54999999999995453, 16.15429687500000711, 0.5000000000000000000 ) ) ;
#1883 = AXIS2_PLACEMENT_3D ( 'NONE', #495, #4297, #93 ) ;
#1884 = DIRECTION ( 'NONE',  ( -0.000000000000000000, -0.000000000000000000, 1.000000000000000000 ) ) ;
#1885 = CYLINDRICAL_SURFACE ( 'NONE', #2659, 0.2500000000000000000 ) ;
#1886 = EDGE_CURVE ( 'NONE', #4106, #1832, #4719, .T. ) ;
#1887 = PLANE ( 'NONE',  #4047 ) ;
#1888 = VECTOR ( 'NONE', #2524, 1000.000000000000000 ) ;
#1889 = VERTEX_POINT ( 'NONE', #3277 ) ;
#1890 = EDGE_CURVE ( 'NONE', #4800, #955, #1318, .T. ) ;
#1891 = LINE ( 'NONE', #4155, #3934 ) ;
#1892 = EDGE_LOOP ( 'NONE', ( #1494, #572, #2502, #3235, #4578, #3122, #1912, #3148 ) ) ;
#1893 = AXIS2_PLACEMENT_3D ( 'NONE', #1572, #3076, #2688 ) ;
#1894 = AXIS2_PLACEMENT_3D ( 'NONE', #1626, #3909, #838 ) ;
#1895 = ORIENTED_EDGE ( 'NONE', *, *, #1004, .F. ) ;
#1896 = CARTESIAN_POINT ( 'NONE',  ( 38.20000000000005258, 20.90429687499999289, 0.5000000000000000000 ) ) ;
#1897 = EDGE_CURVE ( 'NONE', #3285, #2259, #2165, .T. ) ;
#1898 = DIRECTION ( 'NONE',  ( -0.000000000000000000, -1.000000000000000000, -0.000000000000000000 ) ) ;
#1899 = FACE_OUTER_BOUND ( 'NONE', #136, .T. ) ;
#1900 = EDGE_LOOP ( 'NONE', ( #1388, #3041, #3878, #3032 ) ) ;
#1901 = CARTESIAN_POINT ( 'NONE',  ( -7.899999999999955946, 20.90429687499999289, 0.000000000000000000 ) ) ;
#1902 = FACE_OUTER_BOUND ( 'NONE', #3871, .T. ) ;
#1903 = LINE ( 'NONE', #705, #2330 ) ;
#1904 = VECTOR ( 'NONE', #4746, 1000.000000000000000 ) ;
#1905 = EDGE_CURVE ( 'NONE', #1991, #3476, #728, .T. ) ;
#1906 = EDGE_LOOP ( 'NONE', ( #491, #1345, #3649, #2384 ) ) ;
#1907 = ORIENTED_EDGE ( 'NONE', *, *, #3577, .T. ) ;
#1908 = CARTESIAN_POINT ( 'NONE',  ( 46.25000000000000000, 23.80429687500000213, 5.599999999999988987 ) ) ;
#1909 =( BOUNDED_CURVE ( )  B_SPLINE_CURVE ( 3, ( #3468, #3492, #4615, #1221 ),
 .UNSPECIFIED., .F., .F. ) 
 B_SPLINE_CURVE_WITH_KNOTS ( ( 4, 4 ),
 ( 0.000000000000000000, 1.570796326794896558 ),
 .UNSPECIFIED. ) 
 CURVE ( )  GEOMETRIC_REPRESENTATION_ITEM ( )  RATIONAL_B_SPLINE_CURVE ( ( 1.000000000000000000, 0.8047378541243649375, 0.8047378541243649375, 1.000000000000000000 ) ) 
 REPRESENTATION_ITEM ( '' )  );
#1910 = DIRECTION ( 'NONE',  ( -0.000000000000000000, 0.000000000000000000, 1.000000000000000000 ) ) ;
#1911 = CARTESIAN_POINT ( 'NONE',  ( 8.650000000000053646, 16.15429687499998934, 0.000000000000000000 ) ) ;
#1912 = ORIENTED_EDGE ( 'NONE', *, *, #2361, .F. ) ;
#1913 = VECTOR ( 'NONE', #4109, 1000.000000000000000 ) ;
#1914 = CARTESIAN_POINT ( 'NONE',  ( -135.7499999999999716, 23.15429687500000355, 0.5999999999999999778 ) ) ;
#1915 = VERTEX_POINT ( 'NONE', #384 ) ;
#1916 = LINE ( 'NONE', #3042, #3224 ) ;
#1917 = ORIENTED_EDGE ( 'NONE', *, *, #574, .T. ) ;
#1918 = ORIENTED_EDGE ( 'NONE', *, *, #863, .F. ) ;
#1919 = VECTOR ( 'NONE', #2037, 1000.000000000000000 ) ;
#1920 = CARTESIAN_POINT ( 'NONE',  ( -86.54999999999995453, 20.15429687500000711, 0.5000000000000000000 ) ) ;
#1921 = CARTESIAN_POINT ( 'NONE',  ( -13.74999999999998401, 13.25429687500000142, 3.750000000000006217 ) ) ;
#1922 = EDGE_CURVE ( 'NONE', #3285, #623, #1078, .T. ) ;
#1923 = LINE ( 'NONE', #2801, #1426 ) ;
#1924 = ORIENTED_EDGE ( 'NONE', *, *, #2088, .F. ) ;
#1925 = CARTESIAN_POINT ( 'NONE',  ( 45.84999999999998721, 0.000000000000000000, 6.000000000000000000 ) ) ;
#1926 = PLANE ( 'NONE',  #4492 ) ;
#1927 = CARTESIAN_POINT ( 'NONE',  ( -137.7499999999999716, 11.05429687500001457, 5.400000000000011902 ) ) ;
#1928 = VERTEX_POINT ( 'NONE', #1142 ) ;
#1929 = EDGE_LOOP ( 'NONE', ( #4577, #3208, #3459, #4000 ) ) ;
#1930 = CARTESIAN_POINT ( 'NONE',  ( -15.08333333333332327, -35.67903645833332860, -60.93333333333331581 ) ) ;
#1931 = EDGE_CURVE ( 'NONE', #4379, #2565, #361, .T. ) ;
#1932 = CARTESIAN_POINT ( 'NONE',  ( -137.7499999999999716, 25.25429687499999076, 5.400000000000012790 ) ) ;
#1933 = DIRECTION ( 'NONE',  ( -0.000000000000000000, -0.000000000000000000, 1.000000000000000000 ) ) ;
#1934 = AXIS2_PLACEMENT_3D ( 'NONE', #4450, #1011, #1168 ) ;
#1935 = CARTESIAN_POINT ( 'NONE',  ( -77.04999999999995453, 15.40429687500000355, 0.000000000000000000 ) ) ;
#1936 = DIRECTION ( 'NONE',  ( -0.000000000000000000, -0.000000000000000000, 1.000000000000000000 ) ) ;
#1937 = VECTOR ( 'NONE', #1550, 1000.000000000000000 ) ;
#1938 = AXIS2_PLACEMENT_3D ( 'NONE', #693, #4095, #713 ) ;
#1939 = VERTEX_POINT ( 'NONE', #4555 ) ;
#1940 = CARTESIAN_POINT ( 'NONE',  ( -51.74999999999995026, 21.90429687500000000, 0.5000000000000000000 ) ) ;
#1941 = PLANE ( 'NONE',  #4328 ) ;
#1942 = ORIENTED_EDGE ( 'NONE', *, *, #373, .F. ) ;
#1943 = ORIENTED_EDGE ( 'NONE', *, *, #9, .F. ) ;
#1944 = CARTESIAN_POINT ( 'NONE',  ( -14.39999999999995417, 20.90429687499999289, 0.000000000000000000 ) ) ;
#1945 = CARTESIAN_POINT ( 'NONE',  ( -60.74999999999998579, 12.75429687500000142, 4.250000000000006217 ) ) ;
#1946 = CARTESIAN_POINT ( 'NONE',  ( 0.000000000000000000, 0.000000000000000000, 0.5000000000000000000 ) ) ;
#1947 = EDGE_CURVE ( 'NONE', #1625, #2554, #4533, .T. ) ;
#1948 = ORIENTED_EDGE ( 'NONE', *, *, #2029, .T. ) ;
#1949 = EDGE_CURVE ( 'NONE', #1304, #4872, #343, .T. ) ;
#1950 = PLANE ( 'NONE',  #4028 ) ;
#1951 = PLANE ( 'NONE',  #4815 ) ;
#1952 = CARTESIAN_POINT ( 'NONE',  ( 33.25000000000002842, 13.25429687500000142, 3.750000000000006217 ) ) ;
#1953 = EDGE_LOOP ( 'NONE', ( #778, #1161, #26, #3759, #2439 ) ) ;
#1954 = EDGE_LOOP ( 'NONE', ( #4125, #3127, #317, #3974 ) ) ;
#1955 = DIRECTION ( 'NONE',  ( 2.775557561562890858E-16, -1.000000000000000000, 0.000000000000000000 ) ) ;
#1956 = VECTOR ( 'NONE', #2721, 1000.000000000000000 ) ;
#1957 = VECTOR ( 'NONE', #2449, 1000.000000000000000 ) ;
#1958 = LINE ( 'NONE', #3463, #3961 ) ;
#1959 = PLANE ( 'NONE',  #4011 ) ;
#1960 = DIRECTION ( 'NONE',  ( 1.000000000000000000, 5.337610695313248426E-16, 0.000000000000000000 ) ) ;
#1961 = VECTOR ( 'NONE', #475, 1000.000000000000000 ) ;
#1962 = EDGE_CURVE ( 'NONE', #1130, #1377, #1510, .T. ) ;
#1963 = VERTEX_POINT ( 'NONE', #4844 ) ;
#1964 = CARTESIAN_POINT ( 'NONE',  ( -107.7499999999999858, 12.50429687500000142, 4.250000000000006217 ) ) ;
#1965 = FACE_OUTER_BOUND ( 'NONE', #1117, .T. ) ;
#1966 = ORIENTED_EDGE ( 'NONE', *, *, #2905, .T. ) ;
#1967 = EDGE_CURVE ( 'NONE', #1568, #1761, #1166, .T. ) ;
#1968 = ORIENTED_EDGE ( 'NONE', *, *, #2291, .T. ) ;
#1969 = CARTESIAN_POINT ( 'NONE',  ( 45.85000000000000142, 10.65429687500000355, 0.4000000000000114575 ) ) ;
#1970 = VERTEX_POINT ( 'NONE', #1103 ) ;
#1971 = LINE ( 'NONE', #1945, #4019 ) ;
#1972 = ORIENTED_EDGE ( 'NONE', *, *, #695, .T. ) ;
#1973 = VECTOR ( 'NONE', #3342, 1000.000000000000000 ) ;
#1974 = CARTESIAN_POINT ( 'NONE',  ( -37.44999999999995310, 15.40429687499999112, 0.000000000000000000 ) ) ;
#1975 = CARTESIAN_POINT ( 'NONE',  ( 46.25000000000000000, 11.65429687500000533, 5.599999999999988987 ) ) ;
#1976 = APPLICATION_CONTEXT ( 'configuration controlled 3d designs of mechanical parts and assemblies' ) ;
#1977 = LINE ( 'NONE', #2400, #1862 ) ;
#1978 = DIRECTION ( 'NONE',  ( 1.000000000000000000, 0.000000000000000000, 0.000000000000000000 ) ) ;
#1979 = EDGE_LOOP ( 'NONE', ( #4622, #2314, #1375, #2831 ) ) ;
#1980 = LINE ( 'NONE', #871, #4123 ) ;
#1981 = EDGE_CURVE ( 'NONE', #439, #3667, #1844, .T. ) ;
#1982 = CARTESIAN_POINT ( 'NONE',  ( -139.1642135623730780, 10.65429687500000355, 5.000000000000000000 ) ) ;
#1983 = DIRECTION ( 'NONE',  ( -0.000000000000000000, -0.000000000000000000, 1.000000000000000000 ) ) ;
#1984 = CARTESIAN_POINT ( 'NONE',  ( 45.85000000000000142, 25.65429687500000355, 0.4000000000000114575 ) ) ;
#1985 = CARTESIAN_POINT ( 'NONE',  ( -13.74999999999998401, 12.50429687500000142, 3.750000000000006217 ) ) ;
#1986 = ADVANCED_FACE ( 'NONE', ( #3721 ), #4111, .F. ) ;
#1987 = ORIENTED_EDGE ( 'NONE', *, *, #360, .T. ) ;
#1988 = DIRECTION ( 'NONE',  ( 1.000000000000000000, 2.775557561562891844E-16, -0.000000000000000000 ) ) ;
#1989 = DIRECTION ( 'NONE',  ( -1.000000000000000000, -0.000000000000000000, -0.000000000000000000 ) ) ;
#1990 = ORIENTED_EDGE ( 'NONE', *, *, #3090, .T. ) ;
#1991 = VERTEX_POINT ( 'NONE', #3347 ) ;
#1992 = VERTEX_POINT ( 'NONE', #2279 ) ;
#1993 = EDGE_CURVE ( 'NONE', #1970, #955, #1721, .T. ) ;
#1994 = DIRECTION ( 'NONE',  ( -0.000000000000000000, -0.000000000000000000, 1.000000000000000000 ) ) ;
#1995 = ORIENTED_EDGE ( 'NONE', *, *, #2991, .T. ) ;
#1996 = VERTEX_POINT ( 'NONE', #4064 ) ;
#1997 = FACE_OUTER_BOUND ( 'NONE', #2376, .T. ) ;
#1998 = VECTOR ( 'NONE', #1666, 1000.000000000000000 ) ;
#1999 = ORIENTED_EDGE ( 'NONE', *, *, #3424, .T. ) ;
#2000 = DIRECTION ( 'NONE',  ( 1.000000000000000000, 2.775557561562891351E-16, 0.000000000000000000 ) ) ;
#2001 = DIRECTION ( 'NONE',  ( 1.000000000000000000, 0.000000000000000000, 0.000000000000000000 ) ) ;
#2002 = CARTESIAN_POINT ( 'NONE',  ( -106.5999999999999659, 15.40429687499998934, 0.000000000000000000 ) ) ;
#2003 = CARTESIAN_POINT ( 'NONE',  ( 33.25000000000002842, 12.50429687500000142, 3.750000000000006217 ) ) ;
#2004 = ORIENTED_EDGE ( 'NONE', *, *, #2536, .F. ) ;
#2005 = DIRECTION ( 'NONE',  ( 1.000000000000000000, 0.000000000000000000, 0.000000000000000000 ) ) ;
#2006 = CARTESIAN_POINT ( 'NONE',  ( -123.1499999999999773, 15.40429687500000178, 0.000000000000000000 ) ) ;
#2007 = DIRECTION ( 'NONE',  ( -1.000000000000000000, 0.000000000000000000, 0.000000000000000000 ) ) ;
#2008 = FACE_OUTER_BOUND ( 'NONE', #4814, .T. ) ;
#2009 = LINE ( 'NONE', #4740, #2911 ) ;
#2010 = EDGE_CURVE ( 'NONE', #3667, #2925, #409, .T. ) ;
#2011 = ORIENTED_EDGE ( 'NONE', *, *, #4659, .T. ) ;
#2012 = CARTESIAN_POINT ( 'NONE',  ( -83.54999999999995453, 16.15429687500000711, 0.5000000000000000000 ) ) ;
#2013 = CARTESIAN_POINT ( 'NONE',  ( -86.54999999999995453, 20.15429687500000711, 0.5000000000000000000 ) ) ;
#2014 = ADVANCED_FACE ( 'NONE', ( #4466 ), #3370, .F. ) ;
#2015 = ORIENTED_EDGE ( 'NONE', *, *, #3187, .T. ) ;
#2016 = VECTOR ( 'NONE', #3151, 1000.000000000000000 ) ;
#2017 = EDGE_LOOP ( 'NONE', ( #2853, #279, #322, #394 ) ) ;
#2018 = DIRECTION ( 'NONE',  ( 1.000000000000000000, 2.775557561562891351E-16, 0.000000000000000000 ) ) ;
#2019 = ORIENTED_EDGE ( 'NONE', *, *, #1886, .F. ) ;
#2020 = DIRECTION ( 'NONE',  ( -0.000000000000000000, -0.000000000000000000, 1.000000000000000000 ) ) ;
#2021 = ADVANCED_FACE ( 'NONE', ( #3415 ), #1123, .F. ) ;
#2022 = VERTEX_POINT ( 'NONE', #320 ) ;
#2023 = CARTESIAN_POINT ( 'NONE',  ( -45.95000599999998769, 12.50429687500000142, 97.80000599999999622 ) ) ;
#2024 = FACE_OUTER_BOUND ( 'NONE', #767, .T. ) ;
#2025 = DIRECTION ( 'NONE',  ( 1.000000000000000000, 0.000000000000000000, 0.000000000000000000 ) ) ;
#2026 = CARTESIAN_POINT ( 'NONE',  ( -27.94999999999995310, 14.40429687499999467, 2.000000000000000000 ) ) ;
#2027 = ORIENTED_EDGE ( 'NONE', *, *, #4848, .F. ) ;
#2028 = CARTESIAN_POINT ( 'NONE',  ( -63.74999999999994316, 21.90429687500000000, 0.5000000000000000000 ) ) ;
#2029 = EDGE_CURVE ( 'NONE', #222, #3259, #1818, .T. ) ;
#2030 = CARTESIAN_POINT ( 'NONE',  ( -75.74999999999998579, 13.25429687500000142, 3.750000000000007994 ) ) ;
#2031 = CARTESIAN_POINT ( 'NONE',  ( -60.74999999999998579, 13.25429687500000142, 3.750000000000006217 ) ) ;
#2032 = CARTESIAN_POINT ( 'NONE',  ( 18.15000000000005187, 20.15429687499999645, 0.5000000000000000000 ) ) ;
#2033 = CARTESIAN_POINT ( 'NONE',  ( 45.85000000000000142, 24.65429687500000711, 6.000000000000000000 ) ) ;
#2034 = VERTEX_POINT ( 'NONE', #2972 ) ;
#2035 = VECTOR ( 'NONE', #1983, 1000.000000000000000 ) ;
#2036 = VECTOR ( 'NONE', #536, 1000.000000000000000 ) ;
#2037 = DIRECTION ( 'NONE',  ( 1.000000000000000000, 0.000000000000000000, 0.000000000000000000 ) ) ;
#2038 = DIRECTION ( 'NONE',  ( -0.000000000000000000, -0.000000000000000000, -1.000000000000000000 ) ) ;
#2039 = VECTOR ( 'NONE', #2373, 1000.000000000000000 ) ;
#2040 = ADVANCED_FACE ( 'NONE', ( #1864 ), #709, .F. ) ;
#2041 = ORIENTED_EDGE ( 'NONE', *, *, #4724, .T. ) ;
#2042 = CARTESIAN_POINT ( 'NONE',  ( -123.1499999999999773, 20.90429687500000355, 0.000000000000000000 ) ) ;
#2043 = EDGE_CURVE ( 'NONE', #4319, #3253, #798, .T. ) ;
#2044 = ORIENTED_EDGE ( 'NONE', *, *, #3469, .T. ) ;
#2045 = CARTESIAN_POINT ( 'NONE',  ( -106.5999999999999659, 20.90429687499998934, 0.000000000000000000 ) ) ;
#2046 = VERTEX_POINT ( 'NONE', #3139 ) ;
#2047 = CARTESIAN_POINT ( 'NONE',  ( 18.25000000000002842, 23.80429687500000213, 4.249999999999998224 ) ) ;
#2048 = ORIENTED_EDGE ( 'NONE', *, *, #4067, .F. ) ;
#2049 = AXIS2_PLACEMENT_3D ( 'NONE', #3891, #1605, #4229 ) ;
#2050 = LINE ( 'NONE', #2521, #464 ) ;
#2051 = ADVANCED_FACE ( 'NONE', ( #3861 ), #3915, .F. ) ;
#2052 = FACE_OUTER_BOUND ( 'NONE', #3423, .T. ) ;
#2053 = DIRECTION ( 'NONE',  ( 0.000000000000000000, 0.000000000000000000, -1.000000000000000000 ) ) ;
#2054 = ORIENTED_EDGE ( 'NONE', *, *, #801, .F. ) ;
#2055 = CARTESIAN_POINT ( 'NONE',  ( -139.1642135623730780, 11.65429687500000533, 6.000000000000000000 ) ) ;
#2056 = VECTOR ( 'NONE', #2964, 1000.000000000000000 ) ;
#2057 = VECTOR ( 'NONE', #235, 1000.000000000000000 ) ;
#2058 = DIRECTION ( 'NONE',  ( -0.000000000000000000, -0.000000000000000000, 1.000000000000000000 ) ) ;
#2059 = EDGE_CURVE ( 'NONE', #2489, #657, #80, .T. ) ;
#2060 = LINE ( 'NONE', #2793, #4090 ) ;
#2061 = LINE ( 'NONE', #634, #3033 ) ;
#2062 = CARTESIAN_POINT ( 'NONE',  ( 33.25000000000002842, 23.05429687500000213, 3.750000000000000444 ) ) ;
#2063 = VECTOR ( 'NONE', #1884, 1000.000000000000000 ) ;
#2064 = PLANE ( 'NONE',  #2689 ) ;
#2065 = CARTESIAN_POINT ( 'NONE',  ( -135.9999999999999716, 0.000000000000000000, 0.000000000000000000 ) ) ;
#2066 = ORIENTED_EDGE ( 'NONE', *, *, #4834, .T. ) ;
#2067 = DIRECTION ( 'NONE',  ( 1.000000000000000000, 0.000000000000000000, 0.000000000000000000 ) ) ;
#2068 = EDGE_LOOP ( 'NONE', ( #3177, #3706, #2539, #40, #2906 ) ) ;
#2069 = EDGE_CURVE ( 'NONE', #4049, #4551, #3438, .T. ) ;
#2070 = DIRECTION ( 'NONE',  ( 1.000000000000000000, 0.000000000000000000, 0.000000000000000000 ) ) ;
#2071 = ORIENTED_EDGE ( 'NONE', *, *, #1522, .T. ) ;
#2072 = DIRECTION ( 'NONE',  ( -0.6785983445458412255, 0.2810846377148484287, 0.6785983445458412255 ) ) ;
#2073 = VERTEX_POINT ( 'NONE', #3484 ) ;
#2074 = EDGE_CURVE ( 'NONE', #2172, #774, #4660, .T. ) ;
#2075 = CARTESIAN_POINT ( 'NONE',  ( -83.54999999999995453, 20.90429687500000711, 0.000000000000000000 ) ) ;
#2076 = DIRECTION ( 'NONE',  ( 0.000000000000000000, 1.000000000000000000, 0.000000000000000000 ) ) ;
#2077 = ADVANCED_FACE ( 'NONE', ( #479 ), #899, .F. ) ;
#2078 =( NAMED_UNIT ( * ) SI_UNIT ( $, .STERADIAN. ) SOLID_ANGLE_UNIT ( ) );
#2079 = LINE ( 'NONE', #2351, #66 ) ;
#2080 = EDGE_LOOP ( 'NONE', ( #3765, #1213, #1797, #1371, #298 ) ) ;
#2081 = LINE ( 'NONE', #3541, #2628 ) ;
#2082 = VECTOR ( 'NONE', #601, 1000.000000000000000 ) ;
#2083 = DIRECTION ( 'NONE',  ( -0.000000000000000000, 1.000000000000000000, 0.000000000000000000 ) ) ;
#2084 = DIRECTION ( 'NONE',  ( -0.000000000000000000, 1.000000000000000000, -0.000000000000000000 ) ) ;
#2085 = DIRECTION ( 'NONE',  ( -1.000000000000000000, -5.337610695313248426E-16, 0.000000000000000000 ) ) ;
#2086 = DIRECTION ( 'NONE',  ( 0.000000000000000000, -1.000000000000000000, 0.000000000000000000 ) ) ;
#2087 = VERTEX_POINT ( 'NONE', #3537 ) ;
#2088 = EDGE_CURVE ( 'NONE', #2967, #1590, #102, .T. ) ;
#2089 = DIRECTION ( 'NONE',  ( 8.673617379884027583E-16, -1.000000000000000000, 0.000000000000000000 ) ) ;
#2090 = CARTESIAN_POINT ( 'NONE',  ( -83.54999999999995453, 20.90429687500000711, 2.000000000000000000 ) ) ;
#2091 = ORIENTED_EDGE ( 'NONE', *, *, #4873, .F. ) ;
#2092 = DIRECTION ( 'NONE',  ( -0.000000000000000000, -1.000000000000000000, -0.000000000000000000 ) ) ;
#2093 = VERTEX_POINT ( 'NONE', #430 ) ;
#2094 = DIRECTION ( 'NONE',  ( 1.000000000000000000, 0.000000000000000000, 0.000000000000000000 ) ) ;
#2095 = VECTOR ( 'NONE', #1462, 1000.000000000000000 ) ;
#2096 = ORIENTED_EDGE ( 'NONE', *, *, #788, .T. ) ;
#2097 = ORIENTED_EDGE ( 'NONE', *, *, #2716, .T. ) ;
#2098 = VECTOR ( 'NONE', #4276, 1000.000000000000000 ) ;
#2099 = VECTOR ( 'NONE', #2490, 1000.000000000000000 ) ;
#2100 = CARTESIAN_POINT ( 'NONE',  ( -75.74999999999998579, 23.55429687500000213, 3.749999999999998668 ) ) ;
#2101 = VERTEX_POINT ( 'NONE', #1266 ) ;
#2102 = DIRECTION ( 'NONE',  ( 0.000000000000000000, 1.000000000000000000, 0.000000000000000000 ) ) ;
#2103 = PERSON_AND_ORGANIZATION ( #734, #4629 ) ;
#2104 = CARTESIAN_POINT ( 'NONE',  ( -53.99999999999995026, 20.90429687499999289, 0.5000000000000000000 ) ) ;
#2105 = ADVANCED_FACE ( 'NONE', ( #4200 ), #2379, .F. ) ;
#2106 = EDGE_LOOP ( 'NONE', ( #465, #3013, #3367, #1785 ) ) ;
#2107 = DIRECTION ( 'NONE',  ( 0.000000000000000000, -1.000000000000000000, 0.000000000000000000 ) ) ;
#2108 = EDGE_CURVE ( 'NONE', #2222, #896, #3109, .T. ) ;
#2109 = ORIENTED_EDGE ( 'NONE', *, *, #2614, .T. ) ;
#2110 = LINE ( 'NONE', #3610, #2057 ) ;
#2111 = DIRECTION ( 'NONE',  ( 0.000000000000000000, 0.000000000000000000, 1.000000000000000000 ) ) ;
#2112 = CARTESIAN_POINT ( 'NONE',  ( -14.39999999999995417, 20.90429687499999289, 0.000000000000000000 ) ) ;
#2113 = ORIENTED_EDGE ( 'NONE', *, *, #4419, .T. ) ;
#2114 = CARTESIAN_POINT ( 'NONE',  ( 33.25000000000002842, 13.25429687500000142, 4.250000000000006217 ) ) ;
#2115 = DIRECTION ( 'NONE',  ( 1.000000000000000000, 0.000000000000000000, 0.000000000000000000 ) ) ;
#2116 = VECTOR ( 'NONE', #4439, 1000.000000000000000 ) ;
#2117 = ORIENTED_EDGE ( 'NONE', *, *, #909, .T. ) ;
#2118 = DIRECTION ( 'NONE',  ( 0.000000000000000000, -1.000000000000000000, 0.000000000000000000 ) ) ;
#2119 = ORIENTED_EDGE ( 'NONE', *, *, #4788, .F. ) ;
#2120 = VECTOR ( 'NONE', #4830, 999.9999999999998863 ) ;
#2121 = VECTOR ( 'NONE', #3620, 1000.000000000000000 ) ;
#2122 = EDGE_CURVE ( 'NONE', #1751, #1449, #455, .T. ) ;
#2123 = CARTESIAN_POINT ( 'NONE',  ( -75.74999999999998579, 23.80429687500000213, 4.249999999999998224 ) ) ;
#2124 = ORIENTED_EDGE ( 'NONE', *, *, #930, .F. ) ;
#2125 = EDGE_LOOP ( 'NONE', ( #3771, #2188, #226, #1847, #2287, #217, #539, #358, #2468, #2864, #3215, #354 ) ) ;
#2126 = CARTESIAN_POINT ( 'NONE',  ( -119.8999999999999915, 21.90429687500000000, 0.5000000000000000000 ) ) ;
#2127 = ORIENTED_EDGE ( 'NONE', *, *, #1677, .T. ) ;
#2128 = DIRECTION ( 'NONE',  ( 1.000000000000000000, 0.000000000000000000, 0.000000000000000000 ) ) ;
#2129 = DATE_AND_TIME ( #1356, #2334 ) ;
#2130 = CARTESIAN_POINT ( 'NONE',  ( -107.7499999999999858, 23.55429687500000213, 4.000000000000000000 ) ) ;
#2131 = ORIENTED_EDGE ( 'NONE', *, *, #2991, .F. ) ;
#2132 = CARTESIAN_POINT ( 'NONE',  ( -86.54999999999995453, 20.15429687500000711, 2.000000000000000000 ) ) ;
#2133 = AXIS2_PLACEMENT_3D ( 'NONE', #4054, #4805, #1729 ) ;
#2134 = VERTEX_POINT ( 'NONE', #1932 ) ;
#2135 = DIRECTION ( 'NONE',  ( 0.000000000000000000, 1.000000000000000000, 0.000000000000000000 ) ) ;
#2136 = DIRECTION ( 'NONE',  ( -1.000000000000000000, 0.000000000000000000, 0.000000000000000000 ) ) ;
#2137 = DIRECTION ( 'NONE',  ( 0.000000000000000000, 0.000000000000000000, -1.000000000000000000 ) ) ;
#2138 = ORIENTED_EDGE ( 'NONE', *, *, #3298, .T. ) ;
#2139 = EDGE_CURVE ( 'NONE', #4421, #993, #3508, .T. ) ;
#2140 = DIRECTION ( 'NONE',  ( 1.000000000000000000, 0.000000000000000000, -0.000000000000000000 ) ) ;
#2141 = CARTESIAN_POINT ( 'NONE',  ( -107.7499999999999858, 23.05429687500000213, 3.750000000000000444 ) ) ;
#2142 = EDGE_CURVE ( 'NONE', #1499, #1856, #1958, .T. ) ;
#2143 = ORIENTED_EDGE ( 'NONE', *, *, #4201, .F. ) ;
#2144 = CARTESIAN_POINT ( 'NONE',  ( -77.04999999999995453, 15.40429687500000355, 2.000000000000000000 ) ) ;
#2145 = ORIENTED_EDGE ( 'NONE', *, *, #505, .F. ) ;
#2146 = VERTEX_POINT ( 'NONE', #3086 ) ;
#2147 = AXIS2_PLACEMENT_3D ( 'NONE', #1321, #70, #398 ) ;
#2148 = CARTESIAN_POINT ( 'NONE',  ( -139.1642135623730780, 10.65429687500000355, 5.000000000000000000 ) ) ;
#2149 = ADVANCED_FACE ( 'NONE', ( #2405 ), #2356, .F. ) ;
#2150 = ORIENTED_EDGE ( 'NONE', *, *, #2638, .T. ) ;
#2151 = EDGE_CURVE ( 'NONE', #1715, #852, #1238, .T. ) ;
#2152 = EDGE_LOOP ( 'NONE', ( #1645, #1330, #238, #3118 ) ) ;
#2153 = CARTESIAN_POINT ( 'NONE',  ( 33.25000000000002842, 13.25429687500000142, 3.750000000000006217 ) ) ;
#2154 = PLANE ( 'NONE',  #4713 ) ;
#2155 = MECHANICAL_CONTEXT ( 'NONE', #3566, 'mechanical' ) ;
#2156 = CARTESIAN_POINT ( 'NONE',  ( -109.5999999999999801, 20.15429687499998934, 2.000000000000000000 ) ) ;
#2157 = ORIENTED_EDGE ( 'NONE', *, *, #1890, .F. ) ;
#2158 = CARTESIAN_POINT ( 'NONE',  ( -123.1499999999999773, 15.40429687500000178, 0.5000000000000000000 ) ) ;
#2159 = ORIENTED_EDGE ( 'NONE', *, *, #203, .F. ) ;
#2160 = DIRECTION ( 'NONE',  ( 0.000000000000000000, -0.000000000000000000, 1.000000000000000000 ) ) ;
#2161 = CARTESIAN_POINT ( 'NONE',  ( -51.74999999999995026, 21.90429687500000000, 2.000000000000000000 ) ) ;
#2162 = CARTESIAN_POINT ( 'NONE',  ( -86.54999999999995453, 16.15429687500000711, 0.5000000000000000000 ) ) ;
#2163 = ORIENTED_EDGE ( 'NONE', *, *, #4769, .F. ) ;
#2164 = VECTOR ( 'NONE', #4408, 1000.000000000000000 ) ;
#2165 = LINE ( 'NONE', #4338, #2930 ) ;
#2166 = FACE_OUTER_BOUND ( 'NONE', #1906, .T. ) ;
#2167 = EDGE_LOOP ( 'NONE', ( #2041, #3875, #305, #4166 ) ) ;
#2168 = PLANE ( 'NONE',  #4040 ) ;
#2169 = ORIENTED_EDGE ( 'NONE', *, *, #2219, .T. ) ;
#2170 = EDGE_CURVE ( 'NONE', #1051, #803, #1660, .T. ) ;
#2171 = DIRECTION ( 'NONE',  ( 1.000000000000000000, 0.000000000000000000, 0.000000000000000000 ) ) ;
#2172 = VERTEX_POINT ( 'NONE', #55 ) ;
#2173 = ORIENTED_EDGE ( 'NONE', *, *, #1261, .T. ) ;
#2174 = CARTESIAN_POINT ( 'NONE',  ( -51.74999999999995026, 21.90429687500000000, 2.000000000000000000 ) ) ;
#2175 = LINE ( 'NONE', #374, #387 ) ;
#2176 = PERSON_AND_ORGANIZATION_ROLE ( 'creator' ) ;
#2177 = CC_DESIGN_PERSON_AND_ORGANIZATION_ASSIGNMENT ( #2636, #4455, ( #1695 ) ) ;
#2178 = DIRECTION ( 'NONE',  ( -1.000000000000000000, 0.000000000000000000, -0.000000000000000000 ) ) ;
#2179 = CARTESIAN_POINT ( 'NONE',  ( -122.7499999999999858, 23.80429687500000213, 3.749999999999998668 ) ) ;
#2180 = VECTOR ( 'NONE', #348, 1000.000000000000000 ) ;
#2181 = VECTOR ( 'NONE', #4, 1000.000000000000000 ) ;
#2182 = ORIENTED_EDGE ( 'NONE', *, *, #4563, .F. ) ;
#2183 = ORIENTED_EDGE ( 'NONE', *, *, #4554, .T. ) ;
#2184 = CARTESIAN_POINT ( 'NONE',  ( 28.70000000000005258, 14.40429687499999467, 0.5000000000000000000 ) ) ;
#2185 = LINE ( 'NONE', #1439, #3133 ) ;
#2186 = DIRECTION ( 'NONE',  ( -0.000000000000000000, 0.000000000000000000, 1.000000000000000000 ) ) ;
#2187 = EDGE_CURVE ( 'NONE', #1724, #2073, #1558, .T. ) ;
#2188 = ORIENTED_EDGE ( 'NONE', *, *, #2043, .T. ) ;
#2189 = VERTEX_POINT ( 'NONE', #605 ) ;
#2190 = DIRECTION ( 'NONE',  ( 0.000000000000000000, 0.000000000000000000, -1.000000000000000000 ) ) ;
#2191 = DIRECTION ( 'NONE',  ( 1.000000000000000000, 0.000000000000000000, 0.000000000000000000 ) ) ;
#2192 = DIRECTION ( 'NONE',  ( -0.000000000000000000, 1.000000000000000000, -0.000000000000000000 ) ) ;
#2193 = ORIENTED_EDGE ( 'NONE', *, *, #3691, .T. ) ;
#2194 = CARTESIAN_POINT ( 'NONE',  ( 46.25000000000000000, 24.87145416252537800, 5.217157287525376219 ) ) ;
#2195 = ORIENTED_EDGE ( 'NONE', *, *, #2933, .T. ) ;
#2196 = ADVANCED_FACE ( 'NONE', ( #1313 ), #998, .F. ) ;
#2197 = DIRECTION ( 'NONE',  ( -0.000000000000000000, 1.000000000000000000, -0.000000000000000000 ) ) ;
#2198 = ORIENTED_EDGE ( 'NONE', *, *, #943, .T. ) ;
#2199 = EDGE_CURVE ( 'NONE', #1839, #4761, #2868, .T. ) ;
#2200 = VECTOR ( 'NONE', #1634, 1000.000000000000000 ) ;
#2201 = VECTOR ( 'NONE', #4052, 1000.000000000000000 ) ;
#2202 = ORIENTED_EDGE ( 'NONE', *, *, #2311, .F. ) ;
#2203 = CARTESIAN_POINT ( 'NONE',  ( 45.84999999999998721, 12.50429687500000142, 6.000000000000000000 ) ) ;
#2204 = VECTOR ( 'NONE', #2453, 1000.000000000000000 ) ;
#2205 = DIRECTION ( 'NONE',  ( 0.000000000000000000, -0.000000000000000000, -1.000000000000000000 ) ) ;
#2206 = CARTESIAN_POINT ( 'NONE',  ( -4.899999999999955946, 20.15429687499999645, 2.000000000000000000 ) ) ;
#2207 = EDGE_LOOP ( 'NONE', ( #857, #6, #654, #4227 ) ) ;
#2208 = CARTESIAN_POINT ( 'NONE',  ( -30.94999999999995310, 20.90429687499999289, 0.000000000000000000 ) ) ;
#2209 = PLANE ( 'NONE',  #2880 ) ;
#2210 = EDGE_LOOP ( 'NONE', ( #1530, #2483, #2054, #3302 ) ) ;
#2211 = FACE_OUTER_BOUND ( 'NONE', #910, .T. ) ;
#2212 = EDGE_CURVE ( 'NONE', #1856, #3793, #3561, .T. ) ;
#2213 = DIRECTION ( 'NONE',  ( -0.000000000000000000, -0.000000000000000000, 1.000000000000000000 ) ) ;
#2214 = CARTESIAN_POINT ( 'NONE',  ( 15.15000000000005187, 15.40429687499999112, 0.000000000000000000 ) ) ;
#2215 = DIRECTION ( 'NONE',  ( -0.000000000000000000, -0.000000000000000000, 1.000000000000000000 ) ) ;
#2216 = AXIS2_PLACEMENT_3D ( 'NONE', #1069, #1184, #4250 ) ;
#2217 = ORIENTED_EDGE ( 'NONE', *, *, #4078, .F. ) ;
#2218 = CARTESIAN_POINT ( 'NONE',  ( -137.3499999999999659, 10.65429687500000355, 6.000000000000000000 ) ) ;
#2219 = EDGE_CURVE ( 'NONE', #4442, #2402, #4787, .T. ) ;
#2220 = ORIENTED_EDGE ( 'NONE', *, *, #492, .T. ) ;
#2221 = VECTOR ( 'NONE', #2606, 1000.000000000000000 ) ;
#2222 = VERTEX_POINT ( 'NONE', #2506 ) ;
#2223 = FACE_OUTER_BOUND ( 'NONE', #733, .T. ) ;
#2224 = LINE ( 'NONE', #4569, #4714 ) ;
#2225 = CARTESIAN_POINT ( 'NONE',  ( -37.44999999999995310, 15.40429687499999112, 0.000000000000000000 ) ) ;
#2226 = ORIENTED_EDGE ( 'NONE', *, *, #1591, .T. ) ;
#2227 = EDGE_CURVE ( 'NONE', #418, #3852, #3664, .T. ) ;
#2228 = LINE ( 'NONE', #311, #1111 ) ;
#2229 = CARTESIAN_POINT ( 'NONE',  ( -100.0999999999999659, 20.15429687499998934, 2.000000000000000000 ) ) ;
#2230 = ORIENTED_EDGE ( 'NONE', *, *, #2646, .T. ) ;
#2231 = ORIENTED_EDGE ( 'NONE', *, *, #3869, .F. ) ;
#2232 = FACE_BOUND ( 'NONE', #3689, .T. ) ;
#2233 = CARTESIAN_POINT ( 'NONE',  ( 33.25000000000002842, 23.05429687500000213, 4.250000000000000000 ) ) ;
#2234 = LINE ( 'NONE', #3742, #3451 ) ;
#2235 = ADVANCED_FACE ( 'NONE', ( #583 ), #3217, .F. ) ;
#2236 = VECTOR ( 'NONE', #1988, 1000.000000000000000 ) ;
#2237 = DIRECTION ( 'NONE',  ( 0.000000000000000000, -1.000000000000000000, 0.000000000000000000 ) ) ;
#2238 = ORIENTED_EDGE ( 'NONE', *, *, #1742, .F. ) ;
#2239 = ORIENTED_EDGE ( 'NONE', *, *, #4777, .T. ) ;
#2240 = EDGE_CURVE ( 'NONE', #2476, #795, #2457, .T. ) ;
#2241 = ORIENTED_EDGE ( 'NONE', *, *, #1949, .T. ) ;
#2242 = CARTESIAN_POINT ( 'NONE',  ( 38.20000000000005258, 20.90429687499999289, 0.5000000000000000000 ) ) ;
#2243 = CARTESIAN_POINT ( 'NONE',  ( 40.70000000000005258, 14.40429687499999467, 2.000000000000000000 ) ) ;
#2244 = LINE ( 'NONE', #1809, #4827 ) ;
#2245 = ORIENTED_EDGE ( 'NONE', *, *, #1768, .F. ) ;
#2246 = LINE ( 'NONE', #355, #3953 ) ;
#2247 = EDGE_CURVE ( 'NONE', #4180, #1170, #263, .T. ) ;
#2248 = FACE_BOUND ( 'NONE', #1979, .T. ) ;
#2249 = EDGE_LOOP ( 'NONE', ( #1622, #600, #4770, #3583 ) ) ;
#2250 = AXIS2_PLACEMENT_3D ( 'NONE', #1452, #2568, #4073 ) ;
#2251 = DIRECTION ( 'NONE',  ( 1.156482317317871478E-16, -0.000000000000000000, 1.000000000000000000 ) ) ;
#2252 = ADVANCED_FACE ( 'NONE', ( #4383 ), #208, .F. ) ;
#2253 = VECTOR ( 'NONE', #1135, 999.9999999999998863 ) ;
#2254 = VECTOR ( 'NONE', #2025, 1000.000000000000000 ) ;
#2255 = AXIS2_PLACEMENT_3D ( 'NONE', #3232, #4748, #518 ) ;
#2256 = CARTESIAN_POINT ( 'NONE',  ( -129.6499999999999773, 20.90429687500000355, 0.000000000000000000 ) ) ;
#2257 = CARTESIAN_POINT ( 'NONE',  ( -137.7499999999999716, 10.65429687500000355, 5.000000000000000000 ) ) ;
#2258 = CARTESIAN_POINT ( 'NONE',  ( -97.09999999999996589, 20.15429687499998934, 0.5000000000000000000 ) ) ;
#2259 = VERTEX_POINT ( 'NONE', #2843 ) ;
#2260 = CC_DESIGN_PERSON_AND_ORGANIZATION_ASSIGNMENT ( #256, #2788, ( #2682 ) ) ;
#2261 = PLANE ( 'NONE',  #4157 ) ;
#2262 = ORIENTED_EDGE ( 'NONE', *, *, #3662, .T. ) ;
#2263 = EDGE_LOOP ( 'NONE', ( #47, #4620, #4797, #1540, #4647 ) ) ;
#2264 = EDGE_CURVE ( 'NONE', #2222, #565, #1762, .T. ) ;
#2265 = CARTESIAN_POINT ( 'NONE',  ( -60.74999999999998579, 23.05429687500000213, 4.250000000000000000 ) ) ;
#2266 = PERSON_AND_ORGANIZATION_ROLE ( 'design_supplier' ) ;
#2267 = LINE ( 'NONE', #4524, #3034 ) ;
#2268 = AXIS2_PLACEMENT_3D ( 'NONE', #2894, #2136, #2111 ) ;
#2269 = LINE ( 'NONE', #4141, #1657 ) ;
#2270 = ORIENTED_EDGE ( 'NONE', *, *, #4388, .F. ) ;
#2271 = DIRECTION ( 'NONE',  ( 1.000000000000000000, -0.000000000000000000, -1.156482317317871478E-16 ) ) ;
#2272 = VECTOR ( 'NONE', #3478, 1000.000000000000000 ) ;
#2273 = CARTESIAN_POINT ( 'NONE',  ( -60.74999999999998579, 12.75429687500000142, 4.000000000000006217 ) ) ;
#2274 = DIRECTION ( 'NONE',  ( -1.000000000000000000, 0.000000000000000000, -0.000000000000000000 ) ) ;
#2275 = VERTEX_POINT ( 'NONE', #3986 ) ;
#2276 = ORIENTED_EDGE ( 'NONE', *, *, #2170, .F. ) ;
#2277 = DIRECTION ( 'NONE',  ( 0.000000000000000000, -1.000000000000000000, 0.000000000000000000 ) ) ;
#2278 = EDGE_CURVE ( 'NONE', #239, #1497, #2110, .T. ) ;
#2279 = CARTESIAN_POINT ( 'NONE',  ( -4.899999999999955946, 20.15429687499999645, 0.5000000000000000000 ) ) ;
#2280 = DIRECTION ( 'NONE',  ( -0.7071067811865475727, 0.000000000000000000, 0.7071067811865475727 ) ) ;
#2281 = ORIENTED_EDGE ( 'NONE', *, *, #3869, .T. ) ;
#2282 = CARTESIAN_POINT ( 'NONE',  ( -7.899999999999955946, 20.90429687499999289, 0.000000000000000000 ) ) ;
#2283 = VECTOR ( 'NONE', #2862, 1000.000000000000000 ) ;
#2284 = ORIENTED_EDGE ( 'NONE', *, *, #816, .T. ) ;
#2285 = CARTESIAN_POINT ( 'NONE',  ( -119.8999999999999915, 21.90429687500000000, 0.5000000000000000000 ) ) ;
#2286 = EDGE_CURVE ( 'NONE', #2073, #4361, #184, .T. ) ;
#2287 = ORIENTED_EDGE ( 'NONE', *, *, #251, .F. ) ;
#2288 = VECTOR ( 'NONE', #1459, 1000.000000000000000 ) ;
#2289 = VECTOR ( 'NONE', #4836, 1000.000000000000000 ) ;
#2290 = ORIENTED_EDGE ( 'NONE', *, *, #2949, .F. ) ;
#2291 = EDGE_CURVE ( 'NONE', #2535, #3213, #632, .T. ) ;
#2292 = CARTESIAN_POINT ( 'NONE',  ( -13.74999999999998401, 23.05429687500000213, 4.250000000000000000 ) ) ;
#2293 = DIRECTION ( 'NONE',  ( -0.000000000000000000, -1.000000000000000000, -0.000000000000000000 ) ) ;
#2294 = PLANE ( 'NONE',  #656 ) ;
#2295 = ADVANCED_FACE ( 'NONE', ( #3638 ), #4411, .F. ) ;
#2296 = VECTOR ( 'NONE', #4885, 1000.000000000000000 ) ;
#2297 = VERTEX_POINT ( 'NONE', #1787 ) ;
#2298 = CARTESIAN_POINT ( 'NONE',  ( -135.7499999999999716, 13.15429687500000355, 0.3499999999999999223 ) ) ;
#2299 = CARTESIAN_POINT ( 'NONE',  ( -107.7499999999999858, 12.75429687500000142, 4.250000000000006217 ) ) ;
#2300 = LINE ( 'NONE', #426, #4072 ) ;
#2301 = ORIENTED_EDGE ( 'NONE', *, *, #4772, .F. ) ;
#2302 = ORIENTED_EDGE ( 'NONE', *, *, #3199, .F. ) ;
#2303 = FACE_OUTER_BOUND ( 'NONE', #4842, .T. ) ;
#2304 = DIRECTION ( 'NONE',  ( -1.000000000000000000, 0.000000000000000000, 1.156482317317871478E-16 ) ) ;
#2305 = DIRECTION ( 'NONE',  ( -4.625929269271488872E-16, -1.000000000000000000, 0.000000000000000000 ) ) ;
#2306 = LINE ( 'NONE', #2218, #2180 ) ;
#2307 = ORIENTED_EDGE ( 'NONE', *, *, #24, .F. ) ;
#2308 = DIRECTION ( 'NONE',  ( -0.000000000000000000, -0.000000000000000000, 1.000000000000000000 ) ) ;
#2309 = ORIENTED_EDGE ( 'NONE', *, *, #334, .F. ) ;
#2310 = CARTESIAN_POINT ( 'NONE',  ( -37.44999999999995310, 20.90429687499999289, 0.5000000000000000000 ) ) ;
#2311 = EDGE_CURVE ( 'NONE', #3101, #1198, #3294, .T. ) ;
#2312 = ORIENTED_EDGE ( 'NONE', *, *, #1450, .F. ) ;
#2313 = EDGE_CURVE ( 'NONE', #2339, #2022, #4306, .T. ) ;
#2314 = ORIENTED_EDGE ( 'NONE', *, *, #1711, .T. ) ;
#2315 = VECTOR ( 'NONE', #3268, 1000.000000000000000 ) ;
#2316 = DIRECTION ( 'NONE',  ( -0.000000000000000000, 1.000000000000000000, -0.000000000000000000 ) ) ;
#2317 = ORIENTED_EDGE ( 'NONE', *, *, #510, .F. ) ;
#2318 = CARTESIAN_POINT ( 'NONE',  ( -131.8999999999999773, 21.90429687500000355, 2.000000000000000000 ) ) ;
#2319 = DIRECTION ( 'NONE',  ( -0.000000000000000000, 1.000000000000000000, 0.000000000000000000 ) ) ;
#2320 = EDGE_LOOP ( 'NONE', ( #2193, #528, #2525, #2397 ) ) ;
#2321 = FACE_OUTER_BOUND ( 'NONE', #1699, .T. ) ;
#2322 = CARTESIAN_POINT ( 'NONE',  ( -107.7499999999999858, 13.25429687500000142, 4.250000000000006217 ) ) ;
#2323 = DIRECTION ( 'NONE',  ( -0.000000000000000000, -0.000000000000000000, -1.000000000000000000 ) ) ;
#2324 = ORIENTED_EDGE ( 'NONE', *, *, #386, .F. ) ;
#2325 = ORIENTED_EDGE ( 'NONE', *, *, #4498, .F. ) ;
#2326 = LINE ( 'NONE', #1554, #101 ) ;
#2327 = CARTESIAN_POINT ( 'NONE',  ( -17.39999999999995595, 20.15429687499999289, 0.5000000000000000000 ) ) ;
#2328 = EDGE_CURVE ( 'NONE', #666, #448, #3191, .T. ) ;
#2329 = LINE ( 'NONE', #4609, #3767 ) ;
#2330 = VECTOR ( 'NONE', #4860, 1000.000000000000000 ) ;
#2331 = FACE_BOUND ( 'NONE', #3524, .T. ) ;
#2332 = DIRECTION ( 'NONE',  ( 0.000000000000000000, -0.000000000000000000, -1.000000000000000000 ) ) ;
#2333 = EDGE_CURVE ( 'NONE', #630, #4386, #1461, .T. ) ;
#2334 = LOCAL_TIME ( 20, 44, 11.00000000000000000, #4681 ) ;
#2335 = VECTOR ( 'NONE', #2018, 1000.000000000000000 ) ;
#2336 = ORIENTED_EDGE ( 'NONE', *, *, #4174, .F. ) ;
#2337 = CARTESIAN_POINT ( 'NONE',  ( -4.625929269271500705E-16, 23.55429687500000213, 4.000000000000012434 ) ) ;
#2338 = DIRECTION ( 'NONE',  ( 0.000000000000000000, 0.000000000000000000, -1.000000000000000000 ) ) ;
#2339 = VERTEX_POINT ( 'NONE', #2600 ) ;
#2340 = ORIENTED_EDGE ( 'NONE', *, *, #1555, .F. ) ;
#2341 = LINE ( 'NONE', #3097, #832 ) ;
#2342 = EDGE_CURVE ( 'NONE', #230, #3526, #3779, .T. ) ;
#2343 = CARTESIAN_POINT ( 'NONE',  ( -75.74999999999998579, 12.75429687500000142, 4.000000000000007994 ) ) ;
#2344 = LINE ( 'NONE', #3850, #4583 ) ;
#2345 = ORIENTED_EDGE ( 'NONE', *, *, #4777, .F. ) ;
#2346 = CARTESIAN_POINT ( 'NONE',  ( -51.74999999999995026, 14.40429687500000178, 0.5000000000000000000 ) ) ;
#2347 = PLANE ( 'NONE',  #776 ) ;
#2348 = EDGE_CURVE ( 'NONE', #1881, #3472, #403, .T. ) ;
#2349 = AXIS2_PLACEMENT_3D ( 'NONE', #1661, #4284, #1267 ) ;
#2350 = DIRECTION ( 'NONE',  ( 0.000000000000000000, -1.000000000000000000, 0.000000000000000000 ) ) ;
#2351 = CARTESIAN_POINT ( 'NONE',  ( -129.6499999999999773, 20.90429687500000355, 0.000000000000000000 ) ) ;
#2352 = ORIENTED_EDGE ( 'NONE', *, *, #2561, .T. ) ;
#2353 = LINE ( 'NONE', #1580, #4290 ) ;
#2354 = VECTOR ( 'NONE', #3883, 1000.000000000000000 ) ;
#2355 = VECTOR ( 'NONE', #2038, 1000.000000000000000 ) ;
#2356 = PLANE ( 'NONE',  #4824 ) ;
#2357 = DIRECTION ( 'NONE',  ( -2.168404344971006896E-16, 1.000000000000000000, -0.000000000000000000 ) ) ;
#2358 = CARTESIAN_POINT ( 'NONE',  ( -135.2499999999999716, 23.15429687500000355, 0.3499999999999999223 ) ) ;
#2359 = DIRECTION ( 'NONE',  ( 1.000000000000000000, 0.000000000000000000, 0.000000000000000000 ) ) ;
#2360 = AXIS2_PLACEMENT_3D ( 'NONE', #1235, #1578, #1978 ) ;
#2361 = EDGE_CURVE ( 'NONE', #516, #3803, #1118, .T. ) ;
#2362 = ORIENTED_EDGE ( 'NONE', *, *, #2392, .T. ) ;
#2363 = CARTESIAN_POINT ( 'NONE',  ( 45.84999999999998721, 0.000000000000000000, 6.000000000000000000 ) ) ;
#2364 = CARTESIAN_POINT ( 'NONE',  ( -129.6499999999999773, 15.40429687500000178, 0.5000000000000000000 ) ) ;
#2365 = EDGE_LOOP ( 'NONE', ( #2695, #2487, #1418, #4070 ) ) ;
#2366 = VECTOR ( 'NONE', #3634, 1000.000000000000000 ) ;
#2367 = VERTEX_POINT ( 'NONE', #1878 ) ;
#2368 = LINE ( 'NONE', #1944, #3117 ) ;
#2369 = DIRECTION ( 'NONE',  ( -1.000000000000000000, -0.000000000000000000, 1.156482317317871478E-16 ) ) ;
#2370 = ORIENTED_EDGE ( 'NONE', *, *, #4023, .F. ) ;
#2371 = VECTOR ( 'NONE', #1857, 1000.000000000000000 ) ;
#2372 = PLANE ( 'NONE',  #1894 ) ;
#2373 = DIRECTION ( 'NONE',  ( -0.000000000000000000, -0.000000000000000000, 1.000000000000000000 ) ) ;
#2374 = LINE ( 'NONE', #2666, #1466 ) ;
#2375 = LINE ( 'NONE', #126, #2596 ) ;
#2376 = EDGE_LOOP ( 'NONE', ( #1411, #1472, #2145, #3429 ) ) ;
#2377 = CARTESIAN_POINT ( 'NONE',  ( -83.54999999999995453, 15.40429687500000355, 2.000000000000000000 ) ) ;
#2378 = EDGE_CURVE ( 'NONE', #3155, #1587, #4483, .T. ) ;
#2379 = PLANE ( 'NONE',  #2049 ) ;
#2380 = VECTOR ( 'NONE', #2118, 1000.000000000000000 ) ;
#2381 = LINE ( 'NONE', #3892, #1874 ) ;
#2382 = CARTESIAN_POINT ( 'NONE',  ( 40.70000000000005258, 14.40429687499999467, 0.5000000000000000000 ) ) ;
#2383 = CARTESIAN_POINT ( 'NONE',  ( -60.74999999999998579, 13.25429687500000142, 3.750000000000006217 ) ) ;
#2384 = ORIENTED_EDGE ( 'NONE', *, *, #3500, .T. ) ;
#2385 = ORIENTED_EDGE ( 'NONE', *, *, #1349, .T. ) ;
#2386 = DIRECTION ( 'NONE',  ( -0.000000000000000000, -0.000000000000000000, 1.000000000000000000 ) ) ;
#2387 = CARTESIAN_POINT ( 'NONE',  ( -135.2499999999999716, 23.15429687500000355, 0.000000000000000000 ) ) ;
#2388 = EDGE_CURVE ( 'NONE', #4075, #2578, #1504, .T. ) ;
#2389 = VECTOR ( 'NONE', #1936, 1000.000000000000000 ) ;
#2390 = VERTEX_POINT ( 'NONE', #4122 ) ;
#2391 = ORIENTED_EDGE ( 'NONE', *, *, #1692, .F. ) ;
#2392 = EDGE_CURVE ( 'NONE', #2578, #4507, #3010, .T. ) ;
#2393 = CARTESIAN_POINT ( 'NONE',  ( 4.625929269271479011E-16, 12.75429687500000142, 3.999999999999994227 ) ) ;
#2394 = ORIENTED_EDGE ( 'NONE', *, *, #2733, .T. ) ;
#2395 = CARTESIAN_POINT ( 'NONE',  ( -137.7499999999999716, 12.50429687500000142, 6.000011999999999901 ) ) ;
#2396 = CIRCLE ( 'NONE', #3493, 0.2500000000000000000 ) ;
#2397 = ORIENTED_EDGE ( 'NONE', *, *, #3613, .T. ) ;
#2398 = CARTESIAN_POINT ( 'NONE',  ( 5.650000000000051870, 16.15429687499998934, 0.5000000000000000000 ) ) ;
#2399 = CARTESIAN_POINT ( 'NONE',  ( -83.54999999999995453, 15.40429687500000355, 0.000000000000000000 ) ) ;
#2400 = CARTESIAN_POINT ( 'NONE',  ( -135.7499999999999716, 13.15429687500000355, 0.5999999999999999778 ) ) ;
#2401 = DIRECTION ( 'NONE',  ( 0.000000000000000000, 0.000000000000000000, 1.000000000000000000 ) ) ;
#2402 = VERTEX_POINT ( 'NONE', #3365 ) ;
#2403 = DIRECTION ( 'NONE',  ( -0.000000000000000000, 1.000000000000000000, -0.000000000000000000 ) ) ;
#2404 = EDGE_CURVE ( 'NONE', #4697, #4409, #4859, .T. ) ;
#2405 = FACE_OUTER_BOUND ( 'NONE', #4171, .T. ) ;
#2406 = PLANE ( 'NONE',  #1164 ) ;
#2407 = LINE ( 'NONE', #2358, #294 ) ;
#2408 = DIRECTION ( 'NONE',  ( -1.000000000000000000, 0.000000000000000000, 1.156482317317871478E-16 ) ) ;
#2409 = EDGE_LOOP ( 'NONE', ( #672, #1655, #3374, #3162, #4324, #2846, #4552, #1275, #4261, #3699, #545, #4142 ) ) ;
#2410 = ADVANCED_FACE ( 'NONE', ( #2579 ), #1840, .F. ) ;
#2411 = DIRECTION ( 'NONE',  ( 0.000000000000000000, -1.000000000000000000, 0.000000000000000000 ) ) ;
#2412 = DIRECTION ( 'NONE',  ( 1.000000000000000000, 0.000000000000000000, 0.000000000000000000 ) ) ;
#2413 = ORIENTED_EDGE ( 'NONE', *, *, #3110, .T. ) ;
#2414 = AXIS2_PLACEMENT_3D ( 'NONE', #3705, #2171, #4474 ) ;
#2415 = VECTOR ( 'NONE', #2293, 1000.000000000000000 ) ;
#2416 = PRODUCT_RELATED_PRODUCT_CATEGORY ( 'detail', '', ( #1191 ) ) ;
#2417 = ORIENTED_EDGE ( 'NONE', *, *, #3159, .T. ) ;
#2418 =( BOUNDED_CURVE ( )  B_SPLINE_CURVE ( 3, ( #4339, #1055, #215, #1344 ),
 .UNSPECIFIED., .F., .F. ) 
 B_SPLINE_CURVE_WITH_KNOTS ( ( 4, 4 ),
 ( 1.570796326794896558, 3.141592653589793116 ),
 .UNSPECIFIED. ) 
 CURVE ( )  GEOMETRIC_REPRESENTATION_ITEM ( )  RATIONAL_B_SPLINE_CURVE ( ( 1.000000000000000000, 0.8047378541243649375, 0.8047378541243649375, 1.000000000000000000 ) ) 
 REPRESENTATION_ITEM ( '' )  );
#2419 = LINE ( 'NONE', #4295, #4390 ) ;
#2420 = ORIENTED_EDGE ( 'NONE', *, *, #3355, .T. ) ;
#2421 = DIRECTION ( 'NONE',  ( -0.000000000000000000, 1.000000000000000000, -0.000000000000000000 ) ) ;
#2422 = EDGE_CURVE ( 'NONE', #1437, #4106, #3242, .T. ) ;
#2423 = ORIENTED_EDGE ( 'NONE', *, *, #2286, .T. ) ;
#2424 = DIRECTION ( 'NONE',  ( 0.000000000000000000, -1.000000000000000000, 0.000000000000000000 ) ) ;
#2425 = PLANE ( 'NONE',  #1718 ) ;
#2426 = DATE_AND_TIME ( #4301, #3433 ) ;
#2427 = PLANE ( 'NONE',  #3853 ) ;
#2428 = EDGE_LOOP ( 'NONE', ( #4245, #3663, #38, #1529 ) ) ;
#2429 = LINE ( 'NONE', #1683, #2863 ) ;
#2430 = CARTESIAN_POINT ( 'NONE',  ( -60.74999999999998579, 13.25429687500000142, 4.250000000000006217 ) ) ;
#2431 = DIRECTION ( 'NONE',  ( -0.000000000000000000, 0.000000000000000000, 1.000000000000000000 ) ) ;
#2432 = LINE ( 'NONE', #3193, #917 ) ;
#2433 = PLANE ( 'NONE',  #3115 ) ;
#2434 = ORIENTED_EDGE ( 'NONE', *, *, #274, .T. ) ;
#2435 = VECTOR ( 'NONE', #3971, 1000.000000000000000 ) ;
#2436 = VECTOR ( 'NONE', #4184, 1000.000000000000000 ) ;
#2437 = DIRECTION ( 'NONE',  ( 0.000000000000000000, 0.000000000000000000, 1.000000000000000000 ) ) ;
#2438 = DIRECTION ( 'NONE',  ( 0.000000000000000000, -1.000000000000000000, 0.000000000000000000 ) ) ;
#2439 = ORIENTED_EDGE ( 'NONE', *, *, #4889, .T. ) ;
#2440 = FACE_OUTER_BOUND ( 'NONE', #1953, .T. ) ;
#2441 = ORIENTED_EDGE ( 'NONE', *, *, #1420, .T. ) ;
#2442 = EDGE_CURVE ( 'NONE', #402, #1072, #2228, .T. ) ;
#2443 = ORIENTED_EDGE ( 'NONE', *, *, #2704, .T. ) ;
#2444 = DIRECTION ( 'NONE',  ( -1.000000000000000000, -0.000000000000000000, -0.000000000000000000 ) ) ;
#2445 = VERTEX_POINT ( 'NONE', #4460 ) ;
#2446 = CARTESIAN_POINT ( 'NONE',  ( 45.84999999999999432, 24.65429687500001776, 5.999999999999989342 ) ) ;
#2447 = ORIENTED_EDGE ( 'NONE', *, *, #3495, .T. ) ;
#2448 = AXIS2_PLACEMENT_3D ( 'NONE', #2485, #2847, #3248 ) ;
#2449 = DIRECTION ( 'NONE',  ( -1.000000000000000000, -0.000000000000000000, -0.000000000000000000 ) ) ;
#2450 = CARTESIAN_POINT ( 'NONE',  ( 28.70000000000005258, 14.40429687499999467, 0.5000000000000000000 ) ) ;
#2451 = LINE ( 'NONE', #4377, #999 ) ;
#2452 = EDGE_CURVE ( 'NONE', #3679, #4114, #2246, .T. ) ;
#2453 = DIRECTION ( 'NONE',  ( -1.000000000000000000, -0.000000000000000000, -0.000000000000000000 ) ) ;
#2454 = ORIENTED_EDGE ( 'NONE', *, *, #1738, .F. ) ;
#2455 = LINE ( 'NONE', #3964, #2082 ) ;
#2456 = VECTOR ( 'NONE', #4652, 1000.000000000000000 ) ;
#2457 = LINE ( 'NONE', #3585, #2841 ) ;
#2458 = LINE ( 'NONE', #2507, #3223 ) ;
#2459 = CARTESIAN_POINT ( 'NONE',  ( 28.70000000000005613, 21.90429687499998934, 2.000000000000000000 ) ) ;
#2460 = CARTESIAN_POINT ( 'NONE',  ( 28.70000000000005258, 14.40429687499999467, 0.5000000000000000000 ) ) ;
#2461 = AXIS2_PLACEMENT_3D ( 'NONE', #1740, #612, #2899 ) ;
#2462 = FACE_BOUND ( 'NONE', #824, .T. ) ;
#2463 = LINE ( 'NONE', #2090, #1323 ) ;
#2464 = ORIENTED_EDGE ( 'NONE', *, *, #1665, .F. ) ;
#2465 = CARTESIAN_POINT ( 'NONE',  ( -109.5999999999999801, 20.15429687499998934, 0.5000000000000000000 ) ) ;
#2466 = VERTEX_POINT ( 'NONE', #3757 ) ;
#2467 = LINE ( 'NONE', #146, #2016 ) ;
#2468 = ORIENTED_EDGE ( 'NONE', *, *, #4769, .T. ) ;
#2469 = ADVANCED_FACE ( 'NONE', ( #2641 ), #2989, .F. ) ;
#2470 = EDGE_LOOP ( 'NONE', ( #2790, #138, #4427, #254 ) ) ;
#2471 = LINE ( 'NONE', #3978, #4493 ) ;
#2472 = ORIENTED_EDGE ( 'NONE', *, *, #1536, .F. ) ;
#2473 = PLANE ( 'NONE',  #4650 ) ;
#2474 = CARTESIAN_POINT ( 'NONE',  ( -135.9999999999999716, 13.15429687500000355, 0.2500000000000000000 ) ) ;
#2475 = CARTESIAN_POINT ( 'NONE',  ( 0.000000000000000000, 0.000000000000000000, 0.5000000000000000000 ) ) ;
#2476 = VERTEX_POINT ( 'NONE', #7 ) ;
#2477 = DIRECTION ( 'NONE',  ( -0.000000000000000000, 1.000000000000000000, -0.000000000000000000 ) ) ;
#2478 = EDGE_CURVE ( 'NONE', #2740, #3902, #1138, .T. ) ;
#2479 = ORIENTED_EDGE ( 'NONE', *, *, #2796, .F. ) ;
#2480 = DIRECTION ( 'NONE',  ( -0.000000000000000000, 1.000000000000000000, 0.000000000000000000 ) ) ;
#2481 = DIRECTION ( 'NONE',  ( -0.000000000000000000, -0.000000000000000000, 1.000000000000000000 ) ) ;
#2482 = LINE ( 'NONE', #2845, #42 ) ;
#2483 = ORIENTED_EDGE ( 'NONE', *, *, #604, .F. ) ;
#2484 = EDGE_CURVE ( 'NONE', #3259, #4098, #2555, .T. ) ;
#2485 = CARTESIAN_POINT ( 'NONE',  ( -109.5999999999999801, 16.15429687499998934, 0.5000000000000000000 ) ) ;
#2486 = LINE ( 'NONE', #1370, #1248 ) ;
#2487 = ORIENTED_EDGE ( 'NONE', *, *, #1967, .F. ) ;
#2488 = LINE ( 'NONE', #3672, #4272 ) ;
#2489 = VERTEX_POINT ( 'NONE', #2184 ) ;
#2490 = DIRECTION ( 'NONE',  ( 0.000000000000000000, 0.000000000000000000, -1.000000000000000000 ) ) ;
#2491 = AXIS2_PLACEMENT_3D ( 'NONE', #3388, #3012, #4529 ) ;
#2492 = EDGE_LOOP ( 'NONE', ( #1397, #2044, #2957, #3641 ) ) ;
#2493 = EDGE_CURVE ( 'NONE', #3279, #4463, #3690, .T. ) ;
#2494 = ORIENTED_EDGE ( 'NONE', *, *, #3346, .F. ) ;
#2495 = VECTOR ( 'NONE', #3911, 1000.000000000000000 ) ;
#2496 = VECTOR ( 'NONE', #2316, 1000.000000000000000 ) ;
#2497 = ADVANCED_FACE ( 'NONE', ( #3320 ), #1438, .F. ) ;
#2498 = DIRECTION ( 'NONE',  ( -1.000000000000000000, 0.000000000000000000, 0.000000000000000000 ) ) ;
#2499 = ORIENTED_EDGE ( 'NONE', *, *, #3316, .F. ) ;
#2500 = DIRECTION ( 'NONE',  ( -0.000000000000000000, -0.000000000000000000, 1.000000000000000000 ) ) ;
#2501 = CARTESIAN_POINT ( 'NONE',  ( -13.74999999999998401, 12.50429687500000142, 3.750000000000006217 ) ) ;
#2502 = ORIENTED_EDGE ( 'NONE', *, *, #4422, .T. ) ;
#2503 = CARTESIAN_POINT ( 'NONE',  ( -107.7499999999999858, 23.05429687500000213, 4.250000000000000000 ) ) ;
#2504 = EDGE_LOOP ( 'NONE', ( #1352, #3694, #1698, #366, #643 ) ) ;
#2505 = EDGE_CURVE ( 'NONE', #732, #1963, #49, .T. ) ;
#2506 = CARTESIAN_POINT ( 'NONE',  ( -106.5999999999999659, 16.15429687499998934, 0.5000000000000000000 ) ) ;
#2507 = CARTESIAN_POINT ( 'NONE',  ( -13.74999999999998401, 13.25429687500000142, 4.250000000000006217 ) ) ;
#2508 = DIRECTION ( 'NONE',  ( 1.000000000000000000, 0.000000000000000000, 0.000000000000000000 ) ) ;
#2509 = VERTEX_POINT ( 'NONE', #4625 ) ;
#2510 = FACE_OUTER_BOUND ( 'NONE', #1816, .T. ) ;
#2511 = CARTESIAN_POINT ( 'NONE',  ( -4.899999999999955946, 20.15429687499999645, 0.5000000000000000000 ) ) ;
#2512 = VERTEX_POINT ( 'NONE', #1548 ) ;
#2513 = ADVANCED_FACE ( 'NONE', ( #27 ), #1950, .F. ) ;
#2514 = CARTESIAN_POINT ( 'NONE',  ( 15.15000000000005187, 20.15429687499999645, 0.000000000000000000 ) ) ;
#2515 = EDGE_LOOP ( 'NONE', ( #1014, #1995, #2766, #3546 ) ) ;
#2516 = AXIS2_PLACEMENT_3D ( 'NONE', #968, #3979, #598 ) ;
#2517 = ORIENTED_EDGE ( 'NONE', *, *, #1107, .T. ) ;
#2518 = CARTESIAN_POINT ( 'NONE',  ( -60.74999999999998579, 12.50429687500000142, 3.750000000000006217 ) ) ;
#2519 = ORIENTED_EDGE ( 'NONE', *, *, #748, .F. ) ;
#2520 = EDGE_LOOP ( 'NONE', ( #1968, #278, #3578, #4449 ) ) ;
#2521 = CARTESIAN_POINT ( 'NONE',  ( -135.2499999999999716, 13.15429687500000355, 0.000000000000000000 ) ) ;
#2522 = CARTESIAN_POINT ( 'NONE',  ( -109.5999999999999801, 20.15429687499998934, 0.5000000000000000000 ) ) ;
#2523 =( NAMED_UNIT ( * ) PLANE_ANGLE_UNIT ( ) SI_UNIT ( $, .RADIAN. ) );
#2524 = DIRECTION ( 'NONE',  ( 0.000000000000000000, 0.000000000000000000, 1.000000000000000000 ) ) ;
#2525 = ORIENTED_EDGE ( 'NONE', *, *, #3108, .F. ) ;
#2526 = CARTESIAN_POINT ( 'NONE',  ( -135.9999999999999716, 23.15429687500000355, 0.2500000000000000000 ) ) ;
#2527 = VERTEX_POINT ( 'NONE', #2298 ) ;
#2528 = CARTESIAN_POINT ( 'NONE',  ( -107.7499999999999858, 23.05429687500000213, 4.250000000000000000 ) ) ;
#2529 = CARTESIAN_POINT ( 'NONE',  ( -137.7499999999999716, 10.65429687500000355, 6.000000000000000000 ) ) ;
#2530 = ADVANCED_FACE ( 'NONE', ( #3053 ), #1599, .F. ) ;
#2531 = DIRECTION ( 'NONE',  ( 0.5773502691896257311, 0.5773502691896257311, 0.5773502691896257311 ) ) ;
#2532 = VECTOR ( 'NONE', #740, 1000.000000000000000 ) ;
#2533 = ORIENTED_EDGE ( 'NONE', *, *, #4182, .F. ) ;
#2534 = AXIS2_PLACEMENT_3D ( 'NONE', #989, #3260, #967 ) ;
#2535 = VERTEX_POINT ( 'NONE', #2663 ) ;
#2536 = EDGE_CURVE ( 'NONE', #1460, #2634, #72, .T. ) ;
#2537 = CARTESIAN_POINT ( 'NONE',  ( -137.7499999999999716, 11.05429687500001457, 0.4000000000000114575 ) ) ;
#2538 = PLANE ( 'NONE',  #145 ) ;
#2539 = ORIENTED_EDGE ( 'NONE', *, *, #1201, .T. ) ;
#2540 = CARTESIAN_POINT ( 'NONE',  ( 15.15000000000005187, 20.90429687499999289, 0.5000000000000000000 ) ) ;
#2541 = EDGE_LOOP ( 'NONE', ( #2751, #4882, #1775, #4236 ) ) ;
#2542 = EDGE_CURVE ( 'NONE', #1939, #4697, #3029, .T. ) ;
#2543 = VECTOR ( 'NONE', #3701, 1000.000000000000114 ) ;
#2544 = DIRECTION ( 'NONE',  ( -0.000000000000000000, -0.000000000000000000, 1.000000000000000000 ) ) ;
#2545 = EDGE_LOOP ( 'NONE', ( #4296, #935, #4249, #413 ) ) ;
#2546 = ORIENTED_EDGE ( 'NONE', *, *, #1905, .F. ) ;
#2547 = EDGE_CURVE ( 'NONE', #324, #4853, #2735, .T. ) ;
#2548 = CARTESIAN_POINT ( 'NONE',  ( -100.0999999999999659, 20.15429687499998934, 0.5000000000000000000 ) ) ;
#2549 = CARTESIAN_POINT ( 'NONE',  ( 45.85000000000000142, 10.65429687500000355, 5.000000000000000000 ) ) ;
#2550 = DIRECTION ( 'NONE',  ( -0.000000000000000000, 1.000000000000000000, -0.000000000000000000 ) ) ;
#2551 = VECTOR ( 'NONE', #4513, 1000.000000000000000 ) ;
#2552 = CARTESIAN_POINT ( 'NONE',  ( 33.25000000000002842, 23.05429687500000213, 4.250000000000000000 ) ) ;
#2553 = VERTEX_POINT ( 'NONE', #4220 ) ;
#2554 = VERTEX_POINT ( 'NONE', #1575 ) ;
#2555 = LINE ( 'NONE', #4058, #4508 ) ;
#2556 = CARTESIAN_POINT ( 'NONE',  ( -83.54999999999995453, 20.15429687500000711, 0.000000000000000000 ) ) ;
#2557 = CARTESIAN_POINT ( 'NONE',  ( -17.39999999999995595, 20.15429687499999289, 0.5000000000000000000 ) ) ;
#2558 = ORIENTED_EDGE ( 'NONE', *, *, #2074, .F. ) ;
#2559 = DIRECTION ( 'NONE',  ( -0.7071067811865597852, 0.7071067811865352493, 0.000000000000000000 ) ) ;
#2560 = VECTOR ( 'NONE', #3914, 1000.000000000000000 ) ;
#2561 = EDGE_CURVE ( 'NONE', #3470, #3489, #2762, .T. ) ;
#2562 = DIRECTION ( 'NONE',  ( 0.000000000000000000, -1.000000000000000000, 0.000000000000000000 ) ) ;
#2563 = DIRECTION ( 'NONE',  ( 0.000000000000000000, -1.000000000000000000, 0.000000000000000000 ) ) ;
#2564 = EDGE_CURVE ( 'NONE', #3745, #4066, #812, .T. ) ;
#2565 = VERTEX_POINT ( 'NONE', #3502 ) ;
#2566 = LINE ( 'NONE', #4366, #2769 ) ;
#2567 = ORIENTED_EDGE ( 'NONE', *, *, #3565, .F. ) ;
#2568 = DIRECTION ( 'NONE',  ( -0.000000000000000000, 0.000000000000000000, 1.000000000000000000 ) ) ;
#2569 = ORIENTED_EDGE ( 'NONE', *, *, #1444, .F. ) ;
#2570 = ORIENTED_EDGE ( 'NONE', *, *, #4535, .T. ) ;
#2571 = AXIS2_PLACEMENT_3D ( 'NONE', #2148, #3652, #1772 ) ;
#2572 = LINE ( 'NONE', #1500, #1863 ) ;
#2573 = CARTESIAN_POINT ( 'NONE',  ( 38.20000000000005258, 15.40429687499999112, 0.000000000000000000 ) ) ;
#2574 = CARTESIAN_POINT ( 'NONE',  ( -63.74999999999994316, 14.40429687500000178, 0.5000000000000000000 ) ) ;
#2575 = ADVANCED_FACE ( 'NONE', ( #2321 ), #4274, .F. ) ;
#2576 = AXIS2_PLACEMENT_3D ( 'NONE', #75, #4756, #3981 ) ;
#2577 = AXIS2_PLACEMENT_3D ( 'NONE', #221, #913, #4725 ) ;
#2578 = VERTEX_POINT ( 'NONE', #2692 ) ;
#2579 = FACE_OUTER_BOUND ( 'NONE', #1278, .T. ) ;
#2580 = DIRECTION ( 'NONE',  ( -0.000000000000000000, -0.000000000000000000, 1.000000000000000000 ) ) ;
#2581 = DIRECTION ( 'NONE',  ( -1.000000000000000000, 0.000000000000000000, -0.000000000000000000 ) ) ;
#2582 = ORIENTED_EDGE ( 'NONE', *, *, #644, .F. ) ;
#2583 = DIRECTION ( 'NONE',  ( -0.000000000000000000, 0.000000000000000000, 1.000000000000000000 ) ) ;
#2584 = DIRECTION ( 'NONE',  ( -0.000000000000000000, 1.000000000000000000, -0.000000000000000000 ) ) ;
#2585 = LINE ( 'NONE', #4089, #541 ) ;
#2586 = ORIENTED_EDGE ( 'NONE', *, *, #2069, .F. ) ;
#2587 = LINE ( 'NONE', #2282, #267 ) ;
#2588 = ORIENTED_EDGE ( 'NONE', *, *, #2122, .T. ) ;
#2589 = PLANE ( 'NONE',  #2800 ) ;
#2590 = ORIENTED_EDGE ( 'NONE', *, *, #79, .F. ) ;
#2591 = ADVANCED_FACE ( 'NONE', ( #3829 ), #2372, .F. ) ;
#2592 = VECTOR ( 'NONE', #1734, 1000.000000000000000 ) ;
#2593 = VECTOR ( 'NONE', #3554, 1000.000000000000000 ) ;
#2594 = ORIENTED_EDGE ( 'NONE', *, *, #521, .T. ) ;
#2595 = CARTESIAN_POINT ( 'NONE',  ( 18.25000000000002842, 23.80429687500000213, 4.249999999999998224 ) ) ;
#2596 = VECTOR ( 'NONE', #1630, 1000.000000000000000 ) ;
#2597 = LINE ( 'NONE', #1153, #1784 ) ;
#2598 = LINE ( 'NONE', #4833, #2253 ) ;
#2599 = EDGE_LOOP ( 'NONE', ( #3994, #2202, #2290, #1488 ) ) ;
#2600 = CARTESIAN_POINT ( 'NONE',  ( -13.74999999999998401, 23.05429687500000213, 3.750000000000000444 ) ) ;
#2601 = EDGE_CURVE ( 'NONE', #1590, #2925, #4167, .T. ) ;
#2602 = LINE ( 'NONE', #1050, #3589 ) ;
#2603 = VERTEX_POINT ( 'NONE', #2346 ) ;
#2604 = ORIENTED_EDGE ( 'NONE', *, *, #4192, .F. ) ;
#2605 = DIRECTION ( 'NONE',  ( 0.000000000000000000, -0.000000000000000000, -1.000000000000000000 ) ) ;
#2606 = DIRECTION ( 'NONE',  ( 0.000000000000000000, -1.000000000000000000, 0.000000000000000000 ) ) ;
#2607 = EDGE_CURVE ( 'NONE', #2527, #1236, #3130, .T. ) ;
#2608 = DIRECTION ( 'NONE',  ( 0.000000000000000000, 0.000000000000000000, 1.000000000000000000 ) ) ;
#2609 = DIRECTION ( 'NONE',  ( -0.000000000000000000, 1.000000000000000000, -0.000000000000000000 ) ) ;
#2610 = VECTOR ( 'NONE', #744, 1000.000000000000000 ) ;
#2611 = EDGE_LOOP ( 'NONE', ( #2897, #1046, #4825, #1463 ) ) ;
#2612 = EDGE_LOOP ( 'NONE', ( #1007, #2004, #1203, #4451 ) ) ;
#2613 = ORIENTED_EDGE ( 'NONE', *, *, #2291, .F. ) ;
#2614 = EDGE_CURVE ( 'NONE', #1996, #1373, #3804, .T. ) ;
#2615 = DIRECTION ( 'NONE',  ( -1.000000000000000000, 0.000000000000000000, -0.000000000000000000 ) ) ;
#2616 = EDGE_CURVE ( 'NONE', #2855, #4632, #3855, .T. ) ;
#2617 = DIRECTION ( 'NONE',  ( 0.000000000000000000, 0.000000000000000000, -1.000000000000000000 ) ) ;
#2618 = LINE ( 'NONE', #1837, #2680 ) ;
#2619 = EDGE_LOOP ( 'NONE', ( #4841, #389, #471, #1563 ) ) ;
#2620 = DIRECTION ( 'NONE',  ( 0.000000000000000000, -0.000000000000000000, 1.000000000000000000 ) ) ;
#2621 = VECTOR ( 'NONE', #58, 1000.000000000000000 ) ;
#2622 = LINE ( 'NONE', #2990, #3991 ) ;
#2623 = ORIENTED_EDGE ( 'NONE', *, *, #3601, .F. ) ;
#2624 = CARTESIAN_POINT ( 'NONE',  ( -13.74999999999998401, 13.25429687500000142, 3.750000000000006217 ) ) ;
#2625 = ADVANCED_FACE ( 'NONE', ( #472 ), #423, .T. ) ;
#2626 = CARTESIAN_POINT ( 'NONE',  ( -137.7499999999999716, 10.65429687500000355, 0.4000000000000114575 ) ) ;
#2627 = DIRECTION ( 'NONE',  ( -1.000000000000000000, 0.000000000000000000, 0.000000000000000000 ) ) ;
#2628 = VECTOR ( 'NONE', #826, 1000.000000000000000 ) ;
#2629 = PLANE ( 'NONE',  #412 ) ;
#2630 = ADVANCED_FACE ( 'NONE', ( #1752 ), #3930, .F. ) ;
#2631 = ORIENTED_EDGE ( 'NONE', *, *, #3654, .F. ) ;
#2632 = LINE ( 'NONE', #805, #2436 ) ;
#2633 = VERTEX_POINT ( 'NONE', #2858 ) ;
#2634 = VERTEX_POINT ( 'NONE', #4403 ) ;
#2635 = LINE ( 'NONE', #92, #4631 ) ;
#2636 = PERSON_AND_ORGANIZATION ( #734, #4629 ) ;
#2637 = DIRECTION ( 'NONE',  ( -0.000000000000000000, -0.000000000000000000, 1.000000000000000000 ) ) ;
#2638 = EDGE_CURVE ( 'NONE', #4891, #293, #3957, .T. ) ;
#2639 = CARTESIAN_POINT ( 'NONE',  ( 31.70000000000005613, 20.90429687499999289, 0.000000000000000000 ) ) ;
#2640 = ORIENTED_EDGE ( 'NONE', *, *, #2278, .T. ) ;
#2641 = FACE_OUTER_BOUND ( 'NONE', #2803, .T. ) ;
#2642 = PLANE ( 'NONE',  #120 ) ;
#2643 = ORIENTED_EDGE ( 'NONE', *, *, #3865, .F. ) ;
#2644 = AXIS2_PLACEMENT_3D ( 'NONE', #4870, #1748, #3257 ) ;
#2645 = FACE_BOUND ( 'NONE', #2210, .T. ) ;
#2646 = EDGE_CURVE ( 'NONE', #671, #1437, #548, .T. ) ;
#2647 = CARTESIAN_POINT ( 'NONE',  ( 31.70000000000005613, 15.40429687499999112, 0.000000000000000000 ) ) ;
#2648 = DIRECTION ( 'NONE',  ( 0.000000000000000000, -0.7071067811865479058, -0.7071067811865472397 ) ) ;
#2649 = ORIENTED_EDGE ( 'NONE', *, *, #1286, .T. ) ;
#2650 = LINE ( 'NONE', #388, #1274 ) ;
#2651 = EDGE_CURVE ( 'NONE', #2445, #4503, #177, .T. ) ;
#2652 = VERTEX_POINT ( 'NONE', #199 ) ;
#2653 = CYLINDRICAL_SURFACE ( 'NONE', #936, 0.2500000000000002220 ) ;
#2654 = EDGE_CURVE ( 'NONE', #3929, #4846, #2885, .T. ) ;
#2655 = ORIENTED_EDGE ( 'NONE', *, *, #1081, .F. ) ;
#2656 = ORIENTED_EDGE ( 'NONE', *, *, #1098, .F. ) ;
#2657 = DIRECTION ( 'NONE',  ( -0.000000000000000000, 0.000000000000000000, 1.000000000000000000 ) ) ;
#2658 = DIRECTION ( 'NONE',  ( 0.000000000000000000, 0.000000000000000000, -1.000000000000000000 ) ) ;
#2659 = AXIS2_PLACEMENT_3D ( 'NONE', #4467, #3788, #1534 ) ;
#2660 = DIRECTION ( 'NONE',  ( -1.000000000000000000, 0.000000000000000000, -0.000000000000000000 ) ) ;
#2661 = VECTOR ( 'NONE', #2438, 1000.000000000000000 ) ;
#2662 = ORIENTED_EDGE ( 'NONE', *, *, #1171, .F. ) ;
#2663 = CARTESIAN_POINT ( 'NONE',  ( -60.49999999999995026, 15.40429687499999112, 0.5000000000000000000 ) ) ;
#2664 = VECTOR ( 'NONE', #990, 1000.000000000000000 ) ;
#2665 = DIRECTION ( 'NONE',  ( 0.000000000000000000, 0.000000000000000000, -1.000000000000000000 ) ) ;
#2666 = CARTESIAN_POINT ( 'NONE',  ( -39.94999999999996021, 21.90429687499999289, 2.000000000000000000 ) ) ;
#2667 = ORIENTED_EDGE ( 'NONE', *, *, #2849, .F. ) ;
#2668 = EDGE_LOOP ( 'NONE', ( #1694, #617, #4606, #636 ) ) ;
#2669 = DIRECTION ( 'NONE',  ( -1.000000000000000000, -0.000000000000000000, -0.000000000000000000 ) ) ;
#2670 = ADVANCED_FACE ( 'NONE', ( #1282 ), #1726, .F. ) ;
#2671 = CARTESIAN_POINT ( 'NONE',  ( -60.74999999999998579, 13.25429687500000142, 4.250000000000006217 ) ) ;
#2672 = FACE_OUTER_BOUND ( 'NONE', #4734, .T. ) ;
#2673 = DIRECTION ( 'NONE',  ( 0.000000000000000000, -0.7071067811865475727, 0.7071067811865475727 ) ) ;
#2674 = EDGE_CURVE ( 'NONE', #2729, #108, #3236, .T. ) ;
#2675 = LINE ( 'NONE', #4152, #4685 ) ;
#2676 = VECTOR ( 'NONE', #872, 1000.000000000000000 ) ;
#2677 = EDGE_LOOP ( 'NONE', ( #156, #2096, #3129, #2594 ) ) ;
#2678 = DIRECTION ( 'NONE',  ( 0.000000000000000000, 1.000000000000000000, 0.000000000000000000 ) ) ;
#2679 = EDGE_LOOP ( 'NONE', ( #4540, #252, #1616, #250 ) ) ;
#2680 = VECTOR ( 'NONE', #3315, 1000.000000000000000 ) ;
#2681 = VECTOR ( 'NONE', #974, 1000.000000000000000 ) ;
#2682 = PRODUCT_DEFINITION ( 'UNKNOWN', '', #1305, #4325 ) ;
#2683 = ORIENTED_EDGE ( 'NONE', *, *, #4624, .F. ) ;
#2684 = DIRECTION ( 'NONE',  ( -0.5773502691896257311, 0.5773502691896257311, 0.5773502691896257311 ) ) ;
#2685 = EDGE_CURVE ( 'NONE', #1281, #2189, #2050, .T. ) ;
#2686 = DIRECTION ( 'NONE',  ( -0.000000000000000000, -0.000000000000000000, 1.000000000000000000 ) ) ;
#2687 = VECTOR ( 'NONE', #4648, 999.9999999999998863 ) ;
#2688 = DIRECTION ( 'NONE',  ( 0.000000000000000000, -0.000000000000000000, -1.000000000000000000 ) ) ;
#2689 = AXIS2_PLACEMENT_3D ( 'NONE', #3568, #190, #2089 ) ;
#2690 = EDGE_CURVE ( 'NONE', #3963, #3597, #151, .T. ) ;
#2691 = ORIENTED_EDGE ( 'NONE', *, *, #3251, .F. ) ;
#2692 = CARTESIAN_POINT ( 'NONE',  ( 28.70000000000005613, 21.90429687499998934, 0.5000000000000000000 ) ) ;
#2693 = DIRECTION ( 'NONE',  ( 1.000000000000000000, 0.000000000000000000, 0.000000000000000000 ) ) ;
#2694 = CARTESIAN_POINT ( 'NONE',  ( -39.94999999999996021, 21.90429687499999289, 0.5000000000000000000 ) ) ;
#2695 = ORIENTED_EDGE ( 'NONE', *, *, #649, .T. ) ;
#2696 = EDGE_LOOP ( 'NONE', ( #3874, #4657, #3377, #372 ) ) ;
#2697 = DIRECTION ( 'NONE',  ( 0.000000000000000000, 0.000000000000000000, 1.000000000000000000 ) ) ;
#2698 = DIRECTION ( 'NONE',  ( -1.000000000000000000, -2.775557561562890858E-16, 0.000000000000000000 ) ) ;
#2699 = DIRECTION ( 'NONE',  ( 0.000000000000000000, -1.000000000000000000, 0.000000000000000000 ) ) ;
#2700 = FACE_BOUND ( 'NONE', #1348, .T. ) ;
#2701 = ADVANCED_FACE ( 'NONE', ( #4728 ), #3527, .F. ) ;
#2702 = CARTESIAN_POINT ( 'NONE',  ( -63.74999999999994316, 14.40429687500000178, 0.5000000000000000000 ) ) ;
#2703 = ORIENTED_EDGE ( 'NONE', *, *, #596, .T. ) ;
#2704 = EDGE_CURVE ( 'NONE', #1299, #2777, #1651, .T. ) ;
#2705 = CYLINDRICAL_SURFACE ( 'NONE', #4838, 0.2500000000000002220 ) ;
#2706 = DIRECTION ( 'NONE',  ( -1.000000000000000000, -2.775557561562891351E-16, -0.000000000000000000 ) ) ;
#2707 = ORIENTED_EDGE ( 'NONE', *, *, #3308, .T. ) ;
#2708 = ORIENTED_EDGE ( 'NONE', *, *, #4678, .F. ) ;
#2709 = DIRECTION ( 'NONE',  ( 0.000000000000000000, -1.000000000000000000, 0.000000000000000000 ) ) ;
#2710 = CARTESIAN_POINT ( 'NONE',  ( -106.5999999999999659, 20.15429687499998934, 0.5000000000000000000 ) ) ;
#2711 = DIRECTION ( 'NONE',  ( -0.000000000000000000, 1.000000000000000000, -0.000000000000000000 ) ) ;
#2712 = ORIENTED_EDGE ( 'NONE', *, *, #84, .F. ) ;
#2713 = CARTESIAN_POINT ( 'NONE',  ( -129.6499999999999773, 15.40429687500000178, 0.5000000000000000000 ) ) ;
#2714 = CARTESIAN_POINT ( 'NONE',  ( -106.5999999999999659, 15.40429687499998934, 2.000000000000000000 ) ) ;
#2715 = CARTESIAN_POINT ( 'NONE',  ( -51.74999999999995026, 14.40429687500000178, 0.5000000000000000000 ) ) ;
#2716 = EDGE_CURVE ( 'NONE', #222, #4747, #1329, .T. ) ;
#2717 = CARTESIAN_POINT ( 'NONE',  ( 8.650000000000053646, 15.40429687499999112, 0.000000000000000000 ) ) ;
#2718 = ORIENTED_EDGE ( 'NONE', *, *, #251, .T. ) ;
#2719 = CARTESIAN_POINT ( 'NONE',  ( -28.74999999999998224, 23.05429687500000213, 4.249999999999998224 ) ) ;
#2720 = DIRECTION ( 'NONE',  ( 0.000000000000000000, 1.000000000000000000, 0.000000000000000000 ) ) ;
#2721 = DIRECTION ( 'NONE',  ( 2.168404344971006896E-16, -1.000000000000000000, 0.000000000000000000 ) ) ;
#2722 = VECTOR ( 'NONE', #4506, 1000.000000000000000 ) ;
#2723 = PLANE ( 'NONE',  #3749 ) ;
#2724 = AXIS2_PLACEMENT_3D ( 'NONE', #68, #469, #4567 ) ;
#2725 = ORIENTED_EDGE ( 'NONE', *, *, #74, .F. ) ;
#2726 = FACE_OUTER_BOUND ( 'NONE', #4596, .T. ) ;
#2727 = CARTESIAN_POINT ( 'NONE',  ( -106.5999999999999659, 20.90429687499998934, 2.000000000000000000 ) ) ;
#2728 = EDGE_LOOP ( 'NONE', ( #1276, #2015, #2586, #4086 ) ) ;
#2729 = VERTEX_POINT ( 'NONE', #4299 ) ;
#2730 = VERTEX_POINT ( 'NONE', #2834 ) ;
#2731 = LINE ( 'NONE', #3846, #1228 ) ;
#2732 = CARTESIAN_POINT ( 'NONE',  ( -13.74999999999998401, 23.05429687500000213, 3.750000000000000444 ) ) ;
#2733 = EDGE_CURVE ( 'NONE', #4006, #4507, #4349, .T. ) ;
#2734 = ORIENTED_EDGE ( 'NONE', *, *, #2985, .T. ) ;
#2735 = LINE ( 'NONE', #866, #956 ) ;
#2736 = CARTESIAN_POINT ( 'NONE',  ( -129.6499999999999773, 15.40429687500000178, 0.000000000000000000 ) ) ;
#2737 = VECTOR ( 'NONE', #821, 1000.000000000000000 ) ;
#2738 = DIRECTION ( 'NONE',  ( 1.000000000000000000, 0.000000000000000000, 0.000000000000000000 ) ) ;
#2739 = DIRECTION ( 'NONE',  ( -0.5773502691896252870, -0.5773502691896251759, 0.5773502691896267303 ) ) ;
#2740 = VERTEX_POINT ( 'NONE', #3602 ) ;
#2741 = PLANE ( 'NONE',  #4055 ) ;
#2742 = VECTOR ( 'NONE', #1627, 1000.000000000000000 ) ;
#2743 = EDGE_CURVE ( 'NONE', #4568, #4646, #4702, .T. ) ;
#2744 = VECTOR ( 'NONE', #3944, 1000.000000000000000 ) ;
#2745 = DIRECTION ( 'NONE',  ( -1.000000000000000000, 2.891205793294678819E-16, 0.000000000000000000 ) ) ;
#2746 = PLANE ( 'NONE',  #2349 ) ;
#2747 = LINE ( 'NONE', #847, #752 ) ;
#2748 = LINE ( 'NONE', #1985, #555 ) ;
#2749 = AXIS2_PLACEMENT_3D ( 'NONE', #2343, #1279, #4271 ) ;
#2750 = EDGE_CURVE ( 'NONE', #1447, #1991, #942, .T. ) ;
#2751 = ORIENTED_EDGE ( 'NONE', *, *, #2151, .T. ) ;
#2752 = DIRECTION ( 'NONE',  ( -0.000000000000000000, -0.000000000000000000, -1.000000000000000000 ) ) ;
#2753 = CARTESIAN_POINT ( 'NONE',  ( -14.39999999999995417, 15.40429687499999112, 0.000000000000000000 ) ) ;
#2754 = EDGE_LOOP ( 'NONE', ( #4133, #2131, #2340, #3835 ) ) ;
#2755 = AXIS2_PLACEMENT_3D ( 'NONE', #1523, #2658, #3339 ) ;
#2756 = ORIENTED_EDGE ( 'NONE', *, *, #2750, .T. ) ;
#2757 = CARTESIAN_POINT ( 'NONE',  ( -4.899999999999955058, 16.15429687499999289, 0.5000000000000000000 ) ) ;
#2758 = VERTEX_POINT ( 'NONE', #3580 ) ;
#2759 = DIRECTION ( 'NONE',  ( -0.000000000000000000, 0.000000000000000000, 1.000000000000000000 ) ) ;
#2760 = EDGE_LOOP ( 'NONE', ( #2881, #1187, #1428, #497 ) ) ;
#2761 = EDGE_CURVE ( 'NONE', #3673, #3827, #2471, .T. ) ;
#2762 = LINE ( 'NONE', #3477, #4430 ) ;
#2763 = CARTESIAN_POINT ( 'NONE',  ( -7.899999999999955946, 15.40429687499999112, 0.000000000000000000 ) ) ;
#2764 = DIRECTION ( 'NONE',  ( -1.000000000000000000, 0.000000000000000000, 0.000000000000000000 ) ) ;
#2765 = LINE ( 'NONE', #3082, #1961 ) ;
#2766 = ORIENTED_EDGE ( 'NONE', *, *, #2685, .F. ) ;
#2767 = LINE ( 'NONE', #2377, #2948 ) ;
#2768 = DIRECTION ( 'NONE',  ( 8.673617379884027583E-16, -1.000000000000000000, 0.000000000000000000 ) ) ;
#2769 = VECTOR ( 'NONE', #4068, 1000.000000000000000 ) ;
#2770 = FACE_OUTER_BOUND ( 'NONE', #2428, .T. ) ;
#2771 = PLANE ( 'NONE',  #4623 ) ;
#2772 = CARTESIAN_POINT ( 'NONE',  ( -5.593941108938957761E-15, 20.15429687499999645, 2.000000000000000000 ) ) ;
#2773 = CC_DESIGN_PERSON_AND_ORGANIZATION_ASSIGNMENT ( #1807, #2176, ( #1305 ) ) ;
#2774 = LINE ( 'NONE', #4287, #1919 ) ;
#2775 = CARTESIAN_POINT ( 'NONE',  ( -97.09999999999996589, 16.15429687499998934, 0.5000000000000000000 ) ) ;
#2776 = AXIS2_PLACEMENT_3D ( 'NONE', #711, #1492, #4130 ) ;
#2777 = VERTEX_POINT ( 'NONE', #2100 ) ;
#2778 = ADVANCED_FACE ( 'NONE', ( #4829 ), #1941, .T. ) ;
#2779 = ORIENTED_EDGE ( 'NONE', *, *, #2564, .F. ) ;
#2780 = LINE ( 'NONE', #3523, #1467 ) ;
#2781 = EDGE_LOOP ( 'NONE', ( #3401, #3847, #2183, #3057 ) ) ;
#2782 = DIRECTION ( 'NONE',  ( 1.000000000000000000, 0.000000000000000000, 0.000000000000000000 ) ) ;
#2783 = VECTOR ( 'NONE', #1705, 1000.000000000000000 ) ;
#2784 = VERTEX_POINT ( 'NONE', #18 ) ;
#2785 = DIRECTION ( 'NONE',  ( -0.000000000000000000, -0.000000000000000000, 1.000000000000000000 ) ) ;
#2786 = PLANE ( 'NONE',  #3617 ) ;
#2787 = ADVANCED_FACE ( 'NONE', ( #390 ), #2261, .F. ) ;
#2788 = PERSON_AND_ORGANIZATION_ROLE ( 'creator' ) ;
#2789 = CARTESIAN_POINT ( 'NONE',  ( 0.000000000000000000, 0.000000000000000000, 0.5000000000000000000 ) ) ;
#2790 = ORIENTED_EDGE ( 'NONE', *, *, #2313, .T. ) ;
#2791 = LINE ( 'NONE', #4033, #275 ) ;
#2792 = DIRECTION ( 'NONE',  ( -0.000000000000000000, -0.000000000000000000, 1.000000000000000000 ) ) ;
#2793 = CARTESIAN_POINT ( 'NONE',  ( 15.15000000000005187, 16.15429687499999289, 0.000000000000000000 ) ) ;
#2794 = CARTESIAN_POINT ( 'NONE',  ( -109.5999999999999801, 20.15429687499998934, 2.000000000000000000 ) ) ;
#2795 = CARTESIAN_POINT ( 'NONE',  ( -109.5999999999999801, 16.15429687499998934, 0.5000000000000000000 ) ) ;
#2796 = EDGE_CURVE ( 'NONE', #1499, #2992, #2632, .T. ) ;
#2797 = LINE ( 'NONE', #1640, #4856 ) ;
#2798 = LINE ( 'NONE', #880, #2981 ) ;
#2799 = ORIENTED_EDGE ( 'NONE', *, *, #2814, .F. ) ;
#2800 = AXIS2_PLACEMENT_3D ( 'NONE', #4798, #2673, #800 ) ;
#2801 = CARTESIAN_POINT ( 'NONE',  ( 8.650000000000053646, 20.90429687499999289, 2.000000000000000000 ) ) ;
#2802 = VECTOR ( 'NONE', #3099, 1000.000000000000000 ) ;
#2803 = EDGE_LOOP ( 'NONE', ( #4541, #4293, #2217, #962 ) ) ;
#2804 = ADVANCED_FACE ( 'NONE', ( #1200 ), #2653, .T. ) ;
#2805 = CARTESIAN_POINT ( 'NONE',  ( -137.7499999999999716, 11.65429687500000533, 6.000000000000000000 ) ) ;
#2806 = ORIENTED_EDGE ( 'NONE', *, *, #3579, .T. ) ;
#2807 = DIRECTION ( 'NONE',  ( -0.000000000000000000, -0.000000000000000000, 1.000000000000000000 ) ) ;
#2808 = EDGE_LOOP ( 'NONE', ( #1245, #3413, #3782, #1367 ) ) ;
#2809 = DIRECTION ( 'NONE',  ( -0.000000000000000000, 1.000000000000000000, 0.000000000000000000 ) ) ;
#2810 = DIRECTION ( 'NONE',  ( -1.000000000000000000, -2.775557561562890858E-16, 0.000000000000000000 ) ) ;
#2811 = CARTESIAN_POINT ( 'NONE',  ( -27.94999999999995310, 21.90429687499998934, 0.5000000000000000000 ) ) ;
#2812 = CARTESIAN_POINT ( 'NONE',  ( -139.1642135623730780, 24.65429687500000711, 6.000000000000000000 ) ) ;
#2813 = ORIENTED_EDGE ( 'NONE', *, *, #244, .T. ) ;
#2814 = EDGE_CURVE ( 'NONE', #1963, #2034, #4591, .T. ) ;
#2815 = CARTESIAN_POINT ( 'NONE',  ( -39.94999999999996021, 21.90429687499999289, 0.5000000000000000000 ) ) ;
#2816 = DIRECTION ( 'NONE',  ( 0.000000000000000000, -0.000000000000000000, 1.000000000000000000 ) ) ;
#2817 = PLANE ( 'NONE',  #3529 ) ;
#2818 = CARTESIAN_POINT ( 'NONE',  ( -14.39999999999995417, 20.90429687499999289, 2.000000000000000000 ) ) ;
#2819 = CARTESIAN_POINT ( 'NONE',  ( -86.54999999999995453, 16.15429687500000711, 0.5000000000000000000 ) ) ;
#2820 = VECTOR ( 'NONE', #2699, 1000.000000000000000 ) ;
#2821 = VECTOR ( 'NONE', #39, 1000.000000000000000 ) ;
#2822 = ADVANCED_FACE ( 'NONE', ( #2912 ), #3288, .F. ) ;
#2823 = CARTESIAN_POINT ( 'NONE',  ( -135.2499999999999716, 23.15429687500000355, 0.5999999999999999778 ) ) ;
#2824 = FACE_OUTER_BOUND ( 'NONE', #2504, .T. ) ;
#2825 = VECTOR ( 'NONE', #552, 1000.000000000000000 ) ;
#2826 = EDGE_CURVE ( 'NONE', #4819, #1842, #1495, .T. ) ;
#2827 = EDGE_LOOP ( 'NONE', ( #2725, #2631, #2590, #4014 ) ) ;
#2828 = CARTESIAN_POINT ( 'NONE',  ( -60.49999999999995026, 15.40429687499999112, 0.000000000000000000 ) ) ;
#2829 = ORIENTED_EDGE ( 'NONE', *, *, #189, .T. ) ;
#2830 = CARTESIAN_POINT ( 'NONE',  ( -131.8999999999999773, 21.90429687500000355, 0.5000000000000000000 ) ) ;
#2831 = ORIENTED_EDGE ( 'NONE', *, *, #1552, .T. ) ;
#2832 = EDGE_CURVE ( 'NONE', #2046, #1915, #1891, .T. ) ;
#2833 = VERTEX_POINT ( 'NONE', #61 ) ;
#2834 = CARTESIAN_POINT ( 'NONE',  ( -83.54999999999995453, 20.15429687500000711, 0.5000000000000000000 ) ) ;
#2835 = DIRECTION ( 'NONE',  ( -2.775557561562890858E-16, 1.000000000000000000, 0.000000000000000000 ) ) ;
#2836 = CARTESIAN_POINT ( 'NONE',  ( -60.74999999999998579, 23.80429687500000213, 4.250000000000000000 ) ) ;
#2837 = DIRECTION ( 'NONE',  ( -0.000000000000000000, -1.000000000000000000, -0.000000000000000000 ) ) ;
#2838 = ORIENTED_EDGE ( 'NONE', *, *, #3171, .T. ) ;
#2839 = FACE_OUTER_BOUND ( 'NONE', #2808, .T. ) ;
#2840 = ADVANCED_FACE ( 'NONE', ( #280 ), #1405, .F. ) ;
#2841 = VECTOR ( 'NONE', #1733, 1000.000000000000000 ) ;
#2842 = ORIENTED_EDGE ( 'NONE', *, *, #2616, .F. ) ;
#2843 = CARTESIAN_POINT ( 'NONE',  ( -131.8999999999999773, 14.40429687500000178, 0.5000000000000000000 ) ) ;
#2844 = FACE_OUTER_BOUND ( 'NONE', #59, .T. ) ;
#2845 = CARTESIAN_POINT ( 'NONE',  ( -129.6499999999999773, 15.40429687500000178, 0.000000000000000000 ) ) ;
#2846 = ORIENTED_EDGE ( 'NONE', *, *, #677, .F. ) ;
#2847 = DIRECTION ( 'NONE',  ( 0.000000000000000000, -1.000000000000000000, 0.000000000000000000 ) ) ;
#2848 = LINE ( 'NONE', #3697, #2121 ) ;
#2849 = EDGE_CURVE ( 'NONE', #722, #594, #1128, .T. ) ;
#2850 = ORIENTED_EDGE ( 'NONE', *, *, #1022, .T. ) ;
#2851 = LINE ( 'NONE', #2904, #2543 ) ;
#2852 = EDGE_CURVE ( 'NONE', #4316, #3489, #779, .T. ) ;
#2853 = ORIENTED_EDGE ( 'NONE', *, *, #2212, .T. ) ;
#2854 = FACE_OUTER_BOUND ( 'NONE', #3188, .T. ) ;
#2855 = VERTEX_POINT ( 'NONE', #2548 ) ;
#2856 = EDGE_CURVE ( 'NONE', #914, #1568, #3311, .T. ) ;
#2857 = ORIENTED_EDGE ( 'NONE', *, *, #216, .F. ) ;
#2858 = CARTESIAN_POINT ( 'NONE',  ( -137.7499999999999716, 25.25429687499999076, 0.4000000000000114575 ) ) ;
#2859 = EDGE_LOOP ( 'NONE', ( #1178, #1631, #2623, #3396 ) ) ;
#2860 = CARTESIAN_POINT ( 'NONE',  ( -53.99999999999995026, 20.90429687499999289, 0.000000000000000000 ) ) ;
#2861 = DIRECTION ( 'NONE',  ( -0.000000000000000000, -0.000000000000000000, 1.000000000000000000 ) ) ;
#2862 = DIRECTION ( 'NONE',  ( -1.000000000000000000, -0.000000000000000000, -0.000000000000000000 ) ) ;
#2863 = VECTOR ( 'NONE', #2477, 1000.000000000000000 ) ;
#2864 = ORIENTED_EDGE ( 'NONE', *, *, #3028, .T. ) ;
#2865 = CARTESIAN_POINT ( 'NONE',  ( 18.25000000000002842, 13.25429687500000142, 3.750000000000007994 ) ) ;
#2866 = EDGE_CURVE ( 'NONE', #1889, #4632, #1916, .T. ) ;
#2867 = ORIENTED_EDGE ( 'NONE', *, *, #4532, .F. ) ;
#2868 = LINE ( 'NONE', #1337, #1176 ) ;
#2869 = ADVANCED_FACE ( 'NONE', ( #4516 ), #1776, .F. ) ;
#2870 = CARTESIAN_POINT ( 'NONE',  ( 45.84999999999998721, 25.25429687499999076, 0.000000000000000000 ) ) ;
#2871 = CARTESIAN_POINT ( 'NONE',  ( 33.25000000000002842, 23.05429687500000213, 4.250000000000000000 ) ) ;
#2872 = ORIENTED_EDGE ( 'NONE', *, *, #3222, .T. ) ;
#2873 = CARTESIAN_POINT ( 'NONE',  ( -39.94999999999996021, 21.90429687499999289, 2.000000000000000000 ) ) ;
#2874 = CARTESIAN_POINT ( 'NONE',  ( 15.15000000000005187, 16.15429687499998934, 2.000000000000000000 ) ) ;
#2875 = ORIENTED_EDGE ( 'NONE', *, *, #4481, .T. ) ;
#2876 = CARTESIAN_POINT ( 'NONE',  ( 45.85000000000000142, 24.65429687500000711, 6.000000000000000000 ) ) ;
#2877 = EDGE_CURVE ( 'NONE', #594, #2565, #3766, .T. ) ;
#2878 = VERTEX_POINT ( 'NONE', #4539 ) ;
#2879 = FACE_OUTER_BOUND ( 'NONE', #147, .T. ) ;
#2880 = AXIS2_PLACEMENT_3D ( 'NONE', #3411, #2274, #3366 ) ;
#2881 = ORIENTED_EDGE ( 'NONE', *, *, #4043, .F. ) ;
#2882 = AXIS2_PLACEMENT_3D ( 'NONE', #2460, #3114, #4286 ) ;
#2883 = ORIENTED_EDGE ( 'NONE', *, *, #4185, .T. ) ;
#2884 = VECTOR ( 'NONE', #3474, 1000.000000000000000 ) ;
#2885 = LINE ( 'NONE', #2023, #1658 ) ;
#2886 = CARTESIAN_POINT ( 'NONE',  ( 46.11975214338978901, 11.76603187127126482, 5.730247856610199086 ) ) ;
#2887 = EDGE_CURVE ( 'NONE', #2476, #3963, #1148, .T. ) ;
#2888 =( LENGTH_UNIT ( ) NAMED_UNIT ( * ) SI_UNIT ( .MILLI., .METRE. ) );
#2889 = DIRECTION ( 'NONE',  ( 1.000000000000000000, 0.000000000000000000, 0.000000000000000000 ) ) ;
#2890 = VERTEX_POINT ( 'NONE', #2775 ) ;
#2891 = CARTESIAN_POINT ( 'NONE',  ( 31.70000000000005613, 15.40429687499999112, 0.5000000000000000000 ) ) ;
#2892 = EDGE_LOOP ( 'NONE', ( #882, #3176, #1749, #1895 ) ) ;
#2893 = CARTESIAN_POINT ( 'NONE',  ( 45.85000000000000142, 25.65429687500000355, 6.000000000000000000 ) ) ;
#2894 = CARTESIAN_POINT ( 'NONE',  ( 0.000000000000000000, 13.40429687500000355, 0.3499999999999999223 ) ) ;
#2895 = DIRECTION ( 'NONE',  ( 0.000000000000000000, -1.000000000000000000, 0.000000000000000000 ) ) ;
#2896 = ORIENTED_EDGE ( 'NONE', *, *, #1922, .T. ) ;
#2897 = ORIENTED_EDGE ( 'NONE', *, *, #1897, .T. ) ;
#2898 = EDGE_CURVE ( 'NONE', #53, #516, #3870, .T. ) ;
#2899 = DIRECTION ( 'NONE',  ( 1.000000000000000000, 0.000000000000000000, 0.000000000000000000 ) ) ;
#2900 = FACE_OUTER_BOUND ( 'NONE', #830, .T. ) ;
#2901 = VECTOR ( 'NONE', #3439, 1000.000000000000000 ) ;
#2902 = VERTEX_POINT ( 'NONE', #1247 ) ;
#2903 = VECTOR ( 'NONE', #225, 1000.000000000000000 ) ;
#2904 = CARTESIAN_POINT ( 'NONE',  ( 46.11666666666666003, 25.38763020833333428, 0.2666666666666727692 ) ) ;
#2905 = EDGE_CURVE ( 'NONE', #3803, #4477, #4265, .T. ) ;
#2906 = ORIENTED_EDGE ( 'NONE', *, *, #844, .T. ) ;
#2907 = AXIS2_PLACEMENT_3D ( 'NONE', #4755, #4680, #4781 ) ;
#2908 = CARTESIAN_POINT ( 'NONE',  ( -30.94999999999995310, 20.90429687499999289, 0.000000000000000000 ) ) ;
#2909 = ORIENTED_EDGE ( 'NONE', *, *, #1967, .T. ) ;
#2910 = ORIENTED_EDGE ( 'NONE', *, *, #356, .T. ) ;
#2911 = VECTOR ( 'NONE', #3512, 1000.000000000000000 ) ;
#2912 = FACE_OUTER_BOUND ( 'NONE', #1062, .T. ) ;
#2913 = DIRECTION ( 'NONE',  ( 1.000000000000000000, 2.775557561562890858E-16, 0.000000000000000000 ) ) ;
#2914 = CARTESIAN_POINT ( 'NONE',  ( 33.25000000000002842, 23.05429687500000213, 3.750000000000000444 ) ) ;
#2915 = EDGE_CURVE ( 'NONE', #4240, #77, #487, .T. ) ;
#2916 = LINE ( 'NONE', #3753, #1181 ) ;
#2917 = VECTOR ( 'NONE', #2584, 1000.000000000000000 ) ;
#2918 = ORIENTED_EDGE ( 'NONE', *, *, #2690, .F. ) ;
#2919 = EDGE_CURVE ( 'NONE', #2509, #4515, #2798, .T. ) ;
#2920 = ORIENTED_EDGE ( 'NONE', *, *, #2542, .T. ) ;
#2921 = DIRECTION ( 'NONE',  ( -0.000000000000000000, 0.000000000000000000, 1.000000000000000000 ) ) ;
#2922 = CARTESIAN_POINT ( 'NONE',  ( -39.94999999999996021, 21.90429687499999289, 0.5000000000000000000 ) ) ;
#2923 = DIRECTION ( 'NONE',  ( 1.000000000000000000, 0.000000000000000000, 0.000000000000000000 ) ) ;
#2924 = AXIS2_PLACEMENT_3D ( 'NONE', #1298, #2319, #932 ) ;
#2925 = VERTEX_POINT ( 'NONE', #2364 ) ;
#2926 = AXIS2_PLACEMENT_3D ( 'NONE', #1353, #2809, #622 ) ;
#2927 = CARTESIAN_POINT ( 'NONE',  ( -135.4999999999999716, 13.40429687500000355, 0.5999999999999999778 ) ) ;
#2928 = CARTESIAN_POINT ( 'NONE',  ( -17.39999999999995239, 16.15429687499998934, 2.000000000000000000 ) ) ;
#2929 = ORIENTED_EDGE ( 'NONE', *, *, #649, .F. ) ;
#2930 = VECTOR ( 'NONE', #1712, 1000.000000000000000 ) ;
#2931 = CARTESIAN_POINT ( 'NONE',  ( -137.6833333333333087, 10.98763020833333748, 5.333333333333333037 ) ) ;
#2932 = ORIENTED_EDGE ( 'NONE', *, *, #739, .F. ) ;
#2933 = EDGE_CURVE ( 'NONE', #1129, #1625, #3899, .T. ) ;
#2934 = CARTESIAN_POINT ( 'NONE',  ( -106.5999999999999659, 20.15429687499998934, 2.000000000000000000 ) ) ;
#2935 = ORIENTED_EDGE ( 'NONE', *, *, #1836, .F. ) ;
#2936 = EDGE_LOOP ( 'NONE', ( #4183, #1676, #4858, #811 ) ) ;
#2937 = LINE ( 'NONE', #1088, #3536 ) ;
#2938 = APPROVAL_DATE_TIME ( #4523, #781 ) ;
#2939 = DIRECTION ( 'NONE',  ( -1.156482317317871478E-16, 0.000000000000000000, 1.000000000000000000 ) ) ;
#2940 = LINE ( 'NONE', #676, #2532 ) ;
#2941 = VERTEX_POINT ( 'NONE', #3922 ) ;
#2942 = EDGE_CURVE ( 'NONE', #759, #1281, #87, .T. ) ;
#2943 = CARTESIAN_POINT ( 'NONE',  ( -107.7499999999999858, 12.75429687500000142, 3.750000000000006217 ) ) ;
#2944 = DIRECTION ( 'NONE',  ( 0.7071067811865475727, 0.000000000000000000, 0.7071067811865475727 ) ) ;
#2945 = PLANE ( 'NONE',  #602 ) ;
#2946 = VERTEX_POINT ( 'NONE', #513 ) ;
#2947 = FACE_BOUND ( 'NONE', #4020, .T. ) ;
#2948 = VECTOR ( 'NONE', #3860, 1000.000000000000000 ) ;
#2949 = EDGE_CURVE ( 'NONE', #2730, #3101, #4669, .T. ) ;
#2950 = DIRECTION ( 'NONE',  ( -0.000000000000000000, -0.000000000000000000, 1.000000000000000000 ) ) ;
#2951 = FACE_OUTER_BOUND ( 'NONE', #1399, .T. ) ;
#2952 = EDGE_CURVE ( 'NONE', #1992, #1623, #4288, .T. ) ;
#2953 = EDGE_LOOP ( 'NONE', ( #3572, #347, #4852, #2420, #764, #3729 ) ) ;
#2954 = LINE ( 'NONE', #2931, #3165 ) ;
#2955 = ORIENTED_EDGE ( 'NONE', *, *, #4185, .F. ) ;
#2956 = FACE_OUTER_BOUND ( 'NONE', #4375, .T. ) ;
#2957 = ORIENTED_EDGE ( 'NONE', *, *, #143, .F. ) ;
#2958 = EDGE_CURVE ( 'NONE', #4318, #2878, #1296, .T. ) ;
#2959 = ORIENTED_EDGE ( 'NONE', *, *, #877, .T. ) ;
#2960 = VECTOR ( 'NONE', #4124, 1000.000000000000000 ) ;
#2961 = DIRECTION ( 'NONE',  ( -0.000000000000000000, 0.000000000000000000, 1.000000000000000000 ) ) ;
#2962 = CALENDAR_DATE ( 2025, 31, 7 ) ;
#2963 = CARTESIAN_POINT ( 'NONE',  ( 33.25000000000002842, 13.25429687500000142, 4.250000000000006217 ) ) ;
#2964 = DIRECTION ( 'NONE',  ( -1.000000000000000000, 0.000000000000000000, -1.156482317317871478E-16 ) ) ;
#2965 = AXIS2_PLACEMENT_3D ( 'NONE', #2474, #3633, #180 ) ;
#2966 = VECTOR ( 'NONE', #2684, 999.9999999999998863 ) ;
#2967 = VERTEX_POINT ( 'NONE', #1273 ) ;
#2968 = DIRECTION ( 'NONE',  ( 0.000000000000000000, -1.000000000000000000, 0.000000000000000000 ) ) ;
#2969 = CARTESIAN_POINT ( 'NONE',  ( 33.25000000000002842, 13.25429687500000142, 3.750000000000006217 ) ) ;
#2970 = ORIENTED_EDGE ( 'NONE', *, *, #4741, .F. ) ;
#2971 = CARTESIAN_POINT ( 'NONE',  ( 46.25000000000000000, 11.05429687500001457, 0.4000000000000114575 ) ) ;
#2972 = CARTESIAN_POINT ( 'NONE',  ( -37.44999999999995310, 20.90429687499999289, 0.5000000000000000000 ) ) ;
#2973 = LINE ( 'NONE', #4661, #1956 ) ;
#2974 = DIRECTION ( 'NONE',  ( 1.000000000000000000, 0.000000000000000000, 0.000000000000000000 ) ) ;
#2975 = EDGE_LOOP ( 'NONE', ( #1579, #1264, #1732, #3020 ) ) ;
#2976 = ADVANCED_FACE ( 'NONE', ( #3093 ), #140, .F. ) ;
#2977 = VECTOR ( 'NONE', #3321, 1000.000000000000000 ) ;
#2978 = PLANE ( 'NONE',  #2644 ) ;
#2979 = EDGE_LOOP ( 'NONE', ( #2113, #2345, #4643, #329 ) ) ;
#2980 = VECTOR ( 'NONE', #674, 1000.000000000000000 ) ;
#2981 = VECTOR ( 'NONE', #2412, 1000.000000000000000 ) ;
#2982 = EDGE_LOOP ( 'NONE', ( #3344, #825, #3520, #1073 ) ) ;
#2983 = FACE_BOUND ( 'NONE', #4651, .T. ) ;
#2984 = AXIS2_PLACEMENT_3D ( 'NONE', #2475, #1358, #1779 ) ;
#2985 = EDGE_CURVE ( 'NONE', #876, #144, #3198, .T. ) ;
#2986 = DIRECTION ( 'NONE',  ( 0.000000000000000000, -1.000000000000000000, 0.000000000000000000 ) ) ;
#2987 = CARTESIAN_POINT ( 'NONE',  ( 8.650000000000053646, 20.90429687499999289, 0.000000000000000000 ) ) ;
#2988 = ORIENTED_EDGE ( 'NONE', *, *, #1357, .F. ) ;
#2989 = PLANE ( 'NONE',  #1739 ) ;
#2990 = CARTESIAN_POINT ( 'NONE',  ( 0.000000000000000000, 12.50429687500000142, 6.000000000000000000 ) ) ;
#2991 = EDGE_CURVE ( 'NONE', #502, #2189, #564, .T. ) ;
#2992 = VERTEX_POINT ( 'NONE', #1641 ) ;
#2993 = VECTOR ( 'NONE', #2837, 1000.000000000000000 ) ;
#2994 = CARTESIAN_POINT ( 'NONE',  ( 31.70000000000005613, 15.40429687499999112, 0.000000000000000000 ) ) ;
#2995 = CARTESIAN_POINT ( 'NONE',  ( -28.74999999999998224, 12.50429687500000142, 3.750000000000007994 ) ) ;
#2996 = CARTESIAN_POINT ( 'NONE',  ( 46.25000000000000000, 25.65429687500000355, 0.4000000000000114575 ) ) ;
#2997 = CARTESIAN_POINT ( 'NONE',  ( -63.74999999999994316, 14.40429687500000178, 2.000000000000000000 ) ) ;
#2998 = ORIENTED_EDGE ( 'NONE', *, *, #943, .F. ) ;
#2999 = CARTESIAN_POINT ( 'NONE',  ( 18.15000000000005187, 20.15429687499999645, 0.5000000000000000000 ) ) ;
#3000 = ORIENTED_EDGE ( 'NONE', *, *, #1931, .T. ) ;
#3001 = EDGE_CURVE ( 'NONE', #4447, #1012, #191, .T. ) ;
#3002 = EDGE_LOOP ( 'NONE', ( #1639, #380, #3844, #567, #780, #1515, #986, #3778 ) ) ;
#3003 = VECTOR ( 'NONE', #2092, 1000.000000000000000 ) ;
#3004 = CARTESIAN_POINT ( 'NONE',  ( -30.94999999999995310, 20.90429687499999289, 0.000000000000000000 ) ) ;
#3005 = APPROVAL_ROLE ( '' ) ;
#3006 = CARTESIAN_POINT ( 'NONE',  ( -123.1499999999999773, 20.90429687500000355, 0.5000000000000000000 ) ) ;
#3007 = ADVANCED_FACE ( 'NONE', ( #1965 ), #1319, .F. ) ;
#3008 = CARTESIAN_POINT ( 'NONE',  ( -135.2499999999999716, 23.15429687500000355, 0.000000000000000000 ) ) ;
#3009 = ORIENTED_EDGE ( 'NONE', *, *, #1760, .T. ) ;
#3010 = LINE ( 'NONE', #723, #4749 ) ;
#3011 = VECTOR ( 'NONE', #4206, 1000.000000000000000 ) ;
#3012 = DIRECTION ( 'NONE',  ( 0.000000000000000000, -0.7071067811865484609, -0.7071067811865465735 ) ) ;
#3013 = ORIENTED_EDGE ( 'NONE', *, *, #637, .F. ) ;
#3014 = DIRECTION ( 'NONE',  ( -1.000000000000000000, -2.775557561562891351E-16, 0.000000000000000000 ) ) ;
#3015 = EDGE_CURVE ( 'NONE', #4800, #1970, #1909, .T. ) ;
#3016 = DIRECTION ( 'NONE',  ( -0.000000000000000000, 1.000000000000000000, -0.000000000000000000 ) ) ;
#3017 = CARTESIAN_POINT ( 'NONE',  ( 46.25000000000000000, 24.48861145005076523, 5.599999999999988987 ) ) ;
#3018 = VECTOR ( 'NONE', #477, 1000.000000000000000 ) ;
#3019 = CARTESIAN_POINT ( 'NONE',  ( 8.650000000000053646, 16.15429687499998934, 2.000000000000000000 ) ) ;
#3020 = ORIENTED_EDGE ( 'NONE', *, *, #1440, .T. ) ;
#3021 = DIRECTION ( 'NONE',  ( -0.000000000000000000, -0.000000000000000000, 1.000000000000000000 ) ) ;
#3022 = ORIENTED_EDGE ( 'NONE', *, *, #3691, .F. ) ;
#3023 = ORIENTED_EDGE ( 'NONE', *, *, #4892, .F. ) ;
#3024 = CARTESIAN_POINT ( 'NONE',  ( -119.8999999999999915, 21.90429687500000000, 0.5000000000000000000 ) ) ;
#3025 = CARTESIAN_POINT ( 'NONE',  ( -30.94999999999995310, 20.90429687499999289, 0.5000000000000000000 ) ) ;
#3026 = FACE_OUTER_BOUND ( 'NONE', #4399, .T. ) ;
#3027 = EDGE_LOOP ( 'NONE', ( #3231, #407, #4193, #3607, #489, #112, #701, #1326 ) ) ;
#3028 = EDGE_CURVE ( 'NONE', #3647, #896, #462, .T. ) ;
#3029 = LINE ( 'NONE', #498, #82 ) ;
#3030 = CARTESIAN_POINT ( 'NONE',  ( -28.74999999999998224, 13.25429687500000142, 3.750000000000007994 ) ) ;
#3031 = CARTESIAN_POINT ( 'NONE',  ( -86.54999999999995453, 16.15429687500000711, 2.000000000000000000 ) ) ;
#3032 = ORIENTED_EDGE ( 'NONE', *, *, #328, .T. ) ;
#3033 = VECTOR ( 'NONE', #2137, 1000.000000000000000 ) ;
#3034 = VECTOR ( 'NONE', #3382, 1000.000000000000000 ) ;
#3035 = ORIENTED_EDGE ( 'NONE', *, *, #2328, .F. ) ;
#3036 = CARTESIAN_POINT ( 'NONE',  ( 18.25000000000002842, 23.05429687500000213, 3.749999999999998668 ) ) ;
#3037 = CARTESIAN_POINT ( 'NONE',  ( -135.7499999999999716, 23.15429687500000355, 0.3499999999999999223 ) ) ;
#3038 = CARTESIAN_POINT ( 'NONE',  ( 15.15000000000005187, 20.90429687499999289, 0.000000000000000000 ) ) ;
#3039 = ORIENTED_EDGE ( 'NONE', *, *, #2952, .T. ) ;
#3040 = CARTESIAN_POINT ( 'NONE',  ( -119.8999999999999915, 21.90429687500000000, 2.000000000000000000 ) ) ;
#3041 = ORIENTED_EDGE ( 'NONE', *, *, #1190, .F. ) ;
#3042 = CARTESIAN_POINT ( 'NONE',  ( -100.0999999999999659, 20.90429687499999289, 2.000000000000000000 ) ) ;
#3043 = ORIENTED_EDGE ( 'NONE', *, *, #2311, .T. ) ;
#3044 = EDGE_CURVE ( 'NONE', #427, #3866, #1613, .T. ) ;
#3045 = ORIENTED_EDGE ( 'NONE', *, *, #2505, .T. ) ;
#3046 = FACE_BOUND ( 'NONE', #3494, .T. ) ;
#3047 = LINE ( 'NONE', #4190, #639 ) ;
#3048 = VECTOR ( 'NONE', #456, 999.9999999999998863 ) ;
#3049 = LINE ( 'NONE', #4317, #1825 ) ;
#3050 = VECTOR ( 'NONE', #2785, 1000.000000000000000 ) ;
#3051 = ORIENTED_EDGE ( 'NONE', *, *, #2952, .F. ) ;
#3052 = AXIS2_PLACEMENT_3D ( 'NONE', #3135, #1654, #2401 ) ;
#3053 = FACE_OUTER_BOUND ( 'NONE', #2545, .T. ) ;
#3054 = LINE ( 'NONE', #96, #4242 ) ;
#3055 = EDGE_CURVE ( 'NONE', #1099, #3647, #2848, .T. ) ;
#3056 = CARTESIAN_POINT ( 'NONE',  ( -14.39999999999995417, 15.40429687499999112, 2.000000000000000000 ) ) ;
#3057 = ORIENTED_EDGE ( 'NONE', *, *, #930, .T. ) ;
#3058 = ORIENTED_EDGE ( 'NONE', *, *, #4618, .T. ) ;
#3059 = DIRECTION ( 'NONE',  ( 0.000000000000000000, -0.000000000000000000, 1.000000000000000000 ) ) ;
#3060 = EDGE_CURVE ( 'NONE', #4477, #53, #2486, .T. ) ;
#3061 = DIRECTION ( 'NONE',  ( -0.000000000000000000, -1.000000000000000000, -0.000000000000000000 ) ) ;
#3062 = DIRECTION ( 'NONE',  ( 1.000000000000000000, 0.000000000000000000, 0.000000000000000000 ) ) ;
#3063 = CARTESIAN_POINT ( 'NONE',  ( 33.25000000000002842, 23.80429687500000213, 4.250000000000000000 ) ) ;
#3064 = DIRECTION ( 'NONE',  ( -0.000000000000000000, -1.000000000000000000, -0.000000000000000000 ) ) ;
#3065 = VECTOR ( 'NONE', #214, 1000.000000000000000 ) ;
#3066 = ORIENTED_EDGE ( 'NONE', *, *, #283, .F. ) ;
#3067 = PLANE ( 'NONE',  #3900 ) ;
#3068 = CARTESIAN_POINT ( 'NONE',  ( 0.000000000000000000, 0.000000000000000000, 6.000000000000000000 ) ) ;
#3069 = VERTEX_POINT ( 'NONE', #2874 ) ;
#3070 = VECTOR ( 'NONE', #2498, 1000.000000000000000 ) ;
#3071 = ORIENTED_EDGE ( 'NONE', *, *, #2761, .F. ) ;
#3072 = ADVANCED_FACE ( 'NONE', ( #2166 ), #640, .F. ) ;
#3073 = LINE ( 'NONE', #1920, #1001 ) ;
#3074 = CARTESIAN_POINT ( 'NONE',  ( 0.000000000000000000, 0.000000000000000000, 0.5000000000000000000 ) ) ;
#3075 = VECTOR ( 'NONE', #560, 1000.000000000000000 ) ;
#3076 = DIRECTION ( 'NONE',  ( 0.000000000000000000, -1.000000000000000000, 0.000000000000000000 ) ) ;
#3077 = VECTOR ( 'NONE', #638, 1000.000000000000000 ) ;
#3078 = ORIENTED_EDGE ( 'NONE', *, *, #574, .F. ) ;
#3079 = CARTESIAN_POINT ( 'NONE',  ( -86.54999999999995453, 20.15429687500000711, 0.5000000000000000000 ) ) ;
#3080 = LINE ( 'NONE', #813, #4417 ) ;
#3081 = CARTESIAN_POINT ( 'NONE',  ( -13.74999999999998401, 23.80429687500000213, 4.250000000000000000 ) ) ;
#3082 = CARTESIAN_POINT ( 'NONE',  ( -37.44999999999995310, 15.40429687499999112, 0.000000000000000000 ) ) ;
#3083 = ORIENTED_EDGE ( 'NONE', *, *, #1053, .T. ) ;
#3084 = ADVANCED_FACE ( 'NONE', ( #3669 ), #589, .F. ) ;
#3085 = CARTESIAN_POINT ( 'NONE',  ( -137.7499999999999716, 23.80429687500000213, 6.000000000000000000 ) ) ;
#3086 = CARTESIAN_POINT ( 'NONE',  ( -137.3499999999999659, 25.25429687499999076, 0.000000000000000000 ) ) ;
#3087 = DIRECTION ( 'NONE',  ( -0.000000000000000000, 1.000000000000000000, -0.000000000000000000 ) ) ;
#3088 = DIRECTION ( 'NONE',  ( 0.000000000000000000, -1.000000000000000000, 0.000000000000000000 ) ) ;
#3089 = ORIENTED_EDGE ( 'NONE', *, *, #1511, .T. ) ;
#3090 = EDGE_CURVE ( 'NONE', #170, #4386, #958, .T. ) ;
#3091 = ORIENTED_EDGE ( 'NONE', *, *, #991, .T. ) ;
#3092 = CARTESIAN_POINT ( 'NONE',  ( -4.899999999999955058, 16.15429687499999289, 0.5000000000000000000 ) ) ;
#3093 = FACE_OUTER_BOUND ( 'NONE', #782, .T. ) ;
#3094 = ADVANCED_FACE ( 'NONE', ( #688 ), #1006, .F. ) ;
#3095 = ORIENTED_EDGE ( 'NONE', *, *, #1374, .T. ) ;
#3096 = ORIENTED_EDGE ( 'NONE', *, *, #1440, .F. ) ;
#3097 = CARTESIAN_POINT ( 'NONE',  ( -60.74999999999998579, 12.50429687500000142, 4.250000000000006217 ) ) ;
#3098 = ORIENTED_EDGE ( 'NONE', *, *, #865, .T. ) ;
#3099 = DIRECTION ( 'NONE',  ( 0.000000000000000000, -1.000000000000000000, 0.000000000000000000 ) ) ;
#3100 = EDGE_CURVE ( 'NONE', #4517, #4026, #1794, .T. ) ;
#3101 = VERTEX_POINT ( 'NONE', #4768 ) ;
#3102 = CARTESIAN_POINT ( 'NONE',  ( 31.70000000000005613, 20.90429687499999289, 0.000000000000000000 ) ) ;
#3103 = CARTESIAN_POINT ( 'NONE',  ( -106.5999999999999659, 20.90429687499998934, 0.000000000000000000 ) ) ;
#3104 = LINE ( 'NONE', #2002, #2254 ) ;
#3105 = CARTESIAN_POINT ( 'NONE',  ( 33.25000000000002842, 23.80429687500000213, 3.750000000000000444 ) ) ;
#3106 = VERTEX_POINT ( 'NONE', #1713 ) ;
#3107 = CARTESIAN_POINT ( 'NONE',  ( -4.483718084313801220E-15, 16.15429687499999289, 2.000000000000000000 ) ) ;
#3108 = EDGE_CURVE ( 'NONE', #4503, #4318, #4743, .T. ) ;
#3109 = LINE ( 'NONE', #1583, #1819 ) ;
#3110 = EDGE_CURVE ( 'NONE', #3476, #3516, #2463, .T. ) ;
#3111 = CARTESIAN_POINT ( 'NONE',  ( -4.899999999999955946, 20.15429687499999645, 2.000000000000000000 ) ) ;
#3112 = VECTOR ( 'NONE', #2197, 1000.000000000000000 ) ;
#3113 = LINE ( 'NONE', #1662, #3917 ) ;
#3114 = DIRECTION ( 'NONE',  ( 0.000000000000000000, -1.000000000000000000, 0.000000000000000000 ) ) ;
#3115 = AXIS2_PLACEMENT_3D ( 'NONE', #509, #1710, #3942 ) ;
#3116 = VECTOR ( 'NONE', #3960, 1000.000000000000000 ) ;
#3117 = VECTOR ( 'NONE', #1204, 1000.000000000000000 ) ;
#3118 = ORIENTED_EDGE ( 'NONE', *, *, #3949, .T. ) ;
#3119 = CARTESIAN_POINT ( 'NONE',  ( -17.39999999999995595, 20.15429687499999289, 0.5000000000000000000 ) ) ;
#3120 = DIRECTION ( 'NONE',  ( -0.000000000000000000, -0.000000000000000000, 1.000000000000000000 ) ) ;
#3121 = EDGE_CURVE ( 'NONE', #2134, #2633, #1820, .T. ) ;
#3122 = ORIENTED_EDGE ( 'NONE', *, *, #1175, .F. ) ;
#3123 = ADVANCED_FACE ( 'NONE', ( #3249 ), #2538, .F. ) ;
#3124 = ORIENTED_EDGE ( 'NONE', *, *, #2108, .F. ) ;
#3125 = ORIENTED_EDGE ( 'NONE', *, *, #3654, .T. ) ;
#3126 = CARTESIAN_POINT ( 'NONE',  ( 5.650000000000051870, 16.15429687499998934, 0.5000000000000000000 ) ) ;
#3127 = ORIENTED_EDGE ( 'NONE', *, *, #2219, .F. ) ;
#3128 = PLANE ( 'NONE',  #1883 ) ;
#3129 = ORIENTED_EDGE ( 'NONE', *, *, #1824, .T. ) ;
#3130 = LINE ( 'NONE', #449, #330 ) ;
#3131 = APPROVAL ( #1728, 'UNSPECIFIED' ) ;
#3132 = DIRECTION ( 'NONE',  ( -0.000000000000000000, -0.000000000000000000, 1.000000000000000000 ) ) ;
#3133 = VECTOR ( 'NONE', #2580, 1000.000000000000000 ) ;
#3134 = CARTESIAN_POINT ( 'NONE',  ( 46.25000000000000711, 12.50429687500000142, 5.599999999999988987 ) ) ;
#3135 = CARTESIAN_POINT ( 'NONE',  ( -107.7499999999999858, 12.75429687500000142, 4.000000000000006217 ) ) ;
#3136 = ORIENTED_EDGE ( 'NONE', *, *, #2919, .F. ) ;
#3137 = FACE_OUTER_BOUND ( 'NONE', #2677, .T. ) ;
#3138 = AXIS2_PLACEMENT_3D ( 'NONE', #3931, #2076, #4376 ) ;
#3139 = CARTESIAN_POINT ( 'NONE',  ( 8.650000000000053646, 20.15429687499999289, 0.5000000000000000000 ) ) ;
#3140 = EDGE_CURVE ( 'NONE', #2512, #4093, #269, .T. ) ;
#3141 = LINE ( 'NONE', #3916, #2035 ) ;
#3142 = CARTESIAN_POINT ( 'NONE',  ( 31.70000000000005613, 15.40429687499999112, 0.000000000000000000 ) ) ;
#3143 = CARTESIAN_POINT ( 'NONE',  ( 18.25000000000002842, 23.05429687500000213, 4.249999999999998224 ) ) ;
#3144 = LINE ( 'NONE', #928, #1596 ) ;
#3145 = CARTESIAN_POINT ( 'NONE',  ( -77.04999999999995453, 15.40429687500000355, 0.000000000000000000 ) ) ;
#3146 = ORIENTED_EDGE ( 'NONE', *, *, #3408, .T. ) ;
#3147 = VECTOR ( 'NONE', #992, 1000.000000000000000 ) ;
#3148 = ORIENTED_EDGE ( 'NONE', *, *, #3646, .T. ) ;
#3149 = ADVANCED_FACE ( 'NONE', ( #3591 ), #3278, .F. ) ;
#3150 = VECTOR ( 'NONE', #836, 1000.000000000000114 ) ;
#3151 = DIRECTION ( 'NONE',  ( -0.000000000000000000, -0.000000000000000000, 1.000000000000000000 ) ) ;
#3152 = VECTOR ( 'NONE', #791, 1000.000000000000000 ) ;
#3153 = ORIENTED_EDGE ( 'NONE', *, *, #4410, .F. ) ;
#3154 = CARTESIAN_POINT ( 'NONE',  ( -135.9999999999999716, 23.15429687500000355, 0.000000000000000000 ) ) ;
#3155 = VERTEX_POINT ( 'NONE', #2928 ) ;
#3156 = ADVANCED_FACE ( 'NONE', ( #2900 ), #4446, .F. ) ;
#3157 = DIRECTION ( 'NONE',  ( -1.000000000000000000, 0.000000000000000000, -1.156482317317871478E-16 ) ) ;
#3158 = DIRECTION ( 'NONE',  ( 0.000000000000000000, 0.000000000000000000, 1.000000000000000000 ) ) ;
#3159 = EDGE_CURVE ( 'NONE', #2833, #2527, #2418, .T. ) ;
#3160 = PERSON_AND_ORGANIZATION ( #734, #4629 ) ;
#3161 = FACE_OUTER_BOUND ( 'NONE', #2492, .T. ) ;
#3162 = ORIENTED_EDGE ( 'NONE', *, *, #1089, .T. ) ;
#3163 = PLANE ( 'NONE',  #4528 ) ;
#3164 = DIRECTION ( 'NONE',  ( -0.000000000000000000, -0.000000000000000000, 1.000000000000000000 ) ) ;
#3165 = VECTOR ( 'NONE', #1058, 1000.000000000000000 ) ;
#3166 = PLANE ( 'NONE',  #3611 ) ;
#3167 = ADVANCED_FACE ( 'NONE', ( #2824 ), #3812, .F. ) ;
#3168 = CARTESIAN_POINT ( 'NONE',  ( -106.5999999999999659, 20.90429687499998934, 2.000000000000000000 ) ) ;
#3169 = PLANE ( 'NONE',  #122 ) ;
#3170 = VERTEX_POINT ( 'NONE', #1865 ) ;
#3171 = EDGE_CURVE ( 'NONE', #4507, #657, #3394, .T. ) ;
#3172 = LINE ( 'NONE', #4690, #504 ) ;
#3173 = DIRECTION ( 'NONE',  ( 0.000000000000000000, -0.000000000000000000, -1.000000000000000000 ) ) ;
#3174 = ORIENTED_EDGE ( 'NONE', *, *, #4110, .F. ) ;
#3175 = LINE ( 'NONE', #25, #3787 ) ;
#3176 = ORIENTED_EDGE ( 'NONE', *, *, #4659, .F. ) ;
#3177 = ORIENTED_EDGE ( 'NONE', *, *, #1803, .F. ) ;
#3178 = PLANE ( 'NONE',  #3595 ) ;
#3179 = ORIENTED_EDGE ( 'NONE', *, *, #4600, .T. ) ;
#3180 = CARTESIAN_POINT ( 'NONE',  ( -123.1499999999999773, 20.90429687500000355, 0.000000000000000000 ) ) ;
#3181 = VECTOR ( 'NONE', #1237, 999.9999999999998863 ) ;
#3182 = ORIENTED_EDGE ( 'NONE', *, *, #883, .T. ) ;
#3183 = DIRECTION ( 'NONE',  ( 1.000000000000000000, 0.000000000000000000, -1.156482317317871478E-16 ) ) ;
#3184 = LINE ( 'NONE', #3604, #3769 ) ;
#3185 = APPROVAL_STATUS ( 'not_yet_approved' ) ;
#3186 = LINE ( 'NONE', #4706, #1561 ) ;
#3187 = EDGE_CURVE ( 'NONE', #4026, #4551, #2234, .T. ) ;
#3188 = EDGE_LOOP ( 'NONE', ( #1064, #4214, #422, #2896 ) ) ;
#3189 = DIRECTION ( 'NONE',  ( -0.000000000000000000, 1.000000000000000000, -0.000000000000000000 ) ) ;
#3190 = EDGE_CURVE ( 'NONE', #3631, #2784, #3762, .T. ) ;
#3191 = LINE ( 'NONE', #4710, #717 ) ;
#3192 = CARTESIAN_POINT ( 'NONE',  ( -77.04999999999995453, 20.90429687500000711, 2.000000000000000000 ) ) ;
#3193 = CARTESIAN_POINT ( 'NONE',  ( 46.25000000000000000, 18.93713958747463622, 12.71715728752537089 ) ) ;
#3194 = FACE_OUTER_BOUND ( 'NONE', #3735, .T. ) ;
#3195 = ORIENTED_EDGE ( 'NONE', *, *, #2142, .T. ) ;
#3196 = VECTOR ( 'NONE', #3941, 1000.000000000000000 ) ;
#3197 = FACE_BOUND ( 'NONE', #3534, .T. ) ;
#3198 = LINE ( 'NONE', #4691, #771 ) ;
#3199 = EDGE_CURVE ( 'NONE', #2297, #1250, #729, .T. ) ;
#3200 = VERTEX_POINT ( 'NONE', #432 ) ;
#3201 = VECTOR ( 'NONE', #4576, 1000.000000000000000 ) ;
#3202 = AXIS2_PLACEMENT_3D ( 'NONE', #4521, #2709, #4213 ) ;
#3203 = CARTESIAN_POINT ( 'NONE',  ( 31.70000000000005613, 20.90429687499999289, 0.5000000000000000000 ) ) ;
#3204 = ORIENTED_EDGE ( 'NONE', *, *, #4481, .F. ) ;
#3205 = EDGE_CURVE ( 'NONE', #1715, #4780, #4128, .T. ) ;
#3206 = LINE ( 'NONE', #985, #2099 ) ;
#3207 = ORIENTED_EDGE ( 'NONE', *, *, #34, .F. ) ;
#3208 = ORIENTED_EDGE ( 'NONE', *, *, #1122, .T. ) ;
#3209 = CARTESIAN_POINT ( 'NONE',  ( -122.7499999999999858, 23.55429687500000213, 3.749999999999998668 ) ) ;
#3210 = CARTESIAN_POINT ( 'NONE',  ( 5.650000000000050981, 20.15429687499999289, 0.5000000000000000000 ) ) ;
#3211 = PLANE ( 'NONE',  #1227 ) ;
#3212 = DIRECTION ( 'NONE',  ( 0.000000000000000000, 1.000000000000000000, 0.000000000000000000 ) ) ;
#3213 = VERTEX_POINT ( 'NONE', #4534 ) ;
#3214 = DIRECTION ( 'NONE',  ( -1.000000000000000000, 2.891205793294677833E-16, -0.000000000000000000 ) ) ;
#3215 = ORIENTED_EDGE ( 'NONE', *, *, #3216, .F. ) ;
#3216 = EDGE_CURVE ( 'NONE', #2565, #896, #4556, .T. ) ;
#3217 = PLANE ( 'NONE',  #3418 ) ;
#3218 = AXIS2_PLACEMENT_3D ( 'NONE', #2922, #210, #3295 ) ;
#3219 = CARTESIAN_POINT ( 'NONE',  ( -60.74999999999998579, 13.25429687500000142, 3.750000000000006217 ) ) ;
#3220 = DIRECTION ( 'NONE',  ( -0.000000000000000000, 1.000000000000000000, -0.000000000000000000 ) ) ;
#3221 = DIRECTION ( 'NONE',  ( -1.000000000000000000, -0.000000000000000000, -0.000000000000000000 ) ) ;
#3222 = EDGE_CURVE ( 'NONE', #1761, #4009, #1512, .T. ) ;
#3223 = VECTOR ( 'NONE', #659, 1000.000000000000000 ) ;
#3224 = VECTOR ( 'NONE', #3656, 1000.000000000000000 ) ;
#3225 = FACE_BOUND ( 'NONE', #2515, .T. ) ;
#3226 = DIRECTION ( 'NONE',  ( 1.000000000000000000, 0.000000000000000000, 1.156482317317871478E-16 ) ) ;
#3227 = VECTOR ( 'NONE', #1310, 1000.000000000000000 ) ;
#3228 = ADVANCED_FACE ( 'NONE', ( #4886 ), #362, .F. ) ;
#3229 = ORIENTED_EDGE ( 'NONE', *, *, #2313, .F. ) ;
#3230 = CARTESIAN_POINT ( 'NONE',  ( -107.7499999999999858, 13.25429687500000142, 4.250000000000006217 ) ) ;
#3231 = ORIENTED_EDGE ( 'NONE', *, *, #2043, .F. ) ;
#3232 = CARTESIAN_POINT ( 'NONE',  ( -77.04999999999995453, 20.90429687500000711, 0.000000000000000000 ) ) ;
#3233 = EDGE_LOOP ( 'NONE', ( #1669, #4158, #2231, #694, #1745 ) ) ;
#3234 = EDGE_CURVE ( 'NONE', #3460, #4786, #14, .T. ) ;
#3235 = ORIENTED_EDGE ( 'NONE', *, *, #2333, .T. ) ;
#3236 = LINE ( 'NONE', #1015, #1096 ) ;
#3237 = ORIENTED_EDGE ( 'NONE', *, *, #431, .F. ) ;
#3238 = PLANE ( 'NONE',  #1095 ) ;
#3239 = FACE_OUTER_BOUND ( 'NONE', #3297, .T. ) ;
#3240 = ORIENTED_EDGE ( 'NONE', *, *, #4628, .T. ) ;
#3241 = LINE ( 'NONE', #1360, #2783 ) ;
#3242 = CIRCLE ( 'NONE', #1183, 0.2500000000000002220 ) ;
#3243 = ORIENTED_EDGE ( 'NONE', *, *, #2826, .T. ) ;
#3244 = CARTESIAN_POINT ( 'NONE',  ( -86.54999999999995453, 20.15429687500000711, 0.5000000000000000000 ) ) ;
#3245 = CARTESIAN_POINT ( 'NONE',  ( -83.54999999999995453, 20.90429687500000711, 2.000000000000000000 ) ) ;
#3246 = LINE ( 'NONE', #4764, #1697 ) ;
#3247 = VERTEX_POINT ( 'NONE', #3017 ) ;
#3248 = DIRECTION ( 'NONE',  ( 0.000000000000000000, -0.000000000000000000, -1.000000000000000000 ) ) ;
#3249 = FACE_OUTER_BOUND ( 'NONE', #71, .T. ) ;
#3250 = ORIENTED_EDGE ( 'NONE', *, *, #3500, .F. ) ;
#3251 = EDGE_CURVE ( 'NONE', #1497, #1706, #1446, .T. ) ;
#3252 = DIRECTION ( 'NONE',  ( -0.000000000000000000, 0.000000000000000000, 1.000000000000000000 ) ) ;
#3253 = VERTEX_POINT ( 'NONE', #36 ) ;
#3254 = EDGE_CURVE ( 'NONE', #4093, #4761, #1167, .T. ) ;
#3255 = VECTOR ( 'NONE', #769, 1000.000000000000000 ) ;
#3256 = EDGE_LOOP ( 'NONE', ( #2558, #4459, #437, #3309 ) ) ;
#3257 = DIRECTION ( 'NONE',  ( 0.000000000000000000, -0.000000000000000000, 1.000000000000000000 ) ) ;
#3258 = ORIENTED_EDGE ( 'NONE', *, *, #1271, .T. ) ;
#3259 = VERTEX_POINT ( 'NONE', #385 ) ;
#3260 = DIRECTION ( 'NONE',  ( -0.000000000000000000, 1.000000000000000000, 0.000000000000000000 ) ) ;
#3261 = ORIENTED_EDGE ( 'NONE', *, *, #4419, .F. ) ;
#3262 = CYLINDRICAL_SURFACE ( 'NONE', #1485, 0.2500000000000000000 ) ;
#3263 = FACE_OUTER_BOUND ( 'NONE', #2320, .T. ) ;
#3264 = ADVANCED_FACE ( 'NONE', ( #2951 ), #1885, .F. ) ;
#3265 = CARTESIAN_POINT ( 'NONE',  ( -4.483718084313799643E-15, 16.15429687499998934, 2.000000000000000000 ) ) ;
#3266 = VECTOR ( 'NONE', #4314, 1000.000000000000114 ) ;
#3267 = EDGE_LOOP ( 'NONE', ( #887, #85, #1917, #4170 ) ) ;
#3268 = DIRECTION ( 'NONE',  ( 1.000000000000000000, -0.000000000000000000, -0.000000000000000000 ) ) ;
#3269 = ORIENTED_EDGE ( 'NONE', *, *, #1848, .F. ) ;
#3270 = DIRECTION ( 'NONE',  ( 0.000000000000000000, -1.000000000000000000, 0.000000000000000000 ) ) ;
#3271 = LINE ( 'NONE', #3219, #383 ) ;
#3272 = DIRECTION ( 'NONE',  ( 0.000000000000000000, -1.000000000000000000, 0.000000000000000000 ) ) ;
#3273 = ADVANCED_FACE ( 'NONE', ( #2672 ), #4177, .F. ) ;
#3274 = ORIENTED_EDGE ( 'NONE', *, *, #4085, .F. ) ;
#3275 = EDGE_LOOP ( 'NONE', ( #3651, #4639, #3881, #938, #746, #870, #3635, #645 ) ) ;
#3276 = EDGE_CURVE ( 'NONE', #3887, #959, #2585, .T. ) ;
#3277 = CARTESIAN_POINT ( 'NONE',  ( -100.0999999999999659, 20.90429687499999289, 2.000000000000000000 ) ) ;
#3278 = PLANE ( 'NONE',  #4809 ) ;
#3279 = VERTEX_POINT ( 'NONE', #2214 ) ;
#3280 = LINE ( 'NONE', #982, #1747 ) ;
#3281 = ORIENTED_EDGE ( 'NONE', *, *, #2877, .T. ) ;
#3282 = EDGE_CURVE ( 'NONE', #1881, #2740, #344, .T. ) ;
#3283 = LINE ( 'NONE', #4179, #685 ) ;
#3284 = AXIS2_PLACEMENT_3D ( 'NONE', #1293, #4636, #1635 ) ;
#3285 = VERTEX_POINT ( 'NONE', #4864 ) ;
#3286 = EDGE_CURVE ( 'NONE', #993, #4051, #2973, .T. ) ;
#3287 = ORIENTED_EDGE ( 'NONE', *, *, #788, .F. ) ;
#3288 = PLANE ( 'NONE',  #3379 ) ;
#3289 = PLANE ( 'NONE',  #4226 ) ;
#3290 = LINE ( 'NONE', #4079, #3147 ) ;
#3291 = FACE_OUTER_BOUND ( 'NONE', #2760, .T. ) ;
#3292 = APPROVAL ( #4138, 'UNSPECIFIED' ) ;
#3293 = ORIENTED_EDGE ( 'NONE', *, *, #1144, .T. ) ;
#3294 = LINE ( 'NONE', #1291, #562 ) ;
#3295 = DIRECTION ( 'NONE',  ( -1.000000000000000000, 2.891205793294677833E-16, 0.000000000000000000 ) ) ;
#3296 = CARTESIAN_POINT ( 'NONE',  ( 0.000000000000000000, 16.15429687499998934, 2.000000000000000000 ) ) ;
#3297 = EDGE_LOOP ( 'NONE', ( #4754, #1999, #2336, #3983, #2691, #428, #4263, #224 ) ) ;
#3298 = EDGE_CURVE ( 'NONE', #2367, #1623, #4231, .T. ) ;
#3299 = FACE_BOUND ( 'NONE', #4452, .T. ) ;
#3300 = CARTESIAN_POINT ( 'NONE',  ( -7.899999999999955946, 20.90429687499999289, 2.000000000000000000 ) ) ;
#3301 = VECTOR ( 'NONE', #2648, 999.9999999999998863 ) ;
#3302 = ORIENTED_EDGE ( 'NONE', *, *, #1947, .F. ) ;
#3303 = VECTOR ( 'NONE', #3120, 1000.000000000000000 ) ;
#3304 = DIRECTION ( 'NONE',  ( -0.000000000000000000, -1.000000000000000000, -0.000000000000000000 ) ) ;
#3305 = ORIENTED_EDGE ( 'NONE', *, *, #4554, .F. ) ;
#3306 = LINE ( 'NONE', #1085, #995 ) ;
#3307 = ORIENTED_EDGE ( 'NONE', *, *, #179, .F. ) ;
#3308 = EDGE_CURVE ( 'NONE', #4373, #1226, #531, .T. ) ;
#3309 = ORIENTED_EDGE ( 'NONE', *, *, #1768, .T. ) ;
#3310 = AXIS2_PLACEMENT_3D ( 'NONE', #2383, #3487, #3894 ) ;
#3311 = LINE ( 'NONE', #2153, #2201 ) ;
#3312 = LINE ( 'NONE', #651, #127 ) ;
#3313 = PERSON_AND_ORGANIZATION ( #734, #4629 ) ;
#3314 = DIRECTION ( 'NONE',  ( -1.000000000000000000, -0.000000000000000000, -0.000000000000000000 ) ) ;
#3315 = DIRECTION ( 'NONE',  ( 0.000000000000000000, -0.7071067811865465735, 0.7071067811865484609 ) ) ;
#3316 = EDGE_CURVE ( 'NONE', #1476, #1637, #1292, .T. ) ;
#3317 = VECTOR ( 'NONE', #2698, 1000.000000000000000 ) ;
#3318 = ORIENTED_EDGE ( 'NONE', *, *, #2704, .F. ) ;
#3319 = EDGE_CURVE ( 'NONE', #2890, #4291, #3141, .T. ) ;
#3320 = FACE_OUTER_BOUND ( 'NONE', #4061, .T. ) ;
#3321 = DIRECTION ( 'NONE',  ( -1.000000000000000000, -2.775557561562891351E-16, -0.000000000000000000 ) ) ;
#3322 = PLANE ( 'NONE',  #3357 ) ;
#3323 = VECTOR ( 'NONE', #1781, 1000.000000000000000 ) ;
#3324 = ORIENTED_EDGE ( 'NONE', *, *, #2919, .T. ) ;
#3325 = VECTOR ( 'NONE', #3715, 1000.000000000000000 ) ;
#3326 = CARTESIAN_POINT ( 'NONE',  ( -4.899999999999955946, 20.15429687499999645, 0.5000000000000000000 ) ) ;
#3327 = CARTESIAN_POINT ( 'NONE',  ( -135.7499999999999716, 23.15429687500000000, 0.4964466094067262469 ) ) ;
#3328 = CARTESIAN_POINT ( 'NONE',  ( -39.94999999999996021, 14.40429687499999467, 0.5000000000000000000 ) ) ;
#3329 = VECTOR ( 'NONE', #3907, 1000.000000000000000 ) ;
#3330 = EDGE_LOOP ( 'NONE', ( #2270, #2182, #1877, #350 ) ) ;
#3331 = EDGE_CURVE ( 'NONE', #3924, #1499, #480, .T. ) ;
#3332 = VECTOR ( 'NONE', #2768, 1000.000000000000000 ) ;
#3333 = LINE ( 'NONE', #2540, #2380 ) ;
#3334 = ORIENTED_EDGE ( 'NONE', *, *, #570, .T. ) ;
#3335 = LINE ( 'NONE', #2908, #3435 ) ;
#3336 = ORIENTED_EDGE ( 'NONE', *, *, #1566, .F. ) ;
#3337 = VERTEX_POINT ( 'NONE', #4258 ) ;
#3338 = DIRECTION ( 'NONE',  ( -0.000000000000000000, 1.000000000000000000, -0.000000000000000000 ) ) ;
#3339 = DIRECTION ( 'NONE',  ( -1.000000000000000000, 0.000000000000000000, -0.000000000000000000 ) ) ;
#3340 = DIRECTION ( 'NONE',  ( -1.000000000000000000, -2.775557561562891351E-16, 0.000000000000000000 ) ) ;
#3341 = ORIENTED_EDGE ( 'NONE', *, *, #2378, .T. ) ;
#3342 = DIRECTION ( 'NONE',  ( -0.000000000000000000, -0.000000000000000000, 1.000000000000000000 ) ) ;
#3343 = CARTESIAN_POINT ( 'NONE',  ( -109.5999999999999801, 20.15429687499998934, 0.5000000000000000000 ) ) ;
#3344 = ORIENTED_EDGE ( 'NONE', *, *, #1115, .F. ) ;
#3345 = DIRECTION ( 'NONE',  ( 0.000000000000000000, -1.000000000000000000, 0.000000000000000000 ) ) ;
#3346 = EDGE_CURVE ( 'NONE', #1373, #2941, #81, .T. ) ;
#3347 = CARTESIAN_POINT ( 'NONE',  ( -83.54999999999995453, 20.90429687500000711, 0.000000000000000000 ) ) ;
#3348 = DIRECTION ( 'NONE',  ( 0.000000000000000000, -0.000000000000000000, 1.000000000000000000 ) ) ;
#3349 = FACE_BOUND ( 'NONE', #3877, .T. ) ;
#3350 = ORIENTED_EDGE ( 'NONE', *, *, #4201, .T. ) ;
#3351 = EDGE_CURVE ( 'NONE', #3069, #3745, #2060, .T. ) ;
#3352 = PLANE ( 'NONE',  #2414 ) ;
#3353 = VERTEX_POINT ( 'NONE', #3940 ) ;
#3354 = VERTEX_POINT ( 'NONE', #3485 ) ;
#3355 = EDGE_CURVE ( 'NONE', #4517, #2946, #873, .T. ) ;
#3356 = LOCAL_TIME ( 20, 44, 11.00000000000000000, #1042 ) ;
#3357 = AXIS2_PLACEMENT_3D ( 'NONE', #3693, #724, #4881 ) ;
#3358 = CARTESIAN_POINT ( 'NONE',  ( -83.54999999999995453, 20.15429687500000711, 2.000000000000000000 ) ) ;
#3359 = APPROVAL_ROLE ( '' ) ;
#3360 = PLANE ( 'NONE',  #3834 ) ;
#3361 = DIRECTION ( 'NONE',  ( -1.000000000000000000, 0.000000000000000000, 1.156482317317871478E-16 ) ) ;
#3362 = CC_DESIGN_APPROVAL ( #781, ( #1305 ) ) ;
#3363 = VECTOR ( 'NONE', #3574, 1000.000000000000000 ) ;
#3364 = ORIENTED_EDGE ( 'NONE', *, *, #4532, .T. ) ;
#3365 = CARTESIAN_POINT ( 'NONE',  ( 18.15000000000005187, 20.15429687499999645, 2.000000000000000000 ) ) ;
#3366 = DIRECTION ( 'NONE',  ( -0.000000000000000000, 0.000000000000000000, 1.000000000000000000 ) ) ;
#3367 = ORIENTED_EDGE ( 'NONE', *, *, #1788, .F. ) ;
#3368 = CARTESIAN_POINT ( 'NONE',  ( -14.39999999999995417, 20.90429687499999289, 0.000000000000000000 ) ) ;
#3369 = EDGE_CURVE ( 'NONE', #1072, #1587, #160, .T. ) ;
#3370 = PLANE ( 'NONE',  #1192 ) ;
#3371 = DIRECTION ( 'NONE',  ( -1.000000000000000000, -0.000000000000000000, 1.156482317317871478E-16 ) ) ;
#3372 = ADVANCED_FACE ( 'NONE', ( #2770 ), #1959, .F. ) ;
#3373 = DIRECTION ( 'NONE',  ( -1.000000000000000000, -2.775557561562890858E-16, 0.000000000000000000 ) ) ;
#3374 = ORIENTED_EDGE ( 'NONE', *, *, #975, .T. ) ;
#3375 = ADVANCED_FACE ( 'NONE', ( #557 ), #2746, .F. ) ;
#3376 = VECTOR ( 'NONE', #3862, 1000.000000000000000 ) ;
#3377 = ORIENTED_EDGE ( 'NONE', *, *, #395, .F. ) ;
#3378 = AXIS2_PLACEMENT_3D ( 'NONE', #4350, #4003, #4300 ) ;
#3379 = AXIS2_PLACEMENT_3D ( 'NONE', #4132, #3818, #436 ) ;
#3380 = ORIENTED_EDGE ( 'NONE', *, *, #3702, .F. ) ;
#3381 = FACE_OUTER_BOUND ( 'NONE', #1302, .T. ) ;
#3382 = DIRECTION ( 'NONE',  ( 1.000000000000000000, 2.775557561562891351E-16, 0.000000000000000000 ) ) ;
#3383 = AXIS2_PLACEMENT_3D ( 'NONE', #3475, #888, #1595 ) ;
#3384 = DIRECTION ( 'NONE',  ( 0.000000000000000000, 0.000000000000000000, -1.000000000000000000 ) ) ;
#3385 = EDGE_CURVE ( 'NONE', #2941, #1724, #2381, .T. ) ;
#3386 = ORIENTED_EDGE ( 'NONE', *, *, #3187, .F. ) ;
#3387 = DIRECTION ( 'NONE',  ( -1.000000000000000000, -0.000000000000000000, -0.000000000000000000 ) ) ;
#3388 = CARTESIAN_POINT ( 'NONE',  ( -139.1642135623730780, 24.65429687500000711, 6.000000000000000000 ) ) ;
#3389 = ORIENTED_EDGE ( 'NONE', *, *, #2348, .F. ) ;
#3390 = VECTOR ( 'NONE', #1898, 1000.000000000000000 ) ;
#3391 = DIRECTION ( 'NONE',  ( 1.000000000000000000, 0.000000000000000000, 0.000000000000000000 ) ) ;
#3392 = CARTESIAN_POINT ( 'NONE',  ( -131.8999999999999773, 21.90429687500000355, 0.5000000000000000000 ) ) ;
#3393 = ADVANCED_FACE ( 'NONE', ( #3839 ), #3166, .F. ) ;
#3394 = LINE ( 'NONE', #3417, #620 ) ;
#3395 = CARTESIAN_POINT ( 'NONE',  ( 8.650000000000053646, 15.40429687499999112, 0.000000000000000000 ) ) ;
#3396 = ORIENTED_EDGE ( 'NONE', *, *, #444, .T. ) ;
#3397 = CARTESIAN_POINT ( 'NONE',  ( -109.5999999999999801, 16.15429687499998934, 0.5000000000000000000 ) ) ;
#3398 = EDGE_CURVE ( 'NONE', #4551, #1996, #4202, .T. ) ;
#3399 = ORIENTED_EDGE ( 'NONE', *, *, #2493, .F. ) ;
#3400 = ADVANCED_FACE ( 'NONE', ( #133 ), #2406, .T. ) ;
#3401 = ORIENTED_EDGE ( 'NONE', *, *, #91, .T. ) ;
#3402 = VECTOR ( 'NONE', #642, 1000.000000000000000 ) ;
#3403 = CARTESIAN_POINT ( 'NONE',  ( 18.15000000000005187, 16.15429687499999289, 0.5000000000000000000 ) ) ;
#3404 = CARTESIAN_POINT ( 'NONE',  ( -13.74999999999998401, 13.25429687500000142, 3.750000000000006217 ) ) ;
#3405 = FACE_OUTER_BOUND ( 'NONE', #4671, .T. ) ;
#3406 = ORIENTED_EDGE ( 'NONE', *, *, #4110, .T. ) ;
#3407 = CARTESIAN_POINT ( 'NONE',  ( -100.0999999999999659, 20.15429687499998934, 0.000000000000000000 ) ) ;
#3408 = EDGE_CURVE ( 'NONE', #2339, #4409, #3464, .T. ) ;
#3409 = DIRECTION ( 'NONE',  ( 0.000000000000000000, 0.000000000000000000, 1.000000000000000000 ) ) ;
#3410 = AXIS2_PLACEMENT_3D ( 'NONE', #747, #1465, #2605 ) ;
#3411 = CARTESIAN_POINT ( 'NONE',  ( 8.650000000000053646, 20.90429687499999289, 0.000000000000000000 ) ) ;
#3412 = ORIENTED_EDGE ( 'NONE', *, *, #2151, .F. ) ;
#3413 = ORIENTED_EDGE ( 'NONE', *, *, #3319, .F. ) ;
#3414 = LINE ( 'NONE', #3785, #3255 ) ;
#3415 = FACE_OUTER_BOUND ( 'NONE', #735, .T. ) ;
#3416 = EDGE_CURVE ( 'NONE', #4442, #3756, #2329, .T. ) ;
#3417 = CARTESIAN_POINT ( 'NONE',  ( 28.70000000000005613, 21.90429687499998934, 2.000000000000000000 ) ) ;
#3418 = AXIS2_PLACEMENT_3D ( 'NONE', #3244, #2083, #2160 ) ;
#3419 = FACE_OUTER_BOUND ( 'NONE', #4701, .T. ) ;
#3420 = VERTEX_POINT ( 'NONE', #1391 ) ;
#3421 = CARTESIAN_POINT ( 'NONE',  ( 33.25000000000002842, 13.25429687500000142, 4.250000000000006217 ) ) ;
#3422 = ORIENTED_EDGE ( 'NONE', *, *, #319, .T. ) ;
#3423 = EDGE_LOOP ( 'NONE', ( #922, #3797, #4547, #4001 ) ) ;
#3424 = EDGE_CURVE ( 'NONE', #3927, #2730, #4059, .T. ) ;
#3425 = LINE ( 'NONE', #1896, #3515 ) ;
#3426 = EDGE_CURVE ( 'NONE', #4180, #2553, #633, .T. ) ;
#3427 = FACE_OUTER_BOUND ( 'NONE', #575, .T. ) ;
#3428 = PLANE ( 'NONE',  #2147 ) ;
#3429 = ORIENTED_EDGE ( 'NONE', *, *, #912, .T. ) ;
#3430 = DIRECTION ( 'NONE',  ( 0.000000000000000000, 0.000000000000000000, -1.000000000000000000 ) ) ;
#3431 = LINE ( 'NONE', #3103, #2354 ) ;
#3432 = FACE_OUTER_BOUND ( 'NONE', #1900, .T. ) ;
#3433 = LOCAL_TIME ( 20, 44, 11.00000000000000000, #1680 ) ;
#3434 = ORIENTED_EDGE ( 'NONE', *, *, #1450, .T. ) ;
#3435 = VECTOR ( 'NONE', #2544, 1000.000000000000000 ) ;
#3436 = ORIENTED_EDGE ( 'NONE', *, *, #1806, .F. ) ;
#3437 = LINE ( 'NONE', #1189, #4457 ) ;
#3438 = LINE ( 'NONE', #1982, #4342 ) ;
#3439 = DIRECTION ( 'NONE',  ( 0.000000000000000000, 0.000000000000000000, 1.000000000000000000 ) ) ;
#3440 = FACE_BOUND ( 'NONE', #3637, .T. ) ;
#3441 = LINE ( 'NONE', #730, #2621 ) ;
#3442 = EDGE_CURVE ( 'NONE', #2833, #1970, #3987, .T. ) ;
#3443 = ORIENTED_EDGE ( 'NONE', *, *, #1252, .F. ) ;
#3444 = ADVANCED_BREP_SHAPE_REPRESENTATION ( 'COAS x2 Holder', ( #662, #1700 ), #3594 ) ;
#3445 = LINE ( 'NONE', #853, #1131 ) ;
#3446 = DIRECTION ( 'NONE',  ( 1.000000000000000000, 0.000000000000000000, 0.000000000000000000 ) ) ;
#3447 = ORIENTED_EDGE ( 'NONE', *, *, #1286, .F. ) ;
#3448 = EDGE_LOOP ( 'NONE', ( #3906, #2325, #1704, #2643 ) ) ;
#3449 = PLANE ( 'NONE',  #3755 ) ;
#3450 = CARTESIAN_POINT ( 'NONE',  ( 33.25000000000002842, 23.05429687500000213, 3.750000000000000444 ) ) ;
#3451 = VECTOR ( 'NONE', #2608, 1000.000000000000000 ) ;
#3452 = DIRECTION ( 'NONE',  ( -0.000000000000000000, 0.000000000000000000, 1.000000000000000000 ) ) ;
#3453 = VECTOR ( 'NONE', #4431, 1000.000000000000000 ) ;
#3454 = ORIENTED_EDGE ( 'NONE', *, *, #4252, .T. ) ;
#3455 = VECTOR ( 'NONE', #1285, 1000.000000000000000 ) ;
#3456 = DIRECTION ( 'NONE',  ( -1.000000000000000000, 4.625929269271488872E-16, 0.000000000000000000 ) ) ;
#3457 = LINE ( 'NONE', #4222, #1013 ) ;
#3458 = CARTESIAN_POINT ( 'NONE',  ( 0.000000000000000000, 20.15429687500000711, 2.000000000000000000 ) ) ;
#3459 = ORIENTED_EDGE ( 'NONE', *, *, #2849, .T. ) ;
#3460 = VERTEX_POINT ( 'NONE', #1708 ) ;
#3461 = DIRECTION ( 'NONE',  ( -0.000000000000000000, 1.000000000000000000, -0.000000000000000000 ) ) ;
#3462 = ADVANCED_FACE ( 'NONE', ( #2844 ), #4359, .F. ) ;
#3463 = CARTESIAN_POINT ( 'NONE',  ( -137.7499999999999716, 23.80429687500000213, 6.000011999999999901 ) ) ;
#3464 = LINE ( 'NONE', #1194, #3932 ) ;
#3465 = DIRECTION ( 'NONE',  ( -0.000000000000000000, -0.000000000000000000, 1.000000000000000000 ) ) ;
#3466 = ORIENTED_EDGE ( 'NONE', *, *, #4535, .F. ) ;
#3467 = DIRECTION ( 'NONE',  ( 0.000000000000000000, -0.000000000000000000, -1.000000000000000000 ) ) ;
#3468 = CARTESIAN_POINT ( 'NONE',  ( -135.2499999999999716, 23.15429687500000355, 0.3499999999999999223 ) ) ;
#3469 = EDGE_CURVE ( 'NONE', #2992, #2101, #681, .T. ) ;
#3470 = VERTEX_POINT ( 'NONE', #3562 ) ;
#3471 = AXIS2_PLACEMENT_3D ( 'NONE', #1685, #2480, #2816 ) ;
#3472 = VERTEX_POINT ( 'NONE', #976 ) ;
#3473 = ADVANCED_FACE ( 'NONE', ( #1363 ), #2817, .F. ) ;
#3474 = DIRECTION ( 'NONE',  ( 0.000000000000000000, -1.000000000000000000, 0.000000000000000000 ) ) ;
#3475 = CARTESIAN_POINT ( 'NONE',  ( 0.000000000000000000, 0.000000000000000000, 0.5000000000000000000 ) ) ;
#3476 = VERTEX_POINT ( 'NONE', #3245 ) ;
#3477 = CARTESIAN_POINT ( 'NONE',  ( -51.74999999999995026, 21.90429687500000000, 0.5000000000000000000 ) ) ;
#3478 = DIRECTION ( 'NONE',  ( 0.000000000000000000, -1.000000000000000000, 0.000000000000000000 ) ) ;
#3479 = LINE ( 'NONE', #2715, #3754 ) ;
#3480 = LINE ( 'NONE', #3105, #4094 ) ;
#3481 = ORIENTED_EDGE ( 'NONE', *, *, #3646, .F. ) ;
#3482 = PLANE ( 'NONE',  #1451 ) ;
#3483 = EDGE_CURVE ( 'NONE', #692, #4292, #3271, .T. ) ;
#3484 = CARTESIAN_POINT ( 'NONE',  ( 45.85000000000000142, 25.65429687500000355, 5.000000000000000000 ) ) ;
#3485 = CARTESIAN_POINT ( 'NONE',  ( -107.7499999999999858, 12.50429687500000142, 3.750000000000006217 ) ) ;
#3486 = CARTESIAN_POINT ( 'NONE',  ( -75.74999999999998579, 13.25429687500000142, 4.250000000000007994 ) ) ;
#3487 = DIRECTION ( 'NONE',  ( 1.156482317317871478E-16, -0.000000000000000000, 1.000000000000000000 ) ) ;
#3488 = EDGE_CURVE ( 'NONE', #916, #1928, #1025, .T. ) ;
#3489 = VERTEX_POINT ( 'NONE', #2161 ) ;
#3490 = VERTEX_POINT ( 'NONE', #264 ) ;
#3491 = DIRECTION ( 'NONE',  ( -1.156482317317870246E-16, 0.000000000000000000, 1.000000000000000000 ) ) ;
#3492 = CARTESIAN_POINT ( 'NONE',  ( -135.2499999999999716, 23.15429687500000000, 0.4964466094067261359 ) ) ;
#3493 = AXIS2_PLACEMENT_3D ( 'NONE', #2526, #3937, #4759 ) ;
#3494 = EDGE_LOOP ( 'NONE', ( #2712, #2091, #2567, #4894 ) ) ;
#3495 = EDGE_CURVE ( 'NONE', #1915, #993, #1763, .T. ) ;
#3496 = ORIENTED_EDGE ( 'NONE', *, *, #4078, .T. ) ;
#3497 = CARTESIAN_POINT ( 'NONE',  ( 40.70000000000005258, 21.90429687499998934, 0.5000000000000000000 ) ) ;
#3498 = VERTEX_POINT ( 'NONE', #2870 ) ;
#3499 = CARTESIAN_POINT ( 'NONE',  ( -7.899999999999955946, 15.40429687499999112, 0.000000000000000000 ) ) ;
#3500 = EDGE_CURVE ( 'NONE', #2445, #4486, #4384, .T. ) ;
#3501 = ORIENTED_EDGE ( 'NONE', *, *, #1201, .F. ) ;
#3502 = CARTESIAN_POINT ( 'NONE',  ( -109.5999999999999801, 16.15429687499998934, 2.000000000000000000 ) ) ;
#3503 = LINE ( 'NONE', #123, #2742 ) ;
#3504 = LINE ( 'NONE', #2694, #1937 ) ;
#3505 = LINE ( 'NONE', #4254, #2204 ) ;
#3506 = ORIENTED_EDGE ( 'NONE', *, *, #983, .T. ) ;
#3507 = CARTESIAN_POINT ( 'NONE',  ( 28.70000000000005258, 14.40429687499999467, 2.000000000000000000 ) ) ;
#3508 = LINE ( 'NONE', #845, #3317 ) ;
#3509 = CARTESIAN_POINT ( 'NONE',  ( -137.7499999999999716, 25.65429687500000355, 6.000000000000000000 ) ) ;
#3510 = VECTOR ( 'NONE', #3863, 1000.000000000000000 ) ;
#3511 = LINE ( 'NONE', #3168, #4542 ) ;
#3512 = DIRECTION ( 'NONE',  ( -0.000000000000000000, -0.000000000000000000, -1.000000000000000000 ) ) ;
#3513 = VECTOR ( 'NONE', #4233, 1000.000000000000000 ) ;
#3514 = ADVANCED_FACE ( 'NONE', ( #1338 ), #1686, .F. ) ;
#3515 = VECTOR ( 'NONE', #1594, 1000.000000000000000 ) ;
#3516 = VERTEX_POINT ( 'NONE', #3192 ) ;
#3517 = LINE ( 'NONE', #535, #736 ) ;
#3518 = CARTESIAN_POINT ( 'NONE',  ( -4.899999999999955946, 20.15429687499999645, 0.5000000000000000000 ) ) ;
#3519 = ORIENTED_EDGE ( 'NONE', *, *, #775, .F. ) ;
#3520 = ORIENTED_EDGE ( 'NONE', *, *, #2985, .F. ) ;
#3521 = EDGE_CURVE ( 'NONE', #4032, #1460, #2458, .T. ) ;
#3522 = ORIENTED_EDGE ( 'NONE', *, *, #271, .T. ) ;
#3523 = CARTESIAN_POINT ( 'NONE',  ( -109.5999999999999801, 16.15429687499998934, 0.5000000000000000000 ) ) ;
#3524 = EDGE_LOOP ( 'NONE', ( #4482, #1110, #3022, #3998 ) ) ;
#3525 = LINE ( 'NONE', #2318, #2802 ) ;
#3526 = VERTEX_POINT ( 'NONE', #290 ) ;
#3527 = PLANE ( 'NONE',  #626 ) ;
#3528 = CYLINDRICAL_SURFACE ( 'NONE', #3378, 0.2500000000000002220 ) ;
#3529 = AXIS2_PLACEMENT_3D ( 'NONE', #4738, #1049, #4334 ) ;
#3530 = LINE ( 'NONE', #3458, #606 ) ;
#3531 = ADVANCED_FACE ( 'NONE', ( #1789 ), #4712, .F. ) ;
#3532 = VECTOR ( 'NONE', #4364, 1000.000000000000000 ) ;
#3533 = DIRECTION ( 'NONE',  ( 0.000000000000000000, -1.000000000000000000, 0.000000000000000000 ) ) ;
#3534 = EDGE_LOOP ( 'NONE', ( #3573, #2262, #3913, #1948 ) ) ;
#3535 = DIRECTION ( 'NONE',  ( 1.000000000000000000, 0.000000000000000000, 0.000000000000000000 ) ) ;
#3536 = VECTOR ( 'NONE', #1112, 1000.000000000000114 ) ;
#3537 = CARTESIAN_POINT ( 'NONE',  ( -75.74999999999998579, 12.75429687500000142, 4.250000000000007994 ) ) ;
#3538 = CARTESIAN_POINT ( 'NONE',  ( 46.25000000000000000, 25.65429687500000355, 0.4000000000000114575 ) ) ;
#3539 = DIRECTION ( 'NONE',  ( -1.000000000000000000, 0.000000000000000000, -1.156482317317871478E-16 ) ) ;
#3540 = DIRECTION ( 'NONE',  ( -1.000000000000000000, -2.775557561562890858E-16, 0.000000000000000000 ) ) ;
#3541 = CARTESIAN_POINT ( 'NONE',  ( 8.650000000000053646, 20.90429687499999289, 0.000000000000000000 ) ) ;
#3542 = CARTESIAN_POINT ( 'NONE',  ( -28.74999999999998224, 13.25429687500000142, 3.750000000000007994 ) ) ;
#3543 = ORIENTED_EDGE ( 'NONE', *, *, #1047, .F. ) ;
#3544 = CARTESIAN_POINT ( 'NONE',  ( -15.34999999999715747, 86.85429687499929230, 61.59999999999929088 ) ) ;
#3545 = AXIS2_PLACEMENT_3D ( 'NONE', #4582, #3811, #820 ) ;
#3546 = ORIENTED_EDGE ( 'NONE', *, *, #2942, .F. ) ;
#3547 = AXIS2_PLACEMENT_3D ( 'NONE', #194, #2660, #3452 ) ;
#3548 = FACE_OUTER_BOUND ( 'NONE', #4693, .T. ) ;
#3549 = AXIS2_PLACEMENT_3D ( 'NONE', #2528, #4036, #658 ) ;
#3550 = VERTEX_POINT ( 'NONE', #3612 ) ;
#3551 = CARTESIAN_POINT ( 'NONE',  ( -137.6166666666666458, 25.38763020833332718, 0.2666666666666742680 ) ) ;
#3552 = EDGE_CURVE ( 'NONE', #4565, #108, #1415, .T. ) ;
#3553 = ORIENTED_EDGE ( 'NONE', *, *, #2493, .T. ) ;
#3554 = DIRECTION ( 'NONE',  ( -0.000000000000000000, -0.000000000000000000, 1.000000000000000000 ) ) ;
#3555 = LINE ( 'NONE', #2399, #2664 ) ;
#3556 = DIRECTION ( 'NONE',  ( 1.000000000000000000, 0.000000000000000000, 0.000000000000000000 ) ) ;
#3557 = VECTOR ( 'NONE', #3164, 1000.000000000000000 ) ;
#3558 = CARTESIAN_POINT ( 'NONE',  ( -28.74999999999998224, 13.25429687500000142, 4.250000000000007994 ) ) ;
#3559 = ORIENTED_EDGE ( 'NONE', *, *, #582, .F. ) ;
#3560 = DIRECTION ( 'NONE',  ( -0.000000000000000000, 0.000000000000000000, 1.000000000000000000 ) ) ;
#3561 = LINE ( 'NONE', #4010, #4438 ) ;
#3562 = CARTESIAN_POINT ( 'NONE',  ( -51.74999999999995026, 21.90429687500000000, 0.5000000000000000000 ) ) ;
#3563 = CARTESIAN_POINT ( 'NONE',  ( -27.94999999999995310, 14.40429687499999467, 0.5000000000000000000 ) ) ;
#3564 = DIRECTION ( 'NONE',  ( 0.000000000000000000, 0.7071067811865465735, -0.7071067811865484609 ) ) ;
#3565 = EDGE_CURVE ( 'NONE', #678, #2466, #236, .T. ) ;
#3566 = APPLICATION_CONTEXT ( 'configuration controlled 3d designs of mechanical parts and assemblies' ) ;
#3567 = ADVANCED_FACE ( 'NONE', ( #4839 ), #1813, .F. ) ;
#3568 = CARTESIAN_POINT ( 'NONE',  ( -17.39999999999995595, 20.15429687499999289, 0.5000000000000000000 ) ) ;
#3569 = DIRECTION ( 'NONE',  ( -0.000000000000000000, -1.000000000000000000, -0.000000000000000000 ) ) ;
#3570 = VERTEX_POINT ( 'NONE', #1070 ) ;
#3571 = CARTESIAN_POINT ( 'NONE',  ( -129.6499999999999773, 20.90429687500000355, 0.5000000000000000000 ) ) ;
#3572 = ORIENTED_EDGE ( 'NONE', *, *, #4352, .T. ) ;
#3573 = ORIENTED_EDGE ( 'NONE', *, *, #2484, .T. ) ;
#3574 = DIRECTION ( 'NONE',  ( 0.000000000000000000, 0.000000000000000000, -1.000000000000000000 ) ) ;
#3575 = ORIENTED_EDGE ( 'NONE', *, *, #2898, .F. ) ;
#3576 = VECTOR ( 'NONE', #4331, 1000.000000000000000 ) ;
#3577 = EDGE_CURVE ( 'NONE', #722, #4379, #2185, .T. ) ;
#3578 = ORIENTED_EDGE ( 'NONE', *, *, #179, .T. ) ;
#3579 = EDGE_CURVE ( 'NONE', #2402, #4081, #314, .T. ) ;
#3580 = CARTESIAN_POINT ( 'NONE',  ( -74.04999999999996874, 20.15429687500000711, 2.000000000000000000 ) ) ;
#3581 = LINE ( 'NONE', #2450, #4016 ) ;
#3582 = CARTESIAN_POINT ( 'NONE',  ( 45.84999999999998721, 12.50429687500000142, 6.000000000000000000 ) ) ;
#3583 = ORIENTED_EDGE ( 'NONE', *, *, #4522, .T. ) ;
#3584 = DIRECTION ( 'NONE',  ( 0.000000000000000000, -1.000000000000000000, 0.000000000000000000 ) ) ;
#3585 = CARTESIAN_POINT ( 'NONE',  ( -119.8999999999999915, 14.40429687500000178, 0.5000000000000000000 ) ) ;
#3586 = CARTESIAN_POINT ( 'NONE',  ( -39.94999999999996021, 21.90429687499999289, 0.5000000000000000000 ) ) ;
#3587 = LINE ( 'NONE', #559, #4069 ) ;
#3588 = DIRECTION ( 'NONE',  ( 0.000000000000000000, -0.000000000000000000, -1.000000000000000000 ) ) ;
#3589 = VECTOR ( 'NONE', #30, 1000.000000000000000 ) ;
#3590 = FACE_BOUND ( 'NONE', #2541, .T. ) ;
#3591 = FACE_OUTER_BOUND ( 'NONE', #878, .T. ) ;
#3592 = ORIENTED_EDGE ( 'NONE', *, *, #334, .T. ) ;
#3593 = ADVANCED_FACE ( 'NONE', ( #1902 ), #867, .F. ) ;
#3594 =( GEOMETRIC_REPRESENTATION_CONTEXT ( 3 ) GLOBAL_UNCERTAINTY_ASSIGNED_CONTEXT ( ( #4219 ) ) GLOBAL_UNIT_ASSIGNED_CONTEXT ( ( #2888, #2523, #2078 ) ) REPRESENTATION_CONTEXT ( 'NONE', 'WORKASPACE' ) );
#3595 = AXIS2_PLACEMENT_3D ( 'NONE', #3926, #2070, #3626 ) ;
#3596 = LINE ( 'NONE', #2876, #4514 ) ;
#3597 = VERTEX_POINT ( 'NONE', #1157 ) ;
#3598 = CARTESIAN_POINT ( 'NONE',  ( -122.7499999999999858, 23.55429687500000213, 4.249999999999998224 ) ) ;
#3599 = ORIENTED_EDGE ( 'NONE', *, *, #3298, .F. ) ;
#3600 = ORIENTED_EDGE ( 'NONE', *, *, #2674, .F. ) ;
#3601 = EDGE_CURVE ( 'NONE', #3950, #2390, #3054, .T. ) ;
#3602 = CARTESIAN_POINT ( 'NONE',  ( -122.7499999999999858, 12.50429687500000142, 3.750000000000007994 ) ) ;
#3603 = EDGE_LOOP ( 'NONE', ( #2173, #542, #2150, #4795 ) ) ;
#3604 = CARTESIAN_POINT ( 'NONE',  ( -30.94999999999995310, 15.40429687499999112, 0.000000000000000000 ) ) ;
#3605 = APPLICATION_PROTOCOL_DEFINITION ( 'international standard', 'config_control_design', 1994, #1976 ) ;
#3606 = CARTESIAN_POINT ( 'NONE',  ( -122.7499999999999858, 23.05429687500000213, 3.749999999999998668 ) ) ;
#3607 = ORIENTED_EDGE ( 'NONE', *, *, #2108, .T. ) ;
#3608 = LINE ( 'NONE', #3984, #2164 ) ;
#3609 = ORIENTED_EDGE ( 'NONE', *, *, #1949, .F. ) ;
#3610 = CARTESIAN_POINT ( 'NONE',  ( -83.54999999999995453, 15.40429687500000355, 0.000000000000000000 ) ) ;
#3611 = AXIS2_PLACEMENT_3D ( 'NONE', #1559, #2007, #1584 ) ;
#3612 = CARTESIAN_POINT ( 'NONE',  ( -53.99999999999995026, 15.40429687499999112, 0.000000000000000000 ) ) ;
#3613 = EDGE_CURVE ( 'NONE', #4503, #31, #3457, .T. ) ;
#3614 = PLANE ( 'NONE',  #1074 ) ;
#3615 = ORIENTED_EDGE ( 'NONE', *, *, #1374, .F. ) ;
#3616 = ADVANCED_FACE ( 'NONE', ( #28 ), #2347, .F. ) ;
#3617 = AXIS2_PLACEMENT_3D ( 'NONE', #2860, #1308, #892 ) ;
#3618 = VECTOR ( 'NONE', #110, 1000.000000000000000 ) ;
#3619 = LINE ( 'NONE', #1395, #3077 ) ;
#3620 = DIRECTION ( 'NONE',  ( -0.000000000000000000, -0.000000000000000000, 1.000000000000000000 ) ) ;
#3621 = ORIENTED_EDGE ( 'NONE', *, *, #851, .T. ) ;
#3622 = LINE ( 'NONE', #1796, #16 ) ;
#3623 = EDGE_LOOP ( 'NONE', ( #2872, #2656, #2312, #2909 ) ) ;
#3624 = ADVANCED_FACE ( 'NONE', ( #4575 ), #1926, .F. ) ;
#3625 = ORIENTED_EDGE ( 'NONE', *, *, #1886, .T. ) ;
#3626 = DIRECTION ( 'NONE',  ( 0.000000000000000000, 0.000000000000000000, -1.000000000000000000 ) ) ;
#3627 = ORIENTED_EDGE ( 'NONE', *, *, #3171, .F. ) ;
#3628 = ORIENTED_EDGE ( 'NONE', *, *, #1522, .F. ) ;
#3629 = EDGE_CURVE ( 'NONE', #3570, #3155, #73, .T. ) ;
#3630 = DIRECTION ( 'NONE',  ( 1.156482317317871478E-16, -0.000000000000000000, 1.000000000000000000 ) ) ;
#3631 = VERTEX_POINT ( 'NONE', #2299 ) ;
#3632 = PLANE ( 'NONE',  #2907 ) ;
#3633 = DIRECTION ( 'NONE',  ( 0.000000000000000000, -1.000000000000000000, 0.000000000000000000 ) ) ;
#3634 = DIRECTION ( 'NONE',  ( -1.000000000000000000, -0.000000000000000000, -0.000000000000000000 ) ) ;
#3635 = ORIENTED_EDGE ( 'NONE', *, *, #4511, .F. ) ;
#3636 = CARTESIAN_POINT ( 'NONE',  ( -135.7499999999999716, 23.15429687500000355, 0.5999999999999999778 ) ) ;
#3637 = EDGE_LOOP ( 'NONE', ( #4416, #1083, #2413, #4435, #603, #1551, #3655, #1231, #4103, #4347, #849, #327 ) ) ;
#3638 = FACE_OUTER_BOUND ( 'NONE', #416, .T. ) ;
#3639 = DIRECTION ( 'NONE',  ( 0.000000000000000000, 0.000000000000000000, -1.000000000000000000 ) ) ;
#3640 = CARTESIAN_POINT ( 'NONE',  ( -106.5999999999999659, 20.90429687499998934, 0.000000000000000000 ) ) ;
#3641 = ORIENTED_EDGE ( 'NONE', *, *, #3331, .T. ) ;
#3642 = ADVANCED_FACE ( 'NONE', ( #1185 ), #1600, .F. ) ;
#3643 = AXIS2_PLACEMENT_3D ( 'NONE', #3996, #591, #218 ) ;
#3644 = CARTESIAN_POINT ( 'NONE',  ( -83.54999999999995453, 20.90429687500000711, 0.000000000000000000 ) ) ;
#3645 = DIRECTION ( 'NONE',  ( -2.775557561562890858E-16, 1.000000000000000000, 0.000000000000000000 ) ) ;
#3646 = EDGE_CURVE ( 'NONE', #516, #3460, #424, .T. ) ;
#3647 = VERTEX_POINT ( 'NONE', #2714 ) ;
#3648 = DIRECTION ( 'NONE',  ( -1.000000000000000000, 0.000000000000000000, 1.156482317317871478E-16 ) ) ;
#3649 = ORIENTED_EDGE ( 'NONE', *, *, #2651, .F. ) ;
#3650 = AXIS2_PLACEMENT_3D ( 'NONE', #3695, #2559, #318 ) ;
#3651 = ORIENTED_EDGE ( 'NONE', *, *, #949, .F. ) ;
#3652 = DIRECTION ( 'NONE',  ( 0.000000000000000000, 0.7071067811865472397, -0.7071067811865479058 ) ) ;
#3653 = ORIENTED_EDGE ( 'NONE', *, *, #4498, .T. ) ;
#3654 = EDGE_CURVE ( 'NONE', #3728, #2034, #3080, .T. ) ;
#3655 = ORIENTED_EDGE ( 'NONE', *, *, #2247, .F. ) ;
#3656 = DIRECTION ( 'NONE',  ( 0.000000000000000000, -1.000000000000000000, 0.000000000000000000 ) ) ;
#3657 = CARTESIAN_POINT ( 'NONE',  ( -137.5499999999999829, 25.45429687499999716, 0.2000000000000057565 ) ) ;
#3658 = FACE_OUTER_BOUND ( 'NONE', #3809, .T. ) ;
#3659 = VECTOR ( 'NONE', #1443, 1000.000000000000000 ) ;
#3660 = ORIENTED_EDGE ( 'NONE', *, *, #4023, .T. ) ;
#3661 = CARTESIAN_POINT ( 'NONE',  ( -7.899999999999955946, 20.90429687499999289, 0.000000000000000000 ) ) ;
#3662 = EDGE_CURVE ( 'NONE', #4098, #1099, #3431, .T. ) ;
#3663 = ORIENTED_EDGE ( 'NONE', *, *, #3702, .T. ) ;
#3664 = LINE ( 'NONE', #2430, #1431 ) ;
#3665 = DIRECTION ( 'NONE',  ( 0.000000000000000000, 0.000000000000000000, -1.000000000000000000 ) ) ;
#3666 = DIRECTION ( 'NONE',  ( -4.625929269271488872E-16, -1.000000000000000000, 0.000000000000000000 ) ) ;
#3667 = VERTEX_POINT ( 'NONE', #2736 ) ;
#3668 = FACE_BOUND ( 'NONE', #905, .T. ) ;
#3669 = FACE_OUTER_BOUND ( 'NONE', #494, .T. ) ;
#3670 = ADVANCED_FACE ( 'NONE', ( #792 ), #4626, .F. ) ;
#3671 = ORIENTED_EDGE ( 'NONE', *, *, #1962, .T. ) ;
#3672 = CARTESIAN_POINT ( 'NONE',  ( 15.15000000000005187, 20.90429687499999289, 2.000000000000000000 ) ) ;
#3673 = VERTEX_POINT ( 'NONE', #450 ) ;
#3674 = EDGE_LOOP ( 'NONE', ( #4027, #1208, #2998, #1100 ) ) ;
#3675 = CC_DESIGN_APPROVAL ( #3292, ( #1695 ) ) ;
#3676 = LINE ( 'NONE', #4823, #3112 ) ;
#3677 = VECTOR ( 'NONE', #3220, 1000.000000000000000 ) ;
#3678 = VECTOR ( 'NONE', #3752, 1000.000000000000000 ) ;
#3679 = VERTEX_POINT ( 'NONE', #4251 ) ;
#3680 = ADVANCED_FACE ( 'NONE', ( #3805 ), #1951, .F. ) ;
#3681 = ORIENTED_EDGE ( 'NONE', *, *, #3140, .T. ) ;
#3682 = CARTESIAN_POINT ( 'NONE',  ( -39.94999999999996021, 21.90429687499999289, 0.5000000000000000000 ) ) ;
#3683 = CARTESIAN_POINT ( 'NONE',  ( -135.7499999999999716, 23.15429687500000355, 0.2500000000000000000 ) ) ;
#3684 = SECURITY_CLASSIFICATION_LEVEL ( 'unclassified' ) ;
#3685 = DIRECTION ( 'NONE',  ( 1.000000000000000000, 2.775557561562890858E-16, 0.000000000000000000 ) ) ;
#3686 = CARTESIAN_POINT ( 'NONE',  ( -77.04999999999995453, 20.90429687500000711, 0.000000000000000000 ) ) ;
#3687 = EDGE_CURVE ( 'NONE', #4846, #41, #1210, .T. ) ;
#3688 = ORIENTED_EDGE ( 'NONE', *, *, #4878, .T. ) ;
#3689 = EDGE_LOOP ( 'NONE', ( #2245, #706, #514, #1610 ) ) ;
#3690 = LINE ( 'NONE', #1812, #2289 ) ;
#3691 = EDGE_CURVE ( 'NONE', #31, #2878, #3503, .T. ) ;
#3692 = CARTESIAN_POINT ( 'NONE',  ( 5.650000000000050981, 20.15429687499999289, 2.000000000000000000 ) ) ;
#3693 = CARTESIAN_POINT ( 'NONE',  ( 0.000000000000000000, 0.000000000000000000, 0.5000000000000000000 ) ) ;
#3694 = ORIENTED_EDGE ( 'NONE', *, *, #1750, .F. ) ;
#3695 = CARTESIAN_POINT ( 'NONE',  ( 46.25000000000000000, 11.05429687500001457, 6.000000000000000000 ) ) ;
#3696 = DIRECTION ( 'NONE',  ( 0.000000000000000000, 0.000000000000000000, -1.000000000000000000 ) ) ;
#3697 = CARTESIAN_POINT ( 'NONE',  ( -106.5999999999999659, 15.40429687499998934, 0.000000000000000000 ) ) ;
#3698 = AXIS2_PLACEMENT_3D ( 'NONE', #2996, #2280, #4512 ) ;
#3699 = ORIENTED_EDGE ( 'NONE', *, *, #4718, .T. ) ;
#3700 = AXIS2_PLACEMENT_3D ( 'NONE', #2999, #3446, #650 ) ;
#3701 = DIRECTION ( 'NONE',  ( 0.5773502691896190697, -0.5773502691896391648, 0.5773502691896191807 ) ) ;
#3702 = EDGE_CURVE ( 'NONE', #692, #418, #1642, .T. ) ;
#3703 = ORIENTED_EDGE ( 'NONE', *, *, #417, .T. ) ;
#3704 = VECTOR ( 'NONE', #4783, 1000.000000000000000 ) ;
#3705 = CARTESIAN_POINT ( 'NONE',  ( 18.25000000000002842, 23.05429687500000213, 4.249999999999998224 ) ) ;
#3706 = ORIENTED_EDGE ( 'NONE', *, *, #1890, .T. ) ;
#3707 = ORIENTED_EDGE ( 'NONE', *, *, #3966, .F. ) ;
#3708 = ADVANCED_FACE ( 'NONE', ( #4549 ), #3262, .T. ) ;
#3709 = CARTESIAN_POINT ( 'NONE',  ( -83.54999999999995453, 15.40429687500000355, 0.000000000000000000 ) ) ;
#3710 = ADVANCED_FACE ( 'NONE', ( #1679 ), #2473, .F. ) ;
#3711 = FACE_OUTER_BOUND ( 'NONE', #3448, .T. ) ;
#3712 = LINE ( 'NONE', #3686, #3951 ) ;
#3713 = VECTOR ( 'NONE', #2720, 1000.000000000000000 ) ;
#3714 = ORIENTED_EDGE ( 'NONE', *, *, #3807, .T. ) ;
#3715 = DIRECTION ( 'NONE',  ( 1.000000000000000000, 2.775557561562891844E-16, -0.000000000000000000 ) ) ;
#3716 = DIRECTION ( 'NONE',  ( -0.000000000000000000, 0.000000000000000000, 1.000000000000000000 ) ) ;
#3717 = ORIENTED_EDGE ( 'NONE', *, *, #3629, .F. ) ;
#3718 = VECTOR ( 'NONE', #1307, 1000.000000000000000 ) ;
#3719 = PLANE ( 'NONE',  #3410 ) ;
#3720 = EDGE_CURVE ( 'NONE', #1140, #4853, #3184, .T. ) ;
#3721 = FACE_OUTER_BOUND ( 'NONE', #590, .T. ) ;
#3722 = CARTESIAN_POINT ( 'NONE',  ( -122.7499999999999858, 13.25429687500000142, 3.750000000000007994 ) ) ;
#3723 = VECTOR ( 'NONE', #13, 1000.000000000000000 ) ;
#3724 = CARTESIAN_POINT ( 'NONE',  ( 8.650000000000053646, 15.40429687499999112, 2.000000000000000000 ) ) ;
#3725 = ADVANCED_FACE ( 'NONE', ( #1283 ), #525, .F. ) ;
#3726 = ORIENTED_EDGE ( 'NONE', *, *, #4372, .F. ) ;
#3727 = DIRECTION ( 'NONE',  ( 1.000000000000000000, -0.000000000000000000, -0.000000000000000000 ) ) ;
#3728 = VERTEX_POINT ( 'NONE', #549 ) ;
#3729 = ORIENTED_EDGE ( 'NONE', *, *, #2638, .F. ) ;
#3730 = DIRECTION ( 'NONE',  ( -0.000000000000000000, -0.000000000000000000, 1.000000000000000000 ) ) ;
#3731 = FACE_OUTER_BOUND ( 'NONE', #4727, .T. ) ;
#3732 = ADVANCED_FACE ( 'NONE', ( #227 ), #2786, .F. ) ;
#3733 = DIRECTION ( 'NONE',  ( -0.000000000000000000, -0.000000000000000000, 1.000000000000000000 ) ) ;
#3734 = EDGE_CURVE ( 'NONE', #3200, #41, #944, .T. ) ;
#3735 = EDGE_LOOP ( 'NONE', ( #193, #3481, #3575, #2127 ) ) ;
#3736 = DIRECTION ( 'NONE',  ( -0.000000000000000000, 1.000000000000000000, -0.000000000000000000 ) ) ;
#3737 = CARTESIAN_POINT ( 'NONE',  ( -137.7499999999999716, 23.80429687500000213, 2.000000000000000000 ) ) ;
#3738 = ORIENTED_EDGE ( 'NONE', *, *, #2422, .T. ) ;
#3739 = PLANE ( 'NONE',  #1519 ) ;
#3740 = ADVANCED_FACE ( 'NONE', ( #2052 ), #3238, .F. ) ;
#3741 = CARTESIAN_POINT ( 'NONE',  ( -100.0999999999999659, 20.90429687499999289, 0.000000000000000000 ) ) ;
#3742 = CARTESIAN_POINT ( 'NONE',  ( 45.85000000000000142, 10.65429687500000355, 6.000000000000000000 ) ) ;
#3743 = CYLINDRICAL_SURFACE ( 'NONE', #2776, 0.2500000000000000000 ) ;
#3744 = ADVANCED_FACE ( 'NONE', ( #1652 ), #3632, .F. ) ;
#3745 = VERTEX_POINT ( 'NONE', #1381 ) ;
#3746 = EDGE_CURVE ( 'NONE', #239, #4447, #3555, .T. ) ;
#3747 = ORIENTED_EDGE ( 'NONE', *, *, #132, .F. ) ;
#3748 = ORIENTED_EDGE ( 'NONE', *, *, #2187, .F. ) ;
#3749 = AXIS2_PLACEMENT_3D ( 'NONE', #3142, #3088, #926 ) ;
#3750 = DIRECTION ( 'NONE',  ( 3.469446951953614189E-15, 1.000000000000000000, -0.000000000000000000 ) ) ;
#3751 = AXIS2_PLACEMENT_3D ( 'NONE', #2819, #2086, #3588 ) ;
#3752 = DIRECTION ( 'NONE',  ( -1.000000000000000000, 0.000000000000000000, 1.156482317317871478E-16 ) ) ;
#3753 = CARTESIAN_POINT ( 'NONE',  ( -86.54999999999995453, 20.15429687500000711, 2.000000000000000000 ) ) ;
#3754 = VECTOR ( 'NONE', #97, 1000.000000000000000 ) ;
#3755 = AXIS2_PLACEMENT_3D ( 'NONE', #2265, #4597, #2657 ) ;
#3756 = VERTEX_POINT ( 'NONE', #3910 ) ;
#3757 = CARTESIAN_POINT ( 'NONE',  ( -60.74999999999998579, 23.80429687500000213, 3.750000000000000444 ) ) ;
#3758 = CARTESIAN_POINT ( 'NONE',  ( -28.74999999999998224, 23.80429687500000213, 3.749999999999998668 ) ) ;
#3759 = ORIENTED_EDGE ( 'NONE', *, *, #2685, .T. ) ;
#3760 = DIRECTION ( 'NONE',  ( -1.000000000000000000, 0.000000000000000000, -0.000000000000000000 ) ) ;
#3761 = DIRECTION ( 'NONE',  ( -1.000000000000000000, 0.000000000000000000, -0.000000000000000000 ) ) ;
#3762 = LINE ( 'NONE', #4112, #1244 ) ;
#3763 = ADVANCED_FACE ( 'NONE', ( #2024 ), #3528, .T. ) ;
#3764 = CARTESIAN_POINT ( 'NONE',  ( -106.5999999999999659, 20.15429687499998934, 0.000000000000000000 ) ) ;
#3765 = ORIENTED_EDGE ( 'NONE', *, *, #4694, .F. ) ;
#3766 = LINE ( 'NONE', #3397, #1557 ) ;
#3767 = VECTOR ( 'NONE', #1217, 1000.000000000000000 ) ;
#3768 = ORIENTED_EDGE ( 'NONE', *, *, #4718, .F. ) ;
#3769 = VECTOR ( 'NONE', #200, 1000.000000000000000 ) ;
#3770 = EDGE_CURVE ( 'NONE', #3259, #1889, #4730, .T. ) ;
#3771 = ORIENTED_EDGE ( 'NONE', *, *, #1582, .F. ) ;
#3772 = PLANE ( 'NONE',  #2724 ) ;
#3773 = APPROVAL_DATE_TIME ( #698, #3292 ) ;
#3774 = CARTESIAN_POINT ( 'NONE',  ( -129.6499999999999773, 15.40429687500000178, 0.000000000000000000 ) ) ;
#3775 = DIRECTION ( 'NONE',  ( 0.000000000000000000, -1.000000000000000000, 0.000000000000000000 ) ) ;
#3776 = AXIS2_PLACEMENT_3D ( 'NONE', #4311, #3221, #187 ) ;
#3777 = ADVANCED_FACE ( 'NONE', ( #577 ), #2425, .T. ) ;
#3778 = ORIENTED_EDGE ( 'NONE', *, *, #1004, .T. ) ;
#3779 = LINE ( 'NONE', #1094, #1973 ) ;
#3780 = DIRECTION ( 'NONE',  ( 1.000000000000000000, -0.000000000000000000, -0.000000000000000000 ) ) ;
#3781 = PLANE ( 'NONE',  #4471 ) ;
#3782 = ORIENTED_EDGE ( 'NONE', *, *, #4161, .F. ) ;
#3783 = ORIENTED_EDGE ( 'NONE', *, *, #912, .F. ) ;
#3784 = CIRCLE ( 'NONE', #1, 0.2500000000000002220 ) ;
#3785 = CARTESIAN_POINT ( 'NONE',  ( 31.70000000000005613, 15.40429687499999112, 0.000000000000000000 ) ) ;
#3786 = CARTESIAN_POINT ( 'NONE',  ( -135.6464466094066950, 23.05074348440672694, 0.5999999999999998668 ) ) ;
#3787 = VECTOR ( 'NONE', #3775, 1000.000000000000000 ) ;
#3788 = DIRECTION ( 'NONE',  ( 1.000000000000000000, 0.000000000000000000, 0.000000000000000000 ) ) ;
#3789 = VECTOR ( 'NONE', #3387, 1000.000000000000000 ) ;
#3790 = ORIENTED_EDGE ( 'NONE', *, *, #3286, .T. ) ;
#3791 = EDGE_CURVE ( 'NONE', #2489, #1454, #3581, .T. ) ;
#3792 = LINE ( 'NONE', #411, #2389 ) ;
#3793 = VERTEX_POINT ( 'NONE', #4327 ) ;
#3794 = ADVANCED_FACE ( 'NONE', ( #1702 ), #1331, .F. ) ;
#3795 = DIRECTION ( 'NONE',  ( -0.000000000000000000, 1.000000000000000000, -0.000000000000000000 ) ) ;
#3796 = VECTOR ( 'NONE', #4175, 1000.000000000000000 ) ;
#3797 = ORIENTED_EDGE ( 'NONE', *, *, #3495, .F. ) ;
#3798 = ORIENTED_EDGE ( 'NONE', *, *, #4821, .T. ) ;
#3799 = VECTOR ( 'NONE', #777, 1000.000000000000000 ) ;
#3800 = LINE ( 'NONE', #396, #2966 ) ;
#3801 = DIRECTION ( 'NONE',  ( 1.000000000000000000, 0.000000000000000000, 0.000000000000000000 ) ) ;
#3802 = LINE ( 'NONE', #3544, #3150 ) ;
#3803 = VERTEX_POINT ( 'NONE', #624 ) ;
#3804 = LINE ( 'NONE', #524, #3152 ) ;
#3805 = FACE_OUTER_BOUND ( 'NONE', #4321, .T. ) ;
#3806 = DIRECTION ( 'NONE',  ( -0.000000000000000000, -0.000000000000000000, -1.000000000000000000 ) ) ;
#3807 = EDGE_CURVE ( 'NONE', #2652, #2992, #2937, .T. ) ;
#3808 = EDGE_LOOP ( 'NONE', ( #2613, #150, #2988, #2910 ) ) ;
#3809 = EDGE_LOOP ( 'NONE', ( #3293, #1003, #4799, #1059 ) ) ;
#3810 = DIRECTION ( 'NONE',  ( 1.000000000000000000, 2.775557561562890858E-16, 0.000000000000000000 ) ) ;
#3811 = DIRECTION ( 'NONE',  ( -1.000000000000000000, 0.000000000000000000, -0.000000000000000000 ) ) ;
#3812 = PLANE ( 'NONE',  #1800 ) ;
#3813 = CARTESIAN_POINT ( 'NONE',  ( -28.74999999999998224, 23.05429687500000213, 4.249999999999998224 ) ) ;
#3814 = EDGE_LOOP ( 'NONE', ( #1393, #2875, #1829, #1155 ) ) ;
#3815 = VECTOR ( 'NONE', #2403, 1000.000000000000000 ) ;
#3816 = LINE ( 'NONE', #4558, #1045 ) ;
#3817 = VERTEX_POINT ( 'NONE', #3657 ) ;
#3818 = DIRECTION ( 'NONE',  ( -1.000000000000000000, -2.168404344971006896E-16, 0.000000000000000000 ) ) ;
#3819 = EDGE_CURVE ( 'NONE', #448, #4207, #4053, .T. ) ;
#3820 = ORIENTED_EDGE ( 'NONE', *, *, #4149, .F. ) ;
#3821 = EDGE_LOOP ( 'NONE', ( #4538, #4022, #2718, #2842 ) ) ;
#3822 = EDGE_CURVE ( 'NONE', #1682, #4565, #2175, .T. ) ;
#3823 = DIRECTION ( 'NONE',  ( -1.000000000000000000, -0.000000000000000000, -0.000000000000000000 ) ) ;
#3824 = CARTESIAN_POINT ( 'NONE',  ( -107.7499999999999858, 12.50429687500000142, 4.250000000000006217 ) ) ;
#3825 = ADVANCED_FACE ( 'NONE', ( #737 ), #1433, .F. ) ;
#3826 = CARTESIAN_POINT ( 'NONE',  ( 5.650000000000050981, 20.15429687499999289, 2.000000000000000000 ) ) ;
#3827 = VERTEX_POINT ( 'NONE', #4117 ) ;
#3828 = VECTOR ( 'NONE', #3272, 1000.000000000000000 ) ;
#3829 = FACE_OUTER_BOUND ( 'NONE', #4115, .T. ) ;
#3830 = DIRECTION ( 'NONE',  ( -1.000000000000000000, 0.000000000000000000, 1.156482317317871478E-16 ) ) ;
#3831 = PLANE ( 'NONE',  #2576 ) ;
#3832 = ORIENTED_EDGE ( 'NONE', *, *, #4005, .T. ) ;
#3833 = AXIS2_PLACEMENT_3D ( 'NONE', #2830, #3905, #3952 ) ;
#3834 = AXIS2_PLACEMENT_3D ( 'NONE', #3774, #2986, #2205 ) ;
#3835 = ORIENTED_EDGE ( 'NONE', *, *, #3837, .F. ) ;
#3836 = CARTESIAN_POINT ( 'NONE',  ( -17.39999999999995239, 16.15429687499998934, 0.5000000000000000000 ) ) ;
#3837 = EDGE_CURVE ( 'NONE', #4611, #3490, #1456, .T. ) ;
#3838 = CARTESIAN_POINT ( 'NONE',  ( -106.5999999999999659, 20.90429687499998934, 2.000000000000000000 ) ) ;
#3839 = FACE_OUTER_BOUND ( 'NONE', #1723, .T. ) ;
#3840 = FACE_BOUND ( 'NONE', #4204, .T. ) ;
#3841 = ORIENTED_EDGE ( 'NONE', *, *, #3015, .F. ) ;
#3842 = DIRECTION ( 'NONE',  ( -1.000000000000000000, 0.000000000000000000, -1.156482317317871478E-16 ) ) ;
#3843 = EDGE_LOOP ( 'NONE', ( #2570, #4357, #2434, #4683 ) ) ;
#3844 = ORIENTED_EDGE ( 'NONE', *, *, #991, .F. ) ;
#3845 = VECTOR ( 'NONE', #1845, 1000.000000000000000 ) ;
#3846 = CARTESIAN_POINT ( 'NONE',  ( -131.8999999999999773, 14.40429687500000178, 0.5000000000000000000 ) ) ;
#3847 = ORIENTED_EDGE ( 'NONE', *, *, #1981, .T. ) ;
#3848 = LINE ( 'NONE', #148, #4893 ) ;
#3849 = VECTOR ( 'NONE', #2500, 1000.000000000000000 ) ;
#3850 = CARTESIAN_POINT ( 'NONE',  ( -28.74999999999998224, 23.05429687500000213, 3.749999999999998668 ) ) ;
#3851 = VECTOR ( 'NONE', #3157, 1000.000000000000000 ) ;
#3852 = VERTEX_POINT ( 'NONE', #4030 ) ;
#3853 = AXIS2_PLACEMENT_3D ( 'NONE', #527, #3533, #4656 ) ;
#3854 = EDGE_CURVE ( 'NONE', #4879, #2535, #4432, .T. ) ;
#3855 = LINE ( 'NONE', #3407, #1033 ) ;
#3856 = DIRECTION ( 'NONE',  ( 0.000000000000000000, -0.000000000000000000, 1.000000000000000000 ) ) ;
#3857 = DIRECTION ( 'NONE',  ( -1.000000000000000000, 0.000000000000000000, 0.000000000000000000 ) ) ;
#3858 = CARTESIAN_POINT ( 'NONE',  ( 46.25000000000000711, 12.50429687500000142, 6.000011999999999901 ) ) ;
#3859 = ORIENTED_EDGE ( 'NONE', *, *, #3416, .F. ) ;
#3860 = DIRECTION ( 'NONE',  ( -1.000000000000000000, 0.000000000000000000, 0.000000000000000000 ) ) ;
#3861 = FACE_OUTER_BOUND ( 'NONE', #2679, .T. ) ;
#3862 = DIRECTION ( 'NONE',  ( 0.000000000000000000, -1.000000000000000000, 0.000000000000000000 ) ) ;
#3863 = DIRECTION ( 'NONE',  ( 0.000000000000000000, 1.000000000000000000, 0.000000000000000000 ) ) ;
#3864 = LINE ( 'NONE', #848, #1617 ) ;
#3865 = EDGE_CURVE ( 'NONE', #4551, #3200, #1406, .T. ) ;
#3866 = VERTEX_POINT ( 'NONE', #2242 ) ;
#3867 = ORIENTED_EDGE ( 'NONE', *, *, #1742, .T. ) ;
#3868 = DIRECTION ( 'NONE',  ( -1.000000000000000000, -0.000000000000000000, -0.000000000000000000 ) ) ;
#3869 = EDGE_CURVE ( 'NONE', #2946, #1839, #281, .T. ) ;
#3870 = LINE ( 'NONE', #2753, #2744 ) ;
#3871 = EDGE_LOOP ( 'NONE', ( #197, #4062, #768, #4874 ) ) ;
#3872 = EDGE_CURVE ( 'NONE', #1170, #2758, #4875, .T. ) ;
#3873 = VECTOR ( 'NONE', #121, 1000.000000000000000 ) ;
#3874 = ORIENTED_EDGE ( 'NONE', *, *, #1035, .T. ) ;
#3875 = ORIENTED_EDGE ( 'NONE', *, *, #2651, .T. ) ;
#3876 = FACE_OUTER_BOUND ( 'NONE', #204, .T. ) ;
#3877 = EDGE_LOOP ( 'NONE', ( #4638, #753, #3936, #3179 ) ) ;
#3878 = ORIENTED_EDGE ( 'NONE', *, *, #4618, .F. ) ;
#3879 = CARTESIAN_POINT ( 'NONE',  ( 38.20000000000005258, 20.90429687499999289, 0.000000000000000000 ) ) ;
#3880 = VECTOR ( 'NONE', #810, 1000.000000000000000 ) ;
#3881 = ORIENTED_EDGE ( 'NONE', *, *, #130, .F. ) ;
#3882 = CARTESIAN_POINT ( 'NONE',  ( -13.74999999999998401, 13.25429687500000142, 4.250000000000006217 ) ) ;
#3883 = DIRECTION ( 'NONE',  ( 0.000000000000000000, -1.000000000000000000, 0.000000000000000000 ) ) ;
#3884 = ADVANCED_FACE ( 'NONE', ( #2223 ), #2154, .F. ) ;
#3885 = CARTESIAN_POINT ( 'NONE',  ( -100.0999999999999659, 15.40429687499998934, 2.000000000000000000 ) ) ;
#3886 = CARTESIAN_POINT ( 'NONE',  ( -4.899999999999955058, 16.15429687499999289, 0.5000000000000000000 ) ) ;
#3887 = VERTEX_POINT ( 'NONE', #331 ) ;
#3888 = DIRECTION ( 'NONE',  ( 0.000000000000000000, 1.000000000000000000, 0.000000000000000000 ) ) ;
#3889 = ADVANCED_FACE ( 'NONE', ( #3381 ), #3289, .F. ) ;
#3890 = VECTOR ( 'NONE', #3391, 1000.000000000000000 ) ;
#3891 = CARTESIAN_POINT ( 'NONE',  ( -13.74999999999998401, 23.05429687500000213, 4.250000000000000000 ) ) ;
#3892 = CARTESIAN_POINT ( 'NONE',  ( 46.25000000000000000, 25.25429687499999076, 6.000000000000000000 ) ) ;
#3893 = DIRECTION ( 'NONE',  ( 0.000000000000000000, -0.000000000000000000, 1.000000000000000000 ) ) ;
#3894 = DIRECTION ( 'NONE',  ( 1.000000000000000000, 0.000000000000000000, -1.156482317317871478E-16 ) ) ;
#3895 = EDGE_LOOP ( 'NONE', ( #3058, #842, #3434, #3243 ) ) ;
#3896 = EDGE_CURVE ( 'NONE', #4463, #1174, #3312, .T. ) ;
#3897 = EDGE_LOOP ( 'NONE', ( #3136, #2935, #4394, #3688 ) ) ;
#3898 = LINE ( 'NONE', #1940, #669 ) ;
#3899 = LINE ( 'NONE', #3542, #4732 ) ;
#3900 = AXIS2_PLACEMENT_3D ( 'NONE', #139, #1199, #3467 ) ;
#3901 = ORIENTED_EDGE ( 'NONE', *, *, #695, .F. ) ;
#3902 = VERTEX_POINT ( 'NONE', #1065 ) ;
#3903 = EDGE_LOOP ( 'NONE', ( #2317, #2309, #4530, #647 ) ) ;
#3904 = EDGE_CURVE ( 'NONE', #4872, #959, #1041, .T. ) ;
#3905 = DIRECTION ( 'NONE',  ( -1.000000000000000000, 0.000000000000000000, -0.000000000000000000 ) ) ;
#3906 = ORIENTED_EDGE ( 'NONE', *, *, #3398, .T. ) ;
#3907 = DIRECTION ( 'NONE',  ( 1.000000000000000000, -0.000000000000000000, 1.156482317317871478E-16 ) ) ;
#3908 = ORIENTED_EDGE ( 'NONE', *, *, #2733, .F. ) ;
#3909 = DIRECTION ( 'NONE',  ( 0.000000000000000000, -1.000000000000000000, 0.000000000000000000 ) ) ;
#3910 = CARTESIAN_POINT ( 'NONE',  ( 15.15000000000005187, 20.15429687499999645, 0.5000000000000000000 ) ) ;
#3911 = DIRECTION ( 'NONE',  ( -1.000000000000000000, 0.000000000000000000, 0.000000000000000000 ) ) ;
#3912 = LINE ( 'NONE', #4302, #3227 ) ;
#3913 = ORIENTED_EDGE ( 'NONE', *, *, #4804, .T. ) ;
#3914 = DIRECTION ( 'NONE',  ( 0.000000000000000000, 0.000000000000000000, 1.000000000000000000 ) ) ;
#3915 = PLANE ( 'NONE',  #1569 ) ;
#3916 = CARTESIAN_POINT ( 'NONE',  ( -97.09999999999996589, 16.15429687499998934, 0.5000000000000000000 ) ) ;
#3917 = VECTOR ( 'NONE', #4203, 999.9999999999998863 ) ;
#3918 = VECTOR ( 'NONE', #4118, 1000.000000000000000 ) ;
#3919 = DIRECTION ( 'NONE',  ( 1.000000000000000000, 0.000000000000000000, 0.000000000000000000 ) ) ;
#3920 = FACE_OUTER_BOUND ( 'NONE', #973, .T. ) ;
#3921 = LINE ( 'NONE', #906, #1998 ) ;
#3922 = CARTESIAN_POINT ( 'NONE',  ( 46.25000000000000000, 25.25429687499999076, 0.4000000000000114575 ) ) ;
#3923 = EDGE_CURVE ( 'NONE', #3354, #2740, #2572, .T. ) ;
#3924 = VERTEX_POINT ( 'NONE', #697 ) ;
#3925 = EDGE_LOOP ( 'NONE', ( #1136, #2546, #1792, #1010 ) ) ;
#3926 = CARTESIAN_POINT ( 'NONE',  ( 15.15000000000005187, 20.90429687499999289, 0.000000000000000000 ) ) ;
#3927 = VERTEX_POINT ( 'NONE', #3358 ) ;
#3928 = PLANE ( 'NONE',  #631 ) ;
#3929 = VERTEX_POINT ( 'NONE', #2203 ) ;
#3930 = PLANE ( 'NONE',  #2534 ) ;
#3931 = CARTESIAN_POINT ( 'NONE',  ( 94.00000000000000000, 23.05429687500000213, 0.000000000000000000 ) ) ;
#3932 = VECTOR ( 'NONE', #3087, 1000.000000000000000 ) ;
#3933 = PERSON_AND_ORGANIZATION_ROLE ( 'design_owner' ) ;
#3934 = VECTOR ( 'NONE', #2706, 1000.000000000000000 ) ;
#3935 = DIRECTION ( 'NONE',  ( 1.000000000000000000, -0.000000000000000000, -0.000000000000000000 ) ) ;
#3936 = ORIENTED_EDGE ( 'NONE', *, *, #2547, .T. ) ;
#3937 = DIRECTION ( 'NONE',  ( 0.000000000000000000, 1.000000000000000000, -0.000000000000000000 ) ) ;
#3938 = EDGE_CURVE ( 'NONE', #1299, #2466, #4404, .T. ) ;
#3939 = CARTESIAN_POINT ( 'NONE',  ( -13.74999999999998401, 23.05429687500000213, 4.250000000000000000 ) ) ;
#3940 = CARTESIAN_POINT ( 'NONE',  ( -60.49999999999995026, 20.90429687499999289, 0.000000000000000000 ) ) ;
#3941 = DIRECTION ( 'NONE',  ( 1.000000000000000000, 0.000000000000000000, 0.000000000000000000 ) ) ;
#3942 = DIRECTION ( 'NONE',  ( 0.000000000000000000, -0.000000000000000000, -1.000000000000000000 ) ) ;
#3943 = CARTESIAN_POINT ( 'NONE',  ( 18.25000000000002842, 12.50429687500000142, 3.750000000000007994 ) ) ;
#3944 = DIRECTION ( 'NONE',  ( 1.000000000000000000, 0.000000000000000000, 0.000000000000000000 ) ) ;
#3945 = ADVANCED_FACE ( 'NONE', ( #1016, #4854, #2983, #4500, #3046 ), #4137, .T. ) ;
#3946 = ORIENTED_EDGE ( 'NONE', *, *, #207, .T. ) ;
#3947 = CARTESIAN_POINT ( 'NONE',  ( -135.7499999999999716, 23.15429687500000355, 0.3499999999999999223 ) ) ;
#3948 = AXIS2_PLACEMENT_3D ( 'NONE', #2823, #2140, #563 ) ;
#3949 = EDGE_CURVE ( 'NONE', #2022, #4758, #1544, .T. ) ;
#3950 = VERTEX_POINT ( 'NONE', #4189 ) ;
#3951 = VECTOR ( 'NONE', #4570, 1000.000000000000000 ) ;
#3952 = DIRECTION ( 'NONE',  ( -0.000000000000000000, 0.000000000000000000, 1.000000000000000000 ) ) ;
#3953 = VECTOR ( 'NONE', #3736, 1000.000000000000000 ) ;
#3954 = EDGE_LOOP ( 'NONE', ( #3071, #2813, #1336, #4773 ) ) ;
#3955 = CARTESIAN_POINT ( 'NONE',  ( -131.8999999999999773, 14.40429687500000178, 2.000000000000000000 ) ) ;
#3956 = EDGE_LOOP ( 'NONE', ( #1106, #4407, #4868, #219 ) ) ;
#3957 = LINE ( 'NONE', #4779, #3070 ) ;
#3958 = DIRECTION ( 'NONE',  ( -0.000000000000000000, 0.000000000000000000, 1.000000000000000000 ) ) ;
#3959 = VECTOR ( 'NONE', #2072, 1000.000000000000000 ) ;
#3960 = DIRECTION ( 'NONE',  ( -0.000000000000000000, -0.000000000000000000, 1.000000000000000000 ) ) ;
#3961 = VECTOR ( 'NONE', #4283, 1000.000000000000000 ) ;
#3962 = CARTESIAN_POINT ( 'NONE',  ( -60.74999999999998579, 23.80429687500000213, 4.250000000000000000 ) ) ;
#3963 = VERTEX_POINT ( 'NONE', #3024 ) ;
#3964 = CARTESIAN_POINT ( 'NONE',  ( -39.94999999999996021, 14.40429687499999467, 2.000000000000000000 ) ) ;
#3965 = DIRECTION ( 'NONE',  ( -0.000000000000000000, -1.000000000000000000, -0.000000000000000000 ) ) ;
#3966 = EDGE_CURVE ( 'NONE', #3728, #732, #1152, .T. ) ;
#3967 = DIRECTION ( 'NONE',  ( -0.000000000000000000, -0.000000000000000000, 1.000000000000000000 ) ) ;
#3968 = CARTESIAN_POINT ( 'NONE',  ( -75.74999999999998579, 23.05429687500000213, 3.749999999999998668 ) ) ;
#3969 = CARTESIAN_POINT ( 'NONE',  ( 18.15000000000005187, 20.15429687499999645, 2.000000000000000000 ) ) ;
#3970 = FACE_OUTER_BOUND ( 'NONE', #3603, .T. ) ;
#3971 = DIRECTION ( 'NONE',  ( 0.000000000000000000, 0.000000000000000000, -1.000000000000000000 ) ) ;
#3972 = VERTEX_POINT ( 'NONE', #419 ) ;
#3973 = CARTESIAN_POINT ( 'NONE',  ( 33.25000000000002842, 12.50429687500000142, 4.250000000000006217 ) ) ;
#3974 = ORIENTED_EDGE ( 'NONE', *, *, #4071, .T. ) ;
#3975 = CARTESIAN_POINT ( 'NONE',  ( 18.25000000000001776, 23.80429687500000213, 3.749999999999998668 ) ) ;
#3976 = ORIENTED_EDGE ( 'NONE', *, *, #2607, .F. ) ;
#3977 = ORIENTED_EDGE ( 'NONE', *, *, #3282, .T. ) ;
#3978 = CARTESIAN_POINT ( 'NONE',  ( -107.7499999999999858, 23.05429687500000213, 4.250000000000000000 ) ) ;
#3979 = DIRECTION ( 'NONE',  ( 1.000000000000000000, -3.469446951953614189E-15, 0.000000000000000000 ) ) ;
#3980 = ADVANCED_FACE ( 'NONE', ( #443 ), #3449, .F. ) ;
#3981 = DIRECTION ( 'NONE',  ( 0.000000000000000000, 0.000000000000000000, -1.000000000000000000 ) ) ;
#3982 = DIRECTION ( 'NONE',  ( -0.000000000000000000, 0.000000000000000000, 1.000000000000000000 ) ) ;
#3983 = ORIENTED_EDGE ( 'NONE', *, *, #1444, .T. ) ;
#3984 = CARTESIAN_POINT ( 'NONE',  ( 40.70000000000005258, 21.90429687499998934, 2.000000000000000000 ) ) ;
#3985 = ORIENTED_EDGE ( 'NONE', *, *, #1137, .T. ) ;
#3986 = CARTESIAN_POINT ( 'NONE',  ( -53.99999999999995026, 20.90429687499999289, 0.000000000000000000 ) ) ;
#3987 = LINE ( 'NONE', #4012, #62 ) ;
#3988 = DIRECTION ( 'NONE',  ( -0.5773502691896122974, -0.5773502691896323924, 0.5773502691896323924 ) ) ;
#3989 = ORIENTED_EDGE ( 'NONE', *, *, #2601, .F. ) ;
#3990 = EDGE_CURVE ( 'NONE', #2259, #1799, #2731, .T. ) ;
#3991 = VECTOR ( 'NONE', #745, 1000.000000000000000 ) ;
#3992 = LINE ( 'NONE', #2873, #339 ) ;
#3993 = DIRECTION ( 'NONE',  ( -1.156482317317871478E-16, 0.000000000000000000, 1.000000000000000000 ) ) ;
#3994 = ORIENTED_EDGE ( 'NONE', *, *, #4801, .T. ) ;
#3995 = VECTOR ( 'NONE', #22, 1000.000000000000000 ) ;
#3996 = CARTESIAN_POINT ( 'NONE',  ( -106.5999999999999659, 20.90429687499998934, 0.000000000000000000 ) ) ;
#3997 = ADVANCED_FACE ( 'NONE', ( #3876 ), #3772, .F. ) ;
#3998 = ORIENTED_EDGE ( 'NONE', *, *, #1649, .F. ) ;
#3999 = DIRECTION ( 'NONE',  ( 1.000000000000000000, 0.000000000000000000, -1.156482317317871478E-16 ) ) ;
#4000 = ORIENTED_EDGE ( 'NONE', *, *, #1477, .T. ) ;
#4001 = ORIENTED_EDGE ( 'NONE', *, *, #816, .F. ) ;
#4002 = CARTESIAN_POINT ( 'NONE',  ( -39.94999999999996021, 14.40429687499999467, 0.5000000000000000000 ) ) ;
#4003 = DIRECTION ( 'NONE',  ( -1.000000000000000000, 0.000000000000000000, -1.156482317317871478E-16 ) ) ;
#4004 = CARTESIAN_POINT ( 'NONE',  ( 31.70000000000005613, 20.90429687499999289, 0.000000000000000000 ) ) ;
#4005 = EDGE_CURVE ( 'NONE', #2297, #2046, #833, .T. ) ;
#4006 = VERTEX_POINT ( 'NONE', #1570 ) ;
#4007 = DIRECTION ( 'NONE',  ( -1.000000000000000000, 0.000000000000000000, -0.000000000000000000 ) ) ;
#4008 = EDGE_CURVE ( 'NONE', #2390, #1127, #3073, .T. ) ;
#4009 = VERTEX_POINT ( 'NONE', #1177 ) ;
#4010 = CARTESIAN_POINT ( 'NONE',  ( -137.7499999999999716, 23.80429687500000213, 2.000000000000000000 ) ) ;
#4011 = AXIS2_PLACEMENT_3D ( 'NONE', #2031, #1240, #56 ) ;
#4012 = CARTESIAN_POINT ( 'NONE',  ( -135.4999999999999716, 0.000000000000000000, 0.5999999999999999778 ) ) ;
#4013 = DIRECTION ( 'NONE',  ( 1.000000000000000000, 0.000000000000000000, 0.000000000000000000 ) ) ;
#4014 = ORIENTED_EDGE ( 'NONE', *, *, #4262, .T. ) ;
#4015 = ORIENTED_EDGE ( 'NONE', *, *, #3837, .T. ) ;
#4016 = VECTOR ( 'NONE', #1355, 1000.000000000000000 ) ;
#4017 = CARTESIAN_POINT ( 'NONE',  ( -122.7499999999999858, 23.80429687500000213, 4.249999999999998224 ) ) ;
#4018 = CARTESIAN_POINT ( 'NONE',  ( -27.94999999999995310, 21.90429687499998934, 0.5000000000000000000 ) ) ;
#4019 = VECTOR ( 'NONE', #2369, 1000.000000000000000 ) ;
#4020 = EDGE_LOOP ( 'NONE', ( #2929, #1108, #4826, #619 ) ) ;
#4021 = LINE ( 'NONE', #3973, #881 ) ;
#4022 = ORIENTED_EDGE ( 'NONE', *, *, #1158, .T. ) ;
#4023 = EDGE_CURVE ( 'NONE', #2146, #3817, #3800, .T. ) ;
#4024 = FACE_OUTER_BOUND ( 'NONE', #2263, .T. ) ;
#4025 = VECTOR ( 'NONE', #3212, 1000.000000000000000 ) ;
#4026 = VERTEX_POINT ( 'NONE', #1969 ) ;
#4027 = ORIENTED_EDGE ( 'NONE', *, *, #604, .T. ) ;
#4028 = AXIS2_PLACEMENT_3D ( 'NONE', #1259, #3456, #95 ) ;
#4029 = DIRECTION ( 'NONE',  ( -1.000000000000000000, 0.000000000000000000, 0.000000000000000000 ) ) ;
#4030 = CARTESIAN_POINT ( 'NONE',  ( -60.74999999999998579, 12.50429687500000142, 4.250000000000006217 ) ) ;
#4031 = PLANE ( 'NONE',  #1258 ) ;
#4032 = VERTEX_POINT ( 'NONE', #760 ) ;
#4033 = CARTESIAN_POINT ( 'NONE',  ( 0.000000000000000000, 20.15429687499998934, 2.000000000000000000 ) ) ;
#4034 = ORIENTED_EDGE ( 'NONE', *, *, #392, .T. ) ;
#4035 = EDGE_CURVE ( 'NONE', #3679, #1130, #2635, .T. ) ;
#4036 = DIRECTION ( 'NONE',  ( 1.156482317317871478E-16, 0.000000000000000000, -1.000000000000000000 ) ) ;
#4037 = DIRECTION ( 'NONE',  ( 0.000000000000000000, -0.000000000000000000, 1.000000000000000000 ) ) ;
#4038 = PLANE ( 'NONE',  #4136 ) ;
#4039 = EDGE_LOOP ( 'NONE', ( #537, #2918, #714, #4120 ) ) ;
#4040 = AXIS2_PLACEMENT_3D ( 'NONE', #1031, #616, #4771 ) ;
#4041 = FACE_OUTER_BOUND ( 'NONE', #611, .T. ) ;
#4042 = DIRECTION ( 'NONE',  ( -1.000000000000000000, 0.000000000000000000, -1.156482317317871478E-16 ) ) ;
#4043 = EDGE_CURVE ( 'NONE', #3866, #3526, #3425, .T. ) ;
#4044 = ORIENTED_EDGE ( 'NONE', *, *, #2378, .F. ) ;
#4045 = PLANE ( 'NONE',  #3643 ) ;
#4046 = ORIENTED_EDGE ( 'NONE', *, *, #1582, .T. ) ;
#4047 = AXIS2_PLACEMENT_3D ( 'NONE', #15, #1867, #3373 ) ;
#4048 = DIRECTION ( 'NONE',  ( 0.000000000000000000, 0.000000000000000000, -1.000000000000000000 ) ) ;
#4049 = VERTEX_POINT ( 'NONE', #44 ) ;
#4050 = EDGE_CURVE ( 'NONE', #4776, #3852, #2341, .T. ) ;
#4051 = VERTEX_POINT ( 'NONE', #1229 ) ;
#4052 = DIRECTION ( 'NONE',  ( -1.000000000000000000, 0.000000000000000000, 1.156482317317871478E-16 ) ) ;
#4053 = LINE ( 'NONE', #2595, #2980 ) ;
#4054 = CARTESIAN_POINT ( 'NONE',  ( -60.74999999999998579, 23.05429687500000213, 3.750000000000000444 ) ) ;
#4055 = AXIS2_PLACEMENT_3D ( 'NONE', #4658, #843, #3059 ) ;
#4056 = DIRECTION ( 'NONE',  ( 0.000000000000000000, -1.000000000000000000, 0.000000000000000000 ) ) ;
#4057 = ORIENTED_EDGE ( 'NONE', *, *, #3720, .F. ) ;
#4058 = CARTESIAN_POINT ( 'NONE',  ( -106.5999999999999659, 20.90429687499998934, 0.000000000000000000 ) ) ;
#4059 = LINE ( 'NONE', #2556, #934 ) ;
#4060 = FACE_OUTER_BOUND ( 'NONE', #4835, .T. ) ;
#4061 = EDGE_LOOP ( 'NONE', ( #2799, #859, #3707, #3125 ) ) ;
#4062 = ORIENTED_EDGE ( 'NONE', *, *, #3190, .T. ) ;
#4063 = FACE_OUTER_BOUND ( 'NONE', #3956, .T. ) ;
#4064 = CARTESIAN_POINT ( 'NONE',  ( 46.25000000000000000, 11.05429687500001457, 4.834314575050758123 ) ) ;
#4065 = DIRECTION ( 'NONE',  ( 0.000000000000000000, -0.000000000000000000, -1.000000000000000000 ) ) ;
#4066 = VERTEX_POINT ( 'NONE', #860 ) ;
#4067 = EDGE_CURVE ( 'NONE', #4477, #4472, #2368, .T. ) ;
#4068 = DIRECTION ( 'NONE',  ( -1.000000000000000000, 0.000000000000000000, -1.156482317317871478E-16 ) ) ;
#4069 = VECTOR ( 'NONE', #4013, 1000.000000000000000 ) ;
#4070 = ORIENTED_EDGE ( 'NONE', *, *, #1190, .T. ) ;
#4071 = EDGE_CURVE ( 'NONE', #4066, #3106, #493, .T. ) ;
#4072 = VECTOR ( 'NONE', #3806, 1000.000000000000000 ) ;
#4073 = DIRECTION ( 'NONE',  ( 1.000000000000000000, 0.000000000000000000, 0.000000000000000000 ) ) ;
#4074 = VECTOR ( 'NONE', #3465, 1000.000000000000000 ) ;
#4075 = VERTEX_POINT ( 'NONE', #3497 ) ;
#4076 = ORIENTED_EDGE ( 'NONE', *, *, #4369, .F. ) ;
#4077 = DIRECTION ( 'NONE',  ( -1.000000000000000000, 0.000000000000000000, 1.156482317317871478E-16 ) ) ;
#4078 = EDGE_CURVE ( 'NONE', #1140, #245, #115, .T. ) ;
#4079 = CARTESIAN_POINT ( 'NONE',  ( -4.899999999999955946, 20.15429687499999645, 0.5000000000000000000 ) ) ;
#4080 = CARTESIAN_POINT ( 'NONE',  ( 38.20000000000005258, 20.90429687499999289, 0.000000000000000000 ) ) ;
#4081 = VERTEX_POINT ( 'NONE', #1521 ) ;
#4082 = CARTESIAN_POINT ( 'NONE',  ( -122.7499999999999858, 23.55429687500000213, 3.999999999999998224 ) ) ;
#4083 = DIRECTION ( 'NONE',  ( 0.000000000000000000, -1.000000000000000000, 0.000000000000000000 ) ) ;
#4084 = DIRECTION ( 'NONE',  ( 0.000000000000000000, 1.000000000000000000, 0.000000000000000000 ) ) ;
#4085 = EDGE_CURVE ( 'NONE', #2275, #3353, #808, .T. ) ;
#4086 = ORIENTED_EDGE ( 'NONE', *, *, #4289, .T. ) ;
#4087 = CARTESIAN_POINT ( 'NONE',  ( -122.7499999999999858, 23.05429687500000213, 4.249999999999998224 ) ) ;
#4088 = CARTESIAN_POINT ( 'NONE',  ( 18.25000000000002842, 13.25429687500000142, 3.750000000000007994 ) ) ;
#4089 = CARTESIAN_POINT ( 'NONE',  ( 31.70000000000005613, 20.90429687499999289, 0.000000000000000000 ) ) ;
#4090 = VECTOR ( 'NONE', #4635, 1000.000000000000000 ) ;
#4091 = VECTOR ( 'NONE', #929, 1000.000000000000000 ) ;
#4092 = FACE_OUTER_BOUND ( 'NONE', #1034, .T. ) ;
#4093 = VERTEX_POINT ( 'NONE', #2805 ) ;
#4094 = VECTOR ( 'NONE', #946, 1000.000000000000000 ) ;
#4095 = DIRECTION ( 'NONE',  ( 1.000000000000000000, 2.168404344971006896E-16, 0.000000000000000000 ) ) ;
#4096 = ORIENTED_EDGE ( 'NONE', *, *, #3308, .F. ) ;
#4097 = EDGE_CURVE ( 'NONE', #4114, #678, #3206, .T. ) ;
#4098 = VERTEX_POINT ( 'NONE', #2045 ) ;
#4099 = DIRECTION ( 'NONE',  ( -1.000000000000000000, 0.000000000000000000, 0.000000000000000000 ) ) ;
#4100 = PLANE ( 'NONE',  #2755 ) ;
#4101 = ADVANCED_FACE ( 'NONE', ( #3548 ), #937, .T. ) ;
#4102 = CARTESIAN_POINT ( 'NONE',  ( 33.25000000000002842, 13.25429687500000142, 4.250000000000006217 ) ) ;
#4103 = ORIENTED_EDGE ( 'NONE', *, *, #1470, .T. ) ;
#4104 = DIRECTION ( 'NONE',  ( -0.000000000000000000, 1.000000000000000000, -0.000000000000000000 ) ) ;
#4105 = LINE ( 'NONE', #2557, #2722 ) ;
#4106 = VERTEX_POINT ( 'NONE', #3598 ) ;
#4107 = VECTOR ( 'NONE', #2271, 1000.000000000000000 ) ;
#4108 = ORIENTED_EDGE ( 'NONE', *, *, #4174, .T. ) ;
#4109 = DIRECTION ( 'NONE',  ( 0.000000000000000000, -1.000000000000000000, 0.000000000000000000 ) ) ;
#4110 = EDGE_CURVE ( 'NONE', #1915, #3170, #618, .T. ) ;
#4111 = PLANE ( 'NONE',  #952 ) ;
#4112 = CARTESIAN_POINT ( 'NONE',  ( -107.7499999999999858, 12.75429687500000142, 4.250000000000006217 ) ) ;
#4113 = DIRECTION ( 'NONE',  ( 0.000000000000000000, 0.000000000000000000, -1.000000000000000000 ) ) ;
#4114 = VERTEX_POINT ( 'NONE', #2123 ) ;
#4115 = EDGE_LOOP ( 'NONE', ( #2198, #4212, #4861, #806 ) ) ;
#4116 = ORIENTED_EDGE ( 'NONE', *, *, #3629, .T. ) ;
#4117 = CARTESIAN_POINT ( 'NONE',  ( -107.7499999999999858, 23.80429687500000213, 4.250000000000000000 ) ) ;
#4118 = DIRECTION ( 'NONE',  ( -0.000000000000000000, -1.000000000000000000, -0.000000000000000000 ) ) ;
#4119 = CARTESIAN_POINT ( 'NONE',  ( -13.74999999999998401, 12.50429687500000142, 4.250000000000006217 ) ) ;
#4120 = ORIENTED_EDGE ( 'NONE', *, *, #2240, .T. ) ;
#4121 = ADVANCED_FACE ( 'NONE', ( #172 ), #1672, .F. ) ;
#4122 = CARTESIAN_POINT ( 'NONE',  ( -74.04999999999996874, 20.15429687500000711, 0.5000000000000000000 ) ) ;
#4123 = VECTOR ( 'NONE', #2697, 1000.000000000000000 ) ;
#4124 = DIRECTION ( 'NONE',  ( -0.000000000000000000, -0.000000000000000000, -1.000000000000000000 ) ) ;
#4125 = ORIENTED_EDGE ( 'NONE', *, *, #677, .T. ) ;
#4126 = CARTESIAN_POINT ( 'NONE',  ( -135.2499999999999716, 13.15429687500000355, 0.000000000000000000 ) ) ;
#4127 = DIRECTION ( 'NONE',  ( 0.000000000000000000, 0.7071067811865475727, 0.7071067811865475727 ) ) ;
#4128 = LINE ( 'NONE', #3038, #4412 ) ;
#4129 = ADVANCED_FACE ( 'NONE', ( #2854 ), #886, .F. ) ;
#4130 = DIRECTION ( 'NONE',  ( 0.000000000000000000, 0.000000000000000000, 1.000000000000000000 ) ) ;
#4131 = ORIENTED_EDGE ( 'NONE', *, *, #2142, .F. ) ;
#4132 = CARTESIAN_POINT ( 'NONE',  ( 5.650000000000050981, 20.15429687499999289, 0.5000000000000000000 ) ) ;
#4133 = ORIENTED_EDGE ( 'NONE', *, *, #4889, .F. ) ;
#4134 = ADVANCED_FACE ( 'NONE', ( #4672 ), #1277, .F. ) ;
#4135 = ORIENTED_EDGE ( 'NONE', *, *, #4352, .F. ) ;
#4136 = AXIS2_PLACEMENT_3D ( 'NONE', #609, #1687, #2508 ) ;
#4137 = PLANE ( 'NONE',  #3202 ) ;
#4138 = APPROVAL_STATUS ( 'not_yet_approved' ) ;
#4139 = VECTOR ( 'NONE', #2408, 1000.000000000000000 ) ;
#4140 = CARTESIAN_POINT ( 'NONE',  ( -86.54999999999995453, 20.15429687500000711, 0.5000000000000000000 ) ) ;
#4141 = CARTESIAN_POINT ( 'NONE',  ( -77.04999999999995453, 20.15429687500000711, 0.000000000000000000 ) ) ;
#4142 = ORIENTED_EDGE ( 'NONE', *, *, #3286, .F. ) ;
#4143 = CARTESIAN_POINT ( 'NONE',  ( -122.7499999999999858, 12.50429687500000142, 3.750000000000007994 ) ) ;
#4144 = EDGE_CURVE ( 'NONE', #3213, #1030, #593, .T. ) ;
#4145 = FACE_OUTER_BOUND ( 'NONE', #3674, .T. ) ;
#4146 = ORIENTED_EDGE ( 'NONE', *, *, #1750, .T. ) ;
#4147 = ORIENTED_EDGE ( 'NONE', *, *, #2614, .F. ) ;
#4148 = CARTESIAN_POINT ( 'NONE',  ( -137.7499999999999716, 12.50429687500000142, 6.000011999999999901 ) ) ;
#4149 = EDGE_CURVE ( 'NONE', #3170, #2297, #4269, .T. ) ;
#4150 = DIRECTION ( 'NONE',  ( 1.000000000000000000, 0.000000000000000000, -0.000000000000000000 ) ) ;
#4151 = DIRECTION ( 'NONE',  ( 0.000000000000000000, 0.000000000000000000, -1.000000000000000000 ) ) ;
#4152 = CARTESIAN_POINT ( 'NONE',  ( 33.25000000000002842, 13.25429687500000142, 3.750000000000006217 ) ) ;
#4153 = ORIENTED_EDGE ( 'NONE', *, *, #1675, .F. ) ;
#4154 = ADVANCED_FACE ( 'NONE', ( #964 ), #3178, .F. ) ;
#4155 = CARTESIAN_POINT ( 'NONE',  ( 5.650000000000050981, 20.15429687499999289, 0.5000000000000000000 ) ) ;
#4156 = AXIS2_PLACEMENT_3D ( 'NONE', #2529, #1000, #4037 ) ;
#4157 = AXIS2_PLACEMENT_3D ( 'NONE', #1541, #414, #1172 ) ;
#4158 = ORIENTED_EDGE ( 'NONE', *, *, #2199, .F. ) ;
#4159 = VECTOR ( 'NONE', #4099, 1000.000000000000000 ) ;
#4160 = ORIENTED_EDGE ( 'NONE', *, *, #1824, .F. ) ;
#4161 = EDGE_CURVE ( 'NONE', #2093, #2890, #2780, .T. ) ;
#4162 = ORIENTED_EDGE ( 'NONE', *, *, #3319, .T. ) ;
#4163 = DIRECTION ( 'NONE',  ( 0.000000000000000000, 1.000000000000000000, 0.000000000000000000 ) ) ;
#4164 = LINE ( 'NONE', #4501, #4543 ) ;
#4165 = CARTESIAN_POINT ( 'NONE',  ( -14.39999999999995417, 20.15429687499999289, 0.000000000000000000 ) ) ;
#4166 = ORIENTED_EDGE ( 'NONE', *, *, #1566, .T. ) ;
#4167 = LINE ( 'NONE', #2713, #2456 ) ;
#4168 = DIRECTION ( 'NONE',  ( -0.000000000000000000, -0.000000000000000000, 1.000000000000000000 ) ) ;
#4169 = DIRECTION ( 'NONE',  ( -1.000000000000000000, 0.000000000000000000, -1.156482317317871478E-16 ) ) ;
#4170 = ORIENTED_EDGE ( 'NONE', *, *, #3469, .F. ) ;
#4171 = EDGE_LOOP ( 'NONE', ( #1972, #4560, #2391, #4707 ) ) ;
#4172 = AXIS2_PLACEMENT_3D ( 'NONE', #3644, #1005, #268 ) ;
#4173 = DIRECTION ( 'NONE',  ( -1.000000000000000000, -2.775557561562890858E-16, 0.000000000000000000 ) ) ;
#4174 = EDGE_CURVE ( 'NONE', #1773, #2730, #4698, .T. ) ;
#4175 = DIRECTION ( 'NONE',  ( 0.000000000000000000, -1.000000000000000000, 0.000000000000000000 ) ) ;
#4176 = VECTOR ( 'NONE', #1693, 1000.000000000000000 ) ;
#4177 = PLANE ( 'NONE',  #1556 ) ;
#4178 = AXIS2_PLACEMENT_3D ( 'NONE', #1925, #4753, #2424 ) ;
#4179 = CARTESIAN_POINT ( 'NONE',  ( -139.1642135623730780, 25.65429687500000355, 5.000000000000000000 ) ) ;
#4180 = VERTEX_POINT ( 'NONE', #1325 ) ;
#4181 = LINE ( 'NONE', #3040, #4676 ) ;
#4182 = EDGE_CURVE ( 'NONE', #2652, #3337, #1350, .T. ) ;
#4183 = ORIENTED_EDGE ( 'NONE', *, *, #3282, .F. ) ;
#4184 = DIRECTION ( 'NONE',  ( 1.000000000000000000, 0.000000000000000000, 0.000000000000000000 ) ) ;
#4185 = EDGE_CURVE ( 'NONE', #1637, #1351, #1621, .T. ) ;
#4186 = AXIS2_PLACEMENT_3D ( 'NONE', #2626, #4127, #4257 ) ;
#4187 = VERTEX_POINT ( 'NONE', #4345 ) ;
#4188 = ORIENTED_EDGE ( 'NONE', *, *, #2059, .T. ) ;
#4189 = CARTESIAN_POINT ( 'NONE',  ( -74.04999999999998295, 16.15429687500000711, 0.5000000000000000000 ) ) ;
#4190 = CARTESIAN_POINT ( 'NONE',  ( -86.54999999999995453, 16.15429687500000711, 2.000000000000000000 ) ) ;
#4191 = FACE_BOUND ( 'NONE', #2520, .T. ) ;
#4192 = EDGE_CURVE ( 'NONE', #803, #1226, #2467, .T. ) ;
#4193 = ORIENTED_EDGE ( 'NONE', *, *, #2264, .F. ) ;
#4194 = DIRECTION ( 'NONE',  ( 0.000000000000000000, -1.000000000000000000, 0.000000000000000000 ) ) ;
#4195 = CARTESIAN_POINT ( 'NONE',  ( -137.3499999999999659, 10.65429687500000355, 6.000000000000000000 ) ) ;
#4196 = DIRECTION ( 'NONE',  ( -1.000000000000000000, 2.891205793294677833E-16, -0.000000000000000000 ) ) ;
#4197 = ORIENTED_EDGE ( 'NONE', *, *, #2852, .T. ) ;
#4198 = EDGE_LOOP ( 'NONE', ( #484, #966, #3748, #94, #4210 ) ) ;
#4199 = CARTESIAN_POINT ( 'NONE',  ( 38.20000000000005258, 20.90429687499999289, 0.000000000000000000 ) ) ;
#4200 = FACE_OUTER_BOUND ( 'NONE', #2152, .T. ) ;
#4201 = EDGE_CURVE ( 'NONE', #1051, #4373, #2419, .T. ) ;
#4202 = LINE ( 'NONE', #900, #4488 ) ;
#4203 = DIRECTION ( 'NONE',  ( 0.5773502691896257311, -0.5773502691896257311, 0.5773502691896257311 ) ) ;
#4204 = EDGE_LOOP ( 'NONE', ( #3237, #3901, #2662, #3559 ) ) ;
#4205 = AXIS2_PLACEMENT_3D ( 'NONE', #4304, #3584, #923 ) ;
#4206 = DIRECTION ( 'NONE',  ( 1.000000000000000000, 0.000000000000000000, 0.000000000000000000 ) ) ;
#4207 = VERTEX_POINT ( 'NONE', #3975 ) ;
#4208 = DIRECTION ( 'NONE',  ( 0.7071067811865475727, 0.000000000000000000, 0.7071067811865475727 ) ) ;
#4209 = CARTESIAN_POINT ( 'NONE',  ( -51.74999999999995026, 21.90429687500000000, 0.5000000000000000000 ) ) ;
#4210 = ORIENTED_EDGE ( 'NONE', *, *, #1053, .F. ) ;
#4211 = ADVANCED_FACE ( 'NONE', ( #1828 ), #3352, .F. ) ;
#4212 = ORIENTED_EDGE ( 'NONE', *, *, #395, .T. ) ;
#4213 = DIRECTION ( 'NONE',  ( 0.000000000000000000, -0.000000000000000000, -1.000000000000000000 ) ) ;
#4214 = ORIENTED_EDGE ( 'NONE', *, *, #3990, .F. ) ;
#4215 = CARTESIAN_POINT ( 'NONE',  ( -53.99999999999995026, 15.40429687499999112, 0.000000000000000000 ) ) ;
#4216 = FACE_OUTER_BOUND ( 'NONE', #2975, .T. ) ;
#4217 = ORIENTED_EDGE ( 'NONE', *, *, #1532, .T. ) ;
#4218 = VECTOR ( 'NONE', #3988, 1000.000000000000114 ) ;
#4219 = UNCERTAINTY_MEASURE_WITH_UNIT (LENGTH_MEASURE( 1.000000000000000082E-05 ), #2888, 'distance_accuracy_value', 'NONE');
#4220 = CARTESIAN_POINT ( 'NONE',  ( -77.04999999999995453, 16.15429687500000711, 0.5000000000000000000 ) ) ;
#4221 = ADVANCED_FACE ( 'NONE', ( #2879 ), #4851, .T. ) ;
#4222 = CARTESIAN_POINT ( 'NONE',  ( -27.94999999999995310, 14.40429687499999467, 0.5000000000000000000 ) ) ;
#4223 = CARTESIAN_POINT ( 'NONE',  ( 15.15000000000005187, 20.90429687499999289, 2.000000000000000000 ) ) ;
#4224 = LOCAL_TIME ( 20, 44, 11.00000000000000000, #1133 ) ;
#4225 = PLANE ( 'NONE',  #2360 ) ;
#4226 = AXIS2_PLACEMENT_3D ( 'NONE', #4454, #2, #2913 ) ;
#4227 = ORIENTED_EDGE ( 'NONE', *, *, #3416, .T. ) ;
#4228 = FACE_OUTER_BOUND ( 'NONE', #3821, .T. ) ;
#4229 = DIRECTION ( 'NONE',  ( -1.000000000000000000, 0.000000000000000000, -1.156482317317871478E-16 ) ) ;
#4230 = EDGE_CURVE ( 'NONE', #4066, #4442, #3676, .T. ) ;
#4231 = LINE ( 'NONE', #3111, #312 ) ;
#4232 = CARTESIAN_POINT ( 'NONE',  ( -63.74999999999994316, 14.40429687500000178, 2.000000000000000000 ) ) ;
#4233 = DIRECTION ( 'NONE',  ( -1.000000000000000000, 2.891205793294679312E-16, -0.000000000000000000 ) ) ;
#4234 = EDGE_LOOP ( 'NONE', ( #635, #553, #864, #3496 ) ) ;
#4235 = ORIENTED_EDGE ( 'NONE', *, *, #3791, .F. ) ;
#4236 = ORIENTED_EDGE ( 'NONE', *, *, #4772, .T. ) ;
#4237 = FACE_OUTER_BOUND ( 'NONE', #2668, .T. ) ;
#4238 = CARTESIAN_POINT ( 'NONE',  ( -27.94999999999995310, 21.90429687499998934, 0.5000000000000000000 ) ) ;
#4239 = ORIENTED_EDGE ( 'NONE', *, *, #3398, .F. ) ;
#4240 = VERTEX_POINT ( 'NONE', #4557 ) ;
#4241 = ADVANCED_FACE ( 'NONE', ( #277 ), #4400, .F. ) ;
#4242 = VECTOR ( 'NONE', #1576, 1000.000000000000000 ) ;
#4243 = CARTESIAN_POINT ( 'NONE',  ( 8.650000000000053646, 20.90429687499999289, 0.5000000000000000000 ) ) ;
#4244 = EDGE_CURVE ( 'NONE', #987, #2073, #3283, .T. ) ;
#4245 = ORIENTED_EDGE ( 'NONE', *, *, #3483, .F. ) ;
#4246 = DIRECTION ( 'NONE',  ( 1.000000000000000000, -0.000000000000000000, 1.156482317317871478E-16 ) ) ;
#4247 = AXIS2_PLACEMENT_3D ( 'NONE', #1527, #2693, #4275 ) ;
#4248 = VECTOR ( 'NONE', #3569, 1000.000000000000000 ) ;
#4249 = ORIENTED_EDGE ( 'NONE', *, *, #292, .F. ) ;
#4250 = DIRECTION ( 'NONE',  ( -0.000000000000000000, 0.000000000000000000, 1.000000000000000000 ) ) ;
#4251 = CARTESIAN_POINT ( 'NONE',  ( -75.74999999999998579, 23.55429687500000213, 4.249999999999998224 ) ) ;
#4252 = EDGE_CURVE ( 'NONE', #2390, #2758, #3306, .T. ) ;
#4253 = CARTESIAN_POINT ( 'NONE',  ( 45.84999999999998721, 0.000000000000000000, 0.000000000000000000 ) ) ;
#4254 = CARTESIAN_POINT ( 'NONE',  ( -37.44999999999995310, 20.90429687499999289, 0.000000000000000000 ) ) ;
#4255 = ORIENTED_EDGE ( 'NONE', *, *, #3216, .T. ) ;
#4256 = CARTESIAN_POINT ( 'NONE',  ( -122.7499999999999858, 23.55429687500000213, 3.749999999999998668 ) ) ;
#4257 = DIRECTION ( 'NONE',  ( 1.000000000000000000, -0.000000000000000000, 0.000000000000000000 ) ) ;
#4258 = CARTESIAN_POINT ( 'NONE',  ( 46.25000000000000000, 23.80429687500000213, 2.000000000000000000 ) ) ;
#4259 = CARTESIAN_POINT ( 'NONE',  ( -7.899999999999955946, 20.90429687499999289, 0.5000000000000000000 ) ) ;
#4260 = FACE_OUTER_BOUND ( 'NONE', #3256, .T. ) ;
#4261 = ORIENTED_EDGE ( 'NONE', *, *, #3896, .T. ) ;
#4262 = EDGE_CURVE ( 'NONE', #245, #324, #3335, .T. ) ;
#4263 = ORIENTED_EDGE ( 'NONE', *, *, #1056, .F. ) ;
#4264 = LINE ( 'NONE', #879, #1831 ) ;
#4265 = LINE ( 'NONE', #907, #4091 ) ;
#4266 = EDGE_LOOP ( 'NONE', ( #621, #4267, #4160, #4499 ) ) ;
#4267 = ORIENTED_EDGE ( 'NONE', *, *, #4522, .F. ) ;
#4268 = ORIENTED_EDGE ( 'NONE', *, *, #3822, .F. ) ;
#4269 = LINE ( 'NONE', #3126, #2335 ) ;
#4270 = ORIENTED_EDGE ( 'NONE', *, *, #3055, .T. ) ;
#4271 = DIRECTION ( 'NONE',  ( 0.000000000000000000, 0.000000000000000000, -1.000000000000000000 ) ) ;
#4272 = VECTOR ( 'NONE', #667, 1000.000000000000000 ) ;
#4273 = ORIENTED_EDGE ( 'NONE', *, *, #143, .T. ) ;
#4274 = PLANE ( 'NONE',  #1427 ) ;
#4275 = DIRECTION ( 'NONE',  ( 0.000000000000000000, 0.000000000000000000, -1.000000000000000000 ) ) ;
#4276 = DIRECTION ( 'NONE',  ( -0.000000000000000000, 1.000000000000000000, -0.000000000000000000 ) ) ;
#4277 = DIRECTION ( 'NONE',  ( 1.000000000000000000, 0.000000000000000000, 0.000000000000000000 ) ) ;
#4278 = ADVANCED_FACE ( 'NONE', ( #2956 ), #2589, .F. ) ;
#4279 = ORIENTED_EDGE ( 'NONE', *, *, #1150, .F. ) ;
#4280 = LINE ( 'NONE', #4199, #3815 ) ;
#4281 = ADVANCED_FACE ( 'NONE', ( #302 ), #1798, .F. ) ;
#4282 = VECTOR ( 'NONE', #707, 1000.000000000000000 ) ;
#4283 = DIRECTION ( 'NONE',  ( 0.000000000000000000, 0.000000000000000000, -1.000000000000000000 ) ) ;
#4284 = DIRECTION ( 'NONE',  ( -0.7071067811865597852, -0.7071067811865352493, -0.000000000000000000 ) ) ;
#4285 = CARTESIAN_POINT ( 'NONE',  ( -122.7499999999999858, 13.25429687500000142, 3.750000000000007994 ) ) ;
#4286 = DIRECTION ( 'NONE',  ( 0.000000000000000000, -0.000000000000000000, -1.000000000000000000 ) ) ;
#4287 = CARTESIAN_POINT ( 'NONE',  ( 31.70000000000005613, 20.90429687499999289, 0.5000000000000000000 ) ) ;
#4288 = LINE ( 'NONE', #3518, #2036 ) ;
#4289 = EDGE_CURVE ( 'NONE', #4049, #4517, #2306, .T. ) ;
#4290 = VECTOR ( 'NONE', #3888, 1000.000000000000000 ) ;
#4291 = VERTEX_POINT ( 'NONE', #1061 ) ;
#4292 = VERTEX_POINT ( 'NONE', #2518 ) ;
#4293 = ORIENTED_EDGE ( 'NONE', *, *, #4262, .F. ) ;
#4294 = ADVANCED_FACE ( 'NONE', ( #1400 ), #1429, .F. ) ;
#4295 = CARTESIAN_POINT ( 'NONE',  ( -63.74999999999994316, 21.90429687500000000, 0.5000000000000000000 ) ) ;
#4296 = ORIENTED_EDGE ( 'NONE', *, *, #1711, .F. ) ;
#4297 = DIRECTION ( 'NONE',  ( -1.156482317317871478E-16, 0.000000000000000000, 1.000000000000000000 ) ) ;
#4298 = ORIENTED_EDGE ( 'NONE', *, *, #440, .T. ) ;
#4299 = CARTESIAN_POINT ( 'NONE',  ( 33.25000000000002842, 23.80429687500000213, 3.750000000000000444 ) ) ;
#4300 = DIRECTION ( 'NONE',  ( 0.000000000000000000, 0.000000000000000000, 1.000000000000000000 ) ) ;
#4301 = CALENDAR_DATE ( 2025, 31, 7 ) ;
#4302 = CARTESIAN_POINT ( 'NONE',  ( 40.70000000000005258, 21.90429687499998934, 0.5000000000000000000 ) ) ;
#4303 = ORIENTED_EDGE ( 'NONE', *, *, #3746, .F. ) ;
#4304 = CARTESIAN_POINT ( 'NONE',  ( -109.5999999999999801, 16.15429687499998934, 0.5000000000000000000 ) ) ;
#4305 = ADVANCED_FACE ( 'NONE', ( #1474 ), #2978, .F. ) ;
#4306 = LINE ( 'NONE', #3939, #1342 ) ;
#4307 = CARTESIAN_POINT ( 'NONE',  ( 0.000000000000000000, 0.000000000000000000, 0.5000000000000000000 ) ) ;
#4308 = VECTOR ( 'NONE', #2531, 999.9999999999998863 ) ;
#4309 = AXIS2_PLACEMENT_3D ( 'NONE', #45, #1501, #4855 ) ;
#4310 = FACE_OUTER_BOUND ( 'NONE', #1717, .T. ) ;
#4311 = CARTESIAN_POINT ( 'NONE',  ( -75.74999999999998579, 23.55429687500000213, 3.999999999999998224 ) ) ;
#4312 = ORIENTED_EDGE ( 'NONE', *, *, #4005, .F. ) ;
#4313 = EDGE_CURVE ( 'NONE', #803, #2603, #4775, .T. ) ;
#4314 = DIRECTION ( 'NONE',  ( -0.5773502691896190697, -0.5773502691896391648, -0.5773502691896191807 ) ) ;
#4315 = DIRECTION ( 'NONE',  ( 1.000000000000000000, -0.000000000000000000, 1.156482317317871478E-16 ) ) ;
#4316 = VERTEX_POINT ( 'NONE', #1036 ) ;
#4317 = CARTESIAN_POINT ( 'NONE',  ( -75.74999999999998579, 12.50429687500000142, 3.750000000000007994 ) ) ;
#4318 = VERTEX_POINT ( 'NONE', #670 ) ;
#4319 = VERTEX_POINT ( 'NONE', #2934 ) ;
#4320 = DIRECTION ( 'NONE',  ( 2.168404344971006896E-16, -1.000000000000000000, 0.000000000000000000 ) ) ;
#4321 = EDGE_LOOP ( 'NONE', ( #4849, #715, #1453, #349, #1366, #2097, #3153, #266 ) ) ;
#4322 = DIRECTION ( 'NONE',  ( 1.000000000000000000, 0.000000000000000000, 0.000000000000000000 ) ) ;
#4323 = ADVANCED_FACE ( 'NONE', ( #4024 ), #646, .F. ) ;
#4324 = ORIENTED_EDGE ( 'NONE', *, *, #3579, .F. ) ;
#4325 = DESIGN_CONTEXT ( 'detailed design', #1976, 'design' ) ;
#4326 = DIRECTION ( 'NONE',  ( -0.000000000000000000, -0.000000000000000000, 1.000000000000000000 ) ) ;
#4327 = CARTESIAN_POINT ( 'NONE',  ( -137.7499999999999716, 12.50429687500000142, 2.000000000000000000 ) ) ;
#4328 = AXIS2_PLACEMENT_3D ( 'NONE', #3068, #4561, #1040 ) ;
#4329 = CARTESIAN_POINT ( 'NONE',  ( -107.7499999999999858, 23.80429687500000213, 3.750000000000000444 ) ) ;
#4330 = ORIENTED_EDGE ( 'NONE', *, *, #3205, .T. ) ;
#4331 = DIRECTION ( 'NONE',  ( 1.000000000000000000, -0.000000000000000000, 1.156482317317871478E-16 ) ) ;
#4332 = VECTOR ( 'NONE', #2053, 1000.000000000000000 ) ;
#4333 = DIRECTION ( 'NONE',  ( 1.000000000000000000, 0.000000000000000000, 0.000000000000000000 ) ) ;
#4334 = DIRECTION ( 'NONE',  ( 1.000000000000000000, 0.000000000000000000, -1.156482317317871478E-16 ) ) ;
#4335 = CARTESIAN_POINT ( 'NONE',  ( 18.25000000000002842, 23.05429687500000213, 3.749999999999998668 ) ) ;
#4336 = PLANE ( 'NONE',  #4592 ) ;
#4337 = EDGE_CURVE ( 'NONE', #1454, #393, #4688, .T. ) ;
#4338 = CARTESIAN_POINT ( 'NONE',  ( -131.8999999999999773, 21.90429687500000355, 0.5000000000000000000 ) ) ;
#4339 = CARTESIAN_POINT ( 'NONE',  ( -135.4999999999999716, 13.40429687500000355, 0.5999999999999999778 ) ) ;
#4340 = ORIENTED_EDGE ( 'NONE', *, *, #637, .T. ) ;
#4341 = PLANE ( 'NONE',  #2924 ) ;
#4342 = VECTOR ( 'NONE', #1215, 1000.000000000000000 ) ;
#4343 = ORIENTED_EDGE ( 'NONE', *, *, #3488, .F. ) ;
#4344 = ADVANCED_FACE ( 'NONE', ( #83 ), #2771, .F. ) ;
#4345 = CARTESIAN_POINT ( 'NONE',  ( 46.25000000000000711, 12.50429687500000142, 2.000000000000000000 ) ) ;
#4346 = AXIS2_PLACEMENT_3D ( 'NONE', #3102, #1232, #1526 ) ;
#4347 = ORIENTED_EDGE ( 'NONE', *, *, #3251, .T. ) ;
#4348 = ORIENTED_EDGE ( 'NONE', *, *, #1158, .F. ) ;
#4349 = LINE ( 'NONE', #918, #1957 ) ;
#4350 = CARTESIAN_POINT ( 'NONE',  ( 47.00000000000000000, 23.55429687500000213, 4.000000000000012434 ) ) ;
#4351 = DIRECTION ( 'NONE',  ( 0.000000000000000000, 0.000000000000000000, -1.000000000000000000 ) ) ;
#4352 = EDGE_CURVE ( 'NONE', #4891, #460, #3113, .T. ) ;
#4353 = VECTOR ( 'NONE', #3016, 1000.000000000000000 ) ;
#4354 = LINE ( 'NONE', #2156, #2283 ) ;
#4355 = ORIENTED_EDGE ( 'NONE', *, *, #1175, .T. ) ;
#4356 = FACE_OUTER_BOUND ( 'NONE', #534, .T. ) ;
#4357 = ORIENTED_EDGE ( 'NONE', *, *, #3791, .T. ) ;
#4358 = CARTESIAN_POINT ( 'NONE',  ( -106.5999999999999659, 20.90429687499998934, 0.5000000000000000000 ) ) ;
#4359 = CYLINDRICAL_SURFACE ( 'NONE', #2268, 0.2500000000000000000 ) ;
#4360 = CARTESIAN_POINT ( 'NONE',  ( -15.34999999999712905, -50.54570312499929230, 61.59999999999930509 ) ) ;
#4361 = VERTEX_POINT ( 'NONE', #1984 ) ;
#4362 = ORIENTED_EDGE ( 'NONE', *, *, #3351, .T. ) ;
#4363 = CARTESIAN_POINT ( 'NONE',  ( -77.04999999999995453, 20.15429687500000711, 2.000000000000000000 ) ) ;
#4364 = DIRECTION ( 'NONE',  ( 0.000000000000000000, -1.000000000000000000, 0.000000000000000000 ) ) ;
#4365 = ORIENTED_EDGE ( 'NONE', *, *, #582, .T. ) ;
#4366 = CARTESIAN_POINT ( 'NONE',  ( -107.7499999999999858, 23.80429687500000213, 4.250000000000000000 ) ) ;
#4367 = EDGE_LOOP ( 'NONE', ( #1567, #3083, #2494, #3009, #4135, #2970 ) ) ;
#4368 = AXIS2_PLACEMENT_3D ( 'NONE', #2503, #4007, #3560 ) ;
#4369 = EDGE_CURVE ( 'NONE', #1236, #4800, #2407, .T. ) ;
#4370 = CARTESIAN_POINT ( 'NONE',  ( 46.25000000000000000, 23.80429687500000213, 6.000011999999999901 ) ) ;
#4371 = ORIENTED_EDGE ( 'NONE', *, *, #3001, .F. ) ;
#4372 = EDGE_CURVE ( 'NONE', #2087, #4776, #1585, .T. ) ;
#4373 = VERTEX_POINT ( 'NONE', #874 ) ;
#4374 = CARTESIAN_POINT ( 'NONE',  ( -107.7499999999999858, 13.25429687500000142, 3.750000000000006217 ) ) ;
#4375 = EDGE_LOOP ( 'NONE', ( #4497, #3182, #4807, #4566, #3660, #4469 ) ) ;
#4376 = DIRECTION ( 'NONE',  ( 0.000000000000000000, -0.000000000000000000, 1.000000000000000000 ) ) ;
#4377 = CARTESIAN_POINT ( 'NONE',  ( -123.1499999999999773, 20.90429687500000355, 0.000000000000000000 ) ) ;
#4378 = LINE ( 'NONE', #3582, #4025 ) ;
#4379 = VERTEX_POINT ( 'NONE', #2794 ) ;
#4380 = CARTESIAN_POINT ( 'NONE',  ( -14.39999999999995062, 16.15429687499998934, 2.000000000000000000 ) ) ;
#4381 = ADVANCED_FACE ( 'NONE', ( #2008 ), #4610, .F. ) ;
#4382 = ORIENTED_EDGE ( 'NONE', *, *, #689, .F. ) ;
#4383 = FACE_OUTER_BOUND ( 'NONE', #2827, .T. ) ;
#4384 = LINE ( 'NONE', #4413, #463 ) ;
#4385 = FACE_OUTER_BOUND ( 'NONE', #3330, .T. ) ;
#4386 = VERTEX_POINT ( 'NONE', #162 ) ;
#4387 = ORIENTED_EDGE ( 'NONE', *, *, #141, .T. ) ;
#4388 = EDGE_CURVE ( 'NONE', #3253, #1889, #3511, .T. ) ;
#4389 = ADVANCED_FACE ( 'NONE', ( #4310 ), #2723, .F. ) ;
#4390 = VECTOR ( 'NONE', #544, 1000.000000000000000 ) ;
#4391 = FACE_OUTER_BOUND ( 'NONE', #3925, .T. ) ;
#4392 = DIRECTION ( 'NONE',  ( 0.000000000000000000, -1.000000000000000000, 0.000000000000000000 ) ) ;
#4393 = VECTOR ( 'NONE', #3733, 1000.000000000000000 ) ;
#4394 = ORIENTED_EDGE ( 'NONE', *, *, #91, .F. ) ;
#4395 = AXIS2_PLACEMENT_3D ( 'NONE', #1952, #3857, #154 ) ;
#4396 = AXIS2_PLACEMENT_3D ( 'NONE', #2393, #3999, #1301 ) ;
#4397 = DIRECTION ( 'NONE',  ( 0.000000000000000000, -1.000000000000000000, 0.000000000000000000 ) ) ;
#4398 = EDGE_LOOP ( 'NONE', ( #3000, #4402, #2667, #1907 ) ) ;
#4399 = EDGE_LOOP ( 'NONE', ( #3592, #1037, #3229, #3146 ) ) ;
#4400 = PLANE ( 'NONE',  #1934 ) ;
#4401 = EDGE_LOOP ( 'NONE', ( #3380, #1765, #885, #4765 ) ) ;
#4402 = ORIENTED_EDGE ( 'NONE', *, *, #2877, .F. ) ;
#4403 = CARTESIAN_POINT ( 'NONE',  ( -13.74999999999998401, 12.50429687500000142, 4.250000000000006217 ) ) ;
#4404 = LINE ( 'NONE', #1833, #757 ) ;
#4405 = CARTESIAN_POINT ( 'NONE',  ( -4.899999999999955946, 20.15429687499999645, 0.5000000000000000000 ) ) ;
#4406 = LINE ( 'NONE', #3606, #3704 ) ;
#4407 = ORIENTED_EDGE ( 'NONE', *, *, #570, .F. ) ;
#4408 = DIRECTION ( 'NONE',  ( -0.000000000000000000, 1.000000000000000000, -0.000000000000000000 ) ) ;
#4409 = VERTEX_POINT ( 'NONE', #1241 ) ;
#4410 = EDGE_CURVE ( 'NONE', #258, #4747, #2747, .T. ) ;
#4411 = PLANE ( 'NONE',  #3549 ) ;
#4412 = VECTOR ( 'NONE', #1933, 1000.000000000000000 ) ;
#4413 = CARTESIAN_POINT ( 'NONE',  ( -39.94999999999996021, 14.40429687499999467, 0.5000000000000000000 ) ) ;
#4414 = CARTESIAN_POINT ( 'NONE',  ( 45.85000000000000142, 10.65429687500000355, 5.000000000000000000 ) ) ;
#4415 = VERTEX_POINT ( 'NONE', #3813 ) ;
#4416 = ORIENTED_EDGE ( 'NONE', *, *, #4801, .F. ) ;
#4417 = VECTOR ( 'NONE', #4168, 1000.000000000000000 ) ;
#4418 = CARTESIAN_POINT ( 'NONE',  ( -129.6499999999999773, 20.90429687500000355, 0.000000000000000000 ) ) ;
#4419 = EDGE_CURVE ( 'NONE', #1226, #4316, #134, .T. ) ;
#4420 = CARTESIAN_POINT ( 'NONE',  ( -60.74999999999998579, 23.05429687500000213, 4.250000000000000000 ) ) ;
#4421 = VERTEX_POINT ( 'NONE', #4663 ) ;
#4422 = EDGE_CURVE ( 'NONE', #1637, #630, #433, .T. ) ;
#4423 = LINE ( 'NONE', #323, #1507 ) ;
#4424 = ORIENTED_EDGE ( 'NONE', *, *, #2452, .F. ) ;
#4425 = DIRECTION ( 'NONE',  ( 1.000000000000000000, 0.000000000000000000, 0.000000000000000000 ) ) ;
#4426 = AXIS2_PLACEMENT_3D ( 'NONE', #2130, #2889, #1703 ) ;
#4427 = ORIENTED_EDGE ( 'NONE', *, *, #373, .T. ) ;
#4428 = ORIENTED_EDGE ( 'NONE', *, *, #4035, .F. ) ;
#4429 = AXIS2_PLACEMENT_3D ( 'NONE', #4102, #721, #3361 ) ;
#4430 = VECTOR ( 'NONE', #4602, 1000.000000000000000 ) ;
#4431 = DIRECTION ( 'NONE',  ( -0.000000000000000000, 1.000000000000000000, -0.000000000000000000 ) ) ;
#4432 = LINE ( 'NONE', #4803, #4159 ) ;
#4433 = CARTESIAN_POINT ( 'NONE',  ( -83.54999999999995453, 20.90429687500000711, 0.000000000000000000 ) ) ;
#4434 = CARTESIAN_POINT ( 'NONE',  ( 8.650000000000053646, 20.90429687499999289, 0.000000000000000000 ) ) ;
#4435 = ORIENTED_EDGE ( 'NONE', *, *, #130, .T. ) ;
#4436 = ORIENTED_EDGE ( 'NONE', *, *, #4149, .T. ) ;
#4437 = DIRECTION ( 'NONE',  ( -0.000000000000000000, -0.000000000000000000, 1.000000000000000000 ) ) ;
#4438 = VECTOR ( 'NONE', #3270, 1000.000000000000000 ) ;
#4439 = DIRECTION ( 'NONE',  ( -0.000000000000000000, -0.000000000000000000, 1.000000000000000000 ) ) ;
#4440 = ADVANCED_FACE ( 'NONE', ( #482 ), #901, .F. ) ;
#4441 = CARTESIAN_POINT ( 'NONE',  ( -39.94999999999996021, 14.40429687499999467, 2.000000000000000000 ) ) ;
#4442 = VERTEX_POINT ( 'NONE', #2032 ) ;
#4443 = CARTESIAN_POINT ( 'NONE',  ( -4.899999999999955058, 16.15429687499999289, 0.5000000000000000000 ) ) ;
#4444 = EDGE_CURVE ( 'NONE', #108, #448, #57, .T. ) ;
#4445 = FACE_BOUND ( 'NONE', #2781, .T. ) ;
#4446 = PLANE ( 'NONE',  #458 ) ;
#4447 = VERTEX_POINT ( 'NONE', #1935 ) ;
#4448 = FACE_OUTER_BOUND ( 'NONE', #2612, .T. ) ;
#4449 = ORIENTED_EDGE ( 'NONE', *, *, #3854, .T. ) ;
#4450 = CARTESIAN_POINT ( 'NONE',  ( -37.44999999999995310, 15.40429687499999112, 0.000000000000000000 ) ) ;
#4451 = ORIENTED_EDGE ( 'NONE', *, *, #3, .T. ) ;
#4452 = EDGE_LOOP ( 'NONE', ( #1297, #1412, #4034, #2220 ) ) ;
#4453 = ADVANCED_FACE ( 'NONE', ( #3440, #1560, #4586, #1195, #2700, #2331, #3840, #457, #1002 ), #4038, .T. ) ;
#4454 = CARTESIAN_POINT ( 'NONE',  ( 5.650000000000051870, 16.15429687499998934, 0.5000000000000000000 ) ) ;
#4455 = PERSON_AND_ORGANIZATION_ROLE ( 'classification_officer' ) ;
#4456 = CARTESIAN_POINT ( 'NONE',  ( -30.94999999999995310, 20.90429687499999289, 0.000000000000000000 ) ) ;
#4457 = VECTOR ( 'NONE', #3461, 1000.000000000000000 ) ;
#4458 = LINE ( 'NONE', #2206, #561 ) ;
#4459 = ORIENTED_EDGE ( 'NONE', *, *, #4613, .T. ) ;
#4460 = CARTESIAN_POINT ( 'NONE',  ( -39.94999999999996021, 14.40429687499999467, 0.5000000000000000000 ) ) ;
#4461 = CARTESIAN_POINT ( 'NONE',  ( -137.7499999999999716, 25.65429687500000355, 0.4000000000000114575 ) ) ;
#4462 = LINE ( 'NONE', #1071, #1224 ) ;
#4463 = VERTEX_POINT ( 'NONE', #4812 ) ;
#4464 = DIRECTION ( 'NONE',  ( 1.000000000000000000, 0.000000000000000000, 0.000000000000000000 ) ) ;
#4465 = EDGE_CURVE ( 'NONE', #258, #4291, #212, .T. ) ;
#4466 = FACE_OUTER_BOUND ( 'NONE', #648, .T. ) ;
#4467 = CARTESIAN_POINT ( 'NONE',  ( 0.000000000000000000, 22.90429687500000355, 0.3499999999999999223 ) ) ;
#4468 = EDGE_CURVE ( 'NONE', #3793, #4187, #3587, .T. ) ;
#4469 = ORIENTED_EDGE ( 'NONE', *, *, #4537, .T. ) ;
#4470 = LINE ( 'NONE', #2465, #1904 ) ;
#4471 = AXIS2_PLACEMENT_3D ( 'NONE', #405, #682, #3716 ) ;
#4472 = VERTEX_POINT ( 'NONE', #2818 ) ;
#4473 = APPROVAL_PERSON_ORGANIZATION ( #3160, #3131, #4705 ) ;
#4474 = DIRECTION ( 'NONE',  ( 0.000000000000000000, 0.000000000000000000, -1.000000000000000000 ) ) ;
#4475 = VECTOR ( 'NONE', #4320, 1000.000000000000000 ) ;
#4476 = ORIENTED_EDGE ( 'NONE', *, *, #4182, .T. ) ;
#4477 = VERTEX_POINT ( 'NONE', #2112 ) ;
#4478 = CARTESIAN_POINT ( 'NONE',  ( -142.6166666666666458, 15.92096354166667993, 5.266666666666673713 ) ) ;
#4479 = CARTESIAN_POINT ( 'NONE',  ( -122.7499999999999858, 13.25429687500000142, 4.250000000000007994 ) ) ;
#4480 = LINE ( 'NONE', #4119, #3323 ) ;
#4481 = EDGE_CURVE ( 'NONE', #1130, #1299, #4792, .T. ) ;
#4482 = ORIENTED_EDGE ( 'NONE', *, *, #1855, .F. ) ;
#4483 = LINE ( 'NONE', #4880, #3325 ) ;
#4484 = LINE ( 'NONE', #1841, #206 ) ;
#4485 = ORIENTED_EDGE ( 'NONE', *, *, #3, .F. ) ;
#4486 = VERTEX_POINT ( 'NONE', #4441 ) ;
#4487 = FACE_OUTER_BOUND ( 'NONE', #2696, .T. ) ;
#4488 = VECTOR ( 'NONE', #4687, 1000.000000000000114 ) ;
#4489 = CARTESIAN_POINT ( 'NONE',  ( -109.5999999999999801, 20.15429687499998934, 2.000000000000000000 ) ) ;
#4490 = EDGE_CURVE ( 'NONE', #258, #2093, #2061, .T. ) ;
#4491 = CARTESIAN_POINT ( 'NONE',  ( 18.25000000000002842, 12.50429687500000142, 3.750000000000007994 ) ) ;
#4492 = AXIS2_PLACEMENT_3D ( 'NONE', #3030, #1233, #2665 ) ;
#4493 = VECTOR ( 'NONE', #597, 1000.000000000000000 ) ;
#4494 = LINE ( 'NONE', #2258, #2551 ) ;
#4495 = ORIENTED_EDGE ( 'NONE', *, *, #207, .F. ) ;
#4496 = CLOSED_SHELL ( 'NONE', ( #3945, #1387, #2077, #4344, #2196, #371, #4665, #2530, #756, #4389, #2497, #2252, #2469, #4241, #4595, #4305, #3732, #1327, #1986, #3393, #2778, #65, #1084, #4505, #3680, #3744, #240, #1870, #4121, #3884, #4587, #3273, #4154, #1163, #1289, #3642, #1597, #704, #3514, #48, #1838, #4453, #988, #3094, #2630, #3007, #1268, #459, #4129, #2149, #3670, #663, #1216, #2869, #3531, #4865, #3072, #1254, #1876, #3149, #304, #488, #4381, #3123, #4281, #1498, #2840, #1496, #118, #3400, #3740, #3889, #2822, #4675, #2513, #893, #3710, #665, #1611, #727, #1424, #159, #3777, #2670, #1821, #3825, #2976, #3794, #2575, #4221, #1009, #2235, #716, #2410, #4704, #4323, #1866, #2787, #1629, #904, #3708, #3462, #1225, #4134, #3264, #1618, #2295, #1317, #3084, #1783, #3997, #2701, #4440, #3593, #4101, #4751, #3473, #4294, #804, #1774, #4581, #1339, #3624, #1063, #2591, #3372, #615, #4850, #2051, #2014, #4832, #4211, #234, #1394, #961, #2105, #399, #478, #3725, #3980, #3156, #2021, #220, #3763, #2804, #2040, #4278, #3228, #3567, #3616, #3167, #3375, #587, #2625, #1346, #301, #1725 ) ) ;
#4497 = ORIENTED_EDGE ( 'NONE', *, *, #1300, .F. ) ;
#4498 = EDGE_CURVE ( 'NONE', #41, #1996, #2432, .T. ) ;
#4499 = ORIENTED_EDGE ( 'NONE', *, *, #2328, .T. ) ;
#4500 = FACE_BOUND ( 'NONE', #3903, .T. ) ;
#4501 = CARTESIAN_POINT ( 'NONE',  ( -107.7499999999999858, 23.80429687500000213, 4.250000000000000000 ) ) ;
#4502 = DIRECTION ( 'NONE',  ( 0.000000000000000000, -0.000000000000000000, 1.000000000000000000 ) ) ;
#4503 = VERTEX_POINT ( 'NONE', #3563 ) ;
#4504 = DIRECTION ( 'NONE',  ( -1.000000000000000000, -0.000000000000000000, -0.000000000000000000 ) ) ;
#4505 = ADVANCED_FACE ( 'NONE', ( #4385 ), #3614, .F. ) ;
#4506 = DIRECTION ( 'NONE',  ( -0.000000000000000000, -0.000000000000000000, 1.000000000000000000 ) ) ;
#4507 = VERTEX_POINT ( 'NONE', #2459 ) ;
#4508 = VECTOR ( 'NONE', #680, 1000.000000000000000 ) ;
#4509 = LINE ( 'NONE', #1882, #3890 ) ;
#4510 = CARTESIAN_POINT ( 'NONE',  ( -135.4999999999999716, 22.90429687500000355, 0.5999999999999999778 ) ) ;
#4511 = EDGE_CURVE ( 'NONE', #4180, #1012, #1709, .T. ) ;
#4512 = DIRECTION ( 'NONE',  ( 0.000000000000000000, 1.000000000000000000, 0.000000000000000000 ) ) ;
#4513 = DIRECTION ( 'NONE',  ( -0.000000000000000000, 1.000000000000000000, -0.000000000000000000 ) ) ;
#4514 = VECTOR ( 'NONE', #1770, 1000.000000000000000 ) ;
#4515 = VERTEX_POINT ( 'NONE', #4739 ) ;
#4516 = FACE_OUTER_BOUND ( 'NONE', #641, .T. ) ;
#4517 = VERTEX_POINT ( 'NONE', #265 ) ;
#4518 = ORIENTED_EDGE ( 'NONE', *, *, #1473, .F. ) ;
#4519 = EDGE_CURVE ( 'NONE', #1476, #3460, #1764, .T. ) ;
#4520 = VECTOR ( 'NONE', #1562, 1000.000000000000000 ) ;
#4521 = CARTESIAN_POINT ( 'NONE',  ( -137.7499999999999716, 23.80429687500000213, 6.000011999999999901 ) ) ;
#4522 = EDGE_CURVE ( 'NONE', #1475, #4207, #1315, .T. ) ;
#4523 = DATE_AND_TIME ( #1408, #4224 ) ;
#4524 = CARTESIAN_POINT ( 'NONE',  ( 5.650000000000051870, 16.15429687499998934, 2.000000000000000000 ) ) ;
#4525 = CARTESIAN_POINT ( 'NONE',  ( 8.650000000000053646, 15.40429687499999112, 0.000000000000000000 ) ) ;
#4526 = EDGE_LOOP ( 'NONE', ( #661, #3035, #3287, #1182 ) ) ;
#4527 = CARTESIAN_POINT ( 'NONE',  ( -13.74999999999998401, 23.80429687500000213, 3.750000000000000444 ) ) ;
#4528 = AXIS2_PLACEMENT_3D ( 'NONE', #3661, #205, #1656 ) ;
#4529 = DIRECTION ( 'NONE',  ( 0.000000000000000000, 0.7071067811865465735, -0.7071067811865484609 ) ) ;
#4530 = ORIENTED_EDGE ( 'NONE', *, *, #2404, .F. ) ;
#4531 = PLANE ( 'NONE',  #664 ) ;
#4532 = EDGE_CURVE ( 'NONE', #2777, #678, #953, .T. ) ;
#4533 = LINE ( 'NONE', #2995, #1421 ) ;
#4534 = CARTESIAN_POINT ( 'NONE',  ( -60.49999999999995026, 20.90429687499999289, 0.5000000000000000000 ) ) ;
#4535 = EDGE_CURVE ( 'NONE', #2578, #2489, #1340, .T. ) ;
#4536 = CARTESIAN_POINT ( 'NONE',  ( -137.3499999999999659, 25.65429687500000355, 0.4000000000000114575 ) ) ;
#4537 = EDGE_CURVE ( 'NONE', #3817, #1257, #4790, .T. ) ;
#4538 = ORIENTED_EDGE ( 'NONE', *, *, #4649, .F. ) ;
#4539 = CARTESIAN_POINT ( 'NONE',  ( -27.94999999999995310, 21.90429687499998934, 2.000000000000000000 ) ) ;
#4540 = ORIENTED_EDGE ( 'NONE', *, *, #2227, .F. ) ;
#4541 = ORIENTED_EDGE ( 'NONE', *, *, #2547, .F. ) ;
#4542 = VECTOR ( 'NONE', #1960, 1000.000000000000000 ) ;
#4543 = VECTOR ( 'NONE', #2637, 1000.000000000000000 ) ;
#4544 = DIRECTION ( 'NONE',  ( 1.000000000000000000, -0.000000000000000000, 1.156482317317871478E-16 ) ) ;
#4545 = CARTESIAN_POINT ( 'NONE',  ( -60.49999999999995026, 20.90429687499999289, 0.000000000000000000 ) ) ;
#4546 = LINE ( 'NONE', #3571, #4176 ) ;
#4547 = ORIENTED_EDGE ( 'NONE', *, *, #2832, .F. ) ;
#4548 = DIRECTION ( 'NONE',  ( 0.000000000000000000, -0.000000000000000000, 1.000000000000000000 ) ) ;
#4549 = FACE_OUTER_BOUND ( 'NONE', #2754, .T. ) ;
#4550 = PLANE ( 'NONE',  #831 ) ;
#4551 = VERTEX_POINT ( 'NONE', #4414 ) ;
#4552 = ORIENTED_EDGE ( 'NONE', *, *, #176, .F. ) ;
#4553 = CARTESIAN_POINT ( 'NONE',  ( 5.650000000000050981, 20.15429687499999289, 0.5000000000000000000 ) ) ;
#4554 = EDGE_CURVE ( 'NONE', #3667, #2967, #2482, .T. ) ;
#4555 = CARTESIAN_POINT ( 'NONE',  ( -28.74999999999998224, 23.80429687500000213, 4.249999999999998224 ) ) ;
#4556 = LINE ( 'NONE', #410, #1714 ) ;
#4557 = CARTESIAN_POINT ( 'NONE',  ( 33.25000000000002842, 12.50429687500000142, 4.250000000000006217 ) ) ;
#4558 = CARTESIAN_POINT ( 'NONE',  ( -100.0999999999999659, 20.90429687499999289, 0.5000000000000000000 ) ) ;
#4559 = EDGE_CURVE ( 'NONE', #460, #4026, #660, .T. ) ;
#4560 = ORIENTED_EDGE ( 'NONE', *, *, #1922, .F. ) ;
#4561 = DIRECTION ( 'NONE',  ( -0.000000000000000000, 0.000000000000000000, 1.000000000000000000 ) ) ;
#4562 = VECTOR ( 'NONE', #773, 1000.000000000000000 ) ;
#4563 = EDGE_CURVE ( 'NONE', #4098, #3253, #3246, .T. ) ;
#4564 = VECTOR ( 'NONE', #321, 1000.000000000000000 ) ;
#4565 = VERTEX_POINT ( 'NONE', #2871 ) ;
#4566 = ORIENTED_EDGE ( 'NONE', *, *, #1261, .F. ) ;
#4567 = DIRECTION ( 'NONE',  ( 0.000000000000000000, 0.000000000000000000, 1.000000000000000000 ) ) ;
#4568 = VERTEX_POINT ( 'NONE', #2162 ) ;
#4569 = CARTESIAN_POINT ( 'NONE',  ( -13.74999999999998401, 23.80429687500000213, 4.250000000000000000 ) ) ;
#4570 = DIRECTION ( 'NONE',  ( -0.000000000000000000, 1.000000000000000000, -0.000000000000000000 ) ) ;
#4571 = EDGE_CURVE ( 'NONE', #3927, #3476, #291, .T. ) ;
#4572 = CIRCLE ( 'NONE', #3776, 0.2500000000000002220 ) ;
#4573 = EDGE_LOOP ( 'NONE', ( #1417, #1547, #2124, #4745 ) ) ;
#4574 = DIRECTION ( 'NONE',  ( -0.000000000000000000, -1.000000000000000000, -0.000000000000000000 ) ) ;
#4575 = FACE_OUTER_BOUND ( 'NONE', #4696, .T. ) ;
#4576 = DIRECTION ( 'NONE',  ( 0.000000000000000000, -1.000000000000000000, 0.000000000000000000 ) ) ;
#4577 = ORIENTED_EDGE ( 'NONE', *, *, #2264, .T. ) ;
#4578 = ORIENTED_EDGE ( 'NONE', *, *, #3090, .F. ) ;
#4579 = VECTOR ( 'NONE', #2752, 1000.000000000000000 ) ;
#4580 = PLANE ( 'NONE',  #4692 ) ;
#4581 = ADVANCED_FACE ( 'NONE', ( #4145 ), #2642, .F. ) ;
#4582 = CARTESIAN_POINT ( 'NONE',  ( -129.6499999999999773, 20.90429687500000355, 0.000000000000000000 ) ) ;
#4583 = VECTOR ( 'NONE', #4599, 1000.000000000000000 ) ;
#4584 = CARTESIAN_POINT ( 'NONE',  ( -7.899999999999955946, 16.15429687499999289, 0.000000000000000000 ) ) ;
#4585 = VECTOR ( 'NONE', #2135, 1000.000000000000000 ) ;
#4586 = FACE_BOUND ( 'NONE', #4729, .T. ) ;
#4587 = ADVANCED_FACE ( 'NONE', ( #1528 ), #2209, .F. ) ;
#4588 = FACE_OUTER_BOUND ( 'NONE', #2979, .T. ) ;
#4589 = EDGE_LOOP ( 'NONE', ( #3307, #971, #114, #3334 ) ) ;
#4590 = CARTESIAN_POINT ( 'NONE',  ( 46.25000000000000000, 25.25429687499999076, 4.834314575050759899 ) ) ;
#4591 = LINE ( 'NONE', #2310, #313 ) ;
#4592 = AXIS2_PLACEMENT_3D ( 'NONE', #2033, #483, #3564 ) ;
#4593 = VECTOR ( 'NONE', #1588, 1000.000000000000000 ) ;
#4594 = ORIENTED_EDGE ( 'NONE', *, *, #1115, .T. ) ;
#4595 = ADVANCED_FACE ( 'NONE', ( #1814 ), #3781, .F. ) ;
#4596 = EDGE_LOOP ( 'NONE', ( #435, #276, #4862, #668 ) ) ;
#4597 = DIRECTION ( 'NONE',  ( -1.000000000000000000, 0.000000000000000000, -0.000000000000000000 ) ) ;
#4598 = LINE ( 'NONE', #2732, #4654 ) ;
#4599 = DIRECTION ( 'NONE',  ( -0.000000000000000000, 1.000000000000000000, -0.000000000000000000 ) ) ;
#4600 = EDGE_CURVE ( 'NONE', #4853, #1963, #1903, .T. ) ;
#4601 = EDGE_LOOP ( 'NONE', ( #2441, #4348, #580, #4162 ) ) ;
#4602 = DIRECTION ( 'NONE',  ( -0.000000000000000000, -0.000000000000000000, 1.000000000000000000 ) ) ;
#4603 = CARTESIAN_POINT ( 'NONE',  ( -100.0999999999999659, 20.90429687499999289, 0.000000000000000000 ) ) ;
#4604 = DIRECTION ( 'NONE',  ( 0.000000000000000000, 1.000000000000000000, 0.000000000000000000 ) ) ;
#4605 = DIRECTION ( 'NONE',  ( -0.000000000000000000, 0.000000000000000000, 1.000000000000000000 ) ) ;
#4606 = ORIENTED_EDGE ( 'NONE', *, *, #244, .F. ) ;
#4607 = CARTESIAN_POINT ( 'NONE',  ( -83.54999999999995453, 15.40429687500000355, 2.000000000000000000 ) ) ;
#4608 = DIRECTION ( 'NONE',  ( -1.156482317317871478E-16, 0.000000000000000000, -1.000000000000000000 ) ) ;
#4609 = CARTESIAN_POINT ( 'NONE',  ( 5.650000000000050981, 20.15429687499999289, 0.5000000000000000000 ) ) ;
#4610 = PLANE ( 'NONE',  #3284 ) ;
#4611 = VERTEX_POINT ( 'NONE', #340 ) ;
#4612 = ORIENTED_EDGE ( 'NONE', *, *, #1719, .T. ) ;
#4613 = EDGE_CURVE ( 'NONE', #2172, #692, #4484, .T. ) ;
#4614 = LINE ( 'NONE', #1246, #4579 ) ;
#4615 = CARTESIAN_POINT ( 'NONE',  ( -135.3535533905932766, 23.05074348440672694, 0.5999999999999998668 ) ) ;
#4616 = ORIENTED_EDGE ( 'NONE', *, *, #3159, .F. ) ;
#4617 = ORIENTED_EDGE ( 'NONE', *, *, #1993, .F. ) ;
#4618 = EDGE_CURVE ( 'NONE', #1842, #914, #1139, .T. ) ;
#4619 = DIRECTION ( 'NONE',  ( 1.000000000000000000, -0.000000000000000000, -1.156482317317871478E-16 ) ) ;
#4620 = ORIENTED_EDGE ( 'NONE', *, *, #3865, .T. ) ;
#4621 = CARTESIAN_POINT ( 'NONE',  ( -53.99999999999995026, 20.90429687499999289, 0.000000000000000000 ) ) ;
#4622 = ORIENTED_EDGE ( 'NONE', *, *, #3904, .T. ) ;
#4623 = AXIS2_PLACEMENT_3D ( 'NONE', #1218, #1607, #3893 ) ;
#4624 = EDGE_CURVE ( 'NONE', #3337, #1856, #8, .T. ) ;
#4625 = CARTESIAN_POINT ( 'NONE',  ( -129.6499999999999773, 20.90429687500000355, 0.5000000000000000000 ) ) ;
#4626 = PLANE ( 'NONE',  #4247 ) ;
#4627 = CARTESIAN_POINT ( 'NONE',  ( 18.25000000000002842, 13.25429687500000142, 4.250000000000007994 ) ) ;
#4628 = EDGE_CURVE ( 'NONE', #1449, #3155, #2602, .T. ) ;
#4629 = ORGANIZATION ( 'UNSPECIFIED', 'UNSPECIFIED', '' ) ;
#4630 = FACE_OUTER_BOUND ( 'NONE', #903, .T. ) ;
#4631 = VECTOR ( 'NONE', #4544, 1000.000000000000000 ) ;
#4632 = VERTEX_POINT ( 'NONE', #2229 ) ;
#4633 = PLANE ( 'NONE',  #29 ) ;
#4634 = CARTESIAN_POINT ( 'NONE',  ( -131.8999999999999773, 21.90429687500000355, 0.5000000000000000000 ) ) ;
#4635 = DIRECTION ( 'NONE',  ( 0.000000000000000000, 0.000000000000000000, -1.000000000000000000 ) ) ;
#4636 = DIRECTION ( 'NONE',  ( 2.775557561562891351E-16, -1.000000000000000000, 0.000000000000000000 ) ) ;
#4637 = LINE ( 'NONE', #2772, #754 ) ;
#4638 = ORIENTED_EDGE ( 'NONE', *, *, #2814, .T. ) ;
#4639 = ORIENTED_EDGE ( 'NONE', *, *, #748, .T. ) ;
#4640 = CARTESIAN_POINT ( 'NONE',  ( -131.8999999999999773, 14.40429687500000178, 2.000000000000000000 ) ) ;
#4641 = DIRECTION ( 'NONE',  ( -0.000000000000000000, -1.000000000000000000, -0.000000000000000000 ) ) ;
#4642 = ORIENTED_EDGE ( 'NONE', *, *, #2392, .F. ) ;
#4643 = ORIENTED_EDGE ( 'NONE', *, *, #4313, .F. ) ;
#4644 = VECTOR ( 'NONE', #1422, 1000.000000000000000 ) ;
#4645 = DIRECTION ( 'NONE',  ( 0.000000000000000000, 1.000000000000000000, 0.000000000000000000 ) ) ;
#4646 = VERTEX_POINT ( 'NONE', #3031 ) ;
#4647 = ORIENTED_EDGE ( 'NONE', *, *, #1109, .T. ) ;
#4648 = DIRECTION ( 'NONE',  ( 0.5773502691896257311, 0.5773502691896257311, -0.5773502691896257311 ) ) ;
#4649 = EDGE_CURVE ( 'NONE', #3972, #2855, #1441, .T. ) ;
#4650 = AXIS2_PLACEMENT_3D ( 'NONE', #1754, #2128, #255 ) ;
#4651 = EDGE_LOOP ( 'NONE', ( #614, #3600, #1943, #837 ) ) ;
#4652 = DIRECTION ( 'NONE',  ( -1.000000000000000000, 0.000000000000000000, 0.000000000000000000 ) ) ;
#4653 = CARTESIAN_POINT ( 'NONE',  ( -17.39999999999995595, 20.15429687499999289, 2.000000000000000000 ) ) ;
#4654 = VECTOR ( 'NONE', #4246, 1000.000000000000000 ) ;
#4655 = CARTESIAN_POINT ( 'NONE',  ( -135.2499999999999716, 23.15429687500000355, 0.3499999999999999223 ) ) ;
#4656 = DIRECTION ( 'NONE',  ( 0.000000000000000000, -0.000000000000000000, -1.000000000000000000 ) ) ;
#4657 = ORIENTED_EDGE ( 'NONE', *, *, #2933, .F. ) ;
#4658 = CARTESIAN_POINT ( 'NONE',  ( 141.0000000000000000, 23.05429687500000213, 0.000000000000000000 ) ) ;
#4659 = EDGE_CURVE ( 'NONE', #1751, #3570, #4105, .T. ) ;
#4660 = LINE ( 'NONE', #2030, #569 ) ;
#4661 = CARTESIAN_POINT ( 'NONE',  ( 5.650000000000050981, 20.15429687499999289, 2.000000000000000000 ) ) ;
#4662 = AXIS2_PLACEMENT_3D ( 'NONE', #4433, #2178, #3982 ) ;
#4663 = CARTESIAN_POINT ( 'NONE',  ( 8.650000000000053646, 20.15429687499999289, 2.000000000000000000 ) ) ;
#4664 = LINE ( 'NONE', #3969, #997 ) ;
#4665 = ADVANCED_FACE ( 'NONE', ( #4060 ), #2945, .F. ) ;
#4666 = AXIS2_PLACEMENT_3D ( 'NONE', #4080, #700, #1116 ) ;
#4667 = VECTOR ( 'NONE', #556, 1000.000000000000000 ) ;
#4668 = DIRECTION ( 'NONE',  ( -0.000000000000000000, -0.000000000000000000, 1.000000000000000000 ) ) ;
#4669 = LINE ( 'NONE', #2013, #1324 ) ;
#4670 = ORIENTED_EDGE ( 'NONE', *, *, #3346, .T. ) ;
#4671 = EDGE_LOOP ( 'NONE', ( #2394, #4642, #64, #4387 ) ) ;
#4672 = FACE_OUTER_BOUND ( 'NONE', #1188, .T. ) ;
#4673 = EDGE_LOOP ( 'NONE', ( #2324, #1384, #3977, #4717 ) ) ;
#4674 = LINE ( 'NONE', #3551, #2687 ) ;
#4675 = ADVANCED_FACE ( 'NONE', ( #315, #2248 ), #3322, .T. ) ;
#4676 = VECTOR ( 'NONE', #2609, 1000.000000000000000 ) ;
#4677 = ORIENTED_EDGE ( 'NONE', *, *, #1482, .F. ) ;
#4678 = EDGE_CURVE ( 'NONE', #4568, #1773, #4462, .T. ) ;
#4679 = CARTESIAN_POINT ( 'NONE',  ( -100.0999999999999659, 15.40429687499998934, 0.000000000000000000 ) ) ;
#4680 = DIRECTION ( 'NONE',  ( 0.000000000000000000, -1.000000000000000000, 0.000000000000000000 ) ) ;
#4681 = COORDINATED_UNIVERSAL_TIME_OFFSET ( 5, 0, .BEHIND. ) ;
#4682 = CARTESIAN_POINT ( 'NONE',  ( -14.39999999999995417, 15.40429687499999112, 0.000000000000000000 ) ) ;
#4683 = ORIENTED_EDGE ( 'NONE', *, *, #2388, .T. ) ;
#4684 = LINE ( 'NONE', #2815, #814 ) ;
#4685 = VECTOR ( 'NONE', #3064, 1000.000000000000000 ) ;
#4686 = CARTESIAN_POINT ( 'NONE',  ( -63.74999999999994316, 21.90429687500000000, 0.5000000000000000000 ) ) ;
#4687 = DIRECTION ( 'NONE',  ( 0.6785983445458343422, 0.6785983445458578789, -0.2810846377148250586 ) ) ;
#4688 = LINE ( 'NONE', #2382, #4074 ) ;
#4689 = FACE_OUTER_BOUND ( 'NONE', #452, .T. ) ;
#4690 = CARTESIAN_POINT ( 'NONE',  ( -137.3499999999999659, 25.65429687500000355, 6.000000000000000000 ) ) ;
#4691 = CARTESIAN_POINT ( 'NONE',  ( -107.7499999999999858, 23.80429687500000213, 3.750000000000000444 ) ) ;
#4692 = AXIS2_PLACEMENT_3D ( 'NONE', #129, #100, #78 ) ;
#4693 = EDGE_LOOP ( 'NONE', ( #3747, #3389, #2857, #4699 ) ) ;
#4694 = EDGE_CURVE ( 'NONE', #3929, #2512, #2622, .T. ) ;
#4695 = PLANE ( 'NONE',  #3547 ) ;
#4696 = EDGE_LOOP ( 'NONE', ( #1795, #4485, #2159, #2195 ) ) ;
#4697 = VERTEX_POINT ( 'NONE', #3758 ) ;
#4698 = LINE ( 'NONE', #1253, #4871 ) ;
#4699 = ORIENTED_EDGE ( 'NONE', *, *, #3190, .F. ) ;
#4700 = LINE ( 'NONE', #69, #338 ) ;
#4701 = EDGE_LOOP ( 'NONE', ( #1120, #3399, #1918, #4721 ) ) ;
#4702 = LINE ( 'NONE', #576, #4810 ) ;
#4703 = DIRECTION ( 'NONE',  ( 1.000000000000000000, 0.000000000000000000, 0.000000000000000000 ) ) ;
#4704 = ADVANCED_FACE ( 'NONE', ( #379 ), #1880, .F. ) ;
#4705 = APPROVAL_ROLE ( '' ) ;
#4706 = CARTESIAN_POINT ( 'NONE',  ( -137.9499999999999886, 25.05429687499999503, 5.600000000000009415 ) ) ;
#4707 = ORIENTED_EDGE ( 'NONE', *, *, #2690, .T. ) ;
#4708 = DIRECTION ( 'NONE',  ( 0.000000000000000000, 0.000000000000000000, 1.000000000000000000 ) ) ;
#4709 = VECTOR ( 'NONE', #1735, 1000.000000000000000 ) ;
#4710 = CARTESIAN_POINT ( 'NONE',  ( 18.25000000000002842, 23.05429687500000213, 4.249999999999998224 ) ) ;
#4711 = VECTOR ( 'NONE', #2323, 1000.000000000000000 ) ;
#4712 = PLANE ( 'NONE',  #3218 ) ;
#4713 = AXIS2_PLACEMENT_3D ( 'NONE', #3709, #1777, #1872 ) ;
#4714 = VECTOR ( 'NONE', #1545, 1000.000000000000000 ) ;
#4715 = CARTESIAN_POINT ( 'NONE',  ( -77.04999999999995453, 20.90429687500000711, 2.000000000000000000 ) ) ;
#4716 = DIRECTION ( 'NONE',  ( 0.000000000000000000, -1.000000000000000000, 0.000000000000000000 ) ) ;
#4717 = ORIENTED_EDGE ( 'NONE', *, *, #2478, .T. ) ;
#4718 = EDGE_CURVE ( 'NONE', #1174, #1250, #1601, .T. ) ;
#4719 = LINE ( 'NONE', #1766, #963 ) ;
#4720 = DIRECTION ( 'NONE',  ( -0.000000000000000000, -0.000000000000000000, 1.000000000000000000 ) ) ;
#4721 = ORIENTED_EDGE ( 'NONE', *, *, #1806, .T. ) ;
#4722 = DIRECTION ( 'NONE',  ( 0.000000000000000000, 0.000000000000000000, 1.000000000000000000 ) ) ;
#4723 = EDGE_LOOP ( 'NONE', ( #406, #4147, #4239, #3386, #1404 ) ) ;
#4724 = EDGE_CURVE ( 'NONE', #916, #2445, #3504, .T. ) ;
#4725 = DIRECTION ( 'NONE',  ( 0.000000000000000000, 0.000000000000000000, -1.000000000000000000 ) ) ;
#4726 = ORIENTED_EDGE ( 'NONE', *, *, #4144, .F. ) ;
#4727 = EDGE_LOOP ( 'NONE', ( #679, #2588, #996, #1328 ) ) ;
#4728 = FACE_OUTER_BOUND ( 'NONE', #2936, .T. ) ;
#4729 = EDGE_LOOP ( 'NONE', ( #3627, #3908, #911, #4677 ) ) ;
#4730 = LINE ( 'NONE', #919, #3849 ) ;
#4731 = VECTOR ( 'NONE', #2627, 1000.000000000000000 ) ;
#4732 = VECTOR ( 'NONE', #4641, 1000.000000000000000 ) ;
#4733 = CARTESIAN_POINT ( 'NONE',  ( 40.70000000000005258, 21.90429687499998934, 0.5000000000000000000 ) ) ;
#4734 = EDGE_LOOP ( 'NONE', ( #89, #188, #3412, #4330 ) ) ;
#4735 = CARTESIAN_POINT ( 'NONE',  ( -107.7499999999999858, 23.55429687500000213, 4.250000000000000000 ) ) ;
#4736 = AXIS2_PLACEMENT_3D ( 'NONE', #2789, #4605, #4277 ) ;
#4737 = DIRECTION ( 'NONE',  ( 1.000000000000000000, 0.000000000000000000, 0.000000000000000000 ) ) ;
#4738 = CARTESIAN_POINT ( 'NONE',  ( 33.25000000000002842, 13.25429687500000142, 3.750000000000006217 ) ) ;
#4739 = CARTESIAN_POINT ( 'NONE',  ( -123.1499999999999773, 20.90429687500000355, 0.5000000000000000000 ) ) ;
#4740 = CARTESIAN_POINT ( 'NONE',  ( -107.7499999999999858, 12.50429687500000142, 3.750000000000006217 ) ) ;
#4741 = EDGE_CURVE ( 'NONE', #3498, #4891, #1262, .T. ) ;
#4742 = FACE_OUTER_BOUND ( 'NONE', #1160, .T. ) ;
#4743 = LINE ( 'NONE', #4018, #1402 ) ;
#4744 = EDGE_CURVE ( 'NONE', #3852, #4292, #2300, .T. ) ;
#4745 = ORIENTED_EDGE ( 'NONE', *, *, #2088, .T. ) ;
#4746 = DIRECTION ( 'NONE',  ( -1.000000000000000000, -0.000000000000000000, -0.000000000000000000 ) ) ;
#4747 = VERTEX_POINT ( 'NONE', #3885 ) ;
#4748 = DIRECTION ( 'NONE',  ( 1.000000000000000000, 0.000000000000000000, 0.000000000000000000 ) ) ;
#4749 = VECTOR ( 'NONE', #4437, 1000.000000000000000 ) ;
#4750 = ORIENTED_EDGE ( 'NONE', *, *, #2905, .F. ) ;
#4751 = ADVANCED_FACE ( 'NONE', ( #3432 ), #1577, .F. ) ;
#4752 = ORIENTED_EDGE ( 'NONE', *, *, #360, .F. ) ;
#4753 = DIRECTION ( 'NONE',  ( 0.7071067811865475727, 0.000000000000000000, 0.7071067811865475727 ) ) ;
#4754 = ORIENTED_EDGE ( 'NONE', *, *, #4571, .F. ) ;
#4755 = CARTESIAN_POINT ( 'NONE',  ( -106.5999999999999659, 15.40429687499998934, 0.000000000000000000 ) ) ;
#4756 = DIRECTION ( 'NONE',  ( 1.000000000000000000, 0.000000000000000000, 0.000000000000000000 ) ) ;
#4757 = CARTESIAN_POINT ( 'NONE',  ( -7.899999999999955946, 20.90429687499999289, 2.000000000000000000 ) ) ;
#4758 = VERTEX_POINT ( 'NONE', #3081 ) ;
#4759 = DIRECTION ( 'NONE',  ( 0.000000000000000000, 0.000000000000000000, 1.000000000000000000 ) ) ;
#4760 = EDGE_CURVE ( 'NONE', #2527, #4611, #1977, .T. ) ;
#4761 = VERTEX_POINT ( 'NONE', #1927 ) ;
#4762 = DIRECTION ( 'NONE',  ( -0.000000000000000000, -0.000000000000000000, 1.000000000000000000 ) ) ;
#4763 = DIRECTION ( 'NONE',  ( 0.000000000000000000, 1.000000000000000000, 0.000000000000000000 ) ) ;
#4764 = CARTESIAN_POINT ( 'NONE',  ( -106.5999999999999659, 20.90429687499998934, 0.000000000000000000 ) ) ;
#4765 = ORIENTED_EDGE ( 'NONE', *, *, #468, .F. ) ;
#4766 = VECTOR ( 'NONE', #3014, 1000.000000000000000 ) ;
#4767 = FACE_BOUND ( 'NONE', #4234, .T. ) ;
#4768 = CARTESIAN_POINT ( 'NONE',  ( -86.54999999999995453, 20.15429687500000711, 0.5000000000000000000 ) ) ;
#4769 = EDGE_CURVE ( 'NONE', #4747, #3647, #894, .T. ) ;
#4770 = ORIENTED_EDGE ( 'NONE', *, *, #521, .F. ) ;
#4771 = DIRECTION ( 'NONE',  ( -1.000000000000000000, 0.000000000000000000, 1.156482317317871478E-16 ) ) ;
#4772 = EDGE_CURVE ( 'NONE', #3279, #1715, #840, .T. ) ;
#4773 = ORIENTED_EDGE ( 'NONE', *, *, #382, .T. ) ;
#4774 = AXIS2_PLACEMENT_3D ( 'NONE', #2363, #4208, #2411 ) ;
#4775 = LINE ( 'NONE', #1376, #1306 ) ;
#4776 = VERTEX_POINT ( 'NONE', #1628 ) ;
#4777 = EDGE_CURVE ( 'NONE', #2603, #4316, #3479, .T. ) ;
#4778 = ORIENTED_EDGE ( 'NONE', *, *, #3351, .F. ) ;
#4779 = CARTESIAN_POINT ( 'NONE',  ( 0.000000000000000000, 11.05429687500001457, 0.000000000000000000 ) ) ;
#4780 = VERTEX_POINT ( 'NONE', #4223 ) ;
#4781 = DIRECTION ( 'NONE',  ( 0.000000000000000000, -0.000000000000000000, -1.000000000000000000 ) ) ;
#4782 = CARTESIAN_POINT ( 'NONE',  ( -30.94999999999995310, 15.40429687499999112, 0.5000000000000000000 ) ) ;
#4783 = DIRECTION ( 'NONE',  ( -0.000000000000000000, 1.000000000000000000, -0.000000000000000000 ) ) ;
#4784 = EDGE_LOOP ( 'NONE', ( #2226, #3522, #1736, #3681 ) ) ;
#4785 = LINE ( 'NONE', #2132, #1060 ) ;
#4786 = VERTEX_POINT ( 'NONE', #3056 ) ;
#4787 = LINE ( 'NONE', #1024, #797 ) ;
#4788 = EDGE_CURVE ( 'NONE', #3069, #4463, #124, .T. ) ;
#4789 = CARTESIAN_POINT ( 'NONE',  ( 5.650000000000050981, 20.15429687499999289, 0.5000000000000000000 ) ) ;
#4790 = LINE ( 'NONE', #1392, #4308 ) ;
#4791 = EDGE_LOOP ( 'NONE', ( #198, #2048, #4750, #4355 ) ) ;
#4792 = CIRCLE ( 'NONE', #1464, 0.2500000000000002220 ) ;
#4793 = CARTESIAN_POINT ( 'NONE',  ( -135.2499999999999716, 23.15429687500000355, 0.3499999999999999223 ) ) ;
#4794 = CARTESIAN_POINT ( 'NONE',  ( -4.899999999999955058, 16.15429687499999289, 0.5000000000000000000 ) ) ;
#4795 = ORIENTED_EDGE ( 'NONE', *, *, #1455, .T. ) ;
#4796 = CARTESIAN_POINT ( 'NONE',  ( -63.74999999999994316, 21.90429687500000000, 0.5000000000000000000 ) ) ;
#4797 = ORIENTED_EDGE ( 'NONE', *, *, #1591, .F. ) ;
#4798 = CARTESIAN_POINT ( 'NONE',  ( -137.7499999999999716, 25.65429687500000355, 0.4000000000000114575 ) ) ;
#4799 = ORIENTED_EDGE ( 'NONE', *, *, #1239, .T. ) ;
#4800 = VERTEX_POINT ( 'NONE', #4655 ) ;
#4801 = EDGE_CURVE ( 'NONE', #3927, #1198, #3530, .T. ) ;
#4802 = DIRECTION ( 'NONE',  ( 1.000000000000000000, 0.000000000000000000, -1.156482317317871478E-16 ) ) ;
#4803 = CARTESIAN_POINT ( 'NONE',  ( -60.49999999999995026, 15.40429687499999112, 0.5000000000000000000 ) ) ;
#4804 = EDGE_CURVE ( 'NONE', #1099, #222, #3104, .T. ) ;
#4805 = DIRECTION ( 'NONE',  ( -1.156482317317871478E-16, 0.000000000000000000, 1.000000000000000000 ) ) ;
#4806 = FACE_OUTER_BOUND ( 'NONE', #2619, .T. ) ;
#4807 = ORIENTED_EDGE ( 'NONE', *, *, #1505, .T. ) ;
#4808 = CARTESIAN_POINT ( 'NONE',  ( 28.70000000000005613, 21.90429687499998934, 0.5000000000000000000 ) ) ;
#4809 = AXIS2_PLACEMENT_3D ( 'NONE', #4794, #4845, #1396 ) ;
#4810 = VECTOR ( 'NONE', #4326, 1000.000000000000000 ) ;
#4811 = CARTESIAN_POINT ( 'NONE',  ( 45.84999999999998721, 24.65429687500000711, 6.000000000000000000 ) ) ;
#4812 = CARTESIAN_POINT ( 'NONE',  ( 15.15000000000005187, 15.40429687499999112, 2.000000000000000000 ) ) ;
#4813 = ORIENTED_EDGE ( 'NONE', *, *, #4369, .T. ) ;
#4814 = EDGE_LOOP ( 'NONE', ( #1753, #3207, #2955, #2499 ) ) ;
#4815 = AXIS2_PLACEMENT_3D ( 'NONE', #4603, #2001, #473 ) ;
#4816 = CC_DESIGN_DATE_AND_TIME_ASSIGNMENT ( #1113, #1834, ( #1695 ) ) ;
#4817 = FACE_BOUND ( 'NONE', #1334, .T. ) ;
#4818 = DIRECTION ( 'NONE',  ( -1.000000000000000000, -2.775557561562890858E-16, 0.000000000000000000 ) ) ;
#4819 = VERTEX_POINT ( 'NONE', #4627 ) ;
#4820 = CARTESIAN_POINT ( 'NONE',  ( -53.99999999999995026, 20.90429687499999289, 0.5000000000000000000 ) ) ;
#4821 = EDGE_CURVE ( 'NONE', #4472, #170, #1653, .T. ) ;
#4822 = ORIENTED_EDGE ( 'NONE', *, *, #444, .F. ) ;
#4823 = CARTESIAN_POINT ( 'NONE',  ( 18.15000000000005187, 20.15429687499999645, 0.5000000000000000000 ) ) ;
#4824 = AXIS2_PLACEMENT_3D ( 'NONE', #4634, #530, #2745 ) ;
#4825 = ORIENTED_EDGE ( 'NONE', *, *, #2887, .T. ) ;
#4826 = ORIENTED_EDGE ( 'NONE', *, *, #1019, .F. ) ;
#4827 = VECTOR ( 'NONE', #333, 1000.000000000000000 ) ;
#4828 = VECTOR ( 'NONE', #4737, 1000.000000000000000 ) ;
#4829 = FACE_OUTER_BOUND ( 'NONE', #4784, .T. ) ;
#4830 = DIRECTION ( 'NONE',  ( 0.000000000000000000, 0.7071067811865479058, 0.7071067811865472397 ) ) ;
#4831 = CARTESIAN_POINT ( 'NONE',  ( -122.7499999999999858, 12.75429687500000142, 4.000000000000007994 ) ) ;
#4832 = ADVANCED_FACE ( 'NONE', ( #868 ), #4550, .F. ) ;
#4833 = CARTESIAN_POINT ( 'NONE',  ( -137.7499999999999716, 10.65429687500000355, 0.4000000000000114575 ) ) ;
#4834 = EDGE_CURVE ( 'NONE', #2878, #1928, #2374, .T. ) ;
#4835 = EDGE_LOOP ( 'NONE', ( #262, #3609, #1542, #1020 ) ) ;
#4836 = DIRECTION ( 'NONE',  ( -0.000000000000000000, -0.000000000000000000, 1.000000000000000000 ) ) ;
#4837 = VECTOR ( 'NONE', #4322, 1000.000000000000000 ) ;
#4838 = AXIS2_PLACEMENT_3D ( 'NONE', #2337, #3842, #3491 ) ;
#4839 = FACE_OUTER_BOUND ( 'NONE', #1573, .T. ) ;
#4840 = DIRECTION ( 'NONE',  ( -1.000000000000000000, 0.000000000000000000, 0.000000000000000000 ) ) ;
#4841 = ORIENTED_EDGE ( 'NONE', *, *, #1019, .T. ) ;
#4842 = EDGE_LOOP ( 'NONE', ( #1442, #965, #2779, #4778 ) ) ;
#4843 = CARTESIAN_POINT ( 'NONE',  ( -14.39999999999995417, 20.90429687499999289, 2.000000000000000000 ) ) ;
#4844 = CARTESIAN_POINT ( 'NONE',  ( -37.44999999999995310, 15.40429687499999112, 0.5000000000000000000 ) ) ;
#4845 = DIRECTION ( 'NONE',  ( 2.775557561562891351E-16, -1.000000000000000000, 0.000000000000000000 ) ) ;
#4846 = VERTEX_POINT ( 'NONE', #3134 ) ;
#4847 = FACE_OUTER_BOUND ( 'NONE', #3027, .T. ) ;
#4848 = EDGE_CURVE ( 'NONE', #1236, #1281, #793, .T. ) ;
#4849 = ORIENTED_EDGE ( 'NONE', *, *, #1144, .F. ) ;
#4850 = ADVANCED_FACE ( 'NONE', ( #500 ), #3831, .F. ) ;
#4851 = PLANE ( 'NONE',  #2250 ) ;
#4852 = ORIENTED_EDGE ( 'NONE', *, *, #3100, .F. ) ;
#4853 = VERTEX_POINT ( 'NONE', #4782 ) ;
#4854 = FACE_BOUND ( 'NONE', #2982, .T. ) ;
#4855 = DIRECTION ( 'NONE',  ( 0.000000000000000000, 0.000000000000000000, -1.000000000000000000 ) ) ;
#4856 = VECTOR ( 'NONE', #4668, 1000.000000000000000 ) ;
#4857 = LINE ( 'NONE', #1067, #2288 ) ;
#4858 = ORIENTED_EDGE ( 'NONE', *, *, #283, .T. ) ;
#4859 = LINE ( 'NONE', #4527, #2610 ) ;
#4860 = DIRECTION ( 'NONE',  ( -1.000000000000000000, 0.000000000000000000, 0.000000000000000000 ) ) ;
#4861 = ORIENTED_EDGE ( 'NONE', *, *, #203, .T. ) ;
#4862 = ORIENTED_EDGE ( 'NONE', *, *, #2654, .F. ) ;
#4863 = FACE_OUTER_BOUND ( 'NONE', #3002, .T. ) ;
#4864 = CARTESIAN_POINT ( 'NONE',  ( -131.8999999999999773, 21.90429687500000355, 0.5000000000000000000 ) ) ;
#4865 = ADVANCED_FACE ( 'NONE', ( #3263 ), #3211, .F. ) ;
#4866 = CARTESIAN_POINT ( 'NONE',  ( -74.04999999999998295, 16.15429687500000711, 2.000000000000000000 ) ) ;
#4867 = VECTOR ( 'NONE', #822, 1000.000000000000000 ) ;
#4868 = ORIENTED_EDGE ( 'NONE', *, *, #392, .F. ) ;
#4869 = CIRCLE ( 'NONE', #2965, 0.2500000000000000000 ) ;
#4870 = CARTESIAN_POINT ( 'NONE',  ( -60.49999999999995026, 20.90429687499999289, 0.000000000000000000 ) ) ;
#4871 = VECTOR ( 'NONE', #4645, 1000.000000000000000 ) ;
#4872 = VERTEX_POINT ( 'NONE', #1755 ) ;
#4873 = EDGE_CURVE ( 'NONE', #2466, #1377, #1382, .T. ) ;
#4874 = ORIENTED_EDGE ( 'NONE', *, *, #1788, .T. ) ;
#4875 = LINE ( 'NONE', #307, #369 ) ;
#4876 = CARTESIAN_POINT ( 'NONE',  ( 45.85000000000000142, 10.65429687500000355, 5.000000000000000000 ) ) ;
#4877 = CARTESIAN_POINT ( 'NONE',  ( -109.5999999999999801, 20.15429687499998934, 0.5000000000000000000 ) ) ;
#4878 = EDGE_CURVE ( 'NONE', #547, #4515, #2451, .T. ) ;
#4879 = VERTEX_POINT ( 'NONE', #945 ) ;
#4880 = CARTESIAN_POINT ( 'NONE',  ( -4.899999999999955058, 16.15429687499999289, 2.000000000000000000 ) ) ;
#4881 = DIRECTION ( 'NONE',  ( 1.000000000000000000, 0.000000000000000000, 0.000000000000000000 ) ) ;
#4882 = ORIENTED_EDGE ( 'NONE', *, *, #1665, .T. ) ;
#4883 = PLANE ( 'NONE',  #1125 ) ;
#4884 = VECTOR ( 'NONE', #1469, 1000.000000000000000 ) ;
#4885 = DIRECTION ( 'NONE',  ( -0.000000000000000000, -1.000000000000000000, -0.000000000000000000 ) ) ;
#4886 = FACE_OUTER_BOUND ( 'NONE', #4367, .T. ) ;
#4887 = VECTOR ( 'NONE', #351, 999.9999999999998863 ) ;
#4888 = AXIS2_PLACEMENT_3D ( 'NONE', #2141, #3993, #3226 ) ;
#4889 = EDGE_CURVE ( 'NONE', #2189, #4611, #4869, .T. ) ;
#4890 = FACE_OUTER_BOUND ( 'NONE', #2167, .T. ) ;
#4891 = VERTEX_POINT ( 'NONE', #920 ) ;
#4892 = EDGE_CURVE ( 'NONE', #1351, #1992, #282, .T. ) ;
#4893 = VECTOR ( 'NONE', #2020, 1000.000000000000000 ) ;
#4894 = ORIENTED_EDGE ( 'NONE', *, *, #4097, .F. ) ;
#4895 = EDGE_LOOP ( 'NONE', ( #2163, #182, #522, #4270 ) ) ;
ENDSEC;
END-ISO-10303-21;
