ISO-10303-21;
HEADER;
FILE_DESCRIPTION (( 'STEP AP203' ),
    '1' );
FILE_NAME ('COAS + COAT Holder.STEP',
    '2025-08-01T00:50:53',
    ( '' ),
    ( '' ),
    'SwSTEP 2.0',
    'SolidWorks 2025',
    '' );
FILE_SCHEMA (( 'CONFIG_CONTROL_DESIGN' ));
ENDSEC;

DATA;
#1 = PERSON_AND_ORGANIZATION_ROLE ( 'creator' ) ;
#2 = ORIENTED_EDGE ( 'NONE', *, *, #3420, .F. ) ;
#3 = ORIENTED_EDGE ( 'NONE', *, *, #2733, .F. ) ;
#4 = CARTESIAN_POINT ( 'NONE',  ( 45.84999999999998721, 25.65429687500000355, 6.000000000000000000 ) ) ;
#5 = CARTESIAN_POINT ( 'NONE',  ( 0.000000000000000000, 0.000000000000000000, 0.5000000000000000000 ) ) ;
#6 = CARTESIAN_POINT ( 'NONE',  ( 45.84999999999998721, 25.65429687500000355, 6.000000000000000000 ) ) ;
#7 = VECTOR ( 'NONE', #740, 1000.000000000000000 ) ;
#8 = CARTESIAN_POINT ( 'NONE',  ( -85.90000000000001990, 21.90429687500000000, 0.5000000000000000000 ) ) ;
#9 = CARTESIAN_POINT ( 'NONE',  ( -61.75000000000001421, 23.55429687500000213, 3.750000000000000444 ) ) ;
#10 = DIRECTION ( 'NONE',  ( 8.673617379884020681E-16, -1.000000000000000000, 0.000000000000000000 ) ) ;
#11 = CARTESIAN_POINT ( 'NONE',  ( -31.05000000000000782, 20.90429687500000711, 0.000000000000000000 ) ) ;
#12 = EDGE_CURVE ( 'NONE', #1747, #276, #545, .T. ) ;
#13 = CARTESIAN_POINT ( 'NONE',  ( -93.16421356237310647, 25.65429687500000355, 5.000000000000000000 ) ) ;
#14 = ADVANCED_FACE ( 'NONE', ( #1698 ), #1752, .F. ) ;
#15 = CARTESIAN_POINT ( 'NONE',  ( -14.50000000000000533, 20.90429687500000000, 0.000000000000000000 ) ) ;
#16 = ORIENTED_EDGE ( 'NONE', *, *, #46, .T. ) ;
#17 = LINE ( 'NONE', #3759, #754 ) ;
#18 = CARTESIAN_POINT ( 'NONE',  ( 32.24999999999998579, 12.50429687500000142, 4.249999999999994671 ) ) ;
#19 = ORIENTED_EDGE ( 'NONE', *, *, #3415, .F. ) ;
#20 = EDGE_CURVE ( 'NONE', #634, #778, #244, .T. ) ;
#21 = DATE_TIME_ROLE ( 'creation_date' ) ;
#22 = ORIENTED_EDGE ( 'NONE', *, *, #1061, .T. ) ;
#23 = PLANE ( 'NONE',  #95 ) ;
#24 = DIRECTION ( 'NONE',  ( 1.000000000000000000, 0.000000000000000000, 0.000000000000000000 ) ) ;
#25 = FACE_OUTER_BOUND ( 'NONE', #2343, .T. ) ;
#26 = DIRECTION ( 'NONE',  ( 0.000000000000000000, 1.000000000000000000, 0.000000000000000000 ) ) ;
#27 = CARTESIAN_POINT ( 'NONE',  ( -51.10000000000000142, 20.15429687499999645, 2.000000000000000000 ) ) ;
#28 = VECTOR ( 'NONE', #72, 1000.000000000000000 ) ;
#29 = CARTESIAN_POINT ( 'NONE',  ( 38.09999999999998721, 16.15429687499999645, 2.000000000000000000 ) ) ;
#30 = VERTEX_POINT ( 'NONE', #1443 ) ;
#31 = PLANE ( 'NONE',  #150 ) ;
#32 = EDGE_CURVE ( 'NONE', #2471, #3858, #2134, .T. ) ;
#33 = AXIS2_PLACEMENT_3D ( 'NONE', #3119, #122, #1560 ) ;
#34 = CARTESIAN_POINT ( 'NONE',  ( -51.10000000000000142, 20.15429687499999645, 0.5000000000000000000 ) ) ;
#35 = VECTOR ( 'NONE', #733, 1000.000000000000000 ) ;
#36 = VECTOR ( 'NONE', #512, 1000.000000000000000 ) ;
#37 = LINE ( 'NONE', #3091, #400 ) ;
#38 = ORIENTED_EDGE ( 'NONE', *, *, #1961, .F. ) ;
#39 = ORIENTED_EDGE ( 'NONE', *, *, #2322, .F. ) ;
#40 = ORIENTED_EDGE ( 'NONE', *, *, #745, .F. ) ;
#41 = ORIENTED_EDGE ( 'NONE', *, *, #1188, .T. ) ;
#42 = LINE ( 'NONE', #352, #845 ) ;
#43 = CARTESIAN_POINT ( 'NONE',  ( -93.16421356237310647, 10.65429687500000355, 5.000000000000000000 ) ) ;
#44 = DIRECTION ( 'NONE',  ( 0.000000000000000000, -0.000000000000000000, 1.000000000000000000 ) ) ;
#45 = DIRECTION ( 'NONE',  ( 0.000000000000000000, -1.000000000000000000, 0.000000000000000000 ) ) ;
#46 = EDGE_CURVE ( 'NONE', #933, #156, #1105, .T. ) ;
#47 = DIRECTION ( 'NONE',  ( 2.891205793294678819E-16, 1.000000000000000000, 0.000000000000000000 ) ) ;
#48 = DIRECTION ( 'NONE',  ( 0.000000000000000000, 0.000000000000000000, 1.000000000000000000 ) ) ;
#49 = AXIS2_PLACEMENT_3D ( 'NONE', #3680, #1562, #1820 ) ;
#50 = EDGE_CURVE ( 'NONE', #3179, #417, #1147, .T. ) ;
#51 = CARTESIAN_POINT ( 'NONE',  ( -40.55000000000001137, 20.15429687500000711, 0.5000000000000000000 ) ) ;
#52 = ORIENTED_EDGE ( 'NONE', *, *, #3133, .F. ) ;
#53 = CARTESIAN_POINT ( 'NONE',  ( 46.25000000000000000, 23.80429687500000213, 2.000000000000000000 ) ) ;
#54 = CARTESIAN_POINT ( 'NONE',  ( -8.000000000000007105, 20.90429687500000000, 0.000000000000000000 ) ) ;
#55 = CARTESIAN_POINT ( 'NONE',  ( -77.15000000000000568, 20.90429687500000355, 0.000000000000000000 ) ) ;
#56 = ORIENTED_EDGE ( 'NONE', *, *, #3625, .F. ) ;
#57 = ADVANCED_FACE ( 'NONE', ( #2781 ), #67, .T. ) ;
#58 = ORIENTED_EDGE ( 'NONE', *, *, #2922, .T. ) ;
#59 = DIRECTION ( 'NONE',  ( -9.251858538542971828E-16, 1.000000000000000000, 0.000000000000000000 ) ) ;
#60 = EDGE_CURVE ( 'NONE', #3909, #2940, #304, .T. ) ;
#61 = DIRECTION ( 'NONE',  ( -1.000000000000000000, 0.000000000000000000, 0.000000000000000000 ) ) ;
#62 = DIRECTION ( 'NONE',  ( -1.734723475976805517E-15, 1.000000000000000000, 0.000000000000000000 ) ) ;
#63 = DIRECTION ( 'NONE',  ( -0.000000000000000000, 1.000000000000000000, 0.000000000000000000 ) ) ;
#64 = ORIENTED_EDGE ( 'NONE', *, *, #1557, .F. ) ;
#65 = CARTESIAN_POINT ( 'NONE',  ( -14.50000000000000533, 20.90429687500000000, 0.000000000000000000 ) ) ;
#66 = CARTESIAN_POINT ( 'NONE',  ( -91.54999999999999716, 25.45429687499999005, 0.1999999999999767242 ) ) ;
#67 = PLANE ( 'NONE',  #805 ) ;
#68 = EDGE_CURVE ( 'NONE', #3381, #362, #607, .T. ) ;
#69 = CARTESIAN_POINT ( 'NONE',  ( 15.04999999999999005, 15.40429687499999822, 0.5000000000000000000 ) ) ;
#70 = ORIENTED_EDGE ( 'NONE', *, *, #2654, .F. ) ;
#71 = PRODUCT_DEFINITION_FORMATION_WITH_SPECIFIED_SOURCE ( 'ANY', '', #3316, .NOT_KNOWN. ) ;
#72 = DIRECTION ( 'NONE',  ( 1.000000000000000000, 0.000000000000000000, 0.000000000000000000 ) ) ;
#73 = AXIS2_PLACEMENT_3D ( 'NONE', #202, #506, #1680 ) ;
#74 = LINE ( 'NONE', #1886, #3706 ) ;
#75 = ORIENTED_EDGE ( 'NONE', *, *, #1757, .T. ) ;
#76 = APPROVAL_DATE_TIME ( #632, #414 ) ;
#77 = ORIENTED_EDGE ( 'NONE', *, *, #1865, .T. ) ;
#78 = FACE_OUTER_BOUND ( 'NONE', #2082, .T. ) ;
#79 = DIRECTION ( 'NONE',  ( 0.000000000000000000, 0.000000000000000000, 1.000000000000000000 ) ) ;
#80 = CARTESIAN_POINT ( 'NONE',  ( -63.60000000000001563, 16.15429687499999289, 2.000000000000000000 ) ) ;
#81 = ADVANCED_FACE ( 'NONE', ( #3323 ), #2725, .F. ) ;
#82 = DIRECTION ( 'NONE',  ( 0.000000000000000000, -1.000000000000000000, 0.000000000000000000 ) ) ;
#83 = CARTESIAN_POINT ( 'NONE',  ( 38.09999999999998721, 16.15429687499999645, 0.000000000000000000 ) ) ;
#84 = DIRECTION ( 'NONE',  ( -0.000000000000000000, 1.000000000000000000, -0.000000000000000000 ) ) ;
#85 = AXIS2_PLACEMENT_3D ( 'NONE', #2142, #970, #3648 ) ;
#86 = CARTESIAN_POINT ( 'NONE',  ( 31.59999999999999076, 15.40429687499999822, 2.000000000000000000 ) ) ;
#87 = ORIENTED_EDGE ( 'NONE', *, *, #3071, .T. ) ;
#88 = CARTESIAN_POINT ( 'NONE',  ( -60.60000000000000853, 20.90429687499999645, 0.000000000000000000 ) ) ;
#89 = ORIENTED_EDGE ( 'NONE', *, *, #3805, .F. ) ;
#90 = AXIS2_PLACEMENT_3D ( 'NONE', #3806, #188, #770 ) ;
#91 = EDGE_CURVE ( 'NONE', #3208, #2300, #622, .T. ) ;
#92 = AXIS2_PLACEMENT_3D ( 'NONE', #3425, #1280, #1838 ) ;
#93 = LINE ( 'NONE', #3396, #904 ) ;
#94 = ORIENTED_EDGE ( 'NONE', *, *, #179, .T. ) ;
#95 = AXIS2_PLACEMENT_3D ( 'NONE', #3659, #2151, #1074 ) ;
#96 = VECTOR ( 'NONE', #3015, 1000.000000000000000 ) ;
#97 = ORIENTED_EDGE ( 'NONE', *, *, #2129, .T. ) ;
#98 = ORIENTED_EDGE ( 'NONE', *, *, #306, .T. ) ;
#99 = DIRECTION ( 'NONE',  ( -1.156482317317871478E-16, 0.000000000000000000, -1.000000000000000000 ) ) ;
#100 = DIRECTION ( 'NONE',  ( -0.000000000000000000, -0.000000000000000000, 1.000000000000000000 ) ) ;
#101 = VECTOR ( 'NONE', #2953, 1000.000000000000000 ) ;
#102 = EDGE_CURVE ( 'NONE', #3858, #3489, #1211, .T. ) ;
#103 = CARTESIAN_POINT ( 'NONE',  ( -76.75000000000001421, 12.50429687500000142, 3.749999999999996891 ) ) ;
#104 = DIRECTION ( 'NONE',  ( 2.775557561562890365E-16, -1.000000000000000000, 0.000000000000000000 ) ) ;
#105 = EDGE_CURVE ( 'NONE', #3311, #634, #3060, .T. ) ;
#106 = CARTESIAN_POINT ( 'NONE',  ( 6.049999999999992717, 21.90429687500000000, 0.5000000000000000000 ) ) ;
#107 = CARTESIAN_POINT ( 'NONE',  ( -91.75000000000001421, 23.80429687500000213, 2.000000000000000000 ) ) ;
#108 = ADVANCED_FACE ( 'NONE', ( #2349 ), #3665, .F. ) ;
#109 = DIRECTION ( 'NONE',  ( 0.000000000000000000, -1.000000000000000000, 0.000000000000000000 ) ) ;
#110 = ORIENTED_EDGE ( 'NONE', *, *, #2984, .T. ) ;
#111 = CARTESIAN_POINT ( 'NONE',  ( 46.25000000000000000, 11.81998229994924188, 5.600000000000001421 ) ) ;
#112 = CARTESIAN_POINT ( 'NONE',  ( -17.75000000000000355, 14.40429687500000178, 0.5000000000000000000 ) ) ;
#113 = VERTEX_POINT ( 'NONE', #2444 ) ;
#114 = EDGE_CURVE ( 'NONE', #417, #3528, #912, .T. ) ;
#115 = ORIENTED_EDGE ( 'NONE', *, *, #3746, .T. ) ;
#116 = CARTESIAN_POINT ( 'NONE',  ( 17.24999999999998579, 12.50429687500000142, 4.249999999999995559 ) ) ;
#117 = DIRECTION ( 'NONE',  ( 1.000000000000000000, 0.000000000000000000, -1.156482317317871478E-16 ) ) ;
#118 = FACE_OUTER_BOUND ( 'NONE', #742, .T. ) ;
#119 = VECTOR ( 'NONE', #10, 1000.000000000000000 ) ;
#120 = ORIENTED_EDGE ( 'NONE', *, *, #262, .T. ) ;
#121 = CARTESIAN_POINT ( 'NONE',  ( 18.04999999999999005, 21.90429687499999645, 0.5000000000000000000 ) ) ;
#122 = DIRECTION ( 'NONE',  ( -1.000000000000000000, 0.000000000000000000, 0.000000000000000000 ) ) ;
#123 = LINE ( 'NONE', #2159, #3205 ) ;
#124 = DIRECTION ( 'NONE',  ( 1.000000000000000000, 2.775557561562890365E-16, -0.000000000000000000 ) ) ;
#125 = ORIENTED_EDGE ( 'NONE', *, *, #1366, .F. ) ;
#126 = CARTESIAN_POINT ( 'NONE',  ( -29.75000000000001421, 23.80429687500000213, 3.749999999999998668 ) ) ;
#127 = ADVANCED_FACE ( 'NONE', ( #2481 ), #1879, .F. ) ;
#128 = VECTOR ( 'NONE', #2499, 1000.000000000000000 ) ;
#129 = EDGE_CURVE ( 'NONE', #2940, #2050, #377, .T. ) ;
#130 = LINE ( 'NONE', #1088, #3325 ) ;
#131 = VERTEX_POINT ( 'NONE', #69 ) ;
#132 = VECTOR ( 'NONE', #1423, 1000.000000000000000 ) ;
#133 = ORIENTED_EDGE ( 'NONE', *, *, #2850, .T. ) ;
#134 = CARTESIAN_POINT ( 'NONE',  ( -89.25000000000001421, 23.15429687500000355, 0.3499999999999999223 ) ) ;
#135 = EDGE_CURVE ( 'NONE', #1378, #3795, #3645, .T. ) ;
#136 = DIRECTION ( 'NONE',  ( -0.000000000000000000, -0.000000000000000000, 1.000000000000000000 ) ) ;
#137 = EDGE_LOOP ( 'NONE', ( #747, #1357, #873, #3213 ) ) ;
#138 = DIRECTION ( 'NONE',  ( 0.000000000000000000, 0.000000000000000000, -1.000000000000000000 ) ) ;
#139 = ORIENTED_EDGE ( 'NONE', *, *, #3805, .T. ) ;
#140 = ORIENTED_EDGE ( 'NONE', *, *, #1292, .T. ) ;
#141 = DIRECTION ( 'NONE',  ( -1.000000000000000000, -0.000000000000000000, -0.000000000000000000 ) ) ;
#142 = DIRECTION ( 'NONE',  ( -1.000000000000000000, 2.668805347656624213E-16, 0.000000000000000000 ) ) ;
#143 = DIRECTION ( 'NONE',  ( 1.000000000000000000, 0.000000000000000000, 0.000000000000000000 ) ) ;
#144 = ADVANCED_FACE ( 'NONE', ( #1213 ), #930, .F. ) ;
#145 = CARTESIAN_POINT ( 'NONE',  ( -14.50000000000000533, 20.90429687500000000, 0.000000000000000000 ) ) ;
#146 = CARTESIAN_POINT ( 'NONE',  ( -89.25000000000001421, 23.15429687500000355, 0.5999999999999999778 ) ) ;
#147 = VECTOR ( 'NONE', #1176, 1000.000000000000000 ) ;
#148 = EDGE_CURVE ( 'NONE', #3629, #2358, #3370, .T. ) ;
#149 = CARTESIAN_POINT ( 'NONE',  ( -14.75000000000001243, 23.05429687500000213, 4.249999999999999112 ) ) ;
#150 = AXIS2_PLACEMENT_3D ( 'NONE', #3628, #3352, #1566 ) ;
#151 = ORIENTED_EDGE ( 'NONE', *, *, #2907, .T. ) ;
#152 = AXIS2_PLACEMENT_3D ( 'NONE', #2355, #3581, #590 ) ;
#153 = ORIENTED_EDGE ( 'NONE', *, *, #3708, .F. ) ;
#154 = LINE ( 'NONE', #3434, #780 ) ;
#155 = CARTESIAN_POINT ( 'NONE',  ( 8.549999999999995381, 15.40429687499999822, 0.5000000000000000000 ) ) ;
#156 = VERTEX_POINT ( 'NONE', #2424 ) ;
#157 = FACE_OUTER_BOUND ( 'NONE', #2923, .T. ) ;
#158 = AXIS2_PLACEMENT_3D ( 'NONE', #1540, #2911, #3230 ) ;
#159 = VECTOR ( 'NONE', #636, 1000.000000000000000 ) ;
#160 = VERTEX_POINT ( 'NONE', #2181 ) ;
#161 = CIRCLE ( 'NONE', #595, 0.2500000000000002220 ) ;
#162 = DIRECTION ( 'NONE',  ( 0.000000000000000000, 0.000000000000000000, -1.000000000000000000 ) ) ;
#163 = DIRECTION ( 'NONE',  ( -1.000000000000000000, -0.000000000000000000, -0.000000000000000000 ) ) ;
#164 = ORIENTED_EDGE ( 'NONE', *, *, #332, .F. ) ;
#165 = CARTESIAN_POINT ( 'NONE',  ( -40.55000000000001137, 20.15429687500000711, 2.000000000000000000 ) ) ;
#166 = ORIENTED_EDGE ( 'NONE', *, *, #2141, .F. ) ;
#167 = CARTESIAN_POINT ( 'NONE',  ( -61.75000000000001421, 12.75429687500000142, 4.249999999999994671 ) ) ;
#168 = EDGE_CURVE ( 'NONE', #2734, #3403, #1624, .T. ) ;
#169 = FACE_OUTER_BOUND ( 'NONE', #3397, .T. ) ;
#170 = ORIENTED_EDGE ( 'NONE', *, *, #1526, .T. ) ;
#171 = AXIS2_PLACEMENT_3D ( 'NONE', #2463, #1487, #1232 ) ;
#172 = EDGE_LOOP ( 'NONE', ( #1164, #3771, #1434, #3020 ) ) ;
#173 = DIRECTION ( 'NONE',  ( 0.000000000000000000, 1.000000000000000000, 0.000000000000000000 ) ) ;
#174 = FACE_OUTER_BOUND ( 'NONE', #3897, .T. ) ;
#175 = VERTEX_POINT ( 'NONE', #1267 ) ;
#176 = DIRECTION ( 'NONE',  ( -1.000000000000000000, 0.000000000000000000, 1.156482317317871478E-16 ) ) ;
#177 = ADVANCED_FACE ( 'NONE', ( #3721 ), #625, .F. ) ;
#178 = ORIENTED_EDGE ( 'NONE', *, *, #3259, .T. ) ;
#179 = EDGE_CURVE ( 'NONE', #1078, #676, #360, .T. ) ;
#180 = VERTEX_POINT ( 'NONE', #3701 ) ;
#181 = DIRECTION ( 'NONE',  ( -1.156482317317871478E-16, 0.000000000000000000, -1.000000000000000000 ) ) ;
#182 = CARTESIAN_POINT ( 'NONE',  ( 31.59999999999999076, 20.90429687500000000, 2.000000000000000000 ) ) ;
#183 = ORIENTED_EDGE ( 'NONE', *, *, #3576, .T. ) ;
#184 = CARTESIAN_POINT ( 'NONE',  ( 17.24999999999998579, 12.50429687500000142, 3.749999999999996891 ) ) ;
#185 = PLANE ( 'NONE',  #3300 ) ;
#186 = EDGE_CURVE ( 'NONE', #3054, #3476, #968, .T. ) ;
#187 = DIRECTION ( 'NONE',  ( 0.000000000000000000, 0.000000000000000000, -1.000000000000000000 ) ) ;
#188 = DIRECTION ( 'NONE',  ( -1.000000000000000000, 0.000000000000000000, -5.782411586589357392E-17 ) ) ;
#189 = ORIENTED_EDGE ( 'NONE', *, *, #2255, .T. ) ;
#190 = CC_DESIGN_APPROVAL ( #3114, ( #71 ) ) ;
#191 = LINE ( 'NONE', #3851, #36 ) ;
#192 = VERTEX_POINT ( 'NONE', #2580 ) ;
#193 = FACE_OUTER_BOUND ( 'NONE', #3152, .T. ) ;
#194 = CARTESIAN_POINT ( 'NONE',  ( 31.59999999999999076, 16.15429687499999289, 2.000000000000000000 ) ) ;
#195 = ORIENTED_EDGE ( 'NONE', *, *, #1836, .T. ) ;
#196 = CARTESIAN_POINT ( 'NONE',  ( -14.50000000000000533, 20.90429687500000000, 0.5000000000000000000 ) ) ;
#197 = ORIENTED_EDGE ( 'NONE', *, *, #2904, .F. ) ;
#198 = ORIENTED_EDGE ( 'NONE', *, *, #3767, .F. ) ;
#199 = DIRECTION ( 'NONE',  ( -2.668805347656624213E-16, -1.000000000000000000, 0.000000000000000000 ) ) ;
#200 = LINE ( 'NONE', #763, #2813 ) ;
#201 = EDGE_CURVE ( 'NONE', #2149, #2830, #3802, .T. ) ;
#202 = CARTESIAN_POINT ( 'NONE',  ( -90.00000000000001421, 13.15429687500000355, 0.2500000000000000000 ) ) ;
#203 = CARTESIAN_POINT ( 'NONE',  ( -89.50000000000001421, 22.90429687500000355, 0.5999999999999999778 ) ) ;
#204 = LINE ( 'NONE', #3085, #1737 ) ;
#205 = ORIENTED_EDGE ( 'NONE', *, *, #2777, .T. ) ;
#206 = CARTESIAN_POINT ( 'NONE',  ( -40.55000000000001137, 16.15429687500000355, 0.5000000000000000000 ) ) ;
#207 = VERTEX_POINT ( 'NONE', #2270 ) ;
#208 = DIRECTION ( 'NONE',  ( 1.000000000000000000, 0.000000000000000000, 0.000000000000000000 ) ) ;
#209 = ORIENTED_EDGE ( 'NONE', *, *, #992, .T. ) ;
#210 = EDGE_CURVE ( 'NONE', #1809, #748, #765, .T. ) ;
#211 = ORIENTED_EDGE ( 'NONE', *, *, #1803, .F. ) ;
#212 = VERTEX_POINT ( 'NONE', #723 ) ;
#213 = VECTOR ( 'NONE', #1739, 1000.000000000000000 ) ;
#214 = LINE ( 'NONE', #2022, #3556 ) ;
#215 = LINE ( 'NONE', #254, #96 ) ;
#216 = ORIENTED_EDGE ( 'NONE', *, *, #2615, .F. ) ;
#217 = CARTESIAN_POINT ( 'NONE',  ( -60.60000000000001563, 16.15429687499999289, 0.5000000000000000000 ) ) ;
#218 = ORIENTED_EDGE ( 'NONE', *, *, #376, .T. ) ;
#219 = ORIENTED_EDGE ( 'NONE', *, *, #905, .F. ) ;
#220 = CARTESIAN_POINT ( 'NONE',  ( -37.55000000000000426, 20.15429687500000711, 2.000000000000000000 ) ) ;
#221 = DIRECTION ( 'NONE',  ( -0.000000000000000000, -1.000000000000000000, -0.000000000000000000 ) ) ;
#222 = AXIS2_PLACEMENT_3D ( 'NONE', #5, #1166, #2657 ) ;
#223 = VECTOR ( 'NONE', #3294, 1000.000000000000000 ) ;
#224 = EDGE_LOOP ( 'NONE', ( #64, #463, #3864, #3273 ) ) ;
#225 = DIRECTION ( 'NONE',  ( -0.000000000000000000, -0.000000000000000000, 1.000000000000000000 ) ) ;
#226 = EDGE_CURVE ( 'NONE', #3528, #1422, #2214, .T. ) ;
#227 = ORIENTED_EDGE ( 'NONE', *, *, #2255, .F. ) ;
#228 = EDGE_CURVE ( 'NONE', #3319, #676, #191, .T. ) ;
#229 = DIRECTION ( 'NONE',  ( -1.000000000000000000, 2.891205793294679312E-16, -0.000000000000000000 ) ) ;
#230 = ORIENTED_EDGE ( 'NONE', *, *, #3163, .F. ) ;
#231 = DIRECTION ( 'NONE',  ( -1.000000000000000000, 0.000000000000000000, 1.156482317317871478E-16 ) ) ;
#232 = VERTEX_POINT ( 'NONE', #2042 ) ;
#233 = DIRECTION ( 'NONE',  ( 1.000000000000000000, -0.000000000000000000, -0.000000000000000000 ) ) ;
#234 = DIRECTION ( 'NONE',  ( 1.000000000000000000, 0.000000000000000000, -1.156482317317871478E-16 ) ) ;
#235 = AXIS2_PLACEMENT_3D ( 'NONE', #371, #3676, #2210 ) ;
#236 = EDGE_CURVE ( 'NONE', #465, #2235, #1072, .T. ) ;
#237 =( LENGTH_UNIT ( ) NAMED_UNIT ( * ) SI_UNIT ( .MILLI., .METRE. ) );
#238 = ORIENTED_EDGE ( 'NONE', *, *, #226, .T. ) ;
#239 = ORIENTED_EDGE ( 'NONE', *, *, #2262, .F. ) ;
#240 = CARTESIAN_POINT ( 'NONE',  ( 38.09999999999998721, 20.90429687500000000, 0.000000000000000000 ) ) ;
#241 = CARTESIAN_POINT ( 'NONE',  ( 32.24999999999998579, 23.80429687500000213, 4.249999999999999112 ) ) ;
#242 = DIRECTION ( 'NONE',  ( 0.000000000000000000, -1.000000000000000000, 0.000000000000000000 ) ) ;
#243 = DIRECTION ( 'NONE',  ( 0.000000000000000000, 0.000000000000000000, -1.000000000000000000 ) ) ;
#244 = LINE ( 'NONE', #2642, #426 ) ;
#245 = VECTOR ( 'NONE', #2441, 1000.000000000000000 ) ;
#246 = ORIENTED_EDGE ( 'NONE', *, *, #951, .T. ) ;
#247 = CARTESIAN_POINT ( 'NONE',  ( -83.65000000000001990, 15.40429687500000355, 0.000000000000000000 ) ) ;
#248 = EDGE_CURVE ( 'NONE', #1847, #2300, #3546, .T. ) ;
#249 = ORIENTED_EDGE ( 'NONE', *, *, #3662, .F. ) ;
#250 = DIRECTION ( 'NONE',  ( 1.000000000000000000, 0.000000000000000000, 0.000000000000000000 ) ) ;
#251 = ORIENTED_EDGE ( 'NONE', *, *, #1026, .T. ) ;
#252 = DIRECTION ( 'NONE',  ( -1.000000000000000000, 0.000000000000000000, -5.782411586589357392E-17 ) ) ;
#253 = FACE_OUTER_BOUND ( 'NONE', #442, .T. ) ;
#254 = CARTESIAN_POINT ( 'NONE',  ( -83.65000000000001990, 20.90429687500000355, 0.000000000000000000 ) ) ;
#255 = CALENDAR_DATE ( 2025, 31, 7 ) ;
#256 = VERTEX_POINT ( 'NONE', #1742 ) ;
#257 = EDGE_LOOP ( 'NONE', ( #3561, #3333, #3243, #2013 ) ) ;
#258 = DIRECTION ( 'NONE',  ( 1.000000000000000000, 0.000000000000000000, 0.000000000000000000 ) ) ;
#259 = DIRECTION ( 'NONE',  ( 0.000000000000000000, 0.000000000000000000, -1.000000000000000000 ) ) ;
#260 = CYLINDRICAL_SURFACE ( 'NONE', #3065, 0.2500000000000002220 ) ;
#261 = VECTOR ( 'NONE', #233, 1000.000000000000000 ) ;
#262 = EDGE_CURVE ( 'NONE', #2182, #1719, #2670, .T. ) ;
#263 = CARTESIAN_POINT ( 'NONE',  ( -28.05000000000000426, 20.15429687500001066, 0.5000000000000000000 ) ) ;
#264 = DIRECTION ( 'NONE',  ( -1.000000000000000000, 0.000000000000000000, -5.782411586589357392E-17 ) ) ;
#265 = CARTESIAN_POINT ( 'NONE',  ( -90.00000000000001421, 23.15429687500000355, 0.000000000000000000 ) ) ;
#266 = ADVANCED_FACE ( 'NONE', ( #2280 ), #1390, .F. ) ;
#267 = ORIENTED_EDGE ( 'NONE', *, *, #2295, .T. ) ;
#268 = CARTESIAN_POINT ( 'NONE',  ( -61.75000000000001421, 13.25429687500000142, 3.749999999999995115 ) ) ;
#269 = ORIENTED_EDGE ( 'NONE', *, *, #1745, .T. ) ;
#270 = EDGE_CURVE ( 'NONE', #160, #1960, #815, .T. ) ;
#271 = LINE ( 'NONE', #495, #1321 ) ;
#272 = DIRECTION ( 'NONE',  ( -2.775557561562890365E-16, 1.000000000000000000, 0.000000000000000000 ) ) ;
#273 = FACE_OUTER_BOUND ( 'NONE', #839, .T. ) ;
#274 = VECTOR ( 'NONE', #3204, 1000.000000000000000 ) ;
#275 = VERTEX_POINT ( 'NONE', #2603 ) ;
#276 = VERTEX_POINT ( 'NONE', #1431 ) ;
#277 = LINE ( 'NONE', #2090, #1796 ) ;
#278 = DIRECTION ( 'NONE',  ( -0.000000000000000000, 1.000000000000000000, -0.000000000000000000 ) ) ;
#279 = DIRECTION ( 'NONE',  ( 0.000000000000000000, -1.000000000000000000, 0.000000000000000000 ) ) ;
#280 = AXIS2_PLACEMENT_3D ( 'NONE', #2770, #3032, #3355 ) ;
#281 = CARTESIAN_POINT ( 'NONE',  ( 31.59999999999999076, 15.40429687499999822, 2.000000000000000000 ) ) ;
#282 = ORIENTED_EDGE ( 'NONE', *, *, #1930, .T. ) ;
#283 = AXIS2_PLACEMENT_3D ( 'NONE', #2964, #1210, #3347 ) ;
#284 = CARTESIAN_POINT ( 'NONE',  ( 45.84999999999998721, 24.65429687500000711, 6.000000000000000000 ) ) ;
#285 = VECTOR ( 'NONE', #100, 1000.000000000000000 ) ;
#286 = AXIS2_PLACEMENT_3D ( 'NONE', #2749, #3631, #1884 ) ;
#287 = ORIENTED_EDGE ( 'NONE', *, *, #3908, .F. ) ;
#288 = PLANE ( 'NONE',  #3261 ) ;
#289 = VERTEX_POINT ( 'NONE', #855 ) ;
#290 = EDGE_CURVE ( 'NONE', #1779, #1107, #2586, .T. ) ;
#291 = CARTESIAN_POINT ( 'NONE',  ( 0.000000000000000000, 12.50429687500000142, 6.000000000000000000 ) ) ;
#292 = CARTESIAN_POINT ( 'NONE',  ( -89.75000000000001421, 13.15429687500000533, 0.4964466094067262469 ) ) ;
#293 = DIRECTION ( 'NONE',  ( -1.000000000000000000, -2.775557561562890365E-16, 0.000000000000000000 ) ) ;
#294 = PERSON_AND_ORGANIZATION ( #2744, #2208 ) ;
#295 = ORIENTED_EDGE ( 'NONE', *, *, #148, .F. ) ;
#296 = ORIENTED_EDGE ( 'NONE', *, *, #3821, .T. ) ;
#297 = CARTESIAN_POINT ( 'NONE',  ( 15.04999999999999005, 20.90429687500000000, 0.5000000000000000000 ) ) ;
#298 = LINE ( 'NONE', #1503, #1853 ) ;
#299 = DIRECTION ( 'NONE',  ( 0.000000000000000000, -1.000000000000000000, 0.000000000000000000 ) ) ;
#300 = ADVANCED_FACE ( 'NONE', ( #459, #1669, #2888, #1371 ), #3543, .T. ) ;
#301 = ADVANCED_FACE ( 'NONE', ( #1133 ), #3589, .F. ) ;
#302 = LINE ( 'NONE', #867, #1657 ) ;
#303 = PLANE ( 'NONE',  #283 ) ;
#304 = LINE ( 'NONE', #909, #245 ) ;
#305 = CARTESIAN_POINT ( 'NONE',  ( 18.04999999999999005, 14.40429687500000178, 2.000000000000000000 ) ) ;
#306 = EDGE_CURVE ( 'NONE', #2715, #256, #1493, .T. ) ;
#307 = FACE_OUTER_BOUND ( 'NONE', #3493, .T. ) ;
#308 = AXIS2_PLACEMENT_3D ( 'NONE', #1233, #2743, #3390 ) ;
#309 = ORIENTED_EDGE ( 'NONE', *, *, #2258, .F. ) ;
#310 = DIRECTION ( 'NONE',  ( -0.000000000000000000, -0.000000000000000000, 1.000000000000000000 ) ) ;
#311 = CARTESIAN_POINT ( 'NONE',  ( 0.000000000000000000, 20.15429687499999645, 2.000000000000000000 ) ) ;
#312 = EDGE_LOOP ( 'NONE', ( #1518, #3919, #140 ) ) ;
#313 = COORDINATED_UNIVERSAL_TIME_OFFSET ( 5, 0, .BEHIND. ) ;
#314 = ORIENTED_EDGE ( 'NONE', *, *, #3736, .T. ) ;
#315 = ORIENTED_EDGE ( 'NONE', *, *, #2904, .T. ) ;
#316 = DIRECTION ( 'NONE',  ( 0.000000000000000000, 0.000000000000000000, -1.000000000000000000 ) ) ;
#317 = DIRECTION ( 'NONE',  ( 0.000000000000000000, 0.000000000000000000, -1.000000000000000000 ) ) ;
#318 = DIRECTION ( 'NONE',  ( -0.000000000000000000, -1.000000000000000000, -0.000000000000000000 ) ) ;
#319 = EDGE_CURVE ( 'NONE', #1107, #822, #161, .T. ) ;
#320 = CARTESIAN_POINT ( 'NONE',  ( -31.05000000000000782, 20.90429687500000711, 2.000000000000000000 ) ) ;
#321 = DIRECTION ( 'NONE',  ( 0.000000000000000000, -1.000000000000000000, 0.000000000000000000 ) ) ;
#322 = AXIS2_PLACEMENT_3D ( 'NONE', #1641, #2252, #2293 ) ;
#323 = DIRECTION ( 'NONE',  ( -0.000000000000000000, 0.000000000000000000, 1.000000000000000000 ) ) ;
#324 = DIRECTION ( 'NONE',  ( -0.000000000000000000, -0.000000000000000000, 1.000000000000000000 ) ) ;
#325 = CARTESIAN_POINT ( 'NONE',  ( -5.593941108938963283E-15, 20.15429687500001776, 2.000000000000000000 ) ) ;
#326 = ORIENTED_EDGE ( 'NONE', *, *, #2982, .T. ) ;
#327 = EDGE_CURVE ( 'NONE', #2952, #160, #510, .T. ) ;
#328 = ORIENTED_EDGE ( 'NONE', *, *, #2199, .T. ) ;
#329 = DIRECTION ( 'NONE',  ( 1.000000000000000000, -0.000000000000000000, 1.156482317317871478E-16 ) ) ;
#330 = PLANE ( 'NONE',  #158 ) ;
#331 = CARTESIAN_POINT ( 'NONE',  ( -63.60000000000001563, 20.15429687499999645, 2.000000000000000000 ) ) ;
#332 = EDGE_CURVE ( 'NONE', #2967, #550, #794, .T. ) ;
#333 = DIRECTION ( 'NONE',  ( 0.000000000000000000, 0.000000000000000000, 1.000000000000000000 ) ) ;
#334 = PRODUCT_DEFINITION_SHAPE ( 'NONE', 'NONE',  #2224 ) ;
#335 = EDGE_CURVE ( 'NONE', #2358, #3758, #2711, .T. ) ;
#336 = CARTESIAN_POINT ( 'NONE',  ( 46.25000000000000711, 12.50429687500000142, 5.600000000000002309 ) ) ;
#337 = DIRECTION ( 'NONE',  ( 1.000000000000000000, -0.000000000000000000, -0.000000000000000000 ) ) ;
#338 = AXIS2_PLACEMENT_3D ( 'NONE', #1756, #489, #3267 ) ;
#339 = CARTESIAN_POINT ( 'NONE',  ( -37.55000000000000426, 20.90429687500000711, 0.000000000000000000 ) ) ;
#340 = DIRECTION ( 'NONE',  ( -0.000000000000000000, -0.000000000000000000, 1.000000000000000000 ) ) ;
#341 = ORIENTED_EDGE ( 'NONE', *, *, #2835, .T. ) ;
#342 = CARTESIAN_POINT ( 'NONE',  ( 45.84999999999998721, 10.65429687500000355, 5.000000000000000000 ) ) ;
#343 = VECTOR ( 'NONE', #1359, 1000.000000000000000 ) ;
#344 = EDGE_CURVE ( 'NONE', #3447, #3528, #1155, .T. ) ;
#345 = DIRECTION ( 'NONE',  ( 0.000000000000000000, -1.000000000000000000, 0.000000000000000000 ) ) ;
#346 = AXIS2_PLACEMENT_3D ( 'NONE', #3598, #2719, #258 ) ;
#347 = EDGE_CURVE ( 'NONE', #2100, #2167, #3565, .T. ) ;
#348 = AXIS2_PLACEMENT_3D ( 'NONE', #3247, #3609, #1720 ) ;
#349 = DIRECTION ( 'NONE',  ( 1.000000000000000000, -0.000000000000000000, -1.156482317317871478E-16 ) ) ;
#350 = VERTEX_POINT ( 'NONE', #833 ) ;
#351 = ORIENTED_EDGE ( 'NONE', *, *, #3683, .F. ) ;
#352 = CARTESIAN_POINT ( 'NONE',  ( -91.34999999999998010, -8.451572774959004164E-14, 0.000000000000000000 ) ) ;
#353 = CARTESIAN_POINT ( 'NONE',  ( -93.16421356237310647, 11.65429687500000533, 6.000000000000000000 ) ) ;
#354 = DIRECTION ( 'NONE',  ( -1.000000000000000000, 0.000000000000000000, 0.000000000000000000 ) ) ;
#355 = DIRECTION ( 'NONE',  ( -1.000000000000000000, 0.000000000000000000, 1.156482317317871478E-16 ) ) ;
#356 = ORIENTED_EDGE ( 'NONE', *, *, #3196, .T. ) ;
#357 = DIRECTION ( 'NONE',  ( 0.000000000000000000, 0.7071067811865465735, -0.7071067811865483499 ) ) ;
#358 = DIRECTION ( 'NONE',  ( -0.000000000000000000, -0.000000000000000000, 1.000000000000000000 ) ) ;
#359 = VECTOR ( 'NONE', #143, 1000.000000000000000 ) ;
#360 = LINE ( 'NONE', #1563, #1293 ) ;
#361 = ORIENTED_EDGE ( 'NONE', *, *, #490, .T. ) ;
#362 = VERTEX_POINT ( 'NONE', #2038 ) ;
#363 = CARTESIAN_POINT ( 'NONE',  ( 45.84999999999998721, 25.65429687500000355, 0.3999999999999837019 ) ) ;
#364 = EDGE_CURVE ( 'NONE', #3326, #1055, #852, .T. ) ;
#365 = CARTESIAN_POINT ( 'NONE',  ( -61.75000000000001421, 23.05429687500000213, 4.249999999999999112 ) ) ;
#366 = ORIENTED_EDGE ( 'NONE', *, *, #210, .T. ) ;
#367 = ORIENTED_EDGE ( 'NONE', *, *, #530, .T. ) ;
#368 = CARTESIAN_POINT ( 'NONE',  ( -89.25000000000001421, 23.15429687500000355, 0.3499999999999999223 ) ) ;
#369 = DIRECTION ( 'NONE',  ( 0.000000000000000000, -1.000000000000000000, 0.000000000000000000 ) ) ;
#370 = DIRECTION ( 'NONE',  ( -1.000000000000000000, 2.891205793294679312E-16, -0.000000000000000000 ) ) ;
#371 = CARTESIAN_POINT ( 'NONE',  ( 17.24999999999998579, 23.05429687500000213, 4.249999999999998224 ) ) ;
#372 = EDGE_CURVE ( 'NONE', #2544, #1587, #1741, .T. ) ;
#373 = CARTESIAN_POINT ( 'NONE',  ( -28.05000000000000426, 20.15429687500001066, 2.000000000000000000 ) ) ;
#374 = FACE_OUTER_BOUND ( 'NONE', #1095, .T. ) ;
#375 = DIRECTION ( 'NONE',  ( 0.000000000000000000, 0.000000000000000000, -1.000000000000000000 ) ) ;
#376 = EDGE_CURVE ( 'NONE', #1806, #3467, #1759, .T. ) ;
#377 = LINE ( 'NONE', #51, #1817 ) ;
#378 = CARTESIAN_POINT ( 'NONE',  ( -31.05000000000000782, 15.40429687500000355, 2.000000000000000000 ) ) ;
#379 = ORIENTED_EDGE ( 'NONE', *, *, #1040, .F. ) ;
#380 = VECTOR ( 'NONE', #2326, 1000.000000000000000 ) ;
#381 = LINE ( 'NONE', #3064, #1469 ) ;
#382 = EDGE_CURVE ( 'NONE', #933, #3414, #1470, .T. ) ;
#383 = VECTOR ( 'NONE', #2505, 1000.000000000000000 ) ;
#384 = ADVANCED_FACE ( 'NONE', ( #3931 ), #3011, .F. ) ;
#385 = DIRECTION ( 'NONE',  ( -1.000000000000000000, 0.000000000000000000, -0.000000000000000000 ) ) ;
#386 = ORIENTED_EDGE ( 'NONE', *, *, #2095, .T. ) ;
#387 = ADVANCED_FACE ( 'NONE', ( #3226 ), #2318, .F. ) ;
#388 = ORIENTED_EDGE ( 'NONE', *, *, #2701, .F. ) ;
#389 = LINE ( 'NONE', #3401, #1170 ) ;
#390 = LINE ( 'NONE', #1593, #285 ) ;
#391 = CARTESIAN_POINT ( 'NONE',  ( -63.60000000000001563, 16.15429687499999289, 0.5000000000000000000 ) ) ;
#392 = EDGE_CURVE ( 'NONE', #615, #192, #3049, .T. ) ;
#393 = FACE_OUTER_BOUND ( 'NONE', #447, .T. ) ;
#394 = LINE ( 'NONE', #2176, #1161 ) ;
#395 = VECTOR ( 'NONE', #436, 1000.000000000000000 ) ;
#396 = CARTESIAN_POINT ( 'NONE',  ( -14.75000000000001243, 12.75429687500000142, 4.249999999999994671 ) ) ;
#397 = VERTEX_POINT ( 'NONE', #2467 ) ;
#398 = EDGE_CURVE ( 'NONE', #2239, #2451, #649, .T. ) ;
#399 = FACE_BOUND ( 'NONE', #2576, .T. ) ;
#400 = VECTOR ( 'NONE', #1239, 1000.000000000000000 ) ;
#401 = AXIS2_PLACEMENT_3D ( 'NONE', #1580, #2212, #3410 ) ;
#402 = LINE ( 'NONE', #1347, #3644 ) ;
#403 = ORIENTED_EDGE ( 'NONE', *, *, #2541, .F. ) ;
#404 = VECTOR ( 'NONE', #3769, 1000.000000000000000 ) ;
#405 = VECTOR ( 'NONE', #3810, 1000.000000000000000 ) ;
#406 = ORIENTED_EDGE ( 'NONE', *, *, #20, .F. ) ;
#407 = FACE_OUTER_BOUND ( 'NONE', #1768, .T. ) ;
#408 = CARTESIAN_POINT ( 'NONE',  ( -63.60000000000001563, 16.15429687499999289, 0.5000000000000000000 ) ) ;
#409 = DIRECTION ( 'NONE',  ( 0.000000000000000000, 0.000000000000000000, -1.000000000000000000 ) ) ;
#410 = ORIENTED_EDGE ( 'NONE', *, *, #3908, .T. ) ;
#411 = DIRECTION ( 'NONE',  ( 1.000000000000000000, -2.668805347656624213E-16, 0.000000000000000000 ) ) ;
#412 = DIRECTION ( 'NONE',  ( 0.000000000000000000, 0.000000000000000000, -1.000000000000000000 ) ) ;
#413 = EDGE_CURVE ( 'NONE', #3301, #3571, #3066, .T. ) ;
#414 = APPROVAL ( #1255, 'UNSPECIFIED' ) ;
#415 = CARTESIAN_POINT ( 'NONE',  ( -89.75000000000001421, 23.15429687500000355, 0.2500000000000000000 ) ) ;
#416 = VECTOR ( 'NONE', #45, 1000.000000000000000 ) ;
#417 = VERTEX_POINT ( 'NONE', #3651 ) ;
#418 = CARTESIAN_POINT ( 'NONE',  ( -85.90000000000001990, 21.90429687500000000, 0.5000000000000000000 ) ) ;
#419 = EDGE_CURVE ( 'NONE', #3403, #1805, #3331, .T. ) ;
#420 = CARTESIAN_POINT ( 'NONE',  ( -83.65000000000001990, 20.90429687500000355, 0.000000000000000000 ) ) ;
#421 = VERTEX_POINT ( 'NONE', #2804 ) ;
#422 = CARTESIAN_POINT ( 'NONE',  ( -31.05000000000000782, 15.40429687500000355, 0.000000000000000000 ) ) ;
#423 = CARTESIAN_POINT ( 'NONE',  ( -91.75000000000000000, 10.65429687500000355, 0.3999999999999837019 ) ) ;
#424 = ORIENTED_EDGE ( 'NONE', *, *, #2494, .T. ) ;
#425 = CARTESIAN_POINT ( 'NONE',  ( -29.75000000000001421, 23.55429687500000213, 3.749999999999998668 ) ) ;
#426 = VECTOR ( 'NONE', #2383, 1000.000000000000000 ) ;
#427 = ORIENTED_EDGE ( 'NONE', *, *, #1934, .F. ) ;
#428 = CARTESIAN_POINT ( 'NONE',  ( 31.59999999999999076, 20.90429687500000000, 0.000000000000000000 ) ) ;
#429 = CARTESIAN_POINT ( 'NONE',  ( 17.24999999999998579, 13.25429687500000142, 4.249999999999996447 ) ) ;
#430 = EDGE_LOOP ( 'NONE', ( #3073, #2342, #2570, #1235 ) ) ;
#431 = EDGE_CURVE ( 'NONE', #782, #1747, #1511, .T. ) ;
#432 = DIRECTION ( 'NONE',  ( 1.261617073437678048E-15, 1.000000000000000000, 0.000000000000000000 ) ) ;
#433 = EDGE_LOOP ( 'NONE', ( #1223, #2312, #669, #758 ) ) ;
#434 = CARTESIAN_POINT ( 'NONE',  ( -76.75000000000001421, 23.55429687500000213, 3.749999999999998668 ) ) ;
#435 = CC_DESIGN_APPROVAL ( #871, ( #2224 ) ) ;
#436 = DIRECTION ( 'NONE',  ( -1.000000000000000000, 0.000000000000000000, 0.000000000000000000 ) ) ;
#437 = ORIENTED_EDGE ( 'NONE', *, *, #3534, .T. ) ;
#438 = VECTOR ( 'NONE', #2724, 1000.000000000000000 ) ;
#439 = ORIENTED_EDGE ( 'NONE', *, *, #2887, .T. ) ;
#440 = DIRECTION ( 'NONE',  ( -0.000000000000000000, 1.000000000000000000, -0.000000000000000000 ) ) ;
#441 = DIRECTION ( 'NONE',  ( 1.000000000000000000, 0.000000000000000000, 0.000000000000000000 ) ) ;
#442 = EDGE_LOOP ( 'NONE', ( #3710, #718, #1150, #1458 ) ) ;
#443 = EDGE_CURVE ( 'NONE', #276, #2058, #1237, .T. ) ;
#444 = PLANE ( 'NONE',  #3373 ) ;
#445 = LINE ( 'NONE', #1358, #3763 ) ;
#446 = CARTESIAN_POINT ( 'NONE',  ( -29.75000000000001421, 23.80429687500000213, 4.249999999999998224 ) ) ;
#447 = EDGE_LOOP ( 'NONE', ( #3203, #569, #3603, #486 ) ) ;
#448 = ORIENTED_EDGE ( 'NONE', *, *, #2756, .T. ) ;
#449 = DIRECTION ( 'NONE',  ( -0.000000000000000000, 0.000000000000000000, 1.000000000000000000 ) ) ;
#450 = ORIENTED_EDGE ( 'NONE', *, *, #1714, .T. ) ;
#451 = LINE ( 'NONE', #1681, #1537 ) ;
#452 = VECTOR ( 'NONE', #2387, 1000.000000000000000 ) ;
#453 = LINE ( 'NONE', #2256, #2489 ) ;
#454 = EDGE_CURVE ( 'NONE', #1397, #3467, #2520, .T. ) ;
#455 = VECTOR ( 'NONE', #3668, 1000.000000000000000 ) ;
#456 = ORIENTED_EDGE ( 'NONE', *, *, #1328, .T. ) ;
#457 = EDGE_CURVE ( 'NONE', #2951, #1457, #701, .T. ) ;
#458 = VECTOR ( 'NONE', #2071, 1000.000000000000000 ) ;
#459 = FACE_OUTER_BOUND ( 'NONE', #1610, .T. ) ;
#460 = VERTEX_POINT ( 'NONE', #3100 ) ;
#461 = DIRECTION ( 'NONE',  ( -0.000000000000000000, -0.000000000000000000, 1.000000000000000000 ) ) ;
#462 = CARTESIAN_POINT ( 'NONE',  ( -40.55000000000001137, 16.15429687500000355, 0.5000000000000000000 ) ) ;
#463 = ORIENTED_EDGE ( 'NONE', *, *, #731, .F. ) ;
#464 = FACE_OUTER_BOUND ( 'NONE', #2696, .T. ) ;
#465 = VERTEX_POINT ( 'NONE', #1000 ) ;
#466 = VECTOR ( 'NONE', #2185, 1000.000000000000000 ) ;
#467 = CARTESIAN_POINT ( 'NONE',  ( 31.59999999999999076, 15.40429687499999822, 0.000000000000000000 ) ) ;
#468 = DIRECTION ( 'NONE',  ( 1.000000000000000000, 9.251858538542971828E-16, -0.000000000000000000 ) ) ;
#469 = ORIENTED_EDGE ( 'NONE', *, *, #954, .F. ) ;
#470 = CARTESIAN_POINT ( 'NONE',  ( -31.05000000000000782, 20.90429687500000711, 2.000000000000000000 ) ) ;
#471 = DIRECTION ( 'NONE',  ( 0.000000000000000000, 0.000000000000000000, -1.000000000000000000 ) ) ;
#472 = PLANE ( 'NONE',  #1970 ) ;
#473 = ORIENTED_EDGE ( 'NONE', *, *, #1574, .F. ) ;
#474 = ORIENTED_EDGE ( 'NONE', *, *, #3746, .F. ) ;
#475 = EDGE_CURVE ( 'NONE', #2346, #1368, #1896, .T. ) ;
#476 = ORIENTED_EDGE ( 'NONE', *, *, #823, .F. ) ;
#477 = LINE ( 'NONE', #1686, #404 ) ;
#478 = CARTESIAN_POINT ( 'NONE',  ( -8.000000000000007105, 15.40429687499999822, 0.000000000000000000 ) ) ;
#479 = ORIENTED_EDGE ( 'NONE', *, *, #3823, .T. ) ;
#480 = CARTESIAN_POINT ( 'NONE',  ( 38.09999999999998721, 20.90429687500000000, 2.000000000000000000 ) ) ;
#481 = ORIENTED_EDGE ( 'NONE', *, *, #962, .F. ) ;
#482 = DIRECTION ( 'NONE',  ( -0.7071067811865352493, 0.000000000000000000, 0.7071067811865597852 ) ) ;
#483 = DIRECTION ( 'NONE',  ( -0.000000000000000000, 1.000000000000000000, -0.000000000000000000 ) ) ;
#484 = ORIENTED_EDGE ( 'NONE', *, *, #728, .F. ) ;
#485 = CARTESIAN_POINT ( 'NONE',  ( 31.59999999999999076, 20.90429687500000000, 0.000000000000000000 ) ) ;
#486 = ORIENTED_EDGE ( 'NONE', *, *, #1498, .T. ) ;
#487 = CARTESIAN_POINT ( 'NONE',  ( -29.75000000000001421, 13.25429687500000142, 3.749999999999996891 ) ) ;
#488 = ADVANCED_FACE ( 'NONE', ( #1602 ), #1561, .F. ) ;
#489 = DIRECTION ( 'NONE',  ( 1.000000000000000000, 0.000000000000000000, 0.000000000000000000 ) ) ;
#490 = EDGE_CURVE ( 'NONE', #2491, #3858, #123, .T. ) ;
#491 = DIRECTION ( 'NONE',  ( -1.000000000000000000, -0.000000000000000000, -0.000000000000000000 ) ) ;
#492 = ORIENTED_EDGE ( 'NONE', *, *, #613, .T. ) ;
#493 = SECURITY_CLASSIFICATION ( '', '', #859 ) ;
#494 = ORIENTED_EDGE ( 'NONE', *, *, #2357, .F. ) ;
#495 = CARTESIAN_POINT ( 'NONE',  ( 45.84999999999999432, 24.65429687499999289, 6.000000000000010658 ) ) ;
#496 = DIRECTION ( 'NONE',  ( -1.000000000000000000, 2.891205793294678819E-16, 0.000000000000000000 ) ) ;
#497 = ORIENTED_EDGE ( 'NONE', *, *, #129, .T. ) ;
#498 = DIRECTION ( 'NONE',  ( -0.7071067811865368036, 0.5000000000000073275, -0.5000000000000078826 ) ) ;
#499 = EDGE_CURVE ( 'NONE', #3122, #1691, #1638, .T. ) ;
#500 = ORIENTED_EDGE ( 'NONE', *, *, #2914, .T. ) ;
#501 = ORIENTED_EDGE ( 'NONE', *, *, #1643, .F. ) ;
#502 = DIRECTION ( 'NONE',  ( 0.000000000000000000, 1.000000000000000000, 0.000000000000000000 ) ) ;
#503 = EDGE_CURVE ( 'NONE', #3475, #1295, #1496, .T. ) ;
#504 = CARTESIAN_POINT ( 'NONE',  ( -91.75000000000000000, 11.05429687500000036, 6.000000000000000000 ) ) ;
#505 = EDGE_CURVE ( 'NONE', #1492, #2912, #2423, .T. ) ;
#506 = DIRECTION ( 'NONE',  ( 0.000000000000000000, -1.000000000000000000, 0.000000000000000000 ) ) ;
#507 = CARTESIAN_POINT ( 'NONE',  ( 8.549999999999995381, 15.40429687499999822, 0.000000000000000000 ) ) ;
#508 = LINE ( 'NONE', #3285, #3765 ) ;
#509 = EDGE_LOOP ( 'NONE', ( #824, #211, #3899, #3504 ) ) ;
#510 = LINE ( 'NONE', #2625, #1231 ) ;
#511 = VERTEX_POINT ( 'NONE', #2384 ) ;
#512 = DIRECTION ( 'NONE',  ( -0.000000000000000000, 1.000000000000000000, -0.000000000000000000 ) ) ;
#513 = AXIS2_PLACEMENT_3D ( 'NONE', #3024, #3619, #3362 ) ;
#514 = CARTESIAN_POINT ( 'NONE',  ( -89.25000000000001421, 13.15429687500000355, 0.3499999999999999223 ) ) ;
#515 = LINE ( 'NONE', #836, #2175 ) ;
#516 = DIRECTION ( 'NONE',  ( 0.000000000000000000, 1.000000000000000000, 0.000000000000000000 ) ) ;
#517 = VERTEX_POINT ( 'NONE', #265 ) ;
#518 = ORIENTED_EDGE ( 'NONE', *, *, #1475, .T. ) ;
#519 = CARTESIAN_POINT ( 'NONE',  ( 46.25000000000000000, 11.05429687500000036, 4.834314575050761675 ) ) ;
#520 = FACE_OUTER_BOUND ( 'NONE', #693, .T. ) ;
#521 = AXIS2_PLACEMENT_3D ( 'NONE', #3197, #2289, #1043 ) ;
#522 = AXIS2_PLACEMENT_3D ( 'NONE', #2998, #1795, #3022 ) ;
#523 = ADVANCED_FACE ( 'NONE', ( #567 ), #3043, .F. ) ;
#524 = LINE ( 'NONE', #281, #581 ) ;
#525 = DIRECTION ( 'NONE',  ( 0.000000000000000000, -0.000000000000000000, -1.000000000000000000 ) ) ;
#526 = ORIENTED_EDGE ( 'NONE', *, *, #2201, .F. ) ;
#527 = LINE ( 'NONE', #3562, #2290 ) ;
#528 = ORIENTED_EDGE ( 'NONE', *, *, #870, .T. ) ;
#529 = CARTESIAN_POINT ( 'NONE',  ( 0.000000000000000000, 23.80429687500000213, 6.000000000000000000 ) ) ;
#530 = EDGE_CURVE ( 'NONE', #1500, #1397, #1465, .T. ) ;
#531 = ORIENTED_EDGE ( 'NONE', *, *, #475, .F. ) ;
#532 = DIRECTION ( 'NONE',  ( -0.000000000000000000, -0.000000000000000000, 1.000000000000000000 ) ) ;
#533 = CARTESIAN_POINT ( 'NONE',  ( 8.549999999999995381, 20.90429687500000000, 0.5000000000000000000 ) ) ;
#534 = DIRECTION ( 'NONE',  ( -1.000000000000000000, 0.000000000000000000, -0.000000000000000000 ) ) ;
#535 = VECTOR ( 'NONE', #3346, 1000.000000000000000 ) ;
#536 = DATE_AND_TIME ( #2973, #1761 ) ;
#537 = UNCERTAINTY_MEASURE_WITH_UNIT (LENGTH_MEASURE( 1.000000000000000082E-05 ), #237, 'distance_accuracy_value', 'NONE');
#538 = EDGE_CURVE ( 'NONE', #2912, #778, #3679, .T. ) ;
#539 = ORIENTED_EDGE ( 'NONE', *, *, #3110, .T. ) ;
#540 = ORIENTED_EDGE ( 'NONE', *, *, #457, .T. ) ;
#541 = PLANE ( 'NONE',  #3776 ) ;
#542 = CARTESIAN_POINT ( 'NONE',  ( -91.75000000000001421, 23.80429687500000213, 6.000011999999999901 ) ) ;
#543 = DIRECTION ( 'NONE',  ( -0.000000000000000000, -0.000000000000000000, 1.000000000000000000 ) ) ;
#544 = CARTESIAN_POINT ( 'NONE',  ( -73.90000000000001990, 21.90429687500000000, 0.5000000000000000000 ) ) ;
#545 = LINE ( 'NONE', #507, #1439 ) ;
#546 = EDGE_CURVE ( 'NONE', #517, #1360, #592, .T. ) ;
#547 = CARTESIAN_POINT ( 'NONE',  ( 41.09999999999998721, 20.15429687500000000, 0.5000000000000000000 ) ) ;
#548 = ORIENTED_EDGE ( 'NONE', *, *, #60, .F. ) ;
#549 = LINE ( 'NONE', #247, #452 ) ;
#550 = VERTEX_POINT ( 'NONE', #305 ) ;
#551 = CARTESIAN_POINT ( 'NONE',  ( -85.90000000000001990, 21.90429687500000000, 2.000000000000000000 ) ) ;
#552 = DIRECTION ( 'NONE',  ( -0.000000000000000000, 0.000000000000000000, 1.000000000000000000 ) ) ;
#553 = PLANE ( 'NONE',  #3844 ) ;
#554 = EDGE_LOOP ( 'NONE', ( #3526, #2768, #892, #2482 ) ) ;
#555 = PERSON_AND_ORGANIZATION ( #2744, #2208 ) ;
#556 = ORIENTED_EDGE ( 'NONE', *, *, #270, .F. ) ;
#557 = ORIENTED_EDGE ( 'NONE', *, *, #210, .F. ) ;
#558 = ORIENTED_EDGE ( 'NONE', *, *, #2348, .T. ) ;
#559 = CC_DESIGN_APPROVAL ( #414, ( #493 ) ) ;
#560 = DIRECTION ( 'NONE',  ( 0.000000000000000000, -1.000000000000000000, 0.000000000000000000 ) ) ;
#561 = EDGE_CURVE ( 'NONE', #2491, #796, #3282, .T. ) ;
#562 = CARTESIAN_POINT ( 'NONE',  ( -29.75000000000001421, 23.05429687500000213, 3.749999999999998668 ) ) ;
#563 = DIRECTION ( 'NONE',  ( 1.000000000000000000, -0.000000000000000000, 5.782411586589357392E-17 ) ) ;
#564 = VECTOR ( 'NONE', #2335, 1000.000000000000000 ) ;
#565 = CARTESIAN_POINT ( 'NONE',  ( -76.75000000000001421, 12.50429687500000142, 3.749999999999996891 ) ) ;
#566 = CARTESIAN_POINT ( 'NONE',  ( -76.75000000000001421, 23.05429687500000213, 4.249999999999998224 ) ) ;
#567 = FACE_OUTER_BOUND ( 'NONE', #3219, .T. ) ;
#568 = PLANE ( 'NONE',  #49 ) ;
#569 = ORIENTED_EDGE ( 'NONE', *, *, #769, .F. ) ;
#570 = ORIENTED_EDGE ( 'NONE', *, *, #2395, .F. ) ;
#571 = PLANE ( 'NONE',  #1341 ) ;
#572 = ORIENTED_EDGE ( 'NONE', *, *, #2839, .T. ) ;
#573 = ORIENTED_EDGE ( 'NONE', *, *, #2654, .T. ) ;
#574 = ADVANCED_FACE ( 'NONE', ( #1753, #888 ), #2705, .T. ) ;
#575 = CARTESIAN_POINT ( 'NONE',  ( 8.549999999999995381, 20.90429687500000000, 0.000000000000000000 ) ) ;
#576 = DIRECTION ( 'NONE',  ( 0.5773502691896341688, 0.5773502691896341688, -0.5773502691896088557 ) ) ;
#577 = APPROVAL_STATUS ( 'not_yet_approved' ) ;
#578 = CC_DESIGN_DATE_AND_TIME_ASSIGNMENT ( #536, #21, ( #2224 ) ) ;
#579 = ORIENTED_EDGE ( 'NONE', *, *, #68, .F. ) ;
#580 = VECTOR ( 'NONE', #3374, 1000.000000000000000 ) ;
#581 = VECTOR ( 'NONE', #1484, 1000.000000000000000 ) ;
#582 = VERTEX_POINT ( 'NONE', #29 ) ;
#583 = DIRECTION ( 'NONE',  ( 0.000000000000000000, -0.000000000000000000, 1.000000000000000000 ) ) ;
#584 = CARTESIAN_POINT ( 'NONE',  ( -17.75000000000000355, 14.40429687500000178, 0.5000000000000000000 ) ) ;
#585 = LINE ( 'NONE', #1699, #1716 ) ;
#586 = CIRCLE ( 'NONE', #2808, 0.2500000000000002220 ) ;
#587 = EDGE_CURVE ( 'NONE', #232, #2130, #2402, .T. ) ;
#588 = CARTESIAN_POINT ( 'NONE',  ( -8.000000000000007105, 20.90429687500000000, 0.5000000000000000000 ) ) ;
#589 = VECTOR ( 'NONE', #2637, 1000.000000000000000 ) ;
#590 = DIRECTION ( 'NONE',  ( 1.000000000000000000, 0.000000000000000000, 0.000000000000000000 ) ) ;
#591 = AXIS2_PLACEMENT_3D ( 'NONE', #3271, #552, #3014 ) ;
#592 = LINE ( 'NONE', #608, #3924 ) ;
#593 = AXIS2_PLACEMENT_3D ( 'NONE', #2547, #3794, #2001 ) ;
#594 = ORIENTED_EDGE ( 'NONE', *, *, #2314, .T. ) ;
#595 = AXIS2_PLACEMENT_3D ( 'NONE', #1447, #491, #2341 ) ;
#596 = DIRECTION ( 'NONE',  ( 2.775557561562890365E-16, -1.000000000000000000, 0.000000000000000000 ) ) ;
#597 = ORIENTED_EDGE ( 'NONE', *, *, #3440, .F. ) ;
#598 = CARTESIAN_POINT ( 'NONE',  ( 28.59999999999999076, 20.15429687500000000, 0.5000000000000000000 ) ) ;
#599 = LINE ( 'NONE', #311, #3837 ) ;
#600 = EDGE_CURVE ( 'NONE', #2854, #3795, #3626, .T. ) ;
#601 = ORIENTED_EDGE ( 'NONE', *, *, #2091, .F. ) ;
#602 = VERTEX_POINT ( 'NONE', #3368 ) ;
#603 = CARTESIAN_POINT ( 'NONE',  ( -54.10000000000000853, 20.90429687499999289, 0.000000000000000000 ) ) ;
#604 = FACE_OUTER_BOUND ( 'NONE', #3292, .T. ) ;
#605 = CYLINDRICAL_SURFACE ( 'NONE', #3572, 0.2500000000000000000 ) ;
#606 = CARTESIAN_POINT ( 'NONE',  ( -76.75000000000001421, 12.75429687500000142, 3.749999999999996891 ) ) ;
#607 = LINE ( 'NONE', #2764, #119 ) ;
#608 = CARTESIAN_POINT ( 'NONE',  ( -90.00000000000001421, 0.000000000000000000, 0.000000000000000000 ) ) ;
#609 = CARTESIAN_POINT ( 'NONE',  ( -61.75000000000001421, 12.75429687500000142, 3.999999999999994671 ) ) ;
#610 = EDGE_CURVE ( 'NONE', #3872, #3254, #1315, .T. ) ;
#611 = DIRECTION ( 'NONE',  ( 0.000000000000000000, -0.000000000000000000, 1.000000000000000000 ) ) ;
#612 = VECTOR ( 'NONE', #2534, 1000.000000000000000 ) ;
#613 = EDGE_CURVE ( 'NONE', #3311, #465, #2796, .T. ) ;
#614 = DIRECTION ( 'NONE',  ( 0.000000000000000000, -1.000000000000000000, 0.000000000000000000 ) ) ;
#615 = VERTEX_POINT ( 'NONE', #3717 ) ;
#616 = DIRECTION ( 'NONE',  ( 6.542051911182400267E-16, -0.7071067811865479058, -0.7071067811865472397 ) ) ;
#617 = LINE ( 'NONE', #3056, #971 ) ;
#618 = DIRECTION ( 'NONE',  ( -0.000000000000000000, -0.000000000000000000, 1.000000000000000000 ) ) ;
#619 = LINE ( 'NONE', #2135, #3833 ) ;
#620 = FACE_OUTER_BOUND ( 'NONE', #1175, .T. ) ;
#621 = ADVANCED_FACE ( 'NONE', ( #1577 ), #2173, .F. ) ;
#622 = LINE ( 'NONE', #2177, #3671 ) ;
#623 = CIRCLE ( 'NONE', #3240, 0.2500000000000002220 ) ;
#624 = EDGE_CURVE ( 'NONE', #180, #2967, #3407, .T. ) ;
#625 = PLANE ( 'NONE',  #1980 ) ;
#626 = ORIENTED_EDGE ( 'NONE', *, *, #1583, .F. ) ;
#627 = PLANE ( 'NONE',  #85 ) ;
#628 = VERTEX_POINT ( 'NONE', #3097 ) ;
#629 = DIRECTION ( 'NONE',  ( -0.000000000000000000, -0.000000000000000000, 1.000000000000000000 ) ) ;
#630 = DIRECTION ( 'NONE',  ( 1.000000000000000000, -0.000000000000000000, 5.782411586589357392E-17 ) ) ;
#631 = ORIENTED_EDGE ( 'NONE', *, *, #954, .T. ) ;
#632 = DATE_AND_TIME ( #654, #3237 ) ;
#633 =( BOUNDED_CURVE ( )  B_SPLINE_CURVE ( 3, ( #514, #3892, #1726, #1432 ),
 .UNSPECIFIED., .F., .F. ) 
 B_SPLINE_CURVE_WITH_KNOTS ( ( 4, 4 ),
 ( 3.141592653589793116, 4.712388980384689674 ),
 .UNSPECIFIED. ) 
 CURVE ( )  GEOMETRIC_REPRESENTATION_ITEM ( )  RATIONAL_B_SPLINE_CURVE ( ( 1.000000000000000000, 0.8047378541243649375, 0.8047378541243649375, 1.000000000000000000 ) ) 
 REPRESENTATION_ITEM ( '' )  );
#634 = VERTEX_POINT ( 'NONE', #660 ) ;
#635 = ORIENTED_EDGE ( 'NONE', *, *, #992, .F. ) ;
#636 = DIRECTION ( 'NONE',  ( 0.000000000000000000, -1.000000000000000000, 0.000000000000000000 ) ) ;
#637 = LINE ( 'NONE', #2152, #2496 ) ;
#638 = CARTESIAN_POINT ( 'NONE',  ( -91.75000000000001421, 25.65429687500000355, 0.3999999999999837019 ) ) ;
#639 = DIRECTION ( 'NONE',  ( 0.000000000000000000, 1.000000000000000000, 0.000000000000000000 ) ) ;
#640 = AXIS2_PLACEMENT_3D ( 'NONE', #15, #2123, #611 ) ;
#641 = LINE ( 'NONE', #2816, #3189 ) ;
#642 = LINE ( 'NONE', #1913, #1603 ) ;
#643 = AXIS2_PLACEMENT_3D ( 'NONE', #2565, #1936, #1050 ) ;
#644 = ADVANCED_FACE ( 'NONE', ( #943 ), #3386, .F. ) ;
#645 = VECTOR ( 'NONE', #3638, 1000.000000000000000 ) ;
#646 = EDGE_LOOP ( 'NONE', ( #1572, #1777, #2552, #936 ) ) ;
#647 = CARTESIAN_POINT ( 'NONE',  ( -29.75000000000001421, 12.50429687500000142, 3.749999999999996891 ) ) ;
#648 = VECTOR ( 'NONE', #3511, 1000.000000000000000 ) ;
#649 = LINE ( 'NONE', #3707, #1546 ) ;
#650 = VECTOR ( 'NONE', #1539, 1000.000000000000000 ) ;
#651 = VECTOR ( 'NONE', #3462, 1000.000000000000000 ) ;
#652 = LINE ( 'NONE', #55, #3006 ) ;
#653 = EDGE_LOOP ( 'NONE', ( #2666, #2263, #3760, #3615 ) ) ;
#654 = CALENDAR_DATE ( 2025, 31, 7 ) ;
#655 = VERTEX_POINT ( 'NONE', #1245 ) ;
#656 = LINE ( 'NONE', #1871, #2236 ) ;
#657 = LINE ( 'NONE', #978, #967 ) ;
#658 = ADVANCED_FACE ( 'NONE', ( #1277 ), #3423, .F. ) ;
#659 = LINE ( 'NONE', #1874, #3553 ) ;
#660 = CARTESIAN_POINT ( 'NONE',  ( -37.55000000000000426, 20.90429687500000711, 2.000000000000000000 ) ) ;
#661 = DIRECTION ( 'NONE',  ( -1.000000000000000000, 2.891205793294678819E-16, 0.000000000000000000 ) ) ;
#662 = CARTESIAN_POINT ( 'NONE',  ( 38.09999999999998721, 15.40429687499999822, 2.000000000000000000 ) ) ;
#663 = ORIENTED_EDGE ( 'NONE', *, *, #1462, .T. ) ;
#664 = AXIS2_PLACEMENT_3D ( 'NONE', #980, #82, #2761 ) ;
#665 = EDGE_CURVE ( 'NONE', #3758, #2008, #2497, .T. ) ;
#666 = DIRECTION ( 'NONE',  ( -1.000000000000000000, -0.000000000000000000, -0.000000000000000000 ) ) ;
#667 = ORIENTED_EDGE ( 'NONE', *, *, #2575, .T. ) ;
#668 = DIRECTION ( 'NONE',  ( 1.000000000000000000, 0.000000000000000000, 0.000000000000000000 ) ) ;
#669 = ORIENTED_EDGE ( 'NONE', *, *, #1027, .F. ) ;
#670 = CARTESIAN_POINT ( 'NONE',  ( 31.59999999999999076, 20.90429687500000000, 2.000000000000000000 ) ) ;
#671 = ADVANCED_FACE ( 'NONE', ( #1892 ), #3117, .F. ) ;
#672 = CARTESIAN_POINT ( 'NONE',  ( -54.10000000000000853, 20.90429687499999289, 2.000000000000000000 ) ) ;
#673 = ORIENTED_EDGE ( 'NONE', *, *, #3866, .T. ) ;
#674 = CARTESIAN_POINT ( 'NONE',  ( 46.25000000000000000, 25.25429687500001918, 4.834314575050767004 ) ) ;
#675 = ADVANCED_FACE ( 'NONE', ( #3694 ), #1596, .F. ) ;
#676 = VERTEX_POINT ( 'NONE', #2515 ) ;
#677 = ORIENTED_EDGE ( 'NONE', *, *, #2095, .F. ) ;
#678 = CARTESIAN_POINT ( 'NONE',  ( 31.59999999999999076, 16.15429687499999289, 0.5000000000000000000 ) ) ;
#679 = LINE ( 'NONE', #957, #3520 ) ;
#680 = LINE ( 'NONE', #1541, #2148 ) ;
#681 = CARTESIAN_POINT ( 'NONE',  ( 45.85000000000000142, 24.65429687500000711, 6.000000000000000000 ) ) ;
#682 = DIRECTION ( 'NONE',  ( 5.782411586589357392E-17, 0.000000000000000000, -1.000000000000000000 ) ) ;
#683 = FACE_OUTER_BOUND ( 'NONE', #2853, .T. ) ;
#684 = AXIS2_PLACEMENT_3D ( 'NONE', #1632, #1674, #2893 ) ;
#685 = CARTESIAN_POINT ( 'NONE',  ( 45.85000000000000142, 0.000000000000000000, 0.000000000000000000 ) ) ;
#686 = CARTESIAN_POINT ( 'NONE',  ( 17.24999999999998579, 13.25429687500000142, 3.749999999999996891 ) ) ;
#687 = CARTESIAN_POINT ( 'NONE',  ( 32.24999999999998579, 13.25429687500000142, 4.249999999999994671 ) ) ;
#688 = LINE ( 'NONE', #3182, #1967 ) ;
#689 = DIRECTION ( 'NONE',  ( -0.000000000000000000, -1.000000000000000000, -0.000000000000000000 ) ) ;
#690 = ORIENTED_EDGE ( 'NONE', *, *, #2702, .T. ) ;
#691 = EDGE_LOOP ( 'NONE', ( #3900, #1723, #557, #1323 ) ) ;
#692 = EDGE_CURVE ( 'NONE', #2952, #705, #3732, .T. ) ;
#693 = EDGE_LOOP ( 'NONE', ( #2067, #3930, #2413, #3233, #3380, #379, #597, #1193 ) ) ;
#694 = LINE ( 'NONE', #1330, #1097 ) ;
#695 = EDGE_CURVE ( 'NONE', #953, #3672, #2712, .T. ) ;
#696 = PLANE ( 'NONE',  #1476 ) ;
#697 = CARTESIAN_POINT ( 'NONE',  ( -31.05000000000000782, 20.15429687500001066, 0.000000000000000000 ) ) ;
#698 = DIRECTION ( 'NONE',  ( 0.7071067811865474617, 0.000000000000000000, -0.7071067811865474617 ) ) ;
#699 = CARTESIAN_POINT ( 'NONE',  ( -14.75000000000001243, 23.80429687500000213, 3.750000000000000444 ) ) ;
#700 = EDGE_CURVE ( 'NONE', #2866, #2967, #3265, .T. ) ;
#701 = LINE ( 'NONE', #685, #2884 ) ;
#702 = AXIS2_PLACEMENT_3D ( 'NONE', #785, #199, #411 ) ;
#703 = VECTOR ( 'NONE', #3393, 1000.000000000000000 ) ;
#704 = CARTESIAN_POINT ( 'NONE',  ( -54.10000000000000853, 16.15429687499999289, 0.5000000000000000000 ) ) ;
#705 = VERTEX_POINT ( 'NONE', #2921 ) ;
#706 = DIRECTION ( 'NONE',  ( -0.000000000000000000, 1.000000000000000000, -0.000000000000000000 ) ) ;
#707 = VECTOR ( 'NONE', #1438, 1000.000000000000000 ) ;
#708 = DIRECTION ( 'NONE',  ( 0.000000000000000000, 1.000000000000000000, -0.000000000000000000 ) ) ;
#709 = ORIENTED_EDGE ( 'NONE', *, *, #1697, .T. ) ;
#710 = VECTOR ( 'NONE', #1311, 1000.000000000000000 ) ;
#711 = AXIS2_PLACEMENT_3D ( 'NONE', #1725, #2928, #2628 ) ;
#712 = EDGE_CURVE ( 'NONE', #2906, #655, #204, .T. ) ;
#713 = ORIENTED_EDGE ( 'NONE', *, *, #891, .T. ) ;
#714 = FACE_OUTER_BOUND ( 'NONE', #1717, .T. ) ;
#715 = LINE ( 'NONE', #3752, #3399 ) ;
#716 = CARTESIAN_POINT ( 'NONE',  ( 46.25000000000000000, 25.65429687500000355, 6.000000000000000000 ) ) ;
#717 = ADVANCED_FACE ( 'NONE', ( #2464 ), #568, .F. ) ;
#718 = ORIENTED_EDGE ( 'NONE', *, *, #1885, .F. ) ;
#719 = CARTESIAN_POINT ( 'NONE',  ( 8.549999999999995381, 20.90429687500000000, 0.000000000000000000 ) ) ;
#720 = CARTESIAN_POINT ( 'NONE',  ( -83.65000000000001990, 20.90429687500000355, 0.000000000000000000 ) ) ;
#721 = EDGE_LOOP ( 'NONE', ( #2674, #439, #2551, #3750 ) ) ;
#722 = CARTESIAN_POINT ( 'NONE',  ( -5.750000000000005329, 21.90429687500000000, 2.000000000000000000 ) ) ;
#723 = CARTESIAN_POINT ( 'NONE',  ( -91.54999999999999716, 10.85429687500000639, 0.1999999999999886591 ) ) ;
#724 = DIRECTION ( 'NONE',  ( 0.000000000000000000, 1.000000000000000000, 0.000000000000000000 ) ) ;
#725 = VECTOR ( 'NONE', #3104, 1000.000000000000000 ) ;
#726 = ORIENTED_EDGE ( 'NONE', *, *, #2221, .F. ) ;
#727 = LINE ( 'NONE', #3428, #2034 ) ;
#728 = EDGE_CURVE ( 'NONE', #1477, #3208, #2246, .T. ) ;
#729 = PLANE ( 'NONE',  #2292 ) ;
#730 = ORIENTED_EDGE ( 'NONE', *, *, #1617, .T. ) ;
#731 = EDGE_CURVE ( 'NONE', #782, #2626, #906, .T. ) ;
#732 = ORIENTED_EDGE ( 'NONE', *, *, #2498, .T. ) ;
#733 = DIRECTION ( 'NONE',  ( -0.5773502691896458261, 0.5773502691896258421, -0.5773502691896057470 ) ) ;
#734 = LINE ( 'NONE', #2606, #1975 ) ;
#735 = EDGE_CURVE ( 'NONE', #3672, #913, #3865, .T. ) ;
#736 = ORIENTED_EDGE ( 'NONE', *, *, #2275, .T. ) ;
#737 = LINE ( 'NONE', #2571, #1201 ) ;
#738 = EDGE_LOOP ( 'NONE', ( #183, #2559, #1250, #296 ) ) ;
#739 = ORIENTED_EDGE ( 'NONE', *, *, #1328, .F. ) ;
#740 = DIRECTION ( 'NONE',  ( 1.000000000000000000, 0.000000000000000000, 0.000000000000000000 ) ) ;
#741 = LINE ( 'NONE', #1655, #2432 ) ;
#742 = EDGE_LOOP ( 'NONE', ( #198, #1466, #772, #1268, #1921, #2400 ) ) ;
#743 = ORIENTED_EDGE ( 'NONE', *, *, #1659, .F. ) ;
#744 = ORIENTED_EDGE ( 'NONE', *, *, #985, .T. ) ;
#745 = EDGE_CURVE ( 'NONE', #3284, #1044, #3039, .T. ) ;
#746 = CARTESIAN_POINT ( 'NONE',  ( 28.59999999999999076, 20.15429687500000000, 0.5000000000000000000 ) ) ;
#747 = ORIENTED_EDGE ( 'NONE', *, *, #2825, .F. ) ;
#748 = VERTEX_POINT ( 'NONE', #1209 ) ;
#749 = EDGE_CURVE ( 'NONE', #192, #350, #847, .T. ) ;
#750 = CARTESIAN_POINT ( 'NONE',  ( -60.60000000000000853, 20.90429687499999645, 2.000000000000000000 ) ) ;
#751 = AXIS2_PLACEMENT_3D ( 'NONE', #716, #1962, #2933 ) ;
#752 = LINE ( 'NONE', #3184, #213 ) ;
#753 = ORIENTED_EDGE ( 'NONE', *, *, #454, .F. ) ;
#754 = VECTOR ( 'NONE', #2429, 1000.000000000000000 ) ;
#755 = ORIENTED_EDGE ( 'NONE', *, *, #1833, .T. ) ;
#756 = CARTESIAN_POINT ( 'NONE',  ( 17.24999999999998579, 23.05429687500000213, 4.249999999999998224 ) ) ;
#757 = FACE_OUTER_BOUND ( 'NONE', #3761, .T. ) ;
#758 = ORIENTED_EDGE ( 'NONE', *, *, #2564, .T. ) ;
#759 = DIRECTION ( 'NONE',  ( 1.000000000000000000, 0.000000000000000000, 0.000000000000000000 ) ) ;
#760 = VERTEX_POINT ( 'NONE', #1816 ) ;
#761 = ORIENTED_EDGE ( 'NONE', *, *, #1212, .T. ) ;
#762 = CARTESIAN_POINT ( 'NONE',  ( 46.25000000000000000, 23.80429687500000213, 6.000011999999999901 ) ) ;
#763 = CARTESIAN_POINT ( 'NONE',  ( -63.60000000000001563, 20.15429687499999645, 0.5000000000000000000 ) ) ;
#764 = VERTEX_POINT ( 'NONE', #3025 ) ;
#765 = LINE ( 'NONE', #1969, #651 ) ;
#766 = DIRECTION ( 'NONE',  ( 0.000000000000000000, 0.000000000000000000, -1.000000000000000000 ) ) ;
#767 = ORIENTED_EDGE ( 'NONE', *, *, #1654, .T. ) ;
#768 = LINE ( 'NONE', #1606, #274 ) ;
#769 = EDGE_CURVE ( 'NONE', #1658, #180, #1463, .T. ) ;
#770 = DIRECTION ( 'NONE',  ( 0.000000000000000000, 0.000000000000000000, 1.000000000000000000 ) ) ;
#771 = VECTOR ( 'NONE', #614, 1000.000000000000000 ) ;
#772 = ORIENTED_EDGE ( 'NONE', *, *, #1549, .T. ) ;
#773 = VECTOR ( 'NONE', #3884, 1000.000000000000000 ) ;
#774 = DIRECTION ( 'NONE',  ( -1.000000000000000000, -0.000000000000000000, 1.156482317317871478E-16 ) ) ;
#775 = ORIENTED_EDGE ( 'NONE', *, *, #3206, .F. ) ;
#776 = CARTESIAN_POINT ( 'NONE',  ( -60.60000000000001563, 20.15429687499999645, 2.000000000000000000 ) ) ;
#777 = CARTESIAN_POINT ( 'NONE',  ( 8.549999999999995381, 20.90429687500000000, 0.5000000000000000000 ) ) ;
#778 = VERTEX_POINT ( 'NONE', #320 ) ;
#779 = LINE ( 'NONE', #3473, #380 ) ;
#780 = VECTOR ( 'NONE', #3470, 1000.000000000000000 ) ;
#781 = VECTOR ( 'NONE', #1983, 1000.000000000000000 ) ;
#782 = VERTEX_POINT ( 'NONE', #2334 ) ;
#783 = ORIENTED_EDGE ( 'NONE', *, *, #3791, .F. ) ;
#784 = VECTOR ( 'NONE', #629, 1000.000000000000000 ) ;
#785 = CARTESIAN_POINT ( 'NONE',  ( -83.65000000000001990, 15.40429687500000355, 0.000000000000000000 ) ) ;
#786 = EDGE_CURVE ( 'NONE', #2648, #3284, #2659, .T. ) ;
#787 = LINE ( 'NONE', #3537, #3264 ) ;
#788 = CYLINDRICAL_SURFACE ( 'NONE', #1137, 0.2500000000000000000 ) ;
#789 = LINE ( 'NONE', #2294, #2487 ) ;
#790 = ADVANCED_FACE ( 'NONE', ( #2118 ), #605, .F. ) ;
#791 = EDGE_CURVE ( 'NONE', #2604, #511, #2981, .T. ) ;
#792 = CARTESIAN_POINT ( 'NONE',  ( -14.75000000000001243, 12.50429687500000142, 3.749999999999995115 ) ) ;
#793 = ORIENTED_EDGE ( 'NONE', *, *, #1785, .F. ) ;
#794 = LINE ( 'NONE', #2949, #3523 ) ;
#795 = ORIENTED_EDGE ( 'NONE', *, *, #413, .F. ) ;
#796 = VERTEX_POINT ( 'NONE', #1801 ) ;
#797 = EDGE_CURVE ( 'NONE', #602, #2690, #302, .T. ) ;
#798 = DIRECTION ( 'NONE',  ( -1.000000000000000000, -0.000000000000000000, -0.000000000000000000 ) ) ;
#799 = CARTESIAN_POINT ( 'NONE',  ( 41.09999999999999432, 16.15429687499999645, 2.000000000000000000 ) ) ;
#800 = VERTEX_POINT ( 'NONE', #2963 ) ;
#801 = DIRECTION ( 'NONE',  ( 0.000000000000000000, 0.7071067811865479058, 0.7071067811865472397 ) ) ;
#802 = VERTEX_POINT ( 'NONE', #565 ) ;
#803 = LINE ( 'NONE', #467, #7 ) ;
#804 = DIRECTION ( 'NONE',  ( 1.000000000000000000, 0.000000000000000000, 0.000000000000000000 ) ) ;
#805 = AXIS2_PLACEMENT_3D ( 'NONE', #3027, #3699, #966 ) ;
#806 = EDGE_CURVE ( 'NONE', #2803, #2404, #1172, .T. ) ;
#807 = PLANE ( 'NONE',  #2272 ) ;
#808 = VERTEX_POINT ( 'NONE', #2354 ) ;
#809 = LINE ( 'NONE', #3245, #3898 ) ;
#810 = VERTEX_POINT ( 'NONE', #2678 ) ;
#811 = DIRECTION ( 'NONE',  ( 0.000000000000000000, -0.000000000000000000, -1.000000000000000000 ) ) ;
#812 = EDGE_LOOP ( 'NONE', ( #1731, #249, #3918, #94 ) ) ;
#813 = VECTOR ( 'NONE', #2608, 1000.000000000000000 ) ;
#814 = EDGE_LOOP ( 'NONE', ( #1372, #3829, #518, #3830 ) ) ;
#815 = LINE ( 'NONE', #2020, #101 ) ;
#816 = ORIENTED_EDGE ( 'NONE', *, *, #1778, .F. ) ;
#817 = CARTESIAN_POINT ( 'NONE',  ( -89.75000000000001421, 13.15429687500000355, 0.2500000000000000000 ) ) ;
#818 = VECTOR ( 'NONE', #321, 1000.000000000000000 ) ;
#819 = CARTESIAN_POINT ( 'NONE',  ( -76.75000000000001421, 13.25429687500000142, 3.749999999999996891 ) ) ;
#820 = PERSON_AND_ORGANIZATION ( #2744, #2208 ) ;
#821 = EDGE_CURVE ( 'NONE', #1234, #913, #1440, .T. ) ;
#822 = VERTEX_POINT ( 'NONE', #1773 ) ;
#823 = EDGE_CURVE ( 'NONE', #465, #1492, #3002, .T. ) ;
#824 = ORIENTED_EDGE ( 'NONE', *, *, #3372, .F. ) ;
#825 = FACE_OUTER_BOUND ( 'NONE', #2548, .T. ) ;
#826 = LINE ( 'NONE', #2029, #1663 ) ;
#827 = DIRECTION ( 'NONE',  ( -1.000000000000000000, -0.000000000000000000, -0.000000000000000000 ) ) ;
#828 = DIRECTION ( 'NONE',  ( -0.000000000000000000, -0.000000000000000000, -1.000000000000000000 ) ) ;
#829 = EDGE_CURVE ( 'NONE', #3858, #2453, #3905, .T. ) ;
#830 = ORIENTED_EDGE ( 'NONE', *, *, #1902, .T. ) ;
#831 = DIRECTION ( 'NONE',  ( 1.000000000000000000, 0.000000000000000000, 0.000000000000000000 ) ) ;
#832 = ORIENTED_EDGE ( 'NONE', *, *, #3078, .F. ) ;
#833 = CARTESIAN_POINT ( 'NONE',  ( -8.000000000000007105, 15.40429687499999822, 0.5000000000000000000 ) ) ;
#834 = VECTOR ( 'NONE', #471, 1000.000000000000000 ) ;
#835 = CARTESIAN_POINT ( 'NONE',  ( -91.75000000000001421, 12.50429687500000142, 2.000000000000000000 ) ) ;
#836 = CARTESIAN_POINT ( 'NONE',  ( -89.25000000000001421, 13.15429687500000355, 0.3499999999999999223 ) ) ;
#837 = DATE_AND_TIME ( #2371, #1948 ) ;
#838 = EDGE_CURVE ( 'NONE', #2088, #1706, #524, .T. ) ;
#839 = EDGE_LOOP ( 'NONE', ( #1427, #849, #1355, #1937 ) ) ;
#840 = ORIENTED_EDGE ( 'NONE', *, *, #2053, .T. ) ;
#841 = CARTESIAN_POINT ( 'NONE',  ( -91.75000000000001421, 25.65429687500000355, 6.000000000000000000 ) ) ;
#842 = DIRECTION ( 'NONE',  ( 1.000000000000000000, 0.000000000000000000, 0.000000000000000000 ) ) ;
#843 = ADVANCED_FACE ( 'NONE', ( #2421 ), #3621, .F. ) ;
#844 = VECTOR ( 'NONE', #3138, 1000.000000000000000 ) ;
#845 = VECTOR ( 'NONE', #59, 1000.000000000000000 ) ;
#846 = VECTOR ( 'NONE', #250, 1000.000000000000000 ) ;
#847 = LINE ( 'NONE', #588, #2767 ) ;
#848 = FACE_OUTER_BOUND ( 'NONE', #1488, .T. ) ;
#849 = ORIENTED_EDGE ( 'NONE', *, *, #546, .F. ) ;
#850 = PLANE ( 'NONE',  #2748 ) ;
#851 = ORIENTED_EDGE ( 'NONE', *, *, #2620, .T. ) ;
#852 = LINE ( 'NONE', #2061, #2502 ) ;
#853 = EDGE_CURVE ( 'NONE', #1078, #808, #3318, .T. ) ;
#854 = ORIENTED_EDGE ( 'NONE', *, *, #1283, .T. ) ;
#855 = CARTESIAN_POINT ( 'NONE',  ( 17.24999999999998579, 13.25429687500000142, 4.249999999999996447 ) ) ;
#856 = CARTESIAN_POINT ( 'NONE',  ( -89.75000000000001421, 13.15429687500000355, 0.3499999999999999223 ) ) ;
#857 = FACE_OUTER_BOUND ( 'NONE', #3443, .T. ) ;
#858 = VECTOR ( 'NONE', #2032, 1000.000000000000000 ) ;
#859 = SECURITY_CLASSIFICATION_LEVEL ( 'unclassified' ) ;
#860 = EDGE_CURVE ( 'NONE', #3571, #2182, #641, .T. ) ;
#861 = ORIENTED_EDGE ( 'NONE', *, *, #2950, .F. ) ;
#862 = ORIENTED_EDGE ( 'NONE', *, *, #2053, .F. ) ;
#863 = EDGE_LOOP ( 'NONE', ( #3281, #361, #2056, #2243, #730 ) ) ;
#864 = PLANE ( 'NONE',  #346 ) ;
#865 = CARTESIAN_POINT ( 'NONE',  ( -37.55000000000000426, 20.90429687500000711, 0.000000000000000000 ) ) ;
#866 = DIRECTION ( 'NONE',  ( 0.000000000000000000, 0.000000000000000000, -1.000000000000000000 ) ) ;
#867 = CARTESIAN_POINT ( 'NONE',  ( -14.75000000000001243, 12.50429687500000142, 4.249999999999994671 ) ) ;
#868 = DIRECTION ( 'NONE',  ( -0.000000000000000000, 1.000000000000000000, -0.000000000000000000 ) ) ;
#869 = DIRECTION ( 'NONE',  ( 1.000000000000000000, 0.000000000000000000, 0.000000000000000000 ) ) ;
#870 = EDGE_CURVE ( 'NONE', #582, #628, #3365, .T. ) ;
#871 = APPROVAL ( #3016, 'UNSPECIFIED' ) ;
#872 = CARTESIAN_POINT ( 'NONE',  ( -93.16421356237310647, 24.65429687500000711, 6.000000000000000000 ) ) ;
#873 = ORIENTED_EDGE ( 'NONE', *, *, #3071, .F. ) ;
#874 = ORIENTED_EDGE ( 'NONE', *, *, #2898, .T. ) ;
#875 = EDGE_LOOP ( 'NONE', ( #2146, #2834, #2014, #1683 ) ) ;
#876 = LINE ( 'NONE', #2991, #1830 ) ;
#877 = DIRECTION ( 'NONE',  ( 1.000000000000000000, 0.000000000000000000, 0.000000000000000000 ) ) ;
#878 = ADVANCED_FACE ( 'NONE', ( #2762 ), #3677, .F. ) ;
#879 = ORIENTED_EDGE ( 'NONE', *, *, #1319, .T. ) ;
#880 = ORIENTED_EDGE ( 'NONE', *, *, #1583, .T. ) ;
#881 = VECTOR ( 'NONE', #2531, 1000.000000000000000 ) ;
#882 = PLANE ( 'NONE',  #522 ) ;
#883 = CARTESIAN_POINT ( 'NONE',  ( -2.457524924300481483E-16, 23.55429687500000213, 4.000000000000005329 ) ) ;
#884 = DIRECTION ( 'NONE',  ( 1.000000000000000000, 2.775557561562890365E-16, 0.000000000000000000 ) ) ;
#885 = VECTOR ( 'NONE', #2537, 1000.000000000000114 ) ;
#886 = DIRECTION ( 'NONE',  ( 0.000000000000000000, -0.000000000000000000, -1.000000000000000000 ) ) ;
#887 = PLANE ( 'NONE',  #1790 ) ;
#888 = FACE_BOUND ( 'NONE', #2823, .T. ) ;
#889 = ORIENTED_EDGE ( 'NONE', *, *, #1620, .T. ) ;
#890 = LINE ( 'NONE', #1883, #2550 ) ;
#891 = EDGE_CURVE ( 'NONE', #2526, #3270, #3098, .T. ) ;
#892 = ORIENTED_EDGE ( 'NONE', *, *, #3767, .T. ) ;
#893 = VERTEX_POINT ( 'NONE', #3696 ) ;
#894 = CARTESIAN_POINT ( 'NONE',  ( 46.25000000000000000, 25.25429687500001918, 0.3999999999999837019 ) ) ;
#895 = DIRECTION ( 'NONE',  ( -1.156482317317871478E-16, 0.000000000000000000, 1.000000000000000000 ) ) ;
#896 = EDGE_LOOP ( 'NONE', ( #573, #3194, #1017, #2624 ) ) ;
#897 = VECTOR ( 'NONE', #2535, 1000.000000000000000 ) ;
#898 = ORIENTED_EDGE ( 'NONE', *, *, #319, .T. ) ;
#899 = VECTOR ( 'NONE', #2924, 1000.000000000000000 ) ;
#900 = ORIENTED_EDGE ( 'NONE', *, *, #201, .T. ) ;
#901 = DIRECTION ( 'NONE',  ( 1.000000000000000000, 0.000000000000000000, 0.000000000000000000 ) ) ;
#902 = CARTESIAN_POINT ( 'NONE',  ( -83.65000000000001990, 15.40429687500000355, 0.5000000000000000000 ) ) ;
#903 = CYLINDRICAL_SURFACE ( 'NONE', #3391, 0.2500000000000000000 ) ;
#904 = VECTOR ( 'NONE', #1867, 1000.000000000000000 ) ;
#905 = EDGE_CURVE ( 'NONE', #3412, #3467, #619, .T. ) ;
#906 = LINE ( 'NONE', #1734, #1180 ) ;
#907 = VECTOR ( 'NONE', #1060, 1000.000000000000000 ) ;
#908 = FACE_OUTER_BOUND ( 'NONE', #3860, .T. ) ;
#909 = CARTESIAN_POINT ( 'NONE',  ( -40.55000000000001137, 20.15429687500000711, 0.5000000000000000000 ) ) ;
#910 = AXIS2_PLACEMENT_3D ( 'NONE', #2568, #2867, #1958 ) ;
#911 = AXIS2_PLACEMENT_3D ( 'NONE', #1941, #1035, #496 ) ;
#912 = LINE ( 'NONE', #686, #3539 ) ;
#913 = VERTEX_POINT ( 'NONE', #373 ) ;
#914 = CARTESIAN_POINT ( 'NONE',  ( 28.59999999999999076, 20.15429687500000000, 2.000000000000000000 ) ) ;
#915 = ORIENTED_EDGE ( 'NONE', *, *, #499, .F. ) ;
#916 = CARTESIAN_POINT ( 'NONE',  ( 0.000000000000000000, 16.15429687500000355, 2.000000000000000000 ) ) ;
#917 = CARTESIAN_POINT ( 'NONE',  ( -60.60000000000000853, 20.90429687499999645, 0.5000000000000000000 ) ) ;
#918 = DIRECTION ( 'NONE',  ( -1.000000000000000000, -2.775557561562890365E-16, 0.000000000000000000 ) ) ;
#919 = ORIENTED_EDGE ( 'NONE', *, *, #475, .T. ) ;
#920 = EDGE_CURVE ( 'NONE', #289, #1950, #1542, .T. ) ;
#921 = EDGE_LOOP ( 'NONE', ( #1984, #1450, #1581, #3087 ) ) ;
#922 = PLANE ( 'NONE',  #2945 ) ;
#923 = LINE ( 'NONE', #3692, #2115 ) ;
#924 = CARTESIAN_POINT ( 'NONE',  ( 15.04999999999999005, 20.90429687500000000, 0.000000000000000000 ) ) ;
#925 = CARTESIAN_POINT ( 'NONE',  ( -61.75000000000001421, 23.05429687500000213, 4.249999999999999112 ) ) ;
#926 = FACE_OUTER_BOUND ( 'NONE', #3433, .T. ) ;
#927 = CARTESIAN_POINT ( 'NONE',  ( -93.16421356237310647, 10.65429687500000355, 5.000000000000000000 ) ) ;
#928 = EDGE_CURVE ( 'NONE', #2100, #933, #2439, .T. ) ;
#929 = CARTESIAN_POINT ( 'NONE',  ( -29.75000000000001421, 23.55429687500000213, 4.000000000000000888 ) ) ;
#930 = PLANE ( 'NONE',  #934 ) ;
#931 = ORIENTED_EDGE ( 'NONE', *, *, #20, .T. ) ;
#932 = CARTESIAN_POINT ( 'NONE',  ( -73.90000000000001990, 14.40429687500000178, 2.000000000000000000 ) ) ;
#933 = VERTEX_POINT ( 'NONE', #336 ) ;
#934 = AXIS2_PLACEMENT_3D ( 'NONE', #2140, #2121, #3062 ) ;
#935 = CARTESIAN_POINT ( 'NONE',  ( 46.25000000000000000, 25.25429687500001918, 6.000000000000000000 ) ) ;
#936 = ORIENTED_EDGE ( 'NONE', *, *, #2524, .T. ) ;
#937 = DATE_TIME_ROLE ( 'classification_date' ) ;
#938 = ORIENTED_EDGE ( 'NONE', *, *, #600, .T. ) ;
#939 = CARTESIAN_POINT ( 'NONE',  ( -91.34999999999998010, 25.65429687500000355, 5.000000000000000000 ) ) ;
#940 = CARTESIAN_POINT ( 'NONE',  ( -89.25000000000001421, 23.15429687500000355, 0.3499999999999999223 ) ) ;
#941 = DIRECTION ( 'NONE',  ( 1.000000000000000000, 2.775557561562890365E-16, -0.000000000000000000 ) ) ;
#942 = ADVANCED_FACE ( 'NONE', ( #393 ), #1912, .F. ) ;
#943 = FACE_OUTER_BOUND ( 'NONE', #1670, .T. ) ;
#944 = AXIS2_PLACEMENT_3D ( 'NONE', #1497, #516, #1789 ) ;
#945 = CARTESIAN_POINT ( 'NONE',  ( 32.24999999999998579, 13.25429687500000142, 4.249999999999994671 ) ) ;
#946 = DIRECTION ( 'NONE',  ( 0.000000000000000000, -0.000000000000000000, -1.000000000000000000 ) ) ;
#947 = AXIS2_PLACEMENT_3D ( 'NONE', #3031, #668, #1304 ) ;
#948 = CARTESIAN_POINT ( 'NONE',  ( -31.05000000000000782, 20.90429687500000711, 0.000000000000000000 ) ) ;
#949 = ORIENTED_EDGE ( 'NONE', *, *, #2984, .F. ) ;
#950 = CARTESIAN_POINT ( 'NONE',  ( -60.60000000000001563, 16.15429687499999289, 2.000000000000000000 ) ) ;
#951 = EDGE_CURVE ( 'NONE', #3775, #1240, #1227, .T. ) ;
#952 = FACE_OUTER_BOUND ( 'NONE', #3774, .T. ) ;
#953 = VERTEX_POINT ( 'NONE', #2460 ) ;
#954 = EDGE_CURVE ( 'NONE', #1174, #131, #2155, .T. ) ;
#955 = ORIENTED_EDGE ( 'NONE', *, *, #1961, .T. ) ;
#956 = CARTESIAN_POINT ( 'NONE',  ( -29.75000000000001421, 12.50429687500000142, 3.749999999999996891 ) ) ;
#957 = CARTESIAN_POINT ( 'NONE',  ( -17.75000000000000355, 21.90429687500000355, 0.5000000000000000000 ) ) ;
#958 = ADVANCED_FACE ( 'NONE', ( #1856 ), #3388, .F. ) ;
#959 = LINE ( 'NONE', #2171, #3682 ) ;
#960 = VECTOR ( 'NONE', #3345, 1000.000000000000000 ) ;
#961 = VECTOR ( 'NONE', #3579, 1000.000000000000000 ) ;
#962 = EDGE_CURVE ( 'NONE', #2667, #1378, #3718, .T. ) ;
#963 = CARTESIAN_POINT ( 'NONE',  ( 38.09999999999998721, 20.90429687500000000, 0.000000000000000000 ) ) ;
#964 = DIRECTION ( 'NONE',  ( 0.000000000000000000, 0.7071067811865465735, -0.7071067811865483499 ) ) ;
#965 = AXIS2_PLACEMENT_3D ( 'NONE', #2345, #1116, #234 ) ;
#966 = DIRECTION ( 'NONE',  ( 0.000000000000000000, -1.000000000000000000, 0.000000000000000000 ) ) ;
#967 = VECTOR ( 'NONE', #1832, 1000.000000000000000 ) ;
#968 = LINE ( 'NONE', #2521, #3077 ) ;
#969 = VERTEX_POINT ( 'NONE', #2779 ) ;
#970 = DIRECTION ( 'NONE',  ( 0.000000000000000000, -1.000000000000000000, 0.000000000000000000 ) ) ;
#971 = VECTOR ( 'NONE', #3115, 1000.000000000000000 ) ;
#972 = CARTESIAN_POINT ( 'NONE',  ( -61.75000000000001421, 12.75429687500000142, 4.249999999999994671 ) ) ;
#973 = AXIS2_PLACEMENT_3D ( 'NONE', #2821, #2782, #3737 ) ;
#974 = LINE ( 'NONE', #1589, #1786 ) ;
#975 = EDGE_LOOP ( 'NONE', ( #2754, #1181, #2752, #1348 ) ) ;
#976 = ORIENTED_EDGE ( 'NONE', *, *, #1949, .F. ) ;
#977 = PLANE ( 'NONE',  #1605 ) ;
#978 = CARTESIAN_POINT ( 'NONE',  ( -77.15000000000000568, 20.90429687500000355, 0.000000000000000000 ) ) ;
#979 = LINE ( 'NONE', #2775, #1516 ) ;
#980 = CARTESIAN_POINT ( 'NONE',  ( -91.75000000000001421, 25.65429687500000355, 6.000000000000000000 ) ) ;
#981 = DIRECTION ( 'NONE',  ( 0.000000000000000000, 0.000000000000000000, 1.000000000000000000 ) ) ;
#982 = CARTESIAN_POINT ( 'NONE',  ( -14.75000000000001243, 12.50429687500000142, 3.749999999999995115 ) ) ;
#983 = LINE ( 'NONE', #1931, #1453 ) ;
#984 = FACE_BOUND ( 'NONE', #3656, .T. ) ;
#985 = EDGE_CURVE ( 'NONE', #2604, #2328, #996, .T. ) ;
#986 = ADVANCED_FACE ( 'NONE', ( #1264 ), #2479, .F. ) ;
#987 = LINE ( 'NONE', #2145, #2616 ) ;
#988 = EDGE_LOOP ( 'NONE', ( #500, #1849, #2247, #1646 ) ) ;
#989 = ORIENTED_EDGE ( 'NONE', *, *, #1252, .T. ) ;
#990 = ORIENTED_EDGE ( 'NONE', *, *, #2348, .F. ) ;
#991 = LINE ( 'NONE', #134, #2815 ) ;
#992 = EDGE_CURVE ( 'NONE', #2060, #2471, #2740, .T. ) ;
#993 = DIRECTION ( 'NONE',  ( -0.000000000000000000, 1.000000000000000000, -0.000000000000000000 ) ) ;
#994 = ORIENTED_EDGE ( 'NONE', *, *, #3163, .T. ) ;
#995 = DIRECTION ( 'NONE',  ( -1.000000000000000000, 0.000000000000000000, -0.000000000000000000 ) ) ;
#996 = LINE ( 'NONE', #65, #1513 ) ;
#997 = PLANE ( 'NONE',  #92 ) ;
#998 = VECTOR ( 'NONE', #2248, 1000.000000000000000 ) ;
#999 = APPROVAL_PERSON_ORGANIZATION ( #2452, #414, #1570 ) ;
#1000 = CARTESIAN_POINT ( 'NONE',  ( -37.55000000000000426, 15.40429687500000355, 0.000000000000000000 ) ) ;
#1001 = AXIS2_PLACEMENT_3D ( 'NONE', #575, #1494, #1093 ) ;
#1002 = DIRECTION ( 'NONE',  ( 1.000000000000000000, 0.000000000000000000, -1.156482317317871478E-16 ) ) ;
#1003 = ORIENTED_EDGE ( 'NONE', *, *, #419, .F. ) ;
#1004 = CARTESIAN_POINT ( 'NONE',  ( 32.24999999999998579, 12.50429687500000142, 3.749999999999995115 ) ) ;
#1005 = EDGE_CURVE ( 'NONE', #207, #3583, #3409, .T. ) ;
#1006 = CARTESIAN_POINT ( 'NONE',  ( -89.25000000000001421, 23.15429687500000355, 0.5999999999999999778 ) ) ;
#1007 = VERTEX_POINT ( 'NONE', #3118 ) ;
#1008 = ORIENTED_EDGE ( 'NONE', *, *, #1121, .T. ) ;
#1009 = DIRECTION ( 'NONE',  ( -0.000000000000000000, 1.000000000000000000, -0.000000000000000000 ) ) ;
#1010 = LINE ( 'NONE', #1094, #3200 ) ;
#1011 = CARTESIAN_POINT ( 'NONE',  ( -54.10000000000000853, 16.15429687499999289, 0.000000000000000000 ) ) ;
#1012 = EDGE_LOOP ( 'NONE', ( #3785, #1964, #1051, #2587 ) ) ;
#1013 = ORIENTED_EDGE ( 'NONE', *, *, #1238, .F. ) ;
#1014 = ORIENTED_EDGE ( 'NONE', *, *, #392, .T. ) ;
#1015 = LINE ( 'NONE', #2230, #2938 ) ;
#1016 = CARTESIAN_POINT ( 'NONE',  ( 32.24999999999998579, 23.05429687500000213, 4.249999999999999112 ) ) ;
#1017 = ORIENTED_EDGE ( 'NONE', *, *, #364, .T. ) ;
#1018 = VECTOR ( 'NONE', #2074, 1000.000000000000000 ) ;
#1019 = EDGE_CURVE ( 'NONE', #1457, #800, #1894, .T. ) ;
#1020 = VECTOR ( 'NONE', #2006, 1000.000000000000000 ) ;
#1021 = VECTOR ( 'NONE', #1529, 1000.000000000000000 ) ;
#1022 = CARTESIAN_POINT ( 'NONE',  ( 8.549999999999995381, 15.40429687499999822, 0.000000000000000000 ) ) ;
#1023 = VERTEX_POINT ( 'NONE', #3477 ) ;
#1024 = ORIENTED_EDGE ( 'NONE', *, *, #1366, .T. ) ;
#1025 = CARTESIAN_POINT ( 'NONE',  ( -17.75000000000000355, 21.90429687500000355, 2.000000000000000000 ) ) ;
#1026 = EDGE_CURVE ( 'NONE', #913, #1755, #2917, .T. ) ;
#1027 = EDGE_CURVE ( 'NONE', #460, #3775, #803, .T. ) ;
#1028 = AXIS2_PLACEMENT_3D ( 'NONE', #1858, #337, #48 ) ;
#1029 = CARTESIAN_POINT ( 'NONE',  ( -40.55000000000001137, 20.15429687500000711, 0.5000000000000000000 ) ) ;
#1030 = EDGE_LOOP ( 'NONE', ( #3153, #356, #2860, #2366 ) ) ;
#1031 = AXIS2_PLACEMENT_3D ( 'NONE', #1732, #3901, #583 ) ;
#1032 = AXIS2_PLACEMENT_3D ( 'NONE', #1197, #3527, #1996 ) ;
#1033 = ORIENTED_EDGE ( 'NONE', *, *, #613, .F. ) ;
#1034 = CARTESIAN_POINT ( 'NONE',  ( -91.48333333333333428, 10.78763020833334529, 0.2666666666666465124 ) ) ;
#1035 = DIRECTION ( 'NONE',  ( 2.891205793294678819E-16, 1.000000000000000000, 0.000000000000000000 ) ) ;
#1036 = EDGE_LOOP ( 'NONE', ( #1869, #862, #2302, #2809 ) ) ;
#1037 = LINE ( 'NONE', #425, #2596 ) ;
#1038 = EDGE_CURVE ( 'NONE', #628, #1806, #445, .T. ) ;
#1039 = EDGE_LOOP ( 'NONE', ( #1826, #2969, #1446, #2040, #3435 ) ) ;
#1040 = EDGE_CURVE ( 'NONE', #760, #1916, #1316, .T. ) ;
#1041 = ORIENTED_EDGE ( 'NONE', *, *, #2322, .T. ) ;
#1042 = CARTESIAN_POINT ( 'NONE',  ( -61.75000000000001421, 23.80429687500000213, 4.249999999999999112 ) ) ;
#1043 = DIRECTION ( 'NONE',  ( 1.000000000000000000, 0.000000000000000000, 1.156482317317871478E-16 ) ) ;
#1044 = VERTEX_POINT ( 'NONE', #2577 ) ;
#1045 = CARTESIAN_POINT ( 'NONE',  ( 8.549999999999995381, 15.40429687499999822, 0.000000000000000000 ) ) ;
#1046 = VECTOR ( 'NONE', #2399, 1000.000000000000000 ) ;
#1047 = VERTEX_POINT ( 'NONE', #3800 ) ;
#1048 = ORIENTED_EDGE ( 'NONE', *, *, #1662, .T. ) ;
#1049 = FACE_OUTER_BOUND ( 'NONE', #1327, .T. ) ;
#1050 = DIRECTION ( 'NONE',  ( 1.000000000000000000, 0.000000000000000000, 0.000000000000000000 ) ) ;
#1051 = ORIENTED_EDGE ( 'NONE', *, *, #2199, .F. ) ;
#1052 = ORIENTED_EDGE ( 'NONE', *, *, #1772, .F. ) ;
#1053 = PLANE ( 'NONE',  #1230 ) ;
#1054 = CARTESIAN_POINT ( 'NONE',  ( 4.625929269271472109E-16, 12.75429687500000142, 3.999999999999988010 ) ) ;
#1055 = VERTEX_POINT ( 'NONE', #121 ) ;
#1056 = FACE_OUTER_BOUND ( 'NONE', #2579, .T. ) ;
#1057 = ORIENTED_EDGE ( 'NONE', *, *, #2403, .F. ) ;
#1058 = EDGE_LOOP ( 'NONE', ( #2861, #3481, #2655, #2881 ) ) ;
#1059 = FACE_OUTER_BOUND ( 'NONE', #988, .T. ) ;
#1060 = DIRECTION ( 'NONE',  ( -0.000000000000000000, 1.000000000000000000, -0.000000000000000000 ) ) ;
#1061 = EDGE_CURVE ( 'NONE', #1240, #893, #1102, .T. ) ;
#1062 = ORIENTED_EDGE ( 'NONE', *, *, #1319, .F. ) ;
#1063 = CARTESIAN_POINT ( 'NONE',  ( -61.75000000000001421, 23.80429687500000213, 3.750000000000000444 ) ) ;
#1064 = DIRECTION ( 'NONE',  ( 0.000000000000000000, -1.000000000000000000, 0.000000000000000000 ) ) ;
#1065 = CARTESIAN_POINT ( 'NONE',  ( 18.04999999999999005, 21.90429687499999645, 2.000000000000000000 ) ) ;
#1066 = ADVANCED_FACE ( 'NONE', ( #3778 ), #1694, .F. ) ;
#1067 = APPROVAL_PERSON_ORGANIZATION ( #2347, #871, #1765 ) ;
#1068 = CARTESIAN_POINT ( 'NONE',  ( 17.24999999999998579, 23.80429687500000213, 4.249999999999998224 ) ) ;
#1069 = ORIENTED_EDGE ( 'NONE', *, *, #3662, .T. ) ;
#1070 = VECTOR ( 'NONE', #432, 1000.000000000000000 ) ;
#1071 = EDGE_CURVE ( 'NONE', #2478, #2100, #1015, .T. ) ;
#1072 = LINE ( 'NONE', #1113, #2759 ) ;
#1073 = VERTEX_POINT ( 'NONE', #3216 ) ;
#1074 = DIRECTION ( 'NONE',  ( 0.000000000000000000, -0.000000000000000000, -1.000000000000000000 ) ) ;
#1075 = LINE ( 'NONE', #1923, #781 ) ;
#1076 = ORIENTED_EDGE ( 'NONE', *, *, #102, .F. ) ;
#1077 = CARTESIAN_POINT ( 'NONE',  ( 46.25000000000000000, 11.05429687500000036, 6.000000000000000000 ) ) ;
#1078 = VERTEX_POINT ( 'NONE', #1633 ) ;
#1079 = ORIENTED_EDGE ( 'NONE', *, *, #3042, .T. ) ;
#1080 = FACE_OUTER_BOUND ( 'NONE', #1538, .T. ) ;
#1081 = LINE ( 'NONE', #2937, #3072 ) ;
#1082 = EDGE_CURVE ( 'NONE', #2058, #782, #3457, .T. ) ;
#1083 = DIRECTION ( 'NONE',  ( -0.000000000000000000, 0.000000000000000000, 1.000000000000000000 ) ) ;
#1084 = DIRECTION ( 'NONE',  ( -0.000000000000000000, 0.000000000000000000, 1.000000000000000000 ) ) ;
#1085 = EDGE_CURVE ( 'NONE', #3270, #2478, #1928, .T. ) ;
#1086 = VECTOR ( 'NONE', #324, 1000.000000000000000 ) ;
#1087 = AXIS2_PLACEMENT_3D ( 'NONE', #2094, #242, #886 ) ;
#1088 = CARTESIAN_POINT ( 'NONE',  ( 46.25000000000000000, 24.87145416252539221, 5.217157287525393095 ) ) ;
#1089 = VECTOR ( 'NONE', #2450, 1000.000000000000000 ) ;
#1090 = ORIENTED_EDGE ( 'NONE', *, *, #3142, .T. ) ;
#1091 = CIRCLE ( 'NONE', #1028, 0.2500000000000002220 ) ;
#1092 = ORIENTED_EDGE ( 'NONE', *, *, #695, .F. ) ;
#1093 = DIRECTION ( 'NONE',  ( -0.000000000000000000, 0.000000000000000000, 1.000000000000000000 ) ) ;
#1094 = CARTESIAN_POINT ( 'NONE',  ( -17.75000000000000355, 14.40429687500000178, 2.000000000000000000 ) ) ;
#1095 = EDGE_LOOP ( 'NONE', ( #3635, #2697, #2510, #3176 ) ) ;
#1096 = DIRECTION ( 'NONE',  ( 0.000000000000000000, 1.000000000000000000, 0.000000000000000000 ) ) ;
#1097 = VECTOR ( 'NONE', #461, 1000.000000000000000 ) ;
#1098 = VECTOR ( 'NONE', #1648, 1000.000000000000000 ) ;
#1099 = EDGE_LOOP ( 'NONE', ( #938, #3712, #626, #949 ) ) ;
#1100 = VERTEX_POINT ( 'NONE', #2612 ) ;
#1101 = VECTOR ( 'NONE', #2081, 1000.000000000000000 ) ;
#1102 = LINE ( 'NONE', #428, #897 ) ;
#1103 = CARTESIAN_POINT ( 'NONE',  ( -91.75000000000001421, 12.50429687500000142, 6.000011999999999901 ) ) ;
#1104 = LINE ( 'NONE', #1992, #2472 ) ;
#1105 = LINE ( 'NONE', #2661, #2649 ) ;
#1106 = VECTOR ( 'NONE', #1192, 1000.000000000000000 ) ;
#1107 = VERTEX_POINT ( 'NONE', #1653 ) ;
#1108 = LINE ( 'NONE', #206, #3126 ) ;
#1109 = ADVANCED_FACE ( 'NONE', ( #2836 ), #2855, .F. ) ;
#1110 = ORIENTED_EDGE ( 'NONE', *, *, #46, .F. ) ;
#1111 = DIRECTION ( 'NONE',  ( 0.000000000000000000, -1.000000000000000000, 0.000000000000000000 ) ) ;
#1112 = VERTEX_POINT ( 'NONE', #1042 ) ;
#1113 = CARTESIAN_POINT ( 'NONE',  ( -37.55000000000000426, 15.40429687500000355, 0.000000000000000000 ) ) ;
#1114 = ORIENTED_EDGE ( 'NONE', *, *, #3720, .T. ) ;
#1115 = LINE ( 'NONE', #533, #2986 ) ;
#1116 = DIRECTION ( 'NONE',  ( 1.156482317317871478E-16, -0.000000000000000000, 1.000000000000000000 ) ) ;
#1117 = ORIENTED_EDGE ( 'NONE', *, *, #561, .T. ) ;
#1118 = DIRECTION ( 'NONE',  ( -0.000000000000000000, 0.000000000000000000, 1.000000000000000000 ) ) ;
#1119 = VERTEX_POINT ( 'NONE', #3499 ) ;
#1120 = VERTEX_POINT ( 'NONE', #1946 ) ;
#1121 = EDGE_CURVE ( 'NONE', #3476, #2346, #2896, .T. ) ;
#1122 = ORIENTED_EDGE ( 'NONE', *, *, #1085, .F. ) ;
#1123 = FACE_OUTER_BOUND ( 'NONE', #646, .T. ) ;
#1124 = CARTESIAN_POINT ( 'NONE',  ( -5.750000000000005329, 14.40429687500000178, 2.000000000000000000 ) ) ;
#1125 = AXIS2_PLACEMENT_3D ( 'NONE', #1509, #3681, #2726 ) ;
#1126 = ORIENTED_EDGE ( 'NONE', *, *, #1005, .F. ) ;
#1127 = CARTESIAN_POINT ( 'NONE',  ( -14.50000000000000533, 20.90429687500000000, 0.000000000000000000 ) ) ;
#1128 = CARTESIAN_POINT ( 'NONE',  ( -61.75000000000001421, 12.50429687500000142, 3.749999999999995115 ) ) ;
#1129 = VERTEX_POINT ( 'NONE', #2875 ) ;
#1130 = EDGE_CURVE ( 'NONE', #2317, #2538, #2288, .T. ) ;
#1131 = LINE ( 'NONE', #2036, #2680 ) ;
#1132 = ORIENTED_EDGE ( 'NONE', *, *, #2073, .F. ) ;
#1133 = FACE_OUTER_BOUND ( 'NONE', #137, .T. ) ;
#1134 = VECTOR ( 'NONE', #44, 1000.000000000000000 ) ;
#1135 = ADVANCED_FACE ( 'NONE', ( #1059 ), #2266, .F. ) ;
#1136 = CARTESIAN_POINT ( 'NONE',  ( -73.90000000000001990, 21.90429687500000000, 0.5000000000000000000 ) ) ;
#1137 = AXIS2_PLACEMENT_3D ( 'NONE', #2558, #3822, #766 ) ;
#1138 = CARTESIAN_POINT ( 'NONE',  ( -61.75000000000001421, 23.80429687500000213, 3.750000000000000444 ) ) ;
#1139 = MECHANICAL_CONTEXT ( 'NONE', #1363, 'mechanical' ) ;
#1140 = VERTEX_POINT ( 'NONE', #3818 ) ;
#1141 = ORIENTED_EDGE ( 'NONE', *, *, #2783, .F. ) ;
#1142 = EDGE_LOOP ( 'NONE', ( #667, #3544, #1590, #3341 ) ) ;
#1143 = FACE_OUTER_BOUND ( 'NONE', #2886, .T. ) ;
#1144 = LINE ( 'NONE', #542, #707 ) ;
#1145 = CARTESIAN_POINT ( 'NONE',  ( 6.049999999999992717, 21.90429687500000000, 0.5000000000000000000 ) ) ;
#1146 = LINE ( 'NONE', #3642, #3198 ) ;
#1147 = LINE ( 'NONE', #1191, #1307 ) ;
#1148 = ADVANCED_FACE ( 'NONE', ( #1080 ), #3516, .F. ) ;
#1149 = ORIENTED_EDGE ( 'NONE', *, *, #3576, .F. ) ;
#1150 = ORIENTED_EDGE ( 'NONE', *, *, #431, .F. ) ;
#1151 = DIRECTION ( 'NONE',  ( -0.000000000000000000, 1.000000000000000000, -0.000000000000000000 ) ) ;
#1152 = ORIENTED_EDGE ( 'NONE', *, *, #1425, .F. ) ;
#1153 = ADVANCED_FACE ( 'NONE', ( #3277, #3313 ), #864, .T. ) ;
#1154 = VECTOR ( 'NONE', #2276, 1000.000000000000000 ) ;
#1155 = LINE ( 'NONE', #1783, #2178 ) ;
#1156 = ADVANCED_FACE ( 'NONE', ( #2698 ), #541, .F. ) ;
#1157 = VECTOR ( 'NONE', #3165, 1000.000000000000000 ) ;
#1158 = CARTESIAN_POINT ( 'NONE',  ( -89.25000000000001421, 23.15429687500000355, 0.000000000000000000 ) ) ;
#1159 = DIRECTION ( 'NONE',  ( 1.000000000000000000, -0.000000000000000000, -0.000000000000000000 ) ) ;
#1160 = APPROVAL_DATE_TIME ( #3894, #3114 ) ;
#1161 = VECTOR ( 'NONE', #1895, 1000.000000000000000 ) ;
#1162 = ORIENTED_EDGE ( 'NONE', *, *, #538, .F. ) ;
#1163 = ORIENTED_EDGE ( 'NONE', *, *, #3235, .T. ) ;
#1164 = ORIENTED_EDGE ( 'NONE', *, *, #2117, .T. ) ;
#1165 = CARTESIAN_POINT ( 'NONE',  ( -14.75000000000001243, 23.05429687500000213, 3.750000000000000444 ) ) ;
#1166 = DIRECTION ( 'NONE',  ( -0.000000000000000000, 0.000000000000000000, 1.000000000000000000 ) ) ;
#1167 = AXIS2_PLACEMENT_3D ( 'NONE', #2412, #895, #2065 ) ;
#1168 = CARTESIAN_POINT ( 'NONE',  ( 32.24999999999998579, 23.80429687500000213, 4.249999999999999112 ) ) ;
#1169 = ADVANCED_FACE ( 'NONE', ( #2070 ), #2656, .F. ) ;
#1170 = VECTOR ( 'NONE', #616, 1000.000000000000000 ) ;
#1171 = VECTOR ( 'NONE', #3158, 1000.000000000000000 ) ;
#1172 = LINE ( 'NONE', #1189, #2165 ) ;
#1173 = DIRECTION ( 'NONE',  ( -0.000000000000000000, -0.000000000000000000, 1.000000000000000000 ) ) ;
#1174 = VERTEX_POINT ( 'NONE', #297 ) ;
#1175 = EDGE_LOOP ( 'NONE', ( #3228, #1870, #388, #170, #3472, #1754 ) ) ;
#1176 = DIRECTION ( 'NONE',  ( 1.000000000000000000, -0.000000000000000000, -1.156482317317871478E-16 ) ) ;
#1177 = ORIENTED_EDGE ( 'NONE', *, *, #505, .F. ) ;
#1178 = LINE ( 'NONE', #1136, #3266 ) ;
#1179 = DIRECTION ( 'NONE',  ( 0.000000000000000000, 0.000000000000000000, -1.000000000000000000 ) ) ;
#1180 = VECTOR ( 'NONE', #2723, 1000.000000000000000 ) ;
#1181 = ORIENTED_EDGE ( 'NONE', *, *, #50, .T. ) ;
#1182 = DIRECTION ( 'NONE',  ( 1.000000000000000000, 0.000000000000000000, 0.000000000000000000 ) ) ;
#1183 = ORIENTED_EDGE ( 'NONE', *, *, #2221, .T. ) ;
#1184 = VERTEX_POINT ( 'NONE', #519 ) ;
#1185 = FACE_OUTER_BOUND ( 'NONE', #1988, .T. ) ;
#1186 = CARTESIAN_POINT ( 'NONE',  ( 38.09999999999998721, 20.90429687500000000, 0.000000000000000000 ) ) ;
#1187 = CARTESIAN_POINT ( 'NONE',  ( 32.24999999999998579, 23.80429687500000213, 4.249999999999999112 ) ) ;
#1188 = EDGE_CURVE ( 'NONE', #1047, #1044, #277, .T. ) ;
#1189 = CARTESIAN_POINT ( 'NONE',  ( -83.65000000000001990, 15.40429687500000355, 0.000000000000000000 ) ) ;
#1190 = DIRECTION ( 'NONE',  ( 0.000000000000000000, -1.000000000000000000, 0.000000000000000000 ) ) ;
#1191 = CARTESIAN_POINT ( 'NONE',  ( 32.24999999999998579, 13.25429687500000142, 3.749999999999995115 ) ) ;
#1192 = DIRECTION ( 'NONE',  ( -0.000000000000000000, -0.000000000000000000, 1.000000000000000000 ) ) ;
#1193 = ORIENTED_EDGE ( 'NONE', *, *, #3327, .T. ) ;
#1194 = ORIENTED_EDGE ( 'NONE', *, *, #2907, .F. ) ;
#1195 = FACE_OUTER_BOUND ( 'NONE', #430, .T. ) ;
#1196 = EDGE_LOOP ( 'NONE', ( #3695, #2689, #341, #2556 ) ) ;
#1197 = CARTESIAN_POINT ( 'NONE',  ( -91.34999999999998010, 10.65429687500000355, 6.000000000000000000 ) ) ;
#1198 = LINE ( 'NONE', #2411, #383 ) ;
#1199 = CARTESIAN_POINT ( 'NONE',  ( -14.75000000000001243, 23.55429687500000213, 4.000000000000001776 ) ) ;
#1200 = DIRECTION ( 'NONE',  ( 0.000000000000000000, 0.000000000000000000, 1.000000000000000000 ) ) ;
#1201 = VECTOR ( 'NONE', #3214, 1000.000000000000000 ) ;
#1202 = ADVANCED_FACE ( 'NONE', ( #825 ), #882, .F. ) ;
#1203 = EDGE_LOOP ( 'NONE', ( #570, #1149, #3547, #89 ) ) ;
#1204 = ORIENTED_EDGE ( 'NONE', *, *, #530, .F. ) ;
#1205 = DIRECTION ( 'NONE',  ( 9.251858538542971828E-16, -1.000000000000000000, 0.000000000000000000 ) ) ;
#1206 = DIRECTION ( 'NONE',  ( -0.000000000000000000, -0.000000000000000000, 1.000000000000000000 ) ) ;
#1207 = DIRECTION ( 'NONE',  ( -0.000000000000000000, -0.000000000000000000, 1.000000000000000000 ) ) ;
#1208 = ADVANCED_FACE ( 'NONE', ( #1185 ), #2376, .F. ) ;
#1209 = CARTESIAN_POINT ( 'NONE',  ( 28.59999999999999432, 16.15429687499999289, 0.5000000000000000000 ) ) ;
#1210 = DIRECTION ( 'NONE',  ( -1.000000000000000000, 0.000000000000000000, -0.000000000000000000 ) ) ;
#1211 = LINE ( 'NONE', #3367, #2320 ) ;
#1212 = EDGE_CURVE ( 'NONE', #2278, #1809, #1712, .T. ) ;
#1213 = FACE_OUTER_BOUND ( 'NONE', #3484, .T. ) ;
#1214 = CARTESIAN_POINT ( 'NONE',  ( -89.25000000000001421, 13.15429687500000355, 0.5999999999999999778 ) ) ;
#1215 = ORIENTED_EDGE ( 'NONE', *, *, #1846, .T. ) ;
#1216 = EDGE_CURVE ( 'NONE', #969, #397, #1502, .T. ) ;
#1217 = CC_DESIGN_PERSON_AND_ORGANIZATION_ASSIGNMENT ( #3310, #2046, ( #2224 ) ) ;
#1218 = CARTESIAN_POINT ( 'NONE',  ( -91.75000000000001421, 25.25429687499997655, 5.400000000000025224 ) ) ;
#1219 = CARTESIAN_POINT ( 'NONE',  ( -31.05000000000000782, 20.90429687500000711, 0.000000000000000000 ) ) ;
#1220 = VERTEX_POINT ( 'NONE', #220 ) ;
#1221 = PERSON_AND_ORGANIZATION_ROLE ( 'design_supplier' ) ;
#1222 = VECTOR ( 'NONE', #1994, 1000.000000000000000 ) ;
#1223 = ORIENTED_EDGE ( 'NONE', *, *, #838, .F. ) ;
#1224 = CARTESIAN_POINT ( 'NONE',  ( -91.75000000000001421, 25.65429687500000355, 0.3999999999999837019 ) ) ;
#1225 = DIRECTION ( 'NONE',  ( -1.000000000000000000, 0.000000000000000000, 0.000000000000000000 ) ) ;
#1226 = FACE_OUTER_BOUND ( 'NONE', #2098, .T. ) ;
#1227 = LINE ( 'NONE', #963, #2009 ) ;
#1228 = AXIS2_PLACEMENT_3D ( 'NONE', #1521, #2353, #259 ) ;
#1229 = CARTESIAN_POINT ( 'NONE',  ( -89.75000000000001421, 13.15429687500000355, 0.5999999999999999778 ) ) ;
#1230 = AXIS2_PLACEMENT_3D ( 'NONE', #2205, #173, #3169 ) ;
#1231 = VECTOR ( 'NONE', #2389, 1000.000000000000000 ) ;
#1232 = DIRECTION ( 'NONE',  ( 0.000000000000000000, -0.000000000000000000, -1.000000000000000000 ) ) ;
#1233 = CARTESIAN_POINT ( 'NONE',  ( 32.24999999999998579, 23.05429687500000213, 4.249999999999999112 ) ) ;
#1234 = VERTEX_POINT ( 'NONE', #3883 ) ;
#1235 = ORIENTED_EDGE ( 'NONE', *, *, #853, .T. ) ;
#1236 = FACE_BOUND ( 'NONE', #1667, .T. ) ;
#1237 = LINE ( 'NONE', #2448, #2048 ) ;
#1238 = EDGE_CURVE ( 'NONE', #2167, #30, #1420, .T. ) ;
#1239 = DIRECTION ( 'NONE',  ( -0.000000000000000000, -1.000000000000000000, -0.000000000000000000 ) ) ;
#1240 = VERTEX_POINT ( 'NONE', #240 ) ;
#1241 = ORIENTED_EDGE ( 'NONE', *, *, #186, .T. ) ;
#1242 = CARTESIAN_POINT ( 'NONE',  ( -31.05000000000000782, 16.15429687500000355, 0.000000000000000000 ) ) ;
#1243 = CARTESIAN_POINT ( 'NONE',  ( -89.50000000000001421, 22.90429687500000355, 0.5999999999999999778 ) ) ;
#1244 = LINE ( 'NONE', #103, #3882 ) ;
#1245 = CARTESIAN_POINT ( 'NONE',  ( 17.24999999999998579, 23.05429687500000213, 3.749999999999998668 ) ) ;
#1246 = EDGE_CURVE ( 'NONE', #893, #460, #2636, .T. ) ;
#1247 = DIRECTION ( 'NONE',  ( 0.000000000000000000, -1.000000000000000000, 0.000000000000000000 ) ) ;
#1248 = DIRECTION ( 'NONE',  ( 0.000000000000000000, -1.000000000000000000, 0.000000000000000000 ) ) ;
#1249 = ADVANCED_FACE ( 'NONE', ( #1143 ), #2330, .F. ) ;
#1250 = ORIENTED_EDGE ( 'NONE', *, *, #2117, .F. ) ;
#1251 = CARTESIAN_POINT ( 'NONE',  ( -60.60000000000000853, 20.90429687499999645, 0.000000000000000000 ) ) ;
#1252 = EDGE_CURVE ( 'NONE', #1629, #156, #3554, .T. ) ;
#1253 = DIRECTION ( 'NONE',  ( -0.000000000000000000, 0.000000000000000000, 1.000000000000000000 ) ) ;
#1254 = ORIENTED_EDGE ( 'NONE', *, *, #749, .F. ) ;
#1255 = APPROVAL_STATUS ( 'not_yet_approved' ) ;
#1256 = EDGE_CURVE ( 'NONE', #2601, #1397, #3861, .T. ) ;
#1257 = AXIS2_PLACEMENT_3D ( 'NONE', #1965, #181, #2593 ) ;
#1258 = EDGE_LOOP ( 'NONE', ( #2394, #1679, #1379, #1340, #2673, #579, #1882, #1986, #3469, #2016, #753, #1758 ) ) ;
#1259 = DIRECTION ( 'NONE',  ( -1.000000000000000000, 0.000000000000000000, -0.000000000000000000 ) ) ;
#1260 = LINE ( 'NONE', #1555, #3711 ) ;
#1261 = CARTESIAN_POINT ( 'NONE',  ( -89.25000000000001421, 13.15429687500000355, 0.3499999999999999223 ) ) ;
#1262 = VECTOR ( 'NONE', #1096, 1000.000000000000000 ) ;
#1263 = ORIENTED_EDGE ( 'NONE', *, *, #413, .T. ) ;
#1264 = FACE_OUTER_BOUND ( 'NONE', #2668, .T. ) ;
#1265 = CARTESIAN_POINT ( 'NONE',  ( -63.60000000000001563, 20.15429687499999645, 2.000000000000000000 ) ) ;
#1266 = VECTOR ( 'NONE', #724, 1000.000000000000000 ) ;
#1267 = CARTESIAN_POINT ( 'NONE',  ( -91.75000000000001421, 23.80429687500000213, 2.000000000000000000 ) ) ;
#1268 = ORIENTED_EDGE ( 'NONE', *, *, #2494, .F. ) ;
#1269 = ORIENTED_EDGE ( 'NONE', *, *, #3479, .F. ) ;
#1270 = LINE ( 'NONE', #2161, #1021 ) ;
#1271 = CARTESIAN_POINT ( 'NONE',  ( -40.55000000000001137, 20.15429687500000711, 0.5000000000000000000 ) ) ;
#1272 = ORIENTED_EDGE ( 'NONE', *, *, #1082, .T. ) ;
#1273 = ORIENTED_EDGE ( 'NONE', *, *, #1547, .F. ) ;
#1274 = CARTESIAN_POINT ( 'NONE',  ( -83.65000000000001990, 20.90429687500000355, 0.000000000000000000 ) ) ;
#1275 = FACE_OUTER_BOUND ( 'NONE', #1704, .T. ) ;
#1276 = CARTESIAN_POINT ( 'NONE',  ( 46.11975214338983164, 11.76603187127129324, 5.730247856610168000 ) ) ;
#1277 = FACE_OUTER_BOUND ( 'NONE', #1711, .T. ) ;
#1278 = VECTOR ( 'NONE', #1771, 1000.000000000000000 ) ;
#1279 = DIRECTION ( 'NONE',  ( 0.000000000000000000, 0.000000000000000000, 1.000000000000000000 ) ) ;
#1280 = DIRECTION ( 'NONE',  ( 0.000000000000000000, 0.7071067811865352493, 0.7071067811865597852 ) ) ;
#1281 = ADVANCED_FACE ( 'NONE', ( #1123 ), #3257, .F. ) ;
#1282 = VECTOR ( 'NONE', #1454, 1000.000000000000000 ) ;
#1283 = EDGE_CURVE ( 'NONE', #2278, #1343, #2977, .T. ) ;
#1284 = DIRECTION ( 'NONE',  ( -1.000000000000000000, 0.000000000000000000, 0.000000000000000000 ) ) ;
#1285 = VECTOR ( 'NONE', #24, 1000.000000000000000 ) ;
#1286 = DIRECTION ( 'NONE',  ( -0.000000000000000000, -0.000000000000000000, 1.000000000000000000 ) ) ;
#1287 = DIRECTION ( 'NONE',  ( -1.000000000000000000, 0.000000000000000000, 0.000000000000000000 ) ) ;
#1288 = ORIENTED_EDGE ( 'NONE', *, *, #2669, .F. ) ;
#1289 = VECTOR ( 'NONE', #560, 1000.000000000000000 ) ;
#1290 = DIRECTION ( 'NONE',  ( -1.000000000000000000, -0.000000000000000000, -0.000000000000000000 ) ) ;
#1291 = VECTOR ( 'NONE', #2714, 1000.000000000000000 ) ;
#1292 = EDGE_CURVE ( 'NONE', #2491, #2471, #2801, .T. ) ;
#1293 = VECTOR ( 'NONE', #340, 1000.000000000000000 ) ;
#1294 = CARTESIAN_POINT ( 'NONE',  ( -61.75000000000001421, 23.55429687500000213, 4.000000000000001776 ) ) ;
#1295 = VERTEX_POINT ( 'NONE', #1297 ) ;
#1296 = ORIENTED_EDGE ( 'NONE', *, *, #2615, .T. ) ;
#1297 = CARTESIAN_POINT ( 'NONE',  ( -76.75000000000001421, 23.55429687500000213, 4.249999999999998224 ) ) ;
#1298 = CARTESIAN_POINT ( 'NONE',  ( 18.04999999999999005, 14.40429687500000178, 0.5000000000000000000 ) ) ;
#1299 = CARTESIAN_POINT ( 'NONE',  ( -76.75000000000001421, 23.80429687500000213, 4.249999999999998224 ) ) ;
#1300 = DIRECTION ( 'NONE',  ( 1.000000000000000000, 2.775557561562890365E-16, 0.000000000000000000 ) ) ;
#1301 = DIRECTION ( 'NONE',  ( -0.000000000000000000, 1.000000000000000000, -0.000000000000000000 ) ) ;
#1302 = PLANE ( 'NONE',  #401 ) ;
#1303 = ADVANCED_FACE ( 'NONE', ( #1812 ), #3382, .F. ) ;
#1304 = DIRECTION ( 'NONE',  ( 0.000000000000000000, 0.000000000000000000, -1.000000000000000000 ) ) ;
#1305 = ORIENTED_EDGE ( 'NONE', *, *, #1571, .F. ) ;
#1306 = DIRECTION ( 'NONE',  ( -1.000000000000000000, 2.891205793294679312E-16, -0.000000000000000000 ) ) ;
#1307 = VECTOR ( 'NONE', #2742, 1000.000000000000000 ) ;
#1308 = DIRECTION ( 'NONE',  ( -1.000000000000000000, -0.000000000000000000, -0.000000000000000000 ) ) ;
#1309 = ORIENTED_EDGE ( 'NONE', *, *, #3610, .T. ) ;
#1310 = VERTEX_POINT ( 'NONE', #2773 ) ;
#1311 = DIRECTION ( 'NONE',  ( -0.000000000000000000, 1.000000000000000000, -0.000000000000000000 ) ) ;
#1312 = DIRECTION ( 'NONE',  ( 0.000000000000000000, -1.000000000000000000, 0.000000000000000000 ) ) ;
#1313 = EDGE_CURVE ( 'NONE', #655, #275, #3074, .T. ) ;
#1314 = FACE_OUTER_BOUND ( 'NONE', #1030, .T. ) ;
#1315 = LINE ( 'NONE', #2154, #1616 ) ;
#1316 = LINE ( 'NONE', #3840, #1020 ) ;
#1317 = DIRECTION ( 'NONE',  ( 1.000000000000000000, 0.000000000000000000, 0.000000000000000000 ) ) ;
#1318 = VECTOR ( 'NONE', #26, 1000.000000000000000 ) ;
#1319 = EDGE_CURVE ( 'NONE', #1331, #232, #42, .T. ) ;
#1320 = AXIS2_PLACEMENT_3D ( 'NONE', #391, #3753, #1594 ) ;
#1321 = VECTOR ( 'NONE', #3250, 1000.000000000000114 ) ;
#1322 = FACE_OUTER_BOUND ( 'NONE', #3727, .T. ) ;
#1323 = ORIENTED_EDGE ( 'NONE', *, *, #1778, .T. ) ;
#1324 = CARTESIAN_POINT ( 'NONE',  ( -40.55000000000001137, 16.15429687500000355, 0.5000000000000000000 ) ) ;
#1325 = LINE ( 'NONE', #420, #2871 ) ;
#1326 = EDGE_CURVE ( 'NONE', #1073, #2325, #1554, .T. ) ;
#1327 = EDGE_LOOP ( 'NONE', ( #1900, #601, #3616, #739 ) ) ;
#1328 = EDGE_CURVE ( 'NONE', #953, #3583, #1573, .T. ) ;
#1329 = EDGE_LOOP ( 'NONE', ( #1478, #2643, #548, #677 ) ) ;
#1330 = CARTESIAN_POINT ( 'NONE',  ( 38.09999999999998721, 15.40429687499999822, 0.000000000000000000 ) ) ;
#1331 = VERTEX_POINT ( 'NONE', #2456 ) ;
#1332 = LINE ( 'NONE', #2283, #2622 ) ;
#1333 = ORIENTED_EDGE ( 'NONE', *, *, #1313, .F. ) ;
#1334 = DIRECTION ( 'NONE',  ( 0.000000000000000000, 0.000000000000000000, -1.000000000000000000 ) ) ;
#1335 = ORIENTED_EDGE ( 'NONE', *, *, #3429, .T. ) ;
#1336 = ADVANCED_FACE ( 'NONE', ( #2810 ), #922, .F. ) ;
#1337 = ORIENTED_EDGE ( 'NONE', *, *, #2446, .T. ) ;
#1338 = DIRECTION ( 'NONE',  ( -1.000000000000000000, 5.337610695313253357E-16, 0.000000000000000000 ) ) ;
#1339 = FACE_BOUND ( 'NONE', #3111, .T. ) ;
#1340 = ORIENTED_EDGE ( 'NONE', *, *, #2279, .T. ) ;
#1341 = AXIS2_PLACEMENT_3D ( 'NONE', #2363, #2987, #3008 ) ;
#1342 = CARTESIAN_POINT ( 'NONE',  ( 38.09999999999998721, 20.15429687500000000, 0.5000000000000000000 ) ) ;
#1343 = VERTEX_POINT ( 'NONE', #678 ) ;
#1344 = CARTESIAN_POINT ( 'NONE',  ( -85.90000000000001990, 14.40429687500000178, 0.5000000000000000000 ) ) ;
#1345 = AXIS2_PLACEMENT_3D ( 'NONE', #1600, #2818, #946 ) ;
#1346 = AXIS2_PLACEMENT_3D ( 'NONE', #883, #2720, #2377 ) ;
#1347 = CARTESIAN_POINT ( 'NONE',  ( -91.48333333333333428, 25.52096354166665648, 0.2666666666666434593 ) ) ;
#1348 = ORIENTED_EDGE ( 'NONE', *, *, #920, .T. ) ;
#1349 = AXIS2_PLACEMENT_3D ( 'NONE', #1989, #482, #502 ) ;
#1350 = AXIS2_PLACEMENT_3D ( 'NONE', #2926, #1111, #811 ) ;
#1351 = EDGE_CURVE ( 'NONE', #3302, #602, #1889, .T. ) ;
#1352 = ORIENTED_EDGE ( 'NONE', *, *, #1902, .F. ) ;
#1353 = LINE ( 'NONE', #1647, #710 ) ;
#1354 = LINE ( 'NONE', #423, #1607 ) ;
#1355 = ORIENTED_EDGE ( 'NONE', *, *, #3922, .F. ) ;
#1356 = DIRECTION ( 'NONE',  ( 0.000000000000000000, -1.000000000000000000, 0.000000000000000000 ) ) ;
#1357 = ORIENTED_EDGE ( 'NONE', *, *, #398, .F. ) ;
#1358 = CARTESIAN_POINT ( 'NONE',  ( 38.09999999999998721, 20.90429687500000000, 0.5000000000000000000 ) ) ;
#1359 = DIRECTION ( 'NONE',  ( -0.000000000000000000, -1.000000000000000000, -0.000000000000000000 ) ) ;
#1360 = VERTEX_POINT ( 'NONE', #2190 ) ;
#1361 = ADVANCED_FACE ( 'NONE', ( #2434 ), #3113, .F. ) ;
#1362 = ORIENTED_EDGE ( 'NONE', *, *, #2271, .T. ) ;
#1363 = APPLICATION_CONTEXT ( 'configuration controlled 3d designs of mechanical parts and assemblies' ) ;
#1364 = CARTESIAN_POINT ( 'NONE',  ( -96.61666666666677372, 15.92096354166659644, 5.266666666666525387 ) ) ;
#1365 = LINE ( 'NONE', #1025, #1911 ) ;
#1366 = EDGE_CURVE ( 'NONE', #30, #3780, #389, .T. ) ;
#1367 = LINE ( 'NONE', #2584, #2359 ) ;
#1368 = VERTEX_POINT ( 'NONE', #1831 ) ;
#1369 = EDGE_CURVE ( 'NONE', #3403, #3540, #656, .T. ) ;
#1370 = ADVANCED_FACE ( 'NONE', ( #78 ), #2735, .F. ) ;
#1371 = FACE_BOUND ( 'NONE', #1012, .T. ) ;
#1372 = ORIENTED_EDGE ( 'NONE', *, *, #1005, .T. ) ;
#1373 = DIRECTION ( 'NONE',  ( -1.000000000000000000, 0.000000000000000000, 0.000000000000000000 ) ) ;
#1374 = DIRECTION ( 'NONE',  ( 1.000000000000000000, 0.000000000000000000, 0.000000000000000000 ) ) ;
#1375 = ORIENTED_EDGE ( 'NONE', *, *, #2279, .F. ) ;
#1376 = PLANE ( 'NONE',  #3744 ) ;
#1377 = ADVANCED_FACE ( 'NONE', ( #3673 ), #977, .F. ) ;
#1378 = VERTEX_POINT ( 'NONE', #939 ) ;
#1379 = ORIENTED_EDGE ( 'NONE', *, *, #838, .T. ) ;
#1380 = CARTESIAN_POINT ( 'NONE',  ( -5.750000000000005329, 14.40429687500000178, 0.5000000000000000000 ) ) ;
#1381 = MANIFOLD_SOLID_BREP ( 'Chamfer5', #1935 ) ;
#1382 = FACE_OUTER_BOUND ( 'NONE', #2026, .T. ) ;
#1383 = ADVANCED_FACE ( 'NONE', ( #3728 ), #23, .F. ) ;
#1384 = DIRECTION ( 'NONE',  ( -1.000000000000000000, -0.000000000000000000, -0.000000000000000000 ) ) ;
#1385 = CARTESIAN_POINT ( 'NONE',  ( -4.483718084313798854E-15, 16.15429687499998934, 2.000000000000000000 ) ) ;
#1386 = VECTOR ( 'NONE', #1356, 1000.000000000000000 ) ;
#1387 = ADVANCED_FACE ( 'NONE', ( #193 ), #1671, .F. ) ;
#1388 = DIRECTION ( 'NONE',  ( -1.000000000000000000, 0.000000000000000000, -5.782411586589357392E-17 ) ) ;
#1389 = EDGE_LOOP ( 'NONE', ( #2561, #19, #531, #2160 ) ) ;
#1390 = PLANE ( 'NONE',  #711 ) ;
#1391 = ORIENTED_EDGE ( 'NONE', *, *, #382, .T. ) ;
#1392 = LINE ( 'NONE', #2605, #3075 ) ;
#1393 = DIRECTION ( 'NONE',  ( 1.000000000000000000, 2.775557561562890365E-16, -0.000000000000000000 ) ) ;
#1394 = EDGE_LOOP ( 'NONE', ( #282, #1591, #2488, #497 ) ) ;
#1395 = DIRECTION ( 'NONE',  ( -0.7071067811865475727, 0.7071067811865475727, 0.000000000000000000 ) ) ;
#1396 = ORIENTED_EDGE ( 'NONE', *, *, #3525, .F. ) ;
#1397 = VERTEX_POINT ( 'NONE', #1940 ) ;
#1398 = DIRECTION ( 'NONE',  ( 0.000000000000000000, 0.7071067811865479058, 0.7071067811865472397 ) ) ;
#1399 = DIRECTION ( 'NONE',  ( 0.000000000000000000, -1.000000000000000000, 0.000000000000000000 ) ) ;
#1400 = ADVANCED_FACE ( 'NONE', ( #3793 ), #1053, .F. ) ;
#1401 = LINE ( 'NONE', #1128, #1519 ) ;
#1402 = CARTESIAN_POINT ( 'NONE',  ( -89.75000000000001421, 23.15429687500000000, 0.4964466094067262469 ) ) ;
#1403 = EDGE_CURVE ( 'NONE', #3414, #1184, #2260, .T. ) ;
#1404 = VECTOR ( 'NONE', #3177, 1000.000000000000000 ) ;
#1405 = VECTOR ( 'NONE', #3587, 1000.000000000000000 ) ;
#1406 = CARTESIAN_POINT ( 'NONE',  ( 15.04999999999999005, 15.40429687499999822, 0.000000000000000000 ) ) ;
#1407 = VECTOR ( 'NONE', #2468, 1000.000000000000000 ) ;
#1408 = ORIENTED_EDGE ( 'NONE', *, *, #2315, .F. ) ;
#1409 = CARTESIAN_POINT ( 'NONE',  ( 38.09999999999998721, 20.15429687500000000, 0.000000000000000000 ) ) ;
#1410 = ADVANCED_FACE ( 'NONE', ( #407 ), #2890, .F. ) ;
#1411 = ORIENTED_EDGE ( 'NONE', *, *, #3566, .T. ) ;
#1412 = ORIENTED_EDGE ( 'NONE', *, *, #821, .T. ) ;
#1413 = VECTOR ( 'NONE', #1818, 1000.000000000000000 ) ;
#1414 = ORIENTED_EDGE ( 'NONE', *, *, #3641, .T. ) ;
#1415 = DIRECTION ( 'NONE',  ( -1.000000000000000000, 5.337610695313253357E-16, -0.000000000000000000 ) ) ;
#1416 = CARTESIAN_POINT ( 'NONE',  ( -60.60000000000001563, 20.15429687499999645, 0.5000000000000000000 ) ) ;
#1417 = ORIENTED_EDGE ( 'NONE', *, *, #806, .T. ) ;
#1418 = CARTESIAN_POINT ( 'NONE',  ( 46.25000000000000000, 23.80429687500000213, 5.600000000000016520 ) ) ;
#1419 = ORIENTED_EDGE ( 'NONE', *, *, #2887, .F. ) ;
#1420 = LINE ( 'NONE', #841, #3585 ) ;
#1421 = FACE_OUTER_BOUND ( 'NONE', #3542, .T. ) ;
#1422 = VERTEX_POINT ( 'NONE', #116 ) ;
#1423 = DIRECTION ( 'NONE',  ( -1.000000000000000000, 0.000000000000000000, 1.156482317317871478E-16 ) ) ;
#1424 = DIRECTION ( 'NONE',  ( 1.000000000000000000, 0.000000000000000000, 0.000000000000000000 ) ) ;
#1425 = EDGE_CURVE ( 'NONE', #2906, #3009, #2588, .T. ) ;
#1426 = ORIENTED_EDGE ( 'NONE', *, *, #1252, .F. ) ;
#1427 = ORIENTED_EDGE ( 'NONE', *, *, #1846, .F. ) ;
#1428 = DIRECTION ( 'NONE',  ( -1.000000000000000000, 2.891205793294679312E-16, -0.000000000000000000 ) ) ;
#1429 = ORIENTED_EDGE ( 'NONE', *, *, #2462, .F. ) ;
#1430 = EDGE_LOOP ( 'NONE', ( #1041, #2889, #915, #437 ) ) ;
#1431 = CARTESIAN_POINT ( 'NONE',  ( 15.04999999999999005, 15.40429687499999822, 0.000000000000000000 ) ) ;
#1432 = CARTESIAN_POINT ( 'NONE',  ( -89.50000000000001421, 13.40429687500000355, 0.5999999999999999778 ) ) ;
#1433 = DIRECTION ( 'NONE',  ( 0.000000000000000000, 0.000000000000000000, -1.000000000000000000 ) ) ;
#1434 = ORIENTED_EDGE ( 'NONE', *, *, #712, .T. ) ;
#1435 = VERTEX_POINT ( 'NONE', #776 ) ;
#1436 = DIRECTION ( 'NONE',  ( 1.000000000000000000, 0.000000000000000000, 0.000000000000000000 ) ) ;
#1437 = EDGE_CURVE ( 'NONE', #397, #1847, #154, .T. ) ;
#1438 = DIRECTION ( 'NONE',  ( 0.000000000000000000, 0.000000000000000000, -1.000000000000000000 ) ) ;
#1439 = VECTOR ( 'NONE', #1424, 1000.000000000000000 ) ;
#1440 = LINE ( 'NONE', #263, #1018 ) ;
#1441 = EDGE_CURVE ( 'NONE', #2182, #3021, #1982, .T. ) ;
#1442 = PLANE ( 'NONE',  #2753 ) ;
#1443 = CARTESIAN_POINT ( 'NONE',  ( -91.75000000000000000, 11.65429687500000355, 6.000000000000000000 ) ) ;
#1444 = ORIENTED_EDGE ( 'NONE', *, *, #1866, .T. ) ;
#1445 = CARTESIAN_POINT ( 'NONE',  ( 17.24999999999998579, 23.05429687500000213, 3.749999999999998668 ) ) ;
#1446 = ORIENTED_EDGE ( 'NONE', *, *, #135, .F. ) ;
#1447 = CARTESIAN_POINT ( 'NONE',  ( -29.75000000000001421, 12.75429687500000142, 3.999999999999996447 ) ) ;
#1448 = ORIENTED_EDGE ( 'NONE', *, *, #3218, .T. ) ;
#1449 = AXIS2_PLACEMENT_3D ( 'NONE', #2513, #3057, #62 ) ;
#1450 = ORIENTED_EDGE ( 'NONE', *, *, #3327, .F. ) ;
#1451 = EDGE_CURVE ( 'NONE', #113, #1360, #2241, .T. ) ;
#1452 = PLANE ( 'NONE',  #591 ) ;
#1453 = VECTOR ( 'NONE', #1287, 1000.000000000000000 ) ;
#1454 = DIRECTION ( 'NONE',  ( -0.000000000000000000, -1.000000000000000000, -0.000000000000000000 ) ) ;
#1455 = CARTESIAN_POINT ( 'NONE',  ( 0.000000000000000000, 0.000000000000000000, 0.000000000000000000 ) ) ;
#1456 = EDGE_CURVE ( 'NONE', #1343, #2611, #2282, .T. ) ;
#1457 = VERTEX_POINT ( 'NONE', #3751 ) ;
#1458 = ORIENTED_EDGE ( 'NONE', *, *, #731, .T. ) ;
#1459 = DIRECTION ( 'NONE',  ( 0.000000000000000000, 0.000000000000000000, -1.000000000000000000 ) ) ;
#1460 = DIRECTION ( 'NONE',  ( 0.000000000000000000, -0.000000000000000000, 1.000000000000000000 ) ) ;
#1461 = LINE ( 'NONE', #3923, #2163 ) ;
#1462 = EDGE_CURVE ( 'NONE', #3755, #2491, #991, .T. ) ;
#1463 = LINE ( 'NONE', #1145, #1046 ) ;
#1464 = PLANE ( 'NONE',  #152 ) ;
#1465 = LINE ( 'NONE', #547, #2829 ) ;
#1466 = ORIENTED_EDGE ( 'NONE', *, *, #2733, .T. ) ;
#1467 = LINE ( 'NONE', #872, #1405 ) ;
#1468 = ORIENTED_EDGE ( 'NONE', *, *, #2850, .F. ) ;
#1469 = VECTOR ( 'NONE', #2184, 1000.000000000000227 ) ;
#1470 = LINE ( 'NONE', #3306, #2301 ) ;
#1471 = VECTOR ( 'NONE', #918, 1000.000000000000000 ) ;
#1472 = FACE_BOUND ( 'NONE', #3497, .T. ) ;
#1473 = FACE_OUTER_BOUND ( 'NONE', #1688, .T. ) ;
#1474 = PERSON_AND_ORGANIZATION ( #2744, #2208 ) ;
#1475 = EDGE_CURVE ( 'NONE', #2509, #1234, #1353, .T. ) ;
#1476 = AXIS2_PLACEMENT_3D ( 'NONE', #408, #369, #2436 ) ;
#1477 = VERTEX_POINT ( 'NONE', #3188 ) ;
#1478 = ORIENTED_EDGE ( 'NONE', *, *, #2966, .T. ) ;
#1479 = EDGE_LOOP ( 'NONE', ( #761, #366, #1296, #2800 ) ) ;
#1480 = DIRECTION ( 'NONE',  ( -0.7071067811865230368, -0.7071067811865721087, -0.000000000000000000 ) ) ;
#1481 = LINE ( 'NONE', #603, #1724 ) ;
#1482 = VECTOR ( 'NONE', #3770, 1000.000000000000000 ) ;
#1483 = CARTESIAN_POINT ( 'NONE',  ( 47.00000000000000000, 12.75429687500000142, 3.999999999999988010 ) ) ;
#1484 = DIRECTION ( 'NONE',  ( -1.000000000000000000, 0.000000000000000000, 0.000000000000000000 ) ) ;
#1485 = CARTESIAN_POINT ( 'NONE',  ( 8.549999999999995381, 15.40429687499999822, 0.000000000000000000 ) ) ;
#1486 = DIRECTION ( 'NONE',  ( 0.000000000000000000, 0.7071067811865472397, -0.7071067811865479058 ) ) ;
#1487 = DIRECTION ( 'NONE',  ( 0.000000000000000000, -1.000000000000000000, 0.000000000000000000 ) ) ;
#1488 = EDGE_LOOP ( 'NONE', ( #919, #1932, #3175, #1008 ) ) ;
#1489 = EDGE_CURVE ( 'NONE', #3775, #2088, #694, .T. ) ;
#1490 = ORIENTED_EDGE ( 'NONE', *, *, #2701, .T. ) ;
#1491 = CARTESIAN_POINT ( 'NONE',  ( -31.05000000000000782, 20.90429687500000711, 0.000000000000000000 ) ) ;
#1492 = VERTEX_POINT ( 'NONE', #422 ) ;
#1493 = LINE ( 'NONE', #3891, #2563 ) ;
#1494 = DIRECTION ( 'NONE',  ( -1.000000000000000000, 0.000000000000000000, -0.000000000000000000 ) ) ;
#1495 = CARTESIAN_POINT ( 'NONE',  ( -76.75000000000001421, 12.50429687500000142, 4.249999999999996447 ) ) ;
#1496 = CIRCLE ( 'NONE', #3145, 0.2500000000000002220 ) ;
#1497 = CARTESIAN_POINT ( 'NONE',  ( -90.00000000000001421, 23.15429687500000355, 0.2500000000000000000 ) ) ;
#1498 = EDGE_CURVE ( 'NONE', #1055, #3515, #477, .T. ) ;
#1499 = ORIENTED_EDGE ( 'NONE', *, *, #3534, .F. ) ;
#1500 = VERTEX_POINT ( 'NONE', #2910 ) ;
#1501 = ORIENTED_EDGE ( 'NONE', *, *, #2524, .F. ) ;
#1502 = LINE ( 'NONE', #1165, #3652 ) ;
#1503 = CARTESIAN_POINT ( 'NONE',  ( -77.15000000000000568, 15.40429687500000178, 0.000000000000000000 ) ) ;
#1504 = EDGE_CURVE ( 'NONE', #748, #362, #1392, .T. ) ;
#1505 = CARTESIAN_POINT ( 'NONE',  ( -31.05000000000000782, 16.15429687500000355, 0.5000000000000000000 ) ) ;
#1506 = CARTESIAN_POINT ( 'NONE',  ( -28.05000000000000426, 20.15429687500001066, 2.000000000000000000 ) ) ;
#1507 = CARTESIAN_POINT ( 'NONE',  ( -40.55000000000001137, 20.15429687500000711, 2.000000000000000000 ) ) ;
#1508 = EDGE_CURVE ( 'NONE', #2005, #1847, #3130, .T. ) ;
#1509 = CARTESIAN_POINT ( 'NONE',  ( -85.90000000000001990, 21.90429687500000000, 0.5000000000000000000 ) ) ;
#1510 = CARTESIAN_POINT ( 'NONE',  ( -76.75000000000001421, 23.05429687500000213, 3.749999999999998668 ) ) ;
#1511 = LINE ( 'NONE', #3376, #3777 ) ;
#1512 = LINE ( 'NONE', #1881, #3112 ) ;
#1513 = VECTOR ( 'NONE', #2211, 1000.000000000000000 ) ;
#1514 = DIRECTION ( 'NONE',  ( -1.000000000000000000, 0.000000000000000000, 0.000000000000000000 ) ) ;
#1515 = ORIENTED_EDGE ( 'NONE', *, *, #148, .T. ) ;
#1516 = VECTOR ( 'NONE', #941, 1000.000000000000000 ) ;
#1517 = ORIENTED_EDGE ( 'NONE', *, *, #692, .T. ) ;
#1518 = ORIENTED_EDGE ( 'NONE', *, *, #32, .T. ) ;
#1519 = VECTOR ( 'NONE', #828, 1000.000000000000000 ) ;
#1520 = DIRECTION ( 'NONE',  ( -0.000000000000000000, 0.000000000000000000, 1.000000000000000000 ) ) ;
#1521 = CARTESIAN_POINT ( 'NONE',  ( 17.24999999999998579, 13.25429687500000142, 3.749999999999996891 ) ) ;
#1522 = CARTESIAN_POINT ( 'NONE',  ( 32.24999999999998579, 23.80429687500000213, 3.750000000000000444 ) ) ;
#1523 = CARTESIAN_POINT ( 'NONE',  ( -89.50000000000001421, 0.000000000000000000, 0.5999999999999999778 ) ) ;
#1524 = DIRECTION ( 'NONE',  ( 1.000000000000000000, 0.000000000000000000, 0.000000000000000000 ) ) ;
#1525 = CARTESIAN_POINT ( 'NONE',  ( -89.25000000000001421, 23.15429687500000355, 0.5999999999999999778 ) ) ;
#1526 = EDGE_CURVE ( 'NONE', #2217, #212, #3449, .T. ) ;
#1527 = EDGE_LOOP ( 'NONE', ( #3881, #2381, #16, #1426, #2035 ) ) ;
#1528 = ADVANCED_FACE ( 'NONE', ( #714 ), #1922, .F. ) ;
#1529 = DIRECTION ( 'NONE',  ( -0.000000000000000000, -0.000000000000000000, -1.000000000000000000 ) ) ;
#1530 = ORIENTED_EDGE ( 'NONE', *, *, #3559, .T. ) ;
#1531 = FACE_OUTER_BOUND ( 'NONE', #3379, .T. ) ;
#1532 = ORIENTED_EDGE ( 'NONE', *, *, #3304, .F. ) ;
#1533 = ADVANCED_FACE ( 'NONE', ( #3876, #2064, #3229, #2043, #1472, #2630, #1743 ), #1452, .T. ) ;
#1534 = VECTOR ( 'NONE', #981, 1000.000000000000000 ) ;
#1535 = VECTOR ( 'NONE', #1398, 1000.000000000000000 ) ;
#1536 = ORIENTED_EDGE ( 'NONE', *, *, #3797, .F. ) ;
#1537 = VECTOR ( 'NONE', #1290, 1000.000000000000000 ) ;
#1538 = EDGE_LOOP ( 'NONE', ( #1904, #1448, #2109, #450, #2265, #2374 ) ) ;
#1539 = DIRECTION ( 'NONE',  ( 0.000000000000000000, 0.000000000000000000, 1.000000000000000000 ) ) ;
#1540 = CARTESIAN_POINT ( 'NONE',  ( 31.59999999999999076, 20.90429687500000000, 0.000000000000000000 ) ) ;
#1541 = CARTESIAN_POINT ( 'NONE',  ( -60.60000000000000853, 20.90429687499999645, 2.000000000000000000 ) ) ;
#1542 = LINE ( 'NONE', #945, #3255 ) ;
#1543 = VECTOR ( 'NONE', #483, 1000.000000000000000 ) ;
#1544 = CARTESIAN_POINT ( 'NONE',  ( -93.16421356237310647, 24.65429687500000711, 6.000000000000000000 ) ) ;
#1545 = VECTOR ( 'NONE', #2084, 1000.000000000000114 ) ;
#1546 = VECTOR ( 'NONE', #2143, 1000.000000000000000 ) ;
#1547 = EDGE_CURVE ( 'NONE', #1691, #1078, #1178, .T. ) ;
#1548 = CARTESIAN_POINT ( 'NONE',  ( -63.60000000000001563, 20.15429687499999645, 0.5000000000000000000 ) ) ;
#1549 = EDGE_CURVE ( 'NONE', #1957, #2951, #3832, .T. ) ;
#1550 = CARTESIAN_POINT ( 'NONE',  ( -91.75000000000001421, 12.50429687500000142, 6.000011999999999901 ) ) ;
#1551 = ORIENTED_EDGE ( 'NONE', *, *, #3730, .T. ) ;
#1552 = ORIENTED_EDGE ( 'NONE', *, *, #2864, .T. ) ;
#1553 = VECTOR ( 'NONE', #162, 1000.000000000000000 ) ;
#1554 = LINE ( 'NONE', #3035, #2560 ) ;
#1555 = CARTESIAN_POINT ( 'NONE',  ( 8.549999999999995381, 15.40429687499999822, 0.5000000000000000000 ) ) ;
#1556 = DIRECTION ( 'NONE',  ( 0.6785983445458526608, 0.2810846377147931396, -0.6785983445458526608 ) ) ;
#1557 = EDGE_CURVE ( 'NONE', #2626, #1174, #1115, .T. ) ;
#1558 = ORIENTED_EDGE ( 'NONE', *, *, #50, .F. ) ;
#1559 = CARTESIAN_POINT ( 'NONE',  ( -91.34999999999998010, 25.65429687500000355, 6.000000000000000000 ) ) ;
#1560 = DIRECTION ( 'NONE',  ( 0.000000000000000000, 0.000000000000000000, 1.000000000000000000 ) ) ;
#1561 = PLANE ( 'NONE',  #973 ) ;
#1562 = DIRECTION ( 'NONE',  ( -1.000000000000000000, 0.000000000000000000, -0.000000000000000000 ) ) ;
#1563 = CARTESIAN_POINT ( 'NONE',  ( -73.90000000000001990, 21.90429687500000000, 0.5000000000000000000 ) ) ;
#1564 = ORIENTED_EDGE ( 'NONE', *, *, #2609, .T. ) ;
#1565 = ADVANCED_FACE ( 'NONE', ( #2344 ), #3853, .F. ) ;
#1566 = DIRECTION ( 'NONE',  ( 1.000000000000000000, 0.000000000000000000, 0.000000000000000000 ) ) ;
#1567 = ORIENTED_EDGE ( 'NONE', *, *, #1664, .T. ) ;
#1568 = APPLICATION_CONTEXT ( 'configuration controlled 3d designs of mechanical parts and assemblies' ) ;
#1569 = LINE ( 'NONE', #3687, #771 ) ;
#1570 = APPROVAL_ROLE ( '' ) ;
#1571 = EDGE_CURVE ( 'NONE', #212, #1331, #876, .T. ) ;
#1572 = ORIENTED_EDGE ( 'NONE', *, *, #3408, .T. ) ;
#1573 = LINE ( 'NONE', #1242, #2113 ) ;
#1574 = EDGE_CURVE ( 'NONE', #2060, #2453, #2826, .T. ) ;
#1575 = CARTESIAN_POINT ( 'NONE',  ( -61.75000000000001421, 13.25429687500000142, 3.749999999999995115 ) ) ;
#1576 = CARTESIAN_POINT ( 'NONE',  ( 0.000000000000000000, 0.000000000000000000, 0.5000000000000000000 ) ) ;
#1577 = FACE_OUTER_BOUND ( 'NONE', #554, .T. ) ;
#1578 = VECTOR ( 'NONE', #1909, 1000.000000000000000 ) ;
#1579 = CARTESIAN_POINT ( 'NONE',  ( 45.85000000000000142, 10.65429687500000355, 6.000000000000000000 ) ) ;
#1580 = CARTESIAN_POINT ( 'NONE',  ( 0.000000000000000000, 0.000000000000000000, 6.000000000000000000 ) ) ;
#1581 = ORIENTED_EDGE ( 'NONE', *, *, #1620, .F. ) ;
#1582 = AXIS2_PLACEMENT_3D ( 'NONE', #746, #3521, #2581 ) ;
#1583 = EDGE_CURVE ( 'NONE', #3703, #2008, #271, .T. ) ;
#1584 = CARTESIAN_POINT ( 'NONE',  ( -91.75000000000001421, 25.65429687500000355, 6.000000000000000000 ) ) ;
#1585 = CARTESIAN_POINT ( 'NONE',  ( 51.11666666666678083, 15.92096354166678118, 5.266666666666594665 ) ) ;
#1586 = PLANE ( 'NONE',  #2428 ) ;
#1587 = VERTEX_POINT ( 'NONE', #2000 ) ;
#1588 = DIRECTION ( 'NONE',  ( 1.734723475976807094E-15, 1.000000000000000000, -0.000000000000000000 ) ) ;
#1589 = CARTESIAN_POINT ( 'NONE',  ( -91.95000000000000284, 25.05429687499998437, 5.600000000000018296 ) ) ;
#1590 = ORIENTED_EDGE ( 'NONE', *, *, #186, .F. ) ;
#1591 = ORIENTED_EDGE ( 'NONE', *, *, #786, .F. ) ;
#1592 = CARTESIAN_POINT ( 'NONE',  ( -14.75000000000001243, 13.25429687500000142, 4.249999999999994671 ) ) ;
#1593 = CARTESIAN_POINT ( 'NONE',  ( 31.59999999999999076, 15.40429687499999822, 0.000000000000000000 ) ) ;
#1594 = DIRECTION ( 'NONE',  ( 0.000000000000000000, -0.000000000000000000, -1.000000000000000000 ) ) ;
#1595 = ADVANCED_FACE ( 'NONE', ( #253 ), #2971, .F. ) ;
#1596 = PLANE ( 'NONE',  #2894 ) ;
#1597 = VECTOR ( 'NONE', #706, 1000.000000000000000 ) ;
#1598 = AXIS2_PLACEMENT_3D ( 'NONE', #925, #682, #1599 ) ;
#1599 = DIRECTION ( 'NONE',  ( -1.000000000000000000, 0.000000000000000000, -5.782411586589357392E-17 ) ) ;
#1600 = CARTESIAN_POINT ( 'NONE',  ( -40.55000000000001137, 16.15429687500000355, 0.5000000000000000000 ) ) ;
#1601 = VECTOR ( 'NONE', #3486, 1000.000000000000000 ) ;
#1602 = FACE_OUTER_BOUND ( 'NONE', #1746, .T. ) ;
#1603 = VECTOR ( 'NONE', #2763, 1000.000000000000000 ) ;
#1604 = LINE ( 'NONE', #1585, #885 ) ;
#1605 = AXIS2_PLACEMENT_3D ( 'NONE', #1592, #99, #2511 ) ;
#1606 = CARTESIAN_POINT ( 'NONE',  ( -31.05000000000000782, 15.40429687500000355, 0.000000000000000000 ) ) ;
#1607 = VECTOR ( 'NONE', #441, 1000.000000000000000 ) ;
#1608 = EDGE_CURVE ( 'NONE', #676, #2544, #2304, .T. ) ;
#1609 = LINE ( 'NONE', #3445, #1601 ) ;
#1610 = EDGE_LOOP ( 'NONE', ( #3144, #1944, #2351, #558, #2257 ) ) ;
#1611 = VERTEX_POINT ( 'NONE', #1707 ) ;
#1612 = CARTESIAN_POINT ( 'NONE',  ( 31.59999999999999076, 16.15429687499999289, 0.000000000000000000 ) ) ;
#1613 = CARTESIAN_POINT ( 'NONE',  ( -89.75000000000001421, 23.15429687500000355, 0.5999999999999999778 ) ) ;
#1614 = DIRECTION ( 'NONE',  ( 0.000000000000000000, -0.7071067811865352493, 0.7071067811865597852 ) ) ;
#1615 = ORIENTED_EDGE ( 'NONE', *, *, #1998, .F. ) ;
#1616 = VECTOR ( 'NONE', #333, 1000.000000000000000 ) ;
#1617 = EDGE_CURVE ( 'NONE', #517, #796, #2930, .T. ) ;
#1618 = DIRECTION ( 'NONE',  ( 0.000000000000000000, 1.000000000000000000, 0.000000000000000000 ) ) ;
#1619 = LINE ( 'NONE', #1016, #3330 ) ;
#1620 = EDGE_CURVE ( 'NONE', #1611, #2996, #214, .T. ) ;
#1621 = CARTESIAN_POINT ( 'NONE',  ( -60.60000000000001563, 15.40429687499999645, 2.000000000000000000 ) ) ;
#1622 = EDGE_LOOP ( 'NONE', ( #732, #3647, #3166, #1024, #3560 ) ) ;
#1623 = DIRECTION ( 'NONE',  ( 0.000000000000000000, 1.000000000000000000, 0.000000000000000000 ) ) ;
#1624 = CIRCLE ( 'NONE', #3870, 0.2500000000000002220 ) ;
#1625 = PLANE ( 'NONE',  #3394 ) ;
#1626 = ORIENTED_EDGE ( 'NONE', *, *, #2446, .F. ) ;
#1627 = ORIENTED_EDGE ( 'NONE', *, *, #1292, .F. ) ;
#1628 = DIRECTION ( 'NONE',  ( -0.000000000000000000, 1.000000000000000000, -0.000000000000000000 ) ) ;
#1629 = VERTEX_POINT ( 'NONE', #835 ) ;
#1630 = DIRECTION ( 'NONE',  ( -1.156482317317870246E-16, 0.000000000000000000, -1.000000000000000000 ) ) ;
#1631 = ORIENTED_EDGE ( 'NONE', *, *, #2454, .F. ) ;
#1632 = CARTESIAN_POINT ( 'NONE',  ( 8.549999999999995381, 20.90429687500000000, 0.000000000000000000 ) ) ;
#1633 = CARTESIAN_POINT ( 'NONE',  ( -73.90000000000001990, 21.90429687500000000, 0.5000000000000000000 ) ) ;
#1634 = CARTESIAN_POINT ( 'NONE',  ( -91.75000000000001421, 25.65429687500000355, 6.000000000000000000 ) ) ;
#1635 = VECTOR ( 'NONE', #1279, 1000.000000000000000 ) ;
#1636 = ORIENTED_EDGE ( 'NONE', *, *, #236, .F. ) ;
#1637 = VECTOR ( 'NONE', #3857, 1000.000000000000000 ) ;
#1638 = LINE ( 'NONE', #3157, #359 ) ;
#1639 = DIRECTION ( 'NONE',  ( 0.000000000000000000, 0.000000000000000000, 1.000000000000000000 ) ) ;
#1640 = VECTOR ( 'NONE', #2033, 1000.000000000000114 ) ;
#1641 = CARTESIAN_POINT ( 'NONE',  ( 32.24999999999998579, 13.25429687500000142, 3.749999999999995115 ) ) ;
#1642 = CARTESIAN_POINT ( 'NONE',  ( 38.09999999999998721, 20.90429687500000000, 2.000000000000000000 ) ) ;
#1643 = EDGE_CURVE ( 'NONE', #3755, #2060, #633, .T. ) ;
#1644 = CARTESIAN_POINT ( 'NONE',  ( -17.75000000000000355, 14.40429687500000178, 2.000000000000000000 ) ) ;
#1645 = ORIENTED_EDGE ( 'NONE', *, *, #3787, .F. ) ;
#1646 = ORIENTED_EDGE ( 'NONE', *, *, #2262, .T. ) ;
#1647 = CARTESIAN_POINT ( 'NONE',  ( -28.05000000000000426, 20.15429687500001066, 0.5000000000000000000 ) ) ;
#1648 = DIRECTION ( 'NONE',  ( -0.000000000000000000, -0.000000000000000000, 1.000000000000000000 ) ) ;
#1649 = VERTEX_POINT ( 'NONE', #817 ) ;
#1650 = CARTESIAN_POINT ( 'NONE',  ( 45.84999999999998721, 25.65429687500000355, 5.000000000000000000 ) ) ;
#1651 = ORIENTED_EDGE ( 'NONE', *, *, #728, .T. ) ;
#1652 = EDGE_LOOP ( 'NONE', ( #1824, #1791, #955, #3817 ) ) ;
#1653 = CARTESIAN_POINT ( 'NONE',  ( -29.75000000000001421, 12.75429687500000142, 4.249999999999996447 ) ) ;
#1654 = EDGE_CURVE ( 'NONE', #2940, #2648, #2650, .T. ) ;
#1655 = CARTESIAN_POINT ( 'NONE',  ( -83.65000000000001990, 15.40429687500000355, 0.5000000000000000000 ) ) ;
#1656 = VECTOR ( 'NONE', #2599, 1000.000000000000000 ) ;
#1657 = VECTOR ( 'NONE', #3279, 1000.000000000000000 ) ;
#1658 = VERTEX_POINT ( 'NONE', #2713 ) ;
#1659 = EDGE_CURVE ( 'NONE', #705, #1916, #3932, .T. ) ;
#1660 = DIRECTION ( 'NONE',  ( 0.000000000000000000, 1.000000000000000000, 0.000000000000000000 ) ) ;
#1661 = LINE ( 'NONE', #418, #1154 ) ;
#1662 = EDGE_CURVE ( 'NONE', #1691, #3319, #3101, .T. ) ;
#1663 = VECTOR ( 'NONE', #3258, 1000.000000000000114 ) ;
#1664 = EDGE_CURVE ( 'NONE', #1649, #3489, #2730, .T. ) ;
#1665 = AXIS2_PLACEMENT_3D ( 'NONE', #2105, #3915, #1179 ) ;
#1666 = CARTESIAN_POINT ( 'NONE',  ( -60.60000000000000853, 20.90429687499999645, 0.000000000000000000 ) ) ;
#1667 = EDGE_LOOP ( 'NONE', ( #1444, #3454, #1978, #267 ) ) ;
#1668 = VECTOR ( 'NONE', #774, 1000.000000000000000 ) ;
#1669 = FACE_BOUND ( 'NONE', #1036, .T. ) ;
#1670 = EDGE_LOOP ( 'NONE', ( #2240, #2183, #3649, #314 ) ) ;
#1671 = PLANE ( 'NONE',  #910 ) ;
#1672 = LINE ( 'NONE', #2589, #2367 ) ;
#1673 = ORIENTED_EDGE ( 'NONE', *, *, #860, .T. ) ;
#1674 = DIRECTION ( 'NONE',  ( -0.000000000000000000, 1.000000000000000000, 0.000000000000000000 ) ) ;
#1675 = ORIENTED_EDGE ( 'NONE', *, *, #2498, .F. ) ;
#1676 = ORIENTED_EDGE ( 'NONE', *, *, #3408, .F. ) ;
#1677 = CARTESIAN_POINT ( 'NONE',  ( -60.60000000000000853, 20.90429687499999645, 0.000000000000000000 ) ) ;
#1678 = CARTESIAN_POINT ( 'NONE',  ( 46.25000000000000000, 23.80429687500000213, 5.600000000000016520 ) ) ;
#1679 = ORIENTED_EDGE ( 'NONE', *, *, #3869, .T. ) ;
#1680 = DIRECTION ( 'NONE',  ( 0.000000000000000000, 0.000000000000000000, -1.000000000000000000 ) ) ;
#1681 = CARTESIAN_POINT ( 'NONE',  ( -63.60000000000001563, 20.15429687499999645, 0.5000000000000000000 ) ) ;
#1682 = CARTESIAN_POINT ( 'NONE',  ( 45.85000000000000142, 0.000000000000000000, 6.000000000000000000 ) ) ;
#1683 = ORIENTED_EDGE ( 'NONE', *, *, #1722, .T. ) ;
#1684 = VERTEX_POINT ( 'NONE', #378 ) ;
#1685 = ORIENTED_EDGE ( 'NONE', *, *, #2873, .F. ) ;
#1686 = CARTESIAN_POINT ( 'NONE',  ( 18.04999999999999005, 21.90429687499999645, 0.5000000000000000000 ) ) ;
#1687 = LINE ( 'NONE', #2225, #405 ) ;
#1688 = EDGE_LOOP ( 'NONE', ( #3839, #2089, #1333, #1163 ) ) ;
#1689 = LINE ( 'NONE', #1418, #813 ) ;
#1690 = EDGE_CURVE ( 'NONE', #1234, #207, #17, .T. ) ;
#1691 = VERTEX_POINT ( 'NONE', #2215 ) ;
#1692 = PRODUCT_RELATED_PRODUCT_CATEGORY ( 'detail', '', ( #3316 ) ) ;
#1693 = ORIENTED_EDGE ( 'NONE', *, *, #3698, .F. ) ;
#1694 = PLANE ( 'NONE',  #702 ) ;
#1695 = LINE ( 'NONE', #3155, #2041 ) ;
#1696 = CARTESIAN_POINT ( 'NONE',  ( -14.75000000000001243, 23.80429687500000213, 4.249999999999999112 ) ) ;
#1697 = EDGE_CURVE ( 'NONE', #1220, #634, #2799, .T. ) ;
#1698 = FACE_OUTER_BOUND ( 'NONE', #3268, .T. ) ;
#1699 = CARTESIAN_POINT ( 'NONE',  ( -61.75000000000001421, 23.55429687500000213, 4.249999999999999112 ) ) ;
#1700 = AXIS2_PLACEMENT_3D ( 'NONE', #1077, #1395, #138 ) ;
#1701 = CARTESIAN_POINT ( 'NONE',  ( 41.09999999999999432, 16.15429687499999645, 0.5000000000000000000 ) ) ;
#1702 = EDGE_LOOP ( 'NONE', ( #2566, #3808, #3573, #2 ) ) ;
#1703 = ORIENTED_EDGE ( 'NONE', *, *, #443, .F. ) ;
#1704 = EDGE_LOOP ( 'NONE', ( #1076, #2995, #2519, #1567 ) ) ;
#1705 = DIRECTION ( 'NONE',  ( 0.000000000000000000, -1.000000000000000000, 0.000000000000000000 ) ) ;
#1706 = VERTEX_POINT ( 'NONE', #86 ) ;
#1707 = CARTESIAN_POINT ( 'NONE',  ( -54.10000000000000853, 20.90429687499999289, 0.000000000000000000 ) ) ;
#1708 = LINE ( 'NONE', #3309, #3910 ) ;
#1709 = ORIENTED_EDGE ( 'NONE', *, *, #3196, .F. ) ;
#1710 = LINE ( 'NONE', #480, #1386 ) ;
#1711 = EDGE_LOOP ( 'NONE', ( #139, #2319, #2004, #3411 ) ) ;
#1712 = LINE ( 'NONE', #2959, #223 ) ;
#1713 = LINE ( 'NONE', #2249, #1543 ) ;
#1714 = EDGE_CURVE ( 'NONE', #1129, #800, #1604, .T. ) ;
#1715 = FACE_OUTER_BOUND ( 'NONE', #312, .T. ) ;
#1716 = VECTOR ( 'NONE', #563, 1000.000000000000000 ) ;
#1717 = EDGE_LOOP ( 'NONE', ( #2717, #205, #2259, #3249, #1215 ) ) ;
#1718 = FACE_OUTER_BOUND ( 'NONE', #2465, .T. ) ;
#1719 = VERTEX_POINT ( 'NONE', #704 ) ;
#1720 = DIRECTION ( 'NONE',  ( 0.000000000000000000, -0.000000000000000000, 1.000000000000000000 ) ) ;
#1721 = ORIENTED_EDGE ( 'NONE', *, *, #2403, .T. ) ;
#1722 = EDGE_CURVE ( 'NONE', #1950, #3646, #3121, .T. ) ;
#1723 = ORIENTED_EDGE ( 'NONE', *, *, #1504, .F. ) ;
#1724 = VECTOR ( 'NONE', #1813, 1000.000000000000000 ) ;
#1725 = CARTESIAN_POINT ( 'NONE',  ( -29.75000000000001421, 13.25429687500000142, 3.749999999999996891 ) ) ;
#1726 = CARTESIAN_POINT ( 'NONE',  ( -89.35355339059326241, 13.25785026559327662, 0.5999999999999998668 ) ) ;
#1727 = CARTESIAN_POINT ( 'NONE',  ( -83.65000000000001990, 20.90429687500000355, 0.5000000000000000000 ) ) ;
#1728 = DIRECTION ( 'NONE',  ( 0.000000000000000000, 0.000000000000000000, -1.000000000000000000 ) ) ;
#1729 = AXIS2_PLACEMENT_3D ( 'NONE', #2051, #1436, #1748 ) ;
#1730 = ORIENTED_EDGE ( 'NONE', *, *, #60, .T. ) ;
#1731 = ORIENTED_EDGE ( 'NONE', *, *, #1608, .T. ) ;
#1732 = CARTESIAN_POINT ( 'NONE',  ( 94.00000000000000000, 23.05429687500000213, 0.000000000000000000 ) ) ;
#1733 = PLANE ( 'NONE',  #3906 ) ;
#1734 = CARTESIAN_POINT ( 'NONE',  ( 8.549999999999995381, 20.90429687500000000, 0.000000000000000000 ) ) ;
#1735 = CARTESIAN_POINT ( 'NONE',  ( -89.50000000000001421, 13.40429687500000355, 0.5999999999999999778 ) ) ;
#1736 = EDGE_CURVE ( 'NONE', #1457, #1331, #983, .T. ) ;
#1737 = VECTOR ( 'NONE', #3350, 1000.000000000000000 ) ;
#1738 = ADVANCED_FACE ( 'NONE', ( #1322 ), #3139, .F. ) ;
#1739 = DIRECTION ( 'NONE',  ( 1.000000000000000000, 0.000000000000000000, 0.000000000000000000 ) ) ;
#1740 = VERTEX_POINT ( 'NONE', #1218 ) ;
#1741 = LINE ( 'NONE', #551, #1101 ) ;
#1742 = CARTESIAN_POINT ( 'NONE',  ( -54.10000000000000853, 20.90429687499999289, 2.000000000000000000 ) ) ;
#1743 = FACE_OUTER_BOUND ( 'NONE', #1968, .T. ) ;
#1744 = FACE_OUTER_BOUND ( 'NONE', #1058, .T. ) ;
#1745 = EDGE_CURVE ( 'NONE', #362, #2611, #1915, .T. ) ;
#1746 = EDGE_LOOP ( 'NONE', ( #1991, #3827, #795, #3871 ) ) ;
#1747 = VERTEX_POINT ( 'NONE', #1022 ) ;
#1748 = DIRECTION ( 'NONE',  ( 0.000000000000000000, 0.000000000000000000, -1.000000000000000000 ) ) ;
#1749 = CARTESIAN_POINT ( 'NONE',  ( -63.60000000000001563, 20.15429687499999645, 0.5000000000000000000 ) ) ;
#1750 = DIRECTION ( 'NONE',  ( 1.000000000000000000, 0.000000000000000000, 0.000000000000000000 ) ) ;
#1751 = LINE ( 'NONE', #1229, #438 ) ;
#1752 = PLANE ( 'NONE',  #2136 ) ;
#1753 = FACE_OUTER_BOUND ( 'NONE', #3256, .T. ) ;
#1754 = ORIENTED_EDGE ( 'NONE', *, *, #1736, .F. ) ;
#1755 = VERTEX_POINT ( 'NONE', #3161 ) ;
#1756 = CARTESIAN_POINT ( 'NONE',  ( -77.15000000000000568, 20.90429687500000355, 0.000000000000000000 ) ) ;
#1757 = EDGE_CURVE ( 'NONE', #3872, #2787, #3654, .T. ) ;
#1758 = ORIENTED_EDGE ( 'NONE', *, *, #1256, .F. ) ;
#1759 = LINE ( 'NONE', #1409, #3586 ) ;
#1760 = ORIENTED_EDGE ( 'NONE', *, *, #2540, .F. ) ;
#1761 = LOCAL_TIME ( 20, 50, 53.00000000000000000, #2106 ) ;
#1762 = DIRECTION ( 'NONE',  ( 1.000000000000000000, 0.000000000000000000, 0.000000000000000000 ) ) ;
#1763 = VECTOR ( 'NONE', #124, 1000.000000000000000 ) ;
#1764 = DIRECTION ( 'NONE',  ( -0.000000000000000000, 0.000000000000000000, 1.000000000000000000 ) ) ;
#1765 = APPROVAL_ROLE ( '' ) ;
#1766 = ORIENTED_EDGE ( 'NONE', *, *, #3110, .F. ) ;
#1767 = ADVANCED_FACE ( 'NONE', ( #1899 ), #3336, .F. ) ;
#1768 = EDGE_LOOP ( 'NONE', ( #501, #2188, #473 ) ) ;
#1769 = DIRECTION ( 'NONE',  ( 0.7071067811865475727, -0.7071067811865475727, 0.000000000000000000 ) ) ;
#1770 = FACE_OUTER_BOUND ( 'NONE', #2333, .T. ) ;
#1771 = DIRECTION ( 'NONE',  ( 1.000000000000000000, -0.000000000000000000, 1.156482317317871478E-16 ) ) ;
#1772 = EDGE_CURVE ( 'NONE', #2866, #3326, #1198, .T. ) ;
#1773 = CARTESIAN_POINT ( 'NONE',  ( -29.75000000000001421, 12.75429687500000142, 3.749999999999996891 ) ) ;
#1774 = VERTEX_POINT ( 'NONE', #894 ) ;
#1775 = CARTESIAN_POINT ( 'NONE',  ( 32.24999999999998579, 13.25429687500000142, 4.249999999999994671 ) ) ;
#1776 = CARTESIAN_POINT ( 'NONE',  ( -91.75000000000001421, 25.65429687500000355, 0.3999999999999837019 ) ) ;
#1777 = ORIENTED_EDGE ( 'NONE', *, *, #1498, .F. ) ;
#1778 = EDGE_CURVE ( 'NONE', #1809, #3381, #3632, .T. ) ;
#1779 = VERTEX_POINT ( 'NONE', #396 ) ;
#1780 = CARTESIAN_POINT ( 'NONE',  ( -8.000000000000007105, 20.90429687500000000, 0.000000000000000000 ) ) ;
#1781 = ORIENTED_EDGE ( 'NONE', *, *, #105, .T. ) ;
#1782 = VECTOR ( 'NONE', #3724, 1000.000000000000000 ) ;
#1783 = CARTESIAN_POINT ( 'NONE',  ( 32.24999999999998579, 12.50429687500000142, 3.749999999999995115 ) ) ;
#1784 = ORIENTED_EDGE ( 'NONE', *, *, #2595, .F. ) ;
#1785 = EDGE_CURVE ( 'NONE', #1740, #3629, #1512, .T. ) ;
#1786 = VECTOR ( 'NONE', #3416, 1000.000000000000000 ) ;
#1787 = CARTESIAN_POINT ( 'NONE',  ( -89.50000000000001421, 13.40429687500000355, 0.5999999999999999778 ) ) ;
#1788 = DIRECTION ( 'NONE',  ( 0.000000000000000000, 0.7071067811865465735, -0.7071067811865483499 ) ) ;
#1789 = DIRECTION ( 'NONE',  ( 0.000000000000000000, 0.000000000000000000, 1.000000000000000000 ) ) ;
#1790 = AXIS2_PLACEMENT_3D ( 'NONE', #1485, #2119, #525 ) ;
#1791 = ORIENTED_EDGE ( 'NONE', *, *, #503, .T. ) ;
#1792 = EDGE_CURVE ( 'NONE', #2045, #3475, #3427, .T. ) ;
#1793 = EDGE_LOOP ( 'NONE', ( #1126, #2220, #427, #1162, #1177, #2948, #3215, #456 ) ) ;
#1794 = ORIENTED_EDGE ( 'NONE', *, *, #2541, .T. ) ;
#1795 = DIRECTION ( 'NONE',  ( 0.000000000000000000, -1.000000000000000000, 0.000000000000000000 ) ) ;
#1796 = VECTOR ( 'NONE', #3617, 1000.000000000000000 ) ;
#1797 = FACE_OUTER_BOUND ( 'NONE', #2988, .T. ) ;
#1798 = VECTOR ( 'NONE', #576, 1000.000000000000227 ) ;
#1799 = CARTESIAN_POINT ( 'NONE',  ( 41.09999999999998721, 20.15429687500000000, 0.5000000000000000000 ) ) ;
#1800 = VECTOR ( 'NONE', #252, 1000.000000000000000 ) ;
#1801 = CARTESIAN_POINT ( 'NONE',  ( -89.25000000000001421, 23.15429687500000355, 0.000000000000000000 ) ) ;
#1802 = CARTESIAN_POINT ( 'NONE',  ( 15.04999999999999005, 20.90429687500000000, 0.000000000000000000 ) ) ;
#1803 = EDGE_CURVE ( 'NONE', #893, #2325, #3738, .T. ) ;
#1804 = DIRECTION ( 'NONE',  ( -6.140614074254184335E-16, 1.000000000000000000, -0.000000000000000000 ) ) ;
#1805 = VERTEX_POINT ( 'NONE', #2010 ) ;
#1806 = VERTEX_POINT ( 'NONE', #1342 ) ;
#1807 = CARTESIAN_POINT ( 'NONE',  ( -73.90000000000001990, 14.40429687500000178, 0.5000000000000000000 ) ) ;
#1808 = CARTESIAN_POINT ( 'NONE',  ( -17.75000000000000355, 21.90429687500000355, 0.5000000000000000000 ) ) ;
#1809 = VERTEX_POINT ( 'NONE', #2859 ) ;
#1810 = ORIENTED_EDGE ( 'NONE', *, *, #2201, .T. ) ;
#1811 = ORIENTED_EDGE ( 'NONE', *, *, #3641, .F. ) ;
#1812 = FACE_OUTER_BOUND ( 'NONE', #2169, .T. ) ;
#1813 = DIRECTION ( 'NONE',  ( -0.000000000000000000, 1.000000000000000000, -0.000000000000000000 ) ) ;
#1814 = LINE ( 'NONE', #487, #3446 ) ;
#1815 = ADVANCED_FACE ( 'NONE', ( #3783 ), #185, .F. ) ;
#1816 = CARTESIAN_POINT ( 'NONE',  ( -60.60000000000001563, 15.40429687499999645, 0.000000000000000000 ) ) ;
#1817 = VECTOR ( 'NONE', #1286, 1000.000000000000000 ) ;
#1818 = DIRECTION ( 'NONE',  ( -0.000000000000000000, -0.000000000000000000, 1.000000000000000000 ) ) ;
#1819 = DIRECTION ( 'NONE',  ( -0.000000000000000000, -0.000000000000000000, -1.000000000000000000 ) ) ;
#1820 = DIRECTION ( 'NONE',  ( -0.000000000000000000, 0.000000000000000000, 1.000000000000000000 ) ) ;
#1821 = DIRECTION ( 'NONE',  ( 0.000000000000000000, 0.000000000000000000, 1.000000000000000000 ) ) ;
#1822 = ADVANCED_FACE ( 'NONE', ( #1715 ), #788, .F. ) ;
#1823 = CARTESIAN_POINT ( 'NONE',  ( -51.10000000000000853, 16.15429687499999289, 0.5000000000000000000 ) ) ;
#1824 = ORIENTED_EDGE ( 'NONE', *, *, #3276, .F. ) ;
#1825 = CARTESIAN_POINT ( 'NONE',  ( 45.85000000000000142, 25.25429687500000497, 0.000000000000000000 ) ) ;
#1826 = ORIENTED_EDGE ( 'NONE', *, *, #3201, .T. ) ;
#1827 = AXIS2_PLACEMENT_3D ( 'NONE', #3916, #2732, #2956 ) ;
#1828 = ORIENTED_EDGE ( 'NONE', *, *, #2395, .T. ) ;
#1829 = ORIENTED_EDGE ( 'NONE', *, *, #1326, .F. ) ;
#1830 = VECTOR ( 'NONE', #3308, 1000.000000000000114 ) ;
#1831 = CARTESIAN_POINT ( 'NONE',  ( -5.750000000000005329, 21.90429687500000000, 2.000000000000000000 ) ) ;
#1832 = DIRECTION ( 'NONE',  ( -0.000000000000000000, -0.000000000000000000, 1.000000000000000000 ) ) ;
#1833 = EDGE_CURVE ( 'NONE', #3162, #3302, #3867, .T. ) ;
#1834 = PLANE ( 'NONE',  #1449 ) ;
#1835 = DIRECTION ( 'NONE',  ( 0.000000000000000000, -1.000000000000000000, 0.000000000000000000 ) ) ;
#1836 = EDGE_CURVE ( 'NONE', #760, #3688, #1971, .T. ) ;
#1837 = DIRECTION ( 'NONE',  ( -1.000000000000000000, -0.000000000000000000, -0.000000000000000000 ) ) ;
#1838 = DIRECTION ( 'NONE',  ( 1.000000000000000000, -0.000000000000000000, 0.000000000000000000 ) ) ;
#1839 = DIRECTION ( 'NONE',  ( -0.000000000000000000, -1.000000000000000000, -0.000000000000000000 ) ) ;
#1840 = CARTESIAN_POINT ( 'NONE',  ( 6.049999999999992717, 21.90429687500000000, 0.5000000000000000000 ) ) ;
#1841 = ORIENTED_EDGE ( 'NONE', *, *, #1216, .F. ) ;
#1842 = DIRECTION ( 'NONE',  ( 1.000000000000000000, 0.000000000000000000, 0.000000000000000000 ) ) ;
#1843 = LINE ( 'NONE', #18, #2683 ) ;
#1844 = VECTOR ( 'NONE', #3912, 1000.000000000000000 ) ;
#1845 = ORIENTED_EDGE ( 'NONE', *, *, #3700, .F. ) ;
#1846 = EDGE_CURVE ( 'NONE', #1360, #1649, #2729, .T. ) ;
#1847 = VERTEX_POINT ( 'NONE', #1696 ) ;
#1848 = VECTOR ( 'NONE', #279, 1000.000000000000000 ) ;
#1849 = ORIENTED_EDGE ( 'NONE', *, *, #1722, .F. ) ;
#1850 = DIRECTION ( 'NONE',  ( 9.251858538542971828E-16, -1.000000000000000000, 0.000000000000000000 ) ) ;
#1851 = CARTESIAN_POINT ( 'NONE',  ( -28.05000000000000426, 16.15429687500000355, 0.5000000000000000000 ) ) ;
#1852 = LINE ( 'NONE', #3079, #2406 ) ;
#1853 = VECTOR ( 'NONE', #1206, 1000.000000000000000 ) ;
#1854 = EDGE_CURVE ( 'NONE', #1805, #1956, #623, .T. ) ;
#1855 = EDGE_CURVE ( 'NONE', #3540, #764, #1401, .T. ) ;
#1856 = FACE_OUTER_BOUND ( 'NONE', #1099, .T. ) ;
#1857 = AXIS2_PLACEMENT_3D ( 'NONE', #1613, #1225, #3436 ) ;
#1858 = CARTESIAN_POINT ( 'NONE',  ( -14.75000000000001243, 12.75429687500000142, 3.999999999999994671 ) ) ;
#1859 = VECTOR ( 'NONE', #2831, 1000.000000000000000 ) ;
#1860 = DIRECTION ( 'NONE',  ( -0.000000000000000000, 1.000000000000000000, -0.000000000000000000 ) ) ;
#1861 = DIRECTION ( 'NONE',  ( 1.000000000000000000, -0.000000000000000000, -0.000000000000000000 ) ) ;
#1862 = EDGE_LOOP ( 'NONE', ( #3342, #1645, #1676, #164 ) ) ;
#1863 = CARTESIAN_POINT ( 'NONE',  ( -37.55000000000000426, 20.90429687500000711, 0.000000000000000000 ) ) ;
#1864 = EDGE_LOOP ( 'NONE', ( #3874, #309, #2685, #2927, #1811 ) ) ;
#1865 = EDGE_CURVE ( 'NONE', #212, #3747, #3845, .T. ) ;
#1866 = EDGE_CURVE ( 'NONE', #2404, #2451, #1104, .T. ) ;
#1867 = DIRECTION ( 'NONE',  ( 1.000000000000000000, 0.000000000000000000, 0.000000000000000000 ) ) ;
#1868 = ORIENTED_EDGE ( 'NONE', *, *, #376, .F. ) ;
#1869 = ORIENTED_EDGE ( 'NONE', *, *, #2017, .F. ) ;
#1870 = ORIENTED_EDGE ( 'NONE', *, *, #2454, .T. ) ;
#1871 = CARTESIAN_POINT ( 'NONE',  ( -61.75000000000001421, 13.25429687500000142, 4.249999999999994671 ) ) ;
#1872 = ORIENTED_EDGE ( 'NONE', *, *, #1456, .F. ) ;
#1873 = LINE ( 'NONE', #3361, #1285 ) ;
#1874 = CARTESIAN_POINT ( 'NONE',  ( 6.049999999999992717, 21.90429687500000000, 2.000000000000000000 ) ) ;
#1875 = CARTESIAN_POINT ( 'NONE',  ( -61.75000000000001421, 13.25429687500000142, 4.249999999999994671 ) ) ;
#1876 = CARTESIAN_POINT ( 'NONE',  ( -31.05000000000000782, 20.90429687500000711, 0.5000000000000000000 ) ) ;
#1877 = PLANE ( 'NONE',  #2365 ) ;
#1878 = DIRECTION ( 'NONE',  ( -0.000000000000000000, 1.000000000000000000, -0.000000000000000000 ) ) ;
#1879 = PLANE ( 'NONE',  #1125 ) ;
#1880 = ORIENTED_EDGE ( 'NONE', *, *, #236, .T. ) ;
#1881 = CARTESIAN_POINT ( 'NONE',  ( -91.75000000000001421, 24.65429687500000711, 5.999999999999999112 ) ) ;
#1882 = ORIENTED_EDGE ( 'NONE', *, *, #3232, .F. ) ;
#1883 = CARTESIAN_POINT ( 'NONE',  ( 46.25000000000000000, 25.65429687500000355, 0.3999999999999837019 ) ) ;
#1884 = DIRECTION ( 'NONE',  ( 0.000000000000000000, -0.000000000000000000, -1.000000000000000000 ) ) ;
#1885 = EDGE_CURVE ( 'NONE', #1747, #2610, #2313, .T. ) ;
#1886 = CARTESIAN_POINT ( 'NONE',  ( -14.75000000000001243, 23.55429687500000213, 4.249999999999999112 ) ) ;
#1887 = ORIENTED_EDGE ( 'NONE', *, *, #1026, .F. ) ;
#1888 = ORIENTED_EDGE ( 'NONE', *, *, #3847, .F. ) ;
#1889 = LINE ( 'NONE', #956, #650 ) ;
#1890 = CARTESIAN_POINT ( 'NONE',  ( 45.85000000000000142, 10.65429687500000355, 0.3999999999999837019 ) ) ;
#1891 = CARTESIAN_POINT ( 'NONE',  ( -91.75000000000000000, 11.05429687500000036, 0.3999999999999837019 ) ) ;
#1892 = FACE_OUTER_BOUND ( 'NONE', #509, .T. ) ;
#1893 = CIRCLE ( 'NONE', #1827, 0.2500000000000000000 ) ;
#1894 = LINE ( 'NONE', #3536, #3879 ) ;
#1895 = DIRECTION ( 'NONE',  ( -1.000000000000000000, 0.000000000000000000, 0.000000000000000000 ) ) ;
#1896 = LINE ( 'NONE', #722, #3715 ) ;
#1897 = ADVANCED_FACE ( 'NONE', ( #3538 ), #807, .F. ) ;
#1898 = DIRECTION ( 'NONE',  ( -0.000000000000000000, -1.000000000000000000, -0.000000000000000000 ) ) ;
#1899 = FACE_OUTER_BOUND ( 'NONE', #1953, .T. ) ;
#1900 = ORIENTED_EDGE ( 'NONE', *, *, #695, .T. ) ;
#1901 = CARTESIAN_POINT ( 'NONE',  ( 17.24999999999998579, 12.50429687500000142, 3.749999999999996891 ) ) ;
#1902 = EDGE_CURVE ( 'NONE', #1047, #3909, #2901, .T. ) ;
#1903 = CARTESIAN_POINT ( 'NONE',  ( -8.000000000000007105, 15.40429687499999822, 0.000000000000000000 ) ) ;
#1904 = ORIENTED_EDGE ( 'NONE', *, *, #1549, .F. ) ;
#1905 = ADVANCED_FACE ( 'NONE', ( #3263 ), #3558, .F. ) ;
#1906 = ORIENTED_EDGE ( 'NONE', *, *, #829, .F. ) ;
#1907 = DIRECTION ( 'NONE',  ( -0.000000000000000000, -0.000000000000000000, 1.000000000000000000 ) ) ;
#1908 = DIRECTION ( 'NONE',  ( -0.000000000000000000, -0.000000000000000000, 1.000000000000000000 ) ) ;
#1909 = DIRECTION ( 'NONE',  ( -1.000000000000000000, -0.000000000000000000, -0.000000000000000000 ) ) ;
#1910 = ADVANCED_FACE ( 'NONE', ( #3482 ), #3202, .F. ) ;
#1911 = VECTOR ( 'NONE', #1306, 1000.000000000000000 ) ;
#1912 = PLANE ( 'NONE',  #3044 ) ;
#1913 = CARTESIAN_POINT ( 'NONE',  ( -37.55000000000000426, 20.15429687500000711, 0.000000000000000000 ) ) ;
#1914 = VECTOR ( 'NONE', #2876, 1000.000000000000000 ) ;
#1915 = LINE ( 'NONE', #3441, #1763 ) ;
#1916 = VERTEX_POINT ( 'NONE', #2880 ) ;
#1917 = AXIS2_PLACEMENT_3D ( 'NONE', #3360, #3713, #3094 ) ;
#1918 = LINE ( 'NONE', #3804, #3831 ) ;
#1919 = DIRECTION ( 'NONE',  ( 0.000000000000000000, -0.7071067811865465735, 0.7071067811865483499 ) ) ;
#1920 = ORIENTED_EDGE ( 'NONE', *, *, #3133, .T. ) ;
#1921 = ORIENTED_EDGE ( 'NONE', *, *, #587, .T. ) ;
#1922 = PLANE ( 'NONE',  #2621 ) ;
#1923 = CARTESIAN_POINT ( 'NONE',  ( 46.25000000000000000, 11.05429687500000036, 6.000000000000000000 ) ) ;
#1924 = ORIENTED_EDGE ( 'NONE', *, *, #1027, .T. ) ;
#1925 = LINE ( 'NONE', #3151, #1637 ) ;
#1926 = ORIENTED_EDGE ( 'NONE', *, *, #1038, .F. ) ;
#1927 = VECTOR ( 'NONE', #2120, 1000.000000000000000 ) ;
#1928 = LINE ( 'NONE', #2309, #1535 ) ;
#1929 = CARTESIAN_POINT ( 'NONE',  ( -91.34999999999998010, 10.65429687500000355, 0.3999999999999837019 ) ) ;
#1930 = EDGE_CURVE ( 'NONE', #2050, #3284, #1952, .T. ) ;
#1931 = CARTESIAN_POINT ( 'NONE',  ( 0.000000000000000000, 11.05429687500000036, 0.000000000000000000 ) ) ;
#1932 = ORIENTED_EDGE ( 'NONE', *, *, #2555, .F. ) ;
#1933 = CARTESIAN_POINT ( 'NONE',  ( -5.750000000000005329, 14.40429687500000178, 0.5000000000000000000 ) ) ;
#1934 = EDGE_CURVE ( 'NONE', #778, #1755, #2273, .T. ) ;
#1935 = CLOSED_SHELL ( 'NONE', ( #300, #2310, #1370, #301, #3210, #1066, #1595, #3875, #1767, #2011, #1897, #3398, #3146, #523, #2245, #3811, #3037, #2144, #2457, #1109, #3242, #1202, #717, #2438, #3253, #2943, #2572, #671, #2378, #1565, #1387, #621, #3564, #1533, #574, #1987, #2633, #2066, #843, #3334, #2062, #127, #1977, #3363, #1153, #177, #942, #1281, #387, #1400, #1910, #675, #3689, #3670, #3387, #14, #3735, #2483, #488, #1361, #2646, #1938, #3317, #3686, #1336, #3501, #2738, #2978, #2332, #2031, #2707, #2180, #1815, #2157, #81, #3488, #3084, #2514, #1528, #3927, #1410, #790, #3614, #1822, #2919, #878, #3917, #986, #2327, #2504, #2819, #2739, #644, #2602, #1905, #144, #2390, #1135, #1383, #2077, #1738, #266, #1377, #3878, #108, #658, #2722, #1169, #2790, #3018, #1208, #2232, #2990, #3584, #2147, #3754, #1148, #1303, #384, #1156, #1249, #958, #3001, #3862, #3828, #57 ) ) ;
#1936 = DIRECTION ( 'NONE',  ( -0.000000000000000000, 0.000000000000000000, 1.000000000000000000 ) ) ;
#1937 = ORIENTED_EDGE ( 'NONE', *, *, #1664, .F. ) ;
#1938 = ADVANCED_FACE ( 'NONE', ( #2704 ), #3026, .T. ) ;
#1939 = ORIENTED_EDGE ( 'NONE', *, *, #2529, .T. ) ;
#1940 = CARTESIAN_POINT ( 'NONE',  ( 41.09999999999998721, 20.15429687500000000, 2.000000000000000000 ) ) ;
#1941 = CARTESIAN_POINT ( 'NONE',  ( -17.75000000000000355, 21.90429687500000355, 0.5000000000000000000 ) ) ;
#1942 = ORIENTED_EDGE ( 'NONE', *, *, #2426, .T. ) ;
#1943 = CARTESIAN_POINT ( 'NONE',  ( -37.55000000000000426, 20.15429687500000711, 0.5000000000000000000 ) ) ;
#1944 = ORIENTED_EDGE ( 'NONE', *, *, #3479, .T. ) ;
#1945 = ORIENTED_EDGE ( 'NONE', *, *, #1855, .F. ) ;
#1946 = CARTESIAN_POINT ( 'NONE',  ( -77.15000000000000568, 20.90429687500000355, 0.000000000000000000 ) ) ;
#1947 = LINE ( 'NONE', #2267, #907 ) ;
#1948 = LOCAL_TIME ( 20, 50, 53.00000000000000000, #3550 ) ;
#1949 = EDGE_CURVE ( 'NONE', #2328, #421, #2741, .T. ) ;
#1950 = VERTEX_POINT ( 'NONE', #1775 ) ;
#1951 = VECTOR ( 'NONE', #3220, 1000.000000000000000 ) ;
#1952 = LINE ( 'NONE', #165, #3377 ) ;
#1953 = EDGE_LOOP ( 'NONE', ( #469, #351, #1703, #1090 ) ) ;
#1954 = CARTESIAN_POINT ( 'NONE',  ( -14.75000000000001243, 12.75429687500000142, 3.749999999999995115 ) ) ;
#1955 = CARTESIAN_POINT ( 'NONE',  ( -37.55000000000000426, 20.90429687500000711, 2.000000000000000000 ) ) ;
#1956 = VERTEX_POINT ( 'NONE', #606 ) ;
#1957 = VERTEX_POINT ( 'NONE', #3320 ) ;
#1958 = DIRECTION ( 'NONE',  ( 0.000000000000000000, -0.000000000000000000, 1.000000000000000000 ) ) ;
#1959 = DIRECTION ( 'NONE',  ( 0.000000000000000000, -1.000000000000000000, 0.000000000000000000 ) ) ;
#1960 = VERTEX_POINT ( 'NONE', #27 ) ;
#1961 = EDGE_CURVE ( 'NONE', #1295, #3690, #2422, .T. ) ;
#1962 = DIRECTION ( 'NONE',  ( -1.000000000000000000, 0.000000000000000000, 0.000000000000000000 ) ) ;
#1963 = ORIENTED_EDGE ( 'NONE', *, *, #823, .T. ) ;
#1964 = ORIENTED_EDGE ( 'NONE', *, *, #1437, .F. ) ;
#1965 = CARTESIAN_POINT ( 'NONE',  ( 32.24999999999998579, 13.25429687500000142, 4.249999999999994671 ) ) ;
#1966 = PLANE ( 'NONE',  #3580 ) ;
#1967 = VECTOR ( 'NONE', #1623, 1000.000000000000000 ) ;
#1968 = EDGE_LOOP ( 'NONE', ( #3186, #989, #178, #3723 ) ) ;
#1969 = CARTESIAN_POINT ( 'NONE',  ( 28.59999999999999076, 20.15429687500000000, 0.5000000000000000000 ) ) ;
#1970 = AXIS2_PLACEMENT_3D ( 'NONE', #149, #2905, #1388 ) ;
#1971 = LINE ( 'NONE', #3180, #1951 ) ;
#1972 = ORIENTED_EDGE ( 'NONE', *, *, #1833, .F. ) ;
#1973 = DIRECTION ( 'NONE',  ( -0.7071067811865597852, 0.000000000000000000, 0.7071067811865352493 ) ) ;
#1974 = VECTOR ( 'NONE', #2331, 1000.000000000000000 ) ;
#1975 = VECTOR ( 'NONE', #136, 1000.000000000000000 ) ;
#1976 = DIRECTION ( 'NONE',  ( 0.7071067811865352493, 0.000000000000000000, 0.7071067811865597852 ) ) ;
#1977 = ADVANCED_FACE ( 'NONE', ( #3003 ), #3887, .F. ) ;
#1978 = ORIENTED_EDGE ( 'NONE', *, *, #1998, .T. ) ;
#1979 = EDGE_CURVE ( 'NONE', #2453, #1649, #1751, .T. ) ;
#1980 = AXIS2_PLACEMENT_3D ( 'NONE', #1840, #3045, #323 ) ;
#1981 = ORIENTED_EDGE ( 'NONE', *, *, #2950, .T. ) ;
#1982 = LINE ( 'NONE', #3211, #3012 ) ;
#1983 = DIRECTION ( 'NONE',  ( 0.000000000000000000, 0.000000000000000000, -1.000000000000000000 ) ) ;
#1984 = ORIENTED_EDGE ( 'NONE', *, *, #306, .F. ) ;
#1985 = DIRECTION ( 'NONE',  ( -1.000000000000000000, 0.000000000000000000, -1.156482317317871478E-16 ) ) ;
#1986 = ORIENTED_EDGE ( 'NONE', *, *, #1326, .T. ) ;
#1987 = ADVANCED_FACE ( 'NONE', ( #2440 ), #1442, .F. ) ;
#1988 = EDGE_LOOP ( 'NONE', ( #2203, #1651, #2250, #3928 ) ) ;
#1989 = CARTESIAN_POINT ( 'NONE',  ( 46.25000000000000000, 25.65429687500000355, 0.3999999999999837019 ) ) ;
#1990 = CARTESIAN_POINT ( 'NONE',  ( -91.75000000000001421, 25.25429687499997655, 0.3999999999999837019 ) ) ;
#1991 = ORIENTED_EDGE ( 'NONE', *, *, #270, .T. ) ;
#1992 = CARTESIAN_POINT ( 'NONE',  ( -83.65000000000001990, 20.90429687500000355, 0.5000000000000000000 ) ) ;
#1993 = FACE_BOUND ( 'NONE', #3127, .T. ) ;
#1994 = DIRECTION ( 'NONE',  ( -1.000000000000000000, 0.000000000000000000, -0.000000000000000000 ) ) ;
#1995 = ORIENTED_EDGE ( 'NONE', *, *, #2275, .F. ) ;
#1996 = DIRECTION ( 'NONE',  ( -0.000000000000000000, 0.000000000000000000, -1.000000000000000000 ) ) ;
#1997 = ORIENTED_EDGE ( 'NONE', *, *, #3653, .F. ) ;
#1998 = EDGE_CURVE ( 'NONE', #2527, #1100, #3622, .T. ) ;
#1999 = ORIENTED_EDGE ( 'NONE', *, *, #3781, .T. ) ;
#2000 = CARTESIAN_POINT ( 'NONE',  ( -85.90000000000001990, 14.40429687500000178, 2.000000000000000000 ) ) ;
#2001 = DIRECTION ( 'NONE',  ( 1.000000000000000000, 0.000000000000000000, 0.000000000000000000 ) ) ;
#2002 = ORIENTED_EDGE ( 'NONE', *, *, #344, .T. ) ;
#2003 = CARTESIAN_POINT ( 'NONE',  ( 45.84999999999998721, 10.65429687500000355, 5.000000000000000000 ) ) ;
#2004 = ORIENTED_EDGE ( 'NONE', *, *, #712, .F. ) ;
#2005 = VERTEX_POINT ( 'NONE', #2660 ) ;
#2006 = DIRECTION ( 'NONE',  ( -0.000000000000000000, -0.000000000000000000, 1.000000000000000000 ) ) ;
#2007 = DIRECTION ( 'NONE',  ( 0.000000000000000000, 0.000000000000000000, -1.000000000000000000 ) ) ;
#2008 = VERTEX_POINT ( 'NONE', #284 ) ;
#2009 = VECTOR ( 'NONE', #1301, 1000.000000000000000 ) ;
#2010 = CARTESIAN_POINT ( 'NONE',  ( -76.75000000000001421, 12.75429687500000142, 4.249999999999996447 ) ) ;
#2011 = ADVANCED_FACE ( 'NONE', ( #926 ), #887, .F. ) ;
#2012 = VECTOR ( 'NONE', #3503, 1000.000000000000000 ) ;
#2013 = ORIENTED_EDGE ( 'NONE', *, *, #226, .F. ) ;
#2014 = ORIENTED_EDGE ( 'NONE', *, *, #3896, .F. ) ;
#2015 = CARTESIAN_POINT ( 'NONE',  ( 32.24999999999998579, 13.25429687500000142, 3.749999999999995115 ) ) ;
#2016 = ORIENTED_EDGE ( 'NONE', *, *, #905, .T. ) ;
#2017 = EDGE_CURVE ( 'NONE', #1112, #3690, #1146, .T. ) ;
#2018 = DIRECTION ( 'NONE',  ( 1.000000000000000000, -5.337610695313253357E-16, 0.000000000000000000 ) ) ;
#2019 = ORIENTED_EDGE ( 'NONE', *, *, #2555, .T. ) ;
#2020 = CARTESIAN_POINT ( 'NONE',  ( -51.10000000000000142, 20.15429687499999645, 2.000000000000000000 ) ) ;
#2021 = ORIENTED_EDGE ( 'NONE', *, *, #624, .T. ) ;
#2022 = CARTESIAN_POINT ( 'NONE',  ( -60.60000000000000853, 20.90429687499999645, 0.000000000000000000 ) ) ;
#2023 = LINE ( 'NONE', #2972, #1798 ) ;
#2024 = COORDINATED_UNIVERSAL_TIME_OFFSET ( 5, 0, .BEHIND. ) ;
#2025 = ORIENTED_EDGE ( 'NONE', *, *, #2756, .F. ) ;
#2026 = EDGE_LOOP ( 'NONE', ( #3093, #2122, #1468, #56 ) ) ;
#2027 = ORIENTED_EDGE ( 'NONE', *, *, #797, .F. ) ;
#2028 = DIRECTION ( 'NONE',  ( -0.000000000000000000, 1.000000000000000000, -0.000000000000000000 ) ) ;
#2029 = CARTESIAN_POINT ( 'NONE',  ( -0.01666666666770566518, -35.21236979166773295, 46.26666666666613281 ) ) ;
#2030 = EDGE_CURVE ( 'NONE', #2538, #175, #2401, .T. ) ;
#2031 = ADVANCED_FACE ( 'NONE', ( #908 ), #1464, .T. ) ;
#2032 = DIRECTION ( 'NONE',  ( -0.000000000000000000, -0.000000000000000000, 1.000000000000000000 ) ) ;
#2033 = DIRECTION ( 'NONE',  ( -0.5773502691896411632, 0.5773502691896211791, 0.5773502691896148509 ) ) ;
#2034 = VECTOR ( 'NONE', #1973, 1000.000000000000000 ) ;
#2035 = ORIENTED_EDGE ( 'NONE', *, *, #2898, .F. ) ;
#2036 = CARTESIAN_POINT ( 'NONE',  ( -17.75000000000000355, 21.90429687500000355, 0.5000000000000000000 ) ) ;
#2037 = EDGE_LOOP ( 'NONE', ( #87, #2532, #3129, #1552 ) ) ;
#2038 = CARTESIAN_POINT ( 'NONE',  ( 28.59999999999999432, 16.15429687499999289, 2.000000000000000000 ) ) ;
#2039 = ORIENTED_EDGE ( 'NONE', *, *, #1403, .F. ) ;
#2040 = ORIENTED_EDGE ( 'NONE', *, *, #2941, .T. ) ;
#2041 = VECTOR ( 'NONE', #163, 1000.000000000000000 ) ;
#2042 = CARTESIAN_POINT ( 'NONE',  ( -91.35000000000000853, 25.25429687500000497, 0.000000000000000000 ) ) ;
#2043 = FACE_BOUND ( 'NONE', #1862, .T. ) ;
#2044 = CARTESIAN_POINT ( 'NONE',  ( -76.75000000000001421, 13.25429687500000142, 3.749999999999996891 ) ) ;
#2045 = VERTEX_POINT ( 'NONE', #9 ) ;
#2046 = PERSON_AND_ORGANIZATION_ROLE ( 'creator' ) ;
#2047 = AXIS2_PLACEMENT_3D ( 'NONE', #1274, #2492, #3055 ) ;
#2048 = VECTOR ( 'NONE', #1878, 1000.000000000000000 ) ;
#2049 = ORIENTED_EDGE ( 'NONE', *, *, #168, .F. ) ;
#2050 = VERTEX_POINT ( 'NONE', #1507 ) ;
#2051 = CARTESIAN_POINT ( 'NONE',  ( 18.04999999999999005, 21.90429687499999645, 0.5000000000000000000 ) ) ;
#2052 = CARTESIAN_POINT ( 'NONE',  ( -14.75000000000001243, 13.25429687500000142, 3.749999999999995115 ) ) ;
#2053 = EDGE_CURVE ( 'NONE', #2830, #1112, #3280, .T. ) ;
#2054 = CARTESIAN_POINT ( 'NONE',  ( -40.55000000000001137, 16.15429687500000355, 0.5000000000000000000 ) ) ;
#2055 = PLANE ( 'NONE',  #3068 ) ;
#2056 = ORIENTED_EDGE ( 'NONE', *, *, #102, .T. ) ;
#2057 = VECTOR ( 'NONE', #2442, 1000.000000000000114 ) ;
#2058 = VERTEX_POINT ( 'NONE', #1802 ) ;
#2059 = DIRECTION ( 'NONE',  ( 1.000000000000000000, 0.000000000000000000, 0.000000000000000000 ) ) ;
#2060 = VERTEX_POINT ( 'NONE', #1735 ) ;
#2061 = CARTESIAN_POINT ( 'NONE',  ( 18.04999999999999005, 21.90429687499999645, 0.5000000000000000000 ) ) ;
#2062 = ADVANCED_FACE ( 'NONE', ( #3907 ), #303, .F. ) ;
#2063 = CARTESIAN_POINT ( 'NONE',  ( -14.75000000000001243, 12.75429687500000142, 4.249999999999994671 ) ) ;
#2064 = FACE_BOUND ( 'NONE', #3156, .T. ) ;
#2065 = DIRECTION ( 'NONE',  ( 1.000000000000000000, 0.000000000000000000, 1.156482317317871478E-16 ) ) ;
#2066 = ADVANCED_FACE ( 'NONE', ( #848 ), #2055, .F. ) ;
#2067 = ORIENTED_EDGE ( 'NONE', *, *, #3429, .F. ) ;
#2068 = ORIENTED_EDGE ( 'NONE', *, *, #692, .F. ) ;
#2069 = EDGE_LOOP ( 'NONE', ( #2974, #2078, #1273, #1048 ) ) ;
#2070 = FACE_OUTER_BOUND ( 'NONE', #172, .T. ) ;
#2071 = DIRECTION ( 'NONE',  ( -0.000000000000000000, -0.000000000000000000, 1.000000000000000000 ) ) ;
#2072 = CARTESIAN_POINT ( 'NONE',  ( -89.25000000000001421, 23.15429687500000355, 0.000000000000000000 ) ) ;
#2073 = EDGE_CURVE ( 'NONE', #3551, #1779, #1091, .T. ) ;
#2074 = DIRECTION ( 'NONE',  ( -0.000000000000000000, -0.000000000000000000, 1.000000000000000000 ) ) ;
#2075 = CARTESIAN_POINT ( 'NONE',  ( -17.75000000000000355, 21.90429687500000355, 0.5000000000000000000 ) ) ;
#2076 = CARTESIAN_POINT ( 'NONE',  ( 41.09999999999998721, 20.15429687500000000, 0.5000000000000000000 ) ) ;
#2077 = ADVANCED_FACE ( 'NONE', ( #683 ), #3389, .F. ) ;
#2078 = ORIENTED_EDGE ( 'NONE', *, *, #179, .F. ) ;
#2079 = CARTESIAN_POINT ( 'NONE',  ( 46.11666666666667425, 25.38763020833333783, 0.2666666666666604457 ) ) ;
#2080 = ORIENTED_EDGE ( 'NONE', *, *, #600, .F. ) ;
#2081 = DIRECTION ( 'NONE',  ( 0.000000000000000000, -1.000000000000000000, 0.000000000000000000 ) ) ;
#2082 = EDGE_LOOP ( 'NONE', ( #3227, #2516, #2632, #3019 ) ) ;
#2083 = VECTOR ( 'NONE', #1334, 1000.000000000000000 ) ;
#2084 = DIRECTION ( 'NONE',  ( -0.5773502691896323924, -0.5773502691896323924, -0.5773502691896122974 ) ) ;
#2085 = VECTOR ( 'NONE', #109, 1000.000000000000000 ) ;
#2086 = CARTESIAN_POINT ( 'NONE',  ( -60.60000000000000853, 20.90429687499999645, 2.000000000000000000 ) ) ;
#2087 = APPROVAL_DATE_TIME ( #837, #871 ) ;
#2088 = VERTEX_POINT ( 'NONE', #662 ) ;
#2089 = ORIENTED_EDGE ( 'NONE', *, *, #3821, .F. ) ;
#2090 = CARTESIAN_POINT ( 'NONE',  ( -37.55000000000000426, 16.15429687500000355, 0.000000000000000000 ) ) ;
#2091 = EDGE_CURVE ( 'NONE', #2509, #3672, #2196, .T. ) ;
#2092 = LINE ( 'NONE', #3278, #773 ) ;
#2093 = FACE_BOUND ( 'NONE', #2037, .T. ) ;
#2094 = CARTESIAN_POINT ( 'NONE',  ( -17.75000000000000355, 14.40429687500000178, 0.5000000000000000000 ) ) ;
#2095 = EDGE_CURVE ( 'NONE', #1220, #3909, #642, .T. ) ;
#2096 = CARTESIAN_POINT ( 'NONE',  ( -91.75000000000001421, 23.80429687500000213, 2.000000000000000000 ) ) ;
#2097 = CARTESIAN_POINT ( 'NONE',  ( 45.65925643016943525, 25.84504044483054130, 5.079008573559269379 ) ) ;
#2098 = EDGE_LOOP ( 'NONE', ( #1114, #3666, #3067, #1926 ) ) ;
#2099 = FACE_OUTER_BOUND ( 'NONE', #2567, .T. ) ;
#2100 = VERTEX_POINT ( 'NONE', #2156 ) ;
#2101 = VECTOR ( 'NONE', #2862, 1000.000000000000000 ) ;
#2102 = EDGE_CURVE ( 'NONE', #2690, #3162, #3757, .T. ) ;
#2103 = AXIS2_PLACEMENT_3D ( 'NONE', #3893, #534, #1764 ) ;
#2104 = DIRECTION ( 'NONE',  ( 0.000000000000000000, 1.000000000000000000, 0.000000000000000000 ) ) ;
#2105 = CARTESIAN_POINT ( 'NONE',  ( -28.05000000000000426, 20.15429687500001066, 0.5000000000000000000 ) ) ;
#2106 = COORDINATED_UNIVERSAL_TIME_OFFSET ( 5, 0, .BEHIND. ) ;
#2107 = CC_DESIGN_PERSON_AND_ORGANIZATION_ASSIGNMENT ( #820, #2415, ( #493 ) ) ;
#2108 = VECTOR ( 'NONE', #1248, 1000.000000000000000 ) ;
#2109 = ORIENTED_EDGE ( 'NONE', *, *, #3384, .F. ) ;
#2110 = EDGE_LOOP ( 'NONE', ( #3181, #709, #931, #2892, #1887, #2778, #1092, #97, #3474, #3849, #40, #2932 ) ) ;
#2111 = ORIENTED_EDGE ( 'NONE', *, *, #262, .F. ) ;
#2112 = DIRECTION ( 'NONE',  ( 0.7071067811865318076, 6.542051911182251369E-16, 0.7071067811865633379 ) ) ;
#2113 = VECTOR ( 'NONE', #316, 1000.000000000000000 ) ;
#2114 = PLANE ( 'NONE',  #2944 ) ;
#2115 = VECTOR ( 'NONE', #2191, 1000.000000000000000 ) ;
#2116 = CARTESIAN_POINT ( 'NONE',  ( 0.000000000000000000, 0.000000000000000000, 0.000000000000000000 ) ) ;
#2117 = EDGE_CURVE ( 'NONE', #275, #1023, #1619, .T. ) ;
#2118 = FACE_OUTER_BOUND ( 'NONE', #2710, .T. ) ;
#2119 = DIRECTION ( 'NONE',  ( 0.000000000000000000, -1.000000000000000000, 0.000000000000000000 ) ) ;
#2120 = DIRECTION ( 'NONE',  ( -0.000000000000000000, 1.000000000000000000, -0.000000000000000000 ) ) ;
#2121 = DIRECTION ( 'NONE',  ( 1.156482317317871478E-16, -0.000000000000000000, 1.000000000000000000 ) ) ;
#2122 = ORIENTED_EDGE ( 'NONE', *, *, #1792, .F. ) ;
#2123 = DIRECTION ( 'NONE',  ( -0.000000000000000000, 1.000000000000000000, 0.000000000000000000 ) ) ;
#2124 = VERTEX_POINT ( 'NONE', #1265 ) ;
#2125 = DIRECTION ( 'NONE',  ( 1.000000000000000000, 0.000000000000000000, 0.000000000000000000 ) ) ;
#2126 = DIRECTION ( 'NONE',  ( -0.000000000000000000, -0.000000000000000000, 1.000000000000000000 ) ) ;
#2127 = CARTESIAN_POINT ( 'NONE',  ( 6.049999999999992717, 14.40429687500000178, 2.000000000000000000 ) ) ;
#2128 = ORIENTED_EDGE ( 'NONE', *, *, #3578, .F. ) ;
#2129 = EDGE_CURVE ( 'NONE', #953, #1684, #2780, .T. ) ;
#2130 = VERTEX_POINT ( 'NONE', #66 ) ;
#2131 = CARTESIAN_POINT ( 'NONE',  ( -63.60000000000001563, 20.15429687499999645, 0.5000000000000000000 ) ) ;
#2132 = CARTESIAN_POINT ( 'NONE',  ( -85.90000000000001990, 21.90429687500000000, 2.000000000000000000 ) ) ;
#2133 = LINE ( 'NONE', #2980, #960 ) ;
#2134 =( BOUNDED_CURVE ( )  B_SPLINE_CURVE ( 3, ( #203, #3868, #1402, #3846 ),
 .UNSPECIFIED., .F., .F. ) 
 B_SPLINE_CURVE_WITH_KNOTS ( ( 4, 4 ),
 ( 1.570796326794896558, 3.141592653589793116 ),
 .UNSPECIFIED. ) 
 CURVE ( )  GEOMETRIC_REPRESENTATION_ITEM ( )  RATIONAL_B_SPLINE_CURVE ( ( 1.000000000000000000, 0.8047378541243649375, 0.8047378541243649375, 1.000000000000000000 ) ) 
 REPRESENTATION_ITEM ( '' )  );
#2135 = CARTESIAN_POINT ( 'NONE',  ( 38.09999999999998721, 20.90429687500000000, 2.000000000000000000 ) ) ;
#2136 = AXIS2_PLACEMENT_3D ( 'NONE', #2076, #2902, #2965 ) ;
#2137 = DIRECTION ( 'NONE',  ( -1.000000000000000000, -0.000000000000000000, -0.000000000000000000 ) ) ;
#2138 = DIRECTION ( 'NONE',  ( 0.000000000000000000, 0.7071067811865479058, 0.7071067811865472397 ) ) ;
#2139 = DIRECTION ( 'NONE',  ( -0.000000000000000000, -0.000000000000000000, -1.000000000000000000 ) ) ;
#2140 = CARTESIAN_POINT ( 'NONE',  ( 32.24999999999998579, 13.25429687500000142, 3.749999999999995115 ) ) ;
#2141 = EDGE_CURVE ( 'NONE', #1007, #1112, #3366, .T. ) ;
#2142 = CARTESIAN_POINT ( 'NONE',  ( -85.90000000000001990, 14.40429687500000178, 0.5000000000000000000 ) ) ;
#2143 = DIRECTION ( 'NONE',  ( -0.000000000000000000, -0.000000000000000000, 1.000000000000000000 ) ) ;
#2144 = ADVANCED_FACE ( 'NONE', ( #3439 ), #1302, .T. ) ;
#2145 = CARTESIAN_POINT ( 'NONE',  ( -61.75000000000001421, 23.05429687500000213, 3.750000000000000444 ) ) ;
#2146 = ORIENTED_EDGE ( 'NONE', *, *, #3269, .T. ) ;
#2147 = ADVANCED_FACE ( 'NONE', ( #620 ), #997, .F. ) ;
#2148 = VECTOR ( 'NONE', #3096, 1000.000000000000000 ) ;
#2149 = VERTEX_POINT ( 'NONE', #2461 ) ;
#2150 = AXIS2_PLACEMENT_3D ( 'NONE', #544, #3040, #243 ) ;
#2151 = DIRECTION ( 'NONE',  ( 0.000000000000000000, -1.000000000000000000, 0.000000000000000000 ) ) ;
#2152 = CARTESIAN_POINT ( 'NONE',  ( -5.750000000000005329, 21.90429687500000000, 0.5000000000000000000 ) ) ;
#2153 = PLANE ( 'NONE',  #1320 ) ;
#2154 = CARTESIAN_POINT ( 'NONE',  ( -60.60000000000001563, 16.15429687499999289, 0.000000000000000000 ) ) ;
#2155 = LINE ( 'NONE', #2195, #3369 ) ;
#2156 = CARTESIAN_POINT ( 'NONE',  ( 45.85000000000000142, 12.50429687500000142, 6.000000000000000000 ) ) ;
#2157 = ADVANCED_FACE ( 'NONE', ( #3059 ), #1877, .F. ) ;
#2158 = EDGE_CURVE ( 'NONE', #1500, #1806, #394, .T. ) ;
#2159 = CARTESIAN_POINT ( 'NONE',  ( -89.25000000000001421, 23.15429687500000355, 0.3499999999999999223 ) ) ;
#2160 = ORIENTED_EDGE ( 'NONE', *, *, #2575, .F. ) ;
#2161 = CARTESIAN_POINT ( 'NONE',  ( 32.24999999999998579, 12.50429687500000142, 3.749999999999995115 ) ) ;
#2162 = PLANE ( 'NONE',  #280 ) ;
#2163 = VECTOR ( 'NONE', #1207, 1000.000000000000000 ) ;
#2164 = ORIENTED_EDGE ( 'NONE', *, *, #2091, .T. ) ;
#2165 = VECTOR ( 'NONE', #543, 1000.000000000000000 ) ;
#2166 = VECTOR ( 'NONE', #3289, 1000.000000000000000 ) ;
#2167 = VERTEX_POINT ( 'NONE', #3099 ) ;
#2168 = CARTESIAN_POINT ( 'NONE',  ( 32.24999999999998579, 23.05429687500000213, 3.750000000000000444 ) ) ;
#2169 = EDGE_LOOP ( 'NONE', ( #1305, #77, #1760, #448, #2281, #1062 ) ) ;
#2170 = FACE_OUTER_BOUND ( 'NONE', #3816, .T. ) ;
#2171 = CARTESIAN_POINT ( 'NONE',  ( -54.10000000000000853, 15.40429687499999645, 0.000000000000000000 ) ) ;
#2172 = VECTOR ( 'NONE', #3674, 1000.000000000000000 ) ;
#2173 = PLANE ( 'NONE',  #664 ) ;
#2174 = CARTESIAN_POINT ( 'NONE',  ( -61.75000000000001421, 23.05429687500000213, 3.750000000000000444 ) ) ;
#2175 = VECTOR ( 'NONE', #1159, 1000.000000000000000 ) ;
#2176 = CARTESIAN_POINT ( 'NONE',  ( 41.09999999999998721, 20.15429687500000000, 0.5000000000000000000 ) ) ;
#2177 = CARTESIAN_POINT ( 'NONE',  ( -29.75000000000001421, 23.05429687500000213, 4.249999999999998224 ) ) ;
#2178 = VECTOR ( 'NONE', #231, 1000.000000000000000 ) ;
#2179 = CARTESIAN_POINT ( 'NONE',  ( -76.75000000000001421, 23.55429687500000213, 4.000000000000000888 ) ) ;
#2180 = ADVANCED_FACE ( 'NONE', ( #374 ), #3678, .F. ) ;
#2181 = CARTESIAN_POINT ( 'NONE',  ( -51.10000000000000853, 16.15429687499999289, 2.000000000000000000 ) ) ;
#2182 = VERTEX_POINT ( 'NONE', #2501 ) ;
#2183 = ORIENTED_EDGE ( 'NONE', *, *, #419, .T. ) ;
#2184 = DIRECTION ( 'NONE',  ( 0.6785983445458525498, 0.6785983445458525498, -0.2810846377147934172 ) ) ;
#2185 = DIRECTION ( 'NONE',  ( -1.000000000000000000, -0.000000000000000000, 1.156482317317871478E-16 ) ) ;
#2186 = DIRECTION ( 'NONE',  ( -0.000000000000000000, 1.000000000000000000, -0.000000000000000000 ) ) ;
#2187 = ORIENTED_EDGE ( 'NONE', *, *, #12, .T. ) ;
#2188 = ORIENTED_EDGE ( 'NONE', *, *, #2777, .F. ) ;
#2189 = AXIS2_PLACEMENT_3D ( 'NONE', #3605, #2682, #869 ) ;
#2190 = CARTESIAN_POINT ( 'NONE',  ( -90.00000000000001421, 13.15429687500000355, 0.000000000000000000 ) ) ;
#2191 = DIRECTION ( 'NONE',  ( 9.251858538542971828E-16, -1.000000000000000000, 0.000000000000000000 ) ) ;
#2192 = EDGE_CURVE ( 'NONE', #175, #1629, #3719, .T. ) ;
#2193 = CARTESIAN_POINT ( 'NONE',  ( -61.75000000000001421, 12.50429687500000142, 4.249999999999994671 ) ) ;
#2194 = CARTESIAN_POINT ( 'NONE',  ( 6.049999999999992717, 21.90429687500000000, 2.000000000000000000 ) ) ;
#2195 = CARTESIAN_POINT ( 'NONE',  ( 15.04999999999999005, 20.90429687500000000, 0.5000000000000000000 ) ) ;
#2196 = LINE ( 'NONE', #3697, #844 ) ;
#2197 = DIRECTION ( 'NONE',  ( 6.542051911182387448E-16, -0.7071067811865465735, 0.7071067811865483499 ) ) ;
#2198 = FACE_BOUND ( 'NONE', #2635, .T. ) ;
#2199 = EDGE_CURVE ( 'NONE', #3508, #397, #3734, .T. ) ;
#2200 = DIRECTION ( 'NONE',  ( -0.000000000000000000, 1.000000000000000000, -0.000000000000000000 ) ) ;
#2201 = EDGE_CURVE ( 'NONE', #1073, #2278, #787, .T. ) ;
#2202 = EDGE_LOOP ( 'NONE', ( #1269, #1536, #880, #2629 ) ) ;
#2203 = ORIENTED_EDGE ( 'NONE', *, *, #2443, .F. ) ;
#2204 = EDGE_LOOP ( 'NONE', ( #1615, #2321, #3375, #3351 ) ) ;
#2205 = CARTESIAN_POINT ( 'NONE',  ( 41.09999999999998721, 20.15429687500000000, 0.5000000000000000000 ) ) ;
#2206 = ORIENTED_EDGE ( 'NONE', *, *, #2564, .F. ) ;
#2207 = DIRECTION ( 'NONE',  ( 1.000000000000000000, -0.000000000000000000, -0.000000000000000000 ) ) ;
#2208 = ORGANIZATION ( 'UNSPECIFIED', 'UNSPECIFIED', '' ) ;
#2209 = LINE ( 'NONE', #697, #1134 ) ;
#2210 = DIRECTION ( 'NONE',  ( 0.000000000000000000, 0.000000000000000000, -1.000000000000000000 ) ) ;
#2211 = DIRECTION ( 'NONE',  ( 0.000000000000000000, -1.000000000000000000, 0.000000000000000000 ) ) ;
#2212 = DIRECTION ( 'NONE',  ( -0.000000000000000000, 0.000000000000000000, 1.000000000000000000 ) ) ;
#2213 = ORIENTED_EDGE ( 'NONE', *, *, #3415, .T. ) ;
#2214 = LINE ( 'NONE', #184, #2820 ) ;
#2215 = CARTESIAN_POINT ( 'NONE',  ( -73.90000000000001990, 14.40429687500000178, 0.5000000000000000000 ) ) ;
#2216 = ORIENTED_EDGE ( 'NONE', *, *, #3610, .F. ) ;
#2217 = VERTEX_POINT ( 'NONE', #1929 ) ;
#2218 = CARTESIAN_POINT ( 'NONE',  ( 18.04999999999999005, 21.90429687499999645, 2.000000000000000000 ) ) ;
#2219 = DIRECTION ( 'NONE',  ( 0.000000000000000000, -1.000000000000000000, 0.000000000000000000 ) ) ;
#2220 = ORIENTED_EDGE ( 'NONE', *, *, #3742, .T. ) ;
#2221 = EDGE_CURVE ( 'NONE', #3053, #615, #1713, .T. ) ;
#2222 = ORIENTED_EDGE ( 'NONE', *, *, #1256, .T. ) ;
#2223 = DIRECTION ( 'NONE',  ( -1.000000000000000000, 0.000000000000000000, 0.000000000000000000 ) ) ;
#2224 = PRODUCT_DEFINITION ( 'UNKNOWN', '', #71, #3895 ) ;
#2225 = CARTESIAN_POINT ( 'NONE',  ( 17.24999999999998579, 13.25429687500000142, 3.749999999999996891 ) ) ;
#2226 = DIRECTION ( 'NONE',  ( -1.000000000000000000, 0.000000000000000000, 0.000000000000000000 ) ) ;
#2227 = VECTOR ( 'NONE', #884, 1000.000000000000000 ) ;
#2228 = ORIENTED_EDGE ( 'NONE', *, *, #700, .T. ) ;
#2229 = EDGE_LOOP ( 'NONE', ( #3236, #663, #1117, #3507 ) ) ;
#2230 = CARTESIAN_POINT ( 'NONE',  ( 45.85000000000000142, 12.50429687500000142, 6.000000000000000000 ) ) ;
#2231 = LINE ( 'NONE', #3801, #2557 ) ;
#2232 = ADVANCED_FACE ( 'NONE', ( #1421 ), #2897, .F. ) ;
#2233 = VECTOR ( 'NONE', #3023, 1000.000000000000000 ) ;
#2234 = CARTESIAN_POINT ( 'NONE',  ( -14.75000000000001243, 13.25429687500000142, 3.749999999999995115 ) ) ;
#2235 = VERTEX_POINT ( 'NONE', #3239 ) ;
#2236 = VECTOR ( 'NONE', #2793, 1000.000000000000000 ) ;
#2237 = DIRECTION ( 'NONE',  ( -0.000000000000000000, 0.000000000000000000, -1.000000000000000000 ) ) ;
#2238 = FACE_OUTER_BOUND ( 'NONE', #2202, .T. ) ;
#2239 = VERTEX_POINT ( 'NONE', #720 ) ;
#2240 = ORIENTED_EDGE ( 'NONE', *, *, #1369, .F. ) ;
#2241 = LINE ( 'NONE', #3148, #3519 ) ;
#2242 = CARTESIAN_POINT ( 'NONE',  ( 38.09999999999998721, 20.90429687500000000, 0.000000000000000000 ) ) ;
#2243 = ORIENTED_EDGE ( 'NONE', *, *, #3922, .T. ) ;
#2244 = PLANE ( 'NONE',  #684 ) ;
#2245 = ADVANCED_FACE ( 'NONE', ( #3819 ), #3517, .F. ) ;
#2246 = CIRCLE ( 'NONE', #2573, 0.2500000000000002220 ) ;
#2247 = ORIENTED_EDGE ( 'NONE', *, *, #920, .F. ) ;
#2248 = DIRECTION ( 'NONE',  ( -1.000000000000000000, -2.775557561562890365E-16, -0.000000000000000000 ) ) ;
#2249 = CARTESIAN_POINT ( 'NONE',  ( -8.000000000000007105, 20.90429687500000000, 0.000000000000000000 ) ) ;
#2250 = ORIENTED_EDGE ( 'NONE', *, *, #91, .T. ) ;
#2251 = EDGE_LOOP ( 'NONE', ( #216, #3291, #269, #1872 ) ) ;
#2252 = DIRECTION ( 'NONE',  ( -1.000000000000000000, 0.000000000000000000, 0.000000000000000000 ) ) ;
#2253 = VERTEX_POINT ( 'NONE', #1990 ) ;
#2254 = LINE ( 'NONE', #3485, #834 ) ;
#2255 = EDGE_CURVE ( 'NONE', #2912, #3311, #1695, .T. ) ;
#2256 = CARTESIAN_POINT ( 'NONE',  ( -29.75000000000001421, 13.25429687500000142, 4.249999999999996447 ) ) ;
#2257 = ORIENTED_EDGE ( 'NONE', *, *, #2030, .F. ) ;
#2258 = EDGE_CURVE ( 'NONE', #3747, #3780, #2613, .T. ) ;
#2259 = ORIENTED_EDGE ( 'NONE', *, *, #3283, .T. ) ;
#2260 = LINE ( 'NONE', #3490, #1859 ) ;
#2261 = CYLINDRICAL_SURFACE ( 'NONE', #2500, 0.2500000000000002220 ) ;
#2262 = EDGE_CURVE ( 'NONE', #289, #1422, #2918, .T. ) ;
#2263 = ORIENTED_EDGE ( 'NONE', *, *, #382, .F. ) ;
#2264 = LINE ( 'NONE', #2285, #2662 ) ;
#2265 = ORIENTED_EDGE ( 'NONE', *, *, #1019, .F. ) ;
#2266 = PLANE ( 'NONE',  #1257 ) ;
#2267 = CARTESIAN_POINT ( 'NONE',  ( 32.24999999999998579, 23.05429687500000213, 4.249999999999999112 ) ) ;
#2268 = APPROVAL_PERSON_ORGANIZATION ( #294, #3114, #3338 ) ;
#2269 = ORIENTED_EDGE ( 'NONE', *, *, #2017, .T. ) ;
#2270 = CARTESIAN_POINT ( 'NONE',  ( -31.05000000000000782, 20.15429687500001066, 0.5000000000000000000 ) ) ;
#2271 = EDGE_CURVE ( 'NONE', #1779, #2690, #2231, .T. ) ;
#2272 = AXIS2_PLACEMENT_3D ( 'NONE', #145, #2942, #1083 ) ;
#2273 = LINE ( 'NONE', #470, #818 ) ;
#2274 = ORIENTED_EDGE ( 'NONE', *, *, #347, .T. ) ;
#2275 = EDGE_CURVE ( 'NONE', #1310, #2393, #200, .T. ) ;
#2276 = DIRECTION ( 'NONE',  ( 0.000000000000000000, -1.000000000000000000, 0.000000000000000000 ) ) ;
#2277 = FACE_OUTER_BOUND ( 'NONE', #721, .T. ) ;
#2278 = VERTEX_POINT ( 'NONE', #2856 ) ;
#2279 = EDGE_CURVE ( 'NONE', #1706, #2611, #1081, .T. ) ;
#2280 = FACE_OUTER_BOUND ( 'NONE', #3852, .T. ) ;
#2281 = ORIENTED_EDGE ( 'NONE', *, *, #587, .F. ) ;
#2282 = LINE ( 'NONE', #1612, #3455 ) ;
#2283 = CARTESIAN_POINT ( 'NONE',  ( 41.09999999999999432, 16.15429687499999645, 0.5000000000000000000 ) ) ;
#2284 = ORIENTED_EDGE ( 'NONE', *, *, #3142, .F. ) ;
#2285 = CARTESIAN_POINT ( 'NONE',  ( 32.24999999999998579, 13.25429687500000142, 3.749999999999995115 ) ) ;
#2286 = ORIENTED_EDGE ( 'NONE', *, *, #2941, .F. ) ;
#2287 = ORIENTED_EDGE ( 'NONE', *, *, #3708, .T. ) ;
#2288 = LINE ( 'NONE', #762, #1553 ) ;
#2289 = DIRECTION ( 'NONE',  ( -1.156482317317871478E-16, 0.000000000000000000, 1.000000000000000000 ) ) ;
#2290 = VECTOR ( 'NONE', #2339, 1000.000000000000000 ) ;
#2291 = VECTOR ( 'NONE', #3557, 1000.000000000000000 ) ;
#2292 = AXIS2_PLACEMENT_3D ( 'NONE', #1682, #1976, #2219 ) ;
#2293 = DIRECTION ( 'NONE',  ( 0.000000000000000000, 0.000000000000000000, 1.000000000000000000 ) ) ;
#2294 = CARTESIAN_POINT ( 'NONE',  ( -14.50000000000000533, 20.90429687500000000, 0.000000000000000000 ) ) ;
#2295 = EDGE_CURVE ( 'NONE', #1100, #2404, #741, .T. ) ;
#2296 = VECTOR ( 'NONE', #3083, 1000.000000000000000 ) ;
#2297 = VECTOR ( 'NONE', #1009, 1000.000000000000000 ) ;
#2298 = AXIS2_PLACEMENT_3D ( 'NONE', #1199, #3877, #2955 ) ;
#2299 = DIRECTION ( 'NONE',  ( 1.000000000000000000, 0.000000000000000000, 0.000000000000000000 ) ) ;
#2300 = VERTEX_POINT ( 'NONE', #446 ) ;
#2301 = VECTOR ( 'NONE', #2687, 1000.000000000000000 ) ;
#2302 = ORIENTED_EDGE ( 'NONE', *, *, #201, .F. ) ;
#2303 = ORIENTED_EDGE ( 'NONE', *, *, #2443, .T. ) ;
#2304 = LINE ( 'NONE', #3568, #2663 ) ;
#2305 = CARTESIAN_POINT ( 'NONE',  ( -51.10000000000000853, 16.15429687499999289, 0.5000000000000000000 ) ) ;
#2306 = ORIENTED_EDGE ( 'NONE', *, *, #2102, .F. ) ;
#2307 = LINE ( 'NONE', #3192, #3108 ) ;
#2308 = ORIENTED_EDGE ( 'NONE', *, *, #951, .F. ) ;
#2309 = CARTESIAN_POINT ( 'NONE',  ( 45.84999999999998721, 10.65429687500000355, 5.000000000000000000 ) ) ;
#2310 = ADVANCED_FACE ( 'NONE', ( #3841, #2311, #3217, #1339 ), #1966, .T. ) ;
#2311 = FACE_BOUND ( 'NONE', #2895, .T. ) ;
#2312 = ORIENTED_EDGE ( 'NONE', *, *, #1489, .F. ) ;
#2313 = LINE ( 'NONE', #1045, #2012 ) ;
#2314 = EDGE_CURVE ( 'NONE', #1023, #3669, #1947, .T. ) ;
#2315 = EDGE_CURVE ( 'NONE', #511, #192, #2578, .T. ) ;
#2316 = LINE ( 'NONE', #1406, #1844 ) ;
#2317 = VERTEX_POINT ( 'NONE', #1678 ) ;
#2318 = PLANE ( 'NONE',  #286 ) ;
#2319 = ORIENTED_EDGE ( 'NONE', *, *, #3235, .F. ) ;
#2320 = VECTOR ( 'NONE', #1819, 1000.000000000000000 ) ;
#2321 = ORIENTED_EDGE ( 'NONE', *, *, #2476, .F. ) ;
#2322 = EDGE_CURVE ( 'NONE', #1587, #3319, #2554, .T. ) ;
#2323 = CARTESIAN_POINT ( 'NONE',  ( -89.64644660940673759, 13.25785026559327662, 0.5999999999999998668 ) ) ;
#2324 = PLANE ( 'NONE',  #965 ) ;
#2325 = VERTEX_POINT ( 'NONE', #182 ) ;
#2326 = DIRECTION ( 'NONE',  ( -0.000000000000000000, -0.000000000000000000, -1.000000000000000000 ) ) ;
#2327 = ADVANCED_FACE ( 'NONE', ( #1382 ), #2736, .T. ) ;
#2328 = VERTEX_POINT ( 'NONE', #3314 ) ;
#2329 = ORIENTED_EDGE ( 'NONE', *, *, #290, .F. ) ;
#2330 = PLANE ( 'NONE',  #2882 ) ;
#2331 = DIRECTION ( 'NONE',  ( -0.000000000000000000, -1.000000000000000000, -0.000000000000000000 ) ) ;
#2332 = ADVANCED_FACE ( 'NONE', ( #3921 ), #3295, .T. ) ;
#2333 = EDGE_LOOP ( 'NONE', ( #406, #2865, #227, #3838 ) ) ;
#2334 = CARTESIAN_POINT ( 'NONE',  ( 8.549999999999995381, 20.90429687500000000, 0.000000000000000000 ) ) ;
#2335 = DIRECTION ( 'NONE',  ( 0.000000000000000000, 1.000000000000000000, 0.000000000000000000 ) ) ;
#2336 = LOCAL_TIME ( 20, 50, 53.00000000000000000, #313 ) ;
#2337 = AXIS2_PLACEMENT_3D ( 'NONE', #3926, #2382, #1524 ) ;
#2338 = ORIENTED_EDGE ( 'NONE', *, *, #32, .F. ) ;
#2339 = DIRECTION ( 'NONE',  ( 0.000000000000000000, -1.000000000000000000, 0.000000000000000000 ) ) ;
#2340 = EDGE_LOOP ( 'NONE', ( #238, #239, #1288, #3792 ) ) ;
#2341 = DIRECTION ( 'NONE',  ( 0.000000000000000000, 0.000000000000000000, -1.000000000000000000 ) ) ;
#2342 = ORIENTED_EDGE ( 'NONE', *, *, #499, .T. ) ;
#2343 = EDGE_LOOP ( 'NONE', ( #3549, #209, #1627, #2784 ) ) ;
#2344 = FACE_OUTER_BOUND ( 'NONE', #433, .T. ) ;
#2345 = CARTESIAN_POINT ( 'NONE',  ( -61.75000000000001421, 13.25429687500000142, 3.749999999999995115 ) ) ;
#2346 = VERTEX_POINT ( 'NONE', #1124 ) ;
#2347 = PERSON_AND_ORGANIZATION ( #2744, #2208 ) ;
#2348 = EDGE_CURVE ( 'NONE', #2358, #175, #1144, .T. ) ;
#2349 = FACE_OUTER_BOUND ( 'NONE', #2975, .T. ) ;
#2350 = ORIENTED_EDGE ( 'NONE', *, *, #1949, .T. ) ;
#2351 = ORIENTED_EDGE ( 'NONE', *, *, #335, .F. ) ;
#2352 = DIRECTION ( 'NONE',  ( 0.000000000000000000, 0.000000000000000000, -1.000000000000000000 ) ) ;
#2353 = DIRECTION ( 'NONE',  ( 1.000000000000000000, 0.000000000000000000, 0.000000000000000000 ) ) ;
#2354 = CARTESIAN_POINT ( 'NONE',  ( -85.90000000000001990, 21.90429687500000000, 0.5000000000000000000 ) ) ;
#2355 = CARTESIAN_POINT ( 'NONE',  ( 0.000000000000000000, 0.000000000000000000, 0.5000000000000000000 ) ) ;
#2356 = VECTOR ( 'NONE', #3889, 1000.000000000000000 ) ;
#2357 = EDGE_CURVE ( 'NONE', #1119, #1100, #298, .T. ) ;
#2358 = VERTEX_POINT ( 'NONE', #2979 ) ;
#2359 = VECTOR ( 'NONE', #3788, 1000.000000000000000 ) ;
#2360 = EDGE_LOOP ( 'NONE', ( #2582, #2445, #2364, #3107 ) ) ;
#2361 = EDGE_CURVE ( 'NONE', #3054, #3033, #2699, .T. ) ;
#2362 = ORIENTED_EDGE ( 'NONE', *, *, #1441, .F. ) ;
#2363 = CARTESIAN_POINT ( 'NONE',  ( -54.10000000000000853, 20.90429687499999289, 0.000000000000000000 ) ) ;
#2364 = ORIENTED_EDGE ( 'NONE', *, *, #1369, .T. ) ;
#2365 = AXIS2_PLACEMENT_3D ( 'NONE', #1544, #2480, #964 ) ;
#2366 = ORIENTED_EDGE ( 'NONE', *, *, #610, .F. ) ;
#2367 = VECTOR ( 'NONE', #1959, 1000.000000000000000 ) ;
#2368 = CARTESIAN_POINT ( 'NONE',  ( -14.75000000000001243, 23.80429687500000213, 4.249999999999999112 ) ) ;
#2369 = CARTESIAN_POINT ( 'NONE',  ( 31.59999999999999076, 15.40429687499999822, 0.000000000000000000 ) ) ;
#2370 = LINE ( 'NONE', #2992, #2166 ) ;
#2371 = CALENDAR_DATE ( 2025, 31, 7 ) ;
#2372 = VECTOR ( 'NONE', #901, 1000.000000000000000 ) ;
#2373 = VECTOR ( 'NONE', #1284, 1000.000000000000000 ) ;
#2374 = ORIENTED_EDGE ( 'NONE', *, *, #457, .F. ) ;
#2375 = ORIENTED_EDGE ( 'NONE', *, *, #1456, .T. ) ;
#2376 = PLANE ( 'NONE',  #3136 ) ;
#2377 = DIRECTION ( 'NONE',  ( -5.782411586589351229E-17, 0.000000000000000000, 1.000000000000000000 ) ) ;
#2378 = ADVANCED_FACE ( 'NONE', ( #1797 ), #2114, .F. ) ;
#2379 = DIRECTION ( 'NONE',  ( 0.000000000000000000, 0.000000000000000000, -1.000000000000000000 ) ) ;
#2380 = DIRECTION ( 'NONE',  ( -0.000000000000000000, -1.000000000000000000, -0.000000000000000000 ) ) ;
#2381 = ORIENTED_EDGE ( 'NONE', *, *, #928, .T. ) ;
#2382 = DIRECTION ( 'NONE',  ( -0.000000000000000000, 0.000000000000000000, 1.000000000000000000 ) ) ;
#2383 = DIRECTION ( 'NONE',  ( 1.000000000000000000, 0.000000000000000000, 0.000000000000000000 ) ) ;
#2384 = CARTESIAN_POINT ( 'NONE',  ( -14.50000000000000533, 20.90429687500000000, 0.5000000000000000000 ) ) ;
#2385 = VECTOR ( 'NONE', #3324, 1000.000000000000227 ) ;
#2386 = EDGE_LOOP ( 'NONE', ( #2286, #481, #3185, #2025, #2878 ) ) ;
#2387 = DIRECTION ( 'NONE',  ( 1.000000000000000000, -2.668805347656624213E-16, 0.000000000000000000 ) ) ;
#2388 = ORIENTED_EDGE ( 'NONE', *, *, #319, .F. ) ;
#2389 = DIRECTION ( 'NONE',  ( 1.000000000000000000, 0.000000000000000000, 0.000000000000000000 ) ) ;
#2390 = ADVANCED_FACE ( 'NONE', ( #2999 ), #2419, .F. ) ;
#2391 = CARTESIAN_POINT ( 'NONE',  ( 0.2499999999989316324, -20.34570312500106581, -45.59999999999948983 ) ) ;
#2392 = PLANE ( 'NONE',  #1167 ) ;
#2393 = VERTEX_POINT ( 'NONE', #2397 ) ;
#2394 = ORIENTED_EDGE ( 'NONE', *, *, #3620, .F. ) ;
#2395 = EDGE_CURVE ( 'NONE', #3669, #3009, #3575, .T. ) ;
#2396 = DIRECTION ( 'NONE',  ( -1.734723475976805517E-15, 1.000000000000000000, -0.000000000000000000 ) ) ;
#2397 = CARTESIAN_POINT ( 'NONE',  ( -63.60000000000001563, 16.15429687499999289, 0.5000000000000000000 ) ) ;
#2398 = FACE_BOUND ( 'NONE', #3529, .T. ) ;
#2399 = DIRECTION ( 'NONE',  ( -0.000000000000000000, -0.000000000000000000, 1.000000000000000000 ) ) ;
#2400 = ORIENTED_EDGE ( 'NONE', *, *, #3041, .T. ) ;
#2401 = LINE ( 'NONE', #2096, #3773 ) ;
#2402 = LINE ( 'NONE', #1776, #2057 ) ;
#2403 = EDGE_CURVE ( 'NONE', #3551, #3162, #3618, .T. ) ;
#2404 = VERTEX_POINT ( 'NONE', #902 ) ;
#2405 = CC_DESIGN_PERSON_AND_ORGANIZATION_ASSIGNMENT ( #3594, #1221, ( #71 ) ) ;
#2406 = VECTOR ( 'NONE', #354, 1000.000000000000000 ) ;
#2407 = LINE ( 'NONE', #1251, #1086 ) ;
#2408 = ORIENTED_EDGE ( 'NONE', *, *, #2962, .F. ) ;
#2409 = ORIENTED_EDGE ( 'NONE', *, *, #2141, .T. ) ;
#2410 =( GEOMETRIC_REPRESENTATION_CONTEXT ( 3 ) GLOBAL_UNCERTAINTY_ASSIGNED_CONTEXT ( ( #537 ) ) GLOBAL_UNIT_ASSIGNED_CONTEXT ( ( #237, #2993, #3290 ) ) REPRESENTATION_CONTEXT ( 'NONE', 'WORKASPACE' ) );
#2411 = CARTESIAN_POINT ( 'NONE',  ( 6.049999999999992717, 14.40429687500000178, 0.5000000000000000000 ) ) ;
#2412 = CARTESIAN_POINT ( 'NONE',  ( 32.24999999999998579, 23.05429687500000213, 3.750000000000000444 ) ) ;
#2413 = ORIENTED_EDGE ( 'NONE', *, *, #1757, .F. ) ;
#2414 = EDGE_CURVE ( 'NONE', #1023, #2906, #2092, .T. ) ;
#2415 = PERSON_AND_ORGANIZATION_ROLE ( 'classification_officer' ) ;
#2416 = ORIENTED_EDGE ( 'NONE', *, *, #3869, .F. ) ;
#2417 = ORIENTED_EDGE ( 'NONE', *, *, #870, .F. ) ;
#2418 = CARTESIAN_POINT ( 'NONE',  ( -91.75000000000001421, 12.50429687500000142, 2.000000000000000000 ) ) ;
#2419 = PLANE ( 'NONE',  #1228 ) ;
#2420 = CARTESIAN_POINT ( 'NONE',  ( -28.05000000000000426, 16.15429687500000355, 2.000000000000000000 ) ) ;
#2421 = FACE_OUTER_BOUND ( 'NONE', #1142, .T. ) ;
#2422 = LINE ( 'NONE', #566, #2852 ) ;
#2423 = LINE ( 'NONE', #11, #1927 ) ;
#2424 = CARTESIAN_POINT ( 'NONE',  ( 46.25000000000000711, 12.50429687500000142, 2.000000000000000000 ) ) ;
#2425 = LINE ( 'NONE', #1214, #703 ) ;
#2426 = EDGE_CURVE ( 'NONE', #1310, #2124, #3902, .T. ) ;
#2427 = ORIENTED_EDGE ( 'NONE', *, *, #2982, .F. ) ;
#2428 = AXIS2_PLACEMENT_3D ( 'NONE', #3328, #596, #3029 ) ;
#2429 = DIRECTION ( 'NONE',  ( -1.000000000000000000, -2.775557561562890365E-16, -0.000000000000000000 ) ) ;
#2430 = FACE_OUTER_BOUND ( 'NONE', #2844, .T. ) ;
#2431 = COORDINATED_UNIVERSAL_TIME_OFFSET ( 5, 0, .BEHIND. ) ;
#2432 = VECTOR ( 'NONE', #142, 1000.000000000000000 ) ;
#2433 = ORIENTED_EDGE ( 'NONE', *, *, #1792, .T. ) ;
#2434 = FACE_OUTER_BOUND ( 'NONE', #2585, .T. ) ;
#2435 = AXIS2_PLACEMENT_3D ( 'NONE', #3809, #1373, #2545 ) ;
#2436 = DIRECTION ( 'NONE',  ( 0.000000000000000000, -0.000000000000000000, -1.000000000000000000 ) ) ;
#2437 = PLANE ( 'NONE',  #513 ) ;
#2438 = ADVANCED_FACE ( 'NONE', ( #1770 ), #3599, .F. ) ;
#2439 = LINE ( 'NONE', #3663, #2546 ) ;
#2440 = FACE_OUTER_BOUND ( 'NONE', #3359, .T. ) ;
#2441 = DIRECTION ( 'NONE',  ( -1.000000000000000000, -2.775557561562890365E-16, -0.000000000000000000 ) ) ;
#2442 = DIRECTION ( 'NONE',  ( -0.5773502691896366112, 0.5773502691896302830, 0.5773502691896102990 ) ) ;
#2443 = EDGE_CURVE ( 'NONE', #1477, #3508, #2676, .T. ) ;
#2444 = CARTESIAN_POINT ( 'NONE',  ( -89.25000000000001421, 13.15429687500000355, 0.000000000000000000 ) ) ;
#2445 = ORIENTED_EDGE ( 'NONE', *, *, #168, .T. ) ;
#2446 = EDGE_CURVE ( 'NONE', #3688, #1611, #1481, .T. ) ;
#2447 = CARTESIAN_POINT ( 'NONE',  ( -40.55000000000001137, 16.15429687500000355, 2.000000000000000000 ) ) ;
#2448 = CARTESIAN_POINT ( 'NONE',  ( 15.04999999999999005, 20.90429687500000000, 0.000000000000000000 ) ) ;
#2449 = VECTOR ( 'NONE', #639, 1000.000000000000000 ) ;
#2450 = DIRECTION ( 'NONE',  ( 0.000000000000000000, -1.000000000000000000, 0.000000000000000000 ) ) ;
#2451 = VERTEX_POINT ( 'NONE', #3036 ) ;
#2452 = PERSON_AND_ORGANIZATION ( #2744, #2208 ) ;
#2453 = VERTEX_POINT ( 'NONE', #3555 ) ;
#2454 = EDGE_CURVE ( 'NONE', #800, #2526, #826, .T. ) ;
#2455 = EDGE_LOOP ( 'NONE', ( #2111, #3880, #3784, #1429, #1626, #1999, #2068, #2287 ) ) ;
#2456 = CARTESIAN_POINT ( 'NONE',  ( -91.34999999999999432, 11.05429687500000036, 0.000000000000000000 ) ) ;
#2457 = ADVANCED_FACE ( 'NONE', ( #520 ), #1733, .F. ) ;
#2458 = LINE ( 'NONE', #43, #3518 ) ;
#2459 = CARTESIAN_POINT ( 'NONE',  ( 46.25000000000000000, 24.48861145005077233, 5.600000000000016520 ) ) ;
#2460 = CARTESIAN_POINT ( 'NONE',  ( -31.05000000000000782, 16.15429687500000355, 2.000000000000000000 ) ) ;
#2461 = CARTESIAN_POINT ( 'NONE',  ( -76.75000000000001421, 23.80429687500000213, 3.749999999999998668 ) ) ;
#2462 = EDGE_CURVE ( 'NONE', #1611, #256, #3383, .T. ) ;
#2463 = CARTESIAN_POINT ( 'NONE',  ( -14.50000000000000533, 15.40429687499999822, 0.000000000000000000 ) ) ;
#2464 = FACE_OUTER_BOUND ( 'NONE', #3191, .T. ) ;
#2465 = EDGE_LOOP ( 'NONE', ( #1254, #2607, #726, #690 ) ) ;
#2466 = PLANE ( 'NONE',  #3321 ) ;
#2467 = CARTESIAN_POINT ( 'NONE',  ( -14.75000000000001243, 23.80429687500000213, 3.750000000000000444 ) ) ;
#2468 = DIRECTION ( 'NONE',  ( 0.000000000000000000, 0.000000000000000000, 1.000000000000000000 ) ) ;
#2469 = ORIENTED_EDGE ( 'NONE', *, *, #3736, .F. ) ;
#2470 = AXIS2_PLACEMENT_3D ( 'NONE', #1576, #3451, #995 ) ;
#2471 = VERTEX_POINT ( 'NONE', #1243 ) ;
#2472 = VECTOR ( 'NONE', #1660, 1000.000000000000000 ) ;
#2473 = CARTESIAN_POINT ( 'NONE',  ( -89.50000000000001421, 22.90429687500000355, 0.5999999999999999778 ) ) ;
#2474 = FACE_OUTER_BOUND ( 'NONE', #2360, .T. ) ;
#2475 = CARTESIAN_POINT ( 'NONE',  ( 38.09999999999998721, 15.40429687499999822, 0.000000000000000000 ) ) ;
#2476 = EDGE_CURVE ( 'NONE', #1120, #2527, #657, .T. ) ;
#2477 = DIRECTION ( 'NONE',  ( 0.000000000000000000, -0.000000000000000000, 1.000000000000000000 ) ) ;
#2478 = VERTEX_POINT ( 'NONE', #3714 ) ;
#2479 = PLANE ( 'NONE',  #3743 ) ;
#2480 = DIRECTION ( 'NONE',  ( 0.000000000000000000, -0.7071067811865484609, -0.7071067811865466846 ) ) ;
#2481 = FACE_OUTER_BOUND ( 'NONE', #812, .T. ) ;
#2482 = ORIENTED_EDGE ( 'NONE', *, *, #962, .T. ) ;
#2483 = ADVANCED_FACE ( 'NONE', ( #3131 ), #696, .F. ) ;
#2484 = CARTESIAN_POINT ( 'NONE',  ( -63.60000000000001563, 16.15429687499999289, 0.5000000000000000000 ) ) ;
#2485 = EDGE_CURVE ( 'NONE', #3476, #2869, #637, .T. ) ;
#2486 = DIRECTION ( 'NONE',  ( 0.000000000000000000, 0.000000000000000000, 1.000000000000000000 ) ) ;
#2487 = VECTOR ( 'NONE', #3639, 1000.000000000000000 ) ;
#2488 = ORIENTED_EDGE ( 'NONE', *, *, #1654, .F. ) ;
#2489 = VECTOR ( 'NONE', #689, 1000.000000000000000 ) ;
#2490 = EDGE_CURVE ( 'NONE', #30, #2478, #2794, .T. ) ;
#2491 = VERTEX_POINT ( 'NONE', #940 ) ;
#2492 = DIRECTION ( 'NONE',  ( -1.000000000000000000, 0.000000000000000000, -0.000000000000000000 ) ) ;
#2493 = CARTESIAN_POINT ( 'NONE',  ( -77.15000000000000568, 20.90429687500000355, 0.5000000000000000000 ) ) ;
#2494 = EDGE_CURVE ( 'NONE', #232, #2951, #1873, .T. ) ;
#2495 = FACE_OUTER_BOUND ( 'NONE', #1479, .T. ) ;
#2496 = VECTOR ( 'NONE', #993, 1000.000000000000000 ) ;
#2497 = LINE ( 'NONE', #681, #2449 ) ;
#2498 = EDGE_CURVE ( 'NONE', #2976, #3270, #2458, .T. ) ;
#2499 = DIRECTION ( 'NONE',  ( 0.000000000000000000, -1.000000000000000000, 0.000000000000000000 ) ) ;
#2500 = AXIS2_PLACEMENT_3D ( 'NONE', #1054, #117, #1630 ) ;
#2501 = CARTESIAN_POINT ( 'NONE',  ( -54.10000000000000853, 20.15429687499999645, 0.5000000000000000000 ) ) ;
#2502 = VECTOR ( 'NONE', #3287, 1000.000000000000000 ) ;
#2503 = DIRECTION ( 'NONE',  ( 1.000000000000000000, -0.000000000000000000, -0.000000000000000000 ) ) ;
#2504 = ADVANCED_FACE ( 'NONE', ( #2474 ), #3095, .F. ) ;
#2505 = DIRECTION ( 'NONE',  ( 1.000000000000000000, 0.000000000000000000, 0.000000000000000000 ) ) ;
#2506 = EDGE_LOOP ( 'NONE', ( #2222, #1204, #1997, #326 ) ) ;
#2507 = FACE_BOUND ( 'NONE', #3789, .T. ) ;
#2508 = CARTESIAN_POINT ( 'NONE',  ( -17.75000000000000355, 21.90429687500000355, 0.5000000000000000000 ) ) ;
#2509 = VERTEX_POINT ( 'NONE', #1851 ) ;
#2510 = ORIENTED_EDGE ( 'NONE', *, *, #745, .T. ) ;
#2511 = DIRECTION ( 'NONE',  ( -1.000000000000000000, 0.000000000000000000, 1.156482317317871478E-16 ) ) ;
#2512 = DIRECTION ( 'NONE',  ( -1.000000000000000000, 1.261617073437678048E-15, 0.000000000000000000 ) ) ;
#2513 = CARTESIAN_POINT ( 'NONE',  ( 41.09999999999998721, 20.15429687500000000, 0.5000000000000000000 ) ) ;
#2514 = ADVANCED_FACE ( 'NONE', ( #1275 ), #3076, .F. ) ;
#2515 = CARTESIAN_POINT ( 'NONE',  ( -73.90000000000001990, 21.90429687500000000, 2.000000000000000000 ) ) ;
#2516 = ORIENTED_EDGE ( 'NONE', *, *, #806, .F. ) ;
#2517 = DIRECTION ( 'NONE',  ( -1.000000000000000000, -0.000000000000000000, -0.000000000000000000 ) ) ;
#2518 = DIRECTION ( 'NONE',  ( 0.000000000000000000, -1.000000000000000000, 0.000000000000000000 ) ) ;
#2519 = ORIENTED_EDGE ( 'NONE', *, *, #1979, .T. ) ;
#2520 = LINE ( 'NONE', #3426, #2373 ) ;
#2521 = CARTESIAN_POINT ( 'NONE',  ( -17.75000000000000355, 14.40429687500000178, 0.5000000000000000000 ) ) ;
#2522 = DIRECTION ( 'NONE',  ( -1.000000000000000000, 0.000000000000000000, -1.156482317317871478E-16 ) ) ;
#2523 = DIRECTION ( 'NONE',  ( 0.000000000000000000, 0.000000000000000000, -1.000000000000000000 ) ) ;
#2524 = EDGE_CURVE ( 'NONE', #3326, #550, #2811, .T. ) ;
#2525 = LINE ( 'NONE', #1955, #1157 ) ;
#2526 = VERTEX_POINT ( 'NONE', #1890 ) ;
#2527 = VERTEX_POINT ( 'NONE', #2493 ) ;
#2528 = CARTESIAN_POINT ( 'NONE',  ( -14.75000000000001243, 23.05429687500000213, 4.249999999999999112 ) ) ;
#2529 = EDGE_CURVE ( 'NONE', #131, #2610, #1260, .T. ) ;
#2530 = DIRECTION ( 'NONE',  ( -0.000000000000000000, -0.000000000000000000, 1.000000000000000000 ) ) ;
#2531 = DIRECTION ( 'NONE',  ( -0.000000000000000000, -0.000000000000000000, 1.000000000000000000 ) ) ;
#2532 = ORIENTED_EDGE ( 'NONE', *, *, #2769, .T. ) ;
#2533 = AXIS2_PLACEMENT_3D ( 'NONE', #2369, #3611, #2671 ) ;
#2534 = DIRECTION ( 'NONE',  ( -0.000000000000000000, -0.000000000000000000, 1.000000000000000000 ) ) ;
#2535 = DIRECTION ( 'NONE',  ( -1.000000000000000000, -0.000000000000000000, -0.000000000000000000 ) ) ;
#2536 = CARTESIAN_POINT ( 'NONE',  ( -5.750000000000005329, 21.90429687500000000, 0.5000000000000000000 ) ) ;
#2537 = DIRECTION ( 'NONE',  ( -0.5773502691896323924, -0.5773502691896323924, -0.5773502691896122974 ) ) ;
#2538 = VERTEX_POINT ( 'NONE', #2774 ) ;
#2539 = FACE_OUTER_BOUND ( 'NONE', #2229, .T. ) ;
#2540 = EDGE_CURVE ( 'NONE', #2253, #3747, #923, .T. ) ;
#2541 = EDGE_CURVE ( 'NONE', #2908, #2664, #679, .T. ) ;
#2542 = DIRECTION ( 'NONE',  ( 0.5773502691896323924, 0.5773502691896323924, 0.5773502691896122974 ) ) ;
#2543 = ORIENTED_EDGE ( 'NONE', *, *, #769, .T. ) ;
#2544 = VERTEX_POINT ( 'NONE', #2132 ) ;
#2545 = DIRECTION ( 'NONE',  ( 0.000000000000000000, 0.000000000000000000, 1.000000000000000000 ) ) ;
#2546 = VECTOR ( 'NONE', #698, 1000.000000000000114 ) ;
#2547 = CARTESIAN_POINT ( 'NONE',  ( 0.000000000000000000, 0.000000000000000000, 0.5000000000000000000 ) ) ;
#2548 = EDGE_LOOP ( 'NONE', ( #743, #3293, #3798, #3234 ) ) ;
#2549 = PLANE ( 'NONE',  #1700 ) ;
#2550 = VECTOR ( 'NONE', #3103, 1000.000000000000000 ) ;
#2551 = ORIENTED_EDGE ( 'NONE', *, *, #1508, .T. ) ;
#2552 = ORIENTED_EDGE ( 'NONE', *, *, #364, .F. ) ;
#2553 = CARTESIAN_POINT ( 'NONE',  ( -40.55000000000001137, 20.15429687500000711, 2.000000000000000000 ) ) ;
#2554 = LINE ( 'NONE', #3178, #1914 ) ;
#2555 = EDGE_CURVE ( 'NONE', #2869, #1368, #617, .T. ) ;
#2556 = ORIENTED_EDGE ( 'NONE', *, *, #3700, .T. ) ;
#2557 = VECTOR ( 'NONE', #221, 1000.000000000000000 ) ;
#2558 = CARTESIAN_POINT ( 'NONE',  ( 0.000000000000000000, 22.90429687500000355, 0.3499999999999999223 ) ) ;
#2559 = ORIENTED_EDGE ( 'NONE', *, *, #2314, .F. ) ;
#2560 = VECTOR ( 'NONE', #3691, 1000.000000000000000 ) ;
#2561 = ORIENTED_EDGE ( 'NONE', *, *, #2922, .F. ) ;
#2562 = LINE ( 'NONE', #88, #2101 ) ;
#2563 = VECTOR ( 'NONE', #2018, 1000.000000000000000 ) ;
#2564 = EDGE_CURVE ( 'NONE', #460, #1706, #390, .T. ) ;
#2565 = CARTESIAN_POINT ( 'NONE',  ( 0.000000000000000000, 0.000000000000000000, 6.000000000000000000 ) ) ;
#2566 = ORIENTED_EDGE ( 'NONE', *, *, #2962, .T. ) ;
#2567 = EDGE_LOOP ( 'NONE', ( #3835, #2427, #3353, #2417 ) ) ;
#2568 = CARTESIAN_POINT ( 'NONE',  ( -91.75000000000000000, 10.65429687500000355, 6.000000000000000000 ) ) ;
#2569 = PLANE ( 'NONE',  #2879 ) ;
#2570 = ORIENTED_EDGE ( 'NONE', *, *, #1547, .T. ) ;
#2571 = CARTESIAN_POINT ( 'NONE',  ( -61.75000000000001421, 12.75429687500000142, 3.749999999999995115 ) ) ;
#2572 = ADVANCED_FACE ( 'NONE', ( #2170 ), #330, .F. ) ;
#2573 = AXIS2_PLACEMENT_3D ( 'NONE', #929, #827, #3886 ) ;
#2574 = ORIENTED_EDGE ( 'NONE', *, *, #290, .T. ) ;
#2575 = EDGE_CURVE ( 'NONE', #3033, #2346, #1010, .T. ) ;
#2576 = EDGE_LOOP ( 'NONE', ( #22, #3339, #1924, #246 ) ) ;
#2577 = CARTESIAN_POINT ( 'NONE',  ( -37.55000000000000426, 16.15429687500000355, 2.000000000000000000 ) ) ;
#2578 = LINE ( 'NONE', #3779, #3650 ) ;
#2579 = EDGE_LOOP ( 'NONE', ( #110, #3147, #2997, #3726, #1110, #1391, #2745, #2718, #3371, #315 ) ) ;
#2580 = CARTESIAN_POINT ( 'NONE',  ( -8.000000000000007105, 20.90429687500000000, 0.5000000000000000000 ) ) ;
#2581 = DIRECTION ( 'NONE',  ( 8.673617379884020681E-16, -1.000000000000000000, 0.000000000000000000 ) ) ;
#2582 = ORIENTED_EDGE ( 'NONE', *, *, #3120, .F. ) ;
#2583 = CARTESIAN_POINT ( 'NONE',  ( 38.09999999999998721, 20.15429687500000000, 2.000000000000000000 ) ) ;
#2584 = CARTESIAN_POINT ( 'NONE',  ( 41.09999999999999432, 16.15429687499999645, 0.5000000000000000000 ) ) ;
#2585 = EDGE_LOOP ( 'NONE', ( #3140, #1564, #115, #2362 ) ) ;
#2586 = LINE ( 'NONE', #2063, #1668 ) ;
#2587 = ORIENTED_EDGE ( 'NONE', *, *, #2750, .F. ) ;
#2588 = LINE ( 'NONE', #756, #3402 ) ;
#2589 = CARTESIAN_POINT ( 'NONE',  ( 6.049999999999992717, 21.90429687500000000, 0.5000000000000000000 ) ) ;
#2590 = ORIENTED_EDGE ( 'NONE', *, *, #3625, .T. ) ;
#2591 = LINE ( 'NONE', #3532, #2083 ) ;
#2592 = ORIENTED_EDGE ( 'NONE', *, *, #372, .F. ) ;
#2593 = DIRECTION ( 'NONE',  ( -1.000000000000000000, 0.000000000000000000, 1.156482317317871478E-16 ) ) ;
#2594 = DIRECTION ( 'NONE',  ( -0.000000000000000000, 1.000000000000000000, 0.000000000000000000 ) ) ;
#2595 = EDGE_CURVE ( 'NONE', #1240, #3412, #2848, .T. ) ;
#2596 = VECTOR ( 'NONE', #1985, 1000.000000000000000 ) ;
#2597 = VECTOR ( 'NONE', #310, 1000.000000000000000 ) ;
#2598 = DIRECTION ( 'NONE',  ( 0.000000000000000000, 0.000000000000000000, -1.000000000000000000 ) ) ;
#2599 = DIRECTION ( 'NONE',  ( -1.734723475976805517E-15, 1.000000000000000000, -0.000000000000000000 ) ) ;
#2600 = CARTESIAN_POINT ( 'NONE',  ( -54.10000000000000853, 20.15429687499999645, 2.000000000000000000 ) ) ;
#2601 = VERTEX_POINT ( 'NONE', #799 ) ;
#2602 = ADVANCED_FACE ( 'NONE', ( #3834 ), #2261, .T. ) ;
#2603 = CARTESIAN_POINT ( 'NONE',  ( 32.24999999999998579, 23.05429687500000213, 3.750000000000000444 ) ) ;
#2604 = VERTEX_POINT ( 'NONE', #3190 ) ;
#2605 = CARTESIAN_POINT ( 'NONE',  ( 28.59999999999999432, 16.15429687499999289, 0.5000000000000000000 ) ) ;
#2606 = CARTESIAN_POINT ( 'NONE',  ( -51.10000000000000142, 20.15429687499999645, 0.5000000000000000000 ) ) ;
#2607 = ORIENTED_EDGE ( 'NONE', *, *, #392, .F. ) ;
#2608 = DIRECTION ( 'NONE',  ( 0.000000000000000000, -1.000000000000000000, 0.000000000000000000 ) ) ;
#2609 = EDGE_CURVE ( 'NONE', #3571, #1960, #734, .T. ) ;
#2610 = VERTEX_POINT ( 'NONE', #155 ) ;
#2611 = VERTEX_POINT ( 'NONE', #194 ) ;
#2612 = CARTESIAN_POINT ( 'NONE',  ( -77.15000000000000568, 15.40429687500000178, 0.5000000000000000000 ) ) ;
#2613 = LINE ( 'NONE', #504, #589 ) ;
#2614 = AXIS2_PLACEMENT_3D ( 'NONE', #1324, #3505, #2842 ) ;
#2615 = EDGE_CURVE ( 'NONE', #748, #1343, #1332, .T. ) ;
#2616 = VECTOR ( 'NONE', #2186, 1000.000000000000000 ) ;
#2617 = DIRECTION ( 'NONE',  ( -1.000000000000000000, 0.000000000000000000, -0.000000000000000000 ) ) ;
#2618 = ORIENTED_EDGE ( 'NONE', *, *, #3495, .T. ) ;
#2619 = VECTOR ( 'NONE', #3458, 1000.000000000000000 ) ;
#2620 = EDGE_CURVE ( 'NONE', #256, #3021, #715, .T. ) ;
#2621 = AXIS2_PLACEMENT_3D ( 'NONE', #3914, #2692, #3288 ) ;
#2622 = VECTOR ( 'NONE', #1393, 1000.000000000000000 ) ;
#2623 = CARTESIAN_POINT ( 'NONE',  ( -14.75000000000001243, 12.75429687500000142, 3.749999999999995115 ) ) ;
#2624 = ORIENTED_EDGE ( 'NONE', *, *, #3183, .T. ) ;
#2625 = CARTESIAN_POINT ( 'NONE',  ( 0.000000000000000000, 16.15429687499999289, 2.000000000000000000 ) ) ;
#2626 = VERTEX_POINT ( 'NONE', #777 ) ;
#2627 = ORIENTED_EDGE ( 'NONE', *, *, #3167, .F. ) ;
#2628 = DIRECTION ( 'NONE',  ( 0.000000000000000000, 0.000000000000000000, -1.000000000000000000 ) ) ;
#2629 = ORIENTED_EDGE ( 'NONE', *, *, #665, .F. ) ;
#2630 = FACE_BOUND ( 'NONE', #1389, .T. ) ;
#2631 = PLANE ( 'NONE',  #2103 ) ;
#2632 = ORIENTED_EDGE ( 'NONE', *, *, #2769, .F. ) ;
#2633 = ADVANCED_FACE ( 'NONE', ( #174 ), #3491, .F. ) ;
#2634 = CARTESIAN_POINT ( 'NONE',  ( 32.24999999999998579, 23.05429687500000213, 4.249999999999999112 ) ) ;
#2635 = EDGE_LOOP ( 'NONE', ( #1272, #3636, #2187, #3456 ) ) ;
#2636 = LINE ( 'NONE', #3574, #1289 ) ;
#2637 = DIRECTION ( 'NONE',  ( 0.000000000000000000, 0.000000000000000000, 1.000000000000000000 ) ) ;
#2638 = AXIS2_PLACEMENT_3D ( 'NONE', #1875, #3080, #355 ) ;
#2639 = ORIENTED_EDGE ( 'NONE', *, *, #546, .T. ) ;
#2640 = DIRECTION ( 'NONE',  ( 0.000000000000000000, -1.000000000000000000, 0.000000000000000000 ) ) ;
#2641 = CARTESIAN_POINT ( 'NONE',  ( -37.55000000000000426, 20.90429687500000711, 0.5000000000000000000 ) ) ;
#2642 = CARTESIAN_POINT ( 'NONE',  ( -37.55000000000000426, 20.90429687500000711, 2.000000000000000000 ) ) ;
#2643 = ORIENTED_EDGE ( 'NONE', *, *, #129, .F. ) ;
#2644 = ORIENTED_EDGE ( 'NONE', *, *, #1212, .F. ) ;
#2645 = FACE_OUTER_BOUND ( 'NONE', #2204, .T. ) ;
#2646 = ADVANCED_FACE ( 'NONE', ( #757 ), #3170, .T. ) ;
#2647 = EDGE_LOOP ( 'NONE', ( #3856, #1499, #3480, #1069 ) ) ;
#2648 = VERTEX_POINT ( 'NONE', #462 ) ;
#2649 = VECTOR ( 'NONE', #3888, 1000.000000000000000 ) ;
#2650 = LINE ( 'NONE', #3592, #2085 ) ;
#2651 = DIRECTION ( 'NONE',  ( 1.000000000000000000, 0.000000000000000000, 0.000000000000000000 ) ) ;
#2652 = ORIENTED_EDGE ( 'NONE', *, *, #1351, .T. ) ;
#2653 = EDGE_LOOP ( 'NONE', ( #2021, #3246, #70, #2543 ) ) ;
#2654 = EDGE_CURVE ( 'NONE', #1658, #2866, #1672, .T. ) ;
#2655 = ORIENTED_EDGE ( 'NONE', *, *, #1216, .T. ) ;
#2656 = PLANE ( 'NONE',  #1031 ) ;
#2657 = DIRECTION ( 'NONE',  ( 1.000000000000000000, 0.000000000000000000, 0.000000000000000000 ) ) ;
#2658 = EDGE_CURVE ( 'NONE', #3301, #160, #3471, .T. ) ;
#2659 = LINE ( 'NONE', #2054, #858 ) ;
#2660 = CARTESIAN_POINT ( 'NONE',  ( -14.75000000000001243, 23.55429687500000213, 4.249999999999999112 ) ) ;
#2661 = CARTESIAN_POINT ( 'NONE',  ( 46.25000000000000711, 12.50429687500000142, 6.000011999999999901 ) ) ;
#2662 = VECTOR ( 'NONE', #2913, 1000.000000000000000 ) ;
#2663 = VECTOR ( 'NONE', #798, 1000.000000000000000 ) ;
#2664 = VERTEX_POINT ( 'NONE', #2832 ) ;
#2665 = PLANE ( 'NONE',  #338 ) ;
#2666 = ORIENTED_EDGE ( 'NONE', *, *, #3698, .T. ) ;
#2667 = VERTEX_POINT ( 'NONE', #3530 ) ;
#2668 = EDGE_LOOP ( 'NONE', ( #1194, #2433, #2846, #900 ) ) ;
#2669 = EDGE_CURVE ( 'NONE', #417, #289, #1687, .T. ) ;
#2670 = LINE ( 'NONE', #3591, #2695 ) ;
#2671 = DIRECTION ( 'NONE',  ( 0.000000000000000000, -0.000000000000000000, -1.000000000000000000 ) ) ;
#2672 = PLANE ( 'NONE',  #1665 ) ;
#2673 = ORIENTED_EDGE ( 'NONE', *, *, #1745, .F. ) ;
#2674 = ORIENTED_EDGE ( 'NONE', *, *, #91, .F. ) ;
#2675 = DIRECTION ( 'NONE',  ( 1.000000000000000000, 0.000000000000000000, 0.000000000000000000 ) ) ;
#2676 = LINE ( 'NONE', #562, #3452 ) ;
#2677 = DIRECTION ( 'NONE',  ( 1.000000000000000000, 0.000000000000000000, -1.156482317317871478E-16 ) ) ;
#2678 = CARTESIAN_POINT ( 'NONE',  ( -63.60000000000001563, 16.15429687499999289, 2.000000000000000000 ) ) ;
#2679 = CARTESIAN_POINT ( 'NONE',  ( -61.75000000000001421, 23.80429687500000213, 4.249999999999999112 ) ) ;
#2680 = VECTOR ( 'NONE', #229, 1000.000000000000000 ) ;
#2681 = EDGE_CURVE ( 'NONE', #350, #421, #2891, .T. ) ;
#2682 = DIRECTION ( 'NONE',  ( -0.000000000000000000, 0.000000000000000000, 1.000000000000000000 ) ) ;
#2683 = VECTOR ( 'NONE', #349, 1000.000000000000000 ) ;
#2684 = CARTESIAN_POINT ( 'NONE',  ( -29.75000000000001421, 23.55429687500000213, 4.249999999999998224 ) ) ;
#2685 = ORIENTED_EDGE ( 'NONE', *, *, #1865, .F. ) ;
#2686 = VECTOR ( 'NONE', #2518, 1000.000000000000000 ) ;
#2687 = DIRECTION ( 'NONE',  ( 0.000000000000000000, -1.000000000000000000, 0.000000000000000000 ) ) ;
#2688 = EDGE_CURVE ( 'NONE', #1184, #1129, #1075, .T. ) ;
#2689 = ORIENTED_EDGE ( 'NONE', *, *, #1854, .T. ) ;
#2690 = VERTEX_POINT ( 'NONE', #3149 ) ;
#2691 = CIRCLE ( 'NONE', #2298, 0.2500000000000002220 ) ;
#2692 = DIRECTION ( 'NONE',  ( 0.000000000000000000, -1.000000000000000000, 0.000000000000000000 ) ) ;
#2693 = LINE ( 'NONE', #3633, #3013 ) ;
#2694 = APPLICATION_PROTOCOL_DEFINITION ( 'international standard', 'config_control_design', 1994, #1568 ) ;
#2695 = VECTOR ( 'NONE', #1705, 1000.000000000000000 ) ;
#2696 = EDGE_LOOP ( 'NONE', ( #3448, #3658, #1532, #2828, #1631 ) ) ;
#2697 = ORIENTED_EDGE ( 'NONE', *, *, #786, .T. ) ;
#2698 = FACE_OUTER_BOUND ( 'NONE', #2386, .T. ) ;
#2699 = LINE ( 'NONE', #584, #458 ) ;
#2700 = LINE ( 'NONE', #1799, #1656 ) ;
#2701 = EDGE_CURVE ( 'NONE', #2217, #2526, #1354, .T. ) ;
#2702 = EDGE_CURVE ( 'NONE', #3053, #350, #3212, .T. ) ;
#2703 = CARTESIAN_POINT ( 'NONE',  ( -40.55000000000001137, 16.15429687500000355, 2.000000000000000000 ) ) ;
#2704 = FACE_OUTER_BOUND ( 'NONE', #3608, .T. ) ;
#2705 = PLANE ( 'NONE',  #2189 ) ;
#2706 = ORIENTED_EDGE ( 'NONE', *, *, #1451, .F. ) ;
#2707 = ADVANCED_FACE ( 'NONE', ( #2868 ), #2569, .F. ) ;
#2708 = ORIENTED_EDGE ( 'NONE', *, *, #2702, .F. ) ;
#2709 = FACE_OUTER_BOUND ( 'NONE', #1793, .T. ) ;
#2710 = EDGE_LOOP ( 'NONE', ( #635, #3567, #1906, #2338 ) ) ;
#2711 = LINE ( 'NONE', #529, #846 ) ;
#2712 = LINE ( 'NONE', #916, #2961 ) ;
#2713 = CARTESIAN_POINT ( 'NONE',  ( 6.049999999999992717, 21.90429687500000000, 0.5000000000000000000 ) ) ;
#2714 = DIRECTION ( 'NONE',  ( 0.000000000000000000, 0.000000000000000000, -1.000000000000000000 ) ) ;
#2715 = VERTEX_POINT ( 'NONE', #2086 ) ;
#2716 = APPLICATION_PROTOCOL_DEFINITION ( 'international standard', 'config_control_design', 1994, #1363 ) ;
#2717 = ORIENTED_EDGE ( 'NONE', *, *, #1979, .F. ) ;
#2718 = ORIENTED_EDGE ( 'NONE', *, *, #2688, .T. ) ;
#2719 = DIRECTION ( 'NONE',  ( -0.000000000000000000, 0.000000000000000000, 1.000000000000000000 ) ) ;
#2720 = DIRECTION ( 'NONE',  ( -1.000000000000000000, 0.000000000000000000, -5.782411586589357392E-17 ) ) ;
#2721 = LINE ( 'NONE', #6, #3004 ) ;
#2722 = ADVANCED_FACE ( 'NONE', ( #1473 ), #2392, .F. ) ;
#2723 = DIRECTION ( 'NONE',  ( -0.000000000000000000, -0.000000000000000000, 1.000000000000000000 ) ) ;
#2724 = DIRECTION ( 'NONE',  ( -0.000000000000000000, -0.000000000000000000, -1.000000000000000000 ) ) ;
#2725 = PLANE ( 'NONE',  #2840 ) ;
#2726 = DIRECTION ( 'NONE',  ( 0.000000000000000000, -0.000000000000000000, 1.000000000000000000 ) ) ;
#2727 = LOCAL_TIME ( 20, 50, 53.00000000000000000, #2024 ) ;
#2728 = PLANE ( 'NONE',  #640 ) ;
#2729 = CIRCLE ( 'NONE', #73, 0.2500000000000000000 ) ;
#2730 = LINE ( 'NONE', #415, #1266 ) ;
#2731 = LINE ( 'NONE', #325, #1471 ) ;
#2732 = DIRECTION ( 'NONE',  ( 0.000000000000000000, 1.000000000000000000, -0.000000000000000000 ) ) ;
#2733 = EDGE_CURVE ( 'NONE', #3329, #1957, #2693, .T. ) ;
#2734 = VERTEX_POINT ( 'NONE', #3272 ) ;
#2735 = PLANE ( 'NONE',  #2047 ) ;
#2736 = CYLINDRICAL_SURFACE ( 'NONE', #1346, 0.2500000000000002220 ) ;
#2737 = CARTESIAN_POINT ( 'NONE',  ( 32.24999999999998579, 12.50429687500000142, 4.249999999999994671 ) ) ;
#2738 = ADVANCED_FACE ( 'NONE', ( #3548 ), #2672, .F. ) ;
#2739 = ADVANCED_FACE ( 'NONE', ( #3337 ), #553, .F. ) ;
#2740 = LINE ( 'NONE', #1523, #1318 ) ;
#2741 = LINE ( 'NONE', #3604, #3050 ) ;
#2742 = DIRECTION ( 'NONE',  ( -1.000000000000000000, 0.000000000000000000, 1.156482317317871478E-16 ) ) ;
#2743 = DIRECTION ( 'NONE',  ( 5.782411586589357392E-17, 0.000000000000000000, -1.000000000000000000 ) ) ;
#2744 = PERSON ( 'UNSPECIFIED', 'UNSPECIFIED', 'UNSPECIFIED', ('UNSPECIFIED'), ('UNSPECIFIED'), ('UNSPECIFIED') ) ;
#2745 = ORIENTED_EDGE ( 'NONE', *, *, #1403, .T. ) ;
#2746 = FACE_OUTER_BOUND ( 'NONE', #1702, .T. ) ;
#2747 = EDGE_CURVE ( 'NONE', #2008, #3795, #1708, .T. ) ;
#2748 = AXIS2_PLACEMENT_3D ( 'NONE', #1780, #2059, #2947 ) ;
#2749 = CARTESIAN_POINT ( 'NONE',  ( 6.049999999999992717, 14.40429687500000178, 0.5000000000000000000 ) ) ;
#2750 = EDGE_CURVE ( 'NONE', #2300, #3508, #2931, .T. ) ;
#2751 = DIRECTION ( 'NONE',  ( 1.000000000000000000, 0.000000000000000000, 0.000000000000000000 ) ) ;
#2752 = ORIENTED_EDGE ( 'NONE', *, *, #2669, .T. ) ;
#2753 = AXIS2_PLACEMENT_3D ( 'NONE', #2075, #3664, #2983 ) ;
#2754 = ORIENTED_EDGE ( 'NONE', *, *, #3896, .T. ) ;
#2755 = CARTESIAN_POINT ( 'NONE',  ( -89.35355339059326241, 23.05074348440672694, 0.5999999999999998668 ) ) ;
#2756 = EDGE_CURVE ( 'NONE', #2253, #2130, #2023, .T. ) ;
#2757 = VECTOR ( 'NONE', #2396, 1000.000000000000000 ) ;
#2758 = DIRECTION ( 'NONE',  ( -1.261617073437678048E-15, -1.000000000000000000, 0.000000000000000000 ) ) ;
#2759 = VECTOR ( 'NONE', #532, 1000.000000000000000 ) ;
#2760 = PLANE ( 'NONE',  #2470 ) ;
#2761 = DIRECTION ( 'NONE',  ( 0.000000000000000000, -0.000000000000000000, -1.000000000000000000 ) ) ;
#2762 = FACE_OUTER_BOUND ( 'NONE', #3740, .T. ) ;
#2763 = DIRECTION ( 'NONE',  ( 0.000000000000000000, 0.000000000000000000, -1.000000000000000000 ) ) ;
#2764 = CARTESIAN_POINT ( 'NONE',  ( 28.59999999999999076, 20.15429687500000000, 2.000000000000000000 ) ) ;
#2765 = ORIENTED_EDGE ( 'NONE', *, *, #791, .T. ) ;
#2766 = DIRECTION ( 'NONE',  ( 0.000000000000000000, 0.000000000000000000, -1.000000000000000000 ) ) ;
#2767 = VECTOR ( 'NONE', #2640, 1000.000000000000000 ) ;
#2768 = ORIENTED_EDGE ( 'NONE', *, *, #3578, .T. ) ;
#2769 = EDGE_CURVE ( 'NONE', #2239, #2803, #215, .T. ) ;
#2770 = CARTESIAN_POINT ( 'NONE',  ( -37.55000000000000426, 15.40429687500000355, 0.000000000000000000 ) ) ;
#2771 = VERTEX_POINT ( 'NONE', #1495 ) ;
#2772 = ORIENTED_EDGE ( 'NONE', *, *, #3218, .F. ) ;
#2773 = CARTESIAN_POINT ( 'NONE',  ( -63.60000000000001563, 20.15429687499999645, 0.5000000000000000000 ) ) ;
#2774 = CARTESIAN_POINT ( 'NONE',  ( 46.25000000000000000, 23.80429687500000213, 2.000000000000000000 ) ) ;
#2775 = CARTESIAN_POINT ( 'NONE',  ( 41.09999999999999432, 16.15429687499999645, 0.5000000000000000000 ) ) ;
#2776 = CARTESIAN_POINT ( 'NONE',  ( 31.59999999999999076, 20.90429687500000000, 0.000000000000000000 ) ) ;
#2777 = EDGE_CURVE ( 'NONE', #2453, #3755, #515, .T. ) ;
#2778 = ORIENTED_EDGE ( 'NONE', *, *, #735, .F. ) ;
#2779 = CARTESIAN_POINT ( 'NONE',  ( -14.75000000000001243, 23.55429687500000213, 3.750000000000000444 ) ) ;
#2780 = LINE ( 'NONE', #2837, #2108 ) ;
#2781 = FACE_OUTER_BOUND ( 'NONE', #653, .T. ) ;
#2782 = DIRECTION ( 'NONE',  ( 1.000000000000000000, -1.734723475976807094E-15, 0.000000000000000000 ) ) ;
#2783 = EDGE_CURVE ( 'NONE', #2005, #969, #2691, .T. ) ;
#2784 = ORIENTED_EDGE ( 'NONE', *, *, #1462, .F. ) ;
#2785 = LINE ( 'NONE', #53, #3509 ) ;
#2786 = CARTESIAN_POINT ( 'NONE',  ( -5.750000000000005329, 21.90429687500000000, 0.5000000000000000000 ) ) ;
#2787 = VERTEX_POINT ( 'NONE', #1416 ) ;
#2788 = SHAPE_DEFINITION_REPRESENTATION ( #334, #3459 ) ;
#2789 = CC_DESIGN_SECURITY_CLASSIFICATION ( #493, ( #71 ) ) ;
#2790 = ADVANCED_FACE ( 'NONE', ( #1744 ), #2631, .F. ) ;
#2791 = ORIENTED_EDGE ( 'NONE', *, *, #114, .F. ) ;
#2792 = VECTOR ( 'NONE', #2104, 1000.000000000000000 ) ;
#2793 = DIRECTION ( 'NONE',  ( -0.000000000000000000, -1.000000000000000000, -0.000000000000000000 ) ) ;
#2794 = LINE ( 'NONE', #353, #3010 ) ;
#2795 = LINE ( 'NONE', #80, #3812 ) ;
#2796 = LINE ( 'NONE', #3364, #3855 ) ;
#2797 = CARTESIAN_POINT ( 'NONE',  ( 45.84999999999998721, 24.65429687500000711, 6.000000000000000000 ) ) ;
#2798 = CARTESIAN_POINT ( 'NONE',  ( -61.75000000000001421, 23.05429687500000213, 4.249999999999999112 ) ) ;
#2799 = LINE ( 'NONE', #3722, #2792 ) ;
#2800 = ORIENTED_EDGE ( 'NONE', *, *, #1283, .F. ) ;
#2801 =( BOUNDED_CURVE ( )  B_SPLINE_CURVE ( 3, ( #368, #3419, #2755, #2473 ),
 .UNSPECIFIED., .F., .F. ) 
 B_SPLINE_CURVE_WITH_KNOTS ( ( 4, 4 ),
 ( 0.000000000000000000, 1.570796326794896558 ),
 .UNSPECIFIED. ) 
 CURVE ( )  GEOMETRIC_REPRESENTATION_ITEM ( )  RATIONAL_B_SPLINE_CURVE ( ( 1.000000000000000000, 0.8047378541243649375, 0.8047378541243649375, 1.000000000000000000 ) ) 
 REPRESENTATION_ITEM ( '' )  );
#2802 = LINE ( 'NONE', #2484, #28 ) ;
#2803 = VERTEX_POINT ( 'NONE', #3854 ) ;
#2804 = CARTESIAN_POINT ( 'NONE',  ( -14.50000000000000533, 15.40429687499999822, 0.5000000000000000000 ) ) ;
#2805 = PLANE ( 'NONE',  #3193 ) ;
#2806 = VECTOR ( 'NONE', #1151, 1000.000000000000000 ) ;
#2807 = ORIENTED_EDGE ( 'NONE', *, *, #1854, .F. ) ;
#2808 = AXIS2_PLACEMENT_3D ( 'NONE', #1294, #2751, #2486 ) ;
#2809 = ORIENTED_EDGE ( 'NONE', *, *, #3028, .F. ) ;
#2810 = FACE_OUTER_BOUND ( 'NONE', #2849, .T. ) ;
#2811 = LINE ( 'NONE', #1298, #3335 ) ;
#2812 = FACE_OUTER_BOUND ( 'NONE', #2506, .T. ) ;
#2813 = VECTOR ( 'NONE', #1399, 1000.000000000000000 ) ;
#2814 = CARTESIAN_POINT ( 'NONE',  ( 41.09999999999999432, 16.15429687499999645, 0.5000000000000000000 ) ) ;
#2815 = VECTOR ( 'NONE', #440, 1000.000000000000000 ) ;
#2816 = CARTESIAN_POINT ( 'NONE',  ( -63.60000000000001563, 20.15429687499999645, 0.5000000000000000000 ) ) ;
#2817 = VECTOR ( 'NONE', #2530, 1000.000000000000000 ) ;
#2818 = DIRECTION ( 'NONE',  ( 0.000000000000000000, -1.000000000000000000, 0.000000000000000000 ) ) ;
#2819 = ADVANCED_FACE ( 'NONE', ( #857 ), #2324, .F. ) ;
#2820 = VECTOR ( 'NONE', #1639, 1000.000000000000000 ) ;
#2821 = CARTESIAN_POINT ( 'NONE',  ( -51.10000000000000142, 20.15429687499999645, 0.5000000000000000000 ) ) ;
#2822 = CARTESIAN_POINT ( 'NONE',  ( -76.75000000000001421, 23.55429687500000213, 3.749999999999998668 ) ) ;
#2823 = EDGE_LOOP ( 'NONE', ( #3442, #3820, #2872, #3275 ) ) ;
#2824 = LINE ( 'NONE', #750, #1782 ) ;
#2825 = EDGE_CURVE ( 'NONE', #2451, #2527, #3251, .T. ) ;
#2826 =( BOUNDED_CURVE ( )  B_SPLINE_CURVE ( 3, ( #1787, #2323, #292, #856 ),
 .UNSPECIFIED., .F., .F. ) 
 B_SPLINE_CURVE_WITH_KNOTS ( ( 4, 4 ),
 ( 1.570796326794896558, 3.141592653589793116 ),
 .UNSPECIFIED. ) 
 CURVE ( )  GEOMETRIC_REPRESENTATION_ITEM ( )  RATIONAL_B_SPLINE_CURVE ( ( 1.000000000000000000, 0.8047378541243649375, 0.8047378541243649375, 1.000000000000000000 ) ) 
 REPRESENTATION_ITEM ( '' )  );
#2827 = LINE ( 'NONE', #3430, #3128 ) ;
#2828 = ORIENTED_EDGE ( 'NONE', *, *, #891, .F. ) ;
#2829 = VECTOR ( 'NONE', #3349, 1000.000000000000000 ) ;
#2830 = VERTEX_POINT ( 'NONE', #1138 ) ;
#2831 = DIRECTION ( 'NONE',  ( 0.000000000000000000, -0.7071067811865479058, -0.7071067811865472397 ) ) ;
#2832 = CARTESIAN_POINT ( 'NONE',  ( -17.75000000000000355, 21.90429687500000355, 2.000000000000000000 ) ) ;
#2833 = CARTESIAN_POINT ( 'NONE',  ( 45.85000000000000142, 23.80429687500000213, 6.000000000000000000 ) ) ;
#2834 = ORIENTED_EDGE ( 'NONE', *, *, #3823, .F. ) ;
#2835 = EDGE_CURVE ( 'NONE', #1956, #802, #3569, .T. ) ;
#2836 = FACE_OUTER_BOUND ( 'NONE', #921, .T. ) ;
#2837 = CARTESIAN_POINT ( 'NONE',  ( -31.05000000000000782, 20.90429687500000711, 2.000000000000000000 ) ) ;
#2838 = DIRECTION ( 'NONE',  ( 0.000000000000000000, -1.000000000000000000, 0.000000000000000000 ) ) ;
#2839 = EDGE_CURVE ( 'NONE', #2648, #1047, #2370, .T. ) ;
#2840 = AXIS2_PLACEMENT_3D ( 'NONE', #927, #1486, #2138 ) ;
#2841 = DIRECTION ( 'NONE',  ( -0.000000000000000000, -1.000000000000000000, -0.000000000000000000 ) ) ;
#2842 = DIRECTION ( 'NONE',  ( 0.000000000000000000, -0.000000000000000000, -1.000000000000000000 ) ) ;
#2843 = LINE ( 'NONE', #3764, #395 ) ;
#2844 = EDGE_LOOP ( 'NONE', ( #166, #133, #151, #840 ) ) ;
#2845 = AXIS2_PLACEMENT_3D ( 'NONE', #2797, #3082, #357 ) ;
#2846 = ORIENTED_EDGE ( 'NONE', *, *, #3276, .T. ) ;
#2847 = DIRECTION ( 'NONE',  ( 0.000000000000000000, -0.000000000000000000, 1.000000000000000000 ) ) ;
#2848 = LINE ( 'NONE', #2242, #2817 ) ;
#2849 = EDGE_LOOP ( 'NONE', ( #1920, #1709, #1995, #1942 ) ) ;
#2850 = EDGE_CURVE ( 'NONE', #1007, #2045, #586, .T. ) ;
#2851 = DIRECTION ( 'NONE',  ( -1.000000000000000000, 0.000000000000000000, -0.000000000000000000 ) ) ;
#2852 = VECTOR ( 'NONE', #868, 1000.000000000000000 ) ;
#2853 = EDGE_LOOP ( 'NONE', ( #1057, #3030, #1362, #3739 ) ) ;
#2854 = VERTEX_POINT ( 'NONE', #674 ) ;
#2855 = PLANE ( 'NONE',  #3124 ) ;
#2856 = CARTESIAN_POINT ( 'NONE',  ( 31.59999999999999076, 20.15429687500000000, 0.5000000000000000000 ) ) ;
#2857 = ORIENTED_EDGE ( 'NONE', *, *, #335, .T. ) ;
#2858 = EDGE_CURVE ( 'NONE', #1805, #2771, #37, .T. ) ;
#2859 = CARTESIAN_POINT ( 'NONE',  ( 28.59999999999999076, 20.15429687500000000, 0.5000000000000000000 ) ) ;
#2860 = ORIENTED_EDGE ( 'NONE', *, *, #3791, .T. ) ;
#2861 = ORIENTED_EDGE ( 'NONE', *, *, #1508, .F. ) ;
#2862 = DIRECTION ( 'NONE',  ( -1.261617073437678048E-15, -1.000000000000000000, 0.000000000000000000 ) ) ;
#2863 = PLANE ( 'NONE',  #643 ) ;
#2864 = EDGE_CURVE ( 'NONE', #1119, #1120, #652, .T. ) ;
#2865 = ORIENTED_EDGE ( 'NONE', *, *, #105, .F. ) ;
#2866 = VERTEX_POINT ( 'NONE', #3069 ) ;
#2867 = DIRECTION ( 'NONE',  ( 0.000000000000000000, 1.000000000000000000, 0.000000000000000000 ) ) ;
#2868 = FACE_OUTER_BOUND ( 'NONE', #1329, .T. ) ;
#2869 = VERTEX_POINT ( 'NONE', #2786 ) ;
#2870 = FACE_OUTER_BOUND ( 'NONE', #738, .T. ) ;
#2871 = VECTOR ( 'NONE', #1308, 1000.000000000000000 ) ;
#2872 = ORIENTED_EDGE ( 'NONE', *, *, #749, .T. ) ;
#2873 = EDGE_CURVE ( 'NONE', #2908, #3054, #3378, .T. ) ;
#2874 = ORIENTED_EDGE ( 'NONE', *, *, #1351, .F. ) ;
#2875 = CARTESIAN_POINT ( 'NONE',  ( 46.25000000000000000, 11.05429687500000036, 0.3999999999999837019 ) ) ;
#2876 = DIRECTION ( 'NONE',  ( 1.000000000000000000, 0.000000000000000000, 0.000000000000000000 ) ) ;
#2877 = AXIS2_PLACEMENT_3D ( 'NONE', #865, #3344, #1460 ) ;
#2878 = ORIENTED_EDGE ( 'NONE', *, *, #3545, .F. ) ;
#2879 = AXIS2_PLACEMENT_3D ( 'NONE', #3933, #272, #293 ) ;
#2880 = CARTESIAN_POINT ( 'NONE',  ( -60.60000000000001563, 15.40429687499999645, 2.000000000000000000 ) ) ;
#2881 = ORIENTED_EDGE ( 'NONE', *, *, #1437, .T. ) ;
#2882 = AXIS2_PLACEMENT_3D ( 'NONE', #4, #1480, #3637 ) ;
#2883 = PLANE ( 'NONE',  #2614 ) ;
#2884 = VECTOR ( 'NONE', #2838, 1000.000000000000000 ) ;
#2885 = CYLINDRICAL_SURFACE ( 'NONE', #90, 0.2500000000000002220 ) ;
#2886 = EDGE_LOOP ( 'NONE', ( #3, #2128, #2080, #197, #2772 ) ) ;
#2887 = EDGE_CURVE ( 'NONE', #3208, #2005, #74, .T. ) ;
#2888 = FACE_BOUND ( 'NONE', #1203, .T. ) ;
#2889 = ORIENTED_EDGE ( 'NONE', *, *, #1662, .F. ) ;
#2890 = CYLINDRICAL_SURFACE ( 'NONE', #2435, 0.2500000000000000000 ) ;
#2891 = LINE ( 'NONE', #3450, #1482 ) ;
#2892 = ORIENTED_EDGE ( 'NONE', *, *, #1934, .T. ) ;
#2893 = DIRECTION ( 'NONE',  ( 0.000000000000000000, -0.000000000000000000, 1.000000000000000000 ) ) ;
#2894 = AXIS2_PLACEMENT_3D ( 'NONE', #2814, #104, #1300 ) ;
#2895 = EDGE_LOOP ( 'NONE', ( #1888, #1945, #2469, #1845 ) ) ;
#2896 = LINE ( 'NONE', #1380, #1404 ) ;
#2897 = PLANE ( 'NONE',  #521 ) ;
#2898 = EDGE_CURVE ( 'NONE', #2167, #1629, #3709, .T. ) ;
#2899 = ORIENTED_EDGE ( 'NONE', *, *, #2873, .T. ) ;
#2900 = DIRECTION ( 'NONE',  ( 1.000000000000000000, 0.000000000000000000, 0.000000000000000000 ) ) ;
#2901 = LINE ( 'NONE', #2641, #564 ) ;
#2902 = DIRECTION ( 'NONE',  ( 0.000000000000000000, 1.000000000000000000, 0.000000000000000000 ) ) ;
#2903 = CARTESIAN_POINT ( 'NONE',  ( -89.50000000000001421, 0.000000000000000000, 0.3499999999999999223 ) ) ;
#2904 = EDGE_CURVE ( 'NONE', #1774, #2854, #3106, .T. ) ;
#2905 = DIRECTION ( 'NONE',  ( 5.782411586589357392E-17, 0.000000000000000000, -1.000000000000000000 ) ) ;
#2906 = VERTEX_POINT ( 'NONE', #3725 ) ;
#2907 = EDGE_CURVE ( 'NONE', #2045, #2830, #987, .T. ) ;
#2908 = VERTEX_POINT ( 'NONE', #1808 ) ;
#2909 = EDGE_LOOP ( 'NONE', ( #3850, #3105, #2274, #3533 ) ) ;
#2910 = CARTESIAN_POINT ( 'NONE',  ( 41.09999999999998721, 20.15429687500000000, 0.5000000000000000000 ) ) ;
#2911 = DIRECTION ( 'NONE',  ( -1.000000000000000000, 0.000000000000000000, -0.000000000000000000 ) ) ;
#2912 = VERTEX_POINT ( 'NONE', #1219 ) ;
#2913 = DIRECTION ( 'NONE',  ( -0.000000000000000000, -1.000000000000000000, -0.000000000000000000 ) ) ;
#2914 = EDGE_CURVE ( 'NONE', #1422, #3646, #1843, .T. ) ;
#2915 = ORIENTED_EDGE ( 'NONE', *, *, #1697, .F. ) ;
#2916 = VECTOR ( 'NONE', #3716, 1000.000000000000000 ) ;
#2917 = LINE ( 'NONE', #2553, #998 ) ;
#2918 = LINE ( 'NONE', #429, #343 ) ;
#2919 = ADVANCED_FACE ( 'NONE', ( #2430 ), #2805, .F. ) ;
#2920 = CARTESIAN_POINT ( 'NONE',  ( -76.75000000000001421, 12.75429687500000142, 3.999999999999996447 ) ) ;
#2921 = CARTESIAN_POINT ( 'NONE',  ( -54.10000000000000853, 15.40429687499999645, 2.000000000000000000 ) ) ;
#2922 = EDGE_CURVE ( 'NONE', #2664, #3033, #1569, .T. ) ;
#2923 = EDGE_LOOP ( 'NONE', ( #3248, #2039, #1693, #1122 ) ) ;
#2924 = DIRECTION ( 'NONE',  ( -0.000000000000000000, -1.000000000000000000, -0.000000000000000000 ) ) ;
#2925 = ORIENTED_EDGE ( 'NONE', *, *, #3866, .F. ) ;
#2926 = CARTESIAN_POINT ( 'NONE',  ( -91.75000000000001421, 23.80429687500000213, 6.000011999999999901 ) ) ;
#2927 = ORIENTED_EDGE ( 'NONE', *, *, #1526, .F. ) ;
#2928 = DIRECTION ( 'NONE',  ( 1.000000000000000000, 0.000000000000000000, 0.000000000000000000 ) ) ;
#2929 = EDGE_LOOP ( 'NONE', ( #2049, #287, #2807, #1003 ) ) ;
#2930 = LINE ( 'NONE', #1158, #261 ) ;
#2931 = LINE ( 'NONE', #3593, #1291 ) ;
#2932 = ORIENTED_EDGE ( 'NONE', *, *, #1930, .F. ) ;
#2933 = DIRECTION ( 'NONE',  ( 0.000000000000000000, 0.000000000000000000, 1.000000000000000000 ) ) ;
#2934 = ORIENTED_EDGE ( 'NONE', *, *, #2529, .F. ) ;
#2935 = ORIENTED_EDGE ( 'NONE', *, *, #3089, .F. ) ;
#2936 = CARTESIAN_POINT ( 'NONE',  ( -29.75000000000001421, 23.05429687500000213, 4.249999999999998224 ) ) ;
#2937 = CARTESIAN_POINT ( 'NONE',  ( 31.59999999999999076, 20.90429687500000000, 2.000000000000000000 ) ) ;
#2938 = VECTOR ( 'NONE', #1618, 1000.000000000000000 ) ;
#2939 = VECTOR ( 'NONE', #618, 1000.000000000000000 ) ;
#2940 = VERTEX_POINT ( 'NONE', #1271 ) ;
#2941 = EDGE_CURVE ( 'NONE', #1378, #1740, #974, .T. ) ;
#2942 = DIRECTION ( 'NONE',  ( -1.000000000000000000, 0.000000000000000000, -0.000000000000000000 ) ) ;
#2943 = ADVANCED_FACE ( 'NONE', ( #952 ), #2162, .F. ) ;
#2944 = AXIS2_PLACEMENT_3D ( 'NONE', #1186, #842, #317 ) ;
#2945 = AXIS2_PLACEMENT_3D ( 'NONE', #2131, #1259, #1520 ) ;
#2946 = ORIENTED_EDGE ( 'NONE', *, *, #1038, .T. ) ;
#2947 = DIRECTION ( 'NONE',  ( 0.000000000000000000, 0.000000000000000000, -1.000000000000000000 ) ) ;
#2948 = ORIENTED_EDGE ( 'NONE', *, *, #3525, .T. ) ;
#2949 = CARTESIAN_POINT ( 'NONE',  ( 6.049999999999992717, 14.40429687500000178, 2.000000000000000000 ) ) ;
#2950 = EDGE_CURVE ( 'NONE', #2328, #3053, #93, .T. ) ;
#2951 = VERTEX_POINT ( 'NONE', #1825 ) ;
#2952 = VERTEX_POINT ( 'NONE', #3655 ) ;
#2953 = DIRECTION ( 'NONE',  ( 1.734723475976807094E-15, 1.000000000000000000, -0.000000000000000000 ) ) ;
#2954 = DIRECTION ( 'NONE',  ( -0.000000000000000000, 1.000000000000000000, -0.000000000000000000 ) ) ;
#2955 = DIRECTION ( 'NONE',  ( 0.000000000000000000, 0.000000000000000000, 1.000000000000000000 ) ) ;
#2956 = DIRECTION ( 'NONE',  ( 0.000000000000000000, 0.000000000000000000, 1.000000000000000000 ) ) ;
#2957 = ORIENTED_EDGE ( 'NONE', *, *, #821, .F. ) ;
#2958 = ORIENTED_EDGE ( 'NONE', *, *, #3440, .T. ) ;
#2959 = CARTESIAN_POINT ( 'NONE',  ( 41.09999999999998721, 20.15429687500000000, 0.5000000000000000000 ) ) ;
#2960 = CARTESIAN_POINT ( 'NONE',  ( -60.60000000000000853, 20.90429687499999645, 0.000000000000000000 ) ) ;
#2961 = VECTOR ( 'NONE', #2125, 1000.000000000000000 ) ;
#2962 = EDGE_CURVE ( 'NONE', #1435, #2124, #599, .T. ) ;
#2963 = CARTESIAN_POINT ( 'NONE',  ( 46.05000000000001137, 10.85429687500000284, 0.1999999999999849121 ) ) ;
#2964 = CARTESIAN_POINT ( 'NONE',  ( -85.90000000000001990, 21.90429687500000000, 0.5000000000000000000 ) ) ;
#2965 = DIRECTION ( 'NONE',  ( 0.000000000000000000, -0.000000000000000000, 1.000000000000000000 ) ) ;
#2966 = EDGE_CURVE ( 'NONE', #1220, #2050, #2731, .T. ) ;
#2967 = VERTEX_POINT ( 'NONE', #2127 ) ;
#2968 = CARTESIAN_POINT ( 'NONE',  ( 0.000000000000000000, 20.15429687500000000, 2.000000000000000000 ) ) ;
#2969 = ORIENTED_EDGE ( 'NONE', *, *, #2747, .T. ) ;
#2970 = DIRECTION ( 'NONE',  ( -1.000000000000000000, 0.000000000000000000, 0.000000000000000000 ) ) ;
#2971 = PLANE ( 'NONE',  #1001 ) ;
#2972 = CARTESIAN_POINT ( 'NONE',  ( -91.61666666666666003, 25.38763020833332362, 0.2666666666666441254 ) ) ;
#2973 = CALENDAR_DATE ( 2025, 31, 7 ) ;
#2974 = ORIENTED_EDGE ( 'NONE', *, *, #228, .T. ) ;
#2975 = EDGE_LOOP ( 'NONE', ( #1828, #1152, #3563, #594 ) ) ;
#2976 = VERTEX_POINT ( 'NONE', #3051 ) ;
#2977 = LINE ( 'NONE', #3343, #159 ) ;
#2978 = ADVANCED_FACE ( 'NONE', ( #1531 ), #3506, .F. ) ;
#2979 = CARTESIAN_POINT ( 'NONE',  ( -91.75000000000001421, 23.80429687500000213, 6.000000000000000000 ) ) ;
#2980 = CARTESIAN_POINT ( 'NONE',  ( -91.34999999999998010, 10.65429687500000355, 6.000000000000000000 ) ) ;
#2981 = LINE ( 'NONE', #1127, #2291 ) ;
#2982 = EDGE_CURVE ( 'NONE', #3172, #2601, #1367, .T. ) ;
#2983 = DIRECTION ( 'NONE',  ( -0.000000000000000000, 0.000000000000000000, 1.000000000000000000 ) ) ;
#2984 = EDGE_CURVE ( 'NONE', #2854, #3703, #130, .T. ) ;
#2985 = AXIS2_PLACEMENT_3D ( 'NONE', #2003, #498, #801 ) ;
#2986 = VECTOR ( 'NONE', #1762, 1000.000000000000000 ) ;
#2987 = DIRECTION ( 'NONE',  ( 1.000000000000000000, 0.000000000000000000, 0.000000000000000000 ) ) ;
#2988 = EDGE_LOOP ( 'NONE', ( #2416, #528, #2946, #218, #219, #1784, #2308, #3052 ) ) ;
#2989 = DIRECTION ( 'NONE',  ( 0.000000000000000000, 0.000000000000000000, 1.000000000000000000 ) ) ;
#2990 = ADVANCED_FACE ( 'NONE', ( #169 ), #2885, .T. ) ;
#2991 = CARTESIAN_POINT ( 'NONE',  ( -91.75000000000000000, 10.65429687500000355, 0.3999999999999837019 ) ) ;
#2992 = CARTESIAN_POINT ( 'NONE',  ( -40.55000000000001137, 16.15429687500000355, 0.5000000000000000000 ) ) ;
#2993 =( NAMED_UNIT ( * ) PLANE_ANGLE_UNIT ( ) SI_UNIT ( $, .RADIAN. ) );
#2994 = CC_DESIGN_PERSON_AND_ORGANIZATION_ASSIGNMENT ( #555, #3613, ( #3316 ) ) ;
#2995 = ORIENTED_EDGE ( 'NONE', *, *, #829, .T. ) ;
#2996 = VERTEX_POINT ( 'NONE', #1666 ) ;
#2997 = ORIENTED_EDGE ( 'NONE', *, *, #1130, .T. ) ;
#2998 = CARTESIAN_POINT ( 'NONE',  ( -60.60000000000001563, 15.40429687499999645, 0.000000000000000000 ) ) ;
#2999 = FACE_OUTER_BOUND ( 'NONE', #2340, .T. ) ;
#3000 = LINE ( 'NONE', #1522, #1278 ) ;
#3001 = ADVANCED_FACE ( 'NONE', ( #2238 ), #729, .T. ) ;
#3002 = LINE ( 'NONE', #3640, #961 ) ;
#3003 = FACE_OUTER_BOUND ( 'NONE', #2069, .T. ) ;
#3004 = VECTOR ( 'NONE', #2379, 1000.000000000000000 ) ;
#3005 = VECTOR ( 'NONE', #2380, 1000.000000000000000 ) ;
#3006 = VECTOR ( 'NONE', #2200, 1000.000000000000000 ) ;
#3007 = ORIENTED_EDGE ( 'NONE', *, *, #2158, .F. ) ;
#3008 = DIRECTION ( 'NONE',  ( 0.000000000000000000, 0.000000000000000000, -1.000000000000000000 ) ) ;
#3009 = VERTEX_POINT ( 'NONE', #1068 ) ;
#3010 = VECTOR ( 'NONE', #2207, 1000.000000000000000 ) ;
#3011 = PLANE ( 'NONE',  #1032 ) ;
#3012 = VECTOR ( 'NONE', #2847, 1000.000000000000000 ) ;
#3013 = VECTOR ( 'NONE', #3612, 1000.000000000000000 ) ;
#3014 = DIRECTION ( 'NONE',  ( 1.000000000000000000, 0.000000000000000000, 0.000000000000000000 ) ) ;
#3015 = DIRECTION ( 'NONE',  ( 0.000000000000000000, -1.000000000000000000, 0.000000000000000000 ) ) ;
#3016 = APPROVAL_STATUS ( 'not_yet_approved' ) ;
#3017 = VECTOR ( 'NONE', #1588, 1000.000000000000000 ) ;
#3018 = ADVANCED_FACE ( 'NONE', ( #2277 ), #472, .F. ) ;
#3019 = ORIENTED_EDGE ( 'NONE', *, *, #398, .T. ) ;
#3020 = ORIENTED_EDGE ( 'NONE', *, *, #1313, .T. ) ;
#3021 = VERTEX_POINT ( 'NONE', #2600 ) ;
#3022 = DIRECTION ( 'NONE',  ( 0.000000000000000000, -0.000000000000000000, -1.000000000000000000 ) ) ;
#3023 = DIRECTION ( 'NONE',  ( -0.000000000000000000, -0.000000000000000000, 1.000000000000000000 ) ) ;
#3024 = CARTESIAN_POINT ( 'NONE',  ( 0.000000000000000000, 0.000000000000000000, 0.5000000000000000000 ) ) ;
#3025 = CARTESIAN_POINT ( 'NONE',  ( -61.75000000000001421, 12.50429687500000142, 3.749999999999995115 ) ) ;
#3026 = PLANE ( 'NONE',  #2337 ) ;
#3027 = CARTESIAN_POINT ( 'NONE',  ( 45.85000000000000142, 0.000000000000000000, 6.000000000000000000 ) ) ;
#3028 = EDGE_CURVE ( 'NONE', #3690, #2149, #2827, .T. ) ;
#3029 = DIRECTION ( 'NONE',  ( 1.000000000000000000, 2.775557561562890365E-16, 0.000000000000000000 ) ) ;
#3030 = ORIENTED_EDGE ( 'NONE', *, *, #2073, .T. ) ;
#3031 = CARTESIAN_POINT ( 'NONE',  ( 15.04999999999999005, 20.90429687500000000, 0.000000000000000000 ) ) ;
#3032 = DIRECTION ( 'NONE',  ( 0.000000000000000000, -1.000000000000000000, 0.000000000000000000 ) ) ;
#3033 = VERTEX_POINT ( 'NONE', #1644 ) ;
#3034 = EDGE_LOOP ( 'NONE', ( #3312, #976, #3595, #2765 ) ) ;
#3035 = CARTESIAN_POINT ( 'NONE',  ( 31.59999999999999076, 20.90429687500000000, 2.000000000000000000 ) ) ;
#3036 = CARTESIAN_POINT ( 'NONE',  ( -83.65000000000001990, 20.90429687500000355, 0.5000000000000000000 ) ) ;
#3037 = ADVANCED_FACE ( 'NONE', ( #3466 ), #2863, .T. ) ;
#3038 = DIRECTION ( 'NONE',  ( 1.000000000000000000, 0.000000000000000000, 0.000000000000000000 ) ) ;
#3039 = LINE ( 'NONE', #2703, #3090 ) ;
#3040 = DIRECTION ( 'NONE',  ( 1.000000000000000000, 0.000000000000000000, 0.000000000000000000 ) ) ;
#3041 = EDGE_CURVE ( 'NONE', #2130, #2667, #402, .T. ) ;
#3042 = EDGE_CURVE ( 'NONE', #1107, #602, #453, .T. ) ;
#3043 = PLANE ( 'NONE',  #171 ) ;
#3044 = AXIS2_PLACEMENT_3D ( 'NONE', #106, #47, #661 ) ;
#3045 = DIRECTION ( 'NONE',  ( -1.000000000000000000, 0.000000000000000000, -0.000000000000000000 ) ) ;
#3046 = ORIENTED_EDGE ( 'NONE', *, *, #454, .T. ) ;
#3047 = VECTOR ( 'NONE', #409, 1000.000000000000000 ) ;
#3048 = DIRECTION ( 'NONE',  ( 0.000000000000000000, -0.000000000000000000, 1.000000000000000000 ) ) ;
#3049 = LINE ( 'NONE', #54, #784 ) ;
#3050 = VECTOR ( 'NONE', #1173, 1000.000000000000000 ) ;
#3051 = CARTESIAN_POINT ( 'NONE',  ( -91.34999999999998010, 10.65429687500000355, 5.000000000000000000 ) ) ;
#3052 = ORIENTED_EDGE ( 'NONE', *, *, #1489, .T. ) ;
#3053 = VERTEX_POINT ( 'NONE', #1903 ) ;
#3054 = VERTEX_POINT ( 'NONE', #112 ) ;
#3055 = DIRECTION ( 'NONE',  ( -0.000000000000000000, 0.000000000000000000, 1.000000000000000000 ) ) ;
#3056 = CARTESIAN_POINT ( 'NONE',  ( -5.750000000000005329, 21.90429687500000000, 0.5000000000000000000 ) ) ;
#3057 = DIRECTION ( 'NONE',  ( 1.000000000000000000, 1.734723475976805517E-15, 0.000000000000000000 ) ) ;
#3058 = DIRECTION ( 'NONE',  ( 1.000000000000000000, -0.000000000000000000, -1.156482317317871478E-16 ) ) ;
#3059 = FACE_OUTER_BOUND ( 'NONE', #1039, .T. ) ;
#3060 = LINE ( 'NONE', #339, #612 ) ;
#3061 = EDGE_CURVE ( 'NONE', #3780, #2976, #1609, .T. ) ;
#3062 = DIRECTION ( 'NONE',  ( 1.000000000000000000, 0.000000000000000000, -1.156482317317871478E-16 ) ) ;
#3063 = ORIENTED_EDGE ( 'NONE', *, *, #12, .F. ) ;
#3064 = CARTESIAN_POINT ( 'NONE',  ( 46.02765300074576515, 10.83194987574576373, 4.926413717694815730 ) ) ;
#3065 = AXIS2_PLACEMENT_3D ( 'NONE', #1483, #2677, #866 ) ;
#3066 = LINE ( 'NONE', #34, #3017 ) ;
#3067 = ORIENTED_EDGE ( 'NONE', *, *, #2158, .T. ) ;
#3068 = AXIS2_PLACEMENT_3D ( 'NONE', #2536, #1317, #412 ) ;
#3069 = CARTESIAN_POINT ( 'NONE',  ( 6.049999999999992717, 14.40429687500000178, 0.5000000000000000000 ) ) ;
#3070 = ORIENTED_EDGE ( 'NONE', *, *, #1475, .F. ) ;
#3071 = EDGE_CURVE ( 'NONE', #1120, #2239, #1325, .T. ) ;
#3072 = VECTOR ( 'NONE', #3863, 1000.000000000000000 ) ;
#3073 = ORIENTED_EDGE ( 'NONE', *, *, #3453, .T. ) ;
#3074 = LINE ( 'NONE', #2168, #3843 ) ;
#3075 = VECTOR ( 'NONE', #1907, 1000.000000000000000 ) ;
#3076 = PLANE ( 'NONE',  #1857 ) ;
#3077 = VECTOR ( 'NONE', #2900, 1000.000000000000000 ) ;
#3078 = EDGE_CURVE ( 'NONE', #2235, #1044, #2525, .T. ) ;
#3079 = CARTESIAN_POINT ( 'NONE',  ( -91.75000000000001421, 25.65429687500000355, 0.3999999999999837019 ) ) ;
#3080 = DIRECTION ( 'NONE',  ( -1.156482317317871478E-16, 0.000000000000000000, -1.000000000000000000 ) ) ;
#3081 = ORIENTED_EDGE ( 'NONE', *, *, #1885, .T. ) ;
#3082 = DIRECTION ( 'NONE',  ( -0.7071067811865245911, -0.5000000000000167644, -0.5000000000000155431 ) ) ;
#3083 = DIRECTION ( 'NONE',  ( -0.000000000000000000, -0.000000000000000000, -1.000000000000000000 ) ) ;
#3084 = ADVANCED_FACE ( 'NONE', ( #3745 ), #1625, .F. ) ;
#3085 = CARTESIAN_POINT ( 'NONE',  ( 17.24999999999998579, 23.05429687500000213, 4.249999999999998224 ) ) ;
#3086 = DIRECTION ( 'NONE',  ( 9.251858538542971828E-16, -1.000000000000000000, 0.000000000000000000 ) ) ;
#3087 = ORIENTED_EDGE ( 'NONE', *, *, #2462, .T. ) ;
#3088 = CARTESIAN_POINT ( 'NONE',  ( 18.04999999999999005, 14.40429687500000178, 0.5000000000000000000 ) ) ;
#3089 = EDGE_CURVE ( 'NONE', #1684, #2235, #2843, .T. ) ;
#3090 = VECTOR ( 'NONE', #1750, 1000.000000000000000 ) ;
#3091 = CARTESIAN_POINT ( 'NONE',  ( -76.75000000000001421, 13.25429687500000142, 4.249999999999996447 ) ) ;
#3092 = ORIENTED_EDGE ( 'NONE', *, *, #735, .T. ) ;
#3093 = ORIENTED_EDGE ( 'NONE', *, *, #503, .F. ) ;
#3094 = DIRECTION ( 'NONE',  ( 0.000000000000000000, -0.000000000000000000, 1.000000000000000000 ) ) ;
#3095 = PLANE ( 'NONE',  #3582 ) ;
#3096 = DIRECTION ( 'NONE',  ( 1.261617073437678048E-15, 1.000000000000000000, 0.000000000000000000 ) ) ;
#3097 = CARTESIAN_POINT ( 'NONE',  ( 38.09999999999998721, 16.15429687499999645, 0.5000000000000000000 ) ) ;
#3098 = LINE ( 'NONE', #1579, #1534 ) ;
#3099 = CARTESIAN_POINT ( 'NONE',  ( -91.75000000000001421, 12.50429687500000142, 6.000000000000000000 ) ) ;
#3100 = CARTESIAN_POINT ( 'NONE',  ( 31.59999999999999076, 15.40429687499999822, 0.000000000000000000 ) ) ;
#3101 = LINE ( 'NONE', #1807, #3815 ) ;
#3102 = EDGE_LOOP ( 'NONE', ( #424, #540, #3431, #879 ) ) ;
#3103 = DIRECTION ( 'NONE',  ( 0.000000000000000000, 1.000000000000000000, 0.000000000000000000 ) ) ;
#3104 = DIRECTION ( 'NONE',  ( 0.000000000000000000, -1.000000000000000000, 0.000000000000000000 ) ) ;
#3105 = ORIENTED_EDGE ( 'NONE', *, *, #1071, .T. ) ;
#3106 = LINE ( 'NONE', #935, #1407 ) ;
#3107 = ORIENTED_EDGE ( 'NONE', *, *, #1855, .T. ) ;
#3108 = VECTOR ( 'NONE', #176, 1000.000000000000000 ) ;
#3109 = ORIENTED_EDGE ( 'NONE', *, *, #2271, .F. ) ;
#3110 = EDGE_CURVE ( 'NONE', #1719, #3301, #752, .T. ) ;
#3111 = EDGE_LOOP ( 'NONE', ( #1972, #2306, #2027, #2874 ) ) ;
#3112 = VECTOR ( 'NONE', #2197, 1000.000000000000114 ) ;
#3113 = PLANE ( 'NONE',  #1917 ) ;
#3114 = APPROVAL ( #577, 'UNSPECIFIED' ) ;
#3115 = DIRECTION ( 'NONE',  ( -0.000000000000000000, -0.000000000000000000, 1.000000000000000000 ) ) ;
#3116 = LINE ( 'NONE', #1276, #3171 ) ;
#3117 = PLANE ( 'NONE',  #3790 ) ;
#3118 = CARTESIAN_POINT ( 'NONE',  ( -61.75000000000001421, 23.55429687500000213, 4.249999999999999112 ) ) ;
#3119 = CARTESIAN_POINT ( 'NONE',  ( -14.75000000000001243, 13.25429687500000142, 3.749999999999995115 ) ) ;
#3120 = EDGE_CURVE ( 'NONE', #2734, #764, #3524, .T. ) ;
#3121 = LINE ( 'NONE', #687, #3496 ) ;
#3122 = VERTEX_POINT ( 'NONE', #3929 ) ;
#3123 = DIRECTION ( 'NONE',  ( -0.000000000000000000, -0.000000000000000000, 1.000000000000000000 ) ) ;
#3124 = AXIS2_PLACEMENT_3D ( 'NONE', #1677, #3195, #1338 ) ;
#3125 = DIRECTION ( 'NONE',  ( -1.000000000000000000, -2.775557561562890365E-16, 0.000000000000000000 ) ) ;
#3126 = VECTOR ( 'NONE', #831, 1000.000000000000000 ) ;
#3127 = EDGE_LOOP ( 'NONE', ( #189, #492, #1963, #3913 ) ) ;
#3128 = VECTOR ( 'NONE', #3826, 1000.000000000000000 ) ;
#3129 = ORIENTED_EDGE ( 'NONE', *, *, #3206, .T. ) ;
#3130 = LINE ( 'NONE', #2528, #2297 ) ;
#3131 = FACE_OUTER_BOUND ( 'NONE', #3535, .T. ) ;
#3132 = PLANE ( 'NONE',  #3624 ) ;
#3133 = EDGE_CURVE ( 'NONE', #2124, #810, #527, .T. ) ;
#3134 = VECTOR ( 'NONE', #84, 1000.000000000000000 ) ;
#3135 = ORIENTED_EDGE ( 'NONE', *, *, #3847, .T. ) ;
#3136 = AXIS2_PLACEMENT_3D ( 'NONE', #2936, #2675, #2352 ) ;
#3137 = DIRECTION ( 'NONE',  ( 1.000000000000000000, 0.000000000000000000, 1.156482317317871478E-16 ) ) ;
#3138 = DIRECTION ( 'NONE',  ( -0.000000000000000000, -0.000000000000000000, 1.000000000000000000 ) ) ;
#3139 = PLANE ( 'NONE',  #3748 ) ;
#3140 = ORIENTED_EDGE ( 'NONE', *, *, #860, .F. ) ;
#3141 = CARTESIAN_POINT ( 'NONE',  ( -89.75000000000001421, 23.15429687500000355, 0.2500000000000000000 ) ) ;
#3142 = EDGE_CURVE ( 'NONE', #276, #131, #2316, .T. ) ;
#3143 = DIRECTION ( 'NONE',  ( 0.000000000000000000, 0.000000000000000000, 1.000000000000000000 ) ) ;
#3144 = ORIENTED_EDGE ( 'NONE', *, *, #1130, .F. ) ;
#3145 = AXIS2_PLACEMENT_3D ( 'NONE', #2179, #666, #375 ) ;
#3146 = ADVANCED_FACE ( 'NONE', ( #1718 ), #850, .F. ) ;
#3147 = ORIENTED_EDGE ( 'NONE', *, *, #3797, .T. ) ;
#3148 = CARTESIAN_POINT ( 'NONE',  ( -89.25000000000001421, 13.15429687500000355, 0.000000000000000000 ) ) ;
#3149 = CARTESIAN_POINT ( 'NONE',  ( -14.75000000000001243, 12.50429687500000142, 4.249999999999994671 ) ) ;
#3150 = EDGE_LOOP ( 'NONE', ( #3092, #2957, #3070, #2164 ) ) ;
#3151 = CARTESIAN_POINT ( 'NONE',  ( 32.24999999999998579, 23.05429687500000213, 3.750000000000000444 ) ) ;
#3152 = EDGE_LOOP ( 'NONE', ( #1490, #713, #1675, #1414 ) ) ;
#3153 = ORIENTED_EDGE ( 'NONE', *, *, #3340, .F. ) ;
#3154 = DIRECTION ( 'NONE',  ( 0.5773502691896323924, -0.5773502691896323924, 0.5773502691896122974 ) ) ;
#3155 = CARTESIAN_POINT ( 'NONE',  ( -37.55000000000000426, 20.90429687500000711, 0.000000000000000000 ) ) ;
#3156 = EDGE_LOOP ( 'NONE', ( #2408, #1335, #98, #851, #474, #556, #3299, #1517, #3244, #1551, #783, #52 ) ) ;
#3157 = CARTESIAN_POINT ( 'NONE',  ( -85.90000000000001990, 14.40429687500000178, 0.5000000000000000000 ) ) ;
#3158 = DIRECTION ( 'NONE',  ( 1.000000000000000000, -0.000000000000000000, 1.156482317317871478E-16 ) ) ;
#3159 = VECTOR ( 'NONE', #3086, 1000.000000000000000 ) ;
#3160 = EDGE_CURVE ( 'NONE', #3583, #2509, #1108, .T. ) ;
#3161 = CARTESIAN_POINT ( 'NONE',  ( -31.05000000000000782, 20.15429687500001066, 2.000000000000000000 ) ) ;
#3162 = VERTEX_POINT ( 'NONE', #792 ) ;
#3163 = EDGE_CURVE ( 'NONE', #2869, #2908, #1131, .T. ) ;
#3164 = LINE ( 'NONE', #1344, #3643 ) ;
#3165 = DIRECTION ( 'NONE',  ( 0.000000000000000000, 1.000000000000000000, 0.000000000000000000 ) ) ;
#3166 = ORIENTED_EDGE ( 'NONE', *, *, #2490, .F. ) ;
#3167 = EDGE_CURVE ( 'NONE', #822, #3551, #3541, .T. ) ;
#3168 = ORIENTED_EDGE ( 'NONE', *, *, #2258, .T. ) ;
#3169 = DIRECTION ( 'NONE',  ( 0.000000000000000000, -0.000000000000000000, 1.000000000000000000 ) ) ;
#3170 = PLANE ( 'NONE',  #593 ) ;
#3171 = VECTOR ( 'NONE', #1556, 1000.000000000000114 ) ;
#3172 = VERTEX_POINT ( 'NONE', #1701 ) ;
#3173 = FACE_OUTER_BOUND ( 'NONE', #1652, .T. ) ;
#3174 = VECTOR ( 'NONE', #2522, 1000.000000000000000 ) ;
#3175 = ORIENTED_EDGE ( 'NONE', *, *, #2485, .F. ) ;
#3176 = ORIENTED_EDGE ( 'NONE', *, *, #1188, .F. ) ;
#3177 = DIRECTION ( 'NONE',  ( -0.000000000000000000, -0.000000000000000000, 1.000000000000000000 ) ) ;
#3178 = CARTESIAN_POINT ( 'NONE',  ( -85.90000000000001990, 14.40429687500000178, 2.000000000000000000 ) ) ;
#3179 = VERTEX_POINT ( 'NONE', #2015 ) ;
#3180 = CARTESIAN_POINT ( 'NONE',  ( -60.60000000000001563, 15.40429687499999645, 0.000000000000000000 ) ) ;
#3181 = ORIENTED_EDGE ( 'NONE', *, *, #2966, .F. ) ;
#3182 = CARTESIAN_POINT ( 'NONE',  ( 8.549999999999995381, 20.90429687500000000, 0.5000000000000000000 ) ) ;
#3183 = EDGE_CURVE ( 'NONE', #1055, #1658, #508, .T. ) ;
#3184 = CARTESIAN_POINT ( 'NONE',  ( -63.60000000000001563, 16.15429687499999289, 0.5000000000000000000 ) ) ;
#3185 = ORIENTED_EDGE ( 'NONE', *, *, #3041, .F. ) ;
#3186 = ORIENTED_EDGE ( 'NONE', *, *, #2192, .T. ) ;
#3187 = VECTOR ( 'NONE', #1842, 1000.000000000000000 ) ;
#3188 = CARTESIAN_POINT ( 'NONE',  ( -29.75000000000001421, 23.55429687500000213, 3.749999999999998668 ) ) ;
#3189 = VECTOR ( 'NONE', #2517, 1000.000000000000000 ) ;
#3190 = CARTESIAN_POINT ( 'NONE',  ( -14.50000000000000533, 20.90429687500000000, 0.000000000000000000 ) ) ;
#3191 = EDGE_LOOP ( 'NONE', ( #2915, #386, #1352, #41, #832, #1636, #1033, #1781 ) ) ;
#3192 = CARTESIAN_POINT ( 'NONE',  ( -61.75000000000001421, 12.50429687500000142, 3.749999999999995115 ) ) ;
#3193 = AXIS2_PLACEMENT_3D ( 'NONE', #365, #385, #1253 ) ;
#3194 = ORIENTED_EDGE ( 'NONE', *, *, #1772, .T. ) ;
#3195 = DIRECTION ( 'NONE',  ( 5.337610695313253357E-16, 1.000000000000000000, 0.000000000000000000 ) ) ;
#3196 = EDGE_CURVE ( 'NONE', #2393, #810, #809, .T. ) ;
#3197 = CARTESIAN_POINT ( 'NONE',  ( -14.75000000000001243, 23.05429687500000213, 3.750000000000000444 ) ) ;
#3198 = VECTOR ( 'NONE', #264, 1000.000000000000000 ) ;
#3199 = EDGE_LOOP ( 'NONE', ( #3531, #816, #2644, #526 ) ) ;
#3200 = VECTOR ( 'NONE', #1374, 1000.000000000000000 ) ;
#3201 = EDGE_CURVE ( 'NONE', #3629, #2008, #1467, .T. ) ;
#3202 = PLANE ( 'NONE',  #1582 ) ;
#3203 = ORIENTED_EDGE ( 'NONE', *, *, #3787, .T. ) ;
#3204 = DIRECTION ( 'NONE',  ( -0.000000000000000000, -0.000000000000000000, 1.000000000000000000 ) ) ;
#3205 = VECTOR ( 'NONE', #3461, 1000.000000000000000 ) ;
#3206 = EDGE_CURVE ( 'NONE', #2803, #1119, #549, .T. ) ;
#3207 = DIRECTION ( 'NONE',  ( -2.775557561562890365E-16, 1.000000000000000000, 0.000000000000000000 ) ) ;
#3208 = VERTEX_POINT ( 'NONE', #2684 ) ;
#3209 = ORIENTED_EDGE ( 'NONE', *, *, #327, .T. ) ;
#3210 = ADVANCED_FACE ( 'NONE', ( #2645 ), #2665, .F. ) ;
#3211 = CARTESIAN_POINT ( 'NONE',  ( -54.10000000000000853, 20.15429687499999645, 0.000000000000000000 ) ) ;
#3212 = LINE ( 'NONE', #478, #1098 ) ;
#3213 = ORIENTED_EDGE ( 'NONE', *, *, #2476, .T. ) ;
#3214 = DIRECTION ( 'NONE',  ( 1.000000000000000000, -0.000000000000000000, -1.156482317317871478E-16 ) ) ;
#3215 = ORIENTED_EDGE ( 'NONE', *, *, #2129, .F. ) ;
#3216 = CARTESIAN_POINT ( 'NONE',  ( 31.59999999999999076, 20.15429687500000000, 2.000000000000000000 ) ) ;
#3217 = FACE_BOUND ( 'NONE', #257, .T. ) ;
#3218 = EDGE_CURVE ( 'NONE', #1957, #1774, #3607, .T. ) ;
#3219 = EDGE_LOOP ( 'NONE', ( #3590, #2708, #861, #2350 ) ) ;
#3220 = DIRECTION ( 'NONE',  ( 1.000000000000000000, 0.000000000000000000, 0.000000000000000000 ) ) ;
#3221 = ORIENTED_EDGE ( 'NONE', *, *, #3742, .F. ) ;
#3222 = LINE ( 'NONE', #1168, #2939 ) ;
#3223 = DIRECTION ( 'NONE',  ( -0.000000000000000000, -0.000000000000000000, 1.000000000000000000 ) ) ;
#3224 = DIRECTION ( 'NONE',  ( -0.000000000000000000, -0.000000000000000000, 1.000000000000000000 ) ) ;
#3225 = ORIENTED_EDGE ( 'NONE', *, *, #332, .T. ) ;
#3226 = FACE_OUTER_BOUND ( 'NONE', #3274, .T. ) ;
#3227 = ORIENTED_EDGE ( 'NONE', *, *, #1866, .F. ) ;
#3228 = ORIENTED_EDGE ( 'NONE', *, *, #1019, .T. ) ;
#3229 = FACE_BOUND ( 'NONE', #1258, .T. ) ;
#3230 = DIRECTION ( 'NONE',  ( -0.000000000000000000, 0.000000000000000000, 1.000000000000000000 ) ) ;
#3231 = DIRECTION ( 'NONE',  ( 1.000000000000000000, 0.000000000000000000, 0.000000000000000000 ) ) ;
#3232 = EDGE_CURVE ( 'NONE', #1073, #3381, #3873, .T. ) ;
#3233 = ORIENTED_EDGE ( 'NONE', *, *, #610, .T. ) ;
#3234 = ORIENTED_EDGE ( 'NONE', *, *, #1040, .T. ) ;
#3235 = EDGE_CURVE ( 'NONE', #655, #3512, #3848, .T. ) ;
#3236 = ORIENTED_EDGE ( 'NONE', *, *, #3283, .F. ) ;
#3237 = LOCAL_TIME ( 20, 50, 53.00000000000000000, #2431 ) ;
#3238 = CARTESIAN_POINT ( 'NONE',  ( -91.75000000000001421, 25.25429687499997655, 6.000000000000000000 ) ) ;
#3239 = CARTESIAN_POINT ( 'NONE',  ( -37.55000000000000426, 15.40429687500000355, 2.000000000000000000 ) ) ;
#3240 = AXIS2_PLACEMENT_3D ( 'NONE', #2920, #1384, #2598 ) ;
#3241 = CARTESIAN_POINT ( 'NONE',  ( -40.55000000000001137, 20.15429687500000711, 0.5000000000000000000 ) ) ;
#3242 = ADVANCED_FACE ( 'NONE', ( #3303 ), #571, .F. ) ;
#3243 = ORIENTED_EDGE ( 'NONE', *, *, #2914, .F. ) ;
#3244 = ORIENTED_EDGE ( 'NONE', *, *, #1659, .T. ) ;
#3245 = CARTESIAN_POINT ( 'NONE',  ( -63.60000000000001563, 16.15429687499999289, 0.5000000000000000000 ) ) ;
#3246 = ORIENTED_EDGE ( 'NONE', *, *, #700, .F. ) ;
#3247 = CARTESIAN_POINT ( 'NONE',  ( -83.65000000000001990, 20.90429687500000355, 0.000000000000000000 ) ) ;
#3248 = ORIENTED_EDGE ( 'NONE', *, *, #3304, .T. ) ;
#3249 = ORIENTED_EDGE ( 'NONE', *, *, #1451, .T. ) ;
#3250 = DIRECTION ( 'NONE',  ( -0.6785983445458650953, 0.2810846377147895314, 0.6785983445458415586 ) ) ;
#3251 = LINE ( 'NONE', #1727, #3904 ) ;
#3252 = CALENDAR_DATE ( 2025, 31, 7 ) ;
#3253 = ADVANCED_FACE ( 'NONE', ( #2709 ), #288, .F. ) ;
#3254 = VERTEX_POINT ( 'NONE', #950 ) ;
#3255 = VECTOR ( 'NONE', #3058, 1000.000000000000000 ) ;
#3256 = EDGE_LOOP ( 'NONE', ( #2899, #1241, #3588, #994 ) ) ;
#3257 = PLANE ( 'NONE',  #1729 ) ;
#3258 = DIRECTION ( 'NONE',  ( -0.5773502691896323924, -0.5773502691896323924, 0.5773502691896122974 ) ) ;
#3259 = EDGE_CURVE ( 'NONE', #156, #2538, #2785, .T. ) ;
#3260 = VECTOR ( 'NONE', #141, 1000.000000000000000 ) ;
#3261 = AXIS2_PLACEMENT_3D ( 'NONE', #1491, #2299, #2766 ) ;
#3262 = CARTESIAN_POINT ( 'NONE',  ( -89.75000000000001421, 23.15429687500000355, 0.3499999999999999223 ) ) ;
#3263 = FACE_OUTER_BOUND ( 'NONE', #875, .T. ) ;
#3264 = VECTOR ( 'NONE', #2007, 1000.000000000000000 ) ;
#3265 = LINE ( 'NONE', #3825, #3468 ) ;
#3266 = VECTOR ( 'NONE', #2954, 1000.000000000000000 ) ;
#3267 = DIRECTION ( 'NONE',  ( 0.000000000000000000, 0.000000000000000000, -1.000000000000000000 ) ) ;
#3268 = EDGE_LOOP ( 'NONE', ( #3007, #367, #3046, #1868 ) ) ;
#3269 = EDGE_CURVE ( 'NONE', #3646, #3447, #1270, .T. ) ;
#3270 = VERTEX_POINT ( 'NONE', #342 ) ;
#3271 = CARTESIAN_POINT ( 'NONE',  ( 0.000000000000000000, 0.000000000000000000, 2.000000000000000000 ) ) ;
#3272 = CARTESIAN_POINT ( 'NONE',  ( -61.75000000000001421, 12.75429687500000142, 3.749999999999995115 ) ) ;
#3273 = ORIENTED_EDGE ( 'NONE', *, *, #3683, .T. ) ;
#3274 = EDGE_LOOP ( 'NONE', ( #3225, #1501, #1052, #2228 ) ) ;
#3275 = ORIENTED_EDGE ( 'NONE', *, *, #2681, .T. ) ;
#3276 = EDGE_CURVE ( 'NONE', #3475, #2149, #3667, .T. ) ;
#3277 = FACE_OUTER_BOUND ( 'NONE', #896, .T. ) ;
#3278 = CARTESIAN_POINT ( 'NONE',  ( 32.24999999999998579, 23.05429687500000213, 4.249999999999999112 ) ) ;
#3279 = DIRECTION ( 'NONE',  ( 1.000000000000000000, -0.000000000000000000, -1.156482317317871478E-16 ) ) ;
#3280 = LINE ( 'NONE', #2679, #1413 ) ;
#3281 = ORIENTED_EDGE ( 'NONE', *, *, #561, .F. ) ;
#3282 = LINE ( 'NONE', #1525, #3348 ) ;
#3283 = EDGE_CURVE ( 'NONE', #3755, #113, #2425, .T. ) ;
#3284 = VERTEX_POINT ( 'NONE', #2447 ) ;
#3285 = CARTESIAN_POINT ( 'NONE',  ( 6.049999999999992717, 21.90429687500000000, 0.5000000000000000000 ) ) ;
#3286 = ORIENTED_EDGE ( 'NONE', *, *, #1246, .F. ) ;
#3287 = DIRECTION ( 'NONE',  ( -0.000000000000000000, 1.000000000000000000, -0.000000000000000000 ) ) ;
#3288 = DIRECTION ( 'NONE',  ( 0.000000000000000000, -0.000000000000000000, -1.000000000000000000 ) ) ;
#3289 = DIRECTION ( 'NONE',  ( 1.000000000000000000, 0.000000000000000000, 0.000000000000000000 ) ) ;
#3290 =( NAMED_UNIT ( * ) SI_UNIT ( $, .STERADIAN. ) SOLID_ANGLE_UNIT ( ) );
#3291 = ORIENTED_EDGE ( 'NONE', *, *, #1504, .T. ) ;
#3292 = EDGE_LOOP ( 'NONE', ( #1132, #2627, #2388, #2329 ) ) ;
#3293 = ORIENTED_EDGE ( 'NONE', *, *, #3781, .F. ) ;
#3294 = DIRECTION ( 'NONE',  ( -1.000000000000000000, 0.000000000000000000, 0.000000000000000000 ) ) ;
#3295 = PLANE ( 'NONE',  #222 ) ;
#3296 = LINE ( 'NONE', #1385, #2227 ) ;
#3297 = CARTESIAN_POINT ( 'NONE',  ( -89.50000000000001421, 0.000000000000000000, 0.3499999999999999223 ) ) ;
#3298 = CARTESIAN_POINT ( 'NONE',  ( -77.15000000000000568, 20.90429687500000355, 0.5000000000000000000 ) ) ;
#3299 = ORIENTED_EDGE ( 'NONE', *, *, #327, .F. ) ;
#3300 = AXIS2_PLACEMENT_3D ( 'NONE', #3241, #2617, #449 ) ;
#3301 = VERTEX_POINT ( 'NONE', #1823 ) ;
#3302 = VERTEX_POINT ( 'NONE', #647 ) ;
#3303 = FACE_OUTER_BOUND ( 'NONE', #2455, .T. ) ;
#3304 = EDGE_CURVE ( 'NONE', #3270, #1184, #381, .T. ) ;
#3305 = ORIENTED_EDGE ( 'NONE', *, *, #1617, .F. ) ;
#3306 = CARTESIAN_POINT ( 'NONE',  ( 46.25000000000000000, 11.65429687500000533, 5.600000000000002309 ) ) ;
#3307 = ORIENTED_EDGE ( 'NONE', *, *, #791, .F. ) ;
#3308 = DIRECTION ( 'NONE',  ( 0.5773502691896359451, 0.5773502691896306160, -0.5773502691896107430 ) ) ;
#3309 = CARTESIAN_POINT ( 'NONE',  ( 45.84999999999998721, 24.65429687500000711, 6.000000000000000000 ) ) ;
#3310 = PERSON_AND_ORGANIZATION ( #2744, #2208 ) ;
#3311 = VERTEX_POINT ( 'NONE', #1863 ) ;
#3312 = ORIENTED_EDGE ( 'NONE', *, *, #3911, .F. ) ;
#3313 = FACE_BOUND ( 'NONE', #3552, .T. ) ;
#3314 = CARTESIAN_POINT ( 'NONE',  ( -14.50000000000000533, 15.40429687499999822, 0.000000000000000000 ) ) ;
#3315 = CARTESIAN_POINT ( 'NONE',  ( -91.75000000000001421, 24.65429687500000711, 6.000000000000000000 ) ) ;
#3316 = PRODUCT ( 'COAS + COAT Holder', 'COAS + COAT Holder', '', ( #1139 ) ) ;
#3317 = ADVANCED_FACE ( 'NONE', ( #2746 ), #2466, .F. ) ;
#3318 = LINE ( 'NONE', #8, #3704 ) ;
#3319 = VERTEX_POINT ( 'NONE', #932 ) ;
#3320 = CARTESIAN_POINT ( 'NONE',  ( 46.05000000000000426, 25.45429687500001137, 0.1999999999999918510 ) ) ;
#3321 = AXIS2_PLACEMENT_3D ( 'NONE', #1548, #3684, #3048 ) ;
#3322 = VECTOR ( 'NONE', #3424, 1000.000000000000000 ) ;
#3323 = FACE_OUTER_BOUND ( 'NONE', #1622, .T. ) ;
#3324 = DIRECTION ( 'NONE',  ( -0.6785983445458716456, 0.6785983445458245722, 0.2810846377148147335 ) ) ;
#3325 = VECTOR ( 'NONE', #1919, 1000.000000000000114 ) ;
#3326 = VERTEX_POINT ( 'NONE', #3088 ) ;
#3327 = EDGE_CURVE ( 'NONE', #2996, #2715, #2407, .T. ) ;
#3328 = CARTESIAN_POINT ( 'NONE',  ( 41.09999999999999432, 16.15429687499999645, 0.5000000000000000000 ) ) ;
#3329 = VERTEX_POINT ( 'NONE', #363 ) ;
#3330 = VECTOR ( 'NONE', #358, 1000.000000000000000 ) ;
#3331 = LINE ( 'NONE', #972, #466 ) ;
#3332 = AXIS2_PLACEMENT_3D ( 'NONE', #1224, #2112, #1850 ) ;
#3333 = ORIENTED_EDGE ( 'NONE', *, *, #3269, .F. ) ;
#3334 = ADVANCED_FACE ( 'NONE', ( #1195, #1236 ), #31, .T. ) ;
#3335 = VECTOR ( 'NONE', #1908, 1000.000000000000000 ) ;
#3336 = PLANE ( 'NONE',  #947 ) ;
#3337 = FACE_OUTER_BOUND ( 'NONE', #1196, .T. ) ;
#3338 = APPROVAL_ROLE ( '' ) ;
#3339 = ORIENTED_EDGE ( 'NONE', *, *, #1246, .T. ) ;
#3340 = EDGE_CURVE ( 'NONE', #2393, #3872, #2802, .T. ) ;
#3341 = ORIENTED_EDGE ( 'NONE', *, *, #2361, .T. ) ;
#3342 = ORIENTED_EDGE ( 'NONE', *, *, #624, .F. ) ;
#3343 = CARTESIAN_POINT ( 'NONE',  ( 31.59999999999999076, 20.90429687500000000, 0.5000000000000000000 ) ) ;
#3344 = DIRECTION ( 'NONE',  ( -0.000000000000000000, 1.000000000000000000, 0.000000000000000000 ) ) ;
#3345 = DIRECTION ( 'NONE',  ( 0.000000000000000000, 0.000000000000000000, -1.000000000000000000 ) ) ;
#3346 = DIRECTION ( 'NONE',  ( -0.000000000000000000, 1.000000000000000000, -0.000000000000000000 ) ) ;
#3347 = DIRECTION ( 'NONE',  ( -0.000000000000000000, 0.000000000000000000, 1.000000000000000000 ) ) ;
#3348 = VECTOR ( 'NONE', #2139, 1000.000000000000000 ) ;
#3349 = DIRECTION ( 'NONE',  ( -0.000000000000000000, -0.000000000000000000, 1.000000000000000000 ) ) ;
#3350 = DIRECTION ( 'NONE',  ( 0.000000000000000000, 0.000000000000000000, -1.000000000000000000 ) ) ;
#3351 = ORIENTED_EDGE ( 'NONE', *, *, #2357, .T. ) ;
#3352 = DIRECTION ( 'NONE',  ( -0.000000000000000000, 0.000000000000000000, 1.000000000000000000 ) ) ;
#3353 = ORIENTED_EDGE ( 'NONE', *, *, #3720, .F. ) ;
#3354 = DIRECTION ( 'NONE',  ( 1.156482317317871478E-16, -0.000000000000000000, 1.000000000000000000 ) ) ;
#3355 = DIRECTION ( 'NONE',  ( 0.000000000000000000, -0.000000000000000000, -1.000000000000000000 ) ) ;
#3356 = EDGE_LOOP ( 'NONE', ( #2857, #3400, #3596, #1515 ) ) ;
#3357 = DATE_AND_TIME ( #3252, #2727 ) ;
#3358 = VECTOR ( 'NONE', #1861, 1000.000000000000000 ) ;
#3359 = EDGE_LOOP ( 'NONE', ( #58, #3392, #1685, #1794 ) ) ;
#3360 = CARTESIAN_POINT ( 'NONE',  ( -63.60000000000001563, 20.15429687499999645, 0.5000000000000000000 ) ) ;
#3361 = CARTESIAN_POINT ( 'NONE',  ( -0.000000000000000000, 25.25429687500000497, 0.000000000000000000 ) ) ;
#3362 = DIRECTION ( 'NONE',  ( -1.000000000000000000, 0.000000000000000000, -0.000000000000000000 ) ) ;
#3363 = ADVANCED_FACE ( 'NONE', ( #3705 ), #627, .F. ) ;
#3364 = CARTESIAN_POINT ( 'NONE',  ( -37.55000000000000426, 20.90429687500000711, 0.000000000000000000 ) ) ;
#3365 = LINE ( 'NONE', #83, #3322 ) ;
#3366 = LINE ( 'NONE', #2798, #3134 ) ;
#3367 = CARTESIAN_POINT ( 'NONE',  ( -89.75000000000001421, 23.15429687500000355, 0.5999999999999999778 ) ) ;
#3368 = CARTESIAN_POINT ( 'NONE',  ( -29.75000000000001421, 12.50429687500000142, 4.249999999999996447 ) ) ;
#3369 = VECTOR ( 'NONE', #3733, 1000.000000000000000 ) ;
#3370 = LINE ( 'NONE', #1584, #3159 ) ;
#3371 = ORIENTED_EDGE ( 'NONE', *, *, #3384, .T. ) ;
#3372 = EDGE_CURVE ( 'NONE', #2325, #3412, #3413, .T. ) ;
#3373 = AXIS2_PLACEMENT_3D ( 'NONE', #3796, #759, #1728 ) ;
#3374 = DIRECTION ( 'NONE',  ( -0.000000000000000000, 1.000000000000000000, -0.000000000000000000 ) ) ;
#3375 = ORIENTED_EDGE ( 'NONE', *, *, #2864, .F. ) ;
#3376 = CARTESIAN_POINT ( 'NONE',  ( 8.549999999999995381, 20.90429687500000000, 0.000000000000000000 ) ) ;
#3377 = VECTOR ( 'NONE', #1064, 1000.000000000000000 ) ;
#3378 = LINE ( 'NONE', #2508, #1089 ) ;
#3379 = EDGE_LOOP ( 'NONE', ( #3859, #1412, #251, #3221 ) ) ;
#3380 = ORIENTED_EDGE ( 'NONE', *, *, #3730, .F. ) ;
#3381 = VERTEX_POINT ( 'NONE', #914 ) ;
#3382 = PLANE ( 'NONE',  #3332 ) ;
#3383 = LINE ( 'NONE', #3729, #2172 ) ;
#3384 = EDGE_CURVE ( 'NONE', #1129, #1774, #890, .T. ) ;
#3385 = LINE ( 'NONE', #331, #1578 ) ;
#3386 = PLANE ( 'NONE',  #2638 ) ;
#3387 = ADVANCED_FACE ( 'NONE', ( #2099 ), #1586, .F. ) ;
#3388 = PLANE ( 'NONE',  #2845 ) ;
#3389 = PLANE ( 'NONE',  #33 ) ;
#3390 = DIRECTION ( 'NONE',  ( -1.000000000000000000, 0.000000000000000000, -5.782411586589357392E-17 ) ) ;
#3391 = AXIS2_PLACEMENT_3D ( 'NONE', #2903, #299, #187 ) ;
#3392 = ORIENTED_EDGE ( 'NONE', *, *, #2361, .F. ) ;
#3393 = DIRECTION ( 'NONE',  ( -0.000000000000000000, -0.000000000000000000, -1.000000000000000000 ) ) ;
#3394 = AXIS2_PLACEMENT_3D ( 'NONE', #1006, #708, #3143 ) ;
#3395 = AXIS2_PLACEMENT_3D ( 'NONE', #1634, #468, #3478 ) ;
#3396 = CARTESIAN_POINT ( 'NONE',  ( -14.50000000000000533, 15.40429687499999822, 0.000000000000000000 ) ) ;
#3397 = EDGE_LOOP ( 'NONE', ( #484, #2925, #1141, #1419 ) ) ;
#3398 = ADVANCED_FACE ( 'NONE', ( #307 ), #2728, .F. ) ;
#3399 = VECTOR ( 'NONE', #1312, 1000.000000000000000 ) ;
#3400 = ORIENTED_EDGE ( 'NONE', *, *, #665, .T. ) ;
#3401 = CARTESIAN_POINT ( 'NONE',  ( -91.75000000000000000, 10.65429687500000355, 5.000000000000000888 ) ) ;
#3402 = VECTOR ( 'NONE', #1628, 1000.000000000000000 ) ;
#3403 = VERTEX_POINT ( 'NONE', #167 ) ;
#3404 = DIRECTION ( 'NONE',  ( 1.000000000000000000, -0.000000000000000000, -0.000000000000000000 ) ) ;
#3405 = VECTOR ( 'NONE', #2970, 1000.000000000000000 ) ;
#3406 = DIRECTION ( 'NONE',  ( -0.000000000000000000, -0.000000000000000000, 1.000000000000000000 ) ) ;
#3407 = LINE ( 'NONE', #2194, #416 ) ;
#3408 = EDGE_CURVE ( 'NONE', #550, #3515, #3741, .T. ) ;
#3409 = LINE ( 'NONE', #1876, #128 ) ;
#3410 = DIRECTION ( 'NONE',  ( 1.000000000000000000, 0.000000000000000000, 0.000000000000000000 ) ) ;
#3411 = ORIENTED_EDGE ( 'NONE', *, *, #1425, .T. ) ;
#3412 = VERTEX_POINT ( 'NONE', #1642 ) ;
#3413 = LINE ( 'NONE', #670, #3187 ) ;
#3414 = VERTEX_POINT ( 'NONE', #111 ) ;
#3415 = EDGE_CURVE ( 'NONE', #1368, #2664, #1365, .T. ) ;
#3416 = DIRECTION ( 'NONE',  ( -0.5773502691896252870, -0.5773502691896252870, 0.5773502691896268413 ) ) ;
#3417 = ORIENTED_EDGE ( 'NONE', *, *, #3340, .T. ) ;
#3418 = ORIENTED_EDGE ( 'NONE', *, *, #2192, .F. ) ;
#3419 = CARTESIAN_POINT ( 'NONE',  ( -89.25000000000001421, 23.15429687500000000, 0.4964466094067261359 ) ) ;
#3420 = EDGE_CURVE ( 'NONE', #1435, #2787, #1918, .T. ) ;
#3421 = DIRECTION ( 'NONE',  ( -0.000000000000000000, -0.000000000000000000, 1.000000000000000000 ) ) ;
#3422 = CARTESIAN_POINT ( 'NONE',  ( -54.10000000000000853, 15.40429687499999645, 0.000000000000000000 ) ) ;
#3423 = PLANE ( 'NONE',  #235 ) ;
#3424 = DIRECTION ( 'NONE',  ( 0.000000000000000000, 0.000000000000000000, -1.000000000000000000 ) ) ;
#3425 = CARTESIAN_POINT ( 'NONE',  ( -91.75000000000000000, 10.65429687500000355, 0.3999999999999837019 ) ) ;
#3426 = CARTESIAN_POINT ( 'NONE',  ( 41.09999999999998721, 20.15429687500000000, 2.000000000000000000 ) ) ;
#3427 = LINE ( 'NONE', #2822, #3174 ) ;
#3428 = CARTESIAN_POINT ( 'NONE',  ( -22.95000600000239643, 23.80429687500000213, 74.80000599999999622 ) ) ;
#3429 = EDGE_CURVE ( 'NONE', #1435, #2715, #2824, .T. ) ;
#3430 = CARTESIAN_POINT ( 'NONE',  ( -76.75000000000001421, 23.80429687500000213, 4.249999999999998224 ) ) ;
#3431 = ORIENTED_EDGE ( 'NONE', *, *, #1736, .T. ) ;
#3432 = EDGE_LOOP ( 'NONE', ( #3799, #3168, #125, #1013, #874, #3418, #990, #295, #793, #3464 ) ) ;
#3433 = EDGE_LOOP ( 'NONE', ( #2934, #2284, #3063, #3081 ) ) ;
#3434 = CARTESIAN_POINT ( 'NONE',  ( -14.75000000000001243, 23.80429687500000213, 4.249999999999999112 ) ) ;
#3435 = ORIENTED_EDGE ( 'NONE', *, *, #1785, .T. ) ;
#3436 = DIRECTION ( 'NONE',  ( 0.000000000000000000, 0.000000000000000000, 1.000000000000000000 ) ) ;
#3437 = DIRECTION ( 'NONE',  ( 0.000000000000000000, 0.000000000000000000, 1.000000000000000000 ) ) ;
#3438 = DIRECTION ( 'NONE',  ( -1.156482317317871478E-16, 0.000000000000000000, 1.000000000000000000 ) ) ;
#3439 = FACE_OUTER_BOUND ( 'NONE', #3356, .T. ) ;
#3440 = EDGE_CURVE ( 'NONE', #2996, #760, #2562, .T. ) ;
#3441 = CARTESIAN_POINT ( 'NONE',  ( 41.09999999999999432, 16.15429687499999645, 2.000000000000000000 ) ) ;
#3442 = ORIENTED_EDGE ( 'NONE', *, *, #3911, .T. ) ;
#3443 = EDGE_LOOP ( 'NONE', ( #3487, #410, #3813, #3135 ) ) ;
#3444 = PLANE ( 'NONE',  #3577 ) ;
#3445 = CARTESIAN_POINT ( 'NONE',  ( -91.68333333333332291, 10.98763020833333037, 5.333333333333325044 ) ) ;
#3446 = VECTOR ( 'NONE', #318, 1000.000000000000000 ) ;
#3447 = VERTEX_POINT ( 'NONE', #1004 ) ;
#3448 = ORIENTED_EDGE ( 'NONE', *, *, #1714, .F. ) ;
#3449 = LINE ( 'NONE', #1034, #35 ) ;
#3450 = CARTESIAN_POINT ( 'NONE',  ( -14.50000000000000533, 15.40429687499999822, 0.5000000000000000000 ) ) ;
#3451 = DIRECTION ( 'NONE',  ( 0.000000000000000000, 0.000000000000000000, -1.000000000000000000 ) ) ;
#3452 = VECTOR ( 'NONE', #278, 1000.000000000000000 ) ;
#3453 = EDGE_CURVE ( 'NONE', #808, #3122, #1661, .T. ) ;
#3454 = ORIENTED_EDGE ( 'NONE', *, *, #2825, .T. ) ;
#3455 = VECTOR ( 'NONE', #3510, 1000.000000000000000 ) ;
#3456 = ORIENTED_EDGE ( 'NONE', *, *, #443, .T. ) ;
#3457 = LINE ( 'NONE', #719, #3260 ) ;
#3458 = DIRECTION ( 'NONE',  ( 1.000000000000000000, -0.000000000000000000, 1.156482317317871478E-16 ) ) ;
#3459 = ADVANCED_BREP_SHAPE_REPRESENTATION ( 'COAS + COAT Holder', ( #1381, #3492 ), #2410 ) ;
#3460 = ORIENTED_EDGE ( 'NONE', *, *, #797, .T. ) ;
#3461 = DIRECTION ( 'NONE',  ( -1.000000000000000000, -0.000000000000000000, -0.000000000000000000 ) ) ;
#3462 = DIRECTION ( 'NONE',  ( 8.673617379884020681E-16, -1.000000000000000000, 0.000000000000000000 ) ) ;
#3463 = DIRECTION ( 'NONE',  ( -1.000000000000000000, 0.000000000000000000, 0.000000000000000000 ) ) ;
#3464 = ORIENTED_EDGE ( 'NONE', *, *, #3545, .T. ) ;
#3465 = CARTESIAN_POINT ( 'NONE',  ( 17.24999999999998579, 23.80429687500000213, 3.749999999999998668 ) ) ;
#3466 = FACE_OUTER_BOUND ( 'NONE', #2909, .T. ) ;
#3467 = VERTEX_POINT ( 'NONE', #2583 ) ;
#3468 = VECTOR ( 'NONE', #3223, 1000.000000000000000 ) ;
#3469 = ORIENTED_EDGE ( 'NONE', *, *, #3372, .T. ) ;
#3470 = DIRECTION ( 'NONE',  ( -0.000000000000000000, -0.000000000000000000, 1.000000000000000000 ) ) ;
#3471 = LINE ( 'NONE', #2305, #648 ) ;
#3472 = ORIENTED_EDGE ( 'NONE', *, *, #1571, .T. ) ;
#3473 = CARTESIAN_POINT ( 'NONE',  ( 32.24999999999998579, 13.25429687500000142, 3.749999999999995115 ) ) ;
#3474 = ORIENTED_EDGE ( 'NONE', *, *, #3089, .T. ) ;
#3475 = VERTEX_POINT ( 'NONE', #434 ) ;
#3476 = VERTEX_POINT ( 'NONE', #1933 ) ;
#3477 = CARTESIAN_POINT ( 'NONE',  ( 32.24999999999998579, 23.05429687500000213, 4.249999999999999112 ) ) ;
#3478 = DIRECTION ( 'NONE',  ( -9.251858538542971828E-16, 1.000000000000000000, 0.000000000000000000 ) ) ;
#3479 = EDGE_CURVE ( 'NONE', #2317, #3758, #727, .T. ) ;
#3480 = ORIENTED_EDGE ( 'NONE', *, *, #3453, .F. ) ;
#3481 = ORIENTED_EDGE ( 'NONE', *, *, #2783, .T. ) ;
#3482 = FACE_OUTER_BOUND ( 'NONE', #691, .T. ) ;
#3483 = ORIENTED_EDGE ( 'NONE', *, *, #2295, .F. ) ;
#3484 = EDGE_LOOP ( 'NONE', ( #2002, #2791, #1558, #479 ) ) ;
#3485 = CARTESIAN_POINT ( 'NONE',  ( -91.75000000000001421, 25.25429687499997655, 6.000000000000000000 ) ) ;
#3486 = DIRECTION ( 'NONE',  ( 0.5773502691896392758, -0.5773502691896192918, -0.5773502691896187367 ) ) ;
#3487 = ORIENTED_EDGE ( 'NONE', *, *, #2835, .F. ) ;
#3488 = ADVANCED_FACE ( 'NONE', ( #2539 ), #3444, .F. ) ;
#3489 = VERTEX_POINT ( 'NONE', #3141 ) ;
#3490 = CARTESIAN_POINT ( 'NONE',  ( 46.25000000000000000, 18.93713958747462911, 12.71715728752538155 ) ) ;
#3491 = PLANE ( 'NONE',  #911 ) ;
#3492 = AXIS2_PLACEMENT_3D ( 'NONE', #1455, #1200, #1182 ) ;
#3493 = EDGE_LOOP ( 'NONE', ( #1408, #3307, #3502, #1014 ) ) ;
#3494 = LINE ( 'NONE', #196, #1262 ) ;
#3495 = EDGE_CURVE ( 'NONE', #2610, #2626, #688, .T. ) ;
#3496 = VECTOR ( 'NONE', #2841, 1000.000000000000000 ) ;
#3497 = EDGE_LOOP ( 'NONE', ( #2592, #3782, #3634, #39 ) ) ;
#3498 = ORIENTED_EDGE ( 'NONE', *, *, #1557, .T. ) ;
#3499 = CARTESIAN_POINT ( 'NONE',  ( -77.15000000000000568, 15.40429687500000178, 0.000000000000000000 ) ) ;
#3500 = DIRECTION ( 'NONE',  ( 0.000000000000000000, -0.000000000000000000, 1.000000000000000000 ) ) ;
#3501 = ADVANCED_FACE ( 'NONE', ( #1049 ), #2883, .F. ) ;
#3502 = ORIENTED_EDGE ( 'NONE', *, *, #3566, .F. ) ;
#3503 = DIRECTION ( 'NONE',  ( -0.000000000000000000, -0.000000000000000000, 1.000000000000000000 ) ) ;
#3504 = ORIENTED_EDGE ( 'NONE', *, *, #2595, .T. ) ;
#3505 = DIRECTION ( 'NONE',  ( 0.000000000000000000, -1.000000000000000000, 0.000000000000000000 ) ) ;
#3506 = PLANE ( 'NONE',  #3514 ) ;
#3507 = ORIENTED_EDGE ( 'NONE', *, *, #3601, .T. ) ;
#3508 = VERTEX_POINT ( 'NONE', #126 ) ;
#3509 = VECTOR ( 'NONE', #1804, 1000.000000000000000 ) ;
#3510 = DIRECTION ( 'NONE',  ( 0.000000000000000000, 0.000000000000000000, 1.000000000000000000 ) ) ;
#3511 = DIRECTION ( 'NONE',  ( -0.000000000000000000, -0.000000000000000000, 1.000000000000000000 ) ) ;
#3512 = VERTEX_POINT ( 'NONE', #3465 ) ;
#3513 = FACE_OUTER_BOUND ( 'NONE', #224, .T. ) ;
#3514 = AXIS2_PLACEMENT_3D ( 'NONE', #1029, #3207, #3125 ) ;
#3515 = VERTEX_POINT ( 'NONE', #1065 ) ;
#3516 = PLANE ( 'NONE',  #1349 ) ;
#3517 = PLANE ( 'NONE',  #3395 ) ;
#3518 = VECTOR ( 'NONE', #3404, 1000.000000000000000 ) ;
#3519 = VECTOR ( 'NONE', #2223, 1000.000000000000000 ) ;
#3520 = VECTOR ( 'NONE', #3421, 1000.000000000000000 ) ;
#3521 = DIRECTION ( 'NONE',  ( -1.000000000000000000, -8.673617379884020681E-16, 0.000000000000000000 ) ) ;
#3522 = FACE_OUTER_BOUND ( 'NONE', #3102, .T. ) ;
#3523 = VECTOR ( 'NONE', #208, 1000.000000000000000 ) ;
#3524 = LINE ( 'NONE', #268, #899 ) ;
#3525 = EDGE_CURVE ( 'NONE', #1492, #1684, #768, .T. ) ;
#3526 = ORIENTED_EDGE ( 'NONE', *, *, #135, .T. ) ;
#3527 = DIRECTION ( 'NONE',  ( 0.7071067811865352493, 0.7071067811865597852, 0.000000000000000000 ) ) ;
#3528 = VERTEX_POINT ( 'NONE', #1901 ) ;
#3529 = EDGE_LOOP ( 'NONE', ( #889, #2958, #195, #1337 ) ) ;
#3530 = CARTESIAN_POINT ( 'NONE',  ( -91.34999999999998010, 25.65429687500000355, 0.3999999999999837019 ) ) ;
#3531 = ORIENTED_EDGE ( 'NONE', *, *, #3232, .T. ) ;
#3532 = CARTESIAN_POINT ( 'NONE',  ( 17.24999999999998579, 23.80429687500000213, 4.249999999999998224 ) ) ;
#3533 = ORIENTED_EDGE ( 'NONE', *, *, #1238, .T. ) ;
#3534 = EDGE_CURVE ( 'NONE', #3122, #1587, #3164, .T. ) ;
#3535 = EDGE_LOOP ( 'NONE', ( #3209, #3606, #1766, #153 ) ) ;
#3536 = CARTESIAN_POINT ( 'NONE',  ( 0.2499999999989455102, 56.65429687500107292, -45.59999999999948983 ) ) ;
#3537 = CARTESIAN_POINT ( 'NONE',  ( 31.59999999999999076, 20.15429687500000000, 0.000000000000000000 ) ) ;
#3538 = FACE_OUTER_BOUND ( 'NONE', #3034, .T. ) ;
#3539 = VECTOR ( 'NONE', #1898, 1000.000000000000000 ) ;
#3540 = VERTEX_POINT ( 'NONE', #3786 ) ;
#3541 = LINE ( 'NONE', #2623, #147 ) ;
#3542 = EDGE_LOOP ( 'NONE', ( #1841, #673, #2303, #328 ) ) ;
#3543 = PLANE ( 'NONE',  #1350 ) ;
#3544 = ORIENTED_EDGE ( 'NONE', *, *, #1121, .F. ) ;
#3545 = EDGE_CURVE ( 'NONE', #1740, #2253, #2254, .T. ) ;
#3546 = LINE ( 'NONE', #2368, #1800 ) ;
#3547 = ORIENTED_EDGE ( 'NONE', *, *, #3630, .F. ) ;
#3548 = FACE_OUTER_BOUND ( 'NONE', #3150, .T. ) ;
#3549 = ORIENTED_EDGE ( 'NONE', *, *, #1643, .T. ) ;
#3550 = COORDINATED_UNIVERSAL_TIME_OFFSET ( 5, 0, .BEHIND. ) ;
#3551 = VERTEX_POINT ( 'NONE', #1954 ) ;
#3552 = EDGE_LOOP ( 'NONE', ( #2618, #3498, #631, #1939 ) ) ;
#3553 = VECTOR ( 'NONE', #370, 1000.000000000000000 ) ;
#3554 = LINE ( 'NONE', #2418, #2372 ) ;
#3555 = CARTESIAN_POINT ( 'NONE',  ( -89.75000000000001421, 13.15429687500000355, 0.3499999999999999223 ) ) ;
#3556 = VECTOR ( 'NONE', #1415, 1000.000000000000000 ) ;
#3557 = DIRECTION ( 'NONE',  ( -0.000000000000000000, -0.000000000000000000, 1.000000000000000000 ) ) ;
#3558 = PLANE ( 'NONE',  #322 ) ;
#3559 = EDGE_CURVE ( 'NONE', #2787, #1310, #451, .T. ) ;
#3560 = ORIENTED_EDGE ( 'NONE', *, *, #3061, .T. ) ;
#3561 = ORIENTED_EDGE ( 'NONE', *, *, #344, .F. ) ;
#3562 = CARTESIAN_POINT ( 'NONE',  ( -63.60000000000001563, 20.15429687499999645, 2.000000000000000000 ) ) ;
#3563 = ORIENTED_EDGE ( 'NONE', *, *, #2414, .F. ) ;
#3564 = ADVANCED_FACE ( 'NONE', ( #2507, #984, #2198, #399, #1993, #2398, #2093, #3522 ), #3600, .F. ) ;
#3565 = LINE ( 'NONE', #291, #3405 ) ;
#3566 = EDGE_CURVE ( 'NONE', #615, #2604, #789, .T. ) ;
#3567 = ORIENTED_EDGE ( 'NONE', *, *, #1574, .T. ) ;
#3568 = CARTESIAN_POINT ( 'NONE',  ( -85.90000000000001990, 21.90429687500000000, 2.000000000000000000 ) ) ;
#3569 = LINE ( 'NONE', #2044, #1282 ) ;
#3570 = CYLINDRICAL_SURFACE ( 'NONE', #944, 0.2500000000000000000 ) ;
#3571 = VERTEX_POINT ( 'NONE', #3824 ) ;
#3572 = AXIS2_PLACEMENT_3D ( 'NONE', #3297, #3602, #3925 ) ;
#3573 = ORIENTED_EDGE ( 'NONE', *, *, #3559, .F. ) ;
#3574 = CARTESIAN_POINT ( 'NONE',  ( 31.59999999999999076, 20.90429687500000000, 0.000000000000000000 ) ) ;
#3575 = LINE ( 'NONE', #241, #645 ) ;
#3576 = EDGE_CURVE ( 'NONE', #1140, #3669, #3222, .T. ) ;
#3577 = AXIS2_PLACEMENT_3D ( 'NONE', #146, #3762, #2237 ) ;
#3578 = EDGE_CURVE ( 'NONE', #3795, #3329, #2721, .T. ) ;
#3579 = DIRECTION ( 'NONE',  ( 1.000000000000000000, 0.000000000000000000, 0.000000000000000000 ) ) ;
#3580 = AXIS2_PLACEMENT_3D ( 'NONE', #1103, #2594, #3500 ) ;
#3581 = DIRECTION ( 'NONE',  ( -0.000000000000000000, 0.000000000000000000, 1.000000000000000000 ) ) ;
#3582 = AXIS2_PLACEMENT_3D ( 'NONE', #1575, #61, #79 ) ;
#3583 = VERTEX_POINT ( 'NONE', #1505 ) ;
#3584 = ADVANCED_FACE ( 'NONE', ( #604 ), #260, .T. ) ;
#3585 = VECTOR ( 'NONE', #1205, 1000.000000000000000 ) ;
#3586 = VECTOR ( 'NONE', #2989, 1000.000000000000000 ) ;
#3587 = DIRECTION ( 'NONE',  ( 1.000000000000000000, -0.000000000000000000, -0.000000000000000000 ) ) ;
#3588 = ORIENTED_EDGE ( 'NONE', *, *, #2485, .T. ) ;
#3589 = PLANE ( 'NONE',  #348 ) ;
#3590 = ORIENTED_EDGE ( 'NONE', *, *, #2681, .F. ) ;
#3591 = CARTESIAN_POINT ( 'NONE',  ( -54.10000000000000853, 20.90429687499999289, 0.5000000000000000000 ) ) ;
#3592 = CARTESIAN_POINT ( 'NONE',  ( -40.55000000000001137, 20.15429687500000711, 0.5000000000000000000 ) ) ;
#3593 = CARTESIAN_POINT ( 'NONE',  ( -29.75000000000001421, 23.80429687500000213, 4.249999999999998224 ) ) ;
#3594 = PERSON_AND_ORGANIZATION ( #2744, #2208 ) ;
#3595 = ORIENTED_EDGE ( 'NONE', *, *, #985, .F. ) ;
#3596 = ORIENTED_EDGE ( 'NONE', *, *, #3201, .F. ) ;
#3597 = EDGE_LOOP ( 'NONE', ( #3109, #2574, #1079, #3460 ) ) ;
#3598 = CARTESIAN_POINT ( 'NONE',  ( 0.000000000000000000, 0.000000000000000000, 0.5000000000000000000 ) ) ;
#3599 = PLANE ( 'NONE',  #2877 ) ;
#3600 = PLANE ( 'NONE',  #3702 ) ;
#3601 = EDGE_CURVE ( 'NONE', #796, #113, #3903, .T. ) ;
#3602 = DIRECTION ( 'NONE',  ( 0.000000000000000000, 1.000000000000000000, 0.000000000000000000 ) ) ;
#3603 = ORIENTED_EDGE ( 'NONE', *, *, #3183, .F. ) ;
#3604 = CARTESIAN_POINT ( 'NONE',  ( -14.50000000000000533, 15.40429687499999822, 0.000000000000000000 ) ) ;
#3605 = CARTESIAN_POINT ( 'NONE',  ( 0.000000000000000000, 0.000000000000000000, 0.5000000000000000000 ) ) ;
#3606 = ORIENTED_EDGE ( 'NONE', *, *, #2658, .F. ) ;
#3607 = LINE ( 'NONE', #2079, #2356 ) ;
#3608 = EDGE_LOOP ( 'NONE', ( #75, #1530, #736, #3417 ) ) ;
#3609 = DIRECTION ( 'NONE',  ( -0.000000000000000000, 1.000000000000000000, 0.000000000000000000 ) ) ;
#3610 = EDGE_CURVE ( 'NONE', #822, #3302, #1814, .T. ) ;
#3611 = DIRECTION ( 'NONE',  ( 0.000000000000000000, -1.000000000000000000, 0.000000000000000000 ) ) ;
#3612 = DIRECTION ( 'NONE',  ( 0.5773502691896591488, -0.5773502691896190697, -0.5773502691895990857 ) ) ;
#3613 = PERSON_AND_ORGANIZATION_ROLE ( 'design_owner' ) ;
#3614 = ADVANCED_FACE ( 'NONE', ( #25 ), #903, .F. ) ;
#3615 = ORIENTED_EDGE ( 'NONE', *, *, #1071, .F. ) ;
#3616 = ORIENTED_EDGE ( 'NONE', *, *, #3160, .F. ) ;
#3617 = DIRECTION ( 'NONE',  ( 0.000000000000000000, 0.000000000000000000, 1.000000000000000000 ) ) ;
#3618 = LINE ( 'NONE', #2052, #1974 ) ;
#3619 = DIRECTION ( 'NONE',  ( 0.000000000000000000, 0.000000000000000000, -1.000000000000000000 ) ) ;
#3620 = EDGE_CURVE ( 'NONE', #582, #2601, #3296, .T. ) ;
#3621 = PLANE ( 'NONE',  #1087 ) ;
#3622 = LINE ( 'NONE', #3298, #3842 ) ;
#3623 = DIRECTION ( 'NONE',  ( -0.000000000000000000, 1.000000000000000000, -0.000000000000000000 ) ) ;
#3624 = AXIS2_PLACEMENT_3D ( 'NONE', #638, #1614, #2226 ) ;
#3625 = EDGE_CURVE ( 'NONE', #1295, #1007, #585, .T. ) ;
#3626 = LINE ( 'NONE', #2097, #2385 ) ;
#3627 = ORIENTED_EDGE ( 'NONE', *, *, #3601, .F. ) ;
#3628 = CARTESIAN_POINT ( 'NONE',  ( 0.000000000000000000, 0.000000000000000000, 0.5000000000000000000 ) ) ;
#3629 = VERTEX_POINT ( 'NONE', #3315 ) ;
#3630 = EDGE_CURVE ( 'NONE', #3512, #1140, #3000, .T. ) ;
#3631 = DIRECTION ( 'NONE',  ( 0.000000000000000000, -1.000000000000000000, 0.000000000000000000 ) ) ;
#3632 = LINE ( 'NONE', #598, #2597 ) ;
#3633 = CARTESIAN_POINT ( 'NONE',  ( -0.01666666667198002383, 71.52096354166879166, 46.26666666666718442 ) ) ;
#3634 = ORIENTED_EDGE ( 'NONE', *, *, #228, .F. ) ;
#3635 = ORIENTED_EDGE ( 'NONE', *, *, #2839, .F. ) ;
#3636 = ORIENTED_EDGE ( 'NONE', *, *, #431, .T. ) ;
#3637 = DIRECTION ( 'NONE',  ( 0.000000000000000000, 0.000000000000000000, -1.000000000000000000 ) ) ;
#3638 = DIRECTION ( 'NONE',  ( -1.000000000000000000, 0.000000000000000000, -5.782411586589357392E-17 ) ) ;
#3639 = DIRECTION ( 'NONE',  ( -1.000000000000000000, -0.000000000000000000, -0.000000000000000000 ) ) ;
#3640 = CARTESIAN_POINT ( 'NONE',  ( -37.55000000000000426, 15.40429687500000355, 0.000000000000000000 ) ) ;
#3641 = EDGE_CURVE ( 'NONE', #2976, #2217, #2133, .T. ) ;
#3642 = CARTESIAN_POINT ( 'NONE',  ( -61.75000000000001421, 23.80429687500000213, 4.249999999999999112 ) ) ;
#3643 = VECTOR ( 'NONE', #3123, 1000.000000000000000 ) ;
#3644 = VECTOR ( 'NONE', #2542, 1000.000000000000114 ) ;
#3645 = LINE ( 'NONE', #13, #3358 ) ;
#3646 = VERTEX_POINT ( 'NONE', #2737 ) ;
#3647 = ORIENTED_EDGE ( 'NONE', *, *, #1085, .T. ) ;
#3648 = DIRECTION ( 'NONE',  ( 0.000000000000000000, -0.000000000000000000, -1.000000000000000000 ) ) ;
#3649 = ORIENTED_EDGE ( 'NONE', *, *, #2858, .T. ) ;
#3650 = VECTOR ( 'NONE', #804, 1000.000000000000000 ) ;
#3651 = CARTESIAN_POINT ( 'NONE',  ( 17.24999999999998579, 13.25429687500000142, 3.749999999999996891 ) ) ;
#3652 = VECTOR ( 'NONE', #2028, 1000.000000000000000 ) ;
#3653 = EDGE_CURVE ( 'NONE', #3172, #1500, #2700, .T. ) ;
#3654 = LINE ( 'NONE', #917, #1070 ) ;
#3655 = CARTESIAN_POINT ( 'NONE',  ( -54.10000000000000853, 16.15429687499999289, 2.000000000000000000 ) ) ;
#3656 = EDGE_LOOP ( 'NONE', ( #1411, #744, #1981, #1183 ) ) ;
#3657 = CC_DESIGN_PERSON_AND_ORGANIZATION_ASSIGNMENT ( #1474, #1, ( #71 ) ) ;
#3658 = ORIENTED_EDGE ( 'NONE', *, *, #2688, .F. ) ;
#3659 = CARTESIAN_POINT ( 'NONE',  ( 94.00000000000000000, 13.25429687500000142, 0.000000000000000000 ) ) ;
#3660 = DIRECTION ( 'NONE',  ( -1.000000000000000000, 0.000000000000000000, 0.000000000000000000 ) ) ;
#3661 = LINE ( 'NONE', #924, #881 ) ;
#3662 = EDGE_CURVE ( 'NONE', #808, #2544, #1461, .T. ) ;
#3663 = CARTESIAN_POINT ( 'NONE',  ( -22.95000600000002322, 12.50429687500000142, 74.80000599999998201 ) ) ;
#3664 = DIRECTION ( 'NONE',  ( -1.000000000000000000, 0.000000000000000000, -0.000000000000000000 ) ) ;
#3665 = PLANE ( 'NONE',  #308 ) ;
#3666 = ORIENTED_EDGE ( 'NONE', *, *, #3653, .T. ) ;
#3667 = LINE ( 'NONE', #1510, #580 ) ;
#3668 = DIRECTION ( 'NONE',  ( 0.000000000000000000, 0.000000000000000000, -1.000000000000000000 ) ) ;
#3669 = VERTEX_POINT ( 'NONE', #1187 ) ;
#3670 = ADVANCED_FACE ( 'NONE', ( #1226 ), #2437, .F. ) ;
#3671 = VECTOR ( 'NONE', #3623, 1000.000000000000000 ) ;
#3672 = VERTEX_POINT ( 'NONE', #2420 ) ;
#3673 = FACE_OUTER_BOUND ( 'NONE', #3597, .T. ) ;
#3674 = DIRECTION ( 'NONE',  ( -0.000000000000000000, -0.000000000000000000, 1.000000000000000000 ) ) ;
#3675 = LINE ( 'NONE', #1011, #3047 ) ;
#3676 = DIRECTION ( 'NONE',  ( 1.000000000000000000, 0.000000000000000000, 0.000000000000000000 ) ) ;
#3677 = PLANE ( 'NONE',  #1598 ) ;
#3678 = PLANE ( 'NONE',  #1345 ) ;
#3679 = LINE ( 'NONE', #948, #1106 ) ;
#3680 = CARTESIAN_POINT ( 'NONE',  ( -37.55000000000000426, 20.90429687500000711, 0.000000000000000000 ) ) ;
#3681 = DIRECTION ( 'NONE',  ( -0.000000000000000000, 1.000000000000000000, 0.000000000000000000 ) ) ;
#3682 = VECTOR ( 'NONE', #3406, 1000.000000000000000 ) ;
#3683 = EDGE_CURVE ( 'NONE', #2058, #1174, #3661, .T. ) ;
#3684 = DIRECTION ( 'NONE',  ( -0.000000000000000000, 1.000000000000000000, 0.000000000000000000 ) ) ;
#3685 = VECTOR ( 'NONE', #225, 1000.000000000000000 ) ;
#3686 = ADVANCED_FACE ( 'NONE', ( #1314 ), #2153, .F. ) ;
#3687 = CARTESIAN_POINT ( 'NONE',  ( -17.75000000000000355, 21.90429687500000355, 2.000000000000000000 ) ) ;
#3688 = VERTEX_POINT ( 'NONE', #3422 ) ;
#3689 = ADVANCED_FACE ( 'NONE', ( #2495 ), #2760, .F. ) ;
#3690 = VERTEX_POINT ( 'NONE', #1299 ) ;
#3691 = DIRECTION ( 'NONE',  ( 0.000000000000000000, 1.000000000000000000, 0.000000000000000000 ) ) ;
#3692 = CARTESIAN_POINT ( 'NONE',  ( -91.75000000000001421, 25.65429687500000355, 0.3999999999999837019 ) ) ;
#3693 = CARTESIAN_POINT ( 'NONE',  ( -91.75000000000000000, 11.05429687500000036, 5.399999999999998579 ) ) ;
#3694 = FACE_OUTER_BOUND ( 'NONE', #2251, .T. ) ;
#3695 = ORIENTED_EDGE ( 'NONE', *, *, #2858, .F. ) ;
#3696 = CARTESIAN_POINT ( 'NONE',  ( 31.59999999999999076, 20.90429687500000000, 0.000000000000000000 ) ) ;
#3697 = CARTESIAN_POINT ( 'NONE',  ( -28.05000000000000426, 16.15429687500000355, 0.5000000000000000000 ) ) ;
#3698 = EDGE_CURVE ( 'NONE', #2478, #3414, #3116, .T. ) ;
#3699 = DIRECTION ( 'NONE',  ( 0.7071067811865475727, 0.000000000000000000, 0.7071067811865475727 ) ) ;
#3700 = EDGE_CURVE ( 'NONE', #802, #2771, #1244, .T. ) ;
#3701 = CARTESIAN_POINT ( 'NONE',  ( 6.049999999999992717, 21.90429687500000000, 2.000000000000000000 ) ) ;
#3702 = AXIS2_PLACEMENT_3D ( 'NONE', #2116, #1084, #3038 ) ;
#3703 = VERTEX_POINT ( 'NONE', #2459 ) ;
#3704 = VECTOR ( 'NONE', #1837, 1000.000000000000000 ) ;
#3705 = FACE_OUTER_BOUND ( 'NONE', #1430, .T. ) ;
#3706 = VECTOR ( 'NONE', #630, 1000.000000000000000 ) ;
#3707 = CARTESIAN_POINT ( 'NONE',  ( -83.65000000000001990, 20.90429687500000355, 0.000000000000000000 ) ) ;
#3708 = EDGE_CURVE ( 'NONE', #2952, #1719, #3675, .T. ) ;
#3709 = LINE ( 'NONE', #1550, #455 ) ;
#3710 = ORIENTED_EDGE ( 'NONE', *, *, #3495, .F. ) ;
#3711 = VECTOR ( 'NONE', #3660, 1000.000000000000000 ) ;
#3712 = ORIENTED_EDGE ( 'NONE', *, *, #2747, .F. ) ;
#3713 = DIRECTION ( 'NONE',  ( -0.000000000000000000, 1.000000000000000000, 0.000000000000000000 ) ) ;
#3714 = CARTESIAN_POINT ( 'NONE',  ( 45.84999999999998721, 11.65429687500000533, 6.000000000000000000 ) ) ;
#3715 = VECTOR ( 'NONE', #1860, 1000.000000000000000 ) ;
#3716 = DIRECTION ( 'NONE',  ( 1.000000000000000000, -0.000000000000000000, -1.156482317317871478E-16 ) ) ;
#3717 = CARTESIAN_POINT ( 'NONE',  ( -8.000000000000007105, 20.90429687500000000, 0.000000000000000000 ) ) ;
#3718 = LINE ( 'NONE', #1559, #1635 ) ;
#3719 = LINE ( 'NONE', #107, #2686 ) ;
#3720 = EDGE_CURVE ( 'NONE', #628, #3172, #979, .T. ) ;
#3721 = FACE_OUTER_BOUND ( 'NONE', #2653, .T. ) ;
#3722 = CARTESIAN_POINT ( 'NONE',  ( -37.55000000000000426, 20.90429687500000711, 2.000000000000000000 ) ) ;
#3723 = ORIENTED_EDGE ( 'NONE', *, *, #2030, .T. ) ;
#3724 = DIRECTION ( 'NONE',  ( 1.261617073437678048E-15, 1.000000000000000000, 0.000000000000000000 ) ) ;
#3725 = CARTESIAN_POINT ( 'NONE',  ( 17.24999999999998579, 23.05429687500000213, 4.249999999999998224 ) ) ;
#3726 = ORIENTED_EDGE ( 'NONE', *, *, #3259, .F. ) ;
#3727 = EDGE_LOOP ( 'NONE', ( #2216, #3890, #1721, #755 ) ) ;
#3728 = FACE_OUTER_BOUND ( 'NONE', #975, .T. ) ;
#3729 = CARTESIAN_POINT ( 'NONE',  ( -54.10000000000000853, 20.90429687499999289, 0.000000000000000000 ) ) ;
#3730 = EDGE_CURVE ( 'NONE', #1916, #3254, #680, .T. ) ;
#3731 = LINE ( 'NONE', #2193, #2916 ) ;
#3732 = LINE ( 'NONE', #672, #725 ) ;
#3733 = DIRECTION ( 'NONE',  ( 0.000000000000000000, -1.000000000000000000, 0.000000000000000000 ) ) ;
#3734 = LINE ( 'NONE', #699, #2619 ) ;
#3735 = ADVANCED_FACE ( 'NONE', ( #2812 ), #1834, .F. ) ;
#3736 = EDGE_CURVE ( 'NONE', #2771, #3540, #3731, .T. ) ;
#3737 = DIRECTION ( 'NONE',  ( 1.734723475976807094E-15, 1.000000000000000000, 0.000000000000000000 ) ) ;
#3738 = LINE ( 'NONE', #485, #3685 ) ;
#3739 = ORIENTED_EDGE ( 'NONE', *, *, #2102, .T. ) ;
#3740 = EDGE_LOOP ( 'NONE', ( #38, #2590, #2409, #2269 ) ) ;
#3741 = LINE ( 'NONE', #2218, #1597 ) ;
#3742 = EDGE_CURVE ( 'NONE', #207, #1755, #2209, .T. ) ;
#3743 = AXIS2_PLACEMENT_3D ( 'NONE', #2174, #3438, #3137 ) ;
#3744 = AXIS2_PLACEMENT_3D ( 'NONE', #2634, #2851, #1118 ) ;
#3745 = FACE_OUTER_BOUND ( 'NONE', #863, .T. ) ;
#3746 = EDGE_CURVE ( 'NONE', #1960, #3021, #3385, .T. ) ;
#3747 = VERTEX_POINT ( 'NONE', #1891 ) ;
#3748 = AXIS2_PLACEMENT_3D ( 'NONE', #2234, #3354, #1002 ) ;
#3749 = CC_DESIGN_DATE_AND_TIME_ASSIGNMENT ( #3357, #937, ( #493 ) ) ;
#3750 = ORIENTED_EDGE ( 'NONE', *, *, #248, .T. ) ;
#3751 = CARTESIAN_POINT ( 'NONE',  ( 45.85000000000000142, 11.05429687500000036, 0.000000000000000000 ) ) ;
#3752 = CARTESIAN_POINT ( 'NONE',  ( -54.10000000000000853, 20.90429687499999289, 2.000000000000000000 ) ) ;
#3753 = DIRECTION ( 'NONE',  ( 0.000000000000000000, -1.000000000000000000, 0.000000000000000000 ) ) ;
#3754 = ADVANCED_FACE ( 'NONE', ( #118 ), #3132, .F. ) ;
#3755 = VERTEX_POINT ( 'NONE', #1261 ) ;
#3756 = DIRECTION ( 'NONE',  ( 0.000000000000000000, 1.000000000000000000, 0.000000000000000000 ) ) ;
#3757 = LINE ( 'NONE', #982, #2296 ) ;
#3758 = VERTEX_POINT ( 'NONE', #2833 ) ;
#3759 = CARTESIAN_POINT ( 'NONE',  ( -40.55000000000001137, 20.15429687500000711, 0.5000000000000000000 ) ) ;
#3760 = ORIENTED_EDGE ( 'NONE', *, *, #928, .F. ) ;
#3761 = EDGE_LOOP ( 'NONE', ( #120, #539, #1263, #1673 ) ) ;
#3762 = DIRECTION ( 'NONE',  ( 1.000000000000000000, 0.000000000000000000, -0.000000000000000000 ) ) ;
#3763 = VECTOR ( 'NONE', #3756, 1000.000000000000000 ) ;
#3764 = CARTESIAN_POINT ( 'NONE',  ( -37.55000000000000426, 15.40429687500000355, 2.000000000000000000 ) ) ;
#3765 = VECTOR ( 'NONE', #1428, 1000.000000000000000 ) ;
#3766 = ORIENTED_EDGE ( 'NONE', *, *, #1803, .T. ) ;
#3767 = EDGE_CURVE ( 'NONE', #3329, #2667, #1852, .T. ) ;
#3768 = EDGE_LOOP ( 'NONE', ( #3483, #494, #775, #1417 ) ) ;
#3769 = DIRECTION ( 'NONE',  ( -0.000000000000000000, -0.000000000000000000, 1.000000000000000000 ) ) ;
#3770 = DIRECTION ( 'NONE',  ( -1.000000000000000000, 0.000000000000000000, 0.000000000000000000 ) ) ;
#3771 = ORIENTED_EDGE ( 'NONE', *, *, #2414, .T. ) ;
#3772 = PLANE ( 'NONE',  #751 ) ;
#3773 = VECTOR ( 'NONE', #2137, 1000.000000000000000 ) ;
#3774 = EDGE_LOOP ( 'NONE', ( #2935, #1396, #476, #1880 ) ) ;
#3775 = VERTEX_POINT ( 'NONE', #2475 ) ;
#3776 = AXIS2_PLACEMENT_3D ( 'NONE', #3238, #1769, #1459 ) ;
#3777 = VECTOR ( 'NONE', #345, 1000.000000000000000 ) ;
#3778 = FACE_OUTER_BOUND ( 'NONE', #3768, .T. ) ;
#3779 = CARTESIAN_POINT ( 'NONE',  ( -14.50000000000000533, 20.90429687500000000, 0.5000000000000000000 ) ) ;
#3780 = VERTEX_POINT ( 'NONE', #3693 ) ;
#3781 = EDGE_CURVE ( 'NONE', #3688, #705, #959, .T. ) ;
#3782 = ORIENTED_EDGE ( 'NONE', *, *, #1608, .F. ) ;
#3783 = FACE_OUTER_BOUND ( 'NONE', #1394, .T. ) ;
#3784 = ORIENTED_EDGE ( 'NONE', *, *, #2620, .F. ) ;
#3785 = ORIENTED_EDGE ( 'NONE', *, *, #248, .F. ) ;
#3786 = CARTESIAN_POINT ( 'NONE',  ( -61.75000000000001421, 12.50429687500000142, 4.249999999999994671 ) ) ;
#3787 = EDGE_CURVE ( 'NONE', #3515, #180, #659, .T. ) ;
#3788 = DIRECTION ( 'NONE',  ( -0.000000000000000000, -0.000000000000000000, 1.000000000000000000 ) ) ;
#3789 = EDGE_LOOP ( 'NONE', ( #3305, #2639, #2706, #3627 ) ) ;
#3790 = AXIS2_PLACEMENT_3D ( 'NONE', #2776, #63, #2477 ) ;
#3791 = EDGE_CURVE ( 'NONE', #810, #3254, #2795, .T. ) ;
#3792 = ORIENTED_EDGE ( 'NONE', *, *, #114, .T. ) ;
#3793 = FACE_OUTER_BOUND ( 'NONE', #3199, .T. ) ;
#3794 = DIRECTION ( 'NONE',  ( -0.000000000000000000, 0.000000000000000000, 1.000000000000000000 ) ) ;
#3795 = VERTEX_POINT ( 'NONE', #1650 ) ;
#3796 = CARTESIAN_POINT ( 'NONE',  ( -76.75000000000001421, 23.05429687500000213, 4.249999999999998224 ) ) ;
#3797 = EDGE_CURVE ( 'NONE', #3703, #2317, #1689, .T. ) ;
#3798 = ORIENTED_EDGE ( 'NONE', *, *, #1836, .F. ) ;
#3799 = ORIENTED_EDGE ( 'NONE', *, *, #2540, .T. ) ;
#3800 = CARTESIAN_POINT ( 'NONE',  ( -37.55000000000000426, 16.15429687500000355, 0.5000000000000000000 ) ) ;
#3801 = CARTESIAN_POINT ( 'NONE',  ( -14.75000000000001243, 13.25429687500000142, 4.249999999999994671 ) ) ;
#3802 = LINE ( 'NONE', #1063, #1171 ) ;
#3803 = CARTESIAN_POINT ( 'NONE',  ( -14.75000000000001243, 12.50429687500000142, 3.749999999999995115 ) ) ;
#3804 = CARTESIAN_POINT ( 'NONE',  ( -60.60000000000000853, 20.15429687499999645, 0.000000000000000000 ) ) ;
#3805 = EDGE_CURVE ( 'NONE', #3009, #3512, #2591, .T. ) ;
#3806 = CARTESIAN_POINT ( 'NONE',  ( 47.00000000000000000, 23.55429687500000213, 4.000000000000005329 ) ) ;
#3807 = ORIENTED_EDGE ( 'NONE', *, *, #3042, .F. ) ;
#3808 = ORIENTED_EDGE ( 'NONE', *, *, #2426, .F. ) ;
#3809 = CARTESIAN_POINT ( 'NONE',  ( 0.000000000000000000, 13.40429687500000355, 0.3499999999999999223 ) ) ;
#3810 = DIRECTION ( 'NONE',  ( 0.000000000000000000, 0.000000000000000000, 1.000000000000000000 ) ) ;
#3811 = ADVANCED_FACE ( 'NONE', ( #1056 ), #3772, .F. ) ;
#3812 = VECTOR ( 'NONE', #3231, 1000.000000000000000 ) ;
#3813 = ORIENTED_EDGE ( 'NONE', *, *, #3120, .T. ) ;
#3814 = CARTESIAN_POINT ( 'NONE',  ( -89.75000000000001421, 23.15429687500000355, 0.3499999999999999223 ) ) ;
#3815 = VECTOR ( 'NONE', #2126, 1000.000000000000000 ) ;
#3816 = EDGE_LOOP ( 'NONE', ( #854, #2375, #1375, #2206, #3286, #3766, #1829, #1810 ) ) ;
#3817 = ORIENTED_EDGE ( 'NONE', *, *, #3028, .T. ) ;
#3818 = CARTESIAN_POINT ( 'NONE',  ( 32.24999999999998579, 23.80429687500000213, 3.750000000000000444 ) ) ;
#3819 = FACE_OUTER_BOUND ( 'NONE', #3432, .T. ) ;
#3820 = ORIENTED_EDGE ( 'NONE', *, *, #2315, .T. ) ;
#3821 = EDGE_CURVE ( 'NONE', #275, #1140, #1925, .T. ) ;
#3822 = DIRECTION ( 'NONE',  ( 1.000000000000000000, 0.000000000000000000, 0.000000000000000000 ) ) ;
#3823 = EDGE_CURVE ( 'NONE', #3179, #3447, #2264, .T. ) ;
#3824 = CARTESIAN_POINT ( 'NONE',  ( -51.10000000000000142, 20.15429687499999645, 0.5000000000000000000 ) ) ;
#3825 = CARTESIAN_POINT ( 'NONE',  ( 6.049999999999992717, 14.40429687500000178, 0.5000000000000000000 ) ) ;
#3826 = DIRECTION ( 'NONE',  ( 0.000000000000000000, 0.000000000000000000, -1.000000000000000000 ) ) ;
#3827 = ORIENTED_EDGE ( 'NONE', *, *, #2609, .F. ) ;
#3828 = ADVANCED_FACE ( 'NONE', ( #157 ), #3836, .F. ) ;
#3829 = ORIENTED_EDGE ( 'NONE', *, *, #3160, .T. ) ;
#3830 = ORIENTED_EDGE ( 'NONE', *, *, #1690, .T. ) ;
#3831 = VECTOR ( 'NONE', #2523, 1000.000000000000000 ) ;
#3832 = LINE ( 'NONE', #2391, #1545 ) ;
#3833 = VECTOR ( 'NONE', #1247, 1000.000000000000000 ) ;
#3834 = FACE_OUTER_BOUND ( 'NONE', #2929, .T. ) ;
#3835 = ORIENTED_EDGE ( 'NONE', *, *, #3620, .T. ) ;
#3836 = PLANE ( 'NONE',  #2985 ) ;
#3837 = VECTOR ( 'NONE', #1514, 1000.000000000000000 ) ;
#3838 = ORIENTED_EDGE ( 'NONE', *, *, #538, .T. ) ;
#3839 = ORIENTED_EDGE ( 'NONE', *, *, #3630, .T. ) ;
#3840 = CARTESIAN_POINT ( 'NONE',  ( -60.60000000000001563, 15.40429687499999645, 0.000000000000000000 ) ) ;
#3841 = FACE_OUTER_BOUND ( 'NONE', #1527, .T. ) ;
#3842 = VECTOR ( 'NONE', #1190, 1000.000000000000000 ) ;
#3843 = VECTOR ( 'NONE', #329, 1000.000000000000000 ) ;
#3844 = AXIS2_PLACEMENT_3D ( 'NONE', #819, #877, #1433 ) ;
#3845 = LINE ( 'NONE', #1364, #1640 ) ;
#3846 = CARTESIAN_POINT ( 'NONE',  ( -89.75000000000001421, 23.15429687500000355, 0.3499999999999999223 ) ) ;
#3847 = EDGE_CURVE ( 'NONE', #764, #802, #2307, .T. ) ;
#3848 = LINE ( 'NONE', #1445, #2806 ) ;
#3849 = ORIENTED_EDGE ( 'NONE', *, *, #3078, .T. ) ;
#3850 = ORIENTED_EDGE ( 'NONE', *, *, #2490, .T. ) ;
#3851 = CARTESIAN_POINT ( 'NONE',  ( -73.90000000000001990, 21.90429687500000000, 2.000000000000000000 ) ) ;
#3852 = EDGE_LOOP ( 'NONE', ( #3807, #898, #1309, #2652 ) ) ;
#3853 = PLANE ( 'NONE',  #2533 ) ;
#3854 = CARTESIAN_POINT ( 'NONE',  ( -83.65000000000001990, 15.40429687500000355, 0.000000000000000000 ) ) ;
#3855 = VECTOR ( 'NONE', #1835, 1000.000000000000000 ) ;
#3856 = ORIENTED_EDGE ( 'NONE', *, *, #372, .T. ) ;
#3857 = DIRECTION ( 'NONE',  ( -0.000000000000000000, 1.000000000000000000, -0.000000000000000000 ) ) ;
#3858 = VERTEX_POINT ( 'NONE', #3814 ) ;
#3859 = ORIENTED_EDGE ( 'NONE', *, *, #1690, .F. ) ;
#3860 = EDGE_LOOP ( 'NONE', ( #830, #1730, #767, #572 ) ) ;
#3861 = LINE ( 'NONE', #3920, #2757 ) ;
#3862 = ADVANCED_FACE ( 'NONE', ( #464 ), #2549, .F. ) ;
#3863 = DIRECTION ( 'NONE',  ( 0.000000000000000000, 1.000000000000000000, 0.000000000000000000 ) ) ;
#3864 = ORIENTED_EDGE ( 'NONE', *, *, #1082, .F. ) ;
#3865 = LINE ( 'NONE', #1506, #535 ) ;
#3866 = EDGE_CURVE ( 'NONE', #969, #1477, #1037, .T. ) ;
#3867 = LINE ( 'NONE', #3803, #132 ) ;
#3868 = CARTESIAN_POINT ( 'NONE',  ( -89.64644660940673759, 23.05074348440672694, 0.5999999999999998668 ) ) ;
#3869 = EDGE_CURVE ( 'NONE', #582, #2088, #1710, .T. ) ;
#3870 = AXIS2_PLACEMENT_3D ( 'NONE', #609, #2503, #1821 ) ;
#3871 = ORIENTED_EDGE ( 'NONE', *, *, #2658, .T. ) ;
#3872 = VERTEX_POINT ( 'NONE', #217 ) ;
#3873 = LINE ( 'NONE', #2968, #1222 ) ;
#3874 = ORIENTED_EDGE ( 'NONE', *, *, #3061, .F. ) ;
#3875 = ADVANCED_FACE ( 'NONE', ( #3513 ), #2244, .F. ) ;
#3876 = FACE_BOUND ( 'NONE', #2110, .T. ) ;
#3877 = DIRECTION ( 'NONE',  ( 1.000000000000000000, 0.000000000000000000, 0.000000000000000000 ) ) ;
#3878 = ADVANCED_FACE ( 'NONE', ( #2870 ), #1376, .F. ) ;
#3879 = VECTOR ( 'NONE', #3154, 1000.000000000000114 ) ;
#3880 = ORIENTED_EDGE ( 'NONE', *, *, #1441, .T. ) ;
#3881 = ORIENTED_EDGE ( 'NONE', *, *, #347, .F. ) ;
#3882 = VECTOR ( 'NONE', #3437, 1000.000000000000000 ) ;
#3883 = CARTESIAN_POINT ( 'NONE',  ( -28.05000000000000426, 20.15429687500001066, 0.5000000000000000000 ) ) ;
#3884 = DIRECTION ( 'NONE',  ( -1.000000000000000000, 0.000000000000000000, -5.782411586589357392E-17 ) ) ;
#3885 = VECTOR ( 'NONE', #3463, 1000.000000000000000 ) ;
#3886 = DIRECTION ( 'NONE',  ( 0.000000000000000000, 0.000000000000000000, -1.000000000000000000 ) ) ;
#3887 = PLANE ( 'NONE',  #2150 ) ;
#3888 = DIRECTION ( 'NONE',  ( 0.000000000000000000, 0.000000000000000000, -1.000000000000000000 ) ) ;
#3889 = DIRECTION ( 'NONE',  ( 0.5773502691896458261, -0.5773502691896057470, 0.5773502691896257311 ) ) ;
#3890 = ORIENTED_EDGE ( 'NONE', *, *, #3167, .T. ) ;
#3891 = CARTESIAN_POINT ( 'NONE',  ( -60.60000000000000853, 20.90429687499999645, 2.000000000000000000 ) ) ;
#3892 = CARTESIAN_POINT ( 'NONE',  ( -89.25000000000001421, 13.15429687500000533, 0.4964466094067260249 ) ) ;
#3893 = CARTESIAN_POINT ( 'NONE',  ( -14.75000000000001243, 23.05429687500000213, 4.249999999999999112 ) ) ;
#3894 = DATE_AND_TIME ( #255, #2336 ) ;
#3895 = DESIGN_CONTEXT ( 'detailed design', #1568, 'design' ) ;
#3896 = EDGE_CURVE ( 'NONE', #1950, #3179, #779, .T. ) ;
#3897 = EDGE_LOOP ( 'NONE', ( #2213, #403, #230, #2019 ) ) ;
#3898 = VECTOR ( 'NONE', #3224, 1000.000000000000000 ) ;
#3899 = ORIENTED_EDGE ( 'NONE', *, *, #1061, .F. ) ;
#3900 = ORIENTED_EDGE ( 'NONE', *, *, #68, .T. ) ;
#3901 = DIRECTION ( 'NONE',  ( 0.000000000000000000, 1.000000000000000000, 0.000000000000000000 ) ) ;
#3902 = LINE ( 'NONE', #1749, #2233 ) ;
#3903 = LINE ( 'NONE', #2072, #1848 ) ;
#3904 = VECTOR ( 'NONE', #2651, 1000.000000000000000 ) ;
#3905 = LINE ( 'NONE', #3262, #3005 ) ;
#3906 = AXIS2_PLACEMENT_3D ( 'NONE', #2960, #2512, #2758 ) ;
#3907 = FACE_OUTER_BOUND ( 'NONE', #2647, .T. ) ;
#3908 = EDGE_CURVE ( 'NONE', #1956, #2734, #737, .T. ) ;
#3909 = VERTEX_POINT ( 'NONE', #1943 ) ;
#3910 = VECTOR ( 'NONE', #1788, 1000.000000000000114 ) ;
#3911 = EDGE_CURVE ( 'NONE', #421, #511, #3494, .T. ) ;
#3912 = DIRECTION ( 'NONE',  ( -0.000000000000000000, -0.000000000000000000, 1.000000000000000000 ) ) ;
#3913 = ORIENTED_EDGE ( 'NONE', *, *, #505, .T. ) ;
#3914 = CARTESIAN_POINT ( 'NONE',  ( -89.25000000000001421, 13.15429687500000355, 0.5999999999999999778 ) ) ;
#3915 = DIRECTION ( 'NONE',  ( 1.000000000000000000, 0.000000000000000000, 0.000000000000000000 ) ) ;
#3916 = CARTESIAN_POINT ( 'NONE',  ( -90.00000000000001421, 23.15429687500000355, 0.2500000000000000000 ) ) ;
#3917 = ADVANCED_FACE ( 'NONE', ( #3173 ), #444, .F. ) ;
#3918 = ORIENTED_EDGE ( 'NONE', *, *, #853, .F. ) ;
#3919 = ORIENTED_EDGE ( 'NONE', *, *, #490, .F. ) ;
#3920 = CARTESIAN_POINT ( 'NONE',  ( 41.09999999999998721, 20.15429687500000000, 2.000000000000000000 ) ) ;
#3921 = FACE_OUTER_BOUND ( 'NONE', #814, .T. ) ;
#3922 = EDGE_CURVE ( 'NONE', #3489, #517, #1893, .T. ) ;
#3923 = CARTESIAN_POINT ( 'NONE',  ( -85.90000000000001990, 21.90429687500000000, 0.5000000000000000000 ) ) ;
#3924 = VECTOR ( 'NONE', #1839, 1000.000000000000000 ) ;
#3925 = DIRECTION ( 'NONE',  ( 0.000000000000000000, 0.000000000000000000, 1.000000000000000000 ) ) ;
#3926 = CARTESIAN_POINT ( 'NONE',  ( 0.000000000000000000, 0.000000000000000000, 0.5000000000000000000 ) ) ;
#3927 = ADVANCED_FACE ( 'NONE', ( #273 ), #3570, .T. ) ;
#3928 = ORIENTED_EDGE ( 'NONE', *, *, #2750, .T. ) ;
#3929 = CARTESIAN_POINT ( 'NONE',  ( -85.90000000000001990, 14.40429687500000178, 0.5000000000000000000 ) ) ;
#3930 = ORIENTED_EDGE ( 'NONE', *, *, #3420, .T. ) ;
#3931 = FACE_OUTER_BOUND ( 'NONE', #1864, .T. ) ;
#3932 = LINE ( 'NONE', #1621, #3885 ) ;
#3933 = CARTESIAN_POINT ( 'NONE',  ( -40.55000000000001137, 20.15429687500000711, 0.5000000000000000000 ) ) ;
ENDSEC;
END-ISO-10303-21;
