ISO-10303-21;
HEADER;
FILE_DESCRIPTION (( 'STEP AP203' ),
    '1' );
FILE_NAME ('Neopixel x4 LED Holder.STEP',
    '2025-07-30T06:45:41',
    ( '' ),
    ( '' ),
    'SwSTEP 2.0',
    'SolidWorks 2025',
    '' );
FILE_SCHEMA (( 'CONFIG_CONTROL_DESIGN' ));
ENDSEC;

DATA;
#1 = VERTEX_POINT ( 'NONE', #700 ) ;
#2 = PLANE ( 'NONE',  #970 ) ;
#3 = CARTESIAN_POINT ( 'NONE',  ( 15.98211713789931387, 15.50448725967914676, 1.500000000000000444 ) ) ;
#4 = VECTOR ( 'NONE', #4403, 1000.000000000000000 ) ;
#5 = DIRECTION ( 'NONE',  ( 1.000000000000000000, 0.000000000000000000, -0.000000000000000000 ) ) ;
#6 = UNCERTAINTY_MEASURE_WITH_UNIT (LENGTH_MEASURE( 1.000000000000000082E-05 ), #6508, 'distance_accuracy_value', 'NONE');
#7 = FACE_OUTER_BOUND ( 'NONE', #1319, .T. ) ;
#8 = DIRECTION ( 'NONE',  ( 0.6785983445458517727, 0.6785983445458282359, 0.2810846377148537023 ) ) ;
#9 = ORIENTED_EDGE ( 'NONE', *, *, #4759, .F. ) ;
#10 = VECTOR ( 'NONE', #4651, 1000.000000000000000 ) ;
#11 = ORIENTED_EDGE ( 'NONE', *, *, #850, .T. ) ;
#12 = DIRECTION ( 'NONE',  ( 0.7071067811865479058, -0.7071067811865471286, 0.000000000000000000 ) ) ;
#13 = DIRECTION ( 'NONE',  ( -8.896017825522088106E-17, 1.000000000000000000, 0.000000000000000000 ) ) ;
#14 = VECTOR ( 'NONE', #649, 1000.000000000000000 ) ;
#15 = ADVANCED_FACE ( 'NONE', ( #3204 ), #6325, .F. ) ;
#16 = VECTOR ( 'NONE', #4758, 1000.000000000000000 ) ;
#17 = PLANE ( 'NONE',  #1482 ) ;
#18 = CARTESIAN_POINT ( 'NONE',  ( 13.58211713789931530, 15.48641401289933661, 0.5000000000000004441 ) ) ;
#19 = LINE ( 'NONE', #5186, #6027 ) ;
#20 = VERTEX_POINT ( 'NONE', #4743 ) ;
#21 = ORIENTED_EDGE ( 'NONE', *, *, #698, .T. ) ;
#22 = VECTOR ( 'NONE', #6196, 1000.000000000000000 ) ;
#23 = PLANE ( 'NONE',  #4114 ) ;
#24 = CARTESIAN_POINT ( 'NONE',  ( -32.41788286210068293, 13.48641401289933661, 1.500000000000000444 ) ) ;
#25 = EDGE_CURVE ( 'NONE', #6565, #3061, #663, .T. ) ;
#26 = CARTESIAN_POINT ( 'NONE',  ( 0.000000000000000000, 0.000000000000000000, 4.000000000000000000 ) ) ;
#27 = FACE_OUTER_BOUND ( 'NONE', #1788, .T. ) ;
#28 = ORIENTED_EDGE ( 'NONE', *, *, #6066, .T. ) ;
#29 = ADVANCED_FACE ( 'NONE', ( #2235 ), #2204, .F. ) ;
#30 = ORIENTED_EDGE ( 'NONE', *, *, #675, .T. ) ;
#31 = EDGE_CURVE ( 'NONE', #3276, #5427, #1130, .T. ) ;
#32 = EDGE_LOOP ( 'NONE', ( #4375, #3214, #4848, #451 ) ) ;
#33 = EDGE_CURVE ( 'NONE', #5096, #2313, #602, .T. ) ;
#34 = PLANE ( 'NONE',  #6115 ) ;
#35 = DIRECTION ( 'NONE',  ( 1.000000000000000000, -1.734723475976806709E-18, -0.000000000000000000 ) ) ;
#36 = AXIS2_PLACEMENT_3D ( 'NONE', #5451, #3872, #2869 ) ;
#37 = ADVANCED_FACE ( 'NONE', ( #3774 ), #2640, .F. ) ;
#38 = DIRECTION ( 'NONE',  ( -0.000000000000000000, -0.000000000000000000, 1.000000000000000000 ) ) ;
#39 = ORIENTED_EDGE ( 'NONE', *, *, #5322, .T. ) ;
#40 = VERTEX_POINT ( 'NONE', #4679 ) ;
#41 = VECTOR ( 'NONE', #3667, 1000.000000000000000 ) ;
#42 = CARTESIAN_POINT ( 'NONE',  ( -45.35000000000001563, 10.65429687500000355, 6.000000000000000000 ) ) ;
#43 = CARTESIAN_POINT ( 'NONE',  ( -31.76788286210068790, 20.78641401289933910, 1.500000000000000444 ) ) ;
#44 = CARTESIAN_POINT ( 'NONE',  ( 29.58211713789933484, 20.23277201088163224, 2.754924248220538718 ) ) ;
#45 = LINE ( 'NONE', #2285, #6102 ) ;
#46 = DIRECTION ( 'NONE',  ( 0.000000000000000000, 0.000000000000000000, -1.000000000000000000 ) ) ;
#47 = EDGE_LOOP ( 'NONE', ( #3672, #6203, #5625, #774, #1753, #3236, #2956, #6520, #4384, #3303, #4393, #2678 ) ) ;
#48 = ADVANCED_FACE ( 'NONE', ( #2137 ), #4711, .F. ) ;
#49 = VERTEX_POINT ( 'NONE', #4215 ) ;
#50 = DIRECTION ( 'NONE',  ( 0.7071067811865499042, 0.4999999999999982792, -0.4999999999999985567 ) ) ;
#51 = CARTESIAN_POINT ( 'NONE',  ( -44.00000000000000000, 13.15429687500000355, 0.000000000000000000 ) ) ;
#52 = FACE_OUTER_BOUND ( 'NONE', #1170, .T. ) ;
#53 = DIRECTION ( 'NONE',  ( -0.000000000000000000, -0.000000000000000000, 1.000000000000000000 ) ) ;
#54 = CARTESIAN_POINT ( 'NONE',  ( -7.017882862100685237, 20.78641401289933910, 1.500000000000000444 ) ) ;
#55 = ADVANCED_FACE ( 'NONE', ( #6262 ), #3679, .T. ) ;
#56 = ORIENTED_EDGE ( 'NONE', *, *, #3958, .T. ) ;
#57 = DIRECTION ( 'NONE',  ( 0.000000000000000000, -1.000000000000000000, 0.000000000000000000 ) ) ;
#58 = DIRECTION ( 'NONE',  ( 1.000000000000000000, 0.000000000000000000, 0.000000000000000000 ) ) ;
#59 = DIRECTION ( 'NONE',  ( -0.000000000000000000, -0.000000000000000000, 1.000000000000000000 ) ) ;
#60 = CARTESIAN_POINT ( 'NONE',  ( 0.000000000000000000, 13.40429687500000355, 0.3499999999999999223 ) ) ;
#61 = EDGE_LOOP ( 'NONE', ( #1812, #3282, #969, #3655 ) ) ;
#62 = ORIENTED_EDGE ( 'NONE', *, *, #2363, .F. ) ;
#63 = ORIENTED_EDGE ( 'NONE', *, *, #5233, .T. ) ;
#64 = DIRECTION ( 'NONE',  ( 1.000000000000000000, 1.334402673828313586E-16, 0.000000000000000000 ) ) ;
#65 = CARTESIAN_POINT ( 'NONE',  ( -43.25000000000000000, 13.15429687500000355, 0.5999999999999999778 ) ) ;
#66 = EDGE_CURVE ( 'NONE', #865, #3790, #5756, .T. ) ;
#67 = PLANE ( 'NONE',  #1851 ) ;
#68 = VERTEX_POINT ( 'NONE', #5888 ) ;
#69 = ORIENTED_EDGE ( 'NONE', *, *, #2821, .T. ) ;
#70 = EDGE_CURVE ( 'NONE', #6181, #429, #4873, .T. ) ;
#71 = CARTESIAN_POINT ( 'NONE',  ( -39.41788286210066872, 16.07582173911838908, 1.500000000000000444 ) ) ;
#72 = CARTESIAN_POINT ( 'NONE',  ( -45.75000000000000000, 20.16277201088163196, 3.250000000000000444 ) ) ;
#73 = FACE_OUTER_BOUND ( 'NONE', #3248, .T. ) ;
#74 = EDGE_CURVE ( 'NONE', #780, #3485, #2868, .T. ) ;
#75 = DIRECTION ( 'NONE',  ( 1.000000000000000000, -1.734723475976806709E-18, -0.000000000000000000 ) ) ;
#76 = CARTESIAN_POINT ( 'NONE',  ( 8.932117137899313164, 20.78641401289933910, 1.500000000000000444 ) ) ;
#77 = EDGE_LOOP ( 'NONE', ( #4716, #2917, #1178, #3259, #3092, #2517, #2521, #5763, #962 ) ) ;
#78 = ORIENTED_EDGE ( 'NONE', *, *, #1107, .F. ) ;
#79 = LINE ( 'NONE', #3704, #6234 ) ;
#80 = VECTOR ( 'NONE', #678, 1000.000000000000000 ) ;
#81 = CARTESIAN_POINT ( 'NONE',  ( 37.23211713789931565, 20.78641401289933910, 1.500000000000000444 ) ) ;
#82 = CARTESIAN_POINT ( 'NONE',  ( 9.582117137899318848, 15.48641401289933661, 1.500000000000000444 ) ) ;
#83 = DIRECTION ( 'NONE',  ( 0.000000000000000000, 1.000000000000000000, 0.000000000000000000 ) ) ;
#84 = VECTOR ( 'NONE', #852, 1000.000000000000000 ) ;
#85 = CARTESIAN_POINT ( 'NONE',  ( -45.75000000000000000, 16.16277201088163551, 3.250000000000000444 ) ) ;
#86 = DIRECTION ( 'NONE',  ( 0.000000000000000000, -0.000000000000000000, -1.000000000000000000 ) ) ;
#87 = CARTESIAN_POINT ( 'NONE',  ( 13.67847513588161412, 23.17217973710068080, 6.000000000000000000 ) ) ;
#88 = EDGE_CURVE ( 'NONE', #4527, #215, #4843, .T. ) ;
#89 = DIRECTION ( 'NONE',  ( 0.000000000000000000, 0.000000000000000000, 1.000000000000000000 ) ) ;
#90 = EDGE_CURVE ( 'NONE', #6132, #5037, #6580, .T. ) ;
#91 = CARTESIAN_POINT ( 'NONE',  ( -29.81211713789932816, 20.66277201088163196, 3.250000000000000444 ) ) ;
#92 = CARTESIAN_POINT ( 'NONE',  ( -29.38211713789932489, 17.66277201088163196, 3.250000000000000444 ) ) ;
#93 = VERTEX_POINT ( 'NONE', #855 ) ;
#94 = ORIENTED_EDGE ( 'NONE', *, *, #4210, .T. ) ;
#95 = ORIENTED_EDGE ( 'NONE', *, *, #572, .F. ) ;
#96 = LINE ( 'NONE', #3658, #1938 ) ;
#97 = AXIS2_PLACEMENT_3D ( 'NONE', #3128, #233, #1272 ) ;
#98 = DIRECTION ( 'NONE',  ( -0.000000000000000000, 1.000000000000000000, 0.000000000000000000 ) ) ;
#99 = DIRECTION ( 'NONE',  ( -0.7071067811865466846, -0.7071067811865483499, 0.000000000000000000 ) ) ;
#100 = ORIENTED_EDGE ( 'NONE', *, *, #2736, .T. ) ;
#101 = ORIENTED_EDGE ( 'NONE', *, *, #5689, .F. ) ;
#102 = VECTOR ( 'NONE', #606, 1000.000000000000000 ) ;
#103 = DIRECTION ( 'NONE',  ( 0.7071067811865479058, -0.7071067811865471286, 0.000000000000000000 ) ) ;
#104 = DIRECTION ( 'NONE',  ( 0.000000000000000000, 0.000000000000000000, -1.000000000000000000 ) ) ;
#105 = DIRECTION ( 'NONE',  ( -1.000000000000000000, 0.000000000000000000, 0.000000000000000000 ) ) ;
#106 = VECTOR ( 'NONE', #1151, 1000.000000000000000 ) ;
#107 = CARTESIAN_POINT ( 'NONE',  ( 16.61788286210067511, 20.23277201088162514, 4.000000000000000000 ) ) ;
#108 = ORIENTED_EDGE ( 'NONE', *, *, #2730, .F. ) ;
#109 = ORIENTED_EDGE ( 'NONE', *, *, #6567, .F. ) ;
#110 = EDGE_CURVE ( 'NONE', #1764, #1354, #288, .T. ) ;
#111 = DIRECTION ( 'NONE',  ( -1.000000000000000000, -0.000000000000000000, -0.000000000000000000 ) ) ;
#112 = EDGE_CURVE ( 'NONE', #6353, #865, #4970, .T. ) ;
#113 = AXIS2_PLACEMENT_3D ( 'NONE', #4658, #1711, #4226 ) ;
#114 = CARTESIAN_POINT ( 'NONE',  ( -7.017882862100685237, 15.50448725967914676, 1.500000000000000444 ) ) ;
#115 = CARTESIAN_POINT ( 'NONE',  ( 23.00000000000000000, 0.000000000000000000, 0.5000000000000004441 ) ) ;
#116 = AXIS2_PLACEMENT_3D ( 'NONE', #2024, #2126, #4163 ) ;
#117 = CARTESIAN_POINT ( 'NONE',  ( -36.41788286210068293, 22.78641401289933910, 1.500000000000000444 ) ) ;
#118 = AXIS2_PLACEMENT_3D ( 'NONE', #5379, #787, #4366 ) ;
#119 = CARTESIAN_POINT ( 'NONE',  ( 14.23211713789931210, 15.48641401289933661, -2.999999999999999112 ) ) ;
#120 = VERTEX_POINT ( 'NONE', #254 ) ;
#121 = LINE ( 'NONE', #87, #157 ) ;
#122 = AXIS2_PLACEMENT_3D ( 'NONE', #65, #2052, #3627 ) ;
#123 = AXIS2_PLACEMENT_3D ( 'NONE', #5513, #921, #4504 ) ;
#124 = DIRECTION ( 'NONE',  ( 0.7071067811865469066, 0.7071067811865482389, 0.000000000000000000 ) ) ;
#125 = DIRECTION ( 'NONE',  ( -8.896017825522088106E-17, 1.000000000000000000, 0.000000000000000000 ) ) ;
#126 = CARTESIAN_POINT ( 'NONE',  ( -43.50000000000000000, 0.000000000000000000, 0.5999999999999999778 ) ) ;
#127 = VECTOR ( 'NONE', #3939, 1000.000000000000000 ) ;
#128 = VERTEX_POINT ( 'NONE', #2804 ) ;
#129 = ORIENTED_EDGE ( 'NONE', *, *, #187, .T. ) ;
#130 = EDGE_CURVE ( 'NONE', #2481, #5309, #6460, .T. ) ;
#131 = EDGE_LOOP ( 'NONE', ( #5449, #1274, #4926, #1860 ) ) ;
#132 = LINE ( 'NONE', #5299, #2899 ) ;
#133 = CARTESIAN_POINT ( 'NONE',  ( 39.25000000000000000, 13.15429687500000355, 4.000000000000000000 ) ) ;
#134 = LINE ( 'NONE', #2185, #2274 ) ;
#135 = EDGE_LOOP ( 'NONE', ( #4886, #5545, #4865, #2843, #3283 ) ) ;
#136 = ORIENTED_EDGE ( 'NONE', *, *, #2575, .T. ) ;
#137 = CARTESIAN_POINT ( 'NONE',  ( 39.25000000000000000, 13.15429687500000355, 4.000000000000000000 ) ) ;
#138 = VECTOR ( 'NONE', #6089, 1000.000000000000000 ) ;
#139 = CARTESIAN_POINT ( 'NONE',  ( -43.35355339059327662, 13.25785026559327662, 0.5999999999999998668 ) ) ;
#140 = LINE ( 'NONE', #717, #6127 ) ;
#141 = DIRECTION ( 'NONE',  ( -0.7071067811865471286, -0.7071067811865479058, 0.000000000000000000 ) ) ;
#142 = VERTEX_POINT ( 'NONE', #3834 ) ;
#143 = VECTOR ( 'NONE', #4606, 1000.000000000000000 ) ;
#144 = ORIENTED_EDGE ( 'NONE', *, *, #6499, .T. ) ;
#145 = VERTEX_POINT ( 'NONE', #1294 ) ;
#146 = EDGE_CURVE ( 'NONE', #6303, #2509, #2431, .T. ) ;
#147 = DIRECTION ( 'NONE',  ( 0.5773502691896458261, -0.5773502691896258421, -0.5773502691896057470 ) ) ;
#148 = CARTESIAN_POINT ( 'NONE',  ( 46.00000000000000000, 20.78641401289933910, 0.000000000000000000 ) ) ;
#149 = VECTOR ( 'NONE', #3528, 1000.000000000000000 ) ;
#150 = CARTESIAN_POINT ( 'NONE',  ( 6.582117137899329506, 20.23277201088163224, 2.754924248220537830 ) ) ;
#151 = EDGE_CURVE ( 'NONE', #1888, #6048, #2900, .T. ) ;
#152 = CARTESIAN_POINT ( 'NONE',  ( 16.35919986322042874, 20.49145500976187151, 3.708499914937262609 ) ) ;
#153 = ADVANCED_FACE ( 'NONE', ( #6490 ), #5929, .F. ) ;
#154 =( BOUNDED_CURVE ( )  B_SPLINE_CURVE ( 3, ( #2541, #1471, #2574, #932 ),
 .UNSPECIFIED., .F., .F. ) 
 B_SPLINE_CURVE_WITH_KNOTS ( ( 4, 4 ),
 ( 4.852850395094546521, 6.283185307179586232 ),
 .UNSPECIFIED. ) 
 CURVE ( )  GEOMETRIC_REPRESENTATION_ITEM ( )  RATIONAL_B_SPLINE_CURVE ( ( 1.000000000000000000, 0.8366556290180501287, 0.8366556290180501287, 1.000000000000000000 ) ) 
 REPRESENTATION_ITEM ( '' )  );
#155 = CARTESIAN_POINT ( 'NONE',  ( -16.41788286210066872, 20.23277201088163224, 3.745075751779463058 ) ) ;
#156 = EDGE_CURVE ( 'NONE', #6181, #6298, #2306, .T. ) ;
#157 = VECTOR ( 'NONE', #3616, 1000.000000000000000 ) ;
#158 = VERTEX_POINT ( 'NONE', #889 ) ;
#159 = CARTESIAN_POINT ( 'NONE',  ( -45.75000000000000000, 16.16277201088163551, 3.250000000000000444 ) ) ;
#160 = LINE ( 'NONE', #4681, #1943 ) ;
#161 = CARTESIAN_POINT ( 'NONE',  ( 13.58211713789931530, 13.48641401289933661, 1.500000000000000444 ) ) ;
#162 = CARTESIAN_POINT ( 'NONE',  ( 38.98211713789932276, 15.50448725967914676, 1.500000000000000444 ) ) ;
#163 = ORIENTED_EDGE ( 'NONE', *, *, #282, .T. ) ;
#164 = ORIENTED_EDGE ( 'NONE', *, *, #4801, .T. ) ;
#165 = ORIENTED_EDGE ( 'NONE', *, *, #3959, .T. ) ;
#166 = DIRECTION ( 'NONE',  ( 1.000000000000000000, 0.000000000000000000, 0.000000000000000000 ) ) ;
#167 = CYLINDRICAL_SURFACE ( 'NONE', #1372, 0.5000000000000004441 ) ;
#168 = CARTESIAN_POINT ( 'NONE',  ( 39.25000000000000000, 15.70793887701771041, 1.500000000000000444 ) ) ;
#169 = ORIENTED_EDGE ( 'NONE', *, *, #528, .F. ) ;
#170 = ORIENTED_EDGE ( 'NONE', *, *, #3638, .F. ) ;
#171 = CARTESIAN_POINT ( 'NONE',  ( -36.41788286210068293, 22.78641401289933910, 0.5000000000000004441 ) ) ;
#172 = CARTESIAN_POINT ( 'NONE',  ( -43.25000000000000000, 13.15429687500000355, 0.3499999999999999223 ) ) ;
#173 = LINE ( 'NONE', #751, #2058 ) ;
#174 = EDGE_CURVE ( 'NONE', #5720, #3857, #4345, .T. ) ;
#175 = EDGE_CURVE ( 'NONE', #2970, #5578, #3409, .T. ) ;
#176 = ORIENTED_EDGE ( 'NONE', *, *, #6352, .T. ) ;
#177 = VERTEX_POINT ( 'NONE', #1895 ) ;
#178 = VERTEX_POINT ( 'NONE', #5961 ) ;
#179 = CARTESIAN_POINT ( 'NONE',  ( 36.67847513588161945, 23.17217973710068080, 6.000000000000000000 ) ) ;
#180 = LINE ( 'NONE', #757, #998 ) ;
#181 = LINE ( 'NONE', #6193, #3728 ) ;
#182 = DIRECTION ( 'NONE',  ( 1.000000000000000000, 1.334402673828313339E-16, -0.000000000000000000 ) ) ;
#183 = VERTEX_POINT ( 'NONE', #6425 ) ;
#184 = CARTESIAN_POINT ( 'NONE',  ( -32.30364200201771041, 13.15429687499999289, 1.500000000000000444 ) ) ;
#185 = DIRECTION ( 'NONE',  ( 1.334402673828313586E-16, -1.000000000000000000, 0.000000000000000000 ) ) ;
#186 = DIRECTION ( 'NONE',  ( -1.000000000000000000, -0.000000000000000000, -0.000000000000000000 ) ) ;
#187 = EDGE_CURVE ( 'NONE', #1857, #244, #3933, .T. ) ;
#188 = CARTESIAN_POINT ( 'NONE',  ( -37.06788286210068151, 15.48641401289933661, -2.999999999999999112 ) ) ;
#189 = VECTOR ( 'NONE', #4714, 1000.000000000000000 ) ;
#190 = LINE ( 'NONE', #4247, #6616 ) ;
#191 = LINE ( 'NONE', #6330, #2886 ) ;
#192 = ORIENTED_EDGE ( 'NONE', *, *, #1468, .T. ) ;
#193 = ORIENTED_EDGE ( 'NONE', *, *, #5687, .T. ) ;
#194 = AXIS2_PLACEMENT_3D ( 'NONE', #325, #2375, #4418 ) ;
#195 = ORIENTED_EDGE ( 'NONE', *, *, #528, .T. ) ;
#196 = EDGE_CURVE ( 'NONE', #548, #1579, #1833, .T. ) ;
#197 = CARTESIAN_POINT ( 'NONE',  ( 39.25000000000000000, 13.15429687500000355, 4.000000000000000000 ) ) ;
#198 = CARTESIAN_POINT ( 'NONE',  ( 39.25000000000000000, 13.15429687500000355, 6.000000000000000000 ) ) ;
#199 = CARTESIAN_POINT ( 'NONE',  ( 13.69635799798229669, 23.15429687499999645, 1.500000000000000444 ) ) ;
#200 = LINE ( 'NONE', #5267, #4834 ) ;
#201 = ORIENTED_EDGE ( 'NONE', *, *, #5084, .T. ) ;
#202 = ORIENTED_EDGE ( 'NONE', *, *, #4640, .F. ) ;
#203 = DIRECTION ( 'NONE',  ( 0.000000000000000000, 0.000000000000000000, 1.000000000000000000 ) ) ;
#204 = CARTESIAN_POINT ( 'NONE',  ( -29.38211713789932489, 20.16277201088163196, 3.250000000000000444 ) ) ;
#205 = DIRECTION ( 'NONE',  ( 4.956352788505164254E-16, 1.000000000000000000, 0.000000000000000000 ) ) ;
#206 = VECTOR ( 'NONE', #6137, 1000.000000000000000 ) ;
#207 = ORIENTED_EDGE ( 'NONE', *, *, #4039, .F. ) ;
#208 = EDGE_LOOP ( 'NONE', ( #4578, #1528, #2955, #3222, #5772, #2423 ) ) ;
#209 = ADVANCED_FACE ( 'NONE', ( #5349 ), #6394, .F. ) ;
#210 = ORIENTED_EDGE ( 'NONE', *, *, #4412, .T. ) ;
#211 = DIRECTION ( 'NONE',  ( -0.000000000000000000, 0.000000000000000000, 1.000000000000000000 ) ) ;
#212 = VECTOR ( 'NONE', #3247, 1000.000000000000000 ) ;
#213 = DIRECTION ( 'NONE',  ( -0.000000000000000000, 1.000000000000000000, -0.000000000000000000 ) ) ;
#214 = LINE ( 'NONE', #4308, #3652 ) ;
#215 = VERTEX_POINT ( 'NONE', #955 ) ;
#216 = DIRECTION ( 'NONE',  ( 0.000000000000000000, 1.000000000000000000, -0.000000000000000000 ) ) ;
#217 = VECTOR ( 'NONE', #2704, 1000.000000000000000 ) ;
#218 = ORIENTED_EDGE ( 'NONE', *, *, #6125, .F. ) ;
#219 = DIRECTION ( 'NONE',  ( 0.000000000000000000, 0.000000000000000000, -1.000000000000000000 ) ) ;
#220 = DIRECTION ( 'NONE',  ( 0.000000000000000000, -0.000000000000000000, -1.000000000000000000 ) ) ;
#221 = APPLICATION_CONTEXT ( 'configuration controlled 3d designs of mechanical parts and assemblies' ) ;
#222 = VECTOR ( 'NONE', #6514, 1000.000000000000000 ) ;
#223 = CARTESIAN_POINT ( 'NONE',  ( 8.932117137899320269, 15.48641401289933661, 0.5000000000000004441 ) ) ;
#224 = PLANE ( 'NONE',  #6214 ) ;
#225 = VERTEX_POINT ( 'NONE', #1461 ) ;
#226 = VECTOR ( 'NONE', #2457, 1000.000000000000000 ) ;
#227 = ORIENTED_EDGE ( 'NONE', *, *, #4284, .F. ) ;
#228 = VECTOR ( 'NONE', #2997, 1000.000000000000000 ) ;
#229 = ORIENTED_EDGE ( 'NONE', *, *, #818, .T. ) ;
#230 = EDGE_CURVE ( 'NONE', #158, #6574, #1025, .T. ) ;
#231 = DIRECTION ( 'NONE',  ( -0.000000000000000000, -0.000000000000000000, 1.000000000000000000 ) ) ;
#232 = DIRECTION ( 'NONE',  ( 1.000000000000000000, -1.734723475976806709E-18, -0.000000000000000000 ) ) ;
#233 = DIRECTION ( 'NONE',  ( 1.000000000000000000, 0.000000000000000000, 0.000000000000000000 ) ) ;
#234 = VECTOR ( 'NONE', #3559, 1000.000000000000000 ) ;
#235 = CARTESIAN_POINT ( 'NONE',  ( 31.93211713789932560, 15.48641401289933661, 1.500000000000000444 ) ) ;
#236 = EDGE_CURVE ( 'NONE', #6574, #5664, #4570, .T. ) ;
#237 = EDGE_CURVE ( 'NONE', #6024, #5634, #6624, .T. ) ;
#238 = ORIENTED_EDGE ( 'NONE', *, *, #3577, .F. ) ;
#239 = VERTEX_POINT ( 'NONE', #4106 ) ;
#240 = DIRECTION ( 'NONE',  ( 0.000000000000000000, 0.000000000000000000, -1.000000000000000000 ) ) ;
#241 = AXIS2_PLACEMENT_3D ( 'NONE', #4882, #5865, #3844 ) ;
#242 = DIRECTION ( 'NONE',  ( -0.000000000000000000, -0.000000000000000000, 1.000000000000000000 ) ) ;
#243 = CARTESIAN_POINT ( 'NONE',  ( -32.30364200201769620, 13.15429687499999822, 4.000000000000000000 ) ) ;
#244 = VERTEX_POINT ( 'NONE', #3572 ) ;
#245 = ORIENTED_EDGE ( 'NONE', *, *, #5562, .F. ) ;
#246 = ORIENTED_EDGE ( 'NONE', *, *, #2818, .T. ) ;
#247 = CARTESIAN_POINT ( 'NONE',  ( -29.38211713789932489, 19.66277201088163196, 3.250000000000000444 ) ) ;
#248 = CARTESIAN_POINT ( 'NONE',  ( 13.58211713789931530, 20.78641401289933910, 0.5000000000000004441 ) ) ;
#249 = DIRECTION ( 'NONE',  ( 1.000000000000000000, 0.000000000000000000, -0.000000000000000000 ) ) ;
#250 = AXIS2_PLACEMENT_3D ( 'NONE', #159, #1702, #5790 ) ;
#251 = PLANE ( 'NONE',  #2152 ) ;
#252 = ORIENTED_EDGE ( 'NONE', *, *, #5736, .F. ) ;
#253 = DIRECTION ( 'NONE',  ( 1.000000000000000000, 4.173067663955944970E-16, 0.000000000000000000 ) ) ;
#254 = CARTESIAN_POINT ( 'NONE',  ( -9.417882862100684704, 20.78641401289933910, 0.5000000000000004441 ) ) ;
#255 = VECTOR ( 'NONE', #4795, 1000.000000000000000 ) ;
#256 = CARTESIAN_POINT ( 'NONE',  ( -9.417882862100684704, 20.78641401289933910, 0.5000000000000004441 ) ) ;
#257 = CARTESIAN_POINT ( 'NONE',  ( -6.382117137899323112, 20.23277201088162514, 3.745075751779463058 ) ) ;
#258 = LINE ( 'NONE', #2840, #1908 ) ;
#259 = ADVANCED_FACE ( 'NONE', ( #5109 ), #3608, .F. ) ;
#260 = CARTESIAN_POINT ( 'NONE',  ( 16.61788286210067511, 18.16277201088163196, 3.250000000000000444 ) ) ;
#261 = VECTOR ( 'NONE', #1720, 1000.000000000000000 ) ;
#262 = VERTEX_POINT ( 'NONE', #1429 ) ;
#263 = ORIENTED_EDGE ( 'NONE', *, *, #2412, .T. ) ;
#264 = VERTEX_POINT ( 'NONE', #5004 ) ;
#265 = CARTESIAN_POINT ( 'NONE',  ( 36.58211713789932418, 20.78641401289933910, 0.5000000000000004441 ) ) ;
#266 = LINE ( 'NONE', #2318, #2968 ) ;
#267 = CARTESIAN_POINT ( 'NONE',  ( 13.58211713789931530, 15.48641401289933661, 0.5000000000000004441 ) ) ;
#268 = ORIENTED_EDGE ( 'NONE', *, *, #1342, .F. ) ;
#269 = ORIENTED_EDGE ( 'NONE', *, *, #3751, .T. ) ;
#270 = CARTESIAN_POINT ( 'NONE',  ( -38.81788286210068151, 20.80448725967914925, 1.000000000000000000 ) ) ;
#271 = CARTESIAN_POINT ( 'NONE',  ( -45.75000000000000000, 20.66277201088163196, 3.250000000000000444 ) ) ;
#272 = ADVANCED_FACE ( 'NONE', ( #990 ), #5076, .F. ) ;
#273 = EDGE_CURVE ( 'NONE', #6496, #2391, #3473, .T. ) ;
#274 = LINE ( 'NONE', #307, #2908 ) ;
#275 = SECURITY_CLASSIFICATION ( '', '', #475 ) ;
#276 = ORIENTED_EDGE ( 'NONE', *, *, #6301, .F. ) ;
#277 = EDGE_CURVE ( 'NONE', #1212, #3782, #492, .T. ) ;
#278 = ORIENTED_EDGE ( 'NONE', *, *, #484, .T. ) ;
#279 = ORIENTED_EDGE ( 'NONE', *, *, #4307, .F. ) ;
#280 = DIRECTION ( 'NONE',  ( 0.000000000000000000, 0.000000000000000000, -1.000000000000000000 ) ) ;
#281 = FACE_OUTER_BOUND ( 'NONE', #5235, .T. ) ;
#282 = EDGE_CURVE ( 'NONE', #839, #5839, #461, .T. ) ;
#283 = LINE ( 'NONE', #2863, #2125 ) ;
#284 = CARTESIAN_POINT ( 'NONE',  ( -45.75000000000000000, 25.65429687500000355, 6.000000000000000000 ) ) ;
#285 = ORIENTED_EDGE ( 'NONE', *, *, #1510, .F. ) ;
#286 = CARTESIAN_POINT ( 'NONE',  ( -29.38211713789932489, 16.07582173911839263, 1.500000000000000444 ) ) ;
#287 = ORIENTED_EDGE ( 'NONE', *, *, #4780, .F. ) ;
#288 = LINE ( 'NONE', #3377, #3119 ) ;
#289 = CARTESIAN_POINT ( 'NONE',  ( 14.23211713789931210, 20.78641401289933910, 0.5000000000000004441 ) ) ;
#290 = CARTESIAN_POINT ( 'NONE',  ( -36.41788286210068293, 20.78641401289933910, 1.500000000000000444 ) ) ;
#291 = PLANE ( 'NONE',  #5765 ) ;
#292 = LINE ( 'NONE', #3413, #2571 ) ;
#293 = ORIENTED_EDGE ( 'NONE', *, *, #2045, .F. ) ;
#294 = VERTEX_POINT ( 'NONE', #525 ) ;
#295 = VERTEX_POINT ( 'NONE', #3536 ) ;
#296 = EDGE_CURVE ( 'NONE', #4806, #2950, #5619, .T. ) ;
#297 = AXIS2_PLACEMENT_3D ( 'NONE', #2043, #5120, #4079 ) ;
#298 = CARTESIAN_POINT ( 'NONE',  ( 30.01211713789932034, 20.66277201088163196, 3.250000000000000444 ) ) ;
#299 = LINE ( 'NONE', #1849, #1797 ) ;
#300 = CARTESIAN_POINT ( 'NONE',  ( 29.58211713789933484, 16.07582173911838908, 1.500000000000000444 ) ) ;
#301 = CIRCLE ( 'NONE', #2340, 0.5000000000000000000 ) ;
#302 = ORIENTED_EDGE ( 'NONE', *, *, #4967, .F. ) ;
#303 = ORIENTED_EDGE ( 'NONE', *, *, #4562, .F. ) ;
#304 = CARTESIAN_POINT ( 'NONE',  ( -6.382117137899323112, 20.23277201088162514, 1.500000000000000444 ) ) ;
#305 = CARTESIAN_POINT ( 'NONE',  ( 7.012117137899327446, 20.66277201088163551, 2.988744022555684055 ) ) ;
#306 = EDGE_CURVE ( 'NONE', #5243, #3733, #6158, .T. ) ;
#307 = CARTESIAN_POINT ( 'NONE',  ( 9.582117137899318848, 13.48641401289933661, 1.500000000000000444 ) ) ;
#308 = ORIENTED_EDGE ( 'NONE', *, *, #5515, .T. ) ;
#309 = ORIENTED_EDGE ( 'NONE', *, *, #5834, .F. ) ;
#310 = EDGE_LOOP ( 'NONE', ( #5926, #1460, #3073, #5899, #1123, #1244, #136, #5198, #5998 ) ) ;
#311 = CARTESIAN_POINT ( 'NONE',  ( 39.25000000000000000, 20.60065487298230735, 1.500000000000000444 ) ) ;
#312 = DIRECTION ( 'NONE',  ( -0.000000000000000000, -0.000000000000000000, 1.000000000000000000 ) ) ;
#313 = VECTOR ( 'NONE', #2498, 1000.000000000000000 ) ;
#314 = LINE ( 'NONE', #1226, #2973 ) ;
#315 = CARTESIAN_POINT ( 'NONE',  ( 39.25000000000000000, 23.15429687500000000, 4.000000000000000000 ) ) ;
#316 = EDGE_LOOP ( 'NONE', ( #5040, #2972, #6592, #2038, #4664, #6504, #5988, #279, #3664 ) ) ;
#317 = VERTEX_POINT ( 'NONE', #1996 ) ;
#318 = EDGE_CURVE ( 'NONE', #1349, #1847, #4030, .T. ) ;
#319 = EDGE_CURVE ( 'NONE', #6623, #4265, #1567, .T. ) ;
#320 = VERTEX_POINT ( 'NONE', #5140 ) ;
#321 = CARTESIAN_POINT ( 'NONE',  ( 39.25000000000000000, 23.15429687500000000, 4.000000000000000000 ) ) ;
#322 = VECTOR ( 'NONE', #529, 1000.000000000000000 ) ;
#323 = CARTESIAN_POINT ( 'NONE',  ( 38.98211713789932276, 20.78641401289933910, 0.5000000000000004441 ) ) ;
#324 = ADVANCED_FACE ( 'NONE', ( #6088 ), #5584, .F. ) ;
#325 = CARTESIAN_POINT ( 'NONE',  ( 69.00000000000000000, 0.000000000000000000, 0.5000000000000004441 ) ) ;
#326 = CARTESIAN_POINT ( 'NONE',  ( 32.58211713789932418, 22.78641401289933910, 1.500000000000000444 ) ) ;
#327 = AXIS2_PLACEMENT_3D ( 'NONE', #5645, #46, #1051 ) ;
#328 = EDGE_LOOP ( 'NONE', ( #5163, #5095, #6291, #4335 ) ) ;
#329 = ORIENTED_EDGE ( 'NONE', *, *, #818, .F. ) ;
#330 = VERTEX_POINT ( 'NONE', #422 ) ;
#331 = LINE ( 'NONE', #4454, #5808 ) ;
#332 = DIRECTION ( 'NONE',  ( -0.000000000000000000, -1.000000000000000000, -0.000000000000000000 ) ) ;
#333 = PLANE ( 'NONE',  #1814 ) ;
#334 = ADVANCED_FACE ( 'NONE', ( #1531 ), #2101, .F. ) ;
#335 = VECTOR ( 'NONE', #3245, 1000.000000000000000 ) ;
#336 = VECTOR ( 'NONE', #4376, 1000.000000000000000 ) ;
#337 = ORIENTED_EDGE ( 'NONE', *, *, #2212, .F. ) ;
#338 = ORIENTED_EDGE ( 'NONE', *, *, #595, .F. ) ;
#339 = LINE ( 'NONE', #5873, #5830 ) ;
#340 = DIRECTION ( 'NONE',  ( 0.000000000000000000, -0.000000000000000000, 1.000000000000000000 ) ) ;
#341 = AXIS2_PLACEMENT_3D ( 'NONE', #5603, #4524, #1010 ) ;
#342 = VECTOR ( 'NONE', #3171, 1000.000000000000000 ) ;
#343 = CARTESIAN_POINT ( 'NONE',  ( -32.32152486411837344, 13.13641401289933874, 1.500000000000000444 ) ) ;
#344 = EDGE_CURVE ( 'NONE', #68, #538, #6557, .T. ) ;
#345 = ORIENTED_EDGE ( 'NONE', *, *, #5844, .T. ) ;
#346 = ORIENTED_EDGE ( 'NONE', *, *, #5340, .T. ) ;
#347 = CIRCLE ( 'NONE', #2810, 0.5000000000000000000 ) ;
#348 = LINE ( 'NONE', #6484, #3007 ) ;
#349 = CARTESIAN_POINT ( 'NONE',  ( -13.41788286210068115, 15.48641401289933661, 0.5000000000000004441 ) ) ;
#350 = CARTESIAN_POINT ( 'NONE',  ( -29.38211713789932489, 18.66277201088163196, 3.250000000000000444 ) ) ;
#351 = CARTESIAN_POINT ( 'NONE',  ( 16.61788286210067511, 16.07582173911839263, 3.742381610379894585 ) ) ;
#352 = ORIENTED_EDGE ( 'NONE', *, *, #5521, .F. ) ;
#353 = EDGE_CURVE ( 'NONE', #1676, #1401, #2699, .T. ) ;
#354 = ORIENTED_EDGE ( 'NONE', *, *, #1058, .T. ) ;
#355 = DIRECTION ( 'NONE',  ( -0.000000000000000000, -0.000000000000000000, 1.000000000000000000 ) ) ;
#356 = LINE ( 'NONE', #4003, #2075 ) ;
#357 = MANIFOLD_SOLID_BREP ( 'Cut-Extrude16', #3760 ) ;
#358 = VECTOR ( 'NONE', #6595, 1000.000000000000000 ) ;
#359 = EDGE_CURVE ( 'NONE', #6104, #459, #1188, .T. ) ;
#360 = EDGE_CURVE ( 'NONE', #68, #2766, #5280, .T. ) ;
#361 = CARTESIAN_POINT ( 'NONE',  ( -16.41788286210066872, 16.07582173911838908, 1.500000000000000444 ) ) ;
#362 = EDGE_CURVE ( 'NONE', #3841, #2516, #1663, .T. ) ;
#363 = CARTESIAN_POINT ( 'NONE',  ( -39.41788286210066872, 16.07582173911838908, 1.500000000000000444 ) ) ;
#364 = LINE ( 'NONE', #2407, #127 ) ;
#365 = EDGE_LOOP ( 'NONE', ( #6533, #1057, #4007, #3398 ) ) ;
#366 = VECTOR ( 'NONE', #485, 1000.000000000000000 ) ;
#367 = EDGE_CURVE ( 'NONE', #5843, #3519, #1090, .T. ) ;
#368 = ORIENTED_EDGE ( 'NONE', *, *, #273, .T. ) ;
#369 = ORIENTED_EDGE ( 'NONE', *, *, #1836, .T. ) ;
#370 = CARTESIAN_POINT ( 'NONE',  ( -14.06788286210067973, 15.48641401289933661, -2.999999999999999112 ) ) ;
#371 = FACE_OUTER_BOUND ( 'NONE', #2880, .T. ) ;
#372 = VECTOR ( 'NONE', #6042, 1000.000000000000000 ) ;
#373 = LINE ( 'NONE', #5364, #6418 ) ;
#374 = VERTEX_POINT ( 'NONE', #6256 ) ;
#375 =( BOUNDED_CURVE ( )  B_SPLINE_CURVE ( 3, ( #1309, #6474, #5401, #2878 ),
 .UNSPECIFIED., .F., .T. ) 
 B_SPLINE_CURVE_WITH_KNOTS ( ( 4, 4 ),
 ( 1.745585516796700043, 3.141592653589793116 ),
 .UNSPECIFIED. ) 
 CURVE ( )  GEOMETRIC_REPRESENTATION_ITEM ( )  RATIONAL_B_SPLINE_CURVE ( ( 1.000000000000000000, 0.8440845325001391508, 0.8440845325001391508, 1.000000000000000000 ) ) 
 REPRESENTATION_ITEM ( '' )  );
#376 = ORIENTED_EDGE ( 'NONE', *, *, #1142, .F. ) ;
#377 = AXIS2_PLACEMENT_3D ( 'NONE', #4777, #3342, #1772 ) ;
#378 = LINE ( 'NONE', #4180, #5406 ) ;
#379 = LINE ( 'NONE', #2855, #3336 ) ;
#380 = ORIENTED_EDGE ( 'NONE', *, *, #1414, .F. ) ;
#381 = ORIENTED_EDGE ( 'NONE', *, *, #6550, .F. ) ;
#382 = FACE_OUTER_BOUND ( 'NONE', #4471, .T. ) ;
#383 = EDGE_CURVE ( 'NONE', #3060, #4909, #3641, .T. ) ;
#384 = CARTESIAN_POINT ( 'NONE',  ( -38.75000000000000000, 15.48641401289933661, 1.000000000000000000 ) ) ;
#385 = PRODUCT_DEFINITION_SHAPE ( 'NONE', 'NONE',  #494 ) ;
#386 = CARTESIAN_POINT ( 'NONE',  ( 6.582117137899329506, 17.66277201088163196, 3.250000000000000444 ) ) ;
#387 = CARTESIAN_POINT ( 'NONE',  ( 32.58211713789932418, 22.78641401289933910, 1.500000000000000444 ) ) ;
#388 = VERTEX_POINT ( 'NONE', #1693 ) ;
#389 = ORIENTED_EDGE ( 'NONE', *, *, #5732, .T. ) ;
#390 = CARTESIAN_POINT ( 'NONE',  ( 69.00000000000000000, 15.48641401289933661, 0.000000000000000000 ) ) ;
#391 = LINE ( 'NONE', #890, #2824 ) ;
#392 = CARTESIAN_POINT ( 'NONE',  ( -43.50000000000000000, 0.000000000000000000, 0.3499999999999999223 ) ) ;
#393 = CARTESIAN_POINT ( 'NONE',  ( -15.81788286210068151, 15.48641401289933661, 0.5000000000000004441 ) ) ;
#394 = DIRECTION ( 'NONE',  ( -0.7071067811865479058, 0.7071067811865471286, 0.000000000000000000 ) ) ;
#395 = EDGE_LOOP ( 'NONE', ( #3746, #4197, #5846, #2120, #218, #1371 ) ) ;
#396 = EDGE_CURVE ( 'NONE', #1935, #4015, #79, .T. ) ;
#397 = ORIENTED_EDGE ( 'NONE', *, *, #4995, .F. ) ;
#398 = ORIENTED_EDGE ( 'NONE', *, *, #4315, .T. ) ;
#399 = DIRECTION ( 'NONE',  ( 0.000000000000000000, -1.000000000000000000, 0.000000000000000000 ) ) ;
#400 = DIRECTION ( 'NONE',  ( -1.000000000000000000, -0.000000000000000000, -0.000000000000000000 ) ) ;
#401 = CARTESIAN_POINT ( 'NONE',  ( -13.41788286210068115, 13.48641401289933661, 1.500000000000000444 ) ) ;
#402 = ORIENTED_EDGE ( 'NONE', *, *, #3718, .T. ) ;
#403 = EDGE_CURVE ( 'NONE', #5817, #6038, #3338, .T. ) ;
#404 = EDGE_LOOP ( 'NONE', ( #5017, #5872, #3783, #5952, #2321, #4994, #2453, #4704, #3076, #1246, #5139, #5395, #5122, #1108, #1765, #2378, #888, #880, #1769, #3941, #2112, #3365, #6344, #1805, #1252 ) ) ;
#405 = EDGE_CURVE ( 'NONE', #3888, #1177, #2507, .T. ) ;
#406 = VECTOR ( 'NONE', #5429, 1000.000000000000000 ) ;
#407 = LINE ( 'NONE', #2449, #4328 ) ;
#408 = CARTESIAN_POINT ( 'NONE',  ( -37.06788286210068861, 20.78641401289933910, -2.999999999999999112 ) ) ;
#409 = DIRECTION ( 'NONE',  ( -0.000000000000000000, -0.000000000000000000, 1.000000000000000000 ) ) ;
#410 = CARTESIAN_POINT ( 'NONE',  ( 14.23211713789931210, 0.000000000000000000, 0.000000000000000000 ) ) ;
#411 = EDGE_CURVE ( 'NONE', #920, #215, #4769, .T. ) ;
#412 = VECTOR ( 'NONE', #1265, 1000.000000000000000 ) ;
#413 =( BOUNDED_CURVE ( )  B_SPLINE_CURVE ( 3, ( #3307, #5251, #2770, #5350 ),
 .UNSPECIFIED., .F., .T. ) 
 B_SPLINE_CURVE_WITH_KNOTS ( ( 4, 4 ),
 ( 0.000000000000000000, 1.396007136793093517 ),
 .UNSPECIFIED. ) 
 CURVE ( )  GEOMETRIC_REPRESENTATION_ITEM ( )  RATIONAL_B_SPLINE_CURVE ( ( 1.000000000000000000, 0.8440845325001389288, 0.8440845325001389288, 1.000000000000000000 ) ) 
 REPRESENTATION_ITEM ( '' )  );
#414 = ORIENTED_EDGE ( 'NONE', *, *, #5055, .F. ) ;
#415 = ORIENTED_EDGE ( 'NONE', *, *, #3977, .T. ) ;
#416 = CARTESIAN_POINT ( 'NONE',  ( 39.25000000000000000, 13.15429687500000355, 4.000000000000000000 ) ) ;
#417 = CARTESIAN_POINT ( 'NONE',  ( 16.61788286210067511, 20.23277201088162514, 2.754924248220536942 ) ) ;
#418 = CARTESIAN_POINT ( 'NONE',  ( 36.58211713789932418, 15.48641401289933661, 0.5000000000000004441 ) ) ;
#419 = DIRECTION ( 'NONE',  ( -0.000000000000000000, -1.000000000000000000, -0.000000000000000000 ) ) ;
#420 = PLANE ( 'NONE',  #6432 ) ;
#421 = ORIENTED_EDGE ( 'NONE', *, *, #1280, .F. ) ;
#422 = CARTESIAN_POINT ( 'NONE',  ( -32.30364200201769620, 13.15429687499999822, 6.000000000000000000 ) ) ;
#423 = CARTESIAN_POINT ( 'NONE',  ( 39.25000000000000000, 20.60065487298230735, 3.491368181578518026 ) ) ;
#424 = LINE ( 'NONE', #4507, #3411 ) ;
#425 = DIRECTION ( 'NONE',  ( -1.000000000000000000, 0.000000000000000000, 0.000000000000000000 ) ) ;
#426 = LINE ( 'NONE', #5048, #5376 ) ;
#427 = AXIS2_PLACEMENT_3D ( 'NONE', #519, #1781, #4600 ) ;
#428 = ORIENTED_EDGE ( 'NONE', *, *, #3638, .T. ) ;
#429 = VERTEX_POINT ( 'NONE', #4170 ) ;
#430 = ORIENTED_EDGE ( 'NONE', *, *, #1956, .F. ) ;
#431 = CARTESIAN_POINT ( 'NONE',  ( 39.18788286210067895, 20.66277201088163551, 3.165136981710089614 ) ) ;
#432 = AXIS2_PLACEMENT_3D ( 'NONE', #1842, #3312, #5354 ) ;
#433 = PLANE ( 'NONE',  #2653 ) ;
#434 = CARTESIAN_POINT ( 'NONE',  ( 37.23211713789931565, 15.50448725967914676, 0.5000000000000004441 ) ) ;
#435 = ORIENTED_EDGE ( 'NONE', *, *, #4379, .T. ) ;
#436 = EDGE_CURVE ( 'NONE', #907, #1478, #1125, .T. ) ;
#437 = ORIENTED_EDGE ( 'NONE', *, *, #5979, .T. ) ;
#438 = VECTOR ( 'NONE', #627, 1000.000000000000000 ) ;
#439 = ORIENTED_EDGE ( 'NONE', *, *, #5942, .F. ) ;
#440 = DIRECTION ( 'NONE',  ( -0.000000000000000000, -0.000000000000000000, 1.000000000000000000 ) ) ;
#441 = PERSON_AND_ORGANIZATION ( #6057, #686 ) ;
#442 = FACE_OUTER_BOUND ( 'NONE', #208, .T. ) ;
#443 = DIRECTION ( 'NONE',  ( -1.000000000000000000, -1.309225264888156130E-15, 0.000000000000000000 ) ) ;
#444 = EDGE_CURVE ( 'NONE', #3448, #4988, #5245, .T. ) ;
#445 = AXIS2_PLACEMENT_3D ( 'NONE', #1019, #4668, #3668 ) ;
#446 = ADVANCED_FACE ( 'NONE', ( #3133 ), #656, .F. ) ;
#447 = AXIS2_PLACEMENT_3D ( 'NONE', #5024, #1040, #3078 ) ;
#448 = CARTESIAN_POINT ( 'NONE',  ( 39.25000000000000000, 22.40429687500000355, 4.000000000000000000 ) ) ;
#449 = EDGE_CURVE ( 'NONE', #1544, #2509, #2635, .T. ) ;
#450 = VERTEX_POINT ( 'NONE', #6221 ) ;
#451 = ORIENTED_EDGE ( 'NONE', *, *, #4698, .T. ) ;
#452 = CARTESIAN_POINT ( 'NONE',  ( 0.000000000000000000, 0.000000000000000000, 4.000000000000000000 ) ) ;
#453 = VECTOR ( 'NONE', #1382, 1000.000000000000000 ) ;
#454 = PLANE ( 'NONE',  #6149 ) ;
#455 = DIRECTION ( 'NONE',  ( -0.000000000000000000, -0.000000000000000000, -1.000000000000000000 ) ) ;
#456 = CARTESIAN_POINT ( 'NONE',  ( -13.41788286210068115, 20.78641401289933910, 0.5000000000000004441 ) ) ;
#457 = CARTESIAN_POINT ( 'NONE',  ( 31.93211713789932560, 15.48641401289933661, 0.5000000000000004441 ) ) ;
#458 = VECTOR ( 'NONE', #6229, 1000.000000000000000 ) ;
#459 = VERTEX_POINT ( 'NONE', #2167 ) ;
#460 = ORIENTED_EDGE ( 'NONE', *, *, #2432, .T. ) ;
#461 = LINE ( 'NONE', #1493, #3660 ) ;
#462 = DIRECTION ( 'NONE',  ( -0.000000000000000000, -0.000000000000000000, 1.000000000000000000 ) ) ;
#463 = VECTOR ( 'NONE', #3805, 1000.000000000000000 ) ;
#464 = PLANE ( 'NONE',  #1591 ) ;
#465 = CARTESIAN_POINT ( 'NONE',  ( 29.58211713789933484, 16.07582173911838908, 4.000000000000000000 ) ) ;
#466 = DIRECTION ( 'NONE',  ( 1.000000000000000000, -0.000000000000000000, 0.000000000000000000 ) ) ;
#467 = ORIENTED_EDGE ( 'NONE', *, *, #1836, .F. ) ;
#468 = ORIENTED_EDGE ( 'NONE', *, *, #88, .T. ) ;
#469 = CARTESIAN_POINT ( 'NONE',  ( -16.16794860091053110, 15.82588747792824790, 2.801754586982679207 ) ) ;
#470 = DIRECTION ( 'NONE',  ( 0.000000000000000000, -0.000000000000000000, -1.000000000000000000 ) ) ;
#471 = LINE ( 'NONE', #3548, #1495 ) ;
#472 = ORIENTED_EDGE ( 'NONE', *, *, #90, .F. ) ;
#473 = ORIENTED_EDGE ( 'NONE', *, *, #1920, .F. ) ;
#474 = ORIENTED_EDGE ( 'NONE', *, *, #5316, .T. ) ;
#475 = SECURITY_CLASSIFICATION_LEVEL ( 'unclassified' ) ;
#476 = LINE ( 'NONE', #6176, #2158 ) ;
#477 = DIRECTION ( 'NONE',  ( -0.000000000000000000, 0.000000000000000000, 1.000000000000000000 ) ) ;
#478 = CARTESIAN_POINT ( 'NONE',  ( 31.93211713789932560, 20.80448725967914925, 0.5000000000000004441 ) ) ;
#479 = ORIENTED_EDGE ( 'NONE', *, *, #1758, .F. ) ;
#480 = VECTOR ( 'NONE', #6198, 1000.000000000000000 ) ;
#481 = ORIENTED_EDGE ( 'NONE', *, *, #2818, .F. ) ;
#482 = EDGE_CURVE ( 'NONE', #5326, #4385, #3166, .T. ) ;
#483 = CARTESIAN_POINT ( 'NONE',  ( 29.99516686613609195, 15.66277201088163018, 2.996198623261636218 ) ) ;
#484 = EDGE_CURVE ( 'NONE', #2410, #718, #3081, .T. ) ;
#485 = DIRECTION ( 'NONE',  ( 0.000000000000000000, 1.000000000000000000, -0.000000000000000000 ) ) ;
#486 = PLANE ( 'NONE',  #3226 ) ;
#487 = LINE ( 'NONE', #5986, #752 ) ;
#488 = DIRECTION ( 'NONE',  ( 0.000000000000000000, -1.000000000000000000, 0.000000000000000000 ) ) ;
#489 = VERTEX_POINT ( 'NONE', #478 ) ;
#490 = ORIENTED_EDGE ( 'NONE', *, *, #4697, .T. ) ;
#491 = EDGE_CURVE ( 'NONE', #586, #5261, #1042, .T. ) ;
#492 = LINE ( 'NONE', #6025, #228 ) ;
#493 = LINE ( 'NONE', #6317, #3464 ) ;
#494 = PRODUCT_DEFINITION ( 'UNKNOWN', '', #4344, #5101 ) ;
#495 = DIRECTION ( 'NONE',  ( 0.000000000000000000, 1.000000000000000000, 0.000000000000000000 ) ) ;
#496 = CC_DESIGN_APPROVAL ( #5200, ( #275 ) ) ;
#497 = CARTESIAN_POINT ( 'NONE',  ( 8.932117137899320269, 20.80448725967914925, 0.5000000000000004441 ) ) ;
#498 = CARTESIAN_POINT ( 'NONE',  ( -45.75000000000000000, 12.21998229994924401, 6.000000000000000000 ) ) ;
#499 = ORIENTED_EDGE ( 'NONE', *, *, #359, .F. ) ;
#500 = ORIENTED_EDGE ( 'NONE', *, *, #4619, .T. ) ;
#501 = CARTESIAN_POINT ( 'NONE',  ( -45.75000000000000000, 24.65429687500000711, 6.000000000000000000 ) ) ;
#502 = DIRECTION ( 'NONE',  ( 0.000000000000000000, -0.000000000000000000, 1.000000000000000000 ) ) ;
#503 = DIRECTION ( 'NONE',  ( -0.000000000000000000, -0.000000000000000000, 1.000000000000000000 ) ) ;
#504 = ORIENTED_EDGE ( 'NONE', *, *, #6390, .F. ) ;
#505 = ADVANCED_FACE ( 'NONE', ( #2520, #4129 ), #1518, .F. ) ;
#506 = ORIENTED_EDGE ( 'NONE', *, *, #3555, .F. ) ;
#507 = EDGE_CURVE ( 'NONE', #6298, #696, #5128, .T. ) ;
#508 = VERTEX_POINT ( 'NONE', #4558 ) ;
#509 = FACE_OUTER_BOUND ( 'NONE', #2280, .T. ) ;
#510 = LINE ( 'NONE', #6177, #5913 ) ;
#511 = CARTESIAN_POINT ( 'NONE',  ( 13.67847513588161412, 23.17217973710068080, 1.500000000000000444 ) ) ;
#512 = VERTEX_POINT ( 'NONE', #3594 ) ;
#513 = ORIENTED_EDGE ( 'NONE', *, *, #3683, .T. ) ;
#514 = DIRECTION ( 'NONE',  ( -0.7071067811865479058, 0.7071067811865471286, 0.000000000000000000 ) ) ;
#515 = ADVANCED_FACE ( 'NONE', ( #6644 ), #67, .T. ) ;
#516 = CARTESIAN_POINT ( 'NONE',  ( -37.06788286210068861, 20.78641401289933910, 1.500000000000000444 ) ) ;
#517 = VECTOR ( 'NONE', #1166, 1000.000000000000000 ) ;
#518 = FACE_OUTER_BOUND ( 'NONE', #3812, .T. ) ;
#519 = CARTESIAN_POINT ( 'NONE',  ( 69.00000000000000000, 0.000000000000000000, 0.5000000000000004441 ) ) ;
#520 = DIRECTION ( 'NONE',  ( -1.000000000000000000, -0.000000000000000000, -0.000000000000000000 ) ) ;
#521 = ORIENTED_EDGE ( 'NONE', *, *, #4942, .T. ) ;
#522 = VECTOR ( 'NONE', #5217, 1000.000000000000000 ) ;
#523 = EDGE_LOOP ( 'NONE', ( #2304, #500 ) ) ;
#524 = ADVANCED_FACE ( 'NONE', ( #4525 ), #2089, .F. ) ;
#525 = CARTESIAN_POINT ( 'NONE',  ( 6.582117137899329506, 20.23277201088163224, 4.000000000000000000 ) ) ;
#526 = PLANE ( 'NONE',  #3680 ) ;
#527 = DIRECTION ( 'NONE',  ( 0.000000000000000000, -1.000000000000000000, 0.000000000000000000 ) ) ;
#528 = EDGE_CURVE ( 'NONE', #920, #5839, #6178, .T. ) ;
#529 = DIRECTION ( 'NONE',  ( 0.000000000000000000, 1.000000000000000000, 0.000000000000000000 ) ) ;
#530 = FACE_OUTER_BOUND ( 'NONE', #4401, .T. ) ;
#531 = VERTEX_POINT ( 'NONE', #5026 ) ;
#532 = EDGE_LOOP ( 'NONE', ( #1501, #5117, #4892, #5702, #4319, #1064, #3406, #1392, #2178, #2145 ) ) ;
#533 = ADVANCED_FACE ( 'NONE', ( #3629 ), #1011, .F. ) ;
#534 = LINE ( 'NONE', #4618, #4717 ) ;
#535 = CARTESIAN_POINT ( 'NONE',  ( -45.35000000000001563, 10.65429687500000355, 0.4000000000000114575 ) ) ;
#536 = DIRECTION ( 'NONE',  ( 1.309225264888156130E-15, -1.000000000000000000, 0.000000000000000000 ) ) ;
#537 = AXIS2_PLACEMENT_3D ( 'NONE', #2928, #6486, #3531 ) ;
#538 = VERTEX_POINT ( 'NONE', #4158 ) ;
#539 = ORIENTED_EDGE ( 'NONE', *, *, #779, .T. ) ;
#540 = ORIENTED_EDGE ( 'NONE', *, *, #2243, .F. ) ;
#541 = VECTOR ( 'NONE', #2711, 1000.000000000000000 ) ;
#542 = CALENDAR_DATE ( 2025, 30, 7 ) ;
#543 = DIRECTION ( 'NONE',  ( -0.000000000000000000, -0.000000000000000000, 1.000000000000000000 ) ) ;
#544 = CARTESIAN_POINT ( 'NONE',  ( 39.25000000000000000, 13.15429687500000355, 4.000000000000000000 ) ) ;
#545 = EDGE_CURVE ( 'NONE', #4773, #1502, #4592, .T. ) ;
#546 = CARTESIAN_POINT ( 'NONE',  ( 37.23211713789931565, 15.48641401289933661, -2.999999999999999112 ) ) ;
#547 = VECTOR ( 'NONE', #53, 1000.000000000000000 ) ;
#548 = VERTEX_POINT ( 'NONE', #6145 ) ;
#549 = ORIENTED_EDGE ( 'NONE', *, *, #1472, .F. ) ;
#550 = FACE_OUTER_BOUND ( 'NONE', #3919, .T. ) ;
#551 = LINE ( 'NONE', #4058, #4956 ) ;
#552 = VECTOR ( 'NONE', #3495, 1000.000000000000000 ) ;
#553 = DIRECTION ( 'NONE',  ( 0.000000000000000000, -0.7071067811865484609, -0.7071067811865466846 ) ) ;
#554 = EDGE_CURVE ( 'NONE', #5647, #183, #2054, .T. ) ;
#555 = CARTESIAN_POINT ( 'NONE',  ( 16.61788286210067511, 20.23277201088162514, 1.500000000000000444 ) ) ;
#556 = DIRECTION ( 'NONE',  ( 0.7071067811865479058, -0.7071067811865471286, 0.000000000000000000 ) ) ;
#557 = VERTEX_POINT ( 'NONE', #5534 ) ;
#558 = AXIS2_PLACEMENT_3D ( 'NONE', #2672, #1704, #4713 ) ;
#559 = AXIS2_PLACEMENT_3D ( 'NONE', #796, #2402, #1870 ) ;
#560 = EDGE_LOOP ( 'NONE', ( #2728, #4968, #3265, #6220, #276, #4139 ) ) ;
#561 = CARTESIAN_POINT ( 'NONE',  ( -9.321524864118371667, 13.13641401289933874, 1.500000000000000444 ) ) ;
#562 = LINE ( 'NONE', #81, #138 ) ;
#563 = VECTOR ( 'NONE', #4463, 1000.000000000000000 ) ;
#564 = VECTOR ( 'NONE', #4975, 1000.000000000000000 ) ;
#565 = LINE ( 'NONE', #1094, #2441 ) ;
#566 = EDGE_CURVE ( 'NONE', #4229, #4568, #3150, .T. ) ;
#567 = PLANE ( 'NONE',  #2148 ) ;
#568 = CARTESIAN_POINT ( 'NONE',  ( -45.61666666666667425, 25.38763020833334139, 0.2666666666666850927 ) ) ;
#569 = VERTEX_POINT ( 'NONE', #448 ) ;
#570 = VECTOR ( 'NONE', #1879, 1000.000000000000000 ) ;
#571 = LINE ( 'NONE', #5189, #480 ) ;
#572 = EDGE_CURVE ( 'NONE', #961, #2822, #6076, .T. ) ;
#573 = EDGE_CURVE ( 'NONE', #718, #5194, #3523, .T. ) ;
#574 = CYLINDRICAL_SURFACE ( 'NONE', #5580, 0.5000000000000004441 ) ;
#575 = ADVANCED_FACE ( 'NONE', ( #1984 ), #977, .F. ) ;
#576 = CARTESIAN_POINT ( 'NONE',  ( 16.61788286210067511, 16.07582173911839263, 4.000000000000000000 ) ) ;
#577 = DIRECTION ( 'NONE',  ( 0.000000000000000000, 1.000000000000000000, 0.000000000000000000 ) ) ;
#578 = EDGE_CURVE ( 'NONE', #2616, #1888, #200, .T. ) ;
#579 = EDGE_LOOP ( 'NONE', ( #193, #1341, #5878, #3024 ) ) ;
#580 = ORIENTED_EDGE ( 'NONE', *, *, #1545, .F. ) ;
#581 = EDGE_LOOP ( 'NONE', ( #5799, #1970, #5553 ) ) ;
#582 = PLANE ( 'NONE',  #4194 ) ;
#583 = VECTOR ( 'NONE', #625, 1000.000000000000000 ) ;
#584 = DIRECTION ( 'NONE',  ( 0.000000000000000000, -1.000000000000000000, 0.000000000000000000 ) ) ;
#585 = ORIENTED_EDGE ( 'NONE', *, *, #5459, .F. ) ;
#586 = VERTEX_POINT ( 'NONE', #2784 ) ;
#587 = AXIS2_PLACEMENT_3D ( 'NONE', #5949, #3852, #2353 ) ;
#588 = CARTESIAN_POINT ( 'NONE',  ( 36.58211713789932418, 15.48641401289933661, 0.5000000000000004441 ) ) ;
#589 = LINE ( 'NONE', #2524, #1762 ) ;
#590 = DIRECTION ( 'NONE',  ( 1.309225264888156130E-15, -1.000000000000000000, 0.000000000000000000 ) ) ;
#591 = FACE_OUTER_BOUND ( 'NONE', #3298, .T. ) ;
#592 = VECTOR ( 'NONE', #5658, 1000.000000000000000 ) ;
#593 = DIRECTION ( 'NONE',  ( -1.000000000000000000, -0.000000000000000000, -0.000000000000000000 ) ) ;
#594 = ORIENTED_EDGE ( 'NONE', *, *, #3185, .F. ) ;
#595 = EDGE_CURVE ( 'NONE', #5326, #2055, #5234, .T. ) ;
#596 = ORIENTED_EDGE ( 'NONE', *, *, #2376, .F. ) ;
#597 = DIRECTION ( 'NONE',  ( -0.000000000000000000, 0.000000000000000000, -1.000000000000000000 ) ) ;
#598 = DIRECTION ( 'NONE',  ( 0.000000000000000000, 1.000000000000000000, 0.000000000000000000 ) ) ;
#599 = DIRECTION ( 'NONE',  ( 0.000000000000000000, 0.7071067811865465735, -0.7071067811865483499 ) ) ;
#600 = DIRECTION ( 'NONE',  ( 0.6785983445458587671, -0.2810846377148202846, -0.6785983445458353414 ) ) ;
#601 = CARTESIAN_POINT ( 'NONE',  ( 9.582117137899318848, 22.78641401289933910, 1.500000000000000444 ) ) ;
#602 = LINE ( 'NONE', #2271, #2903 ) ;
#603 = CARTESIAN_POINT ( 'NONE',  ( 46.25000000000000000, 13.90429687500000355, 1.000000000000000000 ) ) ;
#604 = CARTESIAN_POINT ( 'NONE',  ( -6.382117137899323112, 20.23277201088162514, 1.500000000000000444 ) ) ;
#605 = LINE ( 'NONE', #2238, #2658 ) ;
#606 = DIRECTION ( 'NONE',  ( -0.000000000000000000, -0.000000000000000000, 1.000000000000000000 ) ) ;
#607 = VERTEX_POINT ( 'NONE', #2752 ) ;
#608 = ORIENTED_EDGE ( 'NONE', *, *, #687, .T. ) ;
#609 = ORIENTED_EDGE ( 'NONE', *, *, #3718, .F. ) ;
#610 = CARTESIAN_POINT ( 'NONE',  ( 32.58211713789932418, 13.48641401289933661, 1.500000000000000444 ) ) ;
#611 = LINE ( 'NONE', #3182, #80 ) ;
#612 = CARTESIAN_POINT ( 'NONE',  ( 23.00000000000000000, 0.000000000000000000, 0.5000000000000004441 ) ) ;
#613 = ADVANCED_FACE ( 'NONE', ( #4691 ), #3723, .F. ) ;
#614 = EDGE_CURVE ( 'NONE', #2430, #4654, #5837, .T. ) ;
#615 = EDGE_LOOP ( 'NONE', ( #3416, #6573, #2793, #1038 ) ) ;
#616 = ORIENTED_EDGE ( 'NONE', *, *, #6099, .T. ) ;
#617 = CARTESIAN_POINT ( 'NONE',  ( -29.38211713789932489, 20.23277201088162514, 1.500000000000000444 ) ) ;
#618 = PLANE ( 'NONE',  #6361 ) ;
#619 = FACE_OUTER_BOUND ( 'NONE', #5308, .T. ) ;
#620 = PLANE ( 'NONE',  #4489 ) ;
#621 = CARTESIAN_POINT ( 'NONE',  ( -14.06788286210067973, 15.48641401289933661, 0.000000000000000000 ) ) ;
#622 = ORIENTED_EDGE ( 'NONE', *, *, #2758, .T. ) ;
#623 = EDGE_LOOP ( 'NONE', ( #2066, #754, #2224, #3180, #1972, #2223, #5342, #4559, #4694, #4935, #1649, #5946, #1973, #302, #5824, #6040 ) ) ;
#624 = DIRECTION ( 'NONE',  ( 0.7071067811865479058, -0.7071067811865471286, 0.000000000000000000 ) ) ;
#625 = DIRECTION ( 'NONE',  ( 1.000000000000000000, 0.000000000000000000, 0.000000000000000000 ) ) ;
#626 = CARTESIAN_POINT ( 'NONE',  ( -43.75000000000000000, 23.15429687500000355, 0.5999999999999999778 ) ) ;
#627 = DIRECTION ( 'NONE',  ( -0.000000000000000000, -1.000000000000000000, -0.000000000000000000 ) ) ;
#628 = VECTOR ( 'NONE', #3653, 1000.000000000000000 ) ;
#629 =( BOUNDED_CURVE ( )  B_SPLINE_CURVE ( 3, ( #5012, #5628, #431, #6098 ),
 .UNSPECIFIED., .F., .T. ) 
 B_SPLINE_CURVE_WITH_KNOTS ( ( 4, 4 ),
 ( 2.637816084331933819, 3.141592653589793116 ),
 .UNSPECIFIED. ) 
 CURVE ( )  GEOMETRIC_REPRESENTATION_ITEM ( )  RATIONAL_B_SPLINE_CURVE ( ( 1.000000000000000000, 0.9789623503394621062, 0.9789623503394621062, 1.000000000000000000 ) ) 
 REPRESENTATION_ITEM ( '' )  );
#630 = DIRECTION ( 'NONE',  ( 1.000000000000000000, -1.734723475976806709E-18, -0.000000000000000000 ) ) ;
#631 = ORIENTED_EDGE ( 'NONE', *, *, #1426, .F. ) ;
#632 = DIRECTION ( 'NONE',  ( -0.7071067811865466846, -0.7071067811865483499, 0.000000000000000000 ) ) ;
#633 = PLANE ( 'NONE',  #558 ) ;
#634 = DIRECTION ( 'NONE',  ( -0.000000000000000000, -1.000000000000000000, -0.000000000000000000 ) ) ;
#635 = CARTESIAN_POINT ( 'NONE',  ( 9.582117137899318848, 15.48641401289933661, 0.5000000000000004441 ) ) ;
#636 = ORIENTED_EDGE ( 'NONE', *, *, #815, .T. ) ;
#637 = VERTEX_POINT ( 'NONE', #1243 ) ;
#638 = ORIENTED_EDGE ( 'NONE', *, *, #2039, .T. ) ;
#639 = DIRECTION ( 'NONE',  ( -1.000000000000000000, -0.000000000000000000, -0.000000000000000000 ) ) ;
#640 = CARTESIAN_POINT ( 'NONE',  ( 9.503642002017720358, 13.15429687500000000, 1.500000000000000444 ) ) ;
#641 = CARTESIAN_POINT ( 'NONE',  ( -45.75000000000000000, 13.90429687500000355, 6.000000000000000000 ) ) ;
#642 = EDGE_CURVE ( 'NONE', #3754, #1004, #5301, .T. ) ;
#643 = VERTEX_POINT ( 'NONE', #6275 ) ;
#644 = VERTEX_POINT ( 'NONE', #168 ) ;
#645 = VECTOR ( 'NONE', #4943, 1000.000000000000000 ) ;
#646 = DIRECTION ( 'NONE',  ( -1.000000000000000000, -8.896017825522088106E-17, 0.000000000000000000 ) ) ;
#647 = CARTESIAN_POINT ( 'NONE',  ( 32.52152486411837629, 23.17217973710068080, 1.500000000000000444 ) ) ;
#648 = ADVANCED_FACE ( 'NONE', ( #4789 ), #1750, .T. ) ;
#649 = DIRECTION ( 'NONE',  ( -0.000000000000000000, 1.000000000000000000, -0.000000000000000000 ) ) ;
#650 = EDGE_CURVE ( 'NONE', #3931, #5075, #3288, .T. ) ;
#651 = AXIS2_PLACEMENT_3D ( 'NONE', #1458, #2063, #5073 ) ;
#652 = DIRECTION ( 'NONE',  ( -0.7071067811865483499, 0.7071067811865466846, 0.000000000000000000 ) ) ;
#653 = VERTEX_POINT ( 'NONE', #5333 ) ;
#654 = EDGE_LOOP ( 'NONE', ( #2712, #5734, #3405, #1410 ) ) ;
#655 = ORIENTED_EDGE ( 'NONE', *, *, #2017, .T. ) ;
#656 = PLANE ( 'NONE',  #3124 ) ;
#657 = VECTOR ( 'NONE', #4996, 1000.000000000000000 ) ;
#658 = DIRECTION ( 'NONE',  ( 0.000000000000000000, -0.7071067811865465735, 0.7071067811865483499 ) ) ;
#659 = DIRECTION ( 'NONE',  ( 0.7071067811865469066, 0.7071067811865482389, 0.000000000000000000 ) ) ;
#660 = VECTOR ( 'NONE', #6213, 1000.000000000000000 ) ;
#661 = CARTESIAN_POINT ( 'NONE',  ( 16.18788286210066829, 20.66277201088163196, 3.250000000000000444 ) ) ;
#662 = LINE ( 'NONE', #5755, #5166 ) ;
#663 = LINE ( 'NONE', #5855, #3012 ) ;
#664 = LINE ( 'NONE', #1669, #5298 ) ;
#665 = AXIS2_PLACEMENT_3D ( 'NONE', #2921, #6447, #4957 ) ;
#666 = AXIS2_PLACEMENT_3D ( 'NONE', #6245, #4824, #4228 ) ;
#667 = LINE ( 'NONE', #5729, #10 ) ;
#668 = DIRECTION ( 'NONE',  ( -0.000000000000000000, 0.000000000000000000, 1.000000000000000000 ) ) ;
#669 = LINE ( 'NONE', #126, #3102 ) ;
#670 = VECTOR ( 'NONE', #4310, 1000.000000000000000 ) ;
#671 = ORIENTED_EDGE ( 'NONE', *, *, #5608, .F. ) ;
#672 = ORIENTED_EDGE ( 'NONE', *, *, #3141, .F. ) ;
#673 = EDGE_LOOP ( 'NONE', ( #3510, #2747, #4365, #4593, #3327, #1925, #3314, #5711, #4550, #144, #3421 ) ) ;
#674 = EDGE_CURVE ( 'NONE', #3290, #1918, #711, .T. ) ;
#675 = EDGE_CURVE ( 'NONE', #5681, #6308, #745, .T. ) ;
#676 = LINE ( 'NONE', #2717, #1403 ) ;
#677 = VECTOR ( 'NONE', #5676, 1000.000000000000000 ) ;
#678 = DIRECTION ( 'NONE',  ( -0.7071067811865483499, 0.7071067811865466846, 0.000000000000000000 ) ) ;
#679 = DIRECTION ( 'NONE',  ( -1.000000000000000000, 0.000000000000000000, 0.000000000000000000 ) ) ;
#680 = ORIENTED_EDGE ( 'NONE', *, *, #110, .T. ) ;
#681 = ORIENTED_EDGE ( 'NONE', *, *, #6270, .T. ) ;
#682 = DIRECTION ( 'NONE',  ( -1.000000000000000000, 0.000000000000000000, 0.000000000000000000 ) ) ;
#683 = FACE_OUTER_BOUND ( 'NONE', #4827, .T. ) ;
#684 = LINE ( 'NONE', #3761, #5586 ) ;
#685 = EDGE_LOOP ( 'NONE', ( #415, #1006, #2074, #308, #1661, #2400, #778, #1304 ) ) ;
#686 = ORGANIZATION ( 'UNSPECIFIED', 'UNSPECIFIED', '' ) ;
#687 = EDGE_CURVE ( 'NONE', #1052, #2161, #5675, .T. ) ;
#688 = VERTEX_POINT ( 'NONE', #3662 ) ;
#689 = ORIENTED_EDGE ( 'NONE', *, *, #794, .T. ) ;
#690 = CARTESIAN_POINT ( 'NONE',  ( 30.01211713789932034, 20.66277201088163551, 3.511255977444313281 ) ) ;
#691 = CARTESIAN_POINT ( 'NONE',  ( 36.67847513588161945, 23.17217973710068080, 6.000000000000000000 ) ) ;
#692 = AXIS2_PLACEMENT_3D ( 'NONE', #1754, #3223, #1148 ) ;
#693 = EDGE_CURVE ( 'NONE', #3429, #388, #5709, .T. ) ;
#694 = DIRECTION ( 'NONE',  ( -0.000000000000000000, -0.000000000000000000, 1.000000000000000000 ) ) ;
#695 = CARTESIAN_POINT ( 'NONE',  ( -38.75000000000000000, 13.15429687499999289, 6.000000000000000000 ) ) ;
#696 = VERTEX_POINT ( 'NONE', #3257 ) ;
#697 = LINE ( 'NONE', #2738, #3671 ) ;
#698 = EDGE_CURVE ( 'NONE', #5664, #5876, #5769, .T. ) ;
#699 = VECTOR ( 'NONE', #3277, 1000.000000000000000 ) ;
#700 = CARTESIAN_POINT ( 'NONE',  ( -32.32152486411837344, 13.13641401289933874, 6.000000000000000000 ) ) ;
#701 = LINE ( 'NONE', #2741, #4952 ) ;
#702 = DIRECTION ( 'NONE',  ( 0.5773502691896458261, 0.5773502691896258421, 0.5773502691896057470 ) ) ;
#703 = APPLICATION_CONTEXT ( 'configuration controlled 3d designs of mechanical parts and assemblies' ) ;
#704 = LINE ( 'NONE', #6200, #2227 ) ;
#705 = DIRECTION ( 'NONE',  ( -0.7071067811865483499, 0.7071067811865466846, 0.000000000000000000 ) ) ;
#706 = VERTEX_POINT ( 'NONE', #641 ) ;
#707 = ORIENTED_EDGE ( 'NONE', *, *, #6224, .F. ) ;
#708 = EDGE_LOOP ( 'NONE', ( #3068, #2366, #4946, #2219 ) ) ;
#709 = LINE ( 'NONE', #3784, #1623 ) ;
#710 = CARTESIAN_POINT ( 'NONE',  ( 6.832051399089471566, 15.82588747792824968, 2.801754586982678319 ) ) ;
#711 = LINE ( 'NONE', #4288, #877 ) ;
#712 = EDGE_CURVE ( 'NONE', #239, #3649, #2683, .T. ) ;
#713 = VERTEX_POINT ( 'NONE', #3218 ) ;
#714 = ORIENTED_EDGE ( 'NONE', *, *, #1183, .F. ) ;
#715 = CARTESIAN_POINT ( 'NONE',  ( 46.11975214338981743, 25.38454473161019820, 4.888265003728729852 ) ) ;
#716 = DIRECTION ( 'NONE',  ( 1.000000000000000000, 0.000000000000000000, -0.000000000000000000 ) ) ;
#717 = CARTESIAN_POINT ( 'NONE',  ( 30.18211713789932560, 15.48641401289933661, 0.5000000000000004441 ) ) ;
#718 = VERTEX_POINT ( 'NONE', #4256 ) ;
#719 = VERTEX_POINT ( 'NONE', #4722 ) ;
#720 = EDGE_CURVE ( 'NONE', #907, #6353, #134, .T. ) ;
#721 = ORIENTED_EDGE ( 'NONE', *, *, #2898, .T. ) ;
#722 = LINE ( 'NONE', #248, #4103 ) ;
#723 = DIRECTION ( 'NONE',  ( -0.7071067811865471286, -0.7071067811865479058, 0.000000000000000000 ) ) ;
#724 = CARTESIAN_POINT ( 'NONE',  ( -30.01788286210068435, 20.78641401289933910, 0.5000000000000004441 ) ) ;
#725 = ORIENTED_EDGE ( 'NONE', *, *, #1552, .T. ) ;
#726 = DIRECTION ( 'NONE',  ( -0.000000000000000000, -0.000000000000000000, 1.000000000000000000 ) ) ;
#727 = EDGE_CURVE ( 'NONE', #637, #2447, #3752, .T. ) ;
#728 = VECTOR ( 'NONE', #1111, 1000.000000000000000 ) ;
#729 = DIRECTION ( 'NONE',  ( 1.000000000000000000, 0.000000000000000000, 0.000000000000000000 ) ) ;
#730 = DIRECTION ( 'NONE',  ( 1.000000000000000000, -0.000000000000000000, 0.000000000000000000 ) ) ;
#731 = CARTESIAN_POINT ( 'NONE',  ( -24.73944509981767936, -17.49342939287327070, 6.000000000000000000 ) ) ;
#732 = ADVANCED_FACE ( 'NONE', ( #6562 ), #5008, .F. ) ;
#733 = EDGE_CURVE ( 'NONE', #225, #4198, #426, .T. ) ;
#734 = VECTOR ( 'NONE', #5013, 1000.000000000000000 ) ;
#735 = DIRECTION ( 'NONE',  ( 0.7071067811865505703, -0.4999999999999984457, -0.4999999999999971689 ) ) ;
#736 = ADVANCED_FACE ( 'NONE', ( #6524 ), #3445, .F. ) ;
#737 = LINE ( 'NONE', #3177, #102 ) ;
#738 = VERTEX_POINT ( 'NONE', #995 ) ;
#739 = ORIENTED_EDGE ( 'NONE', *, *, #4573, .F. ) ;
#740 = VECTOR ( 'NONE', #694, 1000.000000000000000 ) ;
#741 = ORIENTED_EDGE ( 'NONE', *, *, #3192, .T. ) ;
#742 = LINE ( 'NONE', #2780, #1742 ) ;
#743 = CARTESIAN_POINT ( 'NONE',  ( -45.75000000000000000, 16.16277201088163551, 3.250000000000000444 ) ) ;
#744 = CARTESIAN_POINT ( 'NONE',  ( 46.25000000000000000, 13.90429687500000355, 6.000000000000000000 ) ) ;
#745 = LINE ( 'NONE', #235, #4934 ) ;
#746 = VERTEX_POINT ( 'NONE', #1499 ) ;
#747 = VERTEX_POINT ( 'NONE', #1934 ) ;
#748 = DIRECTION ( 'NONE',  ( 1.000000000000000000, -0.000000000000000000, -0.000000000000000000 ) ) ;
#749 = EDGE_CURVE ( 'NONE', #607, #5432, #3320, .T. ) ;
#750 = CARTESIAN_POINT ( 'NONE',  ( -43.25000000000000000, 13.15429687500000533, 0.4964466094067260249 ) ) ;
#751 = CARTESIAN_POINT ( 'NONE',  ( -32.41788286210068293, 15.48641401289933661, 1.500000000000000444 ) ) ;
#752 = VECTOR ( 'NONE', #1390, 1000.000000000000000 ) ;
#753 = ORIENTED_EDGE ( 'NONE', *, *, #2730, .T. ) ;
#754 = ORIENTED_EDGE ( 'NONE', *, *, #2417, .F. ) ;
#755 = EDGE_LOOP ( 'NONE', ( #269, #6481, #4064, #3329 ) ) ;
#756 = EDGE_CURVE ( 'NONE', #3267, #3569, #3972, .T. ) ;
#757 = CARTESIAN_POINT ( 'NONE',  ( -45.34999999999998721, 24.65429687500000711, 6.000000000000000000 ) ) ;
#758 = VECTOR ( 'NONE', #3099, 1000.000000000000000 ) ;
#759 = LINE ( 'NONE', #4804, #84 ) ;
#760 = CARTESIAN_POINT ( 'NONE',  ( -38.75000000000000000, 13.15429687499999289, 4.000000000000000000 ) ) ;
#761 = ORIENTED_EDGE ( 'NONE', *, *, #931, .T. ) ;
#762 = DIRECTION ( 'NONE',  ( 0.000000000000000000, 0.000000000000000000, -1.000000000000000000 ) ) ;
#763 = VECTOR ( 'NONE', #6194, 1000.000000000000000 ) ;
#764 = DIRECTION ( 'NONE',  ( -0.000000000000000000, -0.000000000000000000, 1.000000000000000000 ) ) ;
#765 = DIRECTION ( 'NONE',  ( 0.000000000000000000, 0.000000000000000000, -1.000000000000000000 ) ) ;
#766 = DIRECTION ( 'NONE',  ( 0.000000000000000000, -1.000000000000000000, 0.000000000000000000 ) ) ;
#767 = CARTESIAN_POINT ( 'NONE',  ( 6.582117137899329506, 20.23277201088163224, 1.500000000000000444 ) ) ;
#768 = CARTESIAN_POINT ( 'NONE',  ( 37.23211713789931565, 20.78641401289933910, 0.5000000000000004441 ) ) ;
#769 = ORIENTED_EDGE ( 'NONE', *, *, #3920, .F. ) ;
#770 = VECTOR ( 'NONE', #5827, 1000.000000000000227 ) ;
#771 = ORIENTED_EDGE ( 'NONE', *, *, #70, .F. ) ;
#772 = ADVANCED_FACE ( 'NONE', ( #1969 ), #3039, .T. ) ;
#773 = VECTOR ( 'NONE', #3197, 1000.000000000000000 ) ;
#774 = ORIENTED_EDGE ( 'NONE', *, *, #3021, .F. ) ;
#775 = LINE ( 'NONE', #2815, #5381 ) ;
#776 = CARTESIAN_POINT ( 'NONE',  ( -44.00000000000000000, 23.15429687500000355, 0.2500000000000000000 ) ) ;
#777 = DIRECTION ( 'NONE',  ( -1.000000000000000000, 0.000000000000000000, 0.000000000000000000 ) ) ;
#778 = ORIENTED_EDGE ( 'NONE', *, *, #4980, .T. ) ;
#779 = EDGE_CURVE ( 'NONE', #1502, #5981, #1466, .T. ) ;
#780 = VERTEX_POINT ( 'NONE', #1899 ) ;
#781 = PLANE ( 'NONE',  #5187 ) ;
#782 = CIRCLE ( 'NONE', #1953, 0.5000000000000000000 ) ;
#783 = CARTESIAN_POINT ( 'NONE',  ( -8.767882862100687902, 15.50448725967914676, 0.5000000000000004441 ) ) ;
#784 = VERTEX_POINT ( 'NONE', #498 ) ;
#785 = ORIENTED_EDGE ( 'NONE', *, *, #2445, .T. ) ;
#786 = VERTEX_POINT ( 'NONE', #6495 ) ;
#787 = DIRECTION ( 'NONE',  ( 0.7071067811865352493, -0.7071067811865597852, 0.000000000000000000 ) ) ;
#788 = LINE ( 'NONE', #2456, #2929 ) ;
#789 = DIRECTION ( 'NONE',  ( 1.000000000000000000, 0.000000000000000000, -0.000000000000000000 ) ) ;
#790 = AXIS2_PLACEMENT_3D ( 'NONE', #5752, #1156, #3198 ) ;
#791 = CARTESIAN_POINT ( 'NONE',  ( 39.24999999999999289, 20.66277201088163196, 3.250000000000000444 ) ) ;
#792 = ORIENTED_EDGE ( 'NONE', *, *, #5191, .T. ) ;
#793 = CARTESIAN_POINT ( 'NONE',  ( -31.76788286210068790, 0.000000000000000000, 0.000000000000000000 ) ) ;
#794 = EDGE_CURVE ( 'NONE', #4264, #2198, #5492, .T. ) ;
#795 = ORIENTED_EDGE ( 'NONE', *, *, #3117, .F. ) ;
#796 = CARTESIAN_POINT ( 'NONE',  ( 0.000000000000000000, 22.90429687500000355, 0.3499999999999999223 ) ) ;
#797 = CARTESIAN_POINT ( 'NONE',  ( 38.98211713789932276, 20.78641401289933910, 0.5000000000000004441 ) ) ;
#798 = CARTESIAN_POINT ( 'NONE',  ( 37.23211713789931565, 15.50448725967914676, 1.500000000000000444 ) ) ;
#799 = DIRECTION ( 'NONE',  ( 0.7071067811865469066, 0.7071067811865482389, 0.000000000000000000 ) ) ;
#800 = PLANE ( 'NONE',  #6640 ) ;
#801 = AXIS2_PLACEMENT_3D ( 'NONE', #171, #3665, #5207 ) ;
#802 = VERTEX_POINT ( 'NONE', #1435 ) ;
#803 = ORIENTED_EDGE ( 'NONE', *, *, #931, .F. ) ;
#804 = ORIENTED_EDGE ( 'NONE', *, *, #5560, .F. ) ;
#805 = DIRECTION ( 'NONE',  ( 0.000000000000000000, 0.7071067811865477948, 0.7071067811865473507 ) ) ;
#806 = CARTESIAN_POINT ( 'NONE',  ( -36.41788286210068293, 20.78641401289933910, 0.5000000000000004441 ) ) ;
#807 = LINE ( 'NONE', #300, #1277 ) ;
#808 = EDGE_LOOP ( 'NONE', ( #6381, #4833, #1437, #1402, #2046, #4686, #4303, #4494 ) ) ;
#809 = ORIENTED_EDGE ( 'NONE', *, *, #3399, .F. ) ;
#810 = CARTESIAN_POINT ( 'NONE',  ( -43.64644660940672338, 23.05074348440672694, 0.5999999999999998668 ) ) ;
#811 = CARTESIAN_POINT ( 'NONE',  ( -45.75000000000000000, 25.65429687500000355, 6.000000000000000000 ) ) ;
#812 = DIRECTION ( 'NONE',  ( -1.000000000000000000, 0.000000000000000000, -0.000000000000000000 ) ) ;
#813 = LOCAL_TIME ( 2, 45, 41.00000000000000000, #4049 ) ;
#814 = EDGE_CURVE ( 'NONE', #2590, #5664, #3003, .T. ) ;
#815 = EDGE_CURVE ( 'NONE', #1169, #4602, #5589, .T. ) ;
#816 = ORIENTED_EDGE ( 'NONE', *, *, #4676, .F. ) ;
#817 = VERTEX_POINT ( 'NONE', #2942 ) ;
#818 = EDGE_CURVE ( 'NONE', #5162, #4053, #6598, .T. ) ;
#819 = ORIENTED_EDGE ( 'NONE', *, *, #306, .F. ) ;
#820 = CARTESIAN_POINT ( 'NONE',  ( -8.767882862100687902, 15.50448725967914676, 0.5000000000000004441 ) ) ;
#821 = DIRECTION ( 'NONE',  ( 1.000000000000000000, -0.000000000000000000, 0.000000000000000000 ) ) ;
#822 = LINE ( 'NONE', #3335, #5668 ) ;
#823 = PLANE ( 'NONE',  #4820 ) ;
#824 = ORIENTED_EDGE ( 'NONE', *, *, #1593, .F. ) ;
#825 = ORIENTED_EDGE ( 'NONE', *, *, #70, .T. ) ;
#826 = LINE ( 'NONE', #4971, #3036 ) ;
#827 = FACE_OUTER_BOUND ( 'NONE', #654, .T. ) ;
#828 = CARTESIAN_POINT ( 'NONE',  ( 0.000000000000000000, 0.000000000000000000, 0.5000000000000004441 ) ) ;
#829 = ORIENTED_EDGE ( 'NONE', *, *, #112, .T. ) ;
#830 = VERTEX_POINT ( 'NONE', #5519 ) ;
#831 = ORIENTED_EDGE ( 'NONE', *, *, #2399, .F. ) ;
#832 = CIRCLE ( 'NONE', #2762, 0.2500000000000000000 ) ;
#833 = DIRECTION ( 'NONE',  ( -1.000000000000000000, -0.000000000000000000, -0.000000000000000000 ) ) ;
#834 = EDGE_CURVE ( 'NONE', #5030, #738, #2538, .T. ) ;
#835 = PLANE ( 'NONE',  #2118 ) ;
#836 = PLANE ( 'NONE',  #3840 ) ;
#837 = VECTOR ( 'NONE', #1872, 1000.000000000000000 ) ;
#838 = ORIENTED_EDGE ( 'NONE', *, *, #1053, .F. ) ;
#839 = VERTEX_POINT ( 'NONE', #3817 ) ;
#840 = CARTESIAN_POINT ( 'NONE',  ( -45.75000000000000000, 20.16277201088163196, 3.250000000000000444 ) ) ;
#841 = DIRECTION ( 'NONE',  ( 0.000000000000000000, 0.000000000000000000, -1.000000000000000000 ) ) ;
#842 = DIRECTION ( 'NONE',  ( 1.000000000000000000, 0.000000000000000000, 0.000000000000000000 ) ) ;
#843 = EDGE_CURVE ( 'NONE', #6173, #1072, #862, .T. ) ;
#844 = EDGE_LOOP ( 'NONE', ( #6599, #4351, #5294, #94 ) ) ;
#845 = ORIENTED_EDGE ( 'NONE', *, *, #5869, .T. ) ;
#846 = ORIENTED_EDGE ( 'NONE', *, *, #1227, .T. ) ;
#847 = CARTESIAN_POINT ( 'NONE',  ( 16.18788286210066829, 20.66277201088163196, 3.250000000000000444 ) ) ;
#848 = EDGE_CURVE ( 'NONE', #1821, #1313, #364, .T. ) ;
#849 = FACE_OUTER_BOUND ( 'NONE', #5771, .T. ) ;
#850 = EDGE_CURVE ( 'NONE', #4473, #1918, #5995, .T. ) ;
#851 = VECTOR ( 'NONE', #1035, 1000.000000000000000 ) ;
#852 = DIRECTION ( 'NONE',  ( 0.7071067811865479058, -0.7071067811865471286, 0.000000000000000000 ) ) ;
#853 = DIRECTION ( 'NONE',  ( -0.000000000000000000, -1.000000000000000000, -0.000000000000000000 ) ) ;
#854 = EDGE_LOOP ( 'NONE', ( #62, #285, #2716, #5196 ) ) ;
#855 = CARTESIAN_POINT ( 'NONE',  ( -43.50000000000000000, 22.90429687500000355, 0.5999999999999999778 ) ) ;
#856 = VECTOR ( 'NONE', #4908, 1000.000000000000000 ) ;
#857 = LINE ( 'NONE', #4447, #6571 ) ;
#858 = CARTESIAN_POINT ( 'NONE',  ( -36.41788286210068293, 15.48641401289933661, 0.5000000000000004441 ) ) ;
#859 = PRODUCT ( 'Neopixel x4 LED Holder', 'Neopixel x4 LED Holder', '', ( #3077 ) ) ;
#860 = CARTESIAN_POINT ( 'NONE',  ( -8.767882862100687902, 15.48641401289933661, -2.999999999999999112 ) ) ;
#861 = VECTOR ( 'NONE', #853, 1000.000000000000000 ) ;
#862 = LINE ( 'NONE', #2906, #3449 ) ;
#863 = ORIENTED_EDGE ( 'NONE', *, *, #1939, .T. ) ;
#864 = ORIENTED_EDGE ( 'NONE', *, *, #449, .T. ) ;
#865 = VERTEX_POINT ( 'NONE', #2437 ) ;
#866 = VECTOR ( 'NONE', #2557, 1000.000000000000000 ) ;
#867 = CARTESIAN_POINT ( 'NONE',  ( -16.41788286210066872, 20.16277201088163196, 3.250000000000000444 ) ) ;
#868 = LINE ( 'NONE', #6501, #6511 ) ;
#869 = DIRECTION ( 'NONE',  ( -0.000000000000000000, 0.000000000000000000, 1.000000000000000000 ) ) ;
#870 = CIRCLE ( 'NONE', #976, 0.5000000000000000000 ) ;
#871 = AXIS2_PLACEMENT_3D ( 'NONE', #4179, #6231, #1641 ) ;
#872 = ORIENTED_EDGE ( 'NONE', *, *, #6566, .F. ) ;
#873 = VERTEX_POINT ( 'NONE', #4177 ) ;
#874 = DIRECTION ( 'NONE',  ( -1.000000000000000000, -8.896017825522088106E-17, 0.000000000000000000 ) ) ;
#875 = LINE ( 'NONE', #6008, #3468 ) ;
#876 = AXIS2_PLACEMENT_3D ( 'NONE', #3294, #3160, #4201 ) ;
#877 = VECTOR ( 'NONE', #2217, 1000.000000000000000 ) ;
#878 = CARTESIAN_POINT ( 'NONE',  ( -30.01788286210068435, 15.50448725967914676, 0.5000000000000004441 ) ) ;
#879 =( BOUNDED_CURVE ( )  B_SPLINE_CURVE ( 3, ( #661, #6260, #152, #6227 ),
 .UNSPECIFIED., .F., .F. ) 
 B_SPLINE_CURVE_WITH_KNOTS ( ( 4, 4 ),
 ( 3.141592653589793116, 4.571927565674846150 ),
 .UNSPECIFIED. ) 
 CURVE ( )  GEOMETRIC_REPRESENTATION_ITEM ( )  RATIONAL_B_SPLINE_CURVE ( ( 1.000000000000000000, 0.8366556290180471311, 0.8366556290180471311, 1.000000000000000000 ) ) 
 REPRESENTATION_ITEM ( '' )  );
#880 = ORIENTED_EDGE ( 'NONE', *, *, #3689, .F. ) ;
#881 = ORIENTED_EDGE ( 'NONE', *, *, #3661, .F. ) ;
#882 = LINE ( 'NONE', #6453, #3855 ) ;
#883 = DIRECTION ( 'NONE',  ( 1.000000000000000000, 4.173067663955945463E-16, 0.000000000000000000 ) ) ;
#884 = CARTESIAN_POINT ( 'NONE',  ( -45.34999999999998721, 24.65429687500000711, 6.000000000000000000 ) ) ;
#885 = EDGE_CURVE ( 'NONE', #142, #4009, #1536, .T. ) ;
#886 = CARTESIAN_POINT ( 'NONE',  ( 16.61788286210067511, 16.66277201088163551, 3.250000000000000444 ) ) ;
#887 = ORIENTED_EDGE ( 'NONE', *, *, #5469, .F. ) ;
#888 = ORIENTED_EDGE ( 'NONE', *, *, #3992, .F. ) ;
#889 = CARTESIAN_POINT ( 'NONE',  ( -13.47847513588161483, 13.13641401289933697, 1.500000000000000444 ) ) ;
#890 = CARTESIAN_POINT ( 'NONE',  ( 8.932117137899320269, 20.80448725967914925, 0.5000000000000004441 ) ) ;
#891 = EDGE_CURVE ( 'NONE', #4265, #569, #2170, .T. ) ;
#892 = VECTOR ( 'NONE', #312, 1000.000000000000000 ) ;
#893 = LINE ( 'NONE', #6058, #3628 ) ;
#894 = ADVANCED_FACE ( 'NONE', ( #1667 ), #4213, .F. ) ;
#895 = CARTESIAN_POINT ( 'NONE',  ( 8.932117137899320269, 15.48641401289933661, 1.500000000000000444 ) ) ;
#896 = EDGE_CURVE ( 'NONE', #2211, #569, #2136, .T. ) ;
#897 = DIRECTION ( 'NONE',  ( 1.000000000000000000, 4.173067663955945463E-16, 0.000000000000000000 ) ) ;
#898 = EDGE_LOOP ( 'NONE', ( #3391, #5959, #1220, #5205 ) ) ;
#899 = VECTOR ( 'NONE', #3565, 1000.000000000000000 ) ;
#900 = ORIENTED_EDGE ( 'NONE', *, *, #5197, .F. ) ;
#901 = EDGE_LOOP ( 'NONE', ( #3091, #6452, #402, #1250, #3389, #4392, #1597, #1828, #1952, #2279 ) ) ;
#902 = EDGE_CURVE ( 'NONE', #6094, #6119, #4647, .T. ) ;
#903 = LINE ( 'NONE', #1974, #6243 ) ;
#904 = CARTESIAN_POINT ( 'NONE',  ( 16.61788286210067511, 16.07582173911839263, 1.500000000000000444 ) ) ;
#905 = VECTOR ( 'NONE', #3123, 1000.000000000000000 ) ;
#906 = CARTESIAN_POINT ( 'NONE',  ( -6.382117137899323112, 20.23277201088162514, 6.000000000000000000 ) ) ;
#907 = VERTEX_POINT ( 'NONE', #5219 ) ;
#908 = ORIENTED_EDGE ( 'NONE', *, *, #1552, .F. ) ;
#909 = DIRECTION ( 'NONE',  ( 0.000000000000000000, 0.000000000000000000, -1.000000000000000000 ) ) ;
#910 = CARTESIAN_POINT ( 'NONE',  ( 8.932117137899320269, 20.80448725967914925, 0.5000000000000004441 ) ) ;
#911 = CARTESIAN_POINT ( 'NONE',  ( 29.58211713789933484, 16.07582173911838908, 3.742381610379895029 ) ) ;
#912 = EDGE_CURVE ( 'NONE', #5188, #5938, #5115, .T. ) ;
#913 = VERTEX_POINT ( 'NONE', #3101 ) ;
#914 = ORIENTED_EDGE ( 'NONE', *, *, #3720, .T. ) ;
#915 = DIRECTION ( 'NONE',  ( -1.000000000000000000, 0.000000000000000000, 0.000000000000000000 ) ) ;
#916 = DIRECTION ( 'NONE',  ( -1.000000000000000000, -8.896017825522088106E-17, 0.000000000000000000 ) ) ;
#917 = CARTESIAN_POINT ( 'NONE',  ( -43.25000000000000000, 13.15429687500000355, 0.000000000000000000 ) ) ;
#918 = LINE ( 'NONE', #3435, #2670 ) ;
#919 = CARTESIAN_POINT ( 'NONE',  ( -45.52765300074570831, 25.47664387425430021, 4.926413717694822836 ) ) ;
#920 = VERTEX_POINT ( 'NONE', #5147 ) ;
#921 = DIRECTION ( 'NONE',  ( 1.000000000000000000, -1.734723475976806709E-18, -0.000000000000000000 ) ) ;
#922 = CARTESIAN_POINT ( 'NONE',  ( 45.85000000000000142, 24.65429687500000711, 6.000000000000000000 ) ) ;
#923 = CARTESIAN_POINT ( 'NONE',  ( -6.382117137899323112, 20.16277201088163196, 3.250000000000000444 ) ) ;
#924 = ADVANCED_FACE ( 'NONE', ( #3708 ), #4577, .F. ) ;
#925 = DIRECTION ( 'NONE',  ( 0.000000000000000000, -0.000000000000000000, 1.000000000000000000 ) ) ;
#926 = DIRECTION ( 'NONE',  ( -0.000000000000000000, -0.000000000000000000, 1.000000000000000000 ) ) ;
#927 = ORIENTED_EDGE ( 'NONE', *, *, #1612, .T. ) ;
#928 = ORIENTED_EDGE ( 'NONE', *, *, #2467, .T. ) ;
#929 = ORIENTED_EDGE ( 'NONE', *, *, #2714, .F. ) ;
#930 = EDGE_CURVE ( 'NONE', #294, #4817, #662, .T. ) ;
#931 = EDGE_CURVE ( 'NONE', #1318, #2211, #2105, .T. ) ;
#932 = CARTESIAN_POINT ( 'NONE',  ( -15.98788286210067433, 20.66277201088163196, 3.250000000000000444 ) ) ;
#933 = EDGE_CURVE ( 'NONE', #839, #5974, #1571, .T. ) ;
#934 = CARTESIAN_POINT ( 'NONE',  ( -32.32152486411837344, 13.13641401289933874, 1.500000000000000444 ) ) ;
#935 = LINE ( 'NONE', #434, #3427 ) ;
#936 = EDGE_CURVE ( 'NONE', #713, #3804, #5655, .T. ) ;
#937 = ORIENTED_EDGE ( 'NONE', *, *, #5340, .F. ) ;
#938 = ORIENTED_EDGE ( 'NONE', *, *, #3395, .T. ) ;
#939 = VECTOR ( 'NONE', #4914, 1000.000000000000000 ) ;
#940 = CARTESIAN_POINT ( 'NONE',  ( -38.75000000000000000, 22.40429687500000355, 4.000000000000000000 ) ) ;
#941 = CARTESIAN_POINT ( 'NONE',  ( -45.75000000000000000, 15.66277201088163373, 3.250000000000000444 ) ) ;
#942 = LINE ( 'NONE', #1449, #982 ) ;
#943 = AXIS2_PLACEMENT_3D ( 'NONE', #1325, #5382, #789 ) ;
#944 = DIRECTION ( 'NONE',  ( 0.000000000000000000, 0.000000000000000000, -1.000000000000000000 ) ) ;
#945 = ORIENTED_EDGE ( 'NONE', *, *, #4662, .F. ) ;
#946 = ORIENTED_EDGE ( 'NONE', *, *, #4890, .T. ) ;
#947 = FACE_OUTER_BOUND ( 'NONE', #4826, .T. ) ;
#948 = CARTESIAN_POINT ( 'NONE',  ( -13.41788286210068115, 20.78641401289933910, 0.5000000000000004441 ) ) ;
#949 = CARTESIAN_POINT ( 'NONE',  ( 37.23211713789931565, 20.78641401289933910, 0.000000000000000000 ) ) ;
#950 = DIRECTION ( 'NONE',  ( -0.7071067811865483499, 0.7071067811865466846, 0.000000000000000000 ) ) ;
#951 = CARTESIAN_POINT ( 'NONE',  ( 39.18788286210067895, 20.66277201088163196, 3.250000000000000444 ) ) ;
#952 = ORIENTED_EDGE ( 'NONE', *, *, #1979, .F. ) ;
#953 = ADVANCED_FACE ( 'NONE', ( #530 ), #1063, .T. ) ;
#954 = ORIENTED_EDGE ( 'NONE', *, *, #1054, .F. ) ;
#955 = CARTESIAN_POINT ( 'NONE',  ( -37.06788286210068151, 20.78641401289933910, 0.5000000000000004441 ) ) ;
#956 = EDGE_CURVE ( 'NONE', #6272, #1822, #5624, .T. ) ;
#957 = DIRECTION ( 'NONE',  ( 0.000000000000000000, 0.7071067811865465735, -0.7071067811865483499 ) ) ;
#958 = FACE_OUTER_BOUND ( 'NONE', #2261, .T. ) ;
#959 = CARTESIAN_POINT ( 'NONE',  ( 30.18211713789932560, 15.48641401289933661, 0.5000000000000004441 ) ) ;
#960 = CARTESIAN_POINT ( 'NONE',  ( 30.18211713789932560, 15.48641401289933661, 1.500000000000000444 ) ) ;
#961 = VERTEX_POINT ( 'NONE', #4709 ) ;
#962 = ORIENTED_EDGE ( 'NONE', *, *, #3854, .F. ) ;
#963 = DIRECTION ( 'NONE',  ( 0.000000000000000000, 0.000000000000000000, -1.000000000000000000 ) ) ;
#964 = VECTOR ( 'NONE', #5416, 1000.000000000000000 ) ;
#965 = CARTESIAN_POINT ( 'NONE',  ( -16.41788286210066872, 20.16277201088163196, 3.250000000000000444 ) ) ;
#966 = DIRECTION ( 'NONE',  ( 0.000000000000000000, 0.000000000000000000, -1.000000000000000000 ) ) ;
#967 = EDGE_CURVE ( 'NONE', #388, #706, #6261, .T. ) ;
#968 = ORIENTED_EDGE ( 'NONE', *, *, #4391, .F. ) ;
#969 = ORIENTED_EDGE ( 'NONE', *, *, #779, .F. ) ;
#970 = AXIS2_PLACEMENT_3D ( 'NONE', #3990, #3564, #6150 ) ;
#971 = VERTEX_POINT ( 'NONE', #1604 ) ;
#972 = DIRECTION ( 'NONE',  ( 0.000000000000000000, 0.000000000000000000, 1.000000000000000000 ) ) ;
#973 = EDGE_CURVE ( 'NONE', #4422, #3673, #1096, .T. ) ;
#974 = PLANE ( 'NONE',  #447 ) ;
#975 = DIRECTION ( 'NONE',  ( 1.000000000000000000, -1.734723475976806709E-18, -0.000000000000000000 ) ) ;
#976 = AXIS2_PLACEMENT_3D ( 'NONE', #4010, #3451, #6529 ) ;
#977 = CYLINDRICAL_SURFACE ( 'NONE', #1093, 0.2500000000000000000 ) ;
#978 = EDGE_CURVE ( 'NONE', #5817, #644, #19, .T. ) ;
#979 = VERTEX_POINT ( 'NONE', #4111 ) ;
#980 = ORIENTED_EDGE ( 'NONE', *, *, #5979, .F. ) ;
#981 = CARTESIAN_POINT ( 'NONE',  ( 29.83205139908947601, 15.82588747792824968, 2.801754586982678319 ) ) ;
#982 = VECTOR ( 'NONE', #35, 1000.000000000000000 ) ;
#983 = AXIS2_PLACEMENT_3D ( 'NONE', #2731, #2226, #6316 ) ;
#984 = LINE ( 'NONE', #3125, #2080 ) ;
#985 = FACE_OUTER_BOUND ( 'NONE', #4655, .T. ) ;
#986 = CARTESIAN_POINT ( 'NONE',  ( -45.75000000000000000, 25.65429687500000355, 6.000000000000000000 ) ) ;
#987 = FACE_OUTER_BOUND ( 'NONE', #2320, .T. ) ;
#988 = ORIENTED_EDGE ( 'NONE', *, *, #675, .F. ) ;
#989 = VERTEX_POINT ( 'NONE', #601 ) ;
#990 = FACE_OUTER_BOUND ( 'NONE', #5341, .T. ) ;
#991 = DIRECTION ( 'NONE',  ( 0.7071067811865469066, 0.7071067811865482389, 0.000000000000000000 ) ) ;
#992 = DIRECTION ( 'NONE',  ( 1.000000000000000000, 0.000000000000000000, -0.000000000000000000 ) ) ;
#993 = EDGE_CURVE ( 'NONE', #6048, #3196, #6164, .T. ) ;
#994 = DIRECTION ( 'NONE',  ( -1.000000000000000000, -8.896017825522088106E-17, 0.000000000000000000 ) ) ;
#995 = CARTESIAN_POINT ( 'NONE',  ( 39.25000000000000000, 20.60065487298230735, 3.008631818421481530 ) ) ;
#996 = VERTEX_POINT ( 'NONE', #155 ) ;
#997 = ORIENTED_EDGE ( 'NONE', *, *, #3478, .T. ) ;
#998 = VECTOR ( 'NONE', #658, 1000.000000000000114 ) ;
#999 = DIRECTION ( 'NONE',  ( 0.000000000000000000, 1.000000000000000000, 0.000000000000000000 ) ) ;
#1000 = DIRECTION ( 'NONE',  ( 1.000000000000000000, 0.000000000000000000, -0.000000000000000000 ) ) ;
#1001 = PLANE ( 'NONE',  #1922 ) ;
#1002 = VECTOR ( 'NONE', #3262, 1000.000000000000000 ) ;
#1003 = EDGE_CURVE ( 'NONE', #5966, #6496, #5852, .T. ) ;
#1004 = VERTEX_POINT ( 'NONE', #6424 ) ;
#1005 = EDGE_LOOP ( 'NONE', ( #6434, #2315, #3356, #1978 ) ) ;
#1006 = ORIENTED_EDGE ( 'NONE', *, *, #4252, .T. ) ;
#1007 = VECTOR ( 'NONE', #1862, 1000.000000000000000 ) ;
#1008 = PERSON_AND_ORGANIZATION_ROLE ( 'design_supplier' ) ;
#1009 = CARTESIAN_POINT ( 'NONE',  ( 39.25000000000000000, 13.15429687500000355, 4.000000000000000000 ) ) ;
#1010 = DIRECTION ( 'NONE',  ( -0.7071067811865483499, 0.7071067811865467956, 0.000000000000000000 ) ) ;
#1011 = PLANE ( 'NONE',  #6022 ) ;
#1012 = EDGE_CURVE ( 'NONE', #4311, #1328, #4273, .T. ) ;
#1013 = ORIENTED_EDGE ( 'NONE', *, *, #4842, .F. ) ;
#1014 = ORIENTED_EDGE ( 'NONE', *, *, #6610, .F. ) ;
#1015 = DIRECTION ( 'NONE',  ( 0.000000000000000000, 0.000000000000000000, -1.000000000000000000 ) ) ;
#1016 = CARTESIAN_POINT ( 'NONE',  ( 31.93211713789934691, -4.853020875897687541E-14, 0.000000000000000000 ) ) ;
#1017 = EDGE_CURVE ( 'NONE', #2794, #6071, #1292, .T. ) ;
#1018 = EDGE_CURVE ( 'NONE', #183, #4879, #3869, .T. ) ;
#1019 = CARTESIAN_POINT ( 'NONE',  ( -32.32152486411838765, 23.17217973710068080, 1.500000000000000444 ) ) ;
#1020 = LINE ( 'NONE', #6083, #6312 ) ;
#1021 = PLANE ( 'NONE',  #3326 ) ;
#1022 = ORIENTED_EDGE ( 'NONE', *, *, #4127, .F. ) ;
#1023 = EDGE_CURVE ( 'NONE', #6119, #6239, #4372, .T. ) ;
#1024 = ORIENTED_EDGE ( 'NONE', *, *, #5046, .T. ) ;
#1025 = LINE ( 'NONE', #3062, #1517 ) ;
#1026 = CARTESIAN_POINT ( 'NONE',  ( -9.303642002017703305, 13.15429687500000000, 6.000000000000000000 ) ) ;
#1027 = PLANE ( 'NONE',  #4367 ) ;
#1028 = CC_DESIGN_SECURITY_CLASSIFICATION ( #275, ( #4344 ) ) ;
#1029 = PLANE ( 'NONE',  #4913 ) ;
#1030 = CARTESIAN_POINT ( 'NONE',  ( -45.75000000000000000, 13.90429687500000355, 1.000000000000000000 ) ) ;
#1031 = VERTEX_POINT ( 'NONE', #3304 ) ;
#1032 = ORIENTED_EDGE ( 'NONE', *, *, #2005, .F. ) ;
#1033 = CARTESIAN_POINT ( 'NONE',  ( -16.00483313386391515, 15.66277201088163373, 2.996198623261637994 ) ) ;
#1034 = CARTESIAN_POINT ( 'NONE',  ( 46.05000000000000426, 25.45429687500000426, 0.2000000000000196065 ) ) ;
#1035 = DIRECTION ( 'NONE',  ( 1.000000000000000000, 1.334402673828313339E-16, -0.000000000000000000 ) ) ;
#1036 = ORIENTED_EDGE ( 'NONE', *, *, #2995, .F. ) ;
#1037 = ORIENTED_EDGE ( 'NONE', *, *, #2660, .T. ) ;
#1038 = ORIENTED_EDGE ( 'NONE', *, *, #6254, .T. ) ;
#1039 = PERSON_AND_ORGANIZATION_ROLE ( 'creator' ) ;
#1040 = DIRECTION ( 'NONE',  ( -0.000000000000000000, 1.000000000000000000, 0.000000000000000000 ) ) ;
#1041 = DIRECTION ( 'NONE',  ( 0.000000000000000000, -1.000000000000000000, 0.000000000000000000 ) ) ;
#1042 = LINE ( 'NONE', #511, #234 ) ;
#1043 = ORIENTED_EDGE ( 'NONE', *, *, #1175, .T. ) ;
#1044 = ORIENTED_EDGE ( 'NONE', *, *, #956, .T. ) ;
#1045 = DIRECTION ( 'NONE',  ( 0.000000000000000000, 1.000000000000000000, 0.000000000000000000 ) ) ;
#1046 = LINE ( 'NONE', #6151, #4644 ) ;
#1047 = ADVANCED_FACE ( 'NONE', ( #1829 ), #2234, .F. ) ;
#1048 = AXIS2_PLACEMENT_3D ( 'NONE', #3286, #2649, #2718 ) ;
#1049 = DIRECTION ( 'NONE',  ( -0.5773502691896190697, 0.5773502691896391648, 0.5773502691896191807 ) ) ;
#1050 = DIRECTION ( 'NONE',  ( 0.000000000000000000, 1.000000000000000000, 0.000000000000000000 ) ) ;
#1051 = DIRECTION ( 'NONE',  ( -1.000000000000000000, 0.000000000000000000, -0.000000000000000000 ) ) ;
#1052 = VERTEX_POINT ( 'NONE', #1700 ) ;
#1053 = EDGE_CURVE ( 'NONE', #330, #1887, #1329, .T. ) ;
#1054 = EDGE_CURVE ( 'NONE', #4806, #5618, #5823, .T. ) ;
#1055 = AXIS2_PLACEMENT_3D ( 'NONE', #392, #6596, #4572 ) ;
#1056 =( BOUNDED_CURVE ( )  B_SPLINE_CURVE ( 3, ( #951, #4536, #4470, #5577 ),
 .UNSPECIFIED., .F., .T. ) 
 B_SPLINE_CURVE_WITH_KNOTS ( ( 4, 4 ),
 ( 3.141592653589793116, 3.645369222847651081 ),
 .UNSPECIFIED. ) 
 CURVE ( )  GEOMETRIC_REPRESENTATION_ITEM ( )  RATIONAL_B_SPLINE_CURVE ( ( 1.000000000000000000, 0.9789623503394622173, 0.9789623503394622173, 1.000000000000000000 ) ) 
 REPRESENTATION_ITEM ( '' )  );
#1057 = ORIENTED_EDGE ( 'NONE', *, *, #3600, .F. ) ;
#1058 = EDGE_CURVE ( 'NONE', #4008, #3717, #2803, .T. ) ;
#1059 = DIRECTION ( 'NONE',  ( -1.000000000000000000, 0.000000000000000000, 0.000000000000000000 ) ) ;
#1060 = DIRECTION ( 'NONE',  ( 1.000000000000000000, 0.000000000000000000, 0.000000000000000000 ) ) ;
#1061 = CARTESIAN_POINT ( 'NONE',  ( 7.182117137899318493, 15.48641401289933661, 0.5000000000000004441 ) ) ;
#1062 = CARTESIAN_POINT ( 'NONE',  ( 46.25000000000000000, 22.40429687500000355, 1.000000000000000000 ) ) ;
#1063 = PLANE ( 'NONE',  #4517 ) ;
#1064 = ORIENTED_EDGE ( 'NONE', *, *, #4662, .T. ) ;
#1065 = ORIENTED_EDGE ( 'NONE', *, *, #5892, .T. ) ;
#1066 = PLANE ( 'NONE',  #4961 ) ;
#1067 = DIRECTION ( 'NONE',  ( -0.000000000000000000, 1.000000000000000000, -0.000000000000000000 ) ) ;
#1068 = DIRECTION ( 'NONE',  ( 0.7071067811865482389, -0.7071067811865469066, 0.000000000000000000 ) ) ;
#1069 = CARTESIAN_POINT ( 'NONE',  ( 14.23211713789931210, 15.48641401289933661, 1.500000000000000444 ) ) ;
#1070 = VECTOR ( 'NONE', #4120, 1000.000000000000000 ) ;
#1071 = ORIENTED_EDGE ( 'NONE', *, *, #4697, .F. ) ;
#1072 = VERTEX_POINT ( 'NONE', #4343 ) ;
#1073 = ORIENTED_EDGE ( 'NONE', *, *, #6384, .T. ) ;
#1074 = VECTOR ( 'NONE', #5762, 1000.000000000000000 ) ;
#1075 = CARTESIAN_POINT ( 'NONE',  ( 29.58211713789933484, 16.66277201088163551, 3.250000000000000444 ) ) ;
#1076 = CARTESIAN_POINT ( 'NONE',  ( -6.382117137899323112, 20.16277201088163196, 3.250000000000000444 ) ) ;
#1077 = CARTESIAN_POINT ( 'NONE',  ( 39.25000000000000000, 13.15429687500000355, 4.000000000000000000 ) ) ;
#1078 = VECTOR ( 'NONE', #1698, 1000.000000000000000 ) ;
#1079 = EDGE_LOOP ( 'NONE', ( #753, #39, #636, #4819, #1566, #4579, #11, #4437 ) ) ;
#1080 = EDGE_LOOP ( 'NONE', ( #2083, #4121, #3352 ) ) ;
#1081 = LINE ( 'NONE', #1454, #657 ) ;
#1082 = CARTESIAN_POINT ( 'NONE',  ( -36.49635799798231517, 23.15429687499999289, 4.000000000000000000 ) ) ;
#1083 = AXIS2_PLACEMENT_3D ( 'NONE', #5636, #2451, #1948 ) ;
#1084 = CARTESIAN_POINT ( 'NONE',  ( -45.75000000000000000, 17.66277201088163196, 3.250000000000000444 ) ) ;
#1085 = PLANE ( 'NONE',  #327 ) ;
#1086 = VERTEX_POINT ( 'NONE', #6393 ) ;
#1087 = VECTOR ( 'NONE', #1404, 1000.000000000000000 ) ;
#1088 = AXIS2_PLACEMENT_3D ( 'NONE', #2837, #3871, #2462 ) ;
#1089 = ORIENTED_EDGE ( 'NONE', *, *, #1422, .F. ) ;
#1090 = LINE ( 'NONE', #5215, #1303 ) ;
#1091 = DIRECTION ( 'NONE',  ( 0.000000000000000000, -1.000000000000000000, 0.000000000000000000 ) ) ;
#1092 = EDGE_CURVE ( 'NONE', #4977, #3397, #5885, .T. ) ;
#1093 = AXIS2_PLACEMENT_3D ( 'NONE', #5062, #6611, #2019 ) ;
#1094 = CARTESIAN_POINT ( 'NONE',  ( -36.49635799798231517, 23.15429687499999289, 1.500000000000000444 ) ) ;
#1095 = CARTESIAN_POINT ( 'NONE',  ( -16.41788286210066872, 16.07582173911838908, 3.742381610379894141 ) ) ;
#1096 = LINE ( 'NONE', #119, #4305 ) ;
#1097 = EDGE_CURVE ( 'NONE', #5269, #3596, #2335, .T. ) ;
#1098 = ORIENTED_EDGE ( 'NONE', *, *, #74, .T. ) ;
#1099 = VECTOR ( 'NONE', #5969, 1000.000000000000114 ) ;
#1100 = PLANE ( 'NONE',  #3899 ) ;
#1101 = CARTESIAN_POINT ( 'NONE',  ( -32.41788286210068293, 22.78641401289933910, 0.5000000000000004441 ) ) ;
#1102 = EDGE_CURVE ( 'NONE', #6476, #6409, #6359, .T. ) ;
#1103 = LINE ( 'NONE', #3144, #5870 ) ;
#1104 = CC_DESIGN_DATE_AND_TIME_ASSIGNMENT ( #5666, #4522, ( #494 ) ) ;
#1105 = CARTESIAN_POINT ( 'NONE',  ( 39.25000000000000000, 23.15429687500000000, 4.000000000000000000 ) ) ;
#1106 = ORIENTED_EDGE ( 'NONE', *, *, #1097, .F. ) ;
#1107 = EDGE_CURVE ( 'NONE', #2812, #5456, #5318, .T. ) ;
#1108 = ORIENTED_EDGE ( 'NONE', *, *, #3831, .F. ) ;
#1109 = ORIENTED_EDGE ( 'NONE', *, *, #3684, .F. ) ;
#1110 = LINE ( 'NONE', #2648, #222 ) ;
#1111 = DIRECTION ( 'NONE',  ( 0.000000000000000000, 0.000000000000000000, 1.000000000000000000 ) ) ;
#1112 = VECTOR ( 'NONE', #1395, 1000.000000000000000 ) ;
#1113 = EDGE_LOOP ( 'NONE', ( #6335, #1476, #6276, #1783 ) ) ;
#1114 = ORIENTED_EDGE ( 'NONE', *, *, #2554, .F. ) ;
#1115 = AXIS2_PLACEMENT_3D ( 'NONE', #72, #5098, #4634 ) ;
#1116 = CARTESIAN_POINT ( 'NONE',  ( 38.98211713789932276, 20.78641401289933910, 1.500000000000000444 ) ) ;
#1117 = EDGE_CURVE ( 'NONE', #531, #2896, #2705, .T. ) ;
#1118 = PLANE ( 'NONE',  #4750 ) ;
#1119 = EDGE_CURVE ( 'NONE', #2522, #3982, #2270, .T. ) ;
#1120 = LINE ( 'NONE', #4532, #5038 ) ;
#1121 = LINE ( 'NONE', #199, #5777 ) ;
#1122 = CARTESIAN_POINT ( 'NONE',  ( -29.38211713789932489, 20.23277201088162514, 4.000000000000000000 ) ) ;
#1123 = ORIENTED_EDGE ( 'NONE', *, *, #815, .F. ) ;
#1124 = ORIENTED_EDGE ( 'NONE', *, *, #2898, .F. ) ;
#1125 = LINE ( 'NONE', #4705, #2374 ) ;
#1126 = DIRECTION ( 'NONE',  ( -0.000000000000000000, 0.000000000000000000, 1.000000000000000000 ) ) ;
#1127 = LINE ( 'NONE', #5247, #3299 ) ;
#1128 = CARTESIAN_POINT ( 'NONE',  ( -13.47847513588162904, 23.17217973710068080, 4.000000000000000000 ) ) ;
#1129 = CARTESIAN_POINT ( 'NONE',  ( 0.000000000000000000, 0.000000000000000000, 4.000000000000000000 ) ) ;
#1130 = LINE ( 'NONE', #2740, #2165 ) ;
#1131 = LINE ( 'NONE', #4650, #372 ) ;
#1132 = CARTESIAN_POINT ( 'NONE',  ( -45.75000000000000000, 18.16277201088163196, 3.250000000000000444 ) ) ;
#1133 = EDGE_CURVE ( 'NONE', #1475, #2715, #4872, .T. ) ;
#1135 = CARTESIAN_POINT ( 'NONE',  ( -38.75000000000000000, 13.90429687500000355, 1.000000000000000000 ) ) ;
#1134 =( BOUNDED_CURVE ( )  B_SPLINE_CURVE ( 3, ( #5867, #4136, #5716, #6340 ),
 .UNSPECIFIED., .F., .T. ) 
 B_SPLINE_CURVE_WITH_KNOTS ( ( 4, 4 ),
 ( 3.141592653589793116, 4.537599790382886411 ),
 .UNSPECIFIED. ) 
 CURVE ( )  GEOMETRIC_REPRESENTATION_ITEM ( )  RATIONAL_B_SPLINE_CURVE ( ( 1.000000000000000000, 0.8440845325001391508, 0.8440845325001391508, 1.000000000000000000 ) ) 
 REPRESENTATION_ITEM ( '' )  );
#1136 = LINE ( 'NONE', #2745, #3845 ) ;
#1137 = ORIENTED_EDGE ( 'NONE', *, *, #3576, .F. ) ;
#1138 = ADVANCED_FACE ( 'NONE', ( #6290 ), #3738, .F. ) ;
#1139 = ORIENTED_EDGE ( 'NONE', *, *, #6469, .T. ) ;
#1140 = EDGE_CURVE ( 'NONE', #4879, #512, #697, .T. ) ;
#1141 = ORIENTED_EDGE ( 'NONE', *, *, #1245, .F. ) ;
#1142 = EDGE_CURVE ( 'NONE', #142, #2970, #3417, .T. ) ;
#1143 = CARTESIAN_POINT ( 'NONE',  ( 6.582117137899329506, 20.23277201088163224, 3.745075751779463058 ) ) ;
#1144 = FACE_OUTER_BOUND ( 'NONE', #5806, .T. ) ;
#1145 = CARTESIAN_POINT ( 'NONE',  ( 13.69635799798228959, 13.15429687500000000, 1.500000000000000444 ) ) ;
#1146 = ORIENTED_EDGE ( 'NONE', *, *, #2417, .T. ) ;
#1147 = ORIENTED_EDGE ( 'NONE', *, *, #444, .F. ) ;
#1148 = DIRECTION ( 'NONE',  ( 1.000000000000000000, 2.478176394252582127E-16, 0.000000000000000000 ) ) ;
#1149 = CARTESIAN_POINT ( 'NONE',  ( -15.81788286210068151, 15.48641401289933661, 0.5000000000000004441 ) ) ;
#1150 = DIRECTION ( 'NONE',  ( -1.000000000000000000, 4.956352788505164254E-16, 0.000000000000000000 ) ) ;
#1151 = DIRECTION ( 'NONE',  ( 0.000000000000000000, -1.000000000000000000, 0.000000000000000000 ) ) ;
#1152 = ORIENTED_EDGE ( 'NONE', *, *, #6483, .F. ) ;
#1153 = ORIENTED_EDGE ( 'NONE', *, *, #5197, .T. ) ;
#1154 = DIRECTION ( 'NONE',  ( 0.000000000000000000, 0.000000000000000000, -1.000000000000000000 ) ) ;
#1155 = VECTOR ( 'NONE', #2415, 1000.000000000000000 ) ;
#1156 = DIRECTION ( 'NONE',  ( 0.000000000000000000, 1.000000000000000000, 0.000000000000000000 ) ) ;
#1157 = FACE_OUTER_BOUND ( 'NONE', #1080, .T. ) ;
#1158 = CARTESIAN_POINT ( 'NONE',  ( -38.75000000000000000, 15.40793887701771858, 1.500000000000000444 ) ) ;
#1159 = VECTOR ( 'NONE', #1931, 1000.000000000000000 ) ;
#1160 = DIRECTION ( 'NONE',  ( -0.000000000000000000, -0.000000000000000000, 1.000000000000000000 ) ) ;
#1161 = EDGE_CURVE ( 'NONE', #3782, #2010, #5428, .T. ) ;
#1162 = EDGE_CURVE ( 'NONE', #5243, #1328, #742, .T. ) ;
#1163 = CARTESIAN_POINT ( 'NONE',  ( -38.75000000000000000, 23.15429687499999289, 4.000000000000000000 ) ) ;
#1164 = FACE_OUTER_BOUND ( 'NONE', #2369, .T. ) ;
#1165 = CARTESIAN_POINT ( 'NONE',  ( 16.61788286210067511, 16.07582173911839263, 4.000000000000000000 ) ) ;
#1166 = DIRECTION ( 'NONE',  ( -1.000000000000000000, -0.000000000000000000, -0.000000000000000000 ) ) ;
#1167 = DIRECTION ( 'NONE',  ( -0.000000000000000000, -0.000000000000000000, 1.000000000000000000 ) ) ;
#1168 = ORIENTED_EDGE ( 'NONE', *, *, #237, .F. ) ;
#1169 = VERTEX_POINT ( 'NONE', #4425 ) ;
#1170 = EDGE_LOOP ( 'NONE', ( #4881, #4953, #4792, #846 ) ) ;
#1171 = CARTESIAN_POINT ( 'NONE',  ( 45.85000000000000142, 13.90429687500000355, 6.000000000000000000 ) ) ;
#1172 = VECTOR ( 'NONE', #1625, 1000.000000000000000 ) ;
#1173 = CARTESIAN_POINT ( 'NONE',  ( -45.75000000000000000, 13.90429687500000355, 1.000000000000000000 ) ) ;
#1174 = EDGE_CURVE ( 'NONE', #2547, #4993, #3130, .T. ) ;
#1175 = EDGE_CURVE ( 'NONE', #2795, #4358, #5939, .T. ) ;
#1176 = DIRECTION ( 'NONE',  ( 0.000000000000000000, 0.000000000000000000, -1.000000000000000000 ) ) ;
#1177 = VERTEX_POINT ( 'NONE', #298 ) ;
#1178 = ORIENTED_EDGE ( 'NONE', *, *, #4284, .T. ) ;
#1179 = VECTOR ( 'NONE', #425, 1000.000000000000000 ) ;
#1180 = CARTESIAN_POINT ( 'NONE',  ( 13.69635799798230202, 23.15429687499999289, 4.000000000000000000 ) ) ;
#1181 = DIRECTION ( 'NONE',  ( 0.000000000000000000, -1.000000000000000000, 0.000000000000000000 ) ) ;
#1182 = CARTESIAN_POINT ( 'NONE',  ( -45.75000000000000000, 22.40429687500000711, 1.000000000000000000 ) ) ;
#1183 = EDGE_CURVE ( 'NONE', #178, #3888, #347, .T. ) ;
#1184 = AXIS2_PLACEMENT_3D ( 'NONE', #3568, #4063, #1527 ) ;
#1185 = ORIENTED_EDGE ( 'NONE', *, *, #930, .F. ) ;
#1186 = ORIENTED_EDGE ( 'NONE', *, *, #5945, .F. ) ;
#1187 = EDGE_LOOP ( 'NONE', ( #3772, #1519, #3251, #3501, #2345 ) ) ;
#1188 = LINE ( 'NONE', #179, #773 ) ;
#1189 = VECTOR ( 'NONE', #2518, 1000.000000000000000 ) ;
#1190 = DIRECTION ( 'NONE',  ( -1.000000000000000000, 0.000000000000000000, -0.000000000000000000 ) ) ;
#1191 = CARTESIAN_POINT ( 'NONE',  ( -38.75000000000000000, 20.80448725967914925, 1.000000000000000000 ) ) ;
#1192 = VECTOR ( 'NONE', #4147, 1000.000000000000000 ) ;
#1193 = LINE ( 'NONE', #4271, #5033 ) ;
#1194 = CARTESIAN_POINT ( 'NONE',  ( 13.58211713789931530, 20.78641401289933910, 0.5000000000000004441 ) ) ;
#1195 = ORIENTED_EDGE ( 'NONE', *, *, #4277, .F. ) ;
#1196 = DIRECTION ( 'NONE',  ( -0.000000000000000000, -0.000000000000000000, 1.000000000000000000 ) ) ;
#1197 = VECTOR ( 'NONE', #2726, 1000.000000000000000 ) ;
#1198 = ADVANCED_FACE ( 'NONE', ( #2912, #4386 ), #6437, .F. ) ;
#1199 = CARTESIAN_POINT ( 'NONE',  ( -16.41788286210066872, 18.16277201088163196, 3.250000000000000444 ) ) ;
#1200 = EDGE_CURVE ( 'NONE', #128, #4910, #331, .T. ) ;
#1201 = FACE_OUTER_BOUND ( 'NONE', #2009, .T. ) ;
#1202 = LINE ( 'NONE', #6297, #2991 ) ;
#1203 = VECTOR ( 'NONE', #4807, 1000.000000000000000 ) ;
#1204 = ORIENTED_EDGE ( 'NONE', *, *, #4573, .T. ) ;
#1205 = ORIENTED_EDGE ( 'NONE', *, *, #3600, .T. ) ;
#1206 = ORIENTED_EDGE ( 'NONE', *, *, #6430, .F. ) ;
#1207 = CARTESIAN_POINT ( 'NONE',  ( 46.05000000000000426, 10.85429687499999929, 0.2000000000000196065 ) ) ;
#1208 = CARTESIAN_POINT ( 'NONE',  ( -16.41788286210066872, 16.07582173911838908, 2.757618389620105859 ) ) ;
#1209 = EDGE_CURVE ( 'NONE', #4632, #3982, #6500, .T. ) ;
#1210 = CARTESIAN_POINT ( 'NONE',  ( -43.50000000000000000, 13.40429687500000355, 0.5999999999999999778 ) ) ;
#1211 = ORIENTED_EDGE ( 'NONE', *, *, #296, .F. ) ;
#1212 = VERTEX_POINT ( 'NONE', #265 ) ;
#1213 = CARTESIAN_POINT ( 'NONE',  ( -38.75000000000000000, 13.15429687499999289, 4.000000000000000000 ) ) ;
#1214 = AXIS2_PLACEMENT_3D ( 'NONE', #3775, #4244, #5289 ) ;
#1215 = DIRECTION ( 'NONE',  ( 1.000000000000000000, -0.000000000000000000, 0.000000000000000000 ) ) ;
#1216 = CARTESIAN_POINT ( 'NONE',  ( 29.99516686613609551, 15.66277201088163373, 3.250000000000000444 ) ) ;
#1217 = EDGE_CURVE ( 'NONE', #2055, #6555, #6403, .T. ) ;
#1218 = ORIENTED_EDGE ( 'NONE', *, *, #6503, .F. ) ;
#1219 = VECTOR ( 'NONE', #4261, 1000.000000000000000 ) ;
#1220 = ORIENTED_EDGE ( 'NONE', *, *, #2959, .F. ) ;
#1221 = ORIENTED_EDGE ( 'NONE', *, *, #4514, .F. ) ;
#1222 = EDGE_CURVE ( 'NONE', #5500, #2448, #5330, .T. ) ;
#1223 = EDGE_CURVE ( 'NONE', #5194, #1857, #2382, .T. ) ;
#1224 = CARTESIAN_POINT ( 'NONE',  ( 46.11666666666667425, 25.38763020833334139, 0.2666666666666850927 ) ) ;
#1225 = ADVANCED_FACE ( 'NONE', ( #1807 ), #4321, .F. ) ;
#1226 = CARTESIAN_POINT ( 'NONE',  ( 30.18211713789932560, 20.80448725967914925, 0.5000000000000004441 ) ) ;
#1227 = EDGE_CURVE ( 'NONE', #2106, #5528, #1905, .T. ) ;
#1228 = DIRECTION ( 'NONE',  ( 0.000000000000000000, 1.000000000000000000, 0.000000000000000000 ) ) ;
#1229 = ORIENTED_EDGE ( 'NONE', *, *, #6483, .T. ) ;
#1230 = DIRECTION ( 'NONE',  ( 1.000000000000000000, 0.000000000000000000, 0.000000000000000000 ) ) ;
#1231 = DIRECTION ( 'NONE',  ( -1.000000000000000000, -1.309225264888156130E-15, 0.000000000000000000 ) ) ;
#1232 = LINE ( 'NONE', #3807, #2085 ) ;
#1233 = CARTESIAN_POINT ( 'NONE',  ( 39.25000000000000000, 13.15429687500000355, 4.000000000000000000 ) ) ;
#1234 = LINE ( 'NONE', #576, #189 ) ;
#1235 = CARTESIAN_POINT ( 'NONE',  ( -43.25000000000000000, 13.15429687500000355, 0.000000000000000000 ) ) ;
#1236 = ORIENTED_EDGE ( 'NONE', *, *, #2884, .T. ) ;
#1237 = EDGE_CURVE ( 'NONE', #5843, #4910, #3285, .T. ) ;
#1238 = ORIENTED_EDGE ( 'NONE', *, *, #3551, .F. ) ;
#1239 = ORIENTED_EDGE ( 'NONE', *, *, #4818, .T. ) ;
#1240 = DIRECTION ( 'NONE',  ( -1.000000000000000000, -0.000000000000000000, -0.000000000000000000 ) ) ;
#1241 = FACE_OUTER_BOUND ( 'NONE', #1251, .T. ) ;
#1242 = DIRECTION ( 'NONE',  ( 0.000000000000000000, 0.7071067811865477948, 0.7071067811865473507 ) ) ;
#1243 = CARTESIAN_POINT ( 'NONE',  ( -6.795166866136084671, 15.66277201088163373, 3.250000000000000444 ) ) ;
#1244 = ORIENTED_EDGE ( 'NONE', *, *, #2329, .T. ) ;
#1245 = EDGE_CURVE ( 'NONE', #5578, #784, #1270, .T. ) ;
#1246 = ORIENTED_EDGE ( 'NONE', *, *, #5319, .T. ) ;
#1247 = CARTESIAN_POINT ( 'NONE',  ( -38.75000000000000000, 15.48641401289933661, 1.500000000000000444 ) ) ;
#1248 = CARTESIAN_POINT ( 'NONE',  ( 16.61788286210067511, 20.23277201088162514, 1.500000000000000444 ) ) ;
#1249 = LINE ( 'NONE', #1723, #6446 ) ;
#1250 = ORIENTED_EDGE ( 'NONE', *, *, #3127, .F. ) ;
#1251 = EDGE_LOOP ( 'NONE', ( #1685, #4040, #5989, #3189 ) ) ;
#1252 = ORIENTED_EDGE ( 'NONE', *, *, #3225, .F. ) ;
#1253 = CARTESIAN_POINT ( 'NONE',  ( -8.767882862100687902, 15.48641401289933661, 1.500000000000000444 ) ) ;
#1254 = FACE_BOUND ( 'NONE', #2020, .T. ) ;
#1255 = EDGE_CURVE ( 'NONE', #538, #688, #782, .T. ) ;
#1256 = CARTESIAN_POINT ( 'NONE',  ( 16.20483313386392155, 15.66277201088163373, 3.503801376738363338 ) ) ;
#1257 = EDGE_CURVE ( 'NONE', #5297, #1822, #775, .T. ) ;
#1258 = VERTEX_POINT ( 'NONE', #6568 ) ;
#1259 = DIRECTION ( 'NONE',  ( 0.000000000000000000, -1.000000000000000000, 0.000000000000000000 ) ) ;
#1260 = VECTOR ( 'NONE', #6531, 1000.000000000000000 ) ;
#1261 = DIRECTION ( 'NONE',  ( 1.000000000000000000, 4.173067663955945463E-16, 0.000000000000000000 ) ) ;
#1262 = CARTESIAN_POINT ( 'NONE',  ( -36.47847513588161661, 13.13641401289933697, 1.500000000000000444 ) ) ;
#1263 = DIRECTION ( 'NONE',  ( 1.309225264888156130E-15, -1.000000000000000000, 0.000000000000000000 ) ) ;
#1264 = AXIS2_PLACEMENT_3D ( 'NONE', #5753, #1665, #2201 ) ;
#1265 = DIRECTION ( 'NONE',  ( -1.000000000000000000, 0.000000000000000000, 0.000000000000000000 ) ) ;
#1266 = DIRECTION ( 'NONE',  ( -1.000000000000000000, -0.000000000000000000, -0.000000000000000000 ) ) ;
#1267 = ORIENTED_EDGE ( 'NONE', *, *, #3491, .T. ) ;
#1268 = ORIENTED_EDGE ( 'NONE', *, *, #1876, .F. ) ;
#1269 = ORIENTED_EDGE ( 'NONE', *, *, #4069, .T. ) ;
#1270 = LINE ( 'NONE', #1373, #4837 ) ;
#1271 = CARTESIAN_POINT ( 'NONE',  ( 8.932117137899320269, 15.48641401289933661, 0.5000000000000004441 ) ) ;
#1272 = DIRECTION ( 'NONE',  ( 0.000000000000000000, 0.000000000000000000, -1.000000000000000000 ) ) ;
#1273 = DIRECTION ( 'NONE',  ( -0.000000000000000000, -1.000000000000000000, -0.000000000000000000 ) ) ;
#1274 = ORIENTED_EDGE ( 'NONE', *, *, #4440, .T. ) ;
#1275 = ORIENTED_EDGE ( 'NONE', *, *, #296, .T. ) ;
#1276 = CARTESIAN_POINT ( 'NONE',  ( 14.23211713789931210, 20.78641401289933910, -2.999999999999999112 ) ) ;
#1277 = VECTOR ( 'NONE', #3847, 1000.000000000000000 ) ;
#1278 = PLANE ( 'NONE',  #4854 ) ;
#1279 = DIRECTION ( 'NONE',  ( 0.000000000000000000, -1.000000000000000000, 0.000000000000000000 ) ) ;
#1280 = EDGE_CURVE ( 'NONE', #2356, #2252, #3188, .T. ) ;
#1281 = EDGE_CURVE ( 'NONE', #429, #6072, #1503, .T. ) ;
#1282 = VECTOR ( 'NONE', #4456, 1000.000000000000000 ) ;
#1283 = ORIENTED_EDGE ( 'NONE', *, *, #2147, .T. ) ;
#1284 = ORIENTED_EDGE ( 'NONE', *, *, #6015, .F. ) ;
#1285 = ORIENTED_EDGE ( 'NONE', *, *, #482, .F. ) ;
#1286 = CARTESIAN_POINT ( 'NONE',  ( -37.06788286210068861, 20.78641401289933910, 1.500000000000000444 ) ) ;
#1287 = DIRECTION ( 'NONE',  ( 1.000000000000000000, 0.000000000000000000, 0.000000000000000000 ) ) ;
#1288 = VECTOR ( 'NONE', #2941, 1000.000000000000000 ) ;
#1289 = CARTESIAN_POINT ( 'NONE',  ( 46.00000000000000000, 0.000000000000000000, 1.500000000000000444 ) ) ;
#1290 = DIRECTION ( 'NONE',  ( 1.000000000000000000, 0.000000000000000000, 0.000000000000000000 ) ) ;
#1291 = ORIENTED_EDGE ( 'NONE', *, *, #5560, .T. ) ;
#1292 = LINE ( 'NONE', #1735, #463 ) ;
#1293 = CIRCLE ( 'NONE', #3002, 0.5000000000000000000 ) ;
#1294 = CARTESIAN_POINT ( 'NONE',  ( 46.25000000000000000, 22.40429687500000355, 5.600000000000016520 ) ) ;
#1295 = CARTESIAN_POINT ( 'NONE',  ( 31.93211713789932560, 20.78641401289933910, 1.500000000000000444 ) ) ;
#1296 = CARTESIAN_POINT ( 'NONE',  ( -45.35000000000000142, 11.65429687500000533, 6.000000000000000000 ) ) ;
#1297 = VECTOR ( 'NONE', #2394, 1000.000000000000000 ) ;
#1298 = CARTESIAN_POINT ( 'NONE',  ( -9.417882862100684704, 13.48641401289933661, 1.500000000000000444 ) ) ;
#1299 = CARTESIAN_POINT ( 'NONE',  ( 9.582117137899318848, 22.78641401289933910, 0.5000000000000004441 ) ) ;
#1300 = ORIENTED_EDGE ( 'NONE', *, *, #3881, .F. ) ;
#1301 = AXIS2_PLACEMENT_3D ( 'NONE', #1076, #6075, #2550 ) ;
#1302 = VERTEX_POINT ( 'NONE', #4513 ) ;
#1303 = VECTOR ( 'NONE', #2199, 1000.000000000000000 ) ;
#1304 = ORIENTED_EDGE ( 'NONE', *, *, #4552, .T. ) ;
#1305 = EDGE_CURVE ( 'NONE', #6202, #5347, #903, .T. ) ;
#1306 = EDGE_CURVE ( 'NONE', #996, #2859, #154, .T. ) ;
#1307 = CARTESIAN_POINT ( 'NONE',  ( 39.25000000000000000, 13.15429687500000355, 4.000000000000000000 ) ) ;
#1308 = LINE ( 'NONE', #4388, #939 ) ;
#1309 = CARTESIAN_POINT ( 'NONE',  ( -29.38211713789932489, 16.07582173911839263, 3.742381610379894585 ) ) ;
#1310 = VECTOR ( 'NONE', #3203, 1000.000000000000000 ) ;
#1311 = ORIENTED_EDGE ( 'NONE', *, *, #6146, .T. ) ;
#1312 =( BOUNDED_CURVE ( )  B_SPLINE_CURVE ( 3, ( #1589, #981, #483, #5097 ),
 .UNSPECIFIED., .F., .T. ) 
 B_SPLINE_CURVE_WITH_KNOTS ( ( 4, 4 ),
 ( 4.887178170386492937, 6.283185307179586232 ),
 .UNSPECIFIED. ) 
 CURVE ( )  GEOMETRIC_REPRESENTATION_ITEM ( )  RATIONAL_B_SPLINE_CURVE ( ( 1.000000000000000000, 0.8440845325001391508, 0.8440845325001391508, 1.000000000000000000 ) ) 
 REPRESENTATION_ITEM ( '' )  );
#1313 = VERTEX_POINT ( 'NONE', #5496 ) ;
#1314 = LINE ( 'NONE', #5407, #4541 ) ;
#1315 = VECTOR ( 'NONE', #3678, 1000.000000000000000 ) ;
#1316 = CARTESIAN_POINT ( 'NONE',  ( 46.25000000000000000, 22.40429687500000355, 1.000000000000000000 ) ) ;
#1317 = DIRECTION ( 'NONE',  ( 1.000000000000000000, 0.000000000000000000, 0.000000000000000000 ) ) ;
#1318 = VERTEX_POINT ( 'NONE', #2946 ) ;
#1319 = EDGE_LOOP ( 'NONE', ( #6526, #4138, #3313, #6032, #1507, #4047 ) ) ;
#1320 = ADVANCED_FACE ( 'NONE', ( #2974 ), #4582, .F. ) ;
#1321 = EDGE_LOOP ( 'NONE', ( #354, #521, #1901, #5317, #4153, #1300, #6621, #5440, #2754, #1436 ) ) ;
#1322 = LINE ( 'NONE', #2890, #4 ) ;
#1323 = ADVANCED_FACE ( 'NONE', ( #4077 ), #6135, .F. ) ;
#1324 = CARTESIAN_POINT ( 'NONE',  ( -36.47847513588163082, 23.17217973710068080, 1.500000000000000444 ) ) ;
#1325 = CARTESIAN_POINT ( 'NONE',  ( 0.000000000000000000, 0.000000000000000000, 4.000000000000000000 ) ) ;
#1326 = VECTOR ( 'NONE', #4505, 1000.000000000000000 ) ;
#1327 = DIRECTION ( 'NONE',  ( -8.896017825522088106E-17, 1.000000000000000000, 0.000000000000000000 ) ) ;
#1328 = VERTEX_POINT ( 'NONE', #5594 ) ;
#1329 = LINE ( 'NONE', #184, #4203 ) ;
#1330 = ORIENTED_EDGE ( 'NONE', *, *, #5627, .F. ) ;
#1331 = CARTESIAN_POINT ( 'NONE',  ( -37.06788286210068861, 20.78641401289933910, -2.999999999999999112 ) ) ;
#1332 = EDGE_CURVE ( 'NONE', #6239, #6012, #534, .T. ) ;
#1333 = VECTOR ( 'NONE', #1181, 1000.000000000000000 ) ;
#1334 = DIRECTION ( 'NONE',  ( -1.000000000000000000, 0.000000000000000000, 0.000000000000000000 ) ) ;
#1335 = CARTESIAN_POINT ( 'NONE',  ( -14.06788286210067973, 15.48641401289933661, -2.999999999999999112 ) ) ;
#1336 = CARTESIAN_POINT ( 'NONE',  ( -36.47847513588161661, 13.13641401289933697, 1.500000000000000444 ) ) ;
#1337 = CARTESIAN_POINT ( 'NONE',  ( 9.521524864118385167, 13.13641401289933697, 1.500000000000000444 ) ) ;
#1338 = VECTOR ( 'NONE', #6167, 1000.000000000000000 ) ;
#1339 = ORIENTED_EDGE ( 'NONE', *, *, #88, .F. ) ;
#1340 = EDGE_LOOP ( 'NONE', ( #1168, #6095, #376, #3902, #1362, #5357 ) ) ;
#1341 = ORIENTED_EDGE ( 'NONE', *, *, #2124, .F. ) ;
#1342 = EDGE_CURVE ( 'NONE', #6070, #1595, #1540, .T. ) ;
#1343 = DIRECTION ( 'NONE',  ( -0.000000000000000000, 0.000000000000000000, 1.000000000000000000 ) ) ;
#1344 = CARTESIAN_POINT ( 'NONE',  ( -38.75000000000000000, 22.40429687500000355, 1.000000000000000000 ) ) ;
#1345 = CARTESIAN_POINT ( 'NONE',  ( -36.41788286210068293, 15.48641401289933661, 0.5000000000000004441 ) ) ;
#1346 = EDGE_CURVE ( 'NONE', #5681, #6072, #2442, .T. ) ;
#1347 = EDGE_LOOP ( 'NONE', ( #2225, #293, #352, #2786 ) ) ;
#1348 = EDGE_CURVE ( 'NONE', #738, #6166, #629, .T. ) ;
#1349 = VERTEX_POINT ( 'NONE', #3043 ) ;
#1350 = CARTESIAN_POINT ( 'NONE',  ( 45.85000000000000142, 25.65429687500000355, 6.000000000000000000 ) ) ;
#1351 = CARTESIAN_POINT ( 'NONE',  ( -38.75000000000000000, 20.80448725967914925, 1.500000000000000444 ) ) ;
#1352 = CARTESIAN_POINT ( 'NONE',  ( -9.303642002017713963, 13.15429687499999645, 1.500000000000000444 ) ) ;
#1353 =( BOUNDED_CURVE ( )  B_SPLINE_CURVE ( 3, ( #3929, #3498, #1457, #5543 ),
 .UNSPECIFIED., .F., .T. ) 
 B_SPLINE_CURVE_WITH_KNOTS ( ( 4, 4 ),
 ( 3.141592653589793116, 4.537599790382889964 ),
 .UNSPECIFIED. ) 
 CURVE ( )  GEOMETRIC_REPRESENTATION_ITEM ( )  RATIONAL_B_SPLINE_CURVE ( ( 1.000000000000000000, 0.8440845325001383737, 0.8440845325001383737, 1.000000000000000000 ) ) 
 REPRESENTATION_ITEM ( '' )  );
#1354 = VERTEX_POINT ( 'NONE', #24 ) ;
#1355 = EDGE_LOOP ( 'NONE', ( #368, #504, #6141, #4723 ) ) ;
#1356 = ORIENTED_EDGE ( 'NONE', *, *, #5027, .F. ) ;
#1357 = DIRECTION ( 'NONE',  ( 0.000000000000000000, 0.000000000000000000, -1.000000000000000000 ) ) ;
#1358 = CARTESIAN_POINT ( 'NONE',  ( 9.521524864118385167, 13.13641401289933697, 1.500000000000000444 ) ) ;
#1359 = CARTESIAN_POINT ( 'NONE',  ( -43.25000000000000000, 23.15429687500000355, 0.3499999999999999223 ) ) ;
#1360 = PLANE ( 'NONE',  #1618 ) ;
#1361 = ORIENTED_EDGE ( 'NONE', *, *, #6632, .F. ) ;
#1362 = ORIENTED_EDGE ( 'NONE', *, *, #2197, .F. ) ;
#1363 = DIRECTION ( 'NONE',  ( -0.000000000000000000, -0.000000000000000000, 1.000000000000000000 ) ) ;
#1364 = CARTESIAN_POINT ( 'NONE',  ( 16.20483313386392155, 15.66277201088163373, 2.996198623261636662 ) ) ;
#1365 = CYLINDRICAL_SURFACE ( 'NONE', #6515, 0.5000000000000004441 ) ;
#1366 = EDGE_CURVE ( 'NONE', #3415, #3525, #2006, .T. ) ;
#1367 = EDGE_CURVE ( 'NONE', #2715, #142, #2476, .T. ) ;
#1368 = LINE ( 'NONE', #860, #645 ) ;
#1369 = ORIENTED_EDGE ( 'NONE', *, *, #2778, .T. ) ;
#1370 = ORIENTED_EDGE ( 'NONE', *, *, #1710, .T. ) ;
#1371 = ORIENTED_EDGE ( 'NONE', *, *, #733, .T. ) ;
#1372 = AXIS2_PLACEMENT_3D ( 'NONE', #743, #232, #1616 ) ;
#1373 = CARTESIAN_POINT ( 'NONE',  ( -45.75000000000000000, 18.93713958747462556, 12.71715728752537977 ) ) ;
#1374 = LINE ( 'NONE', #1271, #1155 ) ;
#1375 = LINE ( 'NONE', #6439, #1282 ) ;
#1376 = AXIS2_PLACEMENT_3D ( 'NONE', #115, #2168, #3610 ) ;
#1377 = ORIENTED_EDGE ( 'NONE', *, *, #1675, .T. ) ;
#1378 = ORIENTED_EDGE ( 'NONE', *, *, #973, .T. ) ;
#1379 = CARTESIAN_POINT ( 'NONE',  ( 39.25000000000000000, 23.15429687500000000, 4.000000000000000000 ) ) ;
#1380 = CARTESIAN_POINT ( 'NONE',  ( 37.23211713789931565, 15.50448725967914676, 1.500000000000000444 ) ) ;
#1381 = EDGE_CURVE ( 'NONE', #2944, #49, #870, .T. ) ;
#1382 = DIRECTION ( 'NONE',  ( 0.7071067811865469066, 0.7071067811865482389, 0.000000000000000000 ) ) ;
#1383 = ORIENTED_EDGE ( 'NONE', *, *, #4033, .T. ) ;
#1384 = ADVANCED_FACE ( 'NONE', ( #1940 ), #6067, .F. ) ;
#1385 = ORIENTED_EDGE ( 'NONE', *, *, #6610, .T. ) ;
#1386 = PLANE ( 'NONE',  #6228 ) ;
#1387 = DIRECTION ( 'NONE',  ( 0.000000000000000000, 0.000000000000000000, 1.000000000000000000 ) ) ;
#1388 = EDGE_CURVE ( 'NONE', #4009, #557, #1439, .T. ) ;
#1389 = VECTOR ( 'NONE', #4855, 1000.000000000000000 ) ;
#1390 = DIRECTION ( 'NONE',  ( -0.000000000000000000, -0.000000000000000000, 1.000000000000000000 ) ) ;
#1391 = PLANE ( 'NONE',  #5684 ) ;
#1392 = ORIENTED_EDGE ( 'NONE', *, *, #3576, .T. ) ;
#1393 = CARTESIAN_POINT ( 'NONE',  ( 39.25000000000000000, 13.90429687500000178, 1.000000000000000000 ) ) ;
#1394 = VECTOR ( 'NONE', #536, 1000.000000000000000 ) ;
#1395 = DIRECTION ( 'NONE',  ( 1.000000000000000000, 0.000000000000000000, 0.000000000000000000 ) ) ;
#1396 = DIRECTION ( 'NONE',  ( -1.000000000000000000, 0.000000000000000000, 0.000000000000000000 ) ) ;
#1397 = LINE ( 'NONE', #3875, #1288 ) ;
#1398 = VECTOR ( 'NONE', #4143, 1000.000000000000000 ) ;
#1399 = CARTESIAN_POINT ( 'NONE',  ( -6.382117137899323112, 20.23277201088162514, 4.000000000000000000 ) ) ;
#1400 = ORIENTED_EDGE ( 'NONE', *, *, #4757, .T. ) ;
#1401 = VERTEX_POINT ( 'NONE', #5698 ) ;
#1402 = ORIENTED_EDGE ( 'NONE', *, *, #3469, .T. ) ;
#1403 = VECTOR ( 'NONE', #2246, 1000.000000000000000 ) ;
#1404 = DIRECTION ( 'NONE',  ( 0.000000000000000000, 0.000000000000000000, -1.000000000000000000 ) ) ;
#1405 = CARTESIAN_POINT ( 'NONE',  ( -45.75000000000000000, 16.66277201088163551, 3.250000000000000444 ) ) ;
#1406 = DIRECTION ( 'NONE',  ( 0.000000000000000000, 1.000000000000000000, 0.000000000000000000 ) ) ;
#1407 = VECTOR ( 'NONE', #2077, 1000.000000000000000 ) ;
#1408 = VECTOR ( 'NONE', #6055, 1000.000000000000114 ) ;
#1409 = ORIENTED_EDGE ( 'NONE', *, *, #3014, .F. ) ;
#1410 = ORIENTED_EDGE ( 'NONE', *, *, #4078, .T. ) ;
#1411 = LINE ( 'NONE', #3140, #592 ) ;
#1412 = DIRECTION ( 'NONE',  ( 1.000000000000000000, -1.734723475976806709E-18, -0.000000000000000000 ) ) ;
#1413 = VECTOR ( 'NONE', #3986, 1000.000000000000000 ) ;
#1414 = EDGE_CURVE ( 'NONE', #1764, #5500, #1575, .T. ) ;
#1415 = VECTOR ( 'NONE', #5607, 1000.000000000000000 ) ;
#1416 = CARTESIAN_POINT ( 'NONE',  ( 29.99516686613609551, 15.66277201088163551, 3.503801376738364226 ) ) ;
#1417 = VERTEX_POINT ( 'NONE', #3651 ) ;
#1418 = VERTEX_POINT ( 'NONE', #3742 ) ;
#1419 = VECTOR ( 'NONE', #5385, 1000.000000000000000 ) ;
#1420 = CARTESIAN_POINT ( 'NONE',  ( 16.61788286210067511, 16.07582173911839263, 1.500000000000000444 ) ) ;
#1421 = DIRECTION ( 'NONE',  ( 4.173067663955944970E-16, -1.000000000000000000, 0.000000000000000000 ) ) ;
#1422 = EDGE_CURVE ( 'NONE', #4784, #3747, #4117, .T. ) ;
#1423 = PLANE ( 'NONE',  #4595 ) ;
#1424 = DIRECTION ( 'NONE',  ( 0.000000000000000000, 0.000000000000000000, 1.000000000000000000 ) ) ;
#1425 = ORIENTED_EDGE ( 'NONE', *, *, #642, .F. ) ;
#1426 = EDGE_CURVE ( 'NONE', #5571, #2381, #2642, .T. ) ;
#1427 = EDGE_CURVE ( 'NONE', #1401, #780, #160, .T. ) ;
#1428 = ORIENTED_EDGE ( 'NONE', *, *, #834, .T. ) ;
#1429 = CARTESIAN_POINT ( 'NONE',  ( 15.98211713789931387, 15.50448725967914676, 0.5000000000000004441 ) ) ;
#1430 = CARTESIAN_POINT ( 'NONE',  ( 9.582117137899318848, 15.48641401289933661, 0.5000000000000004441 ) ) ;
#1431 = AXIS2_PLACEMENT_3D ( 'NONE', #922, #6492, #957 ) ;
#1432 = EDGE_CURVE ( 'NONE', #3397, #3596, #4747, .T. ) ;
#1433 = CARTESIAN_POINT ( 'NONE',  ( 46.25000000000000000, 22.40429687500000355, 1.000000000000000000 ) ) ;
#1434 = DIRECTION ( 'NONE',  ( 0.000000000000000000, 0.000000000000000000, -1.000000000000000000 ) ) ;
#1435 = CARTESIAN_POINT ( 'NONE',  ( 39.25000000000000000, 13.15429687500000355, 6.000000000000000000 ) ) ;
#1436 = ORIENTED_EDGE ( 'NONE', *, *, #5155, .F. ) ;
#1437 = ORIENTED_EDGE ( 'NONE', *, *, #4112, .T. ) ;
#1438 = ORIENTED_EDGE ( 'NONE', *, *, #2308, .T. ) ;
#1439 = LINE ( 'NONE', #3008, #2689 ) ;
#1440 = CARTESIAN_POINT ( 'NONE',  ( 31.93211713789932560, 20.80448725967914925, 0.5000000000000004441 ) ) ;
#1441 = VECTOR ( 'NONE', #2755, 1000.000000000000114 ) ;
#1442 = LINE ( 'NONE', #2817, #5558 ) ;
#1443 = EDGE_CURVE ( 'NONE', #3569, #4423, #3545, .T. ) ;
#1444 = ORIENTED_EDGE ( 'NONE', *, *, #1388, .F. ) ;
#1445 = VERTEX_POINT ( 'NONE', #1165 ) ;
#1446 = LINE ( 'NONE', #3173, #4754 ) ;
#1447 = APPLICATION_PROTOCOL_DEFINITION ( 'international standard', 'config_control_design', 1994, #703 ) ;
#1448 = DIRECTION ( 'NONE',  ( -1.000000000000000000, -0.000000000000000000, -0.000000000000000000 ) ) ;
#1449 = CARTESIAN_POINT ( 'NONE',  ( -45.75000000000000000, 17.66277201088163196, 3.250000000000000444 ) ) ;
#1450 = EDGE_CURVE ( 'NONE', #4654, #6612, #667, .T. ) ;
#1451 = EDGE_CURVE ( 'NONE', #706, #3842, #3711, .T. ) ;
#1452 = ORIENTED_EDGE ( 'NONE', *, *, #4339, .F. ) ;
#1453 = ORIENTED_EDGE ( 'NONE', *, *, #2922, .T. ) ;
#1454 = CARTESIAN_POINT ( 'NONE',  ( 36.69635799798229669, 23.15429687500000000, 1.500000000000000444 ) ) ;
#1455 = DIRECTION ( 'NONE',  ( 1.000000000000000000, -1.734723475976806709E-18, -0.000000000000000000 ) ) ;
#1456 = CARTESIAN_POINT ( 'NONE',  ( -6.640800136779575702, 20.49145500976187151, 3.708499914937262609 ) ) ;
#1457 = CARTESIAN_POINT ( 'NONE',  ( -6.632051399089465171, 15.82588747792824968, 2.801754586982676543 ) ) ;
#1458 = CARTESIAN_POINT ( 'NONE',  ( 8.932117137899313164, 20.78641401289933910, -2.999999999999999112 ) ) ;
#1459 = EDGE_LOOP ( 'NONE', ( #9, #1858, #3724, #3472, #1339, #3818, #3408, #1014, #3605, #4776, #6247 ) ) ;
#1460 = ORIENTED_EDGE ( 'NONE', *, *, #2331, .T. ) ;
#1461 = CARTESIAN_POINT ( 'NONE',  ( -36.47847513588163082, 23.17217973710068080, 1.500000000000000444 ) ) ;
#1462 = CARTESIAN_POINT ( 'NONE',  ( -14.06788286210067973, 20.78641401289933910, 0.5000000000000004441 ) ) ;
#1463 = ADVANCED_FACE ( 'NONE', ( #5222 ), #574, .F. ) ;
#1464 = CARTESIAN_POINT ( 'NONE',  ( 14.23211713789931210, 20.78641401289933910, 0.5000000000000004441 ) ) ;
#1465 = CARTESIAN_POINT ( 'NONE',  ( 36.58211713789932418, 22.78641401289933910, 0.5000000000000004441 ) ) ;
#1466 = LINE ( 'NONE', #5552, #6238 ) ;
#1467 = EDGE_LOOP ( 'NONE', ( #4925, #1330, #4102, #5304 ) ) ;
#1468 = EDGE_CURVE ( 'NONE', #979, #239, #3617, .T. ) ;
#1469 = ORIENTED_EDGE ( 'NONE', *, *, #4130, .F. ) ;
#1470 = ORIENTED_EDGE ( 'NONE', *, *, #1245, .T. ) ;
#1471 = CARTESIAN_POINT ( 'NONE',  ( -16.15919986322042590, 20.49145500976187861, 3.708499914937258168 ) ) ;
#1472 = EDGE_CURVE ( 'NONE', #747, #6104, #2108, .T. ) ;
#1473 = CARTESIAN_POINT ( 'NONE',  ( 8.932117137899320269, 15.48641401289933661, 0.000000000000000000 ) ) ;
#1474 = DIRECTION ( 'NONE',  ( -0.000000000000000000, 1.000000000000000000, -0.000000000000000000 ) ) ;
#1475 = VERTEX_POINT ( 'NONE', #5290 ) ;
#1476 = ORIENTED_EDGE ( 'NONE', *, *, #449, .F. ) ;
#1477 = VECTOR ( 'NONE', #6068, 1000.000000000000000 ) ;
#1478 = VERTEX_POINT ( 'NONE', #2709 ) ;
#1479 = PERSON_AND_ORGANIZATION_ROLE ( 'creator' ) ;
#1480 = CYLINDRICAL_SURFACE ( 'NONE', #2684, 0.5000000000000004441 ) ;
#1481 = CARTESIAN_POINT ( 'NONE',  ( -43.75000000000000000, 13.15429687500000355, 0.2500000000000000000 ) ) ;
#1482 = AXIS2_PLACEMENT_3D ( 'NONE', #4109, #3443, #5517 ) ;
#1483 = CARTESIAN_POINT ( 'NONE',  ( -6.382117137899323112, 20.23277201088162514, 2.754924248220536942 ) ) ;
#1484 = ORIENTED_EDGE ( 'NONE', *, *, #2700, .T. ) ;
#1485 = EDGE_LOOP ( 'NONE', ( #1044, #3437, #6646, #4402 ) ) ;
#1486 = FACE_BOUND ( 'NONE', #2113, .T. ) ;
#1487 = LINE ( 'NONE', #43, #6576 ) ;
#1488 = CARTESIAN_POINT ( 'NONE',  ( 15.98211713789931387, 20.78641401289933910, 1.500000000000000444 ) ) ;
#1489 = CARTESIAN_POINT ( 'NONE',  ( -38.81788286210068151, 15.48641401289933661, 0.5000000000000004441 ) ) ;
#1490 = CARTESIAN_POINT ( 'NONE',  ( 6.582117137899329506, 20.23277201088163224, 1.500000000000000444 ) ) ;
#1491 = ORIENTED_EDGE ( 'NONE', *, *, #5404, .T. ) ;
#1492 = ORIENTED_EDGE ( 'NONE', *, *, #4980, .F. ) ;
#1493 = CARTESIAN_POINT ( 'NONE',  ( -37.06788286210068151, 20.80448725967914925, 0.5000000000000004441 ) ) ;
#1494 = FACE_OUTER_BOUND ( 'NONE', #5547, .T. ) ;
#1495 = VECTOR ( 'NONE', #503, 1000.000000000000000 ) ;
#1496 = ADVANCED_FACE ( 'NONE', ( #6168 ), #633, .F. ) ;
#1497 = CARTESIAN_POINT ( 'NONE',  ( 32.52152486411839050, 13.13641401289933697, 1.500000000000000444 ) ) ;
#1498 = LINE ( 'NONE', #465, #6318 ) ;
#1499 = CARTESIAN_POINT ( 'NONE',  ( -14.06788286210067973, 20.78641401289933910, 1.500000000000000444 ) ) ;
#1500 = CIRCLE ( 'NONE', #1928, 0.5000000000000000000 ) ;
#1501 = ORIENTED_EDGE ( 'NONE', *, *, #3201, .F. ) ;
#1502 = VERTEX_POINT ( 'NONE', #1101 ) ;
#1503 = LINE ( 'NONE', #3978, #2492 ) ;
#1504 = VECTOR ( 'NONE', #652, 1000.000000000000000 ) ;
#1505 = FACE_OUTER_BOUND ( 'NONE', #6255, .T. ) ;
#1506 = LINE ( 'NONE', #1578, #1394 ) ;
#1507 = ORIENTED_EDGE ( 'NONE', *, *, #1117, .F. ) ;
#1508 = EDGE_CURVE ( 'NONE', #5432, #4229, #4218, .T. ) ;
#1509 = ORIENTED_EDGE ( 'NONE', *, *, #130, .T. ) ;
#1510 = EDGE_CURVE ( 'NONE', #2581, #3524, #4246, .T. ) ;
#1511 = CIRCLE ( 'NONE', #2796, 0.5000000000000000000 ) ;
#1512 = ORIENTED_EDGE ( 'NONE', *, *, #2496, .F. ) ;
#1513 = APPROVAL_ROLE ( '' ) ;
#1514 = DIRECTION ( 'NONE',  ( -1.000000000000000000, 0.000000000000000000, 0.000000000000000000 ) ) ;
#1515 = DIRECTION ( 'NONE',  ( -0.000000000000000000, -0.000000000000000000, 1.000000000000000000 ) ) ;
#1516 = AXIS2_PLACEMENT_3D ( 'NONE', #1335, #6363, #1773 ) ;
#1517 = VECTOR ( 'NONE', #4001, 1000.000000000000000 ) ;
#1518 = PLANE ( 'NONE',  #2059 ) ;
#1519 = ORIENTED_EDGE ( 'NONE', *, *, #1217, .T. ) ;
#1520 = ORIENTED_EDGE ( 'NONE', *, *, #5274, .T. ) ;
#1521 = CARTESIAN_POINT ( 'NONE',  ( 39.25000000000000000, 23.15429687500000000, 6.000000000000000000 ) ) ;
#1522 = VECTOR ( 'NONE', #105, 1000.000000000000000 ) ;
#1523 = VECTOR ( 'NONE', #897, 1000.000000000000000 ) ;
#1524 = CARTESIAN_POINT ( 'NONE',  ( -38.75000000000000000, 13.90429687500000355, 4.000000000000000000 ) ) ;
#1525 = LINE ( 'NONE', #6152, #660 ) ;
#1526 = CARTESIAN_POINT ( 'NONE',  ( 8.932117137899320269, 15.48641401289933661, -2.999999999999999112 ) ) ;
#1527 = DIRECTION ( 'NONE',  ( 0.000000000000000000, 0.000000000000000000, 1.000000000000000000 ) ) ;
#1528 = ORIENTED_EDGE ( 'NONE', *, *, #1670, .T. ) ;
#1529 =( BOUNDED_CURVE ( )  B_SPLINE_CURVE ( 3, ( #91, #2141, #4183, #6236 ),
 .UNSPECIFIED., .F., .T. ) 
 B_SPLINE_CURVE_WITH_KNOTS ( ( 4, 4 ),
 ( 3.141592653589793116, 4.571927565674846150 ),
 .UNSPECIFIED. ) 
 CURVE ( )  GEOMETRIC_REPRESENTATION_ITEM ( )  RATIONAL_B_SPLINE_CURVE ( ( 1.000000000000000000, 0.8366556290180471311, 0.8366556290180471311, 1.000000000000000000 ) ) 
 REPRESENTATION_ITEM ( '' )  );
#1530 = ORIENTED_EDGE ( 'NONE', *, *, #6162, .T. ) ;
#1531 = FACE_OUTER_BOUND ( 'NONE', #2461, .T. ) ;
#1532 = CARTESIAN_POINT ( 'NONE',  ( -44.00000000000000000, 13.15429687500000355, 0.2500000000000000000 ) ) ;
#1533 = VECTOR ( 'NONE', #590, 1000.000000000000000 ) ;
#1534 = CARTESIAN_POINT ( 'NONE',  ( -6.382117137899323112, 17.66277201088163196, 3.250000000000000444 ) ) ;
#1535 = LINE ( 'NONE', #5113, #4061 ) ;
#1536 = LINE ( 'NONE', #568, #6128 ) ;
#1537 = EDGE_LOOP ( 'NONE', ( #3554, #389, #5425, #1229 ) ) ;
#1538 = ORIENTED_EDGE ( 'NONE', *, *, #5579, .T. ) ;
#1539 = VECTOR ( 'NONE', #1929, 1000.000000000000000 ) ;
#1540 = LINE ( 'NONE', #3583, #2053 ) ;
#1541 = FACE_OUTER_BOUND ( 'NONE', #2979, .T. ) ;
#1542 = CARTESIAN_POINT ( 'NONE',  ( 13.58211713789931530, 15.48641401289933661, 0.5000000000000004441 ) ) ;
#1543 = LOCAL_TIME ( 2, 45, 41.00000000000000000, #6073 ) ;
#1544 = VERTEX_POINT ( 'NONE', #4181 ) ;
#1545 = EDGE_CURVE ( 'NONE', #3231, #1605, #6235, .T. ) ;
#1546 = ORIENTED_EDGE ( 'NONE', *, *, #5978, .T. ) ;
#1547 = ORIENTED_EDGE ( 'NONE', *, *, #31, .T. ) ;
#1548 = AXIS2_PLACEMENT_3D ( 'NONE', #4955, #2322, #5369 ) ;
#1549 = APPLICATION_PROTOCOL_DEFINITION ( 'international standard', 'config_control_design', 1994, #221 ) ;
#1550 = DIRECTION ( 'NONE',  ( 0.000000000000000000, 1.000000000000000000, 0.000000000000000000 ) ) ;
#1551 = FACE_OUTER_BOUND ( 'NONE', #2986, .T. ) ;
#1552 = EDGE_CURVE ( 'NONE', #5161, #6369, #2743, .T. ) ;
#1553 = EDGE_CURVE ( 'NONE', #780, #3060, #6199, .T. ) ;
#1554 = CARTESIAN_POINT ( 'NONE',  ( 36.69635799798229669, 13.15429687500000355, 1.500000000000000444 ) ) ;
#1555 = EDGE_CURVE ( 'NONE', #215, #839, #5390, .T. ) ;
#1556 = ORIENTED_EDGE ( 'NONE', *, *, #5195, .F. ) ;
#1557 = VECTOR ( 'NONE', #5389, 1000.000000000000000 ) ;
#1558 = ORIENTED_EDGE ( 'NONE', *, *, #6352, .F. ) ;
#1559 = EDGE_CURVE ( 'NONE', #784, #1676, #6327, .T. ) ;
#1560 = CARTESIAN_POINT ( 'NONE',  ( -45.75000000000000000, 18.16277201088163196, 3.250000000000000444 ) ) ;
#1561 = CARTESIAN_POINT ( 'NONE',  ( 9.582117137899318848, 13.48641401289933661, 1.500000000000000444 ) ) ;
#1562 = LINE ( 'NONE', #2497, #5258 ) ;
#1563 = LINE ( 'NONE', #3603, #3643 ) ;
#1564 = DIRECTION ( 'NONE',  ( 0.000000000000000000, 0.000000000000000000, 1.000000000000000000 ) ) ;
#1565 = ORIENTED_EDGE ( 'NONE', *, *, #282, .F. ) ;
#1566 = ORIENTED_EDGE ( 'NONE', *, *, #930, .T. ) ;
#1567 = LINE ( 'NONE', #2029, #2268 ) ;
#1568 = FACE_OUTER_BOUND ( 'NONE', #3614, .T. ) ;
#1569 = DIRECTION ( 'NONE',  ( 1.000000000000000000, -1.734723475976806709E-18, -0.000000000000000000 ) ) ;
#1570 = PLANE ( 'NONE',  #3648 ) ;
#1571 = LINE ( 'NONE', #2035, #6559 ) ;
#1572 = ORIENTED_EDGE ( 'NONE', *, *, #712, .F. ) ;
#1573 = ORIENTED_EDGE ( 'NONE', *, *, #4876, .T. ) ;
#1574 = CARTESIAN_POINT ( 'NONE',  ( -32.41788286210068293, 15.48641401289933661, 0.5000000000000004441 ) ) ;
#1575 = LINE ( 'NONE', #2611, #6546 ) ;
#1576 = EDGE_CURVE ( 'NONE', #5974, #5427, #4499, .T. ) ;
#1577 = LINE ( 'NONE', #1440, #734 ) ;
#1578 = CARTESIAN_POINT ( 'NONE',  ( 8.932117137899341586, -4.853020875897687541E-14, 0.000000000000000000 ) ) ;
#1579 = VERTEX_POINT ( 'NONE', #1835 ) ;
#1580 = ORIENTED_EDGE ( 'NONE', *, *, #5359, .F. ) ;
#1581 = ORIENTED_EDGE ( 'NONE', *, *, #1979, .T. ) ;
#1582 = DIRECTION ( 'NONE',  ( -0.000000000000000000, -1.000000000000000000, -0.000000000000000000 ) ) ;
#1583 = FACE_OUTER_BOUND ( 'NONE', #4235, .T. ) ;
#1584 = DIRECTION ( 'NONE',  ( -1.000000000000000000, 0.000000000000000000, -0.000000000000000000 ) ) ;
#1585 = AXIS2_PLACEMENT_3D ( 'NONE', #3618, #6633, #5595 ) ;
#1586 = ORIENTED_EDGE ( 'NONE', *, *, #1161, .T. ) ;
#1587 = ORIENTED_EDGE ( 'NONE', *, *, #4818, .F. ) ;
#1588 = EDGE_CURVE ( 'NONE', #1417, #6094, #3993, .T. ) ;
#1589 = CARTESIAN_POINT ( 'NONE',  ( 29.58211713789933484, 16.07582173911838908, 2.757618389620105415 ) ) ;
#1590 = DIRECTION ( 'NONE',  ( 0.000000000000000000, 0.000000000000000000, -1.000000000000000000 ) ) ;
#1591 = AXIS2_PLACEMENT_3D ( 'NONE', #5587, #2465, #992 ) ;
#1592 = CARTESIAN_POINT ( 'NONE',  ( -16.00483313386391870, 15.66277201088163373, 3.250000000000000444 ) ) ;
#1593 = EDGE_CURVE ( 'NONE', #4568, #3290, #4728, .T. ) ;
#1594 = CARTESIAN_POINT ( 'NONE',  ( -13.41788286210068115, 13.48641401289933661, 0.5000000000000004441 ) ) ;
#1595 = VERTEX_POINT ( 'NONE', #290 ) ;
#1596 = AXIS2_PLACEMENT_3D ( 'NONE', #4240, #4771, #5184 ) ;
#1597 = ORIENTED_EDGE ( 'NONE', *, *, #1255, .T. ) ;
#1598 = EDGE_CURVE ( 'NONE', #6564, #3804, #3308, .T. ) ;
#1599 = CARTESIAN_POINT ( 'NONE',  ( -13.41788286210068115, 15.48641401289933661, 0.5000000000000004441 ) ) ;
#1600 = EDGE_CURVE ( 'NONE', #5520, #4632, #3808, .T. ) ;
#1601 = LINE ( 'NONE', #4542, #358 ) ;
#1602 = PLANE ( 'NONE',  #6622 ) ;
#1603 = FACE_OUTER_BOUND ( 'NONE', #4258, .T. ) ;
#1604 = CARTESIAN_POINT ( 'NONE',  ( -32.41788286210068293, 20.78641401289933910, 1.500000000000000444 ) ) ;
#1605 = VERTEX_POINT ( 'NONE', #4999 ) ;
#1606 = DIRECTION ( 'NONE',  ( -0.000000000000000000, -0.000000000000000000, 1.000000000000000000 ) ) ;
#1607 = CARTESIAN_POINT ( 'NONE',  ( 45.85000000000000142, 10.65429687500000355, 5.000000000000000000 ) ) ;
#1608 = CARTESIAN_POINT ( 'NONE',  ( 31.93211713789932560, 15.48641401289933661, 0.5000000000000004441 ) ) ;
#1609 = CARTESIAN_POINT ( 'NONE',  ( 13.58211713789931530, 22.78641401289933910, 1.500000000000000444 ) ) ;
#1610 = ORIENTED_EDGE ( 'NONE', *, *, #1346, .F. ) ;
#1611 = ORIENTED_EDGE ( 'NONE', *, *, #1555, .F. ) ;
#1612 = EDGE_CURVE ( 'NONE', #3151, #6321, #3497, .T. ) ;
#1613 = EDGE_LOOP ( 'NONE', ( #4222, #3179, #5431, #6111, #3148 ) ) ;
#1614 = AXIS2_PLACEMENT_3D ( 'NONE', #6092, #4005, #1968 ) ;
#1615 = CARTESIAN_POINT ( 'NONE',  ( -14.06788286210067973, 15.48641401289933661, 1.500000000000000444 ) ) ;
#1616 = DIRECTION ( 'NONE',  ( 0.000000000000000000, 1.000000000000000000, 0.000000000000000000 ) ) ;
#1617 = CARTESIAN_POINT ( 'NONE',  ( -43.75000000000000000, 13.15429687500000355, 0.3499999999999999223 ) ) ;
#1618 = AXIS2_PLACEMENT_3D ( 'NONE', #3865, #4443, #1792 ) ;
#1619 = EDGE_LOOP ( 'NONE', ( #4693, #6217, #2187, #2539, #3258, #1512 ) ) ;
#1620 = ORIENTED_EDGE ( 'NONE', *, *, #444, .T. ) ;
#1621 = CARTESIAN_POINT ( 'NONE',  ( 16.61788286210067511, 16.07582173911839263, 2.757618389620105859 ) ) ;
#1622 = CARTESIAN_POINT ( 'NONE',  ( -13.41788286210068115, 22.78641401289933910, 0.5000000000000004441 ) ) ;
#1623 = VECTOR ( 'NONE', #5705, 1000.000000000000000 ) ;
#1624 = CARTESIAN_POINT ( 'NONE',  ( -32.41788286210068293, 13.48641401289933661, 0.5000000000000004441 ) ) ;
#1625 = DIRECTION ( 'NONE',  ( 1.000000000000000000, 2.478176394252582127E-16, -0.000000000000000000 ) ) ;
#1626 = DIRECTION ( 'NONE',  ( 1.000000000000000000, 0.000000000000000000, 0.000000000000000000 ) ) ;
#1627 = ORIENTED_EDGE ( 'NONE', *, *, #484, .F. ) ;
#1628 = AXIS2_PLACEMENT_3D ( 'NONE', #1658, #2791, #5812 ) ;
#1629 = VECTOR ( 'NONE', #2934, 1000.000000000000000 ) ;
#1630 = ORIENTED_EDGE ( 'NONE', *, *, #4616, .T. ) ;
#1631 = EDGE_CURVE ( 'NONE', #3104, #2887, #6014, .T. ) ;
#1632 = CARTESIAN_POINT ( 'NONE',  ( 8.932117137899320269, 15.48641401289933661, 1.500000000000000444 ) ) ;
#1633 = CARTESIAN_POINT ( 'NONE',  ( 39.25000000000000000, 23.15429687500000000, 4.000000000000000000 ) ) ;
#1634 = VECTOR ( 'NONE', #3183, 1000.000000000000000 ) ;
#1635 = DIRECTION ( 'NONE',  ( -0.000000000000000000, -1.000000000000000000, -0.000000000000000000 ) ) ;
#1636 = EDGE_CURVE ( 'NONE', #3649, #5161, #4845, .T. ) ;
#1637 = DIRECTION ( 'NONE',  ( 0.7071067811865466846, 0.7071067811865483499, 0.000000000000000000 ) ) ;
#1638 = ADVANCED_FACE ( 'NONE', ( #5542 ), #2839, .F. ) ;
#1639 = DIRECTION ( 'NONE',  ( 0.000000000000000000, 1.000000000000000000, 0.000000000000000000 ) ) ;
#1640 = EDGE_CURVE ( 'NONE', #5206, #1302, #2236, .T. ) ;
#1641 = DIRECTION ( 'NONE',  ( 0.000000000000000000, 0.000000000000000000, 1.000000000000000000 ) ) ;
#1642 = VECTOR ( 'NONE', #833, 1000.000000000000000 ) ;
#1643 = LINE ( 'NONE', #2951, #3045 ) ;
#1644 = CARTESIAN_POINT ( 'NONE',  ( -32.32152486411838765, 23.17217973710068080, 1.500000000000000444 ) ) ;
#1645 = CARTESIAN_POINT ( 'NONE',  ( -29.38211713789932489, 20.23277201088162514, 1.500000000000000444 ) ) ;
#1646 = LINE ( 'NONE', #5731, #5564 ) ;
#1647 = ORIENTED_EDGE ( 'NONE', *, *, #794, .F. ) ;
#1648 = ORIENTED_EDGE ( 'NONE', *, *, #4379, .F. ) ;
#1649 = ORIENTED_EDGE ( 'NONE', *, *, #3644, .F. ) ;
#1650 = DIRECTION ( 'NONE',  ( 1.334402673828313586E-16, -1.000000000000000000, 0.000000000000000000 ) ) ;
#1651 = DIRECTION ( 'NONE',  ( -0.000000000000000000, -0.000000000000000000, 1.000000000000000000 ) ) ;
#1652 = VECTOR ( 'NONE', #4836, 1000.000000000000000 ) ;
#1653 = CARTESIAN_POINT ( 'NONE',  ( -14.06788286210067973, 20.80448725967914925, 0.5000000000000004441 ) ) ;
#1654 = ORIENTED_EDGE ( 'NONE', *, *, #4959, .T. ) ;
#1655 = ORIENTED_EDGE ( 'NONE', *, *, #4373, .F. ) ;
#1656 = VECTOR ( 'NONE', #4888, 1000.000000000000000 ) ;
#1657 = DIRECTION ( 'NONE',  ( 1.000000000000000000, 1.334402673828313586E-16, 0.000000000000000000 ) ) ;
#1658 = CARTESIAN_POINT ( 'NONE',  ( -45.75000000000000000, 16.16277201088163551, 3.250000000000000444 ) ) ;
#1659 = VECTOR ( 'NONE', #874, 1000.000000000000000 ) ;
#1660 = CARTESIAN_POINT ( 'NONE',  ( 32.58211713789932418, 15.48641401289933661, 0.5000000000000004441 ) ) ;
#1661 = ORIENTED_EDGE ( 'NONE', *, *, #4214, .T. ) ;
#1662 = VERTEX_POINT ( 'NONE', #949 ) ;
#1663 = LINE ( 'NONE', #2664, #1839 ) ;
#1664 = CARTESIAN_POINT ( 'NONE',  ( -6.795166866136082007, 15.66277201088163018, 3.503801376738365114 ) ) ;
#1665 = DIRECTION ( 'NONE',  ( -0.7071067811865483499, 0.7071067811865466846, 0.000000000000000000 ) ) ;
#1666 = FACE_OUTER_BOUND ( 'NONE', #2813, .T. ) ;
#1667 = FACE_OUTER_BOUND ( 'NONE', #5417, .T. ) ;
#1668 = DIRECTION ( 'NONE',  ( -0.000000000000000000, 0.000000000000000000, 1.000000000000000000 ) ) ;
#1669 = CARTESIAN_POINT ( 'NONE',  ( 32.58211713789932418, 20.78641401289933910, 1.500000000000000444 ) ) ;
#1670 = EDGE_CURVE ( 'NONE', #4910, #5665, #4278, .T. ) ;
#1671 = EDGE_CURVE ( 'NONE', #3535, #5206, #2266, .T. ) ;
#1672 = CARTESIAN_POINT ( 'NONE',  ( 39.61788286210068577, 20.23277201088162514, 6.000000000000000000 ) ) ;
#1673 = CARTESIAN_POINT ( 'NONE',  ( -44.00000000000000000, 23.15429687500000355, 0.000000000000000000 ) ) ;
#1674 = CARTESIAN_POINT ( 'NONE',  ( 29.58211713789933484, 20.23277201088163224, 3.745075751779461726 ) ) ;
#1675 = EDGE_CURVE ( 'NONE', #2632, #5269, #3836, .T. ) ;
#1676 = VERTEX_POINT ( 'NONE', #1296 ) ;
#1677 = ORIENTED_EDGE ( 'NONE', *, *, #1367, .T. ) ;
#1678 = ORIENTED_EDGE ( 'NONE', *, *, #3505, .F. ) ;
#1679 = EDGE_CURVE ( 'NONE', #746, #3049, #5323, .T. ) ;
#1680 = LINE ( 'NONE', #3721, #1831 ) ;
#1681 = CC_DESIGN_PERSON_AND_ORGANIZATION_ASSIGNMENT ( #5565, #2450, ( #859 ) ) ;
#1682 = DIRECTION ( 'NONE',  ( -1.000000000000000000, -0.000000000000000000, -0.000000000000000000 ) ) ;
#1683 = CARTESIAN_POINT ( 'NONE',  ( -43.75000000000000000, 13.15429687500000533, 0.4964466094067262469 ) ) ;
#1684 = ORIENTED_EDGE ( 'NONE', *, *, #2127, .T. ) ;
#1685 = ORIENTED_EDGE ( 'NONE', *, *, #993, .T. ) ;
#1686 = CARTESIAN_POINT ( 'NONE',  ( 39.18881272280277983, 15.64675159982048491, 3.323659271042907815 ) ) ;
#1687 = DIRECTION ( 'NONE',  ( -1.000000000000000000, 0.000000000000000000, 0.000000000000000000 ) ) ;
#1688 = DIRECTION ( 'NONE',  ( -0.000000000000000000, 1.000000000000000000, -0.000000000000000000 ) ) ;
#1689 = DIRECTION ( 'NONE',  ( 0.000000000000000000, 0.000000000000000000, 1.000000000000000000 ) ) ;
#1690 = ORIENTED_EDGE ( 'NONE', *, *, #4779, .T. ) ;
#1691 = ORIENTED_EDGE ( 'NONE', *, *, #3998, .T. ) ;
#1692 = EDGE_LOOP ( 'NONE', ( #309, #5129, #4641, #1734, #6269, #3613 ) ) ;
#1693 = CARTESIAN_POINT ( 'NONE',  ( -45.75000000000000000, 13.90429687500000355, 1.000000000000000000 ) ) ;
#1694 = ADVANCED_FACE ( 'NONE', ( #3379 ), #5931, .F. ) ;
#1695 = AXIS2_PLACEMENT_3D ( 'NONE', #4583, #2007, #5053 ) ;
#1696 = CARTESIAN_POINT ( 'NONE',  ( 9.582117137899318848, 13.48641401289933661, 0.5000000000000004441 ) ) ;
#1697 = CARTESIAN_POINT ( 'NONE',  ( -45.75000000000000000, 20.16277201088163196, 3.250000000000000444 ) ) ;
#1698 = DIRECTION ( 'NONE',  ( -0.000000000000000000, -0.000000000000000000, 1.000000000000000000 ) ) ;
#1699 = VECTOR ( 'NONE', #495, 1000.000000000000000 ) ;
#1700 = CARTESIAN_POINT ( 'NONE',  ( -43.50000000000000000, 13.40429687500000355, 0.5999999999999999778 ) ) ;
#1701 = ORIENTED_EDGE ( 'NONE', *, *, #2045, .T. ) ;
#1702 = DIRECTION ( 'NONE',  ( 1.000000000000000000, -1.734723475976806709E-18, -0.000000000000000000 ) ) ;
#1703 = EDGE_CURVE ( 'NONE', #3925, #5936, #5422, .T. ) ;
#1704 = DIRECTION ( 'NONE',  ( -0.000000000000000000, 1.000000000000000000, 0.000000000000000000 ) ) ;
#1705 = DIRECTION ( 'NONE',  ( -0.000000000000000000, -0.000000000000000000, 1.000000000000000000 ) ) ;
#1706 = CARTESIAN_POINT ( 'NONE',  ( -13.41788286210068115, 13.48641401289933661, 0.5000000000000004441 ) ) ;
#1707 = VERTEX_POINT ( 'NONE', #4564 ) ;
#1708 = ORIENTED_EDGE ( 'NONE', *, *, #277, .F. ) ;
#1709 = VERTEX_POINT ( 'NONE', #4598 ) ;
#1710 = EDGE_CURVE ( 'NONE', #5082, #2119, #3029, .T. ) ;
#1711 = DIRECTION ( 'NONE',  ( 0.000000000000000000, 0.7071067811865352493, 0.7071067811865597852 ) ) ;
#1712 = AXIS2_PLACEMENT_3D ( 'NONE', #6517, #2025, #5615 ) ;
#1713 = PLANE ( 'NONE',  #1844 ) ;
#1714 = DIRECTION ( 'NONE',  ( 0.7071067811865466846, 0.7071067811865483499, 0.000000000000000000 ) ) ;
#1715 = ADVANCED_FACE ( 'NONE', ( #5034 ), #3126, .F. ) ;
#1716 = ADVANCED_FACE ( 'NONE', ( #985 ), #3566, .F. ) ;
#1717 = EDGE_LOOP ( 'NONE', ( #4054, #1218, #5011, #6064 ) ) ;
#1718 = EDGE_LOOP ( 'NONE', ( #4188, #2500, #4095, #3732, #2144, #2111 ) ) ;
#1719 = VECTOR ( 'NONE', #577, 1000.000000000000000 ) ;
#1720 = DIRECTION ( 'NONE',  ( -0.000000000000000000, 1.000000000000000000, -0.000000000000000000 ) ) ;
#1721 = FACE_OUTER_BOUND ( 'NONE', #5227, .T. ) ;
#1722 = EDGE_CURVE ( 'NONE', #3448, #2794, #6116, .T. ) ;
#1723 = CARTESIAN_POINT ( 'NONE',  ( -9.303642002017701529, 23.15429687499999645, 1.500000000000000444 ) ) ;
#1724 = AXIS2_PLACEMENT_3D ( 'NONE', #4027, #6052, #4501 ) ;
#1725 = EDGE_LOOP ( 'NONE', ( #938, #1239 ) ) ;
#1726 = ORIENTED_EDGE ( 'NONE', *, *, #1003, .F. ) ;
#1727 = ORIENTED_EDGE ( 'NONE', *, *, #367, .T. ) ;
#1728 = AXIS2_PLACEMENT_3D ( 'NONE', #197, #1650, #64 ) ;
#1729 = LINE ( 'NONE', #1766, #1652 ) ;
#1730 = DIRECTION ( 'NONE',  ( 0.000000000000000000, 1.000000000000000000, 0.000000000000000000 ) ) ;
#1731 = VECTOR ( 'NONE', #2960, 1000.000000000000000 ) ;
#1732 = CARTESIAN_POINT ( 'NONE',  ( -45.75000000000000000, 10.65429687500000355, 6.000000000000000000 ) ) ;
#1733 = AXIS2_PLACEMENT_3D ( 'NONE', #2669, #1736, #86 ) ;
#1734 = ORIENTED_EDGE ( 'NONE', *, *, #1237, .T. ) ;
#1735 = CARTESIAN_POINT ( 'NONE',  ( -14.06788286210067973, 15.48641401289933661, 1.500000000000000444 ) ) ;
#1736 = DIRECTION ( 'NONE',  ( 0.000000000000000000, -1.000000000000000000, 0.000000000000000000 ) ) ;
#1737 = CARTESIAN_POINT ( 'NONE',  ( -43.25000000000000000, 23.15429687500000355, 0.000000000000000000 ) ) ;
#1738 = VECTOR ( 'NONE', #1515, 1000.000000000000000 ) ;
#1739 = DIRECTION ( 'NONE',  ( 0.000000000000000000, 0.000000000000000000, -1.000000000000000000 ) ) ;
#1740 = DIRECTION ( 'NONE',  ( 0.000000000000000000, 0.000000000000000000, 1.000000000000000000 ) ) ;
#1741 = CARTESIAN_POINT ( 'NONE',  ( 39.25000000000000000, 13.15429687500000355, 6.000000000000000000 ) ) ;
#1742 = VECTOR ( 'NONE', #5904, 1000.000000000000000 ) ;
#1743 = EDGE_LOOP ( 'NONE', ( #2545, #1869, #3149, #3811, #5178, #435, #4309, #1452, #5123, #4272, #1678, #5917, #3588, #4851, #3695, #506, #3895, #4046, #2254, #1356, #1022, #804, #499, #549, #5789 ) ) ;
#1744 = ORIENTED_EDGE ( 'NONE', *, *, #5811, .T. ) ;
#1745 =( BOUNDED_CURVE ( )  B_SPLINE_CURVE ( 3, ( #6278, #1686, #3726, #4359 ),
 .UNSPECIFIED., .F., .T. ) 
 B_SPLINE_CURVE_WITH_KNOTS ( ( 4, 4 ),
 ( 2.713276164354545994, 3.569909142825040238 ),
 .UNSPECIFIED. ) 
 CURVE ( )  GEOMETRIC_REPRESENTATION_ITEM ( )  RATIONAL_B_SPLINE_CURVE ( ( 1.000000000000000000, 0.9397775118185696108, 0.9397775118185696108, 1.000000000000000000 ) ) 
 REPRESENTATION_ITEM ( '' )  );
#1746 = ORIENTED_EDGE ( 'NONE', *, *, #2016, .T. ) ;
#1747 = DIRECTION ( 'NONE',  ( 1.000000000000000000, -1.734723475976806709E-18, -0.000000000000000000 ) ) ;
#1748 = CARTESIAN_POINT ( 'NONE',  ( 37.23211713789931565, 20.78641401289933910, -2.999999999999999112 ) ) ;
#1749 = CARTESIAN_POINT ( 'NONE',  ( -7.017882862100685237, 20.78641401289933910, 0.5000000000000004441 ) ) ;
#1750 = PLANE ( 'NONE',  #5051 ) ;
#1751 = EDGE_CURVE ( 'NONE', #2944, #3348, #5070, .T. ) ;
#1752 = ORIENTED_EDGE ( 'NONE', *, *, #3219, .T. ) ;
#1753 = ORIENTED_EDGE ( 'NONE', *, *, #3615, .F. ) ;
#1754 = CARTESIAN_POINT ( 'NONE',  ( 46.25000000000000000, 13.90429687500000355, 1.000000000000000000 ) ) ;
#1755 = VECTOR ( 'NONE', #4439, 1000.000000000000000 ) ;
#1756 = LINE ( 'NONE', #3159, #1219 ) ;
#1757 = EDGE_CURVE ( 'NONE', #1177, #643, #4941, .T. ) ;
#1758 = EDGE_CURVE ( 'NONE', #4527, #719, #5100, .T. ) ;
#1759 = CARTESIAN_POINT ( 'NONE',  ( -31.76788286210068790, 15.50448725967914676, 0.5000000000000004441 ) ) ;
#1760 = ADVANCED_FACE ( 'NONE', ( #73 ), #5714, .F. ) ;
#1761 = ORIENTED_EDGE ( 'NONE', *, *, #2819, .T. ) ;
#1762 = VECTOR ( 'NONE', #3028, 1000.000000000000000 ) ;
#1763 = EDGE_CURVE ( 'NONE', #2949, #4352, #1525, .T. ) ;
#1764 = VERTEX_POINT ( 'NONE', #1624 ) ;
#1765 = ORIENTED_EDGE ( 'NONE', *, *, #5973, .F. ) ;
#1766 = CARTESIAN_POINT ( 'NONE',  ( -45.75000000000000000, 19.66277201088163196, 3.250000000000000444 ) ) ;
#1767 = VECTOR ( 'NONE', #6410, 1000.000000000000000 ) ;
#1768 = PLANE ( 'NONE',  #2247 ) ;
#1769 = ORIENTED_EDGE ( 'NONE', *, *, #1468, .F. ) ;
#1770 = CARTESIAN_POINT ( 'NONE',  ( -16.41788286210066872, 16.07582173911838908, 1.500000000000000444 ) ) ;
#1771 = CARTESIAN_POINT ( 'NONE',  ( 39.25000000000000000, 13.15429687500000355, 4.000000000000000000 ) ) ;
#1772 = DIRECTION ( 'NONE',  ( 1.000000000000000000, 0.000000000000000000, 0.000000000000000000 ) ) ;
#1773 = DIRECTION ( 'NONE',  ( 0.000000000000000000, -0.000000000000000000, -1.000000000000000000 ) ) ;
#1774 = DIRECTION ( 'NONE',  ( -1.000000000000000000, 0.000000000000000000, 0.000000000000000000 ) ) ;
#1775 = DIRECTION ( 'NONE',  ( 0.000000000000000000, 0.7071067811865477948, 0.7071067811865473507 ) ) ;
#1776 = ORIENTED_EDGE ( 'NONE', *, *, #733, .F. ) ;
#1777 = ORIENTED_EDGE ( 'NONE', *, *, #3399, .T. ) ;
#1778 = ORIENTED_EDGE ( 'NONE', *, *, #933, .T. ) ;
#1779 = EDGE_CURVE ( 'NONE', #2161, #2106, #1120, .T. ) ;
#1780 = DIRECTION ( 'NONE',  ( 0.000000000000000000, 0.000000000000000000, 1.000000000000000000 ) ) ;
#1781 = DIRECTION ( 'NONE',  ( -0.000000000000000000, 0.000000000000000000, 1.000000000000000000 ) ) ;
#1782 = CARTESIAN_POINT ( 'NONE',  ( 39.25000000000000000, 20.60065487298230735, 1.500000000000000444 ) ) ;
#1783 = ORIENTED_EDGE ( 'NONE', *, *, #4289, .T. ) ;
#1784 = EDGE_LOOP ( 'NONE', ( #5356, #3471, #4945, #5554, #430, #1484, #6477, #4236, #4282 ) ) ;
#1785 = LINE ( 'NONE', #1350, #4648 ) ;
#1786 = CARTESIAN_POINT ( 'NONE',  ( 23.00000000000000000, 15.48641401289933661, 0.000000000000000000 ) ) ;
#1787 = ORIENTED_EDGE ( 'NONE', *, *, #848, .F. ) ;
#1788 = EDGE_LOOP ( 'NONE', ( #1206, #207, #6423 ) ) ;
#1789 = EDGE_LOOP ( 'NONE', ( #968, #3590, #2401, #238 ) ) ;
#1790 = DIRECTION ( 'NONE',  ( 0.000000000000000000, -1.000000000000000000, 0.000000000000000000 ) ) ;
#1791 = FACE_OUTER_BOUND ( 'NONE', #708, .T. ) ;
#1792 = DIRECTION ( 'NONE',  ( 0.000000000000000000, -0.000000000000000000, 1.000000000000000000 ) ) ;
#1793 = ORIENTED_EDGE ( 'NONE', *, *, #1117, .T. ) ;
#1794 = DIRECTION ( 'NONE',  ( -0.000000000000000000, -0.000000000000000000, 1.000000000000000000 ) ) ;
#1795 = EDGE_CURVE ( 'NONE', #6024, #2970, #1562, .T. ) ;
#1796 = ADVANCED_FACE ( 'NONE', ( #518 ), #486, .T. ) ;
#1797 = VECTOR ( 'NONE', #5497, 1000.000000000000000 ) ;
#1798 = DIRECTION ( 'NONE',  ( 0.000000000000000000, 0.000000000000000000, 1.000000000000000000 ) ) ;
#1799 = CARTESIAN_POINT ( 'NONE',  ( -9.321524864118371667, 13.13641401289933874, 6.000000000000000000 ) ) ;
#1800 = DIRECTION ( 'NONE',  ( -0.5773502691896458261, -0.5773502691896258421, 0.5773502691896057470 ) ) ;
#1801 = VECTOR ( 'NONE', #4314, 1000.000000000000000 ) ;
#1802 = CARTESIAN_POINT ( 'NONE',  ( 31.93211713789932560, 20.80448725967914925, 0.5000000000000004441 ) ) ;
#1803 = PLANE ( 'NONE',  #3953 ) ;
#1804 = ORIENTED_EDGE ( 'NONE', *, *, #6018, .T. ) ;
#1805 = ORIENTED_EDGE ( 'NONE', *, *, #814, .F. ) ;
#1806 = ORIENTED_EDGE ( 'NONE', *, *, #6388, .T. ) ;
#1807 = FACE_OUTER_BOUND ( 'NONE', #844, .T. ) ;
#1808 = LINE ( 'NONE', #806, #3822 ) ;
#1809 = CARTESIAN_POINT ( 'NONE',  ( 36.58211713789932418, 15.48641401289933661, 1.500000000000000444 ) ) ;
#1810 = ADVANCED_FACE ( 'NONE', ( #2096 ), #4099, .F. ) ;
#1811 = ORIENTED_EDGE ( 'NONE', *, *, #674, .T. ) ;
#1812 = ORIENTED_EDGE ( 'NONE', *, *, #1763, .T. ) ;
#1813 = DIRECTION ( 'NONE',  ( 1.000000000000000000, -1.734723475976806709E-18, -0.000000000000000000 ) ) ;
#1814 = AXIS2_PLACEMENT_3D ( 'NONE', #2848, #869, #6036 ) ;
#1815 = FACE_OUTER_BOUND ( 'NONE', #1718, .T. ) ;
#1816 = CARTESIAN_POINT ( 'NONE',  ( -16.41788286210066872, 20.23277201088163224, 4.000000000000000000 ) ) ;
#1817 =( BOUNDED_CURVE ( )  B_SPLINE_CURVE ( 3, ( #351, #4408, #1256, #6357 ),
 .UNSPECIFIED., .F., .T. ) 
 B_SPLINE_CURVE_WITH_KNOTS ( ( 4, 4 ),
 ( 1.745585516796703596, 3.141592653589793116 ),
 .UNSPECIFIED. ) 
 CURVE ( )  GEOMETRIC_REPRESENTATION_ITEM ( )  RATIONAL_B_SPLINE_CURVE ( ( 1.000000000000000000, 0.8440845325001398169, 0.8440845325001398169, 1.000000000000000000 ) ) 
 REPRESENTATION_ITEM ( '' )  );
#1818 = EDGE_CURVE ( 'NONE', #4654, #3463, #4025, .T. ) ;
#1819 = VECTOR ( 'NONE', #4684, 1000.000000000000000 ) ;
#1820 = ORIENTED_EDGE ( 'NONE', *, *, #4698, .F. ) ;
#1821 = VERTEX_POINT ( 'NONE', #6082 ) ;
#1822 = VERTEX_POINT ( 'NONE', #1488 ) ;
#1823 = CARTESIAN_POINT ( 'NONE',  ( 16.61788286210067511, 16.07582173911839263, 3.742381610379894585 ) ) ;
#1824 = CARTESIAN_POINT ( 'NONE',  ( -45.35000000000000142, 25.65429687500000355, 6.000000000000000000 ) ) ;
#1825 = CIRCLE ( 'NONE', #4182, 0.5000000000000000000 ) ;
#1826 = CARTESIAN_POINT ( 'NONE',  ( 31.93211713789931849, 20.78641401289933910, 0.000000000000000000 ) ) ;
#1827 = CARTESIAN_POINT ( 'NONE',  ( 39.25000000000000000, 20.60065487298230735, 1.500000000000000444 ) ) ;
#1828 = ORIENTED_EDGE ( 'NONE', *, *, #2525, .T. ) ;
#1829 = FACE_OUTER_BOUND ( 'NONE', #1005, .T. ) ;
#1830 = ADVANCED_FACE ( 'NONE', ( #6186 ), #3529, .T. ) ;
#1831 = VECTOR ( 'NONE', #5767, 1000.000000000000114 ) ;
#1832 = EDGE_LOOP ( 'NONE', ( #4502, #4519, #1109, #5063 ) ) ;
#1833 = LINE ( 'NONE', #1927, #4929 ) ;
#1834 = LINE ( 'NONE', #3573, #1966 ) ;
#1835 = CARTESIAN_POINT ( 'NONE',  ( 6.582117137899329506, 19.66277201088163196, 3.250000000000000444 ) ) ;
#1836 = EDGE_CURVE ( 'NONE', #4473, #5938, #1249, .T. ) ;
#1837 = VECTOR ( 'NONE', #5759, 1000.000000000000000 ) ;
#1838 = EDGE_CURVE ( 'NONE', #4185, #2198, #140, .T. ) ;
#1839 = VECTOR ( 'NONE', #147, 1000.000000000000000 ) ;
#1840 = DIRECTION ( 'NONE',  ( 0.000000000000000000, -0.000000000000000000, -1.000000000000000000 ) ) ;
#1841 = EDGE_CURVE ( 'NONE', #643, #178, #2592, .T. ) ;
#1842 = CARTESIAN_POINT ( 'NONE',  ( -6.382117137899323112, 16.16277201088163551, 3.250000000000000444 ) ) ;
#1843 = ORIENTED_EDGE ( 'NONE', *, *, #693, .F. ) ;
#1844 = AXIS2_PLACEMENT_3D ( 'NONE', #2182, #98, #3750 ) ;
#1845 = EDGE_LOOP ( 'NONE', ( #2154, #5259, #1884, #2021, #1492, #4625, #1630, #580, #540 ) ) ;
#1846 = AXIS2_PLACEMENT_3D ( 'NONE', #5081, #6030, #6093 ) ;
#1847 = VERTEX_POINT ( 'NONE', #1216 ) ;
#1848 = DIRECTION ( 'NONE',  ( 0.000000000000000000, 0.000000000000000000, -1.000000000000000000 ) ) ;
#1849 = CARTESIAN_POINT ( 'NONE',  ( 0.000000000000000000, 20.78641401289933910, 0.000000000000000000 ) ) ;
#1850 = PLANE ( 'NONE',  #2031 ) ;
#1851 = AXIS2_PLACEMENT_3D ( 'NONE', #4660, #3052, #584 ) ;
#1852 = ORIENTED_EDGE ( 'NONE', *, *, #1671, .F. ) ;
#1853 = ORIENTED_EDGE ( 'NONE', *, *, #967, .F. ) ;
#1854 = PLANE ( 'NONE',  #1548 ) ;
#1855 = CARTESIAN_POINT ( 'NONE',  ( 36.67847513588163366, 13.13641401289933874, 4.000000000000000000 ) ) ;
#1856 = LINE ( 'NONE', #6480, #5480 ) ;
#1857 = VERTEX_POINT ( 'NONE', #5745 ) ;
#1858 = ORIENTED_EDGE ( 'NONE', *, *, #1342, .T. ) ;
#1859 = AXIS2_PLACEMENT_3D ( 'NONE', #5651, #1126, #1060 ) ;
#1860 = ORIENTED_EDGE ( 'NONE', *, *, #3615, .T. ) ;
#1861 = DIRECTION ( 'NONE',  ( 0.000000000000000000, 1.000000000000000000, 0.000000000000000000 ) ) ;
#1862 = DIRECTION ( 'NONE',  ( -0.000000000000000000, -0.000000000000000000, 1.000000000000000000 ) ) ;
#1863 = ADVANCED_FACE ( 'NONE', ( #619 ), #6251, .T. ) ;
#1864 = DIRECTION ( 'NONE',  ( -0.000000000000000000, -0.000000000000000000, -1.000000000000000000 ) ) ;
#1865 = VECTOR ( 'NONE', #6080, 1000.000000000000000 ) ;
#1866 = FACE_OUTER_BOUND ( 'NONE', #4936, .T. ) ;
#1867 = ORIENTED_EDGE ( 'NONE', *, *, #5682, .T. ) ;
#1868 = ORIENTED_EDGE ( 'NONE', *, *, #2932, .T. ) ;
#1869 = ORIENTED_EDGE ( 'NONE', *, *, #4895, .F. ) ;
#1870 = DIRECTION ( 'NONE',  ( 0.000000000000000000, 0.000000000000000000, -1.000000000000000000 ) ) ;
#1871 = FACE_OUTER_BOUND ( 'NONE', #2411, .T. ) ;
#1872 = DIRECTION ( 'NONE',  ( -0.000000000000000000, -0.000000000000000000, 1.000000000000000000 ) ) ;
#1873 = DIRECTION ( 'NONE',  ( -0.7071067811865360264, 0.5000000000000079936, -0.5000000000000083267 ) ) ;
#1874 = VECTOR ( 'NONE', #3158, 1000.000000000000000 ) ;
#1875 = VERTEX_POINT ( 'NONE', #3229 ) ;
#1876 = EDGE_CURVE ( 'NONE', #1918, #4053, #684, .T. ) ;
#1877 = VERTEX_POINT ( 'NONE', #4797 ) ;
#1878 = ORIENTED_EDGE ( 'NONE', *, *, #4417, .F. ) ;
#1879 = DIRECTION ( 'NONE',  ( 0.000000000000000000, 1.000000000000000000, 0.000000000000000000 ) ) ;
#1880 = DIRECTION ( 'NONE',  ( -0.000000000000000000, -1.000000000000000000, -0.000000000000000000 ) ) ;
#1881 = DIRECTION ( 'NONE',  ( -1.000000000000000000, -0.000000000000000000, -0.000000000000000000 ) ) ;
#1882 = ORIENTED_EDGE ( 'NONE', *, *, #1841, .T. ) ;
#1883 = ADVANCED_FACE ( 'NONE', ( #5210 ), #3699, .F. ) ;
#1884 = ORIENTED_EDGE ( 'NONE', *, *, #2739, .T. ) ;
#1885 = DIRECTION ( 'NONE',  ( -1.000000000000000000, -8.896017825522088106E-17, 0.000000000000000000 ) ) ;
#1886 = CARTESIAN_POINT ( 'NONE',  ( -45.75000000000000000, 13.90429687500000355, 1.000000000000000000 ) ) ;
#1887 = VERTEX_POINT ( 'NONE', #243 ) ;
#1888 = VERTEX_POINT ( 'NONE', #1759 ) ;
#1889 = PLANE ( 'NONE',  #5039 ) ;
#1890 = DIRECTION ( 'NONE',  ( -0.000000000000000000, -1.000000000000000000, -0.000000000000000000 ) ) ;
#1891 = CARTESIAN_POINT ( 'NONE',  ( 13.67847513588162833, 13.13641401289933874, 1.500000000000000444 ) ) ;
#1892 = ORIENTED_EDGE ( 'NONE', *, *, #5281, .F. ) ;
#1893 = EDGE_CURVE ( 'NONE', #128, #5634, #5842, .T. ) ;
#1894 = VERTEX_POINT ( 'NONE', #4233 ) ;
#1895 = CARTESIAN_POINT ( 'NONE',  ( -36.49635799798231517, 23.15429687499999289, 6.000000000000000000 ) ) ;
#1896 = DIRECTION ( 'NONE',  ( 0.000000000000000000, 1.000000000000000000, 0.000000000000000000 ) ) ;
#1897 = CARTESIAN_POINT ( 'NONE',  ( -45.75000000000000000, 24.87145416252537444, 5.217157287525372666 ) ) ;
#1898 = CARTESIAN_POINT ( 'NONE',  ( 39.25000000000000000, 15.70793887701771396, 4.000000000000000000 ) ) ;
#1899 = CARTESIAN_POINT ( 'NONE',  ( 45.85000000000000142, 10.65429687500000355, 5.000000000000000000 ) ) ;
#1900 = ORIENTED_EDGE ( 'NONE', *, *, #566, .T. ) ;
#1901 = ORIENTED_EDGE ( 'NONE', *, *, #1671, .T. ) ;
#1902 = EDGE_CURVE ( 'NONE', #1354, #2448, #173, .T. ) ;
#1903 = ORIENTED_EDGE ( 'NONE', *, *, #5106, .T. ) ;
#1904 = VECTOR ( 'NONE', #1651, 1000.000000000000000 ) ;
#1905 = LINE ( 'NONE', #3914, #3981 ) ;
#1906 = CARTESIAN_POINT ( 'NONE',  ( 46.25000000000000000, 25.25429687500001918, 6.000000000000000000 ) ) ;
#1907 = CARTESIAN_POINT ( 'NONE',  ( -16.15919986322042590, 20.49145500976187861, 2.791500085062741832 ) ) ;
#1908 = VECTOR ( 'NONE', #2404, 1000.000000000000000 ) ;
#1909 = ORIENTED_EDGE ( 'NONE', *, *, #1508, .T. ) ;
#1910 = ADVANCED_FACE ( 'NONE', ( #2258 ), #2159, .F. ) ;
#1911 = ORIENTED_EDGE ( 'NONE', *, *, #6586, .T. ) ;
#1912 = FACE_OUTER_BOUND ( 'NONE', #1945, .T. ) ;
#1913 = CARTESIAN_POINT ( 'NONE',  ( -38.75000000000000000, 22.40429687500000355, 1.000000000000000000 ) ) ;
#1914 = CARTESIAN_POINT ( 'NONE',  ( 32.58211713789932418, 22.78641401289933910, 0.5000000000000004441 ) ) ;
#1915 = ADVANCED_FACE ( 'NONE', ( #6281 ), #5775, .F. ) ;
#1916 = EDGE_CURVE ( 'NONE', #3841, #557, #2293, .T. ) ;
#1917 = EDGE_CURVE ( 'NONE', #2556, #5665, #4333, .T. ) ;
#1918 = VERTEX_POINT ( 'NONE', #6379 ) ;
#1919 = ORIENTED_EDGE ( 'NONE', *, *, #2399, .T. ) ;
#1920 = EDGE_CURVE ( 'NONE', #4632, #4751, #5239, .T. ) ;
#1921 = CARTESIAN_POINT ( 'NONE',  ( 30.18211713789932560, 20.80448725967914925, 0.5000000000000004441 ) ) ;
#1922 = AXIS2_PLACEMENT_3D ( 'NONE', #5054, #6101, #2614 ) ;
#1923 = DIRECTION ( 'NONE',  ( 0.000000000000000000, -0.000000000000000000, -1.000000000000000000 ) ) ;
#1924 = CARTESIAN_POINT ( 'NONE',  ( 31.93211713789931849, 20.78641401289933910, -2.999999999999999112 ) ) ;
#1925 = ORIENTED_EDGE ( 'NONE', *, *, #5978, .F. ) ;
#1926 = VERTEX_POINT ( 'NONE', #5875 ) ;
#1927 = CARTESIAN_POINT ( 'NONE',  ( -45.75000000000000000, 19.66277201088163196, 3.250000000000000444 ) ) ;
#1928 = AXIS2_PLACEMENT_3D ( 'NONE', #3938, #1266, #4847 ) ;
#1929 = DIRECTION ( 'NONE',  ( 1.000000000000000000, 0.000000000000000000, 0.000000000000000000 ) ) ;
#1930 = EDGE_CURVE ( 'NONE', #2748, #6202, #4764, .T. ) ;
#1931 = DIRECTION ( 'NONE',  ( -0.000000000000000000, -0.000000000000000000, 1.000000000000000000 ) ) ;
#1932 = PLANE ( 'NONE',  #2036 ) ;
#1933 = VECTOR ( 'NONE', #3337, 1000.000000000000000 ) ;
#1934 = CARTESIAN_POINT ( 'NONE',  ( 36.69635799798229669, 23.15429687500000000, 6.000000000000000000 ) ) ;
#1935 = VERTEX_POINT ( 'NONE', #2691 ) ;
#1936 = VERTEX_POINT ( 'NONE', #4263 ) ;
#1937 = ORIENTED_EDGE ( 'NONE', *, *, #1443, .T. ) ;
#1938 = VECTOR ( 'NONE', #4786, 1000.000000000000000 ) ;
#1939 = EDGE_CURVE ( 'NONE', #1894, #5138, #4729, .T. ) ;
#1940 = FACE_OUTER_BOUND ( 'NONE', #6253, .T. ) ;
#1941 = CARTESIAN_POINT ( 'NONE',  ( 13.58211713789931530, 20.78641401289933910, 0.5000000000000004441 ) ) ;
#1942 = FACE_OUTER_BOUND ( 'NONE', #5599, .T. ) ;
#1943 = VECTOR ( 'NONE', #2206, 1000.000000000000000 ) ;
#1944 = VECTOR ( 'NONE', #5041, 1000.000000000000000 ) ;
#1945 = EDGE_LOOP ( 'NONE', ( #5493, #937, #5626, #1558, #2693, #1378 ) ) ;
#1946 = ORIENTED_EDGE ( 'NONE', *, *, #693, .T. ) ;
#1947 = DIRECTION ( 'NONE',  ( 0.000000000000000000, 0.000000000000000000, -1.000000000000000000 ) ) ;
#1948 = DIRECTION ( 'NONE',  ( 0.000000000000000000, 0.000000000000000000, -1.000000000000000000 ) ) ;
#1949 = VECTOR ( 'NONE', #1176, 1000.000000000000000 ) ;
#1950 = LINE ( 'NONE', #1352, #1413 ) ;
#1951 = VERTEX_POINT ( 'NONE', #1816 ) ;
#1952 = ORIENTED_EDGE ( 'NONE', *, *, #2857, .T. ) ;
#1953 = AXIS2_PLACEMENT_3D ( 'NONE', #867, #3316, #5362 ) ;
#1954 = ADVANCED_FACE ( 'NONE', ( #4922 ), #5505, .T. ) ;
#1955 = CYLINDRICAL_SURFACE ( 'NONE', #4398, 0.5000000000000004441 ) ;
#1956 = EDGE_CURVE ( 'NONE', #5456, #4008, #3425, .T. ) ;
#1957 = LINE ( 'NONE', #2330, #1755 ) ;
#1958 = DIRECTION ( 'NONE',  ( 1.000000000000000000, 0.000000000000000000, 0.000000000000000000 ) ) ;
#1959 = EDGE_CURVE ( 'NONE', #873, #3870, #4300, .T. ) ;
#1960 = DIRECTION ( 'NONE',  ( -0.000000000000000000, 1.000000000000000000, -0.000000000000000000 ) ) ;
#1961 = VERTEX_POINT ( 'NONE', #5977 ) ;
#1962 = ORIENTED_EDGE ( 'NONE', *, *, #6390, .T. ) ;
#1963 = EDGE_CURVE ( 'NONE', #5982, #1418, #6510, .T. ) ;
#1964 = CARTESIAN_POINT ( 'NONE',  ( -16.41788286210066872, 20.23277201088163224, 1.500000000000000444 ) ) ;
#1965 = CARTESIAN_POINT ( 'NONE',  ( 39.25000000000000000, 15.70793887701771041, 3.042330020610780839 ) ) ;
#1966 = VECTOR ( 'NONE', #462, 1000.000000000000000 ) ;
#1967 = CARTESIAN_POINT ( 'NONE',  ( -31.76788286210068790, 20.78641401289933910, 0.000000000000000000 ) ) ;
#1968 = DIRECTION ( 'NONE',  ( 0.000000000000000000, 0.000000000000000000, 1.000000000000000000 ) ) ;
#1969 = FACE_OUTER_BOUND ( 'NONE', #1187, .T. ) ;
#1970 = ORIENTED_EDGE ( 'NONE', *, *, #3396, .F. ) ;
#1971 = VECTOR ( 'NONE', #1412, 1000.000000000000000 ) ;
#1972 = ORIENTED_EDGE ( 'NONE', *, *, #1332, .F. ) ;
#1973 = ORIENTED_EDGE ( 'NONE', *, *, #3458, .F. ) ;
#1974 = CARTESIAN_POINT ( 'NONE',  ( -38.75000000000000000, 15.48641401289933661, -2.999999999999999112 ) ) ;
#1975 = PLANE ( 'NONE',  #5760 ) ;
#1976 = FACE_OUTER_BOUND ( 'NONE', #6315, .T. ) ;
#1977 = ORIENTED_EDGE ( 'NONE', *, *, #6386, .F. ) ;
#1978 = ORIENTED_EDGE ( 'NONE', *, *, #4307, .T. ) ;
#1979 = EDGE_CURVE ( 'NONE', #1875, #3250, #1856, .T. ) ;
#1980 = ORIENTED_EDGE ( 'NONE', *, *, #4440, .F. ) ;
#1981 = PERSON_AND_ORGANIZATION ( #6057, #686 ) ;
#1982 = CARTESIAN_POINT ( 'NONE',  ( 46.00000000000000000, 0.000000000000000000, 0.5000000000000004441 ) ) ;
#1983 = PLANE ( 'NONE',  #2163 ) ;
#1984 = FACE_OUTER_BOUND ( 'NONE', #2994, .T. ) ;
#1985 = ORIENTED_EDGE ( 'NONE', *, *, #6020, .F. ) ;
#1986 = ORIENTED_EDGE ( 'NONE', *, *, #3384, .T. ) ;
#1987 = FACE_BOUND ( 'NONE', #5522, .T. ) ;
#1988 = ADVANCED_FACE ( 'NONE', ( #4889 ), #4397, .F. ) ;
#1989 = DIRECTION ( 'NONE',  ( -0.000000000000000000, -0.000000000000000000, 1.000000000000000000 ) ) ;
#1990 = DIRECTION ( 'NONE',  ( 0.000000000000000000, 0.000000000000000000, -1.000000000000000000 ) ) ;
#1991 = PLANE ( 'NONE',  #537 ) ;
#1992 = FACE_OUTER_BOUND ( 'NONE', #854, .T. ) ;
#1993 = EDGE_LOOP ( 'NONE', ( #946, #4038, #3455, #6451 ) ) ;
#1994 =( BOUNDED_CURVE ( )  B_SPLINE_CURVE ( 3, ( #5434, #3393, #2852, #3424 ),
 .UNSPECIFIED., .F., .T. ) 
 B_SPLINE_CURVE_WITH_KNOTS ( ( 4, 4 ),
 ( 1.711257741504739416, 3.141592653589793116 ),
 .UNSPECIFIED. ) 
 CURVE ( )  GEOMETRIC_REPRESENTATION_ITEM ( )  RATIONAL_B_SPLINE_CURVE ( ( 1.000000000000000000, 0.8366556290180471311, 0.8366556290180471311, 1.000000000000000000 ) ) 
 REPRESENTATION_ITEM ( '' )  );
#1995 = ORIENTED_EDGE ( 'NONE', *, *, #277, .T. ) ;
#1996 = CARTESIAN_POINT ( 'NONE',  ( 36.67847513588161945, 23.17217973710068080, 1.500000000000000444 ) ) ;
#1997 = LINE ( 'NONE', #4141, #3891 ) ;
#1998 = FACE_OUTER_BOUND ( 'NONE', #2429, .T. ) ;
#1999 = EDGE_CURVE ( 'NONE', #2795, #3196, #5915, .T. ) ;
#2000 = FACE_OUTER_BOUND ( 'NONE', #4969, .T. ) ;
#2001 = ADVANCED_FACE ( 'NONE', ( #4992 ), #2452, .F. ) ;
#2002 = CARTESIAN_POINT ( 'NONE',  ( -6.382117137899323112, 16.07582173911839263, 1.500000000000000444 ) ) ;
#2003 = ORIENTED_EDGE ( 'NONE', *, *, #3905, .F. ) ;
#2004 = ORIENTED_EDGE ( 'NONE', *, *, #4759, .T. ) ;
#2005 = EDGE_CURVE ( 'NONE', #3429, #1961, #379, .T. ) ;
#2006 = LINE ( 'NONE', #501, #4296 ) ;
#2007 = DIRECTION ( 'NONE',  ( 1.000000000000000000, -1.734723475976806709E-18, -0.000000000000000000 ) ) ;
#2008 = DIRECTION ( 'NONE',  ( 1.000000000000000000, -1.734723475976806709E-18, -0.000000000000000000 ) ) ;
#2009 = EDGE_LOOP ( 'NONE', ( #5563, #2012, #596, #5951 ) ) ;
#2010 = VERTEX_POINT ( 'NONE', #1914 ) ;
#2011 = VECTOR ( 'NONE', #5738, 1000.000000000000000 ) ;
#2012 = ORIENTED_EDGE ( 'NONE', *, *, #3720, .F. ) ;
#2013 = DATE_AND_TIME ( #6577, #3164 ) ;
#2014 = LINE ( 'NONE', #5566, #4825 ) ;
#2015 = CARTESIAN_POINT ( 'NONE',  ( -45.75000000000000000, 25.65429687500000355, 0.4000000000000114575 ) ) ;
#2016 = EDGE_CURVE ( 'NONE', #4422, #4688, #3952, .T. ) ;
#2017 = EDGE_CURVE ( 'NONE', #1847, #4445, #6365, .T. ) ;
#2018 = VECTOR ( 'NONE', #5490, 1000.000000000000000 ) ;
#2019 = DIRECTION ( 'NONE',  ( 0.000000000000000000, 0.000000000000000000, -1.000000000000000000 ) ) ;
#2020 = EDGE_LOOP ( 'NONE', ( #1285, #5832, #872, #4731, #5735, #6209, #4152, #4424, #3974, #4783, #5583, #5816, #6240, #5512, #5050, #672 ) ) ;
#2021 = ORIENTED_EDGE ( 'NONE', *, *, #3881, .T. ) ;
#2022 = LINE ( 'NONE', #42, #3438 ) ;
#2023 = CARTESIAN_POINT ( 'NONE',  ( -45.75000000000000000, 16.66277201088163551, 3.250000000000000444 ) ) ;
#2024 = CARTESIAN_POINT ( 'NONE',  ( -45.75000000000000000, 18.16277201088163196, 3.250000000000000444 ) ) ;
#2025 = DIRECTION ( 'NONE',  ( -1.000000000000000000, -0.000000000000000000, -0.000000000000000000 ) ) ;
#2026 = DIRECTION ( 'NONE',  ( 0.000000000000000000, -1.000000000000000000, 0.000000000000000000 ) ) ;
#2027 = ORIENTED_EDGE ( 'NONE', *, *, #4863, .F. ) ;
#2028 = ORIENTED_EDGE ( 'NONE', *, *, #2033, .T. ) ;
#2029 = CARTESIAN_POINT ( 'NONE',  ( 46.25000000000000000, 22.40429687500000355, 1.000000000000000000 ) ) ;
#2030 = LINE ( 'NONE', #2503, #6144 ) ;
#2031 = AXIS2_PLACEMENT_3D ( 'NONE', #267, #3355, #5430 ) ;
#2032 = CYLINDRICAL_SURFACE ( 'NONE', #1055, 0.2500000000000000000 ) ;
#2033 = EDGE_CURVE ( 'NONE', #5876, #5559, #1950, .T. ) ;
#2034 = PLANE ( 'NONE',  #2788 ) ;
#2035 = CARTESIAN_POINT ( 'NONE',  ( -37.06788286210068151, 20.80448725967914925, 0.5000000000000004441 ) ) ;
#2036 = AXIS2_PLACEMENT_3D ( 'NONE', #3971, #6029, #1434 ) ;
#2037 = ORIENTED_EDGE ( 'NONE', *, *, #3958, .F. ) ;
#2038 = ORIENTED_EDGE ( 'NONE', *, *, #1012, .T. ) ;
#2039 = EDGE_CURVE ( 'NONE', #4879, #1417, #3325, .T. ) ;
#2040 = DIRECTION ( 'NONE',  ( 1.000000000000000000, 1.334402673828313586E-16, 0.000000000000000000 ) ) ;
#2041 = EDGE_CURVE ( 'NONE', #6321, #2676, #274, .T. ) ;
#2042 = VECTOR ( 'NONE', #2631, 1000.000000000000000 ) ;
#2043 = CARTESIAN_POINT ( 'NONE',  ( -6.382117137899323112, 18.16277201088163196, 3.250000000000000444 ) ) ;
#2044 = CARTESIAN_POINT ( 'NONE',  ( 32.50364200201769904, 23.15429687500000000, 4.000000000000000000 ) ) ;
#2045 = EDGE_CURVE ( 'NONE', #5982, #2677, #2323, .T. ) ;
#2046 = ORIENTED_EDGE ( 'NONE', *, *, #2995, .T. ) ;
#2047 = ORIENTED_EDGE ( 'NONE', *, *, #1140, .T. ) ;
#2048 = VECTOR ( 'NONE', #543, 1000.000000000000000 ) ;
#2049 = ORIENTED_EDGE ( 'NONE', *, *, #896, .F. ) ;
#2050 = APPROVAL_DATE_TIME ( #5531, #5200 ) ;
#2051 = DIRECTION ( 'NONE',  ( -1.000000000000000000, 0.000000000000000000, 0.000000000000000000 ) ) ;
#2052 = DIRECTION ( 'NONE',  ( 0.000000000000000000, -1.000000000000000000, 0.000000000000000000 ) ) ;
#2053 = VECTOR ( 'NONE', #5119, 1000.000000000000000 ) ;
#2054 = LINE ( 'NONE', #5670, #6554 ) ;
#2055 = VERTEX_POINT ( 'NONE', #3394 ) ;
#2056 = ORIENTED_EDGE ( 'NONE', *, *, #1588, .T. ) ;
#2057 = LINE ( 'NONE', #5132, #866 ) ;
#2058 = VECTOR ( 'NONE', #1688, 1000.000000000000000 ) ;
#2059 = AXIS2_PLACEMENT_3D ( 'NONE', #2553, #1584, #6109 ) ;
#2060 = CARTESIAN_POINT ( 'NONE',  ( -6.382117137899323112, 16.07582173911839263, 1.500000000000000444 ) ) ;
#2061 = DIRECTION ( 'NONE',  ( -0.000000000000000000, 1.000000000000000000, -0.000000000000000000 ) ) ;
#2062 = FACE_OUTER_BOUND ( 'NONE', #4960, .T. ) ;
#2063 = DIRECTION ( 'NONE',  ( -1.000000000000000000, -1.309225264888156130E-15, 0.000000000000000000 ) ) ;
#2064 = AXIS2_PLACEMENT_3D ( 'NONE', #2317, #2876, #1343 ) ;
#2065 = ORIENTED_EDGE ( 'NONE', *, *, #6380, .F. ) ;
#2066 = ORIENTED_EDGE ( 'NONE', *, *, #1679, .F. ) ;
#2067 = CARTESIAN_POINT ( 'NONE',  ( -45.75000000000000000, 15.66277201088163373, 3.250000000000000444 ) ) ;
#2068 = ADVANCED_FACE ( 'NONE', ( #5436 ), #2885, .F. ) ;
#2069 = DIRECTION ( 'NONE',  ( 1.000000000000000000, 0.000000000000000000, 0.000000000000000000 ) ) ;
#2070 = LINE ( 'NONE', #1433, #5546 ) ;
#2071 = CARTESIAN_POINT ( 'NONE',  ( 16.61788286210067511, 16.07582173911839263, 1.500000000000000444 ) ) ;
#2072 = DIRECTION ( 'NONE',  ( 0.000000000000000000, 0.000000000000000000, -1.000000000000000000 ) ) ;
#2073 = ORIENTED_EDGE ( 'NONE', *, *, #5758, .F. ) ;
#2074 = ORIENTED_EDGE ( 'NONE', *, *, #1162, .T. ) ;
#2075 = VECTOR ( 'NONE', #6056, 1000.000000000000114 ) ;
#2076 = FACE_OUTER_BOUND ( 'NONE', #6112, .T. ) ;
#2077 = DIRECTION ( 'NONE',  ( 0.000000000000000000, 0.000000000000000000, 1.000000000000000000 ) ) ;
#2078 = CARTESIAN_POINT ( 'NONE',  ( 36.67847513588163366, 13.13641401289933874, 6.000000000000000000 ) ) ;
#2079 = CARTESIAN_POINT ( 'NONE',  ( -37.06788286210068151, 15.48641401289933661, 0.5000000000000004441 ) ) ;
#2080 = VECTOR ( 'NONE', #4134, 1000.000000000000000 ) ;
#2081 = EDGE_CURVE ( 'NONE', #1212, #2131, #4630, .T. ) ;
#2082 = ORIENTED_EDGE ( 'NONE', *, *, #891, .F. ) ;
#2083 = ORIENTED_EDGE ( 'NONE', *, *, #4530, .F. ) ;
#2084 = ORIENTED_EDGE ( 'NONE', *, *, #4575, .F. ) ;
#2085 = VECTOR ( 'NONE', #186, 1000.000000000000000 ) ;
#2086 = COORDINATED_UNIVERSAL_TIME_OFFSET ( 5, 0, .BEHIND. ) ;
#2087 = DIRECTION ( 'NONE',  ( 1.000000000000000000, 0.000000000000000000, 0.000000000000000000 ) ) ;
#2088 = FACE_OUTER_BOUND ( 'NONE', #2723, .T. ) ;
#2089 = PLANE ( 'NONE',  #5160 ) ;
#2090 = ADVANCED_FACE ( 'NONE', ( #6609 ), #582, .F. ) ;
#2091 = ADVANCED_FACE ( 'NONE', ( #2519 ), #5093, .F. ) ;
#2092 = ORIENTED_EDGE ( 'NONE', *, *, #2289, .T. ) ;
#2093 = ORIENTED_EDGE ( 'NONE', *, *, #6015, .T. ) ;
#2094 = CARTESIAN_POINT ( 'NONE',  ( -6.382117137899323112, 16.07582173911839263, 3.742381610379895029 ) ) ;
#2095 = DIRECTION ( 'NONE',  ( -0.000000000000000000, 1.000000000000000000, -0.000000000000000000 ) ) ;
#2096 = FACE_OUTER_BOUND ( 'NONE', #6333, .T. ) ;
#2097 = DIRECTION ( 'NONE',  ( 0.000000000000000000, 0.000000000000000000, 1.000000000000000000 ) ) ;
#2098 = LINE ( 'NONE', #2160, #3215 ) ;
#2099 = ORIENTED_EDGE ( 'NONE', *, *, #5606, .F. ) ;
#2100 = EDGE_LOOP ( 'NONE', ( #4631, #4856, #4785, #1587 ) ) ;
#2101 = CYLINDRICAL_SURFACE ( 'NONE', #123, 0.5000000000000004441 ) ;
#2102 = DIRECTION ( 'NONE',  ( -0.000000000000000000, -0.000000000000000000, 1.000000000000000000 ) ) ;
#2103 = FACE_OUTER_BOUND ( 'NONE', #395, .T. ) ;
#2104 = LINE ( 'NONE', #3170, #1398 ) ;
#2105 = LINE ( 'NONE', #3647, #1315 ) ;
#2106 = VERTEX_POINT ( 'NONE', #1481 ) ;
#2107 = CARTESIAN_POINT ( 'NONE',  ( -36.41788286210068293, 15.48641401289933661, 0.5000000000000004441 ) ) ;
#2108 = LINE ( 'NONE', #1672, #4615 ) ;
#2109 = FACE_OUTER_BOUND ( 'NONE', #5180, .T. ) ;
#2110 = DIRECTION ( 'NONE',  ( -1.000000000000000000, 0.000000000000000000, 0.000000000000000000 ) ) ;
#2111 = ORIENTED_EDGE ( 'NONE', *, *, #436, .F. ) ;
#2112 = ORIENTED_EDGE ( 'NONE', *, *, #2575, .F. ) ;
#2113 = EDGE_LOOP ( 'NONE', ( #928, #5029, #2515, #1793 ) ) ;
#2114 = LINE ( 'NONE', #4285, #5254 ) ;
#2115 = CARTESIAN_POINT ( 'NONE',  ( -45.75000000000000000, 25.65429687500000355, 0.4000000000000114575 ) ) ;
#2116 = DIRECTION ( 'NONE',  ( 0.000000000000000000, -1.000000000000000000, 0.000000000000000000 ) ) ;
#2117 = ADVANCED_FACE ( 'NONE', ( #1551 ), #4590, .T. ) ;
#2118 = AXIS2_PLACEMENT_3D ( 'NONE', #6472, #4455, #2347 ) ;
#2119 = VERTEX_POINT ( 'NONE', #6108 ) ;
#2120 = ORIENTED_EDGE ( 'NONE', *, *, #436, .T. ) ;
#2121 = CARTESIAN_POINT ( 'NONE',  ( 13.58211713789931530, 15.48641401289933661, 1.500000000000000444 ) ) ;
#2122 = CARTESIAN_POINT ( 'NONE',  ( 46.25000000000000000, 22.40429687500000355, 1.000000000000000000 ) ) ;
#2123 = EDGE_CURVE ( 'NONE', #548, #4229, #4623, .T. ) ;
#2124 = EDGE_CURVE ( 'NONE', #3297, #5018, #3593, .T. ) ;
#2125 = VECTOR ( 'NONE', #1864, 1000.000000000000000 ) ;
#2126 = DIRECTION ( 'NONE',  ( 1.000000000000000000, -1.734723475976806709E-18, -0.000000000000000000 ) ) ;
#2127 = EDGE_CURVE ( 'NONE', #5884, #374, #942, .T. ) ;
#2128 = CARTESIAN_POINT ( 'NONE',  ( 8.932117137899320269, 15.48641401289933661, 0.5000000000000004441 ) ) ;
#2129 = PLANE ( 'NONE',  #6645 ) ;
#2130 = ORIENTED_EDGE ( 'NONE', *, *, #2736, .F. ) ;
#2131 = VERTEX_POINT ( 'NONE', #2983 ) ;
#2132 = CARTESIAN_POINT ( 'NONE',  ( -37.06788286210068151, 20.78641401289933910, -2.999999999999999112 ) ) ;
#2133 = DIRECTION ( 'NONE',  ( 1.000000000000000000, -1.734723475976806709E-18, -0.000000000000000000 ) ) ;
#2134 = CYLINDRICAL_SURFACE ( 'NONE', #4262, 0.5000000000000004441 ) ;
#2135 = CARTESIAN_POINT ( 'NONE',  ( -32.41788286210068293, 20.78641401289933910, 0.5000000000000004441 ) ) ;
#2136 = LINE ( 'NONE', #3612, #458 ) ;
#2137 = FACE_OUTER_BOUND ( 'NONE', #5411, .T. ) ;
#2138 = VECTOR ( 'NONE', #2097, 1000.000000000000000 ) ;
#2139 = CARTESIAN_POINT ( 'NONE',  ( 46.25000000000000000, 11.05429687499998792, 6.000000000000000000 ) ) ;
#2140 = DIRECTION ( 'NONE',  ( -0.000000000000000000, -0.000000000000000000, 1.000000000000000000 ) ) ;
#2141 = CARTESIAN_POINT ( 'NONE',  ( -29.81211713789933526, 20.66277201088163906, 3.511255977444319942 ) ) ;
#2142 = LINE ( 'NONE', #4184, #2255 ) ;
#2143 = VECTOR ( 'NONE', #5193, 1000.000000000000000 ) ;
#2144 = ORIENTED_EDGE ( 'NONE', *, *, #4931, .T. ) ;
#2145 = ORIENTED_EDGE ( 'NONE', *, *, #4212, .F. ) ;
#2146 = ORIENTED_EDGE ( 'NONE', *, *, #5973, .T. ) ;
#2147 = EDGE_CURVE ( 'NONE', #49, #913, #2623, .T. ) ;
#2148 = AXIS2_PLACEMENT_3D ( 'NONE', #4478, #2506, #3001 ) ;
#2149 = CARTESIAN_POINT ( 'NONE',  ( 46.25000000000000000, 22.40429687500000355, 6.000000000000000000 ) ) ;
#2150 = DIRECTION ( 'NONE',  ( 0.000000000000000000, 0.000000000000000000, 1.000000000000000000 ) ) ;
#2151 = DIRECTION ( 'NONE',  ( 0.000000000000000000, -1.000000000000000000, 0.000000000000000000 ) ) ;
#2152 = AXIS2_PLACEMENT_3D ( 'NONE', #4370, #2834, #4870 ) ;
#2153 = ORIENTED_EDGE ( 'NONE', *, *, #353, .T. ) ;
#2154 = ORIENTED_EDGE ( 'NONE', *, *, #2742, .T. ) ;
#2155 = CARTESIAN_POINT ( 'NONE',  ( 9.582117137899318848, 20.78641401289933910, 0.5000000000000004441 ) ) ;
#2156 = DIRECTION ( 'NONE',  ( -0.000000000000000000, -0.000000000000000000, 1.000000000000000000 ) ) ;
#2157 = AXIS2_PLACEMENT_3D ( 'NONE', #5555, #6631, #2040 ) ;
#2158 = VECTOR ( 'NONE', #6074, 1000.000000000000000 ) ;
#2159 = CYLINDRICAL_SURFACE ( 'NONE', #1628, 0.5000000000000004441 ) ;
#2160 = CARTESIAN_POINT ( 'NONE',  ( -37.06788286210068151, 15.48641401289933661, 1.500000000000000444 ) ) ;
#2161 = VERTEX_POINT ( 'NONE', #3079 ) ;
#2162 = ADVANCED_FACE ( 'NONE', ( #5025 ), #1983, .F. ) ;
#2163 = AXIS2_PLACEMENT_3D ( 'NONE', #3020, #443, #4018 ) ;
#2164 = EDGE_CURVE ( 'NONE', #295, #2859, #510, .T. ) ;
#2165 = VECTOR ( 'NONE', #3243, 1000.000000000000000 ) ;
#2166 = ORIENTED_EDGE ( 'NONE', *, *, #3767, .T. ) ;
#2167 = CARTESIAN_POINT ( 'NONE',  ( 32.52152486411837629, 23.17217973710068080, 6.000000000000000000 ) ) ;
#2168 = DIRECTION ( 'NONE',  ( -0.000000000000000000, 0.000000000000000000, 1.000000000000000000 ) ) ;
#2169 = DIRECTION ( 'NONE',  ( 1.000000000000000000, -1.734723475976806709E-18, -0.000000000000000000 ) ) ;
#2170 = LINE ( 'NONE', #4073, #1310 ) ;
#2171 = ADVANCED_FACE ( 'NONE', ( #2088 ), #3522, .F. ) ;
#2172 = DIRECTION ( 'NONE',  ( 0.000000000000000000, 0.000000000000000000, -1.000000000000000000 ) ) ;
#2173 = VECTOR ( 'NONE', #3067, 1000.000000000000000 ) ;
#2174 = LINE ( 'NONE', #2107, #5620 ) ;
#2175 = DIRECTION ( 'NONE',  ( -0.7071067811865483499, 0.7071067811865466846, 0.000000000000000000 ) ) ;
#2176 = CARTESIAN_POINT ( 'NONE',  ( 9.582117137899318848, 20.78641401289933910, 1.500000000000000444 ) ) ;
#2177 = CARTESIAN_POINT ( 'NONE',  ( 6.582117137899329506, 16.07582173911838908, 2.757618389620105415 ) ) ;
#2178 = ORIENTED_EDGE ( 'NONE', *, *, #3349, .T. ) ;
#2179 = ORIENTED_EDGE ( 'NONE', *, *, #5360, .F. ) ;
#2180 = ORIENTED_EDGE ( 'NONE', *, *, #2857, .F. ) ;
#2181 = LINE ( 'NONE', #2149, #5575 ) ;
#2182 = CARTESIAN_POINT ( 'NONE',  ( -13.41788286210068115, 22.78641401289933910, 0.5000000000000004441 ) ) ;
#2183 = VECTOR ( 'NONE', #2069, 1000.000000000000000 ) ;
#2184 = ADVANCED_FACE ( 'NONE', ( #5567 ), #6143, .F. ) ;
#2185 = CARTESIAN_POINT ( 'NONE',  ( -36.47847513588163082, 23.17217973710068080, 4.000000000000000000 ) ) ;
#2186 = ADVANCED_FACE ( 'NONE', ( #1583 ), #5127, .F. ) ;
#2187 = ORIENTED_EDGE ( 'NONE', *, *, #5174, .F. ) ;
#2188 = ORIENTED_EDGE ( 'NONE', *, *, #4210, .F. ) ;
#2189 = VECTOR ( 'NONE', #3293, 1000.000000000000000 ) ;
#2190 = PLANE ( 'NONE',  #4002 ) ;
#2191 = CARTESIAN_POINT ( 'NONE',  ( -13.41788286210068115, 20.78641401289933910, 0.5000000000000004441 ) ) ;
#2192 = DIRECTION ( 'NONE',  ( 0.000000000000000000, 0.000000000000000000, 1.000000000000000000 ) ) ;
#2193 = AXIS2_PLACEMENT_3D ( 'NONE', #4146, #4116, #4712 ) ;
#2194 = DIRECTION ( 'NONE',  ( 0.000000000000000000, 0.000000000000000000, -1.000000000000000000 ) ) ;
#2195 = ORIENTED_EDGE ( 'NONE', *, *, #891, .T. ) ;
#2196 = ORIENTED_EDGE ( 'NONE', *, *, #3098, .F. ) ;
#2197 = EDGE_CURVE ( 'NONE', #6065, #4009, #4092, .T. ) ;
#2198 = VERTEX_POINT ( 'NONE', #5669 ) ;
#2199 = DIRECTION ( 'NONE',  ( 0.000000000000000000, 1.000000000000000000, 0.000000000000000000 ) ) ;
#2200 = LINE ( 'NONE', #6287, #6037 ) ;
#2201 = DIRECTION ( 'NONE',  ( -0.7071067811865466846, -0.7071067811865483499, 0.000000000000000000 ) ) ;
#2202 = LINE ( 'NONE', #1128, #2259 ) ;
#2203 = CARTESIAN_POINT ( 'NONE',  ( 36.58211713789932418, 15.48641401289933661, 0.5000000000000004441 ) ) ;
#2204 = PLANE ( 'NONE',  #1733 ) ;
#2205 = LINE ( 'NONE', #289, #3264 ) ;
#2206 = DIRECTION ( 'NONE',  ( 1.000000000000000000, -0.000000000000000000, -0.000000000000000000 ) ) ;
#2207 = EDGE_CURVE ( 'NONE', #3819, #989, #3490, .T. ) ;
#2208 = ADVANCED_FACE ( 'NONE', ( #1144 ), #1713, .F. ) ;
#2209 = CARTESIAN_POINT ( 'NONE',  ( 8.932117137899320269, 20.80448725967914925, 0.5000000000000004441 ) ) ;
#2210 = LINE ( 'NONE', #1105, #1819 ) ;
#2211 = VERTEX_POINT ( 'NONE', #3217 ) ;
#2212 = EDGE_CURVE ( 'NONE', #5665, #780, #5835, .T. ) ;
#2213 = EDGE_LOOP ( 'NONE', ( #1556, #2298, #1911, #3797, #5090, #4160 ) ) ;
#2214 = ORIENTED_EDGE ( 'NONE', *, *, #4986, .T. ) ;
#2215 = LINE ( 'NONE', #6205, #2263 ) ;
#2216 = DIRECTION ( 'NONE',  ( 0.000000000000000000, 0.000000000000000000, -1.000000000000000000 ) ) ;
#2217 = DIRECTION ( 'NONE',  ( -0.000000000000000000, -0.000000000000000000, 1.000000000000000000 ) ) ;
#2218 = ORIENTED_EDGE ( 'NONE', *, *, #3887, .F. ) ;
#2219 = ORIENTED_EDGE ( 'NONE', *, *, #4780, .T. ) ;
#2220 = FACE_OUTER_BOUND ( 'NONE', #1845, .T. ) ;
#2221 = LINE ( 'NONE', #3698, #1002 ) ;
#2222 = CARTESIAN_POINT ( 'NONE',  ( -38.75000000000000000, 22.40429687500000355, 1.000000000000000000 ) ) ;
#2223 = ORIENTED_EDGE ( 'NONE', *, *, #1023, .F. ) ;
#2224 = ORIENTED_EDGE ( 'NONE', *, *, #273, .F. ) ;
#2225 = ORIENTED_EDGE ( 'NONE', *, *, #6566, .T. ) ;
#2226 = DIRECTION ( 'NONE',  ( -1.000000000000000000, -0.000000000000000000, -0.000000000000000000 ) ) ;
#2227 = VECTOR ( 'NONE', #59, 1000.000000000000000 ) ;
#2228 = DIRECTION ( 'NONE',  ( 1.000000000000000000, -1.734723475976806709E-18, -0.000000000000000000 ) ) ;
#2229 = EDGE_CURVE ( 'NONE', #388, #2748, #6244, .T. ) ;
#2230 = DIRECTION ( 'NONE',  ( 1.000000000000000000, -1.734723475976806709E-18, -0.000000000000000000 ) ) ;
#2231 = CARTESIAN_POINT ( 'NONE',  ( 39.25000000000000000, 22.40429687500000355, 1.000000000000000000 ) ) ;
#2232 = ORIENTED_EDGE ( 'NONE', *, *, #5715, .F. ) ;
#2233 = VECTOR ( 'NONE', #4907, 1000.000000000000000 ) ;
#2234 = PLANE ( 'NONE',  #2707 ) ;
#2235 = FACE_OUTER_BOUND ( 'NONE', #615, .T. ) ;
#2236 = LINE ( 'NONE', #3278, #3441 ) ;
#2237 = ADVANCED_FACE ( 'NONE', ( #3659 ), #4286, .F. ) ;
#2238 = CARTESIAN_POINT ( 'NONE',  ( -38.75000000000000000, 13.90429687500000355, 1.000000000000000000 ) ) ;
#2239 = LINE ( 'NONE', #1741, #5021 ) ;
#2240 = ORIENTED_EDGE ( 'NONE', *, *, #3767, .F. ) ;
#2241 = EDGE_CURVE ( 'NONE', #5972, #1961, #4227, .T. ) ;
#2242 = EDGE_LOOP ( 'NONE', ( #3725, #3987 ) ) ;
#2243 = EDGE_CURVE ( 'NONE', #2601, #3231, #611, .T. ) ;
#2244 = ORIENTED_EDGE ( 'NONE', *, *, #1450, .T. ) ;
#2245 = EDGE_CURVE ( 'NONE', #653, #128, #4157, .T. ) ;
#2246 = DIRECTION ( 'NONE',  ( -0.000000000000000000, 1.000000000000000000, 0.000000000000000000 ) ) ;
#2247 = AXIS2_PLACEMENT_3D ( 'NONE', #6389, #4369, #3802 ) ;
#2248 = DIRECTION ( 'NONE',  ( -1.000000000000000000, -0.000000000000000000, -0.000000000000000000 ) ) ;
#2249 = EDGE_CURVE ( 'NONE', #4885, #5618, #5654, .T. ) ;
#2250 = LINE ( 'NONE', #3161, #6210 ) ;
#2251 = CARTESIAN_POINT ( 'NONE',  ( 13.58211713789931530, 15.48641401289933661, 0.5000000000000004441 ) ) ;
#2252 = VERTEX_POINT ( 'NONE', #6337 ) ;
#2253 =( BOUNDED_CURVE ( )  B_SPLINE_CURVE ( 3, ( #1143, #2749, #3154, #6336 ),
 .UNSPECIFIED., .F., .T. ) 
 B_SPLINE_CURVE_WITH_KNOTS ( ( 4, 4 ),
 ( 4.852850395094546521, 6.283185307179586232 ),
 .UNSPECIFIED. ) 
 CURVE ( )  GEOMETRIC_REPRESENTATION_ITEM ( )  RATIONAL_B_SPLINE_CURVE ( ( 1.000000000000000000, 0.8366556290180501287, 0.8366556290180501287, 1.000000000000000000 ) ) 
 REPRESENTATION_ITEM ( '' )  );
#2254 = ORIENTED_EDGE ( 'NONE', *, *, #5516, .F. ) ;
#2255 = VECTOR ( 'NONE', #6237, 1000.000000000000000 ) ;
#2256 = PLANE ( 'NONE',  #2621 ) ;
#2257 = DIRECTION ( 'NONE',  ( 0.000000000000000000, 0.000000000000000000, -1.000000000000000000 ) ) ;
#2258 = FACE_OUTER_BOUND ( 'NONE', #3858, .T. ) ;
#2259 = VECTOR ( 'NONE', #1637, 1000.000000000000000 ) ;
#2260 = ORIENTED_EDGE ( 'NONE', *, *, #6499, .F. ) ;
#2261 = EDGE_LOOP ( 'NONE', ( #5733, #608, #6400, #1580 ) ) ;
#2262 = ORIENTED_EDGE ( 'NONE', *, *, #2698, .T. ) ;
#2263 = VECTOR ( 'NONE', #639, 1000.000000000000000 ) ;
#2264 = CARTESIAN_POINT ( 'NONE',  ( 31.93211713789932560, 15.48641401289933661, 1.500000000000000444 ) ) ;
#2265 = DIRECTION ( 'NONE',  ( -1.000000000000000000, 0.000000000000000000, 0.000000000000000000 ) ) ;
#2266 = CIRCLE ( 'NONE', #3006, 0.5000000000000000000 ) ;
#2267 = CARTESIAN_POINT ( 'NONE',  ( 46.25000000000000000, 24.87145416252539221, 5.217157287525393095 ) ) ;
#2268 = VECTOR ( 'NONE', #1059, 1000.000000000000000 ) ;
#2269 = ORIENTED_EDGE ( 'NONE', *, *, #1576, .F. ) ;
#2270 = LINE ( 'NONE', #2836, #670 ) ;
#2271 = CARTESIAN_POINT ( 'NONE',  ( 9.582117137899318848, 13.48641401289933661, 0.5000000000000004441 ) ) ;
#2272 = CARTESIAN_POINT ( 'NONE',  ( 39.25000000000000000, 15.70793887701771041, 1.500000000000000444 ) ) ;
#2273 = AXIS2_PLACEMENT_3D ( 'NONE', #4126, #5167, #5061 ) ;
#2274 = VECTOR ( 'NONE', #1714, 1000.000000000000000 ) ;
#2275 = DIRECTION ( 'NONE',  ( -0.000000000000000000, -0.000000000000000000, 1.000000000000000000 ) ) ;
#2276 = CARTESIAN_POINT ( 'NONE',  ( 38.98211713789932276, 20.78641401289933910, 0.5000000000000004441 ) ) ;
#2277 = CARTESIAN_POINT ( 'NONE',  ( 45.85000000000000142, 25.65429687500000355, 6.000000000000000000 ) ) ;
#2278 = VECTOR ( 'NONE', #6471, 1000.000000000000000 ) ;
#2279 = ORIENTED_EDGE ( 'NONE', *, *, #5515, .F. ) ;
#2280 = EDGE_LOOP ( 'NONE', ( #2439, #3856, #824, #246, #2027, #1137 ) ) ;
#2281 = ORIENTED_EDGE ( 'NONE', *, *, #3601, .T. ) ;
#2282 = DIRECTION ( 'NONE',  ( 0.000000000000000000, 0.000000000000000000, 1.000000000000000000 ) ) ;
#2283 = CARTESIAN_POINT ( 'NONE',  ( 16.61788286210067511, 20.23277201088162514, 1.500000000000000444 ) ) ;
#2284 = EDGE_CURVE ( 'NONE', #330, #3733, #5231, .T. ) ;
#2285 = CARTESIAN_POINT ( 'NONE',  ( -32.32152486411838765, 23.17217973710068080, 6.000000000000000000 ) ) ;
#2286 = DIRECTION ( 'NONE',  ( 0.000000000000000000, 1.000000000000000000, 0.000000000000000000 ) ) ;
#2287 = ORIENTED_EDGE ( 'NONE', *, *, #5967, .T. ) ;
#2288 = ORIENTED_EDGE ( 'NONE', *, *, #4863, .T. ) ;
#2289 = EDGE_CURVE ( 'NONE', #5958, #5162, #4036, .T. ) ;
#2290 = PLANE ( 'NONE',  #6473 ) ;
#2291 = VECTOR ( 'NONE', #1287, 1000.000000000000000 ) ;
#2292 = DIRECTION ( 'NONE',  ( -0.000000000000000000, -0.000000000000000000, 1.000000000000000000 ) ) ;
#2293 = LINE ( 'NONE', #3263, #5159 ) ;
#2294 = EDGE_CURVE ( 'NONE', #1662, #4085, #5768, .T. ) ;
#2295 = ADVANCED_FACE ( 'NONE', ( #1241 ), #2750, .F. ) ;
#2296 = ORIENTED_EDGE ( 'NONE', *, *, #344, .F. ) ;
#2297 = VECTOR ( 'NONE', #1455, 1000.000000000000000 ) ;
#2298 = ORIENTED_EDGE ( 'NONE', *, *, #3537, .T. ) ;
#2299 = EDGE_LOOP ( 'NONE', ( #2697, #4719, #3131, #100 ) ) ;
#2300 = CARTESIAN_POINT ( 'NONE',  ( -37.06788286210068151, 20.80448725967914925, 1.500000000000000444 ) ) ;
#2301 = DIRECTION ( 'NONE',  ( -0.000000000000000000, -0.000000000000000000, 1.000000000000000000 ) ) ;
#2302 = PLANE ( 'NONE',  #4382 ) ;
#2303 = FACE_OUTER_BOUND ( 'NONE', #3798, .T. ) ;
#2304 = ORIENTED_EDGE ( 'NONE', *, *, #2959, .T. ) ;
#2305 = DIRECTION ( 'NONE',  ( 1.000000000000000000, 0.000000000000000000, 0.000000000000000000 ) ) ;
#2306 = LINE ( 'NONE', #390, #4297 ) ;
#2307 = CARTESIAN_POINT ( 'NONE',  ( -29.38211713789932489, 18.16277201088163196, 3.250000000000000444 ) ) ;
#2308 = EDGE_CURVE ( 'NONE', #3297, #1212, #4822, .T. ) ;
#2309 = CARTESIAN_POINT ( 'NONE',  ( -14.06788286210065841, -4.853020875897687541E-14, 0.000000000000000000 ) ) ;
#2310 = EDGE_CURVE ( 'NONE', #5974, #3382, #3722, .T. ) ;
#2311 = CARTESIAN_POINT ( 'NONE',  ( -9.417882862100684704, 15.48641401289933661, 1.500000000000000444 ) ) ;
#2312 = CARTESIAN_POINT ( 'NONE',  ( -29.38211713789932489, 16.07582173911839263, 1.500000000000000444 ) ) ;
#2313 = VERTEX_POINT ( 'NONE', #4756 ) ;
#2314 = ORIENTED_EDGE ( 'NONE', *, *, #1893, .T. ) ;
#2315 = ORIENTED_EDGE ( 'NONE', *, *, #236, .F. ) ;
#2316 = APPROVAL_PERSON_ORGANIZATION ( #3591, #4744, #1513 ) ;
#2317 = CARTESIAN_POINT ( 'NONE',  ( 29.58211713789933484, 20.23277201088163224, 1.500000000000000444 ) ) ;
#2318 = CARTESIAN_POINT ( 'NONE',  ( 9.521524864118370957, 23.17217973710068080, 6.000000000000000000 ) ) ;
#2319 = DIRECTION ( 'NONE',  ( -0.000000000000000000, -0.000000000000000000, 1.000000000000000000 ) ) ;
#2320 = EDGE_LOOP ( 'NONE', ( #2573, #4487, #3480, #4444 ) ) ;
#2321 = ORIENTED_EDGE ( 'NONE', *, *, #5540, .F. ) ;
#2322 = DIRECTION ( 'NONE',  ( 0.000000000000000000, 1.000000000000000000, 0.000000000000000000 ) ) ;
#2323 = LINE ( 'NONE', #6412, #3764 ) ;
#2324 = ADVANCED_FACE ( 'NONE', ( #5202 ), #167, .F. ) ;
#2325 = ORIENTED_EDGE ( 'NONE', *, *, #1670, .F. ) ;
#2326 = ORIENTED_EDGE ( 'NONE', *, *, #3147, .F. ) ;
#2327 = ORIENTED_EDGE ( 'NONE', *, *, #4460, .T. ) ;
#2328 = DIRECTION ( 'NONE',  ( 0.000000000000000000, 0.000000000000000000, -1.000000000000000000 ) ) ;
#2329 = EDGE_CURVE ( 'NONE', #1169, #1926, #4690, .T. ) ;
#2330 = CARTESIAN_POINT ( 'NONE',  ( -0.000000000000000000, 15.48641401289933661, 0.000000000000000000 ) ) ;
#2331 = EDGE_CURVE ( 'NONE', #3870, #2447, #4087, .T. ) ;
#2332 = CARTESIAN_POINT ( 'NONE',  ( 31.93211713789932560, 20.80448725967914925, 0.5000000000000004441 ) ) ;
#2333 = DIRECTION ( 'NONE',  ( 1.000000000000000000, -0.000000000000000000, 0.000000000000000000 ) ) ;
#2334 = ORIENTED_EDGE ( 'NONE', *, *, #1119, .F. ) ;
#2335 = LINE ( 'NONE', #2203, #3557 ) ;
#2336 = ORIENTED_EDGE ( 'NONE', *, *, #3396, .T. ) ;
#2337 = CARTESIAN_POINT ( 'NONE',  ( 16.18788286210066829, 20.66277201088163196, 3.250000000000000444 ) ) ;
#2338 = CARTESIAN_POINT ( 'NONE',  ( 14.23211713789931210, 15.50448725967914676, 0.5000000000000004441 ) ) ;
#2339 = DIRECTION ( 'NONE',  ( 1.000000000000000000, 1.334402673828313339E-16, -0.000000000000000000 ) ) ;
#2340 = AXIS2_PLACEMENT_3D ( 'NONE', #923, #6626, #4972 ) ;
#2341 = PLANE ( 'NONE',  #194 ) ;
#2342 = LINE ( 'NONE', #5860, #4814 ) ;
#2343 = ORIENTED_EDGE ( 'NONE', *, *, #3537, .F. ) ;
#2344 = ORIENTED_EDGE ( 'NONE', *, *, #5351, .F. ) ;
#2345 = ORIENTED_EDGE ( 'NONE', *, *, #2862, .T. ) ;
#2346 = DIRECTION ( 'NONE',  ( 1.000000000000000000, -0.000000000000000000, 0.000000000000000000 ) ) ;
#2347 = DIRECTION ( 'NONE',  ( 0.000000000000000000, 0.000000000000000000, -1.000000000000000000 ) ) ;
#2348 = CARTESIAN_POINT ( 'NONE',  ( -16.41788286210066872, 20.23277201088163224, 2.754924248220537830 ) ) ;
#2349 = ORIENTED_EDGE ( 'NONE', *, *, #3395, .F. ) ;
#2350 = ORIENTED_EDGE ( 'NONE', *, *, #319, .F. ) ;
#2351 = CARTESIAN_POINT ( 'NONE',  ( -45.75000000000000000, 11.65429687500000533, 6.000000000000000000 ) ) ;
#2352 = VECTOR ( 'NONE', #213, 1000.000000000000000 ) ;
#2353 = DIRECTION ( 'NONE',  ( 0.000000000000000000, -0.000000000000000000, 1.000000000000000000 ) ) ;
#2354 = DIRECTION ( 'NONE',  ( 1.000000000000000000, 0.000000000000000000, 0.000000000000000000 ) ) ;
#2355 = VECTOR ( 'NONE', #5080, 1000.000000000000000 ) ;
#2356 = VERTEX_POINT ( 'NONE', #1208 ) ;
#2357 = VERTEX_POINT ( 'NONE', #5462 ) ;
#2358 = ORIENTED_EDGE ( 'NONE', *, *, #1432, .F. ) ;
#2359 = LINE ( 'NONE', #3897, #4190 ) ;
#2360 = DIRECTION ( 'NONE',  ( 0.7071067811865597852, 1.752335333352458225E-16, -0.7071067811865352493 ) ) ;
#2361 = VECTOR ( 'NONE', #2598, 1000.000000000000000 ) ;
#2362 = PLANE ( 'NONE',  #943 ) ;
#2363 = EDGE_CURVE ( 'NONE', #3524, #2055, #1374, .T. ) ;
#2364 = CARTESIAN_POINT ( 'NONE',  ( 16.61788286210067511, 16.16277201088163551, 3.250000000000000444 ) ) ;
#2365 = ADVANCED_FACE ( 'NONE', ( #371 ), #4950, .F. ) ;
#2366 = ORIENTED_EDGE ( 'NONE', *, *, #6184, .T. ) ;
#2367 = ORIENTED_EDGE ( 'NONE', *, *, #3374, .F. ) ;
#2368 = VECTOR ( 'NONE', #1357, 1000.000000000000000 ) ;
#2369 = EDGE_LOOP ( 'NONE', ( #4452, #2491, #2490, #3015, #6489, #622, #192, #6497, #5089 ) ) ;
#2370 = CARTESIAN_POINT ( 'NONE',  ( 16.35919986322042874, 20.49145500976187151, 2.791500085062738279 ) ) ;
#2371 = CARTESIAN_POINT ( 'NONE',  ( 16.20483313386392155, 15.66277201088163373, 3.250000000000000444 ) ) ;
#2372 = ADVANCED_FACE ( 'NONE', ( #3846, #3944 ), #835, .F. ) ;
#2373 = VECTOR ( 'NONE', #4135, 1000.000000000000000 ) ;
#2374 = VECTOR ( 'NONE', #6190, 1000.000000000000000 ) ;
#2375 = DIRECTION ( 'NONE',  ( 0.000000000000000000, -0.000000000000000000, 1.000000000000000000 ) ) ;
#2376 = EDGE_CURVE ( 'NONE', #5528, #2634, #832, .T. ) ;
#2377 = CARTESIAN_POINT ( 'NONE',  ( -36.47847513588161661, 13.13641401289933697, 6.000000000000000000 ) ) ;
#2378 = ORIENTED_EDGE ( 'NONE', *, *, #146, .F. ) ;
#2379 = AXIS2_PLACEMENT_3D ( 'NONE', #544, #2488, #6643 ) ;
#2380 = ORIENTED_EDGE ( 'NONE', *, *, #4417, .T. ) ;
#2381 = VERTEX_POINT ( 'NONE', #6002 ) ;
#2382 = LINE ( 'NONE', #1307, #570 ) ;
#2383 = CARTESIAN_POINT ( 'NONE',  ( 29.58211713789933484, 16.07582173911838908, 1.500000000000000444 ) ) ;
#2384 = CARTESIAN_POINT ( 'NONE',  ( -45.75000000000000000, 20.16277201088163196, 3.250000000000000444 ) ) ;
#2385 = VECTOR ( 'NONE', #2768, 1000.000000000000000 ) ;
#2386 = ORIENTED_EDGE ( 'NONE', *, *, #3918, .F. ) ;
#2387 = EDGE_LOOP ( 'NONE', ( #5656, #4131 ) ) ;
#2388 = DIRECTION ( 'NONE',  ( -1.000000000000000000, -8.896017825522088106E-17, 0.000000000000000000 ) ) ;
#2389 = CARTESIAN_POINT ( 'NONE',  ( 7.012117137899322117, 20.66277201088163196, 3.250000000000000444 ) ) ;
#2390 = DIRECTION ( 'NONE',  ( -1.000000000000000000, -0.000000000000000000, -0.000000000000000000 ) ) ;
#2391 = VERTEX_POINT ( 'NONE', #2877 ) ;
#2392 = ORIENTED_EDGE ( 'NONE', *, *, #2249, .T. ) ;
#2393 = VECTOR ( 'NONE', #5514, 1000.000000000000000 ) ;
#2394 = DIRECTION ( 'NONE',  ( -1.000000000000000000, -0.000000000000000000, -0.000000000000000000 ) ) ;
#2395 = DIRECTION ( 'NONE',  ( -0.000000000000000000, -0.000000000000000000, 1.000000000000000000 ) ) ;
#2396 = FACE_OUTER_BOUND ( 'NONE', #4866, .T. ) ;
#2397 = CC_DESIGN_APPROVAL ( #3064, ( #494 ) ) ;
#2398 = CARTESIAN_POINT ( 'NONE',  ( 14.23211713789931210, 15.50448725967914676, 1.500000000000000444 ) ) ;
#2399 = EDGE_CURVE ( 'NONE', #569, #1894, #3387, .T. ) ;
#2400 = ORIENTED_EDGE ( 'NONE', *, *, #3887, .T. ) ;
#2401 = ORIENTED_EDGE ( 'NONE', *, *, #4339, .T. ) ;
#2402 = DIRECTION ( 'NONE',  ( 1.000000000000000000, 0.000000000000000000, 0.000000000000000000 ) ) ;
#2403 = PLANE ( 'NONE',  #1431 ) ;
#2404 = DIRECTION ( 'NONE',  ( 0.000000000000000000, -1.000000000000000000, 0.000000000000000000 ) ) ;
#2405 = EDGE_CURVE ( 'NONE', #5966, #3376, #4853, .T. ) ;
#2406 = LINE ( 'NONE', #326, #6426 ) ;
#2407 = CARTESIAN_POINT ( 'NONE',  ( 46.25000000000000000, 13.90429687500000355, 1.000000000000000000 ) ) ;
#2408 = VECTOR ( 'NONE', #1196, 1000.000000000000000 ) ;
#2409 = ORIENTED_EDGE ( 'NONE', *, *, #1920, .T. ) ;
#2410 = VERTEX_POINT ( 'NONE', #4426 ) ;
#2411 = EDGE_LOOP ( 'NONE', ( #4718, #5997, #1892, #2196 ) ) ;
#2412 = EDGE_CURVE ( 'NONE', #4520, #5523, #3915, .T. ) ;
#2413 = EDGE_CURVE ( 'NONE', #2685, #5188, #266, .T. ) ;
#2414 = DIRECTION ( 'NONE',  ( -0.000000000000000000, 1.000000000000000000, -0.000000000000000000 ) ) ;
#2415 = DIRECTION ( 'NONE',  ( 0.000000000000000000, 1.000000000000000000, 0.000000000000000000 ) ) ;
#2416 = DIRECTION ( 'NONE',  ( -1.000000000000000000, -0.000000000000000000, -0.000000000000000000 ) ) ;
#2417 = EDGE_CURVE ( 'NONE', #2391, #746, #1308, .T. ) ;
#2418 = ORIENTED_EDGE ( 'NONE', *, *, #5483, .T. ) ;
#2419 = ORIENTED_EDGE ( 'NONE', *, *, #6146, .F. ) ;
#2420 = DIRECTION ( 'NONE',  ( 1.000000000000000000, 1.334402673828313339E-16, -0.000000000000000000 ) ) ;
#2421 = DIRECTION ( 'NONE',  ( -1.000000000000000000, -0.000000000000000000, -0.000000000000000000 ) ) ;
#2422 = ORIENTED_EDGE ( 'NONE', *, *, #4981, .F. ) ;
#2423 = ORIENTED_EDGE ( 'NONE', *, *, #1893, .F. ) ;
#2424 = EDGE_CURVE ( 'NONE', #2357, #979, #868, .T. ) ;
#2425 = DIRECTION ( 'NONE',  ( -0.7071067811865466846, -0.7071067811865483499, 0.000000000000000000 ) ) ;
#2426 = LINE ( 'NONE', #1324, #2925 ) ;
#2427 = CARTESIAN_POINT ( 'NONE',  ( 32.58211713789932418, 20.78641401289933910, 0.5000000000000004441 ) ) ;
#2428 = DIRECTION ( 'NONE',  ( 0.000000000000000000, -0.000000000000000000, -1.000000000000000000 ) ) ;
#2429 = EDGE_LOOP ( 'NONE', ( #689, #2662, #2618, #1752 ) ) ;
#2430 = VERTEX_POINT ( 'NONE', #6372 ) ;
#2431 = LINE ( 'NONE', #3306, #4617 ) ;
#2432 = EDGE_CURVE ( 'NONE', #4567, #4885, #4355, .T. ) ;
#2433 = PLANE ( 'NONE',  #3360 ) ;
#2434 = CARTESIAN_POINT ( 'NONE',  ( -32.41788286210068293, 22.78641401289933910, 1.500000000000000444 ) ) ;
#2435 = CARTESIAN_POINT ( 'NONE',  ( 32.58211713789932418, 13.48641401289933661, 0.5000000000000004441 ) ) ;
#2436 = AXIS2_PLACEMENT_3D ( 'NONE', #934, #1068, #4483 ) ;
#2437 = CARTESIAN_POINT ( 'NONE',  ( -38.75000000000000000, 23.15429687499999289, 4.000000000000000000 ) ) ;
#2438 = ORIENTED_EDGE ( 'NONE', *, *, #3174, .T. ) ;
#2439 = ORIENTED_EDGE ( 'NONE', *, *, #196, .F. ) ;
#2440 = ORIENTED_EDGE ( 'NONE', *, *, #482, .T. ) ;
#2441 = VECTOR ( 'NONE', #2605, 1000.000000000000000 ) ;
#2442 = LINE ( 'NONE', #3070, #3759 ) ;
#2443 = CARTESIAN_POINT ( 'NONE',  ( -8.767882862100687902, 20.78641401289933910, 0.5000000000000004441 ) ) ;
#2444 = FACE_OUTER_BOUND ( 'NONE', #5968, .T. ) ;
#2445 = EDGE_CURVE ( 'NONE', #3519, #1031, #6404, .T. ) ;
#2446 = EDGE_CURVE ( 'NONE', #5981, #6070, #1808, .T. ) ;
#2447 = VERTEX_POINT ( 'NONE', #3418 ) ;
#2448 = VERTEX_POINT ( 'NONE', #6438 ) ;
#2449 = CARTESIAN_POINT ( 'NONE',  ( -13.47847513588162904, 23.17217973710068080, 1.500000000000000444 ) ) ;
#2450 = PERSON_AND_ORGANIZATION_ROLE ( 'design_owner' ) ;
#2451 = DIRECTION ( 'NONE',  ( 1.000000000000000000, -0.000000000000000000, 0.000000000000000000 ) ) ;
#2452 = PLANE ( 'NONE',  #665 ) ;
#2453 = ORIENTED_EDGE ( 'NONE', *, *, #1451, .F. ) ;
#2454 = ORIENTED_EDGE ( 'NONE', *, *, #1102, .T. ) ;
#2455 = CARTESIAN_POINT ( 'NONE',  ( 32.50364200201772746, 13.15429687500000178, 4.000000000000000000 ) ) ;
#2456 = CARTESIAN_POINT ( 'NONE',  ( 39.25000000000000000, 23.15429687500000000, 6.000000000000000000 ) ) ;
#2457 = DIRECTION ( 'NONE',  ( 0.000000000000000000, 1.000000000000000000, 0.000000000000000000 ) ) ;
#2458 = VECTOR ( 'NONE', #1050, 1000.000000000000000 ) ;
#2459 = DIRECTION ( 'NONE',  ( 0.000000000000000000, -1.000000000000000000, 0.000000000000000000 ) ) ;
#2460 = CARTESIAN_POINT ( 'NONE',  ( -9.417882862100684704, 15.48641401289933661, 0.5000000000000004441 ) ) ;
#2461 = EDGE_LOOP ( 'NONE', ( #3493, #3988 ) ) ;
#2462 = DIRECTION ( 'NONE',  ( -1.000000000000000000, 0.000000000000000000, -0.000000000000000000 ) ) ;
#2463 = AXIS2_PLACEMENT_3D ( 'NONE', #3586, #2008, #5121 ) ;
#2464 = CARTESIAN_POINT ( 'NONE',  ( -9.321524864118371667, 13.13641401289933874, 1.500000000000000444 ) ) ;
#2465 = DIRECTION ( 'NONE',  ( 0.000000000000000000, -0.000000000000000000, 1.000000000000000000 ) ) ;
#2466 = EDGE_CURVE ( 'NONE', #5778, #4480, #4682, .T. ) ;
#2467 = EDGE_CURVE ( 'NONE', #2896, #4527, #299, .T. ) ;
#2468 = DIRECTION ( 'NONE',  ( -0.7071067811865483499, 0.7071067811865466846, 0.000000000000000000 ) ) ;
#2469 = VECTOR ( 'NONE', #3771, 1000.000000000000000 ) ;
#2470 = CARTESIAN_POINT ( 'NONE',  ( -36.41788286210068293, 13.48641401289933661, 0.5000000000000004441 ) ) ;
#2471 = ORIENTED_EDGE ( 'NONE', *, *, #1545, .T. ) ;
#2472 = ORIENTED_EDGE ( 'NONE', *, *, #2739, .F. ) ;
#2473 = EDGE_LOOP ( 'NONE', ( #4459, #4954, #831, #2082, #2350, #721 ) ) ;
#2474 = AXIS2_PLACEMENT_3D ( 'NONE', #4042, #4983, #399 ) ;
#2475 = VECTOR ( 'NONE', #5442, 1000.000000000000000 ) ;
#2476 = LINE ( 'NONE', #6000, #1087 ) ;
#2477 = PLANE ( 'NONE',  #6081 ) ;
#2478 = CARTESIAN_POINT ( 'NONE',  ( 39.25000000000000000, 13.15429687500000355, 4.000000000000000000 ) ) ;
#2479 = AXIS2_PLACEMENT_3D ( 'NONE', #4361, #2390, #4434 ) ;
#2480 = VECTOR ( 'NONE', #5683, 1000.000000000000000 ) ;
#2481 = VERTEX_POINT ( 'NONE', #904 ) ;
#2482 = ORIENTED_EDGE ( 'NONE', *, *, #756, .T. ) ;
#2483 = ORIENTED_EDGE ( 'NONE', *, *, #6422, .F. ) ;
#2484 = FACE_OUTER_BOUND ( 'NONE', #560, .T. ) ;
#2485 = PERSON_AND_ORGANIZATION ( #6057, #686 ) ;
#2486 = LINE ( 'NONE', #6608, #1189 ) ;
#2487 = VECTOR ( 'NONE', #679, 1000.000000000000000 ) ;
#2488 = DIRECTION ( 'NONE',  ( 1.000000000000000000, -0.000000000000000000, 0.000000000000000000 ) ) ;
#2489 = DIRECTION ( 'NONE',  ( 0.000000000000000000, 1.000000000000000000, 0.000000000000000000 ) ) ;
#2490 = ORIENTED_EDGE ( 'NONE', *, *, #5728, .T. ) ;
#2491 = ORIENTED_EDGE ( 'NONE', *, *, #4419, .T. ) ;
#2492 = VECTOR ( 'NONE', #999, 1000.000000000000000 ) ;
#2493 = DIRECTION ( 'NONE',  ( 0.000000000000000000, -0.000000000000000000, 1.000000000000000000 ) ) ;
#2494 = CARTESIAN_POINT ( 'NONE',  ( -31.76788286210068790, 15.48641401289933661, -2.999999999999999112 ) ) ;
#2495 = ADVANCED_FACE ( 'NONE', ( #2947 ), #4984, .F. ) ;
#2496 = EDGE_CURVE ( 'NONE', #5309, #4567, #4362, .T. ) ;
#2497 = CARTESIAN_POINT ( 'NONE',  ( -50.61666666666671688, 15.92096354166689487, 5.266666666666734109 ) ) ;
#2498 = DIRECTION ( 'NONE',  ( -0.000000000000000000, -1.000000000000000000, -0.000000000000000000 ) ) ;
#2499 = LINE ( 'NONE', #6118, #5466 ) ;
#2500 = ORIENTED_EDGE ( 'NONE', *, *, #2412, .F. ) ;
#2501 = ORIENTED_EDGE ( 'NONE', *, *, #6091, .F. ) ;
#2502 = DIRECTION ( 'NONE',  ( -0.000000000000000000, -0.000000000000000000, 1.000000000000000000 ) ) ;
#2503 = CARTESIAN_POINT ( 'NONE',  ( 9.521524864118370957, 23.17217973710068080, 1.500000000000000444 ) ) ;
#2504 = VECTOR ( 'NONE', #2102, 1000.000000000000000 ) ;
#2505 = CARTESIAN_POINT ( 'NONE',  ( 16.61788286210067511, 19.66277201088163196, 3.250000000000000444 ) ) ;
#2506 = DIRECTION ( 'NONE',  ( 0.000000000000000000, -0.000000000000000000, 1.000000000000000000 ) ) ;
#2507 =( BOUNDED_CURVE ( )  B_SPLINE_CURVE ( 3, ( #4207, #5781, #690, #5750 ),
 .UNSPECIFIED., .F., .T. ) 
 B_SPLINE_CURVE_WITH_KNOTS ( ( 4, 4 ),
 ( 4.852850395094560731, 6.283185307179586232 ),
 .UNSPECIFIED. ) 
 CURVE ( )  GEOMETRIC_REPRESENTATION_ITEM ( )  RATIONAL_B_SPLINE_CURVE ( ( 1.000000000000000000, 0.8366556290180533484, 0.8366556290180533484, 1.000000000000000000 ) ) 
 REPRESENTATION_ITEM ( '' )  );
#2508 = DIRECTION ( 'NONE',  ( 0.000000000000000000, 1.000000000000000000, 0.000000000000000000 ) ) ;
#2509 = VERTEX_POINT ( 'NONE', #2078 ) ;
#2510 = ORIENTED_EDGE ( 'NONE', *, *, #1930, .F. ) ;
#2511 = CARTESIAN_POINT ( 'NONE',  ( -16.00483313386391870, 15.66277201088163373, 3.250000000000000444 ) ) ;
#2512 = CARTESIAN_POINT ( 'NONE',  ( 16.61788286210067511, 16.16277201088163551, 3.250000000000000444 ) ) ;
#2513 = AXIS2_PLACEMENT_3D ( 'NONE', #4529, #6614, #2988 ) ;
#2514 = DIRECTION ( 'NONE',  ( -0.000000000000000000, -0.000000000000000000, 1.000000000000000000 ) ) ;
#2515 = ORIENTED_EDGE ( 'NONE', *, *, #6171, .T. ) ;
#2516 = VERTEX_POINT ( 'NONE', #1034 ) ;
#2517 = ORIENTED_EDGE ( 'NONE', *, *, #3476, .T. ) ;
#2518 = DIRECTION ( 'NONE',  ( 1.000000000000000000, 0.000000000000000000, 0.000000000000000000 ) ) ;
#2519 = FACE_OUTER_BOUND ( 'NONE', #3138, .T. ) ;
#2520 = FACE_BOUND ( 'NONE', #523, .T. ) ;
#2521 = ORIENTED_EDGE ( 'NONE', *, *, #5027, .T. ) ;
#2522 = VERTEX_POINT ( 'NONE', #3547 ) ;
#2523 = FACE_BOUND ( 'NONE', #4850, .T. ) ;
#2524 = CARTESIAN_POINT ( 'NONE',  ( -37.06788286210068151, 15.48641401289933661, 0.5000000000000004441 ) ) ;
#2525 = EDGE_CURVE ( 'NONE', #688, #996, #3622, .T. ) ;
#2526 = CARTESIAN_POINT ( 'NONE',  ( 0.000000000000000000, 0.000000000000000000, 1.000000000000000000 ) ) ;
#2527 = LINE ( 'NONE', #2427, #313 ) ;
#2528 = FACE_OUTER_BOUND ( 'NONE', #6527, .T. ) ;
#2529 = EDGE_LOOP ( 'NONE', ( #329, #5833, #4029, #4000, #4798, #6031, #21, #2028, #108 ) ) ;
#2530 = ADVANCED_FACE ( 'NONE', ( #5661 ), #4620, .F. ) ;
#2531 = ADVANCED_FACE ( 'NONE', ( #5630 ), #3009, .F. ) ;
#2532 = ORIENTED_EDGE ( 'NONE', *, *, #4130, .T. ) ;
#2533 = ADVANCED_FACE ( 'NONE', ( #4011 ), #2975, .F. ) ;
#2534 = CARTESIAN_POINT ( 'NONE',  ( 36.67847513588163366, 13.13641401289933874, 1.500000000000000444 ) ) ;
#2535 = CARTESIAN_POINT ( 'NONE',  ( 36.67847513588161945, 23.17217973710068080, 1.500000000000000444 ) ) ;
#2536 = DIRECTION ( 'NONE',  ( -0.000000000000000000, -0.000000000000000000, 1.000000000000000000 ) ) ;
#2537 = PLANE ( 'NONE',  #5028 ) ;
#2538 = LINE ( 'NONE', #1782, #3019 ) ;
#2539 = ORIENTED_EDGE ( 'NONE', *, *, #2249, .F. ) ;
#2540 = ORIENTED_EDGE ( 'NONE', *, *, #2164, .T. ) ;
#2541 = CARTESIAN_POINT ( 'NONE',  ( -16.41788286210066872, 20.23277201088163224, 3.745075751779463058 ) ) ;
#2542 = PLANE ( 'NONE',  #2867 ) ;
#2543 = LINE ( 'NONE', #5158, #6636 ) ;
#2544 = ORIENTED_EDGE ( 'NONE', *, *, #3831, .T. ) ;
#2545 = ORIENTED_EDGE ( 'NONE', *, *, #1939, .F. ) ;
#2546 = AXIS2_PLACEMENT_3D ( 'NONE', #6267, #6296, #1740 ) ;
#2547 = VERTEX_POINT ( 'NONE', #3979 ) ;
#2548 = CARTESIAN_POINT ( 'NONE',  ( 0.000000000000000000, 0.000000000000000000, 0.000000000000000000 ) ) ;
#2549 = CARTESIAN_POINT ( 'NONE',  ( -45.75000000000000000, 20.16277201088163196, 3.250000000000000444 ) ) ;
#2550 = DIRECTION ( 'NONE',  ( 0.000000000000000000, 0.000000000000000000, -1.000000000000000000 ) ) ;
#2551 = VECTOR ( 'NONE', #2871, 1000.000000000000000 ) ;
#2552 = ADVANCED_FACE ( 'NONE', ( #1505 ), #433, .F. ) ;
#2553 = CARTESIAN_POINT ( 'NONE',  ( 6.582117137899329506, 20.23277201088163224, 1.500000000000000444 ) ) ;
#2554 = EDGE_CURVE ( 'NONE', #49, #2944, #6402, .T. ) ;
#2555 = ORIENTED_EDGE ( 'NONE', *, *, #3625, .F. ) ;
#2556 = VERTEX_POINT ( 'NONE', #535 ) ;
#2557 = DIRECTION ( 'NONE',  ( -0.000000000000000000, -1.000000000000000000, -0.000000000000000000 ) ) ;
#2558 = DIRECTION ( 'NONE',  ( -0.000000000000000000, -0.000000000000000000, 1.000000000000000000 ) ) ;
#2559 = CARTESIAN_POINT ( 'NONE',  ( 0.000000000000000000, 0.000000000000000000, 4.000000000000000000 ) ) ;
#2560 = DIRECTION ( 'NONE',  ( 1.000000000000000000, 0.000000000000000000, 0.000000000000000000 ) ) ;
#2561 = PLANE ( 'NONE',  #6324 ) ;
#2562 = ORIENTED_EDGE ( 'NONE', *, *, #6575, .F. ) ;
#2563 = EDGE_LOOP ( 'NONE', ( #2544, #2646, #6011, #1627 ) ) ;
#2564 = CARTESIAN_POINT ( 'NONE',  ( -45.75000000000000000, 10.65429687500000355, 0.4000000000000114575 ) ) ;
#2565 = DIRECTION ( 'NONE',  ( -1.000000000000000000, -8.896017825522088106E-17, 0.000000000000000000 ) ) ;
#2566 = VECTOR ( 'NONE', #4823, 1000.000000000000000 ) ;
#2567 = EDGE_CURVE ( 'NONE', #1418, #20, #5556, .T. ) ;
#2568 = FACE_OUTER_BOUND ( 'NONE', #1717, .T. ) ;
#2569 = CARTESIAN_POINT ( 'NONE',  ( 46.00000000000000000, 0.000000000000000000, 0.5000000000000004441 ) ) ;
#2570 = CARTESIAN_POINT ( 'NONE',  ( 15.98211713789931387, 20.78641401289933910, 1.500000000000000444 ) ) ;
#2571 = VECTOR ( 'NONE', #4381, 1000.000000000000000 ) ;
#2572 = ORIENTED_EDGE ( 'NONE', *, *, #2854, .T. ) ;
#2573 = ORIENTED_EDGE ( 'NONE', *, *, #1598, .T. ) ;
#2574 = CARTESIAN_POINT ( 'NONE',  ( -15.98788286210067255, 20.66277201088163551, 3.511255977444316390 ) ) ;
#2575 = EDGE_CURVE ( 'NONE', #1926, #2357, #6169, .T. ) ;
#2576 = VECTOR ( 'NONE', #2765, 1000.000000000000114 ) ;
#2577 = DIRECTION ( 'NONE',  ( 0.7071067811865479058, -0.7071067811865471286, 0.000000000000000000 ) ) ;
#2578 = DIRECTION ( 'NONE',  ( -1.000000000000000000, -0.000000000000000000, -0.000000000000000000 ) ) ;
#2579 = ORIENTED_EDGE ( 'NONE', *, *, #4779, .F. ) ;
#2580 = EDGE_CURVE ( 'NONE', #489, #6308, #1577, .T. ) ;
#2581 = VERTEX_POINT ( 'NONE', #1473 ) ;
#2582 = VECTOR ( 'NONE', #2051, 1000.000000000000000 ) ;
#2583 = ORIENTED_EDGE ( 'NONE', *, *, #112, .F. ) ;
#2584 = DIRECTION ( 'NONE',  ( 1.000000000000000000, 0.000000000000000000, 0.000000000000000000 ) ) ;
#2585 = DIRECTION ( 'NONE',  ( -0.5773502691896190697, 0.5773502691896391648, 0.5773502691896191807 ) ) ;
#2586 = VECTOR ( 'NONE', #2339, 1000.000000000000000 ) ;
#2587 = VECTOR ( 'NONE', #4905, 1000.000000000000000 ) ;
#2588 = CARTESIAN_POINT ( 'NONE',  ( 31.93211713789931849, 20.78641401289933910, -2.999999999999999112 ) ) ;
#2589 = ORIENTED_EDGE ( 'NONE', *, *, #4186, .T. ) ;
#2590 = VERTEX_POINT ( 'NONE', #4548 ) ;
#2591 = FACE_OUTER_BOUND ( 'NONE', #3942, .T. ) ;
#2592 = CIRCLE ( 'NONE', #4407, 0.5000000000000000000 ) ;
#2593 = VECTOR ( 'NONE', #944, 1000.000000000000000 ) ;
#2594 = CARTESIAN_POINT ( 'NONE',  ( -8.767882862100687902, 0.000000000000000000, 0.000000000000000000 ) ) ;
#2595 = ADVANCED_FACE ( 'NONE', ( #3514 ), #2477, .T. ) ;
#2596 = CARTESIAN_POINT ( 'NONE',  ( -13.49635799798231339, 23.15429687499999645, 1.500000000000000444 ) ) ;
#2597 = LINE ( 'NONE', #4636, #2138 ) ;
#2598 = DIRECTION ( 'NONE',  ( 0.7071067811865483499, -0.7071067811865467956, -0.000000000000000000 ) ) ;
#2599 = AXIS2_PLACEMENT_3D ( 'NONE', #4821, #2346, #1848 ) ;
#2600 = ORIENTED_EDGE ( 'NONE', *, *, #4186, .F. ) ;
#2601 = VERTEX_POINT ( 'NONE', #3044 ) ;
#2602 = CARTESIAN_POINT ( 'NONE',  ( -13.41788286210068115, 20.78641401289933910, 1.500000000000000444 ) ) ;
#2603 = FACE_OUTER_BOUND ( 'NONE', #4510, .T. ) ;
#2604 = EDGE_CURVE ( 'NONE', #3517, #183, #3108, .T. ) ;
#2605 = DIRECTION ( 'NONE',  ( 0.000000000000000000, 0.000000000000000000, -1.000000000000000000 ) ) ;
#2606 = CARTESIAN_POINT ( 'NONE',  ( 30.18211713789932560, 20.80448725967914925, 1.500000000000000444 ) ) ;
#2607 = CARTESIAN_POINT ( 'NONE',  ( 32.58211713789932418, 15.48641401289933661, 0.5000000000000004441 ) ) ;
#2608 = EDGE_LOOP ( 'NONE', ( #30, #3955, #3163, #1610 ) ) ;
#2609 = AXIS2_PLACEMENT_3D ( 'NONE', #3991, #821, #4467 ) ;
#2610 = LINE ( 'NONE', #603, #5947 ) ;
#2611 = CARTESIAN_POINT ( 'NONE',  ( -32.41788286210068293, 15.48641401289933661, 0.5000000000000004441 ) ) ;
#2612 = ADVANCED_FACE ( 'NONE', ( #6602 ), #2542, .F. ) ;
#2613 = LINE ( 'NONE', #3778, #6295 ) ;
#2614 = DIRECTION ( 'NONE',  ( 0.000000000000000000, -0.000000000000000000, -1.000000000000000000 ) ) ;
#2615 = VECTOR ( 'NONE', #2558, 1000.000000000000000 ) ;
#2616 = VERTEX_POINT ( 'NONE', #4515 ) ;
#2617 = ADVANCED_FACE ( 'NONE', ( #1541 ), #1975, .F. ) ;
#2618 = ORIENTED_EDGE ( 'NONE', *, *, #3174, .F. ) ;
#2619 = ADVANCED_FACE ( 'NONE', ( #2109 ), #5157, .F. ) ;
#2620 = VERTEX_POINT ( 'NONE', #5699 ) ;
#2621 = AXIS2_PLACEMENT_3D ( 'NONE', #2155, #682, #203 ) ;
#2622 = PLANE ( 'NONE',  #113 ) ;
#2623 = LINE ( 'NONE', #4659, #5043 ) ;
#2624 = CARTESIAN_POINT ( 'NONE',  ( -32.41788286210068293, 20.78641401289933910, 0.5000000000000004441 ) ) ;
#2625 = ORIENTED_EDGE ( 'NONE', *, *, #1559, .F. ) ;
#2626 = EDGE_LOOP ( 'NONE', ( #5910, #4753, #2092, #229, #1268, #5107, #5010, #4317, #5822, #2889 ) ) ;
#2627 = LINE ( 'NONE', #1116, #1874 ) ;
#2628 = LINE ( 'NONE', #2594, #149 ) ;
#2629 = CARTESIAN_POINT ( 'NONE',  ( -9.417882862100684704, 15.48641401289933661, 0.5000000000000004441 ) ) ;
#2630 = CARTESIAN_POINT ( 'NONE',  ( -16.41788286210066872, 16.07582173911838908, 3.742381610379894141 ) ) ;
#2631 = DIRECTION ( 'NONE',  ( -0.000000000000000000, -0.000000000000000000, 1.000000000000000000 ) ) ;
#2632 = VERTEX_POINT ( 'NONE', #4219 ) ;
#2633 = EDGE_CURVE ( 'NONE', #20, #4088, #190, .T. ) ;
#2634 = VERTEX_POINT ( 'NONE', #1673 ) ;
#2635 = LINE ( 'NONE', #4673, #2910 ) ;
#2636 = LINE ( 'NONE', #3095, #4639 ) ;
#2637 = LINE ( 'NONE', #6161, #4476 ) ;
#2638 = DIRECTION ( 'NONE',  ( 0.000000000000000000, 1.000000000000000000, 0.000000000000000000 ) ) ;
#2639 = CARTESIAN_POINT ( 'NONE',  ( -31.76788286210068790, 15.50448725967914676, 1.500000000000000444 ) ) ;
#2640 = PLANE ( 'NONE',  #5476 ) ;
#2641 = LINE ( 'NONE', #2981, #3260 ) ;
#2642 = LINE ( 'NONE', #5190, #5275 ) ;
#2643 = LINE ( 'NONE', #1645, #3080 ) ;
#2644 = DIRECTION ( 'NONE',  ( -0.7071067811865352493, -0.7071067811865597852, -0.000000000000000000 ) ) ;
#2645 = ORIENTED_EDGE ( 'NONE', *, *, #6503, .T. ) ;
#2646 = ORIENTED_EDGE ( 'NONE', *, *, #4742, .F. ) ;
#2647 = VERTEX_POINT ( 'NONE', #5224 ) ;
#2648 = CARTESIAN_POINT ( 'NONE',  ( 39.61788286210068577, 20.23277201088162514, 1.500000000000000444 ) ) ;
#2649 = DIRECTION ( 'NONE',  ( 0.000000000000000000, -1.000000000000000000, 0.000000000000000000 ) ) ;
#2650 = ADVANCED_FACE ( 'NONE', ( #1201 ), #4652, .T. ) ;
#2651 = EDGE_CURVE ( 'NONE', #4752, #6637, #2710, .T. ) ;
#2652 = DIRECTION ( 'NONE',  ( 1.000000000000000000, 0.000000000000000000, -0.000000000000000000 ) ) ;
#2653 = AXIS2_PLACEMENT_3D ( 'NONE', #6569, #3071, #470 ) ;
#2654 = ORIENTED_EDGE ( 'NONE', *, *, #4268, .F. ) ;
#2655 = ORIENTED_EDGE ( 'NONE', *, *, #319, .T. ) ;
#2656 = DIRECTION ( 'NONE',  ( 0.7071067811865467956, 0.7071067811865483499, 0.000000000000000000 ) ) ;
#2657 = CARTESIAN_POINT ( 'NONE',  ( 7.182117137899318493, 20.80448725967914925, 0.5000000000000004441 ) ) ;
#2658 = VECTOR ( 'NONE', #1705, 1000.000000000000000 ) ;
#2659 = DIRECTION ( 'NONE',  ( -0.000000000000000000, -0.000000000000000000, 1.000000000000000000 ) ) ;
#2660 = EDGE_CURVE ( 'NONE', #802, #244, #2613, .T. ) ;
#2661 = CARTESIAN_POINT ( 'NONE',  ( 6.582117137899329506, 18.16277201088163196, 3.250000000000000444 ) ) ;
#2662 = ORIENTED_EDGE ( 'NONE', *, *, #1838, .F. ) ;
#2663 = ORIENTED_EDGE ( 'NONE', *, *, #4801, .F. ) ;
#2664 = CARTESIAN_POINT ( 'NONE',  ( 15.31666666666454901, 56.18763020833439725, 30.93333333333335133 ) ) ;
#2665 = LINE ( 'NONE', #1224, #4739 ) ;
#2666 = LINE ( 'NONE', #6288, #5443 ) ;
#2667 = PLANE ( 'NONE',  #3107 ) ;
#2668 = DIRECTION ( 'NONE',  ( 0.7071067811865466846, 0.7071067811865483499, 0.000000000000000000 ) ) ;
#2669 = CARTESIAN_POINT ( 'NONE',  ( -45.75000000000000000, 25.65429687500000355, 6.000000000000000000 ) ) ;
#2670 = VECTOR ( 'NONE', #2961, 1000.000000000000000 ) ;
#2671 = LINE ( 'NONE', #4680, #1338 ) ;
#2672 = CARTESIAN_POINT ( 'NONE',  ( 9.582117137899318848, 22.78641401289933910, 0.5000000000000004441 ) ) ;
#2673 = CARTESIAN_POINT ( 'NONE',  ( -45.75000000000000000, 25.25429687500001918, 4.834314575050724372 ) ) ;
#2674 = CARTESIAN_POINT ( 'NONE',  ( -29.38211713789932489, 20.23277201088162514, 1.500000000000000444 ) ) ;
#2675 = AXIS2_PLACEMENT_3D ( 'NONE', #60, #2110, #4151 ) ;
#2676 = VERTEX_POINT ( 'NONE', #161 ) ;
#2677 = VERTEX_POINT ( 'NONE', #2176 ) ;
#2678 = ORIENTED_EDGE ( 'NONE', *, *, #5937, .T. ) ;
#2679 = AXIS2_PLACEMENT_3D ( 'NONE', #3241, #5754, #6320 ) ;
#2680 = DIRECTION ( 'NONE',  ( 1.000000000000000000, -0.000000000000000000, 0.000000000000000000 ) ) ;
#2681 = DIRECTION ( 'NONE',  ( 1.000000000000000000, -0.000000000000000000, 0.000000000000000000 ) ) ;
#2682 = EDGE_CURVE ( 'NONE', #6555, #4385, #5828, .T. ) ;
#2683 = LINE ( 'NONE', #1145, #1949 ) ;
#2684 = AXIS2_PLACEMENT_3D ( 'NONE', #2549, #5092, #1550 ) ;
#2685 = VERTEX_POINT ( 'NONE', #3246 ) ;
#2686 = VERTEX_POINT ( 'NONE', #5761 ) ;
#2687 = LINE ( 'NONE', #2351, #4858 ) ;
#2688 = DIRECTION ( 'NONE',  ( 1.000000000000000000, 0.000000000000000000, 0.000000000000000000 ) ) ;
#2689 = VECTOR ( 'NONE', #702, 1000.000000000000000 ) ;
#2690 = VECTOR ( 'NONE', #1154, 1000.000000000000000 ) ;
#2691 = CARTESIAN_POINT ( 'NONE',  ( 6.582117137899329506, 16.07582173911838908, 1.500000000000000444 ) ) ;
#2692 = PLANE ( 'NONE',  #5249 ) ;
#2693 = ORIENTED_EDGE ( 'NONE', *, *, #2016, .F. ) ;
#2694 = AXIS2_PLACEMENT_3D ( 'NONE', #4699, #4298, #3729 ) ;
#2695 = ORIENTED_EDGE ( 'NONE', *, *, #2033, .F. ) ;
#2696 = VECTOR ( 'NONE', #6581, 1000.000000000000000 ) ;
#2697 = ORIENTED_EDGE ( 'NONE', *, *, #6549, .T. ) ;
#2698 = EDGE_CURVE ( 'NONE', #6012, #6496, #5291, .T. ) ;
#2699 = LINE ( 'NONE', #3674, #6547 ) ;
#2700 = EDGE_CURVE ( 'NONE', #5456, #1, #704, .T. ) ;
#2701 = CARTESIAN_POINT ( 'NONE',  ( 39.25000000000000000, 15.70793887701771041, 3.457669979389220050 ) ) ;
#2702 = LINE ( 'NONE', #3240, #3827 ) ;
#2703 = EDGE_CURVE ( 'NONE', #2963, #1445, #1234, .T. ) ;
#2704 = DIRECTION ( 'NONE',  ( -0.000000000000000000, -0.000000000000000000, 1.000000000000000000 ) ) ;
#2705 = LINE ( 'NONE', #793, #5489 ) ;
#2706 = ORIENTED_EDGE ( 'NONE', *, *, #3021, .T. ) ;
#2707 = AXIS2_PLACEMENT_3D ( 'NONE', #3273, #5927, #253 ) ;
#2708 = CYLINDRICAL_SURFACE ( 'NONE', #250, 0.5000000000000004441 ) ;
#2709 = CARTESIAN_POINT ( 'NONE',  ( -38.75000000000000000, 20.90065487298230451, 1.500000000000000444 ) ) ;
#2710 = LINE ( 'NONE', #4748, #5437 ) ;
#2711 = DIRECTION ( 'NONE',  ( -0.000000000000000000, -0.000000000000000000, 1.000000000000000000 ) ) ;
#2712 = ORIENTED_EDGE ( 'NONE', *, *, #1092, .T. ) ;
#2713 = VECTOR ( 'NONE', #2301, 1000.000000000000000 ) ;
#2714 = EDGE_CURVE ( 'NONE', #4185, #429, #6329, .T. ) ;
#2715 = VERTEX_POINT ( 'NONE', #2673 ) ;
#2716 = ORIENTED_EDGE ( 'NONE', *, *, #3762, .F. ) ;
#2717 = CARTESIAN_POINT ( 'NONE',  ( -38.75000000000000000, 0.000000000000000000, 1.500000000000000444 ) ) ;
#2718 = DIRECTION ( 'NONE',  ( 0.000000000000000000, -0.000000000000000000, -1.000000000000000000 ) ) ;
#2719 = VECTOR ( 'NONE', #242, 1000.000000000000000 ) ;
#2720 = CARTESIAN_POINT ( 'NONE',  ( 8.932117137899320269, 20.78641401289933910, -2.999999999999999112 ) ) ;
#2721 = ORIENTED_EDGE ( 'NONE', *, *, #6301, .T. ) ;
#2722 =( BOUNDED_CURVE ( )  B_SPLINE_CURVE ( 3, ( #3948, #810, #6444, #2789 ),
 .UNSPECIFIED., .F., .T. ) 
 B_SPLINE_CURVE_WITH_KNOTS ( ( 4, 4 ),
 ( 1.570796326794896558, 3.141592653589793116 ),
 .UNSPECIFIED. ) 
 CURVE ( )  GEOMETRIC_REPRESENTATION_ITEM ( )  RATIONAL_B_SPLINE_CURVE ( ( 1.000000000000000000, 0.8047378541243649375, 0.8047378541243649375, 1.000000000000000000 ) ) 
 REPRESENTATION_ITEM ( '' )  );
#2723 = EDGE_LOOP ( 'NONE', ( #863, #2874, #900, #1919 ) ) ;
#2724 = CARTESIAN_POINT ( 'NONE',  ( -13.49635799798227964, 13.15429687499999822, 4.000000000000000000 ) ) ;
#2725 = CARTESIAN_POINT ( 'NONE',  ( 31.93211713789931849, 20.78641401289933910, 1.500000000000000444 ) ) ;
#2726 = DIRECTION ( 'NONE',  ( 1.000000000000000000, 0.000000000000000000, 0.000000000000000000 ) ) ;
#2727 = ORIENTED_EDGE ( 'NONE', *, *, #6509, .F. ) ;
#2728 = ORIENTED_EDGE ( 'NONE', *, *, #5942, .T. ) ;
#2729 = ORIENTED_EDGE ( 'NONE', *, *, #1023, .T. ) ;
#2730 = EDGE_CURVE ( 'NONE', #4053, #5559, #1103, .T. ) ;
#2731 = CARTESIAN_POINT ( 'NONE',  ( 39.24999999999999289, 16.16277201088163551, 3.250000000000000444 ) ) ;
#2732 = CARTESIAN_POINT ( 'NONE',  ( -7.017882862100685237, 20.78641401289933910, 1.500000000000000444 ) ) ;
#2733 = CARTESIAN_POINT ( 'NONE',  ( -14.06788286210067973, 20.80448725967914925, 1.500000000000000444 ) ) ;
#2734 = EDGE_CURVE ( 'NONE', #607, #5358, #2744, .T. ) ;
#2735 = LINE ( 'NONE', #5821, #217 ) ;
#2736 = EDGE_CURVE ( 'NONE', #6415, #3842, #605, .T. ) ;
#2737 = ORIENTED_EDGE ( 'NONE', *, *, #5606, .T. ) ;
#2738 = CARTESIAN_POINT ( 'NONE',  ( -8.767882862100687902, 15.50448725967914676, 0.5000000000000004441 ) ) ;
#2739 = EDGE_CURVE ( 'NONE', #295, #2547, #1529, .T. ) ;
#2740 = CARTESIAN_POINT ( 'NONE',  ( -38.81788286210068151, 15.48641401289933661, 1.000000000000000000 ) ) ;
#2741 = CARTESIAN_POINT ( 'NONE',  ( 13.67847513588162833, 13.13641401289933874, 4.000000000000000000 ) ) ;
#2742 = EDGE_CURVE ( 'NONE', #2601, #817, #2643, .T. ) ;
#2743 = LINE ( 'NONE', #4778, #1407 ) ;
#2744 = LINE ( 'NONE', #5192, #6086 ) ;
#2745 = CARTESIAN_POINT ( 'NONE',  ( 9.521524864118385167, 13.13641401289933697, 1.500000000000000444 ) ) ;
#2746 = ORIENTED_EDGE ( 'NONE', *, *, #5590, .T. ) ;
#2747 = ORIENTED_EDGE ( 'NONE', *, *, #2124, .T. ) ;
#2748 = VERTEX_POINT ( 'NONE', #1135 ) ;
#2749 = CARTESIAN_POINT ( 'NONE',  ( 6.840800136779574991, 20.49145500976187861, 3.708499914937258168 ) ) ;
#2750 = PLANE ( 'NONE',  #1048 ) ;
#2751 = CARTESIAN_POINT ( 'NONE',  ( 29.58211713789933484, 20.23277201088163224, 4.000000000000000000 ) ) ;
#2752 = CARTESIAN_POINT ( 'NONE',  ( -6.382117137899323112, 16.07582173911839263, 1.500000000000000444 ) ) ;
#2753 = ORIENTED_EDGE ( 'NONE', *, *, #1305, .F. ) ;
#2754 = ORIENTED_EDGE ( 'NONE', *, *, #2742, .F. ) ;
#2755 = DIRECTION ( 'NONE',  ( 0.6785983445458589891, -0.6785983445458353414, -0.2810846377148192854 ) ) ;
#2756 = LINE ( 'NONE', #6279, #2189 ) ;
#2757 = DIRECTION ( 'NONE',  ( 0.000000000000000000, -1.000000000000000000, 0.000000000000000000 ) ) ;
#2758 = EDGE_CURVE ( 'NONE', #4917, #979, #3176, .T. ) ;
#2759 = ORIENTED_EDGE ( 'NONE', *, *, #3838, .T. ) ;
#2760 = ORIENTED_EDGE ( 'NONE', *, *, #4619, .F. ) ;
#2761 = ORIENTED_EDGE ( 'NONE', *, *, #2897, .T. ) ;
#2762 = AXIS2_PLACEMENT_3D ( 'NONE', #776, #2816, #2913 ) ;
#2763 = CARTESIAN_POINT ( 'NONE',  ( -13.41788286210068115, 15.48641401289933661, 0.5000000000000004441 ) ) ;
#2764 = CARTESIAN_POINT ( 'NONE',  ( -38.81788286210068151, 15.48641401289933661, 1.000000000000000000 ) ) ;
#2765 = DIRECTION ( 'NONE',  ( -0.6785983445458394492, 0.6785983445458629859, -0.2810846377147999120 ) ) ;
#2766 = VERTEX_POINT ( 'NONE', #361 ) ;
#2767 = VECTOR ( 'NONE', #5993, 1000.000000000000000 ) ;
#2768 = DIRECTION ( 'NONE',  ( -0.000000000000000000, -0.000000000000000000, 1.000000000000000000 ) ) ;
#2769 = ORIENTED_EDGE ( 'NONE', *, *, #3712, .F. ) ;
#2770 = CARTESIAN_POINT ( 'NONE',  ( 6.832051399089473342, 15.82588747792825323, 3.698245413017322125 ) ) ;
#2771 = EDGE_CURVE ( 'NONE', #450, #145, #258, .T. ) ;
#2772 = CARTESIAN_POINT ( 'NONE',  ( -37.06788286210068151, 15.48641401289933661, 0.5000000000000004441 ) ) ;
#2773 = LINE ( 'NONE', #223, #1801 ) ;
#2774 = LINE ( 'NONE', #2674, #541 ) ;
#2775 = ORIENTED_EDGE ( 'NONE', *, *, #4127, .T. ) ;
#2776 = ORIENTED_EDGE ( 'NONE', *, *, #3549, .F. ) ;
#2777 = ORIENTED_EDGE ( 'NONE', *, *, #3184, .F. ) ;
#2778 = EDGE_CURVE ( 'NONE', #489, #6165, #4846, .T. ) ;
#2779 = ADVANCED_FACE ( 'NONE', ( #827 ), #3874, .F. ) ;
#2780 = CARTESIAN_POINT ( 'NONE',  ( -16.41788286210066872, 16.07582173911838908, 4.000000000000000000 ) ) ;
#2781 = VECTOR ( 'NONE', #5102, 1000.000000000000000 ) ;
#2782 = DIRECTION ( 'NONE',  ( 1.000000000000000000, 1.334402673828313586E-16, 0.000000000000000000 ) ) ;
#2783 = CARTESIAN_POINT ( 'NONE',  ( 45.85000000000000142, 24.65429687500000711, 6.000000000000000000 ) ) ;
#2784 = CARTESIAN_POINT ( 'NONE',  ( 13.67847513588161412, 23.17217973710068080, 1.500000000000000444 ) ) ;
#2785 = ADVANCED_FACE ( 'NONE', ( #5353 ), #3809, .F. ) ;
#2786 = ORIENTED_EDGE ( 'NONE', *, *, #3920, .T. ) ;
#2787 = EDGE_LOOP ( 'NONE', ( #6382, #2037, #4547, #6383 ) ) ;
#2788 = AXIS2_PLACEMENT_3D ( 'NONE', #497, #3578, #925 ) ;
#2789 = CARTESIAN_POINT ( 'NONE',  ( -43.75000000000000000, 23.15429687500000355, 0.3499999999999999223 ) ) ;
#2790 = PLANE ( 'NONE',  #4323 ) ;
#2791 = DIRECTION ( 'NONE',  ( 1.000000000000000000, -1.734723475976806709E-18, -0.000000000000000000 ) ) ;
#2792 = AXIS2_PLACEMENT_3D ( 'NONE', #2364, #2333, #4839 ) ;
#2793 = ORIENTED_EDGE ( 'NONE', *, *, #1916, .T. ) ;
#2794 = VERTEX_POINT ( 'NONE', #2311 ) ;
#2795 = VERTEX_POINT ( 'NONE', #3380 ) ;
#2796 = AXIS2_PLACEMENT_3D ( 'NONE', #4755, #2680, #5230 ) ;
#2797 = CARTESIAN_POINT ( 'NONE',  ( -13.41788286210068115, 15.48641401289933661, 0.5000000000000004441 ) ) ;
#2798 = CARTESIAN_POINT ( 'NONE',  ( -43.25000000000000000, 23.15429687500000000, 0.4964466094067261359 ) ) ;
#2799 = AXIS2_PLACEMENT_3D ( 'NONE', #2807, #4875, #1739 ) ;
#2800 = CARTESIAN_POINT ( 'NONE',  ( 37.23211713789931565, 20.78641401289933910, 0.5000000000000004441 ) ) ;
#2801 = VECTOR ( 'NONE', #12, 1000.000000000000000 ) ;
#2802 = ORIENTED_EDGE ( 'NONE', *, *, #4528, .T. ) ;
#2803 = LINE ( 'NONE', #286, #3454 ) ;
#2804 = CARTESIAN_POINT ( 'NONE',  ( 45.84999999999998721, 11.05429687500002878, 0.000000000000000000 ) ) ;
#2805 = LINE ( 'NONE', #2272, #6478 ) ;
#2806 = VECTOR ( 'NONE', #6207, 1000.000000000000000 ) ;
#2807 = CARTESIAN_POINT ( 'NONE',  ( 16.61788286210067511, 20.16277201088163196, 3.250000000000000444 ) ) ;
#2808 = CARTESIAN_POINT ( 'NONE',  ( -13.47847513588162904, 23.17217973710068080, 1.500000000000000444 ) ) ;
#2809 = CARTESIAN_POINT ( 'NONE',  ( -45.55000000000000426, 25.45429687500000426, 0.2000000000000195233 ) ) ;
#2810 = AXIS2_PLACEMENT_3D ( 'NONE', #5460, #1240, #2282 ) ;
#2811 = ORIENTED_EDGE ( 'NONE', *, *, #5992, .T. ) ;
#2812 = VERTEX_POINT ( 'NONE', #1336 ) ;
#2813 = EDGE_LOOP ( 'NONE', ( #3947, #4430, #3385, #4815 ) ) ;
#2814 = ADVANCED_FACE ( 'NONE', ( #5895 ), #291, .F. ) ;
#2815 = CARTESIAN_POINT ( 'NONE',  ( 15.98211713789931387, 20.78641401289933910, 0.5000000000000004441 ) ) ;
#2816 = DIRECTION ( 'NONE',  ( 0.000000000000000000, 1.000000000000000000, -0.000000000000000000 ) ) ;
#2817 = CARTESIAN_POINT ( 'NONE',  ( -9.417882862100684704, 15.48641401289933661, 1.500000000000000444 ) ) ;
#2818 = EDGE_CURVE ( 'NONE', #4568, #4893, #5423, .T. ) ;
#2819 = EDGE_CURVE ( 'NONE', #3973, #1, #3412, .T. ) ;
#2820 = VERTEX_POINT ( 'NONE', #2276 ) ;
#2821 = EDGE_CURVE ( 'NONE', #4526, #1935, #6493, .T. ) ;
#2822 = VERTEX_POINT ( 'NONE', #1298 ) ;
#2823 = LINE ( 'NONE', #4431, #6367 ) ;
#2824 = VECTOR ( 'NONE', #1334, 1000.000000000000000 ) ;
#2825 = DIRECTION ( 'NONE',  ( 0.000000000000000000, -0.000000000000000000, -1.000000000000000000 ) ) ;
#2826 = ORIENTED_EDGE ( 'NONE', *, *, #1237, .F. ) ;
#2827 = VECTOR ( 'NONE', #4330, 1000.000000000000000 ) ;
#2828 = EDGE_LOOP ( 'NONE', ( #6399, #4168, #3481, #2409 ) ) ;
#2829 = VERTEX_POINT ( 'NONE', #858 ) ;
#2830 = CARTESIAN_POINT ( 'NONE',  ( -45.75000000000000000, 20.16277201088163196, 3.250000000000000444 ) ) ;
#2831 = CARTESIAN_POINT ( 'NONE',  ( -38.75000000000000000, 13.15429687499999289, 4.000000000000000000 ) ) ;
#2832 = VECTOR ( 'NONE', #6211, 1000.000000000000000 ) ;
#2833 = FACE_OUTER_BOUND ( 'NONE', #316, .T. ) ;
#2834 = DIRECTION ( 'NONE',  ( -1.000000000000000000, 0.000000000000000000, 0.000000000000000000 ) ) ;
#2835 = ORIENTED_EDGE ( 'NONE', *, *, #5108, .F. ) ;
#2836 = CARTESIAN_POINT ( 'NONE',  ( -14.06788286210067973, 15.48641401289933661, 0.5000000000000004441 ) ) ;
#2837 = CARTESIAN_POINT ( 'NONE',  ( 23.00000000000000000, 0.000000000000000000, 0.5000000000000004441 ) ) ;
#2838 = CARTESIAN_POINT ( 'NONE',  ( -45.34999999999998721, 11.05429687500002878, 0.000000000000000000 ) ) ;
#2839 = PLANE ( 'NONE',  #4830 ) ;
#2840 = CARTESIAN_POINT ( 'NONE',  ( 46.25000000000000000, 11.65429687500000533, 5.600000000000016520 ) ) ;
#2841 = ADVANCED_FACE ( 'NONE', ( #4812 ), #2341, .T. ) ;
#2842 = DIRECTION ( 'NONE',  ( 0.7071067811865479058, -0.7071067811865471286, 0.000000000000000000 ) ) ;
#2843 = ORIENTED_EDGE ( 'NONE', *, *, #4019, .T. ) ;
#2844 = ORIENTED_EDGE ( 'NONE', *, *, #4973, .T. ) ;
#2845 = ORIENTED_EDGE ( 'NONE', *, *, #3959, .F. ) ;
#2846 = DIRECTION ( 'NONE',  ( 0.000000000000000000, -1.000000000000000000, 0.000000000000000000 ) ) ;
#2847 = CARTESIAN_POINT ( 'NONE',  ( 39.24999999999999289, 20.16277201088163196, 3.250000000000000444 ) ) ;
#2848 = CARTESIAN_POINT ( 'NONE',  ( 23.00000000000000000, 0.000000000000000000, 0.5000000000000004441 ) ) ;
#2849 = ORIENTED_EDGE ( 'NONE', *, *, #3683, .F. ) ;
#2850 = VERTEX_POINT ( 'NONE', #4348 ) ;
#2851 = DIRECTION ( 'NONE',  ( -0.000000000000000000, -0.000000000000000000, 1.000000000000000000 ) ) ;
#2852 = CARTESIAN_POINT ( 'NONE',  ( -29.81211713789933526, 20.66277201088163906, 2.988744022555681390 ) ) ;
#2853 = ADVANCED_FACE ( 'NONE', ( #5963 ), #1365, .F. ) ;
#2854 = EDGE_CURVE ( 'NONE', #713, #2820, #2904, .T. ) ;
#2855 = CARTESIAN_POINT ( 'NONE',  ( -45.75000000000000000, 22.40429687500000711, 1.000000000000000000 ) ) ;
#2856 = ORIENTED_EDGE ( 'NONE', *, *, #6420, .T. ) ;
#2857 = EDGE_CURVE ( 'NONE', #996, #1951, #3280, .T. ) ;
#2858 = ORIENTED_EDGE ( 'NONE', *, *, #1902, .F. ) ;
#2859 = VERTEX_POINT ( 'NONE', #6397 ) ;
#2860 = PLANE ( 'NONE',  #5908 ) ;
#2861 = DIRECTION ( 'NONE',  ( 0.000000000000000000, -0.000000000000000000, 1.000000000000000000 ) ) ;
#2862 = EDGE_CURVE ( 'NONE', #6173, #3524, #2773, .T. ) ;
#2863 = CARTESIAN_POINT ( 'NONE',  ( -43.75000000000000000, 23.15429687500000355, 0.5999999999999999778 ) ) ;
#2864 = DIRECTION ( 'NONE',  ( 0.000000000000000000, -0.7071067811865465735, 0.7071067811865483499 ) ) ;
#2865 = ORIENTED_EDGE ( 'NONE', *, *, #110, .F. ) ;
#2866 = ORIENTED_EDGE ( 'NONE', *, *, #3551, .T. ) ;
#2867 = AXIS2_PLACEMENT_3D ( 'NONE', #5086, #5526, #502 ) ;
#2868 = LINE ( 'NONE', #3439, #5044 ) ;
#2869 = DIRECTION ( 'NONE',  ( 0.000000000000000000, 0.000000000000000000, 1.000000000000000000 ) ) ;
#2870 = VECTOR ( 'NONE', #527, 1000.000000000000000 ) ;
#2871 = DIRECTION ( 'NONE',  ( 1.000000000000000000, 4.173067663955945463E-16, 0.000000000000000000 ) ) ;
#2872 = FACE_OUTER_BOUND ( 'NONE', #2213, .T. ) ;
#2873 = ORIENTED_EDGE ( 'NONE', *, *, #1751, .F. ) ;
#2874 = ORIENTED_EDGE ( 'NONE', *, *, #3192, .F. ) ;
#2875 = VERTEX_POINT ( 'NONE', #2808 ) ;
#2876 = DIRECTION ( 'NONE',  ( -1.000000000000000000, 0.000000000000000000, -0.000000000000000000 ) ) ;
#2877 = CARTESIAN_POINT ( 'NONE',  ( -13.41788286210068115, 20.78641401289933910, 1.500000000000000444 ) ) ;
#2878 = CARTESIAN_POINT ( 'NONE',  ( -29.79516686613608201, 15.66277201088163373, 3.250000000000000444 ) ) ;
#2879 = EDGE_LOOP ( 'NONE', ( #1428, #4962, #3047, #2380, #803, #792, #4350, #2344, #2422 ) ) ;
#2880 = EDGE_LOOP ( 'NONE', ( #5726, #4724, #655, #2281, #3657, #725, #4791, #6148, #1211 ) ) ;
#2881 = DIRECTION ( 'NONE',  ( 0.000000000000000000, 1.000000000000000000, 0.000000000000000000 ) ) ;
#2882 = AXIS2_PLACEMENT_3D ( 'NONE', #2384, #3945, #1406 ) ;
#2883 = FACE_OUTER_BOUND ( 'NONE', #1459, .T. ) ;
#2884 = EDGE_CURVE ( 'NONE', #586, #1086, #3837, .T. ) ;
#2885 = PLANE ( 'NONE',  #3233 ) ;
#2886 = VECTOR ( 'NONE', #3779, 1000.000000000000000 ) ;
#2887 = VERTEX_POINT ( 'NONE', #2505 ) ;
#2888 = ORIENTED_EDGE ( 'NONE', *, *, #6254, .F. ) ;
#2889 = ORIENTED_EDGE ( 'NONE', *, *, #749, .F. ) ;
#2890 = CARTESIAN_POINT ( 'NONE',  ( -36.41788286210068293, 22.78641401289933910, 0.5000000000000004441 ) ) ;
#2891 = LINE ( 'NONE', #2927, #4428 ) ;
#2892 = EDGE_CURVE ( 'NONE', #3290, #548, #301, .T. ) ;
#2893 = VECTOR ( 'NONE', #2026, 1000.000000000000000 ) ;
#2894 = DIRECTION ( 'NONE',  ( -0.000000000000000000, -0.000000000000000000, 1.000000000000000000 ) ) ;
#2895 = FACE_OUTER_BOUND ( 'NONE', #5609, .T. ) ;
#2896 = VERTEX_POINT ( 'NONE', #1967 ) ;
#2897 = EDGE_CURVE ( 'NONE', #5473, #6012, #4543, .T. ) ;
#2898 = EDGE_CURVE ( 'NONE', #6623, #145, #2070, .T. ) ;
#2899 = VECTOR ( 'NONE', #3749, 1000.000000000000000 ) ;
#2900 = LINE ( 'NONE', #5387, #5798 ) ;
#2901 = DIRECTION ( 'NONE',  ( -0.000000000000000000, -0.000000000000000000, 1.000000000000000000 ) ) ;
#2902 = VECTOR ( 'NONE', #3682, 1000.000000000000000 ) ;
#2903 = VECTOR ( 'NONE', #729, 1000.000000000000000 ) ;
#2904 = LINE ( 'NONE', #3936, #2767 ) ;
#2905 = DIRECTION ( 'NONE',  ( -0.7071067811865471286, -0.7071067811865479058, 0.000000000000000000 ) ) ;
#2906 = CARTESIAN_POINT ( 'NONE',  ( 7.182117137899318493, 15.48641401289933661, 0.5000000000000004441 ) ) ;
#2907 = ORIENTED_EDGE ( 'NONE', *, *, #6125, .T. ) ;
#2908 = VECTOR ( 'NONE', #1317, 1000.000000000000000 ) ;
#2909 = ORIENTED_EDGE ( 'NONE', *, *, #6270, .F. ) ;
#2910 = VECTOR ( 'NONE', #6286, 1000.000000000000000 ) ;
#2911 = EDGE_LOOP ( 'NONE', ( #1655, #6085, #2625, #1141 ) ) ;
#2912 = FACE_BOUND ( 'NONE', #1725, .T. ) ;
#2913 = DIRECTION ( 'NONE',  ( 0.000000000000000000, 0.000000000000000000, 1.000000000000000000 ) ) ;
#2914 = CARTESIAN_POINT ( 'NONE',  ( -16.41788286210066872, 18.66277201088163196, 3.250000000000000444 ) ) ;
#2915 = VECTOR ( 'NONE', #4949, 1000.000000000000000 ) ;
#2916 = ADVANCED_FACE ( 'NONE', ( #958 ), #2032, .F. ) ;
#2917 = ORIENTED_EDGE ( 'NONE', *, *, #90, .T. ) ;
#2918 = EDGE_LOOP ( 'NONE', ( #2218, #3745, #2244, #3791 ) ) ;
#2919 = CARTESIAN_POINT ( 'NONE',  ( -32.32152486411837344, 13.13641401289933874, 1.500000000000000444 ) ) ;
#2920 = DIRECTION ( 'NONE',  ( 0.000000000000000000, 0.000000000000000000, 1.000000000000000000 ) ) ;
#2921 = CARTESIAN_POINT ( 'NONE',  ( 0.000000000000000000, 0.000000000000000000, 1.000000000000000000 ) ) ;
#2922 = EDGE_CURVE ( 'NONE', #508, #4371, #3000, .T. ) ;
#2923 = ORIENTED_EDGE ( 'NONE', *, *, #5319, .F. ) ;
#2924 = EDGE_LOOP ( 'NONE', ( #2737, #2977, #3571, #3509 ) ) ;
#2925 = VECTOR ( 'NONE', #5477, 1000.000000000000000 ) ;
#2926 = DIRECTION ( 'NONE',  ( -0.000000000000000000, 1.000000000000000000, -0.000000000000000000 ) ) ;
#2927 = CARTESIAN_POINT ( 'NONE',  ( 45.85000000000000142, 13.90429687500000355, 6.000000000000001776 ) ) ;
#2928 = CARTESIAN_POINT ( 'NONE',  ( 46.25000000000000000, 25.65429687500000355, 0.4000000000000114575 ) ) ;
#2929 = VECTOR ( 'NONE', #916, 1000.000000000000000 ) ;
#2930 = DIRECTION ( 'NONE',  ( -1.000000000000000000, 0.000000000000000000, 0.000000000000000000 ) ) ;
#2931 = ORIENTED_EDGE ( 'NONE', *, *, #6543, .F. ) ;
#2932 = EDGE_CURVE ( 'NONE', #5030, #644, #5112, .T. ) ;
#2933 = ORIENTED_EDGE ( 'NONE', *, *, #5439, .F. ) ;
#2934 = DIRECTION ( 'NONE',  ( -0.000000000000000000, -0.000000000000000000, 1.000000000000000000 ) ) ;
#2935 = AXIS2_PLACEMENT_3D ( 'NONE', #617, #2656, #4695 ) ;
#2936 = DIRECTION ( 'NONE',  ( 1.000000000000000000, -0.000000000000000000, -0.000000000000000000 ) ) ;
#2937 = ADVANCED_FACE ( 'NONE', ( #1998 ), #1027, .F. ) ;
#2938 = EDGE_CURVE ( 'NONE', #264, #2430, #424, .T. ) ;
#2939 = DIRECTION ( 'NONE',  ( -0.000000000000000000, -0.000000000000000000, 1.000000000000000000 ) ) ;
#2940 = EDGE_CURVE ( 'NONE', #6409, #4806, #5006, .T. ) ;
#2941 = DIRECTION ( 'NONE',  ( -0.000000000000000000, -0.000000000000000000, 1.000000000000000000 ) ) ;
#2942 = CARTESIAN_POINT ( 'NONE',  ( -29.38211713789932489, 20.23277201088162514, 2.754924248220536942 ) ) ;
#2943 = ORIENTED_EDGE ( 'NONE', *, *, #6018, .F. ) ;
#2944 = VERTEX_POINT ( 'NONE', #1534 ) ;
#2945 = ORIENTED_EDGE ( 'NONE', *, *, #1367, .F. ) ;
#2946 = CARTESIAN_POINT ( 'NONE',  ( 36.69635799798229669, 23.15429687500000000, 4.000000000000000000 ) ) ;
#2947 = FACE_OUTER_BOUND ( 'NONE', #77, .T. ) ;
#2948 = DIRECTION ( 'NONE',  ( -0.7071067811865483499, 0.7071067811865466846, 0.000000000000000000 ) ) ;
#2949 = VERTEX_POINT ( 'NONE', #2434 ) ;
#2950 = VERTEX_POINT ( 'NONE', #1497 ) ;
#2951 = CARTESIAN_POINT ( 'NONE',  ( -16.41788286210066872, 20.23277201088163224, 4.000000000000000000 ) ) ;
#2952 = CARTESIAN_POINT ( 'NONE',  ( 6.840800136779574991, 20.49145500976187861, 2.791500085062741832 ) ) ;
#2953 = LINE ( 'NONE', #4991, #4503 ) ;
#2954 = CARTESIAN_POINT ( 'NONE',  ( 9.582117137899318848, 20.78641401289933910, 0.5000000000000004441 ) ) ;
#2955 = ORIENTED_EDGE ( 'NONE', *, *, #1917, .F. ) ;
#2956 = ORIENTED_EDGE ( 'NONE', *, *, #3880, .T. ) ;
#2957 = DIRECTION ( 'NONE',  ( 1.000000000000000000, -0.000000000000000000, 0.000000000000000000 ) ) ;
#2958 = CARTESIAN_POINT ( 'NONE',  ( 45.85000000000000142, 22.40429687500000355, 6.000000000000000000 ) ) ;
#2959 = EDGE_CURVE ( 'NONE', #913, #3348, #4154, .T. ) ;
#2960 = DIRECTION ( 'NONE',  ( 0.000000000000000000, 1.000000000000000000, 0.000000000000000000 ) ) ;
#2961 = DIRECTION ( 'NONE',  ( -1.000000000000000000, -0.000000000000000000, -0.000000000000000000 ) ) ;
#2962 = FACE_OUTER_BOUND ( 'NONE', #2608, .T. ) ;
#2963 = VERTEX_POINT ( 'NONE', #3540 ) ;
#2964 = CARTESIAN_POINT ( 'NONE',  ( -13.49635799798227609, 13.15429687499999645, 1.500000000000000444 ) ) ;
#2965 = CARTESIAN_POINT ( 'NONE',  ( 16.36794860091053749, 15.82588747792825146, 2.801754586982679207 ) ) ;
#2966 = FACE_OUTER_BOUND ( 'NONE', #808, .T. ) ;
#2967 = CARTESIAN_POINT ( 'NONE',  ( -7.017882862100685237, 20.78641401289933910, 0.5000000000000004441 ) ) ;
#2968 = VECTOR ( 'NONE', #5970, 1000.000000000000000 ) ;
#2969 = CARTESIAN_POINT ( 'NONE',  ( -45.75000000000000000, 15.66277201088163373, 3.250000000000000444 ) ) ;
#2970 = VERTEX_POINT ( 'NONE', #4004 ) ;
#2971 = ORIENTED_EDGE ( 'NONE', *, *, #4973, .F. ) ;
#2972 = ORIENTED_EDGE ( 'NONE', *, *, #1280, .T. ) ;
#2973 = VECTOR ( 'NONE', #4901, 1000.000000000000000 ) ;
#2974 = FACE_OUTER_BOUND ( 'NONE', #3157, .T. ) ;
#2975 = CYLINDRICAL_SURFACE ( 'NONE', #1695, 0.5000000000000004441 ) ;
#2976 = CARTESIAN_POINT ( 'NONE',  ( -13.49635799798227964, 13.15429687499999822, 6.000000000000000000 ) ) ;
#2977 = ORIENTED_EDGE ( 'NONE', *, *, #3219, .F. ) ;
#2978 = ADVANCED_FACE ( 'NONE', ( #2966 ), #464, .T. ) ;
#2979 = EDGE_LOOP ( 'NONE', ( #4013, #4083, #4916, #2240, #2849, #6630, #2195, #2049, #1878, #4132, #6465, #3358, #1868 ) ) ;
#2980 = ADVANCED_FACE ( 'NONE', ( #2568 ), #17, .F. ) ;
#2981 = CARTESIAN_POINT ( 'NONE',  ( 9.582117137899318848, 20.78641401289933910, 0.5000000000000004441 ) ) ;
#2982 = CARTESIAN_POINT ( 'NONE',  ( 32.50364200201769904, 23.15429687500000000, 6.000000000000000000 ) ) ;
#2983 = CARTESIAN_POINT ( 'NONE',  ( 36.58211713789932418, 20.78641401289933910, 1.500000000000000444 ) ) ;
#2984 = DIRECTION ( 'NONE',  ( 0.000000000000000000, -0.000000000000000000, 1.000000000000000000 ) ) ;
#2985 = ORIENTED_EDGE ( 'NONE', *, *, #4057, .T. ) ;
#2986 = EDGE_LOOP ( 'NONE', ( #2419, #4587, #3983, #952 ) ) ;
#2987 = VECTOR ( 'NONE', #6117, 1000.000000000000000 ) ;
#2988 = DIRECTION ( 'NONE',  ( 1.000000000000000000, 0.000000000000000000, 0.000000000000000000 ) ) ;
#2989 = CARTESIAN_POINT ( 'NONE',  ( 37.23211713789931565, 0.000000000000000000, 0.000000000000000000 ) ) ;
#2990 = CARTESIAN_POINT ( 'NONE',  ( 15.31666666666454901, -19.87903645833439370, 30.93333333333335133 ) ) ;
#2991 = VECTOR ( 'NONE', #705, 1000.000000000000000 ) ;
#2992 = DIRECTION ( 'NONE',  ( -0.7071067811865466846, -0.7071067811865483499, 0.000000000000000000 ) ) ;
#2993 = DIRECTION ( 'NONE',  ( 1.309225264888156130E-15, -1.000000000000000000, 0.000000000000000000 ) ) ;
#2994 = EDGE_LOOP ( 'NONE', ( #6583, #4115, #6023, #4283 ) ) ;
#2995 = EDGE_CURVE ( 'NONE', #2620, #3747, #3037, .T. ) ;
#2996 = ORIENTED_EDGE ( 'NONE', *, *, #1631, .T. ) ;
#2997 = DIRECTION ( 'NONE',  ( 0.000000000000000000, 1.000000000000000000, 0.000000000000000000 ) ) ;
#2998 = CIRCLE ( 'NONE', #2792, 0.5000000000000000000 ) ;
#2999 = LINE ( 'NONE', #5042, #5065 ) ;
#3000 = LINE ( 'NONE', #1464, #4796 ) ;
#3001 = DIRECTION ( 'NONE',  ( 1.000000000000000000, 0.000000000000000000, -0.000000000000000000 ) ) ;
#3002 = AXIS2_PLACEMENT_3D ( 'NONE', #2661, #4670, #1689 ) ;
#3003 = LINE ( 'NONE', #6374, #1523 ) ;
#3004 = VERTEX_POINT ( 'NONE', #5079 ) ;
#3005 = ORIENTED_EDGE ( 'NONE', *, *, #1183, .T. ) ;
#3006 = AXIS2_PLACEMENT_3D ( 'NONE', #6396, #6428, #3873 ) ;
#3007 = VECTOR ( 'NONE', #2425, 1000.000000000000000 ) ;
#3008 = CARTESIAN_POINT ( 'NONE',  ( -45.48333333333334139, 25.52096354166666714, 0.2666666666666789309 ) ) ;
#3009 = PLANE ( 'NONE',  #1585 ) ;
#3010 = DIRECTION ( 'NONE',  ( -0.000000000000000000, -0.000000000000000000, 1.000000000000000000 ) ) ;
#3011 = VECTOR ( 'NONE', #2354, 1000.000000000000000 ) ;
#3012 = VECTOR ( 'NONE', #2172, 1000.000000000000000 ) ;
#3013 = EDGE_LOOP ( 'NONE', ( #1098, #3042, #4649, #3796 ) ) ;
#3014 = EDGE_CURVE ( 'NONE', #262, #6272, #893, .T. ) ;
#3015 = ORIENTED_EDGE ( 'NONE', *, *, #130, .F. ) ;
#3016 = ORIENTED_EDGE ( 'NONE', *, *, #2496, .T. ) ;
#3017 = CALENDAR_DATE ( 2025, 30, 7 ) ;
#3018 = CARTESIAN_POINT ( 'NONE',  ( -32.41788286210068293, 20.78641401289933910, 0.5000000000000004441 ) ) ;
#3019 = VECTOR ( 'NONE', #5454, 1000.000000000000000 ) ;
#3020 = CARTESIAN_POINT ( 'NONE',  ( -14.06788286210068684, 20.78641401289933910, -2.999999999999999112 ) ) ;
#3021 = EDGE_CURVE ( 'NONE', #2829, #3868, #4477, .T. ) ;
#3022 = CARTESIAN_POINT ( 'NONE',  ( -6.812117137899331709, 20.66277201088163906, 2.988744022555681390 ) ) ;
#3023 = EDGE_CURVE ( 'NONE', #5634, #6065, #3504, .T. ) ;
#3024 = ORIENTED_EDGE ( 'NONE', *, *, #3937, .T. ) ;
#3025 = ORIENTED_EDGE ( 'NONE', *, *, #360, .T. ) ;
#3026 = VECTOR ( 'NONE', #1160, 1000.000000000000000 ) ;
#3027 = FACE_BOUND ( 'NONE', #4383, .T. ) ;
#3028 = DIRECTION ( 'NONE',  ( 0.000000000000000000, 1.000000000000000000, 0.000000000000000000 ) ) ;
#3029 = LINE ( 'NONE', #3602, #3563 ) ;
#3030 = LINE ( 'NONE', #6051, #4275 ) ;
#3031 = PLANE ( 'NONE',  #6535 ) ;
#3032 = ORIENTED_EDGE ( 'NONE', *, *, #5834, .T. ) ;
#3033 = ORIENTED_EDGE ( 'NONE', *, *, #3478, .F. ) ;
#3034 = DIRECTION ( 'NONE',  ( 0.7071067811865482389, -0.7071067811865469066, 0.000000000000000000 ) ) ;
#3035 = CARTESIAN_POINT ( 'NONE',  ( -38.81788286210068151, 20.80448725967914925, 0.5000000000000004441 ) ) ;
#3036 = VECTOR ( 'NONE', #1896, 1000.000000000000000 ) ;
#3037 = LINE ( 'NONE', #3970, #2018 ) ;
#3038 = LINE ( 'NONE', #5588, #2355 ) ;
#3039 = PLANE ( 'NONE',  #1846 ) ;
#3040 = ORIENTED_EDGE ( 'NONE', *, *, #411, .F. ) ;
#3041 =( GEOMETRIC_REPRESENTATION_CONTEXT ( 3 ) GLOBAL_UNCERTAINTY_ASSIGNED_CONTEXT ( ( #6 ) ) GLOBAL_UNIT_ASSIGNED_CONTEXT ( ( #6508, #5370, #4860 ) ) REPRESENTATION_CONTEXT ( 'NONE', 'WORKASPACE' ) );
#3042 = ORIENTED_EDGE ( 'NONE', *, *, #6099, .F. ) ;
#3043 = CARTESIAN_POINT ( 'NONE',  ( 16.20483313386392155, 15.66277201088163373, 3.250000000000000444 ) ) ;
#3044 = CARTESIAN_POINT ( 'NONE',  ( -29.38211713789932489, 20.23277201088162514, 1.500000000000000444 ) ) ;
#3045 = VECTOR ( 'NONE', #6536, 1000.000000000000000 ) ;
#3046 = LINE ( 'NONE', #3072, #4809 ) ;
#3047 = ORIENTED_EDGE ( 'NONE', *, *, #4530, .T. ) ;
#3048 = ORIENTED_EDGE ( 'NONE', *, *, #5538, .F. ) ;
#3049 = VERTEX_POINT ( 'NONE', #2733 ) ;
#3050 = CARTESIAN_POINT ( 'NONE',  ( -15.81788286210068151, 20.80448725967914925, 1.500000000000000444 ) ) ;
#3051 = CARTESIAN_POINT ( 'NONE',  ( 36.58211713789932418, 20.78641401289933910, 0.5000000000000004441 ) ) ;
#3052 = DIRECTION ( 'NONE',  ( 0.7071067811865352493, 0.000000000000000000, 0.7071067811865597852 ) ) ;
#3053 = ORIENTED_EDGE ( 'NONE', *, *, #6475, .F. ) ;
#3054 = EDGE_LOOP ( 'NONE', ( #6331, #3462, #3213, #2269, #3121, #163 ) ) ;
#3055 = LINE ( 'NONE', #5066, #4072 ) ;
#3056 = LINE ( 'NONE', #2122, #5072 ) ;
#3057 = CARTESIAN_POINT ( 'NONE',  ( -37.06788286210066019, -4.853020875897687541E-14, 0.000000000000000000 ) ) ;
#3058 = LINE ( 'NONE', #4500, #2781 ) ;
#3059 = DIRECTION ( 'NONE',  ( -1.000000000000000000, -1.309225264888156130E-15, 0.000000000000000000 ) ) ;
#3060 = VERTEX_POINT ( 'NONE', #4738 ) ;
#3061 = VERTEX_POINT ( 'NONE', #1191 ) ;
#3062 = CARTESIAN_POINT ( 'NONE',  ( -13.47847513588161483, 13.13641401289933697, 1.500000000000000444 ) ) ;
#3063 = DIRECTION ( 'NONE',  ( 0.000000000000000000, 1.000000000000000000, 0.000000000000000000 ) ) ;
#3064 = APPROVAL ( #5125, 'UNSPECIFIED' ) ;
#3065 = DIRECTION ( 'NONE',  ( -1.000000000000000000, 0.000000000000000000, 0.000000000000000000 ) ) ;
#3066 = FACE_BOUND ( 'NONE', #623, .T. ) ;
#3067 = DIRECTION ( 'NONE',  ( -0.000000000000000000, -0.000000000000000000, 1.000000000000000000 ) ) ;
#3068 = ORIENTED_EDGE ( 'NONE', *, *, #5195, .T. ) ;
#3069 = ORIENTED_EDGE ( 'NONE', *, *, #5377, .F. ) ;
#3070 = CARTESIAN_POINT ( 'NONE',  ( 31.93211713789932560, 20.78641401289933910, -2.999999999999999112 ) ) ;
#3071 = DIRECTION ( 'NONE',  ( 0.000000000000000000, -1.000000000000000000, 0.000000000000000000 ) ) ;
#3072 = CARTESIAN_POINT ( 'NONE',  ( 8.932117137899313164, 20.78641401289933910, -2.999999999999999112 ) ) ;
#3073 = ORIENTED_EDGE ( 'NONE', *, *, #5608, .T. ) ;
#3074 = VERTEX_POINT ( 'NONE', #150 ) ;
#3075 = AXIS2_PLACEMENT_3D ( 'NONE', #4193, #2681, #2216 ) ;
#3076 = ORIENTED_EDGE ( 'NONE', *, *, #1559, .T. ) ;
#3077 = MECHANICAL_CONTEXT ( 'NONE', #221, 'mechanical' ) ;
#3078 = DIRECTION ( 'NONE',  ( 0.000000000000000000, -0.000000000000000000, 1.000000000000000000 ) ) ;
#3079 = CARTESIAN_POINT ( 'NONE',  ( -43.75000000000000000, 13.15429687500000355, 0.3499999999999999223 ) ) ;
#3080 = VECTOR ( 'NONE', #3685, 1000.000000000000000 ) ;
#3081 = LINE ( 'NONE', #1554, #2593 ) ;
#3082 = ORIENTED_EDGE ( 'NONE', *, *, #4059, .T. ) ;
#3083 = EDGE_LOOP ( 'NONE', ( #381, #4761, #1361 ) ) ;
#3084 = FACE_OUTER_BOUND ( 'NONE', #328, .T. ) ;
#3085 = ADVANCED_FACE ( 'NONE', ( #52 ), #1602, .F. ) ;
#3086 = CARTESIAN_POINT ( 'NONE',  ( 14.23211713789931210, 20.78641401289933910, -2.999999999999999112 ) ) ;
#3087 = CARTESIAN_POINT ( 'NONE',  ( -38.75000000000000000, 22.40429687500000355, 1.000000000000000000 ) ) ;
#3088 = DIRECTION ( 'NONE',  ( 0.000000000000000000, -1.000000000000000000, 0.000000000000000000 ) ) ;
#3089 = ADVANCED_BREP_SHAPE_REPRESENTATION ( 'Neopixel x4 LED Holder', ( #357, #5288 ), #3041 ) ;
#3090 = CARTESIAN_POINT ( 'NONE',  ( 6.582117137899329506, 16.07582173911838908, 1.500000000000000444 ) ) ;
#3091 = ORIENTED_EDGE ( 'NONE', *, *, #1012, .F. ) ;
#3092 = ORIENTED_EDGE ( 'NONE', *, *, #4661, .F. ) ;
#3093 = EDGE_CURVE ( 'NONE', #3868, #3857, #4142, .T. ) ;
#3094 = DIRECTION ( 'NONE',  ( 1.000000000000000000, -1.734723475976806709E-18, -0.000000000000000000 ) ) ;
#3095 = CARTESIAN_POINT ( 'NONE',  ( 16.61788286210067511, 20.23277201088162514, 1.500000000000000444 ) ) ;
#3096 = AXIS2_PLACEMENT_3D ( 'NONE', #5087, #2578, #3484 ) ;
#3097 = LINE ( 'NONE', #1061, #5334 ) ;
#3098 = EDGE_CURVE ( 'NONE', #3525, #2381, #2702, .T. ) ;
#3099 = DIRECTION ( 'NONE',  ( -0.000000000000000000, 1.000000000000000000, -0.000000000000000000 ) ) ;
#3100 = ADVANCED_FACE ( 'NONE', ( #2103 ), #4675, .F. ) ;
#3101 = CARTESIAN_POINT ( 'NONE',  ( 6.582117137899329506, 18.66277201088163196, 3.250000000000000444 ) ) ;
#3102 = VECTOR ( 'NONE', #4749, 1000.000000000000000 ) ;
#3103 = ORIENTED_EDGE ( 'NONE', *, *, #5351, .T. ) ;
#3104 = VERTEX_POINT ( 'NONE', #3736 ) ;
#3105 = PLANE ( 'NONE',  #2193 ) ;
#3106 = DIRECTION ( 'NONE',  ( -0.000000000000000000, -0.000000000000000000, 1.000000000000000000 ) ) ;
#3107 = AXIS2_PLACEMENT_3D ( 'NONE', #1732, #83, #5315 ) ;
#3108 = LINE ( 'NONE', #2443, #1260 ) ;
#3109 = CARTESIAN_POINT ( 'NONE',  ( 39.25000000000000000, 13.90429687500000178, 1.000000000000000000 ) ) ;
#3110 = ORIENTED_EDGE ( 'NONE', *, *, #4890, .F. ) ;
#3111 = ORIENTED_EDGE ( 'NONE', *, *, #4419, .F. ) ;
#3112 = CIRCLE ( 'NONE', #5146, 0.5000000000000000000 ) ;
#3113 = ORIENTED_EDGE ( 'NONE', *, *, #2897, .F. ) ;
#3114 = CALENDAR_DATE ( 2025, 30, 7 ) ;
#3115 = CARTESIAN_POINT ( 'NONE',  ( 32.58211713789932418, 15.48641401289933661, 0.5000000000000004441 ) ) ;
#3116 = DIRECTION ( 'NONE',  ( -1.000000000000000000, 0.000000000000000000, 0.000000000000000000 ) ) ;
#3117 = EDGE_CURVE ( 'NONE', #1544, #644, #181, .T. ) ;
#3118 = VECTOR ( 'NONE', #5891, 1000.000000000000000 ) ;
#3119 = VECTOR ( 'NONE', #4446, 1000.000000000000000 ) ;
#3120 = CARTESIAN_POINT ( 'NONE',  ( -37.06788286210068151, 15.48641401289933661, 1.500000000000000444 ) ) ;
#3121 = ORIENTED_EDGE ( 'NONE', *, *, #933, .F. ) ;
#3122 = VERTEX_POINT ( 'NONE', #5283 ) ;
#3123 = DIRECTION ( 'NONE',  ( 0.7071067811865479058, -0.7071067811865471286, 0.000000000000000000 ) ) ;
#3124 = AXIS2_PLACEMENT_3D ( 'NONE', #5181, #4238, #597 ) ;
#3125 = CARTESIAN_POINT ( 'NONE',  ( 46.11975214338981743, 11.76603187127127548, 5.730247856610192869 ) ) ;
#3126 = PLANE ( 'NONE',  #445 ) ;
#3127 = EDGE_CURVE ( 'NONE', #2766, #2356, #3135, .T. ) ;
#3128 = CARTESIAN_POINT ( 'NONE',  ( -31.76788286210068790, 20.78641401289933910, -2.999999999999999112 ) ) ;
#3129 = DIRECTION ( 'NONE',  ( 1.000000000000000000, 0.000000000000000000, 0.000000000000000000 ) ) ;
#3130 = CIRCLE ( 'NONE', #2599, 0.5000000000000000000 ) ;
#3131 = ORIENTED_EDGE ( 'NONE', *, *, #4732, .F. ) ;
#3132 = ORIENTED_EDGE ( 'NONE', *, *, #4268, .T. ) ;
#3133 = FACE_OUTER_BOUND ( 'NONE', #1613, .T. ) ;
#3134 = DIRECTION ( 'NONE',  ( 0.000000000000000000, 0.000000000000000000, -1.000000000000000000 ) ) ;
#3135 = LINE ( 'NONE', #5723, #740 ) ;
#3136 = CARTESIAN_POINT ( 'NONE',  ( -32.41788286210068293, 22.78641401289933910, 0.5000000000000004441 ) ) ;
#3137 = DIRECTION ( 'NONE',  ( 1.000000000000000000, 0.000000000000000000, -0.000000000000000000 ) ) ;
#3138 = EDGE_LOOP ( 'NONE', ( #1909, #1900, #5831, #1811, #6300, #369, #4205, #585, #2386 ) ) ;
#3139 = VECTOR ( 'NONE', #1890, 1000.000000000000000 ) ;
#3140 = CARTESIAN_POINT ( 'NONE',  ( 39.25000000000000000, 13.15429687500000355, 6.000000000000000000 ) ) ;
#3141 = EDGE_CURVE ( 'NONE', #4385, #1707, #2637, .T. ) ;
#3142 = EDGE_CURVE ( 'NONE', #1936, #873, #4581, .T. ) ;
#3143 = CARTESIAN_POINT ( 'NONE',  ( 13.67847513588162833, 13.13641401289933874, 6.000000000000000000 ) ) ;
#3144 = CARTESIAN_POINT ( 'NONE',  ( -9.321524864118371667, 13.13641401289933874, 4.000000000000000000 ) ) ;
#3145 = CARTESIAN_POINT ( 'NONE',  ( -14.06788286210067973, 20.80448725967914925, 0.5000000000000004441 ) ) ;
#3146 = VECTOR ( 'NONE', #6411, 1000.000000000000000 ) ;
#3147 = EDGE_CURVE ( 'NONE', #3954, #4423, #2666, .T. ) ;
#3148 = ORIENTED_EDGE ( 'NONE', *, *, #6230, .F. ) ;
#3149 = ORIENTED_EDGE ( 'NONE', *, *, #3516, .T. ) ;
#3150 =( BOUNDED_CURVE ( )  B_SPLINE_CURVE ( 3, ( #1483, #5094, #3022, #4052 ),
 .UNSPECIFIED., .F., .F. ) 
 B_SPLINE_CURVE_WITH_KNOTS ( ( 4, 4 ),
 ( 1.711257741504739416, 3.141592653589793116 ),
 .UNSPECIFIED. ) 
 CURVE ( )  GEOMETRIC_REPRESENTATION_ITEM ( )  RATIONAL_B_SPLINE_CURVE ( ( 1.000000000000000000, 0.8366556290180471311, 0.8366556290180471311, 1.000000000000000000 ) ) 
 REPRESENTATION_ITEM ( '' )  );
#3151 = VERTEX_POINT ( 'NONE', #82 ) ;
#3152 = ADVANCED_FACE ( 'NONE', ( #1157 ), #2134, .F. ) ;
#3153 = VECTOR ( 'NONE', #103, 1000.000000000000000 ) ;
#3154 = CARTESIAN_POINT ( 'NONE',  ( 7.012117137899327446, 20.66277201088163551, 3.511255977444316390 ) ) ;
#3155 = CARTESIAN_POINT ( 'NONE',  ( 45.84999999999998721, 0.000000000000000000, 0.000000000000000000 ) ) ;
#3156 = ORIENTED_EDGE ( 'NONE', *, *, #5105, .T. ) ;
#3157 = EDGE_LOOP ( 'NONE', ( #3544, #908, #3963, #1572 ) ) ;
#3158 = DIRECTION ( 'NONE',  ( -0.000000000000000000, 1.000000000000000000, -0.000000000000000000 ) ) ;
#3159 = CARTESIAN_POINT ( 'NONE',  ( 36.67847513588161945, 23.17217973710068080, 1.500000000000000444 ) ) ;
#3160 = DIRECTION ( 'NONE',  ( 0.000000000000000000, -0.000000000000000000, 1.000000000000000000 ) ) ;
#3161 = CARTESIAN_POINT ( 'NONE',  ( 31.93211713789932560, 15.48641401289933661, 1.500000000000000444 ) ) ;
#3162 = DIRECTION ( 'NONE',  ( 1.000000000000000000, -0.000000000000000000, 0.000000000000000000 ) ) ;
#3163 = ORIENTED_EDGE ( 'NONE', *, *, #5404, .F. ) ;
#3164 = LOCAL_TIME ( 2, 45, 41.00000000000000000, #6537 ) ;
#3165 = ORIENTED_EDGE ( 'NONE', *, *, #1222, .F. ) ;
#3166 = LINE ( 'NONE', #1632, #4726 ) ;
#3167 = ADVANCED_FACE ( 'NONE', ( #3199 ), #5144, .T. ) ;
#3168 = CARTESIAN_POINT ( 'NONE',  ( -13.41788286210068115, 22.78641401289933910, 0.5000000000000004441 ) ) ;
#3169 = DIRECTION ( 'NONE',  ( -1.000000000000000000, 0.000000000000000000, 0.000000000000000000 ) ) ;
#3170 = CARTESIAN_POINT ( 'NONE',  ( 13.58211713789931530, 20.78641401289933910, 1.500000000000000444 ) ) ;
#3171 = DIRECTION ( 'NONE',  ( -0.000000000000000000, 1.000000000000000000, -0.000000000000000000 ) ) ;
#3172 = CARTESIAN_POINT ( 'NONE',  ( 0.000000000000000000, 0.000000000000000000, 6.000000000000000000 ) ) ;
#3173 = CARTESIAN_POINT ( 'NONE',  ( 32.52152486411837629, 23.17217973710068080, 6.000000000000000000 ) ) ;
#3174 = EDGE_CURVE ( 'NONE', #6165, #4185, #5652, .T. ) ;
#3175 = DIRECTION ( 'NONE',  ( 1.000000000000000000, -1.734723475976806709E-18, -0.000000000000000000 ) ) ;
#3176 = LINE ( 'NONE', #6429, #837 ) ;
#3177 = CARTESIAN_POINT ( 'NONE',  ( 32.58211713789932418, 22.78641401289933910, 0.5000000000000004441 ) ) ;
#3178 = ORIENTED_EDGE ( 'NONE', *, *, #3469, .F. ) ;
#3179 = ORIENTED_EDGE ( 'NONE', *, *, #4373, .T. ) ;
#3180 = ORIENTED_EDGE ( 'NONE', *, *, #2698, .F. ) ;
#3181 = CARTESIAN_POINT ( 'NONE',  ( 32.58211713789932418, 15.48641401289933661, 1.500000000000000444 ) ) ;
#3182 = CARTESIAN_POINT ( 'NONE',  ( -29.38211713789932489, 20.23277201088162514, 1.500000000000000444 ) ) ;
#3183 = DIRECTION ( 'NONE',  ( 0.7071067811865469066, 0.7071067811865482389, 0.000000000000000000 ) ) ;
#3184 = EDGE_CURVE ( 'NONE', #3701, #6173, #3097, .T. ) ;
#3185 = EDGE_CURVE ( 'NONE', #177, #6353, #565, .T. ) ;
#3186 = VECTOR ( 'NONE', #4787, 1000.000000000000000 ) ;
#3187 = ORIENTED_EDGE ( 'NONE', *, *, #4391, .T. ) ;
#3188 =( BOUNDED_CURVE ( )  B_SPLINE_CURVE ( 3, ( #3546, #469, #1033, #2511 ),
 .UNSPECIFIED., .F., .T. ) 
 B_SPLINE_CURVE_WITH_KNOTS ( ( 4, 4 ),
 ( 4.887178170386500042, 6.283185307179586232 ),
 .UNSPECIFIED. ) 
 CURVE ( )  GEOMETRIC_REPRESENTATION_ITEM ( )  RATIONAL_B_SPLINE_CURVE ( ( 1.000000000000000000, 0.8440845325001405941, 0.8440845325001405941, 1.000000000000000000 ) ) 
 REPRESENTATION_ITEM ( '' )  );
#3189 = ORIENTED_EDGE ( 'NONE', *, *, #151, .T. ) ;
#3190 = FACE_OUTER_BOUND ( 'NONE', #1347, .T. ) ;
#3191 = CARTESIAN_POINT ( 'NONE',  ( -13.41788286210068115, 22.78641401289933910, 1.500000000000000444 ) ) ;
#3192 = EDGE_CURVE ( 'NONE', #830, #5138, #6259, .T. ) ;
#3193 = DIRECTION ( 'NONE',  ( -1.000000000000000000, 0.000000000000000000, 0.000000000000000000 ) ) ;
#3194 = LINE ( 'NONE', #4234, #6110 ) ;
#3195 = VERTEX_POINT ( 'NONE', #4645 ) ;
#3196 = VERTEX_POINT ( 'NONE', #3676 ) ;
#3197 = DIRECTION ( 'NONE',  ( -1.000000000000000000, 0.000000000000000000, 0.000000000000000000 ) ) ;
#3198 = DIRECTION ( 'NONE',  ( 0.000000000000000000, -0.000000000000000000, 1.000000000000000000 ) ) ;
#3199 = FACE_OUTER_BOUND ( 'NONE', #5506, .T. ) ;
#3200 = EDGE_CURVE ( 'NONE', #1935, #3870, #1127, .T. ) ;
#3201 = EDGE_CURVE ( 'NONE', #1936, #4602, #3370, .T. ) ;
#3202 = LINE ( 'NONE', #4176, #2469 ) ;
#3203 = DIRECTION ( 'NONE',  ( -0.000000000000000000, -0.000000000000000000, 1.000000000000000000 ) ) ;
#3204 = FACE_OUTER_BOUND ( 'NONE', #2563, .T. ) ;
#3205 = VECTOR ( 'NONE', #2265, 1000.000000000000000 ) ;
#3206 = CARTESIAN_POINT ( 'NONE',  ( 39.25000000000000000, 13.15429687500000355, 4.000000000000000000 ) ) ;
#3207 = CARTESIAN_POINT ( 'NONE',  ( -45.75000000000000000, 13.90429687500000355, 6.000000000000000000 ) ) ;
#3208 = DIRECTION ( 'NONE',  ( -1.000000000000000000, 0.000000000000000000, -0.000000000000000000 ) ) ;
#3209 = EDGE_CURVE ( 'NONE', #4857, #5528, #283, .T. ) ;
#3210 = FACE_OUTER_BOUND ( 'NONE', #6443, .T. ) ;
#3211 = VECTOR ( 'NONE', #4248, 1000.000000000000000 ) ;
#3212 = ORIENTED_EDGE ( 'NONE', *, *, #1097, .T. ) ;
#3213 = ORIENTED_EDGE ( 'NONE', *, *, #4876, .F. ) ;
#3214 = ORIENTED_EDGE ( 'NONE', *, *, #1209, .F. ) ;
#3215 = VECTOR ( 'NONE', #1626, 1000.000000000000000 ) ;
#3216 = DIRECTION ( 'NONE',  ( -0.000000000000000000, -0.000000000000000000, 1.000000000000000000 ) ) ;
#3217 = CARTESIAN_POINT ( 'NONE',  ( 39.25000000000000000, 20.60065487298230735, 4.000000000000000000 ) ) ;
#3218 = CARTESIAN_POINT ( 'NONE',  ( 38.98211713789932276, 15.50448725967914676, 0.5000000000000004441 ) ) ;
#3219 = EDGE_CURVE ( 'NONE', #6165, #4264, #314, .T. ) ;
#3220 = VECTOR ( 'NONE', #1045, 1000.000000000000000 ) ;
#3221 = VERTEX_POINT ( 'NONE', #1826 ) ;
#3222 = ORIENTED_EDGE ( 'NONE', *, *, #6230, .T. ) ;
#3223 = DIRECTION ( 'NONE',  ( 2.478176394252582127E-16, -1.000000000000000000, 0.000000000000000000 ) ) ;
#3224 = PLANE ( 'NONE',  #5503 ) ;
#3225 = EDGE_CURVE ( 'NONE', #3733, #2590, #759, .T. ) ;
#3226 = AXIS2_PLACEMENT_3D ( 'NONE', #2559, #6618, #5 ) ;
#3227 = ADVANCED_FACE ( 'NONE', ( #1791 ), #2362, .T. ) ;
#3228 = VECTOR ( 'NONE', #111, 1000.000000000000000 ) ;
#3229 = CARTESIAN_POINT ( 'NONE',  ( 46.25000000000000000, 13.90429687500000355, 5.600000000000018296 ) ) ;
#3230 = ADVANCED_FACE ( 'NONE', ( #2833 ), #4869, .F. ) ;
#3231 = VERTEX_POINT ( 'NONE', #3403 ) ;
#3232 = EDGE_CURVE ( 'NONE', #4265, #1821, #822, .T. ) ;
#3233 = AXIS2_PLACEMENT_3D ( 'NONE', #5409, #812, #477 ) ;
#3234 = ORIENTED_EDGE ( 'NONE', *, *, #896, .T. ) ;
#3235 = AXIS2_PLACEMENT_3D ( 'NONE', #2607, #5248, #6628 ) ;
#3236 = ORIENTED_EDGE ( 'NONE', *, *, #1222, .T. ) ;
#3237 = CARTESIAN_POINT ( 'NONE',  ( -16.41788286210066872, 20.23277201088163224, 1.500000000000000444 ) ) ;
#3238 = CARTESIAN_POINT ( 'NONE',  ( 31.93211713789932560, 20.78641401289933910, 0.5000000000000004441 ) ) ;
#3239 = VECTOR ( 'NONE', #2414, 1000.000000000000000 ) ;
#3240 = CARTESIAN_POINT ( 'NONE',  ( 45.85000000000000142, 24.65429687500000711, 6.000000000000000000 ) ) ;
#3241 = CARTESIAN_POINT ( 'NONE',  ( 46.00000000000000000, 0.000000000000000000, 0.5000000000000004441 ) ) ;
#3242 = DIRECTION ( 'NONE',  ( 1.000000000000000000, -0.000000000000000000, 0.000000000000000000 ) ) ;
#3243 = DIRECTION ( 'NONE',  ( 0.000000000000000000, 1.000000000000000000, 0.000000000000000000 ) ) ;
#3244 = LINE ( 'NONE', #1262, #2408 ) ;
#3245 = DIRECTION ( 'NONE',  ( -0.000000000000000000, -0.000000000000000000, 1.000000000000000000 ) ) ;
#3246 = CARTESIAN_POINT ( 'NONE',  ( 9.521524864118370957, 23.17217973710068080, 6.000000000000000000 ) ) ;
#3247 = DIRECTION ( 'NONE',  ( 0.000000000000000000, -1.000000000000000000, 0.000000000000000000 ) ) ;
#3248 = EDGE_LOOP ( 'NONE', ( #2873, #1114, #1283, #2760 ) ) ;
#3249 = AXIS2_PLACEMENT_3D ( 'NONE', #1532, #1091, #3134 ) ;
#3250 = VERTEX_POINT ( 'NONE', #5924 ) ;
#3251 = ORIENTED_EDGE ( 'NONE', *, *, #5758, .T. ) ;
#3252 = ADVANCED_FACE ( 'NONE', ( #1254, #3900 ), #2302, .T. ) ;
#3253 = EDGE_CURVE ( 'NONE', #2119, #93, #6617, .T. ) ;
#3254 = CARTESIAN_POINT ( 'NONE',  ( -45.75000000000000000, 20.66277201088163196, 3.250000000000000444 ) ) ;
#3255 = CARTESIAN_POINT ( 'NONE',  ( 45.85000000000000142, 10.65429687500000355, 6.000000000000000000 ) ) ;
#3256 = VECTOR ( 'NONE', #3957, 1000.000000000000227 ) ;
#3257 = CARTESIAN_POINT ( 'NONE',  ( 37.23211713789931565, 15.48641401289933661, 1.500000000000000444 ) ) ;
#3258 = ORIENTED_EDGE ( 'NONE', *, *, #2432, .F. ) ;
#3259 = ORIENTED_EDGE ( 'NONE', *, *, #6509, .T. ) ;
#3260 = VECTOR ( 'NONE', #3650, 1000.000000000000000 ) ;
#3261 = DIRECTION ( 'NONE',  ( -8.896017825522088106E-17, 1.000000000000000000, 0.000000000000000000 ) ) ;
#3262 = DIRECTION ( 'NONE',  ( 1.000000000000000000, -0.000000000000000000, -0.000000000000000000 ) ) ;
#3263 = CARTESIAN_POINT ( 'NONE',  ( -45.75000000000000000, 25.65429687500000355, 0.4000000000000114575 ) ) ;
#3264 = VECTOR ( 'NONE', #6263, 1000.000000000000000 ) ;
#3265 = ORIENTED_EDGE ( 'NONE', *, *, #4458, .F. ) ;
#3266 = ORIENTED_EDGE ( 'NONE', *, *, #2771, .T. ) ;
#3267 = VERTEX_POINT ( 'NONE', #350 ) ;
#3268 = CARTESIAN_POINT ( 'NONE',  ( -6.632051399089465171, 15.82588747792824968, 3.698245413017323013 ) ) ;
#3269 = EDGE_CURVE ( 'NONE', #6071, #512, #4270, .T. ) ;
#3270 = CARTESIAN_POINT ( 'NONE',  ( 6.582117137899329506, 16.07582173911838908, 1.500000000000000444 ) ) ;
#3271 = FACE_OUTER_BOUND ( 'NONE', #5633, .T. ) ;
#3272 = ORIENTED_EDGE ( 'NONE', *, *, #3644, .T. ) ;
#3273 = CARTESIAN_POINT ( 'NONE',  ( -13.47847513588161483, 13.13641401289933697, 1.500000000000000444 ) ) ;
#3274 = ADVANCED_FACE ( 'NONE', ( #3301 ), #5345, .F. ) ;
#3275 = EDGE_CURVE ( 'NONE', #20, #3819, #4838, .T. ) ;
#3276 = VERTEX_POINT ( 'NONE', #2764 ) ;
#3277 = DIRECTION ( 'NONE',  ( -0.000000000000000000, -0.000000000000000000, 1.000000000000000000 ) ) ;
#3278 = CARTESIAN_POINT ( 'NONE',  ( -29.38211713789932489, 16.07582173911839263, 1.500000000000000444 ) ) ;
#3279 = EDGE_CURVE ( 'NONE', #3231, #225, #4340, .T. ) ;
#3280 = LINE ( 'NONE', #5324, #6406 ) ;
#3281 = CARTESIAN_POINT ( 'NONE',  ( 39.25000000000000000, 23.15429687500000000, 4.000000000000000000 ) ) ;
#3282 = ORIENTED_EDGE ( 'NONE', *, *, #5046, .F. ) ;
#3283 = ORIENTED_EDGE ( 'NONE', *, *, #1119, .T. ) ;
#3284 = ORIENTED_EDGE ( 'NONE', *, *, #1757, .F. ) ;
#3285 = LINE ( 'NONE', #5398, #1099 ) ;
#3286 = CARTESIAN_POINT ( 'NONE',  ( -31.76788286210068790, 15.50448725967914676, 0.5000000000000004441 ) ) ;
#3287 = DIRECTION ( 'NONE',  ( -1.000000000000000000, 0.000000000000000000, 0.000000000000000000 ) ) ;
#3288 = LINE ( 'NONE', #1653, #2487 ) ;
#3289 = ADVANCED_FACE ( 'NONE', ( #6355 ), #1768, .F. ) ;
#3290 = VERTEX_POINT ( 'NONE', #3829 ) ;
#3291 = ORIENTED_EDGE ( 'NONE', *, *, #3751, .F. ) ;
#3292 = DIRECTION ( 'NONE',  ( 1.000000000000000000, 0.000000000000000000, 0.000000000000000000 ) ) ;
#3293 = DIRECTION ( 'NONE',  ( -1.000000000000000000, -0.000000000000000000, -0.000000000000000000 ) ) ;
#3294 = CARTESIAN_POINT ( 'NONE',  ( 0.000000000000000000, 0.000000000000000000, 1.500000000000000444 ) ) ;
#3295 = AXIS2_PLACEMENT_3D ( 'NONE', #2383, #3318, #5363 ) ;
#3296 = ORIENTED_EDGE ( 'NONE', *, *, #4390, .T. ) ;
#3297 = VERTEX_POINT ( 'NONE', #5882 ) ;
#3298 = EDGE_LOOP ( 'NONE', ( #5049, #845, #2572, #2746 ) ) ;
#3299 = VECTOR ( 'NONE', #2894, 1000.000000000000000 ) ;
#3300 = LINE ( 'NONE', #2797, #6356 ) ;
#3301 = FACE_OUTER_BOUND ( 'NONE', #2924, .T. ) ;
#3302 = LINE ( 'NONE', #2800, #1933 ) ;
#3303 = ORIENTED_EDGE ( 'NONE', *, *, #4700, .T. ) ;
#3304 = CARTESIAN_POINT ( 'NONE',  ( 46.25000000000000000, 25.25429687500001918, 4.834314575050767004 ) ) ;
#3305 = ADVANCED_FACE ( 'NONE', ( #6419 ), #1991, .F. ) ;
#3306 = CARTESIAN_POINT ( 'NONE',  ( 32.52152486411839050, 13.13641401289933697, 6.000000000000000000 ) ) ;
#3307 = CARTESIAN_POINT ( 'NONE',  ( 6.995166866136083961, 15.66277201088163373, 3.250000000000000444 ) ) ;
#3308 = LINE ( 'NONE', #798, #5475 ) ;
#3309 = ADVANCED_FACE ( 'NONE', ( #2396 ), #4533, .F. ) ;
#3310 = EDGE_CURVE ( 'NONE', #2647, #6612, #3030, .T. ) ;
#3311 = DIRECTION ( 'NONE',  ( 0.000000000000000000, -1.000000000000000000, 0.000000000000000000 ) ) ;
#3312 = DIRECTION ( 'NONE',  ( 1.000000000000000000, -0.000000000000000000, 0.000000000000000000 ) ) ;
#3313 = ORIENTED_EDGE ( 'NONE', *, *, #578, .F. ) ;
#3314 = ORIENTED_EDGE ( 'NONE', *, *, #2294, .T. ) ;
#3315 = ORIENTED_EDGE ( 'NONE', *, *, #912, .T. ) ;
#3316 = DIRECTION ( 'NONE',  ( -1.000000000000000000, -0.000000000000000000, -0.000000000000000000 ) ) ;
#3317 = CIRCLE ( 'NONE', #3949, 0.5000000000000000000 ) ;
#3318 = DIRECTION ( 'NONE',  ( -0.7071067811865471286, -0.7071067811865479058, 0.000000000000000000 ) ) ;
#3319 = CARTESIAN_POINT ( 'NONE',  ( -45.75000000000000000, 16.66277201088163551, 3.250000000000000444 ) ) ;
#3320 = LINE ( 'NONE', #4450, #6341 ) ;
#3321 = ORIENTED_EDGE ( 'NONE', *, *, #5445, .F. ) ;
#3322 = ORIENTED_EDGE ( 'NONE', *, *, #1281, .T. ) ;
#3323 = CARTESIAN_POINT ( 'NONE',  ( 39.25000000000000000, 13.15429687500000355, 4.000000000000000000 ) ) ;
#3324 = CARTESIAN_POINT ( 'NONE',  ( -15.81788286210068151, 15.48641401289933661, 1.500000000000000444 ) ) ;
#3325 = LINE ( 'NONE', #783, #4721 ) ;
#3326 = AXIS2_PLACEMENT_3D ( 'NONE', #1924, #3059, #2993 ) ;
#3327 = ORIENTED_EDGE ( 'NONE', *, *, #3587, .F. ) ;
#3328 = ORIENTED_EDGE ( 'NONE', *, *, #6224, .T. ) ;
#3329 = ORIENTED_EDGE ( 'NONE', *, *, #4292, .T. ) ;
#3330 = CARTESIAN_POINT ( 'NONE',  ( 9.582117137899318848, 13.48641401289933661, 0.5000000000000004441 ) ) ;
#3331 = VECTOR ( 'NONE', #3106, 1000.000000000000000 ) ;
#3332 = VECTOR ( 'NONE', #2584, 1000.000000000000000 ) ;
#3333 = EDGE_CURVE ( 'NONE', #637, #5358, #1353, .T. ) ;
#3334 = CARTESIAN_POINT ( 'NONE',  ( -13.41788286210068115, 15.48641401289933661, 1.500000000000000444 ) ) ;
#3335 = CARTESIAN_POINT ( 'NONE',  ( 39.25000000000000000, 22.40429687500000355, 1.000000000000000000 ) ) ;
#3336 = VECTOR ( 'NONE', #4861, 1000.000000000000000 ) ;
#3337 = DIRECTION ( 'NONE',  ( 0.000000000000000000, -1.000000000000000000, 0.000000000000000000 ) ) ;
#3338 = CIRCLE ( 'NONE', #983, 0.5000000000000000000 ) ;
#3339 = ORIENTED_EDGE ( 'NONE', *, *, #2245, .T. ) ;
#3340 = CARTESIAN_POINT ( 'NONE',  ( 32.52152486411837629, 23.17217973710068080, 1.500000000000000444 ) ) ;
#3341 = DIRECTION ( 'NONE',  ( 0.6785983445458594332, 0.6785983445458357854, -0.2810846377148176201 ) ) ;
#3342 = DIRECTION ( 'NONE',  ( -0.000000000000000000, 0.000000000000000000, 1.000000000000000000 ) ) ;
#3343 = VECTOR ( 'NONE', #1273, 1000.000000000000000 ) ;
#3344 = DIRECTION ( 'NONE',  ( -0.000000000000000000, -0.000000000000000000, 1.000000000000000000 ) ) ;
#3345 = CARTESIAN_POINT ( 'NONE',  ( -45.75000000000000000, 20.66277201088163196, 3.250000000000000444 ) ) ;
#3346 = FACE_OUTER_BOUND ( 'NONE', #3921, .T. ) ;
#3347 = VECTOR ( 'NONE', #5348, 1000.000000000000000 ) ;
#3348 = VERTEX_POINT ( 'NONE', #386 ) ;
#3349 = EDGE_CURVE ( 'NONE', #786, #294, #6019, .T. ) ;
#3350 = EDGE_LOOP ( 'NONE', ( #6606, #1425, #6157, #2532 ) ) ;
#3351 = ADVANCED_FACE ( 'NONE', ( #4026 ), #1423, .F. ) ;
#3352 = ORIENTED_EDGE ( 'NONE', *, *, #2466, .F. ) ;
#3353 = DIRECTION ( 'NONE',  ( 0.000000000000000000, 1.000000000000000000, 0.000000000000000000 ) ) ;
#3354 = DIRECTION ( 'NONE',  ( -0.000000000000000000, -0.000000000000000000, 1.000000000000000000 ) ) ;
#3355 = DIRECTION ( 'NONE',  ( 1.000000000000000000, 0.000000000000000000, 0.000000000000000000 ) ) ;
#3356 = ORIENTED_EDGE ( 'NONE', *, *, #230, .F. ) ;
#3357 = ADVANCED_FACE ( 'NONE', ( #6588 ), #3467, .F. ) ;
#3358 = ORIENTED_EDGE ( 'NONE', *, *, #834, .F. ) ;
#3359 = CARTESIAN_POINT ( 'NONE',  ( -31.76788286210068790, 15.48641401289933661, 1.500000000000000444 ) ) ;
#3360 = AXIS2_PLACEMENT_3D ( 'NONE', #323, #6461, #5005 ) ;
#3361 = LINE ( 'NONE', #271, #1971 ) ;
#3362 = DIRECTION ( 'NONE',  ( -0.000000000000000000, -0.000000000000000000, 1.000000000000000000 ) ) ;
#3363 = ORIENTED_EDGE ( 'NONE', *, *, #4039, .T. ) ;
#3364 = VECTOR ( 'NONE', #2156, 1000.000000000000000 ) ;
#3365 = ORIENTED_EDGE ( 'NONE', *, *, #6388, .F. ) ;
#3366 = ORIENTED_EDGE ( 'NONE', *, *, #3142, .F. ) ;
#3367 = DIRECTION ( 'NONE',  ( 0.000000000000000000, -0.000000000000000000, -1.000000000000000000 ) ) ;
#3368 = CARTESIAN_POINT ( 'NONE',  ( 0.000000000000000000, 0.000000000000000000, 0.5000000000000004441 ) ) ;
#3369 = VECTOR ( 'NONE', #3681, 1000.000000000000000 ) ;
#3370 = LINE ( 'NONE', #3270, #5003 ) ;
#3371 = LINE ( 'NONE', #1827, #964 ) ;
#3372 = ORIENTED_EDGE ( 'NONE', *, *, #578, .T. ) ;
#3373 = CARTESIAN_POINT ( 'NONE',  ( 32.58211713789932418, 13.48641401289933661, 1.500000000000000444 ) ) ;
#3374 = EDGE_CURVE ( 'NONE', #4520, #3429, #1020, .T. ) ;
#3375 = EDGE_CURVE ( 'NONE', #2010, #3297, #2527, .T. ) ;
#3376 = VERTEX_POINT ( 'NONE', #456 ) ;
#3377 = CARTESIAN_POINT ( 'NONE',  ( -32.41788286210068293, 13.48641401289933661, 0.5000000000000004441 ) ) ;
#3378 = DIRECTION ( 'NONE',  ( -1.000000000000000000, 0.000000000000000000, -0.000000000000000000 ) ) ;
#3379 = FACE_OUTER_BOUND ( 'NONE', #5965, .T. ) ;
#3380 = CARTESIAN_POINT ( 'NONE',  ( -30.01788286210068435, 15.50448725967914676, 0.5000000000000004441 ) ) ;
#3381 = DIRECTION ( 'NONE',  ( -0.000000000000000000, 0.000000000000000000, 1.000000000000000000 ) ) ;
#3382 = VERTEX_POINT ( 'NONE', #1489 ) ;
#3383 = ORIENTED_EDGE ( 'NONE', *, *, #1017, .T. ) ;
#3384 = EDGE_CURVE ( 'NONE', #3553, #3122, #487, .T. ) ;
#3385 = ORIENTED_EDGE ( 'NONE', *, *, #650, .F. ) ;
#3386 = DIRECTION ( 'NONE',  ( -0.000000000000000000, -0.000000000000000000, 1.000000000000000000 ) ) ;
#3387 = LINE ( 'NONE', #5905, #5329 ) ;
#3388 = FACE_OUTER_BOUND ( 'NONE', #579, .T. ) ;
#3389 = ORIENTED_EDGE ( 'NONE', *, *, #360, .F. ) ;
#3390 = ADVANCED_FACE ( 'NONE', ( #4062 ), #6619, .F. ) ;
#3391 = ORIENTED_EDGE ( 'NONE', *, *, #1381, .F. ) ;
#3392 = DIRECTION ( 'NONE',  ( -0.000000000000000000, -0.000000000000000000, 1.000000000000000000 ) ) ;
#3393 = CARTESIAN_POINT ( 'NONE',  ( -29.64080013677956771, 20.49145500976187151, 2.791500085062738279 ) ) ;
#3394 = CARTESIAN_POINT ( 'NONE',  ( 8.932117137899320269, 20.78641401289933910, 0.5000000000000004441 ) ) ;
#3395 = EDGE_CURVE ( 'NONE', #3597, #374, #5242, .T. ) ;
#3396 = EDGE_CURVE ( 'NONE', #2119, #4857, #918, .T. ) ;
#3397 = VERTEX_POINT ( 'NONE', #5479 ) ;
#3398 = ORIENTED_EDGE ( 'NONE', *, *, #491, .T. ) ;
#3399 = EDGE_CURVE ( 'NONE', #3754, #5779, #3058, .T. ) ;
#3400 = ORIENTED_EDGE ( 'NONE', *, *, #3141, .T. ) ;
#3401 = LINE ( 'NONE', #6385, #2475 ) ;
#3402 = CARTESIAN_POINT ( 'NONE',  ( 39.18788286210067895, 20.66277201088163196, 3.250000000000000444 ) ) ;
#3403 = CARTESIAN_POINT ( 'NONE',  ( -32.32152486411838765, 23.17217973710068080, 1.500000000000000444 ) ) ;
#3404 = LINE ( 'NONE', #5925, #2576 ) ;
#3405 = ORIENTED_EDGE ( 'NONE', *, *, #4591, .F. ) ;
#3406 = ORIENTED_EDGE ( 'NONE', *, *, #4562, .T. ) ;
#3407 = VECTOR ( 'NONE', #3713, 1000.000000000000000 ) ;
#3408 = ORIENTED_EDGE ( 'NONE', *, *, #5848, .T. ) ;
#3409 = LINE ( 'NONE', #6521, #336 ) ;
#3410 = LINE ( 'NONE', #2338, #1112 ) ;
#3411 = VECTOR ( 'NONE', #1396, 1000.000000000000000 ) ;
#3412 = LINE ( 'NONE', #4448, #2551 ) ;
#3413 = CARTESIAN_POINT ( 'NONE',  ( 9.503642002017688384, 23.15429687499999645, 1.500000000000000444 ) ) ;
#3414 = VERTEX_POINT ( 'NONE', #4442 ) ;
#3415 = VERTEX_POINT ( 'NONE', #884 ) ;
#3416 = ORIENTED_EDGE ( 'NONE', *, *, #1426, .T. ) ;
#3417 = LINE ( 'NONE', #3814, #6134 ) ;
#3418 = CARTESIAN_POINT ( 'NONE',  ( 6.995166866136083961, 15.66277201088163373, 3.250000000000000444 ) ) ;
#3419 = FACE_OUTER_BOUND ( 'NONE', #3350, .T. ) ;
#3420 = ORIENTED_EDGE ( 'NONE', *, *, #572, .T. ) ;
#3421 = ORIENTED_EDGE ( 'NONE', *, *, #2081, .F. ) ;
#3422 = CARTESIAN_POINT ( 'NONE',  ( 39.25000000000000000, 23.15429687500000000, 4.000000000000000000 ) ) ;
#3423 = AXIS2_PLACEMENT_3D ( 'NONE', #986, #4565, #3994 ) ;
#3424 = CARTESIAN_POINT ( 'NONE',  ( -29.81211713789932816, 20.66277201088163196, 3.250000000000000444 ) ) ;
#3425 = LINE ( 'NONE', #343, #453 ) ;
#3426 = EDGE_CURVE ( 'NONE', #1707, #1072, #3961, .T. ) ;
#3427 = VECTOR ( 'NONE', #4516, 1000.000000000000000 ) ;
#3428 = ORIENTED_EDGE ( 'NONE', *, *, #4032, .F. ) ;
#3429 = VERTEX_POINT ( 'NONE', #6552 ) ;
#3430 = FACE_OUTER_BOUND ( 'NONE', #5464, .T. ) ;
#3431 = EDGE_CURVE ( 'NONE', #3004, #3717, #1134, .T. ) ;
#3432 = CARTESIAN_POINT ( 'NONE',  ( -16.41788286210066872, 20.23277201088163224, 1.500000000000000444 ) ) ;
#3433 = ADVANCED_FACE ( 'NONE', ( #7 ), #5332, .F. ) ;
#3434 = VECTOR ( 'NONE', #6456, 1000.000000000000000 ) ;
#3435 = CARTESIAN_POINT ( 'NONE',  ( -43.25000000000000000, 23.15429687500000355, 0.3499999999999999223 ) ) ;
#3436 = CARTESIAN_POINT ( 'NONE',  ( 14.23211713789931210, 15.48641401289933661, 0.000000000000000000 ) ) ;
#3437 = ORIENTED_EDGE ( 'NONE', *, *, #1257, .F. ) ;
#3438 = VECTOR ( 'NONE', #1015, 1000.000000000000000 ) ;
#3439 = CARTESIAN_POINT ( 'NONE',  ( 46.02765300074574384, 10.83194987574573886, 4.926413717694838823 ) ) ;
#3440 = CARTESIAN_POINT ( 'NONE',  ( -36.41788286210068293, 15.48641401289933661, 0.5000000000000004441 ) ) ;
#3441 = VECTOR ( 'NONE', #2275, 1000.000000000000000 ) ;
#3442 = VECTOR ( 'NONE', #1363, 1000.000000000000000 ) ;
#3443 = DIRECTION ( 'NONE',  ( -1.000000000000000000, 0.000000000000000000, 0.000000000000000000 ) ) ;
#3444 = DIRECTION ( 'NONE',  ( 0.000000000000000000, 1.000000000000000000, 0.000000000000000000 ) ) ;
#3445 = PLANE ( 'NONE',  #4302 ) ;
#3446 = ORIENTED_EDGE ( 'NONE', *, *, #3512, .F. ) ;
#3447 = VECTOR ( 'NONE', #3924, 1000.000000000000000 ) ;
#3448 = VERTEX_POINT ( 'NONE', #6373 ) ;
#3449 = VECTOR ( 'NONE', #4944, 1000.000000000000000 ) ;
#3450 = VERTEX_POINT ( 'NONE', #4788 ) ;
#3451 = DIRECTION ( 'NONE',  ( 1.000000000000000000, -0.000000000000000000, 0.000000000000000000 ) ) ;
#3452 = DIRECTION ( 'NONE',  ( -1.000000000000000000, -0.000000000000000000, -0.000000000000000000 ) ) ;
#3453 = LINE ( 'NONE', #906, #3740 ) ;
#3454 = VECTOR ( 'NONE', #4841, 1000.000000000000000 ) ;
#3455 = ORIENTED_EDGE ( 'NONE', *, *, #1175, .F. ) ;
#3456 = ADVANCED_FACE ( 'NONE', ( #2062 ), #620, .F. ) ;
#3457 = ORIENTED_EDGE ( 'NONE', *, *, #545, .T. ) ;
#3458 = EDGE_CURVE ( 'NONE', #6123, #3631, #1563, .T. ) ;
#3459 = DIRECTION ( 'NONE',  ( 1.000000000000000000, 0.000000000000000000, 0.000000000000000000 ) ) ;
#3460 = CARTESIAN_POINT ( 'NONE',  ( -9.321524864118371667, 13.13641401289933874, 1.500000000000000444 ) ) ;
#3461 = CARTESIAN_POINT ( 'NONE',  ( 29.83205139908947956, 15.82588747792825323, 3.698245413017322125 ) ) ;
#3462 = ORIENTED_EDGE ( 'NONE', *, *, #25, .T. ) ;
#3463 = VERTEX_POINT ( 'NONE', #3669 ) ;
#3464 = VECTOR ( 'NONE', #5847, 1000.000000000000000 ) ;
#3465 = CARTESIAN_POINT ( 'NONE',  ( -43.25000000000000000, 13.15429687500000355, 0.3499999999999999223 ) ) ;
#3466 = LINE ( 'NONE', #1824, #4221 ) ;
#3467 = PLANE ( 'NONE',  #5455 ) ;
#3468 = VECTOR ( 'NONE', #5408, 1000.000000000000000 ) ;
#3469 = EDGE_CURVE ( 'NONE', #6313, #2620, #5644, .T. ) ;
#3470 = DIRECTION ( 'NONE',  ( -1.000000000000000000, 0.000000000000000000, 0.000000000000000000 ) ) ;
#3471 = ORIENTED_EDGE ( 'NONE', *, *, #3625, .T. ) ;
#3472 = ORIENTED_EDGE ( 'NONE', *, *, #411, .T. ) ;
#3473 = LINE ( 'NONE', #2602, #5697 ) ;
#3474 = LINE ( 'NONE', #4475, #4318 ) ;
#3475 = CARTESIAN_POINT ( 'NONE',  ( 29.58211713789933484, 20.23277201088163224, 1.500000000000000444 ) ) ;
#3476 = EDGE_CURVE ( 'NONE', #5302, #5296, #1121, .T. ) ;
#3477 = FACE_OUTER_BOUND ( 'NONE', #5367, .T. ) ;
#3478 = EDGE_CURVE ( 'NONE', #2198, #4880, #2250, .T. ) ;
#3479 = CARTESIAN_POINT ( 'NONE',  ( 6.582117137899329506, 16.07582173911838908, 4.000000000000000000 ) ) ;
#3480 = ORIENTED_EDGE ( 'NONE', *, *, #5869, .F. ) ;
#3481 = ORIENTED_EDGE ( 'NONE', *, *, #1600, .T. ) ;
#3482 = ORIENTED_EDGE ( 'NONE', *, *, #1959, .F. ) ;
#3483 = DIRECTION ( 'NONE',  ( 0.000000000000000000, -0.000000000000000000, 1.000000000000000000 ) ) ;
#3484 = DIRECTION ( 'NONE',  ( 0.000000000000000000, 0.000000000000000000, 1.000000000000000000 ) ) ;
#3485 = VERTEX_POINT ( 'NONE', #5211 ) ;
#3486 = VERTEX_POINT ( 'NONE', #5136 ) ;
#3487 = CARTESIAN_POINT ( 'NONE',  ( -45.75000000000000000, 11.05429687500000036, 4.834314575050759899 ) ) ;
#3488 = APPROVAL_STATUS ( 'not_yet_approved' ) ;
#3489 = DIRECTION ( 'NONE',  ( 0.000000000000000000, -1.000000000000000000, 0.000000000000000000 ) ) ;
#3490 = LINE ( 'NONE', #5533, #3864 ) ;
#3491 = EDGE_CURVE ( 'NONE', #244, #4909, #5836, .T. ) ;
#3492 = DIRECTION ( 'NONE',  ( 1.000000000000000000, 1.334402673828313339E-16, -0.000000000000000000 ) ) ;
#3493 = ORIENTED_EDGE ( 'NONE', *, *, #5316, .F. ) ;
#3494 = VERTEX_POINT ( 'NONE', #555 ) ;
#3495 = DIRECTION ( 'NONE',  ( 0.000000000000000000, 1.000000000000000000, 0.000000000000000000 ) ) ;
#3496 = LINE ( 'NONE', #948, #3995 ) ;
#3497 = LINE ( 'NONE', #4347, #5696 ) ;
#3498 = CARTESIAN_POINT ( 'NONE',  ( -6.795166866136082007, 15.66277201088163018, 2.996198623261635774 ) ) ;
#3499 = DIRECTION ( 'NONE',  ( 0.000000000000000000, 0.000000000000000000, 1.000000000000000000 ) ) ;
#3500 = ORIENTED_EDGE ( 'NONE', *, *, #5967, .F. ) ;
#3501 = ORIENTED_EDGE ( 'NONE', *, *, #3184, .T. ) ;
#3502 = DIRECTION ( 'NONE',  ( 0.000000000000000000, -1.000000000000000000, 0.000000000000000000 ) ) ;
#3503 = DIRECTION ( 'NONE',  ( -0.000000000000000000, -0.000000000000000000, -1.000000000000000000 ) ) ;
#3504 = LINE ( 'NONE', #5550, #1699 ) ;
#3505 = EDGE_CURVE ( 'NONE', #1605, #4198, #45, .T. ) ;
#3506 = DIRECTION ( 'NONE',  ( 1.000000000000000000, 0.000000000000000000, 0.000000000000000000 ) ) ;
#3507 = AXIS2_PLACEMENT_3D ( 'NONE', #2512, #6100, #6035 ) ;
#3508 = DIRECTION ( 'NONE',  ( 0.000000000000000000, 0.000000000000000000, -1.000000000000000000 ) ) ;
#3509 = ORIENTED_EDGE ( 'NONE', *, *, #2580, .T. ) ;
#3510 = ORIENTED_EDGE ( 'NONE', *, *, #2308, .F. ) ;
#3511 = ORIENTED_EDGE ( 'NONE', *, *, #2331, .F. ) ;
#3512 = EDGE_CURVE ( 'NONE', #3535, #5393, #3816, .T. ) ;
#3513 = DIRECTION ( 'NONE',  ( 0.000000000000000000, 1.000000000000000000, 0.000000000000000000 ) ) ;
#3514 = FACE_OUTER_BOUND ( 'NONE', #685, .T. ) ;
#3515 = LINE ( 'NONE', #4549, #206 ) ;
#3516 = EDGE_CURVE ( 'NONE', #4626, #3525, #3635, .T. ) ;
#3517 = VERTEX_POINT ( 'NONE', #1749 ) ;
#3518 = ORIENTED_EDGE ( 'NONE', *, *, #2682, .F. ) ;
#3519 = VERTEX_POINT ( 'NONE', #3788 ) ;
#3520 = CALENDAR_DATE ( 2025, 30, 7 ) ;
#3521 = PLANE ( 'NONE',  #1083 ) ;
#3522 = PLANE ( 'NONE',  #2379 ) ;
#3523 = LINE ( 'NONE', #1077, #3666 ) ;
#3524 = VERTEX_POINT ( 'NONE', #2128 ) ;
#3525 = VERTEX_POINT ( 'NONE', #2783 ) ;
#3526 = VECTOR ( 'NONE', #3010, 1000.000000000000000 ) ;
#3527 = PLANE ( 'NONE',  #5471 ) ;
#3528 = DIRECTION ( 'NONE',  ( 0.000000000000000000, 1.000000000000000000, -0.000000000000000000 ) ) ;
#3529 = PLANE ( 'NONE',  #6120 ) ;
#3530 = AXIS2_PLACEMENT_3D ( 'NONE', #828, #3381, #4878 ) ;
#3531 = DIRECTION ( 'NONE',  ( 0.000000000000000000, 1.000000000000000000, 0.000000000000000000 ) ) ;
#3532 = PLANE ( 'NONE',  #651 ) ;
#3533 = ORIENTED_EDGE ( 'NONE', *, *, #6020, .T. ) ;
#3534 = ADVANCED_FACE ( 'NONE', ( #591 ), #4324, .T. ) ;
#3535 = VERTEX_POINT ( 'NONE', #6215 ) ;
#3536 = CARTESIAN_POINT ( 'NONE',  ( -29.81211713789932816, 20.66277201088163196, 3.250000000000000444 ) ) ;
#3537 = EDGE_CURVE ( 'NONE', #1258, #40, #2597, .T. ) ;
#3538 = VECTOR ( 'NONE', #2864, 1000.000000000000114 ) ;
#3539 = LINE ( 'NONE', #5585, #5719 ) ;
#3540 = CARTESIAN_POINT ( 'NONE',  ( 16.61788286210067511, 20.23277201088162514, 4.000000000000000000 ) ) ;
#3541 = LINE ( 'NONE', #2071, #322 ) ;
#3542 = DIRECTION ( 'NONE',  ( -1.000000000000000000, -0.000000000000000000, -0.000000000000000000 ) ) ;
#3543 = ORIENTED_EDGE ( 'NONE', *, *, #5650, .F. ) ;
#3544 = ORIENTED_EDGE ( 'NONE', *, *, #3689, .T. ) ;
#3545 = CIRCLE ( 'NONE', #4928, 0.5000000000000000000 ) ;
#3546 = CARTESIAN_POINT ( 'NONE',  ( -16.41788286210066872, 16.07582173911838908, 2.757618389620105859 ) ) ;
#3547 = CARTESIAN_POINT ( 'NONE',  ( -15.81788286210068151, 15.48641401289933661, 0.5000000000000004441 ) ) ;
#3548 = CARTESIAN_POINT ( 'NONE',  ( 32.52152486411837629, 23.17217973710068080, 1.500000000000000444 ) ) ;
#3549 = EDGE_CURVE ( 'NONE', #2252, #4311, #4982, .T. ) ;
#3550 = VECTOR ( 'NONE', #3821, 1000.000000000000000 ) ;
#3551 = EDGE_CURVE ( 'NONE', #2859, #538, #6322, .T. ) ;
#3552 = ORIENTED_EDGE ( 'NONE', *, *, #362, .F. ) ;
#3553 = VERTEX_POINT ( 'NONE', #4669 ) ;
#3554 = ORIENTED_EDGE ( 'NONE', *, *, #2405, .T. ) ;
#3555 = EDGE_CURVE ( 'NONE', #5938, #264, #3453, .T. ) ;
#3556 = CARTESIAN_POINT ( 'NONE',  ( -45.75000000000000000, 20.16277201088163196, 3.250000000000000444 ) ) ;
#3557 = VECTOR ( 'NONE', #5418, 1000.000000000000000 ) ;
#3558 = DIRECTION ( 'NONE',  ( 1.000000000000000000, -1.734723475976806709E-18, -0.000000000000000000 ) ) ;
#3559 = DIRECTION ( 'NONE',  ( -0.000000000000000000, -0.000000000000000000, 1.000000000000000000 ) ) ;
#3560 = ADVANCED_FACE ( 'NONE', ( #2444 ), #3980, .F. ) ;
#3561 = EDGE_LOOP ( 'NONE', ( #927, #980, #4551, #2418 ) ) ;
#3562 = ORIENTED_EDGE ( 'NONE', *, *, #2243, .T. ) ;
#3563 = VECTOR ( 'NONE', #2061, 1000.000000000000000 ) ;
#3564 = DIRECTION ( 'NONE',  ( 0.000000000000000000, 0.000000000000000000, -1.000000000000000000 ) ) ;
#3565 = DIRECTION ( 'NONE',  ( -1.000000000000000000, -0.000000000000000000, -0.000000000000000000 ) ) ;
#3566 = PLANE ( 'NONE',  #4187 ) ;
#3567 = DIRECTION ( 'NONE',  ( 0.000000000000000000, 1.000000000000000000, -0.000000000000000000 ) ) ;
#3568 = CARTESIAN_POINT ( 'NONE',  ( 6.582117137899329506, 20.16277201088163196, 3.250000000000000444 ) ) ;
#3569 = VERTEX_POINT ( 'NONE', #2914 ) ;
#3570 = VECTOR ( 'NONE', #2228, 1000.000000000000000 ) ;
#3571 = ORIENTED_EDGE ( 'NONE', *, *, #2778, .F. ) ;
#3572 = CARTESIAN_POINT ( 'NONE',  ( 39.25000000000000000, 13.90429687500000178, 6.000000000000000000 ) ) ;
#3573 = CARTESIAN_POINT ( 'NONE',  ( -31.76788286210068790, 20.78641401289933910, -2.999999999999999112 ) ) ;
#3574 = VECTOR ( 'NONE', #4990, 1000.000000000000000 ) ;
#3575 = DIRECTION ( 'NONE',  ( 0.000000000000000000, 0.000000000000000000, 1.000000000000000000 ) ) ;
#3576 = EDGE_CURVE ( 'NONE', #1579, #786, #3317, .T. ) ;
#3577 = EDGE_CURVE ( 'NONE', #5523, #5972, #373, .T. ) ;
#3578 = DIRECTION ( 'NONE',  ( 0.000000000000000000, 1.000000000000000000, 0.000000000000000000 ) ) ;
#3579 = DIRECTION ( 'NONE',  ( 0.000000000000000000, -0.000000000000000000, 1.000000000000000000 ) ) ;
#3580 = ORIENTED_EDGE ( 'NONE', *, *, #2446, .T. ) ;
#3581 = AXIS2_PLACEMENT_3D ( 'NONE', #452, #2493, #6079 ) ;
#3582 = ORIENTED_EDGE ( 'NONE', *, *, #4981, .T. ) ;
#3583 = CARTESIAN_POINT ( 'NONE',  ( -36.41788286210068293, 20.78641401289933910, 0.5000000000000004441 ) ) ;
#3584 = CARTESIAN_POINT ( 'NONE',  ( 39.25000000000000000, 22.40429687500000355, 1.000000000000000000 ) ) ;
#3585 = CIRCLE ( 'NONE', #6159, 0.5000000000000000000 ) ;
#3586 = CARTESIAN_POINT ( 'NONE',  ( -45.75000000000000000, 18.16277201088163196, 3.250000000000000444 ) ) ;
#3587 = EDGE_CURVE ( 'NONE', #3221, #6072, #4884, .T. ) ;
#3588 = ORIENTED_EDGE ( 'NONE', *, *, #1450, .F. ) ;
#3589 = ORIENTED_EDGE ( 'NONE', *, *, #2229, .F. ) ;
#3590 = ORIENTED_EDGE ( 'NONE', *, *, #66, .T. ) ;
#3591 = PERSON_AND_ORGANIZATION ( #6057, #686 ) ;
#3592 = DIRECTION ( 'NONE',  ( 1.000000000000000000, -1.734723475976806709E-18, -0.000000000000000000 ) ) ;
#3593 = LINE ( 'NONE', #5637, #1738 ) ;
#3594 = CARTESIAN_POINT ( 'NONE',  ( -8.767882862100687902, 15.50448725967914676, 1.500000000000000444 ) ) ;
#3595 = ADVANCED_FACE ( 'NONE', ( #4356 ), #6405, .F. ) ;
#3596 = VERTEX_POINT ( 'NONE', #1809 ) ;
#3597 = VERTEX_POINT ( 'NONE', #3885 ) ;
#3598 = DIRECTION ( 'NONE',  ( 0.000000000000000000, 1.000000000000000000, 0.000000000000000000 ) ) ;
#3599 = LINE ( 'NONE', #3086, #2615 ) ;
#3600 = EDGE_CURVE ( 'NONE', #1086, #2685, #1375, .T. ) ;
#3601 = EDGE_CURVE ( 'NONE', #4445, #6313, #807, .T. ) ;
#3602 = CARTESIAN_POINT ( 'NONE',  ( -43.25000000000000000, 23.15429687500000355, 0.3499999999999999223 ) ) ;
#3603 = CARTESIAN_POINT ( 'NONE',  ( -13.41788286210068115, 15.48641401289933661, 1.500000000000000444 ) ) ;
#3604 = FACE_OUTER_BOUND ( 'NONE', #3715, .T. ) ;
#3605 = ORIENTED_EDGE ( 'NONE', *, *, #5015, .T. ) ;
#3606 = ADVANCED_FACE ( 'NONE', ( #3419 ), #1850, .F. ) ;
#3607 = ORIENTED_EDGE ( 'NONE', *, *, #2207, .T. ) ;
#3608 = PLANE ( 'NONE',  #6121 ) ;
#3609 = FACE_OUTER_BOUND ( 'NONE', #404, .T. ) ;
#3610 = DIRECTION ( 'NONE',  ( 1.000000000000000000, 0.000000000000000000, 0.000000000000000000 ) ) ;
#3611 = DIRECTION ( 'NONE',  ( -0.000000000000000000, 0.000000000000000000, 1.000000000000000000 ) ) ;
#3612 = CARTESIAN_POINT ( 'NONE',  ( 39.25000000000000000, 13.15429687500000355, 4.000000000000000000 ) ) ;
#3613 = ORIENTED_EDGE ( 'NONE', *, *, #2245, .F. ) ;
#3614 = EDGE_LOOP ( 'NONE', ( #4903, #3111, #4586, #460, #2600, #5441 ) ) ;
#3615 = EDGE_CURVE ( 'NONE', #5500, #2829, #4985, .T. ) ;
#3616 = DIRECTION ( 'NONE',  ( -1.000000000000000000, 0.000000000000000000, 0.000000000000000000 ) ) ;
#3617 = LINE ( 'NONE', #3143, #5796 ) ;
#3618 = CARTESIAN_POINT ( 'NONE',  ( 32.52152486411839050, 13.13641401289933697, 1.500000000000000444 ) ) ;
#3619 = CARTESIAN_POINT ( 'NONE',  ( -29.38211713789932489, 16.07582173911839263, 2.757618389620105859 ) ) ;
#3620 = ORIENTED_EDGE ( 'NONE', *, *, #3269, .T. ) ;
#3621 = ORIENTED_EDGE ( 'NONE', *, *, #4122, .F. ) ;
#3622 = CIRCLE ( 'NONE', #4468, 0.5000000000000000000 ) ;
#3623 = ORIENTED_EDGE ( 'NONE', *, *, #4622, .T. ) ;
#3624 = ADVANCED_FACE ( 'NONE', ( #3388 ), #836, .F. ) ;
#3625 = EDGE_CURVE ( 'NONE', #5206, #3004, #375, .T. ) ;
#3626 = FACE_OUTER_BOUND ( 'NONE', #3637, .T. ) ;
#3627 = DIRECTION ( 'NONE',  ( 0.000000000000000000, -0.000000000000000000, -1.000000000000000000 ) ) ;
#3628 = VECTOR ( 'NONE', #2939, 1000.000000000000000 ) ;
#3629 = FACE_OUTER_BOUND ( 'NONE', #6197, .T. ) ;
#3630 = ORIENTED_EDGE ( 'NONE', *, *, #6096, .F. ) ;
#3631 = VERTEX_POINT ( 'NONE', #401 ) ;
#3632 = CARTESIAN_POINT ( 'NONE',  ( -29.38211713789932489, 16.07582173911839263, 1.500000000000000444 ) ) ;
#3633 = FACE_OUTER_BOUND ( 'NONE', #3765, .T. ) ;
#3634 = DIRECTION ( 'NONE',  ( 0.000000000000000000, 0.7071067811865465735, -0.7071067811865483499 ) ) ;
#3635 = LINE ( 'NONE', #4287, #2566 ) ;
#3636 = CARTESIAN_POINT ( 'NONE',  ( -13.49635799798231517, 23.15429687499999289, 6.000000000000000000 ) ) ;
#3637 = EDGE_LOOP ( 'NONE', ( #2943, #6482, #2472, #2540, #3976, #5999 ) ) ;
#3638 = EDGE_CURVE ( 'NONE', #6409, #643, #4915, .T. ) ;
#3639 = ADVANCED_FACE ( 'NONE', ( #1942 ), #333, .T. ) ;
#3640 = EDGE_LOOP ( 'NONE', ( #1311, #5591, #1787, #513, #129, #1267 ) ) ;
#3641 = LINE ( 'NONE', #4140, #5260 ) ;
#3642 = LINE ( 'NONE', #4107, #143 ) ;
#3643 = VECTOR ( 'NONE', #3088, 1000.000000000000000 ) ;
#3644 = EDGE_CURVE ( 'NONE', #2822, #2794, #1442, .T. ) ;
#3645 = DIRECTION ( 'NONE',  ( -1.000000000000000000, 0.000000000000000000, 0.000000000000000000 ) ) ;
#3646 = PLANE ( 'NONE',  #2679 ) ;
#3647 = CARTESIAN_POINT ( 'NONE',  ( 39.61788286210068577, 20.23277201088162514, 4.000000000000000000 ) ) ;
#3648 = AXIS2_PLACEMENT_3D ( 'NONE', #1062, #5653, #4035 ) ;
#3649 = VERTEX_POINT ( 'NONE', #4045 ) ;
#3650 = DIRECTION ( 'NONE',  ( -0.000000000000000000, -1.000000000000000000, -0.000000000000000000 ) ) ;
#3651 = CARTESIAN_POINT ( 'NONE',  ( -7.017882862100685237, 15.50448725967914676, 0.5000000000000004441 ) ) ;
#3652 = VECTOR ( 'NONE', #4933, 1000.000000000000000 ) ;
#3653 = DIRECTION ( 'NONE',  ( 1.000000000000000000, -0.000000000000000000, -0.000000000000000000 ) ) ;
#3654 = CARTESIAN_POINT ( 'NONE',  ( -38.75000000000000000, 13.90429687500000355, 6.000000000000000000 ) ) ;
#3655 = ORIENTED_EDGE ( 'NONE', *, *, #4331, .T. ) ;
#3656 = ORIENTED_EDGE ( 'NONE', *, *, #4078, .F. ) ;
#3657 = ORIENTED_EDGE ( 'NONE', *, *, #4112, .F. ) ;
#3658 = CARTESIAN_POINT ( 'NONE',  ( -37.06788286210068151, 20.80448725967914925, 1.000000000000000000 ) ) ;
#3659 = FACE_OUTER_BOUND ( 'NONE', #4453, .T. ) ;
#3660 = VECTOR ( 'NONE', #2502, 1000.000000000000000 ) ;
#3661 = EDGE_CURVE ( 'NONE', #6476, #459, #471, .T. ) ;
#3662 = CARTESIAN_POINT ( 'NONE',  ( -16.41788286210066872, 19.66277201088163196, 3.250000000000000444 ) ) ;
#3663 = VERTEX_POINT ( 'NONE', #2079 ) ;
#3664 = ORIENTED_EDGE ( 'NONE', *, *, #5252, .F. ) ;
#3665 = DIRECTION ( 'NONE',  ( -0.000000000000000000, 1.000000000000000000, 0.000000000000000000 ) ) ;
#3666 = VECTOR ( 'NONE', #3492, 1000.000000000000000 ) ;
#3667 = DIRECTION ( 'NONE',  ( -1.000000000000000000, -0.000000000000000000, -0.000000000000000000 ) ) ;
#3668 = DIRECTION ( 'NONE',  ( 0.000000000000000000, -0.000000000000000000, 1.000000000000000000 ) ) ;
#3669 = CARTESIAN_POINT ( 'NONE',  ( -13.49635799798231517, 23.15429687499999289, 4.000000000000000000 ) ) ;
#3670 = LINE ( 'NONE', #5177, #2042 ) ;
#3671 = VECTOR ( 'NONE', #3386, 1000.000000000000000 ) ;
#3672 = ORIENTED_EDGE ( 'NONE', *, *, #4757, .F. ) ;
#3673 = VERTEX_POINT ( 'NONE', #1069 ) ;
#3674 = CARTESIAN_POINT ( 'NONE',  ( -45.35000000000000142, 10.65429687500000355, 5.000000000000000000 ) ) ;
#3675 = DIRECTION ( 'NONE',  ( -1.000000000000000000, -8.896017825522088106E-17, 0.000000000000000000 ) ) ;
#3676 = CARTESIAN_POINT ( 'NONE',  ( -30.01788286210068435, 15.50448725967914676, 1.500000000000000444 ) ) ;
#3677 = LINE ( 'NONE', #2135, #547 ) ;
#3678 = DIRECTION ( 'NONE',  ( 0.7071067811865483499, -0.7071067811865467956, -0.000000000000000000 ) ) ;
#3679 = PLANE ( 'NONE',  #5914 ) ;
#3680 = AXIS2_PLACEMENT_3D ( 'NONE', #1633, #13, #3675 ) ;
#3681 = DIRECTION ( 'NONE',  ( 0.000000000000000000, 0.000000000000000000, -1.000000000000000000 ) ) ;
#3682 = DIRECTION ( 'NONE',  ( 0.000000000000000000, 0.7071067811865477948, 0.7071067811865473507 ) ) ;
#3683 = EDGE_CURVE ( 'NONE', #1821, #1857, #5662, .T. ) ;
#3684 = EDGE_CURVE ( 'NONE', #5838, #3931, #2543, .T. ) ;
#3685 = DIRECTION ( 'NONE',  ( -0.000000000000000000, -0.000000000000000000, 1.000000000000000000 ) ) ;
#3686 = LINE ( 'NONE', #5225, #4280 ) ;
#3687 = CIRCLE ( 'NONE', #5941, 0.5000000000000000000 ) ;
#3688 = EDGE_LOOP ( 'NONE', ( #4482, #4603, #1581, #616, #4765, #1727, #785, #3296, #3266, #1124 ) ) ;
#3689 = EDGE_CURVE ( 'NONE', #239, #6369, #6635, .T. ) ;
#3690 = ORIENTED_EDGE ( 'NONE', *, *, #2212, .T. ) ;
#3691 = ORIENTED_EDGE ( 'NONE', *, *, #1427, .F. ) ;
#3692 = LINE ( 'NONE', #5165, #6541 ) ;
#3693 = DIRECTION ( 'NONE',  ( -0.000000000000000000, -1.000000000000000000, -0.000000000000000000 ) ) ;
#3694 = DIRECTION ( 'NONE',  ( 0.000000000000000000, -1.000000000000000000, 0.000000000000000000 ) ) ;
#3695 = ORIENTED_EDGE ( 'NONE', *, *, #2938, .F. ) ;
#3696 = ORIENTED_EDGE ( 'NONE', *, *, #31, .F. ) ;
#3697 = FACE_OUTER_BOUND ( 'NONE', #5150, .T. ) ;
#3698 = CARTESIAN_POINT ( 'NONE',  ( -37.06788286210068151, 15.48641401289933661, 0.5000000000000004441 ) ) ;
#3699 = PLANE ( 'NONE',  #2694 ) ;
#3700 = FACE_OUTER_BOUND ( 'NONE', #310, .T. ) ;
#3701 = VERTEX_POINT ( 'NONE', #4584 ) ;
#3702 = APPROVAL_PERSON_ORGANIZATION ( #1981, #5200, #4588 ) ;
#3703 = ORIENTED_EDGE ( 'NONE', *, *, #5937, .F. ) ;
#3704 = CARTESIAN_POINT ( 'NONE',  ( 6.582117137899329506, 16.07582173911838908, 1.500000000000000444 ) ) ;
#3705 = PLANE ( 'NONE',  #790 ) ;
#3706 = DIRECTION ( 'NONE',  ( -0.000000000000000000, -0.000000000000000000, 1.000000000000000000 ) ) ;
#3707 = DIRECTION ( 'NONE',  ( 1.000000000000000000, -0.000000000000000000, 0.000000000000000000 ) ) ;
#3708 = FACE_OUTER_BOUND ( 'NONE', #4411, .T. ) ;
#3709 = DIRECTION ( 'NONE',  ( 1.000000000000000000, 0.000000000000000000, 0.000000000000000000 ) ) ;
#3710 = PLANE ( 'NONE',  #1214 ) ;
#3711 = LINE ( 'NONE', #3207, #6226 ) ;
#3712 = EDGE_CURVE ( 'NONE', #1877, #2055, #3046, .T. ) ;
#3713 = DIRECTION ( 'NONE',  ( -0.000000000000000000, -0.000000000000000000, 1.000000000000000000 ) ) ;
#3714 = CARTESIAN_POINT ( 'NONE',  ( -32.32152486411837344, 13.13641401289933874, 6.000000000000000000 ) ) ;
#3715 = EDGE_LOOP ( 'NONE', ( #6248, #1438, #1995, #1586 ) ) ;
#3716 = ADVANCED_FACE ( 'NONE', ( #4080 ), #1001, .F. ) ;
#3717 = VERTEX_POINT ( 'NONE', #3619 ) ;
#3718 = EDGE_CURVE ( 'NONE', #5393, #2356, #5996, .T. ) ;
#3719 = ORIENTED_EDGE ( 'NONE', *, *, #4332, .F. ) ;
#3720 = EDGE_CURVE ( 'NONE', #2634, #5936, #3515, .T. ) ;
#3721 = CARTESIAN_POINT ( 'NONE',  ( -41.85548033713265426, 29.59629397620647495, 6.000000000000000000 ) ) ;
#3722 = LINE ( 'NONE', #6306, #4891 ) ;
#3723 = PLANE ( 'NONE',  #666 ) ;
#3724 = ORIENTED_EDGE ( 'NONE', *, *, #6349, .T. ) ;
#3725 = ORIENTED_EDGE ( 'NONE', *, *, #4277, .T. ) ;
#3726 = CARTESIAN_POINT ( 'NONE',  ( 39.18881272280277983, 15.64675159982048491, 3.176340728957092630 ) ) ;
#3727 = DIRECTION ( 'NONE',  ( -0.7071067811865466846, -0.7071067811865483499, 0.000000000000000000 ) ) ;
#3728 = VECTOR ( 'NONE', #659, 1000.000000000000000 ) ;
#3729 = DIRECTION ( 'NONE',  ( 0.000000000000000000, 0.000000000000000000, -1.000000000000000000 ) ) ;
#3730 = DIRECTION ( 'NONE',  ( -0.000000000000000000, -0.000000000000000000, 1.000000000000000000 ) ) ;
#3731 = ORIENTED_EDGE ( 'NONE', *, *, #1018, .T. ) ;
#3732 = ORIENTED_EDGE ( 'NONE', *, *, #25, .F. ) ;
#3733 = VERTEX_POINT ( 'NONE', #2976 ) ;
#3734 = DIRECTION ( 'NONE',  ( 0.000000000000000000, 1.000000000000000000, 0.000000000000000000 ) ) ;
#3735 = DIRECTION ( 'NONE',  ( -0.000000000000000000, -0.000000000000000000, 1.000000000000000000 ) ) ;
#3736 = CARTESIAN_POINT ( 'NONE',  ( 16.61788286210067511, 20.23277201088162514, 3.745075751779463058 ) ) ;
#3737 = LINE ( 'NONE', #3136, #5788 ) ;
#3738 = PLANE ( 'NONE',  #4629 ) ;
#3739 = ORIENTED_EDGE ( 'NONE', *, *, #5445, .T. ) ;
#3740 = VECTOR ( 'NONE', #2948, 1000.000000000000000 ) ;
#3741 = PLANE ( 'NONE',  #377 ) ;
#3742 = CARTESIAN_POINT ( 'NONE',  ( 13.58211713789931530, 20.78641401289933910, 0.5000000000000004441 ) ) ;
#3743 = CARTESIAN_POINT ( 'NONE',  ( 39.25000000000000000, 23.15429687500000000, 4.000000000000000000 ) ) ;
#3744 = LINE ( 'NONE', #5829, #2143 ) ;
#3745 = ORIENTED_EDGE ( 'NONE', *, *, #1818, .F. ) ;
#3746 = ORIENTED_EDGE ( 'NONE', *, *, #5893, .T. ) ;
#3747 = VERTEX_POINT ( 'NONE', #2044 ) ;
#3748 = AXIS2_PLACEMENT_3D ( 'NONE', #4740, #3707, #5724 ) ;
#3749 = DIRECTION ( 'NONE',  ( -0.000000000000000000, 1.000000000000000000, -0.000000000000000000 ) ) ;
#3750 = DIRECTION ( 'NONE',  ( 0.000000000000000000, -0.000000000000000000, 1.000000000000000000 ) ) ;
#3751 = EDGE_CURVE ( 'NONE', #971, #2949, #5014, .T. ) ;
#3752 = LINE ( 'NONE', #2969, #3975 ) ;
#3753 = VECTOR ( 'NONE', #409, 1000.000000000000000 ) ;
#3754 = VERTEX_POINT ( 'NONE', #1542 ) ;
#3755 = ORIENTED_EDGE ( 'NONE', *, *, #4640, .T. ) ;
#3756 = ADVANCED_FACE ( 'NONE', ( #6603 ), #5631, .F. ) ;
#3757 = LINE ( 'NONE', #1213, #5077 ) ;
#3758 = PLANE ( 'NONE',  #6466 ) ;
#3759 = VECTOR ( 'NONE', #5524, 1000.000000000000000 ) ;
#3760 = CLOSED_SHELL ( 'NONE', ( #5149, #4290, #1463, #1910, #6304, #5695, #3560, #2324, #5016, #3152, #5900, #2372, #6299, #6185, #5069, #505, #1198, #2617, #1810, #6591, #2117, #48, #37, #3309, #4245, #4667, #29, #55, #5199, #3456, #1716, #6491, #3390, #3085, #2186, #2650, #3777, #2916, #575, #153, #4862, #2090, #3305, #1323, #446, #5099, #324, #2785, #4199, #4043, #515, #5748, #3951, #2530, #6246, #3999, #3100, #1715, #5314, #1863, #6593, #3433, #1638, #5785, #5068, #732, #5605, #4539, #5311, #1883, #5143, #4374, #5388, #6138, #3289, #2295, #3964, #2814, #1047, #3230, #4206, #6590, #2091, #4794, #2980, #648, #4353, #4175, #3639, #5023, #6059, #5525, #3167, #2552, #4189, #6448, #2208, #6457, #209, #2612, #5111, #1694, #2162, #5692, #613, #4657, #3351, #6097, #2495, #736, #4486, #772, #4104, #3595, #4775, #3716, #2068, #3606, #4128, #533, #3252, #5232, #1496, #1138, #4217, #4803, #5365, #3357, #4491, #259, #2531, #2365, #6505, #5853, #2184, #4608, #2937, #2841, #3274, #5813, #3534, #4535, #894, #3799, #6539, #2779, #5484, #3624, #1225, #1384, #4692, #524, #5568, #272, #4569, #5295, #4148, #2001, #1830, #1915, #1988, #5751, #3227, #2237, #4580, #1796, #5960, #2171, #1954, #5402, #5581, #953, #15, #2978, #2619, #1320, #5203, #4399, #5265, #4918, #5279, #2595, #5397, #5156, #5896, #334, #4734, #924, #4816, #2853, #3756, #1760, #2533 ) ) ;
#3761 = CARTESIAN_POINT ( 'NONE',  ( -6.382117137899323112, 16.07582173911839263, 4.000000000000000000 ) ) ;
#3762 = EDGE_CURVE ( 'NONE', #1877, #2581, #1506, .T. ) ;
#3763 = ORIENTED_EDGE ( 'NONE', *, *, #2041, .T. ) ;
#3764 = VECTOR ( 'NONE', #3362, 1000.000000000000000 ) ;
#3765 = EDGE_LOOP ( 'NONE', ( #6005, #1804, #5327, #1238, #5220, #109 ) ) ;
#3766 = VECTOR ( 'NONE', #6342, 1000.000000000000000 ) ;
#3767 = EDGE_CURVE ( 'NONE', #1857, #4028, #4621, .T. ) ;
#3768 = ORIENTED_EDGE ( 'NONE', *, *, #3093, .T. ) ;
#3769 = CARTESIAN_POINT ( 'NONE',  ( -31.76788286210068790, 15.50448725967914676, 1.500000000000000444 ) ) ;
#3770 = CARTESIAN_POINT ( 'NONE',  ( 13.58211713789931530, 22.78641401289933910, 0.5000000000000004441 ) ) ;
#3771 = DIRECTION ( 'NONE',  ( -0.000000000000000000, -0.000000000000000000, 1.000000000000000000 ) ) ;
#3772 = ORIENTED_EDGE ( 'NONE', *, *, #2363, .T. ) ;
#3773 = CARTESIAN_POINT ( 'NONE',  ( -8.767882862100687902, 20.78641401289933910, 0.5000000000000004441 ) ) ;
#3774 = FACE_OUTER_BOUND ( 'NONE', #5887, .T. ) ;
#3775 = CARTESIAN_POINT ( 'NONE',  ( 13.67847513588162833, 13.13641401289933874, 1.500000000000000444 ) ) ;
#3776 = DIRECTION ( 'NONE',  ( 0.000000000000000000, -1.000000000000000000, 0.000000000000000000 ) ) ;
#3777 = ADVANCED_FACE ( 'NONE', ( #27 ), #4653, .F. ) ;
#3778 = CARTESIAN_POINT ( 'NONE',  ( 39.25000000000000000, 13.15429687500000355, 6.000000000000000000 ) ) ;
#3779 = DIRECTION ( 'NONE',  ( -0.000000000000000000, -0.000000000000000000, 1.000000000000000000 ) ) ;
#3780 = EDGE_LOOP ( 'NONE', ( #1937, #1269 ) ) ;
#3781 = AXIS2_PLACEMENT_3D ( 'NONE', #2763, #1190, #211 ) ;
#3782 = VERTEX_POINT ( 'NONE', #6201 ) ;
#3783 = ORIENTED_EDGE ( 'NONE', *, *, #2819, .F. ) ;
#3784 = CARTESIAN_POINT ( 'NONE',  ( -29.38211713789932489, 20.23277201088162514, 4.000000000000000000 ) ) ;
#3785 = DIRECTION ( 'NONE',  ( 1.334402673828313586E-16, -1.000000000000000000, 0.000000000000000000 ) ) ;
#3786 = AXIS2_PLACEMENT_3D ( 'NONE', #3432, #6454, #6548 ) ;
#3787 = EDGE_CURVE ( 'NONE', #3195, #6564, #935, .T. ) ;
#3788 = CARTESIAN_POINT ( 'NONE',  ( 46.25000000000000000, 25.25429687500001918, 0.4000000000000114575 ) ) ;
#3789 = DIRECTION ( 'NONE',  ( 0.000000000000000000, -0.000000000000000000, 1.000000000000000000 ) ) ;
#3790 = VERTEX_POINT ( 'NONE', #6570 ) ;
#3791 = ORIENTED_EDGE ( 'NONE', *, *, #3310, .F. ) ;
#3792 = AXIS2_PLACEMENT_3D ( 'NONE', #840, #1813, #2881 ) ;
#3793 = CARTESIAN_POINT ( 'NONE',  ( 15.98211713789931387, 20.78641401289933910, 0.5000000000000004441 ) ) ;
#3794 = DIRECTION ( 'NONE',  ( -0.7071067811865483499, 0.7071067811865466846, 0.000000000000000000 ) ) ;
#3795 = DIRECTION ( 'NONE',  ( 1.000000000000000000, 0.000000000000000000, 0.000000000000000000 ) ) ;
#3796 = ORIENTED_EDGE ( 'NONE', *, *, #1553, .F. ) ;
#3797 = ORIENTED_EDGE ( 'NONE', *, *, #5598, .F. ) ;
#3798 = EDGE_LOOP ( 'NONE', ( #195, #1565, #1611, #3040 ) ) ;
#3799 = ADVANCED_FACE ( 'NONE', ( #1976 ), #4012, .F. ) ;
#3800 = EDGE_CURVE ( 'NONE', #1052, #93, #669, .T. ) ;
#3801 = CARTESIAN_POINT ( 'NONE',  ( -36.41788286210068293, 20.78641401289933910, 0.5000000000000004441 ) ) ;
#3802 = DIRECTION ( 'NONE',  ( 0.000000000000000000, 0.000000000000000000, -1.000000000000000000 ) ) ;
#3803 = CARTESIAN_POINT ( 'NONE',  ( -36.41788286210068293, 13.48641401289933661, 0.5000000000000004441 ) ) ;
#3804 = VERTEX_POINT ( 'NONE', #162 ) ;
#3805 = DIRECTION ( 'NONE',  ( 1.000000000000000000, 0.000000000000000000, 0.000000000000000000 ) ) ;
#3806 = DIRECTION ( 'NONE',  ( 1.000000000000000000, 1.334402673828313586E-16, 0.000000000000000000 ) ) ;
#3807 = CARTESIAN_POINT ( 'NONE',  ( 37.23211713789931565, 20.78641401289933910, 0.5000000000000004441 ) ) ;
#3808 = LINE ( 'NONE', #2309, #6332 ) ;
#3809 = PLANE ( 'NONE',  #3935 ) ;
#3810 = PLANE ( 'NONE',  #3530 ) ;
#3811 = ORIENTED_EDGE ( 'NONE', *, *, #1366, .F. ) ;
#3812 = EDGE_LOOP ( 'NONE', ( #5057, #829, #3187, #1520 ) ) ;
#3813 = ORIENTED_EDGE ( 'NONE', *, *, #6219, .F. ) ;
#3814 = CARTESIAN_POINT ( 'NONE',  ( -45.75000000000000000, 25.65429687500000355, 0.4000000000000114575 ) ) ;
#3815 = CARTESIAN_POINT ( 'NONE',  ( 6.995166866136089290, 15.66277201088163018, 2.996198623261636218 ) ) ;
#3816 = LINE ( 'NONE', #3319, #4055 ) ;
#3817 = CARTESIAN_POINT ( 'NONE',  ( -37.06788286210068151, 20.80448725967914925, 0.5000000000000004441 ) ) ;
#3818 = ORIENTED_EDGE ( 'NONE', *, *, #2467, .F. ) ;
#3819 = VERTEX_POINT ( 'NONE', #1609 ) ;
#3820 = CARTESIAN_POINT ( 'NONE',  ( -38.75000000000000000, 15.40793887701771858, 1.500000000000000444 ) ) ;
#3821 = DIRECTION ( 'NONE',  ( 1.000000000000000000, 0.000000000000000000, 0.000000000000000000 ) ) ;
#3822 = VECTOR ( 'NONE', #332, 1000.000000000000000 ) ;
#3823 = EDGE_LOOP ( 'NONE', ( #5236, #5909 ) ) ;
#3824 = ORIENTED_EDGE ( 'NONE', *, *, #1107, .T. ) ;
#3825 = ORIENTED_EDGE ( 'NONE', *, *, #902, .T. ) ;
#3826 = CARTESIAN_POINT ( 'NONE',  ( -13.41788286210068115, 15.48641401289933661, 0.5000000000000004441 ) ) ;
#3827 = VECTOR ( 'NONE', #599, 1000.000000000000114 ) ;
#3828 = FACE_OUTER_BOUND ( 'NONE', #2787, .T. ) ;
#3829 = CARTESIAN_POINT ( 'NONE',  ( -6.382117137899323112, 20.23277201088162514, 3.745075751779463058 ) ) ;
#3830 = CARTESIAN_POINT ( 'NONE',  ( -16.41788286210066872, 17.66277201088163196, 3.250000000000000444 ) ) ;
#3831 = EDGE_CURVE ( 'NONE', #2410, #802, #2239, .T. ) ;
#3832 = ORIENTED_EDGE ( 'NONE', *, *, #2424, .T. ) ;
#3833 = CARTESIAN_POINT ( 'NONE',  ( 29.58211713789933484, 16.07582173911838908, 1.500000000000000444 ) ) ;
#3834 = CARTESIAN_POINT ( 'NONE',  ( -45.75000000000000000, 25.25429687500001918, 0.4000000000000114575 ) ) ;
#3835 = CARTESIAN_POINT ( 'NONE',  ( 45.85000000000000142, 10.65429687500000355, 0.4000000000000114575 ) ) ;
#3836 = LINE ( 'NONE', #418, #3118 ) ;
#3837 = LINE ( 'NONE', #6364, #4898 ) ;
#3838 = EDGE_CURVE ( 'NONE', #5779, #5096, #5794, .T. ) ;
#3839 = DIRECTION ( 'NONE',  ( 1.000000000000000000, -0.000000000000000000, 0.000000000000000000 ) ) ;
#3840 = AXIS2_PLACEMENT_3D ( 'NONE', #5463, #777, #5906 ) ;
#3841 = VERTEX_POINT ( 'NONE', #4715 ) ;
#3842 = VERTEX_POINT ( 'NONE', #3654 ) ;
#3843 = VERTEX_POINT ( 'NONE', #1706 ) ;
#3844 = DIRECTION ( 'NONE',  ( 0.000000000000000000, -0.000000000000000000, 1.000000000000000000 ) ) ;
#3845 = VECTOR ( 'NONE', #1167, 1000.000000000000000 ) ;
#3846 = FACE_BOUND ( 'NONE', #2242, .T. ) ;
#3847 = DIRECTION ( 'NONE',  ( -0.000000000000000000, -0.000000000000000000, 1.000000000000000000 ) ) ;
#3848 = ORIENTED_EDGE ( 'NONE', *, *, #5281, .T. ) ;
#3849 = ORIENTED_EDGE ( 'NONE', *, *, #5854, .F. ) ;
#3850 = CIRCLE ( 'NONE', #1184, 0.5000000000000000000 ) ;
#3851 = DIRECTION ( 'NONE',  ( 0.000000000000000000, 0.000000000000000000, -1.000000000000000000 ) ) ;
#3852 = DIRECTION ( 'NONE',  ( 0.000000000000000000, 1.000000000000000000, 0.000000000000000000 ) ) ;
#3853 = CARTESIAN_POINT ( 'NONE',  ( 0.000000000000000000, 0.000000000000000000, 4.000000000000000000 ) ) ;
#3854 = EDGE_CURVE ( 'NONE', #3494, #586, #1202, .T. ) ;
#3855 = VECTOR ( 'NONE', #6113, 1000.000000000000000 ) ;
#3856 = ORIENTED_EDGE ( 'NONE', *, *, #2892, .F. ) ;
#3857 = VERTEX_POINT ( 'NONE', #5700 ) ;
#3858 = EDGE_LOOP ( 'NONE', ( #5064, #4096, #421, #609, #3446, #6358 ) ) ;
#3859 = LINE ( 'NONE', #5920, #3861 ) ;
#3860 = AXIS2_PLACEMENT_3D ( 'NONE', #3087, #5134, #1990 ) ;
#3861 = VECTOR ( 'NONE', #2926, 1000.000000000000000 ) ;
#3862 = FACE_OUTER_BOUND ( 'NONE', #901, .T. ) ;
#3863 = DIRECTION ( 'NONE',  ( 0.000000000000000000, -1.000000000000000000, 0.000000000000000000 ) ) ;
#3864 = VECTOR ( 'NONE', #2248, 1000.000000000000000 ) ;
#3865 = CARTESIAN_POINT ( 'NONE',  ( -14.06788286210067973, 20.80448725967914925, 0.5000000000000004441 ) ) ;
#3866 = EDGE_CURVE ( 'NONE', #1709, #3597, #3686, .T. ) ;
#3867 = AXIS2_PLACEMENT_3D ( 'NONE', #1771, #185, #3806 ) ;
#3868 = VERTEX_POINT ( 'NONE', #4813 ) ;
#3869 = LINE ( 'NONE', #3773, #5706 ) ;
#3870 = VERTEX_POINT ( 'NONE', #2177 ) ;
#3871 = DIRECTION ( 'NONE',  ( 0.000000000000000000, 0.000000000000000000, -1.000000000000000000 ) ) ;
#3872 = DIRECTION ( 'NONE',  ( -1.000000000000000000, 0.000000000000000000, 0.000000000000000000 ) ) ;
#3873 = DIRECTION ( 'NONE',  ( 0.000000000000000000, 0.000000000000000000, -1.000000000000000000 ) ) ;
#3874 = PLANE ( 'NONE',  #5118 ) ;
#3875 = CARTESIAN_POINT ( 'NONE',  ( 16.61788286210067511, 16.07582173911839263, 1.500000000000000444 ) ) ;
#3876 = VECTOR ( 'NONE', #1794, 1000.000000000000000 ) ;
#3877 = ORIENTED_EDGE ( 'NONE', *, *, #6218, .T. ) ;
#3878 = ORIENTED_EDGE ( 'NONE', *, *, #2714, .T. ) ;
#3879 = EDGE_LOOP ( 'NONE', ( #4947, #3889, #1236, #4124, #69, #6639, #6004, #210 ) ) ;
#3880 = EDGE_CURVE ( 'NONE', #2448, #5335, #3744, .T. ) ;
#3881 = EDGE_CURVE ( 'NONE', #2547, #4612, #2774, .T. ) ;
#3882 = CARTESIAN_POINT ( 'NONE',  ( -30.01788286210068435, 20.78641401289933910, 0.5000000000000004441 ) ) ;
#3883 = PRODUCT_RELATED_PRODUCT_CATEGORY ( 'detail', '', ( #859 ) ) ;
#3884 = DIRECTION ( 'NONE',  ( 1.000000000000000000, 4.173067663955945463E-16, 0.000000000000000000 ) ) ;
#3885 = CARTESIAN_POINT ( 'NONE',  ( 29.58211713789933484, 18.66277201088163196, 3.250000000000000444 ) ) ;
#3886 = VECTOR ( 'NONE', #6257, 1000.000000000000000 ) ;
#3887 = EDGE_CURVE ( 'NONE', #3463, #2647, #5292, .T. ) ;
#3888 = VERTEX_POINT ( 'NONE', #1674 ) ;
#3889 = ORIENTED_EDGE ( 'NONE', *, *, #3854, .T. ) ;
#3890 = CYLINDRICAL_SURFACE ( 'NONE', #3792, 0.5000000000000004441 ) ;
#3891 = VECTOR ( 'NONE', #2565, 1000.000000000000000 ) ;
#3892 = LINE ( 'NONE', #3923, #1656 ) ;
#3893 = CARTESIAN_POINT ( 'NONE',  ( 39.25000000000000000, 13.15429687500000355, 6.000000000000000000 ) ) ;
#3894 = ORIENTED_EDGE ( 'NONE', *, *, #1451, .T. ) ;
#3895 = ORIENTED_EDGE ( 'NONE', *, *, #912, .F. ) ;
#3896 = ORIENTED_EDGE ( 'NONE', *, *, #6041, .T. ) ;
#3897 = CARTESIAN_POINT ( 'NONE',  ( 16.61788286210067511, 20.23277201088162514, 6.000000000000000000 ) ) ;
#3898 = LINE ( 'NONE', #4930, #3256 ) ;
#3899 = AXIS2_PLACEMENT_3D ( 'NONE', #6007, #3984, #1947 ) ;
#3900 = FACE_OUTER_BOUND ( 'NONE', #3879, .T. ) ;
#3901 = CARTESIAN_POINT ( 'NONE',  ( -9.303642002017689094, 23.15429687499999289, 4.000000000000000000 ) ) ;
#3902 = ORIENTED_EDGE ( 'NONE', *, *, #885, .T. ) ;
#3903 = ORIENTED_EDGE ( 'NONE', *, *, #3918, .T. ) ;
#3904 = CARTESIAN_POINT ( 'NONE',  ( -36.41788286210068293, 13.48641401289933661, 0.5000000000000004441 ) ) ;
#3905 = EDGE_CURVE ( 'NONE', #4817, #4473, #2210, .T. ) ;
#3906 = CARTESIAN_POINT ( 'NONE',  ( 46.25000000000000000, 11.05429687499998792, 0.4000000000000114575 ) ) ;
#3907 = DIRECTION ( 'NONE',  ( 0.7071067811865482389, -0.7071067811865469066, 0.000000000000000000 ) ) ;
#3908 = LINE ( 'NONE', #4420, #4599 ) ;
#3909 = ORIENTED_EDGE ( 'NONE', *, *, #566, .F. ) ;
#3910 = ORIENTED_EDGE ( 'NONE', *, *, #5155, .T. ) ;
#3911 = ORIENTED_EDGE ( 'NONE', *, *, #6420, .F. ) ;
#3912 = LOCAL_TIME ( 2, 45, 41.00000000000000000, #5022 ) ;
#3913 = EDGE_CURVE ( 'NONE', #1, #330, #6268, .T. ) ;
#3914 = CARTESIAN_POINT ( 'NONE',  ( -43.75000000000000000, 23.15429687500000355, 0.2500000000000000000 ) ) ;
#3915 = LINE ( 'NONE', #1344, #406 ) ;
#3916 = DIRECTION ( 'NONE',  ( 0.000000000000000000, -0.000000000000000000, 1.000000000000000000 ) ) ;
#3917 = EDGE_CURVE ( 'NONE', #4015, #2357, #1136, .T. ) ;
#3918 = EDGE_CURVE ( 'NONE', #5432, #3450, #4782, .T. ) ;
#3919 = EDGE_LOOP ( 'NONE', ( #6277, #4894, #227, #2844, #4703, #714 ) ) ;
#3920 = EDGE_CURVE ( 'NONE', #4088, #989, #191, .T. ) ;
#3921 = EDGE_LOOP ( 'NONE', ( #3372, #4281, #1043, #1385 ) ) ;
#3922 = LINE ( 'NONE', #5975, #6154 ) ;
#3923 = CARTESIAN_POINT ( 'NONE',  ( -39.41788286210066872, 16.07582173911838908, 6.000000000000000000 ) ) ;
#3924 = DIRECTION ( 'NONE',  ( -0.000000000000000000, -0.000000000000000000, 1.000000000000000000 ) ) ;
#3925 = VERTEX_POINT ( 'NONE', #1235 ) ;
#3926 = ORIENTED_EDGE ( 'NONE', *, *, #1209, .T. ) ;
#3927 = FACE_BOUND ( 'NONE', #2387, .T. ) ;
#3928 = PLANE ( 'NONE',  #5825 ) ;
#3929 = CARTESIAN_POINT ( 'NONE',  ( -6.795166866136084671, 15.66277201088163373, 3.250000000000000444 ) ) ;
#3930 = DIRECTION ( 'NONE',  ( 1.000000000000000000, -0.000000000000000000, 0.000000000000000000 ) ) ;
#3931 = VERTEX_POINT ( 'NONE', #3145 ) ;
#3932 = VECTOR ( 'NONE', #5707, 1000.000000000000000 ) ;
#3933 = LINE ( 'NONE', #1393, #5582 ) ;
#3934 = LINE ( 'NONE', #2464, #1326 ) ;
#3935 = AXIS2_PLACEMENT_3D ( 'NONE', #1897, #735, #4380 ) ;
#3936 = CARTESIAN_POINT ( 'NONE',  ( 38.98211713789932276, 20.78641401289933910, 0.5000000000000004441 ) ) ;
#3937 = EDGE_CURVE ( 'NONE', #2010, #4554, #737, .T. ) ;
#3938 = CARTESIAN_POINT ( 'NONE',  ( -16.41788286210066872, 18.16277201088163196, 3.250000000000000444 ) ) ;
#3939 = DIRECTION ( 'NONE',  ( 1.000000000000000000, 2.478176394252582127E-16, -0.000000000000000000 ) ) ;
#3940 = ORIENTED_EDGE ( 'NONE', *, *, #5815, .T. ) ;
#3941 = ORIENTED_EDGE ( 'NONE', *, *, #2424, .F. ) ;
#3942 = EDGE_LOOP ( 'NONE', ( #3580, #2004, #3457, #539 ) ) ;
#3943 = DIRECTION ( 'NONE',  ( 1.000000000000000000, -0.000000000000000000, -0.000000000000000000 ) ) ;
#3944 = FACE_OUTER_BOUND ( 'NONE', #1321, .T. ) ;
#3945 = DIRECTION ( 'NONE',  ( 1.000000000000000000, -1.734723475976806709E-18, -0.000000000000000000 ) ) ;
#3946 = ORIENTED_EDGE ( 'NONE', *, *, #1432, .T. ) ;
#3947 = ORIENTED_EDGE ( 'NONE', *, *, #4093, .T. ) ;
#3948 = CARTESIAN_POINT ( 'NONE',  ( -43.50000000000000000, 22.90429687500000355, 0.5999999999999999778 ) ) ;
#3949 = AXIS2_PLACEMENT_3D ( 'NONE', #4951, #1881, #4484 ) ;
#3950 = DIRECTION ( 'NONE',  ( -1.000000000000000000, -0.000000000000000000, -0.000000000000000000 ) ) ;
#3951 = ADVANCED_FACE ( 'NONE', ( #3210 ), #224, .F. ) ;
#3952 = LINE ( 'NONE', #410, #5264 ) ;
#3953 = AXIS2_PLACEMENT_3D ( 'NONE', #6431, #1873, #1775 ) ;
#3954 = VERTEX_POINT ( 'NONE', #92 ) ;
#3955 = ORIENTED_EDGE ( 'NONE', *, *, #2580, .F. ) ;
#3956 = LINE ( 'NONE', #2300, #6436 ) ;
#3957 = DIRECTION ( 'NONE',  ( -0.5773502691896190697, 0.5773502691896390537, -0.5773502691896190697 ) ) ;
#3958 = EDGE_CURVE ( 'NONE', #3843, #3631, #2142, .T. ) ;
#3959 = EDGE_CURVE ( 'NONE', #2131, #4357, #1646, .T. ) ;
#3960 = AXIS2_PLACEMENT_3D ( 'NONE', #4241, #2169, #2638 ) ;
#3961 = LINE ( 'NONE', #5000, #5131 ) ;
#3962 = CARTESIAN_POINT ( 'NONE',  ( -16.41788286210066872, 16.16277201088163551, 3.250000000000000444 ) ) ;
#3963 = ORIENTED_EDGE ( 'NONE', *, *, #1636, .F. ) ;
#3964 = ADVANCED_FACE ( 'NONE', ( #3346 ), #3810, .T. ) ;
#3965 = VECTOR ( 'NONE', #1747, 1000.000000000000000 ) ;
#3966 = DIRECTION ( 'NONE',  ( 1.000000000000000000, -1.734723475976806709E-18, -0.000000000000000000 ) ) ;
#3967 = FACE_OUTER_BOUND ( 'NONE', #2299, .T. ) ;
#3968 = VECTOR ( 'NONE', #6587, 1000.000000000000000 ) ;
#3969 = AXIS2_PLACEMENT_3D ( 'NONE', #4642, #50, #6124 ) ;
#3970 = CARTESIAN_POINT ( 'NONE',  ( 32.52152486411837629, 23.17217973710068080, 4.000000000000000000 ) ) ;
#3971 = CARTESIAN_POINT ( 'NONE',  ( 46.25000000000000000, 11.05429687499998792, 6.000000000000000000 ) ) ;
#3972 = LINE ( 'NONE', #4479, #5918 ) ;
#3973 = VERTEX_POINT ( 'NONE', #2377 ) ;
#3974 = ORIENTED_EDGE ( 'NONE', *, *, #4958, .F. ) ;
#3975 = VECTOR ( 'NONE', #6062, 1000.000000000000000 ) ;
#3976 = ORIENTED_EDGE ( 'NONE', *, *, #1306, .F. ) ;
#3977 = EDGE_CURVE ( 'NONE', #1302, #1887, #2342, .T. ) ;
#3978 = CARTESIAN_POINT ( 'NONE',  ( 31.93211713789932560, 15.48641401289933661, 0.5000000000000004441 ) ) ;
#3979 = CARTESIAN_POINT ( 'NONE',  ( -29.38211713789932489, 20.23277201088162514, 3.745075751779463058 ) ) ;
#3980 = CYLINDRICAL_SURFACE ( 'NONE', #2882, 0.5000000000000004441 ) ;
#3981 = VECTOR ( 'NONE', #3353, 1000.000000000000000 ) ;
#3982 = VERTEX_POINT ( 'NONE', #4449 ) ;
#3983 = ORIENTED_EDGE ( 'NONE', *, *, #6294, .T. ) ;
#3984 = DIRECTION ( 'NONE',  ( 1.000000000000000000, 0.000000000000000000, 0.000000000000000000 ) ) ;
#3985 = CARTESIAN_POINT ( 'NONE',  ( 9.503642002017684831, 23.15429687499999289, 4.000000000000000000 ) ) ;
#3986 = DIRECTION ( 'NONE',  ( 0.000000000000000000, 0.000000000000000000, -1.000000000000000000 ) ) ;
#3987 = ORIENTED_EDGE ( 'NONE', *, *, #5648, .T. ) ;
#3988 = ORIENTED_EDGE ( 'NONE', *, *, #403, .F. ) ;
#3989 = VECTOR ( 'NONE', #2936, 1000.000000000000000 ) ;
#3990 = CARTESIAN_POINT ( 'NONE',  ( 0.000000000000000000, 0.000000000000000000, 0.5000000000000004441 ) ) ;
#3991 = CARTESIAN_POINT ( 'NONE',  ( 16.61788286210067511, 18.16277201088163196, 3.250000000000000444 ) ) ;
#3992 = EDGE_CURVE ( 'NONE', #6369, #6303, #5392, .T. ) ;
#3993 = LINE ( 'NONE', #4811, #6440 ) ;
#3994 = DIRECTION ( 'NONE',  ( -0.000000000000000000, 0.000000000000000000, -1.000000000000000000 ) ) ;
#3995 = VECTOR ( 'NONE', #1989, 1000.000000000000000 ) ;
#3996 = FACE_OUTER_BOUND ( 'NONE', #1789, .T. ) ;
#3997 = ORIENTED_EDGE ( 'NONE', *, *, #3866, .F. ) ;
#3998 = EDGE_CURVE ( 'NONE', #1072, #3151, #4974, .T. ) ;
#3999 = ADVANCED_FACE ( 'NONE', ( #2872 ), #800, .F. ) ;
#4000 = ORIENTED_EDGE ( 'NONE', *, *, #2734, .F. ) ;
#4001 = DIRECTION ( 'NONE',  ( 1.000000000000000000, 4.173067663955945463E-16, 0.000000000000000000 ) ) ;
#4002 = AXIS2_PLACEMENT_3D ( 'NONE', #6309, #3261, #646 ) ;
#4003 = CARTESIAN_POINT ( 'NONE',  ( 15.58333333333405335, -5.012369791667016017, -30.26666666666594452 ) ) ;
#4004 = CARTESIAN_POINT ( 'NONE',  ( -45.75000000000000000, 11.05429687500000036, 0.4000000000000114575 ) ) ;
#4005 = DIRECTION ( 'NONE',  ( -1.000000000000000000, -0.000000000000000000, -0.000000000000000000 ) ) ;
#4006 = CARTESIAN_POINT ( 'NONE',  ( 8.932117137899320269, 15.48641401289933661, 0.5000000000000004441 ) ) ;
#4007 = ORIENTED_EDGE ( 'NONE', *, *, #2884, .F. ) ;
#4008 = VERTEX_POINT ( 'NONE', #2312 ) ;
#4009 = VERTEX_POINT ( 'NONE', #2809 ) ;
#4010 = CARTESIAN_POINT ( 'NONE',  ( -6.382117137899323112, 18.16277201088163196, 3.250000000000000444 ) ) ;
#4011 = FACE_OUTER_BOUND ( 'NONE', #6534, .T. ) ;
#4012 = PLANE ( 'NONE',  #5135 ) ;
#4013 = ORIENTED_EDGE ( 'NONE', *, *, #978, .F. ) ;
#4014 = EDGE_LOOP ( 'NONE', ( #4656, #771, #3911, #6488 ) ) ;
#4015 = VERTEX_POINT ( 'NONE', #1337 ) ;
#4016 = DATE_TIME_ROLE ( 'classification_date' ) ;
#4017 = CARTESIAN_POINT ( 'NONE',  ( -36.41788286210068293, 13.48641401289933661, 1.500000000000000444 ) ) ;
#4018 = DIRECTION ( 'NONE',  ( 1.309225264888156130E-15, -1.000000000000000000, 0.000000000000000000 ) ) ;
#4019 = EDGE_CURVE ( 'NONE', #5075, #2522, #6494, .T. ) ;
#4020 = DIRECTION ( 'NONE',  ( -0.000000000000000000, 1.000000000000000000, 0.000000000000000000 ) ) ;
#4021 = ORIENTED_EDGE ( 'NONE', *, *, #1963, .T. ) ;
#4022 = ORIENTED_EDGE ( 'NONE', *, *, #4492, .T. ) ;
#4023 = FACE_OUTER_BOUND ( 'NONE', #5088, .T. ) ;
#4024 = LINE ( 'NONE', #1016, #5611 ) ;
#4025 = LINE ( 'NONE', #2596, #2373 ) ;
#4026 = FACE_OUTER_BOUND ( 'NONE', #5703, .T. ) ;
#4027 = CARTESIAN_POINT ( 'NONE',  ( 16.61788286210067511, 20.16277201088163196, 3.250000000000000444 ) ) ;
#4028 = VERTEX_POINT ( 'NONE', #1898 ) ;
#4029 = ORIENTED_EDGE ( 'NONE', *, *, #3333, .T. ) ;
#4030 = LINE ( 'NONE', #2067, #6441 ) ;
#4031 = DIRECTION ( 'NONE',  ( -0.7071067811865466846, -0.7071067811865483499, 0.000000000000000000 ) ) ;
#4032 = EDGE_CURVE ( 'NONE', #4357, #4554, #2406, .T. ) ;
#4033 = EDGE_CURVE ( 'NONE', #5188, #4817, #292, .T. ) ;
#4034 = CARTESIAN_POINT ( 'NONE',  ( 6.582117137899329506, 18.16277201088163196, 3.250000000000000444 ) ) ;
#4035 = DIRECTION ( 'NONE',  ( 0.000000000000000000, -0.000000000000000000, 1.000000000000000000 ) ) ;
#4036 = CIRCLE ( 'NONE', #3075, 0.5000000000000000000 ) ;
#4037 = DIRECTION ( 'NONE',  ( 0.000000000000000000, -0.000000000000000000, -1.000000000000000000 ) ) ;
#4038 = ORIENTED_EDGE ( 'NONE', *, *, #5015, .F. ) ;
#4039 = EDGE_CURVE ( 'NONE', #2161, #5082, #3908, .T. ) ;
#4040 = ORIENTED_EDGE ( 'NONE', *, *, #1999, .F. ) ;
#4041 = VECTOR ( 'NONE', #6129, 1000.000000000000000 ) ;
#4042 = CARTESIAN_POINT ( 'NONE',  ( -45.75000000000000000, 25.65429687500000355, 0.4000000000000114575 ) ) ;
#4043 = ADVANCED_FACE ( 'NONE', ( #5491 ), #1803, .F. ) ;
#4044 = CARTESIAN_POINT ( 'NONE',  ( 6.582117137899329506, 16.07582173911838908, 6.000000000000000000 ) ) ;
#4045 = CARTESIAN_POINT ( 'NONE',  ( 13.69635799798229314, 13.15429687500000178, 4.000000000000000000 ) ) ;
#4046 = ORIENTED_EDGE ( 'NONE', *, *, #2413, .F. ) ;
#4047 = ORIENTED_EDGE ( 'NONE', *, *, #6408, .T. ) ;
#4048 = ORIENTED_EDGE ( 'NONE', *, *, #5687, .F. ) ;
#4049 = COORDINATED_UNIVERSAL_TIME_OFFSET ( 5, 0, .BEHIND. ) ;
#4050 = CARTESIAN_POINT ( 'NONE',  ( -38.75000000000000000, 13.15429687499999289, 4.000000000000000000 ) ) ;
#4051 = CARTESIAN_POINT ( 'NONE',  ( 45.85000000000000142, 0.000000000000000000, 6.000000000000000000 ) ) ;
#4052 = CARTESIAN_POINT ( 'NONE',  ( -6.812117137899337038, 20.66277201088163196, 3.250000000000000444 ) ) ;
#4053 = VERTEX_POINT ( 'NONE', #5453 ) ;
#4054 = ORIENTED_EDGE ( 'NONE', *, *, #2651, .T. ) ;
#4055 = VECTOR ( 'NONE', #75, 1000.000000000000000 ) ;
#4056 = CARTESIAN_POINT ( 'NONE',  ( -45.75000000000000000, 20.16277201088163196, 3.250000000000000444 ) ) ;
#4057 = EDGE_CURVE ( 'NONE', #4751, #6071, #1368, .T. ) ;
#4058 = CARTESIAN_POINT ( 'NONE',  ( 39.25000000000000000, 13.15429687500000355, 6.000000000000000000 ) ) ;
#4059 = EDGE_CURVE ( 'NONE', #5104, #1445, #1397, .T. ) ;
#4060 = CARTESIAN_POINT ( 'NONE',  ( 29.84080013677957055, 20.49145500976188572, 2.791500085062746717 ) ) ;
#4061 = VECTOR ( 'NONE', #994, 1000.000000000000000 ) ;
#4062 = FACE_OUTER_BOUND ( 'NONE', #4243, .T. ) ;
#4063 = DIRECTION ( 'NONE',  ( -1.000000000000000000, -0.000000000000000000, -0.000000000000000000 ) ) ;
#4064 = ORIENTED_EDGE ( 'NONE', *, *, #545, .F. ) ;
#4065 = EDGE_LOOP ( 'NONE', ( #3607, #769, #6468, #5501 ) ) ;
#4066 = DIRECTION ( 'NONE',  ( 0.7071067811865469066, 0.7071067811865482389, 0.000000000000000000 ) ) ;
#4067 = VECTOR ( 'NONE', #593, 1000.000000000000000 ) ;
#4068 = DIRECTION ( 'NONE',  ( 0.000000000000000000, -0.000000000000000000, 1.000000000000000000 ) ) ;
#4069 = EDGE_CURVE ( 'NONE', #4423, #3569, #1500, .T. ) ;
#4070 = CARTESIAN_POINT ( 'NONE',  ( 30.18211713789932560, 15.48641401289933661, 0.5000000000000004441 ) ) ;
#4071 = LINE ( 'NONE', #5145, #1179 ) ;
#4072 = VECTOR ( 'NONE', #514, 1000.000000000000000 ) ;
#4073 = CARTESIAN_POINT ( 'NONE',  ( 39.25000000000000000, 22.40429687500000355, 1.000000000000000000 ) ) ;
#4074 = ORIENTED_EDGE ( 'NONE', *, *, #6338, .T. ) ;
#4075 = ORIENTED_EDGE ( 'NONE', *, *, #642, .T. ) ;
#4076 = AXIS2_PLACEMENT_3D ( 'NONE', #6034, #5052, #963 ) ;
#4077 = FACE_OUTER_BOUND ( 'NONE', #1340, .T. ) ;
#4078 = EDGE_CURVE ( 'NONE', #6401, #4977, #5994, .T. ) ;
#4079 = DIRECTION ( 'NONE',  ( 0.000000000000000000, 0.000000000000000000, -1.000000000000000000 ) ) ;
#4080 = FACE_OUTER_BOUND ( 'NONE', #6605, .T. ) ;
#4081 = VECTOR ( 'NONE', #2585, 1000.000000000000114 ) ;
#4082 = VECTOR ( 'NONE', #3694, 1000.000000000000000 ) ;
#4083 = ORIENTED_EDGE ( 'NONE', *, *, #403, .T. ) ;
#4084 = EDGE_CURVE ( 'NONE', #5358, #5958, #5677, .T. ) ;
#4085 = VERTEX_POINT ( 'NONE', #768 ) ;
#4086 = EDGE_CURVE ( 'NONE', #5884, #1709, #4178, .T. ) ;
#4087 =( BOUNDED_CURVE ( )  B_SPLINE_CURVE ( 3, ( #5300, #710, #3815, #5866 ),
 .UNSPECIFIED., .F., .T. ) 
 B_SPLINE_CURVE_WITH_KNOTS ( ( 4, 4 ),
 ( 4.887178170386492937, 6.283185307179586232 ),
 .UNSPECIFIED. ) 
 CURVE ( )  GEOMETRIC_REPRESENTATION_ITEM ( )  RATIONAL_B_SPLINE_CURVE ( ( 1.000000000000000000, 0.8440845325001391508, 0.8440845325001391508, 1.000000000000000000 ) ) 
 REPRESENTATION_ITEM ( '' )  );
#4088 = VERTEX_POINT ( 'NONE', #1299 ) ;
#4089 = SHAPE_DEFINITION_REPRESENTATION ( #385, #3089 ) ;
#4090 = DIRECTION ( 'NONE',  ( -0.000000000000000000, 0.000000000000000000, 1.000000000000000000 ) ) ;
#4091 = VECTOR ( 'NONE', #2305, 1000.000000000000000 ) ;
#4092 = LINE ( 'NONE', #2115, #4081 ) ;
#4093 = EDGE_CURVE ( 'NONE', #3049, #4752, #3038, .T. ) ;
#4094 = CARTESIAN_POINT ( 'NONE',  ( -9.417882862100684704, 13.48641401289933661, 0.5000000000000004441 ) ) ;
#4095 = ORIENTED_EDGE ( 'NONE', *, *, #5105, .F. ) ;
#4096 = ORIENTED_EDGE ( 'NONE', *, *, #4767, .T. ) ;
#4097 = CARTESIAN_POINT ( 'NONE',  ( -8.767882862100687902, 20.78641401289933910, -2.999999999999999112 ) ) ;
#4098 = CYLINDRICAL_SURFACE ( 'NONE', #1115, 0.5000000000000004441 ) ;
#4099 = PLANE ( 'NONE',  #3860 ) ;
#4100 = CARTESIAN_POINT ( 'NONE',  ( -45.75000000000000000, 10.65429687500000355, 5.000000000000000000 ) ) ;
#4101 = LINE ( 'NONE', #919, #5361 ) ;
#4102 = ORIENTED_EDGE ( 'NONE', *, *, #2854, .F. ) ;
#4103 = VECTOR ( 'NONE', #3735, 1000.000000000000000 ) ;
#4104 = ADVANCED_FACE ( 'NONE', ( #6627 ), #2034, .F. ) ;
#4105 = ORIENTED_EDGE ( 'NONE', *, *, #5810, .T. ) ;
#4106 = CARTESIAN_POINT ( 'NONE',  ( 13.69635799798229314, 13.15429687500000178, 6.000000000000000000 ) ) ;
#4107 = CARTESIAN_POINT ( 'NONE',  ( -14.06788286210067973, 20.80448725967914925, 0.5000000000000004441 ) ) ;
#4108 = CIRCLE ( 'NONE', #6043, 0.5000000000000000000 ) ;
#4109 = CARTESIAN_POINT ( 'NONE',  ( -15.81788286210068151, 15.48641401289933661, 0.5000000000000004441 ) ) ;
#4110 = DIRECTION ( 'NONE',  ( 1.000000000000000000, 0.000000000000000000, 0.000000000000000000 ) ) ;
#4111 = CARTESIAN_POINT ( 'NONE',  ( 13.67847513588162833, 13.13641401289933874, 6.000000000000000000 ) ) ;
#4112 = EDGE_CURVE ( 'NONE', #5161, #6313, #1498, .T. ) ;
#4113 = EDGE_LOOP ( 'NONE', ( #2759, #5592, #4904, #1777 ) ) ;
#4114 = AXIS2_PLACEMENT_3D ( 'NONE', #5020, #3459, #909 ) ;
#4115 = ORIENTED_EDGE ( 'NONE', *, *, #3800, .T. ) ;
#4116 = DIRECTION ( 'NONE',  ( 0.000000000000000000, -0.000000000000000000, 1.000000000000000000 ) ) ;
#4117 = LINE ( 'NONE', #5154, #1192 ) ;
#4118 = DIRECTION ( 'NONE',  ( 0.000000000000000000, 0.000000000000000000, 1.000000000000000000 ) ) ;
#4119 = VECTOR ( 'NONE', #6292, 1000.000000000000000 ) ;
#4120 = DIRECTION ( 'NONE',  ( 0.000000000000000000, 1.000000000000000000, 0.000000000000000000 ) ) ;
#4121 = ORIENTED_EDGE ( 'NONE', *, *, #6550, .T. ) ;
#4122 = EDGE_CURVE ( 'NONE', #2481, #3494, #3541, .T. ) ;
#4123 = ORIENTED_EDGE ( 'NONE', *, *, #6039, .T. ) ;
#4124 = ORIENTED_EDGE ( 'NONE', *, *, #5854, .T. ) ;
#4125 = CARTESIAN_POINT ( 'NONE',  ( 29.58211713789933484, 16.07582173911838908, 1.500000000000000444 ) ) ;
#4126 = CARTESIAN_POINT ( 'NONE',  ( -6.382117137899323112, 20.23277201088162514, 1.500000000000000444 ) ) ;
#4127 = EDGE_CURVE ( 'NONE', #4784, #5296, #1535, .T. ) ;
#4128 = ADVANCED_FACE ( 'NONE', ( #5551 ), #2537, .T. ) ;
#4129 = FACE_OUTER_BOUND ( 'NONE', #532, .T. ) ;
#4130 = EDGE_CURVE ( 'NONE', #2313, #2676, #6163, .T. ) ;
#4131 = ORIENTED_EDGE ( 'NONE', *, *, #4086, .T. ) ;
#4132 = ORIENTED_EDGE ( 'NONE', *, *, #2466, .T. ) ;
#4133 = CARTESIAN_POINT ( 'NONE',  ( 9.503642002017684831, 23.15429687499999289, 6.000000000000000000 ) ) ;
#4134 = DIRECTION ( 'NONE',  ( 0.6785983445458594332, 0.2810846377148174535, -0.6785983445458358965 ) ) ;
#4135 = DIRECTION ( 'NONE',  ( 0.000000000000000000, 0.000000000000000000, -1.000000000000000000 ) ) ;
#4136 = CARTESIAN_POINT ( 'NONE',  ( -29.79516686613608201, 15.66277201088163018, 2.996198623261636218 ) ) ;
#4137 = LINE ( 'NONE', #1594, #4919 ) ;
#4138 = ORIENTED_EDGE ( 'NONE', *, *, #151, .F. ) ;
#4139 = ORIENTED_EDGE ( 'NONE', *, *, #507, .T. ) ;
#4140 = CARTESIAN_POINT ( 'NONE',  ( 45.85000000000000142, 24.65429687500000711, 6.000000000000000000 ) ) ;
#4141 = CARTESIAN_POINT ( 'NONE',  ( 39.25000000000000000, 23.15429687500000000, 4.000000000000000000 ) ) ;
#4142 = LINE ( 'NONE', #4707, #522 ) ;
#4143 = DIRECTION ( 'NONE',  ( 0.000000000000000000, 1.000000000000000000, 0.000000000000000000 ) ) ;
#4144 = CARTESIAN_POINT ( 'NONE',  ( 38.98211713789932276, 15.50448725967914676, 0.5000000000000004441 ) ) ;
#4145 = ORIENTED_EDGE ( 'NONE', *, *, #1306, .T. ) ;
#4146 = CARTESIAN_POINT ( 'NONE',  ( 69.00000000000000000, 0.000000000000000000, 1.500000000000000444 ) ) ;
#4147 = DIRECTION ( 'NONE',  ( 0.000000000000000000, 0.000000000000000000, -1.000000000000000000 ) ) ;
#4148 = ADVANCED_FACE ( 'NONE', ( #4609 ), #1570, .F. ) ;
#4149 = VECTOR ( 'NONE', #1780, 1000.000000000000000 ) ;
#4150 = DIRECTION ( 'NONE',  ( -1.000000000000000000, -0.000000000000000000, -0.000000000000000000 ) ) ;
#4151 = DIRECTION ( 'NONE',  ( 0.000000000000000000, 0.000000000000000000, 1.000000000000000000 ) ) ;
#4152 = ORIENTED_EDGE ( 'NONE', *, *, #956, .F. ) ;
#4153 = ORIENTED_EDGE ( 'NONE', *, *, #4552, .F. ) ;
#4154 = CIRCLE ( 'NONE', #6302, 0.5000000000000000000 ) ;
#4155 = ORIENTED_EDGE ( 'NONE', *, *, #1133, .F. ) ;
#4156 = DIRECTION ( 'NONE',  ( -1.000000000000000000, 0.000000000000000000, 0.000000000000000000 ) ) ;
#4157 = LINE ( 'NONE', #3155, #4998 ) ;
#4158 = CARTESIAN_POINT ( 'NONE',  ( -16.41788286210066872, 20.23277201088163224, 2.754924248220537830 ) ) ;
#4159 = ORIENTED_EDGE ( 'NONE', *, *, #4069, .F. ) ;
#4160 = ORIENTED_EDGE ( 'NONE', *, *, #5377, .T. ) ;
#4161 = PLANE ( 'NONE',  #5293 ) ;
#4162 = LINE ( 'NONE', #2023, #2297 ) ;
#4163 = DIRECTION ( 'NONE',  ( 0.000000000000000000, 1.000000000000000000, 0.000000000000000000 ) ) ;
#4164 = DIRECTION ( 'NONE',  ( 0.000000000000000000, -0.000000000000000000, 1.000000000000000000 ) ) ;
#4165 = LINE ( 'NONE', #6216, #2048 ) ;
#4166 = VECTOR ( 'NONE', #5313, 1000.000000000000000 ) ;
#4167 = ORIENTED_EDGE ( 'NONE', *, *, #4967, .T. ) ;
#4168 = ORIENTED_EDGE ( 'NONE', *, *, #4171, .T. ) ;
#4169 = EDGE_CURVE ( 'NONE', #2313, #3754, #4544, .T. ) ;
#4170 = CARTESIAN_POINT ( 'NONE',  ( 31.93211713789932560, 15.48641401289933661, 0.5000000000000004441 ) ) ;
#4171 = EDGE_CURVE ( 'NONE', #5647, #5520, #4071, .T. ) ;
#4172 = CYLINDRICAL_SURFACE ( 'NONE', #5179, 0.5000000000000004441 ) ;
#4173 = VECTOR ( 'NONE', #2319, 1000.000000000000000 ) ;
#4174 = DIRECTION ( 'NONE',  ( 0.000000000000000000, 1.000000000000000000, 0.000000000000000000 ) ) ;
#4175 = ADVANCED_FACE ( 'NONE', ( #6523 ), #1029, .F. ) ;
#4176 = CARTESIAN_POINT ( 'NONE',  ( 32.58211713789932418, 15.48641401289933661, 0.5000000000000004441 ) ) ;
#4177 = CARTESIAN_POINT ( 'NONE',  ( 6.582117137899329506, 16.66277201088163551, 3.250000000000000444 ) ) ;
#4178 = CIRCLE ( 'NONE', #5461, 0.5000000000000000000 ) ;
#4179 = CARTESIAN_POINT ( 'NONE',  ( -38.81788286210068151, 15.48641401289933661, 0.5000000000000004441 ) ) ;
#4180 = CARTESIAN_POINT ( 'NONE',  ( -9.321524864118385878, 23.17217973710068080, 1.500000000000000444 ) ) ;
#4181 = CARTESIAN_POINT ( 'NONE',  ( 36.67847513588163366, 13.13641401289933874, 1.500000000000000444 ) ) ;
#4182 = AXIS2_PLACEMENT_3D ( 'NONE', #3962, #520, #1424 ) ;
#4183 = CARTESIAN_POINT ( 'NONE',  ( -29.64080013677956771, 20.49145500976187151, 3.708499914937262609 ) ) ;
#4184 = CARTESIAN_POINT ( 'NONE',  ( -13.41788286210068115, 13.48641401289933661, 0.5000000000000004441 ) ) ;
#4185 = VERTEX_POINT ( 'NONE', #959 ) ;
#4186 = EDGE_CURVE ( 'NONE', #4445, #4885, #4493, .T. ) ;
#4187 = AXIS2_PLACEMENT_3D ( 'NONE', #4635, #553, #3634 ) ;
#4188 = ORIENTED_EDGE ( 'NONE', *, *, #5274, .F. ) ;
#4189 = ADVANCED_FACE ( 'NONE', ( #3066, #5047 ), #567, .T. ) ;
#4190 = VECTOR ( 'NONE', #5954, 1000.000000000000000 ) ;
#4191 = EDGE_LOOP ( 'NONE', ( #2802, #5328, #5412, #2047 ) ) ;
#4192 = CARTESIAN_POINT ( 'NONE',  ( 36.58211713789932418, 13.48641401289933661, 0.5000000000000004441 ) ) ;
#4193 = CARTESIAN_POINT ( 'NONE',  ( -6.382117137899323112, 16.16277201088163551, 3.250000000000000444 ) ) ;
#4194 = AXIS2_PLACEMENT_3D ( 'NONE', #2015, #6046, #3116 ) ;
#4195 = AXIS2_PLACEMENT_3D ( 'NONE', #5548, #3502, #4604 ) ;
#4196 = CARTESIAN_POINT ( 'NONE',  ( -45.75000000000000000, 22.40429687500000711, 1.000000000000000000 ) ) ;
#4197 = ORIENTED_EDGE ( 'NONE', *, *, #3185, .T. ) ;
#4198 = VERTEX_POINT ( 'NONE', #6597 ) ;
#4199 = ADVANCED_FACE ( 'NONE', ( #2000 ), #1932, .F. ) ;
#4200 = CARTESIAN_POINT ( 'NONE',  ( 32.52152486411837629, 23.17217973710068080, 1.500000000000000444 ) ) ;
#4201 = DIRECTION ( 'NONE',  ( 1.000000000000000000, 0.000000000000000000, -0.000000000000000000 ) ) ;
#4202 = CARTESIAN_POINT ( 'NONE',  ( 14.23211713789931210, 20.78641401289933910, 0.000000000000000000 ) ) ;
#4203 = VECTOR ( 'NONE', #762, 1000.000000000000000 ) ;
#4204 = ORIENTED_EDGE ( 'NONE', *, *, #1916, .F. ) ;
#4205 = ORIENTED_EDGE ( 'NONE', *, *, #3555, .T. ) ;
#4206 = ADVANCED_FACE ( 'NONE', ( #3477 ), #5518, .F. ) ;
#4207 = CARTESIAN_POINT ( 'NONE',  ( 29.58211713789933484, 20.23277201088163224, 3.745075751779461726 ) ) ;
#4208 = CARTESIAN_POINT ( 'NONE',  ( 9.582117137899318848, 20.78641401289933910, 0.5000000000000004441 ) ) ;
#4209 = DIRECTION ( 'NONE',  ( -0.000000000000000000, -1.000000000000000000, -0.000000000000000000 ) ) ;
#4210 = EDGE_CURVE ( 'NONE', #3782, #4357, #6060, .T. ) ;
#4211 = LINE ( 'NONE', #4708, #4498 ) ;
#4212 = EDGE_CURVE ( 'NONE', #4602, #294, #1193, .T. ) ;
#4213 = PLANE ( 'NONE',  #3235 ) ;
#4214 = EDGE_CURVE ( 'NONE', #1951, #3463, #2202, .T. ) ;
#4215 = CARTESIAN_POINT ( 'NONE',  ( -6.382117137899323112, 18.66277201088163196, 3.250000000000000444 ) ) ;
#4216 = LINE ( 'NONE', #797, #699 ) ;
#4217 = ADVANCED_FACE ( 'NONE', ( #1603 ), #3646, .F. ) ;
#4218 = LINE ( 'NONE', #604, #3331 ) ;
#4219 = CARTESIAN_POINT ( 'NONE',  ( 36.58211713789932418, 13.48641401289933661, 0.5000000000000004441 ) ) ;
#4220 = DIRECTION ( 'NONE',  ( -1.000000000000000000, -8.896017825522088106E-17, 0.000000000000000000 ) ) ;
#4221 = VECTOR ( 'NONE', #1387, 1000.000000000000000 ) ;
#4222 = ORIENTED_EDGE ( 'NONE', *, *, #5172, .F. ) ;
#4223 = ORIENTED_EDGE ( 'NONE', *, *, #2123, .F. ) ;
#4224 = ORIENTED_EDGE ( 'NONE', *, *, #1963, .F. ) ;
#4225 = VECTOR ( 'NONE', #2420, 1000.000000000000000 ) ;
#4226 = DIRECTION ( 'NONE',  ( 1.000000000000000000, -0.000000000000000000, 0.000000000000000000 ) ) ;
#4227 = LINE ( 'NONE', #6274, #3932 ) ;
#4228 = DIRECTION ( 'NONE',  ( 1.000000000000000000, 4.173067663955944970E-16, 0.000000000000000000 ) ) ;
#4229 = VERTEX_POINT ( 'NONE', #4677 ) ;
#4230 = ORIENTED_EDGE ( 'NONE', *, *, #967, .T. ) ;
#4231 = LINE ( 'NONE', #5840, #2832 ) ;
#4232 = DIRECTION ( 'NONE',  ( -0.000000000000000000, 0.000000000000000000, -1.000000000000000000 ) ) ;
#4233 = CARTESIAN_POINT ( 'NONE',  ( 39.25000000000000000, 22.40429687500000355, 6.000000000000000000 ) ) ;
#4234 = CARTESIAN_POINT ( 'NONE',  ( 6.582117137899329506, 20.23277201088163224, 1.500000000000000444 ) ) ;
#4235 = EDGE_LOOP ( 'NONE', ( #4299, #3363, #4105, #6054, #1065 ) ) ;
#4236 = ORIENTED_EDGE ( 'NONE', *, *, #1053, .T. ) ;
#4237 = VERTEX_POINT ( 'NONE', #1158 ) ;
#4238 = DIRECTION ( 'NONE',  ( 0.7071067811865597852, 0.7071067811865352493, 0.000000000000000000 ) ) ;
#4239 = LINE ( 'NONE', #148, #3886 ) ;
#4240 = CARTESIAN_POINT ( 'NONE',  ( 6.582117137899329506, 16.16277201088163551, 3.250000000000000444 ) ) ;
#4241 = CARTESIAN_POINT ( 'NONE',  ( -45.75000000000000000, 18.16277201088163196, 3.250000000000000444 ) ) ;
#4242 = CARTESIAN_POINT ( 'NONE',  ( -36.47847513588161661, 13.13641401289933697, 1.500000000000000444 ) ) ;
#4243 = EDGE_LOOP ( 'NONE', ( #2909, #2336, #4250, #4538, #6544 ) ) ;
#4244 = DIRECTION ( 'NONE',  ( 0.7071067811865482389, -0.7071067811865469066, 0.000000000000000000 ) ) ;
#4245 = ADVANCED_FACE ( 'NONE', ( #3271 ), #2667, .F. ) ;
#4246 = LINE ( 'NONE', #6293, #4404 ) ;
#4247 = CARTESIAN_POINT ( 'NONE',  ( 9.582117137899318848, 22.78641401289933910, 0.5000000000000004441 ) ) ;
#4248 = DIRECTION ( 'NONE',  ( -0.7071067811865483499, 0.7071067811865466846, 0.000000000000000000 ) ) ;
#4249 = ORIENTED_EDGE ( 'NONE', *, *, #3476, .F. ) ;
#4250 = ORIENTED_EDGE ( 'NONE', *, *, #3209, .T. ) ;
#4251 = ORIENTED_EDGE ( 'NONE', *, *, #1722, .F. ) ;
#4252 = EDGE_CURVE ( 'NONE', #1887, #5243, #4211, .T. ) ;
#4253 = LINE ( 'NONE', #3254, #3965 ) ;
#4254 = CC_DESIGN_PERSON_AND_ORGANIZATION_ASSIGNMENT ( #2485, #6641, ( #275 ) ) ;
#4255 = DIRECTION ( 'NONE',  ( 0.000000000000000000, -1.000000000000000000, 0.000000000000000000 ) ) ;
#4256 = CARTESIAN_POINT ( 'NONE',  ( 36.69635799798229669, 13.15429687500000355, 4.000000000000000000 ) ) ;
#4257 = VECTOR ( 'NONE', #5263, 1000.000000000000000 ) ;
#4258 = EDGE_LOOP ( 'NONE', ( #5465, #4021, #6528, #6413 ) ) ;
#4259 = ORIENTED_EDGE ( 'NONE', *, *, #3661, .T. ) ;
#4260 = PLANE ( 'NONE',  #2935 ) ;
#4261 = DIRECTION ( 'NONE',  ( -1.000000000000000000, 0.000000000000000000, 0.000000000000000000 ) ) ;
#4262 = AXIS2_PLACEMENT_3D ( 'NONE', #1697, #1569, #4174 ) ;
#4263 = CARTESIAN_POINT ( 'NONE',  ( 6.582117137899329506, 16.07582173911838908, 3.742381610379895029 ) ) ;
#4264 = VERTEX_POINT ( 'NONE', #2606 ) ;
#4265 = VERTEX_POINT ( 'NONE', #2231 ) ;
#4266 = ORIENTED_EDGE ( 'NONE', *, *, #5252, .T. ) ;
#4267 = DIRECTION ( 'NONE',  ( 0.000000000000000000, -1.000000000000000000, 0.000000000000000000 ) ) ;
#4268 = EDGE_CURVE ( 'NONE', #4911, #4880, #3202, .T. ) ;
#4269 = FACE_OUTER_BOUND ( 'NONE', #365, .T. ) ;
#4270 = LINE ( 'NONE', #6319, #2352 ) ;
#4271 = CARTESIAN_POINT ( 'NONE',  ( 6.582117137899329506, 20.23277201088163224, 4.000000000000000000 ) ) ;
#4272 = ORIENTED_EDGE ( 'NONE', *, *, #5893, .F. ) ;
#4273 = LINE ( 'NONE', #1770, #5923 ) ;
#4274 = EDGE_LOOP ( 'NONE', ( #5646, #1370, #681, #3755 ) ) ;
#4275 = VECTOR ( 'NONE', #4965, 1000.000000000000000 ) ;
#4276 = CARTESIAN_POINT ( 'NONE',  ( 32.52152486411839050, 13.13641401289933697, 1.500000000000000444 ) ) ;
#4277 = EDGE_CURVE ( 'NONE', #3267, #3954, #6006, .T. ) ;
#4278 = LINE ( 'NONE', #2990, #5907 ) ;
#4279 = CARTESIAN_POINT ( 'NONE',  ( -6.382117137899323112, 20.23277201088162514, 1.500000000000000444 ) ) ;
#4280 = VECTOR ( 'NONE', #5256, 1000.000000000000000 ) ;
#4281 = ORIENTED_EDGE ( 'NONE', *, *, #5478, .T. ) ;
#4282 = ORIENTED_EDGE ( 'NONE', *, *, #3977, .F. ) ;
#4283 = ORIENTED_EDGE ( 'NONE', *, *, #1710, .F. ) ;
#4284 = EDGE_CURVE ( 'NONE', #5037, #3104, #879, .T. ) ;
#4285 = CARTESIAN_POINT ( 'NONE',  ( 14.23211713789931210, 20.78641401289933910, 1.500000000000000444 ) ) ;
#4286 = PLANE ( 'NONE',  #6191 ) ;
#4287 = CARTESIAN_POINT ( 'NONE',  ( 45.85000000000000142, 24.65429687500000711, 6.000000000000000000 ) ) ;
#4288 = CARTESIAN_POINT ( 'NONE',  ( -6.382117137899323112, 20.23277201088162514, 1.500000000000000444 ) ) ;
#4289 = EDGE_CURVE ( 'NONE', #2950, #6303, #2735, .T. ) ;
#4290 = ADVANCED_FACE ( 'NONE', ( #5185 ), #4646, .F. ) ;
#4291 = ORIENTED_EDGE ( 'NONE', *, *, #3023, .T. ) ;
#4292 = EDGE_CURVE ( 'NONE', #4773, #971, #3677, .T. ) ;
#4293 = ORIENTED_EDGE ( 'NONE', *, *, #5921, .F. ) ;
#4294 = LINE ( 'NONE', #5171, #905 ) ;
#4295 = LINE ( 'NONE', #6347, #1333 ) ;
#4296 = VECTOR ( 'NONE', #3943, 1000.000000000000000 ) ;
#4297 = VECTOR ( 'NONE', #5420, 1000.000000000000000 ) ;
#4298 = DIRECTION ( 'NONE',  ( 1.000000000000000000, -0.000000000000000000, 0.000000000000000000 ) ) ;
#4299 = ORIENTED_EDGE ( 'NONE', *, *, #1779, .F. ) ;
#4300 = CIRCLE ( 'NONE', #2479, 0.5000000000000000000 ) ;
#4301 = ORIENTED_EDGE ( 'NONE', *, *, #2081, .T. ) ;
#4302 = AXIS2_PLACEMENT_3D ( 'NONE', #4006, #466, #3508 ) ;
#4303 = ORIENTED_EDGE ( 'NONE', *, *, #4661, .T. ) ;
#4304 = CARTESIAN_POINT ( 'NONE',  ( -45.75000000000000000, 19.66277201088163196, 3.250000000000000444 ) ) ;
#4305 = VECTOR ( 'NONE', #4611, 1000.000000000000000 ) ;
#4306 = CARTESIAN_POINT ( 'NONE',  ( -32.32152486411838765, 23.17217973710068080, 1.500000000000000444 ) ) ;
#4307 = EDGE_CURVE ( 'NONE', #158, #2590, #5688, .T. ) ;
#4308 = CARTESIAN_POINT ( 'NONE',  ( 15.98211713789931387, 20.78641401289933910, 0.5000000000000004441 ) ) ;
#4309 = ORIENTED_EDGE ( 'NONE', *, *, #2241, .F. ) ;
#4310 = DIRECTION ( 'NONE',  ( 1.000000000000000000, -0.000000000000000000, -0.000000000000000000 ) ) ;
#4311 = VERTEX_POINT ( 'NONE', #1095 ) ;
#4312 = DIRECTION ( 'NONE',  ( 0.000000000000000000, 0.000000000000000000, -1.000000000000000000 ) ) ;
#4313 = CARTESIAN_POINT ( 'NONE',  ( -14.06788286210067973, 15.48641401289933661, 1.500000000000000444 ) ) ;
#4314 = DIRECTION ( 'NONE',  ( 1.000000000000000000, -0.000000000000000000, -0.000000000000000000 ) ) ;
#4315 = EDGE_CURVE ( 'NONE', #320, #3819, #2104, .T. ) ;
#4316 = DIRECTION ( 'NONE',  ( 0.000000000000000000, 0.000000000000000000, -1.000000000000000000 ) ) ;
#4317 = ORIENTED_EDGE ( 'NONE', *, *, #2123, .T. ) ;
#4318 = VECTOR ( 'NONE', #3503, 1000.000000000000000 ) ;
#4319 = ORIENTED_EDGE ( 'NONE', *, *, #2821, .F. ) ;
#4320 = EDGE_LOOP ( 'NONE', ( #4560, #3903, #164, #201, #3025, #4266, #5861, #3940 ) ) ;
#4321 = PLANE ( 'NONE',  #241 ) ;
#4322 = DIRECTION ( 'NONE',  ( 0.7071067811865467956, 0.7071067811865483499, 0.000000000000000000 ) ) ;
#4323 = AXIS2_PLACEMENT_3D ( 'NONE', #2191, #1687, #5272 ) ;
#4324 = PLANE ( 'NONE',  #427 ) ;
#4325 = CARTESIAN_POINT ( 'NONE',  ( -43.64644660940672338, 13.25785026559327662, 0.5999999999999998668 ) ) ;
#4326 = ORIENTED_EDGE ( 'NONE', *, *, #4492, .F. ) ;
#4327 = ORIENTED_EDGE ( 'NONE', *, *, #5732, .F. ) ;
#4328 = VECTOR ( 'NONE', #440, 1000.000000000000000 ) ;
#4329 = FACE_OUTER_BOUND ( 'NONE', #3054, .T. ) ;
#4330 = DIRECTION ( 'NONE',  ( 0.000000000000000000, -1.000000000000000000, 0.000000000000000000 ) ) ;
#4331 = EDGE_CURVE ( 'NONE', #1502, #2949, #3737, .T. ) ;
#4332 = EDGE_CURVE ( 'NONE', #3525, #450, #5786, .T. ) ;
#4333 = LINE ( 'NONE', #5273, #1197 ) ;
#4334 = ORIENTED_EDGE ( 'NONE', *, *, #4948, .T. ) ;
#4335 = ORIENTED_EDGE ( 'NONE', *, *, #756, .F. ) ;
#4336 = ORIENTED_EDGE ( 'NONE', *, *, #3601, .F. ) ;
#4337 = CARTESIAN_POINT ( 'NONE',  ( -32.41788286210068293, 15.48641401289933661, 0.5000000000000004441 ) ) ;
#4338 = CARTESIAN_POINT ( 'NONE',  ( -9.417882862100684704, 22.78641401289933910, 1.500000000000000444 ) ) ;
#4339 = EDGE_CURVE ( 'NONE', #3790, #5972, #4772, .T. ) ;
#4340 = LINE ( 'NONE', #4306, #3205 ) ;
#4341 = LINE ( 'NONE', #284, #3434 ) ;
#4342 = ORIENTED_EDGE ( 'NONE', *, *, #1223, .F. ) ;
#4343 = CARTESIAN_POINT ( 'NONE',  ( 7.182117137899318493, 15.48641401289933661, 1.500000000000000444 ) ) ;
#4344 = PRODUCT_DEFINITION_FORMATION_WITH_SPECIFIED_SOURCE ( 'ANY', '', #859, .NOT_KNOWN. ) ;
#4345 = LINE ( 'NONE', #3904, #5372 ) ;
#4346 = DIRECTION ( 'NONE',  ( -0.000000000000000000, -0.000000000000000000, 1.000000000000000000 ) ) ;
#4347 = CARTESIAN_POINT ( 'NONE',  ( 9.582117137899318848, 15.48641401289933661, 1.500000000000000444 ) ) ;
#4348 = CARTESIAN_POINT ( 'NONE',  ( -38.75000000000000000, 15.40793887701771858, 4.000000000000000000 ) ) ;
#4349 = DIRECTION ( 'NONE',  ( -0.000000000000000000, -1.000000000000000000, -0.000000000000000000 ) ) ;
#4350 = ORIENTED_EDGE ( 'NONE', *, *, #1472, .T. ) ;
#4351 = ORIENTED_EDGE ( 'NONE', *, *, #3937, .F. ) ;
#4352 = VERTEX_POINT ( 'NONE', #117 ) ;
#4353 = ADVANCED_FACE ( 'NONE', ( #1666 ), #1360, .F. ) ;
#4354 = CARTESIAN_POINT ( 'NONE',  ( 8.932117137899320269, 15.48641401289933661, 0.5000000000000004441 ) ) ;
#4355 = LINE ( 'NONE', #1405, #4576 ) ;
#4356 = FACE_OUTER_BOUND ( 'NONE', #1485, .T. ) ;
#4357 = VERTEX_POINT ( 'NONE', #6421 ) ;
#4358 = VERTEX_POINT ( 'NONE', #724 ) ;
#4359 = CARTESIAN_POINT ( 'NONE',  ( 39.25000000000000000, 15.70793887701771041, 3.042330020610780839 ) ) ;
#4360 = PLANE ( 'NONE',  #587 ) ;
#4361 = CARTESIAN_POINT ( 'NONE',  ( 6.582117137899329506, 16.16277201088163551, 3.250000000000000444 ) ) ;
#4362 = CIRCLE ( 'NONE', #3507, 0.5000000000000000000 ) ;
#4363 = ORIENTED_EDGE ( 'NONE', *, *, #174, .F. ) ;
#4364 = VERTEX_POINT ( 'NONE', #2398 ) ;
#4365 = ORIENTED_EDGE ( 'NONE', *, *, #6422, .T. ) ;
#4366 = DIRECTION ( 'NONE',  ( 0.000000000000000000, 0.000000000000000000, -1.000000000000000000 ) ) ;
#4367 = AXIS2_PLACEMENT_3D ( 'NONE', #4070, #3065, #6028 ) ;
#4368 = CARTESIAN_POINT ( 'NONE',  ( 7.182117137899318493, 15.48641401289933661, 0.5000000000000004441 ) ) ;
#4369 = DIRECTION ( 'NONE',  ( 1.000000000000000000, 0.000000000000000000, 0.000000000000000000 ) ) ;
#4370 = CARTESIAN_POINT ( 'NONE',  ( 7.182117137899318493, 15.48641401289933661, 0.5000000000000004441 ) ) ;
#4371 = VERTEX_POINT ( 'NONE', #5987 ) ;
#4372 = LINE ( 'NONE', #4774, #3347 ) ;
#4373 = EDGE_CURVE ( 'NONE', #1401, #5578, #3404, .T. ) ;
#4374 = ADVANCED_FACE ( 'NONE', ( #2303 ), #823, .F. ) ;
#4375 = ORIENTED_EDGE ( 'NONE', *, *, #5303, .F. ) ;
#4376 = DIRECTION ( 'NONE',  ( 0.000000000000000000, 0.000000000000000000, 1.000000000000000000 ) ) ;
#4377 = PLANE ( 'NONE',  #36 ) ;
#4378 = CARTESIAN_POINT ( 'NONE',  ( -6.812117137899331709, 20.66277201088163906, 3.511255977444319942 ) ) ;
#4379 = EDGE_CURVE ( 'NONE', #1475, #1961, #4341, .T. ) ;
#4380 = DIRECTION ( 'NONE',  ( 0.000000000000000000, 0.7071067811865465735, -0.7071067811865483499 ) ) ;
#4381 = DIRECTION ( 'NONE',  ( 0.000000000000000000, 0.000000000000000000, -1.000000000000000000 ) ) ;
#4382 = AXIS2_PLACEMENT_3D ( 'NONE', #1289, #5956, #249 ) ;
#4383 = EDGE_LOOP ( 'NONE', ( #2232, #914, #6351, #202 ) ) ;
#4384 = ORIENTED_EDGE ( 'NONE', *, *, #6171, .F. ) ;
#4385 = VERTEX_POINT ( 'NONE', #5448 ) ;
#4386 = FACE_OUTER_BOUND ( 'NONE', #6180, .T. ) ;
#4387 = VECTOR ( 'NONE', #4220, 1000.000000000000000 ) ;
#4388 = CARTESIAN_POINT ( 'NONE',  ( -14.06788286210068684, 20.78641401289933910, 1.500000000000000444 ) ) ;
#4389 = CARTESIAN_POINT ( 'NONE',  ( -15.98788286210067433, 20.66277201088163196, 3.250000000000000444 ) ) ;
#4390 = EDGE_CURVE ( 'NONE', #1031, #450, #4805, .T. ) ;
#4391 = EDGE_CURVE ( 'NONE', #865, #5523, #5957, .T. ) ;
#4392 = ORIENTED_EDGE ( 'NONE', *, *, #344, .T. ) ;
#4393 = ORIENTED_EDGE ( 'NONE', *, *, #6469, .F. ) ;
#4394 = VECTOR ( 'NONE', #1290, 1000.000000000000000 ) ;
#4395 = LINE ( 'NONE', #6507, #1767 ) ;
#4396 = LINE ( 'NONE', #6479, #3146 ) ;
#4397 = PLANE ( 'NONE',  #6339 ) ;
#4398 = AXIS2_PLACEMENT_3D ( 'NONE', #4056, #6049, #4633 ) ;
#4399 = ADVANCED_FACE ( 'NONE', ( #2895 ), #1391, .F. ) ;
#4400 = ORIENTED_EDGE ( 'NONE', *, *, #405, .T. ) ;
#4401 = EDGE_LOOP ( 'NONE', ( #5640, #5056, #5310, #2166 ) ) ;
#4402 = ORIENTED_EDGE ( 'NONE', *, *, #3014, .T. ) ;
#4403 = DIRECTION ( 'NONE',  ( -0.000000000000000000, -0.000000000000000000, 1.000000000000000000 ) ) ;
#4404 = VECTOR ( 'NONE', #2140, 1000.000000000000000 ) ;
#4405 = CARTESIAN_POINT ( 'NONE',  ( 29.58211713789933484, 20.23277201088163224, 1.500000000000000444 ) ) ;
#4406 = DIRECTION ( 'NONE',  ( -0.000000000000000000, -0.000000000000000000, 1.000000000000000000 ) ) ;
#4407 = AXIS2_PLACEMENT_3D ( 'NONE', #5339, #4831, #2192 ) ;
#4408 = CARTESIAN_POINT ( 'NONE',  ( 16.36794860091054105, 15.82588747792825146, 3.698245413017322125 ) ) ;
#4409 = VECTOR ( 'NONE', #99, 1000.000000000000000 ) ;
#4410 = ORIENTED_EDGE ( 'NONE', *, *, #3279, .T. ) ;
#4411 = EDGE_LOOP ( 'NONE', ( #4457, #3630, #6582, #6204, #3366, #671 ) ) ;
#4412 = EDGE_CURVE ( 'NONE', #4917, #2481, #4902, .T. ) ;
#4413 = CARTESIAN_POINT ( 'NONE',  ( 16.18788286210066829, 20.66277201088163906, 2.988744022555681390 ) ) ;
#4414 = FACE_OUTER_BOUND ( 'NONE', #5672, .T. ) ;
#4415 = VECTOR ( 'NONE', #5787, 1000.000000000000114 ) ;
#4416 = EDGE_CURVE ( 'NONE', #262, #5297, #214, .T. ) ;
#4417 = EDGE_CURVE ( 'NONE', #5778, #2211, #3371, .T. ) ;
#4418 = DIRECTION ( 'NONE',  ( 1.000000000000000000, 0.000000000000000000, -0.000000000000000000 ) ) ;
#4419 = EDGE_CURVE ( 'NONE', #5104, #1349, #1817, .T. ) ;
#4420 = CARTESIAN_POINT ( 'NONE',  ( -43.25000000000000000, 13.15429687500000355, 0.3499999999999999223 ) ) ;
#4421 = VECTOR ( 'NONE', #5175, 1000.000000000000000 ) ;
#4422 = VERTEX_POINT ( 'NONE', #3436 ) ;
#4423 = VERTEX_POINT ( 'NONE', #3830 ) ;
#4424 = ORIENTED_EDGE ( 'NONE', *, *, #5811, .F. ) ;
#4425 = CARTESIAN_POINT ( 'NONE',  ( 9.503642002017716806, 13.15429687500000178, 4.000000000000000000 ) ) ;
#4426 = CARTESIAN_POINT ( 'NONE',  ( 36.69635799798229669, 13.15429687500000355, 6.000000000000000000 ) ) ;
#4427 = CARTESIAN_POINT ( 'NONE',  ( 31.93211713789931849, 20.78641401289933910, -2.999999999999999112 ) ) ;
#4428 = VECTOR ( 'NONE', #2360, 1000.000000000000000 ) ;
#4429 = ORIENTED_EDGE ( 'NONE', *, *, #4514, .T. ) ;
#4430 = ORIENTED_EDGE ( 'NONE', *, *, #5770, .F. ) ;
#4431 = CARTESIAN_POINT ( 'NONE',  ( 31.93211713789932560, 15.48641401289933661, 0.5000000000000004441 ) ) ;
#4432 = APPROVAL_PERSON_ORGANIZATION ( #4555, #3064, #5635 ) ;
#4433 = LINE ( 'NONE', #5912, #5400 ) ;
#4434 = DIRECTION ( 'NONE',  ( 0.000000000000000000, 0.000000000000000000, 1.000000000000000000 ) ) ;
#4435 = ORIENTED_EDGE ( 'NONE', *, *, #5629, .T. ) ;
#4436 = VECTOR ( 'NONE', #5337, 1000.000000000000000 ) ;
#4437 = ORIENTED_EDGE ( 'NONE', *, *, #1876, .T. ) ;
#4438 = DIRECTION ( 'NONE',  ( 1.000000000000000000, -1.734723475976806709E-18, -0.000000000000000000 ) ) ;
#4439 = DIRECTION ( 'NONE',  ( 1.000000000000000000, 0.000000000000000000, 0.000000000000000000 ) ) ;
#4440 = EDGE_CURVE ( 'NONE', #5720, #1764, #5883, .T. ) ;
#4441 = VECTOR ( 'NONE', #4346, 1000.000000000000000 ) ;
#4442 = CARTESIAN_POINT ( 'NONE',  ( 38.98211713789932276, 20.78641401289933910, 1.500000000000000444 ) ) ;
#4443 = DIRECTION ( 'NONE',  ( 0.000000000000000000, 1.000000000000000000, 0.000000000000000000 ) ) ;
#4444 = ORIENTED_EDGE ( 'NONE', *, *, #3787, .T. ) ;
#4445 = VERTEX_POINT ( 'NONE', #5850 ) ;
#4446 = DIRECTION ( 'NONE',  ( -0.000000000000000000, -0.000000000000000000, 1.000000000000000000 ) ) ;
#4447 = CARTESIAN_POINT ( 'NONE',  ( -15.81788286210068151, 20.80448725967914925, 0.5000000000000004441 ) ) ;
#4448 = CARTESIAN_POINT ( 'NONE',  ( -36.47847513588161661, 13.13641401289933697, 6.000000000000000000 ) ) ;
#4449 = CARTESIAN_POINT ( 'NONE',  ( -14.06788286210067973, 15.48641401289933661, 0.5000000000000004441 ) ) ;
#4450 = CARTESIAN_POINT ( 'NONE',  ( -6.382117137899323112, 16.07582173911839263, 1.500000000000000444 ) ) ;
#4451 = ORIENTED_EDGE ( 'NONE', *, *, #2310, .F. ) ;
#4452 = ORIENTED_EDGE ( 'NONE', *, *, #4059, .F. ) ;
#4453 = EDGE_LOOP ( 'NONE', ( #287, #1986, #6512, #2343 ) ) ;
#4454 = CARTESIAN_POINT ( 'NONE',  ( 15.58333333333405335, 41.32096354166701957, -30.26666666666594452 ) ) ;
#4455 = DIRECTION ( 'NONE',  ( 1.000000000000000000, -0.000000000000000000, 0.000000000000000000 ) ) ;
#4456 = DIRECTION ( 'NONE',  ( -0.000000000000000000, -0.000000000000000000, 1.000000000000000000 ) ) ;
#4457 = ORIENTED_EDGE ( 'NONE', *, *, #727, .F. ) ;
#4458 = EDGE_CURVE ( 'NONE', #4085, #3195, #3302, .T. ) ;
#4459 = ORIENTED_EDGE ( 'NONE', *, *, #6265, .T. ) ;
#4460 = EDGE_CURVE ( 'NONE', #4567, #5104, #2998, .T. ) ;
#4461 = LINE ( 'NONE', #3323, #4225 ) ;
#4462 = CARTESIAN_POINT ( 'NONE',  ( -32.30364200201768199, 23.15429687499998579, 6.000000000000000000 ) ) ;
#4463 = DIRECTION ( 'NONE',  ( 0.000000000000000000, 1.000000000000000000, 0.000000000000000000 ) ) ;
#4464 = ORIENTED_EDGE ( 'NONE', *, *, #3917, .T. ) ;
#4465 = EDGE_LOOP ( 'NONE', ( #398, #6271, #6208, #2093 ) ) ;
#4466 = FACE_OUTER_BOUND ( 'NONE', #4191, .T. ) ;
#4467 = DIRECTION ( 'NONE',  ( 0.000000000000000000, 0.000000000000000000, -1.000000000000000000 ) ) ;
#4468 = AXIS2_PLACEMENT_3D ( 'NONE', #965, #400, #4118 ) ;
#4469 = CARTESIAN_POINT ( 'NONE',  ( 9.521524864118370957, 23.17217973710068080, 1.500000000000000444 ) ) ;
#4470 = CARTESIAN_POINT ( 'NONE',  ( 39.20903353518419721, 20.64162133779810304, 3.417048058907941499 ) ) ;
#4471 = EDGE_LOOP ( 'NONE', ( #1509, #3016, #2327, #3082, #5610, #2727, #2996, #4022, #4293, #3621 ) ) ;
#4472 = AXIS2_PLACEMENT_3D ( 'NONE', #3743, #125, #5793 ) ;
#4473 = VERTEX_POINT ( 'NONE', #3901 ) ;
#4474 = DIRECTION ( 'NONE',  ( -0.000000000000000000, -0.000000000000000000, 1.000000000000000000 ) ) ;
#4475 = CARTESIAN_POINT ( 'NONE',  ( -43.25000000000000000, 13.15429687500000355, 0.5999999999999999778 ) ) ;
#4476 = VECTOR ( 'NONE', #3645, 1000.000000000000000 ) ;
#4477 = LINE ( 'NONE', #6522, #1159 ) ;
#4478 = CARTESIAN_POINT ( 'NONE',  ( 23.00000000000000000, 0.000000000000000000, 1.500000000000000444 ) ) ;
#4479 = CARTESIAN_POINT ( 'NONE',  ( -45.75000000000000000, 18.66277201088163196, 3.250000000000000444 ) ) ;
#4480 = VERTEX_POINT ( 'NONE', #791 ) ;
#4481 = ORIENTED_EDGE ( 'NONE', *, *, #2005, .T. ) ;
#4482 = ORIENTED_EDGE ( 'NONE', *, *, #6384, .F. ) ;
#4483 = DIRECTION ( 'NONE',  ( 0.7071067811865469066, 0.7071067811865482389, 0.000000000000000000 ) ) ;
#4484 = DIRECTION ( 'NONE',  ( 0.000000000000000000, 0.000000000000000000, 1.000000000000000000 ) ) ;
#4485 = ORIENTED_EDGE ( 'NONE', *, *, #4900, .T. ) ;
#4486 = ADVANCED_FACE ( 'NONE', ( #1866 ), #251, .F. ) ;
#4487 = ORIENTED_EDGE ( 'NONE', *, *, #936, .F. ) ;
#4488 = FACE_OUTER_BOUND ( 'NONE', #5378, .T. ) ;
#4489 = AXIS2_PLACEMENT_3D ( 'NONE', #4100, #6153, #1242 ) ;
#4490 = FACE_OUTER_BOUND ( 'NONE', #5426, .T. ) ;
#4491 = ADVANCED_FACE ( 'NONE', ( #1992 ), #3532, .F. ) ;
#4492 = EDGE_CURVE ( 'NONE', #2887, #6132, #6222, .T. ) ;
#4493 = CIRCLE ( 'NONE', #1614, 0.5000000000000000000 ) ;
#4494 = ORIENTED_EDGE ( 'NONE', *, *, #2703, .T. ) ;
#4495 = ORIENTED_EDGE ( 'NONE', *, *, #1366, .T. ) ;
#4496 = LINE ( 'NONE', #6545, #552 ) ;
#4497 = LINE ( 'NONE', #6050, #1865 ) ;
#4498 = VECTOR ( 'NONE', #182, 1000.000000000000000 ) ;
#4499 = LINE ( 'NONE', #6551, #5152 ) ;
#4500 = CARTESIAN_POINT ( 'NONE',  ( 9.582117137899318848, 15.48641401289933661, 0.5000000000000004441 ) ) ;
#4501 = DIRECTION ( 'NONE',  ( 0.000000000000000000, 0.000000000000000000, -1.000000000000000000 ) ) ;
#4502 = ORIENTED_EDGE ( 'NONE', *, *, #1679, .T. ) ;
#4503 = VECTOR ( 'NONE', #3489, 1000.000000000000000 ) ;
#4504 = DIRECTION ( 'NONE',  ( 0.000000000000000000, 1.000000000000000000, 0.000000000000000000 ) ) ;
#4505 = DIRECTION ( 'NONE',  ( 0.7071067811865469066, 0.7071067811865482389, 0.000000000000000000 ) ) ;
#4506 = VECTOR ( 'NONE', #4267, 1000.000000000000000 ) ;
#4507 = CARTESIAN_POINT ( 'NONE',  ( -9.321524864118385878, 23.17217973710068080, 6.000000000000000000 ) ) ;
#4508 = DIRECTION ( 'NONE',  ( -0.7071067811865466846, -0.7071067811865483499, 0.000000000000000000 ) ) ;
#4509 = DIRECTION ( 'NONE',  ( -0.000000000000000000, -0.000000000000000000, 1.000000000000000000 ) ) ;
#4510 = EDGE_LOOP ( 'NONE', ( #5419, #881, #5278, #3103 ) ) ;
#4511 = ORIENTED_EDGE ( 'NONE', *, *, #6475, .T. ) ;
#4512 = ORIENTED_EDGE ( 'NONE', *, *, #2445, .F. ) ;
#4513 = CARTESIAN_POINT ( 'NONE',  ( -29.38211713789932489, 16.07582173911839263, 4.000000000000000000 ) ) ;
#4514 = EDGE_CURVE ( 'NONE', #2715, #5571, #4101, .T. ) ;
#4515 = CARTESIAN_POINT ( 'NONE',  ( -31.76788286210068790, 20.78641401289933910, 0.5000000000000004441 ) ) ;
#4516 = DIRECTION ( 'NONE',  ( -0.000000000000000000, -0.000000000000000000, 1.000000000000000000 ) ) ;
#4517 = AXIS2_PLACEMENT_3D ( 'NONE', #1129, #3579, #3137 ) ;
#4518 = ORIENTED_EDGE ( 'NONE', *, *, #4897, .F. ) ;
#4519 = ORIENTED_EDGE ( 'NONE', *, *, #5886, .F. ) ;
#4520 = VERTEX_POINT ( 'NONE', #4566 ) ;
#4521 = CARTESIAN_POINT ( 'NONE',  ( -14.06788286210068684, 20.78641401289933910, 0.000000000000000000 ) ) ;
#4522 = DATE_TIME_ROLE ( 'creation_date' ) ;
#4523 = FACE_OUTER_BOUND ( 'NONE', #6140, .T. ) ;
#4524 = DIRECTION ( 'NONE',  ( 0.7071067811865467956, 0.7071067811865483499, 0.000000000000000000 ) ) ;
#4525 = FACE_OUTER_BOUND ( 'NONE', #673, .T. ) ;
#4526 = VERTEX_POINT ( 'NONE', #1490 ) ;
#4527 = VERTEX_POINT ( 'NONE', #5001 ) ;
#4528 = EDGE_CURVE ( 'NONE', #512, #6094, #2499, .T. ) ;
#4529 = CARTESIAN_POINT ( 'NONE',  ( 0.000000000000000000, 0.000000000000000000, 0.000000000000000000 ) ) ;
#4530 = EDGE_CURVE ( 'NONE', #6166, #5778, #1056, .T. ) ;
#4531 = CARTESIAN_POINT ( 'NONE',  ( 32.52152486411839050, 13.13641401289933697, 6.000000000000000000 ) ) ;
#4532 = CARTESIAN_POINT ( 'NONE',  ( -43.75000000000000000, 13.15429687500000355, 0.5999999999999999778 ) ) ;
#4533 = PLANE ( 'NONE',  #3423 ) ;
#4534 = VECTOR ( 'NONE', #2395, 1000.000000000000000 ) ;
#4535 = ADVANCED_FACE ( 'NONE', ( #987 ), #3031, .F. ) ;
#4536 = CARTESIAN_POINT ( 'NONE',  ( 39.18788286210067895, 20.66277201088162840, 3.334863018289910830 ) ) ;
#4537 = ORIENTED_EDGE ( 'NONE', *, *, #5435, .T. ) ;
#4538 = ORIENTED_EDGE ( 'NONE', *, *, #2376, .T. ) ;
#4539 = ADVANCED_FACE ( 'NONE', ( #2528 ), #5616, .F. ) ;
#4540 = CARTESIAN_POINT ( 'NONE',  ( 29.58211713789933484, 16.07582173911838908, 1.500000000000000444 ) ) ;
#4541 = VECTOR ( 'NONE', #1885, 1000.000000000000000 ) ;
#4542 = CARTESIAN_POINT ( 'NONE',  ( 46.00000000000000000, 15.48641401289933661, 0.000000000000000000 ) ) ;
#4543 = LINE ( 'NONE', #4607, #5228 ) ;
#4544 = LINE ( 'NONE', #18, #758 ) ;
#4545 = DIRECTION ( 'NONE',  ( 0.000000000000000000, -1.000000000000000000, 0.000000000000000000 ) ) ;
#4546 = ORIENTED_EDGE ( 'NONE', *, *, #2682, .T. ) ;
#4547 = ORIENTED_EDGE ( 'NONE', *, *, #6041, .F. ) ;
#4548 = CARTESIAN_POINT ( 'NONE',  ( -13.47847513588161483, 13.13641401289933697, 6.000000000000000000 ) ) ;
#4549 = CARTESIAN_POINT ( 'NONE',  ( -44.00000000000000000, 0.000000000000000000, 0.000000000000000000 ) ) ;
#4550 = ORIENTED_EDGE ( 'NONE', *, *, #5627, .T. ) ;
#4551 = ORIENTED_EDGE ( 'NONE', *, *, #3838, .F. ) ;
#4552 = EDGE_CURVE ( 'NONE', #4612, #1302, #5481, .T. ) ;
#4553 =( BOUNDED_CURVE ( )  B_SPLINE_CURVE ( 3, ( #172, #750, #139, #6212 ),
 .UNSPECIFIED., .F., .T. ) 
 B_SPLINE_CURVE_WITH_KNOTS ( ( 4, 4 ),
 ( 3.141592653589793116, 4.712388980384689674 ),
 .UNSPECIFIED. ) 
 CURVE ( )  GEOMETRIC_REPRESENTATION_ITEM ( )  RATIONAL_B_SPLINE_CURVE ( ( 1.000000000000000000, 0.8047378541243649375, 0.8047378541243649375, 1.000000000000000000 ) ) 
 REPRESENTATION_ITEM ( '' )  );
#4554 = VERTEX_POINT ( 'NONE', #387 ) ;
#4555 = PERSON_AND_ORGANIZATION ( #6057, #686 ) ;
#4556 = DIRECTION ( 'NONE',  ( 1.000000000000000000, -1.734723475976806709E-18, -0.000000000000000000 ) ) ;
#4557 = DIRECTION ( 'NONE',  ( 0.7071067811865352493, 0.000000000000000000, 0.7071067811865597852 ) ) ;
#4558 = CARTESIAN_POINT ( 'NONE',  ( 14.23211713789931210, 20.78641401289933910, 0.5000000000000004441 ) ) ;
#4559 = ORIENTED_EDGE ( 'NONE', *, *, #4528, .F. ) ;
#4560 = ORIENTED_EDGE ( 'NONE', *, *, #749, .T. ) ;
#4561 = PLANE ( 'NONE',  #2513 ) ;
#4562 = EDGE_CURVE ( 'NONE', #3074, #1579, #3850, .T. ) ;
#4563 = FACE_BOUND ( 'NONE', #3823, .T. ) ;
#4564 = CARTESIAN_POINT ( 'NONE',  ( 7.182117137899318493, 20.80448725967914925, 1.500000000000000444 ) ) ;
#4565 = DIRECTION ( 'NONE',  ( 1.000000000000000000, 0.000000000000000000, -0.000000000000000000 ) ) ;
#4566 = CARTESIAN_POINT ( 'NONE',  ( -38.75000000000000000, 22.40429687500000355, 1.000000000000000000 ) ) ;
#4567 = VERTEX_POINT ( 'NONE', #886 ) ;
#4568 = VERTEX_POINT ( 'NONE', #6553 ) ;
#4569 = ADVANCED_FACE ( 'NONE', ( #5511 ), #1021, .F. ) ;
#4570 = LINE ( 'NONE', #561, #1944 ) ;
#4571 = CARTESIAN_POINT ( 'NONE',  ( 16.61788286210067511, 17.66277201088163196, 3.250000000000000444 ) ) ;
#4572 = DIRECTION ( 'NONE',  ( 0.000000000000000000, 0.000000000000000000, 1.000000000000000000 ) ) ;
#4573 = EDGE_CURVE ( 'NONE', #961, #3448, #5103, .T. ) ;
#4574 = DIRECTION ( 'NONE',  ( -0.000000000000000000, -0.000000000000000000, 1.000000000000000000 ) ) ;
#4575 = EDGE_CURVE ( 'NONE', #4311, #5393, #1825, .T. ) ;
#4576 = VECTOR ( 'NONE', #5399, 1000.000000000000000 ) ;
#4577 = CYLINDRICAL_SURFACE ( 'NONE', #5271, 0.5000000000000004441 ) ;
#4578 = ORIENTED_EDGE ( 'NONE', *, *, #1200, .T. ) ;
#4579 = ORIENTED_EDGE ( 'NONE', *, *, #3905, .T. ) ;
#4580 = ADVANCED_FACE ( 'NONE', ( #3996 ), #2561, .F. ) ;
#4581 = CIRCLE ( 'NONE', #1596, 0.5000000000000000000 ) ;
#4582 = PLANE ( 'NONE',  #2157 ) ;
#4583 = CARTESIAN_POINT ( 'NONE',  ( -45.75000000000000000, 18.16277201088163196, 3.250000000000000444 ) ) ;
#4584 = CARTESIAN_POINT ( 'NONE',  ( 7.182117137899318493, 20.80448725967914925, 0.5000000000000004441 ) ) ;
#4585 = ORIENTED_EDGE ( 'NONE', *, *, #1818, .T. ) ;
#4586 = ORIENTED_EDGE ( 'NONE', *, *, #4460, .F. ) ;
#4587 = ORIENTED_EDGE ( 'NONE', *, *, #383, .F. ) ;
#4588 = APPROVAL_ROLE ( '' ) ;
#4589 = LINE ( 'NONE', #1009, #3753 ) ;
#4590 = PLANE ( 'NONE',  #5371 ) ;
#4591 = EDGE_CURVE ( 'NONE', #6401, #2632, #4966, .T. ) ;
#4592 = LINE ( 'NONE', #2624, #2806 ) ;
#4593 = ORIENTED_EDGE ( 'NONE', *, *, #1346, .T. ) ;
#4594 = ORIENTED_EDGE ( 'NONE', *, *, #5579, .F. ) ;
#4595 = AXIS2_PLACEMENT_3D ( 'NONE', #4469, #950, #2992 ) ;
#4596 = DIRECTION ( 'NONE',  ( 0.000000000000000000, 0.000000000000000000, -1.000000000000000000 ) ) ;
#4597 = CARTESIAN_POINT ( 'NONE',  ( 32.50364200201772746, 13.15429687500000178, 6.000000000000000000 ) ) ;
#4598 = CARTESIAN_POINT ( 'NONE',  ( 16.61788286210067511, 18.66277201088163196, 3.250000000000000444 ) ) ;
#4599 = VECTOR ( 'NONE', #6464, 1000.000000000000000 ) ;
#4600 = DIRECTION ( 'NONE',  ( 1.000000000000000000, 0.000000000000000000, 0.000000000000000000 ) ) ;
#4601 = CARTESIAN_POINT ( 'NONE',  ( -38.75000000000000000, 13.15429687499999289, 4.000000000000000000 ) ) ;
#4602 = VERTEX_POINT ( 'NONE', #5036 ) ;
#4603 = ORIENTED_EDGE ( 'NONE', *, *, #5485, .T. ) ;
#4604 = DIRECTION ( 'NONE',  ( 0.000000000000000000, -0.000000000000000000, -1.000000000000000000 ) ) ;
#4605 = VECTOR ( 'NONE', #5383, 1000.000000000000000 ) ;
#4606 = DIRECTION ( 'NONE',  ( -0.000000000000000000, -0.000000000000000000, 1.000000000000000000 ) ) ;
#4607 = CARTESIAN_POINT ( 'NONE',  ( -9.417882862100684704, 22.78641401289933910, 0.5000000000000004441 ) ) ;
#4608 = ADVANCED_FACE ( 'NONE', ( #2962 ), #420, .F. ) ;
#4609 = FACE_OUTER_BOUND ( 'NONE', #2473, .T. ) ;
#4610 = VECTOR ( 'NONE', #3592, 1000.000000000000000 ) ;
#4611 = DIRECTION ( 'NONE',  ( -0.000000000000000000, -0.000000000000000000, 1.000000000000000000 ) ) ;
#4612 = VERTEX_POINT ( 'NONE', #1122 ) ;
#4613 = ORIENTED_EDGE ( 'NONE', *, *, #843, .F. ) ;
#4614 = EDGE_CURVE ( 'NONE', #5269, #4911, #5717, .T. ) ;
#4615 = VECTOR ( 'NONE', #2175, 1000.000000000000000 ) ;
#4616 = EDGE_CURVE ( 'NONE', #6612, #1605, #5241, .T. ) ;
#4617 = VECTOR ( 'NONE', #1261, 1000.000000000000000 ) ;
#4618 = CARTESIAN_POINT ( 'NONE',  ( -9.417882862100684704, 20.78641401289933910, 1.500000000000000444 ) ) ;
#4619 = EDGE_CURVE ( 'NONE', #3348, #913, #1293, .T. ) ;
#4620 = PLANE ( 'NONE',  #2436 ) ;
#4621 = LINE ( 'NONE', #2478, #1719 ) ;
#4622 = EDGE_CURVE ( 'NONE', #2677, #5326, #6282, .T. ) ;
#4623 = CIRCLE ( 'NONE', #1301, 0.5000000000000000000 ) ;
#4624 = VECTOR ( 'NONE', #926, 1000.000000000000000 ) ;
#4625 = ORIENTED_EDGE ( 'NONE', *, *, #3310, .T. ) ;
#4626 = VERTEX_POINT ( 'NONE', #5212 ) ;
#4627 = ORIENTED_EDGE ( 'NONE', *, *, #1763, .F. ) ;
#4628 = LINE ( 'NONE', #4050, #5792 ) ;
#4629 = AXIS2_PLACEMENT_3D ( 'NONE', #1194, #3242, #5286 ) ;
#4630 = LINE ( 'NONE', #3051, #4932 ) ;
#4631 = ORIENTED_EDGE ( 'NONE', *, *, #2127, .F. ) ;
#4632 = VERTEX_POINT ( 'NONE', #621 ) ;
#4633 = DIRECTION ( 'NONE',  ( 0.000000000000000000, 1.000000000000000000, 0.000000000000000000 ) ) ;
#4634 = DIRECTION ( 'NONE',  ( 0.000000000000000000, 1.000000000000000000, 0.000000000000000000 ) ) ;
#4635 = CARTESIAN_POINT ( 'NONE',  ( -45.75000000000000000, 24.65429687500000711, 6.000000000000000000 ) ) ;
#4636 = CARTESIAN_POINT ( 'NONE',  ( -36.49635799798227254, 13.15429687499999467, 1.500000000000000444 ) ) ;
#4637 = DIRECTION ( 'NONE',  ( 0.000000000000000000, 0.000000000000000000, 1.000000000000000000 ) ) ;
#4638 = EDGE_LOOP ( 'NONE', ( #1073, #2655, #5458, #5814 ) ) ;
#4639 = VECTOR ( 'NONE', #4643, 1000.000000000000000 ) ;
#4640 = EDGE_CURVE ( 'NONE', #2686, #3925, #6187, .T. ) ;
#4641 = ORIENTED_EDGE ( 'NONE', *, *, #367, .F. ) ;
#4642 = CARTESIAN_POINT ( 'NONE',  ( -45.75000000000000000, 18.93713958747462556, 12.71715728752537977 ) ) ;
#4643 = DIRECTION ( 'NONE',  ( -0.000000000000000000, -0.000000000000000000, 1.000000000000000000 ) ) ;
#4644 = VECTOR ( 'NONE', #5539, 1000.000000000000000 ) ;
#4645 = CARTESIAN_POINT ( 'NONE',  ( 37.23211713789931565, 15.50448725967914676, 0.5000000000000004441 ) ) ;
#4646 = CYLINDRICAL_SURFACE ( 'NONE', #3960, 0.5000000000000004441 ) ;
#4647 = LINE ( 'NONE', #54, #342 ) ;
#4648 = VECTOR ( 'NONE', #240, 1000.000000000000000 ) ;
#4649 = ORIENTED_EDGE ( 'NONE', *, *, #6294, .F. ) ;
#4650 = CARTESIAN_POINT ( 'NONE',  ( -38.75000000000000000, 0.000000000000000000, 1.500000000000000444 ) ) ;
#4651 = DIRECTION ( 'NONE',  ( -1.000000000000000000, -8.896017825522088106E-17, 0.000000000000000000 ) ) ;
#4652 = CYLINDRICAL_SURFACE ( 'NONE', #2546, 0.2500000000000000000 ) ;
#4653 = CYLINDRICAL_SURFACE ( 'NONE', #2675, 0.2500000000000000000 ) ;
#4654 = VERTEX_POINT ( 'NONE', #3636 ) ;
#4655 = EDGE_LOOP ( 'NONE', ( #4495, #5919, #631, #3533 ) ) ;
#4656 = ORIENTED_EDGE ( 'NONE', *, *, #1281, .F. ) ;
#4657 = ADVANCED_FACE ( 'NONE', ( #3700 ), #2692, .F. ) ;
#4658 = CARTESIAN_POINT ( 'NONE',  ( -45.75000000000000000, 10.65429687500000355, 0.4000000000000114575 ) ) ;
#4659 = CARTESIAN_POINT ( 'NONE',  ( -45.75000000000000000, 18.66277201088163196, 3.250000000000000444 ) ) ;
#4660 = CARTESIAN_POINT ( 'NONE',  ( 45.85000000000000142, 0.000000000000000000, 6.000000000000000000 ) ) ;
#4661 = EDGE_CURVE ( 'NONE', #5302, #2963, #5137, .T. ) ;
#4662 = EDGE_CURVE ( 'NONE', #4526, #3074, #3194, .T. ) ;
#4663 = ORIENTED_EDGE ( 'NONE', *, *, #5992, .F. ) ;
#4664 = ORIENTED_EDGE ( 'NONE', *, *, #1162, .F. ) ;
#4665 = PLANE ( 'NONE',  #692 ) ;
#4666 = LINE ( 'NONE', #516, #899 ) ;
#4667 = ADVANCED_FACE ( 'NONE', ( #6252 ), #2129, .F. ) ;
#4668 = DIRECTION ( 'NONE',  ( 0.000000000000000000, 1.000000000000000000, 0.000000000000000000 ) ) ;
#4669 = CARTESIAN_POINT ( 'NONE',  ( -38.75000000000000000, 13.15429687499999289, 4.000000000000000000 ) ) ;
#4670 = DIRECTION ( 'NONE',  ( -1.000000000000000000, -0.000000000000000000, -0.000000000000000000 ) ) ;
#4671 = EDGE_LOOP ( 'NONE', ( #4327, #1962, #1146, #2214, #1820, #5336, #6285, #4768, #3328, #2729, #3543 ) ) ;
#4672 = ORIENTED_EDGE ( 'NONE', *, *, #2940, .T. ) ;
#4673 = CARTESIAN_POINT ( 'NONE',  ( 36.67847513588163366, 13.13641401289933874, 1.500000000000000444 ) ) ;
#4674 = CARTESIAN_POINT ( 'NONE',  ( -9.303642002017689094, 23.15429687499999289, 6.000000000000000000 ) ) ;
#4675 = PLANE ( 'NONE',  #1264 ) ;
#4676 = EDGE_CURVE ( 'NONE', #5347, #3868, #2098, .T. ) ;
#4677 = CARTESIAN_POINT ( 'NONE',  ( -6.382117137899323112, 20.23277201088162514, 2.754924248220536942 ) ) ;
#4678 = CARTESIAN_POINT ( 'NONE',  ( 39.25000000000000000, 23.15429687500000000, 6.000000000000000000 ) ) ;
#4679 = CARTESIAN_POINT ( 'NONE',  ( -36.49635799798226543, 13.15429687499999112, 6.000000000000000000 ) ) ;
#4680 = CARTESIAN_POINT ( 'NONE',  ( 9.582117137899318848, 15.48641401289933661, 0.5000000000000004441 ) ) ;
#4681 = CARTESIAN_POINT ( 'NONE',  ( -45.75000000000000000, 10.65429687500000355, 5.000000000000000000 ) ) ;
#4682 = CIRCLE ( 'NONE', #5114, 0.5000000000000000000 ) ;
#4683 = CARTESIAN_POINT ( 'NONE',  ( -13.41788286210068115, 22.78641401289933910, 1.500000000000000444 ) ) ;
#4684 = DIRECTION ( 'NONE',  ( -1.000000000000000000, -8.896017825522088106E-17, 0.000000000000000000 ) ) ;
#4685 = ORIENTED_EDGE ( 'NONE', *, *, #6265, .F. ) ;
#4686 = ORIENTED_EDGE ( 'NONE', *, *, #5945, .T. ) ;
#4687 = AXIS2_PLACEMENT_3D ( 'NONE', #5415, #723, #6455 ) ;
#4688 = VERTEX_POINT ( 'NONE', #4202 ) ;
#4689 = CARTESIAN_POINT ( 'NONE',  ( -8.767882862100687902, 15.50448725967914676, 0.5000000000000004441 ) ) ;
#4690 = LINE ( 'NONE', #640, #2011 ) ;
#4691 = FACE_OUTER_BOUND ( 'NONE', #5213, .T. ) ;
#4692 = ADVANCED_FACE ( 'NONE', ( #3604 ), #1085, .F. ) ;
#4693 = ORIENTED_EDGE ( 'NONE', *, *, #5728, .F. ) ;
#4694 = ORIENTED_EDGE ( 'NONE', *, *, #3269, .F. ) ;
#4695 = DIRECTION ( 'NONE',  ( -0.7071067811865483499, 0.7071067811865467956, 0.000000000000000000 ) ) ;
#4696 = CARTESIAN_POINT ( 'NONE',  ( 69.00000000000000000, 0.000000000000000000, 0.5000000000000004441 ) ) ;
#4697 = EDGE_CURVE ( 'NONE', #3843, #961, #4137, .T. ) ;
#4698 = EDGE_CURVE ( 'NONE', #5520, #5838, #3670, .T. ) ;
#4699 = CARTESIAN_POINT ( 'NONE',  ( -32.41788286210068293, 20.78641401289933910, 0.5000000000000004441 ) ) ;
#4700 = EDGE_CURVE ( 'NONE', #719, #3663, #4165, .T. ) ;
#4701 = DIRECTION ( 'NONE',  ( -1.000000000000000000, -0.000000000000000000, -0.000000000000000000 ) ) ;
#4702 = AXIS2_PLACEMENT_3D ( 'NONE', #5498, #5971, #5943 ) ;
#4703 = ORIENTED_EDGE ( 'NONE', *, *, #405, .F. ) ;
#4704 = ORIENTED_EDGE ( 'NONE', *, *, #6543, .T. ) ;
#4705 = CARTESIAN_POINT ( 'NONE',  ( -38.75000000000000000, 20.90065487298230096, 1.500000000000000444 ) ) ;
#4706 = LINE ( 'NONE', #4304, #3570 ) ;
#4707 = CARTESIAN_POINT ( 'NONE',  ( -36.41788286210068293, 15.48641401289933661, 1.500000000000000444 ) ) ;
#4708 = CARTESIAN_POINT ( 'NONE',  ( 39.25000000000000000, 13.15429687500000355, 4.000000000000000000 ) ) ;
#4709 = CARTESIAN_POINT ( 'NONE',  ( -9.417882862100684704, 13.48641401289933661, 0.5000000000000004441 ) ) ;
#4710 = VECTOR ( 'NONE', #1960, 1000.000000000000000 ) ;
#4711 = PLANE ( 'NONE',  #871 ) ;
#4712 = DIRECTION ( 'NONE',  ( 1.000000000000000000, 0.000000000000000000, -0.000000000000000000 ) ) ;
#4713 = DIRECTION ( 'NONE',  ( 0.000000000000000000, -0.000000000000000000, 1.000000000000000000 ) ) ;
#4714 = DIRECTION ( 'NONE',  ( 0.000000000000000000, -1.000000000000000000, 0.000000000000000000 ) ) ;
#4715 = CARTESIAN_POINT ( 'NONE',  ( 45.85000000000000142, 25.65429687500000355, 0.4000000000000114575 ) ) ;
#4716 = ORIENTED_EDGE ( 'NONE', *, *, #5921, .T. ) ;
#4717 = VECTOR ( 'NONE', #3513, 1000.000000000000000 ) ;
#4718 = ORIENTED_EDGE ( 'NONE', *, *, #4332, .T. ) ;
#4719 = ORIENTED_EDGE ( 'NONE', *, *, #3384, .F. ) ;
#4720 = DIRECTION ( 'NONE',  ( -0.000000000000000000, 1.000000000000000000, -0.000000000000000000 ) ) ;
#4721 = VECTOR ( 'NONE', #842, 1000.000000000000000 ) ;
#4722 = CARTESIAN_POINT ( 'NONE',  ( -37.06788286210068151, 15.48641401289933661, 0.000000000000000000 ) ) ;
#4723 = ORIENTED_EDGE ( 'NONE', *, *, #1003, .T. ) ;
#4724 = ORIENTED_EDGE ( 'NONE', *, *, #5174, .T. ) ;
#4725 = DIRECTION ( 'NONE',  ( -0.000000000000000000, -1.000000000000000000, -0.000000000000000000 ) ) ;
#4726 = VECTOR ( 'NONE', #2489, 1000.000000000000000 ) ;
#4727 = CARTESIAN_POINT ( 'NONE',  ( -43.25000000000000000, 23.15429687500000355, 0.5999999999999999778 ) ) ;
#4728 =( BOUNDED_CURVE ( )  B_SPLINE_CURVE ( 3, ( #5858, #4378, #1456, #257 ),
 .UNSPECIFIED., .F., .F. ) 
 B_SPLINE_CURVE_WITH_KNOTS ( ( 4, 4 ),
 ( 3.141592653589793116, 4.571927565674846150 ),
 .UNSPECIFIED. ) 
 CURVE ( )  GEOMETRIC_REPRESENTATION_ITEM ( )  RATIONAL_B_SPLINE_CURVE ( ( 1.000000000000000000, 0.8366556290180471311, 0.8366556290180471311, 1.000000000000000000 ) ) 
 REPRESENTATION_ITEM ( '' )  );
#4729 = LINE ( 'NONE', #3893, #563 ) ;
#4730 = CARTESIAN_POINT ( 'NONE',  ( -29.38211713789932489, 20.23277201088162514, 6.000000000000000000 ) ) ;
#4731 = ORIENTED_EDGE ( 'NONE', *, *, #2207, .F. ) ;
#4732 = EDGE_CURVE ( 'NONE', #6415, #3553, #4628, .T. ) ;
#4733 = EDGE_LOOP ( 'NONE', ( #5375, #1032, #2367, #263, #5384 ) ) ;
#4734 = ADVANCED_FACE ( 'NONE', ( #509 ), #1480, .F. ) ;
#4735 = ORIENTED_EDGE ( 'NONE', *, *, #6280, .F. ) ;
#4736 = DIRECTION ( 'NONE',  ( 0.000000000000000000, -0.7071067811865477948, -0.7071067811865473507 ) ) ;
#4737 = LINE ( 'NONE', #5344, #583 ) ;
#4738 = CARTESIAN_POINT ( 'NONE',  ( 45.85000000000000142, 11.65429687500000533, 6.000000000000000000 ) ) ;
#4739 = VECTOR ( 'NONE', #5818, 1000.000000000000114 ) ;
#4740 = CARTESIAN_POINT ( 'NONE',  ( -29.38211713789932489, 18.16277201088163196, 3.250000000000000444 ) ) ;
#4741 = CARTESIAN_POINT ( 'NONE',  ( -45.75000000000000000, 24.87145416252537444, 5.217157287525371778 ) ) ;
#4742 = EDGE_CURVE ( 'NONE', #5194, #802, #4589, .T. ) ;
#4743 = CARTESIAN_POINT ( 'NONE',  ( 13.58211713789931530, 22.78641401289933910, 0.5000000000000004441 ) ) ;
#4744 = APPROVAL ( #3488, 'UNSPECIFIED' ) ;
#4745 = VECTOR ( 'NONE', #2292, 1000.000000000000000 ) ;
#4746 = LINE ( 'NONE', #4276, #1557 ) ;
#4747 = LINE ( 'NONE', #5660, #1837 ) ;
#4748 = CARTESIAN_POINT ( 'NONE',  ( -15.81788286210068151, 15.48641401289933661, 1.500000000000000444 ) ) ;
#4749 = DIRECTION ( 'NONE',  ( 0.000000000000000000, 1.000000000000000000, 0.000000000000000000 ) ) ;
#4750 = AXIS2_PLACEMENT_3D ( 'NONE', #6250, #5744, #2257 ) ;
#4751 = VERTEX_POINT ( 'NONE', #6578 ) ;
#4752 = VERTEX_POINT ( 'NONE', #3050 ) ;
#4753 = ORIENTED_EDGE ( 'NONE', *, *, #4084, .T. ) ;
#4754 = VECTOR ( 'NONE', #632, 1000.000000000000000 ) ;
#4755 = CARTESIAN_POINT ( 'NONE',  ( -29.38211713789932489, 16.16277201088163551, 3.250000000000000444 ) ) ;
#4756 = CARTESIAN_POINT ( 'NONE',  ( 13.58211713789931530, 13.48641401289933661, 0.5000000000000004441 ) ) ;
#4757 = EDGE_CURVE ( 'NONE', #6202, #3276, #6642, .T. ) ;
#4758 = DIRECTION ( 'NONE',  ( -0.000000000000000000, -0.000000000000000000, 1.000000000000000000 ) ) ;
#4759 = EDGE_CURVE ( 'NONE', #6070, #4773, #2486, .T. ) ;
#4760 = ORIENTED_EDGE ( 'NONE', *, *, #5191, .F. ) ;
#4761 = ORIENTED_EDGE ( 'NONE', *, *, #1348, .F. ) ;
#4762 = FACE_OUTER_BOUND ( 'NONE', #3640, .T. ) ;
#4763 = FACE_OUTER_BOUND ( 'NONE', #1355, .T. ) ;
#4764 = LINE ( 'NONE', #2222, #14 ) ;
#4765 = ORIENTED_EDGE ( 'NONE', *, *, #5469, .T. ) ;
#4766 = ORIENTED_EDGE ( 'NONE', *, *, #5084, .F. ) ;
#4767 = EDGE_CURVE ( 'NONE', #3004, #2252, #6538, .T. ) ;
#4768 = ORIENTED_EDGE ( 'NONE', *, *, #2604, .F. ) ;
#4769 = LINE ( 'NONE', #2132, #2690 ) ;
#4770 = LINE ( 'NONE', #1358, #5820 ) ;
#4771 = DIRECTION ( 'NONE',  ( -1.000000000000000000, -0.000000000000000000, -0.000000000000000000 ) ) ;
#4772 = LINE ( 'NONE', #695, #438 ) ;
#4773 = VERTEX_POINT ( 'NONE', #3018 ) ;
#4774 = CARTESIAN_POINT ( 'NONE',  ( -14.06788286210068684, 20.78641401289933910, 1.500000000000000444 ) ) ;
#4775 = ADVANCED_FACE ( 'NONE', ( #4523 ), #34, .T. ) ;
#4776 = ORIENTED_EDGE ( 'NONE', *, *, #5055, .T. ) ;
#4777 = CARTESIAN_POINT ( 'NONE',  ( 0.000000000000000000, 0.000000000000000000, 0.5000000000000004441 ) ) ;
#4778 = CARTESIAN_POINT ( 'NONE',  ( 32.50364200201772746, 13.15429687500000178, 1.500000000000000444 ) ) ;
#4779 = EDGE_CURVE ( 'NONE', #3857, #1354, #6107, .T. ) ;
#4780 = EDGE_CURVE ( 'NONE', #3553, #1258, #476, .T. ) ;
#4781 = DIRECTION ( 'NONE',  ( -0.000000000000000000, -0.000000000000000000, 1.000000000000000000 ) ) ;
#4782 = LINE ( 'NONE', #4279, #3211 ) ;
#4783 = ORIENTED_EDGE ( 'NONE', *, *, #4948, .F. ) ;
#4784 = VERTEX_POINT ( 'NONE', #2982 ) ;
#4785 = ORIENTED_EDGE ( 'NONE', *, *, #3866, .T. ) ;
#4786 = DIRECTION ( 'NONE',  ( 1.000000000000000000, -0.000000000000000000, 0.000000000000000000 ) ) ;
#4787 = DIRECTION ( 'NONE',  ( 1.000000000000000000, 0.000000000000000000, 0.000000000000000000 ) ) ;
#4788 = CARTESIAN_POINT ( 'NONE',  ( -9.321524864118385878, 23.17217973710068080, 1.500000000000000444 ) ) ;
#4789 = FACE_OUTER_BOUND ( 'NONE', #135, .T. ) ;
#4790 = VECTOR ( 'NONE', #6206, 1000.000000000000000 ) ;
#4791 = ORIENTED_EDGE ( 'NONE', *, *, #3992, .T. ) ;
#4792 = ORIENTED_EDGE ( 'NONE', *, *, #1779, .T. ) ;
#4793 = CARTESIAN_POINT ( 'NONE',  ( 13.69635799798230202, 23.15429687499999289, 6.000000000000000000 ) ) ;
#4794 = ADVANCED_FACE ( 'NONE', ( #6142 ), #3521, .F. ) ;
#4795 = DIRECTION ( 'NONE',  ( -1.000000000000000000, -0.000000000000000000, -0.000000000000000000 ) ) ;
#4796 = VECTOR ( 'NONE', #5622, 1000.000000000000000 ) ;
#4797 = CARTESIAN_POINT ( 'NONE',  ( 8.932117137899313164, 20.78641401289933910, 0.000000000000000000 ) ) ;
#4798 = ORIENTED_EDGE ( 'NONE', *, *, #5815, .F. ) ;
#4799 = EDGE_LOOP ( 'NONE', ( #4511, #6435, #1377, #6450 ) ) ;
#4800 = ORIENTED_EDGE ( 'NONE', *, *, #4767, .F. ) ;
#4801 = EDGE_CURVE ( 'NONE', #3450, #2875, #2014, .T. ) ;
#4802 = LINE ( 'NONE', #2264, #2291 ) ;
#4803 = ADVANCED_FACE ( 'NONE', ( #4490 ), #974, .F. ) ;
#4804 = CARTESIAN_POINT ( 'NONE',  ( -16.41788286210066872, 16.07582173911838908, 6.000000000000000000 ) ) ;
#4805 = LINE ( 'NONE', #2267, #3538 ) ;
#4806 = VERTEX_POINT ( 'NONE', #4125 ) ;
#4807 = DIRECTION ( 'NONE',  ( 1.000000000000000000, 4.173067663955945463E-16, 0.000000000000000000 ) ) ;
#4808 = ORIENTED_EDGE ( 'NONE', *, *, #187, .F. ) ;
#4809 = VECTOR ( 'NONE', #2514, 1000.000000000000000 ) ;
#4810 = CARTESIAN_POINT ( 'NONE',  ( 29.58211713789933484, 16.07582173911838908, 2.757618389620105415 ) ) ;
#4811 = CARTESIAN_POINT ( 'NONE',  ( -7.017882862100685237, 15.50448725967914676, 0.5000000000000004441 ) ) ;
#4812 = FACE_OUTER_BOUND ( 'NONE', #5710, .T. ) ;
#4813 = CARTESIAN_POINT ( 'NONE',  ( -36.41788286210068293, 15.48641401289933661, 1.500000000000000444 ) ) ;
#4814 = VECTOR ( 'NONE', #5964, 1000.000000000000000 ) ;
#4815 = ORIENTED_EDGE ( 'NONE', *, *, #5886, .T. ) ;
#4816 = ADVANCED_FACE ( 'NONE', ( #3626 ), #5060, .F. ) ;
#4817 = VERTEX_POINT ( 'NONE', #3985 ) ;
#4818 = EDGE_CURVE ( 'NONE', #374, #3597, #3112, .T. ) ;
#4819 = ORIENTED_EDGE ( 'NONE', *, *, #4212, .T. ) ;
#4820 = AXIS2_PLACEMENT_3D ( 'NONE', #6391, #3930, #5346 ) ;
#4821 = CARTESIAN_POINT ( 'NONE',  ( -29.38211713789932489, 20.16277201088163196, 3.250000000000000444 ) ) ;
#4822 = LINE ( 'NONE', #5331, #3186 ) ;
#4823 = DIRECTION ( 'NONE',  ( 0.000000000000000000, 1.000000000000000000, 0.000000000000000000 ) ) ;
#4824 = DIRECTION ( 'NONE',  ( 4.173067663955944970E-16, -1.000000000000000000, 0.000000000000000000 ) ) ;
#4825 = VECTOR ( 'NONE', #1514, 1000.000000000000000 ) ;
#4826 = EDGE_LOOP ( 'NONE', ( #28, #3339, #2314, #4291 ) ) ;
#4827 = EDGE_LOOP ( 'NONE', ( #6600, #3113, #5680, #5901 ) ) ;
#4828 = CARTESIAN_POINT ( 'NONE',  ( -6.382117137899323112, 16.07582173911839263, 2.757618389620105415 ) ) ;
#4829 = LINE ( 'NONE', #1622, #41 ) ;
#4830 = AXIS2_PLACEMENT_3D ( 'NONE', #188, #3776, #220 ) ;
#4831 = DIRECTION ( 'NONE',  ( -1.000000000000000000, -0.000000000000000000, -0.000000000000000000 ) ) ;
#4832 = ORIENTED_EDGE ( 'NONE', *, *, #196, .T. ) ;
#4833 = ORIENTED_EDGE ( 'NONE', *, *, #1636, .T. ) ;
#4834 = VECTOR ( 'NONE', #2151, 1000.000000000000000 ) ;
#4835 = ORIENTED_EDGE ( 'NONE', *, *, #156, .T. ) ;
#4836 = DIRECTION ( 'NONE',  ( 1.000000000000000000, -1.734723475976806709E-18, -0.000000000000000000 ) ) ;
#4837 = VECTOR ( 'NONE', #805, 1000.000000000000000 ) ;
#4838 = LINE ( 'NONE', #3770, #4166 ) ;
#4839 = DIRECTION ( 'NONE',  ( 0.000000000000000000, 0.000000000000000000, -1.000000000000000000 ) ) ;
#4840 = ORIENTED_EDGE ( 'NONE', *, *, #4842, .T. ) ;
#4841 = DIRECTION ( 'NONE',  ( -0.000000000000000000, -0.000000000000000000, 1.000000000000000000 ) ) ;
#4842 = EDGE_CURVE ( 'NONE', #4880, #4977, #2953, .T. ) ;
#4843 = LINE ( 'NONE', #1331, #1629 ) ;
#4844 = LINE ( 'NONE', #256, #4441 ) ;
#4845 = LINE ( 'NONE', #1233, #2586 ) ;
#4846 = LINE ( 'NONE', #1802, #412 ) ;
#4847 = DIRECTION ( 'NONE',  ( 0.000000000000000000, 0.000000000000000000, 1.000000000000000000 ) ) ;
#4848 = ORIENTED_EDGE ( 'NONE', *, *, #1600, .F. ) ;
#4849 = AXIS2_PLACEMENT_3D ( 'NONE', #3440, #3378, #6558 ) ;
#4850 = EDGE_LOOP ( 'NONE', ( #1746, #2811, #6188, #2287 ) ) ;
#4851 = ORIENTED_EDGE ( 'NONE', *, *, #614, .F. ) ;
#4852 = CARTESIAN_POINT ( 'NONE',  ( 32.58211713789932418, 22.78641401289933910, 0.5000000000000004441 ) ) ;
#4853 = LINE ( 'NONE', #5940, #5864 ) ;
#4854 = AXIS2_PLACEMENT_3D ( 'NONE', #1913, #6378, #841 ) ;
#4855 = DIRECTION ( 'NONE',  ( -0.000000000000000000, -0.000000000000000000, 1.000000000000000000 ) ) ;
#4856 = ORIENTED_EDGE ( 'NONE', *, *, #6179, .F. ) ;
#4857 = VERTEX_POINT ( 'NONE', #5532 ) ;
#4858 = VECTOR ( 'NONE', #748, 1000.000000000000000 ) ;
#4859 = DIRECTION ( 'NONE',  ( 0.000000000000000000, 1.000000000000000000, 0.000000000000000000 ) ) ;
#4860 =( NAMED_UNIT ( * ) SI_UNIT ( $, .STERADIAN. ) SOLID_ANGLE_UNIT ( ) );
#4861 = DIRECTION ( 'NONE',  ( -0.000000000000000000, -0.000000000000000000, 1.000000000000000000 ) ) ;
#4862 = ADVANCED_FACE ( 'NONE', ( #442 ), #2622, .F. ) ;
#4863 = EDGE_CURVE ( 'NONE', #786, #4893, #2253, .T. ) ;
#4864 = ORIENTED_EDGE ( 'NONE', *, *, #5459, .T. ) ;
#4865 = ORIENTED_EDGE ( 'NONE', *, *, #650, .T. ) ;
#4866 = EDGE_LOOP ( 'NONE', ( #1843, #4481, #1648, #5002, #1677, #6414, #5742, #1470, #2931, #1853 ) ) ;
#4867 = DIRECTION ( 'NONE',  ( 1.000000000000000000, 0.000000000000000000, 0.000000000000000000 ) ) ;
#4868 = PLANE ( 'NONE',  #6462 ) ;
#4869 = PLANE ( 'NONE',  #4687 ) ;
#4870 = DIRECTION ( 'NONE',  ( 0.000000000000000000, 0.000000000000000000, 1.000000000000000000 ) ) ;
#4871 = EDGE_LOOP ( 'NONE', ( #6589, #3165, #380, #680 ) ) ;
#4872 = LINE ( 'NONE', #4741, #4415 ) ;
#4873 = LINE ( 'NONE', #5450, #6016 ) ;
#4874 = DIRECTION ( 'NONE',  ( -0.000000000000000000, -1.000000000000000000, -0.000000000000000000 ) ) ;
#4875 = DIRECTION ( 'NONE',  ( 1.000000000000000000, -0.000000000000000000, 0.000000000000000000 ) ) ;
#4876 = EDGE_CURVE ( 'NONE', #5427, #3061, #96, .T. ) ;
#4877 = DIRECTION ( 'NONE',  ( -0.000000000000000000, -0.000000000000000000, 1.000000000000000000 ) ) ;
#4878 = DIRECTION ( 'NONE',  ( 1.000000000000000000, 0.000000000000000000, 0.000000000000000000 ) ) ;
#4879 = VERTEX_POINT ( 'NONE', #4689 ) ;
#4880 = VERTEX_POINT ( 'NONE', #3181 ) ;
#4881 = ORIENTED_EDGE ( 'NONE', *, *, #3209, .F. ) ;
#4882 = CARTESIAN_POINT ( 'NONE',  ( 32.58211713789932418, 22.78641401289933910, 0.5000000000000004441 ) ) ;
#4883 = DIRECTION ( 'NONE',  ( 0.000000000000000000, 0.000000000000000000, 1.000000000000000000 ) ) ;
#4884 = LINE ( 'NONE', #4427, #4173 ) ;
#4885 = VERTEX_POINT ( 'NONE', #1075 ) ;
#4886 = ORIENTED_EDGE ( 'NONE', *, *, #5303, .T. ) ;
#4887 = LINE ( 'NONE', #3422, #1659 ) ;
#4888 = DIRECTION ( 'NONE',  ( 0.7071067811865479058, -0.7071067811865471286, 0.000000000000000000 ) ) ;
#4889 = FACE_OUTER_BOUND ( 'NONE', #5276, .T. ) ;
#4890 = EDGE_CURVE ( 'NONE', #3196, #3486, #132, .T. ) ;
#4891 = VECTOR ( 'NONE', #3693, 1000.000000000000000 ) ;
#4892 = ORIENTED_EDGE ( 'NONE', *, *, #1959, .T. ) ;
#4893 = VERTEX_POINT ( 'NONE', #6273 ) ;
#4894 = ORIENTED_EDGE ( 'NONE', *, *, #1631, .F. ) ;
#4895 = EDGE_CURVE ( 'NONE', #4626, #1894, #2181, .T. ) ;
#4896 = CYLINDRICAL_SURFACE ( 'NONE', #4923, 0.5000000000000004441 ) ;
#4897 = EDGE_CURVE ( 'NONE', #3415, #1475, #1680, .T. ) ;
#4898 = VECTOR ( 'NONE', #1774, 1000.000000000000000 ) ;
#4899 = CARTESIAN_POINT ( 'NONE',  ( -7.017882862100685237, 20.78641401289933910, 0.5000000000000004441 ) ) ;
#4900 = EDGE_CURVE ( 'NONE', #2632, #3397, #5201, .T. ) ;
#4901 = DIRECTION ( 'NONE',  ( -0.000000000000000000, -0.000000000000000000, 1.000000000000000000 ) ) ;
#4902 = LINE ( 'NONE', #1891, #4605 ) ;
#4903 = ORIENTED_EDGE ( 'NONE', *, *, #318, .F. ) ;
#4904 = ORIENTED_EDGE ( 'NONE', *, *, #4169, .T. ) ;
#4905 = DIRECTION ( 'NONE',  ( -0.000000000000000000, -0.000000000000000000, 1.000000000000000000 ) ) ;
#4906 = LINE ( 'NONE', #5488, #2393 ) ;
#4907 = DIRECTION ( 'NONE',  ( 0.000000000000000000, -1.000000000000000000, 0.000000000000000000 ) ) ;
#4908 = DIRECTION ( 'NONE',  ( 1.000000000000000000, 0.000000000000000000, 0.000000000000000000 ) ) ;
#4909 = VERTEX_POINT ( 'NONE', #1171 ) ;
#4910 = VERTEX_POINT ( 'NONE', #1207 ) ;
#4911 = VERTEX_POINT ( 'NONE', #3115 ) ;
#4912 = DIRECTION ( 'NONE',  ( 0.5773502691896190697, -0.5773502691896391648, 0.5773502691896191807 ) ) ;
#4913 = AXIS2_PLACEMENT_3D ( 'NONE', #2967, #4110, #6130 ) ;
#4914 = DIRECTION ( 'NONE',  ( -1.000000000000000000, -0.000000000000000000, -0.000000000000000000 ) ) ;
#4915 = LINE ( 'NONE', #6532, #1389 ) ;
#4916 = ORIENTED_EDGE ( 'NONE', *, *, #5629, .F. ) ;
#4917 = VERTEX_POINT ( 'NONE', #5262 ) ;
#4918 = ADVANCED_FACE ( 'NONE', ( #5737 ), #6242, .F. ) ;
#4919 = VECTOR ( 'NONE', #3129, 1000.000000000000000 ) ;
#4920 = DIRECTION ( 'NONE',  ( -8.896017825522088106E-17, 1.000000000000000000, 0.000000000000000000 ) ) ;
#4921 = PLANE ( 'NONE',  #5722 ) ;
#4922 = FACE_OUTER_BOUND ( 'NONE', #6368, .T. ) ;
#4923 = AXIS2_PLACEMENT_3D ( 'NONE', #2830, #4438, #1861 ) ;
#4924 = ORIENTED_EDGE ( 'NONE', *, *, #3093, .F. ) ;
#4925 = ORIENTED_EDGE ( 'NONE', *, *, #5284, .T. ) ;
#4926 = ORIENTED_EDGE ( 'NONE', *, *, #1414, .T. ) ;
#4927 = FACE_OUTER_BOUND ( 'NONE', #4871, .T. ) ;
#4928 = AXIS2_PLACEMENT_3D ( 'NONE', #1199, #6264, #89 ) ;
#4929 = VECTOR ( 'NONE', #3966, 1000.000000000000000 ) ;
#4930 = CARTESIAN_POINT ( 'NONE',  ( -45.48333333333334139, 10.78763020833333286, 0.2666666666666866470 ) ) ;
#4931 = EDGE_CURVE ( 'NONE', #6565, #1478, #676, .T. ) ;
#4932 = VECTOR ( 'NONE', #6579, 1000.000000000000000 ) ;
#4933 = DIRECTION ( 'NONE',  ( -0.000000000000000000, 1.000000000000000000, -0.000000000000000000 ) ) ;
#4934 = VECTOR ( 'NONE', #2286, 1000.000000000000000 ) ;
#4935 = ORIENTED_EDGE ( 'NONE', *, *, #1017, .F. ) ;
#4936 = EDGE_LOOP ( 'NONE', ( #5902, #4613, #2777, #5169 ) ) ;
#4937 = CARTESIAN_POINT ( 'NONE',  ( 16.61788286210067511, 20.23277201088162514, 2.754924248220536942 ) ) ;
#4938 = FACE_OUTER_BOUND ( 'NONE', #1467, .T. ) ;
#4939 = VECTOR ( 'NONE', #1230, 1000.000000000000000 ) ;
#4941 =( BOUNDED_CURVE ( )  B_SPLINE_CURVE ( 3, ( #5643, #5614, #4060, #44 ),
 .UNSPECIFIED., .F., .T. ) 
 B_SPLINE_CURVE_WITH_KNOTS ( ( 4, 4 ),
 ( 0.000000000000000000, 1.430334912085025278 ),
 .UNSPECIFIED. ) 
 CURVE ( )  GEOMETRIC_REPRESENTATION_ITEM ( )  RATIONAL_B_SPLINE_CURVE ( ( 1.000000000000000000, 0.8366556290180533484, 0.8366556290180533484, 1.000000000000000000 ) ) 
 REPRESENTATION_ITEM ( '' )  );
#4940 = CARTESIAN_POINT ( 'NONE',  ( 32.58211713789932418, 13.48641401289933661, 0.5000000000000004441 ) ) ;
#4942 = EDGE_CURVE ( 'NONE', #3717, #3535, #1511, .T. ) ;
#4943 = DIRECTION ( 'NONE',  ( -0.000000000000000000, -0.000000000000000000, 1.000000000000000000 ) ) ;
#4944 = DIRECTION ( 'NONE',  ( -0.000000000000000000, -0.000000000000000000, 1.000000000000000000 ) ) ;
#4945 = ORIENTED_EDGE ( 'NONE', *, *, #3431, .T. ) ;
#4946 = ORIENTED_EDGE ( 'NONE', *, *, #4732, .T. ) ;
#4947 = ORIENTED_EDGE ( 'NONE', *, *, #4122, .T. ) ;
#4948 = EDGE_CURVE ( 'NONE', #1004, #3673, #3692, .T. ) ;
#4949 = DIRECTION ( 'NONE',  ( 0.000000000000000000, 1.000000000000000000, 0.000000000000000000 ) ) ;
#4950 = PLANE ( 'NONE',  #3295 ) ;
#4951 = CARTESIAN_POINT ( 'NONE',  ( 6.582117137899329506, 20.16277201088163196, 3.250000000000000444 ) ) ;
#4952 = VECTOR ( 'NONE', #5321, 1000.000000000000000 ) ;
#4953 = ORIENTED_EDGE ( 'NONE', *, *, #6266, .T. ) ;
#4954 = ORIENTED_EDGE ( 'NONE', *, *, #4895, .T. ) ;
#4955 = CARTESIAN_POINT ( 'NONE',  ( -37.06788286210068151, 20.80448725967914925, 0.5000000000000004441 ) ) ;
#4956 = VECTOR ( 'NONE', #5133, 1000.000000000000000 ) ;
#4957 = DIRECTION ( 'NONE',  ( -1.000000000000000000, 0.000000000000000000, -0.000000000000000000 ) ) ;
#4958 = EDGE_CURVE ( 'NONE', #3673, #4364, #2114, .T. ) ;
#4959 = EDGE_CURVE ( 'NONE', #1822, #320, #2215, .T. ) ;
#4960 = EDGE_LOOP ( 'NONE', ( #5386, #5214, #2923, #2153 ) ) ;
#4961 = AXIS2_PLACEMENT_3D ( 'NONE', #3206, #730, #219 ) ;
#4962 = ORIENTED_EDGE ( 'NONE', *, *, #1348, .T. ) ;
#4963 = CARTESIAN_POINT ( 'NONE',  ( 32.58211713789932418, 20.78641401289933910, 1.500000000000000444 ) ) ;
#4964 = PLANE ( 'NONE',  #3786 ) ;
#4965 = DIRECTION ( 'NONE',  ( 0.000000000000000000, -0.000000000000000000, 1.000000000000000000 ) ) ;
#4966 = LINE ( 'NONE', #6021, #5570 ) ;
#4967 = EDGE_CURVE ( 'NONE', #6637, #6123, #5800, .T. ) ;
#4968 = ORIENTED_EDGE ( 'NONE', *, *, #3787, .F. ) ;
#4969 = EDGE_LOOP ( 'NONE', ( #2826, #887, #5529, #337, #2325 ) ) ;
#4970 = LINE ( 'NONE', #321, #6334 ) ;
#4971 = CARTESIAN_POINT ( 'NONE',  ( -9.417882862100684704, 20.78641401289933910, 0.5000000000000004441 ) ) ;
#4972 = DIRECTION ( 'NONE',  ( 0.000000000000000000, 0.000000000000000000, -1.000000000000000000 ) ) ;
#4973 = EDGE_CURVE ( 'NONE', #5037, #1177, #4253, .T. ) ;
#4974 = LINE ( 'NONE', #895, #856 ) ;
#4975 = DIRECTION ( 'NONE',  ( 0.7071067811865483499, -0.7071067811865467956, -0.000000000000000000 ) ) ;
#4976 = ORIENTED_EDGE ( 'NONE', *, *, #1838, .T. ) ;
#4977 = VERTEX_POINT ( 'NONE', #610 ) ;
#4978 = ORIENTED_EDGE ( 'NONE', *, *, #2771, .F. ) ;
#4979 = LOCAL_TIME ( 2, 45, 41.00000000000000000, #2086 ) ;
#4980 = EDGE_CURVE ( 'NONE', #2647, #4612, #709, .T. ) ;
#4981 = EDGE_CURVE ( 'NONE', #5030, #317, #1110, .T. ) ;
#4982 =( BOUNDED_CURVE ( )  B_SPLINE_CURVE ( 3, ( #1592, #5678, #5176, #2630 ),
 .UNSPECIFIED., .F., .T. ) 
 B_SPLINE_CURVE_WITH_KNOTS ( ( 4, 4 ),
 ( 0.000000000000000000, 1.396007136793086412 ),
 .UNSPECIFIED. ) 
 CURVE ( )  GEOMETRIC_REPRESENTATION_ITEM ( )  RATIONAL_B_SPLINE_CURVE ( ( 1.000000000000000000, 0.8440845325001405941, 0.8440845325001405941, 1.000000000000000000 ) ) 
 REPRESENTATION_ITEM ( '' )  );
#4983 = DIRECTION ( 'NONE',  ( 0.7071067811865475727, 0.000000000000000000, 0.7071067811865475727 ) ) ;
#4984 = PLANE ( 'NONE',  #5541 ) ;
#4985 = LINE ( 'NONE', #1345, #5881 ) ;
#4986 = EDGE_CURVE ( 'NONE', #746, #5838, #5508, .T. ) ;
#4987 = ORIENTED_EDGE ( 'NONE', *, *, #362, .T. ) ;
#4988 = VERTEX_POINT ( 'NONE', #3826 ) ;
#4989 = CARTESIAN_POINT ( 'NONE',  ( -45.35000000000000142, 25.65429687500000355, 5.000000000000000000 ) ) ;
#4990 = DIRECTION ( 'NONE',  ( -0.7071067811865469066, -0.7071067811865482389, 0.000000000000000000 ) ) ;
#4991 = CARTESIAN_POINT ( 'NONE',  ( 32.58211713789932418, 15.48641401289933661, 1.500000000000000444 ) ) ;
#4992 = FACE_OUTER_BOUND ( 'NONE', #4638, .T. ) ;
#4993 = VERTEX_POINT ( 'NONE', #247 ) ;
#4994 = ORIENTED_EDGE ( 'NONE', *, *, #6549, .F. ) ;
#4995 = EDGE_CURVE ( 'NONE', #5839, #6565, #3956, .T. ) ;
#4996 = DIRECTION ( 'NONE',  ( 0.000000000000000000, -0.000000000000000000, 1.000000000000000000 ) ) ;
#4997 = DIRECTION ( 'NONE',  ( -0.7071067811865597852, 0.000000000000000000, 0.7071067811865352493 ) ) ;
#4998 = VECTOR ( 'NONE', #4255, 1000.000000000000000 ) ;
#4999 = CARTESIAN_POINT ( 'NONE',  ( -32.32152486411838765, 23.17217973710068080, 6.000000000000000000 ) ) ;
#5000 = CARTESIAN_POINT ( 'NONE',  ( 7.182117137899318493, 15.48641401289933661, 1.500000000000000444 ) ) ;
#5001 = CARTESIAN_POINT ( 'NONE',  ( -37.06788286210068861, 20.78641401289933910, 0.000000000000000000 ) ) ;
#5002 = ORIENTED_EDGE ( 'NONE', *, *, #1133, .T. ) ;
#5003 = VECTOR ( 'NONE', #4406, 1000.000000000000000 ) ;
#5004 = CARTESIAN_POINT ( 'NONE',  ( -9.321524864118385878, 23.17217973710068080, 6.000000000000000000 ) ) ;
#5005 = DIRECTION ( 'NONE',  ( 0.000000000000000000, 0.000000000000000000, -1.000000000000000000 ) ) ;
#5006 = LINE ( 'NONE', #3475, #2870 ) ;
#5007 = CARTESIAN_POINT ( 'NONE',  ( -13.47847513588162904, 23.17217973710068080, 1.500000000000000444 ) ) ;
#5008 = PLANE ( 'NONE',  #5701 ) ;
#5009 = ORIENTED_EDGE ( 'NONE', *, *, #2758, .F. ) ;
#5010 = ORIENTED_EDGE ( 'NONE', *, *, #2892, .T. ) ;
#5011 = ORIENTED_EDGE ( 'NONE', *, *, #4019, .F. ) ;
#5012 = CARTESIAN_POINT ( 'NONE',  ( 39.25000000000000000, 20.60065487298230735, 3.008631818421481530 ) ) ;
#5013 = DIRECTION ( 'NONE',  ( -0.000000000000000000, -0.000000000000000000, 1.000000000000000000 ) ) ;
#5014 = LINE ( 'NONE', #5527, #1070 ) ;
#5015 = EDGE_CURVE ( 'NONE', #4358, #3486, #3401, .T. ) ;
#5016 = ADVANCED_FACE ( 'NONE', ( #3430 ), #4896, .F. ) ;
#5017 = ORIENTED_EDGE ( 'NONE', *, *, #2284, .F. ) ;
#5018 = VERTEX_POINT ( 'NONE', #4963 ) ;
#5019 =( BOUNDED_CURVE ( )  B_SPLINE_CURVE ( 3, ( #5246, #3268, #1664, #5312 ),
 .UNSPECIFIED., .F., .T. ) 
 B_SPLINE_CURVE_WITH_KNOTS ( ( 4, 4 ),
 ( 1.745585516796696490, 3.141592653589793116 ),
 .UNSPECIFIED. ) 
 CURVE ( )  GEOMETRIC_REPRESENTATION_ITEM ( )  RATIONAL_B_SPLINE_CURVE ( ( 1.000000000000000000, 0.8440845325001383737, 0.8440845325001383737, 1.000000000000000000 ) ) 
 REPRESENTATION_ITEM ( '' )  );
#5020 = CARTESIAN_POINT ( 'NONE',  ( 37.23211713789931565, 20.78641401289933910, -2.999999999999999112 ) ) ;
#5021 = VECTOR ( 'NONE', #5325, 1000.000000000000000 ) ;
#5022 = COORDINATED_UNIVERSAL_TIME_OFFSET ( 5, 0, .BEHIND. ) ;
#5023 = ADVANCED_FACE ( 'NONE', ( #4466 ), #1386, .F. ) ;
#5024 = CARTESIAN_POINT ( 'NONE',  ( 8.932117137899313164, 20.78641401289933910, -2.999999999999999112 ) ) ;
#5025 = FACE_OUTER_BOUND ( 'NONE', #32, .T. ) ;
#5026 = CARTESIAN_POINT ( 'NONE',  ( -31.76788286210068790, 15.48641401289933661, 0.000000000000000000 ) ) ;
#5027 = EDGE_CURVE ( 'NONE', #5296, #5261, #2359, .T. ) ;
#5028 = AXIS2_PLACEMENT_3D ( 'NONE', #2569, #3611, #3506 ) ;
#5029 = ORIENTED_EDGE ( 'NONE', *, *, #1758, .T. ) ;
#5030 = VERTEX_POINT ( 'NONE', #311 ) ;
#5031 = PLANE ( 'NONE',  #3581 ) ;
#5032 = LINE ( 'NONE', #2494, #5183 ) ;
#5033 = VECTOR ( 'NONE', #1228, 1000.000000000000000 ) ;
#5034 = FACE_OUTER_BOUND ( 'NONE', #5535, .T. ) ;
#5035 = DIRECTION ( 'NONE',  ( -1.000000000000000000, 4.956352788505164254E-16, -0.000000000000000000 ) ) ;
#5036 = CARTESIAN_POINT ( 'NONE',  ( 6.582117137899329506, 16.07582173911838908, 4.000000000000000000 ) ) ;
#5037 = VERTEX_POINT ( 'NONE', #847 ) ;
#5038 = VECTOR ( 'NONE', #455, 1000.000000000000000 ) ;
#5039 = AXIS2_PLACEMENT_3D ( 'NONE', #4337, #4867, #280 ) ;
#5040 = ORIENTED_EDGE ( 'NONE', *, *, #3127, .T. ) ;
#5041 = DIRECTION ( 'NONE',  ( -0.000000000000000000, -0.000000000000000000, 1.000000000000000000 ) ) ;
#5042 = CARTESIAN_POINT ( 'NONE',  ( -7.017882862100685237, 20.78641401289933910, 0.5000000000000004441 ) ) ;
#5043 = VECTOR ( 'NONE', #975, 1000.000000000000000 ) ;
#5044 = VECTOR ( 'NONE', #3341, 1000.000000000000000 ) ;
#5045 = CARTESIAN_POINT ( 'NONE',  ( 39.25000000000000000, 0.000000000000000000, 1.500000000000000444 ) ) ;
#5046 = EDGE_CURVE ( 'NONE', #5981, #4352, #1322, .T. ) ;
#5047 = FACE_OUTER_BOUND ( 'NONE', #4320, .T. ) ;
#5048 = CARTESIAN_POINT ( 'NONE',  ( -36.47847513588163082, 23.17217973710068080, 1.500000000000000444 ) ) ;
#5049 = ORIENTED_EDGE ( 'NONE', *, *, #4458, .T. ) ;
#5050 = ORIENTED_EDGE ( 'NONE', *, *, #3426, .F. ) ;
#5051 = AXIS2_PLACEMENT_3D ( 'NONE', #612, #3789, #2652 ) ;
#5052 = DIRECTION ( 'NONE',  ( 1.000000000000000000, -0.000000000000000000, 0.000000000000000000 ) ) ;
#5053 = DIRECTION ( 'NONE',  ( 0.000000000000000000, 1.000000000000000000, 0.000000000000000000 ) ) ;
#5054 = CARTESIAN_POINT ( 'NONE',  ( 14.23211713789931210, 15.50448725967914676, 0.5000000000000004441 ) ) ;
#5055 = EDGE_CURVE ( 'NONE', #3486, #971, #5413, .T. ) ;
#5056 = ORIENTED_EDGE ( 'NONE', *, *, #573, .T. ) ;
#5057 = ORIENTED_EDGE ( 'NONE', *, *, #720, .T. ) ;
#5058 = ORIENTED_EDGE ( 'NONE', *, *, #174, .T. ) ;
#5059 = PERSON_AND_ORGANIZATION ( #6057, #686 ) ;
#5060 = CYLINDRICAL_SURFACE ( 'NONE', #5366, 0.5000000000000004441 ) ;
#5061 = DIRECTION ( 'NONE',  ( -0.7071067811865483499, 0.7071067811865467956, 0.000000000000000000 ) ) ;
#5062 = CARTESIAN_POINT ( 'NONE',  ( -43.50000000000000000, 0.000000000000000000, 0.3499999999999999223 ) ) ;
#5063 = ORIENTED_EDGE ( 'NONE', *, *, #4986, .F. ) ;
#5064 = ORIENTED_EDGE ( 'NONE', *, *, #3431, .F. ) ;
#5065 = VECTOR ( 'NONE', #6427, 1000.000000000000000 ) ;
#5066 = CARTESIAN_POINT ( 'NONE',  ( -39.41788286210066872, 16.07582173911838908, 4.000000000000000000 ) ) ;
#5067 = CARTESIAN_POINT ( 'NONE',  ( 31.93211713789932560, 20.80448725967914925, 1.500000000000000444 ) ) ;
#5068 = ADVANCED_FACE ( 'NONE', ( #4927 ), #1889, .F. ) ;
#5069 = ADVANCED_FACE ( 'NONE', ( #3927, #382 ), #2860, .F. ) ;
#5070 = LINE ( 'NONE', #1084, #4421 ) ;
#5071 = CARTESIAN_POINT ( 'NONE',  ( 6.582117137899329506, 20.23277201088163224, 1.500000000000000444 ) ) ;
#5072 = VECTOR ( 'NONE', #5574, 1000.000000000000000 ) ;
#5073 = DIRECTION ( 'NONE',  ( 1.309225264888156130E-15, -1.000000000000000000, 0.000000000000000000 ) ) ;
#5074 = ORIENTED_EDGE ( 'NONE', *, *, #6470, .F. ) ;
#5075 = VERTEX_POINT ( 'NONE', #6416 ) ;
#5076 = PLANE ( 'NONE',  #4195 ) ;
#5077 = VECTOR ( 'NONE', #4725, 1000.000000000000000 ) ;
#5078 = CARTESIAN_POINT ( 'NONE',  ( -38.75000000000000000, 22.40429687500000355, 6.000000000000000000 ) ) ;
#5079 = CARTESIAN_POINT ( 'NONE',  ( -29.79516686613608201, 15.66277201088163373, 3.250000000000000444 ) ) ;
#5080 = DIRECTION ( 'NONE',  ( -1.000000000000000000, 0.000000000000000000, 0.000000000000000000 ) ) ;
#5081 = CARTESIAN_POINT ( 'NONE',  ( 46.00000000000000000, 0.000000000000000000, 0.5000000000000004441 ) ) ;
#5082 = VERTEX_POINT ( 'NONE', #3465 ) ;
#5083 = ORIENTED_EDGE ( 'NONE', *, *, #4416, .T. ) ;
#5084 = EDGE_CURVE ( 'NONE', #2875, #68, #348, .T. ) ;
#5085 = DIRECTION ( 'NONE',  ( -0.000000000000000000, 0.000000000000000000, 1.000000000000000000 ) ) ;
#5086 = CARTESIAN_POINT ( 'NONE',  ( -14.06788286210068684, 20.78641401289933910, -2.999999999999999112 ) ) ;
#5087 = CARTESIAN_POINT ( 'NONE',  ( -16.41788286210066872, 16.16277201088163551, 3.250000000000000444 ) ) ;
#5088 = EDGE_LOOP ( 'NONE', ( #3620, #5741, #6103, #6343, #2065, #2985 ) ) ;
#5089 = ORIENTED_EDGE ( 'NONE', *, *, #5708, .F. ) ;
#5090 = ORIENTED_EDGE ( 'NONE', *, *, #5233, .F. ) ;
#5091 = APPROVAL_STATUS ( 'not_yet_approved' ) ;
#5092 = DIRECTION ( 'NONE',  ( 1.000000000000000000, -1.734723475976806709E-18, -0.000000000000000000 ) ) ;
#5093 = PLANE ( 'NONE',  #2273 ) ;
#5094 = CARTESIAN_POINT ( 'NONE',  ( -6.640800136779575702, 20.49145500976187151, 2.791500085062738279 ) ) ;
#5095 = ORIENTED_EDGE ( 'NONE', *, *, #3147, .T. ) ;
#5096 = VERTEX_POINT ( 'NONE', #3330 ) ;
#5097 = CARTESIAN_POINT ( 'NONE',  ( 29.99516686613609551, 15.66277201088163373, 3.250000000000000444 ) ) ;
#5098 = DIRECTION ( 'NONE',  ( 1.000000000000000000, -1.734723475976806709E-18, -0.000000000000000000 ) ) ;
#5099 = ADVANCED_FACE ( 'NONE', ( #5983 ), #5474, .F. ) ;
#5100 = LINE ( 'NONE', #3057, #1533 ) ;
#5101 = DESIGN_CONTEXT ( 'detailed design', #703, 'design' ) ;
#5102 = DIRECTION ( 'NONE',  ( -1.000000000000000000, -0.000000000000000000, -0.000000000000000000 ) ) ;
#5103 = LINE ( 'NONE', #2460, #4710 ) ;
#5104 = VERTEX_POINT ( 'NONE', #1823 ) ;
#5105 = EDGE_CURVE ( 'NONE', #3061, #4520, #3859, .T. ) ;
#5106 = EDGE_CURVE ( 'NONE', #3631, #2822, #882, .T. ) ;
#5107 = ORIENTED_EDGE ( 'NONE', *, *, #674, .F. ) ;
#5108 = EDGE_CURVE ( 'NONE', #4352, #1595, #2057, .T. ) ;
#5109 = FACE_OUTER_BOUND ( 'NONE', #6189, .T. ) ;
#5110 = LINE ( 'NONE', #5142, #2504 ) ;
#5111 = ADVANCED_FACE ( 'NONE', ( #4023 ), #3527, .F. ) ;
#5112 = LINE ( 'NONE', #5045, #4041 ) ;
#5113 = CARTESIAN_POINT ( 'NONE',  ( 39.25000000000000000, 23.15429687500000000, 6.000000000000000000 ) ) ;
#5114 = AXIS2_PLACEMENT_3D ( 'NONE', #2847, #3452, #4883 ) ;
#5115 = LINE ( 'NONE', #4678, #5803 ) ;
#5116 = ORIENTED_EDGE ( 'NONE', *, *, #2197, .T. ) ;
#5117 = ORIENTED_EDGE ( 'NONE', *, *, #3142, .T. ) ;
#5118 = AXIS2_PLACEMENT_3D ( 'NONE', #4940, #3311, #1840 ) ;
#5119 = DIRECTION ( 'NONE',  ( -0.000000000000000000, -0.000000000000000000, 1.000000000000000000 ) ) ;
#5120 = DIRECTION ( 'NONE',  ( 1.000000000000000000, -0.000000000000000000, 0.000000000000000000 ) ) ;
#5121 = DIRECTION ( 'NONE',  ( 0.000000000000000000, 1.000000000000000000, 0.000000000000000000 ) ) ;
#5122 = ORIENTED_EDGE ( 'NONE', *, *, #2660, .F. ) ;
#5123 = ORIENTED_EDGE ( 'NONE', *, *, #5435, .F. ) ;
#5124 = EDGE_LOOP ( 'NONE', ( #5130, #1684, #2349, #3997 ) ) ;
#5125 = APPROVAL_STATUS ( 'not_yet_approved' ) ;
#5126 = DIRECTION ( 'NONE',  ( 0.000000000000000000, 0.000000000000000000, 1.000000000000000000 ) ) ;
#5127 = PLANE ( 'NONE',  #122 ) ;
#5128 = LINE ( 'NONE', #546, #1415 ) ;
#5129 = ORIENTED_EDGE ( 'NONE', *, *, #6091, .T. ) ;
#5130 = ORIENTED_EDGE ( 'NONE', *, *, #4086, .F. ) ;
#5131 = VECTOR ( 'NONE', #419, 1000.000000000000000 ) ;
#5132 = CARTESIAN_POINT ( 'NONE',  ( -36.41788286210068293, 20.78641401289933910, 1.500000000000000444 ) ) ;
#5133 = DIRECTION ( 'NONE',  ( 1.000000000000000000, 1.334402673828313339E-16, -0.000000000000000000 ) ) ;
#5134 = DIRECTION ( 'NONE',  ( 1.000000000000000000, 0.000000000000000000, 0.000000000000000000 ) ) ;
#5135 = AXIS2_PLACEMENT_3D ( 'NONE', #6069, #5557, #966 ) ;
#5136 = CARTESIAN_POINT ( 'NONE',  ( -30.01788286210068435, 20.78641401289933910, 1.500000000000000444 ) ) ;
#5137 = LINE ( 'NONE', #107, #2361 ) ;
#5138 = VERTEX_POINT ( 'NONE', #1521 ) ;
#5139 = ORIENTED_EDGE ( 'NONE', *, *, #383, .T. ) ;
#5140 = CARTESIAN_POINT ( 'NONE',  ( 13.58211713789931530, 20.78641401289933910, 1.500000000000000444 ) ) ;
#5141 = VECTOR ( 'NONE', #4701, 1000.000000000000000 ) ;
#5142 = CARTESIAN_POINT ( 'NONE',  ( -38.81788286210068151, 15.48641401289933661, 0.5000000000000004441 ) ) ;
#5143 = ADVANCED_FACE ( 'NONE', ( #2591 ), #2, .F. ) ;
#5144 = PLANE ( 'NONE',  #1376 ) ;
#5145 = CARTESIAN_POINT ( 'NONE',  ( 23.00000000000000000, 20.78641401289933910, 0.000000000000000000 ) ) ;
#5146 = AXIS2_PLACEMENT_3D ( 'NONE', #6045, #1448, #5126 ) ;
#5147 = CARTESIAN_POINT ( 'NONE',  ( -37.06788286210068151, 20.78641401289933910, 1.500000000000000444 ) ) ;
#5148 = ORIENTED_EDGE ( 'NONE', *, *, #1217, .F. ) ;
#5149 = ADVANCED_FACE ( 'NONE', ( #3084 ), #6182, .F. ) ;
#5150 = EDGE_LOOP ( 'NONE', ( #1806, #5862, #5928, #2695 ) ) ;
#5151 = LINE ( 'NONE', #2139, #3369 ) ;
#5152 = VECTOR ( 'NONE', #3344, 1000.000000000000000 ) ;
#5153 = VECTOR ( 'NONE', #5649, 1000.000000000000000 ) ;
#5154 = CARTESIAN_POINT ( 'NONE',  ( 32.50364200201769904, 23.15429687500000000, 1.500000000000000444 ) ) ;
#5155 = EDGE_CURVE ( 'NONE', #4008, #2601, #5641, .T. ) ;
#5156 = ADVANCED_FACE ( 'NONE', ( #550 ), #1955, .F. ) ;
#5157 = PLANE ( 'NONE',  #4472 ) ;
#5158 = CARTESIAN_POINT ( 'NONE',  ( -14.06788286210067973, 15.48641401289933661, 0.5000000000000004441 ) ) ;
#5159 = VECTOR ( 'NONE', #3193, 1000.000000000000000 ) ;
#5160 = AXIS2_PLACEMENT_3D ( 'NONE', #2588, #4020, #2984 ) ;
#5161 = VERTEX_POINT ( 'NONE', #2455 ) ;
#5162 = VERTEX_POINT ( 'NONE', #2094 ) ;
#5163 = ORIENTED_EDGE ( 'NONE', *, *, #5648, .F. ) ;
#5164 = APPROVAL_DATE_TIME ( #6607, #4744 ) ;
#5165 = CARTESIAN_POINT ( 'NONE',  ( 8.932117137899320269, 15.48641401289933661, 1.500000000000000444 ) ) ;
#5166 = VECTOR ( 'NONE', #2668, 1000.000000000000000 ) ;
#5167 = DIRECTION ( 'NONE',  ( 0.7071067811865467956, 0.7071067811865483499, 0.000000000000000000 ) ) ;
#5168 = CARTESIAN_POINT ( 'NONE',  ( 9.582117137899318848, 13.48641401289933661, 0.5000000000000004441 ) ) ;
#5169 = ORIENTED_EDGE ( 'NONE', *, *, #6470, .T. ) ;
#5170 = ORIENTED_EDGE ( 'NONE', *, *, #5172, .T. ) ;
#5171 = CARTESIAN_POINT ( 'NONE',  ( -16.41788286210066872, 16.07582173911838908, 1.500000000000000444 ) ) ;
#5172 = EDGE_CURVE ( 'NONE', #1401, #2556, #2022, .T. ) ;
#5173 = CARTESIAN_POINT ( 'NONE',  ( 37.23211713789931565, 15.48641401289933661, 0.000000000000000000 ) ) ;
#5174 = EDGE_CURVE ( 'NONE', #5618, #1847, #1312, .T. ) ;
#5175 = DIRECTION ( 'NONE',  ( 1.000000000000000000, -1.734723475976806709E-18, -0.000000000000000000 ) ) ;
#5176 = CARTESIAN_POINT ( 'NONE',  ( -16.16794860091053110, 15.82588747792824790, 3.698245413017320793 ) ) ;
#5177 = CARTESIAN_POINT ( 'NONE',  ( -14.06788286210068684, 20.78641401289933910, -2.999999999999999112 ) ) ;
#5178 = ORIENTED_EDGE ( 'NONE', *, *, #4897, .T. ) ;
#5179 = AXIS2_PLACEMENT_3D ( 'NONE', #5621, #2133, #3063 ) ;
#5180 = EDGE_LOOP ( 'NONE', ( #1186, #1089, #2775, #4249 ) ) ;
#5181 = CARTESIAN_POINT ( 'NONE',  ( -45.35000000000001563, 10.65429687500000355, 6.000000000000000000 ) ) ;
#5182 = CARTESIAN_POINT ( 'NONE',  ( 37.23211713789931565, 15.50448725967914676, 0.5000000000000004441 ) ) ;
#5183 = VECTOR ( 'NONE', #6585, 1000.000000000000000 ) ;
#5184 = DIRECTION ( 'NONE',  ( 0.000000000000000000, 0.000000000000000000, 1.000000000000000000 ) ) ;
#5185 = FACE_OUTER_BOUND ( 'NONE', #898, .T. ) ;
#5186 = CARTESIAN_POINT ( 'NONE',  ( 39.25000000000000000, 15.70793887701771041, 1.500000000000000444 ) ) ;
#5187 = AXIS2_PLACEMENT_3D ( 'NONE', #1379, #4920, #2388 ) ;
#5188 = VERTEX_POINT ( 'NONE', #4133 ) ;
#5189 = CARTESIAN_POINT ( 'NONE',  ( -31.76788286210068790, 15.50448725967914676, 0.5000000000000004441 ) ) ;
#5190 = CARTESIAN_POINT ( 'NONE',  ( -45.75000000000000000, 25.65429687500000355, 5.000000000000000000 ) ) ;
#5191 = EDGE_CURVE ( 'NONE', #1318, #747, #1081, .T. ) ;
#5192 = CARTESIAN_POINT ( 'NONE',  ( -6.382117137899323112, 16.07582173911839263, 1.500000000000000444 ) ) ;
#5193 = DIRECTION ( 'NONE',  ( 1.000000000000000000, 0.000000000000000000, 0.000000000000000000 ) ) ;
#5194 = VERTEX_POINT ( 'NONE', #416 ) ;
#5195 = EDGE_CURVE ( 'NONE', #1258, #2850, #3055, .T. ) ;
#5196 = ORIENTED_EDGE ( 'NONE', *, *, #3712, .T. ) ;
#5197 = EDGE_CURVE ( 'NONE', #569, #830, #4496, .T. ) ;
#5198 = ORIENTED_EDGE ( 'NONE', *, *, #3917, .F. ) ;
#5199 = ADVANCED_FACE ( 'NONE', ( #1987, #2523, #5537, #1486, #3027, #947 ), #4561, .F. ) ;
#5200 = APPROVAL ( #5091, 'UNSPECIFIED' ) ;
#5201 = LINE ( 'NONE', #4192, #5690 ) ;
#5202 = FACE_OUTER_BOUND ( 'NONE', #1619, .T. ) ;
#5203 = ADVANCED_FACE ( 'NONE', ( #6584 ), #5031, .T. ) ;
#5204 = CARTESIAN_POINT ( 'NONE',  ( -13.47847513588162904, 23.17217973710068080, 6.000000000000000000 ) ) ;
#5205 = ORIENTED_EDGE ( 'NONE', *, *, #2147, .F. ) ;
#5206 = VERTEX_POINT ( 'NONE', #6249 ) ;
#5207 = DIRECTION ( 'NONE',  ( 0.000000000000000000, -0.000000000000000000, 1.000000000000000000 ) ) ;
#5208 = LINE ( 'NONE', #2657, #3364 ) ;
#5209 =( BOUNDED_CURVE ( )  B_SPLINE_CURVE ( 3, ( #2371, #1364, #2965, #5962 ),
 .UNSPECIFIED., .F., .T. ) 
 B_SPLINE_CURVE_WITH_KNOTS ( ( 4, 4 ),
 ( 3.141592653589793116, 4.537599790382882858 ),
 .UNSPECIFIED. ) 
 CURVE ( )  GEOMETRIC_REPRESENTATION_ITEM ( )  RATIONAL_B_SPLINE_CURVE ( ( 1.000000000000000000, 0.8440845325001398169, 0.8440845325001398169, 1.000000000000000000 ) ) 
 REPRESENTATION_ITEM ( '' )  );
#5210 = FACE_OUTER_BOUND ( 'NONE', #755, .T. ) ;
#5211 = CARTESIAN_POINT ( 'NONE',  ( 46.25000000000000000, 11.05429687499998792, 4.834314575050768781 ) ) ;
#5212 = CARTESIAN_POINT ( 'NONE',  ( 45.85000000000000142, 22.40429687500000355, 6.000000000000000000 ) ) ;
#5213 = EDGE_LOOP ( 'NONE', ( #3832, #5009, #5268, #4464 ) ) ;
#5214 = ORIENTED_EDGE ( 'NONE', *, *, #1553, .T. ) ;
#5215 = CARTESIAN_POINT ( 'NONE',  ( 46.25000000000000000, 25.65429687500000355, 0.4000000000000114575 ) ) ;
#5216 = CARTESIAN_POINT ( 'NONE',  ( -45.34999999999998721, 25.25429687499997655, 0.000000000000000000 ) ) ;
#5217 = DIRECTION ( 'NONE',  ( 0.000000000000000000, -1.000000000000000000, 0.000000000000000000 ) ) ;
#5218 = DIRECTION ( 'NONE',  ( -0.000000000000000000, -0.000000000000000000, 1.000000000000000000 ) ) ;
#5219 = CARTESIAN_POINT ( 'NONE',  ( -38.75000000000000000, 20.90065487298230096, 4.000000000000000000 ) ) ;
#5220 = ORIENTED_EDGE ( 'NONE', *, *, #2164, .F. ) ;
#5221 = DIRECTION ( 'NONE',  ( -0.000000000000000000, -0.000000000000000000, 1.000000000000000000 ) ) ;
#5222 = FACE_OUTER_BOUND ( 'NONE', #5124, .T. ) ;
#5223 = VECTOR ( 'NONE', #2577, 1000.000000000000000 ) ;
#5224 = CARTESIAN_POINT ( 'NONE',  ( -32.30364200201768199, 23.15429687499998579, 4.000000000000000000 ) ) ;
#5225 = CARTESIAN_POINT ( 'NONE',  ( -45.75000000000000000, 18.66277201088163196, 3.250000000000000444 ) ) ;
#5226 = ORIENTED_EDGE ( 'NONE', *, *, #5736, .T. ) ;
#5227 = EDGE_LOOP ( 'NONE', ( #6542, #4400, #6433, #170, #5277, #4259, #1291, #5343, #1036 ) ) ;
#5228 = VECTOR ( 'NONE', #6560, 1000.000000000000000 ) ;
#5229 = ORIENTED_EDGE ( 'NONE', *, *, #6184, .F. ) ;
#5230 = DIRECTION ( 'NONE',  ( 0.000000000000000000, 0.000000000000000000, -1.000000000000000000 ) ) ;
#5231 = LINE ( 'NONE', #198, #4790 ) ;
#5232 = ADVANCED_FACE ( 'NONE', ( #3190 ), #2256, .F. ) ;
#5233 = EDGE_CURVE ( 'NONE', #4237, #2812, #5773, .T. ) ;
#5234 = LINE ( 'NONE', #2720, #3766 ) ;
#5235 = EDGE_LOOP ( 'NONE', ( #4074, #5396, #1778, #5536, #1139 ) ) ;
#5236 = ORIENTED_EDGE ( 'NONE', *, *, #2554, .T. ) ;
#5237 = PLANE ( 'NONE',  #801 ) ;
#5238 = DIRECTION ( 'NONE',  ( -0.000000000000000000, 0.000000000000000000, 1.000000000000000000 ) ) ;
#5239 = LINE ( 'NONE', #1786, #3550 ) ;
#5240 = EDGE_CURVE ( 'NONE', #2676, #1004, #5807, .T. ) ;
#5241 = LINE ( 'NONE', #4730, #1504 ) ;
#5242 = CIRCLE ( 'NONE', #1712, 0.5000000000000000000 ) ;
#5243 = VERTEX_POINT ( 'NONE', #2724 ) ;
#5244 = ORIENTED_EDGE ( 'NONE', *, *, #5483, .F. ) ;
#5245 = LINE ( 'NONE', #1599, #3228 ) ;
#5246 = CARTESIAN_POINT ( 'NONE',  ( -6.382117137899323112, 16.07582173911839263, 3.742381610379895029 ) ) ;
#5247 = CARTESIAN_POINT ( 'NONE',  ( 6.582117137899329506, 16.07582173911838908, 1.500000000000000444 ) ) ;
#5248 = DIRECTION ( 'NONE',  ( -1.000000000000000000, 0.000000000000000000, -0.000000000000000000 ) ) ;
#5249 = AXIS2_PLACEMENT_3D ( 'NONE', #3090, #141, #556 ) ;
#5250 = ORIENTED_EDGE ( 'NONE', *, *, #1576, .T. ) ;
#5251 = CARTESIAN_POINT ( 'NONE',  ( 6.995166866136090178, 15.66277201088163551, 3.503801376738364226 ) ) ;
#5252 = EDGE_CURVE ( 'NONE', #2766, #158, #4294, .T. ) ;
#5253 = DIRECTION ( 'NONE',  ( 0.000000000000000000, 1.000000000000000000, 0.000000000000000000 ) ) ;
#5254 = VECTOR ( 'NONE', #4720, 1000.000000000000000 ) ;
#5255 = DIRECTION ( 'NONE',  ( -0.7071067811865469066, -0.7071067811865482389, 0.000000000000000000 ) ) ;
#5256 = DIRECTION ( 'NONE',  ( 1.000000000000000000, -1.734723475976806709E-18, -0.000000000000000000 ) ) ;
#5257 = ORIENTED_EDGE ( 'NONE', *, *, #4614, .F. ) ;
#5258 = VECTOR ( 'NONE', #1049, 1000.000000000000114 ) ;
#5259 = ORIENTED_EDGE ( 'NONE', *, *, #6567, .T. ) ;
#5260 = VECTOR ( 'NONE', #3734, 1000.000000000000000 ) ;
#5261 = VERTEX_POINT ( 'NONE', #6345 ) ;
#5262 = CARTESIAN_POINT ( 'NONE',  ( 13.67847513588162833, 13.13641401289933874, 1.500000000000000444 ) ) ;
#5263 = DIRECTION ( 'NONE',  ( 1.000000000000000000, 0.000000000000000000, 0.000000000000000000 ) ) ;
#5264 = VECTOR ( 'NONE', #5950, 1000.000000000000000 ) ;
#5265 = ADVANCED_FACE ( 'NONE', ( #3697 ), #4161, .F. ) ;
#5266 = VECTOR ( 'NONE', #394, 1000.000000000000000 ) ;
#5267 = CARTESIAN_POINT ( 'NONE',  ( -31.76788286210068790, 20.78641401289933910, 0.5000000000000004441 ) ) ;
#5268 = ORIENTED_EDGE ( 'NONE', *, *, #6122, .F. ) ;
#5269 = VERTEX_POINT ( 'NONE', #588 ) ;
#5270 = FACE_OUTER_BOUND ( 'NONE', #61, .T. ) ;
#5271 = AXIS2_PLACEMENT_3D ( 'NONE', #85, #630, #1639 ) ;
#5272 = DIRECTION ( 'NONE',  ( 0.000000000000000000, 0.000000000000000000, 1.000000000000000000 ) ) ;
#5273 = CARTESIAN_POINT ( 'NONE',  ( -45.75000000000000000, 10.65429687500000355, 0.4000000000000114575 ) ) ;
#5274 = EDGE_CURVE ( 'NONE', #5523, #907, #3757, .T. ) ;
#5275 = VECTOR ( 'NONE', #5791, 1000.000000000000000 ) ;
#5276 = EDGE_LOOP ( 'NONE', ( #3894, #2130, #2933, #3589, #4230 ) ) ;
#5277 = ORIENTED_EDGE ( 'NONE', *, *, #1102, .F. ) ;
#5278 = ORIENTED_EDGE ( 'NONE', *, *, #6502, .F. ) ;
#5279 = ADVANCED_FACE ( 'NONE', ( #5743 ), #2190, .F. ) ;
#5280 = LINE ( 'NONE', #3237, #4506 ) ;
#5281 = EDGE_CURVE ( 'NONE', #2381, #1031, #5305, .T. ) ;
#5282 = DIRECTION ( 'NONE',  ( 0.000000000000000000, -0.7071067811865477948, -0.7071067811865473507 ) ) ;
#5283 = CARTESIAN_POINT ( 'NONE',  ( -38.75000000000000000, 13.15429687499999289, 6.000000000000000000 ) ) ;
#5284 = EDGE_CURVE ( 'NONE', #3804, #3414, #2627, .T. ) ;
#5285 = CARTESIAN_POINT ( 'NONE',  ( 50.55264859759966356, 22.70639604679944767, 1.297351402400501286 ) ) ;
#5286 = DIRECTION ( 'NONE',  ( 0.000000000000000000, 0.000000000000000000, -1.000000000000000000 ) ) ;
#5287 = CARTESIAN_POINT ( 'NONE',  ( -37.06788286210068861, 20.78641401289933910, -2.999999999999999112 ) ) ;
#5288 = AXIS2_PLACEMENT_3D ( 'NONE', #2548, #972, #6044 ) ;
#5289 = DIRECTION ( 'NONE',  ( 0.7071067811865469066, 0.7071067811865482389, 0.000000000000000000 ) ) ;
#5290 = CARTESIAN_POINT ( 'NONE',  ( -45.75000000000000000, 24.08861145005074533, 6.000000000000000000 ) ) ;
#5291 = LINE ( 'NONE', #4683, #517 ) ;
#5292 = LINE ( 'NONE', #3281, #4387 ) ;
#5293 = AXIS2_PLACEMENT_3D ( 'NONE', #137, #5712, #1657 ) ;
#5294 = ORIENTED_EDGE ( 'NONE', *, *, #1161, .F. ) ;
#5295 = ADVANCED_FACE ( 'NONE', ( #4762 ), #4665, .F. ) ;
#5296 = VERTEX_POINT ( 'NONE', #4793 ) ;
#5297 = VERTEX_POINT ( 'NONE', #3793 ) ;
#5298 = VECTOR ( 'NONE', #4874, 1000.000000000000000 ) ;
#5299 = CARTESIAN_POINT ( 'NONE',  ( -30.01788286210068435, 20.78641401289933910, 1.500000000000000444 ) ) ;
#5300 = CARTESIAN_POINT ( 'NONE',  ( 6.582117137899329506, 16.07582173911838908, 2.757618389620105415 ) ) ;
#5301 = LINE ( 'NONE', #2251, #16 ) ;
#5302 = VERTEX_POINT ( 'NONE', #1180 ) ;
#5303 = EDGE_CURVE ( 'NONE', #3982, #5838, #4231, .T. ) ;
#5304 = ORIENTED_EDGE ( 'NONE', *, *, #936, .T. ) ;
#5305 = LINE ( 'NONE', #715, #1441 ) ;
#5306 = DIRECTION ( 'NONE',  ( 1.309225264888156130E-15, -1.000000000000000000, 0.000000000000000000 ) ) ;
#5307 = DIRECTION ( 'NONE',  ( 0.000000000000000000, -0.000000000000000000, 1.000000000000000000 ) ) ;
#5308 = EDGE_LOOP ( 'NONE', ( #3048, #63, #3824, #5495, #3910, #3562, #4410, #2907, #5871, #397, #169, #6376, #2835, #4627, #3291, #414, #3110, #6467, #4735, #6392, #2858, #2579, #4924, #816 ) ) ;
#5309 = VERTEX_POINT ( 'NONE', #1621 ) ;
#5310 = ORIENTED_EDGE ( 'NONE', *, *, #1223, .T. ) ;
#5311 = ADVANCED_FACE ( 'NONE', ( #5270 ), #5237, .F. ) ;
#5312 = CARTESIAN_POINT ( 'NONE',  ( -6.795166866136084671, 15.66277201088163373, 3.250000000000000444 ) ) ;
#5313 = DIRECTION ( 'NONE',  ( -0.000000000000000000, -0.000000000000000000, 1.000000000000000000 ) ) ;
#5314 = ADVANCED_FACE ( 'NONE', ( #2220 ), #4260, .F. ) ;
#5315 = DIRECTION ( 'NONE',  ( 0.000000000000000000, -0.000000000000000000, 1.000000000000000000 ) ) ;
#5316 = EDGE_CURVE ( 'NONE', #6038, #5817, #1745, .T. ) ;
#5317 = ORIENTED_EDGE ( 'NONE', *, *, #1640, .T. ) ;
#5318 = LINE ( 'NONE', #4242, #1203 ) ;
#5319 = EDGE_CURVE ( 'NONE', #1676, #3060, #2687, .T. ) ;
#5320 = DIRECTION ( 'NONE',  ( 1.309225264888156130E-15, -1.000000000000000000, 0.000000000000000000 ) ) ;
#5321 = DIRECTION ( 'NONE',  ( -0.7071067811865469066, -0.7071067811865482389, 0.000000000000000000 ) ) ;
#5322 = EDGE_CURVE ( 'NONE', #5559, #1169, #4461, .T. ) ;
#5323 = LINE ( 'NONE', #4313, #226 ) ;
#5324 = CARTESIAN_POINT ( 'NONE',  ( -16.41788286210066872, 20.23277201088163224, 1.500000000000000444 ) ) ;
#5325 = DIRECTION ( 'NONE',  ( 1.000000000000000000, 1.334402673828313339E-16, -0.000000000000000000 ) ) ;
#5326 = VERTEX_POINT ( 'NONE', #5433 ) ;
#5327 = ORIENTED_EDGE ( 'NONE', *, *, #1255, .F. ) ;
#5328 = ORIENTED_EDGE ( 'NONE', *, *, #1588, .F. ) ;
#5329 = VECTOR ( 'NONE', #3354, 1000.000000000000000 ) ;
#5330 = LINE ( 'NONE', #6371, #6346 ) ;
#5331 = CARTESIAN_POINT ( 'NONE',  ( 32.58211713789932418, 20.78641401289933910, 0.5000000000000004441 ) ) ;
#5332 = PLANE ( 'NONE',  #97 ) ;
#5333 = CARTESIAN_POINT ( 'NONE',  ( 45.84999999999998721, 25.25429687499997655, 0.000000000000000000 ) ) ;
#5334 = VECTOR ( 'NONE', #1635, 1000.000000000000000 ) ;
#5335 = VERTEX_POINT ( 'NONE', #3359 ) ;
#5336 = ORIENTED_EDGE ( 'NONE', *, *, #4171, .F. ) ;
#5337 = DIRECTION ( 'NONE',  ( 0.000000000000000000, 0.000000000000000000, 1.000000000000000000 ) ) ;
#5338 = FACE_OUTER_BOUND ( 'NONE', #4799, .T. ) ;
#5339 = CARTESIAN_POINT ( 'NONE',  ( 29.58211713789933484, 20.16277201088163196, 3.250000000000000444 ) ) ;
#5340 = EDGE_CURVE ( 'NONE', #4371, #4364, #4395, .T. ) ;
#5341 = EDGE_LOOP ( 'NONE', ( #997, #2654, #5257, #3212, #6360, #5704, #5632, #825, #929, #4976 ) ) ;
#5342 = ORIENTED_EDGE ( 'NONE', *, *, #902, .F. ) ;
#5343 = ORIENTED_EDGE ( 'NONE', *, *, #1422, .T. ) ;
#5344 = CARTESIAN_POINT ( 'NONE',  ( -0.000000000000000000, 25.25429687499997655, 0.000000000000000000 ) ) ;
#5345 = PLANE ( 'NONE',  #5673 ) ;
#5346 = DIRECTION ( 'NONE',  ( 0.000000000000000000, 0.000000000000000000, -1.000000000000000000 ) ) ;
#5347 = VERTEX_POINT ( 'NONE', #1247 ) ;
#5348 = DIRECTION ( 'NONE',  ( -1.000000000000000000, -0.000000000000000000, -0.000000000000000000 ) ) ;
#5349 = FACE_OUTER_BOUND ( 'NONE', #1537, .T. ) ;
#5350 = CARTESIAN_POINT ( 'NONE',  ( 6.582117137899329506, 16.07582173911838908, 3.742381610379895029 ) ) ;
#5351 = EDGE_CURVE ( 'NONE', #317, #6104, #339, .T. ) ;
#5352 = DIRECTION ( 'NONE',  ( -0.000000000000000000, -0.000000000000000000, 1.000000000000000000 ) ) ;
#5353 = FACE_OUTER_BOUND ( 'NONE', #5780, .T. ) ;
#5354 = DIRECTION ( 'NONE',  ( 0.000000000000000000, 0.000000000000000000, -1.000000000000000000 ) ) ;
#5355 = VECTOR ( 'NONE', #5933, 1000.000000000000000 ) ;
#5356 = ORIENTED_EDGE ( 'NONE', *, *, #1640, .F. ) ;
#5357 = ORIENTED_EDGE ( 'NONE', *, *, #3023, .F. ) ;
#5358 = VERTEX_POINT ( 'NONE', #4828 ) ;
#5359 = EDGE_CURVE ( 'NONE', #93, #4857, #2722, .T. ) ;
#5360 = EDGE_CURVE ( 'NONE', #2381, #3841, #1785, .T. ) ;
#5361 = VECTOR ( 'NONE', #8, 1000.000000000000114 ) ;
#5362 = DIRECTION ( 'NONE',  ( 0.000000000000000000, 0.000000000000000000, 1.000000000000000000 ) ) ;
#5363 = DIRECTION ( 'NONE',  ( 0.7071067811865479058, -0.7071067811865471286, 0.000000000000000000 ) ) ;
#5364 = CARTESIAN_POINT ( 'NONE',  ( -38.75000000000000000, 22.40429687500000355, 1.000000000000000000 ) ) ;
#5365 = ADVANCED_FACE ( 'NONE', ( #1912 ), #2290, .F. ) ;
#5366 = AXIS2_PLACEMENT_3D ( 'NONE', #3556, #4556, #5667 ) ;
#5367 = EDGE_LOOP ( 'NONE', ( #2180, #4145, #2866, #2296, #4766, #1538, #5877, #4585, #5797 ) ) ;
#5368 = ORIENTED_EDGE ( 'NONE', *, *, #66, .F. ) ;
#5369 = DIRECTION ( 'NONE',  ( 0.000000000000000000, -0.000000000000000000, 1.000000000000000000 ) ) ;
#5370 =( NAMED_UNIT ( * ) PLANE_ANGLE_UNIT ( ) SI_UNIT ( $, .RADIAN. ) );
#5371 = AXIS2_PLACEMENT_3D ( 'NONE', #4051, #4557, #1041 ) ;
#5372 = VECTOR ( 'NONE', #4474, 1000.000000000000000 ) ;
#5373 = DIRECTION ( 'NONE',  ( 1.000000000000000000, 0.000000000000000000, -0.000000000000000000 ) ) ;
#5374 = ORIENTED_EDGE ( 'NONE', *, *, #3279, .F. ) ;
#5375 = ORIENTED_EDGE ( 'NONE', *, *, #2241, .T. ) ;
#5376 = VECTOR ( 'NONE', #4509, 1000.000000000000000 ) ;
#5377 = EDGE_CURVE ( 'NONE', #4237, #2850, #5948, .T. ) ;
#5378 = EDGE_LOOP ( 'NONE', ( #4342, #6172, #1037, #4808 ) ) ;
#5379 = CARTESIAN_POINT ( 'NONE',  ( -45.75000000000000000, 25.25429687500001918, 6.000000000000000000 ) ) ;
#5380 = CARTESIAN_POINT ( 'NONE',  ( 31.93211713789932560, 15.48641401289933661, 0.000000000000000000 ) ) ;
#5381 = VECTOR ( 'NONE', #6601, 1000.000000000000000 ) ;
#5382 = DIRECTION ( 'NONE',  ( 0.000000000000000000, -0.000000000000000000, 1.000000000000000000 ) ) ;
#5383 = DIRECTION ( 'NONE',  ( 0.7071067811865469066, 0.7071067811865482389, 0.000000000000000000 ) ) ;
#5384 = ORIENTED_EDGE ( 'NONE', *, *, #3577, .T. ) ;
#5385 = DIRECTION ( 'NONE',  ( -0.7071067811865466846, -0.7071067811865483499, 0.000000000000000000 ) ) ;
#5386 = ORIENTED_EDGE ( 'NONE', *, *, #1427, .T. ) ;
#5387 = CARTESIAN_POINT ( 'NONE',  ( -31.76788286210068790, 15.50448725967914676, 0.5000000000000004441 ) ) ;
#5388 = ADVANCED_FACE ( 'NONE', ( #4329 ), #1854, .F. ) ;
#5389 = DIRECTION ( 'NONE',  ( 1.000000000000000000, 4.173067663955945463E-16, 0.000000000000000000 ) ) ;
#5390 = LINE ( 'NONE', #2772, #1731 ) ;
#5391 = CARTESIAN_POINT ( 'NONE',  ( -45.75000000000000000, 16.16277201088163551, 3.250000000000000444 ) ) ;
#5392 = LINE ( 'NONE', #6366, #6001 ) ;
#5393 = VERTEX_POINT ( 'NONE', #5467 ) ;
#5394 = VECTOR ( 'NONE', #4031, 1000.000000000000000 ) ;
#5395 = ORIENTED_EDGE ( 'NONE', *, *, #3491, .F. ) ;
#5396 = ORIENTED_EDGE ( 'NONE', *, *, #1555, .T. ) ;
#5397 = ADVANCED_FACE ( 'NONE', ( #6377 ), #3890, .F. ) ;
#5398 = CARTESIAN_POINT ( 'NONE',  ( 51.11666666666661740, 15.92096354166643302, 5.266666666666626639 ) ) ;
#5399 = DIRECTION ( 'NONE',  ( 1.000000000000000000, -1.734723475976806709E-18, -0.000000000000000000 ) ) ;
#5400 = VECTOR ( 'NONE', #2421, 1000.000000000000000 ) ;
#5401 = CARTESIAN_POINT ( 'NONE',  ( -29.79516686613608201, 15.66277201088163018, 3.503801376738364226 ) ) ;
#5402 = ADVANCED_FACE ( 'NONE', ( #5911 ), #781, .F. ) ;
#5403 = ORIENTED_EDGE ( 'NONE', *, *, #2284, .T. ) ;
#5404 = EDGE_CURVE ( 'NONE', #6072, #489, #2823, .T. ) ;
#5405 = ORIENTED_EDGE ( 'NONE', *, *, #3512, .T. ) ;
#5406 = VECTOR ( 'NONE', #5221, 1000.000000000000000 ) ;
#5407 = CARTESIAN_POINT ( 'NONE',  ( 39.25000000000000000, 23.15429687500000000, 6.000000000000000000 ) ) ;
#5408 = DIRECTION ( 'NONE',  ( -0.000000000000000000, -1.000000000000000000, -0.000000000000000000 ) ) ;
#5409 = CARTESIAN_POINT ( 'NONE',  ( 9.582117137899318848, 15.48641401289933661, 0.5000000000000004441 ) ) ;
#5410 = ORIENTED_EDGE ( 'NONE', *, *, #843, .T. ) ;
#5411 = EDGE_LOOP ( 'NONE', ( #3696, #3703, #4451, #5250 ) ) ;
#5412 = ORIENTED_EDGE ( 'NONE', *, *, #2039, .F. ) ;
#5413 = LINE ( 'NONE', #1286, #1297 ) ;
#5414 = LINE ( 'NONE', #4405, #892 ) ;
#5415 = CARTESIAN_POINT ( 'NONE',  ( -16.41788286210066872, 16.07582173911838908, 1.500000000000000444 ) ) ;
#5416 = DIRECTION ( 'NONE',  ( 0.000000000000000000, 0.000000000000000000, 1.000000000000000000 ) ) ;
#5417 = EDGE_LOOP ( 'NONE', ( #4840, #3656, #3053, #3132 ) ) ;
#5418 = DIRECTION ( 'NONE',  ( -0.000000000000000000, -0.000000000000000000, 1.000000000000000000 ) ) ;
#5419 = ORIENTED_EDGE ( 'NONE', *, *, #359, .T. ) ;
#5420 = DIRECTION ( 'NONE',  ( 1.000000000000000000, 0.000000000000000000, 0.000000000000000000 ) ) ;
#5421 = LINE ( 'NONE', #5991, #1539 ) ;
#5422 = LINE ( 'NONE', #917, #3968 ) ;
#5423 = LINE ( 'NONE', #3345, #5659 ) ;
#5424 = DIRECTION ( 'NONE',  ( 0.7071067811865479058, -0.7071067811865471286, 0.000000000000000000 ) ) ;
#5425 = ORIENTED_EDGE ( 'NONE', *, *, #5804, .T. ) ;
#5426 = EDGE_LOOP ( 'NONE', ( #4224, #1701, #3623, #5845, #2769, #4663, #176, #101, #6459, #1654, #1284 ) ) ;
#5427 = VERTEX_POINT ( 'NONE', #270 ) ;
#5428 = LINE ( 'NONE', #4852, #1642 ) ;
#5429 = DIRECTION ( 'NONE',  ( -0.000000000000000000, -0.000000000000000000, 1.000000000000000000 ) ) ;
#5430 = DIRECTION ( 'NONE',  ( 0.000000000000000000, 0.000000000000000000, -1.000000000000000000 ) ) ;
#5431 = ORIENTED_EDGE ( 'NONE', *, *, #175, .F. ) ;
#5432 = VERTEX_POINT ( 'NONE', #304 ) ;
#5433 = CARTESIAN_POINT ( 'NONE',  ( 8.932117137899320269, 20.78641401289933910, 1.500000000000000444 ) ) ;
#5434 = CARTESIAN_POINT ( 'NONE',  ( -29.38211713789932489, 20.23277201088162514, 2.754924248220536942 ) ) ;
#5435 = EDGE_CURVE ( 'NONE', #177, #3790, #1314, .T. ) ;
#5436 = FACE_OUTER_BOUND ( 'NONE', #3561, .T. ) ;
#5437 = VECTOR ( 'NONE', #634, 1000.000000000000000 ) ;
#5438 = EDGE_LOOP ( 'NONE', ( #6147, #4594, #2663, #4864 ) ) ;
#5439 = EDGE_CURVE ( 'NONE', #2748, #6415, #3922, .T. ) ;
#5440 = ORIENTED_EDGE ( 'NONE', *, *, #6449, .T. ) ;
#5441 = ORIENTED_EDGE ( 'NONE', *, *, #2017, .F. ) ;
#5442 = DIRECTION ( 'NONE',  ( -0.000000000000000000, -0.000000000000000000, 1.000000000000000000 ) ) ;
#5443 = VECTOR ( 'NONE', #2230, 1000.000000000000000 ) ;
#5444 = LINE ( 'NONE', #349, #4534 ) ;
#5445 = EDGE_CURVE ( 'NONE', #830, #1318, #4887, .T. ) ;
#5446 = CC_DESIGN_PERSON_AND_ORGANIZATION_ASSIGNMENT ( #5059, #1008, ( #4344 ) ) ;
#5447 = CARTESIAN_POINT ( 'NONE',  ( -43.50000000000000000, 22.90429687500000355, 0.5999999999999999778 ) ) ;
#5448 = CARTESIAN_POINT ( 'NONE',  ( 8.932117137899320269, 20.80448725967914925, 1.500000000000000444 ) ) ;
#5449 = ORIENTED_EDGE ( 'NONE', *, *, #5562, .T. ) ;
#5450 = CARTESIAN_POINT ( 'NONE',  ( 31.93211713789932560, 15.48641401289933661, -2.999999999999999112 ) ) ;
#5451 = CARTESIAN_POINT ( 'NONE',  ( -38.75000000000000000, 13.15429687499999289, 4.000000000000000000 ) ) ;
#5452 = DIRECTION ( 'NONE',  ( 0.000000000000000000, 1.000000000000000000, 0.000000000000000000 ) ) ;
#5453 = CARTESIAN_POINT ( 'NONE',  ( -6.382117137899323112, 16.07582173911839263, 4.000000000000000000 ) ) ;
#5454 = DIRECTION ( 'NONE',  ( 0.000000000000000000, 0.000000000000000000, 1.000000000000000000 ) ) ;
#5455 = AXIS2_PLACEMENT_3D ( 'NONE', #1526, #2459, #1923 ) ;
#5456 = VERTEX_POINT ( 'NONE', #2919 ) ;
#5457 = EDGE_LOOP ( 'NONE', ( #4685, #4978, #3719, #5953 ) ) ;
#5458 = ORIENTED_EDGE ( 'NONE', *, *, #3232, .T. ) ;
#5459 = EDGE_CURVE ( 'NONE', #3450, #264, #378, .T. ) ;
#5460 = CARTESIAN_POINT ( 'NONE',  ( 29.58211713789933484, 20.16277201088163196, 3.250000000000000444 ) ) ;
#5461 = AXIS2_PLACEMENT_3D ( 'NONE', #260, #3839, #5897 ) ;
#5462 = CARTESIAN_POINT ( 'NONE',  ( 9.521524864118385167, 13.13641401289933697, 6.000000000000000000 ) ) ;
#5463 = CARTESIAN_POINT ( 'NONE',  ( 32.58211713789932418, 20.78641401289933910, 0.5000000000000004441 ) ) ;
#5464 = EDGE_LOOP ( 'NONE', ( #4326, #4123, #6563, #3284, #2971, #472 ) ) ;
#5465 = ORIENTED_EDGE ( 'NONE', *, *, #5521, .T. ) ;
#5466 = VECTOR ( 'NONE', #6084, 1000.000000000000000 ) ;
#5467 = CARTESIAN_POINT ( 'NONE',  ( -16.41788286210066872, 16.66277201088163551, 3.250000000000000444 ) ) ;
#5468 = DIRECTION ( 'NONE',  ( -0.000000000000000000, 1.000000000000000000, 0.000000000000000000 ) ) ;
#5469 = EDGE_CURVE ( 'NONE', #3485, #5843, #5151, .T. ) ;
#5470 = DIRECTION ( 'NONE',  ( 0.000000000000000000, -1.000000000000000000, 0.000000000000000000 ) ) ;
#5471 = AXIS2_PLACEMENT_3D ( 'NONE', #4097, #5573, #4596 ) ;
#5472 = EDGE_LOOP ( 'NONE', ( #4204, #4987, #3032, #6133, #5116, #6105 ) ) ;
#5473 = VERTEX_POINT ( 'NONE', #6232 ) ;
#5474 = PLANE ( 'NONE',  #118 ) ;
#5475 = VECTOR ( 'NONE', #1958, 1000.000000000000000 ) ;
#5476 = AXIS2_PLACEMENT_3D ( 'NONE', #5287, #1231, #5320 ) ;
#5477 = DIRECTION ( 'NONE',  ( -0.7071067811865466846, -0.7071067811865483499, 0.000000000000000000 ) ) ;
#5478 = EDGE_CURVE ( 'NONE', #1888, #2795, #571, .T. ) ;
#5479 = CARTESIAN_POINT ( 'NONE',  ( 36.58211713789932418, 13.48641401289933661, 1.500000000000000444 ) ) ;
#5480 = VECTOR ( 'NONE', #5470, 1000.000000000000000 ) ;
#5481 = LINE ( 'NONE', #6620, #2893 ) ;
#5482 = EDGE_LOOP ( 'NONE', ( #5403, #819, #6078, #838 ) ) ;
#5483 = EDGE_CURVE ( 'NONE', #5779, #3151, #2671, .T. ) ;
#5484 = ADVANCED_FACE ( 'NONE', ( #2076, #5694 ), #3105, .T. ) ;
#5485 = EDGE_CURVE ( 'NONE', #1313, #1875, #2610, .T. ) ;
#5486 = CARTESIAN_POINT ( 'NONE',  ( 16.61788286210067511, 16.07582173911839263, 1.500000000000000444 ) ) ;
#5487 = CC_DESIGN_DATE_AND_TIME_ASSIGNMENT ( #2013, #4016, ( #275 ) ) ;
#5488 = CARTESIAN_POINT ( 'NONE',  ( 14.23211713789931210, 15.50448725967914676, 1.500000000000000444 ) ) ;
#5489 = VECTOR ( 'NONE', #216, 1000.000000000000000 ) ;
#5490 = DIRECTION ( 'NONE',  ( 0.7071067811865466846, 0.7071067811865483499, 0.000000000000000000 ) ) ;
#5491 = FACE_OUTER_BOUND ( 'NONE', #3013, .T. ) ;
#5492 = LINE ( 'NONE', #960, #3343 ) ;
#5493 = ORIENTED_EDGE ( 'NONE', *, *, #4958, .T. ) ;
#5494 = EDGE_LOOP ( 'NONE', ( #3400, #5074, #2073, #4546 ) ) ;
#5495 = ORIENTED_EDGE ( 'NONE', *, *, #1956, .T. ) ;
#5496 = CARTESIAN_POINT ( 'NONE',  ( 46.25000000000000000, 13.90429687500000355, 1.000000000000000000 ) ) ;
#5497 = DIRECTION ( 'NONE',  ( -1.000000000000000000, 0.000000000000000000, 0.000000000000000000 ) ) ;
#5498 = CARTESIAN_POINT ( 'NONE',  ( 15.98211713789931387, 20.78641401289933910, 0.5000000000000004441 ) ) ;
#5499 = CIRCLE ( 'NONE', #2609, 0.5000000000000000000 ) ;
#5500 = VERTEX_POINT ( 'NONE', #1574 ) ;
#5501 = ORIENTED_EDGE ( 'NONE', *, *, #3275, .T. ) ;
#5502 = CARTESIAN_POINT ( 'NONE',  ( -43.75000000000000000, 23.15429687500000355, 0.2500000000000000000 ) ) ;
#5503 = AXIS2_PLACEMENT_3D ( 'NONE', #4727, #716, #4232 ) ;
#5504 = LINE ( 'NONE', #1855, #3574 ) ;
#5505 = PLANE ( 'NONE',  #6233 ) ;
#5506 = EDGE_LOOP ( 'NONE', ( #3896, #490, #1204, #1620 ) ) ;
#5507 = ORIENTED_EDGE ( 'NONE', *, *, #1722, .T. ) ;
#5508 = LINE ( 'NONE', #5879, #2368 ) ;
#5509 = LINE ( 'NONE', #2958, #6258 ) ;
#5510 = DIRECTION ( 'NONE',  ( 0.000000000000000000, 0.000000000000000000, 1.000000000000000000 ) ) ;
#5511 = FACE_OUTER_BOUND ( 'NONE', #4014, .T. ) ;
#5512 = ORIENTED_EDGE ( 'NONE', *, *, #3998, .F. ) ;
#5513 = CARTESIAN_POINT ( 'NONE',  ( -45.75000000000000000, 16.16277201088163551, 3.250000000000000444 ) ) ;
#5514 = DIRECTION ( 'NONE',  ( 1.000000000000000000, 0.000000000000000000, 0.000000000000000000 ) ) ;
#5515 = EDGE_CURVE ( 'NONE', #1328, #1951, #1643, .T. ) ;
#5516 = EDGE_CURVE ( 'NONE', #5261, #2685, #121, .T. ) ;
#5517 = DIRECTION ( 'NONE',  ( 0.000000000000000000, 0.000000000000000000, 1.000000000000000000 ) ) ;
#5518 = PLANE ( 'NONE',  #5783 ) ;
#5519 = CARTESIAN_POINT ( 'NONE',  ( 39.25000000000000000, 23.15429687500000000, 4.000000000000000000 ) ) ;
#5520 = VERTEX_POINT ( 'NONE', #4521 ) ;
#5521 = EDGE_CURVE ( 'NONE', #4088, #5982, #2641, .T. ) ;
#5522 = EDGE_LOOP ( 'NONE', ( #2721, #1546, #2856, #4835 ) ) ;
#5523 = VERTEX_POINT ( 'NONE', #940 ) ;
#5524 = DIRECTION ( 'NONE',  ( 0.000000000000000000, 0.000000000000000000, -1.000000000000000000 ) ) ;
#5525 = ADVANCED_FACE ( 'NONE', ( #5727 ), #1100, .F. ) ;
#5526 = DIRECTION ( 'NONE',  ( -0.000000000000000000, 1.000000000000000000, 0.000000000000000000 ) ) ;
#5527 = CARTESIAN_POINT ( 'NONE',  ( -32.41788286210068293, 20.78641401289933910, 1.500000000000000444 ) ) ;
#5528 = VERTEX_POINT ( 'NONE', #5502 ) ;
#5529 = ORIENTED_EDGE ( 'NONE', *, *, #74, .F. ) ;
#5530 = CARTESIAN_POINT ( 'NONE',  ( -9.303642002017703305, 13.15429687500000000, 4.000000000000000000 ) ) ;
#5531 = DATE_AND_TIME ( #542, #813 ) ;
#5532 = CARTESIAN_POINT ( 'NONE',  ( -43.75000000000000000, 23.15429687500000355, 0.3499999999999999223 ) ) ;
#5533 = CARTESIAN_POINT ( 'NONE',  ( 9.582117137899318848, 22.78641401289933910, 1.500000000000000444 ) ) ;
#5534 = CARTESIAN_POINT ( 'NONE',  ( -45.35000000000000142, 25.65429687500000355, 0.4000000000000114575 ) ) ;
#5535 = EDGE_LOOP ( 'NONE', ( #6572, #1776, #5374, #2471 ) ) ;
#5536 = ORIENTED_EDGE ( 'NONE', *, *, #2310, .T. ) ;
#5537 = FACE_BOUND ( 'NONE', #2828, .T. ) ;
#5538 = EDGE_CURVE ( 'NONE', #4237, #5347, #1131, .T. ) ;
#5539 = DIRECTION ( 'NONE',  ( -0.000000000000000000, -0.000000000000000000, -1.000000000000000000 ) ) ;
#5540 = EDGE_CURVE ( 'NONE', #3122, #40, #1411, .T. ) ;
#5541 = AXIS2_PLACEMENT_3D ( 'NONE', #2283, #4322, #6136 ) ;
#5542 = FACE_OUTER_BOUND ( 'NONE', #47, .T. ) ;
#5543 = CARTESIAN_POINT ( 'NONE',  ( -6.382117137899323112, 16.07582173911839263, 2.757618389620105415 ) ) ;
#5544 = DIRECTION ( 'NONE',  ( 1.000000000000000000, 0.000000000000000000, 0.000000000000000000 ) ) ;
#5545 = ORIENTED_EDGE ( 'NONE', *, *, #3684, .T. ) ;
#5546 = VECTOR ( 'NONE', #2536, 1000.000000000000000 ) ;
#5547 = EDGE_LOOP ( 'NONE', ( #4537, #5368, #2583, #594 ) ) ;
#5548 = CARTESIAN_POINT ( 'NONE',  ( 31.93211713789932560, 15.48641401289933661, -2.999999999999999112 ) ) ;
#5549 = CARTESIAN_POINT ( 'NONE',  ( -37.06788286210068151, 20.80448725967914925, 1.500000000000000444 ) ) ;
#5550 = CARTESIAN_POINT ( 'NONE',  ( -45.34999999999998721, 0.000000000000000000, 0.000000000000000000 ) ) ;
#5551 = FACE_OUTER_BOUND ( 'NONE', #4113, .T. ) ;
#5552 = CARTESIAN_POINT ( 'NONE',  ( -36.41788286210068293, 22.78641401289933910, 0.5000000000000004441 ) ) ;
#5553 = ORIENTED_EDGE ( 'NONE', *, *, #3253, .T. ) ;
#5554 = ORIENTED_EDGE ( 'NONE', *, *, #1058, .F. ) ;
#5555 = CARTESIAN_POINT ( 'NONE',  ( 39.25000000000000000, 13.15429687500000355, 4.000000000000000000 ) ) ;
#5556 = LINE ( 'NONE', #1941, #1477 ) ;
#5557 = DIRECTION ( 'NONE',  ( 1.000000000000000000, 0.000000000000000000, 0.000000000000000000 ) ) ;
#5558 = VECTOR ( 'NONE', #1474, 1000.000000000000000 ) ;
#5559 = VERTEX_POINT ( 'NONE', #5530 ) ;
#5560 = EDGE_CURVE ( 'NONE', #459, #4784, #1446, .T. ) ;
#5561 = ORIENTED_EDGE ( 'NONE', *, *, #4057, .F. ) ;
#5562 = EDGE_CURVE ( 'NONE', #2829, #5720, #2174, .T. ) ;
#5563 = ORIENTED_EDGE ( 'NONE', *, *, #5892, .F. ) ;
#5564 = VECTOR ( 'NONE', #3444, 1000.000000000000000 ) ;
#5565 = PERSON_AND_ORGANIZATION ( #6057, #686 ) ;
#5566 = CARTESIAN_POINT ( 'NONE',  ( -9.321524864118385878, 23.17217973710068080, 1.500000000000000444 ) ) ;
#5567 = FACE_OUTER_BOUND ( 'NONE', #2879, .T. ) ;
#5568 = ADVANCED_FACE ( 'NONE', ( #2484 ), #23, .F. ) ;
#5569 = DIRECTION ( 'NONE',  ( 0.000000000000000000, -0.000000000000000000, -1.000000000000000000 ) ) ;
#5570 = VECTOR ( 'NONE', #5544, 1000.000000000000000 ) ;
#5571 = VERTEX_POINT ( 'NONE', #4989 ) ;
#5572 = ORIENTED_EDGE ( 'NONE', *, *, #1675, .F. ) ;
#5573 = DIRECTION ( 'NONE',  ( 1.000000000000000000, 0.000000000000000000, 0.000000000000000000 ) ) ;
#5574 = DIRECTION ( 'NONE',  ( -0.000000000000000000, 1.000000000000000000, -0.000000000000000000 ) ) ;
#5575 = VECTOR ( 'NONE', #4156, 1000.000000000000000 ) ;
#5576 = CARTESIAN_POINT ( 'NONE',  ( -43.25000000000000000, 23.15429687500000355, 0.5999999999999999778 ) ) ;
#5577 = CARTESIAN_POINT ( 'NONE',  ( 39.25000000000000000, 20.60065487298230735, 3.491368181578518026 ) ) ;
#5578 = VERTEX_POINT ( 'NONE', #3487 ) ;
#5579 = EDGE_CURVE ( 'NONE', #2875, #2430, #407, .T. ) ;
#5580 = AXIS2_PLACEMENT_3D ( 'NONE', #1132, #3175, #5253 ) ;
#5581 = ADVANCED_FACE ( 'NONE', ( #4488 ), #1066, .F. ) ;
#5582 = VECTOR ( 'NONE', #1798, 1000.000000000000000 ) ;
#5583 = ORIENTED_EDGE ( 'NONE', *, *, #5240, .F. ) ;
#5584 = PLANE ( 'NONE',  #3969 ) ;
#5585 = CARTESIAN_POINT ( 'NONE',  ( 36.67847513588163366, 13.13641401289933874, 6.000000000000000000 ) ) ;
#5586 = VECTOR ( 'NONE', #2757, 1000.000000000000000 ) ;
#5587 = CARTESIAN_POINT ( 'NONE',  ( 0.000000000000000000, 0.000000000000000000, 4.000000000000000000 ) ) ;
#5588 = CARTESIAN_POINT ( 'NONE',  ( -14.06788286210067973, 20.80448725967914925, 1.500000000000000444 ) ) ;
#5589 = LINE ( 'NONE', #3479, #5266 ) ;
#5590 = EDGE_CURVE ( 'NONE', #2820, #4085, #1232, .T. ) ;
#5591 = ORIENTED_EDGE ( 'NONE', *, *, #5485, .F. ) ;
#5592 = ORIENTED_EDGE ( 'NONE', *, *, #33, .T. ) ;
#5593 = VECTOR ( 'NONE', #38, 1000.000000000000000 ) ;
#5594 = CARTESIAN_POINT ( 'NONE',  ( -16.41788286210066872, 16.07582173911838908, 4.000000000000000000 ) ) ;
#5595 = DIRECTION ( 'NONE',  ( 1.000000000000000000, 4.173067663955944970E-16, 0.000000000000000000 ) ) ;
#5596 = CARTESIAN_POINT ( 'NONE',  ( 39.25000000000000000, 13.15429687500000355, 6.000000000000000000 ) ) ;
#5597 = EDGE_LOOP ( 'NONE', ( #3825, #707, #5671, #2056 ) ) ;
#5598 = EDGE_CURVE ( 'NONE', #2812, #3973, #3244, .T. ) ;
#5599 = EDGE_LOOP ( 'NONE', ( #3731, #638, #345, #6241 ) ) ;
#5600 = ORIENTED_EDGE ( 'NONE', *, *, #3349, .F. ) ;
#5601 = DATE_AND_TIME ( #3520, #1543 ) ;
#5602 = CARTESIAN_POINT ( 'NONE',  ( -37.06788286210068151, 15.48641401289933661, 1.000000000000000000 ) ) ;
#5603 = CARTESIAN_POINT ( 'NONE',  ( 39.61788286210068577, 20.23277201088162514, 1.500000000000000444 ) ) ;
#5604 = CIRCLE ( 'NONE', #3249, 0.2500000000000000000 ) ;
#5605 = ADVANCED_FACE ( 'NONE', ( #5890 ), #3741, .T. ) ;
#5606 = EDGE_CURVE ( 'NONE', #6308, #4264, #5826, .T. ) ;
#5607 = DIRECTION ( 'NONE',  ( -0.000000000000000000, -0.000000000000000000, 1.000000000000000000 ) ) ;
#5608 = EDGE_CURVE ( 'NONE', #2447, #1936, #413, .T. ) ;
#5609 = EDGE_LOOP ( 'NONE', ( #2003, #6629, #3315, #467 ) ) ;
#5610 = ORIENTED_EDGE ( 'NONE', *, *, #2703, .F. ) ;
#5611 = VECTOR ( 'NONE', #5306, 1000.000000000000000 ) ;
#5612 = DIRECTION ( 'NONE',  ( 1.000000000000000000, -1.734723475976806709E-18, -0.000000000000000000 ) ) ;
#5613 = CARTESIAN_POINT ( 'NONE',  ( 32.58211713789932418, 13.48641401289933661, 0.5000000000000004441 ) ) ;
#5614 = CARTESIAN_POINT ( 'NONE',  ( 30.01211713789932034, 20.66277201088163551, 2.988744022555686719 ) ) ;
#5615 = DIRECTION ( 'NONE',  ( 0.000000000000000000, 0.000000000000000000, 1.000000000000000000 ) ) ;
#5616 = PLANE ( 'NONE',  #5903 ) ;
#5617 = ORIENTED_EDGE ( 'NONE', *, *, #2413, .T. ) ;
#5618 = VERTEX_POINT ( 'NONE', #4810 ) ;
#5619 = LINE ( 'NONE', #4540, #2801 ) ;
#5620 = VECTOR ( 'NONE', #57, 1000.000000000000000 ) ;
#5621 = CARTESIAN_POINT ( 'NONE',  ( -45.75000000000000000, 16.16277201088163551, 3.250000000000000444 ) ) ;
#5622 = DIRECTION ( 'NONE',  ( 0.000000000000000000, -1.000000000000000000, 0.000000000000000000 ) ) ;
#5623 = DIRECTION ( 'NONE',  ( -0.7071067811865479058, 0.7071067811865471286, 0.000000000000000000 ) ) ;
#5624 = LINE ( 'NONE', #2570, #22 ) ;
#5625 = ORIENTED_EDGE ( 'NONE', *, *, #4676, .T. ) ;
#5626 = ORIENTED_EDGE ( 'NONE', *, *, #2922, .F. ) ;
#5627 = EDGE_CURVE ( 'NONE', #2820, #3414, #4216, .T. ) ;
#5628 = CARTESIAN_POINT ( 'NONE',  ( 39.20903353518419721, 20.64162133779811015, 3.082951941092057613 ) ) ;
#5629 = EDGE_CURVE ( 'NONE', #4028, #6038, #2805, .T. ) ;
#5630 = FACE_OUTER_BOUND ( 'NONE', #1113, .T. ) ;
#5631 = CYLINDRICAL_SURFACE ( 'NONE', #2463, 0.5000000000000004441 ) ;
#5632 = ORIENTED_EDGE ( 'NONE', *, *, #156, .F. ) ;
#5633 = EDGE_LOOP ( 'NONE', ( #5747, #3690, #3691, #5170 ) ) ;
#5634 = VERTEX_POINT ( 'NONE', #2838 ) ;
#5635 = APPROVAL_ROLE ( '' ) ;
#5636 = CARTESIAN_POINT ( 'NONE',  ( -14.06788286210067973, 15.48641401289933661, 0.5000000000000004441 ) ) ;
#5637 = CARTESIAN_POINT ( 'NONE',  ( 32.58211713789932418, 20.78641401289933910, 0.5000000000000004441 ) ) ;
#5638 = DIRECTION ( 'NONE',  ( -0.000000000000000000, -0.000000000000000000, 1.000000000000000000 ) ) ;
#5639 = EDGE_LOOP ( 'NONE', ( #4800, #2555, #1852, #5405, #2084, #2776 ) ) ;
#5640 = ORIENTED_EDGE ( 'NONE', *, *, #6575, .T. ) ;
#5641 = LINE ( 'NONE', #3632, #3220 ) ;
#5642 = DIRECTION ( 'NONE',  ( 1.000000000000000000, -0.000000000000000000, 0.000000000000000000 ) ) ;
#5643 = CARTESIAN_POINT ( 'NONE',  ( 30.01211713789932034, 20.66277201088163196, 3.250000000000000444 ) ) ;
#5644 = LINE ( 'NONE', #2751, #2458 ) ;
#5645 = CARTESIAN_POINT ( 'NONE',  ( 69.00000000000000000, 0.000000000000000000, 0.5000000000000004441 ) ) ;
#5646 = ORIENTED_EDGE ( 'NONE', *, *, #5810, .F. ) ;
#5647 = VERTEX_POINT ( 'NONE', #6362 ) ;
#5648 = EDGE_CURVE ( 'NONE', #3954, #3267, #3585, .T. ) ;
#5649 = DIRECTION ( 'NONE',  ( 0.000000000000000000, 0.000000000000000000, 1.000000000000000000 ) ) ;
#5650 = EDGE_CURVE ( 'NONE', #120, #6239, #4844, .T. ) ;
#5651 = CARTESIAN_POINT ( 'NONE',  ( 0.000000000000000000, 0.000000000000000000, 6.000000000000000000 ) ) ;
#5652 = LINE ( 'NONE', #5686, #5984 ) ;
#5653 = DIRECTION ( 'NONE',  ( 0.000000000000000000, 1.000000000000000000, 0.000000000000000000 ) ) ;
#5654 = CIRCLE ( 'NONE', #5980, 0.5000000000000000000 ) ;
#5655 = LINE ( 'NONE', #4144, #3026 ) ;
#5656 = ORIENTED_EDGE ( 'NONE', *, *, #6179, .T. ) ;
#5657 = ORIENTED_EDGE ( 'NONE', *, *, #6502, .T. ) ;
#5658 = DIRECTION ( 'NONE',  ( 1.000000000000000000, 1.334402673828313339E-16, -0.000000000000000000 ) ) ;
#5659 = VECTOR ( 'NONE', #5932, 1000.000000000000000 ) ;
#5660 = CARTESIAN_POINT ( 'NONE',  ( 36.58211713789932418, 15.48641401289933661, 1.500000000000000444 ) ) ;
#5661 = FACE_OUTER_BOUND ( 'NONE', #1784, .T. ) ;
#5662 = LINE ( 'NONE', #3109, #3526 ) ;
#5663 = ORIENTED_EDGE ( 'NONE', *, *, #2862, .F. ) ;
#5664 = VERTEX_POINT ( 'NONE', #1799 ) ;
#5665 = VERTEX_POINT ( 'NONE', #3835 ) ;
#5666 = DATE_AND_TIME ( #3114, #4979 ) ;
#5667 = DIRECTION ( 'NONE',  ( 0.000000000000000000, 1.000000000000000000, 0.000000000000000000 ) ) ;
#5668 = VECTOR ( 'NONE', #3863, 1000.000000000000000 ) ;
#5669 = CARTESIAN_POINT ( 'NONE',  ( 30.18211713789932560, 15.48641401289933661, 1.500000000000000444 ) ) ;
#5670 = CARTESIAN_POINT ( 'NONE',  ( -8.767882862100687902, 20.78641401289933910, -2.999999999999999112 ) ) ;
#5671 = ORIENTED_EDGE ( 'NONE', *, *, #5844, .F. ) ;
#5672 = EDGE_LOOP ( 'NONE', ( #3768, #4363, #245, #2706 ) ) ;
#5673 = AXIS2_PLACEMENT_3D ( 'NONE', #2332, #1730, #5819 ) ;
#5674 = CARTESIAN_POINT ( 'NONE',  ( 29.58211713789933484, 16.07582173911838908, 4.000000000000000000 ) ) ;
#5675 =( BOUNDED_CURVE ( )  B_SPLINE_CURVE ( 3, ( #1210, #4325, #1683, #1617 ),
 .UNSPECIFIED., .F., .T. ) 
 B_SPLINE_CURVE_WITH_KNOTS ( ( 4, 4 ),
 ( 1.570796326794896558, 3.141592653589793116 ),
 .UNSPECIFIED. ) 
 CURVE ( )  GEOMETRIC_REPRESENTATION_ITEM ( )  RATIONAL_B_SPLINE_CURVE ( ( 1.000000000000000000, 0.8047378541243649375, 0.8047378541243649375, 1.000000000000000000 ) ) 
 REPRESENTATION_ITEM ( '' )  );
#5676 = DIRECTION ( 'NONE',  ( -0.000000000000000000, -0.000000000000000000, 1.000000000000000000 ) ) ;
#5677 = CIRCLE ( 'NONE', #432, 0.5000000000000000000 ) ;
#5678 = CARTESIAN_POINT ( 'NONE',  ( -16.00483313386391515, 15.66277201088163373, 3.503801376738362894 ) ) ;
#5679 = CARTESIAN_POINT ( 'NONE',  ( 46.25000000000000000, 25.65429687500000355, 6.000000000000000000 ) ) ;
#5680 = ORIENTED_EDGE ( 'NONE', *, *, #5804, .F. ) ;
#5681 = VERTEX_POINT ( 'NONE', #1295 ) ;
#5682 = EDGE_CURVE ( 'NONE', #2950, #1544, #4746, .T. ) ;
#5683 = DIRECTION ( 'NONE',  ( -0.000000000000000000, -0.000000000000000000, 1.000000000000000000 ) ) ;
#5684 = AXIS2_PLACEMENT_3D ( 'NONE', #315, #1327, #6487 ) ;
#5685 = LINE ( 'NONE', #5182, #2183 ) ;
#5686 = CARTESIAN_POINT ( 'NONE',  ( 30.18211713789932560, 15.48641401289933661, 0.5000000000000004441 ) ) ;
#5687 = EDGE_CURVE ( 'NONE', #4554, #5018, #664, .T. ) ;
#5688 = LINE ( 'NONE', #6289, #1078 ) ;
#5689 = EDGE_CURVE ( 'NONE', #5297, #508, #2205, .T. ) ;
#5690 = VECTOR ( 'NONE', #3216, 1000.000000000000000 ) ;
#5691 = DIRECTION ( 'NONE',  ( -1.000000000000000000, 0.000000000000000000, 0.000000000000000000 ) ) ;
#5692 = ADVANCED_FACE ( 'NONE', ( #1164 ), #3710, .F. ) ;
#5693 = ORIENTED_EDGE ( 'NONE', *, *, #727, .T. ) ;
#5694 = FACE_BOUND ( 'NONE', #5851, .T. ) ;
#5695 = ADVANCED_FACE ( 'NONE', ( #5757 ), #2708, .F. ) ;
#5696 = VECTOR ( 'NONE', #766, 1000.000000000000000 ) ;
#5697 = VECTOR ( 'NONE', #6594, 1000.000000000000000 ) ;
#5698 = CARTESIAN_POINT ( 'NONE',  ( -45.35000000000001563, 10.65429687500000355, 5.000000000000000000 ) ) ;
#5699 = CARTESIAN_POINT ( 'NONE',  ( 29.58211713789933484, 20.23277201088163224, 4.000000000000000000 ) ) ;
#5700 = CARTESIAN_POINT ( 'NONE',  ( -36.41788286210068293, 13.48641401289933661, 1.500000000000000444 ) ) ;
#5701 = AXIS2_PLACEMENT_3D ( 'NONE', #2470, #4545, #4037 ) ;
#5702 = ORIENTED_EDGE ( 'NONE', *, *, #3200, .F. ) ;
#5703 = EDGE_LOOP ( 'NONE', ( #5600, #2288, #6458, #945, #3849, #1205, #5617, #1383, #1185 ) ) ;
#5704 = ORIENTED_EDGE ( 'NONE', *, *, #507, .F. ) ;
#5705 = DIRECTION ( 'NONE',  ( 0.7071067811865483499, -0.7071067811865467956, -0.000000000000000000 ) ) ;
#5706 = VECTOR ( 'NONE', #1259, 1000.000000000000000 ) ;
#5707 = DIRECTION ( 'NONE',  ( -1.000000000000000000, 4.956352788505164254E-16, -0.000000000000000000 ) ) ;
#5708 = EDGE_CURVE ( 'NONE', #1445, #3649, #701, .T. ) ;
#5709 = LINE ( 'NONE', #4196, #4082 ) ;
#5710 = EDGE_LOOP ( 'NONE', ( #3322, #1491, #1369, #2438, #3878 ) ) ;
#5711 = ORIENTED_EDGE ( 'NONE', *, *, #5590, .F. ) ;
#5712 = DIRECTION ( 'NONE',  ( 1.334402673828313586E-16, -1.000000000000000000, 0.000000000000000000 ) ) ;
#5713 = FACE_OUTER_BOUND ( 'NONE', #4274, .T. ) ;
#5714 = CYLINDRICAL_SURFACE ( 'NONE', #116, 0.5000000000000004441 ) ;
#5715 = EDGE_CURVE ( 'NONE', #2634, #2686, #6326, .T. ) ;
#5716 = CARTESIAN_POINT ( 'NONE',  ( -29.63205139908945895, 15.82588747792824968, 2.801754586982678319 ) ) ;
#5717 = LINE ( 'NONE', #1660, #5141 ) ;
#5718 = ORIENTED_EDGE ( 'NONE', *, *, #978, .T. ) ;
#5719 = VECTOR ( 'NONE', #991, 1000.000000000000000 ) ;
#5720 = VERTEX_POINT ( 'NONE', #6026 ) ;
#5721 = PLANE ( 'NONE',  #5935 ) ;
#5722 = AXIS2_PLACEMENT_3D ( 'NONE', #408, #5468, #340 ) ;
#5723 = CARTESIAN_POINT ( 'NONE',  ( -16.41788286210066872, 16.07582173911838908, 1.500000000000000444 ) ) ;
#5724 = DIRECTION ( 'NONE',  ( 0.000000000000000000, 0.000000000000000000, -1.000000000000000000 ) ) ;
#5725 = DIRECTION ( 'NONE',  ( 0.5773502691896323924, 0.5773502691896122974, -0.5773502691896323924 ) ) ;
#5726 = ORIENTED_EDGE ( 'NONE', *, *, #1054, .T. ) ;
#5727 = FACE_OUTER_BOUND ( 'NONE', #6156, .T. ) ;
#5728 = EDGE_CURVE ( 'NONE', #1349, #5309, #5209, .T. ) ;
#5729 = CARTESIAN_POINT ( 'NONE',  ( 39.25000000000000000, 23.15429687500000000, 6.000000000000000000 ) ) ;
#5730 = DIRECTION ( 'NONE',  ( 0.000000000000000000, 1.000000000000000000, 0.000000000000000000 ) ) ;
#5731 = CARTESIAN_POINT ( 'NONE',  ( 36.58211713789932418, 20.78641401289933910, 1.500000000000000444 ) ) ;
#5732 = EDGE_CURVE ( 'NONE', #3376, #120, #5421, .T. ) ;
#5733 = ORIENTED_EDGE ( 'NONE', *, *, #3800, .F. ) ;
#5734 = ORIENTED_EDGE ( 'NONE', *, *, #4900, .F. ) ;
#5735 = ORIENTED_EDGE ( 'NONE', *, *, #4315, .F. ) ;
#5736 = EDGE_CURVE ( 'NONE', #4371, #262, #3410, .T. ) ;
#5737 = FACE_OUTER_BOUND ( 'NONE', #5482, .T. ) ;
#5738 = DIRECTION ( 'NONE',  ( 0.000000000000000000, 0.000000000000000000, 1.000000000000000000 ) ) ;
#5739 = CARTESIAN_POINT ( 'NONE',  ( -9.321524864118371667, 13.13641401289933874, 6.000000000000000000 ) ) ;
#5740 = CC_DESIGN_APPROVAL ( #4744, ( #4344 ) ) ;
#5741 = ORIENTED_EDGE ( 'NONE', *, *, #1140, .F. ) ;
#5742 = ORIENTED_EDGE ( 'NONE', *, *, #175, .T. ) ;
#5743 = FACE_OUTER_BOUND ( 'NONE', #2918, .T. ) ;
#5744 = DIRECTION ( 'NONE',  ( 1.000000000000000000, -0.000000000000000000, 0.000000000000000000 ) ) ;
#5745 = CARTESIAN_POINT ( 'NONE',  ( 39.25000000000000000, 13.90429687500000178, 4.000000000000000000 ) ) ;
#5746 = CARTESIAN_POINT ( 'NONE',  ( -43.25000000000000000, 23.15429687500000355, 0.000000000000000000 ) ) ;
#5747 = ORIENTED_EDGE ( 'NONE', *, *, #1917, .T. ) ;
#5748 = ADVANCED_FACE ( 'NONE', ( #1871 ), #2403, .F. ) ;
#5749 = ORIENTED_EDGE ( 'NONE', *, *, #5439, .T. ) ;
#5750 = CARTESIAN_POINT ( 'NONE',  ( 30.01211713789932034, 20.66277201088163196, 3.250000000000000444 ) ) ;
#5751 = ADVANCED_FACE ( 'NONE', ( #3967 ), #4377, .F. ) ;
#5752 = CARTESIAN_POINT ( 'NONE',  ( 13.67847513588161412, 23.17217973710068080, 1.500000000000000444 ) ) ;
#5753 = CARTESIAN_POINT ( 'NONE',  ( -36.47847513588163082, 23.17217973710068080, 1.500000000000000444 ) ) ;
#5754 = DIRECTION ( 'NONE',  ( 0.000000000000000000, 0.000000000000000000, -1.000000000000000000 ) ) ;
#5755 = CARTESIAN_POINT ( 'NONE',  ( 9.521524864118370957, 23.17217973710068080, 4.000000000000000000 ) ) ;
#5756 = LINE ( 'NONE', #1163, #2587 ) ;
#5757 = FACE_OUTER_BOUND ( 'NONE', #6314, .T. ) ;
#5758 = EDGE_CURVE ( 'NONE', #6555, #3701, #391, .T. ) ;
#5759 = DIRECTION ( 'NONE',  ( -0.000000000000000000, 1.000000000000000000, -0.000000000000000000 ) ) ;
#5760 = AXIS2_PLACEMENT_3D ( 'NONE', #3584, #3208, #668 ) ;
#5761 = CARTESIAN_POINT ( 'NONE',  ( -43.25000000000000000, 23.15429687500000355, 0.000000000000000000 ) ) ;
#5762 = DIRECTION ( 'NONE',  ( 0.7071067811865469066, 0.7071067811865482389, 0.000000000000000000 ) ) ;
#5763 = ORIENTED_EDGE ( 'NONE', *, *, #491, .F. ) ;
#5764 = ORIENTED_EDGE ( 'NONE', *, *, #3117, .T. ) ;
#5765 = AXIS2_PLACEMENT_3D ( 'NONE', #6463, #3907, #799 ) ;
#5766 = ORIENTED_EDGE ( 'NONE', *, *, #3333, .F. ) ;
#5767 = DIRECTION ( 'NONE',  ( -0.5773502691896227335, -0.8164965809277280329, -0.000000000000000000 ) ) ;
#5768 = LINE ( 'NONE', #1748, #1904 ) ;
#5769 = LINE ( 'NONE', #5739, #1634 ) ;
#5770 = EDGE_CURVE ( 'NONE', #5075, #4752, #857, .T. ) ;
#5771 = EDGE_LOOP ( 'NONE', ( #1761, #6519, #78, #6033 ) ) ;
#5772 = ORIENTED_EDGE ( 'NONE', *, *, #237, .T. ) ;
#5773 = LINE ( 'NONE', #71, #3153 ) ;
#5774 = LINE ( 'NONE', #811, #2827 ) ;
#5775 = PLANE ( 'NONE',  #5802 ) ;
#5776 = DIRECTION ( 'NONE',  ( -1.000000000000000000, 0.000000000000000000, 0.000000000000000000 ) ) ;
#5777 = VECTOR ( 'NONE', #4164, 1000.000000000000000 ) ;
#5778 = VERTEX_POINT ( 'NONE', #423 ) ;
#5779 = VERTEX_POINT ( 'NONE', #1430 ) ;
#5780 = EDGE_LOOP ( 'NONE', ( #4518, #1985, #1221, #4155 ) ) ;
#5781 = CARTESIAN_POINT ( 'NONE',  ( 29.84080013677957055, 20.49145500976188572, 3.708499914937254172 ) ) ;
#5782 = LINE ( 'NONE', #1696, #2713 ) ;
#5783 = AXIS2_PLACEMENT_3D ( 'NONE', #5007, #2468, #4508 ) ;
#5784 = DIRECTION ( 'NONE',  ( 0.000000000000000000, 0.000000000000000000, 1.000000000000000000 ) ) ;
#5785 = ADVANCED_FACE ( 'NONE', ( #4414 ), #5930, .F. ) ;
#5786 = LINE ( 'NONE', #5285, #5898 ) ;
#5787 = DIRECTION ( 'NONE',  ( 0.000000000000000000, 0.7071067811865465735, -0.7071067811865483499 ) ) ;
#5788 = VECTOR ( 'NONE', #5218, 1000.000000000000000 ) ;
#5789 = ORIENTED_EDGE ( 'NONE', *, *, #6218, .F. ) ;
#5790 = DIRECTION ( 'NONE',  ( 0.000000000000000000, 1.000000000000000000, 0.000000000000000000 ) ) ;
#5791 = DIRECTION ( 'NONE',  ( 1.000000000000000000, -0.000000000000000000, -0.000000000000000000 ) ) ;
#5792 = VECTOR ( 'NONE', #1582, 1000.000000000000000 ) ;
#5793 = DIRECTION ( 'NONE',  ( -1.000000000000000000, -8.896017825522088106E-17, 0.000000000000000000 ) ) ;
#5794 = LINE ( 'NONE', #635, #212 ) ;
#5795 = ORIENTED_EDGE ( 'NONE', *, *, #5689, .T. ) ;
#5796 = VECTOR ( 'NONE', #124, 1000.000000000000000 ) ;
#5797 = ORIENTED_EDGE ( 'NONE', *, *, #4214, .F. ) ;
#5798 = VECTOR ( 'NONE', #355, 1000.000000000000000 ) ;
#5799 = ORIENTED_EDGE ( 'NONE', *, *, #5359, .T. ) ;
#5800 = LINE ( 'NONE', #1615, #6010 ) ;
#5801 = CARTESIAN_POINT ( 'NONE',  ( 29.58211713789933484, 16.16277201088163551, 3.250000000000000444 ) ) ;
#5802 = AXIS2_PLACEMENT_3D ( 'NONE', #1182, #205, #1150 ) ;
#5803 = VECTOR ( 'NONE', #6131, 1000.000000000000000 ) ;
#5804 = EDGE_CURVE ( 'NONE', #120, #5473, #826, .T. ) ;
#5805 = EDGE_LOOP ( 'NONE', ( #1690, #2865, #1980, #5058 ) ) ;
#5806 = EDGE_LOOP ( 'NONE', ( #2262, #1726, #1152, #2761 ) ) ;
#5807 = LINE ( 'NONE', #2121, #261 ) ;
#5808 = VECTOR ( 'NONE', #4912, 1000.000000000000114 ) ;
#5809 = LINE ( 'NONE', #2725, #255 ) ;
#5810 = EDGE_CURVE ( 'NONE', #5082, #3925, #3474, .T. ) ;
#5811 = EDGE_CURVE ( 'NONE', #4364, #6272, #4906, .T. ) ;
#5812 = DIRECTION ( 'NONE',  ( 0.000000000000000000, 1.000000000000000000, 0.000000000000000000 ) ) ;
#5813 = ADVANCED_FACE ( 'NONE', ( #4938 ), #2433, .F. ) ;
#5814 = ORIENTED_EDGE ( 'NONE', *, *, #848, .T. ) ;
#5815 = EDGE_CURVE ( 'NONE', #6574, #607, #3934, .T. ) ;
#5816 = ORIENTED_EDGE ( 'NONE', *, *, #2041, .F. ) ;
#5817 = VERTEX_POINT ( 'NONE', #1965 ) ;
#5818 = DIRECTION ( 'NONE',  ( 0.5773502691896323924, -0.5773502691896122974, 0.5773502691896323924 ) ) ;
#5819 = DIRECTION ( 'NONE',  ( 0.000000000000000000, -0.000000000000000000, 1.000000000000000000 ) ) ;
#5820 = VECTOR ( 'NONE', #883, 1000.000000000000000 ) ;
#5821 = CARTESIAN_POINT ( 'NONE',  ( 32.52152486411839050, 13.13641401289933697, 1.500000000000000444 ) ) ;
#5822 = ORIENTED_EDGE ( 'NONE', *, *, #1508, .F. ) ;
#5823 = LINE ( 'NONE', #3833, #2385 ) ;
#5824 = ORIENTED_EDGE ( 'NONE', *, *, #2651, .F. ) ;
#5825 = AXIS2_PLACEMENT_3D ( 'NONE', #5922, #1421, #5985 ) ;
#5826 = LINE ( 'NONE', #6395, #4119 ) ;
#5827 = DIRECTION ( 'NONE',  ( 0.5773502691896231775, -0.8164965809277278108, -0.000000000000000000 ) ) ;
#5828 = LINE ( 'NONE', #2209, #3407 ) ;
#5829 = CARTESIAN_POINT ( 'NONE',  ( -37.06788286210068151, 15.48641401289933661, 1.500000000000000444 ) ) ;
#5830 = VECTOR ( 'NONE', #3392, 1000.000000000000000 ) ;
#5831 = ORIENTED_EDGE ( 'NONE', *, *, #1593, .T. ) ;
#5832 = ORIENTED_EDGE ( 'NONE', *, *, #4622, .F. ) ;
#5833 = ORIENTED_EDGE ( 'NONE', *, *, #6096, .T. ) ;
#5834 = EDGE_CURVE ( 'NONE', #2516, #653, #356, .T. ) ;
#5835 = LINE ( 'NONE', #3255, #728 ) ;
#5836 = LINE ( 'NONE', #744, #1172 ) ;
#5837 = LINE ( 'NONE', #5204, #4409 ) ;
#5838 = VERTEX_POINT ( 'NONE', #1462 ) ;
#5839 = VERTEX_POINT ( 'NONE', #5549 ) ;
#5840 = CARTESIAN_POINT ( 'NONE',  ( -14.06788286210067973, 15.48641401289933661, 0.5000000000000004441 ) ) ;
#5841 = LINE ( 'NONE', #1248, #4745 ) ;
#5842 = LINE ( 'NONE', #6311, #1522 ) ;
#5843 = VERTEX_POINT ( 'NONE', #3906 ) ;
#5844 = EDGE_CURVE ( 'NONE', #1417, #3517, #2999, .T. ) ;
#5845 = ORIENTED_EDGE ( 'NONE', *, *, #595, .T. ) ;
#5846 = ORIENTED_EDGE ( 'NONE', *, *, #720, .F. ) ;
#5847 = DIRECTION ( 'NONE',  ( -1.000000000000000000, 0.000000000000000000, 0.000000000000000000 ) ) ;
#5848 = EDGE_CURVE ( 'NONE', #2896, #2616, #1834, .T. ) ;
#5849 = CARTESIAN_POINT ( 'NONE',  ( -43.35355339059327662, 23.05074348440672694, 0.5999999999999998668 ) ) ;
#5850 = CARTESIAN_POINT ( 'NONE',  ( 29.58211713789933484, 16.07582173911838908, 3.742381610379895029 ) ) ;
#5851 = EDGE_LOOP ( 'NONE', ( #988, #2483, #4048, #3428, #2845, #2260, #6407, #6053, #439, #6307, #2358, #5863, #1013, #3033, #1647, #2099 ) ) ;
#5852 = LINE ( 'NONE', #6323, #3876 ) ;
#5853 = ADVANCED_FACE ( 'NONE', ( #2603 ), #5721, .F. ) ;
#5854 = EDGE_CURVE ( 'NONE', #1086, #4526, #2030, .T. ) ;
#5855 = CARTESIAN_POINT ( 'NONE',  ( -38.75000000000000000, 20.80448725967914925, 0.5000000000000004441 ) ) ;
#5856 = CC_DESIGN_PERSON_AND_ORGANIZATION_ASSIGNMENT ( #6106, #1039, ( #494 ) ) ;
#5857 = DIRECTION ( 'NONE',  ( 1.000000000000000000, -0.000000000000000000, 0.000000000000000000 ) ) ;
#5858 = CARTESIAN_POINT ( 'NONE',  ( -6.812117137899337038, 20.66277201088163196, 3.250000000000000444 ) ) ;
#5859 = DIRECTION ( 'NONE',  ( 1.000000000000000000, -1.734723475976806709E-18, -0.000000000000000000 ) ) ;
#5860 = CARTESIAN_POINT ( 'NONE',  ( -32.32152486411837344, 13.13641401289933874, 4.000000000000000000 ) ) ;
#5861 = ORIENTED_EDGE ( 'NONE', *, *, #230, .T. ) ;
#5862 = ORIENTED_EDGE ( 'NONE', *, *, #2329, .F. ) ;
#5863 = ORIENTED_EDGE ( 'NONE', *, *, #1092, .F. ) ;
#5864 = VECTOR ( 'NONE', #1880, 1000.000000000000000 ) ;
#5865 = DIRECTION ( 'NONE',  ( -0.000000000000000000, 1.000000000000000000, 0.000000000000000000 ) ) ;
#5866 = CARTESIAN_POINT ( 'NONE',  ( 6.995166866136083961, 15.66277201088163373, 3.250000000000000444 ) ) ;
#5867 = CARTESIAN_POINT ( 'NONE',  ( -29.79516686613608201, 15.66277201088163373, 3.250000000000000444 ) ) ;
#5868 = DIRECTION ( 'NONE',  ( 1.000000000000000000, -1.734723475976806709E-18, -0.000000000000000000 ) ) ;
#5869 = EDGE_CURVE ( 'NONE', #3195, #713, #5685, .T. ) ;
#5870 = VECTOR ( 'NONE', #5255, 1000.000000000000000 ) ;
#5871 = ORIENTED_EDGE ( 'NONE', *, *, #4931, .F. ) ;
#5872 = ORIENTED_EDGE ( 'NONE', *, *, #3913, .F. ) ;
#5873 = CARTESIAN_POINT ( 'NONE',  ( 36.67847513588161945, 23.17217973710068080, 1.500000000000000444 ) ) ;
#5874 = CARTESIAN_POINT ( 'NONE',  ( 39.24999999999999289, 20.16277201088163196, 3.250000000000000444 ) ) ;
#5875 = CARTESIAN_POINT ( 'NONE',  ( 9.503642002017716806, 13.15429687500000178, 6.000000000000000000 ) ) ;
#5876 = VERTEX_POINT ( 'NONE', #1026 ) ;
#5877 = ORIENTED_EDGE ( 'NONE', *, *, #614, .T. ) ;
#5878 = ORIENTED_EDGE ( 'NONE', *, *, #3375, .F. ) ;
#5879 = CARTESIAN_POINT ( 'NONE',  ( -14.06788286210067973, 20.78641401289933910, -2.999999999999999112 ) ) ;
#5880 = PLANE ( 'NONE',  #3781 ) ;
#5881 = VECTOR ( 'NONE', #2416, 1000.000000000000000 ) ;
#5882 = CARTESIAN_POINT ( 'NONE',  ( 32.58211713789932418, 20.78641401289933910, 0.5000000000000004441 ) ) ;
#5883 = LINE ( 'NONE', #3803, #4394 ) ;
#5884 = VERTEX_POINT ( 'NONE', #4571 ) ;
#5885 = LINE ( 'NONE', #3373, #4939 ) ;
#5886 = EDGE_CURVE ( 'NONE', #3931, #3049, #3642, .T. ) ;
#5887 = EDGE_LOOP ( 'NONE', ( #6498, #6077, #479, #468 ) ) ;
#5888 = CARTESIAN_POINT ( 'NONE',  ( -16.41788286210066872, 20.23277201088163224, 1.500000000000000444 ) ) ;
#5889 = VECTOR ( 'NONE', #4349, 1000.000000000000000 ) ;
#5890 = FACE_OUTER_BOUND ( 'NONE', #131, .T. ) ;
#5891 = DIRECTION ( 'NONE',  ( -0.000000000000000000, 1.000000000000000000, -0.000000000000000000 ) ) ;
#5892 = EDGE_CURVE ( 'NONE', #5936, #2106, #5604, .T. ) ;
#5893 = EDGE_CURVE ( 'NONE', #4198, #177, #6625, .T. ) ;
#5895 = FACE_OUTER_BOUND ( 'NONE', #2529, .T. ) ;
#5894 =( BOUNDED_CURVE ( )  B_SPLINE_CURVE ( 3, ( #2389, #305, #2952, #5976 ),
 .UNSPECIFIED., .F., .T. ) 
 B_SPLINE_CURVE_WITH_KNOTS ( ( 4, 4 ),
 ( 0.000000000000000000, 1.430334912085039489 ),
 .UNSPECIFIED. ) 
 CURVE ( )  GEOMETRIC_REPRESENTATION_ITEM ( )  RATIONAL_B_SPLINE_CURVE ( ( 1.000000000000000000, 0.8366556290180501287, 0.8366556290180501287, 1.000000000000000000 ) ) 
 REPRESENTATION_ITEM ( '' )  );
#5896 = ADVANCED_FACE ( 'NONE', ( #1568 ), #4172, .F. ) ;
#5897 = DIRECTION ( 'NONE',  ( 0.000000000000000000, 0.000000000000000000, -1.000000000000000000 ) ) ;
#5898 = VECTOR ( 'NONE', #600, 1000.000000000000000 ) ;
#5899 = ORIENTED_EDGE ( 'NONE', *, *, #3201, .T. ) ;
#5900 = ADVANCED_FACE ( 'NONE', ( #3609 ), #6192, .T. ) ;
#5901 = ORIENTED_EDGE ( 'NONE', *, *, #5650, .T. ) ;
#5902 = ORIENTED_EDGE ( 'NONE', *, *, #3426, .T. ) ;
#5903 = AXIS2_PLACEMENT_3D ( 'NONE', #6518, #3470, #1564 ) ;
#5904 = DIRECTION ( 'NONE',  ( -0.7071067811865479058, 0.7071067811865471286, 0.000000000000000000 ) ) ;
#5905 = CARTESIAN_POINT ( 'NONE',  ( 39.25000000000000000, 22.40429687500000355, 1.000000000000000000 ) ) ;
#5906 = DIRECTION ( 'NONE',  ( 0.000000000000000000, 0.000000000000000000, 1.000000000000000000 ) ) ;
#5907 = VECTOR ( 'NONE', #1800, 1000.000000000000000 ) ;
#5908 = AXIS2_PLACEMENT_3D ( 'NONE', #1420, #2957, #2328 ) ;
#5909 = ORIENTED_EDGE ( 'NONE', *, *, #1381, .T. ) ;
#5910 = ORIENTED_EDGE ( 'NONE', *, *, #2734, .T. ) ;
#5911 = FACE_OUTER_BOUND ( 'NONE', #6370, .T. ) ;
#5912 = CARTESIAN_POINT ( 'NONE',  ( -31.76788286210068790, 20.78641401289933910, 0.5000000000000004441 ) ) ;
#5913 = VECTOR ( 'NONE', #3558, 1000.000000000000000 ) ;
#5914 = AXIS2_PLACEMENT_3D ( 'NONE', #3172, #1668, #3709 ) ;
#5915 = LINE ( 'NONE', #878, #3447 ) ;
#5916 = ORIENTED_EDGE ( 'NONE', *, *, #5108, .T. ) ;
#5917 = ORIENTED_EDGE ( 'NONE', *, *, #4616, .F. ) ;
#5918 = VECTOR ( 'NONE', #5868, 1000.000000000000000 ) ;
#5919 = ORIENTED_EDGE ( 'NONE', *, *, #3098, .T. ) ;
#5920 = CARTESIAN_POINT ( 'NONE',  ( -38.75000000000000000, 22.40429687500000355, 1.000000000000000000 ) ) ;
#5921 = EDGE_CURVE ( 'NONE', #3494, #6132, #2636, .T. ) ;
#5922 = CARTESIAN_POINT ( 'NONE',  ( -36.47847513588161661, 13.13641401289933697, 1.500000000000000444 ) ) ;
#5923 = VECTOR ( 'NONE', #726, 1000.000000000000000 ) ;
#5924 = CARTESIAN_POINT ( 'NONE',  ( 46.25000000000000000, 11.81998229994923477, 5.600000000000016520 ) ) ;
#5925 = CARTESIAN_POINT ( 'NONE',  ( -45.15925643016947788, 10.46355330516946225, 5.079008573559242734 ) ) ;
#5926 = ORIENTED_EDGE ( 'NONE', *, *, #3200, .T. ) ;
#5927 = DIRECTION ( 'NONE',  ( 4.173067663955944970E-16, -1.000000000000000000, 0.000000000000000000 ) ) ;
#5928 = ORIENTED_EDGE ( 'NONE', *, *, #5322, .F. ) ;
#5929 = CYLINDRICAL_SURFACE ( 'NONE', #559, 0.2500000000000000000 ) ;
#5930 = PLANE ( 'NONE',  #4849 ) ;
#5931 = PLANE ( 'NONE',  #1516 ) ;
#5932 = DIRECTION ( 'NONE',  ( 1.000000000000000000, -1.734723475976806709E-18, -0.000000000000000000 ) ) ;
#5933 = DIRECTION ( 'NONE',  ( -0.000000000000000000, -0.000000000000000000, 1.000000000000000000 ) ) ;
#5934 = ORIENTED_EDGE ( 'NONE', *, *, #4084, .F. ) ;
#5935 = AXIS2_PLACEMENT_3D ( 'NONE', #2535, #598, #4068 ) ;
#5936 = VERTEX_POINT ( 'NONE', #51 ) ;
#5937 = EDGE_CURVE ( 'NONE', #3382, #3276, #5110, .T. ) ;
#5938 = VERTEX_POINT ( 'NONE', #4674 ) ;
#5939 = LINE ( 'NONE', #3882, #3239 ) ;
#5940 = CARTESIAN_POINT ( 'NONE',  ( -13.41788286210068115, 20.78641401289933910, 0.5000000000000004441 ) ) ;
#5941 = AXIS2_PLACEMENT_3D ( 'NONE', #5874, #3950, #2920 ) ;
#5942 = EDGE_CURVE ( 'NONE', #696, #6564, #562, .T. ) ;
#5943 = DIRECTION ( 'NONE',  ( 0.000000000000000000, 0.000000000000000000, -1.000000000000000000 ) ) ;
#5944 = ORIENTED_EDGE ( 'NONE', *, *, #3374, .T. ) ;
#5945 = EDGE_CURVE ( 'NONE', #3747, #5302, #1997, .T. ) ;
#5946 = ORIENTED_EDGE ( 'NONE', *, *, #5106, .F. ) ;
#5947 = VECTOR ( 'NONE', #1606, 1000.000000000000000 ) ;
#5948 = LINE ( 'NONE', #3820, #4436 ) ;
#5949 = CARTESIAN_POINT ( 'NONE',  ( -9.321524864118385878, 23.17217973710068080, 1.500000000000000444 ) ) ;
#5950 = DIRECTION ( 'NONE',  ( 0.000000000000000000, 1.000000000000000000, -0.000000000000000000 ) ) ;
#5951 = ORIENTED_EDGE ( 'NONE', *, *, #1227, .F. ) ;
#5952 = ORIENTED_EDGE ( 'NONE', *, *, #6586, .F. ) ;
#5953 = ORIENTED_EDGE ( 'NONE', *, *, #3516, .F. ) ;
#5954 = DIRECTION ( 'NONE',  ( -0.7071067811865483499, 0.7071067811865466846, 0.000000000000000000 ) ) ;
#5955 = CARTESIAN_POINT ( 'NONE',  ( -9.417882862100684704, 20.78641401289933910, 1.500000000000000444 ) ) ;
#5956 = DIRECTION ( 'NONE',  ( 0.000000000000000000, -0.000000000000000000, 1.000000000000000000 ) ) ;
#5957 = LINE ( 'NONE', #760, #861 ) ;
#5958 = VERTEX_POINT ( 'NONE', #6223 ) ;
#5959 = ORIENTED_EDGE ( 'NONE', *, *, #1751, .T. ) ;
#5960 = ADVANCED_FACE ( 'NONE', ( #1494 ), #526, .F. ) ;
#5961 = CARTESIAN_POINT ( 'NONE',  ( 29.58211713789933484, 19.66277201088163196, 3.250000000000000444 ) ) ;
#5962 = CARTESIAN_POINT ( 'NONE',  ( 16.61788286210067511, 16.07582173911839263, 2.757618389620105859 ) ) ;
#5963 = FACE_OUTER_BOUND ( 'NONE', #5639, .T. ) ;
#5964 = DIRECTION ( 'NONE',  ( -0.7071067811865469066, -0.7071067811865482389, 0.000000000000000000 ) ) ;
#5965 = EDGE_LOOP ( 'NONE', ( #4167, #3813, #1147, #5507, #3383, #5561, #473, #3926, #2334, #2645 ) ) ;
#5966 = VERTEX_POINT ( 'NONE', #3168 ) ;
#5967 = EDGE_CURVE ( 'NONE', #2581, #4422, #1601, .T. ) ;
#5968 = EDGE_LOOP ( 'NONE', ( #4223, #4832, #303, #6174, #481, #3909 ) ) ;
#5969 = DIRECTION ( 'NONE',  ( -0.5773502691896323924, -0.5773502691896122974, -0.5773502691896323924 ) ) ;
#5970 = DIRECTION ( 'NONE',  ( -0.7071067811865466846, -0.7071067811865483499, 0.000000000000000000 ) ) ;
#5971 = DIRECTION ( 'NONE',  ( 1.000000000000000000, 0.000000000000000000, 0.000000000000000000 ) ) ;
#5972 = VERTEX_POINT ( 'NONE', #5078 ) ;
#5973 = EDGE_CURVE ( 'NONE', #2509, #2410, #3539, .T. ) ;
#5974 = VERTEX_POINT ( 'NONE', #3035 ) ;
#5975 = CARTESIAN_POINT ( 'NONE',  ( -38.75000000000000000, 13.90429687500000355, 1.000000000000000000 ) ) ;
#5976 = CARTESIAN_POINT ( 'NONE',  ( 6.582117137899329506, 20.23277201088163224, 2.754924248220537830 ) ) ;
#5977 = CARTESIAN_POINT ( 'NONE',  ( -45.75000000000000000, 22.40429687500000711, 6.000000000000000000 ) ) ;
#5978 = EDGE_CURVE ( 'NONE', #1662, #3221, #493, .T. ) ;
#5979 = EDGE_CURVE ( 'NONE', #5096, #6321, #5782, .T. ) ;
#5980 = AXIS2_PLACEMENT_3D ( 'NONE', #5801, #1682, #2150 ) ;
#5981 = VERTEX_POINT ( 'NONE', #6387 ) ;
#5982 = VERTEX_POINT ( 'NONE', #4208 ) ;
#5983 = FACE_OUTER_BOUND ( 'NONE', #6604, .T. ) ;
#5984 = VECTOR ( 'NONE', #4209, 1000.000000000000000 ) ;
#5985 = DIRECTION ( 'NONE',  ( 1.000000000000000000, 4.173067663955944970E-16, 0.000000000000000000 ) ) ;
#5986 = CARTESIAN_POINT ( 'NONE',  ( -38.75000000000000000, 13.15429687499999289, 4.000000000000000000 ) ) ;
#5987 = CARTESIAN_POINT ( 'NONE',  ( 14.23211713789931210, 15.50448725967914676, 0.5000000000000004441 ) ) ;
#5988 = ORIENTED_EDGE ( 'NONE', *, *, #3225, .T. ) ;
#5989 = ORIENTED_EDGE ( 'NONE', *, *, #5478, .F. ) ;
#5990 = DIRECTION ( 'NONE',  ( -1.000000000000000000, -8.896017825522088106E-17, 0.000000000000000000 ) ) ;
#5991 = CARTESIAN_POINT ( 'NONE',  ( -13.41788286210068115, 20.78641401289933910, 0.5000000000000004441 ) ) ;
#5992 = EDGE_CURVE ( 'NONE', #4688, #1877, #4239, .T. ) ;
#5993 = DIRECTION ( 'NONE',  ( -0.000000000000000000, 1.000000000000000000, -0.000000000000000000 ) ) ;
#5994 = LINE ( 'NONE', #2435, #5355 ) ;
#5995 = LINE ( 'NONE', #1399, #564 ) ;
#5996 = CIRCLE ( 'NONE', #3096, 0.5000000000000000000 ) ;
#5997 = ORIENTED_EDGE ( 'NONE', *, *, #4390, .F. ) ;
#5998 = ORIENTED_EDGE ( 'NONE', *, *, #396, .F. ) ;
#5999 = ORIENTED_EDGE ( 'NONE', *, *, #2525, .F. ) ;
#6000 = CARTESIAN_POINT ( 'NONE',  ( -45.75000000000000000, 25.25429687500001918, 6.000000000000000000 ) ) ;
#6001 = VECTOR ( 'NONE', #5424, 1000.000000000000000 ) ;
#6002 = CARTESIAN_POINT ( 'NONE',  ( 45.85000000000000142, 25.65429687500000355, 5.000000000000000000 ) ) ;
#6003 = CARTESIAN_POINT ( 'NONE',  ( -15.98788286210067255, 20.66277201088163551, 2.988744022555684055 ) ) ;
#6004 = ORIENTED_EDGE ( 'NONE', *, *, #6122, .T. ) ;
#6005 = ORIENTED_EDGE ( 'NONE', *, *, #6449, .F. ) ;
#6006 = CIRCLE ( 'NONE', #3748, 0.5000000000000000000 ) ;
#6007 = CARTESIAN_POINT ( 'NONE',  ( -9.417882862100684704, 15.48641401289933661, 0.5000000000000004441 ) ) ;
#6008 = CARTESIAN_POINT ( 'NONE',  ( -38.75000000000000000, 13.15429687499999289, 6.000000000000000000 ) ) ;
#6009 = CARTESIAN_POINT ( 'NONE',  ( 29.99516686613609551, 15.66277201088163373, 3.250000000000000444 ) ) ;
#6010 = VECTOR ( 'NONE', #6305, 1000.000000000000000 ) ;
#6011 = ORIENTED_EDGE ( 'NONE', *, *, #573, .F. ) ;
#6012 = VERTEX_POINT ( 'NONE', #4338 ) ;
#6013 = DIRECTION ( 'NONE',  ( 0.000000000000000000, -1.000000000000000000, 0.000000000000000000 ) ) ;
#6014 = CIRCLE ( 'NONE', #2799, 0.5000000000000000000 ) ;
#6015 = EDGE_CURVE ( 'NONE', #1418, #320, #722, .T. ) ;
#6016 = VECTOR ( 'NONE', #764, 1000.000000000000000 ) ;
#6017 = DIRECTION ( 'NONE',  ( 1.000000000000000000, 0.000000000000000000, -0.000000000000000000 ) ) ;
#6018 = EDGE_CURVE ( 'NONE', #4993, #688, #4706, .T. ) ;
#6019 = LINE ( 'NONE', #5071, #2987 ) ;
#6020 = EDGE_CURVE ( 'NONE', #5571, #3415, #180, .T. ) ;
#6021 = CARTESIAN_POINT ( 'NONE',  ( 32.58211713789932418, 13.48641401289933661, 0.5000000000000004441 ) ) ;
#6022 = AXIS2_PLACEMENT_3D ( 'NONE', #5168, #2116, #5569 ) ;
#6023 = ORIENTED_EDGE ( 'NONE', *, *, #3253, .F. ) ;
#6024 = VERTEX_POINT ( 'NONE', #6354 ) ;
#6025 = CARTESIAN_POINT ( 'NONE',  ( 36.58211713789932418, 20.78641401289933910, 0.5000000000000004441 ) ) ;
#6026 = CARTESIAN_POINT ( 'NONE',  ( -36.41788286210068293, 13.48641401289933661, 0.5000000000000004441 ) ) ;
#6027 = VECTOR ( 'NONE', #2072, 1000.000000000000000 ) ;
#6028 = DIRECTION ( 'NONE',  ( 0.000000000000000000, 0.000000000000000000, 1.000000000000000000 ) ) ;
#6029 = DIRECTION ( 'NONE',  ( -0.7071067811865352493, 0.7071067811865597852, 0.000000000000000000 ) ) ;
#6030 = DIRECTION ( 'NONE',  ( 0.000000000000000000, -0.000000000000000000, 1.000000000000000000 ) ) ;
#6031 = ORIENTED_EDGE ( 'NONE', *, *, #236, .T. ) ;
#6032 = ORIENTED_EDGE ( 'NONE', *, *, #5848, .F. ) ;
#6033 = ORIENTED_EDGE ( 'NONE', *, *, #5598, .T. ) ;
#6034 = CARTESIAN_POINT ( 'NONE',  ( 36.58211713789932418, 20.78641401289933910, 0.5000000000000004441 ) ) ;
#6035 = DIRECTION ( 'NONE',  ( 0.000000000000000000, 0.000000000000000000, -1.000000000000000000 ) ) ;
#6036 = DIRECTION ( 'NONE',  ( 1.000000000000000000, 0.000000000000000000, 0.000000000000000000 ) ) ;
#6037 = VECTOR ( 'NONE', #5282, 1000.000000000000000 ) ;
#6038 = VERTEX_POINT ( 'NONE', #2701 ) ;
#6039 = EDGE_CURVE ( 'NONE', #2887, #178, #1729, .T. ) ;
#6040 = ORIENTED_EDGE ( 'NONE', *, *, #4093, .F. ) ;
#6041 = EDGE_CURVE ( 'NONE', #4988, #3843, #3300, .T. ) ;
#6042 = DIRECTION ( 'NONE',  ( -0.000000000000000000, 1.000000000000000000, 0.000000000000000000 ) ) ;
#6043 = AXIS2_PLACEMENT_3D ( 'NONE', #204, #1215, #104 ) ;
#6044 = DIRECTION ( 'NONE',  ( 1.000000000000000000, 0.000000000000000000, 0.000000000000000000 ) ) ;
#6045 = CARTESIAN_POINT ( 'NONE',  ( 29.58211713789933484, 18.16277201088163196, 3.250000000000000444 ) ) ;
#6046 = DIRECTION ( 'NONE',  ( 0.000000000000000000, -0.7071067811865352493, 0.7071067811865597852 ) ) ;
#6047 = EDGE_LOOP ( 'NONE', ( #2440, #3518, #5148, #338 ) ) ;
#6048 = VERTEX_POINT ( 'NONE', #3769 ) ;
#6049 = DIRECTION ( 'NONE',  ( 1.000000000000000000, -1.734723475976806709E-18, -0.000000000000000000 ) ) ;
#6050 = CARTESIAN_POINT ( 'NONE',  ( -43.75000000000000000, 23.15429687500000355, 0.3499999999999999223 ) ) ;
#6051 = CARTESIAN_POINT ( 'NONE',  ( -32.30364200201769620, 23.15429687499999289, 1.500000000000000444 ) ) ;
#6052 = DIRECTION ( 'NONE',  ( 1.000000000000000000, -0.000000000000000000, 0.000000000000000000 ) ) ;
#6053 = ORIENTED_EDGE ( 'NONE', *, *, #1598, .F. ) ;
#6054 = ORIENTED_EDGE ( 'NONE', *, *, #1703, .T. ) ;
#6055 = DIRECTION ( 'NONE',  ( 0.5773502691896190697, 0.5773502691896391648, -0.5773502691896191807 ) ) ;
#6056 = DIRECTION ( 'NONE',  ( -0.5773502691896190697, -0.5773502691896391648, -0.5773502691896191807 ) ) ;
#6057 = PERSON ( 'UNSPECIFIED', 'UNSPECIFIED', 'UNSPECIFIED', ('UNSPECIFIED'), ('UNSPECIFIED'), ('UNSPECIFIED') ) ;
#6058 = CARTESIAN_POINT ( 'NONE',  ( 15.98211713789931387, 15.50448725967914676, 0.5000000000000004441 ) ) ;
#6059 = ADVANCED_FACE ( 'NONE', ( #3828 ), #5880, .F. ) ;
#6060 = LINE ( 'NONE', #1465, #763 ) ;
#6061 = EDGE_CURVE ( 'NONE', #3596, #696, #4802, .T. ) ;
#6062 = DIRECTION ( 'NONE',  ( 1.000000000000000000, -1.734723475976806709E-18, -0.000000000000000000 ) ) ;
#6063 = EDGE_LOOP ( 'NONE', ( #1400, #1547, #1573, #3156, #5944, #1946, #6613, #6087 ) ) ;
#6064 = ORIENTED_EDGE ( 'NONE', *, *, #5770, .T. ) ;
#6065 = VERTEX_POINT ( 'NONE', #5216 ) ;
#6066 = EDGE_CURVE ( 'NONE', #6065, #653, #4737, .T. ) ;
#6067 = PLANE ( 'NONE',  #4076 ) ;
#6068 = DIRECTION ( 'NONE',  ( 0.000000000000000000, 1.000000000000000000, 0.000000000000000000 ) ) ;
#6069 = CARTESIAN_POINT ( 'NONE',  ( 36.58211713789932418, 15.48641401289933661, 0.5000000000000004441 ) ) ;
#6070 = VERTEX_POINT ( 'NONE', #3801 ) ;
#6071 = VERTEX_POINT ( 'NONE', #1253 ) ;
#6072 = VERTEX_POINT ( 'NONE', #3238 ) ;
#6073 = COORDINATED_UNIVERSAL_TIME_OFFSET ( 5, 0, .BEHIND. ) ;
#6074 = DIRECTION ( 'NONE',  ( 1.000000000000000000, 1.334402673828313339E-16, -0.000000000000000000 ) ) ;
#6075 = DIRECTION ( 'NONE',  ( 1.000000000000000000, -0.000000000000000000, 0.000000000000000000 ) ) ;
#6076 = LINE ( 'NONE', #4094, #5593 ) ;
#6077 = ORIENTED_EDGE ( 'NONE', *, *, #4700, .F. ) ;
#6078 = ORIENTED_EDGE ( 'NONE', *, *, #4252, .F. ) ;
#6079 = DIRECTION ( 'NONE',  ( 1.000000000000000000, 0.000000000000000000, -0.000000000000000000 ) ) ;
#6080 = DIRECTION ( 'NONE',  ( -0.000000000000000000, -1.000000000000000000, -0.000000000000000000 ) ) ;
#6081 = AXIS2_PLACEMENT_3D ( 'NONE', #26, #3483, #1000 ) ;
#6082 = CARTESIAN_POINT ( 'NONE',  ( 39.25000000000000000, 13.90429687500000178, 1.000000000000000000 ) ) ;
#6083 = CARTESIAN_POINT ( 'NONE',  ( -45.75000000000000000, 22.40429687500000711, 1.000000000000000000 ) ) ;
#6084 = DIRECTION ( 'NONE',  ( 1.000000000000000000, 0.000000000000000000, 0.000000000000000000 ) ) ;
#6085 = ORIENTED_EDGE ( 'NONE', *, *, #353, .F. ) ;
#6086 = VECTOR ( 'NONE', #4781, 1000.000000000000000 ) ;
#6087 = ORIENTED_EDGE ( 'NONE', *, *, #1930, .T. ) ;
#6088 = FACE_OUTER_BOUND ( 'NONE', #2911, .T. ) ;
#6089 = DIRECTION ( 'NONE',  ( -0.000000000000000000, 1.000000000000000000, -0.000000000000000000 ) ) ;
#6090 = DIRECTION ( 'NONE',  ( -1.000000000000000000, -0.000000000000000000, -0.000000000000000000 ) ) ;
#6091 = EDGE_CURVE ( 'NONE', #2516, #3519, #2665, .T. ) ;
#6092 = CARTESIAN_POINT ( 'NONE',  ( 29.58211713789933484, 16.16277201088163551, 3.250000000000000444 ) ) ;
#6093 = DIRECTION ( 'NONE',  ( 1.000000000000000000, 0.000000000000000000, -0.000000000000000000 ) ) ;
#6094 = VERTEX_POINT ( 'NONE', #114 ) ;
#6095 = ORIENTED_EDGE ( 'NONE', *, *, #1795, .T. ) ;
#6096 = EDGE_CURVE ( 'NONE', #5162, #637, #5019, .T. ) ;
#6097 = ADVANCED_FACE ( 'NONE', ( #4269 ), #3705, .F. ) ;
#6098 = CARTESIAN_POINT ( 'NONE',  ( 39.18788286210067895, 20.66277201088163196, 3.250000000000000444 ) ) ;
#6099 = EDGE_CURVE ( 'NONE', #3250, #3485, #2200, .T. ) ;
#6100 = DIRECTION ( 'NONE',  ( 1.000000000000000000, -0.000000000000000000, 0.000000000000000000 ) ) ;
#6101 = DIRECTION ( 'NONE',  ( 0.000000000000000000, -1.000000000000000000, 0.000000000000000000 ) ) ;
#6102 = VECTOR ( 'NONE', #3287, 1000.000000000000000 ) ;
#6103 = ORIENTED_EDGE ( 'NONE', *, *, #1018, .F. ) ;
#6104 = VERTEX_POINT ( 'NONE', #691 ) ;
#6105 = ORIENTED_EDGE ( 'NONE', *, *, #1388, .T. ) ;
#6106 = PERSON_AND_ORGANIZATION ( #6057, #686 ) ;
#6107 = LINE ( 'NONE', #4017, #3332 ) ;
#6108 = CARTESIAN_POINT ( 'NONE',  ( -43.25000000000000000, 23.15429687500000355, 0.3499999999999999223 ) ) ;
#6109 = DIRECTION ( 'NONE',  ( -0.000000000000000000, 0.000000000000000000, 1.000000000000000000 ) ) ;
#6110 = VECTOR ( 'NONE', #3730, 1000.000000000000000 ) ;
#6111 = ORIENTED_EDGE ( 'NONE', *, *, #1795, .F. ) ;
#6112 = EDGE_LOOP ( 'NONE', ( #6283, #3582, #5657, #2454, #4672, #1275, #1867, #5764 ) ) ;
#6113 = DIRECTION ( 'NONE',  ( 1.000000000000000000, 0.000000000000000000, 0.000000000000000000 ) ) ;
#6114 = CARTESIAN_POINT ( 'NONE',  ( 29.58211713789933484, 20.23277201088163224, 1.500000000000000444 ) ) ;
#6115 = AXIS2_PLACEMENT_3D ( 'NONE', #1982, #4090, #2087 ) ;
#6116 = LINE ( 'NONE', #2629, #677 ) ;
#6117 = DIRECTION ( 'NONE',  ( -0.000000000000000000, -0.000000000000000000, 1.000000000000000000 ) ) ;
#6118 = CARTESIAN_POINT ( 'NONE',  ( -8.767882862100687902, 15.50448725967914676, 1.500000000000000444 ) ) ;
#6119 = VERTEX_POINT ( 'NONE', #2732 ) ;
#6120 = AXIS2_PLACEMENT_3D ( 'NONE', #2526, #6348, #3795 ) ;
#6121 = AXIS2_PLACEMENT_3D ( 'NONE', #2534, #3034, #4066 ) ;
#6122 = EDGE_CURVE ( 'NONE', #4015, #4917, #4770, .T. ) ;
#6123 = VERTEX_POINT ( 'NONE', #3334 ) ;
#6124 = DIRECTION ( 'NONE',  ( 0.000000000000000000, 0.7071067811865477948, 0.7071067811865473507 ) ) ;
#6125 = EDGE_CURVE ( 'NONE', #225, #1478, #2426, .T. ) ;
#6126 = DIRECTION ( 'NONE',  ( -0.7071067811865466846, -0.7071067811865483499, 0.000000000000000000 ) ) ;
#6127 = VECTOR ( 'NONE', #2659, 1000.000000000000000 ) ;
#6128 = VECTOR ( 'NONE', #5725, 1000.000000000000114 ) ;
#6129 = DIRECTION ( 'NONE',  ( 0.000000000000000000, -1.000000000000000000, 0.000000000000000000 ) ) ;
#6130 = DIRECTION ( 'NONE',  ( 0.000000000000000000, 0.000000000000000000, -1.000000000000000000 ) ) ;
#6131 = DIRECTION ( 'NONE',  ( -1.000000000000000000, -8.896017825522088106E-17, 0.000000000000000000 ) ) ;
#6132 = VERTEX_POINT ( 'NONE', #417 ) ;
#6133 = ORIENTED_EDGE ( 'NONE', *, *, #6066, .F. ) ;
#6134 = VECTOR ( 'NONE', #2846, 1000.000000000000000 ) ;
#6135 = PLANE ( 'NONE',  #2474 ) ;
#6136 = DIRECTION ( 'NONE',  ( -0.7071067811865483499, 0.7071067811865467956, 0.000000000000000000 ) ) ;
#6137 = DIRECTION ( 'NONE',  ( -0.000000000000000000, -1.000000000000000000, -0.000000000000000000 ) ) ;
#6138 = ADVANCED_FACE ( 'NONE', ( #281 ), #4868, .T. ) ;
#6139 = ORIENTED_EDGE ( 'NONE', *, *, #1510, .T. ) ;
#6140 = EDGE_LOOP ( 'NONE', ( #1453, #5226, #5083, #5795 ) ) ;
#6141 = ORIENTED_EDGE ( 'NONE', *, *, #2405, .F. ) ;
#6142 = FACE_OUTER_BOUND ( 'NONE', #1832, .T. ) ;
#6143 = PLANE ( 'NONE',  #341 ) ;
#6144 = VECTOR ( 'NONE', #6126, 1000.000000000000000 ) ;
#6145 = CARTESIAN_POINT ( 'NONE',  ( -6.382117137899323112, 19.66277201088163196, 3.250000000000000444 ) ) ;
#6146 = EDGE_CURVE ( 'NONE', #4909, #1875, #2891, .T. ) ;
#6147 = ORIENTED_EDGE ( 'NONE', *, *, #2938, .T. ) ;
#6148 = ORIENTED_EDGE ( 'NONE', *, *, #4289, .F. ) ;
#6149 = AXIS2_PLACEMENT_3D ( 'NONE', #2060, #5642, #1590 ) ;
#6150 = DIRECTION ( 'NONE',  ( -1.000000000000000000, 0.000000000000000000, -0.000000000000000000 ) ) ;
#6151 = CARTESIAN_POINT ( 'NONE',  ( -43.25000000000000000, 23.15429687500000355, 0.5999999999999999778 ) ) ;
#6152 = CARTESIAN_POINT ( 'NONE',  ( -36.41788286210068293, 22.78641401289933910, 1.500000000000000444 ) ) ;
#6153 = DIRECTION ( 'NONE',  ( 0.000000000000000000, 0.7071067811865473507, -0.7071067811865477948 ) ) ;
#6154 = VECTOR ( 'NONE', #2851, 1000.000000000000000 ) ;
#6155 = CARTESIAN_POINT ( 'NONE',  ( 37.23211713789931565, 15.50448725967914676, 0.5000000000000004441 ) ) ;
#6156 = EDGE_LOOP ( 'NONE', ( #3272, #4251, #739, #3420 ) ) ;
#6157 = ORIENTED_EDGE ( 'NONE', *, *, #4169, .F. ) ;
#6158 = LINE ( 'NONE', #2964, #5153 ) ;
#6159 = AXIS2_PLACEMENT_3D ( 'NONE', #2307, #5857, #765 ) ;
#6160 = CARTESIAN_POINT ( 'NONE',  ( -36.47847513588163082, 23.17217973710068080, 6.000000000000000000 ) ) ;
#6161 = CARTESIAN_POINT ( 'NONE',  ( 8.932117137899320269, 20.80448725967914925, 1.500000000000000444 ) ) ;
#6162 = EDGE_CURVE ( 'NONE', #3888, #2620, #5414, .T. ) ;
#6163 = LINE ( 'NONE', #6561, #6530 ) ;
#6164 = LINE ( 'NONE', #2639, #4091 ) ;
#6165 = VERTEX_POINT ( 'NONE', #1921 ) ;
#6166 = VERTEX_POINT ( 'NONE', #3402 ) ;
#6167 = DIRECTION ( 'NONE',  ( -0.000000000000000000, -0.000000000000000000, 1.000000000000000000 ) ) ;
#6168 = FACE_OUTER_BOUND ( 'NONE', #4065, .T. ) ;
#6169 = LINE ( 'NONE', #4044, #5223 ) ;
#6170 = DIRECTION ( 'NONE',  ( 0.000000000000000000, 1.000000000000000000, 0.000000000000000000 ) ) ;
#6171 = EDGE_CURVE ( 'NONE', #719, #531, #1957, .T. ) ;
#6172 = ORIENTED_EDGE ( 'NONE', *, *, #4742, .T. ) ;
#6173 = VERTEX_POINT ( 'NONE', #4368 ) ;
#6174 = ORIENTED_EDGE ( 'NONE', *, *, #6556, .F. ) ;
#6175 = APPROVAL_DATE_TIME ( #5601, #3064 ) ;
#6176 = CARTESIAN_POINT ( 'NONE',  ( 39.25000000000000000, 13.15429687500000355, 4.000000000000000000 ) ) ;
#6177 = CARTESIAN_POINT ( 'NONE',  ( -45.75000000000000000, 20.66277201088163196, 3.250000000000000444 ) ) ;
#6178 = LINE ( 'NONE', #3120, #2696 ) ;
#6179 = EDGE_CURVE ( 'NONE', #1709, #5884, #5499, .T. ) ;
#6180 = EDGE_LOOP ( 'NONE', ( #4336, #2589, #2392, #954, #6350, #428, #1882, #3005, #1530, #3178 ) ) ;
#6181 = VERTEX_POINT ( 'NONE', #5380 ) ;
#6182 = CYLINDRICAL_SURFACE ( 'NONE', #6328, 0.5000000000000004441 ) ;
#6183 = FACE_OUTER_BOUND ( 'NONE', #2626, .T. ) ;
#6184 = EDGE_CURVE ( 'NONE', #2850, #6415, #6485, .T. ) ;
#6185 = ADVANCED_FACE ( 'NONE', ( #6516, #3862 ), #4964, .F. ) ;
#6186 = FACE_OUTER_BOUND ( 'NONE', #6063, .T. ) ;
#6187 = LINE ( 'NONE', #5746, #106 ) ;
#6188 = ORIENTED_EDGE ( 'NONE', *, *, #3762, .T. ) ;
#6189 = EDGE_LOOP ( 'NONE', ( #4435, #474, #5718, #795, #864, #2146, #278, #2562 ) ) ;
#6190 = DIRECTION ( 'NONE',  ( 0.000000000000000000, 0.000000000000000000, -1.000000000000000000 ) ) ;
#6191 = AXIS2_PLACEMENT_3D ( 'NONE', #133, #3785, #2782 ) ;
#6192 = PLANE ( 'NONE',  #1859 ) ;
#6193 = CARTESIAN_POINT ( 'NONE',  ( 36.67847513588163366, 13.13641401289933874, 1.500000000000000444 ) ) ;
#6194 = DIRECTION ( 'NONE',  ( -0.000000000000000000, -0.000000000000000000, 1.000000000000000000 ) ) ;
#6195 = VECTOR ( 'NONE', #3706, 1000.000000000000000 ) ;
#6196 = DIRECTION ( 'NONE',  ( -0.000000000000000000, 1.000000000000000000, -0.000000000000000000 ) ) ;
#6197 = EDGE_LOOP ( 'NONE', ( #3763, #1469, #6442, #437 ) ) ;
#6198 = DIRECTION ( 'NONE',  ( 1.000000000000000000, 0.000000000000000000, 0.000000000000000000 ) ) ;
#6199 = LINE ( 'NONE', #1607, #2902 ) ;
#6200 = CARTESIAN_POINT ( 'NONE',  ( -32.32152486411837344, 13.13641401289933874, 1.500000000000000444 ) ) ;
#6201 = CARTESIAN_POINT ( 'NONE',  ( 36.58211713789932418, 22.78641401289933910, 0.5000000000000004441 ) ) ;
#6202 = VERTEX_POINT ( 'NONE', #384 ) ;
#6203 = ORIENTED_EDGE ( 'NONE', *, *, #1305, .T. ) ;
#6204 = ORIENTED_EDGE ( 'NONE', *, *, #6386, .T. ) ;
#6205 = CARTESIAN_POINT ( 'NONE',  ( 8.932117137899313164, 20.78641401289933910, 1.500000000000000444 ) ) ;
#6206 = DIRECTION ( 'NONE',  ( 1.000000000000000000, 1.334402673828313339E-16, -0.000000000000000000 ) ) ;
#6207 = DIRECTION ( 'NONE',  ( 0.000000000000000000, 1.000000000000000000, 0.000000000000000000 ) ) ;
#6208 = ORIENTED_EDGE ( 'NONE', *, *, #2567, .F. ) ;
#6209 = ORIENTED_EDGE ( 'NONE', *, *, #4959, .F. ) ;
#6210 = VECTOR ( 'NONE', #2560, 1000.000000000000000 ) ;
#6211 = DIRECTION ( 'NONE',  ( 0.000000000000000000, 1.000000000000000000, 0.000000000000000000 ) ) ;
#6212 = CARTESIAN_POINT ( 'NONE',  ( -43.50000000000000000, 13.40429687500000355, 0.5999999999999999778 ) ) ;
#6213 = DIRECTION ( 'NONE',  ( -1.000000000000000000, -0.000000000000000000, -0.000000000000000000 ) ) ;
#6214 = AXIS2_PLACEMENT_3D ( 'NONE', #2277, #2644, #4316 ) ;
#6215 = CARTESIAN_POINT ( 'NONE',  ( -29.38211713789932489, 16.66277201088163551, 3.250000000000000444 ) ) ;
#6216 = CARTESIAN_POINT ( 'NONE',  ( -37.06788286210068151, 15.48641401289933661, -2.999999999999999112 ) ) ;
#6217 = ORIENTED_EDGE ( 'NONE', *, *, #318, .T. ) ;
#6218 = EDGE_CURVE ( 'NONE', #5138, #747, #788, .T. ) ;
#6219 = EDGE_CURVE ( 'NONE', #4988, #6123, #5444, .T. ) ;
#6220 = ORIENTED_EDGE ( 'NONE', *, *, #2294, .F. ) ;
#6221 = CARTESIAN_POINT ( 'NONE',  ( 46.25000000000000000, 24.48861145005077233, 5.600000000000016520 ) ) ;
#6222 = CIRCLE ( 'NONE', #1724, 0.5000000000000000000 ) ;
#6223 = CARTESIAN_POINT ( 'NONE',  ( -6.382117137899323112, 16.66277201088163551, 3.250000000000000444 ) ) ;
#6224 = EDGE_CURVE ( 'NONE', #3517, #6119, #6417, .T. ) ;
#6225 = CARTESIAN_POINT ( 'NONE',  ( 39.25000000000000000, 23.15429687500000000, 4.000000000000000000 ) ) ;
#6226 = VECTOR ( 'NONE', #58, 1000.000000000000000 ) ;
#6227 = CARTESIAN_POINT ( 'NONE',  ( 16.61788286210067511, 20.23277201088162514, 3.745075751779463058 ) ) ;
#6228 = AXIS2_PLACEMENT_3D ( 'NONE', #820, #6013, #3367 ) ;
#6229 = DIRECTION ( 'NONE',  ( 0.000000000000000000, 1.000000000000000000, 0.000000000000000000 ) ) ;
#6230 = EDGE_CURVE ( 'NONE', #2556, #6024, #3898, .T. ) ;
#6231 = DIRECTION ( 'NONE',  ( -1.000000000000000000, 0.000000000000000000, 0.000000000000000000 ) ) ;
#6232 = CARTESIAN_POINT ( 'NONE',  ( -9.417882862100684704, 22.78641401289933910, 0.5000000000000004441 ) ) ;
#6233 = AXIS2_PLACEMENT_3D ( 'NONE', #3853, #6540, #5373 ) ;
#6234 = VECTOR ( 'NONE', #624, 1000.000000000000000 ) ;
#6235 = LINE ( 'NONE', #1644, #335 ) ;
#6236 = CARTESIAN_POINT ( 'NONE',  ( -29.38211713789932489, 20.23277201088162514, 3.745075751779463058 ) ) ;
#6237 = DIRECTION ( 'NONE',  ( -0.000000000000000000, -0.000000000000000000, 1.000000000000000000 ) ) ;
#6238 = VECTOR ( 'NONE', #3542, 1000.000000000000000 ) ;
#6239 = VERTEX_POINT ( 'NONE', #5955 ) ;
#6240 = ORIENTED_EDGE ( 'NONE', *, *, #1612, .F. ) ;
#6241 = ORIENTED_EDGE ( 'NONE', *, *, #2604, .T. ) ;
#6242 = PLANE ( 'NONE',  #1728 ) ;
#6243 = VECTOR ( 'NONE', #5085, 1000.000000000000000 ) ;
#6244 = LINE ( 'NONE', #1173, #4257 ) ;
#6245 = CARTESIAN_POINT ( 'NONE',  ( 9.521524864118385167, 13.13641401289933697, 1.500000000000000444 ) ) ;
#6246 = ADVANCED_FACE ( 'NONE', ( #849 ), #3928, .F. ) ;
#6247 = ORIENTED_EDGE ( 'NONE', *, *, #4292, .F. ) ;
#6248 = ORIENTED_EDGE ( 'NONE', *, *, #3375, .T. ) ;
#6249 = CARTESIAN_POINT ( 'NONE',  ( -29.38211713789932489, 16.07582173911839263, 3.742381610379894585 ) ) ;
#6250 = CARTESIAN_POINT ( 'NONE',  ( -9.417882862100684704, 20.78641401289933910, 0.5000000000000004441 ) ) ;
#6251 = PLANE ( 'NONE',  #876 ) ;
#6252 = FACE_OUTER_BOUND ( 'NONE', #3688, .T. ) ;
#6253 = EDGE_LOOP ( 'NONE', ( #165, #2188, #1708, #4301 ) ) ;
#6254 = EDGE_CURVE ( 'NONE', #557, #5571, #3466, .T. ) ;
#6255 = EDGE_LOOP ( 'NONE', ( #1903, #95, #1071, #56 ) ) ;
#6256 = CARTESIAN_POINT ( 'NONE',  ( 29.58211713789933484, 17.66277201088163196, 3.250000000000000444 ) ) ;
#6257 = DIRECTION ( 'NONE',  ( -1.000000000000000000, 0.000000000000000000, 0.000000000000000000 ) ) ;
#6258 = VECTOR ( 'NONE', #4997, 1000.000000000000000 ) ;
#6259 = LINE ( 'NONE', #6225, #6195 ) ;
#6260 = CARTESIAN_POINT ( 'NONE',  ( 16.18788286210066829, 20.66277201088163906, 3.511255977444319942 ) ) ;
#6261 = LINE ( 'NONE', #1030, #2173 ) ;
#6262 = FACE_OUTER_BOUND ( 'NONE', #1743, .T. ) ;
#6263 = DIRECTION ( 'NONE',  ( -1.000000000000000000, -0.000000000000000000, -0.000000000000000000 ) ) ;
#6264 = DIRECTION ( 'NONE',  ( -1.000000000000000000, -0.000000000000000000, -0.000000000000000000 ) ) ;
#6265 = EDGE_CURVE ( 'NONE', #145, #4626, #5509, .T. ) ;
#6266 = EDGE_CURVE ( 'NONE', #4857, #2161, #4497, .T. ) ;
#6267 = CARTESIAN_POINT ( 'NONE',  ( -44.00000000000000000, 23.15429687500000355, 0.2500000000000000000 ) ) ;
#6268 = LINE ( 'NONE', #3714, #1074 ) ;
#6269 = ORIENTED_EDGE ( 'NONE', *, *, #1200, .F. ) ;
#6270 = EDGE_CURVE ( 'NONE', #2119, #2686, #1046, .T. ) ;
#6271 = ORIENTED_EDGE ( 'NONE', *, *, #3275, .F. ) ;
#6272 = VERTEX_POINT ( 'NONE', #3 ) ;
#6273 = CARTESIAN_POINT ( 'NONE',  ( 7.012117137899322117, 20.66277201088163196, 3.250000000000000444 ) ) ;
#6274 = CARTESIAN_POINT ( 'NONE',  ( -45.75000000000000000, 22.40429687500000711, 6.000000000000000000 ) ) ;
#6275 = CARTESIAN_POINT ( 'NONE',  ( 29.58211713789933484, 20.23277201088163224, 2.754924248220538718 ) ) ;
#6276 = ORIENTED_EDGE ( 'NONE', *, *, #5682, .F. ) ;
#6277 = ORIENTED_EDGE ( 'NONE', *, *, #6039, .F. ) ;
#6278 = CARTESIAN_POINT ( 'NONE',  ( 39.25000000000000000, 15.70793887701771041, 3.457669979389220050 ) ) ;
#6279 = CARTESIAN_POINT ( 'NONE',  ( 31.93211713789931849, 20.78641401289933910, 1.500000000000000444 ) ) ;
#6280 = EDGE_CURVE ( 'NONE', #5335, #6048, #1487, .T. ) ;
#6281 = FACE_OUTER_BOUND ( 'NONE', #4733, .T. ) ;
#6282 = LINE ( 'NONE', #76, #4067 ) ;
#6283 = ORIENTED_EDGE ( 'NONE', *, *, #2932, .F. ) ;
#6284 = ORIENTED_EDGE ( 'NONE', *, *, #973, .F. ) ;
#6285 = ORIENTED_EDGE ( 'NONE', *, *, #554, .T. ) ;
#6286 = DIRECTION ( 'NONE',  ( -0.000000000000000000, -0.000000000000000000, 1.000000000000000000 ) ) ;
#6287 = CARTESIAN_POINT ( 'NONE',  ( 46.25000000000000000, 18.93713958747461490, 12.71715728752539221 ) ) ;
#6288 = CARTESIAN_POINT ( 'NONE',  ( -45.75000000000000000, 17.66277201088163196, 3.250000000000000444 ) ) ;
#6289 = CARTESIAN_POINT ( 'NONE',  ( -13.47847513588161483, 13.13641401289933697, 1.500000000000000444 ) ) ;
#6290 = FACE_OUTER_BOUND ( 'NONE', #4465, .T. ) ;
#6291 = ORIENTED_EDGE ( 'NONE', *, *, #1443, .F. ) ;
#6292 = DIRECTION ( 'NONE',  ( -1.000000000000000000, 0.000000000000000000, 0.000000000000000000 ) ) ;
#6293 = CARTESIAN_POINT ( 'NONE',  ( 8.932117137899320269, 15.48641401289933661, -2.999999999999999112 ) ) ;
#6294 = EDGE_CURVE ( 'NONE', #3060, #3250, #984, .T. ) ;
#6295 = VECTOR ( 'NONE', #5730, 1000.000000000000000 ) ;
#6296 = DIRECTION ( 'NONE',  ( 0.000000000000000000, 1.000000000000000000, 0.000000000000000000 ) ) ;
#6297 = CARTESIAN_POINT ( 'NONE',  ( 16.61788286210067511, 20.23277201088162514, 1.500000000000000444 ) ) ;
#6298 = VERTEX_POINT ( 'NONE', #5173 ) ;
#6299 = ADVANCED_FACE ( 'NONE', ( #4563, #6183 ), #454, .F. ) ;
#6300 = ORIENTED_EDGE ( 'NONE', *, *, #850, .F. ) ;
#6301 = EDGE_CURVE ( 'NONE', #6298, #1662, #6615, .T. ) ;
#6302 = AXIS2_PLACEMENT_3D ( 'NONE', #4034, #6090, #3575 ) ;
#6303 = VERTEX_POINT ( 'NONE', #4531 ) ;
#6304 = ADVANCED_FACE ( 'NONE', ( #3633 ), #4098, .F. ) ;
#6305 = DIRECTION ( 'NONE',  ( 1.000000000000000000, 0.000000000000000000, 0.000000000000000000 ) ) ;
#6306 = CARTESIAN_POINT ( 'NONE',  ( -38.81788286210068151, 15.48641401289933661, 0.5000000000000004441 ) ) ;
#6307 = ORIENTED_EDGE ( 'NONE', *, *, #6061, .F. ) ;
#6308 = VERTEX_POINT ( 'NONE', #5067 ) ;
#6309 = CARTESIAN_POINT ( 'NONE',  ( 39.25000000000000000, 23.15429687500000000, 4.000000000000000000 ) ) ;
#6310 = LINE ( 'NONE', #1149, #2719 ) ;
#6311 = CARTESIAN_POINT ( 'NONE',  ( 0.000000000000000000, 11.05429687500002878, 0.000000000000000000 ) ) ;
#6312 = VECTOR ( 'NONE', #5035, 1000.000000000000000 ) ;
#6313 = VERTEX_POINT ( 'NONE', #5674 ) ;
#6314 = EDGE_LOOP ( 'NONE', ( #5766, #5693, #3511, #3482, #1977, #5934 ) ) ;
#6315 = EDGE_LOOP ( 'NONE', ( #3946, #1106, #5572, #4485 ) ) ;
#6316 = DIRECTION ( 'NONE',  ( 0.000000000000000000, 0.000000000000000000, 1.000000000000000000 ) ) ;
#6317 = CARTESIAN_POINT ( 'NONE',  ( 69.00000000000000000, 20.78641401289933910, 0.000000000000000000 ) ) ;
#6318 = VECTOR ( 'NONE', #5623, 1000.000000000000000 ) ;
#6319 = CARTESIAN_POINT ( 'NONE',  ( -8.767882862100687902, 20.78641401289933910, 1.500000000000000444 ) ) ;
#6320 = DIRECTION ( 'NONE',  ( -1.000000000000000000, 0.000000000000000000, -0.000000000000000000 ) ) ;
#6321 = VERTEX_POINT ( 'NONE', #1561 ) ;
#6322 =( BOUNDED_CURVE ( )  B_SPLINE_CURVE ( 3, ( #4389, #6003, #1907, #2348 ),
 .UNSPECIFIED., .F., .T. ) 
 B_SPLINE_CURVE_WITH_KNOTS ( ( 4, 4 ),
 ( 0.000000000000000000, 1.430334912085039489 ),
 .UNSPECIFIED. ) 
 CURVE ( )  GEOMETRIC_REPRESENTATION_ITEM ( )  RATIONAL_B_SPLINE_CURVE ( ( 1.000000000000000000, 0.8366556290180501287, 0.8366556290180501287, 1.000000000000000000 ) ) 
 REPRESENTATION_ITEM ( '' )  );
#6323 = CARTESIAN_POINT ( 'NONE',  ( -13.41788286210068115, 22.78641401289933910, 0.5000000000000004441 ) ) ;
#6324 = AXIS2_PLACEMENT_3D ( 'NONE', #4601, #2930, #3499 ) ;
#6325 = PLANE ( 'NONE',  #3867 ) ;
#6326 = LINE ( 'NONE', #1737, #3989 ) ;
#6327 = LINE ( 'NONE', #731, #770 ) ;
#6328 = AXIS2_PLACEMENT_3D ( 'NONE', #1560, #5612, #3598 ) ;
#6329 = LINE ( 'NONE', #1608, #628 ) ;
#6330 = CARTESIAN_POINT ( 'NONE',  ( 9.582117137899318848, 22.78641401289933910, 0.5000000000000004441 ) ) ;
#6331 = ORIENTED_EDGE ( 'NONE', *, *, #4995, .T. ) ;
#6332 = VECTOR ( 'NONE', #1263, 1000.000000000000000 ) ;
#6333 = EDGE_LOOP ( 'NONE', ( #5229, #3069, #6375, #2753, #2510, #5749 ) ) ;
#6334 = VECTOR ( 'NONE', #5990, 1000.000000000000000 ) ;
#6335 = ORIENTED_EDGE ( 'NONE', *, *, #146, .T. ) ;
#6336 = CARTESIAN_POINT ( 'NONE',  ( 7.012117137899322117, 20.66277201088163196, 3.250000000000000444 ) ) ;
#6337 = CARTESIAN_POINT ( 'NONE',  ( -16.00483313386391870, 15.66277201088163373, 3.250000000000000444 ) ) ;
#6338 = EDGE_CURVE ( 'NONE', #3663, #215, #589, .T. ) ;
#6339 = AXIS2_PLACEMENT_3D ( 'NONE', #1886, #1279, #2825 ) ;
#6340 = CARTESIAN_POINT ( 'NONE',  ( -29.38211713789932489, 16.07582173911839263, 2.757618389620105859 ) ) ;
#6341 = VECTOR ( 'NONE', #2508, 1000.000000000000000 ) ;
#6342 = DIRECTION ( 'NONE',  ( 0.000000000000000000, 0.000000000000000000, -1.000000000000000000 ) ) ;
#6343 = ORIENTED_EDGE ( 'NONE', *, *, #554, .F. ) ;
#6344 = ORIENTED_EDGE ( 'NONE', *, *, #698, .F. ) ;
#6345 = CARTESIAN_POINT ( 'NONE',  ( 13.67847513588161412, 23.17217973710068080, 6.000000000000000000 ) ) ;
#6346 = VECTOR ( 'NONE', #231, 1000.000000000000000 ) ;
#6347 = CARTESIAN_POINT ( 'NONE',  ( 32.58211713789932418, 15.48641401289933661, 0.5000000000000004441 ) ) ;
#6348 = DIRECTION ( 'NONE',  ( -0.000000000000000000, 0.000000000000000000, 1.000000000000000000 ) ) ;
#6349 = EDGE_CURVE ( 'NONE', #1595, #920, #4666, .T. ) ;
#6350 = ORIENTED_EDGE ( 'NONE', *, *, #2940, .F. ) ;
#6351 = ORIENTED_EDGE ( 'NONE', *, *, #1703, .F. ) ;
#6352 = EDGE_CURVE ( 'NONE', #4688, #508, #3599, .T. ) ;
#6353 = VERTEX_POINT ( 'NONE', #1082 ) ;
#6354 = CARTESIAN_POINT ( 'NONE',  ( -45.55000000000000426, 10.85429687500000284, 0.2000000000000195233 ) ) ;
#6355 = FACE_OUTER_BOUND ( 'NONE', #1993, .T. ) ;
#6356 = VECTOR ( 'NONE', #1790, 1000.000000000000000 ) ;
#6357 = CARTESIAN_POINT ( 'NONE',  ( 16.20483313386392155, 15.66277201088163373, 3.250000000000000444 ) ) ;
#6358 = ORIENTED_EDGE ( 'NONE', *, *, #4942, .F. ) ;
#6359 = LINE ( 'NONE', #3340, #1419 ) ;
#6360 = ORIENTED_EDGE ( 'NONE', *, *, #6061, .T. ) ;
#6361 = AXIS2_PLACEMENT_3D ( 'NONE', #4696, #5238, #2688 ) ;
#6362 = CARTESIAN_POINT ( 'NONE',  ( -8.767882862100687902, 20.78641401289933910, 0.000000000000000000 ) ) ;
#6363 = DIRECTION ( 'NONE',  ( 0.000000000000000000, -1.000000000000000000, 0.000000000000000000 ) ) ;
#6365 =( BOUNDED_CURVE ( )  B_SPLINE_CURVE ( 3, ( #6009, #1416, #3461, #911 ),
 .UNSPECIFIED., .F., .T. ) 
 B_SPLINE_CURVE_WITH_KNOTS ( ( 4, 4 ),
 ( 0.000000000000000000, 1.396007136793093517 ),
 .UNSPECIFIED. ) 
 CURVE ( )  GEOMETRIC_REPRESENTATION_ITEM ( )  RATIONAL_B_SPLINE_CURVE ( ( 1.000000000000000000, 0.8440845325001389288, 0.8440845325001389288, 1.000000000000000000 ) ) 
 REPRESENTATION_ITEM ( '' )  );
#6364 = CARTESIAN_POINT ( 'NONE',  ( 13.67847513588161412, 23.17217973710068080, 1.500000000000000444 ) ) ;
#6366 = CARTESIAN_POINT ( 'NONE',  ( 29.58211713789933484, 16.07582173911838908, 6.000000000000000000 ) ) ;
#6367 = VECTOR ( 'NONE', #4859, 1000.000000000000000 ) ;
#6368 = EDGE_LOOP ( 'NONE', ( #761, #3234, #1153, #3739 ) ) ;
#6369 = VERTEX_POINT ( 'NONE', #4597 ) ;
#6370 = EDGE_LOOP ( 'NONE', ( #3321, #741, #3877, #4760 ) ) ;
#6371 = CARTESIAN_POINT ( 'NONE',  ( -32.41788286210068293, 15.48641401289933661, 0.5000000000000004441 ) ) ;
#6372 = CARTESIAN_POINT ( 'NONE',  ( -13.47847513588162904, 23.17217973710068080, 6.000000000000000000 ) ) ;
#6373 = CARTESIAN_POINT ( 'NONE',  ( -9.417882862100684704, 15.48641401289933661, 0.5000000000000004441 ) ) ;
#6374 = CARTESIAN_POINT ( 'NONE',  ( -13.47847513588161483, 13.13641401289933697, 6.000000000000000000 ) ) ;
#6375 = ORIENTED_EDGE ( 'NONE', *, *, #5538, .T. ) ;
#6376 = ORIENTED_EDGE ( 'NONE', *, *, #6349, .F. ) ;
#6377 = FACE_OUTER_BOUND ( 'NONE', #3083, .T. ) ;
#6378 = DIRECTION ( 'NONE',  ( 1.000000000000000000, 0.000000000000000000, 0.000000000000000000 ) ) ;
#6379 = CARTESIAN_POINT ( 'NONE',  ( -6.382117137899323112, 20.23277201088162514, 4.000000000000000000 ) ) ;
#6380 = EDGE_CURVE ( 'NONE', #4751, #5647, #2628, .T. ) ;
#6381 = ORIENTED_EDGE ( 'NONE', *, *, #5708, .T. ) ;
#6382 = ORIENTED_EDGE ( 'NONE', *, *, #3458, .T. ) ;
#6383 = ORIENTED_EDGE ( 'NONE', *, *, #6219, .T. ) ;
#6384 = EDGE_CURVE ( 'NONE', #1313, #6623, #3056, .T. ) ;
#6385 = CARTESIAN_POINT ( 'NONE',  ( -30.01788286210068435, 20.78641401289933910, 0.5000000000000004441 ) ) ;
#6386 = EDGE_CURVE ( 'NONE', #5958, #873, #4162, .T. ) ;
#6387 = CARTESIAN_POINT ( 'NONE',  ( -36.41788286210068293, 22.78641401289933910, 0.5000000000000004441 ) ) ;
#6388 = EDGE_CURVE ( 'NONE', #5876, #1926, #551, .T. ) ;
#6389 = CARTESIAN_POINT ( 'NONE',  ( -30.01788286210068435, 20.78641401289933910, 0.5000000000000004441 ) ) ;
#6390 = EDGE_CURVE ( 'NONE', #3376, #2391, #3496, .T. ) ;
#6391 = CARTESIAN_POINT ( 'NONE',  ( -37.06788286210068151, 15.48641401289933661, 0.5000000000000004441 ) ) ;
#6392 = ORIENTED_EDGE ( 'NONE', *, *, #3880, .F. ) ;
#6393 = CARTESIAN_POINT ( 'NONE',  ( 9.521524864118370957, 23.17217973710068080, 1.500000000000000444 ) ) ;
#6394 = PLANE ( 'NONE',  #1088 ) ;
#6395 = CARTESIAN_POINT ( 'NONE',  ( 31.93211713789932560, 20.80448725967914925, 1.500000000000000444 ) ) ;
#6396 = CARTESIAN_POINT ( 'NONE',  ( -29.38211713789932489, 16.16277201088163551, 3.250000000000000444 ) ) ;
#6397 = CARTESIAN_POINT ( 'NONE',  ( -15.98788286210067433, 20.66277201088163196, 3.250000000000000444 ) ) ;
#6398 = DIRECTION ( 'NONE',  ( -1.000000000000000000, -0.000000000000000000, -0.000000000000000000 ) ) ;
#6399 = ORIENTED_EDGE ( 'NONE', *, *, #6380, .T. ) ;
#6400 = ORIENTED_EDGE ( 'NONE', *, *, #6266, .F. ) ;
#6401 = VERTEX_POINT ( 'NONE', #5613 ) ;
#6402 = CIRCLE ( 'NONE', #297, 0.5000000000000000000 ) ;
#6403 = LINE ( 'NONE', #4354, #2915 ) ;
#6404 = LINE ( 'NONE', #1906, #4149 ) ;
#6405 = PLANE ( 'NONE',  #4702 ) ;
#6406 = VECTOR ( 'NONE', #4877, 1000.000000000000000 ) ;
#6407 = ORIENTED_EDGE ( 'NONE', *, *, #5284, .F. ) ;
#6408 = EDGE_CURVE ( 'NONE', #531, #5335, #5032, .T. ) ;
#6409 = VERTEX_POINT ( 'NONE', #6114 ) ;
#6410 = DIRECTION ( 'NONE',  ( -0.000000000000000000, -0.000000000000000000, 1.000000000000000000 ) ) ;
#6411 = DIRECTION ( 'NONE',  ( -0.000000000000000000, -1.000000000000000000, -0.000000000000000000 ) ) ;
#6412 = CARTESIAN_POINT ( 'NONE',  ( 9.582117137899318848, 20.78641401289933910, 0.5000000000000004441 ) ) ;
#6413 = ORIENTED_EDGE ( 'NONE', *, *, #2633, .T. ) ;
#6414 = ORIENTED_EDGE ( 'NONE', *, *, #1142, .T. ) ;
#6415 = VERTEX_POINT ( 'NONE', #1524 ) ;
#6416 = CARTESIAN_POINT ( 'NONE',  ( -15.81788286210068151, 20.80448725967914925, 0.5000000000000004441 ) ) ;
#6417 = LINE ( 'NONE', #4899, #1007 ) ;
#6418 = VECTOR ( 'NONE', #3916, 1000.000000000000000 ) ;
#6419 = FACE_OUTER_BOUND ( 'NONE', #1692, .T. ) ;
#6420 = EDGE_CURVE ( 'NONE', #3221, #6181, #4024, .T. ) ;
#6421 = CARTESIAN_POINT ( 'NONE',  ( 36.58211713789932418, 22.78641401289933910, 1.500000000000000444 ) ) ;
#6422 = EDGE_CURVE ( 'NONE', #5018, #5681, #5809, .T. ) ;
#6423 = ORIENTED_EDGE ( 'NONE', *, *, #687, .F. ) ;
#6424 = CARTESIAN_POINT ( 'NONE',  ( 13.58211713789931530, 15.48641401289933661, 1.500000000000000444 ) ) ;
#6425 = CARTESIAN_POINT ( 'NONE',  ( -8.767882862100687902, 20.78641401289933910, 0.5000000000000004441 ) ) ;
#6426 = VECTOR ( 'NONE', #6398, 1000.000000000000000 ) ;
#6427 = DIRECTION ( 'NONE',  ( -0.000000000000000000, 1.000000000000000000, -0.000000000000000000 ) ) ;
#6428 = DIRECTION ( 'NONE',  ( 1.000000000000000000, -0.000000000000000000, 0.000000000000000000 ) ) ;
#6429 = CARTESIAN_POINT ( 'NONE',  ( 13.67847513588162833, 13.13641401289933874, 1.500000000000000444 ) ) ;
#6430 = EDGE_CURVE ( 'NONE', #5082, #1052, #4553, .T. ) ;
#6431 = CARTESIAN_POINT ( 'NONE',  ( 45.85000000000000142, 10.65429687500000355, 5.000000000000000000 ) ) ;
#6432 = AXIS2_PLACEMENT_3D ( 'NONE', #457, #3162, #2194 ) ;
#6433 = ORIENTED_EDGE ( 'NONE', *, *, #1757, .T. ) ;
#6434 = ORIENTED_EDGE ( 'NONE', *, *, #814, .T. ) ;
#6435 = ORIENTED_EDGE ( 'NONE', *, *, #4591, .T. ) ;
#6436 = VECTOR ( 'NONE', #915, 1000.000000000000000 ) ;
#6437 = PLANE ( 'NONE',  #2064 ) ;
#6438 = CARTESIAN_POINT ( 'NONE',  ( -32.41788286210068293, 15.48641401289933661, 1.500000000000000444 ) ) ;
#6439 = CARTESIAN_POINT ( 'NONE',  ( 9.521524864118370957, 23.17217973710068080, 1.500000000000000444 ) ) ;
#6440 = VECTOR ( 'NONE', #5352, 1000.000000000000000 ) ;
#6441 = VECTOR ( 'NONE', #3094, 1000.000000000000000 ) ;
#6442 = ORIENTED_EDGE ( 'NONE', *, *, #33, .F. ) ;
#6443 = EDGE_LOOP ( 'NONE', ( #3848, #4512, #2501, #3552, #2179 ) ) ;
#6444 = CARTESIAN_POINT ( 'NONE',  ( -43.75000000000000000, 23.15429687500000000, 0.4964466094067262469 ) ) ;
#6445 = FACE_OUTER_BOUND ( 'NONE', #5438, .T. ) ;
#6446 = VECTOR ( 'NONE', #5307, 1000.000000000000000 ) ;
#6447 = DIRECTION ( 'NONE',  ( 0.000000000000000000, 0.000000000000000000, -1.000000000000000000 ) ) ;
#6448 = ADVANCED_FACE ( 'NONE', ( #4763 ), #2790, .F. ) ;
#6449 = EDGE_CURVE ( 'NONE', #4993, #817, #4108, .T. ) ;
#6450 = ORIENTED_EDGE ( 'NONE', *, *, #4614, .T. ) ;
#6451 = ORIENTED_EDGE ( 'NONE', *, *, #1999, .T. ) ;
#6452 = ORIENTED_EDGE ( 'NONE', *, *, #4575, .T. ) ;
#6453 = CARTESIAN_POINT ( 'NONE',  ( -13.41788286210068115, 13.48641401289933661, 1.500000000000000444 ) ) ;
#6454 = DIRECTION ( 'NONE',  ( -1.000000000000000000, 0.000000000000000000, -0.000000000000000000 ) ) ;
#6455 = DIRECTION ( 'NONE',  ( 0.7071067811865479058, -0.7071067811865471286, 0.000000000000000000 ) ) ;
#6456 = DIRECTION ( 'NONE',  ( 0.000000000000000000, -1.000000000000000000, 0.000000000000000000 ) ) ;
#6457 = ADVANCED_FACE ( 'NONE', ( #683 ), #1118, .F. ) ;
#6458 = ORIENTED_EDGE ( 'NONE', *, *, #6556, .T. ) ;
#6459 = ORIENTED_EDGE ( 'NONE', *, *, #1257, .T. ) ;
#6460 = LINE ( 'NONE', #5486, #3442 ) ;
#6461 = DIRECTION ( 'NONE',  ( 1.000000000000000000, 0.000000000000000000, 0.000000000000000000 ) ) ;
#6462 = AXIS2_PLACEMENT_3D ( 'NONE', #3368, #2861, #6017 ) ;
#6463 = CARTESIAN_POINT ( 'NONE',  ( -9.321524864118371667, 13.13641401289933874, 1.500000000000000444 ) ) ;
#6464 = DIRECTION ( 'NONE',  ( 1.000000000000000000, -0.000000000000000000, -0.000000000000000000 ) ) ;
#6465 = ORIENTED_EDGE ( 'NONE', *, *, #6632, .T. ) ;
#6466 = AXIS2_PLACEMENT_3D ( 'NONE', #647, #3794, #3727 ) ;
#6467 = ORIENTED_EDGE ( 'NONE', *, *, #993, .F. ) ;
#6468 = ORIENTED_EDGE ( 'NONE', *, *, #2633, .F. ) ;
#6469 = EDGE_CURVE ( 'NONE', #3382, #3663, #2221, .T. ) ;
#6470 = EDGE_CURVE ( 'NONE', #3701, #1707, #5208, .T. ) ;
#6471 = DIRECTION ( 'NONE',  ( -0.000000000000000000, -0.000000000000000000, 1.000000000000000000 ) ) ;
#6472 = CARTESIAN_POINT ( 'NONE',  ( -29.38211713789932489, 16.07582173911839263, 1.500000000000000444 ) ) ;
#6473 = AXIS2_PLACEMENT_3D ( 'NONE', #1276, #3292, #3851 ) ;
#6474 = CARTESIAN_POINT ( 'NONE',  ( -29.63205139908945895, 15.82588747792824968, 3.698245413017323013 ) ) ;
#6475 = EDGE_CURVE ( 'NONE', #4911, #6401, #4295, .T. ) ;
#6476 = VERTEX_POINT ( 'NONE', #4200 ) ;
#6477 = ORIENTED_EDGE ( 'NONE', *, *, #3913, .T. ) ;
#6478 = VECTOR ( 'NONE', #4312, 1000.000000000000000 ) ;
#6479 = CARTESIAN_POINT ( 'NONE',  ( 9.582117137899318848, 20.78641401289933910, 1.500000000000000444 ) ) ;
#6480 = CARTESIAN_POINT ( 'NONE',  ( 46.25000000000000000, 11.65429687500000533, 5.600000000000016520 ) ) ;
#6481 = ORIENTED_EDGE ( 'NONE', *, *, #4331, .F. ) ;
#6482 = ORIENTED_EDGE ( 'NONE', *, *, #1174, .F. ) ;
#6483 = EDGE_CURVE ( 'NONE', #5473, #5966, #4829, .T. ) ;
#6484 = CARTESIAN_POINT ( 'NONE',  ( -13.47847513588162904, 23.17217973710068080, 1.500000000000000444 ) ) ;
#6485 = LINE ( 'NONE', #2831, #3139 ) ;
#6486 = DIRECTION ( 'NONE',  ( -0.7071067811865475727, 0.000000000000000000, 0.7071067811865475727 ) ) ;
#6487 = DIRECTION ( 'NONE',  ( -1.000000000000000000, -8.896017825522088106E-17, 0.000000000000000000 ) ) ;
#6488 = ORIENTED_EDGE ( 'NONE', *, *, #3587, .T. ) ;
#6489 = ORIENTED_EDGE ( 'NONE', *, *, #4412, .F. ) ;
#6490 = FACE_OUTER_BOUND ( 'NONE', #581, .T. ) ;
#6491 = ADVANCED_FACE ( 'NONE', ( #5713 ), #3224, .F. ) ;
#6492 = DIRECTION ( 'NONE',  ( -0.7071067811865369146, -0.5000000000000082157, -0.5000000000000069944 ) ) ;
#6493 = LINE ( 'NONE', #767, #2233 ) ;
#6494 = LINE ( 'NONE', #393, #5889 ) ;
#6495 = CARTESIAN_POINT ( 'NONE',  ( 6.582117137899329506, 20.23277201088163224, 3.745075751779463058 ) ) ;
#6496 = VERTEX_POINT ( 'NONE', #3191 ) ;
#6497 = ORIENTED_EDGE ( 'NONE', *, *, #712, .T. ) ;
#6498 = ORIENTED_EDGE ( 'NONE', *, *, #6338, .F. ) ;
#6499 = EDGE_CURVE ( 'NONE', #3414, #2131, #2756, .T. ) ;
#6500 = LINE ( 'NONE', #370, #2278 ) ;
#6501 = CARTESIAN_POINT ( 'NONE',  ( 9.521524864118385167, 13.13641401289933697, 6.000000000000000000 ) ) ;
#6502 = EDGE_CURVE ( 'NONE', #317, #6476, #1756, .T. ) ;
#6503 = EDGE_CURVE ( 'NONE', #2522, #6637, #6310, .T. ) ;
#6504 = ORIENTED_EDGE ( 'NONE', *, *, #306, .T. ) ;
#6505 = ADVANCED_FACE ( 'NONE', ( #1721 ), #3758, .F. ) ;
#6506 = ORIENTED_EDGE ( 'NONE', *, *, #885, .F. ) ;
#6507 = CARTESIAN_POINT ( 'NONE',  ( 14.23211713789931210, 15.50448725967914676, 0.5000000000000004441 ) ) ;
#6508 =( LENGTH_UNIT ( ) NAMED_UNIT ( * ) SI_UNIT ( .MILLI., .METRE. ) );
#6509 = EDGE_CURVE ( 'NONE', #3104, #2963, #5841, .T. ) ;
#6510 = LINE ( 'NONE', #2954, #3011 ) ;
#6511 = VECTOR ( 'NONE', #3884, 1000.000000000000000 ) ;
#6512 = ORIENTED_EDGE ( 'NONE', *, *, #5540, .T. ) ;
#6513 = ORIENTED_EDGE ( 'NONE', *, *, #2446, .F. ) ;
#6514 = DIRECTION ( 'NONE',  ( -0.7071067811865483499, 0.7071067811865466846, 0.000000000000000000 ) ) ;
#6515 = AXIS2_PLACEMENT_3D ( 'NONE', #5391, #5859, #5452 ) ;
#6516 = FACE_BOUND ( 'NONE', #3780, .T. ) ;
#6517 = CARTESIAN_POINT ( 'NONE',  ( 29.58211713789933484, 18.16277201088163196, 3.250000000000000444 ) ) ;
#6518 = CARTESIAN_POINT ( 'NONE',  ( -36.41788286210068293, 20.78641401289933910, 0.5000000000000004441 ) ) ;
#6519 = ORIENTED_EDGE ( 'NONE', *, *, #2700, .F. ) ;
#6520 = ORIENTED_EDGE ( 'NONE', *, *, #6408, .F. ) ;
#6521 = CARTESIAN_POINT ( 'NONE',  ( -45.75000000000000000, 11.05429687500000036, 6.000000000000000000 ) ) ;
#6522 = CARTESIAN_POINT ( 'NONE',  ( -36.41788286210068293, 15.48641401289933661, 0.5000000000000004441 ) ) ;
#6523 = FACE_OUTER_BOUND ( 'NONE', #5597, .T. ) ;
#6524 = FACE_OUTER_BOUND ( 'NONE', #6047, .T. ) ;
#6525 = AXIS2_PLACEMENT_3D ( 'NONE', #5576, #3567, #5510 ) ;
#6526 = ORIENTED_EDGE ( 'NONE', *, *, #6280, .T. ) ;
#6527 = EDGE_LOOP ( 'NONE', ( #5916, #268, #6513, #1024 ) ) ;
#6528 = ORIENTED_EDGE ( 'NONE', *, *, #2567, .T. ) ;
#6529 = DIRECTION ( 'NONE',  ( 0.000000000000000000, 0.000000000000000000, -1.000000000000000000 ) ) ;
#6530 = VECTOR ( 'NONE', #4574, 1000.000000000000000 ) ;
#6531 = DIRECTION ( 'NONE',  ( -1.000000000000000000, -0.000000000000000000, -0.000000000000000000 ) ) ;
#6532 = CARTESIAN_POINT ( 'NONE',  ( 29.58211713789933484, 20.23277201088163224, 1.500000000000000444 ) ) ;
#6533 = ORIENTED_EDGE ( 'NONE', *, *, #5516, .T. ) ;
#6534 = EDGE_LOOP ( 'NONE', ( #2326, #1195, #2482, #4159 ) ) ;
#6535 = AXIS2_PLACEMENT_3D ( 'NONE', #6155, #488, #2428 ) ;
#6536 = DIRECTION ( 'NONE',  ( 0.000000000000000000, 1.000000000000000000, 0.000000000000000000 ) ) ;
#6537 = COORDINATED_UNIVERSAL_TIME_OFFSET ( 5, 0, .BEHIND. ) ;
#6538 = LINE ( 'NONE', #941, #4610 ) ;
#6539 = ADVANCED_FACE ( 'NONE', ( #5338 ), #618, .T. ) ;
#6540 = DIRECTION ( 'NONE',  ( 0.000000000000000000, -0.000000000000000000, 1.000000000000000000 ) ) ;
#6541 = VECTOR ( 'NONE', #166, 1000.000000000000000 ) ;
#6542 = ORIENTED_EDGE ( 'NONE', *, *, #6162, .F. ) ;
#6543 = EDGE_CURVE ( 'NONE', #706, #784, #5774, .T. ) ;
#6544 = ORIENTED_EDGE ( 'NONE', *, *, #5715, .T. ) ;
#6545 = CARTESIAN_POINT ( 'NONE',  ( 39.25000000000000000, 13.15429687500000355, 4.000000000000000000 ) ) ;
#6546 = VECTOR ( 'NONE', #1067, 1000.000000000000000 ) ;
#6547 = VECTOR ( 'NONE', #4736, 1000.000000000000000 ) ;
#6548 = DIRECTION ( 'NONE',  ( -0.000000000000000000, 0.000000000000000000, 1.000000000000000000 ) ) ;
#6549 = EDGE_CURVE ( 'NONE', #3842, #3122, #875, .T. ) ;
#6550 = EDGE_CURVE ( 'NONE', #6166, #4480, #3361, .T. ) ;
#6551 = CARTESIAN_POINT ( 'NONE',  ( -38.81788286210068151, 20.80448725967914925, 0.5000000000000004441 ) ) ;
#6552 = CARTESIAN_POINT ( 'NONE',  ( -45.75000000000000000, 22.40429687500000711, 1.000000000000000000 ) ) ;
#6553 = CARTESIAN_POINT ( 'NONE',  ( -6.812117137899337038, 20.66277201088163196, 3.250000000000000444 ) ) ;
#6554 = VECTOR ( 'NONE', #5638, 1000.000000000000000 ) ;
#6555 = VERTEX_POINT ( 'NONE', #910 ) ;
#6556 = EDGE_CURVE ( 'NONE', #4893, #3074, #5894, .T. ) ;
#6557 = LINE ( 'NONE', #1964, #2480 ) ;
#6558 = DIRECTION ( 'NONE',  ( -0.000000000000000000, 0.000000000000000000, 1.000000000000000000 ) ) ;
#6559 = VECTOR ( 'NONE', #5691, 1000.000000000000000 ) ;
#6560 = DIRECTION ( 'NONE',  ( -0.000000000000000000, -0.000000000000000000, 1.000000000000000000 ) ) ;
#6561 = CARTESIAN_POINT ( 'NONE',  ( 13.58211713789931530, 13.48641401289933661, 0.5000000000000004441 ) ) ;
#6562 = FACE_OUTER_BOUND ( 'NONE', #5805, .T. ) ;
#6563 = ORIENTED_EDGE ( 'NONE', *, *, #1841, .F. ) ;
#6564 = VERTEX_POINT ( 'NONE', #1380 ) ;
#6565 = VERTEX_POINT ( 'NONE', #1351 ) ;
#6566 = EDGE_CURVE ( 'NONE', #989, #2677, #4396, .T. ) ;
#6567 = EDGE_CURVE ( 'NONE', #817, #295, #1994, .T. ) ;
#6568 = CARTESIAN_POINT ( 'NONE',  ( -36.49635799798226543, 13.15429687499999112, 4.000000000000000000 ) ) ;
#6569 = CARTESIAN_POINT ( 'NONE',  ( -13.41788286210068115, 13.48641401289933661, 0.5000000000000004441 ) ) ;
#6570 = CARTESIAN_POINT ( 'NONE',  ( -38.75000000000000000, 23.15429687499999289, 6.000000000000000000 ) ) ;
#6571 = VECTOR ( 'NONE', #2901, 1000.000000000000000 ) ;
#6572 = ORIENTED_EDGE ( 'NONE', *, *, #3505, .T. ) ;
#6573 = ORIENTED_EDGE ( 'NONE', *, *, #5360, .T. ) ;
#6574 = VERTEX_POINT ( 'NONE', #3460 ) ;
#6575 = EDGE_CURVE ( 'NONE', #4028, #718, #5504, .T. ) ;
#6576 = VECTOR ( 'NONE', #2095, 1000.000000000000000 ) ;
#6577 = CALENDAR_DATE ( 2025, 30, 7 ) ;
#6578 = CARTESIAN_POINT ( 'NONE',  ( -8.767882862100687902, 15.48641401289933661, 0.000000000000000000 ) ) ;
#6579 = DIRECTION ( 'NONE',  ( -0.000000000000000000, -0.000000000000000000, 1.000000000000000000 ) ) ;
#6580 =( BOUNDED_CURVE ( )  B_SPLINE_CURVE ( 3, ( #4937, #2370, #4413, #2337 ),
 .UNSPECIFIED., .F., .F. ) 
 B_SPLINE_CURVE_WITH_KNOTS ( ( 4, 4 ),
 ( 1.711257741504739416, 3.141592653589793116 ),
 .UNSPECIFIED. ) 
 CURVE ( )  GEOMETRIC_REPRESENTATION_ITEM ( )  RATIONAL_B_SPLINE_CURVE ( ( 1.000000000000000000, 0.8366556290180471311, 0.8366556290180471311, 1.000000000000000000 ) ) 
 REPRESENTATION_ITEM ( '' )  );
#6581 = DIRECTION ( 'NONE',  ( 0.000000000000000000, 1.000000000000000000, 0.000000000000000000 ) ) ;
#6582 = ORIENTED_EDGE ( 'NONE', *, *, #2289, .F. ) ;
#6583 = ORIENTED_EDGE ( 'NONE', *, *, #6430, .T. ) ;
#6584 = FACE_OUTER_BOUND ( 'NONE', #1079, .T. ) ;
#6585 = DIRECTION ( 'NONE',  ( -0.000000000000000000, -0.000000000000000000, 1.000000000000000000 ) ) ;
#6586 = EDGE_CURVE ( 'NONE', #40, #3973, #3892, .T. ) ;
#6587 = DIRECTION ( 'NONE',  ( -1.000000000000000000, 0.000000000000000000, 0.000000000000000000 ) ) ;
#6588 = FACE_OUTER_BOUND ( 'NONE', #6638, .T. ) ;
#6589 = ORIENTED_EDGE ( 'NONE', *, *, #1902, .T. ) ;
#6590 = ADVANCED_FACE ( 'NONE', ( #6445 ), #4360, .F. ) ;
#6591 = ADVANCED_FACE ( 'NONE', ( #1815 ), #1278, .F. ) ;
#6592 = ORIENTED_EDGE ( 'NONE', *, *, #3549, .T. ) ;
#6593 = ADVANCED_FACE ( 'NONE', ( #2883 ), #4921, .F. ) ;
#6594 = DIRECTION ( 'NONE',  ( -0.000000000000000000, -1.000000000000000000, -0.000000000000000000 ) ) ;
#6595 = DIRECTION ( 'NONE',  ( 1.000000000000000000, 0.000000000000000000, 0.000000000000000000 ) ) ;
#6596 = DIRECTION ( 'NONE',  ( 0.000000000000000000, 1.000000000000000000, 0.000000000000000000 ) ) ;
#6597 = CARTESIAN_POINT ( 'NONE',  ( -36.47847513588163082, 23.17217973710068080, 6.000000000000000000 ) ) ;
#6598 = LINE ( 'NONE', #2002, #4624 ) ;
#6599 = ORIENTED_EDGE ( 'NONE', *, *, #4032, .T. ) ;
#6600 = ORIENTED_EDGE ( 'NONE', *, *, #1332, .T. ) ;
#6601 = DIRECTION ( 'NONE',  ( -0.000000000000000000, -0.000000000000000000, 1.000000000000000000 ) ) ;
#6602 = FACE_OUTER_BOUND ( 'NONE', #4671, .T. ) ;
#6603 = FACE_OUTER_BOUND ( 'NONE', #2100, .T. ) ;
#6604 = EDGE_LOOP ( 'NONE', ( #2945, #4429, #2888, #1444, #6506 ) ) ;
#6605 = EDGE_LOOP ( 'NONE', ( #1744, #1409, #252, #346 ) ) ;
#6606 = ORIENTED_EDGE ( 'NONE', *, *, #5240, .T. ) ;
#6607 = DATE_AND_TIME ( #3017, #3912 ) ;
#6608 = CARTESIAN_POINT ( 'NONE',  ( -36.41788286210068293, 20.78641401289933910, 0.5000000000000004441 ) ) ;
#6609 = FACE_OUTER_BOUND ( 'NONE', #5472, .T. ) ;
#6610 = EDGE_CURVE ( 'NONE', #4358, #2616, #4433, .T. ) ;
#6611 = DIRECTION ( 'NONE',  ( 0.000000000000000000, -1.000000000000000000, 0.000000000000000000 ) ) ;
#6612 = VERTEX_POINT ( 'NONE', #4462 ) ;
#6613 = ORIENTED_EDGE ( 'NONE', *, *, #2229, .T. ) ;
#6614 = DIRECTION ( 'NONE',  ( -0.000000000000000000, 0.000000000000000000, 1.000000000000000000 ) ) ;
#6615 = LINE ( 'NONE', #2989, #366 ) ;
#6616 = VECTOR ( 'NONE', #4150, 1000.000000000000000 ) ;
#6617 =( BOUNDED_CURVE ( )  B_SPLINE_CURVE ( 3, ( #1359, #2798, #5849, #5447 ),
 .UNSPECIFIED., .F., .T. ) 
 B_SPLINE_CURVE_WITH_KNOTS ( ( 4, 4 ),
 ( 0.000000000000000000, 1.570796326794896558 ),
 .UNSPECIFIED. ) 
 CURVE ( )  GEOMETRIC_REPRESENTATION_ITEM ( )  RATIONAL_B_SPLINE_CURVE ( ( 1.000000000000000000, 0.8047378541243649375, 0.8047378541243649375, 1.000000000000000000 ) ) 
 REPRESENTATION_ITEM ( '' )  );
#6618 = DIRECTION ( 'NONE',  ( 0.000000000000000000, -0.000000000000000000, 1.000000000000000000 ) ) ;
#6619 = PLANE ( 'NONE',  #6525 ) ;
#6620 = CARTESIAN_POINT ( 'NONE',  ( -29.38211713789932489, 16.07582173911839263, 4.000000000000000000 ) ) ;
#6621 = ORIENTED_EDGE ( 'NONE', *, *, #1174, .T. ) ;
#6622 = AXIS2_PLACEMENT_3D ( 'NONE', #626, #3169, #5784 ) ;
#6623 = VERTEX_POINT ( 'NONE', #1316 ) ;
#6624 = LINE ( 'NONE', #2564, #1408 ) ;
#6625 = LINE ( 'NONE', #6160, #5394 ) ;
#6626 = DIRECTION ( 'NONE',  ( 1.000000000000000000, -0.000000000000000000, 0.000000000000000000 ) ) ;
#6627 = FACE_OUTER_BOUND ( 'NONE', #5494, .T. ) ;
#6628 = DIRECTION ( 'NONE',  ( -0.000000000000000000, 0.000000000000000000, 1.000000000000000000 ) ) ;
#6629 = ORIENTED_EDGE ( 'NONE', *, *, #4033, .F. ) ;
#6630 = ORIENTED_EDGE ( 'NONE', *, *, #3232, .F. ) ;
#6631 = DIRECTION ( 'NONE',  ( 1.334402673828313586E-16, -1.000000000000000000, 0.000000000000000000 ) ) ;
#6632 = EDGE_CURVE ( 'NONE', #4480, #738, #3687, .T. ) ;
#6633 = DIRECTION ( 'NONE',  ( 4.173067663955944970E-16, -1.000000000000000000, 0.000000000000000000 ) ) ;
#6634 = CC_DESIGN_PERSON_AND_ORGANIZATION_ASSIGNMENT ( #441, #1479, ( #4344 ) ) ;
#6635 = LINE ( 'NONE', #5596, #851 ) ;
#6636 = VECTOR ( 'NONE', #6170, 1000.000000000000000 ) ;
#6637 = VERTEX_POINT ( 'NONE', #3324 ) ;
#6638 = EDGE_LOOP ( 'NONE', ( #1691, #5244, #809, #4075, #4334, #6284, #3500, #6139, #5663, #5410 ) ) ;
#6639 = ORIENTED_EDGE ( 'NONE', *, *, #396, .T. ) ;
#6640 = AXIS2_PLACEMENT_3D ( 'NONE', #363, #2905, #2842 ) ;
#6641 = PERSON_AND_ORGANIZATION_ROLE ( 'classification_officer' ) ;
#6642 = LINE ( 'NONE', #5602, #2582 ) ;
#6643 = DIRECTION ( 'NONE',  ( 0.000000000000000000, 0.000000000000000000, -1.000000000000000000 ) ) ;
#6644 = FACE_OUTER_BOUND ( 'NONE', #5457, .T. ) ;
#6645 = AXIS2_PLACEMENT_3D ( 'NONE', #5679, #5776, #4637 ) ;
#6646 = ORIENTED_EDGE ( 'NONE', *, *, #4416, .F. ) ;
ENDSEC;
END-ISO-10303-21;
