ISO-10303-21;
HEADER;
FILE_DESCRIPTION (( 'STEP AP203' ),
    '1' );
FILE_NAME ('ERCF LED x6 Holder.STEP',
    '2025-07-31T00:11:32',
    ( '' ),
    ( '' ),
    'SwSTEP 2.0',
    'SolidWorks 2025',
    '' );
FILE_SCHEMA (( 'CONFIG_CONTROL_DESIGN' ));
ENDSEC;

DATA;
#1 = FACE_OUTER_BOUND ( 'NONE', #4051, .T. ) ;
#2 = LINE ( 'NONE', #5706, #6369 ) ;
#3 = EDGE_LOOP ( 'NONE', ( #1328, #784, #9223, #1826, #5943, #8868, #6628, #2666, #6115, #5234 ) ) ;
#4 = DIRECTION ( 'NONE',  ( -0.7071067811865352493, -0.7071067811865597852, -0.000000000000000000 ) ) ;
#5 = EDGE_LOOP ( 'NONE', ( #9250, #3511, #2759, #1140 ) ) ;
#6 = AXIS2_PLACEMENT_3D ( 'NONE', #8790, #5221, #1904 ) ;
#7 = DIRECTION ( 'NONE',  ( -0.7071067811865479058, -0.7071067811865471286, 0.000000000000000000 ) ) ;
#8 = ORIENTED_EDGE ( 'NONE', *, *, #1333, .F. ) ;
#9 = CARTESIAN_POINT ( 'NONE',  ( -91.75000000000001421, 16.66277201088163551, 3.250000000000000444 ) ) ;
#10 = LINE ( 'NONE', #5807, #7725 ) ;
#11 = CARTESIAN_POINT ( 'NONE',  ( -84.75000000000001421, 13.15429687499998934, 6.000000000000000000 ) ) ;
#12 = VECTOR ( 'NONE', #975, 1000.000000000000000 ) ;
#13 = EDGE_CURVE ( 'NONE', #2919, #7754, #172, .T. ) ;
#14 = EDGE_CURVE ( 'NONE', #7123, #3839, #6040, .T. ) ;
#15 = CARTESIAN_POINT ( 'NONE',  ( 30.18211713789931139, 20.80448725967914925, 1.500000000000000444 ) ) ;
#16 = EDGE_CURVE ( 'NONE', #4064, #1474, #2530, .T. ) ;
#17 = CARTESIAN_POINT ( 'NONE',  ( -62.41788286210071135, 16.07582173911837486, 2.757618389620108523 ) ) ;
#18 = ORIENTED_EDGE ( 'NONE', *, *, #9226, .T. ) ;
#19 = CARTESIAN_POINT ( 'NONE',  ( -83.06788286210067440, 15.48641401289931174, 0.5000000000000004441 ) ) ;
#20 = CARTESIAN_POINT ( 'NONE',  ( -52.79516686613607845, 15.66277201088163373, 3.250000000000000444 ) ) ;
#21 = EDGE_LOOP ( 'NONE', ( #4614, #3685, #2683, #5866, #5546, #5797 ) ) ;
#22 = CARTESIAN_POINT ( 'NONE',  ( 32.52152486411835497, 23.17217973710070567, 1.500000000000000444 ) ) ;
#23 = VERTEX_POINT ( 'NONE', #1134 ) ;
#24 = LINE ( 'NONE', #7225, #2271 ) ;
#25 = DIRECTION ( 'NONE',  ( 1.000000000000000000, -6.938893903907228378E-15, 0.000000000000000000 ) ) ;
#26 = EDGE_CURVE ( 'NONE', #4495, #6455, #6829, .T. ) ;
#27 = AXIS2_PLACEMENT_3D ( 'NONE', #1274, #5660, #4995 ) ;
#28 = CARTESIAN_POINT ( 'NONE',  ( -13.47847513588164325, 13.13641401289931210, 6.000000000000000000 ) ) ;
#29 = ORIENTED_EDGE ( 'NONE', *, *, #6590, .F. ) ;
#30 = EDGE_LOOP ( 'NONE', ( #5801, #3997, #1977, #5659 ) ) ;
#31 = DIRECTION ( 'NONE',  ( 0.6785983445458605434, -0.6785983445458370067, -0.2810846377148116249 ) ) ;
#32 = DIRECTION ( 'NONE',  ( 1.000000000000000000, 0.000000000000000000, -0.000000000000000000 ) ) ;
#33 = VECTOR ( 'NONE', #1331, 1000.000000000000000 ) ;
#34 = EDGE_LOOP ( 'NONE', ( #3203, #1179, #9126, #1663 ) ) ;
#35 = AXIS2_PLACEMENT_3D ( 'NONE', #780, #4979, #8592 ) ;
#36 = DIRECTION ( 'NONE',  ( 0.7071067811865466846, 0.7071067811865483499, 0.000000000000000000 ) ) ;
#37 = CARTESIAN_POINT ( 'NONE',  ( 29.58211713789928154, 16.16277201088163551, 3.250000000000000444 ) ) ;
#38 = EDGE_CURVE ( 'NONE', #2919, #832, #2625, .T. ) ;
#39 = LINE ( 'NONE', #7099, #3589 ) ;
#40 = VERTEX_POINT ( 'NONE', #6314 ) ;
#41 = EDGE_CURVE ( 'NONE', #60, #7672, #4861, .T. ) ;
#42 = DIRECTION ( 'NONE',  ( 1.000000000000000000, 0.000000000000000000, -0.000000000000000000 ) ) ;
#43 = ORIENTED_EDGE ( 'NONE', *, *, #8716, .T. ) ;
#44 = ORIENTED_EDGE ( 'NONE', *, *, #1047, .F. ) ;
#45 = VECTOR ( 'NONE', #777, 1000.000000000000000 ) ;
#46 = DIRECTION ( 'NONE',  ( -0.000000000000000000, -0.000000000000000000, 1.000000000000000000 ) ) ;
#47 = ORIENTED_EDGE ( 'NONE', *, *, #4293, .T. ) ;
#48 = AXIS2_PLACEMENT_3D ( 'NONE', #1912, #4008, #2662 ) ;
#49 = CARTESIAN_POINT ( 'NONE',  ( 6.582117137899287762, 16.07582173911837486, 1.500000000000000444 ) ) ;
#50 = CARTESIAN_POINT ( 'NONE',  ( -32.32152486411842318, 23.17217973710070567, 1.500000000000000444 ) ) ;
#51 = ORIENTED_EDGE ( 'NONE', *, *, #4632, .F. ) ;
#52 = DIRECTION ( 'NONE',  ( 0.000000000000000000, 1.000000000000000000, 0.000000000000000000 ) ) ;
#53 = LINE ( 'NONE', #4212, #8852 ) ;
#54 = ORIENTED_EDGE ( 'NONE', *, *, #2925, .T. ) ;
#55 = CARTESIAN_POINT ( 'NONE',  ( 32.58211713789929576, 20.78641401289931778, 0.5000000000000004441 ) ) ;
#56 = DIRECTION ( 'NONE',  ( 1.000000000000000000, 0.000000000000000000, -0.000000000000000000 ) ) ;
#57 = LINE ( 'NONE', #3475, #3815 ) ;
#58 = ORIENTED_EDGE ( 'NONE', *, *, #2940, .F. ) ;
#59 = CARTESIAN_POINT ( 'NONE',  ( -13.47847513588164325, 13.13641401289931210, 1.500000000000000444 ) ) ;
#60 = VERTEX_POINT ( 'NONE', #3457 ) ;
#61 = PLANE ( 'NONE',  #8209 ) ;
#62 = ADVANCED_FACE ( 'NONE', ( #8434 ), #2718, .F. ) ;
#63 = ORIENTED_EDGE ( 'NONE', *, *, #14, .T. ) ;
#64 = FACE_OUTER_BOUND ( 'NONE', #8334, .T. ) ;
#65 = ADVANCED_FACE ( 'NONE', ( #661 ), #2806, .F. ) ;
#66 = ORIENTED_EDGE ( 'NONE', *, *, #3560, .T. ) ;
#67 = CARTESIAN_POINT ( 'NONE',  ( -91.75000000000001421, 18.16277201088163196, 3.250000000000000444 ) ) ;
#68 = CARTESIAN_POINT ( 'NONE',  ( 36.58211713789931707, 20.78641401289931778, 0.5000000000000004441 ) ) ;
#69 = LINE ( 'NONE', #3534, #5694 ) ;
#70 = VERTEX_POINT ( 'NONE', #4954 ) ;
#71 = CARTESIAN_POINT ( 'NONE',  ( 39.25000000000000000, 22.40429687500000355, 1.000000000000000000 ) ) ;
#72 = ORIENTED_EDGE ( 'NONE', *, *, #3609, .F. ) ;
#73 = CARTESIAN_POINT ( 'NONE',  ( -61.81788286210068151, 15.48641401289931174, 1.500000000000000444 ) ) ;
#74 = CARTESIAN_POINT ( 'NONE',  ( -52.38211713789932844, 20.16277201088163196, 3.250000000000000444 ) ) ;
#75 = EDGE_CURVE ( 'NONE', #1330, #7266, #7677, .T. ) ;
#76 = EDGE_CURVE ( 'NONE', #8364, #8245, #2758, .T. ) ;
#77 = ORIENTED_EDGE ( 'NONE', *, *, #3971, .T. ) ;
#78 = FACE_OUTER_BOUND ( 'NONE', #8803, .T. ) ;
#79 = LINE ( 'NONE', #1406, #100 ) ;
#80 = VECTOR ( 'NONE', #6125, 1000.000000000000000 ) ;
#81 = LINE ( 'NONE', #5789, #8083 ) ;
#82 = VERTEX_POINT ( 'NONE', #7720 ) ;
#83 = CARTESIAN_POINT ( 'NONE',  ( 0.000000000000000000, 0.000000000000000000, 0.5000000000000004441 ) ) ;
#84 = VERTEX_POINT ( 'NONE', #1411 ) ;
#85 = ORIENTED_EDGE ( 'NONE', *, *, #6127, .T. ) ;
#86 = LINE ( 'NONE', #5135, #8252 ) ;
#87 = ORIENTED_EDGE ( 'NONE', *, *, #3971, .F. ) ;
#88 = EDGE_CURVE ( 'NONE', #8424, #2154, #6925, .T. ) ;
#89 = VECTOR ( 'NONE', #6465, 1000.000000000000000 ) ;
#90 = ADVANCED_FACE ( 'NONE', ( #8474 ), #7103, .F. ) ;
#91 = CARTESIAN_POINT ( 'NONE',  ( -13.41788286210068826, 15.48641401289931174, 1.500000000000000444 ) ) ;
#92 = CARTESIAN_POINT ( 'NONE',  ( -55.32152486411839476, 13.13641401289931210, 1.500000000000000444 ) ) ;
#93 = AXIS2_PLACEMENT_3D ( 'NONE', #3038, #8753, #4569 ) ;
#94 = EDGE_LOOP ( 'NONE', ( #6852, #8226, #8038, #1962, #967, #5123 ) ) ;
#95 = VECTOR ( 'NONE', #813, 1000.000000000000000 ) ;
#96 = LINE ( 'NONE', #4481, #125 ) ;
#97 = DIRECTION ( 'NONE',  ( 1.000000000000000000, 4.336808689941999001E-16, 0.000000000000000000 ) ) ;
#98 = EDGE_CURVE ( 'NONE', #4541, #6712, #4908, .T. ) ;
#99 = CARTESIAN_POINT ( 'NONE',  ( -89.25000000000001421, 13.15429687500000355, 0.3499999999999999223 ) ) ;
#100 = VECTOR ( 'NONE', #5788, 1000.000000000000000 ) ;
#101 = CARTESIAN_POINT ( 'NONE',  ( -77.76788286210067724, 15.50448725967914143, 1.500000000000000444 ) ) ;
#102 = DIRECTION ( 'NONE',  ( 1.000000000000000000, -6.938893903907228378E-15, 0.000000000000000000 ) ) ;
#103 = CARTESIAN_POINT ( 'NONE',  ( 30.18211713789931139, 15.48641401289931174, 0.5000000000000004441 ) ) ;
#104 = ORIENTED_EDGE ( 'NONE', *, *, #4407, .F. ) ;
#105 = CARTESIAN_POINT ( 'NONE',  ( 32.52152486411835497, 23.17217973710070567, 1.500000000000000444 ) ) ;
#106 = EDGE_LOOP ( 'NONE', ( #4400, #2067, #6800, #7157 ) ) ;
#107 = AXIS2_PLACEMENT_3D ( 'NONE', #459, #5511, #556 ) ;
#108 = DIRECTION ( 'NONE',  ( 1.000000000000000000, -1.734723475976806709E-18, -0.000000000000000000 ) ) ;
#109 = ORIENTED_EDGE ( 'NONE', *, *, #5919, .F. ) ;
#110 = CARTESIAN_POINT ( 'NONE',  ( -30.01788286210067724, 20.78641401289931778, 0.5000000000000004441 ) ) ;
#111 = VERTEX_POINT ( 'NONE', #9092 ) ;
#112 = AXIS2_PLACEMENT_3D ( 'NONE', #720, #102, #3565 ) ;
#113 = EDGE_CURVE ( 'NONE', #5764, #4850, #705, .T. ) ;
#114 = FACE_OUTER_BOUND ( 'NONE', #4475, .T. ) ;
#115 = CARTESIAN_POINT ( 'NONE',  ( 36.58211713789930286, 22.78641401289931778, 0.5000000000000004441 ) ) ;
#116 = CARTESIAN_POINT ( 'NONE',  ( 8.932117137899320269, 15.48641401289931174, 1.500000000000000444 ) ) ;
#117 = VERTEX_POINT ( 'NONE', #4200 ) ;
#118 = FACE_OUTER_BOUND ( 'NONE', #5179, .T. ) ;
#119 = EDGE_CURVE ( 'NONE', #5491, #60, #5519, .T. ) ;
#120 = ORIENTED_EDGE ( 'NONE', *, *, #88, .F. ) ;
#121 = ORIENTED_EDGE ( 'NONE', *, *, #1418, .F. ) ;
#122 = CARTESIAN_POINT ( 'NONE',  ( 30.01211713789927060, 20.66277201088163551, 3.511255977444313281 ) ) ;
#123 = CARTESIAN_POINT ( 'NONE',  ( -32.41788286210066161, 15.48641401289931174, 0.5000000000000004441 ) ) ;
#124 = ORIENTED_EDGE ( 'NONE', *, *, #4686, .F. ) ;
#125 = VECTOR ( 'NONE', #5896, 1000.000000000000000 ) ;
#126 = LINE ( 'NONE', #5882, #9089 ) ;
#127 = DIRECTION ( 'NONE',  ( 1.000000000000000000, -1.734723475976806709E-18, -0.000000000000000000 ) ) ;
#128 = CARTESIAN_POINT ( 'NONE',  ( -89.25000000000001421, 23.15429687500000355, 0.3499999999999999223 ) ) ;
#129 = ORIENTED_EDGE ( 'NONE', *, *, #6613, .T. ) ;
#130 = LINE ( 'NONE', #2984, #3370 ) ;
#131 = EDGE_CURVE ( 'NONE', #4129, #831, #4817, .T. ) ;
#132 = EDGE_LOOP ( 'NONE', ( #5681, #8838, #4628, #6583 ) ) ;
#133 = ADVANCED_FACE ( 'NONE', ( #6355 ), #9228, .F. ) ;
#134 = CARTESIAN_POINT ( 'NONE',  ( 46.05000000000001137, 10.85429687500000284, 0.1999999999999849121 ) ) ;
#135 = ORIENTED_EDGE ( 'NONE', *, *, #8511, .T. ) ;
#136 = VECTOR ( 'NONE', #5169, 1000.000000000000000 ) ;
#137 = CARTESIAN_POINT ( 'NONE',  ( -6.382117137899323112, 20.23277201088161803, 1.500000000000000444 ) ) ;
#138 =( BOUNDED_CURVE ( )  B_SPLINE_CURVE ( 3, ( #3990, #2735, #2690, #7741 ),
 .UNSPECIFIED., .F., .F. ) 
 B_SPLINE_CURVE_WITH_KNOTS ( ( 4, 4 ),
 ( 4.852850395094546521, 6.283185307179586232 ),
 .UNSPECIFIED. ) 
 CURVE ( )  GEOMETRIC_REPRESENTATION_ITEM ( )  RATIONAL_B_SPLINE_CURVE ( ( 1.000000000000000000, 0.8366556290180501287, 0.8366556290180501287, 1.000000000000000000 ) ) 
 REPRESENTATION_ITEM ( '' )  );
#139 = CARTESIAN_POINT ( 'NONE',  ( -29.38211713789932844, 20.23277201088161803, 1.500000000000000444 ) ) ;
#140 = VECTOR ( 'NONE', #4401, 1000.000000000000000 ) ;
#141 = CARTESIAN_POINT ( 'NONE',  ( -13.47847513588162904, 23.17217973710070567, 1.500000000000000444 ) ) ;
#142 = EDGE_LOOP ( 'NONE', ( #8383, #3363, #8522, #5109 ) ) ;
#143 = EDGE_CURVE ( 'NONE', #1553, #8634, #3413, .T. ) ;
#144 = DIRECTION ( 'NONE',  ( -1.000000000000000000, 0.000000000000000000, -0.000000000000000000 ) ) ;
#145 = VERTEX_POINT ( 'NONE', #8525 ) ;
#146 = PRODUCT_DEFINITION_FORMATION_WITH_SPECIFIED_SOURCE ( 'ANY', '', #204, .NOT_KNOWN. ) ;
#147 = CARTESIAN_POINT ( 'NONE',  ( -38.81788286210068151, 15.48641401289931174, 0.5000000000000004441 ) ) ;
#148 = DIRECTION ( 'NONE',  ( 1.000000000000000000, 4.336808689941999001E-16, 0.000000000000000000 ) ) ;
#149 = CARTESIAN_POINT ( 'NONE',  ( -29.64080013677957481, 20.49145500976187151, 2.791500085062733394 ) ) ;
#150 = CARTESIAN_POINT ( 'NONE',  ( -7.017882862100671915, 15.50448725967914143, 0.5000000000000004441 ) ) ;
#151 = ORIENTED_EDGE ( 'NONE', *, *, #9128, .F. ) ;
#152 = ADVANCED_FACE ( 'NONE', ( #4247 ), #6403, .F. ) ;
#153 = VERTEX_POINT ( 'NONE', #1228 ) ;
#154 = EDGE_CURVE ( 'NONE', #5258, #4076, #4066, .T. ) ;
#155 = FACE_OUTER_BOUND ( 'NONE', #8272, .T. ) ;
#156 = LINE ( 'NONE', #2306, #140 ) ;
#157 = ORIENTED_EDGE ( 'NONE', *, *, #2423, .F. ) ;
#158 = CARTESIAN_POINT ( 'NONE',  ( -9.303642002017706858, 13.15429687499999467, 4.000000000000000000 ) ) ;
#159 = VECTOR ( 'NONE', #5131, 1000.000000000000000 ) ;
#160 = ORIENTED_EDGE ( 'NONE', *, *, #6602, .F. ) ;
#161 = LINE ( 'NONE', #2399, #7505 ) ;
#162 = DIRECTION ( 'NONE',  ( 1.000000000000000000, 1.259073490628327444E-16, -0.000000000000000000 ) ) ;
#163 = DIRECTION ( 'NONE',  ( 1.000000000000000000, 0.000000000000000000, 0.000000000000000000 ) ) ;
#164 = ORIENTED_EDGE ( 'NONE', *, *, #1958, .T. ) ;
#165 = DIRECTION ( 'NONE',  ( 0.7071067811865474617, -0.7071067811865474617, 0.000000000000000000 ) ) ;
#166 = ORIENTED_EDGE ( 'NONE', *, *, #8423, .F. ) ;
#167 = ORIENTED_EDGE ( 'NONE', *, *, #4295, .T. ) ;
#168 = AXIS2_PLACEMENT_3D ( 'NONE', #2910, #5812, #7029 ) ;
#169 = CARTESIAN_POINT ( 'NONE',  ( -60.06788286210068151, 20.80448725967914925, 0.5000000000000004441 ) ) ;
#170 = LINE ( 'NONE', #3025, #4207 ) ;
#171 = ORIENTED_EDGE ( 'NONE', *, *, #5344, .T. ) ;
#172 = CIRCLE ( 'NONE', #6740, 0.5000000000000000000 ) ;
#173 = LINE ( 'NONE', #3070, #5937 ) ;
#174 = LINE ( 'NONE', #8181, #5775 ) ;
#175 = FACE_OUTER_BOUND ( 'NONE', #933, .T. ) ;
#176 = EDGE_LOOP ( 'NONE', ( #422, #5702, #7892, #1430, #2359 ) ) ;
#177 = DIRECTION ( 'NONE',  ( -0.000000000000000000, -0.000000000000000000, 1.000000000000000000 ) ) ;
#178 = ORIENTED_EDGE ( 'NONE', *, *, #3067, .F. ) ;
#179 = ORIENTED_EDGE ( 'NONE', *, *, #8210, .T. ) ;
#180 = CARTESIAN_POINT ( 'NONE',  ( -32.32152486411842318, 23.17217973710070567, 1.500000000000000444 ) ) ;
#181 = ORIENTED_EDGE ( 'NONE', *, *, #5378, .F. ) ;
#182 = VECTOR ( 'NONE', #2227, 1000.000000000000000 ) ;
#183 = EDGE_CURVE ( 'NONE', #4369, #4521, #8659, .T. ) ;
#184 = VECTOR ( 'NONE', #439, 1000.000000000000000 ) ;
#185 = EDGE_CURVE ( 'NONE', #8530, #3521, #2987, .T. ) ;
#186 = EDGE_CURVE ( 'NONE', #4411, #6346, #5839, .T. ) ;
#187 = CARTESIAN_POINT ( 'NONE',  ( -55.32152486411841608, 23.17217973710070567, 6.000000000000000000 ) ) ;
#188 = CARTESIAN_POINT ( 'NONE',  ( 6.582117137899287762, 20.16277201088163196, 3.250000000000000444 ) ) ;
#189 = AXIS2_PLACEMENT_3D ( 'NONE', #2365, #5215, #6062 ) ;
#190 = CARTESIAN_POINT ( 'NONE',  ( 39.25000000000000000, 23.15429687500000000, 4.000000000000000000 ) ) ;
#191 = ORIENTED_EDGE ( 'NONE', *, *, #6761, .F. ) ;
#192 = DIRECTION ( 'NONE',  ( 0.000000000000000000, 0.000000000000000000, 1.000000000000000000 ) ) ;
#193 = ORIENTED_EDGE ( 'NONE', *, *, #4215, .T. ) ;
#194 = CARTESIAN_POINT ( 'NONE',  ( -29.38211713789932844, 16.16277201088163551, 3.250000000000000444 ) ) ;
#195 = VECTOR ( 'NONE', #5510, 1000.000000000000000 ) ;
#196 = LINE ( 'NONE', #4487, #7916 ) ;
#197 = ADVANCED_FACE ( 'NONE', ( #3684 ), #3595, .T. ) ;
#198 = CARTESIAN_POINT ( 'NONE',  ( -31.76788286210068080, 15.48641401289931174, -2.999999999999999112 ) ) ;
#199 = DIRECTION ( 'NONE',  ( 1.000000000000000000, 0.000000000000000000, 0.000000000000000000 ) ) ;
#200 = CARTESIAN_POINT ( 'NONE',  ( 7.182117137899318493, 15.48641401289931174, 0.5000000000000004441 ) ) ;
#201 = VERTEX_POINT ( 'NONE', #2376 ) ;
#202 = DIRECTION ( 'NONE',  ( -1.000000000000000000, -1.119176436114068839E-16, 0.000000000000000000 ) ) ;
#203 = ORIENTED_EDGE ( 'NONE', *, *, #26, .T. ) ;
#204 = PRODUCT ( 'ERCF LED x6 Holder', 'ERCF LED x6 Holder', '', ( #2999 ) ) ;
#205 = LINE ( 'NONE', #4493, #1491 ) ;
#206 = ORIENTED_EDGE ( 'NONE', *, *, #3493, .F. ) ;
#207 = CARTESIAN_POINT ( 'NONE',  ( -9.303642002017699753, 23.15429687499999289, 6.000000000000000000 ) ) ;
#208 = EDGE_CURVE ( 'NONE', #6920, #7975, #5796, .T. ) ;
#209 = EDGE_CURVE ( 'NONE', #117, #7568, #2938, .T. ) ;
#210 = DIRECTION ( 'NONE',  ( 0.000000000000000000, -0.000000000000000000, 1.000000000000000000 ) ) ;
#211 = FACE_OUTER_BOUND ( 'NONE', #1916, .T. ) ;
#212 = CARTESIAN_POINT ( 'NONE',  ( -59.41788286210069714, 15.48641401289931174, 1.500000000000000444 ) ) ;
#213 = ORIENTED_EDGE ( 'NONE', *, *, #3561, .F. ) ;
#214 = DIRECTION ( 'NONE',  ( -0.000000000000000000, -0.000000000000000000, 1.000000000000000000 ) ) ;
#215 = ORIENTED_EDGE ( 'NONE', *, *, #6865, .F. ) ;
#216 = ORIENTED_EDGE ( 'NONE', *, *, #209, .T. ) ;
#217 = CARTESIAN_POINT ( 'NONE',  ( -39.00483313386396844, 15.66277201088163373, 2.996198623261644212 ) ) ;
#218 = DIRECTION ( 'NONE',  ( -0.000000000000000000, -1.000000000000000000, -0.000000000000000000 ) ) ;
#219 = LINE ( 'NONE', #3068, #7057 ) ;
#220 = ORIENTED_EDGE ( 'NONE', *, *, #707, .T. ) ;
#221 = ADVANCED_FACE ( 'NONE', ( #7857 ), #2238, .T. ) ;
#222 = LINE ( 'NONE', #5219, #3402 ) ;
#223 = LINE ( 'NONE', #2370, #6997 ) ;
#224 = LINE ( 'NONE', #4559, #3299 ) ;
#225 = ORIENTED_EDGE ( 'NONE', *, *, #480, .T. ) ;
#226 = LINE ( 'NONE', #6582, #1299 ) ;
#227 = VERTEX_POINT ( 'NONE', #6538 ) ;
#228 = CARTESIAN_POINT ( 'NONE',  ( -13.41788286210068826, 15.48641401289931174, 0.5000000000000004441 ) ) ;
#229 = VERTEX_POINT ( 'NONE', #4292 ) ;
#230 = DIRECTION ( 'NONE',  ( 0.000000000000000000, -1.000000000000000000, 0.000000000000000000 ) ) ;
#231 = LINE ( 'NONE', #5987, #9078 ) ;
#232 = EDGE_CURVE ( 'NONE', #7056, #693, #7952, .T. ) ;
#233 = CARTESIAN_POINT ( 'NONE',  ( -82.41788286210069714, 15.48641401289931174, 0.5000000000000004441 ) ) ;
#234 = VERTEX_POINT ( 'NONE', #134 ) ;
#235 = DIRECTION ( 'NONE',  ( -0.000000000000000000, -0.000000000000000000, 1.000000000000000000 ) ) ;
#236 = ORIENTED_EDGE ( 'NONE', *, *, #9148, .F. ) ;
#237 = EDGE_CURVE ( 'NONE', #4521, #3546, #1501, .T. ) ;
#238 = AXIS2_PLACEMENT_3D ( 'NONE', #4059, #1917, #9087 ) ;
#239 =( NAMED_UNIT ( * ) PLANE_ANGLE_UNIT ( ) SI_UNIT ( $, .RADIAN. ) );
#240 = FACE_OUTER_BOUND ( 'NONE', #6130, .T. ) ;
#241 = DIRECTION ( 'NONE',  ( 1.259073490628327690E-16, -1.000000000000000000, 0.000000000000000000 ) ) ;
#242 = VECTOR ( 'NONE', #177, 1000.000000000000000 ) ;
#243 = EDGE_LOOP ( 'NONE', ( #5402, #5826, #5918, #4636 ) ) ;
#244 = CARTESIAN_POINT ( 'NONE',  ( 46.25000000000000000, 25.65429687500000355, 6.000000000000000000 ) ) ;
#245 = ORIENTED_EDGE ( 'NONE', *, *, #3947, .T. ) ;
#246 = EDGE_CURVE ( 'NONE', #3173, #2010, #7197, .T. ) ;
#247 = EDGE_CURVE ( 'NONE', #8764, #2538, #7293, .T. ) ;
#248 = DIRECTION ( 'NONE',  ( 1.000000000000000000, 1.259073490628327690E-16, 0.000000000000000000 ) ) ;
#249 = VERTEX_POINT ( 'NONE', #2286 ) ;
#250 = VECTOR ( 'NONE', #1362, 1000.000000000000000 ) ;
#251 = VECTOR ( 'NONE', #2675, 1000.000000000000000 ) ;
#252 = DIRECTION ( 'NONE',  ( -0.7071067811865474617, 0.7071067811865474617, 0.000000000000000000 ) ) ;
#253 = DIRECTION ( 'NONE',  ( -0.000000000000000000, -0.000000000000000000, 1.000000000000000000 ) ) ;
#254 = CARTESIAN_POINT ( 'NONE',  ( -78.30364200201772462, 13.15429687499998579, 6.000000000000000000 ) ) ;
#255 = DIRECTION ( 'NONE',  ( 0.000000000000000000, 0.000000000000000000, -1.000000000000000000 ) ) ;
#256 = VECTOR ( 'NONE', #8603, 1000.000000000000000 ) ;
#257 = DIRECTION ( 'NONE',  ( 0.000000000000000000, -0.000000000000000000, 1.000000000000000000 ) ) ;
#258 = ORIENTED_EDGE ( 'NONE', *, *, #8912, .T. ) ;
#259 = CARTESIAN_POINT ( 'NONE',  ( 36.58211713789933128, 15.48641401289931174, 1.500000000000000444 ) ) ;
#260 = ORIENTED_EDGE ( 'NONE', *, *, #9140, .T. ) ;
#261 = EDGE_CURVE ( 'NONE', #7091, #6694, #804, .T. ) ;
#262 = CARTESIAN_POINT ( 'NONE',  ( -30.01788286210067724, 20.78641401289931778, 0.5000000000000004441 ) ) ;
#263 = EDGE_CURVE ( 'NONE', #6148, #5683, #86, .T. ) ;
#264 = CARTESIAN_POINT ( 'NONE',  ( -75.79516686613607135, 15.66277201088163373, 3.250000000000000444 ) ) ;
#265 = CARTESIAN_POINT ( 'NONE',  ( 39.25000000000000000, 13.15429687500000355, 6.000000000000000000 ) ) ;
#266 = AXIS2_PLACEMENT_3D ( 'NONE', #3256, #6764, #2511 ) ;
#267 = ORIENTED_EDGE ( 'NONE', *, *, #7174, .T. ) ;
#268 = LINE ( 'NONE', #6531, #5795 ) ;
#269 = CYLINDRICAL_SURFACE ( 'NONE', #6105, 0.5000000000000004441 ) ;
#270 = PLANE ( 'NONE',  #5082 ) ;
#271 = ORIENTED_EDGE ( 'NONE', *, *, #8165, .F. ) ;
#272 = CARTESIAN_POINT ( 'NONE',  ( -39.41788286210071135, 16.07582173911837486, 1.500000000000000444 ) ) ;
#273 = ORIENTED_EDGE ( 'NONE', *, *, #7736, .F. ) ;
#274 = ORIENTED_EDGE ( 'NONE', *, *, #2661, .T. ) ;
#275 = EDGE_CURVE ( 'NONE', #2914, #1385, #8749, .T. ) ;
#276 = ADVANCED_FACE ( 'NONE', ( #7341 ), #7245, .F. ) ;
#277 = DIRECTION ( 'NONE',  ( 0.000000000000000000, -1.000000000000000000, 0.000000000000000000 ) ) ;
#278 = VERTEX_POINT ( 'NONE', #1635 ) ;
#279 = VECTOR ( 'NONE', #8098, 1000.000000000000000 ) ;
#280 = VECTOR ( 'NONE', #7179, 1000.000000000000000 ) ;
#281 = DIRECTION ( 'NONE',  ( 0.000000000000000000, -0.000000000000000000, 1.000000000000000000 ) ) ;
#282 = LINE ( 'NONE', #6774, #1461 ) ;
#283 = CARTESIAN_POINT ( 'NONE',  ( -89.75000000000001421, 13.15429687500000355, 0.2500000000000000000 ) ) ;
#284 = DIRECTION ( 'NONE',  ( -0.7071067811865474617, 0.7071067811865474617, 0.000000000000000000 ) ) ;
#285 = EDGE_LOOP ( 'NONE', ( #8697, #44, #5020, #2377 ) ) ;
#286 = PLANE ( 'NONE',  #2819 ) ;
#287 = VERTEX_POINT ( 'NONE', #4474 ) ;
#288 = ORIENTED_EDGE ( 'NONE', *, *, #8485, .T. ) ;
#289 = AXIS2_PLACEMENT_3D ( 'NONE', #5210, #3061, #3852 ) ;
#290 = LINE ( 'NONE', #8957, #8926 ) ;
#291 = FACE_OUTER_BOUND ( 'NONE', #1562, .T. ) ;
#292 = ORIENTED_EDGE ( 'NONE', *, *, #3044, .F. ) ;
#293 = VERTEX_POINT ( 'NONE', #3777 ) ;
#294 = CARTESIAN_POINT ( 'NONE',  ( -55.41788286210067582, 13.48641401289931174, 1.500000000000000444 ) ) ;
#295 = CARTESIAN_POINT ( 'NONE',  ( -77.76788286210067724, 20.78641401289931778, 0.5000000000000004441 ) ) ;
#296 = ORIENTED_EDGE ( 'NONE', *, *, #5321, .T. ) ;
#297 = EDGE_CURVE ( 'NONE', #3204, #7136, #6629, .T. ) ;
#298 = CARTESIAN_POINT ( 'NONE',  ( -13.41788286210068826, 22.78641401289931778, 1.500000000000000444 ) ) ;
#299 = LINE ( 'NONE', #6843, #6659 ) ;
#300 = EDGE_CURVE ( 'NONE', #8724, #615, #1030, .T. ) ;
#301 = ADVANCED_FACE ( 'NONE', ( #1726 ), #3821, .F. ) ;
#302 = LINE ( 'NONE', #869, #7658 ) ;
#303 = FACE_OUTER_BOUND ( 'NONE', #6063, .T. ) ;
#304 = DIRECTION ( 'NONE',  ( -1.000000000000000000, -0.000000000000000000, -0.000000000000000000 ) ) ;
#305 = ORIENTED_EDGE ( 'NONE', *, *, #3615, .T. ) ;
#306 = CARTESIAN_POINT ( 'NONE',  ( 45.85000000000000142, 10.65429687500000355, 6.000000000000000000 ) ) ;
#307 = ORIENTED_EDGE ( 'NONE', *, *, #4431, .T. ) ;
#308 = EDGE_LOOP ( 'NONE', ( #7149, #4172, #3629, #6849 ) ) ;
#309 = FACE_OUTER_BOUND ( 'NONE', #5527, .T. ) ;
#310 = LINE ( 'NONE', #3065, #782 ) ;
#311 = VECTOR ( 'NONE', #3307, 1000.000000000000000 ) ;
#312 = CARTESIAN_POINT ( 'NONE',  ( -75.38211713789932844, 19.66277201088163196, 3.250000000000000444 ) ) ;
#313 = VERTEX_POINT ( 'NONE', #6118 ) ;
#314 = EDGE_CURVE ( 'NONE', #1437, #2505, #4663, .T. ) ;
#315 = CARTESIAN_POINT ( 'NONE',  ( 39.25000000000000000, 23.15429687500000000, 4.000000000000000000 ) ) ;
#316 = DIRECTION ( 'NONE',  ( 0.000000000000000000, -1.000000000000000000, 0.000000000000000000 ) ) ;
#317 = AXIS2_PLACEMENT_3D ( 'NONE', #9060, #6894, #7600 ) ;
#318 = LINE ( 'NONE', #4470, #4781 ) ;
#319 = ORIENTED_EDGE ( 'NONE', *, *, #246, .F. ) ;
#320 = CARTESIAN_POINT ( 'NONE',  ( -84.75000000000001421, 13.15429687499998934, 4.000000000000000000 ) ) ;
#321 = ORIENTED_EDGE ( 'NONE', *, *, #7634, .T. ) ;
#322 = ORIENTED_EDGE ( 'NONE', *, *, #5958, .F. ) ;
#323 = FACE_OUTER_BOUND ( 'NONE', #3509, .T. ) ;
#324 = VECTOR ( 'NONE', #7434, 1000.000000000000000 ) ;
#325 = CARTESIAN_POINT ( 'NONE',  ( -9.417882862100670494, 20.78641401289931778, 0.5000000000000004441 ) ) ;
#326 = VECTOR ( 'NONE', #5139, 1000.000000000000000 ) ;
#327 = ADVANCED_FACE ( 'NONE', ( #7386, #368 ), #6167, .F. ) ;
#328 = CARTESIAN_POINT ( 'NONE',  ( -16.41788286210070424, 20.23277201088163224, 2.754924248220537830 ) ) ;
#329 = EDGE_CURVE ( 'NONE', #7194, #3374, #4257, .T. ) ;
#330 = FACE_OUTER_BOUND ( 'NONE', #4536, .T. ) ;
#331 = DIRECTION ( 'NONE',  ( 1.000000000000000000, -1.734723475976806709E-18, -0.000000000000000000 ) ) ;
#332 = ORIENTED_EDGE ( 'NONE', *, *, #7619, .F. ) ;
#333 = AXIS2_PLACEMENT_3D ( 'NONE', #3558, #9193, #4872 ) ;
#334 = LINE ( 'NONE', #1181, #3272 ) ;
#335 = ORIENTED_EDGE ( 'NONE', *, *, #3264, .F. ) ;
#336 = AXIS2_PLACEMENT_3D ( 'NONE', #7498, #6789, #6091 ) ;
#337 = VERTEX_POINT ( 'NONE', #1680 ) ;
#338 = VECTOR ( 'NONE', #4361, 1000.000000000000000 ) ;
#339 = CARTESIAN_POINT ( 'NONE',  ( -62.41788286210071135, 20.23277201088163224, 4.000000000000000000 ) ) ;
#340 = EDGE_CURVE ( 'NONE', #145, #8503, #9035, .T. ) ;
#341 = FACE_BOUND ( 'NONE', #1466, .T. ) ;
#342 = ORIENTED_EDGE ( 'NONE', *, *, #7879, .T. ) ;
#343 = VERTEX_POINT ( 'NONE', #2519 ) ;
#344 = CARTESIAN_POINT ( 'NONE',  ( 16.18788286210066829, 20.66277201088163196, 3.250000000000000444 ) ) ;
#345 = LINE ( 'NONE', #4543, #6762 ) ;
#346 = CARTESIAN_POINT ( 'NONE',  ( -30.01788286210067724, 20.78641401289931778, 0.5000000000000004441 ) ) ;
#347 = VECTOR ( 'NONE', #3783, 1000.000000000000000 ) ;
#348 = LINE ( 'NONE', #5206, #3021 ) ;
#349 = CARTESIAN_POINT ( 'NONE',  ( -55.32152486411839476, 13.13641401289931210, 6.000000000000000000 ) ) ;
#350 = EDGE_CURVE ( 'NONE', #8656, #2390, #8234, .T. ) ;
#351 = CARTESIAN_POINT ( 'NONE',  ( 0.000000000000000000, 0.000000000000000000, 4.000000000000000000 ) ) ;
#352 = ORIENTED_EDGE ( 'NONE', *, *, #1536, .F. ) ;
#353 = CARTESIAN_POINT ( 'NONE',  ( -8.767882862100673691, 20.78641401289931778, 0.000000000000000000 ) ) ;
#354 = ORIENTED_EDGE ( 'NONE', *, *, #5921, .F. ) ;
#355 = EDGE_LOOP ( 'NONE', ( #7555, #6952, #7803, #3903, #4016, #3654, #2403, #1410, #7938, #6365, #5733, #647, #6439, #8534, #6209, #9026 ) ) ;
#356 = CARTESIAN_POINT ( 'NONE',  ( 39.25000000000000000, 22.40429687500000355, 1.000000000000000000 ) ) ;
#357 = DIRECTION ( 'NONE',  ( -1.000000000000000000, -6.546126324440782623E-16, -0.000000000000000000 ) ) ;
#358 = LINE ( 'NONE', #970, #7957 ) ;
#359 = ORIENTED_EDGE ( 'NONE', *, *, #4463, .T. ) ;
#360 = DIRECTION ( 'NONE',  ( -0.000000000000000000, -0.000000000000000000, 1.000000000000000000 ) ) ;
#361 = CARTESIAN_POINT ( 'NONE',  ( -91.75000000000000000, 10.65429687500000355, 0.3999999999999837019 ) ) ;
#362 = CARTESIAN_POINT ( 'NONE',  ( -9.321524864118412523, 23.17217973710070567, 6.000000000000000000 ) ) ;
#363 = VERTEX_POINT ( 'NONE', #980 ) ;
#364 = LINE ( 'NONE', #320, #1444 ) ;
#365 = ORIENTED_EDGE ( 'NONE', *, *, #3688, .F. ) ;
#366 = ORIENTED_EDGE ( 'NONE', *, *, #2876, .F. ) ;
#367 = EDGE_CURVE ( 'NONE', #2056, #2701, #8894, .T. ) ;
#368 = FACE_OUTER_BOUND ( 'NONE', #1417, .T. ) ;
#369 = EDGE_CURVE ( 'NONE', #6028, #6499, #5275, .T. ) ;
#370 = CARTESIAN_POINT ( 'NONE',  ( -32.41788286210067582, 20.78641401289931778, 0.5000000000000004441 ) ) ;
#371 = LINE ( 'NONE', #8141, #2196 ) ;
#372 = DIRECTION ( 'NONE',  ( 1.000000000000000000, -6.938893903907228378E-15, 0.000000000000000000 ) ) ;
#373 = CARTESIAN_POINT ( 'NONE',  ( 36.58211713789931707, 20.78641401289931778, 0.5000000000000004441 ) ) ;
#374 = PLANE ( 'NONE',  #9216 ) ;
#375 = ORIENTED_EDGE ( 'NONE', *, *, #8572, .F. ) ;
#376 = CARTESIAN_POINT ( 'NONE',  ( -82.41788286210069714, 22.78641401289931778, 0.5000000000000004441 ) ) ;
#377 = VERTEX_POINT ( 'NONE', #8138 ) ;
#378 = ORIENTED_EDGE ( 'NONE', *, *, #6268, .F. ) ;
#379 = EDGE_CURVE ( 'NONE', #3630, #9248, #6726, .T. ) ;
#380 = ADVANCED_FACE ( 'NONE', ( #323 ), #410, .F. ) ;
#381 = CARTESIAN_POINT ( 'NONE',  ( -60.06788286210068151, 20.78641401289931068, 1.500000000000000444 ) ) ;
#382 = CARTESIAN_POINT ( 'NONE',  ( -83.06788286210067440, 20.80448725967914925, 0.5000000000000004441 ) ) ;
#383 = ORIENTED_EDGE ( 'NONE', *, *, #4767, .T. ) ;
#384 = VECTOR ( 'NONE', #8948, 1000.000000000000000 ) ;
#385 = ORIENTED_EDGE ( 'NONE', *, *, #4697, .T. ) ;
#386 = DIRECTION ( 'NONE',  ( -0.000000000000000000, -0.000000000000000000, 1.000000000000000000 ) ) ;
#387 = EDGE_CURVE ( 'NONE', #7023, #7395, #4707, .T. ) ;
#388 = ORIENTED_EDGE ( 'NONE', *, *, #1845, .T. ) ;
#389 = FACE_OUTER_BOUND ( 'NONE', #3834, .T. ) ;
#390 = VECTOR ( 'NONE', #3399, 1000.000000000000000 ) ;
#391 = DIRECTION ( 'NONE',  ( 0.000000000000000000, 0.000000000000000000, -1.000000000000000000 ) ) ;
#392 = CARTESIAN_POINT ( 'NONE',  ( -13.41788286210068826, 20.78641401289931778, 1.500000000000000444 ) ) ;
#393 = CARTESIAN_POINT ( 'NONE',  ( -36.41788286210069714, 13.48641401289930997, 0.5000000000000004441 ) ) ;
#394 = CARTESIAN_POINT ( 'NONE',  ( -6.382117137899323112, 17.66277201088163196, 3.250000000000000444 ) ) ;
#395 = VERTEX_POINT ( 'NONE', #8842 ) ;
#396 = DIRECTION ( 'NONE',  ( 0.000000000000000000, 0.000000000000000000, 1.000000000000000000 ) ) ;
#397 = VECTOR ( 'NONE', #7669, 1000.000000000000000 ) ;
#398 = ORIENTED_EDGE ( 'NONE', *, *, #5388, .T. ) ;
#399 = AXIS2_PLACEMENT_3D ( 'NONE', #7541, #2015, #1326 ) ;
#400 = DIRECTION ( 'NONE',  ( 1.000000000000000000, -0.000000000000000000, 0.000000000000000000 ) ) ;
#401 = VERTEX_POINT ( 'NONE', #1171 ) ;
#402 = VECTOR ( 'NONE', #3825, 1000.000000000000000 ) ;
#403 = CARTESIAN_POINT ( 'NONE',  ( 9.582117137899304637, 15.48641401289931174, 0.5000000000000004441 ) ) ;
#404 = CARTESIAN_POINT ( 'NONE',  ( 16.61788286210066801, 20.23277201088161803, 4.000000000000000000 ) ) ;
#405 = CARTESIAN_POINT ( 'NONE',  ( -61.81788286210068151, 15.48641401289931174, 0.5000000000000004441 ) ) ;
#406 = ORIENTED_EDGE ( 'NONE', *, *, #8654, .F. ) ;
#407 = CARTESIAN_POINT ( 'NONE',  ( -62.41788286210071135, 16.07582173911837486, 4.000000000000000000 ) ) ;
#408 = ORIENTED_EDGE ( 'NONE', *, *, #5724, .F. ) ;
#409 = VERTEX_POINT ( 'NONE', #1078 ) ;
#410 = CYLINDRICAL_SURFACE ( 'NONE', #2407, 0.5000000000000004441 ) ;
#411 = VECTOR ( 'NONE', #4218, 1000.000000000000000 ) ;
#412 = CARTESIAN_POINT ( 'NONE',  ( 32.58211713789929576, 22.78641401289931778, 0.5000000000000004441 ) ) ;
#413 = DIRECTION ( 'NONE',  ( -1.000000000000000000, -0.000000000000000000, -0.000000000000000000 ) ) ;
#414 = EDGE_CURVE ( 'NONE', #909, #6767, #3913, .T. ) ;
#415 = DIRECTION ( 'NONE',  ( -0.000000000000000000, -0.000000000000000000, 1.000000000000000000 ) ) ;
#416 = ADVANCED_FACE ( 'NONE', ( #8940 ), #5366, .F. ) ;
#417 = CARTESIAN_POINT ( 'NONE',  ( -91.75000000000001421, 19.66277201088163196, 3.250000000000000444 ) ) ;
#418 = DIRECTION ( 'NONE',  ( -0.000000000000000000, -0.000000000000000000, 1.000000000000000000 ) ) ;
#419 = VERTEX_POINT ( 'NONE', #8374 ) ;
#420 = LINE ( 'NONE', #3924, #279 ) ;
#421 = ORIENTED_EDGE ( 'NONE', *, *, #3584, .F. ) ;
#422 = ORIENTED_EDGE ( 'NONE', *, *, #1857, .T. ) ;
#423 = VECTOR ( 'NONE', #3785, 1000.000000000000000 ) ;
#424 = CALENDAR_DATE ( 2025, 30, 7 ) ;
#425 = DIRECTION ( 'NONE',  ( 0.000000000000000000, -0.000000000000000000, -1.000000000000000000 ) ) ;
#426 = CARTESIAN_POINT ( 'NONE',  ( -29.38211713789932844, 20.23277201088161803, 4.000000000000000000 ) ) ;
#427 = VECTOR ( 'NONE', #5235, 1000.000000000000000 ) ;
#428 = ADVANCED_FACE ( 'NONE', ( #7002 ), #8464, .F. ) ;
#429 = ORIENTED_EDGE ( 'NONE', *, *, #8079, .F. ) ;
#430 = ORIENTED_EDGE ( 'NONE', *, *, #5845, .F. ) ;
#431 = FACE_OUTER_BOUND ( 'NONE', #7767, .T. ) ;
#432 = VERTEX_POINT ( 'NONE', #1953 ) ;
#433 = VECTOR ( 'NONE', #3657, 1000.000000000000000 ) ;
#434 = DIRECTION ( 'NONE',  ( -0.000000000000000000, -0.000000000000000000, 1.000000000000000000 ) ) ;
#435 = CARTESIAN_POINT ( 'NONE',  ( 36.67847513588156971, 23.17217973710070567, 6.000000000000000000 ) ) ;
#436 = EDGE_CURVE ( 'NONE', #8670, #8984, #6394, .T. ) ;
#437 = VECTOR ( 'NONE', #8731, 1000.000000000000000 ) ;
#438 = EDGE_CURVE ( 'NONE', #8080, #5352, #3401, .T. ) ;
#439 = DIRECTION ( 'NONE',  ( -0.000000000000000000, -0.000000000000000000, 1.000000000000000000 ) ) ;
#440 = DIRECTION ( 'NONE',  ( 0.000000000000000000, 1.000000000000000000, 0.000000000000000000 ) ) ;
#441 = CIRCLE ( 'NONE', #6407, 0.5000000000000000000 ) ;
#442 = DIRECTION ( 'NONE',  ( -0.000000000000000000, -0.000000000000000000, 1.000000000000000000 ) ) ;
#443 = VERTEX_POINT ( 'NONE', #696 ) ;
#444 = CARTESIAN_POINT ( 'NONE',  ( 29.58211713789928154, 16.07582173911837486, 3.742381610379890589 ) ) ;
#445 = ORIENTED_EDGE ( 'NONE', *, *, #2212, .F. ) ;
#446 = CYLINDRICAL_SURFACE ( 'NONE', #5509, 0.5000000000000004441 ) ;
#447 = EDGE_LOOP ( 'NONE', ( #1449, #6129, #8914, #7246, #4340, #215 ) ) ;
#448 = CARTESIAN_POINT ( 'NONE',  ( -89.75000000000001421, 23.15429687500000355, 0.5999999999999999778 ) ) ;
#449 = ORIENTED_EDGE ( 'NONE', *, *, #6815, .F. ) ;
#450 = FACE_OUTER_BOUND ( 'NONE', #8413, .T. ) ;
#451 = DIRECTION ( 'NONE',  ( -0.000000000000000000, 0.000000000000000000, 1.000000000000000000 ) ) ;
#452 = CARTESIAN_POINT ( 'NONE',  ( -53.01788286210067724, 20.78641401289931778, 0.5000000000000004441 ) ) ;
#453 = EDGE_LOOP ( 'NONE', ( #4811, #8508, #8160, #6084 ) ) ;
#454 = CARTESIAN_POINT ( 'NONE',  ( -91.75000000000001421, 16.16277201088163551, 3.250000000000000444 ) ) ;
#455 = VERTEX_POINT ( 'NONE', #1909 ) ;
#456 = DIRECTION ( 'NONE',  ( 0.000000000000000000, -1.000000000000000000, 0.000000000000000000 ) ) ;
#457 = CARTESIAN_POINT ( 'NONE',  ( -52.38211713789932844, 18.16277201088163196, 3.250000000000000444 ) ) ;
#458 = VECTOR ( 'NONE', #3397, 1000.000000000000114 ) ;
#459 = CARTESIAN_POINT ( 'NONE',  ( 46.00000000000000000, 0.000000000000000000, 0.5000000000000004441 ) ) ;
#460 = CARTESIAN_POINT ( 'NONE',  ( -62.41788286210071135, 16.16277201088163551, 3.250000000000000444 ) ) ;
#461 = DIRECTION ( 'NONE',  ( -0.000000000000000000, 0.000000000000000000, 1.000000000000000000 ) ) ;
#462 = ORIENTED_EDGE ( 'NONE', *, *, #7362, .F. ) ;
#463 = LINE ( 'NONE', #5467, #7859 ) ;
#464 = ORIENTED_EDGE ( 'NONE', *, *, #1180, .F. ) ;
#465 = ADVANCED_FACE ( 'NONE', ( #5458, #3538 ), #6255, .F. ) ;
#466 = DIRECTION ( 'NONE',  ( 0.000000000000000000, -1.000000000000000000, 0.000000000000000000 ) ) ;
#467 = EDGE_LOOP ( 'NONE', ( #8268, #6425, #8072, #6930, #7802, #1946, #2059, #7716, #6741 ) ) ;
#468 = VERTEX_POINT ( 'NONE', #9217 ) ;
#469 = AXIS2_PLACEMENT_3D ( 'NONE', #6331, #3616, #5678 ) ;
#470 = ADVANCED_FACE ( 'NONE', ( #2796 ), #4851, .F. ) ;
#471 = EDGE_CURVE ( 'NONE', #3983, #6382, #8421, .T. ) ;
#472 = DIRECTION ( 'NONE',  ( 4.336808689941999001E-16, -1.000000000000000000, 0.000000000000000000 ) ) ;
#473 = CARTESIAN_POINT ( 'NONE',  ( -91.75000000000001421, 18.16277201088163196, 3.250000000000000444 ) ) ;
#474 = VECTOR ( 'NONE', #4520, 1000.000000000000000 ) ;
#475 = VECTOR ( 'NONE', #4389, 1000.000000000000000 ) ;
#476 = VERTEX_POINT ( 'NONE', #506 ) ;
#477 = ORIENTED_EDGE ( 'NONE', *, *, #76, .F. ) ;
#478 = DIRECTION ( 'NONE',  ( 0.7071067811865479058, -0.7071067811865471286, -0.000000000000000000 ) ) ;
#479 = ORIENTED_EDGE ( 'NONE', *, *, #951, .T. ) ;
#480 = EDGE_CURVE ( 'NONE', #912, #7812, #6301, .T. ) ;
#481 = EDGE_CURVE ( 'NONE', #7653, #3019, #5650, .T. ) ;
#482 = VECTOR ( 'NONE', #5922, 1000.000000000000000 ) ;
#483 = CARTESIAN_POINT ( 'NONE',  ( 6.582117137899287762, 16.16277201088163551, 3.250000000000000444 ) ) ;
#484 = VECTOR ( 'NONE', #2545, 1000.000000000000000 ) ;
#485 = FACE_OUTER_BOUND ( 'NONE', #1654, .T. ) ;
#486 = CARTESIAN_POINT ( 'NONE',  ( 14.23211713789931920, 15.50448725967914143, 1.500000000000000444 ) ) ;
#487 = LINE ( 'NONE', #2638, #3721 ) ;
#488 = VECTOR ( 'NONE', #5829, 1000.000000000000000 ) ;
#489 = CARTESIAN_POINT ( 'NONE',  ( -54.76788286210067724, 20.78641401289931778, 1.500000000000000444 ) ) ;
#490 = DIRECTION ( 'NONE',  ( 0.000000000000000000, 0.000000000000000000, 1.000000000000000000 ) ) ;
#491 = VERTEX_POINT ( 'NONE', #6210 ) ;
#492 = DIRECTION ( 'NONE',  ( -1.000000000000000000, -6.546126324440782623E-16, -0.000000000000000000 ) ) ;
#493 = ORIENTED_EDGE ( 'NONE', *, *, #660, .F. ) ;
#494 = EDGE_CURVE ( 'NONE', #7975, #5015, #4142, .T. ) ;
#495 = EDGE_CURVE ( 'NONE', #8364, #3983, #1215, .T. ) ;
#496 = CARTESIAN_POINT ( 'NONE',  ( -31.76788286210068080, 15.48641401289931174, 1.500000000000000444 ) ) ;
#497 = VECTOR ( 'NONE', #2428, 1000.000000000000000 ) ;
#498 = VERTEX_POINT ( 'NONE', #7046 ) ;
#499 = CARTESIAN_POINT ( 'NONE',  ( -91.34999999999998010, 10.65429687500000355, 5.000000000000000000 ) ) ;
#500 = CARTESIAN_POINT ( 'NONE',  ( 13.69635799798229492, 13.15429687500000000, 1.500000000000000444 ) ) ;
#501 = CARTESIAN_POINT ( 'NONE',  ( 15.98211713789932098, 15.50448725967914143, 1.500000000000000444 ) ) ;
#502 = VERTEX_POINT ( 'NONE', #6913 ) ;
#503 = LINE ( 'NONE', #2656, #5617 ) ;
#504 = ORIENTED_EDGE ( 'NONE', *, *, #1507, .F. ) ;
#505 = ORIENTED_EDGE ( 'NONE', *, *, #7792, .F. ) ;
#506 = CARTESIAN_POINT ( 'NONE',  ( -39.41788286210071135, 19.66277201088163196, 3.250000000000000444 ) ) ;
#507 = EDGE_CURVE ( 'NONE', #4447, #2598, #9173, .T. ) ;
#508 = DIRECTION ( 'NONE',  ( 0.000000000000000000, 0.000000000000000000, 1.000000000000000000 ) ) ;
#509 = CARTESIAN_POINT ( 'NONE',  ( 29.58211713789928154, 20.23277201088163224, 2.754924248220538274 ) ) ;
#510 = DIRECTION ( 'NONE',  ( 0.000000000000000000, 0.000000000000000000, 1.000000000000000000 ) ) ;
#511 = CARTESIAN_POINT ( 'NONE',  ( -9.417882862100670494, 20.78641401289931778, 1.500000000000000444 ) ) ;
#512 = VERTEX_POINT ( 'NONE', #5507 ) ;
#513 = DIRECTION ( 'NONE',  ( 0.000000000000000000, 1.000000000000000000, 0.000000000000000000 ) ) ;
#514 = ORIENTED_EDGE ( 'NONE', *, *, #6358, .T. ) ;
#515 = CARTESIAN_POINT ( 'NONE',  ( -29.38211713789932844, 16.07582173911838197, 3.742381610379892365 ) ) ;
#516 = VERTEX_POINT ( 'NONE', #5601 ) ;
#517 = DIRECTION ( 'NONE',  ( 0.000000000000000000, 0.000000000000000000, 1.000000000000000000 ) ) ;
#518 = DIRECTION ( 'NONE',  ( 0.000000000000000000, 1.000000000000000000, 0.000000000000000000 ) ) ;
#519 = ADVANCED_FACE ( 'NONE', ( #3491 ), #4943, .F. ) ;
#520 = DIRECTION ( 'NONE',  ( 1.000000000000000000, -1.734723475976806709E-18, -0.000000000000000000 ) ) ;
#521 = EDGE_CURVE ( 'NONE', #8487, #2550, #3905, .T. ) ;
#522 = ORIENTED_EDGE ( 'NONE', *, *, #5266, .T. ) ;
#523 = ORIENTED_EDGE ( 'NONE', *, *, #8884, .T. ) ;
#524 = DIRECTION ( 'NONE',  ( -0.000000000000000000, -0.000000000000000000, 1.000000000000000000 ) ) ;
#525 = DIRECTION ( 'NONE',  ( 1.000000000000000000, -0.000000000000000000, 0.000000000000000000 ) ) ;
#526 = ORIENTED_EDGE ( 'NONE', *, *, #3288, .F. ) ;
#527 = CARTESIAN_POINT ( 'NONE',  ( -14.06788286210067263, 20.80448725967914925, 1.500000000000000444 ) ) ;
#528 = LINE ( 'NONE', #2772, #6506 ) ;
#529 = CARTESIAN_POINT ( 'NONE',  ( 39.25000000000000000, 23.15429687500000000, 6.000000000000000000 ) ) ;
#530 = EDGE_CURVE ( 'NONE', #9166, #4238, #2706, .T. ) ;
#531 = LINE ( 'NONE', #2595, #3195 ) ;
#532 = EDGE_CURVE ( 'NONE', #3727, #3876, #7709, .T. ) ;
#533 = DIRECTION ( 'NONE',  ( 0.000000000000000000, -1.000000000000000000, 0.000000000000000000 ) ) ;
#534 = ORIENTED_EDGE ( 'NONE', *, *, #7698, .T. ) ;
#535 = FACE_OUTER_BOUND ( 'NONE', #9042, .T. ) ;
#536 = ORIENTED_EDGE ( 'NONE', *, *, #8382, .T. ) ;
#537 = CARTESIAN_POINT ( 'NONE',  ( -6.382117137899323112, 20.16277201088163196, 3.250000000000000444 ) ) ;
#538 = ORIENTED_EDGE ( 'NONE', *, *, #7069, .F. ) ;
#539 = VECTOR ( 'NONE', #3362, 1000.000000000000000 ) ;
#540 = DIRECTION ( 'NONE',  ( -0.000000000000000000, 0.000000000000000000, 1.000000000000000000 ) ) ;
#541 = ORIENTED_EDGE ( 'NONE', *, *, #7173, .T. ) ;
#542 = VECTOR ( 'NONE', #3919, 1000.000000000000000 ) ;
#543 = CARTESIAN_POINT ( 'NONE',  ( -9.321524864118412523, 23.17217973710070567, 1.500000000000000444 ) ) ;
#544 = EDGE_CURVE ( 'NONE', #7000, #401, #3766, .T. ) ;
#545 = AXIS2_PLACEMENT_3D ( 'NONE', #6936, #2686, #578 ) ;
#546 = LINE ( 'NONE', #6205, #458 ) ;
#547 = ORIENTED_EDGE ( 'NONE', *, *, #7307, .F. ) ;
#548 = EDGE_CURVE ( 'NONE', #7331, #6546, #924, .T. ) ;
#549 = DIRECTION ( 'NONE',  ( 0.000000000000000000, -1.000000000000000000, 0.000000000000000000 ) ) ;
#550 = ORIENTED_EDGE ( 'NONE', *, *, #7838, .T. ) ;
#551 = ORIENTED_EDGE ( 'NONE', *, *, #7987, .T. ) ;
#552 = CARTESIAN_POINT ( 'NONE',  ( 92.00000000000000000, 0.000000000000000000, 0.5000000000000004441 ) ) ;
#553 = AXIS2_PLACEMENT_3D ( 'NONE', #4949, #127, #2184 ) ;
#554 = VECTOR ( 'NONE', #2251, 1000.000000000000000 ) ;
#555 = ORIENTED_EDGE ( 'NONE', *, *, #8455, .T. ) ;
#556 = DIRECTION ( 'NONE',  ( -1.000000000000000000, 0.000000000000000000, -0.000000000000000000 ) ) ;
#557 = DIRECTION ( 'NONE',  ( -1.000000000000000000, 0.000000000000000000, 0.000000000000000000 ) ) ;
#558 = EDGE_CURVE ( 'NONE', #3488, #3023, #8558, .T. ) ;
#559 = LINE ( 'NONE', #7010, #1369 ) ;
#560 = ORIENTED_EDGE ( 'NONE', *, *, #8485, .F. ) ;
#561 = EDGE_CURVE ( 'NONE', #6409, #8670, #6438, .T. ) ;
#562 = CARTESIAN_POINT ( 'NONE',  ( -32.30364200201769620, 23.15429687499998934, 4.000000000000000000 ) ) ;
#563 = ORIENTED_EDGE ( 'NONE', *, *, #825, .T. ) ;
#564 = VECTOR ( 'NONE', #230, 1000.000000000000000 ) ;
#565 = DIRECTION ( 'NONE',  ( 0.000000000000000000, 1.000000000000000000, 0.000000000000000000 ) ) ;
#566 = CARTESIAN_POINT ( 'NONE',  ( 16.61788286210066801, 16.07582173911838197, 1.500000000000000444 ) ) ;
#567 = VECTOR ( 'NONE', #5760, 1000.000000000000000 ) ;
#568 = CARTESIAN_POINT ( 'NONE',  ( -84.75000000000001421, 23.15429687499998579, 6.000000000000000000 ) ) ;
#569 = LINE ( 'NONE', #3418, #3247 ) ;
#570 = ORIENTED_EDGE ( 'NONE', *, *, #4203, .F. ) ;
#571 = LINE ( 'NONE', #7638, #7751 ) ;
#572 = VERTEX_POINT ( 'NONE', #8737 ) ;
#573 = DIRECTION ( 'NONE',  ( 0.000000000000000000, 0.000000000000000000, 1.000000000000000000 ) ) ;
#574 = ORIENTED_EDGE ( 'NONE', *, *, #2861, .T. ) ;
#575 = DIRECTION ( 'NONE',  ( -0.000000000000000000, -0.000000000000000000, 1.000000000000000000 ) ) ;
#576 = VECTOR ( 'NONE', #2434, 1000.000000000000000 ) ;
#577 = VECTOR ( 'NONE', #9168, 1000.000000000000114 ) ;
#578 = DIRECTION ( 'NONE',  ( 0.000000000000000000, 0.000000000000000000, 1.000000000000000000 ) ) ;
#579 = CARTESIAN_POINT ( 'NONE',  ( 32.58211713789929576, 20.78641401289931778, 0.5000000000000004441 ) ) ;
#580 = DIRECTION ( 'NONE',  ( 1.000000000000000000, 2.478176394252582127E-16, -0.000000000000000000 ) ) ;
#581 = EDGE_LOOP ( 'NONE', ( #5313, #7624, #4889, #6016, #6180, #1306, #4256, #6186, #5552 ) ) ;
#582 = FACE_OUTER_BOUND ( 'NONE', #6494, .T. ) ;
#583 = EDGE_LOOP ( 'NONE', ( #896, #5226, #5679, #5068, #6391, #5576 ) ) ;
#584 = VECTOR ( 'NONE', #8598, 1000.000000000000000 ) ;
#585 = CARTESIAN_POINT ( 'NONE',  ( -52.38211713789932844, 16.07582173911838197, 2.757618389620107635 ) ) ;
#586 = EDGE_CURVE ( 'NONE', #8357, #4177, #6483, .T. ) ;
#587 = ORIENTED_EDGE ( 'NONE', *, *, #8373, .T. ) ;
#588 = CARTESIAN_POINT ( 'NONE',  ( -55.41788286210069003, 22.78641401289931778, 1.500000000000000444 ) ) ;
#589 = EDGE_CURVE ( 'NONE', #4405, #2728, #7845, .T. ) ;
#590 = ADVANCED_FACE ( 'NONE', ( #5125 ), #5170, .F. ) ;
#591 = ORIENTED_EDGE ( 'NONE', *, *, #5344, .F. ) ;
#592 = AXIS2_PLACEMENT_3D ( 'NONE', #8022, #3758, #4454 ) ;
#593 = AXIS2_PLACEMENT_3D ( 'NONE', #8358, #1942, #4787 ) ;
#594 = DIRECTION ( 'NONE',  ( 1.000000000000000000, -0.000000000000000000, 0.000000000000000000 ) ) ;
#595 = PLANE ( 'NONE',  #1214 ) ;
#596 = EDGE_LOOP ( 'NONE', ( #7342, #2824, #3867, #5315 ) ) ;
#597 = VERTEX_POINT ( 'NONE', #7185 ) ;
#598 = ORIENTED_EDGE ( 'NONE', *, *, #7069, .T. ) ;
#599 = DIRECTION ( 'NONE',  ( -0.000000000000000000, -0.000000000000000000, 1.000000000000000000 ) ) ;
#600 = CC_DESIGN_APPROVAL ( #3083, ( #8225 ) ) ;
#601 = ADVANCED_FACE ( 'NONE', ( #2179 ), #7894, .T. ) ;
#602 = ORIENTED_EDGE ( 'NONE', *, *, #6384, .F. ) ;
#603 = LINE ( 'NONE', #3541, #4134 ) ;
#604 = CARTESIAN_POINT ( 'NONE',  ( -82.41788286210069714, 22.78641401289931778, 1.500000000000000444 ) ) ;
#605 = CARTESIAN_POINT ( 'NONE',  ( 6.582117137899287762, 18.16277201088163196, 3.250000000000000444 ) ) ;
#606 = VERTEX_POINT ( 'NONE', #1578 ) ;
#607 = PLANE ( 'NONE',  #238 ) ;
#608 = ORIENTED_EDGE ( 'NONE', *, *, #6141, .F. ) ;
#609 = CARTESIAN_POINT ( 'NONE',  ( -78.32152486411838765, 13.13641401289931210, 1.500000000000000444 ) ) ;
#610 = ADVANCED_FACE ( 'NONE', ( #5737 ), #1534, .T. ) ;
#611 = VECTOR ( 'NONE', #1352, 1000.000000000000000 ) ;
#612 = EDGE_CURVE ( 'NONE', #6792, #293, #834, .T. ) ;
#613 = CARTESIAN_POINT ( 'NONE',  ( 32.52152486411834076, 13.13641401289931210, 1.500000000000000444 ) ) ;
#614 = CARTESIAN_POINT ( 'NONE',  ( -91.75000000000001421, 20.16277201088163196, 3.250000000000000444 ) ) ;
#615 = VERTEX_POINT ( 'NONE', #1624 ) ;
#616 = VECTOR ( 'NONE', #2823, 1000.000000000000000 ) ;
#617 = CARTESIAN_POINT ( 'NONE',  ( 14.23211713789931920, 15.50448725967914143, 0.5000000000000004441 ) ) ;
#618 = ORIENTED_EDGE ( 'NONE', *, *, #3888, .F. ) ;
#619 = DIRECTION ( 'NONE',  ( 6.938893903907228378E-15, 1.000000000000000000, -0.000000000000000000 ) ) ;
#620 = VERTEX_POINT ( 'NONE', #5783 ) ;
#621 = EDGE_CURVE ( 'NONE', #491, #8107, #877, .T. ) ;
#622 = CARTESIAN_POINT ( 'NONE',  ( -7.017882862100671915, 20.78641401289931778, 0.5000000000000004441 ) ) ;
#623 = VECTOR ( 'NONE', #3230, 1000.000000000000000 ) ;
#624 = CARTESIAN_POINT ( 'NONE',  ( 46.25000000000000000, 25.25429687500000497, 0.3999999999999837019 ) ) ;
#625 = VECTOR ( 'NONE', #2732, 1000.000000000000000 ) ;
#626 = APPROVAL ( #810, 'UNSPECIFIED' ) ;
#627 = PLANE ( 'NONE',  #2416 ) ;
#628 = CARTESIAN_POINT ( 'NONE',  ( 16.61788286210066801, 16.07582173911838197, 1.500000000000000444 ) ) ;
#629 = CARTESIAN_POINT ( 'NONE',  ( -62.16794860091058439, 15.82588747792824080, 2.801754586982688533 ) ) ;
#630 = ORIENTED_EDGE ( 'NONE', *, *, #3188, .F. ) ;
#631 = DIRECTION ( 'NONE',  ( 0.000000000000000000, 0.000000000000000000, -1.000000000000000000 ) ) ;
#632 = ORIENTED_EDGE ( 'NONE', *, *, #4920, .T. ) ;
#633 = VECTOR ( 'NONE', #649, 1000.000000000000000 ) ;
#634 = LINE ( 'NONE', #2870, #1637 ) ;
#635 = ORIENTED_EDGE ( 'NONE', *, *, #507, .F. ) ;
#636 = VECTOR ( 'NONE', #7086, 1000.000000000000000 ) ;
#637 = FACE_OUTER_BOUND ( 'NONE', #7270, .T. ) ;
#638 = ORIENTED_EDGE ( 'NONE', *, *, #4697, .F. ) ;
#639 = VECTOR ( 'NONE', #3659, 1000.000000000000000 ) ;
#640 = EDGE_CURVE ( 'NONE', #1618, #7971, #4462, .T. ) ;
#641 = CARTESIAN_POINT ( 'NONE',  ( 6.582117137899287762, 20.23277201088163224, 1.500000000000000444 ) ) ;
#642 = CARTESIAN_POINT ( 'NONE',  ( -91.75000000000001421, 15.66277201088163373, 3.250000000000000444 ) ) ;
#643 = PLANE ( 'NONE',  #4634 ) ;
#644 = ORIENTED_EDGE ( 'NONE', *, *, #1908, .F. ) ;
#645 = LINE ( 'NONE', #8509, #9121 ) ;
#646 = EDGE_CURVE ( 'NONE', #8206, #3229, #790, .T. ) ;
#647 = ORIENTED_EDGE ( 'NONE', *, *, #5289, .F. ) ;
#648 = EDGE_LOOP ( 'NONE', ( #5337, #3682, #638, #1591 ) ) ;
#649 = DIRECTION ( 'NONE',  ( -1.000000000000000000, 0.000000000000000000, 0.000000000000000000 ) ) ;
#650 = VECTOR ( 'NONE', #6793, 1000.000000000000000 ) ;
#651 = ORIENTED_EDGE ( 'NONE', *, *, #2317, .F. ) ;
#652 = DIRECTION ( 'NONE',  ( 1.000000000000000000, 0.000000000000000000, 0.000000000000000000 ) ) ;
#653 = DIRECTION ( 'NONE',  ( 0.000000000000000000, 0.000000000000000000, -1.000000000000000000 ) ) ;
#654 = AXIS2_PLACEMENT_3D ( 'NONE', #6035, #1036, #7487 ) ;
#655 = CARTESIAN_POINT ( 'NONE',  ( -55.32152486411839476, 13.13641401289931210, 1.500000000000000444 ) ) ;
#656 = ORIENTED_EDGE ( 'NONE', *, *, #8888, .F. ) ;
#657 = PLANE ( 'NONE',  #1141 ) ;
#658 = EDGE_CURVE ( 'NONE', #1207, #3967, #6597, .T. ) ;
#659 = EDGE_LOOP ( 'NONE', ( #6840, #7043, #6953, #9172 ) ) ;
#660 = EDGE_CURVE ( 'NONE', #8199, #1015, #8752, .T. ) ;
#661 = FACE_OUTER_BOUND ( 'NONE', #6950, .T. ) ;
#662 = ORIENTED_EDGE ( 'NONE', *, *, #2305, .T. ) ;
#663 = LINE ( 'NONE', #91, #8624 ) ;
#664 = LINE ( 'NONE', #9143, #2642 ) ;
#665 = ORIENTED_EDGE ( 'NONE', *, *, #5562, .F. ) ;
#666 = EDGE_CURVE ( 'NONE', #4859, #7032, #2274, .T. ) ;
#667 = EDGE_CURVE ( 'NONE', #6700, #3970, #170, .T. ) ;
#668 = CARTESIAN_POINT ( 'NONE',  ( 8.932117137899320269, 20.78641401289931423, -2.999999999999999112 ) ) ;
#669 = VECTOR ( 'NONE', #8711, 1000.000000000000000 ) ;
#670 = ORIENTED_EDGE ( 'NONE', *, *, #5520, .T. ) ;
#671 = DIRECTION ( 'NONE',  ( 1.000000000000000000, 0.000000000000000000, 0.000000000000000000 ) ) ;
#672 = EDGE_LOOP ( 'NONE', ( #852, #2257, #4398, #536 ) ) ;
#673 = CARTESIAN_POINT ( 'NONE',  ( -75.81211713789934947, 20.66277201088163196, 3.250000000000000444 ) ) ;
#674 = CARTESIAN_POINT ( 'NONE',  ( 14.23211713789931920, 20.78641401289931778, 0.5000000000000004441 ) ) ;
#675 = DIRECTION ( 'NONE',  ( -0.000000000000000000, -0.000000000000000000, 1.000000000000000000 ) ) ;
#676 = CARTESIAN_POINT ( 'NONE',  ( 32.58211713789929576, 22.78641401289931778, 1.500000000000000444 ) ) ;
#677 = LINE ( 'NONE', #721, #1289 ) ;
#679 = FACE_OUTER_BOUND ( 'NONE', #1151, .T. ) ;
#678 = CIRCLE ( 'NONE', #6831, 0.5000000000000000000 ) ;
#680 = VERTEX_POINT ( 'NONE', #8221 ) ;
#681 = EDGE_CURVE ( 'NONE', #6303, #9050, #4603, .T. ) ;
#682 = DIRECTION ( 'NONE',  ( 1.000000000000000000, 1.259073490628327444E-16, -0.000000000000000000 ) ) ;
#683 = ORIENTED_EDGE ( 'NONE', *, *, #7996, .F. ) ;
#684 = FACE_OUTER_BOUND ( 'NONE', #7407, .T. ) ;
#685 = ORIENTED_EDGE ( 'NONE', *, *, #1982, .T. ) ;
#686 = CARTESIAN_POINT ( 'NONE',  ( -84.75000000000001421, 13.90429687500000355, 1.000000000000000000 ) ) ;
#687 = ORIENTED_EDGE ( 'NONE', *, *, #8992, .F. ) ;
#688 = CARTESIAN_POINT ( 'NONE',  ( -13.41788286210068826, 20.78641401289931778, 0.5000000000000004441 ) ) ;
#689 = PLANE ( 'NONE',  #7450 ) ;
#690 = CARTESIAN_POINT ( 'NONE',  ( 39.25000000000000000, 23.15429687500000000, 6.000000000000000000 ) ) ;
#691 = ORIENTED_EDGE ( 'NONE', *, *, #7794, .F. ) ;
#692 = ORIENTED_EDGE ( 'NONE', *, *, #9254, .F. ) ;
#693 = VERTEX_POINT ( 'NONE', #8127 ) ;
#694 = CIRCLE ( 'NONE', #5910, 0.2500000000000000000 ) ;
#695 =( BOUNDED_CURVE ( )  B_SPLINE_CURVE ( 3, ( #2404, #7325, #920, #4504 ),
 .UNSPECIFIED., .F., .F. ) 
 B_SPLINE_CURVE_WITH_KNOTS ( ( 4, 4 ),
 ( 4.852850395094539415, 6.283185307179586232 ),
 .UNSPECIFIED. ) 
 CURVE ( )  GEOMETRIC_REPRESENTATION_ITEM ( )  RATIONAL_B_SPLINE_CURVE ( ( 1.000000000000000000, 0.8366556290180486855, 0.8366556290180486855, 1.000000000000000000 ) ) 
 REPRESENTATION_ITEM ( '' )  );
#696 = CARTESIAN_POINT ( 'NONE',  ( -9.303642002017699753, 23.15429687499999289, 4.000000000000000000 ) ) ;
#697 = VERTEX_POINT ( 'NONE', #1763 ) ;
#698 = VECTOR ( 'NONE', #5978, 1000.000000000000000 ) ;
#699 = DIRECTION ( 'NONE',  ( -0.000000000000000000, 1.000000000000000000, -0.000000000000000000 ) ) ;
#700 = CARTESIAN_POINT ( 'NONE',  ( 16.61788286210066801, 20.23277201088161803, 2.754924248220536942 ) ) ;
#701 = PLANE ( 'NONE',  #2391 ) ;
#702 = VERTEX_POINT ( 'NONE', #3809 ) ;
#703 = CARTESIAN_POINT ( 'NONE',  ( 23.00000000000000000, 0.000000000000000000, 0.5000000000000004441 ) ) ;
#704 = ORIENTED_EDGE ( 'NONE', *, *, #5622, .T. ) ;
#705 = LINE ( 'NONE', #7769, #927 ) ;
#706 = AXIS2_PLACEMENT_3D ( 'NONE', #6880, #472, #4109 ) ;
#707 = EDGE_CURVE ( 'NONE', #8984, #8865, #4507, .T. ) ;
#708 = EDGE_CURVE ( 'NONE', #3557, #2538, #8078, .T. ) ;
#709 = CARTESIAN_POINT ( 'NONE',  ( -62.41788286210071135, 18.66277201088163196, 3.250000000000000444 ) ) ;
#710 = VECTOR ( 'NONE', #8426, 1000.000000000000000 ) ;
#711 = ORIENTED_EDGE ( 'NONE', *, *, #38, .T. ) ;
#712 = CARTESIAN_POINT ( 'NONE',  ( -39.41788286210071135, 20.23277201088163224, 1.500000000000000444 ) ) ;
#713 = ORIENTED_EDGE ( 'NONE', *, *, #1659, .F. ) ;
#714 = CARTESIAN_POINT ( 'NONE',  ( 9.521524864118349640, 13.13641401289931210, 1.500000000000000444 ) ) ;
#715 = ORIENTED_EDGE ( 'NONE', *, *, #9148, .T. ) ;
#716 = VECTOR ( 'NONE', #6328, 1000.000000000000000 ) ;
#717 = CARTESIAN_POINT ( 'NONE',  ( -89.35355339059326241, 13.25785026559327662, 0.5999999999999998668 ) ) ;
#718 = EDGE_CURVE ( 'NONE', #2600, #343, #3114, .T. ) ;
#719 = CARTESIAN_POINT ( 'NONE',  ( 46.00000000000000000, 15.48641401289931174, 0.000000000000000000 ) ) ;
#720 = CARTESIAN_POINT ( 'NONE',  ( -9.417882862100658059, 15.48641401289931174, 0.5000000000000004441 ) ) ;
#721 = CARTESIAN_POINT ( 'NONE',  ( -60.06788286210068151, 20.80448725967914925, 1.500000000000000444 ) ) ;
#722 = LINE ( 'NONE', #8630, #4046 ) ;
#723 = ORIENTED_EDGE ( 'NONE', *, *, #7530, .T. ) ;
#724 = PLANE ( 'NONE',  #1794 ) ;
#725 = PLANE ( 'NONE',  #4017 ) ;
#726 = ORIENTED_EDGE ( 'NONE', *, *, #3495, .T. ) ;
#727 = AXIS2_PLACEMENT_3D ( 'NONE', #2995, #2947, #5804 ) ;
#728 = VECTOR ( 'NONE', #4937, 1000.000000000000000 ) ;
#729 = CARTESIAN_POINT ( 'NONE',  ( -75.79516686613607135, 15.66277201088163373, 3.250000000000000444 ) ) ;
#730 = ADVANCED_FACE ( 'NONE', ( #1715 ), #4553, .F. ) ;
#731 = ORIENTED_EDGE ( 'NONE', *, *, #5037, .F. ) ;
#732 = ADVANCED_FACE ( 'NONE', ( #3373 ), #3901, .F. ) ;
#733 = DIRECTION ( 'NONE',  ( 1.000000000000000000, -1.734723475976806709E-18, -0.000000000000000000 ) ) ;
#734 = CARTESIAN_POINT ( 'NONE',  ( 32.58211713789929576, 13.48641401289930997, 0.5000000000000004441 ) ) ;
#735 = VECTOR ( 'NONE', #31, 1000.000000000000114 ) ;
#736 = CARTESIAN_POINT ( 'NONE',  ( -52.79516686613608556, 15.66277201088163729, 3.503801376738360229 ) ) ;
#737 = EDGE_LOOP ( 'NONE', ( #3717, #1301, #2537, #2561 ) ) ;
#738 = ORIENTED_EDGE ( 'NONE', *, *, #3163, .T. ) ;
#739 = ORIENTED_EDGE ( 'NONE', *, *, #8253, .T. ) ;
#740 = DIRECTION ( 'NONE',  ( -1.000000000000000000, -0.000000000000000000, -0.000000000000000000 ) ) ;
#741 = CARTESIAN_POINT ( 'NONE',  ( 39.25000000000000000, 13.90429687500000178, 1.000000000000000000 ) ) ;
#742 = VECTOR ( 'NONE', #396, 1000.000000000000000 ) ;
#743 = ORIENTED_EDGE ( 'NONE', *, *, #2099, .F. ) ;
#744 = CARTESIAN_POINT ( 'NONE',  ( 51.11666666666678083, 15.92096354166678118, 5.266666666666594665 ) ) ;
#745 = DIRECTION ( 'NONE',  ( -1.000000000000000000, -0.000000000000000000, -0.000000000000000000 ) ) ;
#746 = CARTESIAN_POINT ( 'NONE',  ( 37.23211713789930855, 20.78641401289931778, -2.999999999999999112 ) ) ;
#747 = ORIENTED_EDGE ( 'NONE', *, *, #6131, .F. ) ;
#748 = CARTESIAN_POINT ( 'NONE',  ( -29.38211713789932844, 20.23277201088161803, 1.500000000000000444 ) ) ;
#749 = ORIENTED_EDGE ( 'NONE', *, *, #7634, .F. ) ;
#750 = EDGE_LOOP ( 'NONE', ( #1442, #2021, #1652, #8407 ) ) ;
#751 = LOCAL_TIME ( 20, 11, 32.00000000000000000, #8006 ) ;
#752 = DIRECTION ( 'NONE',  ( -0.000000000000000000, 0.000000000000000000, 1.000000000000000000 ) ) ;
#753 = CARTESIAN_POINT ( 'NONE',  ( 31.93211713789931139, 15.48641401289931174, 0.000000000000000000 ) ) ;
#754 = CARTESIAN_POINT ( 'NONE',  ( -75.38211713789932844, 20.23277201088161803, 1.500000000000000444 ) ) ;
#755 = EDGE_CURVE ( 'NONE', #9124, #1432, #4672, .T. ) ;
#756 = ORIENTED_EDGE ( 'NONE', *, *, #7507, .F. ) ;
#757 = EDGE_CURVE ( 'NONE', #4510, #5342, #9101, .T. ) ;
#758 = CARTESIAN_POINT ( 'NONE',  ( -84.75000000000001421, 13.15429687499998934, 4.000000000000000000 ) ) ;
#759 = VERTEX_POINT ( 'NONE', #4828 ) ;
#760 = ADVANCED_FACE ( 'NONE', ( #5355, #3206 ), #8397, .F. ) ;
#761 = VECTOR ( 'NONE', #1585, 1000.000000000000000 ) ;
#762 = CARTESIAN_POINT ( 'NONE',  ( -36.41788286210069714, 22.78641401289931778, 0.5000000000000004441 ) ) ;
#763 = ORIENTED_EDGE ( 'NONE', *, *, #6218, .T. ) ;
#764 = CARTESIAN_POINT ( 'NONE',  ( -75.81211713789933526, 20.66277201088163551, 3.511255977444322163 ) ) ;
#765 = DIRECTION ( 'NONE',  ( 0.000000000000000000, -0.000000000000000000, 1.000000000000000000 ) ) ;
#766 = CARTESIAN_POINT ( 'NONE',  ( 16.61788286210066801, 20.23277201088161803, 2.754924248220536942 ) ) ;
#767 = AXIS2_PLACEMENT_3D ( 'NONE', #1011, #5163, #5299 ) ;
#768 = DIRECTION ( 'NONE',  ( 0.7071067811865466846, 0.7071067811865483499, 0.000000000000000000 ) ) ;
#769 = VERTEX_POINT ( 'NONE', #2458 ) ;
#770 = DIRECTION ( 'NONE',  ( -0.7071067811865479058, 0.7071067811865471286, 0.000000000000000000 ) ) ;
#771 = VERTEX_POINT ( 'NONE', #1112 ) ;
#772 = EDGE_CURVE ( 'NONE', #606, #2624, #8828, .T. ) ;
#773 = EDGE_CURVE ( 'NONE', #5430, #7000, #6714, .T. ) ;
#774 = CARTESIAN_POINT ( 'NONE',  ( -62.41788286210071135, 20.16277201088163196, 3.250000000000000444 ) ) ;
#775 = ORIENTED_EDGE ( 'NONE', *, *, #8844, .T. ) ;
#776 = VECTOR ( 'NONE', #517, 1000.000000000000000 ) ;
#777 = DIRECTION ( 'NONE',  ( 0.000000000000000000, -1.000000000000000000, 0.000000000000000000 ) ) ;
#778 = VECTOR ( 'NONE', #6996, 1000.000000000000000 ) ;
#779 = ORIENTED_EDGE ( 'NONE', *, *, #612, .T. ) ;
#780 = CARTESIAN_POINT ( 'NONE',  ( 14.23211713789931920, 20.78641401289931778, -2.999999999999999112 ) ) ;
#781 = CARTESIAN_POINT ( 'NONE',  ( -52.38211713789932844, 20.23277201088161803, 2.754924248220536054 ) ) ;
#782 = VECTOR ( 'NONE', #3161, 1000.000000000000000 ) ;
#783 = LINE ( 'NONE', #4366, #7791 ) ;
#784 = ORIENTED_EDGE ( 'NONE', *, *, #589, .T. ) ;
#785 = ORIENTED_EDGE ( 'NONE', *, *, #2646, .F. ) ;
#786 = ORIENTED_EDGE ( 'NONE', *, *, #681, .T. ) ;
#787 = EDGE_CURVE ( 'NONE', #4026, #3865, #310, .T. ) ;
#788 = DIRECTION ( 'NONE',  ( 6.938893903907228378E-15, 1.000000000000000000, -0.000000000000000000 ) ) ;
#789 = EDGE_CURVE ( 'NONE', #111, #8755, #8176, .T. ) ;
#790 = LINE ( 'NONE', #3632, #6302 ) ;
#791 = PLANE ( 'NONE',  #7510 ) ;
#792 = VECTOR ( 'NONE', #2742, 1000.000000000000000 ) ;
#793 = EDGE_LOOP ( 'NONE', ( #6561, #421, #5539, #5875, #7858, #5202, #408, #602, #2272, #1109, #1270, #3559, #6058, #4091, #7127, #7477 ) ) ;
#794 = AXIS2_PLACEMENT_3D ( 'NONE', #1798, #2593, #6238 ) ;
#795 = DIRECTION ( 'NONE',  ( 0.000000000000000000, -1.000000000000000000, 0.000000000000000000 ) ) ;
#796 = LINE ( 'NONE', #1494, #5625 ) ;
#797 = FACE_BOUND ( 'NONE', #8712, .T. ) ;
#798 = EDGE_LOOP ( 'NONE', ( #8851, #7953, #5283, #5211 ) ) ;
#799 = DIRECTION ( 'NONE',  ( -1.000000000000000000, 0.000000000000000000, 0.000000000000000000 ) ) ;
#800 = ORIENTED_EDGE ( 'NONE', *, *, #2496, .F. ) ;
#801 = EDGE_LOOP ( 'NONE', ( #4598, #4254, #5132, #245 ) ) ;
#802 = VECTOR ( 'NONE', #7, 1000.000000000000000 ) ;
#803 = EDGE_CURVE ( 'NONE', #702, #3620, #2507, .T. ) ;
#804 = LINE ( 'NONE', #5935, #4202 ) ;
#805 = ORIENTED_EDGE ( 'NONE', *, *, #7765, .F. ) ;
#806 = CARTESIAN_POINT ( 'NONE',  ( -36.41788286210069714, 15.48641401289931174, 0.5000000000000004441 ) ) ;
#807 = CARTESIAN_POINT ( 'NONE',  ( -29.38211713789932844, 20.23277201088161803, 4.000000000000000000 ) ) ;
#808 = ORIENTED_EDGE ( 'NONE', *, *, #1805, .T. ) ;
#809 = DIRECTION ( 'NONE',  ( 1.000000000000000000, -1.734723475976806709E-18, -0.000000000000000000 ) ) ;
#810 = APPROVAL_STATUS ( 'not_yet_approved' ) ;
#811 = EDGE_CURVE ( 'NONE', #2019, #7089, #6802, .T. ) ;
#812 = CARTESIAN_POINT ( 'NONE',  ( -13.41788286210068826, 22.78641401289931778, 0.5000000000000004441 ) ) ;
#813 = DIRECTION ( 'NONE',  ( -1.000000000000000000, -6.546126324440782623E-16, -0.000000000000000000 ) ) ;
#814 = EDGE_CURVE ( 'NONE', #7672, #3192, #5052, .T. ) ;
#815 = CARTESIAN_POINT ( 'NONE',  ( -52.38211713789932844, 16.07582173911838197, 1.500000000000000444 ) ) ;
#816 = DIRECTION ( 'NONE',  ( 1.000000000000000000, -1.734723475976806709E-18, -0.000000000000000000 ) ) ;
#817 = EDGE_LOOP ( 'NONE', ( #7998, #925, #3420, #3756, #2263, #8726, #5689, #2375, #3216, #7628, #2284, #8099, #2467 ) ) ;
#818 = FACE_OUTER_BOUND ( 'NONE', #7795, .T. ) ;
#819 = VERTEX_POINT ( 'NONE', #8442 ) ;
#820 = CARTESIAN_POINT ( 'NONE',  ( -15.81788286210067440, 20.80448725967914925, 0.5000000000000004441 ) ) ;
#821 = ORIENTED_EDGE ( 'NONE', *, *, #8739, .F. ) ;
#822 = CARTESIAN_POINT ( 'NONE',  ( -53.01788286210067724, 20.78641401289931778, 1.500000000000000444 ) ) ;
#823 = ORIENTED_EDGE ( 'NONE', *, *, #8610, .T. ) ;
#824 = EDGE_CURVE ( 'NONE', #455, #4186, #8486, .T. ) ;
#825 = EDGE_CURVE ( 'NONE', #4799, #6920, #5620, .T. ) ;
#826 = LINE ( 'NONE', #2834, #8861 ) ;
#827 = CARTESIAN_POINT ( 'NONE',  ( 13.58211713789933484, 15.48641401289931174, 0.5000000000000004441 ) ) ;
#828 = CARTESIAN_POINT ( 'NONE',  ( 8.932117137899320269, 20.78641401289931423, 1.500000000000000444 ) ) ;
#829 = ORIENTED_EDGE ( 'NONE', *, *, #4923, .F. ) ;
#830 = DIRECTION ( 'NONE',  ( -1.000000000000000000, -6.546126324440781637E-16, 0.000000000000000000 ) ) ;
#831 = VERTEX_POINT ( 'NONE', #7915 ) ;
#832 = VERTEX_POINT ( 'NONE', #8533 ) ;
#833 = CARTESIAN_POINT ( 'NONE',  ( -83.06788286210067440, 20.80448725967914925, 0.5000000000000004441 ) ) ;
#834 = LINE ( 'NONE', #1490, #5253 ) ;
#835 = ORIENTED_EDGE ( 'NONE', *, *, #7359, .F. ) ;
#836 = ADVANCED_FACE ( 'NONE', ( #7160 ), #3424, .F. ) ;
#837 = CARTESIAN_POINT ( 'NONE',  ( -60.06788286210068151, 20.78641401289931423, -2.999999999999999112 ) ) ;
#838 = DIRECTION ( 'NONE',  ( 0.000000000000000000, 0.000000000000000000, 1.000000000000000000 ) ) ;
#839 = VECTOR ( 'NONE', #2733, 1000.000000000000000 ) ;
#840 = VERTEX_POINT ( 'NONE', #6324 ) ;
#841 = CARTESIAN_POINT ( 'NONE',  ( -91.75000000000001421, 15.66277201088163373, 3.250000000000000444 ) ) ;
#842 = ORIENTED_EDGE ( 'NONE', *, *, #5792, .F. ) ;
#843 = CARTESIAN_POINT ( 'NONE',  ( -32.41788286210066161, 15.48641401289931174, 0.5000000000000004441 ) ) ;
#844 = ORIENTED_EDGE ( 'NONE', *, *, #3506, .T. ) ;
#845 = VECTOR ( 'NONE', #2611, 1000.000000000000000 ) ;
#846 = EDGE_CURVE ( 'NONE', #6682, #8984, #2110, .T. ) ;
#847 = DIRECTION ( 'NONE',  ( 0.7071067811865466846, 0.7071067811865483499, 0.000000000000000000 ) ) ;
#848 = EDGE_CURVE ( 'NONE', #7224, #4881, #7070, .T. ) ;
#849 = CARTESIAN_POINT ( 'NONE',  ( 39.25000000000000000, 23.15429687500000000, 4.000000000000000000 ) ) ;
#850 = LINE ( 'NONE', #8447, #4816 ) ;
#851 = AXIS2_PLACEMENT_3D ( 'NONE', #614, #2628, #5429 ) ;
#852 = ORIENTED_EDGE ( 'NONE', *, *, #275, .T. ) ;
#853 = AXIS2_PLACEMENT_3D ( 'NONE', #7632, #4821, #425 ) ;
#854 = DIRECTION ( 'NONE',  ( 0.000000000000000000, 0.000000000000000000, 1.000000000000000000 ) ) ;
#855 = ORIENTED_EDGE ( 'NONE', *, *, #9240, .F. ) ;
#856 = CARTESIAN_POINT ( 'NONE',  ( 16.61788286210066801, 17.66277201088163196, 3.250000000000000444 ) ) ;
#857 = VECTOR ( 'NONE', #7288, 1000.000000000000000 ) ;
#858 = VECTOR ( 'NONE', #5939, 1000.000000000000000 ) ;
#859 = CARTESIAN_POINT ( 'NONE',  ( -37.06788286210068151, 20.80448725967914925, 0.5000000000000004441 ) ) ;
#860 = DIRECTION ( 'NONE',  ( 6.938893903907228378E-15, 1.000000000000000000, -0.000000000000000000 ) ) ;
#861 = ORIENTED_EDGE ( 'NONE', *, *, #1447, .F. ) ;
#862 = CARTESIAN_POINT ( 'NONE',  ( 14.23211713789931920, 20.78641401289931778, -2.999999999999999112 ) ) ;
#863 = EDGE_LOOP ( 'NONE', ( #1120, #5991, #6665, #3036 ) ) ;
#864 = AXIS2_PLACEMENT_3D ( 'NONE', #6834, #1651, #1788 ) ;
#865 = CARTESIAN_POINT ( 'NONE',  ( 8.932117137899320269, 20.80448725967914925, 0.5000000000000004441 ) ) ;
#866 = ORIENTED_EDGE ( 'NONE', *, *, #4373, .F. ) ;
#867 = CARTESIAN_POINT ( 'NONE',  ( 45.85000000000000142, 22.40429687500000355, 6.000000000000000000 ) ) ;
#868 = ORIENTED_EDGE ( 'NONE', *, *, #75, .F. ) ;
#869 = CARTESIAN_POINT ( 'NONE',  ( 30.18211713789931139, 20.80448725967914925, 0.5000000000000004441 ) ) ;
#870 = CARTESIAN_POINT ( 'NONE',  ( 16.61788286210066801, 16.16277201088163551, 3.250000000000000444 ) ) ;
#871 = EDGE_CURVE ( 'NONE', #7109, #6126, #7022, .T. ) ;
#872 = PLANE ( 'NONE',  #5842 ) ;
#873 = ORIENTED_EDGE ( 'NONE', *, *, #7213, .T. ) ;
#874 = DIRECTION ( 'NONE',  ( -6.938893903907222067E-15, 1.000000000000000000, 0.000000000000000000 ) ) ;
#875 = EDGE_LOOP ( 'NONE', ( #1974, #7278, #164, #8908 ) ) ;
#876 = DIRECTION ( 'NONE',  ( -1.000000000000000000, -1.119176436114068839E-16, 0.000000000000000000 ) ) ;
#877 = LINE ( 'NONE', #123, #5405 ) ;
#878 = EDGE_CURVE ( 'NONE', #4915, #4138, #4163, .T. ) ;
#879 = LINE ( 'NONE', #4465, #2729 ) ;
#880 = ORIENTED_EDGE ( 'NONE', *, *, #7265, .T. ) ;
#881 = VECTOR ( 'NONE', #1329, 1000.000000000000000 ) ;
#882 = CARTESIAN_POINT ( 'NONE',  ( 39.24999999999999289, 20.16277201088163196, 3.250000000000000444 ) ) ;
#883 = DIRECTION ( 'NONE',  ( -0.000000000000000000, -0.000000000000000000, 1.000000000000000000 ) ) ;
#884 = CARTESIAN_POINT ( 'NONE',  ( 39.25000000000000000, 13.15429687500000355, 4.000000000000000000 ) ) ;
#885 = ORIENTED_EDGE ( 'NONE', *, *, #186, .T. ) ;
#886 = LINE ( 'NONE', #2234, #6212 ) ;
#887 = ORIENTED_EDGE ( 'NONE', *, *, #5047, .T. ) ;
#888 = CARTESIAN_POINT ( 'NONE',  ( -77.76788286210067724, 20.78641401289931778, -2.999999999999999112 ) ) ;
#889 = ORIENTED_EDGE ( 'NONE', *, *, #3148, .F. ) ;
#890 = VECTOR ( 'NONE', #2781, 1000.000000000000000 ) ;
#891 = EDGE_CURVE ( 'NONE', #1644, #5115, #4303, .T. ) ;
#892 = DIRECTION ( 'NONE',  ( 1.000000000000000000, 0.000000000000000000, 0.000000000000000000 ) ) ;
#893 = CARTESIAN_POINT ( 'NONE',  ( -15.81788286210067440, 15.48641401289931174, 0.5000000000000004441 ) ) ;
#894 = VECTOR ( 'NONE', #4550, 1000.000000000000000 ) ;
#895 = CARTESIAN_POINT ( 'NONE',  ( -93.16421356237310647, 10.65429687500000355, 5.000000000000000000 ) ) ;
#896 = ORIENTED_EDGE ( 'NONE', *, *, #2121, .F. ) ;
#897 = CYLINDRICAL_SURFACE ( 'NONE', #7449, 0.2500000000000000000 ) ;
#898 = ORIENTED_EDGE ( 'NONE', *, *, #4067, .T. ) ;
#899 = EDGE_CURVE ( 'NONE', #9063, #6862, #53, .T. ) ;
#900 = EDGE_CURVE ( 'NONE', #3374, #7194, #8408, .T. ) ;
#901 = CARTESIAN_POINT ( 'NONE',  ( -59.41788286210069714, 20.78641401289931778, 0.5000000000000004441 ) ) ;
#902 = VECTOR ( 'NONE', #5143, 1000.000000000000000 ) ;
#903 = LINE ( 'NONE', #1556, #5676 ) ;
#904 = DIRECTION ( 'NONE',  ( 0.000000000000000000, 0.000000000000000000, -1.000000000000000000 ) ) ;
#905 = PLANE ( 'NONE',  #2951 ) ;
#906 = CARTESIAN_POINT ( 'NONE',  ( -60.06788286210068151, 20.78641401289931423, -2.999999999999999112 ) ) ;
#907 = ORIENTED_EDGE ( 'NONE', *, *, #3515, .F. ) ;
#908 = LINE ( 'NONE', #862, #7954 ) ;
#909 = VERTEX_POINT ( 'NONE', #2859 ) ;
#910 = DIRECTION ( 'NONE',  ( 1.000000000000000000, -1.734723475976806709E-18, -0.000000000000000000 ) ) ;
#911 = EDGE_CURVE ( 'NONE', #3434, #6625, #2727, .T. ) ;
#912 = VERTEX_POINT ( 'NONE', #2816 ) ;
#913 = PLANE ( 'NONE',  #9016 ) ;
#914 = VECTOR ( 'NONE', #7239, 1000.000000000000000 ) ;
#915 = ORIENTED_EDGE ( 'NONE', *, *, #8250, .F. ) ;
#916 = CARTESIAN_POINT ( 'NONE',  ( -60.06788286210068151, 15.48641401289931174, 0.5000000000000004441 ) ) ;
#917 = CARTESIAN_POINT ( 'NONE',  ( -6.812117137899337926, 20.66277201088163551, 3.511255977444322163 ) ) ;
#918 = CARTESIAN_POINT ( 'NONE',  ( 32.58211713789929576, 22.78641401289931778, 0.5000000000000004441 ) ) ;
#919 = ORIENTED_EDGE ( 'NONE', *, *, #7348, .F. ) ;
#920 = CARTESIAN_POINT ( 'NONE',  ( -61.98788286210071163, 20.66277201088163551, 3.511255977444317722 ) ) ;
#921 = ORIENTED_EDGE ( 'NONE', *, *, #9198, .T. ) ;
#922 = AXIS2_PLACEMENT_3D ( 'NONE', #6752, #8732, #1709 ) ;
#923 = DIRECTION ( 'NONE',  ( 0.000000000000000000, 1.000000000000000000, 0.000000000000000000 ) ) ;
#924 = LINE ( 'NONE', #8696, #2120 ) ;
#925 = ORIENTED_EDGE ( 'NONE', *, *, #900, .T. ) ;
#926 = EDGE_CURVE ( 'NONE', #5112, #5199, #5669, .T. ) ;
#927 = VECTOR ( 'NONE', #1367, 1000.000000000000000 ) ;
#928 = DIRECTION ( 'NONE',  ( 0.000000000000000000, -0.000000000000000000, 1.000000000000000000 ) ) ;
#929 = EDGE_CURVE ( 'NONE', #1964, #145, #1420, .T. ) ;
#930 = AXIS2_PLACEMENT_3D ( 'NONE', #6857, #451, #9122 ) ;
#931 = DIRECTION ( 'NONE',  ( -0.000000000000000000, -0.000000000000000000, 1.000000000000000000 ) ) ;
#932 = CARTESIAN_POINT ( 'NONE',  ( -91.75000000000001421, 25.25429687499997655, 6.000000000000000000 ) ) ;
#933 = EDGE_LOOP ( 'NONE', ( #3194, #4852, #2078, #6592, #3284, #2972, #1183, #1347, #1803, #7084 ) ) ;
#934 = CARTESIAN_POINT ( 'NONE',  ( -82.47847513588163793, 23.17217973710070567, 1.500000000000000444 ) ) ;
#935 = VERTEX_POINT ( 'NONE', #6414 ) ;
#936 = DIRECTION ( 'NONE',  ( -0.000000000000000000, 0.000000000000000000, 1.000000000000000000 ) ) ;
#937 = ORIENTED_EDGE ( 'NONE', *, *, #3404, .T. ) ;
#938 = VECTOR ( 'NONE', #357, 1000.000000000000000 ) ;
#939 = AXIS2_PLACEMENT_3D ( 'NONE', #3338, #8308, #2498 ) ;
#940 = DIRECTION ( 'NONE',  ( 1.000000000000000000, 0.000000000000000000, 0.000000000000000000 ) ) ;
#941 = EDGE_CURVE ( 'NONE', #6828, #7962, #7730, .T. ) ;
#942 = PLANE ( 'NONE',  #4274 ) ;
#943 = ADVANCED_FACE ( 'NONE', ( #8580 ), #3604, .T. ) ;
#944 = CARTESIAN_POINT ( 'NONE',  ( -54.76788286210067724, 20.78641401289931778, 0.5000000000000004441 ) ) ;
#945 = EDGE_LOOP ( 'NONE', ( #8733, #1809, #6412, #1632 ) ) ;
#946 = DIRECTION ( 'NONE',  ( -0.000000000000000000, -1.000000000000000000, -0.000000000000000000 ) ) ;
#947 = ORIENTED_EDGE ( 'NONE', *, *, #9109, .F. ) ;
#948 = VECTOR ( 'NONE', #8846, 1000.000000000000000 ) ;
#949 = DIRECTION ( 'NONE',  ( 0.000000000000000000, 0.000000000000000000, -1.000000000000000000 ) ) ;
#950 = LINE ( 'NONE', #1697, #4890 ) ;
#951 = EDGE_CURVE ( 'NONE', #1116, #1438, #5756, .T. ) ;
#952 = EDGE_CURVE ( 'NONE', #1885, #6243, #2201, .T. ) ;
#953 = ORIENTED_EDGE ( 'NONE', *, *, #7817, .F. ) ;
#954 = ORIENTED_EDGE ( 'NONE', *, *, #3104, .F. ) ;
#955 = CARTESIAN_POINT ( 'NONE',  ( -37.06788286210068151, 20.78641401289931068, 0.5000000000000004441 ) ) ;
#956 = EDGE_LOOP ( 'NONE', ( #6525, #8998, #3283, #8952 ) ) ;
#957 = LINE ( 'NONE', #1053, #4519 ) ;
#958 = CARTESIAN_POINT ( 'NONE',  ( 46.05000000000000426, 25.45429687500001137, 0.1999999999999918510 ) ) ;
#959 = EDGE_CURVE ( 'NONE', #2988, #2728, #7305, .T. ) ;
#960 = EDGE_CURVE ( 'NONE', #2516, #3031, #5285, .T. ) ;
#961 = DIRECTION ( 'NONE',  ( 0.000000000000000000, -0.000000000000000000, 1.000000000000000000 ) ) ;
#962 = CARTESIAN_POINT ( 'NONE',  ( -75.38211713789932844, 20.23277201088161803, 4.000000000000000000 ) ) ;
#963 = DIRECTION ( 'NONE',  ( 6.938893903907228378E-15, 1.000000000000000000, -0.000000000000000000 ) ) ;
#964 = ORIENTED_EDGE ( 'NONE', *, *, #7675, .F. ) ;
#965 = DIRECTION ( 'NONE',  ( 0.000000000000000000, -1.000000000000000000, 0.000000000000000000 ) ) ;
#966 = ORIENTED_EDGE ( 'NONE', *, *, #8382, .F. ) ;
#967 = ORIENTED_EDGE ( 'NONE', *, *, #2949, .F. ) ;
#968 = CARTESIAN_POINT ( 'NONE',  ( 36.58211713789931707, 13.48641401289931174, 1.500000000000000444 ) ) ;
#969 = CARTESIAN_POINT ( 'NONE',  ( -75.79516686613605714, 15.66277201088163729, 3.503801376738360229 ) ) ;
#970 = CARTESIAN_POINT ( 'NONE',  ( 39.25000000000000000, 13.15429687500000355, 4.000000000000000000 ) ) ;
#971 = ORIENTED_EDGE ( 'NONE', *, *, #3278, .F. ) ;
#972 = FACE_OUTER_BOUND ( 'NONE', #1700, .T. ) ;
#973 = CIRCLE ( 'NONE', #4542, 0.5000000000000000000 ) ;
#974 = CARTESIAN_POINT ( 'NONE',  ( -6.795166866136057138, 15.66277201088163373, 3.250000000000000444 ) ) ;
#975 = DIRECTION ( 'NONE',  ( 0.000000000000000000, 1.000000000000000000, 0.000000000000000000 ) ) ;
#976 = ORIENTED_EDGE ( 'NONE', *, *, #8686, .F. ) ;
#977 = DIRECTION ( 'NONE',  ( 1.000000000000000000, 4.336808689941999001E-16, 0.000000000000000000 ) ) ;
#978 = VERTEX_POINT ( 'NONE', #4531 ) ;
#979 = VERTEX_POINT ( 'NONE', #856 ) ;
#980 = CARTESIAN_POINT ( 'NONE',  ( -89.50000000000001421, 22.90429687500000355, 0.5999999999999999778 ) ) ;
#981 = ORIENTED_EDGE ( 'NONE', *, *, #5573, .T. ) ;
#982 = FACE_OUTER_BOUND ( 'NONE', #2050, .T. ) ;
#983 = LINE ( 'NONE', #8190, #6979 ) ;
#984 = PLANE ( 'NONE',  #2181 ) ;
#985 = ORIENTED_EDGE ( 'NONE', *, *, #5126, .F. ) ;
#986 = ADVANCED_FACE ( 'NONE', ( #2998 ), #3696, .F. ) ;
#987 = DIRECTION ( 'NONE',  ( 0.7071067811865466846, 0.7071067811865483499, 0.000000000000000000 ) ) ;
#988 = EDGE_LOOP ( 'NONE', ( #5155, #6755, #1538, #8701, #2076, #3853, #5422, #9150, #4673 ) ) ;
#989 = VECTOR ( 'NONE', #6219, 1000.000000000000000 ) ;
#990 = EDGE_CURVE ( 'NONE', #4319, #8199, #5714, .T. ) ;
#991 =( BOUNDED_CURVE ( )  B_SPLINE_CURVE ( 3, ( #9200, #5586, #8585, #2776 ),
 .UNSPECIFIED., .F., .F. ) 
 B_SPLINE_CURVE_WITH_KNOTS ( ( 4, 4 ),
 ( 3.141592653589793116, 4.537599790382857989 ),
 .UNSPECIFIED. ) 
 CURVE ( )  GEOMETRIC_REPRESENTATION_ITEM ( )  RATIONAL_B_SPLINE_CURVE ( ( 1.000000000000000000, 0.8440845325001451460, 0.8440845325001451460, 1.000000000000000000 ) ) 
 REPRESENTATION_ITEM ( '' )  );
#992 = EDGE_CURVE ( 'NONE', #7568, #3933, #5899, .T. ) ;
#993 = CARTESIAN_POINT ( 'NONE',  ( -89.25000000000001421, 23.15429687500000355, 0.000000000000000000 ) ) ;
#994 = CARTESIAN_POINT ( 'NONE',  ( -91.75000000000001421, 20.16277201088163196, 3.250000000000000444 ) ) ;
#995 = VECTOR ( 'NONE', #1858, 1000.000000000000000 ) ;
#996 = CARTESIAN_POINT ( 'NONE',  ( -36.41788286210069714, 22.78641401289931778, 0.5000000000000004441 ) ) ;
#997 = AXIS2_PLACEMENT_3D ( 'NONE', #2069, #8400, #4734 ) ;
#998 = ORIENTED_EDGE ( 'NONE', *, *, #6495, .T. ) ;
#999 = ORIENTED_EDGE ( 'NONE', *, *, #8980, .F. ) ;
#1000 = FACE_OUTER_BOUND ( 'NONE', #5516, .T. ) ;
#1001 = CARTESIAN_POINT ( 'NONE',  ( 29.58211713789928154, 20.23277201088163224, 1.500000000000000444 ) ) ;
#1002 = VERTEX_POINT ( 'NONE', #2439 ) ;
#1003 = AXIS2_PLACEMENT_3D ( 'NONE', #5892, #8143, #5187 ) ;
#1004 = ADVANCED_FACE ( 'NONE', ( #5879 ), #791, .F. ) ;
#1005 = VECTOR ( 'NONE', #3327, 1000.000000000000000 ) ;
#1006 = DIRECTION ( 'NONE',  ( -0.000000000000000000, 1.000000000000000000, -0.000000000000000000 ) ) ;
#1007 = FACE_OUTER_BOUND ( 'NONE', #4025, .T. ) ;
#1008 = CARTESIAN_POINT ( 'NONE',  ( -59.47847513588165214, 13.13641401289931210, 1.500000000000000444 ) ) ;
#1009 = DIRECTION ( 'NONE',  ( -1.119176436114068839E-16, 1.000000000000000000, 0.000000000000000000 ) ) ;
#1010 = VECTOR ( 'NONE', #6820, 1000.000000000000000 ) ;
#1011 = CARTESIAN_POINT ( 'NONE',  ( 29.58211713789928154, 16.16277201088163551, 3.250000000000000444 ) ) ;
#1012 = VERTEX_POINT ( 'NONE', #8647 ) ;
#1013 = CARTESIAN_POINT ( 'NONE',  ( 29.99516686613601379, 15.66277201088163373, 3.250000000000000444 ) ) ;
#1014 = ORIENTED_EDGE ( 'NONE', *, *, #8921, .F. ) ;
#1015 = VERTEX_POINT ( 'NONE', #4376 ) ;
#1016 = LINE ( 'NONE', #7376, #7603 ) ;
#1017 = CARTESIAN_POINT ( 'NONE',  ( -75.63205139908946251, 15.82588747792824968, 3.698245413017317240 ) ) ;
#1018 = EDGE_CURVE ( 'NONE', #7382, #7606, #6529, .T. ) ;
#1019 = EDGE_CURVE ( 'NONE', #8257, #7923, #1579, .T. ) ;
#1020 = CARTESIAN_POINT ( 'NONE',  ( 45.85000000000000142, 13.90429687500000355, 6.000000000000001776 ) ) ;
#1021 = VECTOR ( 'NONE', #5336, 1000.000000000000000 ) ;
#1022 = ORIENTED_EDGE ( 'NONE', *, *, #2291, .F. ) ;
#1023 = PLANE ( 'NONE',  #8032 ) ;
#1024 = DIRECTION ( 'NONE',  ( 1.000000000000000000, 0.000000000000000000, 0.000000000000000000 ) ) ;
#1025 = DIRECTION ( 'NONE',  ( -1.000000000000000000, -0.000000000000000000, -0.000000000000000000 ) ) ;
#1026 = ORIENTED_EDGE ( 'NONE', *, *, #521, .T. ) ;
#1027 = CARTESIAN_POINT ( 'NONE',  ( -8.767882862100673691, 15.50448725967914143, 1.500000000000000444 ) ) ;
#1028 = ORIENTED_EDGE ( 'NONE', *, *, #1311, .F. ) ;
#1029 = ORIENTED_EDGE ( 'NONE', *, *, #8512, .F. ) ;
#1030 = LINE ( 'NONE', #2565, #324 ) ;
#1031 = AXIS2_PLACEMENT_3D ( 'NONE', #3981, #6139, #9006 ) ;
#1032 = CIRCLE ( 'NONE', #5949, 0.5000000000000000000 ) ;
#1033 = DIRECTION ( 'NONE',  ( -0.000000000000000000, -0.000000000000000000, 1.000000000000000000 ) ) ;
#1034 = CARTESIAN_POINT ( 'NONE',  ( 13.67847513588160702, 13.13641401289931210, 6.000000000000000000 ) ) ;
#1035 = DIRECTION ( 'NONE',  ( 0.000000000000000000, 0.000000000000000000, 1.000000000000000000 ) ) ;
#1036 = DIRECTION ( 'NONE',  ( 1.000000000000000000, -0.000000000000000000, 0.000000000000000000 ) ) ;
#1037 = ORIENTED_EDGE ( 'NONE', *, *, #789, .F. ) ;
#1038 = AXIS2_PLACEMENT_3D ( 'NONE', #1252, #1944, #2694 ) ;
#1039 = CARTESIAN_POINT ( 'NONE',  ( -59.41788286210069714, 22.78641401289931778, 0.5000000000000004441 ) ) ;
#1040 = ORIENTED_EDGE ( 'NONE', *, *, #5151, .T. ) ;
#1041 = ORIENTED_EDGE ( 'NONE', *, *, #2542, .F. ) ;
#1042 = VECTOR ( 'NONE', #1851, 1000.000000000000000 ) ;
#1043 = DIRECTION ( 'NONE',  ( -1.000000000000000000, -6.546126324440781637E-16, 0.000000000000000000 ) ) ;
#1044 = EDGE_CURVE ( 'NONE', #9100, #3586, #879, .T. ) ;
#1045 = DIRECTION ( 'NONE',  ( 0.000000000000000000, -1.000000000000000000, 0.000000000000000000 ) ) ;
#1046 = ORIENTED_EDGE ( 'NONE', *, *, #899, .F. ) ;
#1047 = EDGE_CURVE ( 'NONE', #8107, #9009, #5171, .T. ) ;
#1048 = EDGE_LOOP ( 'NONE', ( #9175, #2293, #2707, #6336 ) ) ;
#1049 = DIRECTION ( 'NONE',  ( 0.000000000000000000, -1.000000000000000000, 0.000000000000000000 ) ) ;
#1050 =( BOUNDED_CURVE ( )  B_SPLINE_CURVE ( 3, ( #1111, #1897, #6151, #3946 ),
 .UNSPECIFIED., .F., .F. ) 
 B_SPLINE_CURVE_WITH_KNOTS ( ( 4, 4 ),
 ( 3.141592653589793116, 4.537599790382850884 ),
 .UNSPECIFIED. ) 
 CURVE ( )  GEOMETRIC_REPRESENTATION_ITEM ( )  RATIONAL_B_SPLINE_CURVE ( ( 1.000000000000000000, 0.8440845325001467003, 0.8440845325001467003, 1.000000000000000000 ) ) 
 REPRESENTATION_ITEM ( '' )  );
#1051 = VECTOR ( 'NONE', #8587, 1000.000000000000000 ) ;
#1052 = ORIENTED_EDGE ( 'NONE', *, *, #1690, .T. ) ;
#1053 = CARTESIAN_POINT ( 'NONE',  ( -76.01788286210067724, 20.78641401289931778, 1.500000000000000444 ) ) ;
#1054 = FACE_OUTER_BOUND ( 'NONE', #8823, .T. ) ;
#1055 = CARTESIAN_POINT ( 'NONE',  ( -91.75000000000001421, 25.65429687500000355, 0.3999999999999837019 ) ) ;
#1056 = EDGE_CURVE ( 'NONE', #1074, #759, #219, .T. ) ;
#1057 = FACE_OUTER_BOUND ( 'NONE', #5140, .T. ) ;
#1058 = EDGE_CURVE ( 'NONE', #5890, #3593, #1833, .T. ) ;
#1059 = FACE_OUTER_BOUND ( 'NONE', #8678, .T. ) ;
#1060 = ORIENTED_EDGE ( 'NONE', *, *, #1982, .F. ) ;
#1061 = CARTESIAN_POINT ( 'NONE',  ( 39.25000000000000000, 13.15429687500000355, 6.000000000000000000 ) ) ;
#1062 = ORIENTED_EDGE ( 'NONE', *, *, #4293, .F. ) ;
#1063 = ORIENTED_EDGE ( 'NONE', *, *, #891, .F. ) ;
#1064 = LINE ( 'NONE', #356, #7458 ) ;
#1065 = CARTESIAN_POINT ( 'NONE',  ( 8.932117137899320269, 15.48641401289931174, 1.500000000000000444 ) ) ;
#1066 = AXIS2_PLACEMENT_3D ( 'NONE', #1813, #8037, #7381 ) ;
#1067 = CARTESIAN_POINT ( 'NONE',  ( -91.34999999999999432, 11.05429687500000036, 0.000000000000000000 ) ) ;
#1068 = EDGE_LOOP ( 'NONE', ( #7843, #6968, #1190, #8204, #4229, #5259, #3439, #8826, #9004, #1988 ) ) ;
#1069 = DIRECTION ( 'NONE',  ( -0.000000000000000000, 1.000000000000000000, 0.000000000000000000 ) ) ;
#1070 = CARTESIAN_POINT ( 'NONE',  ( 29.58211713789928154, 16.07582173911837486, 1.500000000000000444 ) ) ;
#1071 = ADVANCED_FACE ( 'NONE', ( #8273 ), #6759, .T. ) ;
#1072 = AXIS2_PLACEMENT_3D ( 'NONE', #5490, #3248, #6101 ) ;
#1073 = CARTESIAN_POINT ( 'NONE',  ( -39.41788286210071135, 20.16277201088163196, 3.250000000000000444 ) ) ;
#1074 = VERTEX_POINT ( 'NONE', #312 ) ;
#1075 = EDGE_CURVE ( 'NONE', #6934, #4521, #8830, .T. ) ;
#1076 = DIRECTION ( 'NONE',  ( 0.000000000000000000, -1.000000000000000000, 0.000000000000000000 ) ) ;
#1077 = ORIENTED_EDGE ( 'NONE', *, *, #7163, .F. ) ;
#1078 = CARTESIAN_POINT ( 'NONE',  ( 39.25000000000000000, 13.15429687500000355, 6.000000000000000000 ) ) ;
#1079 = LINE ( 'NONE', #6120, #5420 ) ;
#1080 = DIRECTION ( 'NONE',  ( -0.000000000000000000, 0.000000000000000000, 1.000000000000000000 ) ) ;
#1081 = CARTESIAN_POINT ( 'NONE',  ( -59.41788286210069714, 13.48641401289930997, 0.5000000000000004441 ) ) ;
#1082 = FACE_OUTER_BOUND ( 'NONE', #956, .T. ) ;
#1083 = EDGE_CURVE ( 'NONE', #597, #3681, #8128, .T. ) ;
#1084 = CARTESIAN_POINT ( 'NONE',  ( 6.582117137899287762, 20.23277201088163224, 3.745075751779462170 ) ) ;
#1085 = ORIENTED_EDGE ( 'NONE', *, *, #2034, .F. ) ;
#1086 = VECTOR ( 'NONE', #5877, 1000.000000000000000 ) ;
#1087 = CARTESIAN_POINT ( 'NONE',  ( -62.41788286210071135, 16.66277201088163551, 3.250000000000000444 ) ) ;
#1088 = ORIENTED_EDGE ( 'NONE', *, *, #3574, .F. ) ;
#1089 = VECTOR ( 'NONE', #8872, 1000.000000000000000 ) ;
#1090 = DIRECTION ( 'NONE',  ( -1.000000000000000000, -0.000000000000000000, -0.000000000000000000 ) ) ;
#1091 = VECTOR ( 'NONE', #2784, 1000.000000000000000 ) ;
#1092 = DIRECTION ( 'NONE',  ( 1.000000000000000000, -1.734723475976806709E-18, -0.000000000000000000 ) ) ;
#1093 = CARTESIAN_POINT ( 'NONE',  ( 9.521524864118363851, 23.17217973710070567, 6.000000000000000000 ) ) ;
#1094 = ORIENTED_EDGE ( 'NONE', *, *, #5919, .T. ) ;
#1095 = ORIENTED_EDGE ( 'NONE', *, *, #2423, .T. ) ;
#1096 = CARTESIAN_POINT ( 'NONE',  ( 32.58211713789929576, 15.48641401289931174, 0.5000000000000004441 ) ) ;
#1097 = VECTOR ( 'NONE', #3471, 1000.000000000000000 ) ;
#1098 = EDGE_CURVE ( 'NONE', #1519, #2956, #5447, .T. ) ;
#1099 = ORIENTED_EDGE ( 'NONE', *, *, #5069, .T. ) ;
#1100 = CARTESIAN_POINT ( 'NONE',  ( -9.303642002017706858, 13.15429687499999467, 6.000000000000000000 ) ) ;
#1101 = EDGE_CURVE ( 'NONE', #6912, #6447, #8929, .T. ) ;
#1102 = CARTESIAN_POINT ( 'NONE',  ( -61.81788286210068151, 15.48641401289931174, 0.5000000000000004441 ) ) ;
#1103 = AXIS2_PLACEMENT_3D ( 'NONE', #5368, #8236, #1821 ) ;
#1104 = DIRECTION ( 'NONE',  ( -1.000000000000000000, -0.000000000000000000, -0.000000000000000000 ) ) ;
#1105 = LINE ( 'NONE', #3382, #8062 ) ;
#1106 = FACE_OUTER_BOUND ( 'NONE', #3932, .T. ) ;
#1107 = ORIENTED_EDGE ( 'NONE', *, *, #7211, .F. ) ;
#1108 = DIRECTION ( 'NONE',  ( 0.000000000000000000, 1.000000000000000000, 0.000000000000000000 ) ) ;
#1109 = ORIENTED_EDGE ( 'NONE', *, *, #6836, .F. ) ;
#1110 = ORIENTED_EDGE ( 'NONE', *, *, #2716, .T. ) ;
#1111 = CARTESIAN_POINT ( 'NONE',  ( -6.795166866136057138, 15.66277201088163373, 3.250000000000000444 ) ) ;
#1112 = CARTESIAN_POINT ( 'NONE',  ( -39.41788286210071135, 16.66277201088163551, 3.250000000000000444 ) ) ;
#1113 = CARTESIAN_POINT ( 'NONE',  ( -1.360704919605653112E-14, 20.78641401289936752, 0.000000000000000000 ) ) ;
#1114 = EDGE_CURVE ( 'NONE', #7286, #7727, #8881, .T. ) ;
#1115 = EDGE_CURVE ( 'NONE', #7479, #1934, #3810, .T. ) ;
#1116 = VERTEX_POINT ( 'NONE', #2508 ) ;
#1117 = LINE ( 'NONE', #8981, #995 ) ;
#1118 = FACE_OUTER_BOUND ( 'NONE', #2093, .T. ) ;
#1119 = CARTESIAN_POINT ( 'NONE',  ( -89.50000000000001421, 13.40429687500000355, 0.5999999999999999778 ) ) ;
#1120 = ORIENTED_EDGE ( 'NONE', *, *, #5489, .F. ) ;
#1121 = CARTESIAN_POINT ( 'NONE',  ( -9.321524864118385878, 13.13641401289931210, 1.500000000000000444 ) ) ;
#1122 = ORIENTED_EDGE ( 'NONE', *, *, #5983, .T. ) ;
#1123 = VERTEX_POINT ( 'NONE', #3859 ) ;
#1124 = DIRECTION ( 'NONE',  ( 1.000000000000000000, -1.734723475976806709E-18, -0.000000000000000000 ) ) ;
#1125 = EDGE_CURVE ( 'NONE', #4906, #4992, #5970, .T. ) ;
#1126 = PLANE ( 'NONE',  #48 ) ;
#1127 = CARTESIAN_POINT ( 'NONE',  ( 39.25000000000000000, 23.15429687500000000, 6.000000000000000000 ) ) ;
#1128 = DIRECTION ( 'NONE',  ( 0.000000000000000000, 0.7071067811865465735, -0.7071067811865483499 ) ) ;
#1129 = CARTESIAN_POINT ( 'NONE',  ( 30.18211713789931139, 20.80448725967914925, 0.5000000000000004441 ) ) ;
#1130 = DIRECTION ( 'NONE',  ( 0.000000000000000000, 0.000000000000000000, -1.000000000000000000 ) ) ;
#1131 = ORIENTED_EDGE ( 'NONE', *, *, #7698, .F. ) ;
#1132 = DIRECTION ( 'NONE',  ( 1.000000000000000000, 1.259073490628327444E-16, -0.000000000000000000 ) ) ;
#1133 = ORIENTED_EDGE ( 'NONE', *, *, #2771, .F. ) ;
#1134 = CARTESIAN_POINT ( 'NONE',  ( -84.81788286210067440, 15.48641401289931174, 1.000000000000000000 ) ) ;
#1135 = EDGE_CURVE ( 'NONE', #832, #1462, #358, .T. ) ;
#1136 = COORDINATED_UNIVERSAL_TIME_OFFSET ( 5, 0, .BEHIND. ) ;
#1137 = EDGE_CURVE ( 'NONE', #7056, #1544, #6715, .T. ) ;
#1138 = LINE ( 'NONE', #3975, #1005 ) ;
#1139 = CARTESIAN_POINT ( 'NONE',  ( -78.41788286210068293, 20.78641401289931778, 1.500000000000000444 ) ) ;
#1140 = ORIENTED_EDGE ( 'NONE', *, *, #1277, .T. ) ;
#1141 = AXIS2_PLACEMENT_3D ( 'NONE', #6353, #8293, #1873 ) ;
#1142 = VERTEX_POINT ( 'NONE', #1067 ) ;
#1143 = CARTESIAN_POINT ( 'NONE',  ( -91.75000000000001421, 16.16277201088163551, 3.250000000000000444 ) ) ;
#1144 = ORIENTED_EDGE ( 'NONE', *, *, #2447, .F. ) ;
#1145 = FACE_OUTER_BOUND ( 'NONE', #2807, .T. ) ;
#1146 = VECTOR ( 'NONE', #9074, 1000.000000000000000 ) ;
#1147 = DIRECTION ( 'NONE',  ( -1.000000000000000000, 0.000000000000000000, 0.000000000000000000 ) ) ;
#1148 = CARTESIAN_POINT ( 'NONE',  ( -16.41788286210070424, 19.66277201088163196, 3.250000000000000444 ) ) ;
#1149 = CARTESIAN_POINT ( 'NONE',  ( -39.41788286210071135, 18.16277201088163196, 3.250000000000000444 ) ) ;
#1150 = LINE ( 'NONE', #6846, #7183 ) ;
#1151 = EDGE_LOOP ( 'NONE', ( #2269, #2142, #3576, #731, #1872, #4982, #4019, #6311, #332 ) ) ;
#1152 = DIRECTION ( 'NONE',  ( -0.7071067811865479058, 0.7071067811865471286, 0.000000000000000000 ) ) ;
#1153 = VECTOR ( 'NONE', #8301, 1000.000000000000000 ) ;
#1154 = ORIENTED_EDGE ( 'NONE', *, *, #183, .T. ) ;
#1155 = AXIS2_PLACEMENT_3D ( 'NONE', #613, #9187, #4156 ) ;
#1156 = CARTESIAN_POINT ( 'NONE',  ( -31.76788286210068080, 15.48641401289931174, 0.000000000000000000 ) ) ;
#1157 = ORIENTED_EDGE ( 'NONE', *, *, #5449, .F. ) ;
#1158 = PLANE ( 'NONE',  #4214 ) ;
#1159 = ORIENTED_EDGE ( 'NONE', *, *, #8832, .F. ) ;
#1160 =( BOUNDED_CURVE ( )  B_SPLINE_CURVE ( 3, ( #3154, #6008, #8873, #2451 ),
 .UNSPECIFIED., .F., .F. ) 
 B_SPLINE_CURVE_WITH_KNOTS ( ( 4, 4 ),
 ( 4.887178170386534681, 6.283185307179586232 ),
 .UNSPECIFIED. ) 
 CURVE ( )  GEOMETRIC_REPRESENTATION_ITEM ( )  RATIONAL_B_SPLINE_CURVE ( ( 1.000000000000000000, 0.8440845325001480326, 0.8440845325001480326, 1.000000000000000000 ) ) 
 REPRESENTATION_ITEM ( '' )  );
#1161 = AXIS2_PLACEMENT_3D ( 'NONE', #3873, #4620, #4432 ) ;
#1162 = LINE ( 'NONE', #7781, #8946 ) ;
#1163 = ADVANCED_FACE ( 'NONE', ( #6156 ), #1158, .F. ) ;
#1164 = LINE ( 'NONE', #500, #778 ) ;
#1165 = DIRECTION ( 'NONE',  ( 0.000000000000000000, 0.000000000000000000, 1.000000000000000000 ) ) ;
#1166 = ORIENTED_EDGE ( 'NONE', *, *, #6601, .T. ) ;
#1167 = EDGE_CURVE ( 'NONE', #287, #3845, #5262, .T. ) ;
#1168 = LINE ( 'NONE', #1950, #845 ) ;
#1169 = ORIENTED_EDGE ( 'NONE', *, *, #6928, .F. ) ;
#1170 = EDGE_CURVE ( 'NONE', #9258, #6999, #6313, .T. ) ;
#1171 = CARTESIAN_POINT ( 'NONE',  ( 8.932117137899320269, 15.48641401289931174, 0.5000000000000004441 ) ) ;
#1172 = VECTOR ( 'NONE', #4442, 1000.000000000000000 ) ;
#1173 = PLANE ( 'NONE',  #6612 ) ;
#1174 = CARTESIAN_POINT ( 'NONE',  ( 16.61788286210066801, 18.66277201088163196, 3.250000000000000444 ) ) ;
#1175 = DIRECTION ( 'NONE',  ( 0.000000000000000000, -1.000000000000000000, 0.000000000000000000 ) ) ;
#1176 = CARTESIAN_POINT ( 'NONE',  ( -89.25000000000001421, 23.15429687500000355, 0.5999999999999999778 ) ) ;
#1177 = VERTEX_POINT ( 'NONE', #3996 ) ;
#1178 = LINE ( 'NONE', #4288, #3516 ) ;
#1179 = ORIENTED_EDGE ( 'NONE', *, *, #718, .F. ) ;
#1180 = EDGE_CURVE ( 'NONE', #3501, #3593, #3162, .T. ) ;
#1181 = CARTESIAN_POINT ( 'NONE',  ( -13.47847513588164325, 13.13641401289931210, 1.500000000000000444 ) ) ;
#1182 = ORIENTED_EDGE ( 'NONE', *, *, #878, .T. ) ;
#1183 = ORIENTED_EDGE ( 'NONE', *, *, #2425, .T. ) ;
#1184 = VECTOR ( 'NONE', #6931, 1000.000000000000000 ) ;
#1185 = DIRECTION ( 'NONE',  ( -0.000000000000000000, -0.000000000000000000, 1.000000000000000000 ) ) ;
#1186 = DIRECTION ( 'NONE',  ( 1.000000000000000000, -0.000000000000000000, -0.000000000000000000 ) ) ;
#1187 = AXIS2_PLACEMENT_3D ( 'NONE', #833, #923, #2318 ) ;
#1188 = ORIENTED_EDGE ( 'NONE', *, *, #7736, .T. ) ;
#1189 = ADVANCED_FACE ( 'NONE', ( #2556 ), #8177, .F. ) ;
#1190 = ORIENTED_EDGE ( 'NONE', *, *, #6141, .T. ) ;
#1191 = ADVANCED_FACE ( 'NONE', ( #9024 ), #3207, .F. ) ;
#1192 = DIRECTION ( 'NONE',  ( 1.000000000000000000, -0.000000000000000000, -0.000000000000000000 ) ) ;
#1193 = VERTEX_POINT ( 'NONE', #1808 ) ;
#1194 = VECTOR ( 'NONE', #874, 1000.000000000000000 ) ;
#1195 = CARTESIAN_POINT ( 'NONE',  ( -53.01788286210067724, 20.78641401289931778, 0.5000000000000004441 ) ) ;
#1196 = DIRECTION ( 'NONE',  ( -0.7071067811865479058, 0.7071067811865471286, 0.000000000000000000 ) ) ;
#1197 = CARTESIAN_POINT ( 'NONE',  ( 46.25000000000000000, 11.81998229994924188, 5.600000000000001421 ) ) ;
#1198 = CARTESIAN_POINT ( 'NONE',  ( -78.41788286210069714, 22.78641401289931778, 0.5000000000000004441 ) ) ;
#1199 = LOCAL_TIME ( 20, 11, 32.00000000000000000, #1136 ) ;
#1200 = PLANE ( 'NONE',  #7636 ) ;
#1201 = ORIENTED_EDGE ( 'NONE', *, *, #4723, .F. ) ;
#1202 = EDGE_CURVE ( 'NONE', #313, #7695, #4652, .T. ) ;
#1203 = CARTESIAN_POINT ( 'NONE',  ( 29.99516686613601024, 15.66277201088163551, 3.503801376738355344 ) ) ;
#1204 = ORIENTED_EDGE ( 'NONE', *, *, #6358, .F. ) ;
#1205 = DIRECTION ( 'NONE',  ( 0.7071067811865474617, -0.7071067811865474617, 0.000000000000000000 ) ) ;
#1206 = FACE_OUTER_BOUND ( 'NONE', #8232, .T. ) ;
#1207 = VERTEX_POINT ( 'NONE', #7747 ) ;
#1208 = DIRECTION ( 'NONE',  ( 0.000000000000000000, 0.000000000000000000, -1.000000000000000000 ) ) ;
#1209 = CARTESIAN_POINT ( 'NONE',  ( -39.41788286210071135, 20.16277201088163196, 3.250000000000000444 ) ) ;
#1210 = LINE ( 'NONE', #4796, #2705 ) ;
#1211 = VERTEX_POINT ( 'NONE', #9117 ) ;
#1212 = CARTESIAN_POINT ( 'NONE',  ( -52.38211713789932844, 16.66277201088163551, 3.250000000000000444 ) ) ;
#1213 = VERTEX_POINT ( 'NONE', #4792 ) ;
#1214 = AXIS2_PLACEMENT_3D ( 'NONE', #1948, #1860, #8323 ) ;
#1215 = LINE ( 'NONE', #4052, #4960 ) ;
#1216 = ADVANCED_FACE ( 'NONE', ( #4090 ), #7655, .F. ) ;
#1217 = PLANE ( 'NONE',  #2288 ) ;
#1218 = ADVANCED_FACE ( 'NONE', ( #637 ), #9207, .F. ) ;
#1219 = CIRCLE ( 'NONE', #8836, 0.5000000000000000000 ) ;
#1220 = LINE ( 'NONE', #8238, #7881 ) ;
#1221 = CARTESIAN_POINT ( 'NONE',  ( -54.76788286210067724, 15.50448725967914143, 0.5000000000000004441 ) ) ;
#1222 = PLANE ( 'NONE',  #3187 ) ;
#1223 = ORIENTED_EDGE ( 'NONE', *, *, #3123, .T. ) ;
#1224 = CARTESIAN_POINT ( 'NONE',  ( -8.767882862100673691, 20.78641401289931778, -2.999999999999999112 ) ) ;
#1225 = ORIENTED_EDGE ( 'NONE', *, *, #7297, .F. ) ;
#1226 = FACE_BOUND ( 'NONE', #793, .T. ) ;
#1227 = ORIENTED_EDGE ( 'NONE', *, *, #6410, .T. ) ;
#1228 = CARTESIAN_POINT ( 'NONE',  ( 36.69635799798228959, 13.15429687500000533, 4.000000000000000000 ) ) ;
#1229 = AXIS2_PLACEMENT_3D ( 'NONE', #2969, #3628, #5777 ) ;
#1230 = APPROVAL_ROLE ( '' ) ;
#1231 = EDGE_CURVE ( 'NONE', #2122, #8747, #2082, .T. ) ;
#1232 = EDGE_CURVE ( 'NONE', #6854, #8960, #4179, .T. ) ;
#1233 = CARTESIAN_POINT ( 'NONE',  ( 38.98211713789931565, 20.78641401289931778, 1.500000000000000444 ) ) ;
#1234 = FACE_OUTER_BOUND ( 'NONE', #8882, .T. ) ;
#1235 = VECTOR ( 'NONE', #277, 1000.000000000000000 ) ;
#1236 = ORIENTED_EDGE ( 'NONE', *, *, #3627, .T. ) ;
#1237 = ORIENTED_EDGE ( 'NONE', *, *, #3104, .T. ) ;
#1238 = CARTESIAN_POINT ( 'NONE',  ( 0.000000000000000000, 0.000000000000000000, 4.000000000000000000 ) ) ;
#1239 = VERTEX_POINT ( 'NONE', #2696 ) ;
#1240 = VECTOR ( 'NONE', #7777, 1000.000000000000000 ) ;
#1241 = CARTESIAN_POINT ( 'NONE',  ( -59.49635799798235070, 23.15429687499998934, 1.500000000000000444 ) ) ;
#1242 = AXIS2_PLACEMENT_3D ( 'NONE', #67, #733, #3577 ) ;
#1243 = EDGE_CURVE ( 'NONE', #3778, #4038, #3346, .T. ) ;
#1244 = CARTESIAN_POINT ( 'NONE',  ( -13.41788286210068826, 22.78641401289931778, 0.5000000000000004441 ) ) ;
#1245 = ADVANCED_FACE ( 'NONE', ( #8316 ), #5496, .T. ) ;
#1246 = CARTESIAN_POINT ( 'NONE',  ( 29.83205139908940495, 15.82588747792824257, 2.801754586982690309 ) ) ;
#1247 = DIRECTION ( 'NONE',  ( 0.000000000000000000, 0.000000000000000000, 1.000000000000000000 ) ) ;
#1248 = AXIS2_PLACEMENT_3D ( 'NONE', #194, #7352, #3043 ) ;
#1249 = CARTESIAN_POINT ( 'NONE',  ( 39.25000000000000000, 20.60065487298227893, 3.008631818421418913 ) ) ;
#1250 = DIRECTION ( 'NONE',  ( 0.000000000000000000, 1.000000000000000000, 0.000000000000000000 ) ) ;
#1251 = ORIENTED_EDGE ( 'NONE', *, *, #5623, .T. ) ;
#1252 = CARTESIAN_POINT ( 'NONE',  ( -52.38211713789932844, 16.16277201088163551, 3.250000000000000444 ) ) ;
#1253 = EDGE_LOOP ( 'NONE', ( #1298, #4390, #3703, #3097 ) ) ;
#1254 = CARTESIAN_POINT ( 'NONE',  ( 9.582117137899304637, 20.78641401289931778, 0.5000000000000004441 ) ) ;
#1255 = EDGE_CURVE ( 'NONE', #9202, #2056, #8363, .T. ) ;
#1256 = VECTOR ( 'NONE', #3220, 1000.000000000000000 ) ;
#1257 = ORIENTED_EDGE ( 'NONE', *, *, #5332, .T. ) ;
#1258 = ADVANCED_FACE ( 'NONE', ( #6291 ), #3482, .F. ) ;
#1259 = CARTESIAN_POINT ( 'NONE',  ( -84.75000000000001421, 15.48641401289931174, -2.999999999999999112 ) ) ;
#1260 = CARTESIAN_POINT ( 'NONE',  ( -39.41788286210071135, 20.23277201088163224, 1.500000000000000444 ) ) ;
#1261 = ORIENTED_EDGE ( 'NONE', *, *, #2425, .F. ) ;
#1262 = CARTESIAN_POINT ( 'NONE',  ( -16.41788286210070424, 20.23277201088163224, 1.500000000000000444 ) ) ;
#1263 = ORIENTED_EDGE ( 'NONE', *, *, #8048, .T. ) ;
#1264 = ORIENTED_EDGE ( 'NONE', *, *, #6386, .T. ) ;
#1265 = CARTESIAN_POINT ( 'NONE',  ( -32.32152486411839476, 13.13641401289931210, 1.500000000000000444 ) ) ;
#1266 = ORIENTED_EDGE ( 'NONE', *, *, #5358, .T. ) ;
#1267 = DIRECTION ( 'NONE',  ( 0.6785983445458525498, 0.6785983445458525498, -0.2810846377147934172 ) ) ;
#1268 = LINE ( 'NONE', #9133, #4725 ) ;
#1269 = CYLINDRICAL_SURFACE ( 'NONE', #3742, 0.5000000000000004441 ) ;
#1270 = ORIENTED_EDGE ( 'NONE', *, *, #2241, .F. ) ;
#1271 = CARTESIAN_POINT ( 'NONE',  ( -6.812117137899337038, 20.66277201088163196, 3.250000000000000444 ) ) ;
#1272 = ORIENTED_EDGE ( 'NONE', *, *, #814, .T. ) ;
#1273 = DIRECTION ( 'NONE',  ( -1.000000000000000000, 0.000000000000000000, 0.000000000000000000 ) ) ;
#1274 = CARTESIAN_POINT ( 'NONE',  ( 7.182117137899318493, 15.48641401289931174, 0.5000000000000004441 ) ) ;
#1275 = PLANE ( 'NONE',  #706 ) ;
#1276 = LINE ( 'NONE', #6973, #2509 ) ;
#1277 = EDGE_CURVE ( 'NONE', #8986, #2895, #1993, .T. ) ;
#1278 = ORIENTED_EDGE ( 'NONE', *, *, #481, .F. ) ;
#1279 = ORIENTED_EDGE ( 'NONE', *, *, #7958, .T. ) ;
#1280 = EDGE_CURVE ( 'NONE', #3274, #5258, #7700, .T. ) ;
#1281 = DIRECTION ( 'NONE',  ( 0.000000000000000000, 1.000000000000000000, 0.000000000000000000 ) ) ;
#1282 = EDGE_CURVE ( 'NONE', #8685, #912, #4932, .T. ) ;
#1283 = VERTEX_POINT ( 'NONE', #7605 ) ;
#1284 = ADVANCED_FACE ( 'NONE', ( #1206 ), #4132, .F. ) ;
#1285 = CARTESIAN_POINT ( 'NONE',  ( -52.38211713789932844, 16.07582173911838197, 1.500000000000000444 ) ) ;
#1286 = ORIENTED_EDGE ( 'NONE', *, *, #8480, .F. ) ;
#1287 = DIRECTION ( 'NONE',  ( -1.000000000000000000, -6.546126324440781637E-16, 0.000000000000000000 ) ) ;
#1288 = LINE ( 'NONE', #4922, #4566 ) ;
#1289 = VECTOR ( 'NONE', #2028, 1000.000000000000000 ) ;
#1290 = CARTESIAN_POINT ( 'NONE',  ( 31.93211713789931139, 20.78641401289931423, 1.500000000000000444 ) ) ;
#1291 = PLANE ( 'NONE',  #8005 ) ;
#1292 = DIRECTION ( 'NONE',  ( -6.938893903907222067E-15, 1.000000000000000000, 0.000000000000000000 ) ) ;
#1293 = EDGE_LOOP ( 'NONE', ( #5073, #1907, #3535, #2348 ) ) ;
#1294 = LINE ( 'NONE', #6988, #6270 ) ;
#1295 = VERTEX_POINT ( 'NONE', #588 ) ;
#1296 = EDGE_CURVE ( 'NONE', #6862, #7056, #7793, .T. ) ;
#1297 = DIRECTION ( 'NONE',  ( 0.000000000000000000, 1.000000000000000000, 0.000000000000000000 ) ) ;
#1298 = ORIENTED_EDGE ( 'NONE', *, *, #9239, .T. ) ;
#1299 = VECTOR ( 'NONE', #6768, 1000.000000000000000 ) ;
#1300 = CARTESIAN_POINT ( 'NONE',  ( -52.38211713789932844, 20.23277201088161803, 1.500000000000000444 ) ) ;
#1301 = ORIENTED_EDGE ( 'NONE', *, *, #436, .F. ) ;
#1302 = VECTOR ( 'NONE', #5370, 1000.000000000000000 ) ;
#1303 = CARTESIAN_POINT ( 'NONE',  ( -75.38211713789932844, 20.23277201088161803, 2.754924248220536054 ) ) ;
#1304 = VECTOR ( 'NONE', #549, 1000.000000000000000 ) ;
#1305 = DIRECTION ( 'NONE',  ( 1.000000000000000000, -1.734723475976806709E-18, -0.000000000000000000 ) ) ;
#1306 = ORIENTED_EDGE ( 'NONE', *, *, #6983, .T. ) ;
#1307 = LINE ( 'NONE', #2562, #7420 ) ;
#1308 = VERTEX_POINT ( 'NONE', #496 ) ;
#1309 = ORIENTED_EDGE ( 'NONE', *, *, #6193, .F. ) ;
#1310 = EDGE_CURVE ( 'NONE', #8199, #3970, #3438, .T. ) ;
#1311 = EDGE_CURVE ( 'NONE', #3956, #6045, #7083, .T. ) ;
#1312 = CARTESIAN_POINT ( 'NONE',  ( -52.38211713789932844, 20.23277201088161803, 6.000000000000000000 ) ) ;
#1313 = CIRCLE ( 'NONE', #5326, 0.5000000000000000000 ) ;
#1314 = AXIS2_PLACEMENT_3D ( 'NONE', #1502, #4910, #5044 ) ;
#1315 = EDGE_LOOP ( 'NONE', ( #193, #4538, #1995, #2580 ) ) ;
#1316 = CARTESIAN_POINT ( 'NONE',  ( -82.47847513588165214, 13.13641401289931210, 1.500000000000000444 ) ) ;
#1317 = FACE_OUTER_BOUND ( 'NONE', #8410, .T. ) ;
#1318 = DIRECTION ( 'NONE',  ( -0.000000000000000000, -0.000000000000000000, 1.000000000000000000 ) ) ;
#1319 = ORIENTED_EDGE ( 'NONE', *, *, #7480, .T. ) ;
#1320 = DIRECTION ( 'NONE',  ( -0.000000000000000000, -0.000000000000000000, 1.000000000000000000 ) ) ;
#1321 = ORIENTED_EDGE ( 'NONE', *, *, #1371, .T. ) ;
#1322 = AXIS2_PLACEMENT_3D ( 'NONE', #1550, #7154, #3645 ) ;
#1323 = EDGE_CURVE ( 'NONE', #4290, #4662, #7846, .T. ) ;
#1324 = DIRECTION ( 'NONE',  ( -0.000000000000000000, -0.000000000000000000, 1.000000000000000000 ) ) ;
#1325 = AXIS2_PLACEMENT_3D ( 'NONE', #3791, #4582, #8202 ) ;
#1326 = DIRECTION ( 'NONE',  ( 1.000000000000000000, 2.478176394252582127E-16, 0.000000000000000000 ) ) ;
#1327 = CARTESIAN_POINT ( 'NONE',  ( -82.47847513588163793, 23.17217973710070567, 6.000000000000000000 ) ) ;
#1328 = ORIENTED_EDGE ( 'NONE', *, *, #8144, .F. ) ;
#1329 = DIRECTION ( 'NONE',  ( 1.000000000000000000, 0.000000000000000000, 0.000000000000000000 ) ) ;
#1330 = VERTEX_POINT ( 'NONE', #3011 ) ;
#1331 = DIRECTION ( 'NONE',  ( 0.000000000000000000, 1.000000000000000000, 0.000000000000000000 ) ) ;
#1332 = ORIENTED_EDGE ( 'NONE', *, *, #3148, .T. ) ;
#1333 = EDGE_CURVE ( 'NONE', #8693, #1366, #5727, .T. ) ;
#1334 = CARTESIAN_POINT ( 'NONE',  ( 39.25000000000000000, 15.70793887701771929, 1.500000000000000444 ) ) ;
#1335 = AXIS2_PLACEMENT_3D ( 'NONE', #6411, #6232, #4115 ) ;
#1336 = DIRECTION ( 'NONE',  ( -0.000000000000000000, -0.000000000000000000, 1.000000000000000000 ) ) ;
#1337 = CARTESIAN_POINT ( 'NONE',  ( 9.503642002017652857, 23.15429687499999645, 6.000000000000000000 ) ) ;
#1338 = LINE ( 'NONE', #2207, #5311 ) ;
#1339 = CARTESIAN_POINT ( 'NONE',  ( 6.582117137899287762, 16.07582173911837486, 1.500000000000000444 ) ) ;
#1340 = ORIENTED_EDGE ( 'NONE', *, *, #13, .F. ) ;
#1341 = DIRECTION ( 'NONE',  ( -0.000000000000000000, -0.000000000000000000, 1.000000000000000000 ) ) ;
#1342 = ORIENTED_EDGE ( 'NONE', *, *, #1701, .T. ) ;
#1343 = VECTOR ( 'NONE', #987, 1000.000000000000000 ) ;
#1344 = LINE ( 'NONE', #7126, #5815 ) ;
#1345 = ORIENTED_EDGE ( 'NONE', *, *, #7585, .F. ) ;
#1346 = CARTESIAN_POINT ( 'NONE',  ( 114.9999999999999858, 0.000000000000000000, 0.5000000000000004441 ) ) ;
#1347 = ORIENTED_EDGE ( 'NONE', *, *, #3916, .T. ) ;
#1348 = EDGE_CURVE ( 'NONE', #2838, #8660, #1431, .T. ) ;
#1349 = EDGE_CURVE ( 'NONE', #5134, #7030, #2217, .T. ) ;
#1350 = FACE_OUTER_BOUND ( 'NONE', #4659, .T. ) ;
#1351 = CARTESIAN_POINT ( 'NONE',  ( -77.76788286210067724, 15.50448725967914143, 0.5000000000000004441 ) ) ;
#1352 = DIRECTION ( 'NONE',  ( 0.000000000000000000, 0.000000000000000000, -1.000000000000000000 ) ) ;
#1353 = ORIENTED_EDGE ( 'NONE', *, *, #8317, .F. ) ;
#1354 = CARTESIAN_POINT ( 'NONE',  ( -62.00483313386397555, 15.66277201088163373, 3.503801376738356677 ) ) ;
#1355 = EDGE_LOOP ( 'NONE', ( #7301, #8, #7232, #998 ) ) ;
#1356 =( BOUNDED_CURVE ( )  B_SPLINE_CURVE ( 3, ( #7333, #5883, #5975, #2324 ),
 .UNSPECIFIED., .F., .F. ) 
 B_SPLINE_CURVE_WITH_KNOTS ( ( 4, 4 ),
 ( 1.711257741504725649, 3.141592653589793116 ),
 .UNSPECIFIED. ) 
 CURVE ( )  GEOMETRIC_REPRESENTATION_ITEM ( )  RATIONAL_B_SPLINE_CURVE ( ( 1.000000000000000000, 0.8366556290180442446, 0.8366556290180442446, 1.000000000000000000 ) ) 
 REPRESENTATION_ITEM ( '' )  );
#1357 = CARTESIAN_POINT ( 'NONE',  ( 13.69635799798228604, 23.15429687499999645, 1.500000000000000444 ) ) ;
#1358 = VERTEX_POINT ( 'NONE', #4271 ) ;
#1359 = EDGE_CURVE ( 'NONE', #6300, #278, #7188, .T. ) ;
#1360 = CARTESIAN_POINT ( 'NONE',  ( -32.32152486411839476, 13.13641401289931210, 6.000000000000000000 ) ) ;
#1361 = EDGE_CURVE ( 'NONE', #4238, #343, #5864, .T. ) ;
#1362 = DIRECTION ( 'NONE',  ( 1.000000000000000000, 0.000000000000000000, 0.000000000000000000 ) ) ;
#1363 = CARTESIAN_POINT ( 'NONE',  ( 6.582117137899287762, 19.66277201088163196, 3.250000000000000444 ) ) ;
#1364 = VERTEX_POINT ( 'NONE', #867 ) ;
#1365 = LINE ( 'NONE', #2621, #6356 ) ;
#1366 = VERTEX_POINT ( 'NONE', #5019 ) ;
#1367 = DIRECTION ( 'NONE',  ( 1.000000000000000000, 0.000000000000000000, 0.000000000000000000 ) ) ;
#1368 = ORIENTED_EDGE ( 'NONE', *, *, #7789, .F. ) ;
#1369 = VECTOR ( 'NONE', #4057, 1000.000000000000000 ) ;
#1370 = DIRECTION ( 'NONE',  ( -0.000000000000000000, 1.000000000000000000, 0.000000000000000000 ) ) ;
#1371 = EDGE_CURVE ( 'NONE', #819, #1735, #8590, .T. ) ;
#1372 = CARTESIAN_POINT ( 'NONE',  ( 9.521524864118363851, 23.17217973710070567, 6.000000000000000000 ) ) ;
#1373 = ORIENTED_EDGE ( 'NONE', *, *, #6410, .F. ) ;
#1374 = AXIS2_PLACEMENT_3D ( 'NONE', #5409, #8279, #1165 ) ;
#1375 = PLANE ( 'NONE',  #8797 ) ;
#1376 = CARTESIAN_POINT ( 'NONE',  ( -37.06788286210068151, 20.80448725967914925, 1.500000000000000444 ) ) ;
#1377 = VERTEX_POINT ( 'NONE', #158 ) ;
#1378 = CARTESIAN_POINT ( 'NONE',  ( -6.382117137899323112, 20.23277201088161803, 4.000000000000000000 ) ) ;
#1379 = AXIS2_PLACEMENT_3D ( 'NONE', #843, #3035, #5183 ) ;
#1380 = CARTESIAN_POINT ( 'NONE',  ( 36.67847513588156971, 23.17217973710070567, 1.500000000000000444 ) ) ;
#1381 = LINE ( 'NONE', #403, #1765 ) ;
#1382 = CARTESIAN_POINT ( 'NONE',  ( 9.582117137899304637, 20.78641401289931778, 1.500000000000000444 ) ) ;
#1383 = CARTESIAN_POINT ( 'NONE',  ( -91.75000000000001421, 22.40429687500000711, 1.000000000000000000 ) ) ;
#1384 = CARTESIAN_POINT ( 'NONE',  ( -83.06788286210067440, 15.48641401289931174, 1.500000000000000444 ) ) ;
#1385 = VERTEX_POINT ( 'NONE', #3622 ) ;
#1386 = DIRECTION ( 'NONE',  ( 0.000000000000000000, -0.000000000000000000, 1.000000000000000000 ) ) ;
#1387 = ORIENTED_EDGE ( 'NONE', *, *, #660, .T. ) ;
#1388 = AXIS2_PLACEMENT_3D ( 'NONE', #4237, #4801, #6956 ) ;
#1389 = EDGE_LOOP ( 'NONE', ( #6895, #1022, #2406, #4073 ) ) ;
#1390 = AXIS2_PLACEMENT_3D ( 'NONE', #1055, #8021, #5912 ) ;
#1391 = CARTESIAN_POINT ( 'NONE',  ( -29.38211713789932844, 16.07582173911838197, 1.500000000000000444 ) ) ;
#1392 = ORIENTED_EDGE ( 'NONE', *, *, #2330, .T. ) ;
#1393 = AXIS2_PLACEMENT_3D ( 'NONE', #3743, #6686, #6596 ) ;
#1394 = PLANE ( 'NONE',  #1530 ) ;
#1395 = LINE ( 'NONE', #3578, #280 ) ;
#1396 = DIRECTION ( 'NONE',  ( -0.000000000000000000, -0.000000000000000000, 1.000000000000000000 ) ) ;
#1397 = ORIENTED_EDGE ( 'NONE', *, *, #8435, .F. ) ;
#1398 = ORIENTED_EDGE ( 'NONE', *, *, #3053, .T. ) ;
#1399 = ORIENTED_EDGE ( 'NONE', *, *, #2897, .T. ) ;
#1400 = EDGE_CURVE ( 'NONE', #7971, #7847, #6515, .T. ) ;
#1401 = DIRECTION ( 'NONE',  ( 1.000000000000000000, 0.000000000000000000, 0.000000000000000000 ) ) ;
#1402 = ADVANCED_FACE ( 'NONE', ( #3755 ), #1480, .F. ) ;
#1403 = AXIS2_PLACEMENT_3D ( 'NONE', #5320, #9080, #8988 ) ;
#1404 = VERTEX_POINT ( 'NONE', #5818 ) ;
#1405 = CARTESIAN_POINT ( 'NONE',  ( -9.417882862100684704, 22.78641401289931778, 0.5000000000000004441 ) ) ;
#1406 = CARTESIAN_POINT ( 'NONE',  ( -60.06788286210068151, 20.78641401289931423, -2.999999999999999112 ) ) ;
#1407 = DIRECTION ( 'NONE',  ( -1.000000000000000000, 0.000000000000000000, -0.000000000000000000 ) ) ;
#1408 = ORIENTED_EDGE ( 'NONE', *, *, #5033, .F. ) ;
#1409 = LINE ( 'NONE', #4382, #8910 ) ;
#1410 = ORIENTED_EDGE ( 'NONE', *, *, #530, .F. ) ;
#1411 = CARTESIAN_POINT ( 'NONE',  ( -91.54999999999999716, 25.45429687499999005, 0.1999999999999767242 ) ) ;
#1412 = ADVANCED_FACE ( 'NONE', ( #3709 ), #2308, .F. ) ;
#1413 = DIRECTION ( 'NONE',  ( 0.000000000000000000, -1.000000000000000000, 0.000000000000000000 ) ) ;
#1414 = CARTESIAN_POINT ( 'NONE',  ( -36.41788286210069714, 15.48641401289931174, 1.500000000000000444 ) ) ;
#1415 = ORIENTED_EDGE ( 'NONE', *, *, #7388, .F. ) ;
#1416 = DIRECTION ( 'NONE',  ( 0.000000000000000000, -0.000000000000000000, 1.000000000000000000 ) ) ;
#1417 = EDGE_LOOP ( 'NONE', ( #4836, #1026, #6297, #120, #749, #1589, #8075, #7543, #7114, #3540 ) ) ;
#1418 = EDGE_CURVE ( 'NONE', #8424, #2017, #6472, .T. ) ;
#1419 = ADVANCED_FACE ( 'NONE', ( #64 ), #913, .F. ) ;
#1420 = LINE ( 'NONE', #762, #1978 ) ;
#1421 = ORIENTED_EDGE ( 'NONE', *, *, #3609, .T. ) ;
#1422 = CARTESIAN_POINT ( 'NONE',  ( -89.50000000000001421, 13.40429687500000355, 0.5999999999999999778 ) ) ;
#1423 = CARTESIAN_POINT ( 'NONE',  ( 7.182117137899318493, 20.80448725967914925, 0.5000000000000004441 ) ) ;
#1424 = CARTESIAN_POINT ( 'NONE',  ( -13.41788286210068826, 22.78641401289931778, 0.5000000000000004441 ) ) ;
#1425 = CARTESIAN_POINT ( 'NONE',  ( -14.06788286210067263, 20.78641401289931423, 1.500000000000000444 ) ) ;
#1426 = DIRECTION ( 'NONE',  ( 0.000000000000000000, 0.000000000000000000, 1.000000000000000000 ) ) ;
#1427 = ORIENTED_EDGE ( 'NONE', *, *, #6865, .T. ) ;
#1428 = CARTESIAN_POINT ( 'NONE',  ( -75.38211713789932844, 16.07582173911838197, 1.500000000000000444 ) ) ;
#1429 = CARTESIAN_POINT ( 'NONE',  ( -52.38211713789932844, 16.07582173911838197, 3.742381610379892809 ) ) ;
#1430 = ORIENTED_EDGE ( 'NONE', *, *, #3237, .T. ) ;
#1431 = LINE ( 'NONE', #2261, #45 ) ;
#1432 = VERTEX_POINT ( 'NONE', #729 ) ;
#1433 = CARTESIAN_POINT ( 'NONE',  ( 45.84999999999998721, 11.65429687500000533, 6.000000000000000000 ) ) ;
#1434 = CARTESIAN_POINT ( 'NONE',  ( -82.41788286210069714, 15.48641401289931174, 1.500000000000000444 ) ) ;
#1435 = CARTESIAN_POINT ( 'NONE',  ( 31.93211713789931139, 20.80448725967914925, 1.500000000000000444 ) ) ;
#1436 = ORIENTED_EDGE ( 'NONE', *, *, #4032, .F. ) ;
#1437 = VERTEX_POINT ( 'NONE', #207 ) ;
#1438 = VERTEX_POINT ( 'NONE', #5771 ) ;
#1439 = AXIS2_PLACEMENT_3D ( 'NONE', #5106, #2955, #7922 ) ;
#1440 = PLANE ( 'NONE',  #6550 ) ;
#1441 = DIRECTION ( 'NONE',  ( 0.000000000000000000, 0.000000000000000000, -1.000000000000000000 ) ) ;
#1442 = ORIENTED_EDGE ( 'NONE', *, *, #7585, .T. ) ;
#1443 = ADVANCED_FACE ( 'NONE', ( #6610, #8548 ), #8635, .T. ) ;
#1444 = VECTOR ( 'NONE', #8086, 1000.000000000000000 ) ;
#1445 = CARTESIAN_POINT ( 'NONE',  ( -61.81788286210068151, 15.48641401289931174, 0.5000000000000004441 ) ) ;
#1446 = CARTESIAN_POINT ( 'NONE',  ( -14.06788286210067263, 20.78641401289931068, 1.500000000000000444 ) ) ;
#1447 = EDGE_CURVE ( 'NONE', #3157, #8741, #6426, .T. ) ;
#1448 = CARTESIAN_POINT ( 'NONE',  ( 36.58211713789931707, 20.78641401289931778, 1.500000000000000444 ) ) ;
#1449 = ORIENTED_EDGE ( 'NONE', *, *, #1277, .F. ) ;
#1450 = CARTESIAN_POINT ( 'NONE',  ( -14.06788286210067263, 20.80448725967914925, 1.500000000000000444 ) ) ;
#1451 = EDGE_LOOP ( 'NONE', ( #464, #5859, #5880, #2622, #7949, #5448 ) ) ;
#1452 = ORIENTED_EDGE ( 'NONE', *, *, #6357, .F. ) ;
#1453 = VECTOR ( 'NONE', #1503, 1000.000000000000000 ) ;
#1454 = CARTESIAN_POINT ( 'NONE',  ( -31.76788286210068080, 20.78641401289931778, -2.999999999999999112 ) ) ;
#1455 = ORIENTED_EDGE ( 'NONE', *, *, #2584, .F. ) ;
#1456 = VECTOR ( 'NONE', #4969, 1000.000000000000000 ) ;
#1457 = CARTESIAN_POINT ( 'NONE',  ( -91.75000000000001421, 13.90429687500000355, 1.000000000000000000 ) ) ;
#1458 = ADVANCED_FACE ( 'NONE', ( #389 ), #6702, .F. ) ;
#1459 = LINE ( 'NONE', #5847, #4419 ) ;
#1460 = EDGE_CURVE ( 'NONE', #8452, #3173, #345, .T. ) ;
#1461 = VECTOR ( 'NONE', #8896, 1000.000000000000000 ) ;
#1462 = VERTEX_POINT ( 'NONE', #8211 ) ;
#1463 = CARTESIAN_POINT ( 'NONE',  ( -91.75000000000001421, 20.66277201088163196, 3.250000000000000444 ) ) ;
#1464 = VERTEX_POINT ( 'NONE', #8066 ) ;
#1465 = DIRECTION ( 'NONE',  ( 0.000000000000000000, 0.000000000000000000, -1.000000000000000000 ) ) ;
#1466 = EDGE_LOOP ( 'NONE', ( #786, #2695, #203, #5851 ) ) ;
#1467 = AXIS2_PLACEMENT_3D ( 'NONE', #2773, #3998, #1208 ) ;
#1468 = CARTESIAN_POINT ( 'NONE',  ( -55.41788286210067582, 20.78641401289931778, 0.5000000000000004441 ) ) ;
#1469 = CARTESIAN_POINT ( 'NONE',  ( 31.93211713789931139, 20.78641401289931423, 1.500000000000000444 ) ) ;
#1470 = CARTESIAN_POINT ( 'NONE',  ( -52.38211713789932844, 20.23277201088161803, 3.745075751779464834 ) ) ;
#1471 = EDGE_CURVE ( 'NONE', #8865, #3557, #6095, .T. ) ;
#1472 = EDGE_CURVE ( 'NONE', #4338, #2465, #3985, .T. ) ;
#1473 = DIRECTION ( 'NONE',  ( 0.000000000000000000, 0.000000000000000000, 1.000000000000000000 ) ) ;
#1474 = VERTEX_POINT ( 'NONE', #298 ) ;
#1475 = CARTESIAN_POINT ( 'NONE',  ( 30.01211713789926705, 20.66277201088163196, 3.250000000000000444 ) ) ;
#1476 = ORIENTED_EDGE ( 'NONE', *, *, #5005, .F. ) ;
#1477 = CARTESIAN_POINT ( 'NONE',  ( 16.61788286210066801, 20.23277201088161803, 3.745075751779463946 ) ) ;
#1478 = AXIS2_PLACEMENT_3D ( 'NONE', #2539, #1702, #8304 ) ;
#1479 = VECTOR ( 'NONE', #8505, 1000.000000000000000 ) ;
#1480 = CYLINDRICAL_SURFACE ( 'NONE', #2582, 0.5000000000000004441 ) ;
#1481 = ORIENTED_EDGE ( 'NONE', *, *, #9140, .F. ) ;
#1482 = EDGE_CURVE ( 'NONE', #3019, #615, #5956, .T. ) ;
#1483 = FACE_OUTER_BOUND ( 'NONE', #3, .T. ) ;
#1484 = LINE ( 'NONE', #2790, #5500 ) ;
#1485 = VECTOR ( 'NONE', #5401, 1000.000000000000000 ) ;
#1486 = DIRECTION ( 'NONE',  ( 0.000000000000000000, 1.000000000000000000, 0.000000000000000000 ) ) ;
#1487 = ORIENTED_EDGE ( 'NONE', *, *, #7005, .F. ) ;
#1488 = ORIENTED_EDGE ( 'NONE', *, *, #8250, .T. ) ;
#1489 = DIRECTION ( 'NONE',  ( -0.000000000000000000, -1.000000000000000000, -0.000000000000000000 ) ) ;
#1490 = CARTESIAN_POINT ( 'NONE',  ( -62.41788286210071135, 16.07582173911837486, 1.500000000000000444 ) ) ;
#1491 = VECTOR ( 'NONE', #6646, 1000.000000000000000 ) ;
#1492 = ORIENTED_EDGE ( 'NONE', *, *, #640, .T. ) ;
#1493 = LINE ( 'NONE', #744, #3835 ) ;
#1494 = CARTESIAN_POINT ( 'NONE',  ( -13.41788286210068826, 13.48641401289930997, 0.5000000000000004441 ) ) ;
#1495 = CARTESIAN_POINT ( 'NONE',  ( -55.30364200201769620, 23.15429687499998579, 4.000000000000000000 ) ) ;
#1496 = ORIENTED_EDGE ( 'NONE', *, *, #7307, .T. ) ;
#1497 = CARTESIAN_POINT ( 'NONE',  ( -31.76788286210068080, 15.50448725967914143, 1.500000000000000444 ) ) ;
#1498 = VERTEX_POINT ( 'NONE', #3101 ) ;
#1499 = ORIENTED_EDGE ( 'NONE', *, *, #2061, .T. ) ;
#1500 = EDGE_CURVE ( 'NONE', #8608, #8398, #957, .T. ) ;
#1501 = LINE ( 'NONE', #6449, #8097 ) ;
#1502 = CARTESIAN_POINT ( 'NONE',  ( -91.75000000000001421, 20.16277201088163196, 3.250000000000000444 ) ) ;
#1503 = DIRECTION ( 'NONE',  ( -0.7071067811865479058, 0.7071067811865471286, 0.000000000000000000 ) ) ;
#1504 = EDGE_LOOP ( 'NONE', ( #8472, #3182, #6606, #4873 ) ) ;
#1505 = CARTESIAN_POINT ( 'NONE',  ( 6.582117137899287762, 20.23277201088163224, 4.000000000000000000 ) ) ;
#1506 = VECTOR ( 'NONE', #2700, 1000.000000000000114 ) ;
#1507 = EDGE_CURVE ( 'NONE', #1404, #1553, #7459, .T. ) ;
#1508 = EDGE_CURVE ( 'NONE', #4311, #3252, #6050, .T. ) ;
#1509 = CARTESIAN_POINT ( 'NONE',  ( -30.01788286210067724, 15.50448725967914143, 1.500000000000000444 ) ) ;
#1510 = LINE ( 'NONE', #6461, #7061 ) ;
#1511 = CARTESIAN_POINT ( 'NONE',  ( 16.20483313386390734, 15.66277201088163373, 2.996198623261637994 ) ) ;
#1512 = CARTESIAN_POINT ( 'NONE',  ( -52.38211713789932844, 16.07582173911838197, 2.757618389620107635 ) ) ;
#1513 = VECTOR ( 'NONE', #7464, 1000.000000000000000 ) ;
#1514 = PLANE ( 'NONE',  #2470 ) ;
#1515 = ORIENTED_EDGE ( 'NONE', *, *, #1596, .T. ) ;
#1516 = PLANE ( 'NONE',  #8392 ) ;
#1517 = VERTEX_POINT ( 'NONE', #6841 ) ;
#1518 = CARTESIAN_POINT ( 'NONE',  ( 9.582117137899304637, 13.48641401289930997, 0.5000000000000004441 ) ) ;
#1519 = VERTEX_POINT ( 'NONE', #1100 ) ;
#1520 = EDGE_CURVE ( 'NONE', #4458, #7612, #5204, .T. ) ;
#1521 = VECTOR ( 'NONE', #3870, 1000.000000000000000 ) ;
#1522 = CARTESIAN_POINT ( 'NONE',  ( -6.812117137899337926, 20.66277201088163551, 2.988744022555677837 ) ) ;
#1523 = ORIENTED_EDGE ( 'NONE', *, *, #8223, .T. ) ;
#1524 = DIRECTION ( 'NONE',  ( 1.000000000000000000, 9.251858538542971828E-16, -0.000000000000000000 ) ) ;
#1525 = DIRECTION ( 'NONE',  ( 4.336808689941999001E-16, -1.000000000000000000, 0.000000000000000000 ) ) ;
#1526 = AXIS2_PLACEMENT_3D ( 'NONE', #6977, #671, #1465 ) ;
#1527 = DIRECTION ( 'NONE',  ( 0.000000000000000000, 1.000000000000000000, 0.000000000000000000 ) ) ;
#1528 = ORIENTED_EDGE ( 'NONE', *, *, #8164, .T. ) ;
#1529 = LINE ( 'NONE', #3805, #894 ) ;
#1530 = AXIS2_PLACEMENT_3D ( 'NONE', #8687, #1524, #7749 ) ;
#1531 = ORIENTED_EDGE ( 'NONE', *, *, #1115, .F. ) ;
#1532 = ORIENTED_EDGE ( 'NONE', *, *, #9267, .T. ) ;
#1533 = LINE ( 'NONE', #9043, #7907 ) ;
#1534 = PLANE ( 'NONE',  #8258 ) ;
#1535 = EDGE_CURVE ( 'NONE', #6300, #8465, #3054, .T. ) ;
#1536 = EDGE_CURVE ( 'NONE', #40, #3681, #3937, .T. ) ;
#1537 = VECTOR ( 'NONE', #7330, 1000.000000000000000 ) ;
#1538 = ORIENTED_EDGE ( 'NONE', *, *, #1359, .T. ) ;
#1539 = CARTESIAN_POINT ( 'NONE',  ( 92.00000000000000000, 0.000000000000000000, 0.5000000000000004441 ) ) ;
#1540 = CARTESIAN_POINT ( 'NONE',  ( 32.58211713789929576, 13.48641401289930997, 0.5000000000000004441 ) ) ;
#1541 = CARTESIAN_POINT ( 'NONE',  ( -39.41788286210071135, 16.07582173911837486, 1.500000000000000444 ) ) ;
#1542 = ORIENTED_EDGE ( 'NONE', *, *, #7805, .F. ) ;
#1543 = CARTESIAN_POINT ( 'NONE',  ( -16.41788286210070424, 18.16277201088163196, 3.250000000000000444 ) ) ;
#1544 = VERTEX_POINT ( 'NONE', #8818 ) ;
#1545 = ORIENTED_EDGE ( 'NONE', *, *, #7409, .F. ) ;
#1546 = VECTOR ( 'NONE', #8582, 1000.000000000000000 ) ;
#1547 = DIRECTION ( 'NONE',  ( 1.000000000000000000, -0.000000000000000000, -0.000000000000000000 ) ) ;
#1548 = ORIENTED_EDGE ( 'NONE', *, *, #3780, .F. ) ;
#1549 = VECTOR ( 'NONE', #4713, 1000.000000000000000 ) ;
#1550 = CARTESIAN_POINT ( 'NONE',  ( 0.000000000000000000, 22.90429687500000355, 0.3499999999999999223 ) ) ;
#1551 = CARTESIAN_POINT ( 'NONE',  ( 7.182117137899318493, 15.48641401289931174, 0.5000000000000004441 ) ) ;
#1552 = CARTESIAN_POINT ( 'NONE',  ( 46.25000000000000000, 13.90429687500000355, 6.000000000000000000 ) ) ;
#1553 = VERTEX_POINT ( 'NONE', #8966 ) ;
#1554 = PLANE ( 'NONE',  #4443 ) ;
#1555 = EDGE_LOOP ( 'NONE', ( #2189, #7004, #4325 ) ) ;
#1556 = CARTESIAN_POINT ( 'NONE',  ( -59.41788286210069714, 22.78641401289931778, 1.500000000000000444 ) ) ;
#1557 = DIRECTION ( 'NONE',  ( 0.000000000000000000, -1.000000000000000000, 0.000000000000000000 ) ) ;
#1558 = EDGE_CURVE ( 'NONE', #1885, #2127, #1751, .T. ) ;
#1559 = CARTESIAN_POINT ( 'NONE',  ( 16.18788286210066829, 20.66277201088163196, 3.250000000000000444 ) ) ;
#1560 = ADVANCED_FACE ( 'NONE', ( #3243 ), #1796, .T. ) ;
#1561 = CARTESIAN_POINT ( 'NONE',  ( -14.06788286210067263, 20.78641401289931423, 0.000000000000000000 ) ) ;
#1562 = EDGE_LOOP ( 'NONE', ( #6924, #124, #366, #375 ) ) ;
#1563 = EDGE_CURVE ( 'NONE', #8764, #702, #1657, .T. ) ;
#1564 = CARTESIAN_POINT ( 'NONE',  ( 29.84080013677951371, 20.49145500976187861, 2.791500085062746273 ) ) ;
#1565 = ORIENTED_EDGE ( 'NONE', *, *, #4573, .F. ) ;
#1566 = CYLINDRICAL_SURFACE ( 'NONE', #3871, 0.5000000000000004441 ) ;
#1567 = VERTEX_POINT ( 'NONE', #8259 ) ;
#1568 = DIRECTION ( 'NONE',  ( 1.000000000000000000, -1.734723475976806709E-18, -0.000000000000000000 ) ) ;
#1569 = ORIENTED_EDGE ( 'NONE', *, *, #8394, .T. ) ;
#1570 = DIRECTION ( 'NONE',  ( -0.000000000000000000, -1.000000000000000000, -0.000000000000000000 ) ) ;
#1571 = CARTESIAN_POINT ( 'NONE',  ( 39.25000000000000000, 13.15429687500000355, 4.000000000000000000 ) ) ;
#1572 = EDGE_CURVE ( 'NONE', #8380, #6735, #1842, .T. ) ;
#1573 = DIRECTION ( 'NONE',  ( -0.7071067811865474617, 0.000000000000000000, 0.7071067811865474617 ) ) ;
#1574 = EDGE_LOOP ( 'NONE', ( #3878, #8606, #3912, #8033, #8148, #18, #7648, #1874 ) ) ;
#1575 = CARTESIAN_POINT ( 'NONE',  ( 16.61788286210066801, 16.07582173911838197, 4.000000000000000000 ) ) ;
#1576 = ORIENTED_EDGE ( 'NONE', *, *, #1056, .F. ) ;
#1577 = DIRECTION ( 'NONE',  ( 6.938893903907228378E-15, 1.000000000000000000, 0.000000000000000000 ) ) ;
#1578 = CARTESIAN_POINT ( 'NONE',  ( 8.932117137899320269, 20.78641401289931423, 0.000000000000000000 ) ) ;
#1579 = LINE ( 'NONE', #8740, #6168 ) ;
#1580 = ORIENTED_EDGE ( 'NONE', *, *, #8423, .T. ) ;
#1581 = FACE_OUTER_BOUND ( 'NONE', #3255, .T. ) ;
#1582 = CARTESIAN_POINT ( 'NONE',  ( -9.417882862100658059, 15.48641401289931174, 1.500000000000000444 ) ) ;
#1583 = ADVANCED_FACE ( 'NONE', ( #1145 ), #4497, .F. ) ;
#1584 = AXIS2_PLACEMENT_3D ( 'NONE', #3455, #6921, #8431 ) ;
#1585 = DIRECTION ( 'NONE',  ( 6.938893903907228378E-15, 1.000000000000000000, -0.000000000000000000 ) ) ;
#1586 = ORIENTED_EDGE ( 'NONE', *, *, #2121, .T. ) ;
#1587 = EDGE_CURVE ( 'NONE', #5097, #3956, #8444, .T. ) ;
#1588 = CARTESIAN_POINT ( 'NONE',  ( -39.41788286210071135, 16.16277201088163551, 3.250000000000000444 ) ) ;
#1589 = ORIENTED_EDGE ( 'NONE', *, *, #5058, .T. ) ;
#1590 = CARTESIAN_POINT ( 'NONE',  ( 15.98211713789932098, 15.50448725967914143, 0.5000000000000004441 ) ) ;
#1591 = ORIENTED_EDGE ( 'NONE', *, *, #9083, .T. ) ;
#1592 = VECTOR ( 'NONE', #5911, 1000.000000000000000 ) ;
#1593 = CARTESIAN_POINT ( 'NONE',  ( 8.932117137899320269, 15.48641401289931174, 0.5000000000000004441 ) ) ;
#1594 = DIRECTION ( 'NONE',  ( 0.7071067811865479058, -0.7071067811865471286, -0.000000000000000000 ) ) ;
#1595 = LINE ( 'NONE', #1643, #669 ) ;
#1596 = EDGE_CURVE ( 'NONE', #3374, #9023, #6236, .T. ) ;
#1597 = VECTOR ( 'NONE', #7724, 1000.000000000000000 ) ;
#1598 = VERTEX_POINT ( 'NONE', #1378 ) ;
#1599 = AXIS2_PLACEMENT_3D ( 'NONE', #7495, #6087, #949 ) ;
#1600 = CARTESIAN_POINT ( 'NONE',  ( -37.06788286210068151, 20.78641401289931423, 1.500000000000000444 ) ) ;
#1601 = ORIENTED_EDGE ( 'NONE', *, *, #7973, .T. ) ;
#1602 = LINE ( 'NONE', #993, #6864 ) ;
#1603 = AXIS2_PLACEMENT_3D ( 'NONE', #4477, #892, #6678 ) ;
#1604 = LINE ( 'NONE', #719, #2930 ) ;
#1605 = LINE ( 'NONE', #11, #6537 ) ;
#1606 = FACE_OUTER_BOUND ( 'NONE', #2413, .T. ) ;
#1607 = EDGE_LOOP ( 'NONE', ( #4225, #5471, #6385, #406 ) ) ;
#1608 = ORIENTED_EDGE ( 'NONE', *, *, #8884, .F. ) ;
#1609 = AXIS2_PLACEMENT_3D ( 'NONE', #6110, #9244, #8539 ) ;
#1610 = CARTESIAN_POINT ( 'NONE',  ( -91.75000000000001421, 16.16277201088163551, 3.250000000000000444 ) ) ;
#1611 = EDGE_CURVE ( 'NONE', #4495, #6546, #8399, .T. ) ;
#1612 = ORIENTED_EDGE ( 'NONE', *, *, #1932, .T. ) ;
#1613 = DIRECTION ( 'NONE',  ( 0.7071067811865474617, -0.7071067811865474617, 0.000000000000000000 ) ) ;
#1614 = ORIENTED_EDGE ( 'NONE', *, *, #544, .F. ) ;
#1615 = DIRECTION ( 'NONE',  ( 1.000000000000000000, 0.000000000000000000, -0.000000000000000000 ) ) ;
#1616 = FACE_OUTER_BOUND ( 'NONE', #5641, .T. ) ;
#1617 = CARTESIAN_POINT ( 'NONE',  ( 13.58211713789930819, 22.78641401289931778, 1.500000000000000444 ) ) ;
#1618 = VERTEX_POINT ( 'NONE', #5435 ) ;
#1619 = DIRECTION ( 'NONE',  ( 1.000000000000000000, 0.000000000000000000, 0.000000000000000000 ) ) ;
#1620 = EDGE_LOOP ( 'NONE', ( #1182, #6634, #1373, #7491 ) ) ;
#1621 = VERTEX_POINT ( 'NONE', #5581 ) ;
#1622 = VECTOR ( 'NONE', #8669, 1000.000000000000000 ) ;
#1623 = FACE_OUTER_BOUND ( 'NONE', #5142, .T. ) ;
#1624 = CARTESIAN_POINT ( 'NONE',  ( 13.67847513588157859, 23.17217973710070567, 6.000000000000000000 ) ) ;
#1625 = EDGE_CURVE ( 'NONE', #3860, #2505, #8306, .T. ) ;
#1626 = EDGE_CURVE ( 'NONE', #6248, #3434, #6142, .T. ) ;
#1627 = EDGE_LOOP ( 'NONE', ( #7656, #5721, #1724, #1099 ) ) ;
#1628 = VECTOR ( 'NONE', #5736, 1000.000000000000000 ) ;
#1629 = PLANE ( 'NONE',  #7732 ) ;
#1630 = CARTESIAN_POINT ( 'NONE',  ( -8.767882862100673691, 20.78641401289931778, 0.5000000000000004441 ) ) ;
#1631 = LINE ( 'NONE', #4514, #12 ) ;
#1632 = ORIENTED_EDGE ( 'NONE', *, *, #367, .T. ) ;
#1633 = CARTESIAN_POINT ( 'NONE',  ( -60.06788286210068151, 15.48641401289931174, 0.5000000000000004441 ) ) ;
#1634 = VERTEX_POINT ( 'NONE', #1979 ) ;
#1635 = CARTESIAN_POINT ( 'NONE',  ( -29.38211713789932844, 20.23277201088161803, 3.745075751779464834 ) ) ;
#1636 = VERTEX_POINT ( 'NONE', #3287 ) ;
#1637 = VECTOR ( 'NONE', #1297, 1000.000000000000000 ) ;
#1638 = EDGE_CURVE ( 'NONE', #3226, #2600, #8489, .T. ) ;
#1639 = EDGE_CURVE ( 'NONE', #3051, #5529, #4733, .T. ) ;
#1640 = DIRECTION ( 'NONE',  ( 0.000000000000000000, 0.000000000000000000, -1.000000000000000000 ) ) ;
#1641 = CARTESIAN_POINT ( 'NONE',  ( -59.41788286210069714, 13.48641401289930997, 0.5000000000000004441 ) ) ;
#1642 = CC_DESIGN_SECURITY_CLASSIFICATION ( #8225, ( #146 ) ) ;
#1643 = CARTESIAN_POINT ( 'NONE',  ( -32.32152486411839476, 13.13641401289931210, 4.000000000000000000 ) ) ;
#1644 = VERTEX_POINT ( 'NONE', #4830 ) ;
#1645 = LINE ( 'NONE', #3649, #4000 ) ;
#1646 = VERTEX_POINT ( 'NONE', #2024 ) ;
#1647 = CARTESIAN_POINT ( 'NONE',  ( -9.417882862100670494, 20.78641401289931778, 0.5000000000000004441 ) ) ;
#1648 = EDGE_CURVE ( 'NONE', #4881, #2147, #7689, .T. ) ;
#1649 = EDGE_CURVE ( 'NONE', #229, #455, #3427, .T. ) ;
#1650 = LINE ( 'NONE', #6641, #3235 ) ;
#1651 = DIRECTION ( 'NONE',  ( 1.000000000000000000, -0.000000000000000000, 0.000000000000000000 ) ) ;
#1652 = ORIENTED_EDGE ( 'NONE', *, *, #4433, .T. ) ;
#1653 = CARTESIAN_POINT ( 'NONE',  ( -16.00483313386397199, 15.66277201088163551, 3.503801376738355344 ) ) ;
#1654 = EDGE_LOOP ( 'NONE', ( #2101, #7100, #7851, #2964, #220, #5470, #1542, #2804, #1614, #307 ) ) ;
#1655 = CARTESIAN_POINT ( 'NONE',  ( 31.93211713789931139, 15.48641401289931174, 1.500000000000000444 ) ) ;
#1656 = ORIENTED_EDGE ( 'NONE', *, *, #3780, .T. ) ;
#1657 = LINE ( 'NONE', #5390, #9174 ) ;
#1658 = CARTESIAN_POINT ( 'NONE',  ( -14.06788286210067263, 20.80448725967914925, 0.5000000000000004441 ) ) ;
#1659 = EDGE_CURVE ( 'NONE', #1498, #5303, #5624, .T. ) ;
#1660 = CARTESIAN_POINT ( 'NONE',  ( -84.81788286210067440, 20.80448725967914925, 1.000000000000000000 ) ) ;
#1661 = LINE ( 'NONE', #6615, #8814 ) ;
#1662 = LINE ( 'NONE', #6709, #1513 ) ;
#1663 = ORIENTED_EDGE ( 'NONE', *, *, #7131, .T. ) ;
#1664 = LINE ( 'NONE', #5825, #8973 ) ;
#1665 = ORIENTED_EDGE ( 'NONE', *, *, #4802, .F. ) ;
#1666 = ORIENTED_EDGE ( 'NONE', *, *, #4764, .F. ) ;
#1667 = VECTOR ( 'NONE', #8974, 1000.000000000000000 ) ;
#1668 = LINE ( 'NONE', #7233, #5055 ) ;
#1669 = DIRECTION ( 'NONE',  ( 0.000000000000000000, 1.000000000000000000, 0.000000000000000000 ) ) ;
#1670 = CARTESIAN_POINT ( 'NONE',  ( -75.38211713789932844, 16.07582173911838197, 4.000000000000000000 ) ) ;
#1671 = ORIENTED_EDGE ( 'NONE', *, *, #4012, .T. ) ;
#1672 = DIRECTION ( 'NONE',  ( -0.000000000000000000, 0.000000000000000000, 1.000000000000000000 ) ) ;
#1673 = CARTESIAN_POINT ( 'NONE',  ( -6.795166866136054473, 15.66277201088163373, 3.503801376738356677 ) ) ;
#1674 = DIRECTION ( 'NONE',  ( 1.000000000000000000, -0.000000000000000000, 0.000000000000000000 ) ) ;
#1675 = EDGE_LOOP ( 'NONE', ( #9061, #3764, #7064, #3811 ) ) ;
#1676 = CARTESIAN_POINT ( 'NONE',  ( 39.25000000000000000, 13.15429687500000355, 4.000000000000000000 ) ) ;
#1677 = ADVANCED_FACE ( 'NONE', ( #3376 ), #4119, .T. ) ;
#1678 = ORIENTED_EDGE ( 'NONE', *, *, #4088, .F. ) ;
#1679 = EDGE_CURVE ( 'NONE', #6862, #9277, #4216, .T. ) ;
#1680 = CARTESIAN_POINT ( 'NONE',  ( -84.75000000000001421, 20.90065487298231872, 1.500000000000000444 ) ) ;
#1681 = ORIENTED_EDGE ( 'NONE', *, *, #3446, .T. ) ;
#1682 = VECTOR ( 'NONE', #5828, 1000.000000000000000 ) ;
#1683 = AXIS2_PLACEMENT_3D ( 'NONE', #9058, #1104, #8401 ) ;
#1684 = DIRECTION ( 'NONE',  ( -0.000000000000000000, -0.000000000000000000, 1.000000000000000000 ) ) ;
#1685 = CARTESIAN_POINT ( 'NONE',  ( -9.321524864118412523, 23.17217973710070567, 1.500000000000000444 ) ) ;
#1686 = DIRECTION ( 'NONE',  ( 0.000000000000000000, -0.000000000000000000, 1.000000000000000000 ) ) ;
#1687 = AXIS2_PLACEMENT_3D ( 'NONE', #1346, #540, #5593 ) ;
#1688 = CARTESIAN_POINT ( 'NONE',  ( 7.012117137899273267, 20.66277201088162840, 2.988744022555687163 ) ) ;
#1689 = VERTEX_POINT ( 'NONE', #2730 ) ;
#1690 = EDGE_CURVE ( 'NONE', #8924, #4895, #6190, .T. ) ;
#1691 = CARTESIAN_POINT ( 'NONE',  ( -82.49635799798238622, 23.15429687499997868, 6.000000000000000000 ) ) ;
#1692 = ORIENTED_EDGE ( 'NONE', *, *, #2380, .T. ) ;
#1693 = CARTESIAN_POINT ( 'NONE',  ( -91.75000000000001421, 22.40429687500000711, 6.000000000000000000 ) ) ;
#1694 = VECTOR ( 'NONE', #2818, 1000.000000000000114 ) ;
#1695 =( NAMED_UNIT ( * ) SI_UNIT ( $, .STERADIAN. ) SOLID_ANGLE_UNIT ( ) );
#1696 = CARTESIAN_POINT ( 'NONE',  ( 0.000000000000000000, 0.000000000000000000, 4.000000000000000000 ) ) ;
#1697 = CARTESIAN_POINT ( 'NONE',  ( -16.41788286210070424, 20.23277201088163224, 4.000000000000000000 ) ) ;
#1698 = ORIENTED_EDGE ( 'NONE', *, *, #131, .F. ) ;
#1699 = EDGE_CURVE ( 'NONE', #4437, #2152, #6326, .T. ) ;
#1700 = EDGE_LOOP ( 'NONE', ( #2586, #4633, #3009, #4728 ) ) ;
#1701 = EDGE_CURVE ( 'NONE', #6999, #1710, #8422, .T. ) ;
#1702 = DIRECTION ( 'NONE',  ( 1.000000000000000000, 0.000000000000000000, 0.000000000000000000 ) ) ;
#1703 = CARTESIAN_POINT ( 'NONE',  ( -82.47847513588163793, 23.17217973710070567, 4.000000000000000000 ) ) ;
#1704 = ORIENTED_EDGE ( 'NONE', *, *, #1739, .T. ) ;
#1705 = CARTESIAN_POINT ( 'NONE',  ( 6.582117137899287762, 16.07582173911837486, 4.000000000000000000 ) ) ;
#1706 = DIRECTION ( 'NONE',  ( -0.000000000000000000, -0.000000000000000000, 1.000000000000000000 ) ) ;
#1707 = CARTESIAN_POINT ( 'NONE',  ( 16.20483313386390734, 15.66277201088163373, 3.250000000000000444 ) ) ;
#1708 = CARTESIAN_POINT ( 'NONE',  ( -16.41788286210070424, 16.07582173911837486, 4.000000000000000000 ) ) ;
#1709 = DIRECTION ( 'NONE',  ( 0.000000000000000000, -0.000000000000000000, -1.000000000000000000 ) ) ;
#1710 = VERTEX_POINT ( 'NONE', #2770 ) ;
#1711 = PLANE ( 'NONE',  #1786 ) ;
#1712 = VERTEX_POINT ( 'NONE', #5484 ) ;
#1713 = EDGE_LOOP ( 'NONE', ( #4048, #6492, #273, #2849 ) ) ;
#1714 = DIRECTION ( 'NONE',  ( -0.000000000000000000, -1.000000000000000000, -0.000000000000000000 ) ) ;
#1715 = FACE_OUTER_BOUND ( 'NONE', #5431, .T. ) ;
#1716 = CARTESIAN_POINT ( 'NONE',  ( 16.61788286210066801, 20.23277201088161803, 1.500000000000000444 ) ) ;
#1717 = VERTEX_POINT ( 'NONE', #7779 ) ;
#1718 = DIRECTION ( 'NONE',  ( 1.000000000000000000, 0.000000000000000000, -0.000000000000000000 ) ) ;
#1719 = VECTOR ( 'NONE', #6100, 1000.000000000000000 ) ;
#1720 = LINE ( 'NONE', #6578, #5948 ) ;
#1721 = CARTESIAN_POINT ( 'NONE',  ( -91.75000000000001421, 16.16277201088163551, 3.250000000000000444 ) ) ;
#1722 = ORIENTED_EDGE ( 'NONE', *, *, #7399, .F. ) ;
#1723 = CARTESIAN_POINT ( 'NONE',  ( -14.06788286210067263, 15.48641401289931174, 0.5000000000000004441 ) ) ;
#1724 = ORIENTED_EDGE ( 'NONE', *, *, #8789, .F. ) ;
#1725 = ORIENTED_EDGE ( 'NONE', *, *, #5099, .F. ) ;
#1726 = FACE_OUTER_BOUND ( 'NONE', #9075, .T. ) ;
#1727 = EDGE_CURVE ( 'NONE', #8530, #7854, #3180, .T. ) ;
#1728 = FACE_OUTER_BOUND ( 'NONE', #9276, .T. ) ;
#1729 = EDGE_CURVE ( 'NONE', #4797, #3051, #8351, .T. ) ;
#1730 = LINE ( 'NONE', #7485, #402 ) ;
#1731 = PLANE ( 'NONE',  #7267 ) ;
#1732 = FACE_OUTER_BOUND ( 'NONE', #9131, .T. ) ;
#1733 = VERTEX_POINT ( 'NONE', #1468 ) ;
#1734 = CARTESIAN_POINT ( 'NONE',  ( -39.41788286210071135, 16.07582173911837486, 1.500000000000000444 ) ) ;
#1735 = VERTEX_POINT ( 'NONE', #3512 ) ;
#1736 = EDGE_LOOP ( 'NONE', ( #3748, #8169, #2338, #7044, #1415, #6900 ) ) ;
#1737 = AXIS2_PLACEMENT_3D ( 'NONE', #1588, #5133, #5701 ) ;
#1738 = ADVANCED_FACE ( 'NONE', ( #1728 ), #5008, .F. ) ;
#1739 = EDGE_CURVE ( 'NONE', #3449, #1636, #7918, .T. ) ;
#1740 = CARTESIAN_POINT ( 'NONE',  ( -91.75000000000001421, 15.66277201088163373, 3.250000000000000444 ) ) ;
#1741 = VECTOR ( 'NONE', #7486, 1000.000000000000000 ) ;
#1742 = FACE_BOUND ( 'NONE', #1504, .T. ) ;
#1743 = VECTOR ( 'NONE', #1336, 1000.000000000000000 ) ;
#1744 = ORIENTED_EDGE ( 'NONE', *, *, #9255, .F. ) ;
#1745 = ORIENTED_EDGE ( 'NONE', *, *, #6408, .T. ) ;
#1746 = PLANE ( 'NONE',  #6396 ) ;
#1747 = CARTESIAN_POINT ( 'NONE',  ( -32.32152486411839476, 13.13641401289931210, 1.500000000000000444 ) ) ;
#1748 = ORIENTED_EDGE ( 'NONE', *, *, #5612, .F. ) ;
#1749 = VECTOR ( 'NONE', #4240, 1000.000000000000000 ) ;
#1750 = VECTOR ( 'NONE', #8612, 1000.000000000000114 ) ;
#1751 = LINE ( 'NONE', #4591, #2734 ) ;
#1752 = EDGE_CURVE ( 'NONE', #4996, #771, #4258, .T. ) ;
#1753 = CARTESIAN_POINT ( 'NONE',  ( -52.38211713789932844, 16.07582173911838197, 1.500000000000000444 ) ) ;
#1754 = EDGE_CURVE ( 'NONE', #7913, #2525, #8808, .T. ) ;
#1755 = DIRECTION ( 'NONE',  ( 1.000000000000000000, 4.336808689941999001E-16, 0.000000000000000000 ) ) ;
#1756 = CARTESIAN_POINT ( 'NONE',  ( 36.67847513588156971, 23.17217973710070567, 6.000000000000000000 ) ) ;
#1757 = VECTOR ( 'NONE', #8377, 1000.000000000000000 ) ;
#1758 = CARTESIAN_POINT ( 'NONE',  ( -89.25000000000001421, 23.15429687500000355, 0.3499999999999999223 ) ) ;
#1759 = ORIENTED_EDGE ( 'NONE', *, *, #6732, .T. ) ;
#1760 = FACE_OUTER_BOUND ( 'NONE', #7336, .T. ) ;
#1761 = ORIENTED_EDGE ( 'NONE', *, *, #3672, .F. ) ;
#1762 = CARTESIAN_POINT ( 'NONE',  ( -36.49635799798232938, 13.15429687499999112, 4.000000000000000000 ) ) ;
#1763 = CARTESIAN_POINT ( 'NONE',  ( -39.41788286210071135, 16.07582173911837486, 3.742381610379891033 ) ) ;
#1764 = CARTESIAN_POINT ( 'NONE',  ( -91.68333333333332291, 10.98763020833333037, 5.333333333333325044 ) ) ;
#1765 = VECTOR ( 'NONE', #675, 1000.000000000000000 ) ;
#1766 = EDGE_LOOP ( 'NONE', ( #2928, #4517, #1261, #1476, #4329, #7785 ) ) ;
#1767 = EDGE_CURVE ( 'NONE', #2881, #8546, #6416, .T. ) ;
#1768 = CARTESIAN_POINT ( 'NONE',  ( -6.382117137899323112, 16.07582173911838197, 4.000000000000000000 ) ) ;
#1769 = CARTESIAN_POINT ( 'NONE',  ( -6.382117137899323112, 16.07582173911838197, 3.742381610379891477 ) ) ;
#1770 = DIRECTION ( 'NONE',  ( 0.7071067811865475727, -0.7071067811865475727, 0.000000000000000000 ) ) ;
#1771 = ORIENTED_EDGE ( 'NONE', *, *, #5217, .T. ) ;
#1772 = LINE ( 'NONE', #1676, #2783 ) ;
#1773 = EDGE_LOOP ( 'NONE', ( #8560, #3838, #6392, #4824, #5351, #6241, #7011, #5075, #4482, #6113, #6292 ) ) ;
#1774 = DIRECTION ( 'NONE',  ( 0.000000000000000000, 1.000000000000000000, 0.000000000000000000 ) ) ;
#1775 = VECTOR ( 'NONE', #386, 1000.000000000000000 ) ;
#1776 = FACE_OUTER_BOUND ( 'NONE', #2054, .T. ) ;
#1777 = CARTESIAN_POINT ( 'NONE',  ( 13.58211713789932240, 13.48641401289931174, 0.5000000000000004441 ) ) ;
#1778 = FACE_OUTER_BOUND ( 'NONE', #2961, .T. ) ;
#1779 = CARTESIAN_POINT ( 'NONE',  ( -84.81788286210067440, 15.48641401289931174, 0.5000000000000004441 ) ) ;
#1780 = CARTESIAN_POINT ( 'NONE',  ( 15.98211713789932098, 20.78641401289931778, 1.500000000000000444 ) ) ;
#1781 = ORIENTED_EDGE ( 'NONE', *, *, #8281, .F. ) ;
#1782 = VECTOR ( 'NONE', #876, 1000.000000000000000 ) ;
#1783 = CARTESIAN_POINT ( 'NONE',  ( -37.06788286210068151, 20.80448725967914925, 0.5000000000000004441 ) ) ;
#1784 = ORIENTED_EDGE ( 'NONE', *, *, #1767, .T. ) ;
#1785 = ORIENTED_EDGE ( 'NONE', *, *, #350, .F. ) ;
#1786 = AXIS2_PLACEMENT_3D ( 'NONE', #71, #2314, #5916 ) ;
#1787 = LINE ( 'NONE', #8249, #2041 ) ;
#1788 = DIRECTION ( 'NONE',  ( 0.000000000000000000, 0.000000000000000000, -1.000000000000000000 ) ) ;
#1789 = VERTEX_POINT ( 'NONE', #8798 ) ;
#1790 = CARTESIAN_POINT ( 'NONE',  ( -91.95000000000000284, 25.05429687499998437, 5.600000000000018296 ) ) ;
#1791 = ORIENTED_EDGE ( 'NONE', *, *, #9083, .F. ) ;
#1792 = FACE_OUTER_BOUND ( 'NONE', #6945, .T. ) ;
#1793 = EDGE_CURVE ( 'NONE', #4447, #4653, #4348, .T. ) ;
#1794 = AXIS2_PLACEMENT_3D ( 'NONE', #1428, #3569, #631 ) ;
#1795 = EDGE_CURVE ( 'NONE', #2118, #4716, #2862, .T. ) ;
#1796 = PLANE ( 'NONE',  #7964 ) ;
#1797 = DIRECTION ( 'NONE',  ( -0.7071067811865466846, -0.7071067811865483499, 0.000000000000000000 ) ) ;
#1798 = CARTESIAN_POINT ( 'NONE',  ( 9.521524864118363851, 23.17217973710070567, 1.500000000000000444 ) ) ;
#1799 = CARTESIAN_POINT ( 'NONE',  ( -29.38211713789932844, 16.07582173911838197, 2.757618389620108079 ) ) ;
#1800 = CARTESIAN_POINT ( 'NONE',  ( -84.75000000000001421, 20.90065487298232227, 4.000000000000000000 ) ) ;
#1801 = ORIENTED_EDGE ( 'NONE', *, *, #5045, .T. ) ;
#1802 = CARTESIAN_POINT ( 'NONE',  ( 29.83205139908940495, 15.82588747792824257, 3.698245413017311023 ) ) ;
#1803 = ORIENTED_EDGE ( 'NONE', *, *, #7827, .T. ) ;
#1804 = ORIENTED_EDGE ( 'NONE', *, *, #2447, .T. ) ;
#1805 = EDGE_CURVE ( 'NONE', #4506, #4177, #2158, .T. ) ;
#1806 = CARTESIAN_POINT ( 'NONE',  ( -61.81788286210068151, 15.48641401289931174, 1.500000000000000444 ) ) ;
#1807 = CARTESIAN_POINT ( 'NONE',  ( 14.23211713789931920, 20.78641401289931778, 0.5000000000000004441 ) ) ;
#1808 = CARTESIAN_POINT ( 'NONE',  ( 45.84999999999998721, 24.65429687500000711, 6.000000000000000000 ) ) ;
#1809 = ORIENTED_EDGE ( 'NONE', *, *, #3497, .F. ) ;
#1810 = LINE ( 'NONE', #2070, #3989 ) ;
#1811 = CARTESIAN_POINT ( 'NONE',  ( -93.16421356237310647, 11.65429687500000533, 6.000000000000000000 ) ) ;
#1812 = VECTOR ( 'NONE', #963, 1000.000000000000000 ) ;
#1813 = CARTESIAN_POINT ( 'NONE',  ( 39.25000000000000000, 23.15429687500000000, 4.000000000000000000 ) ) ;
#1814 = ORIENTED_EDGE ( 'NONE', *, *, #4920, .F. ) ;
#1815 = DIRECTION ( 'NONE',  ( 0.7071067811865479058, -0.7071067811865471286, -0.000000000000000000 ) ) ;
#1816 = ORIENTED_EDGE ( 'NONE', *, *, #7399, .T. ) ;
#1817 = ORIENTED_EDGE ( 'NONE', *, *, #1879, .F. ) ;
#1818 = ADVANCED_FACE ( 'NONE', ( #5671 ), #2905, .F. ) ;
#1819 = EDGE_CURVE ( 'NONE', #5209, #1474, #3650, .T. ) ;
#1820 = VECTOR ( 'NONE', #1324, 1000.000000000000000 ) ;
#1821 = DIRECTION ( 'NONE',  ( 0.000000000000000000, 1.000000000000000000, 0.000000000000000000 ) ) ;
#1822 = CARTESIAN_POINT ( 'NONE',  ( -75.38211713789932844, 16.07582173911838197, 2.757618389620107635 ) ) ;
#1823 = CARTESIAN_POINT ( 'NONE',  ( -77.76788286210067724, 20.78641401289931778, 0.000000000000000000 ) ) ;
#1824 = CARTESIAN_POINT ( 'NONE',  ( 32.50364200201764930, 13.15429687500000355, 4.000000000000000000 ) ) ;
#1825 = CARTESIAN_POINT ( 'NONE',  ( 23.00000000000000000, 0.000000000000000000, 1.500000000000000444 ) ) ;
#1826 = ORIENTED_EDGE ( 'NONE', *, *, #7390, .F. ) ;
#1827 = VECTOR ( 'NONE', #5030, 1000.000000000000000 ) ;
#1828 = LINE ( 'NONE', #4674, #427 ) ;
#1829 = ORIENTED_EDGE ( 'NONE', *, *, #4252, .F. ) ;
#1830 = AXIS2_PLACEMENT_3D ( 'NONE', #3849, #6652, #3757 ) ;
#1831 = DIRECTION ( 'NONE',  ( -1.000000000000000000, -0.000000000000000000, -0.000000000000000000 ) ) ;
#1832 = PERSON_AND_ORGANIZATION ( #8110, #7771 ) ;
#1833 = CIRCLE ( 'NONE', #189, 0.5000000000000000000 ) ;
#1834 = LINE ( 'NONE', #3281, #2941 ) ;
#1835 = FACE_OUTER_BOUND ( 'NONE', #7205, .T. ) ;
#1836 = ORIENTED_EDGE ( 'NONE', *, *, #2724, .F. ) ;
#1837 = ORIENTED_EDGE ( 'NONE', *, *, #4897, .F. ) ;
#1838 = CYLINDRICAL_SURFACE ( 'NONE', #2962, 0.5000000000000004441 ) ;
#1839 = VECTOR ( 'NONE', #4709, 1000.000000000000000 ) ;
#1840 = ORIENTED_EDGE ( 'NONE', *, *, #1400, .T. ) ;
#1841 = ADVANCED_FACE ( 'NONE', ( #8139 ), #5715, .F. ) ;
#1842 = LINE ( 'NONE', #4685, #1994 ) ;
#1843 = CARTESIAN_POINT ( 'NONE',  ( -89.64644660940673759, 23.05074348440672694, 0.5999999999999998668 ) ) ;
#1844 = EDGE_CURVE ( 'NONE', #8656, #8172, #3311, .T. ) ;
#1845 = EDGE_CURVE ( 'NONE', #5198, #3353, #7164, .T. ) ;
#1846 = VECTOR ( 'NONE', #6307, 1000.000000000000000 ) ;
#1847 = DIRECTION ( 'NONE',  ( -1.000000000000000000, 0.000000000000000000, -0.000000000000000000 ) ) ;
#1848 = LINE ( 'NONE', #8402, #7762 ) ;
#1849 = LINE ( 'NONE', #6797, #1667 ) ;
#1850 = ORIENTED_EDGE ( 'NONE', *, *, #6663, .T. ) ;
#1851 = DIRECTION ( 'NONE',  ( -0.000000000000000000, -0.000000000000000000, 1.000000000000000000 ) ) ;
#1852 = EDGE_LOOP ( 'NONE', ( #4425, #5280, #7774, #6991 ) ) ;
#1853 = CARTESIAN_POINT ( 'NONE',  ( -78.32152486411841608, 23.17217973710070567, 6.000000000000000000 ) ) ;
#1854 = ORIENTED_EDGE ( 'NONE', *, *, #3739, .T. ) ;
#1855 = DIRECTION ( 'NONE',  ( 0.000000000000000000, 0.000000000000000000, 1.000000000000000000 ) ) ;
#1856 = ORIENTED_EDGE ( 'NONE', *, *, #5811, .T. ) ;
#1857 = EDGE_CURVE ( 'NONE', #6231, #1193, #1510, .T. ) ;
#1858 = DIRECTION ( 'NONE',  ( 0.000000000000000000, -1.000000000000000000, 0.000000000000000000 ) ) ;
#1859 = LINE ( 'NONE', #8934, #3856 ) ;
#1860 = DIRECTION ( 'NONE',  ( 4.336808689941999001E-16, -1.000000000000000000, 0.000000000000000000 ) ) ;
#1861 = EDGE_LOOP ( 'NONE', ( #8641, #2782, #6510, #1251 ) ) ;
#1862 = CARTESIAN_POINT ( 'NONE',  ( -36.47847513588163793, 23.17217973710070567, 6.000000000000000000 ) ) ;
#1863 = ORIENTED_EDGE ( 'NONE', *, *, #5037, .T. ) ;
#1864 = ADVANCED_BREP_SHAPE_REPRESENTATION ( 'ERCF LED x6 Holder', ( #8627, #5523 ), #7016 ) ;
#1865 = CARTESIAN_POINT ( 'NONE',  ( -36.41788286210069714, 20.78641401289931778, 0.5000000000000004441 ) ) ;
#1866 = DIRECTION ( 'NONE',  ( 0.000000000000000000, -1.000000000000000000, 0.000000000000000000 ) ) ;
#1867 = ADVANCED_FACE ( 'NONE', ( #982 ), #5758, .F. ) ;
#1868 = DIRECTION ( 'NONE',  ( -1.000000000000000000, -0.000000000000000000, -0.000000000000000000 ) ) ;
#1869 = EDGE_CURVE ( 'NONE', #6673, #7787, #3130, .T. ) ;
#1870 = FACE_OUTER_BOUND ( 'NONE', #5066, .T. ) ;
#1871 = FACE_OUTER_BOUND ( 'NONE', #7292, .T. ) ;
#1872 = ORIENTED_EDGE ( 'NONE', *, *, #2148, .F. ) ;
#1873 = DIRECTION ( 'NONE',  ( 0.7071067811865474617, -0.7071067811865474617, 0.000000000000000000 ) ) ;
#1874 = ORIENTED_EDGE ( 'NONE', *, *, #1970, .T. ) ;
#1875 = DIRECTION ( 'NONE',  ( -0.000000000000000000, 1.000000000000000000, -0.000000000000000000 ) ) ;
#1876 = ORIENTED_EDGE ( 'NONE', *, *, #4535, .F. ) ;
#1877 = ORIENTED_EDGE ( 'NONE', *, *, #300, .T. ) ;
#1878 = LINE ( 'NONE', #4679, #4421 ) ;
#1879 = EDGE_CURVE ( 'NONE', #4335, #6736, #5276, .T. ) ;
#1880 = CARTESIAN_POINT ( 'NONE',  ( -82.41788286210069714, 20.78641401289931778, 0.5000000000000004441 ) ) ;
#1881 = ORIENTED_EDGE ( 'NONE', *, *, #185, .T. ) ;
#1882 = VECTOR ( 'NONE', #860, 1000.000000000000000 ) ;
#1883 = ORIENTED_EDGE ( 'NONE', *, *, #2354, .T. ) ;
#1884 = CARTESIAN_POINT ( 'NONE',  ( 39.25000000000000000, 22.40429687500000355, 1.000000000000000000 ) ) ;
#1885 = VERTEX_POINT ( 'NONE', #325 ) ;
#1886 = DIRECTION ( 'NONE',  ( -0.000000000000000000, -1.000000000000000000, -0.000000000000000000 ) ) ;
#1887 = VECTOR ( 'NONE', #6280, 1000.000000000000000 ) ;
#1888 = DIRECTION ( 'NONE',  ( -0.000000000000000000, -0.000000000000000000, 1.000000000000000000 ) ) ;
#1889 = DIRECTION ( 'NONE',  ( -0.000000000000000000, -1.000000000000000000, -0.000000000000000000 ) ) ;
#1890 = PLANE ( 'NONE',  #3936 ) ;
#1891 = ADVANCED_FACE ( 'NONE', ( #1776 ), #4665, .F. ) ;
#1892 = CARTESIAN_POINT ( 'NONE',  ( -85.41788286210071135, 16.07582173911837486, 1.500000000000000444 ) ) ;
#1893 = CARTESIAN_POINT ( 'NONE',  ( -29.38211713789932844, 20.23277201088161803, 6.000000000000000000 ) ) ;
#1894 = VECTOR ( 'NONE', #415, 1000.000000000000000 ) ;
#1895 = VERTEX_POINT ( 'NONE', #412 ) ;
#1896 = AXIS2_PLACEMENT_3D ( 'NONE', #1926, #4070, #518 ) ;
#1897 = CARTESIAN_POINT ( 'NONE',  ( -6.795166866136054473, 15.66277201088163373, 2.996198623261644212 ) ) ;
#1898 = ORIENTED_EDGE ( 'NONE', *, *, #7593, .F. ) ;
#1899 = DIRECTION ( 'NONE',  ( -0.000000000000000000, 0.000000000000000000, 1.000000000000000000 ) ) ;
#1900 = VERTEX_POINT ( 'NONE', #3177 ) ;
#1901 = AXIS2_PLACEMENT_3D ( 'NONE', #837, #6717, #1672 ) ;
#1902 = PLANE ( 'NONE',  #266 ) ;
#1903 = CARTESIAN_POINT ( 'NONE',  ( 39.25000000000000000, 23.15429687500000000, 4.000000000000000000 ) ) ;
#1904 = DIRECTION ( 'NONE',  ( 0.000000000000000000, -0.000000000000000000, 1.000000000000000000 ) ) ;
#1905 = ORIENTED_EDGE ( 'NONE', *, *, #7520, .F. ) ;
#1906 = CARTESIAN_POINT ( 'NONE',  ( -89.25000000000001421, 23.15429687500000355, 0.3499999999999999223 ) ) ;
#1907 = ORIENTED_EDGE ( 'NONE', *, *, #4855, .F. ) ;
#1908 = EDGE_CURVE ( 'NONE', #9277, #7457, #7573, .T. ) ;
#1909 = CARTESIAN_POINT ( 'NONE',  ( -59.47847513588165214, 13.13641401289931210, 6.000000000000000000 ) ) ;
#1910 = ADVANCED_FACE ( 'NONE', ( #4619, #8189 ), #1126, .F. ) ;
#1911 = AXIS2_PLACEMENT_3D ( 'NONE', #7073, #5673, #7609 ) ;
#1912 = CARTESIAN_POINT ( 'NONE',  ( -6.382117137899323112, 16.07582173911838197, 1.500000000000000444 ) ) ;
#1913 = LINE ( 'NONE', #4145, #710 ) ;
#1914 = DIRECTION ( 'NONE',  ( 0.7071067811865466846, 0.7071067811865483499, 0.000000000000000000 ) ) ;
#1915 = CARTESIAN_POINT ( 'NONE',  ( -91.75000000000001421, 16.16277201088163551, 3.250000000000000444 ) ) ;
#1916 = EDGE_LOOP ( 'NONE', ( #3465, #756, #6554, #2839 ) ) ;
#1917 = DIRECTION ( 'NONE',  ( 1.259073490628327690E-16, -1.000000000000000000, 0.000000000000000000 ) ) ;
#1918 = VERTEX_POINT ( 'NONE', #2614 ) ;
#1919 = CARTESIAN_POINT ( 'NONE',  ( 39.61788286210066445, 20.23277201088161803, 6.000000000000000000 ) ) ;
#1920 = VERTEX_POINT ( 'NONE', #6170 ) ;
#1921 = ORIENTED_EDGE ( 'NONE', *, *, #6278, .T. ) ;
#1922 = AXIS2_PLACEMENT_3D ( 'NONE', #9051, #6743, #5340 ) ;
#1923 = EDGE_CURVE ( 'NONE', #7951, #5383, #4221, .T. ) ;
#1924 = VECTOR ( 'NONE', #4594, 1000.000000000000000 ) ;
#1925 = EDGE_CURVE ( 'NONE', #1364, #769, #2469, .T. ) ;
#1926 = CARTESIAN_POINT ( 'NONE',  ( -91.75000000000001421, 20.16277201088163196, 3.250000000000000444 ) ) ;
#1927 = DIRECTION ( 'NONE',  ( 0.000000000000000000, 0.000000000000000000, -1.000000000000000000 ) ) ;
#1928 = CIRCLE ( 'NONE', #1038, 0.5000000000000000000 ) ;
#1929 = ORIENTED_EDGE ( 'NONE', *, *, #6048, .F. ) ;
#1930 = ORIENTED_EDGE ( 'NONE', *, *, #8425, .T. ) ;
#1931 = LINE ( 'NONE', #4963, #3258 ) ;
#1932 = EDGE_CURVE ( 'NONE', #4778, #1213, #1079, .T. ) ;
#1933 = ADVANCED_FACE ( 'NONE', ( #6074 ), #1173, .F. ) ;
#1934 = VERTEX_POINT ( 'NONE', #5417 ) ;
#1935 = VECTOR ( 'NONE', #2394, 1000.000000000000000 ) ;
#1936 = CARTESIAN_POINT ( 'NONE',  ( -15.81788286210067440, 15.48641401289931174, 1.500000000000000444 ) ) ;
#1937 = CARTESIAN_POINT ( 'NONE',  ( 45.85000000000000142, 0.000000000000000000, 6.000000000000000000 ) ) ;
#1938 = CARTESIAN_POINT ( 'NONE',  ( 29.58211713789928154, 16.07582173911837486, 2.757618389620108967 ) ) ;
#1939 = LINE ( 'NONE', #1198, #1719 ) ;
#1940 = CARTESIAN_POINT ( 'NONE',  ( 39.18788286210063632, 20.66277201088163196, 3.250000000000000444 ) ) ;
#1941 = VERTEX_POINT ( 'NONE', #6773 ) ;
#1942 = DIRECTION ( 'NONE',  ( -0.000000000000000000, 0.000000000000000000, 1.000000000000000000 ) ) ;
#1943 = VERTEX_POINT ( 'NONE', #2521 ) ;
#1944 = DIRECTION ( 'NONE',  ( 1.000000000000000000, -0.000000000000000000, 0.000000000000000000 ) ) ;
#1945 = CARTESIAN_POINT ( 'NONE',  ( 31.93211713789931139, 15.48641401289931174, 0.5000000000000004441 ) ) ;
#1946 = ORIENTED_EDGE ( 'NONE', *, *, #9116, .T. ) ;
#1947 = FACE_OUTER_BOUND ( 'NONE', #5668, .T. ) ;
#1948 = CARTESIAN_POINT ( 'NONE',  ( -13.41788286210068826, 13.48641401289930997, 0.5000000000000004441 ) ) ;
#1949 = ORIENTED_EDGE ( 'NONE', *, *, #7972, .F. ) ;
#1950 = CARTESIAN_POINT ( 'NONE',  ( 46.25000000000000000, 22.40429687500000355, 1.000000000000000000 ) ) ;
#1951 = ORIENTED_EDGE ( 'NONE', *, *, #3123, .F. ) ;
#1952 = AXIS2_PLACEMENT_3D ( 'NONE', #4013, #9039, #7053 ) ;
#1953 = CARTESIAN_POINT ( 'NONE',  ( 7.182117137899318493, 15.48641401289931174, 1.500000000000000444 ) ) ;
#1954 = ORIENTED_EDGE ( 'NONE', *, *, #7391, .F. ) ;
#1955 = EDGE_CURVE ( 'NONE', #1404, #1964, #3314, .T. ) ;
#1956 = AXIS2_PLACEMENT_3D ( 'NONE', #9262, #8507, #7180 ) ;
#1957 = LINE ( 'NONE', #1127, #1757 ) ;
#1958 = EDGE_CURVE ( 'NONE', #5999, #7231, #9036, .T. ) ;
#1959 = CARTESIAN_POINT ( 'NONE',  ( 13.67847513588160702, 13.13641401289931210, 6.000000000000000000 ) ) ;
#1960 = ADVANCED_FACE ( 'NONE', ( #4758 ), #8943, .F. ) ;
#1961 = CARTESIAN_POINT ( 'NONE',  ( -16.41788286210070424, 16.07582173911837486, 2.757618389620108967 ) ) ;
#1962 = ORIENTED_EDGE ( 'NONE', *, *, #2023, .T. ) ;
#1963 = CARTESIAN_POINT ( 'NONE',  ( -91.75000000000001421, 25.65429687500000355, 6.000000000000000000 ) ) ;
#1964 = VERTEX_POINT ( 'NONE', #4567 ) ;
#1965 = CARTESIAN_POINT ( 'NONE',  ( -37.06788286210068151, 15.48641401289931174, 0.5000000000000004441 ) ) ;
#1966 = CARTESIAN_POINT ( 'NONE',  ( -82.47847513588165214, 13.13641401289931210, 1.500000000000000444 ) ) ;
#1967 = AXIS2_PLACEMENT_3D ( 'NONE', #3366, #2058, #6967 ) ;
#1968 = PLANE ( 'NONE',  #399 ) ;
#1969 = DIRECTION ( 'NONE',  ( 0.000000000000000000, -0.000000000000000000, 1.000000000000000000 ) ) ;
#1970 = EDGE_CURVE ( 'NONE', #4978, #7674, #7529, .T. ) ;
#1971 = VECTOR ( 'NONE', #9149, 1000.000000000000000 ) ;
#1972 = VECTOR ( 'NONE', #5643, 1000.000000000000000 ) ;
#1973 = VERTEX_POINT ( 'NONE', #5459 ) ;
#1974 = ORIENTED_EDGE ( 'NONE', *, *, #7174, .F. ) ;
#1975 = CARTESIAN_POINT ( 'NONE',  ( 45.84999999999998721, 25.65429687500000355, 6.000000000000000000 ) ) ;
#1976 = ORIENTED_EDGE ( 'NONE', *, *, #4088, .T. ) ;
#1977 = ORIENTED_EDGE ( 'NONE', *, *, #1638, .T. ) ;
#1978 = VECTOR ( 'NONE', #4255, 1000.000000000000000 ) ;
#1979 = CARTESIAN_POINT ( 'NONE',  ( 16.61788286210066801, 16.66277201088163551, 3.250000000000000444 ) ) ;
#1980 = AXIS2_PLACEMENT_3D ( 'NONE', #4833, #8213, #4641 ) ;
#1981 = DIRECTION ( 'NONE',  ( -1.000000000000000000, -6.546126324440782623E-16, -0.000000000000000000 ) ) ;
#1982 = EDGE_CURVE ( 'NONE', #680, #5424, #8330, .T. ) ;
#1983 = ADVANCED_FACE ( 'NONE', ( #6727 ), #1217, .F. ) ;
#1984 = DIRECTION ( 'NONE',  ( 1.000000000000000000, 0.000000000000000000, 0.000000000000000000 ) ) ;
#1985 = CARTESIAN_POINT ( 'NONE',  ( 16.61788286210066801, 20.16277201088163196, 3.250000000000000444 ) ) ;
#1986 = VECTOR ( 'NONE', #6887, 1000.000000000000000 ) ;
#1987 = CARTESIAN_POINT ( 'NONE',  ( 39.18788286210063632, 20.66277201088163551, 3.334863018289935699 ) ) ;
#1988 = ORIENTED_EDGE ( 'NONE', *, *, #2607, .F. ) ;
#1989 = DIRECTION ( 'NONE',  ( 0.000000000000000000, 0.000000000000000000, 1.000000000000000000 ) ) ;
#1990 = ORIENTED_EDGE ( 'NONE', *, *, #3280, .T. ) ;
#1991 = LINE ( 'NONE', #6381, #890 ) ;
#1992 = ORIENTED_EDGE ( 'NONE', *, *, #5933, .T. ) ;
#1993 = LINE ( 'NONE', #4042, #8112 ) ;
#1994 = VECTOR ( 'NONE', #7547, 1000.000000000000000 ) ;
#1995 = ORIENTED_EDGE ( 'NONE', *, *, #98, .F. ) ;
#1996 = EDGE_CURVE ( 'NONE', #7071, #597, #3357, .T. ) ;
#1997 = CARTESIAN_POINT ( 'NONE',  ( -55.32152486411841608, 23.17217973710070567, 6.000000000000000000 ) ) ;
#1998 = CARTESIAN_POINT ( 'NONE',  ( -36.41788286210069714, 22.78641401289931778, 1.500000000000000444 ) ) ;
#1999 = ORIENTED_EDGE ( 'NONE', *, *, #4307, .F. ) ;
#2000 = CARTESIAN_POINT ( 'NONE',  ( 36.58211713789931707, 13.48641401289931174, 0.5000000000000004441 ) ) ;
#2001 = ORIENTED_EDGE ( 'NONE', *, *, #7542, .T. ) ;
#2002 = ORIENTED_EDGE ( 'NONE', *, *, #5959, .F. ) ;
#2003 = DIRECTION ( 'NONE',  ( 1.000000000000000000, 0.000000000000000000, 0.000000000000000000 ) ) ;
#2004 = ORIENTED_EDGE ( 'NONE', *, *, #7398, .T. ) ;
#2005 = DIRECTION ( 'NONE',  ( -0.000000000000000000, -1.000000000000000000, -0.000000000000000000 ) ) ;
#2006 = LINE ( 'NONE', #5464, #2789 ) ;
#2007 = DIRECTION ( 'NONE',  ( 0.000000000000000000, 1.000000000000000000, 0.000000000000000000 ) ) ;
#2008 = ORIENTED_EDGE ( 'NONE', *, *, #1625, .F. ) ;
#2009 = FACE_OUTER_BOUND ( 'NONE', #4793, .T. ) ;
#2010 = VERTEX_POINT ( 'NONE', #3085 ) ;
#2011 = ADVANCED_FACE ( 'NONE', ( #1732 ), #2475, .F. ) ;
#2012 = PLANE ( 'NONE',  #5662 ) ;
#2013 = DIRECTION ( 'NONE',  ( -0.7071067811865479058, 0.7071067811865471286, 0.000000000000000000 ) ) ;
#2014 = EDGE_CURVE ( 'NONE', #7854, #8530, #6323, .T. ) ;
#2015 = DIRECTION ( 'NONE',  ( 2.478176394252582127E-16, -1.000000000000000000, 0.000000000000000000 ) ) ;
#2016 = CARTESIAN_POINT ( 'NONE',  ( 31.93211713789931139, 15.48641401289931174, 1.500000000000000444 ) ) ;
#2017 = VERTEX_POINT ( 'NONE', #3875 ) ;
#2018 = CARTESIAN_POINT ( 'NONE',  ( 92.00000000000000000, 15.48641401289931174, 0.000000000000000000 ) ) ;
#2019 = VERTEX_POINT ( 'NONE', #6681 ) ;
#2020 = DIRECTION ( 'NONE',  ( -0.000000000000000000, -0.000000000000000000, 1.000000000000000000 ) ) ;
#2021 = ORIENTED_EDGE ( 'NONE', *, *, #6042, .T. ) ;
#2022 = EDGE_CURVE ( 'NONE', #9018, #4290, #8801, .T. ) ;
#2023 = EDGE_CURVE ( 'NONE', #8495, #8658, #2384, .T. ) ;
#2024 = CARTESIAN_POINT ( 'NONE',  ( 14.23211713789931920, 15.48641401289931174, 0.000000000000000000 ) ) ;
#2025 = DIRECTION ( 'NONE',  ( -0.7071067811865352493, 0.000000000000000000, 0.7071067811865597852 ) ) ;
#2026 = AXIS2_PLACEMENT_3D ( 'NONE', #2055, #9136, #2756 ) ;
#2027 = CARTESIAN_POINT ( 'NONE',  ( -13.49635799798232760, 13.15429687499999645, 1.500000000000000444 ) ) ;
#2028 = DIRECTION ( 'NONE',  ( -1.000000000000000000, 0.000000000000000000, 0.000000000000000000 ) ) ;
#2029 = LINE ( 'NONE', #1892, #7035 ) ;
#2030 = VERTEX_POINT ( 'NONE', #6633 ) ;
#2031 = LINE ( 'NONE', #4882, #3722 ) ;
#2032 = ORIENTED_EDGE ( 'NONE', *, *, #6041, .F. ) ;
#2033 = CARTESIAN_POINT ( 'NONE',  ( -76.01788286210067724, 15.50448725967914143, 1.500000000000000444 ) ) ;
#2034 = EDGE_CURVE ( 'NONE', #249, #5339, #4918, .T. ) ;
#2035 = VECTOR ( 'NONE', #2702, 1000.000000000000000 ) ;
#2036 = ADVANCED_FACE ( 'NONE', ( #3828 ), #4527, .F. ) ;
#2037 = DIRECTION ( 'NONE',  ( -0.7071067811865479058, 0.7071067811865471286, 0.000000000000000000 ) ) ;
#2038 = ORIENTED_EDGE ( 'NONE', *, *, #6955, .T. ) ;
#2039 = AXIS2_PLACEMENT_3D ( 'NONE', #2709, #557, #5604 ) ;
#2040 = CARTESIAN_POINT ( 'NONE',  ( 8.932117137899320269, 15.48641401289931174, 0.5000000000000004441 ) ) ;
#2041 = VECTOR ( 'NONE', #6688, 1000.000000000000000 ) ;
#2042 = CARTESIAN_POINT ( 'NONE',  ( 8.932117137899320269, 15.48641401289931174, 0.000000000000000000 ) ) ;
#2043 = ORIENTED_EDGE ( 'NONE', *, *, #1649, .F. ) ;
#2044 = ORIENTED_EDGE ( 'NONE', *, *, #4896, .T. ) ;
#2045 = ORIENTED_EDGE ( 'NONE', *, *, #2698, .T. ) ;
#2046 = CARTESIAN_POINT ( 'NONE',  ( 39.25000000000000000, 23.15429687500000000, 4.000000000000000000 ) ) ;
#2047 = EDGE_CURVE ( 'NONE', #6485, #3954, #4570, .T. ) ;
#2048 = AXIS2_PLACEMENT_3D ( 'NONE', #6765, #8788, #5310 ) ;
#2049 = VECTOR ( 'NONE', #6868, 1000.000000000000000 ) ;
#2050 = EDGE_LOOP ( 'NONE', ( #1532, #3049, #1608, #5619 ) ) ;
#2051 = DIRECTION ( 'NONE',  ( 1.000000000000000000, 0.000000000000000000, 0.000000000000000000 ) ) ;
#2052 = LINE ( 'NONE', #1959, #8473 ) ;
#2053 = DIRECTION ( 'NONE',  ( 0.000000000000000000, 0.000000000000000000, 1.000000000000000000 ) ) ;
#2054 = EDGE_LOOP ( 'NONE', ( #9044, #5588, #1481, #5631 ) ) ;
#2055 = CARTESIAN_POINT ( 'NONE',  ( 69.00000000000000000, 0.000000000000000000, 0.5000000000000004441 ) ) ;
#2056 = VERTEX_POINT ( 'NONE', #7441 ) ;
#2057 = AXIS2_PLACEMENT_3D ( 'NONE', #4422, #928, #1718 ) ;
#2058 = DIRECTION ( 'NONE',  ( 0.000000000000000000, 1.000000000000000000, 0.000000000000000000 ) ) ;
#2059 = ORIENTED_EDGE ( 'NONE', *, *, #7250, .T. ) ;
#2060 = PLANE ( 'NONE',  #2193 ) ;
#2061 = EDGE_CURVE ( 'NONE', #3568, #4141, #7394, .T. ) ;
#2062 = DIRECTION ( 'NONE',  ( 1.000000000000000000, 0.000000000000000000, -0.000000000000000000 ) ) ;
#2063 = VERTEX_POINT ( 'NONE', #3134 ) ;
#2064 = VECTOR ( 'NONE', #2279, 1000.000000000000000 ) ;
#2065 = LINE ( 'NONE', #2680, #2812 ) ;
#2066 = CARTESIAN_POINT ( 'NONE',  ( 13.58211713789933484, 15.48641401289931174, 1.500000000000000444 ) ) ;
#2067 = ORIENTED_EDGE ( 'NONE', *, *, #7409, .T. ) ;
#2068 = DIRECTION ( 'NONE',  ( -1.000000000000000000, -0.000000000000000000, -0.000000000000000000 ) ) ;
#2069 = CARTESIAN_POINT ( 'NONE',  ( 8.932117137899320269, 15.48641401289931174, -2.999999999999999112 ) ) ;
#2070 = CARTESIAN_POINT ( 'NONE',  ( -9.321524864118385878, 13.13641401289931210, 6.000000000000000000 ) ) ;
#2071 = CARTESIAN_POINT ( 'NONE',  ( -82.41788286210069714, 20.78641401289931423, 0.5000000000000004441 ) ) ;
#2072 = ADVANCED_FACE ( 'NONE', ( #1871 ), #5988, .F. ) ;
#2073 = CARTESIAN_POINT ( 'NONE',  ( -91.75000000000000000, 11.05429687500000036, 6.000000000000000000 ) ) ;
#2074 = EDGE_CURVE ( 'NONE', #6556, #1207, #8723, .T. ) ;
#2075 = CARTESIAN_POINT ( 'NONE',  ( -8.767882862100673691, 20.78641401289931778, 1.500000000000000444 ) ) ;
#2076 = ORIENTED_EDGE ( 'NONE', *, *, #7007, .F. ) ;
#2077 = CARTESIAN_POINT ( 'NONE',  ( -59.41788286210069714, 20.78641401289931778, 0.5000000000000004441 ) ) ;
#2078 = ORIENTED_EDGE ( 'NONE', *, *, #4373, .T. ) ;
#2079 = VECTOR ( 'NONE', #9251, 1000.000000000000000 ) ;
#2080 = CARTESIAN_POINT ( 'NONE',  ( -84.75000000000001421, 13.15429687499998934, 4.000000000000000000 ) ) ;
#2081 = EDGE_LOOP ( 'NONE', ( #8833, #7384, #7419, #805 ) ) ;
#2082 = LINE ( 'NONE', #2648, #792 ) ;
#2083 = EDGE_LOOP ( 'NONE', ( #6285, #4418, #6179, #4913, #6262, #8208, #2145, #1704, #4575 ) ) ;
#2084 = LINE ( 'NONE', #688, #6747 ) ;
#2085 = DIRECTION ( 'NONE',  ( 0.000000000000000000, -0.000000000000000000, -1.000000000000000000 ) ) ;
#2086 = EDGE_CURVE ( 'NONE', #4800, #1789, #6079, .T. ) ;
#2087 = CARTESIAN_POINT ( 'NONE',  ( -32.32152486411842318, 23.17217973710070567, 1.500000000000000444 ) ) ;
#2088 = VERTEX_POINT ( 'NONE', #1824 ) ;
#2089 = ORIENTED_EDGE ( 'NONE', *, *, #7173, .F. ) ;
#2090 = EDGE_LOOP ( 'NONE', ( #9218, #2826, #4909 ) ) ;
#2091 = CARTESIAN_POINT ( 'NONE',  ( -54.76788286210067724, 15.50448725967914143, 1.500000000000000444 ) ) ;
#2092 = APPROVAL_PERSON_ORGANIZATION ( #8905, #3083, #9000 ) ;
#2093 = EDGE_LOOP ( 'NONE', ( #747, #359, #7066, #2132, #4381, #2612, #6277, #271, #8347, #7424, #6220 ) ) ;
#2094 = DIRECTION ( 'NONE',  ( -1.000000000000000000, -0.000000000000000000, -0.000000000000000000 ) ) ;
#2095 = CARTESIAN_POINT ( 'NONE',  ( -39.41788286210071135, 16.07582173911837486, 4.000000000000000000 ) ) ;
#2096 = ADVANCED_FACE ( 'NONE', ( #1082 ), #8241, .F. ) ;
#2097 = CARTESIAN_POINT ( 'NONE',  ( -55.41788286210067582, 20.78641401289931778, 0.5000000000000004441 ) ) ;
#2098 = ORIENTED_EDGE ( 'NONE', *, *, #9180, .T. ) ;
#2099 = EDGE_CURVE ( 'NONE', #1358, #7140, #2523, .T. ) ;
#2100 = DIRECTION ( 'NONE',  ( 1.000000000000000000, 0.000000000000000000, 0.000000000000000000 ) ) ;
#2101 = ORIENTED_EDGE ( 'NONE', *, *, #4456, .T. ) ;
#2102 = DIRECTION ( 'NONE',  ( 0.7071067811865471286, 0.7071067811865479058, 0.000000000000000000 ) ) ;
#2103 = AXIS2_PLACEMENT_3D ( 'NONE', #3543, #9273, #2846 ) ;
#2104 = FACE_OUTER_BOUND ( 'NONE', #1766, .T. ) ;
#2105 = DIRECTION ( 'NONE',  ( 1.000000000000000000, 4.336808689941999001E-16, 0.000000000000000000 ) ) ;
#2106 = ORIENTED_EDGE ( 'NONE', *, *, #992, .F. ) ;
#2107 = CIRCLE ( 'NONE', #317, 0.5000000000000000000 ) ;
#2108 = DIRECTION ( 'NONE',  ( 0.000000000000000000, 0.000000000000000000, -1.000000000000000000 ) ) ;
#2109 = ORIENTED_EDGE ( 'NONE', *, *, #959, .F. ) ;
#2110 = LINE ( 'NONE', #2066, #3461 ) ;
#2111 = ORIENTED_EDGE ( 'NONE', *, *, #8281, .T. ) ;
#2112 = DIRECTION ( 'NONE',  ( -1.000000000000000000, -0.000000000000000000, -0.000000000000000000 ) ) ;
#2113 = VECTOR ( 'NONE', #3549, 1000.000000000000000 ) ;
#2114 = CARTESIAN_POINT ( 'NONE',  ( 9.582117137899304637, 13.48641401289930997, 0.5000000000000004441 ) ) ;
#2115 = CARTESIAN_POINT ( 'NONE',  ( -60.06788286210068151, 20.78641401289931423, -2.999999999999999112 ) ) ;
#2116 = LINE ( 'NONE', #3613, #89 ) ;
#2117 = DIRECTION ( 'NONE',  ( 1.000000000000000000, 0.000000000000000000, 0.000000000000000000 ) ) ;
#2118 = VERTEX_POINT ( 'NONE', #1129 ) ;
#2119 = DIRECTION ( 'NONE',  ( -6.546126324440781637E-16, 1.000000000000000000, 0.000000000000000000 ) ) ;
#2120 = VECTOR ( 'NONE', #2884, 1000.000000000000000 ) ;
#2121 = EDGE_CURVE ( 'NONE', #377, #2225, #3965, .T. ) ;
#2122 = VERTEX_POINT ( 'NONE', #8993 ) ;
#2123 = AXIS2_PLACEMENT_3D ( 'NONE', #244, #3096, #8011 ) ;
#2124 = EDGE_CURVE ( 'NONE', #8380, #4392, #2572, .T. ) ;
#2125 = DIRECTION ( 'NONE',  ( 0.000000000000000000, 0.000000000000000000, 1.000000000000000000 ) ) ;
#2126 = ADVANCED_FACE ( 'NONE', ( #9085 ), #1222, .T. ) ;
#2127 = VERTEX_POINT ( 'NONE', #511 ) ;
#2128 = VECTOR ( 'NONE', #6804, 1000.000000000000000 ) ;
#2129 = PLANE ( 'NONE',  #35 ) ;
#2130 = LINE ( 'NONE', #642, #2672 ) ;
#2131 = LINE ( 'NONE', #7088, #3890 ) ;
#2132 = ORIENTED_EDGE ( 'NONE', *, *, #548, .T. ) ;
#2133 = EDGE_LOOP ( 'NONE', ( #1681, #3656, #2867, #4829, #7707 ) ) ;
#2134 = DIRECTION ( 'NONE',  ( -0.000000000000000000, -0.000000000000000000, 1.000000000000000000 ) ) ;
#2135 = VECTOR ( 'NONE', #1886, 1000.000000000000000 ) ;
#2136 = ADVANCED_FACE ( 'NONE', ( #8379 ), #7623, .F. ) ;
#2137 = EDGE_CURVE ( 'NONE', #278, #3501, #3927, .T. ) ;
#2138 = ORIENTED_EDGE ( 'NONE', *, *, #7186, .T. ) ;
#2139 = CARTESIAN_POINT ( 'NONE',  ( -91.75000000000001421, 24.65429687500000711, 6.000000000000000000 ) ) ;
#2140 = CARTESIAN_POINT ( 'NONE',  ( 32.50364200201764930, 23.15429687500000000, 1.500000000000000444 ) ) ;
#2141 = DIRECTION ( 'NONE',  ( 0.000000000000000000, 0.000000000000000000, 1.000000000000000000 ) ) ;
#2142 = ORIENTED_EDGE ( 'NONE', *, *, #8901, .T. ) ;
#2143 = DIRECTION ( 'NONE',  ( 0.000000000000000000, 1.000000000000000000, -0.000000000000000000 ) ) ;
#2144 = VERTEX_POINT ( 'NONE', #5605 ) ;
#2145 = ORIENTED_EDGE ( 'NONE', *, *, #5240, .T. ) ;
#2146 = CARTESIAN_POINT ( 'NONE',  ( -83.06788286210067440, 15.48641401289931174, 0.5000000000000004441 ) ) ;
#2147 = VERTEX_POINT ( 'NONE', #4856 ) ;
#2148 = EDGE_CURVE ( 'NONE', #7812, #2874, #4903, .T. ) ;
#2149 = EDGE_CURVE ( 'NONE', #5482, #4392, #8429, .T. ) ;
#2150 = PLANE ( 'NONE',  #8329 ) ;
#2151 = DIRECTION ( 'NONE',  ( -0.7071067811865479058, 0.7071067811865471286, 0.000000000000000000 ) ) ;
#2152 = VERTEX_POINT ( 'NONE', #6216 ) ;
#2153 = DIRECTION ( 'NONE',  ( -0.7071067811865475727, -0.7071067811865475727, 0.000000000000000000 ) ) ;
#2154 = VERTEX_POINT ( 'NONE', #1961 ) ;
#2155 = DIRECTION ( 'NONE',  ( 0.000000000000000000, -0.000000000000000000, 1.000000000000000000 ) ) ;
#2156 = ORIENTED_EDGE ( 'NONE', *, *, #6278, .F. ) ;
#2157 = EDGE_CURVE ( 'NONE', #23, #3443, #3408, .T. ) ;
#2158 = LINE ( 'NONE', #7869, #1694 ) ;
#2159 = LINE ( 'NONE', #7210, #6667 ) ;
#2160 = DIRECTION ( 'NONE',  ( -0.000000000000000000, 1.000000000000000000, 0.000000000000000000 ) ) ;
#2161 = DIRECTION ( 'NONE',  ( -0.000000000000000000, -0.000000000000000000, 1.000000000000000000 ) ) ;
#2162 = LINE ( 'NONE', #2347, #8411 ) ;
#2163 = ORIENTED_EDGE ( 'NONE', *, *, #9007, .T. ) ;
#2164 = CARTESIAN_POINT ( 'NONE',  ( -37.06788286210068151, 15.48641401289931174, -2.999999999999999112 ) ) ;
#2165 = CARTESIAN_POINT ( 'NONE',  ( -59.49635799798230806, 13.15429687499998579, 6.000000000000000000 ) ) ;
#2166 = ORIENTED_EDGE ( 'NONE', *, *, #3548, .T. ) ;
#2167 = CARTESIAN_POINT ( 'NONE',  ( -62.41788286210071135, 20.23277201088163224, 1.500000000000000444 ) ) ;
#2168 = ORIENTED_EDGE ( 'NONE', *, *, #4062, .T. ) ;
#2169 = EDGE_CURVE ( 'NONE', #1733, #5377, #5656, .T. ) ;
#2170 = PLANE ( 'NONE',  #4655 ) ;
#2171 = DIRECTION ( 'NONE',  ( 0.000000000000000000, 0.000000000000000000, 1.000000000000000000 ) ) ;
#2172 = DIRECTION ( 'NONE',  ( 0.7071067811865483499, -0.7071067811865466846, 0.000000000000000000 ) ) ;
#2173 = ORIENTED_EDGE ( 'NONE', *, *, #4831, .F. ) ;
#2174 = ADVANCED_FACE ( 'NONE', ( #8519 ), #2710, .F. ) ;
#2175 = ORIENTED_EDGE ( 'NONE', *, *, #2737, .T. ) ;
#2176 = EDGE_LOOP ( 'NONE', ( #6189, #8976, #4765, #9160 ) ) ;
#2177 = VECTOR ( 'NONE', #816, 1000.000000000000000 ) ;
#2178 = CARTESIAN_POINT ( 'NONE',  ( -36.47847513588165214, 13.13641401289931210, 6.000000000000000000 ) ) ;
#2179 = FACE_OUTER_BOUND ( 'NONE', #6645, .T. ) ;
#2180 = ORIENTED_EDGE ( 'NONE', *, *, #1311, .T. ) ;
#2181 = AXIS2_PLACEMENT_3D ( 'NONE', #7393, #372, #3223 ) ;
#2182 = VECTOR ( 'NONE', #1076, 1000.000000000000000 ) ;
#2183 = LINE ( 'NONE', #5034, #2500 ) ;
#2184 = DIRECTION ( 'NONE',  ( 0.000000000000000000, 1.000000000000000000, 0.000000000000000000 ) ) ;
#2185 = DIRECTION ( 'NONE',  ( -0.000000000000000000, -0.000000000000000000, 1.000000000000000000 ) ) ;
#2186 = ORIENTED_EDGE ( 'NONE', *, *, #1535, .F. ) ;
#2187 = FACE_OUTER_BOUND ( 'NONE', #5244, .T. ) ;
#2188 = EDGE_CURVE ( 'NONE', #912, #3876, #2665, .T. ) ;
#2189 = ORIENTED_EDGE ( 'NONE', *, *, #1754, .F. ) ;
#2190 = ADVANCED_FACE ( 'NONE', ( #5513 ), #7671, .F. ) ;
#2191 = VECTOR ( 'NONE', #6406, 1000.000000000000000 ) ;
#2192 = DIRECTION ( 'NONE',  ( -1.000000000000000000, -0.000000000000000000, -0.000000000000000000 ) ) ;
#2193 = AXIS2_PLACEMENT_3D ( 'NONE', #1457, #1413, #6496 ) ;
#2194 = FACE_OUTER_BOUND ( 'NONE', #6697, .T. ) ;
#2195 = DIRECTION ( 'NONE',  ( 0.000000000000000000, -0.000000000000000000, 1.000000000000000000 ) ) ;
#2196 = VECTOR ( 'NONE', #8799, 1000.000000000000000 ) ;
#2197 = VERTEX_POINT ( 'NONE', #8469 ) ;
#2198 = ADVANCED_FACE ( 'NONE', ( #6261 ), #1269, .F. ) ;
#2199 = EDGE_CURVE ( 'NONE', #6126, #4953, #7334, .T. ) ;
#2200 = CARTESIAN_POINT ( 'NONE',  ( -6.382117137899323112, 20.23277201088161803, 3.745075751779464834 ) ) ;
#2201 = LINE ( 'NONE', #1647, #8266 ) ;
#2202 = AXIS2_PLACEMENT_3D ( 'NONE', #7448, #1045, #2485 ) ;
#2203 = PERSON_AND_ORGANIZATION ( #8110, #7771 ) ;
#2204 = DIRECTION ( 'NONE',  ( -0.7071067811865479058, 0.7071067811865471286, 0.000000000000000000 ) ) ;
#2205 = DIRECTION ( 'NONE',  ( 0.000000000000000000, 0.000000000000000000, -1.000000000000000000 ) ) ;
#2206 = FACE_OUTER_BOUND ( 'NONE', #3614, .T. ) ;
#2207 = CARTESIAN_POINT ( 'NONE',  ( -75.38211713789932844, 16.07582173911838197, 1.500000000000000444 ) ) ;
#2208 = ORIENTED_EDGE ( 'NONE', *, *, #4406, .F. ) ;
#2209 = EDGE_CURVE ( 'NONE', #3274, #9023, #559, .T. ) ;
#2210 = LINE ( 'NONE', #2256, #3151 ) ;
#2211 = ORIENTED_EDGE ( 'NONE', *, *, #2149, .T. ) ;
#2212 = EDGE_CURVE ( 'NONE', #5134, #2010, #9134, .T. ) ;
#2213 = LINE ( 'NONE', #1655, #8523 ) ;
#2214 = VERTEX_POINT ( 'NONE', #2618 ) ;
#2215 = VECTOR ( 'NONE', #4529, 1000.000000000000000 ) ;
#2216 = VECTOR ( 'NONE', #7133, 1000.000000000000000 ) ;
#2217 = LINE ( 'NONE', #110, #7203 ) ;
#2218 = ORIENTED_EDGE ( 'NONE', *, *, #5530, .T. ) ;
#2219 = CARTESIAN_POINT ( 'NONE',  ( 32.58211713789929576, 15.48641401289931174, 0.5000000000000004441 ) ) ;
#2220 = CARTESIAN_POINT ( 'NONE',  ( -29.38211713789932844, 16.07582173911838197, 4.000000000000000000 ) ) ;
#2221 = VECTOR ( 'NONE', #4789, 1000.000000000000000 ) ;
#2222 = CARTESIAN_POINT ( 'NONE',  ( -89.50000000000001421, 0.000000000000000000, 0.3499999999999999223 ) ) ;
#2223 = ORIENTED_EDGE ( 'NONE', *, *, #5217, .F. ) ;
#2224 = DIRECTION ( 'NONE',  ( -1.000000000000000000, -0.000000000000000000, -0.000000000000000000 ) ) ;
#2225 = VERTEX_POINT ( 'NONE', #1363 ) ;
#2226 = DIRECTION ( 'NONE',  ( 1.000000000000000000, 0.000000000000000000, -0.000000000000000000 ) ) ;
#2227 = DIRECTION ( 'NONE',  ( -0.000000000000000000, -0.000000000000000000, 1.000000000000000000 ) ) ;
#2228 = VECTOR ( 'NONE', #6013, 1000.000000000000000 ) ;
#2229 = ORIENTED_EDGE ( 'NONE', *, *, #4934, .F. ) ;
#2230 = CARTESIAN_POINT ( 'NONE',  ( 39.25000000000000000, 23.15429687500000000, 6.000000000000000000 ) ) ;
#2231 = DIRECTION ( 'NONE',  ( 0.000000000000000000, 0.000000000000000000, -1.000000000000000000 ) ) ;
#2232 = LINE ( 'NONE', #1541, #2997 ) ;
#2233 = ORIENTED_EDGE ( 'NONE', *, *, #6386, .F. ) ;
#2234 = CARTESIAN_POINT ( 'NONE',  ( 32.52152486411834076, 13.13641401289931210, 1.500000000000000444 ) ) ;
#2235 = ORIENTED_EDGE ( 'NONE', *, *, #4320, .T. ) ;
#2236 = VERTEX_POINT ( 'NONE', #2801 ) ;
#2237 = AXIS2_PLACEMENT_3D ( 'NONE', #6549, #5239, #5101 ) ;
#2238 = PLANE ( 'NONE',  #8554 ) ;
#2239 = ORIENTED_EDGE ( 'NONE', *, *, #2199, .F. ) ;
#2240 = EDGE_CURVE ( 'NONE', #4653, #8393, #5465, .T. ) ;
#2241 = EDGE_CURVE ( 'NONE', #8270, #8938, #6580, .T. ) ;
#2242 = CYLINDRICAL_SURFACE ( 'NONE', #1314, 0.5000000000000004441 ) ;
#2243 = CARTESIAN_POINT ( 'NONE',  ( -32.32152486411842318, 23.17217973710070567, 1.500000000000000444 ) ) ;
#2244 = LINE ( 'NONE', #4436, #3160 ) ;
#2245 = VERTEX_POINT ( 'NONE', #5834 ) ;
#2246 = LINE ( 'NONE', #8713, #4747 ) ;
#2247 = ORIENTED_EDGE ( 'NONE', *, *, #6867, .T. ) ;
#2248 = VECTOR ( 'NONE', #7565, 1000.000000000000000 ) ;
#2249 = DIRECTION ( 'NONE',  ( 1.000000000000000000, -0.000000000000000000, 0.000000000000000000 ) ) ;
#2250 = EDGE_CURVE ( 'NONE', #153, #3851, #7850, .T. ) ;
#2251 = DIRECTION ( 'NONE',  ( -0.7071067811865479058, -0.7071067811865471286, 0.000000000000000000 ) ) ;
#2252 = FACE_OUTER_BOUND ( 'NONE', #8302, .T. ) ;
#2253 = VECTOR ( 'NONE', #2117, 1000.000000000000000 ) ;
#2254 = CARTESIAN_POINT ( 'NONE',  ( -55.41788286210067582, 13.48641401289931174, 0.5000000000000004441 ) ) ;
#2255 = EDGE_LOOP ( 'NONE', ( #4804, #1881, #1954, #5248 ) ) ;
#2256 = CARTESIAN_POINT ( 'NONE',  ( 29.58211713789928154, 16.07582173911837486, 4.000000000000000000 ) ) ;
#2257 = ORIENTED_EDGE ( 'NONE', *, *, #7213, .F. ) ;
#2258 = CARTESIAN_POINT ( 'NONE',  ( 9.582117137899304637, 20.78641401289931778, 0.5000000000000004441 ) ) ;
#2259 = ORIENTED_EDGE ( 'NONE', *, *, #5651, .T. ) ;
#2260 = VECTOR ( 'NONE', #5043, 1000.000000000000000 ) ;
#2261 = CARTESIAN_POINT ( 'NONE',  ( 37.23211713789930855, 20.78641401289931778, 0.5000000000000004441 ) ) ;
#2262 = EDGE_CURVE ( 'NONE', #6346, #4541, #7145, .T. ) ;
#2263 = ORIENTED_EDGE ( 'NONE', *, *, #640, .F. ) ;
#2264 = EDGE_CURVE ( 'NONE', #1002, #8938, #8655, .T. ) ;
#2265 = LINE ( 'NONE', #916, #3324 ) ;
#2266 = CARTESIAN_POINT ( 'NONE',  ( -6.640800136779576590, 20.49145500976187151, 3.708499914937266162 ) ) ;
#2267 = VECTOR ( 'NONE', #2134, 1000.000000000000000 ) ;
#2268 = DIRECTION ( 'NONE',  ( -1.000000000000000000, -6.546126324440782623E-16, -0.000000000000000000 ) ) ;
#2269 = ORIENTED_EDGE ( 'NONE', *, *, #1371, .F. ) ;
#2270 = DIRECTION ( 'NONE',  ( -0.000000000000000000, -0.000000000000000000, 1.000000000000000000 ) ) ;
#2271 = VECTOR ( 'NONE', #6517, 1000.000000000000000 ) ;
#2272 = ORIENTED_EDGE ( 'NONE', *, *, #558, .F. ) ;
#2273 = ORIENTED_EDGE ( 'NONE', *, *, #5521, .F. ) ;
#2274 = LINE ( 'NONE', #4417, #1682 ) ;
#2275 = AXIS2_PLACEMENT_3D ( 'NONE', #4554, #7378, #1855 ) ;
#2276 = ORIENTED_EDGE ( 'NONE', *, *, #1101, .F. ) ;
#2277 = EDGE_CURVE ( 'NONE', #3191, #2838, #6399, .T. ) ;
#2278 = CARTESIAN_POINT ( 'NONE',  ( -84.75000000000001421, 23.15429687499998579, 4.000000000000000000 ) ) ;
#2279 = DIRECTION ( 'NONE',  ( -0.000000000000000000, 1.000000000000000000, -0.000000000000000000 ) ) ;
#2280 = LINE ( 'NONE', #7289, #7930 ) ;
#2281 = ORIENTED_EDGE ( 'NONE', *, *, #7480, .F. ) ;
#2282 = DIRECTION ( 'NONE',  ( 0.000000000000000000, 0.000000000000000000, 1.000000000000000000 ) ) ;
#2283 = ORIENTED_EDGE ( 'NONE', *, *, #7699, .T. ) ;
#2284 = ORIENTED_EDGE ( 'NONE', *, *, #6319, .T. ) ;
#2285 = AXIS2_PLACEMENT_3D ( 'NONE', #6935, #2634, #3336 ) ;
#2286 = CARTESIAN_POINT ( 'NONE',  ( 7.012117137899273267, 20.66277201088163196, 3.250000000000000444 ) ) ;
#2287 = ORIENTED_EDGE ( 'NONE', *, *, #2304, .F. ) ;
#2288 = AXIS2_PLACEMENT_3D ( 'NONE', #4054, #6915, #508 ) ;
#2289 = FACE_OUTER_BOUND ( 'NONE', #2255, .T. ) ;
#2290 = CARTESIAN_POINT ( 'NONE',  ( -15.98788286210070453, 20.66277201088163196, 3.250000000000000444 ) ) ;
#2291 = EDGE_CURVE ( 'NONE', #2405, #7181, #2326, .T. ) ;
#2292 = DIRECTION ( 'NONE',  ( -1.000000000000000000, -0.000000000000000000, -0.000000000000000000 ) ) ;
#2293 = ORIENTED_EDGE ( 'NONE', *, *, #8222, .T. ) ;
#2294 = LINE ( 'NONE', #1463, #7141 ) ;
#2295 = ORIENTED_EDGE ( 'NONE', *, *, #1482, .T. ) ;
#2296 = LINE ( 'NONE', #7917, #8063 ) ;
#2297 = CIRCLE ( 'NONE', #5144, 0.5000000000000000000 ) ;
#2298 = CARTESIAN_POINT ( 'NONE',  ( -13.47847513588162904, 23.17217973710070567, 1.500000000000000444 ) ) ;
#2299 = LINE ( 'NONE', #5808, #7586 ) ;
#2300 = DIRECTION ( 'NONE',  ( 1.000000000000000000, -0.000000000000000000, 0.000000000000000000 ) ) ;
#2301 = ORIENTED_EDGE ( 'NONE', *, *, #2785, .F. ) ;
#2302 = CARTESIAN_POINT ( 'NONE',  ( 30.01211713789927060, 20.66277201088162840, 2.988744022555687163 ) ) ;
#2303 = ORIENTED_EDGE ( 'NONE', *, *, #3515, .T. ) ;
#2304 = EDGE_CURVE ( 'NONE', #8741, #6854, #2280, .T. ) ;
#2305 = EDGE_CURVE ( 'NONE', #3956, #3361, #81, .T. ) ;
#2306 = CARTESIAN_POINT ( 'NONE',  ( -29.38211713789932844, 20.23277201088161803, 1.500000000000000444 ) ) ;
#2307 = ORIENTED_EDGE ( 'NONE', *, *, #4062, .F. ) ;
#2308 = PLANE ( 'NONE',  #6607 ) ;
#2309 = EDGE_LOOP ( 'NONE', ( #3398, #1791, #8569, #7433 ) ) ;
#2310 = CARTESIAN_POINT ( 'NONE',  ( -91.75000000000001421, 15.66277201088163373, 3.250000000000000444 ) ) ;
#2311 = CARTESIAN_POINT ( 'NONE',  ( 39.25000000000000000, 13.15429687500000355, 6.000000000000000000 ) ) ;
#2312 = FACE_OUTER_BOUND ( 'NONE', #2346, .T. ) ;
#2313 = ORIENTED_EDGE ( 'NONE', *, *, #3640, .F. ) ;
#2314 = DIRECTION ( 'NONE',  ( -1.000000000000000000, 0.000000000000000000, -0.000000000000000000 ) ) ;
#2315 = ORIENTED_EDGE ( 'NONE', *, *, #208, .T. ) ;
#2316 = ORIENTED_EDGE ( 'NONE', *, *, #4456, .F. ) ;
#2317 = EDGE_CURVE ( 'NONE', #1283, #4906, #5884, .T. ) ;
#2318 = DIRECTION ( 'NONE',  ( 0.000000000000000000, -0.000000000000000000, 1.000000000000000000 ) ) ;
#2319 = ADVANCED_FACE ( 'NONE', ( #797, #175 ), #701, .F. ) ;
#2320 = DIRECTION ( 'NONE',  ( -1.000000000000000000, 0.000000000000000000, -0.000000000000000000 ) ) ;
#2321 = DIRECTION ( 'NONE',  ( 1.000000000000000000, 0.000000000000000000, 0.000000000000000000 ) ) ;
#2322 = ORIENTED_EDGE ( 'NONE', *, *, #6983, .F. ) ;
#2323 = DIRECTION ( 'NONE',  ( -0.000000000000000000, -0.000000000000000000, 1.000000000000000000 ) ) ;
#2324 = CARTESIAN_POINT ( 'NONE',  ( -75.81211713789934947, 20.66277201088163196, 3.250000000000000444 ) ) ;
#2325 = AXIS2_PLACEMENT_3D ( 'NONE', #8568, #4993, #5791 ) ;
#2326 = LINE ( 'NONE', #3590, #914 ) ;
#2327 = ORIENTED_EDGE ( 'NONE', *, *, #4347, .T. ) ;
#2328 = CARTESIAN_POINT ( 'NONE',  ( 46.25000000000000000, 11.05429687500000036, 6.000000000000000000 ) ) ;
#2329 = ORIENTED_EDGE ( 'NONE', *, *, #88, .T. ) ;
#2330 = EDGE_CURVE ( 'NONE', #1712, #2749, #39, .T. ) ;
#2331 = CARTESIAN_POINT ( 'NONE',  ( 0.000000000000000000, 0.000000000000000000, 0.5000000000000004441 ) ) ;
#2332 = EDGE_LOOP ( 'NONE', ( #1784, #354, #1548, #296 ) ) ;
#2333 = AXIS2_PLACEMENT_3D ( 'NONE', #8773, #3197, #8819 ) ;
#2334 = FACE_OUTER_BOUND ( 'NONE', #7906, .T. ) ;
#2335 = LINE ( 'NONE', #3084, #5023 ) ;
#2336 = DIRECTION ( 'NONE',  ( -0.7071067811865479058, -0.7071067811865471286, 0.000000000000000000 ) ) ;
#2337 = CIRCLE ( 'NONE', #8614, 0.5000000000000000000 ) ;
#2338 = ORIENTED_EDGE ( 'NONE', *, *, #4067, .F. ) ;
#2339 = AXIS2_PLACEMENT_3D ( 'NONE', #7587, #9001, #2583 ) ;
#2340 = FACE_OUTER_BOUND ( 'NONE', #659, .T. ) ;
#2341 = ORIENTED_EDGE ( 'NONE', *, *, #6076, .F. ) ;
#2342 = APPLICATION_PROTOCOL_DEFINITION ( 'international standard', 'config_control_design', 1994, #5742 ) ;
#2343 = VECTOR ( 'NONE', #5985, 1000.000000000000000 ) ;
#2344 = DIRECTION ( 'NONE',  ( 1.000000000000000000, 0.000000000000000000, -0.000000000000000000 ) ) ;
#2345 = LINE ( 'NONE', #8811, #4143 ) ;
#2346 = EDGE_LOOP ( 'NONE', ( #43, #8925, #5300, #1877 ) ) ;
#2347 = CARTESIAN_POINT ( 'NONE',  ( 32.58211713789929576, 20.78641401289931778, 1.500000000000000444 ) ) ;
#2348 = ORIENTED_EDGE ( 'NONE', *, *, #1558, .T. ) ;
#2349 = AXIS2_PLACEMENT_3D ( 'NONE', #6505, #3611, #7118 ) ;
#2350 = DIRECTION ( 'NONE',  ( 0.000000000000000000, 0.000000000000000000, 1.000000000000000000 ) ) ;
#2351 = EDGE_LOOP ( 'NONE', ( #8044, #2322, #2422, #2315 ) ) ;
#2352 = DIRECTION ( 'NONE',  ( -0.000000000000000000, 1.000000000000000000, -0.000000000000000000 ) ) ;
#2353 = DIRECTION ( 'NONE',  ( -0.000000000000000000, -0.000000000000000000, 1.000000000000000000 ) ) ;
#2354 = EDGE_CURVE ( 'NONE', #697, #4847, #2232, .T. ) ;
#2355 = EDGE_CURVE ( 'NONE', #3710, #1366, #2891, .T. ) ;
#2356 = DIRECTION ( 'NONE',  ( 1.000000000000000000, -0.000000000000000000, 0.000000000000000000 ) ) ;
#2357 = CARTESIAN_POINT ( 'NONE',  ( 16.61788286210066801, 16.07582173911838197, 1.500000000000000444 ) ) ;
#2358 = DIRECTION ( 'NONE',  ( 1.000000000000000000, 1.259073490628327444E-16, -0.000000000000000000 ) ) ;
#2359 = ORIENTED_EDGE ( 'NONE', *, *, #7390, .T. ) ;
#2360 = LINE ( 'NONE', #4412, #8365 ) ;
#2361 = EDGE_LOOP ( 'NONE', ( #3957, #563, #7731, #398, #5013, #2657, #3793, #4695 ) ) ;
#2362 = ORIENTED_EDGE ( 'NONE', *, *, #6521, .T. ) ;
#2363 = DIRECTION ( 'NONE',  ( -0.000000000000000000, -0.000000000000000000, 1.000000000000000000 ) ) ;
#2364 = DIRECTION ( 'NONE',  ( -1.000000000000000000, -0.000000000000000000, -0.000000000000000000 ) ) ;
#2365 = CARTESIAN_POINT ( 'NONE',  ( -16.41788286210070424, 20.16277201088163196, 3.250000000000000444 ) ) ;
#2366 = ORIENTED_EDGE ( 'NONE', *, *, #2724, .T. ) ;
#2367 = AXIS2_PLACEMENT_3D ( 'NONE', #7396, #8244, #4574 ) ;
#2368 = ADVANCED_FACE ( 'NONE', ( #5744 ), #5038, .F. ) ;
#2369 = DIRECTION ( 'NONE',  ( 0.000000000000000000, 1.000000000000000000, 0.000000000000000000 ) ) ;
#2370 = CARTESIAN_POINT ( 'NONE',  ( 6.582117137899287762, 20.23277201088163224, 1.500000000000000444 ) ) ;
#2371 = CARTESIAN_POINT ( 'NONE',  ( -89.50000000000001421, 22.90429687500000355, 0.5999999999999999778 ) ) ;
#2372 = ORIENTED_EDGE ( 'NONE', *, *, #7283, .T. ) ;
#2373 = CARTESIAN_POINT ( 'NONE',  ( -37.06788286210068151, 20.80448725967914925, 1.500000000000000444 ) ) ;
#2374 = ORIENTED_EDGE ( 'NONE', *, *, #3303, .F. ) ;
#2375 = ORIENTED_EDGE ( 'NONE', *, *, #1135, .F. ) ;
#2376 = CARTESIAN_POINT ( 'NONE',  ( -78.41788286210069714, 22.78641401289931778, 0.5000000000000004441 ) ) ;
#2377 = ORIENTED_EDGE ( 'NONE', *, *, #6098, .T. ) ;
#2378 = VECTOR ( 'NONE', #3099, 1000.000000000000000 ) ;
#2379 = CARTESIAN_POINT ( 'NONE',  ( -82.47847513588163793, 23.17217973710070567, 1.500000000000000444 ) ) ;
#2380 = EDGE_CURVE ( 'NONE', #3630, #5134, #8605, .T. ) ;
#2381 = DIRECTION ( 'NONE',  ( -0.7071067811865338060, -0.5000000000000104361, -0.5000000000000091038 ) ) ;
#2382 = EDGE_CURVE ( 'NONE', #2030, #7001, #5691, .T. ) ;
#2383 = CARTESIAN_POINT ( 'NONE',  ( -13.41788286210068826, 15.48641401289931174, 0.5000000000000004441 ) ) ;
#2384 = LINE ( 'NONE', #8290, #7527 ) ;
#2385 = ORIENTED_EDGE ( 'NONE', *, *, #5069, .F. ) ;
#2386 = LINE ( 'NONE', #8147, #2215 ) ;
#2387 = VERTEX_POINT ( 'NONE', #1448 ) ;
#2388 = LINE ( 'NONE', #339, #6818 ) ;
#2389 = DIRECTION ( 'NONE',  ( -9.251858538542971828E-16, 1.000000000000000000, 0.000000000000000000 ) ) ;
#2390 = VERTEX_POINT ( 'NONE', #6489 ) ;
#2391 = AXIS2_PLACEMENT_3D ( 'NONE', #7811, #1407, #4241 ) ;
#2392 = CC_DESIGN_PERSON_AND_ORGANIZATION_ASSIGNMENT ( #1832, #7630, ( #8225 ) ) ;
#2393 = VERTEX_POINT ( 'NONE', #1495 ) ;
#2394 = DIRECTION ( 'NONE',  ( -1.000000000000000000, -0.000000000000000000, -0.000000000000000000 ) ) ;
#2395 = VERTEX_POINT ( 'NONE', #7948 ) ;
#2396 = DIRECTION ( 'NONE',  ( 0.000000000000000000, -1.000000000000000000, 0.000000000000000000 ) ) ;
#2397 = VECTOR ( 'NONE', #6616, 1000.000000000000000 ) ;
#2398 = DIRECTION ( 'NONE',  ( 1.259073490628327690E-16, -1.000000000000000000, 0.000000000000000000 ) ) ;
#2399 = CARTESIAN_POINT ( 'NONE',  ( 39.25000000000000000, 23.15429687500000000, 4.000000000000000000 ) ) ;
#2400 = PLANE ( 'NONE',  #7009 ) ;
#2401 = EDGE_CURVE ( 'NONE', #2798, #363, #8151, .T. ) ;
#2402 = LINE ( 'NONE', #4457, #7493 ) ;
#2403 = ORIENTED_EDGE ( 'NONE', *, *, #1361, .F. ) ;
#2404 = CARTESIAN_POINT ( 'NONE',  ( -62.41788286210071135, 20.23277201088163224, 3.745075751779463502 ) ) ;
#2405 = VERTEX_POINT ( 'NONE', #3678 ) ;
#2406 = ORIENTED_EDGE ( 'NONE', *, *, #8019, .F. ) ;
#2407 = AXIS2_PLACEMENT_3D ( 'NONE', #5316, #1124, #1774 ) ;
#2408 = DIRECTION ( 'NONE',  ( 1.000000000000000000, 0.000000000000000000, 0.000000000000000000 ) ) ;
#2409 = EDGE_CURVE ( 'NONE', #8875, #7379, #9141, .T. ) ;
#2410 = CARTESIAN_POINT ( 'NONE',  ( 8.932117137899320269, 0.000000000000000000, 0.000000000000000000 ) ) ;
#2411 = ADVANCED_FACE ( 'NONE', ( #6025 ), #270, .F. ) ;
#2412 = DIRECTION ( 'NONE',  ( -0.000000000000000000, -0.000000000000000000, -1.000000000000000000 ) ) ;
#2413 = EDGE_LOOP ( 'NONE', ( #8825, #4362, #206, #8996 ) ) ;
#2414 = VECTOR ( 'NONE', #5748, 1000.000000000000000 ) ;
#2415 = LINE ( 'NONE', #5265, #4737 ) ;
#2416 = AXIS2_PLACEMENT_3D ( 'NONE', #9199, #2775, #5628 ) ;
#2417 = CARTESIAN_POINT ( 'NONE',  ( 31.93211713789931139, 20.78641401289931068, 1.500000000000000444 ) ) ;
#2418 = DIRECTION ( 'NONE',  ( 1.000000000000000000, -1.734723475976806709E-18, -0.000000000000000000 ) ) ;
#2419 = EDGE_LOOP ( 'NONE', ( #1565, #4740, #5003, #2564, #1272, #4298, #6490, #8745, #9137, #665, #9091, #5039, #1144, #4223, #9112, #505, #8579, #9185, #644, #4287, #1037, #5579, #6814, #953 ) ) ;
#2420 = LINE ( 'NONE', #3911, #3972 ) ;
#2421 = ORIENTED_EDGE ( 'NONE', *, *, #367, .F. ) ;
#2422 = ORIENTED_EDGE ( 'NONE', *, *, #2673, .F. ) ;
#2423 = EDGE_CURVE ( 'NONE', #5383, #6609, #8935, .T. ) ;
#2424 = DIRECTION ( 'NONE',  ( -1.000000000000000000, 0.000000000000000000, -0.000000000000000000 ) ) ;
#2425 = EDGE_CURVE ( 'NONE', #6473, #476, #4942, .T. ) ;
#2426 = VECTOR ( 'NONE', #7804, 1000.000000000000000 ) ;
#2427 = VECTOR ( 'NONE', #7300, 1000.000000000000000 ) ;
#2428 = DIRECTION ( 'NONE',  ( 0.000000000000000000, 0.000000000000000000, -1.000000000000000000 ) ) ;
#2429 = CARTESIAN_POINT ( 'NONE',  ( 6.995166866136020900, 15.66277201088163373, 3.250000000000000444 ) ) ;
#2430 = DIRECTION ( 'NONE',  ( 0.000000000000000000, -1.000000000000000000, 0.000000000000000000 ) ) ;
#2431 = VECTOR ( 'NONE', #2412, 1000.000000000000000 ) ;
#2432 = CARTESIAN_POINT ( 'NONE',  ( -60.06788286210068151, 15.48641401289931174, 1.500000000000000444 ) ) ;
#2433 = ORIENTED_EDGE ( 'NONE', *, *, #2861, .F. ) ;
#2434 = DIRECTION ( 'NONE',  ( -1.000000000000000000, -0.000000000000000000, -0.000000000000000000 ) ) ;
#2435 = ORIENTED_EDGE ( 'NONE', *, *, #5881, .T. ) ;
#2436 = EDGE_LOOP ( 'NONE', ( #6675, #4028, #885, #3423, #2313, #6444, #8930, #8441, #5835, #5505, #2647 ) ) ;
#2437 = ADVANCED_FACE ( 'NONE', ( #6067 ), #8983, .F. ) ;
#2438 = EDGE_CURVE ( 'NONE', #4038, #6673, #4658, .T. ) ;
#2439 = CARTESIAN_POINT ( 'NONE',  ( 36.58211713789933128, 15.48641401289931174, 0.5000000000000004441 ) ) ;
#2440 = AXIS2_PLACEMENT_3D ( 'NONE', #7223, #4977, #3575 ) ;
#2441 = DIRECTION ( 'NONE',  ( 0.000000000000000000, 0.000000000000000000, -1.000000000000000000 ) ) ;
#2442 = CARTESIAN_POINT ( 'NONE',  ( -29.38211713789932844, 16.16277201088163551, 3.250000000000000444 ) ) ;
#2443 = ORIENTED_EDGE ( 'NONE', *, *, #2291, .T. ) ;
#2444 = PLANE ( 'NONE',  #2123 ) ;
#2445 = ORIENTED_EDGE ( 'NONE', *, *, #4031, .F. ) ;
#2446 = LINE ( 'NONE', #6188, #8650 ) ;
#2447 = EDGE_CURVE ( 'NONE', #7181, #4411, #3073, .T. ) ;
#2448 = DIRECTION ( 'NONE',  ( 1.000000000000000000, -1.734723475976806709E-18, -0.000000000000000000 ) ) ;
#2449 = CARTESIAN_POINT ( 'NONE',  ( -91.75000000000001421, 22.40429687500000711, 1.000000000000000000 ) ) ;
#2450 = DIRECTION ( 'NONE',  ( 0.000000000000000000, 0.000000000000000000, -1.000000000000000000 ) ) ;
#2451 = CARTESIAN_POINT ( 'NONE',  ( 6.995166866136020900, 15.66277201088163373, 3.250000000000000444 ) ) ;
#2452 = DIRECTION ( 'NONE',  ( 0.000000000000000000, 0.000000000000000000, 1.000000000000000000 ) ) ;
#2453 = EDGE_LOOP ( 'NONE', ( #1452, #7514, #2765, #6910, #4562, #2180 ) ) ;
#2454 = CARTESIAN_POINT ( 'NONE',  ( 8.932117137899320269, 15.48641401289931174, 0.5000000000000004441 ) ) ;
#2455 = ORIENTED_EDGE ( 'NONE', *, *, #2617, .T. ) ;
#2456 = ORIENTED_EDGE ( 'NONE', *, *, #5814, .T. ) ;
#2457 = CARTESIAN_POINT ( 'NONE',  ( 45.84999999999998721, 25.65429687500000355, 6.000000000000000000 ) ) ;
#2458 = CARTESIAN_POINT ( 'NONE',  ( 39.25000000000000000, 22.40429687500000355, 6.000000000000000000 ) ) ;
#2459 = DIRECTION ( 'NONE',  ( 1.000000000000000000, -1.734723475976806709E-18, -0.000000000000000000 ) ) ;
#2460 = EDGE_LOOP ( 'NONE', ( #6057, #2223, #5932, #3634 ) ) ;
#2461 = ADVANCED_FACE ( 'NONE', ( #3816 ), #6112, .F. ) ;
#2462 = DIRECTION ( 'NONE',  ( 0.000000000000000000, 1.000000000000000000, 0.000000000000000000 ) ) ;
#2463 = EDGE_CURVE ( 'NONE', #6382, #4164, #224, .T. ) ;
#2464 = CARTESIAN_POINT ( 'NONE',  ( -62.15919986322045787, 20.49145500976188217, 2.791500085062740499 ) ) ;
#2465 = VERTEX_POINT ( 'NONE', #3121 ) ;
#2466 = CARTESIAN_POINT ( 'NONE',  ( 13.69635799798229669, 13.15429687500000178, 4.000000000000000000 ) ) ;
#2467 = ORIENTED_EDGE ( 'NONE', *, *, #2209, .T. ) ;
#2468 = DIRECTION ( 'NONE',  ( -1.000000000000000000, -0.000000000000000000, -0.000000000000000000 ) ) ;
#2469 = LINE ( 'NONE', #7617, #195 ) ;
#2470 = AXIS2_PLACEMENT_3D ( 'NONE', #3702, #3048, #3922 ) ;
#2471 = CARTESIAN_POINT ( 'NONE',  ( -59.41788286210069714, 15.48641401289931174, 0.5000000000000004441 ) ) ;
#2472 = EDGE_CURVE ( 'NONE', #6546, #4153, #1631, .T. ) ;
#2473 = CARTESIAN_POINT ( 'NONE',  ( -89.25000000000001421, 13.15429687500000355, 0.000000000000000000 ) ) ;
#2474 = EDGE_CURVE ( 'NONE', #6735, #6148, #2513, .T. ) ;
#2475 = PLANE ( 'NONE',  #4375 ) ;
#2476 = LINE ( 'NONE', #103, #80 ) ;
#2477 = ORIENTED_EDGE ( 'NONE', *, *, #7817, .T. ) ;
#2478 = FACE_OUTER_BOUND ( 'NONE', #2419, .T. ) ;
#2479 = ORIENTED_EDGE ( 'NONE', *, *, #2948, .T. ) ;
#2480 = ORIENTED_EDGE ( 'NONE', *, *, #2330, .F. ) ;
#2481 = AXIS2_PLACEMENT_3D ( 'NONE', #4030, #2025, #3428 ) ;
#2482 = CALENDAR_DATE ( 2025, 30, 7 ) ;
#2483 = FACE_OUTER_BOUND ( 'NONE', #2994, .T. ) ;
#2484 = VECTOR ( 'NONE', #2571, 1000.000000000000000 ) ;
#2485 = DIRECTION ( 'NONE',  ( 0.000000000000000000, -0.000000000000000000, -1.000000000000000000 ) ) ;
#2486 = ADVANCED_FACE ( 'NONE', ( #3909 ), #8886, .F. ) ;
#2487 = VECTOR ( 'NONE', #8058, 1000.000000000000000 ) ;
#2488 = ORIENTED_EDGE ( 'NONE', *, *, #2463, .F. ) ;
#2489 = ORIENTED_EDGE ( 'NONE', *, *, #8391, .T. ) ;
#2490 = FACE_OUTER_BOUND ( 'NONE', #1861, .T. ) ;
#2491 = VERTEX_POINT ( 'NONE', #8837 ) ;
#2492 = AXIS2_PLACEMENT_3D ( 'NONE', #37, #7810, #7097 ) ;
#2493 = AXIS2_PLACEMENT_3D ( 'NONE', #2808, #6451, #6541 ) ;
#2494 = CARTESIAN_POINT ( 'NONE',  ( -78.30364200201769620, 23.15429687499998579, 1.500000000000000444 ) ) ;
#2495 = LINE ( 'NONE', #6051, #7712 ) ;
#2496 = EDGE_CURVE ( 'NONE', #3443, #7544, #318, .T. ) ;
#2497 = EDGE_CURVE ( 'NONE', #2525, #2814, #6182, .T. ) ;
#2498 = DIRECTION ( 'NONE',  ( -0.7071067811865479058, 0.7071067811865471286, 0.000000000000000000 ) ) ;
#2499 = FACE_OUTER_BOUND ( 'NONE', #4743, .T. ) ;
#2500 = VECTOR ( 'NONE', #6023, 1000.000000000000000 ) ;
#2501 = LINE ( 'NONE', #4645, #2397 ) ;
#2502 = ORIENTED_EDGE ( 'NONE', *, *, #7238, .F. ) ;
#2503 = LINE ( 'NONE', #6056, #5517 ) ;
#2504 = VERTEX_POINT ( 'NONE', #8084 ) ;
#2505 = VERTEX_POINT ( 'NONE', #362 ) ;
#2506 = DIRECTION ( 'NONE',  ( 1.000000000000000000, -1.734723475976806709E-18, -0.000000000000000000 ) ) ;
#2507 = LINE ( 'NONE', #1807, #8706 ) ;
#2508 = CARTESIAN_POINT ( 'NONE',  ( -82.49635799798228675, 13.15429687499997513, 4.000000000000000000 ) ) ;
#2509 = VECTOR ( 'NONE', #6135, 1000.000000000000000 ) ;
#2510 = EDGE_LOOP ( 'NONE', ( #3980, #3830, #7711, #3365, #7387, #551, #808, #5533, #5457 ) ) ;
#2511 = DIRECTION ( 'NONE',  ( 0.000000000000000000, -0.000000000000000000, -1.000000000000000000 ) ) ;
#2512 = DIRECTION ( 'NONE',  ( 0.000000000000000000, -0.000000000000000000, -1.000000000000000000 ) ) ;
#2513 = LINE ( 'NONE', #405, #8540 ) ;
#2514 = VERTEX_POINT ( 'NONE', #3212 ) ;
#2515 = CARTESIAN_POINT ( 'NONE',  ( -39.41788286210071135, 16.07582173911837486, 4.000000000000000000 ) ) ;
#2516 = VERTEX_POINT ( 'NONE', #5362 ) ;
#2517 = ORIENTED_EDGE ( 'NONE', *, *, #8551, .T. ) ;
#2518 = CC_DESIGN_PERSON_AND_ORGANIZATION_ASSIGNMENT ( #7540, #2533, ( #146 ) ) ;
#2519 = CARTESIAN_POINT ( 'NONE',  ( -53.01788286210067724, 20.78641401289931778, 1.500000000000000444 ) ) ;
#2520 = AXIS2_PLACEMENT_3D ( 'NONE', #1238, #1416, #4253 ) ;
#2521 = CARTESIAN_POINT ( 'NONE',  ( -39.41788286210071135, 20.23277201088163224, 1.500000000000000444 ) ) ;
#2522 = LINE ( 'NONE', #1641, #542 ) ;
#2523 = LINE ( 'NONE', #5373, #2743 ) ;
#2524 = LINE ( 'NONE', #6823, #9065 ) ;
#2525 = VERTEX_POINT ( 'NONE', #1119 ) ;
#2526 = VECTOR ( 'NONE', #2363, 1000.000000000000000 ) ;
#2527 = ADVANCED_FACE ( 'NONE', ( #3771 ), #6624, .F. ) ;
#2528 = FACE_OUTER_BOUND ( 'NONE', #6046, .T. ) ;
#2529 = ORIENTED_EDGE ( 'NONE', *, *, #7972, .T. ) ;
#2530 = LINE ( 'NONE', #8246, #4955 ) ;
#2531 = ADVANCED_FACE ( 'NONE', ( #5597 ), #643, .F. ) ;
#2532 = EDGE_CURVE ( 'NONE', #84, #6499, #546, .T. ) ;
#2533 = PERSON_AND_ORGANIZATION_ROLE ( 'design_supplier' ) ;
#2534 = VECTOR ( 'NONE', #830, 1000.000000000000000 ) ;
#2535 = CYLINDRICAL_SURFACE ( 'NONE', #8476, 0.5000000000000004441 ) ;
#2536 = CARTESIAN_POINT ( 'NONE',  ( 13.58211713789932240, 13.48641401289931174, 1.500000000000000444 ) ) ;
#2537 = ORIENTED_EDGE ( 'NONE', *, *, #561, .F. ) ;
#2538 = VERTEX_POINT ( 'NONE', #501 ) ;
#2539 = CARTESIAN_POINT ( 'NONE',  ( 37.23211713789930855, 20.78641401289931778, -2.999999999999999112 ) ) ;
#2540 = CIRCLE ( 'NONE', #8527, 0.5000000000000000000 ) ;
#2541 = ORIENTED_EDGE ( 'NONE', *, *, #5881, .F. ) ;
#2542 = EDGE_CURVE ( 'NONE', #1621, #1295, #1210, .T. ) ;
#2543 = DIRECTION ( 'NONE',  ( 1.000000000000000000, 0.000000000000000000, 0.000000000000000000 ) ) ;
#2544 = FACE_OUTER_BOUND ( 'NONE', #1675, .T. ) ;
#2545 = DIRECTION ( 'NONE',  ( -0.000000000000000000, -0.000000000000000000, 1.000000000000000000 ) ) ;
#2546 = DIRECTION ( 'NONE',  ( 0.000000000000000000, -0.000000000000000000, 1.000000000000000000 ) ) ;
#2547 = CARTESIAN_POINT ( 'NONE',  ( -9.417882862100670494, 20.78641401289931778, 0.5000000000000004441 ) ) ;
#2548 = VERTEX_POINT ( 'NONE', #4749 ) ;
#2549 = CARTESIAN_POINT ( 'NONE',  ( -52.64080013677958192, 20.49145500976187151, 2.791500085062733394 ) ) ;
#2550 = VERTEX_POINT ( 'NONE', #7660 ) ;
#2551 = LINE ( 'NONE', #5494, #3713 ) ;
#2552 = ORIENTED_EDGE ( 'NONE', *, *, #16, .T. ) ;
#2553 = EDGE_CURVE ( 'NONE', #4319, #2550, #8416, .T. ) ;
#2554 = VECTOR ( 'NONE', #4334, 1000.000000000000000 ) ;
#2555 = EDGE_CURVE ( 'NONE', #8634, #8206, #4047, .T. ) ;
#2556 = FACE_OUTER_BOUND ( 'NONE', #648, .T. ) ;
#2557 = ORIENTED_EDGE ( 'NONE', *, *, #1231, .T. ) ;
#2558 = CARTESIAN_POINT ( 'NONE',  ( -37.06788286210068151, 0.000000000000000000, 0.000000000000000000 ) ) ;
#2559 = PLANE ( 'NONE',  #5050 ) ;
#2560 = CYLINDRICAL_SURFACE ( 'NONE', #1374, 0.2500000000000000000 ) ;
#2561 = ORIENTED_EDGE ( 'NONE', *, *, #5934, .T. ) ;
#2562 = CARTESIAN_POINT ( 'NONE',  ( -75.38211713789932844, 20.23277201088161803, 6.000000000000000000 ) ) ;
#2563 = EDGE_LOOP ( 'NONE', ( #632, #2886, #3537, #4941 ) ) ;
#2564 = ORIENTED_EDGE ( 'NONE', *, *, #41, .T. ) ;
#2565 = CARTESIAN_POINT ( 'NONE',  ( 13.67847513588157859, 23.17217973710070567, 1.500000000000000444 ) ) ;
#2566 = ADVANCED_FACE ( 'NONE', ( #2608 ), #8368, .F. ) ;
#2567 = VECTOR ( 'NONE', #3502, 1000.000000000000000 ) ;
#2568 = CARTESIAN_POINT ( 'NONE',  ( 6.582117137899287762, 16.07582173911837486, 1.500000000000000444 ) ) ;
#2569 = AXIS2_PLACEMENT_3D ( 'NONE', #190, #8051, #3039 ) ;
#2570 = CARTESIAN_POINT ( 'NONE',  ( 37.23211713789930855, 15.48641401289931174, -2.999999999999999112 ) ) ;
#2571 = DIRECTION ( 'NONE',  ( -0.7071067811865479058, -0.7071067811865471286, 0.000000000000000000 ) ) ;
#2572 = LINE ( 'NONE', #5421, #1846 ) ;
#2573 = ORIENTED_EDGE ( 'NONE', *, *, #16, .F. ) ;
#2574 = DIRECTION ( 'NONE',  ( -1.000000000000000000, -0.000000000000000000, -0.000000000000000000 ) ) ;
#2575 = ORIENTED_EDGE ( 'NONE', *, *, #8738, .T. ) ;
#2576 = VECTOR ( 'NONE', #7377, 1000.000000000000000 ) ;
#2577 = CARTESIAN_POINT ( 'NONE',  ( 13.67847513588157859, 23.17217973710070567, 1.500000000000000444 ) ) ;
#2578 = ORIENTED_EDGE ( 'NONE', *, *, #4371, .F. ) ;
#2579 = CIRCLE ( 'NONE', #6014, 0.5000000000000000000 ) ;
#2580 = ORIENTED_EDGE ( 'NONE', *, *, #2262, .F. ) ;
#2581 = DATE_AND_TIME ( #2482, #5371 ) ;
#2582 = AXIS2_PLACEMENT_3D ( 'NONE', #2963, #1568, #4317 ) ;
#2583 = DIRECTION ( 'NONE',  ( 0.000000000000000000, 0.7071067811865465735, -0.7071067811865483499 ) ) ;
#2584 = EDGE_CURVE ( 'NONE', #5199, #1689, #6909, .T. ) ;
#2585 = DIRECTION ( 'NONE',  ( -0.000000000000000000, -0.000000000000000000, 1.000000000000000000 ) ) ;
#2586 = ORIENTED_EDGE ( 'NONE', *, *, #2899, .F. ) ;
#2587 = VERTEX_POINT ( 'NONE', #3441 ) ;
#2588 = CARTESIAN_POINT ( 'NONE',  ( -37.06788286210068151, 15.48641401289931174, 0.5000000000000004441 ) ) ;
#2589 = VECTOR ( 'NONE', #2685, 1000.000000000000000 ) ;
#2590 = ORIENTED_EDGE ( 'NONE', *, *, #6648, .T. ) ;
#2591 = CARTESIAN_POINT ( 'NONE',  ( 22.99999999999998579, 20.78641401289936752, 0.000000000000000000 ) ) ;
#2592 = FACE_OUTER_BOUND ( 'NONE', #6481, .T. ) ;
#2593 = DIRECTION ( 'NONE',  ( -0.7071067811865471286, 0.7071067811865479058, 0.000000000000000000 ) ) ;
#2594 = ADVANCED_FACE ( 'NONE', ( #8459 ), #595, .F. ) ;
#2595 = CARTESIAN_POINT ( 'NONE',  ( -91.75000000000001421, 25.65429687500000355, 0.3999999999999837019 ) ) ;
#2596 = EDGE_CURVE ( 'NONE', #1943, #6473, #2654, .T. ) ;
#2597 = CARTESIAN_POINT ( 'NONE',  ( 9.503642002017674173, 13.15429687499999467, 6.000000000000000000 ) ) ;
#2598 = VERTEX_POINT ( 'NONE', #3487 ) ;
#2599 = DIRECTION ( 'NONE',  ( 0.000000000000000000, 0.000000000000000000, -1.000000000000000000 ) ) ;
#2600 = VERTEX_POINT ( 'NONE', #452 ) ;
#2601 = CARTESIAN_POINT ( 'NONE',  ( -39.41788286210071135, 16.07582173911837486, 3.742381610379891033 ) ) ;
#2602 = DIRECTION ( 'NONE',  ( 0.5773502691896392758, -0.5773502691896192918, -0.5773502691896187367 ) ) ;
#2603 =( BOUNDED_CURVE ( )  B_SPLINE_CURVE ( 3, ( #20, #4175, #7033, #585 ),
 .UNSPECIFIED., .F., .F. ) 
 B_SPLINE_CURVE_WITH_KNOTS ( ( 4, 4 ),
 ( 3.141592653589793116, 4.537599790382865095 ),
 .UNSPECIFIED. ) 
 CURVE ( )  GEOMETRIC_REPRESENTATION_ITEM ( )  RATIONAL_B_SPLINE_CURVE ( ( 1.000000000000000000, 0.8440845325001437027, 0.8440845325001437027, 1.000000000000000000 ) ) 
 REPRESENTATION_ITEM ( '' )  );
#2604 = ORIENTED_EDGE ( 'NONE', *, *, #811, .T. ) ;
#2605 = DIRECTION ( 'NONE',  ( 0.000000000000000000, -0.000000000000000000, 1.000000000000000000 ) ) ;
#2606 = DIRECTION ( 'NONE',  ( 0.000000000000000000, 0.000000000000000000, -1.000000000000000000 ) ) ;
#2607 = EDGE_CURVE ( 'NONE', #8257, #9018, #4702, .T. ) ;
#2608 = FACE_OUTER_BOUND ( 'NONE', #2309, .T. ) ;
#2609 = EDGE_LOOP ( 'NONE', ( #2939, #570, #4313, #1088 ) ) ;
#2610 = ADVANCED_FACE ( 'NONE', ( #4093 ), #4137, .F. ) ;
#2611 = DIRECTION ( 'NONE',  ( -0.000000000000000000, -0.000000000000000000, 1.000000000000000000 ) ) ;
#2612 = ORIENTED_EDGE ( 'NONE', *, *, #8942, .F. ) ;
#2613 = CARTESIAN_POINT ( 'NONE',  ( 16.61788286210066801, 16.07582173911838197, 1.500000000000000444 ) ) ;
#2614 = CARTESIAN_POINT ( 'NONE',  ( -16.41788286210070424, 20.23277201088163224, 1.500000000000000444 ) ) ;
#2615 = LINE ( 'NONE', #3963, #3539 ) ;
#2616 = LINE ( 'NONE', #9179, #3233 ) ;
#2617 = EDGE_CURVE ( 'NONE', #5112, #5063, #6998, .T. ) ;
#2618 = CARTESIAN_POINT ( 'NONE',  ( -91.75000000000001421, 25.25429687499997655, 5.400000000000025224 ) ) ;
#2619 = ORIENTED_EDGE ( 'NONE', *, *, #848, .F. ) ;
#2620 = EDGE_CURVE ( 'NONE', #3778, #4411, #5549, .T. ) ;
#2621 = CARTESIAN_POINT ( 'NONE',  ( 32.52152486411835497, 23.17217973710070567, 6.000000000000000000 ) ) ;
#2622 = ORIENTED_EDGE ( 'NONE', *, *, #1535, .T. ) ;
#2623 = CARTESIAN_POINT ( 'NONE',  ( -32.41788286210066161, 15.48641401289931174, 0.5000000000000004441 ) ) ;
#2624 = VERTEX_POINT ( 'NONE', #2042 ) ;
#2625 = LINE ( 'NONE', #5569, #776 ) ;
#2626 = PERSON_AND_ORGANIZATION ( #8110, #7771 ) ;
#2627 = CARTESIAN_POINT ( 'NONE',  ( 45.85000000000000142, 11.05429687500000036, 0.000000000000000000 ) ) ;
#2628 = DIRECTION ( 'NONE',  ( 1.000000000000000000, -1.734723475976806709E-18, -0.000000000000000000 ) ) ;
#2629 = ORIENTED_EDGE ( 'NONE', *, *, #8210, .F. ) ;
#2630 = VECTOR ( 'NONE', #513, 1000.000000000000000 ) ;
#2631 = ORIENTED_EDGE ( 'NONE', *, *, #5151, .F. ) ;
#2632 = DIRECTION ( 'NONE',  ( 0.7071067811865474617, -0.7071067811865474617, 0.000000000000000000 ) ) ;
#2633 = EDGE_LOOP ( 'NONE', ( #1488, #7082, #8510, #3042 ) ) ;
#2634 = DIRECTION ( 'NONE',  ( 1.000000000000000000, -0.000000000000000000, 0.000000000000000000 ) ) ;
#2635 = VECTOR ( 'NONE', #8371, 1000.000000000000000 ) ;
#2636 = CARTESIAN_POINT ( 'NONE',  ( -60.06788286210068151, 20.78641401289931423, 1.500000000000000444 ) ) ;
#2637 = LINE ( 'NONE', #392, #4065 ) ;
#2638 = CARTESIAN_POINT ( 'NONE',  ( 0.2499999999989455102, 56.65429687500107292, -45.59999999999948983 ) ) ;
#2639 = LINE ( 'NONE', #9110, #6889 ) ;
#2640 = ORIENTED_EDGE ( 'NONE', *, *, #6836, .T. ) ;
#2641 = PLANE ( 'NONE',  #593 ) ;
#2642 = VECTOR ( 'NONE', #3368, 1000.000000000000000 ) ;
#2643 = ORIENTED_EDGE ( 'NONE', *, *, #2209, .F. ) ;
#2644 = AXIS2_PLACEMENT_3D ( 'NONE', #2720, #3459, #3416 ) ;
#2645 = DIRECTION ( 'NONE',  ( -0.000000000000000000, -0.000000000000000000, 1.000000000000000000 ) ) ;
#2646 = EDGE_CURVE ( 'NONE', #5284, #3605, #4893, .T. ) ;
#2647 = ORIENTED_EDGE ( 'NONE', *, *, #2438, .F. ) ;
#2648 = CARTESIAN_POINT ( 'NONE',  ( -37.06788286210068151, 20.78641401289931423, -2.999999999999999112 ) ) ;
#2649 = ADVANCED_FACE ( 'NONE', ( #6343 ), #2560, .F. ) ;
#2650 = ADVANCED_FACE ( 'NONE', ( #4001, #7228 ), #4410, .F. ) ;
#2651 = VERTEX_POINT ( 'NONE', #28 ) ;
#2652 = VECTOR ( 'NONE', #3037, 1000.000000000000000 ) ;
#2653 = CARTESIAN_POINT ( 'NONE',  ( 37.23211713789930855, 15.50448725967914143, 0.5000000000000004441 ) ) ;
#2654 = LINE ( 'NONE', #1260, #6427 ) ;
#2655 = ORIENTED_EDGE ( 'NONE', *, *, #3375, .F. ) ;
#2656 = CARTESIAN_POINT ( 'NONE',  ( -89.75000000000001421, 23.15429687500000355, 0.3499999999999999223 ) ) ;
#2657 = ORIENTED_EDGE ( 'NONE', *, *, #7996, .T. ) ;
#2658 =( BOUNDED_CURVE ( )  B_SPLINE_CURVE ( 3, ( #5732, #5119, #736, #3579 ),
 .UNSPECIFIED., .F., .F. ) 
 B_SPLINE_CURVE_WITH_KNOTS ( ( 4, 4 ),
 ( 1.745585516796721137, 3.141592653589793116 ),
 .UNSPECIFIED. ) 
 CURVE ( )  GEOMETRIC_REPRESENTATION_ITEM ( )  RATIONAL_B_SPLINE_CURVE ( ( 1.000000000000000000, 0.8440845325001437027, 0.8440845325001437027, 1.000000000000000000 ) ) 
 REPRESENTATION_ITEM ( '' )  );
#2659 = CARTESIAN_POINT ( 'NONE',  ( -55.32152486411841608, 23.17217973710070567, 1.500000000000000444 ) ) ;
#2660 = AXIS2_PLACEMENT_3D ( 'NONE', #5196, #4680, #5242 ) ;
#2661 = EDGE_CURVE ( 'NONE', #9215, #1364, #6479, .T. ) ;
#2662 = DIRECTION ( 'NONE',  ( 0.000000000000000000, 0.000000000000000000, -1.000000000000000000 ) ) ;
#2663 = FACE_OUTER_BOUND ( 'NONE', #6837, .T. ) ;
#2664 = LINE ( 'NONE', #3407, #3674 ) ;
#2665 = LINE ( 'NONE', #6961, #6579 ) ;
#2666 = ORIENTED_EDGE ( 'NONE', *, *, #7863, .F. ) ;
#2667 = CARTESIAN_POINT ( 'NONE',  ( -52.38211713789932844, 20.23277201088161803, 1.500000000000000444 ) ) ;
#2668 = ORIENTED_EDGE ( 'NONE', *, *, #1507, .T. ) ;
#2669 = CARTESIAN_POINT ( 'NONE',  ( 46.11975214338981033, 25.38454473161019109, 4.888265003728729852 ) ) ;
#2670 = DIRECTION ( 'NONE',  ( 0.000000000000000000, 1.000000000000000000, 0.000000000000000000 ) ) ;
#2671 = VECTOR ( 'NONE', #8197, 1000.000000000000000 ) ;
#2672 = VECTOR ( 'NONE', #5024, 1000.000000000000000 ) ;
#2673 = EDGE_CURVE ( 'NONE', #6920, #7161, #7275, .T. ) ;
#2674 = EDGE_CURVE ( 'NONE', #4038, #201, #783, .T. ) ;
#2675 = DIRECTION ( 'NONE',  ( -0.000000000000000000, -0.000000000000000000, 1.000000000000000000 ) ) ;
#2676 = DIRECTION ( 'NONE',  ( 0.000000000000000000, 1.000000000000000000, 0.000000000000000000 ) ) ;
#2677 = VECTOR ( 'NONE', #8997, 1000.000000000000000 ) ;
#2678 = ORIENTED_EDGE ( 'NONE', *, *, #5973, .T. ) ;
#2679 = ORIENTED_EDGE ( 'NONE', *, *, #9268, .F. ) ;
#2680 = CARTESIAN_POINT ( 'NONE',  ( -61.81788286210068151, 15.48641401289931174, 0.5000000000000004441 ) ) ;
#2681 = EDGE_LOOP ( 'NONE', ( #8183, #6254 ) ) ;
#2682 = CARTESIAN_POINT ( 'NONE',  ( -75.38211713789932844, 16.07582173911838197, 3.742381610379892809 ) ) ;
#2683 = ORIENTED_EDGE ( 'NONE', *, *, #4251, .F. ) ;
#2684 = VECTOR ( 'NONE', #1152, 1000.000000000000000 ) ;
#2685 = DIRECTION ( 'NONE',  ( -0.000000000000000000, 1.000000000000000000, -0.000000000000000000 ) ) ;
#2686 = DIRECTION ( 'NONE',  ( -1.000000000000000000, 0.000000000000000000, 0.000000000000000000 ) ) ;
#2687 = LINE ( 'NONE', #3987, #6160 ) ;
#2688 = DIRECTION ( 'NONE',  ( 1.000000000000000000, -0.000000000000000000, 0.000000000000000000 ) ) ;
#2689 = VECTOR ( 'NONE', #4975, 1000.000000000000000 ) ;
#2690 = CARTESIAN_POINT ( 'NONE',  ( -38.98788286210070453, 20.66277201088163551, 3.511255977444316390 ) ) ;
#2691 = ORIENTED_EDGE ( 'NONE', *, *, #471, .F. ) ;
#2692 = CARTESIAN_POINT ( 'NONE',  ( 39.25000000000000000, 13.15429687500000355, 6.000000000000000000 ) ) ;
#2693 = ORIENTED_EDGE ( 'NONE', *, *, #2725, .T. ) ;
#2694 = DIRECTION ( 'NONE',  ( 0.000000000000000000, 0.000000000000000000, -1.000000000000000000 ) ) ;
#2695 = ORIENTED_EDGE ( 'NONE', *, *, #8942, .T. ) ;
#2696 = CARTESIAN_POINT ( 'NONE',  ( 36.69635799798228959, 13.15429687500000533, 6.000000000000000000 ) ) ;
#2697 = ORIENTED_EDGE ( 'NONE', *, *, #6257, .T. ) ;
#2698 = EDGE_CURVE ( 'NONE', #6303, #8125, #4323, .T. ) ;
#2699 = CARTESIAN_POINT ( 'NONE',  ( -90.00000000000001421, 13.15429687500000355, 0.000000000000000000 ) ) ;
#2700 = DIRECTION ( 'NONE',  ( -0.5773502691896323924, -0.5773502691896323924, -0.5773502691896122974 ) ) ;
#2701 = VERTEX_POINT ( 'NONE', #1435 ) ;
#2702 = DIRECTION ( 'NONE',  ( -0.000000000000000000, -0.000000000000000000, 1.000000000000000000 ) ) ;
#2703 = EDGE_LOOP ( 'NONE', ( #5150, #6345 ) ) ;
#2704 = ADVANCED_FACE ( 'NONE', ( #4938 ), #8689, .F. ) ;
#2705 = VECTOR ( 'NONE', #9123, 1000.000000000000000 ) ;
#2706 = LINE ( 'NONE', #2091, #3017 ) ;
#2707 = ORIENTED_EDGE ( 'NONE', *, *, #1563, .T. ) ;
#2708 = CARTESIAN_POINT ( 'NONE',  ( 29.58211713789928154, 20.16277201088163196, 3.250000000000000444 ) ) ;
#2709 = CARTESIAN_POINT ( 'NONE',  ( -89.75000000000001421, 23.15429687500000355, 0.5999999999999999778 ) ) ;
#2710 = PLANE ( 'NONE',  #7026 ) ;
#2711 = VERTEX_POINT ( 'NONE', #5688 ) ;
#2712 = LINE ( 'NONE', #1224, #7708 ) ;
#2713 = ADVANCED_FACE ( 'NONE', ( #3714 ), #872, .F. ) ;
#2714 =( BOUNDED_CURVE ( )  B_SPLINE_CURVE ( 3, ( #8267, #1987, #3293, #9017 ),
 .UNSPECIFIED., .F., .F. ) 
 B_SPLINE_CURVE_WITH_KNOTS ( ( 4, 4 ),
 ( 3.141592653589793116, 3.645369222847795410 ),
 .UNSPECIFIED. ) 
 CURVE ( )  GEOMETRIC_REPRESENTATION_ITEM ( )  RATIONAL_B_SPLINE_CURVE ( ( 1.000000000000000000, 0.9789623503394502269, 0.9789623503394502269, 1.000000000000000000 ) ) 
 REPRESENTATION_ITEM ( '' )  );
#2715 = ORIENTED_EDGE ( 'NONE', *, *, #2438, .T. ) ;
#2716 = EDGE_CURVE ( 'NONE', #2514, #7837, #2131, .T. ) ;
#2717 = CARTESIAN_POINT ( 'NONE',  ( -14.06788286210067263, 20.80448725967914925, 0.5000000000000004441 ) ) ;
#2718 = PLANE ( 'NONE',  #6593 ) ;
#2719 = CLOSED_SHELL ( 'NONE', ( #5955, #8675, #5387, #5794, #7752, #8482, #380, #1960, #5780, #7425, #3227, #5004, #6879, #8847, #986, #5460, #3671, #9178, #760, #2650, #9034, #2319, #1910, #327, #465, #6548, #3004, #8858, #836, #2840, #6575, #5148, #301, #3290, #6310, #3218, #7876, #4885, #6705, #3250, #5687, #2190, #1983, #7217, #1458, #7943, #2649, #2704, #7929, #5841, #4590, #3406, #5238, #8967, #6245, #2486, #8370, #4395, #5292, #5906, #7710, #5728, #7106, #2072, #1841, #7643, #1738, #8090, #4263, #5803, #7214, #2011, #8292, #8046, #197, #6902, #2527, #519, #3585, #9189, #8265, #4818, #5867, #4024, #221, #2136, #2411, #7842, #3120, #3066, #3045, #1191, #5180, #4751, #6474, #4494, #6784, #6463, #5905, #7150, #3812, #1163, #4420, #1004, #1867, #7108, #7909, #4485, #6195, #730, #6298, #8792, #6760, #4945, #1216, #7047, #6995, #3458, #3779, #8524, #7096, #8343, #1071, #2036, #7456, #276, #9069, #1419, #1443, #4112, #5738, #1583, #6097, #65, #5227, #9081, #1284, #4126, #9209, #4670, #7338, #90, #62, #6497, #152, #9147, #428, #5865, #4605, #1891, #2174, #6560, #2917, #2594, #5450, #8154, #6639, #2924, #590, #3800, #2368, #2810, #7120, #1218, #416, #1933, #3573, #2828, #3598, #3958, #133, #6132, #2875, #6207, #6169, #6662, #3517, #3973, #1560, #5700, #6807, #1258, #6434, #1412, #470, #9176, #3344, #5281, #7818, #2713, #5677, #7584, #7739, #4230, #2531, #5531, #5317, #943, #3239, #4526, #1245, #3857, #3448, #4483, #1677, #3918, #8142, #1189, #2566, #2096, #4068, #4805, #7620, #5595, #5750, #5674, #8535, #4294, #3892, #7644, #5751, #9197, #2889, #4077, #8575, #5475, #3749, #5557, #610, #4136, #6293, #601, #8619, #4246, #3904, #4546, #3393, #7607, #6708, #2126, #3751, #2992, #6370, #3214, #4698, #5059, #2437, #7726, #5560, #7908, #2461, #2198, #732, #8776, #5726, #7571, #2610, #8857, #7687, #7678, #7506, #1818, #1402, #3355, #6904 ) ) ;
#2720 = CARTESIAN_POINT ( 'NONE',  ( 16.61788286210066801, 18.16277201088163196, 3.250000000000000444 ) ) ;
#2721 = LINE ( 'NONE', #3328, #8488 ) ;
#2722 = VECTOR ( 'NONE', #2903, 1000.000000000000227 ) ;
#2723 = ORIENTED_EDGE ( 'NONE', *, *, #4534, .F. ) ;
#2724 = EDGE_CURVE ( 'NONE', #8589, #3693, #2658, .T. ) ;
#2725 = EDGE_CURVE ( 'NONE', #2548, #3507, #5580, .T. ) ;
#2726 = LINE ( 'NONE', #4777, #9104 ) ;
#2727 = LINE ( 'NONE', #2768, #5555 ) ;
#2728 = VERTEX_POINT ( 'NONE', #8555 ) ;
#2729 = VECTOR ( 'NONE', #2321, 1000.000000000000000 ) ;
#2730 = CARTESIAN_POINT ( 'NONE',  ( 46.25000000000000000, 25.25429687500000497, 4.834314575050767004 ) ) ;
#2731 = DIRECTION ( 'NONE',  ( 0.7071067811865475727, 0.000000000000000000, 0.7071067811865475727 ) ) ;
#2732 = DIRECTION ( 'NONE',  ( -0.000000000000000000, -0.000000000000000000, 1.000000000000000000 ) ) ;
#2733 = DIRECTION ( 'NONE',  ( 1.000000000000000000, -0.000000000000000000, -0.000000000000000000 ) ) ;
#2734 = VECTOR ( 'NONE', #8772, 1000.000000000000000 ) ;
#2735 = CARTESIAN_POINT ( 'NONE',  ( -39.15919986322045787, 20.49145500976187861, 3.708499914937258168 ) ) ;
#2736 = ORIENTED_EDGE ( 'NONE', *, *, #2382, .T. ) ;
#2737 = EDGE_CURVE ( 'NONE', #2814, #7135, #5645, .T. ) ;
#2738 = LINE ( 'NONE', #3433, #6558 ) ;
#2739 = ORIENTED_EDGE ( 'NONE', *, *, #1508, .F. ) ;
#2740 = LINE ( 'NONE', #8499, #8057 ) ;
#2741 = ORIENTED_EDGE ( 'NONE', *, *, #8200, .T. ) ;
#2742 = DIRECTION ( 'NONE',  ( -0.000000000000000000, -0.000000000000000000, 1.000000000000000000 ) ) ;
#2743 = VECTOR ( 'NONE', #7534, 1000.000000000000000 ) ;
#2744 = VERTEX_POINT ( 'NONE', #5072 ) ;
#2745 = FACE_OUTER_BOUND ( 'NONE', #1253, .T. ) ;
#2746 = CARTESIAN_POINT ( 'NONE',  ( -82.41788286210069714, 20.78641401289931778, 0.5000000000000004441 ) ) ;
#2747 = ORIENTED_EDGE ( 'NONE', *, *, #5562, .T. ) ;
#2748 = CARTESIAN_POINT ( 'NONE',  ( -36.49635799798235780, 23.15429687499998934, 4.000000000000000000 ) ) ;
#2749 = VERTEX_POINT ( 'NONE', #690 ) ;
#2750 = CARTESIAN_POINT ( 'NONE',  ( 39.25000000000000000, 13.15429687500000355, 6.000000000000000000 ) ) ;
#2751 = ORIENTED_EDGE ( 'NONE', *, *, #7187, .F. ) ;
#2752 = DIRECTION ( 'NONE',  ( -0.000000000000000000, 0.000000000000000000, 1.000000000000000000 ) ) ;
#2753 = CARTESIAN_POINT ( 'NONE',  ( -84.75000000000001421, 13.90429687500000355, 1.000000000000000000 ) ) ;
#2754 = DIRECTION ( 'NONE',  ( 0.7071067811865466846, 0.7071067811865483499, 0.000000000000000000 ) ) ;
#2755 = ORIENTED_EDGE ( 'NONE', *, *, #1170, .T. ) ;
#2756 = DIRECTION ( 'NONE',  ( 1.000000000000000000, 0.000000000000000000, 0.000000000000000000 ) ) ;
#2757 = ORIENTED_EDGE ( 'NONE', *, *, #4203, .T. ) ;
#2758 = LINE ( 'NONE', #8571, #1820 ) ;
#2759 = ORIENTED_EDGE ( 'NONE', *, *, #4819, .T. ) ;
#2760 = EDGE_CURVE ( 'NONE', #4159, #5284, #5823, .T. ) ;
#2761 = EDGE_CURVE ( 'NONE', #1462, #1712, #69, .T. ) ;
#2762 = DIRECTION ( 'NONE',  ( 0.000000000000000000, -0.000000000000000000, 1.000000000000000000 ) ) ;
#2763 = AXIS2_PLACEMENT_3D ( 'NONE', #6893, #4643, #7599 ) ;
#2764 = DIRECTION ( 'NONE',  ( -1.000000000000000000, 0.000000000000000000, 0.000000000000000000 ) ) ;
#2765 = ORIENTED_EDGE ( 'NONE', *, *, #4573, .T. ) ;
#2766 = DIRECTION ( 'NONE',  ( 0.000000000000000000, -1.000000000000000000, 0.000000000000000000 ) ) ;
#2767 = EDGE_LOOP ( 'NONE', ( #1052, #8219, #4684, #6516, #4014, #7467, #8556, #3478 ) ) ;
#2768 = CARTESIAN_POINT ( 'NONE',  ( 32.58211713789929576, 15.48641401289931174, 1.500000000000000444 ) ) ;
#2769 = ORIENTED_EDGE ( 'NONE', *, *, #6476, .F. ) ;
#2770 = CARTESIAN_POINT ( 'NONE',  ( 6.582117137899287762, 16.07582173911837486, 2.757618389620108967 ) ) ;
#2771 = EDGE_CURVE ( 'NONE', #2197, #2587, #6737, .T. ) ;
#2772 = CARTESIAN_POINT ( 'NONE',  ( 9.503642002017656409, 23.15429687499999645, 1.500000000000000444 ) ) ;
#2773 = CARTESIAN_POINT ( 'NONE',  ( -29.38211713789932844, 20.16277201088163196, 3.250000000000000444 ) ) ;
#2774 = VECTOR ( 'NONE', #6330, 1000.000000000000000 ) ;
#2775 = DIRECTION ( 'NONE',  ( -1.119176436114068839E-16, 1.000000000000000000, 0.000000000000000000 ) ) ;
#2776 = CARTESIAN_POINT ( 'NONE',  ( -29.38211713789932844, 16.07582173911838197, 2.757618389620108079 ) ) ;
#2777 = LINE ( 'NONE', #59, #2856 ) ;
#2778 = ORIENTED_EDGE ( 'NONE', *, *, #4844, .F. ) ;
#2779 = LINE ( 'NONE', #4173, #6564 ) ;
#2780 = ORIENTED_EDGE ( 'NONE', *, *, #773, .T. ) ;
#2781 = DIRECTION ( 'NONE',  ( 0.000000000000000000, 1.000000000000000000, 0.000000000000000000 ) ) ;
#2782 = ORIENTED_EDGE ( 'NONE', *, *, #6588, .F. ) ;
#2783 = VECTOR ( 'NONE', #5931, 1000.000000000000000 ) ;
#2784 = DIRECTION ( 'NONE',  ( -0.7071067811865479058, 0.7071067811865471286, 0.000000000000000000 ) ) ;
#2785 = EDGE_CURVE ( 'NONE', #9248, #7030, #2918, .T. ) ;
#2786 = VERTEX_POINT ( 'NONE', #7981 ) ;
#2787 = EDGE_CURVE ( 'NONE', #5284, #8690, #6522, .T. ) ;
#2788 = CARTESIAN_POINT ( 'NONE',  ( -84.75000000000001421, 15.48641401289931174, 1.000000000000000000 ) ) ;
#2789 = VECTOR ( 'NONE', #8332, 1000.000000000000000 ) ;
#2790 = CARTESIAN_POINT ( 'NONE',  ( -89.25000000000001421, 13.15429687500000355, 0.3499999999999999223 ) ) ;
#2791 = VECTOR ( 'NONE', #1043, 1000.000000000000000 ) ;
#2792 = DIRECTION ( 'NONE',  ( -0.000000000000000000, -0.000000000000000000, 1.000000000000000000 ) ) ;
#2793 = ORIENTED_EDGE ( 'NONE', *, *, #9007, .F. ) ;
#2794 = ORIENTED_EDGE ( 'NONE', *, *, #4524, .F. ) ;
#2795 = EDGE_LOOP ( 'NONE', ( #2098, #4528, #6574, #868 ) ) ;
#2796 = FACE_OUTER_BOUND ( 'NONE', #3213, .T. ) ;
#2797 = AXIS2_PLACEMENT_3D ( 'NONE', #2708, #413, #8944 ) ;
#2798 = VERTEX_POINT ( 'NONE', #1758 ) ;
#2799 = CARTESIAN_POINT ( 'NONE',  ( -54.76788286210067724, 20.78641401289931778, -2.999999999999999112 ) ) ;
#2800 = CARTESIAN_POINT ( 'NONE',  ( 31.93211713789931139, 0.000000000000000000, 0.000000000000000000 ) ) ;
#2801 = CARTESIAN_POINT ( 'NONE',  ( 13.69635799798229669, 13.15429687500000178, 6.000000000000000000 ) ) ;
#2802 = ORIENTED_EDGE ( 'NONE', *, *, #119, .F. ) ;
#2803 = CARTESIAN_POINT ( 'NONE',  ( 46.25000000000000000, 22.40429687500000355, 1.000000000000000000 ) ) ;
#2804 = ORIENTED_EDGE ( 'NONE', *, *, #4176, .T. ) ;
#2805 = VECTOR ( 'NONE', #6552, 1000.000000000000000 ) ;
#2806 = PLANE ( 'NONE',  #5704 ) ;
#2807 = EDGE_LOOP ( 'NONE', ( #7718, #6415, #4838, #2668 ) ) ;
#2808 = CARTESIAN_POINT ( 'NONE',  ( -91.75000000000001421, 18.16277201088163196, 3.250000000000000444 ) ) ;
#2809 = DIRECTION ( 'NONE',  ( -0.000000000000000000, -0.000000000000000000, 1.000000000000000000 ) ) ;
#2810 = ADVANCED_FACE ( 'NONE', ( #1106 ), #4502, .F. ) ;
#2811 = ORIENTED_EDGE ( 'NONE', *, *, #8391, .F. ) ;
#2812 = VECTOR ( 'NONE', #524, 1000.000000000000000 ) ;
#2813 = CARTESIAN_POINT ( 'NONE',  ( -83.06788286210067440, 15.48641401289931174, 1.500000000000000444 ) ) ;
#2814 = VERTEX_POINT ( 'NONE', #3850 ) ;
#2815 = EDGE_CURVE ( 'NONE', #1432, #6015, #9120, .T. ) ;
#2816 = CARTESIAN_POINT ( 'NONE',  ( -55.32152486411841608, 23.17217973710070567, 1.500000000000000444 ) ) ;
#2817 = ORIENTED_EDGE ( 'NONE', *, *, #4660, .F. ) ;
#2818 = DIRECTION ( 'NONE',  ( 0.7071067811865474617, -0.7071067811865474617, 0.000000000000000000 ) ) ;
#2819 = AXIS2_PLACEMENT_3D ( 'NONE', #3137, #5990, #3183 ) ;
#2820 = FACE_OUTER_BOUND ( 'NONE', #2860, .T. ) ;
#2821 = LINE ( 'NONE', #6064, #411 ) ;
#2822 = LINE ( 'NONE', #6375, #7559 ) ;
#2823 = DIRECTION ( 'NONE',  ( 1.000000000000000000, -0.000000000000000000, -0.000000000000000000 ) ) ;
#2824 = ORIENTED_EDGE ( 'NONE', *, *, #379, .F. ) ;
#2825 = CARTESIAN_POINT ( 'NONE',  ( -8.767882862100673691, 15.50448725967914143, 0.5000000000000004441 ) ) ;
#2826 = ORIENTED_EDGE ( 'NONE', *, *, #7398, .F. ) ;
#2827 = AXIS2_PLACEMENT_3D ( 'NONE', #6337, #9205, #248 ) ;
#2828 = ADVANCED_FACE ( 'NONE', ( #2312 ), #8778, .F. ) ;
#2829 = DIRECTION ( 'NONE',  ( 0.000000000000000000, 1.000000000000000000, 0.000000000000000000 ) ) ;
#2830 = ORIENTED_EDGE ( 'NONE', *, *, #1587, .F. ) ;
#2831 = DIRECTION ( 'NONE',  ( 0.7071067811865466846, 0.7071067811865483499, 0.000000000000000000 ) ) ;
#2832 = ORIENTED_EDGE ( 'NONE', *, *, #5792, .T. ) ;
#2833 = AXIS2_PLACEMENT_3D ( 'NONE', #7694, #6242, #1989 ) ;
#2834 = CARTESIAN_POINT ( 'NONE',  ( 45.99999999999998579, 20.78641401289936752, 0.000000000000000000 ) ) ;
#2835 = FACE_OUTER_BOUND ( 'NONE', #737, .T. ) ;
#2836 = CARTESIAN_POINT ( 'NONE',  ( 45.85000000000000142, 22.40429687500000355, 6.000000000000000000 ) ) ;
#2837 = ORIENTED_EDGE ( 'NONE', *, *, #1075, .F. ) ;
#2838 = VERTEX_POINT ( 'NONE', #3200 ) ;
#2839 = ORIENTED_EDGE ( 'NONE', *, *, #6693, .T. ) ;
#2840 = ADVANCED_FACE ( 'NONE', ( #5348 ), #3107, .F. ) ;
#2841 = EDGE_CURVE ( 'NONE', #759, #819, #1219, .T. ) ;
#2842 = CARTESIAN_POINT ( 'NONE',  ( 37.23211713789930855, 20.78641401289931778, 1.500000000000000444 ) ) ;
#2843 = ORIENTED_EDGE ( 'NONE', *, *, #76, .T. ) ;
#2844 = CARTESIAN_POINT ( 'NONE',  ( -13.41788286210068826, 20.78641401289931778, 0.5000000000000004441 ) ) ;
#2845 = CARTESIAN_POINT ( 'NONE',  ( 13.58211713789930819, 22.78641401289931778, 0.5000000000000004441 ) ) ;
#2846 = DIRECTION ( 'NONE',  ( 0.000000000000000000, 0.000000000000000000, -1.000000000000000000 ) ) ;
#2847 = ORIENTED_EDGE ( 'NONE', *, *, #3789, .T. ) ;
#2848 = DIRECTION ( 'NONE',  ( 1.000000000000000000, 0.000000000000000000, 0.000000000000000000 ) ) ;
#2849 = ORIENTED_EDGE ( 'NONE', *, *, #7440, .T. ) ;
#2850 = EDGE_CURVE ( 'NONE', #7331, #4797, #1662, .T. ) ;
#2851 = DIRECTION ( 'NONE',  ( -1.000000000000000000, 0.000000000000000000, 0.000000000000000000 ) ) ;
#2852 = AXIS2_PLACEMENT_3D ( 'NONE', #605, #6174, #2053 ) ;
#2853 = LINE ( 'NONE', #5705, #3090 ) ;
#2854 = DIRECTION ( 'NONE',  ( -0.000000000000000000, -0.000000000000000000, 1.000000000000000000 ) ) ;
#2855 = ORIENTED_EDGE ( 'NONE', *, *, #3960, .T. ) ;
#2856 = VECTOR ( 'NONE', #4927, 1000.000000000000000 ) ;
#2857 = DIRECTION ( 'NONE',  ( 6.542051911182400267E-16, -0.7071067811865479058, -0.7071067811865472397 ) ) ;
#2858 = ORIENTED_EDGE ( 'NONE', *, *, #530, .T. ) ;
#2859 = CARTESIAN_POINT ( 'NONE',  ( 9.521524864118363851, 23.17217973710070567, 1.500000000000000444 ) ) ;
#2860 = EDGE_LOOP ( 'NONE', ( #1133, #1850, #4775, #4058 ) ) ;
#2861 = EDGE_CURVE ( 'NONE', #516, #8960, #9145, .T. ) ;
#2862 = LINE ( 'NONE', #7828, #5868 ) ;
#2863 = EDGE_CURVE ( 'NONE', #6273, #117, #8024, .T. ) ;
#2864 = CARTESIAN_POINT ( 'NONE',  ( -29.81211713789933881, 20.66277201088163551, 2.988744022555677837 ) ) ;
#2865 = DIRECTION ( 'NONE',  ( -0.7071067811865368036, 0.5000000000000073275, -0.5000000000000078826 ) ) ;
#2866 = DIRECTION ( 'NONE',  ( -0.000000000000000000, 1.000000000000000000, -0.000000000000000000 ) ) ;
#2867 = ORIENTED_EDGE ( 'NONE', *, *, #1572, .T. ) ;
#2868 = DIRECTION ( 'NONE',  ( 1.000000000000000000, -0.000000000000000000, 0.000000000000000000 ) ) ;
#2869 = VECTOR ( 'NONE', #2364, 1000.000000000000000 ) ;
#2870 = CARTESIAN_POINT ( 'NONE',  ( 29.58211713789928154, 20.23277201088163224, 4.000000000000000000 ) ) ;
#2871 = ORIENTED_EDGE ( 'NONE', *, *, #5047, .F. ) ;
#2872 = VECTOR ( 'NONE', #3474, 1000.000000000000000 ) ;
#2873 = CARTESIAN_POINT ( 'NONE',  ( -29.64080013677957481, 20.49145500976187151, 3.708499914937266162 ) ) ;
#2874 = VERTEX_POINT ( 'NONE', #3018 ) ;
#2875 = ADVANCED_FACE ( 'NONE', ( #1059 ), #3895, .F. ) ;
#2876 = EDGE_CURVE ( 'NONE', #1377, #4338, #8822, .T. ) ;
#2877 = VECTOR ( 'NONE', #3300, 1000.000000000000114 ) ;
#2878 = LINE ( 'NONE', #641, #3907 ) ;
#2879 = DIRECTION ( 'NONE',  ( 1.000000000000000000, -1.734723475976806709E-18, -0.000000000000000000 ) ) ;
#2880 = CARTESIAN_POINT ( 'NONE',  ( 16.20483313386390734, 15.66277201088163729, 3.503801376738362894 ) ) ;
#2881 = VERTEX_POINT ( 'NONE', #1617 ) ;
#2882 = ORIENTED_EDGE ( 'NONE', *, *, #4642, .T. ) ;
#2883 = LINE ( 'NONE', #1919, #4608 ) ;
#2884 = DIRECTION ( 'NONE',  ( 0.000000000000000000, 0.000000000000000000, -1.000000000000000000 ) ) ;
#2885 = VECTOR ( 'NONE', #7209, 1000.000000000000000 ) ;
#2886 = ORIENTED_EDGE ( 'NONE', *, *, #1135, .T. ) ;
#2887 = EDGE_CURVE ( 'NONE', #2956, #5115, #2402, .T. ) ;
#2888 = DIRECTION ( 'NONE',  ( -1.000000000000000000, -1.119176436114068839E-16, 0.000000000000000000 ) ) ;
#2889 = ADVANCED_FACE ( 'NONE', ( #3803 ), #7323, .T. ) ;
#2890 = CARTESIAN_POINT ( 'NONE',  ( -89.25000000000001421, 23.15429687500000355, 0.3499999999999999223 ) ) ;
#2891 = LINE ( 'NONE', #2933, #6728 ) ;
#2892 = ORIENTED_EDGE ( 'NONE', *, *, #8844, .F. ) ;
#2893 = PLANE ( 'NONE',  #6066 ) ;
#2894 = VERTEX_POINT ( 'NONE', #8121 ) ;
#2895 = VERTEX_POINT ( 'NONE', #1800 ) ;
#2896 = CARTESIAN_POINT ( 'NONE',  ( 46.25000000000000000, 13.90429687500000355, 1.000000000000000000 ) ) ;
#2897 = EDGE_CURVE ( 'NONE', #4106, #1895, #6054, .T. ) ;
#2898 = PLANE ( 'NONE',  #6229 ) ;
#2899 = EDGE_CURVE ( 'NONE', #3851, #7971, #2501, .T. ) ;
#2900 = DIRECTION ( 'NONE',  ( 0.000000000000000000, 1.000000000000000000, 0.000000000000000000 ) ) ;
#2901 = ORIENTED_EDGE ( 'NONE', *, *, #2980, .F. ) ;
#2902 = PLANE ( 'NONE',  #3555 ) ;
#2903 = DIRECTION ( 'NONE',  ( 0.5773502691896390537, -0.5773502691896190697, 0.5773502691896190697 ) ) ;
#2904 = EDGE_LOOP ( 'NONE', ( #7304, #1856 ) ) ;
#2905 = CYLINDRICAL_SURFACE ( 'NONE', #3476, 0.5000000000000004441 ) ;
#2906 = CYLINDRICAL_SURFACE ( 'NONE', #9230, 0.5000000000000004441 ) ;
#2907 = DIRECTION ( 'NONE',  ( 0.000000000000000000, -1.000000000000000000, 0.000000000000000000 ) ) ;
#2908 = CARTESIAN_POINT ( 'NONE',  ( 46.25000000000000000, 13.90429687500000355, 1.000000000000000000 ) ) ;
#2909 = ORIENTED_EDGE ( 'NONE', *, *, #4948, .T. ) ;
#2910 = CARTESIAN_POINT ( 'NONE',  ( 6.582117137899287762, 20.16277201088163196, 3.250000000000000444 ) ) ;
#2911 = ORIENTED_EDGE ( 'NONE', *, *, #246, .T. ) ;
#2912 = CARTESIAN_POINT ( 'NONE',  ( 46.00000000000000000, 0.000000000000000000, 0.5000000000000004441 ) ) ;
#2913 = DIRECTION ( 'NONE',  ( -0.000000000000000000, -0.000000000000000000, 1.000000000000000000 ) ) ;
#2914 = VERTEX_POINT ( 'NONE', #212 ) ;
#2915 = CARTESIAN_POINT ( 'NONE',  ( -32.32152486411839476, 13.13641401289931210, 1.500000000000000444 ) ) ;
#2916 = CARTESIAN_POINT ( 'NONE',  ( -84.75000000000001421, 13.90429687500000355, 1.000000000000000000 ) ) ;
#2917 = ADVANCED_FACE ( 'NONE', ( #3059 ), #7647, .T. ) ;
#2918 = LINE ( 'NONE', #7935, #3596 ) ;
#2919 = VERTEX_POINT ( 'NONE', #3340 ) ;
#2920 = CARTESIAN_POINT ( 'NONE',  ( -59.41788286210069714, 22.78641401289931778, 0.5000000000000004441 ) ) ;
#2921 = ORIENTED_EDGE ( 'NONE', *, *, #1958, .F. ) ;
#2922 = VECTOR ( 'NONE', #7195, 1000.000000000000000 ) ;
#2923 = LINE ( 'NONE', #5782, #5203 ) ;
#2924 = ADVANCED_FACE ( 'NONE', ( #4691 ), #3942, .F. ) ;
#2925 = EDGE_CURVE ( 'NONE', #1074, #3796, #2107, .T. ) ;
#2926 = EDGE_CURVE ( 'NONE', #468, #2919, #2714, .T. ) ;
#2927 = DIRECTION ( 'NONE',  ( -1.000000000000000000, 0.000000000000000000, 0.000000000000000000 ) ) ;
#2928 = ORIENTED_EDGE ( 'NONE', *, *, #658, .F. ) ;
#2929 = VECTOR ( 'NONE', #2430, 1000.000000000000000 ) ;
#2930 = VECTOR ( 'NONE', #4350, 1000.000000000000000 ) ;
#2931 = PLANE ( 'NONE',  #4732 ) ;
#2932 = LINE ( 'NONE', #5036, #1749 ) ;
#2933 = CARTESIAN_POINT ( 'NONE',  ( 9.582117137899304637, 15.48641401289931174, 1.500000000000000444 ) ) ;
#2934 = ORIENTED_EDGE ( 'NONE', *, *, #4958, .T. ) ;
#2935 = DIRECTION ( 'NONE',  ( 0.000000000000000000, -0.000000000000000000, 1.000000000000000000 ) ) ;
#2936 = ORIENTED_EDGE ( 'NONE', *, *, #1083, .T. ) ;
#2937 = VECTOR ( 'NONE', #653, 1000.000000000000000 ) ;
#2938 = LINE ( 'NONE', #7905, #3313 ) ;
#2939 = ORIENTED_EDGE ( 'NONE', *, *, #6048, .T. ) ;
#2940 = EDGE_CURVE ( 'NONE', #8115, #468, #4615, .T. ) ;
#2941 = VECTOR ( 'NONE', #9094, 1000.000000000000000 ) ;
#2942 = LINE ( 'NONE', #137, #5483 ) ;
#2943 = LINE ( 'NONE', #7911, #5318 ) ;
#2944 = CIRCLE ( 'NONE', #8941, 0.5000000000000000000 ) ;
#2945 = LINE ( 'NONE', #2027, #8105 ) ;
#2946 = ORIENTED_EDGE ( 'NONE', *, *, #7532, .F. ) ;
#2947 = DIRECTION ( 'NONE',  ( 0.000000000000000000, -1.000000000000000000, 0.000000000000000000 ) ) ;
#2948 = EDGE_CURVE ( 'NONE', #7936, #5683, #4835, .T. ) ;
#2949 = EDGE_CURVE ( 'NONE', #6108, #8658, #138, .T. ) ;
#2950 =( BOUNDED_CURVE ( )  B_SPLINE_CURVE ( 3, ( #4711, #6959, #7574, #5369 ),
 .UNSPECIFIED., .F., .F. ) 
 B_SPLINE_CURVE_WITH_KNOTS ( ( 4, 4 ),
 ( 0.000000000000000000, 1.430334912085039711 ),
 .UNSPECIFIED. ) 
 CURVE ( )  GEOMETRIC_REPRESENTATION_ITEM ( )  RATIONAL_B_SPLINE_CURVE ( ( 1.000000000000000000, 0.8366556290180501287, 0.8366556290180501287, 1.000000000000000000 ) ) 
 REPRESENTATION_ITEM ( '' )  );
#2951 = AXIS2_PLACEMENT_3D ( 'NONE', #6418, #2954, #2907 ) ;
#2952 = DATE_AND_TIME ( #6502, #751 ) ;
#2953 = CARTESIAN_POINT ( 'NONE',  ( -32.30364200201769620, 23.15429687499998934, 6.000000000000000000 ) ) ;
#2954 = DIRECTION ( 'NONE',  ( 0.7071067811865475727, 0.000000000000000000, 0.7071067811865475727 ) ) ;
#2955 = DIRECTION ( 'NONE',  ( 1.000000000000000000, -6.938893903907228378E-15, 0.000000000000000000 ) ) ;
#2956 = VERTEX_POINT ( 'NONE', #2597 ) ;
#2957 = LINE ( 'NONE', #1384, #2253 ) ;
#2958 = ORIENTED_EDGE ( 'NONE', *, *, #5289, .T. ) ;
#2959 = LINE ( 'NONE', #5767, #7608 ) ;
#2960 = EDGE_CURVE ( 'NONE', #1943, #8636, #6147, .T. ) ;
#2961 = EDGE_LOOP ( 'NONE', ( #2741, #4402, #7960, #8443 ) ) ;
#2962 = AXIS2_PLACEMENT_3D ( 'NONE', #1143, #7591, #8207 ) ;
#2963 = CARTESIAN_POINT ( 'NONE',  ( -91.75000000000001421, 18.16277201088163196, 3.250000000000000444 ) ) ;
#2964 = ORIENTED_EDGE ( 'NONE', *, *, #436, .T. ) ;
#2965 = CC_DESIGN_DATE_AND_TIME_ASSIGNMENT ( #7494, #3140, ( #8225 ) ) ;
#2966 = FACE_OUTER_BOUND ( 'NONE', #5793, .T. ) ;
#2967 = DIRECTION ( 'NONE',  ( 1.000000000000000000, 1.259073490628327690E-16, 0.000000000000000000 ) ) ;
#2968 = VECTOR ( 'NONE', #1205, 1000.000000000000114 ) ;
#2969 = CARTESIAN_POINT ( 'NONE',  ( -62.41788286210071135, 20.23277201088163224, 1.500000000000000444 ) ) ;
#2970 = ORIENTED_EDGE ( 'NONE', *, *, #6928, .T. ) ;
#2971 = LINE ( 'NONE', #7937, #4617 ) ;
#2972 = ORIENTED_EDGE ( 'NONE', *, *, #2596, .T. ) ;
#2973 = CARTESIAN_POINT ( 'NONE',  ( 32.52152486411834076, 13.13641401289931210, 1.500000000000000444 ) ) ;
#2974 = CARTESIAN_POINT ( 'NONE',  ( -29.79516686613607135, 15.66277201088163373, 3.250000000000000444 ) ) ;
#2975 = CARTESIAN_POINT ( 'NONE',  ( -54.76788286210067724, 20.78641401289931778, 0.5000000000000004441 ) ) ;
#2976 = AXIS2_PLACEMENT_3D ( 'NONE', #2164, #5016, #3479 ) ;
#2977 = VERTEX_POINT ( 'NONE', #6284 ) ;
#2978 = EDGE_CURVE ( 'NONE', #1789, #9166, #8356, .T. ) ;
#2979 = CARTESIAN_POINT ( 'NONE',  ( 39.25000000000000000, 13.15429687500000355, 4.000000000000000000 ) ) ;
#2980 = EDGE_CURVE ( 'NONE', #5950, #5491, #2029, .T. ) ;
#2981 = CARTESIAN_POINT ( 'NONE',  ( -13.47847513588162904, 23.17217973710070567, 1.500000000000000444 ) ) ;
#2982 = CARTESIAN_POINT ( 'NONE',  ( -89.25000000000001421, 23.15429687500000000, 0.4964466094067261359 ) ) ;
#2983 = ORIENTED_EDGE ( 'NONE', *, *, #3550, .F. ) ;
#2984 = CARTESIAN_POINT ( 'NONE',  ( 9.521524864118349640, 13.13641401289931210, 6.000000000000000000 ) ) ;
#2985 = ORIENTED_EDGE ( 'NONE', *, *, #2863, .F. ) ;
#2986 = LOCAL_TIME ( 20, 11, 32.00000000000000000, #6181 ) ;
#2987 = LINE ( 'NONE', #3078, #7190 ) ;
#2988 = VERTEX_POINT ( 'NONE', #4880 ) ;
#2989 = DIRECTION ( 'NONE',  ( 0.000000000000000000, 0.000000000000000000, -1.000000000000000000 ) ) ;
#2990 = EDGE_CURVE ( 'NONE', #693, #9100, #1849, .T. ) ;
#2991 = DIRECTION ( 'NONE',  ( 0.7071067811865471286, 0.7071067811865479058, 0.000000000000000000 ) ) ;
#2992 = ADVANCED_FACE ( 'NONE', ( #4083 ), #1200, .F. ) ;
#2993 = DIRECTION ( 'NONE',  ( -0.000000000000000000, -0.000000000000000000, 1.000000000000000000 ) ) ;
#2994 = EDGE_LOOP ( 'NONE', ( #3089, #2480, #3392, #288 ) ) ;
#2995 = CARTESIAN_POINT ( 'NONE',  ( -89.50000000000001421, 0.000000000000000000, 0.3499999999999999223 ) ) ;
#2996 = VERTEX_POINT ( 'NONE', #394 ) ;
#2997 = VECTOR ( 'NONE', #2185, 1000.000000000000000 ) ;
#2998 = FACE_OUTER_BOUND ( 'NONE', #4085, .T. ) ;
#2999 = MECHANICAL_CONTEXT ( 'NONE', #5742, 'mechanical' ) ;
#3000 = FACE_OUTER_BOUND ( 'NONE', #8027, .T. ) ;
#3001 = FACE_OUTER_BOUND ( 'NONE', #6604, .T. ) ;
#3002 = EDGE_CURVE ( 'NONE', #1689, #6458, #2639, .T. ) ;
#3003 = AXIS2_PLACEMENT_3D ( 'NONE', #6420, #7122, #770 ) ;
#3004 = ADVANCED_FACE ( 'NONE', ( #7552, #3431 ), #9157, .F. ) ;
#3005 = LINE ( 'NONE', #5374, #5011 ) ;
#3006 = EDGE_LOOP ( 'NONE', ( #3591, #4754, #7626, #8484, #8230, #2109, #5164, #7686, #5061, #829, #5456, #6763, #7875, #322, #7776, #4445, #151, #9163, #3390, #5981, #9171, #1898, #4492, #4277, #5590, #3040, #6022, #213, #3208, #8964, #5094, #1309 ) ) ;
#3007 = EDGE_LOOP ( 'NONE', ( #1678, #8817, #3432, #166, #1951, #4118, #6563, #7890, #8748, #6469, #6630, #104, #5810, #2208, #5553, #4503, #618, #8312, #8396, #5915, #6581, #4140, #1159, #7557, #4087, #3600, #6466, #4585, #635, #976, #9088, #1225 ) ) ;
#3008 = CARTESIAN_POINT ( 'NONE',  ( 6.582117137899287762, 18.16277201088163196, 3.250000000000000444 ) ) ;
#3009 = ORIENTED_EDGE ( 'NONE', *, *, #4407, .T. ) ;
#3010 = AXIS2_PLACEMENT_3D ( 'NONE', #2331, #936, #4429 ) ;
#3011 = CARTESIAN_POINT ( 'NONE',  ( -32.30364200201771041, 13.15429687499999112, 6.000000000000000000 ) ) ;
#3012 = VECTOR ( 'NONE', #5093, 1000.000000000000000 ) ;
#3013 = ORIENTED_EDGE ( 'NONE', *, *, #8070, .F. ) ;
#3014 = EDGE_CURVE ( 'NONE', #978, #7023, #1150, .T. ) ;
#3015 = DIRECTION ( 'NONE',  ( 0.000000000000000000, 0.000000000000000000, -1.000000000000000000 ) ) ;
#3016 = DIRECTION ( 'NONE',  ( -0.000000000000000000, -0.000000000000000000, 1.000000000000000000 ) ) ;
#3017 = VECTOR ( 'NONE', #2003, 1000.000000000000000 ) ;
#3018 = CARTESIAN_POINT ( 'NONE',  ( -62.41788286210071135, 20.23277201088163224, 1.500000000000000444 ) ) ;
#3019 = VERTEX_POINT ( 'NONE', #6468 ) ;
#3020 = LINE ( 'NONE', #2454, #4466 ) ;
#3021 = VECTOR ( 'NONE', #5297, 1000.000000000000000 ) ;
#3022 = ORIENTED_EDGE ( 'NONE', *, *, #4956, .T. ) ;
#3023 = VERTEX_POINT ( 'NONE', #5062 ) ;
#3024 = LINE ( 'NONE', #8736, #4757 ) ;
#3025 = CARTESIAN_POINT ( 'NONE',  ( -29.38211713789932844, 16.07582173911838197, 4.000000000000000000 ) ) ;
#3026 = VECTOR ( 'NONE', #2459, 1000.000000000000000 ) ;
#3027 = ORIENTED_EDGE ( 'NONE', *, *, #5434, .F. ) ;
#3028 = DIRECTION ( 'NONE',  ( 0.000000000000000000, 0.000000000000000000, 1.000000000000000000 ) ) ;
#3029 = CARTESIAN_POINT ( 'NONE',  ( 38.98211713789931565, 20.78641401289931778, 0.5000000000000004441 ) ) ;
#3030 = DIRECTION ( 'NONE',  ( -0.000000000000000000, -0.000000000000000000, 1.000000000000000000 ) ) ;
#3031 = VERTEX_POINT ( 'NONE', #7219 ) ;
#3032 = LINE ( 'NONE', #3866, #8916 ) ;
#3033 = ORIENTED_EDGE ( 'NONE', *, *, #951, .F. ) ;
#3034 = VECTOR ( 'NONE', #5938, 1000.000000000000000 ) ;
#3035 = DIRECTION ( 'NONE',  ( 1.000000000000000000, -6.938893903907228378E-15, 0.000000000000000000 ) ) ;
#3036 = ORIENTED_EDGE ( 'NONE', *, *, #3798, .F. ) ;
#3037 = DIRECTION ( 'NONE',  ( -1.000000000000000000, 0.000000000000000000, 0.000000000000000000 ) ) ;
#3038 = CARTESIAN_POINT ( 'NONE',  ( -55.41788286210067582, 20.78641401289931778, 0.5000000000000004441 ) ) ;
#3039 = DIRECTION ( 'NONE',  ( -1.000000000000000000, -1.119176436114068839E-16, 0.000000000000000000 ) ) ;
#3040 = ORIENTED_EDGE ( 'NONE', *, *, #8716, .F. ) ;
#3041 = FACE_OUTER_BOUND ( 'NONE', #4283, .T. ) ;
#3042 = ORIENTED_EDGE ( 'NONE', *, *, #8893, .T. ) ;
#3043 = DIRECTION ( 'NONE',  ( 0.000000000000000000, 0.000000000000000000, -1.000000000000000000 ) ) ;
#3044 = EDGE_CURVE ( 'NONE', #7695, #4555, #5522, .T. ) ;
#3045 = ADVANCED_FACE ( 'NONE', ( #7077 ), #9247, .F. ) ;
#3046 = PLANE ( 'NONE',  #4876 ) ;
#3047 = PLANE ( 'NONE',  #8192 ) ;
#3048 = DIRECTION ( 'NONE',  ( 1.000000000000000000, 0.000000000000000000, 0.000000000000000000 ) ) ;
#3049 = ORIENTED_EDGE ( 'NONE', *, *, #7985, .F. ) ;
#3050 = CARTESIAN_POINT ( 'NONE',  ( -75.38211713789932844, 20.23277201088161803, 1.500000000000000444 ) ) ;
#3051 = VERTEX_POINT ( 'NONE', #6376 ) ;
#3052 = LINE ( 'NONE', #820, #433 ) ;
#3053 = EDGE_CURVE ( 'NONE', #3954, #1973, #3477, .T. ) ;
#3054 = LINE ( 'NONE', #6746, #7670 ) ;
#3055 = LINE ( 'NONE', #7367, #8616 ) ;
#3056 = CARTESIAN_POINT ( 'NONE',  ( 13.67847513588160702, 13.13641401289931210, 1.500000000000000444 ) ) ;
#3057 = AXIS2_PLACEMENT_3D ( 'NONE', #7076, #3519, #4125 ) ;
#3058 = DIRECTION ( 'NONE',  ( 0.7071067811865483499, -0.7071067811865466846, 0.000000000000000000 ) ) ;
#3059 = FACE_OUTER_BOUND ( 'NONE', #5594, .T. ) ;
#3060 = EDGE_LOOP ( 'NONE', ( #6202, #5480, #292, #6859, #1781, #692 ) ) ;
#3061 = DIRECTION ( 'NONE',  ( 1.000000000000000000, -1.734723475976806709E-18, -0.000000000000000000 ) ) ;
#3062 = EDGE_LOOP ( 'NONE', ( #7984, #5998, #430, #8855 ) ) ;
#3063 = ORIENTED_EDGE ( 'NONE', *, *, #3612, .T. ) ;
#3064 = DIRECTION ( 'NONE',  ( -0.000000000000000000, -0.000000000000000000, 1.000000000000000000 ) ) ;
#3065 = CARTESIAN_POINT ( 'NONE',  ( -7.017882862100671915, 20.78641401289931778, 1.500000000000000444 ) ) ;
#3066 = ADVANCED_FACE ( 'NONE', ( #818 ), #4171, .F. ) ;
#3067 = EDGE_CURVE ( 'NONE', #2017, #4859, #2777, .T. ) ;
#3068 = CARTESIAN_POINT ( 'NONE',  ( -91.75000000000001421, 19.66277201088163196, 3.250000000000000444 ) ) ;
#3069 = ORIENTED_EDGE ( 'NONE', *, *, #4935, .F. ) ;
#3070 = CARTESIAN_POINT ( 'NONE',  ( -9.417882862100670494, 13.48641401289931174, 0.5000000000000004441 ) ) ;
#3071 = CARTESIAN_POINT ( 'NONE',  ( -61.98788286210070453, 20.66277201088163196, 3.250000000000000444 ) ) ;
#3072 = VECTOR ( 'NONE', #7055, 1000.000000000000000 ) ;
#3073 = LINE ( 'NONE', #7523, #8684 ) ;
#3074 = ORIENTED_EDGE ( 'NONE', *, *, #755, .F. ) ;
#3075 = CARTESIAN_POINT ( 'NONE',  ( -91.54999999999999716, 10.85429687500000639, 0.1999999999999886591 ) ) ;
#3076 = ORIENTED_EDGE ( 'NONE', *, *, #7163, .T. ) ;
#3077 = ORIENTED_EDGE ( 'NONE', *, *, #7592, .T. ) ;
#3078 = CARTESIAN_POINT ( 'NONE',  ( -91.75000000000001421, 17.66277201088163196, 3.250000000000000444 ) ) ;
#3079 = ORIENTED_EDGE ( 'NONE', *, *, #4151, .F. ) ;
#3080 = AXIS2_PLACEMENT_3D ( 'NONE', #454, #4139, #5551 ) ;
#3081 = DIRECTION ( 'NONE',  ( -0.000000000000000000, -1.000000000000000000, -0.000000000000000000 ) ) ;
#3082 = CARTESIAN_POINT ( 'NONE',  ( 6.582117137899287762, 20.23277201088163224, 1.500000000000000444 ) ) ;
#3083 = APPROVAL ( #3276, 'UNSPECIFIED' ) ;
#3084 = CARTESIAN_POINT ( 'NONE',  ( -36.47847513588163793, 23.17217973710070567, 4.000000000000000000 ) ) ;
#3085 = CARTESIAN_POINT ( 'NONE',  ( -31.76788286210068080, 20.78641401289931778, 0.5000000000000004441 ) ) ;
#3086 = ORIENTED_EDGE ( 'NONE', *, *, #3640, .T. ) ;
#3087 = VECTOR ( 'NONE', #6405, 1000.000000000000000 ) ;
#3088 = CARTESIAN_POINT ( 'NONE',  ( -82.49635799798238622, 23.15429687499997868, 4.000000000000000000 ) ) ;
#3089 = ORIENTED_EDGE ( 'NONE', *, *, #9008, .T. ) ;
#3090 = VECTOR ( 'NONE', #7201, 1000.000000000000000 ) ;
#3091 = DIRECTION ( 'NONE',  ( 1.000000000000000000, -0.000000000000000000, 0.000000000000000000 ) ) ;
#3092 = EDGE_CURVE ( 'NONE', #5339, #2225, #8091, .T. ) ;
#3093 = DIRECTION ( 'NONE',  ( 1.000000000000000000, 1.259073490628327690E-16, 0.000000000000000000 ) ) ;
#3094 = ORIENTED_EDGE ( 'NONE', *, *, #521, .F. ) ;
#3095 = EDGE_CURVE ( 'NONE', #7812, #8841, #5720, .T. ) ;
#3096 = DIRECTION ( 'NONE',  ( -1.000000000000000000, 0.000000000000000000, 0.000000000000000000 ) ) ;
#3097 = ORIENTED_EDGE ( 'NONE', *, *, #8562, .T. ) ;
#3098 = VECTOR ( 'NONE', #2369, 1000.000000000000000 ) ;
#3099 = DIRECTION ( 'NONE',  ( -1.000000000000000000, 0.000000000000000000, 0.000000000000000000 ) ) ;
#3100 = ORIENTED_EDGE ( 'NONE', *, *, #4842, .T. ) ;
#3101 = CARTESIAN_POINT ( 'NONE',  ( -59.49635799798235780, 23.15429687499998579, 6.000000000000000000 ) ) ;
#3102 = CARTESIAN_POINT ( 'NONE',  ( 9.521524864118349640, 13.13641401289931210, 6.000000000000000000 ) ) ;
#3103 = FACE_OUTER_BOUND ( 'NONE', #3108, .T. ) ;
#3104 = EDGE_CURVE ( 'NONE', #1644, #8124, #722, .T. ) ;
#3105 = DIRECTION ( 'NONE',  ( -1.000000000000000000, -1.119176436114068839E-16, 0.000000000000000000 ) ) ;
#3106 = EDGE_CURVE ( 'NONE', #2088, #9264, #2210, .T. ) ;
#3107 = PLANE ( 'NONE',  #7939 ) ;
#3108 = EDGE_LOOP ( 'NONE', ( #8729, #3076, #2455, #8243, #5966, #3271 ) ) ;
#3109 = DIRECTION ( 'NONE',  ( 0.000000000000000000, 0.000000000000000000, -1.000000000000000000 ) ) ;
#3110 = VERTEX_POINT ( 'NONE', #7924 ) ;
#3111 = ORIENTED_EDGE ( 'NONE', *, *, #6785, .T. ) ;
#3112 = DIRECTION ( 'NONE',  ( 0.000000000000000000, 0.000000000000000000, -1.000000000000000000 ) ) ;
#3113 = AXIS2_PLACEMENT_3D ( 'NONE', #870, #7980, #4548 ) ;
#3114 = LINE ( 'NONE', #8928, #9010 ) ;
#3115 = DIRECTION ( 'NONE',  ( -0.000000000000000000, -0.000000000000000000, 1.000000000000000000 ) ) ;
#3116 = EDGE_LOOP ( 'NONE', ( #6352, #1523, #1227, #6811, #7385 ) ) ;
#3117 = VECTOR ( 'NONE', #1489, 1000.000000000000000 ) ;
#3118 = DIRECTION ( 'NONE',  ( -1.000000000000000000, -0.000000000000000000, -0.000000000000000000 ) ) ;
#3119 = LINE ( 'NONE', #3029, #2064 ) ;
#3120 = ADVANCED_FACE ( 'NONE', ( #679 ), #1516, .F. ) ;
#3121 = CARTESIAN_POINT ( 'NONE',  ( 6.582117137899287762, 16.07582173911837486, 4.000000000000000000 ) ) ;
#3122 = ORIENTED_EDGE ( 'NONE', *, *, #8114, .T. ) ;
#3123 = EDGE_CURVE ( 'NONE', #3681, #1438, #4354, .T. ) ;
#3124 = DIRECTION ( 'NONE',  ( -0.7071067811865475727, -0.7071067811865475727, 0.000000000000000000 ) ) ;
#3125 = ORIENTED_EDGE ( 'NONE', *, *, #6772, .F. ) ;
#3126 = ORIENTED_EDGE ( 'NONE', *, *, #9068, .T. ) ;
#3127 = DIRECTION ( 'NONE',  ( -0.000000000000000000, 0.000000000000000000, 1.000000000000000000 ) ) ;
#3128 = VERTEX_POINT ( 'NONE', #7877 ) ;
#3129 = AXIS2_PLACEMENT_3D ( 'NONE', #5873, #8780, #3666 ) ;
#3130 = LINE ( 'NONE', #5982, #948 ) ;
#3131 = LINE ( 'NONE', #3082, #858 ) ;
#3132 = LINE ( 'NONE', #8849, #2929 ) ;
#3133 = VECTOR ( 'NONE', #4929, 1000.000000000000000 ) ;
#3134 = CARTESIAN_POINT ( 'NONE',  ( 9.582117137899304637, 20.78641401289931423, 0.5000000000000004441 ) ) ;
#3135 = EDGE_CURVE ( 'NONE', #3879, #1710, #8542, .T. ) ;
#3136 = ORIENTED_EDGE ( 'NONE', *, *, #379, .T. ) ;
#3137 = CARTESIAN_POINT ( 'NONE',  ( 0.000000000000000000, 0.000000000000000000, 1.500000000000000444 ) ) ;
#3138 = EDGE_LOOP ( 'NONE', ( #6037, #6318, #2578, #1492, #1840, #6657 ) ) ;
#3139 = ORIENTED_EDGE ( 'NONE', *, *, #1280, .T. ) ;
#3140 = DATE_TIME_ROLE ( 'classification_date' ) ;
#3141 = CARTESIAN_POINT ( 'NONE',  ( -13.49635799798234714, 23.15429687499999289, 4.000000000000000000 ) ) ;
#3142 = LINE ( 'NONE', #4631, #1021 ) ;
#3143 = ORIENTED_EDGE ( 'NONE', *, *, #7863, .T. ) ;
#3144 = VECTOR ( 'NONE', #5501, 1000.000000000000000 ) ;
#3145 = EDGE_LOOP ( 'NONE', ( #6198, #1154, #8722, #2757, #5191, #7878, #3772, #3679, #9234, #3603 ) ) ;
#3146 = PLANE ( 'NONE',  #1478 ) ;
#3147 = LINE ( 'NONE', #6001, #6707 ) ;
#3148 = EDGE_CURVE ( 'NONE', #8125, #6736, #8494, .T. ) ;
#3149 = ORIENTED_EDGE ( 'NONE', *, *, #8130, .F. ) ;
#3150 = DIRECTION ( 'NONE',  ( 0.000000000000000000, -0.000000000000000000, 1.000000000000000000 ) ) ;
#3151 = VECTOR ( 'NONE', #3520, 1000.000000000000114 ) ;
#3152 = LINE ( 'NONE', #6006, #3231 ) ;
#3153 = FACE_OUTER_BOUND ( 'NONE', #8750, .T. ) ;
#3154 = CARTESIAN_POINT ( 'NONE',  ( 6.582117137899287762, 16.07582173911837486, 2.757618389620108967 ) ) ;
#3155 = CARTESIAN_POINT ( 'NONE',  ( -75.79516686613605714, 15.66277201088163729, 2.996198623261641103 ) ) ;
#3156 = EDGE_LOOP ( 'NONE', ( #2089, #4843, #6544, #3882 ) ) ;
#3157 = VERTEX_POINT ( 'NONE', #105 ) ;
#3158 = VECTOR ( 'NONE', #6224, 1000.000000000000000 ) ;
#3159 = LINE ( 'NONE', #4461, #2526 ) ;
#3160 = VECTOR ( 'NONE', #9245, 1000.000000000000000 ) ;
#3161 = DIRECTION ( 'NONE',  ( -0.000000000000000000, 1.000000000000000000, -0.000000000000000000 ) ) ;
#3162 = LINE ( 'NONE', #7423, #3026 ) ;
#3163 = EDGE_CURVE ( 'NONE', #8755, #9277, #2957, .T. ) ;
#3164 = EDGE_CURVE ( 'NONE', #7231, #4050, #5391, .T. ) ;
#3165 = ORIENTED_EDGE ( 'NONE', *, *, #3560, .F. ) ;
#3166 = DIRECTION ( 'NONE',  ( -0.000000000000000000, -1.000000000000000000, -0.000000000000000000 ) ) ;
#3167 = VECTOR ( 'NONE', #1570, 1000.000000000000000 ) ;
#3168 = FACE_OUTER_BOUND ( 'NONE', #8596, .T. ) ;
#3169 = DIRECTION ( 'NONE',  ( 1.000000000000000000, -0.000000000000000000, 0.000000000000000000 ) ) ;
#3170 = ORIENTED_EDGE ( 'NONE', *, *, #589, .F. ) ;
#3171 = DIRECTION ( 'NONE',  ( 1.000000000000000000, 0.000000000000000000, 0.000000000000000000 ) ) ;
#3172 = ORIENTED_EDGE ( 'NONE', *, *, #5089, .T. ) ;
#3173 = VERTEX_POINT ( 'NONE', #3567 ) ;
#3174 = CARTESIAN_POINT ( 'NONE',  ( -83.06788286210067440, 20.78641401289931423, -2.999999999999999112 ) ) ;
#3175 = VECTOR ( 'NONE', #7255, 1000.000000000000000 ) ;
#3176 = EDGE_CURVE ( 'NONE', #4826, #5977, #5633, .T. ) ;
#3177 = CARTESIAN_POINT ( 'NONE',  ( -82.47847513588165214, 13.13641401289931210, 6.000000000000000000 ) ) ;
#3178 = PLANE ( 'NONE',  #6676 ) ;
#3179 = PLANE ( 'NONE',  #93 ) ;
#3180 = CIRCLE ( 'NONE', #2285, 0.5000000000000000000 ) ;
#3181 = DIRECTION ( 'NONE',  ( 0.7071067811865474617, -0.7071067811865474617, 0.000000000000000000 ) ) ;
#3182 = ORIENTED_EDGE ( 'NONE', *, *, #5583, .T. ) ;
#3183 = DIRECTION ( 'NONE',  ( 1.000000000000000000, 0.000000000000000000, -0.000000000000000000 ) ) ;
#3184 = ORIENTED_EDGE ( 'NONE', *, *, #3729, .T. ) ;
#3185 = DIRECTION ( 'NONE',  ( 0.000000000000000000, 0.000000000000000000, 1.000000000000000000 ) ) ;
#3186 = EDGE_CURVE ( 'NONE', #3673, #3353, #2162, .T. ) ;
#3187 = AXIS2_PLACEMENT_3D ( 'NONE', #9222, #9182, #4950 ) ;
#3188 = EDGE_CURVE ( 'NONE', #6813, #3620, #908, .T. ) ;
#3189 = LINE ( 'NONE', #4581, #2791 ) ;
#3190 = DIRECTION ( 'NONE',  ( 0.000000000000000000, -0.000000000000000000, -1.000000000000000000 ) ) ;
#3191 = VERTEX_POINT ( 'NONE', #8108 ) ;
#3192 = VERTEX_POINT ( 'NONE', #3050 ) ;
#3193 = CARTESIAN_POINT ( 'NONE',  ( -52.38211713789932844, 16.07582173911838197, 4.000000000000000000 ) ) ;
#3194 = ORIENTED_EDGE ( 'NONE', *, *, #2354, .F. ) ;
#3195 = VECTOR ( 'NONE', #9015, 1000.000000000000000 ) ;
#3196 = CARTESIAN_POINT ( 'NONE',  ( -84.75000000000001421, 13.15429687499998934, 4.000000000000000000 ) ) ;
#3197 = DIRECTION ( 'NONE',  ( -1.000000000000000000, 0.000000000000000000, 0.000000000000000000 ) ) ;
#3198 = LINE ( 'NONE', #6749, #3167 ) ;
#3199 = CARTESIAN_POINT ( 'NONE',  ( -53.01788286210067724, 15.50448725967914143, 1.500000000000000444 ) ) ;
#3200 = CARTESIAN_POINT ( 'NONE',  ( 37.23211713789930855, 20.78641401289931778, 0.5000000000000004441 ) ) ;
#3201 = ORIENTED_EDGE ( 'NONE', *, *, #5898, .T. ) ;
#3202 = FACE_OUTER_BOUND ( 'NONE', #21, .T. ) ;
#3203 = ORIENTED_EDGE ( 'NONE', *, *, #1361, .T. ) ;
#3204 = VERTEX_POINT ( 'NONE', #4537 ) ;
#3205 = DIRECTION ( 'NONE',  ( -0.7071067811865466846, -0.7071067811865483499, 0.000000000000000000 ) ) ;
#3206 = FACE_OUTER_BOUND ( 'NONE', #5308, .T. ) ;
#3207 = PLANE ( 'NONE',  #4820 ) ;
#3208 = ORIENTED_EDGE ( 'NONE', *, *, #4578, .F. ) ;
#3209 = DIRECTION ( 'NONE',  ( 0.7071067811865466846, 0.7071067811865483499, 0.000000000000000000 ) ) ;
#3210 = EDGE_CURVE ( 'NONE', #7468, #8487, #6475, .T. ) ;
#3211 = CARTESIAN_POINT ( 'NONE',  ( -77.76788286210067724, 15.50448725967914143, 1.500000000000000444 ) ) ;
#3212 = CARTESIAN_POINT ( 'NONE',  ( 38.98211713789931565, 20.78641401289931778, 0.5000000000000004441 ) ) ;
#3213 = EDGE_LOOP ( 'NONE', ( #2678, #4002, #4428, #1656 ) ) ;
#3214 = ADVANCED_FACE ( 'NONE', ( #6605 ), #5152, .F. ) ;
#3215 = CARTESIAN_POINT ( 'NONE',  ( 29.58211713789928154, 18.16277201088163196, 3.250000000000000444 ) ) ;
#3216 = ORIENTED_EDGE ( 'NONE', *, *, #38, .F. ) ;
#3217 = ORIENTED_EDGE ( 'NONE', *, *, #2124, .T. ) ;
#3218 = ADVANCED_FACE ( 'NONE', ( #7262 ), #2444, .F. ) ;
#3219 = CARTESIAN_POINT ( 'NONE',  ( 9.521524864118363851, 23.17217973710070567, 1.500000000000000444 ) ) ;
#3220 = DIRECTION ( 'NONE',  ( -6.938893903907222067E-15, 1.000000000000000000, 0.000000000000000000 ) ) ;
#3221 = VECTOR ( 'NONE', #1320, 1000.000000000000000 ) ;
#3222 = CARTESIAN_POINT ( 'NONE',  ( 45.84999999999998721, 25.65429687500000355, 0.3999999999999837019 ) ) ;
#3223 = DIRECTION ( 'NONE',  ( 6.938893903907228378E-15, 1.000000000000000000, 0.000000000000000000 ) ) ;
#3224 = CARTESIAN_POINT ( 'NONE',  ( -6.382117137899323112, 20.23277201088161803, 1.500000000000000444 ) ) ;
#3225 = CARTESIAN_POINT ( 'NONE',  ( -52.38211713789932844, 16.16277201088163551, 3.250000000000000444 ) ) ;
#3226 = VERTEX_POINT ( 'NONE', #7403 ) ;
#3227 = ADVANCED_FACE ( 'NONE', ( #6696 ), #4446, .F. ) ;
#3228 = LINE ( 'NONE', #6827, #7308 ) ;
#3229 = VERTEX_POINT ( 'NONE', #7452 ) ;
#3230 = DIRECTION ( 'NONE',  ( -1.000000000000000000, 0.000000000000000000, 0.000000000000000000 ) ) ;
#3231 = VECTOR ( 'NONE', #8870, 1000.000000000000000 ) ;
#3232 = CARTESIAN_POINT ( 'NONE',  ( 31.93211713789931139, 20.80448725967914925, 1.500000000000000444 ) ) ;
#3233 = VECTOR ( 'NONE', #6122, 1000.000000000000000 ) ;
#3234 = DIRECTION ( 'NONE',  ( 0.7071067811865474617, -0.7071067811865474617, 0.000000000000000000 ) ) ;
#3235 = VECTOR ( 'NONE', #7309, 1000.000000000000000 ) ;
#3236 = ORIENTED_EDGE ( 'NONE', *, *, #8366, .F. ) ;
#3237 = EDGE_CURVE ( 'NONE', #4234, #2214, #8205, .T. ) ;
#3238 = ORIENTED_EDGE ( 'NONE', *, *, #3135, .F. ) ;
#3239 = ADVANCED_FACE ( 'NONE', ( #4635 ), #8961, .F. ) ;
#3240 = DIRECTION ( 'NONE',  ( 0.000000000000000000, -0.000000000000000000, 1.000000000000000000 ) ) ;
#3241 = ORIENTED_EDGE ( 'NONE', *, *, #8538, .T. ) ;
#3242 = VECTOR ( 'NONE', #5231, 1000.000000000000000 ) ;
#3243 = FACE_OUTER_BOUND ( 'NONE', #6104, .T. ) ;
#3244 = DIRECTION ( 'NONE',  ( -1.000000000000000000, -0.000000000000000000, -0.000000000000000000 ) ) ;
#3245 = CARTESIAN_POINT ( 'NONE',  ( -30.01788286210067724, 15.50448725967914143, 0.5000000000000004441 ) ) ;
#3246 = DIRECTION ( 'NONE',  ( 0.000000000000000000, -0.000000000000000000, 1.000000000000000000 ) ) ;
#3247 = VECTOR ( 'NONE', #4023, 1000.000000000000000 ) ;
#3248 = DIRECTION ( 'NONE',  ( -1.000000000000000000, 0.000000000000000000, -0.000000000000000000 ) ) ;
#3249 = ORIENTED_EDGE ( 'NONE', *, *, #8912, .F. ) ;
#3250 = ADVANCED_FACE ( 'NONE', ( #2966 ), #2170, .F. ) ;
#3251 = CARTESIAN_POINT ( 'NONE',  ( -52.38211713789932844, 20.23277201088161803, 2.754924248220536054 ) ) ;
#3252 = VERTEX_POINT ( 'NONE', #5821 ) ;
#3253 = CARTESIAN_POINT ( 'NONE',  ( -16.41788286210070424, 16.07582173911837486, 1.500000000000000444 ) ) ;
#3254 = DIRECTION ( 'NONE',  ( 1.000000000000000000, 0.000000000000000000, 0.000000000000000000 ) ) ;
#3255 = EDGE_LOOP ( 'NONE', ( #6230, #2163, #1761, #2218 ) ) ;
#3256 = CARTESIAN_POINT ( 'NONE',  ( -54.76788286210067724, 15.50448725967914143, 0.5000000000000004441 ) ) ;
#3257 = DIRECTION ( 'NONE',  ( 1.000000000000000000, 0.000000000000000000, 0.000000000000000000 ) ) ;
#3258 = VECTOR ( 'NONE', #2766, 1000.000000000000000 ) ;
#3259 = DIRECTION ( 'NONE',  ( -0.000000000000000000, -1.000000000000000000, -0.000000000000000000 ) ) ;
#3260 = ORIENTED_EDGE ( 'NONE', *, *, #4124, .T. ) ;
#3261 = LINE ( 'NONE', #2000, #4121 ) ;
#3262 = ORIENTED_EDGE ( 'NONE', *, *, #8020, .T. ) ;
#3263 = CARTESIAN_POINT ( 'NONE',  ( -6.382117137899323112, 20.23277201088161803, 6.000000000000000000 ) ) ;
#3264 = EDGE_CURVE ( 'NONE', #1567, #9264, #5730, .T. ) ;
#3265 = VECTOR ( 'NONE', #5827, 1000.000000000000000 ) ;
#3266 = DIRECTION ( 'NONE',  ( 1.000000000000000000, -1.734723475976806709E-18, -0.000000000000000000 ) ) ;
#3267 = LINE ( 'NONE', #5559, #8023 ) ;
#3268 = CARTESIAN_POINT ( 'NONE',  ( -91.75000000000001421, 25.65429687500000355, 6.000000000000000000 ) ) ;
#3269 = DIRECTION ( 'NONE',  ( 1.000000000000000000, -1.734723475976806709E-18, -0.000000000000000000 ) ) ;
#3270 = FACE_OUTER_BOUND ( 'NONE', #5666, .T. ) ;
#3271 = ORIENTED_EDGE ( 'NONE', *, *, #2532, .T. ) ;
#3272 = VECTOR ( 'NONE', #235, 1000.000000000000000 ) ;
#3273 = CARTESIAN_POINT ( 'NONE',  ( 32.50364200201764930, 23.15429687500000000, 4.000000000000000000 ) ) ;
#3274 = VERTEX_POINT ( 'NONE', #7038 ) ;
#3275 = ORIENTED_EDGE ( 'NONE', *, *, #8222, .F. ) ;
#3276 = APPROVAL_STATUS ( 'not_yet_approved' ) ;
#3277 = AXIS2_PLACEMENT_3D ( 'NONE', #5161, #4409, #7414 ) ;
#3278 = EDGE_CURVE ( 'NONE', #3983, #3806, #3485, .T. ) ;
#3279 = VECTOR ( 'NONE', #8768, 1000.000000000000000 ) ;
#3280 = EDGE_CURVE ( 'NONE', #5209, #1717, #2084, .T. ) ;
#3281 = CARTESIAN_POINT ( 'NONE',  ( 30.18211713789931139, 15.48641401289931174, 1.500000000000000444 ) ) ;
#3282 = FACE_BOUND ( 'NONE', #3489, .T. ) ;
#3283 = ORIENTED_EDGE ( 'NONE', *, *, #4010, .F. ) ;
#3284 = ORIENTED_EDGE ( 'NONE', *, *, #2960, .F. ) ;
#3285 = CARTESIAN_POINT ( 'NONE',  ( -91.75000000000001421, 22.40429687500000711, 1.000000000000000000 ) ) ;
#3286 = ORIENTED_EDGE ( 'NONE', *, *, #5958, .T. ) ;
#3287 = CARTESIAN_POINT ( 'NONE',  ( -78.30364200201772462, 13.15429687499998579, 4.000000000000000000 ) ) ;
#3288 = EDGE_CURVE ( 'NONE', #3173, #2122, #826, .T. ) ;
#3289 = DIRECTION ( 'NONE',  ( 0.000000000000000000, 0.000000000000000000, -1.000000000000000000 ) ) ;
#3290 = ADVANCED_FACE ( 'NONE', ( #1483 ), #1394, .F. ) ;
#3291 = DIRECTION ( 'NONE',  ( -0.000000000000000000, 0.000000000000000000, 1.000000000000000000 ) ) ;
#3292 = FACE_OUTER_BOUND ( 'NONE', #2767, .T. ) ;
#3293 = CARTESIAN_POINT ( 'NONE',  ( 39.20903353518417589, 20.64162133779809949, 3.417048058907990349 ) ) ;
#3294 = ORIENTED_EDGE ( 'NONE', *, *, #247, .T. ) ;
#3295 = LINE ( 'NONE', #6799, #7463 ) ;
#3296 = ORIENTED_EDGE ( 'NONE', *, *, #1114, .F. ) ;
#3297 = DIRECTION ( 'NONE',  ( 0.000000000000000000, 0.000000000000000000, -1.000000000000000000 ) ) ;
#3298 = ORIENTED_EDGE ( 'NONE', *, *, #2463, .T. ) ;
#3299 = VECTOR ( 'NONE', #6810, 1000.000000000000000 ) ;
#3300 = DIRECTION ( 'NONE',  ( -0.5773502691896411632, 0.5773502691896211791, 0.5773502691896148509 ) ) ;
#3301 = EDGE_CURVE ( 'NONE', #7544, #7729, #7796, .T. ) ;
#3302 = ORIENTED_EDGE ( 'NONE', *, *, #1310, .T. ) ;
#3303 = EDGE_CURVE ( 'NONE', #3822, #3879, #2878, .T. ) ;
#3304 = DIRECTION ( 'NONE',  ( 0.6785983445458539931, -0.2810846377147864228, -0.6785983445458539931 ) ) ;
#3305 = CARTESIAN_POINT ( 'NONE',  ( -14.06788286210067263, 20.78641401289931423, -2.999999999999999112 ) ) ;
#3306 = VECTOR ( 'NONE', #5914, 1000.000000000000000 ) ;
#3307 = DIRECTION ( 'NONE',  ( 0.000000000000000000, 0.000000000000000000, 1.000000000000000000 ) ) ;
#3308 = VERTEX_POINT ( 'NONE', #1433 ) ;
#3309 = CARTESIAN_POINT ( 'NONE',  ( -39.41788286210071135, 20.23277201088163224, 2.754924248220537830 ) ) ;
#3310 = ORIENTED_EDGE ( 'NONE', *, *, #1508, .T. ) ;
#3311 =( BOUNDED_CURVE ( )  B_SPLINE_CURVE ( 3, ( #673, #764, #5054, #8092 ),
 .UNSPECIFIED., .F., .F. ) 
 B_SPLINE_CURVE_WITH_KNOTS ( ( 4, 4 ),
 ( 3.141592653589793116, 4.571927565674860361 ),
 .UNSPECIFIED. ) 
 CURVE ( )  GEOMETRIC_REPRESENTATION_ITEM ( )  RATIONAL_B_SPLINE_CURVE ( ( 1.000000000000000000, 0.8366556290180442446, 0.8366556290180442446, 1.000000000000000000 ) ) 
 REPRESENTATION_ITEM ( '' )  );
#3312 = DIRECTION ( 'NONE',  ( 0.000000000000000000, -0.000000000000000000, -1.000000000000000000 ) ) ;
#3313 = VECTOR ( 'NONE', #2192, 1000.000000000000000 ) ;
#3314 = LINE ( 'NONE', #370, #1256 ) ;
#3315 = PLANE ( 'NONE',  #107 ) ;
#3316 = CARTESIAN_POINT ( 'NONE',  ( -59.41788286210069714, 13.48641401289930997, 0.5000000000000004441 ) ) ;
#3317 = DIRECTION ( 'NONE',  ( -0.000000000000000000, -0.000000000000000000, 1.000000000000000000 ) ) ;
#3318 = ORIENTED_EDGE ( 'NONE', *, *, #350, .T. ) ;
#3319 = PLANE ( 'NONE',  #1584 ) ;
#3320 = ORIENTED_EDGE ( 'NONE', *, *, #848, .T. ) ;
#3321 = VECTOR ( 'NONE', #7092, 1000.000000000000000 ) ;
#3322 = DIRECTION ( 'NONE',  ( -1.000000000000000000, 0.000000000000000000, 0.000000000000000000 ) ) ;
#3323 = ORIENTED_EDGE ( 'NONE', *, *, #6601, .F. ) ;
#3324 = VECTOR ( 'NONE', #8730, 1000.000000000000000 ) ;
#3325 = CARTESIAN_POINT ( 'NONE',  ( -14.06788286210067263, 0.000000000000000000, 0.000000000000000000 ) ) ;
#3326 = AXIS2_PLACEMENT_3D ( 'NONE', #6246, #6946, #2831 ) ;
#3327 = DIRECTION ( 'NONE',  ( -1.000000000000000000, 0.000000000000000000, 0.000000000000000000 ) ) ;
#3328 = CARTESIAN_POINT ( 'NONE',  ( -93.16421356237310647, 25.65429687500000355, 5.000000000000000000 ) ) ;
#3329 = EDGE_LOOP ( 'NONE', ( #4326, #7790, #2679, #1921 ) ) ;
#3330 = ORIENTED_EDGE ( 'NONE', *, *, #5190, .T. ) ;
#3331 = LINE ( 'NONE', #2588, #5802 ) ;
#3332 = EDGE_CURVE ( 'NONE', #2587, #5953, #9210, .T. ) ;
#3333 = EDGE_CURVE ( 'NONE', #3820, #3434, #8638, .T. ) ;
#3334 = VECTOR ( 'NONE', #4638, 1000.000000000000000 ) ;
#3335 = ORIENTED_EDGE ( 'NONE', *, *, #952, .T. ) ;
#3336 = DIRECTION ( 'NONE',  ( 0.000000000000000000, 0.000000000000000000, -1.000000000000000000 ) ) ;
#3337 = DIRECTION ( 'NONE',  ( 1.000000000000000000, 4.336808689941999001E-16, 0.000000000000000000 ) ) ;
#3338 = CARTESIAN_POINT ( 'NONE',  ( 16.61788286210066801, 20.23277201088161803, 1.500000000000000444 ) ) ;
#3339 = CARTESIAN_POINT ( 'NONE',  ( 29.58211713789928154, 20.23277201088163224, 4.000000000000000000 ) ) ;
#3340 = CARTESIAN_POINT ( 'NONE',  ( 39.25000000000000000, 20.60065487298227893, 3.491368181578581531 ) ) ;
#3341 = ORIENTED_EDGE ( 'NONE', *, *, #5372, .F. ) ;
#3342 = DIRECTION ( 'NONE',  ( -1.000000000000000000, -1.119176436114068839E-16, 0.000000000000000000 ) ) ;
#3343 = ORIENTED_EDGE ( 'NONE', *, *, #6041, .T. ) ;
#3344 = ADVANCED_FACE ( 'NONE', ( #114 ), #2129, .F. ) ;
#3345 = CARTESIAN_POINT ( 'NONE',  ( -85.41788286210071135, 16.07582173911837486, 6.000000000000000000 ) ) ;
#3346 = LINE ( 'NONE', #5640, #5263 ) ;
#3347 = ORIENTED_EDGE ( 'NONE', *, *, #7688, .F. ) ;
#3348 = DIRECTION ( 'NONE',  ( -1.000000000000000000, -6.546126324440781637E-16, 0.000000000000000000 ) ) ;
#3349 = CARTESIAN_POINT ( 'NONE',  ( 46.25000000000000000, 25.25429687500000497, 6.000000000000000000 ) ) ;
#3350 = ORIENTED_EDGE ( 'NONE', *, *, #3732, .F. ) ;
#3351 = DIRECTION ( 'NONE',  ( 0.5773502691896341688, 0.5773502691896341688, -0.5773502691896088557 ) ) ;
#3352 = VERTEX_POINT ( 'NONE', #4321 ) ;
#3353 = VERTEX_POINT ( 'NONE', #7178 ) ;
#3354 = EDGE_CURVE ( 'NONE', #9049, #1634, #5856, .T. ) ;
#3355 = ADVANCED_FACE ( 'NONE', ( #3625 ), #7132, .F. ) ;
#3356 = DIRECTION ( 'NONE',  ( 0.000000000000000000, -0.000000000000000000, 1.000000000000000000 ) ) ;
#3357 = LINE ( 'NONE', #6211, #7068 ) ;
#3358 = DIRECTION ( 'NONE',  ( 0.000000000000000000, 1.000000000000000000, 0.000000000000000000 ) ) ;
#3359 = DIRECTION ( 'NONE',  ( 0.5773502691896458261, -0.5773502691896258421, -0.5773502691896057470 ) ) ;
#3360 = CARTESIAN_POINT ( 'NONE',  ( -59.47847513588163793, 23.17217973710070567, 1.500000000000000444 ) ) ;
#3361 = VERTEX_POINT ( 'NONE', #2788 ) ;
#3362 = DIRECTION ( 'NONE',  ( 9.251858538542971828E-16, -1.000000000000000000, 0.000000000000000000 ) ) ;
#3363 = ORIENTED_EDGE ( 'NONE', *, *, #8048, .F. ) ;
#3364 = CARTESIAN_POINT ( 'NONE',  ( -55.41788286210066161, 15.48641401289931174, 1.500000000000000444 ) ) ;
#3365 = ORIENTED_EDGE ( 'NONE', *, *, #3264, .T. ) ;
#3366 = CARTESIAN_POINT ( 'NONE',  ( -9.321524864118412523, 23.17217973710070567, 1.500000000000000444 ) ) ;
#3367 = FACE_OUTER_BOUND ( 'NONE', #2083, .T. ) ;
#3368 = DIRECTION ( 'NONE',  ( -0.000000000000000000, -0.000000000000000000, 1.000000000000000000 ) ) ;
#3369 = ORIENTED_EDGE ( 'NONE', *, *, #8289, .T. ) ;
#3370 = VECTOR ( 'NONE', #8702, 1000.000000000000000 ) ;
#3371 = ORIENTED_EDGE ( 'NONE', *, *, #3732, .T. ) ;
#3372 = PLANE ( 'NONE',  #1335 ) ;
#3373 = FACE_OUTER_BOUND ( 'NONE', #583, .T. ) ;
#3374 = VERTEX_POINT ( 'NONE', #5070 ) ;
#3375 = EDGE_CURVE ( 'NONE', #1364, #1193, #6429, .T. ) ;
#3376 = FACE_OUTER_BOUND ( 'NONE', #750, .T. ) ;
#3377 = VECTOR ( 'NONE', #2809, 1000.000000000000000 ) ;
#3378 = VECTOR ( 'NONE', #253, 1000.000000000000000 ) ;
#3379 = PLANE ( 'NONE',  #997 ) ;
#3380 = EDGE_CURVE ( 'NONE', #8085, #5690, #24, .T. ) ;
#3381 = FACE_OUTER_BOUND ( 'NONE', #4211, .T. ) ;
#3382 = CARTESIAN_POINT ( 'NONE',  ( 37.23211713789930855, 0.000000000000000000, 0.000000000000000000 ) ) ;
#3383 = CARTESIAN_POINT ( 'NONE',  ( -39.41788286210071135, 20.23277201088163224, 1.500000000000000444 ) ) ;
#3384 = VERTEX_POINT ( 'NONE', #4891 ) ;
#3385 = FACE_OUTER_BOUND ( 'NONE', #6873, .T. ) ;
#3386 = VECTOR ( 'NONE', #4469, 1000.000000000000000 ) ;
#3387 = ORIENTED_EDGE ( 'NONE', *, *, #4578, .T. ) ;
#3388 = AXIS2_PLACEMENT_3D ( 'NONE', #8625, #8007, #2205 ) ;
#3389 = CARTESIAN_POINT ( 'NONE',  ( -37.06788286210068151, 20.78641401289931423, 1.500000000000000444 ) ) ;
#3390 = ORIENTED_EDGE ( 'NONE', *, *, #9033, .F. ) ;
#3391 = DIRECTION ( 'NONE',  ( -0.000000000000000000, -0.000000000000000000, 1.000000000000000000 ) ) ;
#3392 = ORIENTED_EDGE ( 'NONE', *, *, #2761, .F. ) ;
#3393 = ADVANCED_FACE ( 'NONE', ( #1350 ), #8504, .T. ) ;
#3394 = EDGE_CURVE ( 'NONE', #4106, #6433, #348, .T. ) ;
#3395 = VECTOR ( 'NONE', #652, 1000.000000000000000 ) ;
#3396 = DIRECTION ( 'NONE',  ( -6.938893903907222067E-15, 1.000000000000000000, 0.000000000000000000 ) ) ;
#3397 = DIRECTION ( 'NONE',  ( 0.5773502691896323924, 0.5773502691896323924, 0.5773502691896122974 ) ) ;
#3398 = ORIENTED_EDGE ( 'NONE', *, *, #5495, .T. ) ;
#3399 = DIRECTION ( 'NONE',  ( 0.7071067811865466846, 0.7071067811865483499, 0.000000000000000000 ) ) ;
#3400 = ORIENTED_EDGE ( 'NONE', *, *, #1447, .T. ) ;
#3401 = LINE ( 'NONE', #2046, #3321 ) ;
#3402 = VECTOR ( 'NONE', #5927, 1000.000000000000000 ) ;
#3403 = VERTEX_POINT ( 'NONE', #8166 ) ;
#3404 = EDGE_CURVE ( 'NONE', #8124, #5945, #7321, .T. ) ;
#3405 = CARTESIAN_POINT ( 'NONE',  ( -91.75000000000001421, 20.66277201088163196, 3.250000000000000444 ) ) ;
#3406 = ADVANCED_FACE ( 'NONE', ( #3103 ), #6614, .F. ) ;
#3407 = CARTESIAN_POINT ( 'NONE',  ( -29.38211713789932844, 16.07582173911838197, 1.500000000000000444 ) ) ;
#3408 = LINE ( 'NONE', #7715, #4189 ) ;
#3409 = ORIENTED_EDGE ( 'NONE', *, *, #803, .F. ) ;
#3410 = CARTESIAN_POINT ( 'NONE',  ( -62.00483313386396844, 15.66277201088163373, 3.250000000000000444 ) ) ;
#3411 = ORIENTED_EDGE ( 'NONE', *, *, #5333, .T. ) ;
#3412 = DIRECTION ( 'NONE',  ( 0.000000000000000000, 1.000000000000000000, 0.000000000000000000 ) ) ;
#3413 = LINE ( 'NONE', #4108, #2113 ) ;
#3414 = VECTOR ( 'NONE', #946, 1000.000000000000000 ) ;
#3415 = VECTOR ( 'NONE', #5071, 1000.000000000000000 ) ;
#3416 = DIRECTION ( 'NONE',  ( 0.000000000000000000, 0.000000000000000000, -1.000000000000000000 ) ) ;
#3417 = EDGE_CURVE ( 'NONE', #4138, #3110, #3198, .T. ) ;
#3418 = CARTESIAN_POINT ( 'NONE',  ( 37.23211713789930855, 20.78641401289931778, 0.5000000000000004441 ) ) ;
#3419 = AXIS2_PLACEMENT_3D ( 'NONE', #2912, #5017, #7835 ) ;
#3420 = ORIENTED_EDGE ( 'NONE', *, *, #5853, .F. ) ;
#3421 = ORIENTED_EDGE ( 'NONE', *, *, #4831, .T. ) ;
#3422 = CARTESIAN_POINT ( 'NONE',  ( 36.69635799798228248, 23.15429687500000000, 4.000000000000000000 ) ) ;
#3423 = ORIENTED_EDGE ( 'NONE', *, *, #2262, .T. ) ;
#3424 = PLANE ( 'NONE',  #1526 ) ;
#3425 = ORIENTED_EDGE ( 'NONE', *, *, #5463, .F. ) ;
#3426 = AXIS2_PLACEMENT_3D ( 'NONE', #6699, #910, #8681 ) ;
#3427 = LINE ( 'NONE', #4029, #5570 ) ;
#3428 = DIRECTION ( 'NONE',  ( 0.000000000000000000, 1.000000000000000000, 0.000000000000000000 ) ) ;
#3429 = LINE ( 'NONE', #8354, #484 ) ;
#3430 = LINE ( 'NONE', #1425, #5461 ) ;
#3431 = FACE_OUTER_BOUND ( 'NONE', #8497, .T. ) ;
#3432 = ORIENTED_EDGE ( 'NONE', *, *, #8278, .F. ) ;
#3433 = CARTESIAN_POINT ( 'NONE',  ( 37.23211713789930855, 15.50448725967914143, 0.5000000000000004441 ) ) ;
#3434 = VERTEX_POINT ( 'NONE', #5252 ) ;
#3435 = DIRECTION ( 'NONE',  ( 0.000000000000000000, 0.000000000000000000, -1.000000000000000000 ) ) ;
#3436 = ORIENTED_EDGE ( 'NONE', *, *, #2188, .T. ) ;
#3437 = EDGE_CURVE ( 'NONE', #1432, #4555, #6052, .T. ) ;
#3438 = LINE ( 'NONE', #1391, #6914 ) ;
#3439 = ORIENTED_EDGE ( 'NONE', *, *, #8457, .T. ) ;
#3440 = CARTESIAN_POINT ( 'NONE',  ( -32.32152486411839476, 13.13641401289931210, 6.000000000000000000 ) ) ;
#3441 = CARTESIAN_POINT ( 'NONE',  ( -29.38211713789932844, 18.66277201088163196, 3.250000000000000444 ) ) ;
#3442 = ORIENTED_EDGE ( 'NONE', *, *, #6476, .T. ) ;
#3443 = VERTEX_POINT ( 'NONE', #1660 ) ;
#3444 = EDGE_LOOP ( 'NONE', ( #5479, #981, #2983, #2433, #3723, #5874 ) ) ;
#3445 = AXIS2_PLACEMENT_3D ( 'NONE', #3953, #1674, #5976 ) ;
#3446 = EDGE_CURVE ( 'NONE', #5683, #935, #2265, .T. ) ;
#3447 = DIRECTION ( 'NONE',  ( -1.000000000000000000, 0.000000000000000000, -0.000000000000000000 ) ) ;
#3448 = ADVANCED_FACE ( 'NONE', ( #4408 ), #3893, .F. ) ;
#3449 = VERTEX_POINT ( 'NONE', #254 ) ;
#3450 = VECTOR ( 'NONE', #7134, 1000.000000000000000 ) ;
#3451 = DIRECTION ( 'NONE',  ( 0.000000000000000000, 0.000000000000000000, -1.000000000000000000 ) ) ;
#3452 = DIRECTION ( 'NONE',  ( -0.000000000000000000, -0.000000000000000000, 1.000000000000000000 ) ) ;
#3453 = DIRECTION ( 'NONE',  ( 0.7071067811865483499, -0.7071067811865466846, 0.000000000000000000 ) ) ;
#3454 = ORIENTED_EDGE ( 'NONE', *, *, #6448, .F. ) ;
#3455 = CARTESIAN_POINT ( 'NONE',  ( -91.75000000000000000, 10.65429687500000355, 0.3999999999999837019 ) ) ;
#3456 = ORIENTED_EDGE ( 'NONE', *, *, #2553, .F. ) ;
#3457 = CARTESIAN_POINT ( 'NONE',  ( -78.32152486411838765, 13.13641401289931210, 1.500000000000000444 ) ) ;
#3458 = ADVANCED_FACE ( 'NONE', ( #3153 ), #4499, .F. ) ;
#3459 = DIRECTION ( 'NONE',  ( 1.000000000000000000, -0.000000000000000000, 0.000000000000000000 ) ) ;
#3460 = CARTESIAN_POINT ( 'NONE',  ( -91.75000000000001421, 19.66277201088163196, 3.250000000000000444 ) ) ;
#3461 = VECTOR ( 'NONE', #619, 1000.000000000000000 ) ;
#3462 = AXIS2_PLACEMENT_3D ( 'NONE', #7461, #1847, #3291 ) ;
#3463 = ORIENTED_EDGE ( 'NONE', *, *, #6257, .F. ) ;
#3464 = FACE_OUTER_BOUND ( 'NONE', #6234, .T. ) ;
#3465 = ORIENTED_EDGE ( 'NONE', *, *, #646, .T. ) ;
#3466 = EDGE_CURVE ( 'NONE', #2587, #2197, #2579, .T. ) ;
#3467 = EDGE_CURVE ( 'NONE', #1366, #6682, #5869, .T. ) ;
#3468 = DIRECTION ( 'NONE',  ( -0.7071067811865479058, 0.7071067811865471286, 0.000000000000000000 ) ) ;
#3469 = ORIENTED_EDGE ( 'NONE', *, *, #8761, .T. ) ;
#3470 = AXIS2_PLACEMENT_3D ( 'NONE', #1254, #8412, #4742 ) ;
#3471 = DIRECTION ( 'NONE',  ( -0.000000000000000000, -0.000000000000000000, 1.000000000000000000 ) ) ;
#3472 = PLANE ( 'NONE',  #3823 ) ;
#3473 = LINE ( 'NONE', #5406, #7886 ) ;
#3474 = DIRECTION ( 'NONE',  ( -0.000000000000000000, -0.000000000000000000, 1.000000000000000000 ) ) ;
#3475 = CARTESIAN_POINT ( 'NONE',  ( 14.23211713789931920, 15.48641401289931174, -2.999999999999999112 ) ) ;
#3476 = AXIS2_PLACEMENT_3D ( 'NONE', #3606, #6503, #3562 ) ;
#3477 = LINE ( 'NONE', #7169, #616 ) ;
#3478 = ORIENTED_EDGE ( 'NONE', *, *, #7162, .T. ) ;
#3479 = DIRECTION ( 'NONE',  ( 0.000000000000000000, -0.000000000000000000, -1.000000000000000000 ) ) ;
#3480 = VERTEX_POINT ( 'NONE', #8068 ) ;
#3481 = PLANE ( 'NONE',  #2827 ) ;
#3482 = PLANE ( 'NONE',  #3470 ) ;
#3483 = VECTOR ( 'NONE', #284, 1000.000000000000114 ) ;
#3484 = ORIENTED_EDGE ( 'NONE', *, *, #5921, .T. ) ;
#3485 = LINE ( 'NONE', #2915, #636 ) ;
#3486 = LINE ( 'NONE', #3626, #1924 ) ;
#3487 = CARTESIAN_POINT ( 'NONE',  ( -36.49635799798232938, 13.15429687499999112, 6.000000000000000000 ) ) ;
#3488 = VERTEX_POINT ( 'NONE', #5117 ) ;
#3489 = EDGE_LOOP ( 'NONE', ( #4940, #8340, #4279, #1744 ) ) ;
#3490 = ORIENTED_EDGE ( 'NONE', *, *, #7131, .F. ) ;
#3491 = FACE_OUTER_BOUND ( 'NONE', #6217, .T. ) ;
#3492 = ORIENTED_EDGE ( 'NONE', *, *, #6333, .F. ) ;
#3493 = EDGE_CURVE ( 'NONE', #4895, #2088, #7978, .T. ) ;
#3494 = DIRECTION ( 'NONE',  ( 1.000000000000000000, 0.000000000000000000, -0.000000000000000000 ) ) ;
#3495 = EDGE_CURVE ( 'NONE', #443, #1437, #7271, .T. ) ;
#3496 = LINE ( 'NONE', #2800, #8931 ) ;
#3497 = EDGE_CURVE ( 'NONE', #2118, #4337, #302, .T. ) ;
#3498 = DIRECTION ( 'NONE',  ( -0.7071067811865479058, -0.7071067811865471286, 0.000000000000000000 ) ) ;
#3499 = ORIENTED_EDGE ( 'NONE', *, *, #6994, .F. ) ;
#3500 = CARTESIAN_POINT ( 'NONE',  ( -55.30364200201770331, 13.15429687499999467, 4.000000000000000000 ) ) ;
#3501 = VERTEX_POINT ( 'NONE', #5960 ) ;
#3502 = DIRECTION ( 'NONE',  ( 0.000000000000000000, 1.000000000000000000, 0.000000000000000000 ) ) ;
#3503 = EDGE_LOOP ( 'NONE', ( #5136, #8602, #5657, #3136 ) ) ;
#3504 = DIRECTION ( 'NONE',  ( 1.000000000000000000, 0.000000000000000000, 0.000000000000000000 ) ) ;
#3505 = LINE ( 'NONE', #9232, #6223 ) ;
#3506 = EDGE_CURVE ( 'NONE', #7833, #443, #161, .T. ) ;
#3507 = VERTEX_POINT ( 'NONE', #1707 ) ;
#3508 = CARTESIAN_POINT ( 'NONE',  ( -91.75000000000001421, 18.16277201088163196, 3.250000000000000444 ) ) ;
#3509 = EDGE_LOOP ( 'NONE', ( #5454, #4113, #8769, #7080, #1785, #3896 ) ) ;
#3510 = DIRECTION ( 'NONE',  ( 1.000000000000000000, 0.000000000000000000, 0.000000000000000000 ) ) ;
#3511 = ORIENTED_EDGE ( 'NONE', *, *, #438, .T. ) ;
#3512 = CARTESIAN_POINT ( 'NONE',  ( -62.41788286210071135, 20.23277201088163224, 4.000000000000000000 ) ) ;
#3513 = CARTESIAN_POINT ( 'NONE',  ( -84.75000000000001421, 23.15429687499998579, 4.000000000000000000 ) ) ;
#3514 = PLANE ( 'NONE',  #1609 ) ;
#3515 = EDGE_CURVE ( 'NONE', #229, #620, #7413, .T. ) ;
#3516 = VECTOR ( 'NONE', #8657, 1000.000000000000000 ) ;
#3517 = ADVANCED_FACE ( 'NONE', ( #5160 ), #6007, .F. ) ;
#3518 = LINE ( 'NONE', #944, #4688 ) ;
#3519 = DIRECTION ( 'NONE',  ( 0.000000000000000000, 0.000000000000000000, -1.000000000000000000 ) ) ;
#3520 = DIRECTION ( 'NONE',  ( -0.7071067811865474617, 0.7071067811865474617, 0.000000000000000000 ) ) ;
#3521 = VERTEX_POINT ( 'NONE', #8262 ) ;
#3522 = PLANE ( 'NONE',  #7320 ) ;
#3523 = ORIENTED_EDGE ( 'NONE', *, *, #544, .T. ) ;
#3524 = CARTESIAN_POINT ( 'NONE',  ( 9.582117137899304637, 22.78641401289931778, 1.500000000000000444 ) ) ;
#3525 = ORIENTED_EDGE ( 'NONE', *, *, #1167, .F. ) ;
#3526 = VECTOR ( 'NONE', #5223, 1000.000000000000000 ) ;
#3527 = CARTESIAN_POINT ( 'NONE',  ( 29.58211713789928154, 16.07582173911837486, 1.500000000000000444 ) ) ;
#3528 = ORIENTED_EDGE ( 'NONE', *, *, #8765, .F. ) ;
#3529 = EDGE_CURVE ( 'NONE', #5198, #1177, #4735, .T. ) ;
#3530 = CARTESIAN_POINT ( 'NONE',  ( -91.75000000000001421, 18.66277201088163196, 3.250000000000000444 ) ) ;
#3531 = VECTOR ( 'NONE', #5092, 1000.000000000000000 ) ;
#3532 = CARTESIAN_POINT ( 'NONE',  ( -9.417882862100658059, 15.48641401289931174, 0.5000000000000004441 ) ) ;
#3533 = VECTOR ( 'NONE', #904, 1000.000000000000000 ) ;
#3534 = CARTESIAN_POINT ( 'NONE',  ( 39.25000000000000000, 13.15429687500000355, 4.000000000000000000 ) ) ;
#3535 = ORIENTED_EDGE ( 'NONE', *, *, #952, .F. ) ;
#3536 = DIRECTION ( 'NONE',  ( 0.7071067811865466846, 0.7071067811865483499, 0.000000000000000000 ) ) ;
#3537 = ORIENTED_EDGE ( 'NONE', *, *, #2761, .T. ) ;
#3538 = FACE_OUTER_BOUND ( 'NONE', #4813, .T. ) ;
#3539 = VECTOR ( 'NONE', #6916, 1000.000000000000000 ) ;
#3540 = ORIENTED_EDGE ( 'NONE', *, *, #6689, .F. ) ;
#3541 = CARTESIAN_POINT ( 'NONE',  ( 9.582117137899304637, 15.48641401289931174, 0.5000000000000004441 ) ) ;
#3542 = DIRECTION ( 'NONE',  ( 6.542051911182387448E-16, -0.7071067811865465735, 0.7071067811865483499 ) ) ;
#3543 = CARTESIAN_POINT ( 'NONE',  ( -8.767882862100673691, 20.78641401289931778, -2.999999999999999112 ) ) ;
#3544 = ORIENTED_EDGE ( 'NONE', *, *, #5489, .T. ) ;
#3545 = LINE ( 'NONE', #5658, #8315 ) ;
#3546 = VERTEX_POINT ( 'NONE', #1197 ) ;
#3547 = VECTOR ( 'NONE', #3862, 1000.000000000000000 ) ;
#3548 = EDGE_CURVE ( 'NONE', #9263, #3110, #7691, .T. ) ;
#3549 = DIRECTION ( 'NONE',  ( -6.938893903907222067E-15, 1.000000000000000000, 0.000000000000000000 ) ) ;
#3550 = EDGE_CURVE ( 'NONE', #8960, #8843, #6584, .T. ) ;
#3551 =( BOUNDED_CURVE ( )  B_SPLINE_CURVE ( 3, ( #3251, #2549, #5492, #5397 ),
 .UNSPECIFIED., .F., .F. ) 
 B_SPLINE_CURVE_WITH_KNOTS ( ( 4, 4 ),
 ( 1.711257741504725649, 3.141592653589793116 ),
 .UNSPECIFIED. ) 
 CURVE ( )  GEOMETRIC_REPRESENTATION_ITEM ( )  RATIONAL_B_SPLINE_CURVE ( ( 1.000000000000000000, 0.8366556290180442446, 0.8366556290180442446, 1.000000000000000000 ) ) 
 REPRESENTATION_ITEM ( '' )  );
#3552 = CARTESIAN_POINT ( 'NONE',  ( -52.38211713789932844, 18.16277201088163196, 3.250000000000000444 ) ) ;
#3553 = LINE ( 'NONE', #6542, #5925 ) ;
#3554 = VERTEX_POINT ( 'NONE', #4782 ) ;
#3555 = AXIS2_PLACEMENT_3D ( 'NONE', #5755, #6500, #144 ) ;
#3556 = FACE_OUTER_BOUND ( 'NONE', #6055, .T. ) ;
#3557 = VERTEX_POINT ( 'NONE', #486 ) ;
#3558 = CARTESIAN_POINT ( 'NONE',  ( 39.24999999999999289, 16.16277201088163551, 3.250000000000000444 ) ) ;
#3559 = ORIENTED_EDGE ( 'NONE', *, *, #9239, .F. ) ;
#3560 = EDGE_CURVE ( 'NONE', #3192, #3796, #3429, .T. ) ;
#3561 = EDGE_CURVE ( 'NONE', #7473, #3019, #4689, .T. ) ;
#3562 = DIRECTION ( 'NONE',  ( 0.000000000000000000, 1.000000000000000000, 0.000000000000000000 ) ) ;
#3563 = VECTOR ( 'NONE', #6734, 1000.000000000000000 ) ;
#3564 = LINE ( 'NONE', #674, #3675 ) ;
#3565 = DIRECTION ( 'NONE',  ( 6.938893903907228378E-15, 1.000000000000000000, 0.000000000000000000 ) ) ;
#3566 = DIRECTION ( 'NONE',  ( -1.000000000000000000, -0.000000000000000000, -0.000000000000000000 ) ) ;
#3567 = CARTESIAN_POINT ( 'NONE',  ( -31.76788286210068080, 20.78641401289931778, 0.000000000000000000 ) ) ;
#3568 = VERTEX_POINT ( 'NONE', #8918 ) ;
#3569 = DIRECTION ( 'NONE',  ( 1.000000000000000000, -0.000000000000000000, 0.000000000000000000 ) ) ;
#3570 = AXIS2_PLACEMENT_3D ( 'NONE', #1747, #4588, #3536 ) ;
#3571 = LINE ( 'NONE', #6470, #7768 ) ;
#3572 = ORIENTED_EDGE ( 'NONE', *, *, #2674, .T. ) ;
#3573 = ADVANCED_FACE ( 'NONE', ( #3381 ), #5346, .F. ) ;
#3574 = EDGE_CURVE ( 'NONE', #70, #3308, #3939, .T. ) ;
#3575 = DIRECTION ( 'NONE',  ( 1.000000000000000000, 0.000000000000000000, -0.000000000000000000 ) ) ;
#3576 = ORIENTED_EDGE ( 'NONE', *, *, #7481, .T. ) ;
#3577 = DIRECTION ( 'NONE',  ( 0.000000000000000000, 1.000000000000000000, 0.000000000000000000 ) ) ;
#3578 = CARTESIAN_POINT ( 'NONE',  ( -36.41788286210069714, 15.48641401289931174, 0.5000000000000004441 ) ) ;
#3579 = CARTESIAN_POINT ( 'NONE',  ( -52.79516686613607845, 15.66277201088163373, 3.250000000000000444 ) ) ;
#3580 = ORIENTED_EDGE ( 'NONE', *, *, #7060, .T. ) ;
#3581 = ORIENTED_EDGE ( 'NONE', *, *, #7592, .F. ) ;
#3582 = CARTESIAN_POINT ( 'NONE',  ( -36.41788286210069714, 22.78641401289931778, 1.500000000000000444 ) ) ;
#3583 = DIRECTION ( 'NONE',  ( -0.000000000000000000, -1.000000000000000000, -0.000000000000000000 ) ) ;
#3584 = EDGE_CURVE ( 'NONE', #3353, #7526, #7645, .T. ) ;
#3585 = ADVANCED_FACE ( 'NONE', ( #6099 ), #6984, .F. ) ;
#3586 = VERTEX_POINT ( 'NONE', #9014 ) ;
#3587 = DIRECTION ( 'NONE',  ( -0.000000000000000000, 0.000000000000000000, -1.000000000000000000 ) ) ;
#3588 = DIRECTION ( 'NONE',  ( -0.000000000000000000, 0.000000000000000000, 1.000000000000000000 ) ) ;
#3589 = VECTOR ( 'NONE', #6443, 1000.000000000000000 ) ;
#3590 = CARTESIAN_POINT ( 'NONE',  ( -82.41788286210069714, 22.78641401289931778, 0.5000000000000004441 ) ) ;
#3591 = ORIENTED_EDGE ( 'NONE', *, *, #9008, .F. ) ;
#3592 = CARTESIAN_POINT ( 'NONE',  ( -55.41788286210066161, 15.48641401289931174, 1.500000000000000444 ) ) ;
#3593 = VERTEX_POINT ( 'NONE', #1148 ) ;
#3594 = ORIENTED_EDGE ( 'NONE', *, *, #7005, .T. ) ;
#3595 = PLANE ( 'NONE',  #3010 ) ;
#3596 = VECTOR ( 'NONE', #3664, 1000.000000000000000 ) ;
#3597 = LINE ( 'NONE', #49, #7427 ) ;
#3598 = ADVANCED_FACE ( 'NONE', ( #4123 ), #9107, .F. ) ;
#3599 = DIRECTION ( 'NONE',  ( -1.000000000000000000, -6.546126324440782623E-16, -0.000000000000000000 ) ) ;
#3600 = ORIENTED_EDGE ( 'NONE', *, *, #6247, .F. ) ;
#3601 = AXIS2_PLACEMENT_3D ( 'NONE', #6863, #456, #3312 ) ;
#3602 = DIRECTION ( 'NONE',  ( -1.000000000000000000, -6.546126324440782623E-16, -0.000000000000000000 ) ) ;
#3603 = ORIENTED_EDGE ( 'NONE', *, *, #4997, .F. ) ;
#3604 = PLANE ( 'NONE',  #4509 ) ;
#3605 = VERTEX_POINT ( 'NONE', #7508 ) ;
#3606 = CARTESIAN_POINT ( 'NONE',  ( -91.75000000000001421, 18.16277201088163196, 3.250000000000000444 ) ) ;
#3607 = VECTOR ( 'NONE', #2020, 1000.000000000000000 ) ;
#3608 = CARTESIAN_POINT ( 'NONE',  ( -91.75000000000001421, 18.16277201088163196, 3.250000000000000444 ) ) ;
#3609 = EDGE_CURVE ( 'NONE', #2405, #3778, #2687, .T. ) ;
#3610 = CIRCLE ( 'NONE', #6153, 0.5000000000000000000 ) ;
#3611 = DIRECTION ( 'NONE',  ( -1.000000000000000000, 0.000000000000000000, -0.000000000000000000 ) ) ;
#3612 = EDGE_CURVE ( 'NONE', #2996, #4953, #8971, .T. ) ;
#3613 = CARTESIAN_POINT ( 'NONE',  ( 39.25000000000000000, 13.15429687500000355, 6.000000000000000000 ) ) ;
#3614 = EDGE_LOOP ( 'NONE', ( #5670, #7519, #3275, #2283 ) ) ;
#3615 = EDGE_CURVE ( 'NONE', #8010, #7695, #5708, .T. ) ;
#3616 = DIRECTION ( 'NONE',  ( 0.000000000000000000, 1.000000000000000000, 0.000000000000000000 ) ) ;
#3617 = ORIENTED_EDGE ( 'NONE', *, *, #8223, .F. ) ;
#3618 = AXIS2_PLACEMENT_3D ( 'NONE', #9129, #6347, #8513 ) ;
#3619 = CARTESIAN_POINT ( 'NONE',  ( 46.25000000000000000, 25.65429687500000355, 0.3999999999999837019 ) ) ;
#3620 = VERTEX_POINT ( 'NONE', #6795 ) ;
#3621 = VECTOR ( 'NONE', #961, 1000.000000000000000 ) ;
#3622 = CARTESIAN_POINT ( 'NONE',  ( -59.41788286210069714, 13.48641401289930997, 1.500000000000000444 ) ) ;
#3623 = ORIENTED_EDGE ( 'NONE', *, *, #4868, .T. ) ;
#3624 = VECTOR ( 'NONE', #7036, 1000.000000000000000 ) ;
#3625 = FACE_OUTER_BOUND ( 'NONE', #4917, .T. ) ;
#3626 = CARTESIAN_POINT ( 'NONE',  ( -13.41788286210068826, 15.48641401289931174, 0.5000000000000004441 ) ) ;
#3627 = EDGE_CURVE ( 'NONE', #1474, #1920, #2637, .T. ) ;
#3628 = DIRECTION ( 'NONE',  ( -1.000000000000000000, 0.000000000000000000, -0.000000000000000000 ) ) ;
#3629 = ORIENTED_EDGE ( 'NONE', *, *, #7919, .F. ) ;
#3630 = VERTEX_POINT ( 'NONE', #3245 ) ;
#3631 = FACE_OUTER_BOUND ( 'NONE', #5908, .T. ) ;
#3632 = CARTESIAN_POINT ( 'NONE',  ( -36.41788286210069714, 20.78641401289931778, 1.500000000000000444 ) ) ;
#3633 = VECTOR ( 'NONE', #7640, 1000.000000000000000 ) ;
#3634 = ORIENTED_EDGE ( 'NONE', *, *, #3495, .F. ) ;
#3635 = DIRECTION ( 'NONE',  ( -1.000000000000000000, -1.119176436114068839E-16, 0.000000000000000000 ) ) ;
#3636 = DIRECTION ( 'NONE',  ( -1.000000000000000000, -0.000000000000000000, -0.000000000000000000 ) ) ;
#3637 = EDGE_CURVE ( 'NONE', #5342, #2881, #5393, .T. ) ;
#3638 = DIRECTION ( 'NONE',  ( 0.000000000000000000, -1.000000000000000000, 0.000000000000000000 ) ) ;
#3639 = ORIENTED_EDGE ( 'NONE', *, *, #2304, .T. ) ;
#3640 = EDGE_CURVE ( 'NONE', #1544, #4541, #7346, .T. ) ;
#3641 = LINE ( 'NONE', #841, #4404 ) ;
#3642 = VERTEX_POINT ( 'NONE', #1337 ) ;
#3643 = DIRECTION ( 'NONE',  ( -0.000000000000000000, -0.000000000000000000, 1.000000000000000000 ) ) ;
#3644 = ORIENTED_EDGE ( 'NONE', *, *, #4110, .T. ) ;
#3645 = DIRECTION ( 'NONE',  ( 0.000000000000000000, 0.000000000000000000, -1.000000000000000000 ) ) ;
#3646 = LINE ( 'NONE', #7861, #7719 ) ;
#3647 = EDGE_CURVE ( 'NONE', #7729, #8986, #850, .T. ) ;
#3648 = ORIENTED_EDGE ( 'NONE', *, *, #4204, .F. ) ;
#3649 = CARTESIAN_POINT ( 'NONE',  ( -36.49635799798232938, 13.15429687499999467, 1.500000000000000444 ) ) ;
#3650 = LINE ( 'NONE', #812, #3034 ) ;
#3651 = CARTESIAN_POINT ( 'NONE',  ( 16.61788286210066801, 16.07582173911838197, 2.757618389620106303 ) ) ;
#3652 = CARTESIAN_POINT ( 'NONE',  ( 6.582117137899287762, 16.07582173911837486, 3.742381610379890589 ) ) ;
#3653 = LINE ( 'NONE', #5149, #7104 ) ;
#3654 = ORIENTED_EDGE ( 'NONE', *, *, #5271, .F. ) ;
#3655 = DIRECTION ( 'NONE',  ( -0.000000000000000000, -0.000000000000000000, 1.000000000000000000 ) ) ;
#3656 = ORIENTED_EDGE ( 'NONE', *, *, #4934, .T. ) ;
#3657 = DIRECTION ( 'NONE',  ( -0.000000000000000000, -0.000000000000000000, 1.000000000000000000 ) ) ;
#3658 = EDGE_CURVE ( 'NONE', #3568, #2144, #2945, .T. ) ;
#3659 = DIRECTION ( 'NONE',  ( -0.000000000000000000, 1.000000000000000000, -0.000000000000000000 ) ) ;
#3660 = CIRCLE ( 'NONE', #8758, 0.5000000000000000000 ) ;
#3661 = ORIENTED_EDGE ( 'NONE', *, *, #3164, .T. ) ;
#3662 = CARTESIAN_POINT ( 'NONE',  ( 16.61788286210066801, 16.16277201088163551, 3.250000000000000444 ) ) ;
#3663 = FACE_OUTER_BOUND ( 'NONE', #4304, .T. ) ;
#3664 = DIRECTION ( 'NONE',  ( -0.000000000000000000, 1.000000000000000000, -0.000000000000000000 ) ) ;
#3665 = EDGE_LOOP ( 'NONE', ( #2697, #687, #7013, #3294 ) ) ;
#3666 = DIRECTION ( 'NONE',  ( 0.000000000000000000, 1.000000000000000000, 0.000000000000000000 ) ) ;
#3667 = EDGE_LOOP ( 'NONE', ( #2858, #3490, #919, #6897 ) ) ;
#3668 = VECTOR ( 'NONE', #5364, 1000.000000000000000 ) ;
#3669 = CARTESIAN_POINT ( 'NONE',  ( -6.382117137899323112, 16.07582173911838197, 1.500000000000000444 ) ) ;
#3670 = CARTESIAN_POINT ( 'NONE',  ( -29.63205139908946606, 15.82588747792824968, 3.698245413017314576 ) ) ;
#3671 = ADVANCED_FACE ( 'NONE', ( #8001 ), #5189, .T. ) ;
#3672 = EDGE_CURVE ( 'NONE', #6447, #70, #4219, .T. ) ;
#3673 = VERTEX_POINT ( 'NONE', #676 ) ;
#3674 = VECTOR ( 'NONE', #6869, 1000.000000000000000 ) ;
#3675 = VECTOR ( 'NONE', #6417, 1000.000000000000000 ) ;
#3676 = DIRECTION ( 'NONE',  ( 0.000000000000000000, -0.000000000000000000, 1.000000000000000000 ) ) ;
#3677 = DIRECTION ( 'NONE',  ( -1.000000000000000000, -6.546126324440781637E-16, 0.000000000000000000 ) ) ;
#3678 = CARTESIAN_POINT ( 'NONE',  ( -82.41788286210069714, 22.78641401289931778, 0.5000000000000004441 ) ) ;
#3679 = ORIENTED_EDGE ( 'NONE', *, *, #3002, .T. ) ;
#3680 = FACE_OUTER_BOUND ( 'NONE', #2133, .T. ) ;
#3681 = VERTEX_POINT ( 'NONE', #3692 ) ;
#3682 = ORIENTED_EDGE ( 'NONE', *, *, #1845, .F. ) ;
#3683 = AXIS2_PLACEMENT_3D ( 'NONE', #7849, #5081, #3588 ) ;
#3684 = FACE_OUTER_BOUND ( 'NONE', #5497, .T. ) ;
#3685 = ORIENTED_EDGE ( 'NONE', *, *, #1125, .T. ) ;
#3686 = CIRCLE ( 'NONE', #9233, 0.5000000000000000000 ) ;
#3687 = EDGE_CURVE ( 'NONE', #2600, #7382, #3518, .T. ) ;
#3688 = EDGE_CURVE ( 'NONE', #3970, #7266, #1595, .T. ) ;
#3689 = CARTESIAN_POINT ( 'NONE',  ( -77.76788286210067724, 20.78641401289931778, -2.999999999999999112 ) ) ;
#3690 = FACE_OUTER_BOUND ( 'NONE', #988, .T. ) ;
#3691 = CIRCLE ( 'NONE', #2797, 0.5000000000000000000 ) ;
#3692 = CARTESIAN_POINT ( 'NONE',  ( -84.75000000000001421, 13.15429687499998934, 6.000000000000000000 ) ) ;
#3693 = VERTEX_POINT ( 'NONE', #5848 ) ;
#3694 = LINE ( 'NONE', #7158, #423 ) ;
#3695 = EDGE_LOOP ( 'NONE', ( #4116, #598, #3122, #2604 ) ) ;
#3696 = CYLINDRICAL_SURFACE ( 'NONE', #1393, 0.5000000000000004441 ) ;
#3697 = VECTOR ( 'NONE', #3166, 1000.000000000000000 ) ;
#3698 = DIRECTION ( 'NONE',  ( 0.000000000000000000, 0.000000000000000000, -1.000000000000000000 ) ) ;
#3699 = EDGE_CURVE ( 'NONE', #8546, #4159, #6282, .T. ) ;
#3700 = CARTESIAN_POINT ( 'NONE',  ( 6.582117137899287762, 16.07582173911837486, 1.500000000000000444 ) ) ;
#3701 = CARTESIAN_POINT ( 'NONE',  ( -29.38211713789932844, 20.23277201088161803, 2.754924248220536054 ) ) ;
#3702 = CARTESIAN_POINT ( 'NONE',  ( -53.01788286210067724, 20.78641401289931778, 0.5000000000000004441 ) ) ;
#3703 = ORIENTED_EDGE ( 'NONE', *, *, #6042, .F. ) ;
#3704 = ORIENTED_EDGE ( 'NONE', *, *, #1587, .T. ) ;
#3705 = DIRECTION ( 'NONE',  ( -0.000000000000000000, -0.000000000000000000, 1.000000000000000000 ) ) ;
#3706 = CYLINDRICAL_SURFACE ( 'NONE', #3426, 0.5000000000000004441 ) ;
#3707 = ORIENTED_EDGE ( 'NONE', *, *, #5757, .F. ) ;
#3708 = VECTOR ( 'NONE', #7021, 1000.000000000000000 ) ;
#3709 = FACE_OUTER_BOUND ( 'NONE', #1627, .T. ) ;
#3710 = VERTEX_POINT ( 'NONE', #4878 ) ;
#3711 = CARTESIAN_POINT ( 'NONE',  ( -29.38211713789932844, 18.16277201088163196, 3.250000000000000444 ) ) ;
#3712 = CARTESIAN_POINT ( 'NONE',  ( 114.9999999999999858, 0.000000000000000000, 0.5000000000000004441 ) ) ;
#3713 = VECTOR ( 'NONE', #2506, 1000.000000000000000 ) ;
#3714 = FACE_OUTER_BOUND ( 'NONE', #4551, .T. ) ;
#3715 = ORIENTED_EDGE ( 'NONE', *, *, #3280, .F. ) ;
#3716 = LINE ( 'NONE', #2920, #8665 ) ;
#3717 = ORIENTED_EDGE ( 'NONE', *, *, #846, .T. ) ;
#3718 = ORIENTED_EDGE ( 'NONE', *, *, #1170, .F. ) ;
#3719 = DIRECTION ( 'NONE',  ( 1.000000000000000000, 0.000000000000000000, 0.000000000000000000 ) ) ;
#3720 = CARTESIAN_POINT ( 'NONE',  ( 8.932117137899320269, 15.48641401289931174, 0.5000000000000004441 ) ) ;
#3721 = VECTOR ( 'NONE', #5487, 1000.000000000000114 ) ;
#3722 = VECTOR ( 'NONE', #5680, 1000.000000000000000 ) ;
#3723 = ORIENTED_EDGE ( 'NONE', *, *, #5508, .F. ) ;
#3724 = LINE ( 'NONE', #2278, #3547 ) ;
#3725 = LINE ( 'NONE', #1630, #3386 ) ;
#3726 = DIRECTION ( 'NONE',  ( -0.000000000000000000, 1.000000000000000000, -0.000000000000000000 ) ) ;
#3727 = VERTEX_POINT ( 'NONE', #8492 ) ;
#3728 = DIRECTION ( 'NONE',  ( 0.000000000000000000, -0.000000000000000000, 1.000000000000000000 ) ) ;
#3729 = EDGE_CURVE ( 'NONE', #5385, #1918, #6543, .T. ) ;
#3730 = ORIENTED_EDGE ( 'NONE', *, *, #6695, .T. ) ;
#3731 = CC_DESIGN_APPROVAL ( #5306, ( #146 ) ) ;
#3732 = EDGE_CURVE ( 'NONE', #831, #7379, #2244, .T. ) ;
#3733 = CARTESIAN_POINT ( 'NONE',  ( 36.67847513588156971, 23.17217973710070567, 1.500000000000000444 ) ) ;
#3734 = ORIENTED_EDGE ( 'NONE', *, *, #480, .F. ) ;
#3735 = PLANE ( 'NONE',  #3984 ) ;
#3736 = CARTESIAN_POINT ( 'NONE',  ( -91.75000000000001421, 13.90429687500000355, 6.000000000000000000 ) ) ;
#3737 = LINE ( 'NONE', #6591, #625 ) ;
#3738 = ORIENTED_EDGE ( 'NONE', *, *, #8969, .F. ) ;
#3739 = EDGE_CURVE ( 'NONE', #6455, #4866, #3737, .T. ) ;
#3740 = CARTESIAN_POINT ( 'NONE',  ( -90.00000000000001421, 23.15429687500000355, 0.2500000000000000000 ) ) ;
#3741 = ORIENTED_EDGE ( 'NONE', *, *, #3584, .T. ) ;
#3742 = AXIS2_PLACEMENT_3D ( 'NONE', #1915, #4761, #6870 ) ;
#3743 = CARTESIAN_POINT ( 'NONE',  ( -91.75000000000001421, 20.16277201088163196, 3.250000000000000444 ) ) ;
#3744 = DIRECTION ( 'NONE',  ( 0.000000000000000000, 1.000000000000000000, 0.000000000000000000 ) ) ;
#3745 = LINE ( 'NONE', #8584, #6680 ) ;
#3746 = VECTOR ( 'NONE', #6390, 1000.000000000000000 ) ;
#3747 = DIRECTION ( 'NONE',  ( 0.000000000000000000, 1.000000000000000000, 0.000000000000000000 ) ) ;
#3748 = ORIENTED_EDGE ( 'NONE', *, *, #5573, .F. ) ;
#3749 = ADVANCED_FACE ( 'NONE', ( #4168 ), #7027, .F. ) ;
#3750 = ORIENTED_EDGE ( 'NONE', *, *, #2787, .T. ) ;
#3751 = ADVANCED_FACE ( 'NONE', ( #5894 ), #627, .F. ) ;
#3752 = CARTESIAN_POINT ( 'NONE',  ( -52.38211713789932844, 20.23277201088161803, 1.500000000000000444 ) ) ;
#3753 = ORIENTED_EDGE ( 'NONE', *, *, #6689, .T. ) ;
#3754 = VECTOR ( 'NONE', #2468, 1000.000000000000000 ) ;
#3755 = FACE_OUTER_BOUND ( 'NONE', #4480, .T. ) ;
#3756 = ORIENTED_EDGE ( 'NONE', *, *, #4642, .F. ) ;
#3757 = DIRECTION ( 'NONE',  ( -0.000000000000000000, 0.000000000000000000, 1.000000000000000000 ) ) ;
#3758 = DIRECTION ( 'NONE',  ( -1.000000000000000000, 0.000000000000000000, 0.000000000000000000 ) ) ;
#3759 = VECTOR ( 'NONE', #6573, 1000.000000000000000 ) ;
#3760 = DIRECTION ( 'NONE',  ( 0.000000000000000000, -0.000000000000000000, 1.000000000000000000 ) ) ;
#3761 = EDGE_LOOP ( 'NONE', ( #2211, #7294, #2229, #9213 ) ) ;
#3762 = DIRECTION ( 'NONE',  ( 0.6785983445458526608, 0.2810846377147931396, -0.6785983445458526608 ) ) ;
#3763 = VECTOR ( 'NONE', #6388, 1000.000000000000000 ) ;
#3764 = ORIENTED_EDGE ( 'NONE', *, *, #8831, .F. ) ;
#3765 = LINE ( 'NONE', #2457, #3265 ) ;
#3766 = LINE ( 'NONE', #3720, #6158 ) ;
#3767 = VECTOR ( 'NONE', #3115, 1000.000000000000000 ) ;
#3768 = ORIENTED_EDGE ( 'NONE', *, *, #5463, .T. ) ;
#3769 = LINE ( 'NONE', #8131, #7740 ) ;
#3770 = CARTESIAN_POINT ( 'NONE',  ( -89.75000000000001421, 23.15429687500000355, 0.3499999999999999223 ) ) ;
#3771 = FACE_OUTER_BOUND ( 'NONE', #1389, .T. ) ;
#3772 = ORIENTED_EDGE ( 'NONE', *, *, #2584, .T. ) ;
#3773 = LINE ( 'NONE', #4661, #4415 ) ;
#3774 = ORIENTED_EDGE ( 'NONE', *, *, #2760, .T. ) ;
#3775 = ORIENTED_EDGE ( 'NONE', *, *, #3868, .F. ) ;
#3776 = VECTOR ( 'NONE', #1287, 1000.000000000000000 ) ;
#3777 = CARTESIAN_POINT ( 'NONE',  ( -62.41788286210071135, 16.07582173911837486, 4.000000000000000000 ) ) ;
#3778 = VERTEX_POINT ( 'NONE', #2071 ) ;
#3779 = ADVANCED_FACE ( 'NONE', ( #8754 ), #4479, .F. ) ;
#3780 = EDGE_CURVE ( 'NONE', #7444, #4572, #5800, .T. ) ;
#3781 = DIRECTION ( 'NONE',  ( 0.000000000000000000, 0.000000000000000000, 1.000000000000000000 ) ) ;
#3782 = DIRECTION ( 'NONE',  ( 0.000000000000000000, -0.000000000000000000, 1.000000000000000000 ) ) ;
#3783 = DIRECTION ( 'NONE',  ( -0.000000000000000000, -0.000000000000000000, 1.000000000000000000 ) ) ;
#3784 = ORIENTED_EDGE ( 'NONE', *, *, #5229, .T. ) ;
#3785 = DIRECTION ( 'NONE',  ( -0.000000000000000000, -0.000000000000000000, 1.000000000000000000 ) ) ;
#3786 = ORIENTED_EDGE ( 'NONE', *, *, #548, .F. ) ;
#3787 = LINE ( 'NONE', #5900, #5971 ) ;
#3788 = EDGE_CURVE ( 'NONE', #7847, #6934, #7959, .T. ) ;
#3789 = EDGE_CURVE ( 'NONE', #3361, #5172, #8367, .T. ) ;
#3790 = PLANE ( 'NONE',  #5478 ) ;
#3791 = CARTESIAN_POINT ( 'NONE',  ( 0.000000000000000000, 0.000000000000000000, 0.000000000000000000 ) ) ;
#3792 =( BOUNDED_CURVE ( )  B_SPLINE_CURVE ( 3, ( #4544, #8067, #4498, #3799 ),
 .UNSPECIFIED., .F., .F. ) 
 B_SPLINE_CURVE_WITH_KNOTS ( ( 4, 4 ),
 ( 4.852850395094560731, 6.283185307179586232 ),
 .UNSPECIFIED. ) 
 CURVE ( )  GEOMETRIC_REPRESENTATION_ITEM ( )  RATIONAL_B_SPLINE_CURVE ( ( 1.000000000000000000, 0.8366556290180533484, 0.8366556290180533484, 1.000000000000000000 ) ) 
 REPRESENTATION_ITEM ( '' )  );
#3793 = ORIENTED_EDGE ( 'NONE', *, *, #495, .T. ) ;
#3794 = ORIENTED_EDGE ( 'NONE', *, *, #990, .F. ) ;
#3795 = DIRECTION ( 'NONE',  ( 0.000000000000000000, 1.000000000000000000, 0.000000000000000000 ) ) ;
#3796 = VERTEX_POINT ( 'NONE', #1303 ) ;
#3797 = DIRECTION ( 'NONE',  ( 1.000000000000000000, 6.938893903907222067E-15, 0.000000000000000000 ) ) ;
#3798 = EDGE_CURVE ( 'NONE', #4563, #5404, #3999, .T. ) ;
#3799 = CARTESIAN_POINT ( 'NONE',  ( 7.012117137899273267, 20.66277201088163196, 3.250000000000000444 ) ) ;
#3800 = ADVANCED_FACE ( 'NONE', ( #1118 ), #6808, .F. ) ;
#3801 = DIRECTION ( 'NONE',  ( -0.000000000000000000, -0.000000000000000000, 1.000000000000000000 ) ) ;
#3802 = CARTESIAN_POINT ( 'NONE',  ( 39.25000000000000000, 23.15429687500000000, 4.000000000000000000 ) ) ;
#3803 = FACE_OUTER_BOUND ( 'NONE', #6322, .T. ) ;
#3804 = EDGE_LOOP ( 'NONE', ( #8065, #1319, #6876, #8061 ) ) ;
#3805 = CARTESIAN_POINT ( 'NONE',  ( 46.25000000000000000, 11.65429687500000533, 5.600000000000002309 ) ) ;
#3806 = VERTEX_POINT ( 'NONE', #3440 ) ;
#3807 = ORIENTED_EDGE ( 'NONE', *, *, #4089, .F. ) ;
#3808 = CARTESIAN_POINT ( 'NONE',  ( 29.58211713789928154, 20.23277201088163224, 3.745075751779462170 ) ) ;
#3809 = CARTESIAN_POINT ( 'NONE',  ( 15.98211713789932098, 20.78641401289931778, 0.5000000000000004441 ) ) ;
#3810 = LINE ( 'NONE', #448, #2431 ) ;
#3811 = ORIENTED_EDGE ( 'NONE', *, *, #8969, .T. ) ;
#3812 = ADVANCED_FACE ( 'NONE', ( #4135 ), #4845, .T. ) ;
#3813 = DIRECTION ( 'NONE',  ( 1.000000000000000000, -0.000000000000000000, 0.000000000000000000 ) ) ;
#3814 = FACE_OUTER_BOUND ( 'NONE', #875, .T. ) ;
#3815 = VECTOR ( 'NONE', #8493, 1000.000000000000000 ) ;
#3816 = FACE_OUTER_BOUND ( 'NONE', #1736, .T. ) ;
#3817 = ORIENTED_EDGE ( 'NONE', *, *, #1243, .T. ) ;
#3818 = FACE_OUTER_BOUND ( 'NONE', #3969, .T. ) ;
#3819 = ORIENTED_EDGE ( 'NONE', *, *, #2876, .T. ) ;
#3820 = VERTEX_POINT ( 'NONE', #9070 ) ;
#3821 = PLANE ( 'NONE',  #5249 ) ;
#3822 = VERTEX_POINT ( 'NONE', #5547 ) ;
#3823 = AXIS2_PLACEMENT_3D ( 'NONE', #6890, #7597, #3289 ) ;
#3824 = CARTESIAN_POINT ( 'NONE',  ( -78.30364200201771041, 13.15429687499998934, 1.500000000000000444 ) ) ;
#3825 = DIRECTION ( 'NONE',  ( 0.7071067811865479058, -0.7071067811865471286, -0.000000000000000000 ) ) ;
#3826 = CARTESIAN_POINT ( 'NONE',  ( -59.41788286210069714, 20.78641401289931778, 0.5000000000000004441 ) ) ;
#3827 = EDGE_CURVE ( 'NONE', #7727, #1636, #6161, .T. ) ;
#3828 = FACE_OUTER_BOUND ( 'NONE', #596, .T. ) ;
#3829 = AXIS2_PLACEMENT_3D ( 'NONE', #50, #2900, #2195 ) ;
#3830 = ORIENTED_EDGE ( 'NONE', *, *, #3550, .T. ) ;
#3831 = VECTOR ( 'NONE', #9142, 1000.000000000000000 ) ;
#3832 = LINE ( 'NONE', #6683, #3563 ) ;
#3833 = ORIENTED_EDGE ( 'NONE', *, *, #6547, .F. ) ;
#3834 = EDGE_LOOP ( 'NONE', ( #8369, #7350, #541, #63, #258 ) ) ;
#3835 = VECTOR ( 'NONE', #5654, 1000.000000000000114 ) ;
#3836 = DIRECTION ( 'NONE',  ( 1.000000000000000000, -1.734723475976806709E-18, -0.000000000000000000 ) ) ;
#3837 = CARTESIAN_POINT ( 'NONE',  ( -89.25000000000001421, 23.15429687500000355, 0.000000000000000000 ) ) ;
#3838 = ORIENTED_EDGE ( 'NONE', *, *, #9130, .T. ) ;
#3839 = VERTEX_POINT ( 'NONE', #2699 ) ;
#3840 = DIRECTION ( 'NONE',  ( 4.956352788505169184E-16, 1.000000000000000000, 0.000000000000000000 ) ) ;
#3841 = EDGE_CURVE ( 'NONE', #377, #4290, #3610, .T. ) ;
#3842 = EDGE_CURVE ( 'NONE', #7568, #680, #4045, .T. ) ;
#3843 = CIRCLE ( 'NONE', #864, 0.5000000000000000000 ) ;
#3844 = DIRECTION ( 'NONE',  ( 0.000000000000000000, 1.000000000000000000, 0.000000000000000000 ) ) ;
#3845 = VERTEX_POINT ( 'NONE', #404 ) ;
#3846 = DIRECTION ( 'NONE',  ( -0.000000000000000000, -0.000000000000000000, 1.000000000000000000 ) ) ;
#3847 = PLANE ( 'NONE',  #8009 ) ;
#3848 =( BOUNDED_CURVE ( )  B_SPLINE_CURVE ( 3, ( #5251, #1843, #8261, #6651 ),
 .UNSPECIFIED., .F., .F. ) 
 B_SPLINE_CURVE_WITH_KNOTS ( ( 4, 4 ),
 ( 1.570796326794896558, 3.141592653589793116 ),
 .UNSPECIFIED. ) 
 CURVE ( )  GEOMETRIC_REPRESENTATION_ITEM ( )  RATIONAL_B_SPLINE_CURVE ( ( 1.000000000000000000, 0.8047378541243649375, 0.8047378541243649375, 1.000000000000000000 ) ) 
 REPRESENTATION_ITEM ( '' )  );
#3849 = CARTESIAN_POINT ( 'NONE',  ( 32.58211713789929576, 15.48641401289931174, 0.5000000000000004441 ) ) ;
#3850 = CARTESIAN_POINT ( 'NONE',  ( -89.75000000000001421, 13.15429687500000355, 0.3499999999999999223 ) ) ;
#3851 = VERTEX_POINT ( 'NONE', #6908 ) ;
#3852 = DIRECTION ( 'NONE',  ( 0.000000000000000000, 1.000000000000000000, 0.000000000000000000 ) ) ;
#3853 = ORIENTED_EDGE ( 'NONE', *, *, #3798, .T. ) ;
#3854 = EDGE_CURVE ( 'NONE', #2236, #4895, #1164, .T. ) ;
#3855 = PLANE ( 'NONE',  #1187 ) ;
#3856 = VECTOR ( 'NONE', #3396, 1000.000000000000000 ) ;
#3857 = ADVANCED_FACE ( 'NONE', ( #4092 ), #6948, .F. ) ;
#3858 = CARTESIAN_POINT ( 'NONE',  ( 8.932117137899320269, 20.78641401289931423, 1.500000000000000444 ) ) ;
#3859 = CARTESIAN_POINT ( 'NONE',  ( -59.49635799798230806, 13.15429687499998579, 4.000000000000000000 ) ) ;
#3860 = VERTEX_POINT ( 'NONE', #543 ) ;
#3861 = AXIS2_PLACEMENT_3D ( 'NONE', #8029, #8076, #1577 ) ;
#3862 = DIRECTION ( 'NONE',  ( -0.000000000000000000, -0.000000000000000000, 1.000000000000000000 ) ) ;
#3863 = CARTESIAN_POINT ( 'NONE',  ( 32.50364200201764930, 23.15429687500000000, 6.000000000000000000 ) ) ;
#3864 = DIRECTION ( 'NONE',  ( -0.000000000000000000, -0.000000000000000000, 1.000000000000000000 ) ) ;
#3865 = VERTEX_POINT ( 'NONE', #7563 ) ;
#3866 = CARTESIAN_POINT ( 'NONE',  ( -91.75000000000001421, 15.66277201088163373, 3.250000000000000444 ) ) ;
#3867 = ORIENTED_EDGE ( 'NONE', *, *, #8551, .F. ) ;
#3868 = EDGE_CURVE ( 'NONE', #2127, #4064, #1859, .T. ) ;
#3869 = EDGE_CURVE ( 'NONE', #4096, #3308, #9028, .T. ) ;
#3870 = DIRECTION ( 'NONE',  ( -0.000000000000000000, -0.000000000000000000, 1.000000000000000000 ) ) ;
#3871 = AXIS2_PLACEMENT_3D ( 'NONE', #1610, #108, #3795 ) ;
#3872 = DIRECTION ( 'NONE',  ( 1.000000000000000000, -0.000000000000000000, 0.000000000000000000 ) ) ;
#3873 = CARTESIAN_POINT ( 'NONE',  ( -91.75000000000001421, 18.16277201088163196, 3.250000000000000444 ) ) ;
#3874 = LINE ( 'NONE', #6730, #5769 ) ;
#3875 = CARTESIAN_POINT ( 'NONE',  ( -13.47847513588164325, 13.13641401289931210, 1.500000000000000444 ) ) ;
#3876 = VERTEX_POINT ( 'NONE', #1997 ) ;
#3877 = CARTESIAN_POINT ( 'NONE',  ( -78.32152486411841608, 23.17217973710070567, 1.500000000000000444 ) ) ;
#3878 = ORIENTED_EDGE ( 'NONE', *, *, #5126, .T. ) ;
#3879 = VERTEX_POINT ( 'NONE', #6249 ) ;
#3880 = LINE ( 'NONE', #198, #2487 ) ;
#3881 = LINE ( 'NONE', #8059, #6986 ) ;
#3882 = ORIENTED_EDGE ( 'NONE', *, *, #9255, .T. ) ;
#3883 = VECTOR ( 'NONE', #5083, 1000.000000000000000 ) ;
#3884 = ORIENTED_EDGE ( 'NONE', *, *, #2034, .T. ) ;
#3885 = LINE ( 'NONE', #4730, #9253 ) ;
#3886 = DIRECTION ( 'NONE',  ( -6.938893903907222067E-15, 1.000000000000000000, 0.000000000000000000 ) ) ;
#3887 = EDGE_LOOP ( 'NONE', ( #2329, #8297, #6636, #555, #5598, #7375, #2855, #429, #121 ) ) ;
#3888 = EDGE_CURVE ( 'NONE', #2236, #4506, #6111, .T. ) ;
#3889 = CARTESIAN_POINT ( 'NONE',  ( -55.41788286210067582, 13.48641401289931174, 0.5000000000000004441 ) ) ;
#3890 = VECTOR ( 'NONE', #2792, 1000.000000000000000 ) ;
#3891 = DIRECTION ( 'NONE',  ( 1.000000000000000000, 0.000000000000000000, 0.000000000000000000 ) ) ;
#3892 = ADVANCED_FACE ( 'NONE', ( #1947 ), #4656, .T. ) ;
#3893 = PLANE ( 'NONE',  #1830 ) ;
#3894 = LINE ( 'NONE', #8355, #5749 ) ;
#3895 = PLANE ( 'NONE',  #5243 ) ;
#3896 = ORIENTED_EDGE ( 'NONE', *, *, #7551, .F. ) ;
#3897 = CARTESIAN_POINT ( 'NONE',  ( -29.38211713789932844, 16.07582173911838197, 1.500000000000000444 ) ) ;
#3898 = ORIENTED_EDGE ( 'NONE', *, *, #6460, .T. ) ;
#3899 = VECTOR ( 'NONE', #9045, 1000.000000000000000 ) ;
#3900 = DIRECTION ( 'NONE',  ( -1.000000000000000000, -1.119176436114068839E-16, 0.000000000000000000 ) ) ;
#3901 = CYLINDRICAL_SURFACE ( 'NONE', #5854, 0.5000000000000004441 ) ;
#3902 = DIRECTION ( 'NONE',  ( -1.000000000000000000, 0.000000000000000000, 0.000000000000000000 ) ) ;
#3903 = ORIENTED_EDGE ( 'NONE', *, *, #9267, .F. ) ;
#3904 = ADVANCED_FACE ( 'NONE', ( #8982 ), #2559, .F. ) ;
#3905 = CIRCLE ( 'NONE', #3618, 0.5000000000000000000 ) ;
#3906 = CARTESIAN_POINT ( 'NONE',  ( -13.41788286210068826, 15.48641401289931174, 0.5000000000000004441 ) ) ;
#3907 = VECTOR ( 'NONE', #6341, 1000.000000000000000 ) ;
#3908 = CYLINDRICAL_SURFACE ( 'NONE', #2048, 0.5000000000000004441 ) ;
#3909 = FACE_OUTER_BOUND ( 'NONE', #8999, .T. ) ;
#3910 = ORIENTED_EDGE ( 'NONE', *, *, #1679, .F. ) ;
#3911 = CARTESIAN_POINT ( 'NONE',  ( 39.61788286210066445, 20.23277201088161803, 4.000000000000000000 ) ) ;
#3912 = ORIENTED_EDGE ( 'NONE', *, *, #7340, .T. ) ;
#3913 = LINE ( 'NONE', #3219, #7641 ) ;
#3914 = AXIS2_PLACEMENT_3D ( 'NONE', #6664, #3902, #6853 ) ;
#3915 = DIRECTION ( 'NONE',  ( -0.7071067811865475727, -0.7071067811865475727, 0.000000000000000000 ) ) ;
#3916 = EDGE_CURVE ( 'NONE', #476, #6108, #1032, .T. ) ;
#3917 = LINE ( 'NONE', #1685, #3242 ) ;
#3918 = ADVANCED_FACE ( 'NONE', ( #2745 ), #8458, .F. ) ;
#3919 = DIRECTION ( 'NONE',  ( 1.000000000000000000, 4.336808689941999001E-16, 0.000000000000000000 ) ) ;
#3920 = VECTOR ( 'NONE', #8915, 1000.000000000000000 ) ;
#3921 = DIRECTION ( 'NONE',  ( 1.000000000000000000, 6.938893903907222067E-15, 0.000000000000000000 ) ) ;
#3922 = DIRECTION ( 'NONE',  ( 0.000000000000000000, 0.000000000000000000, -1.000000000000000000 ) ) ;
#3923 = ORIENTED_EDGE ( 'NONE', *, *, #9057, .F. ) ;
#3924 = CARTESIAN_POINT ( 'NONE',  ( 32.52152486411835497, 23.17217973710070567, 4.000000000000000000 ) ) ;
#3925 = EDGE_LOOP ( 'NONE', ( #5768, #5992, #5684, #656, #2619, #8500 ) ) ;
#3926 = ORIENTED_EDGE ( 'NONE', *, *, #6019, .F. ) ;
#3927 = CIRCLE ( 'NONE', #1952, 0.5000000000000000000 ) ;
#3928 = CALENDAR_DATE ( 2025, 30, 7 ) ;
#3929 = FACE_OUTER_BOUND ( 'NONE', #6523, .T. ) ;
#3930 = EDGE_CURVE ( 'NONE', #7854, #5778, #9260, .T. ) ;
#3931 = LINE ( 'NONE', #6787, #5042 ) ;
#3932 = EDGE_LOOP ( 'NONE', ( #6733, #8812, #6338, #7361, #8586, #6177, #8629, #1854, #7706, #5924 ) ) ;
#3933 = VERTEX_POINT ( 'NONE', #1434 ) ;
#3934 = DIRECTION ( 'NONE',  ( 0.7071067811865479058, 0.7071067811865471286, 0.000000000000000000 ) ) ;
#3935 = ORIENTED_EDGE ( 'NONE', *, *, #2250, .T. ) ;
#3936 = AXIS2_PLACEMENT_3D ( 'NONE', #4082, #2546, #4834 ) ;
#3937 = LINE ( 'NONE', #3196, #7819 ) ;
#3938 = CARTESIAN_POINT ( 'NONE',  ( -91.75000000000001421, 13.90429687500000355, 1.000000000000000000 ) ) ;
#3939 = LINE ( 'NONE', #6145, #9012 ) ;
#3940 = DIRECTION ( 'NONE',  ( 1.000000000000000000, -0.000000000000000000, 0.000000000000000000 ) ) ;
#3941 = EDGE_CURVE ( 'NONE', #3274, #8115, #7797, .T. ) ;
#3942 = PLANE ( 'NONE',  #6143 ) ;
#3943 = ORIENTED_EDGE ( 'NONE', *, *, #6269, .T. ) ;
#3944 = LINE ( 'NONE', #1893, #2684 ) ;
#3945 = ORIENTED_EDGE ( 'NONE', *, *, #891, .T. ) ;
#3946 = CARTESIAN_POINT ( 'NONE',  ( -6.382117137899323112, 16.07582173911838197, 2.757618389620108523 ) ) ;
#3947 = EDGE_CURVE ( 'NONE', #8107, #978, #1395, .T. ) ;
#3948 = DIRECTION ( 'NONE',  ( -1.000000000000000000, -0.000000000000000000, -0.000000000000000000 ) ) ;
#3949 = CARTESIAN_POINT ( 'NONE',  ( -59.41788286210069714, 13.48641401289930997, 0.5000000000000004441 ) ) ;
#3950 = ORIENTED_EDGE ( 'NONE', *, *, #911, .T. ) ;
#3951 = CARTESIAN_POINT ( 'NONE',  ( 46.25000000000000000, 24.48861145005077233, 5.600000000000002309 ) ) ;
#3952 = DIRECTION ( 'NONE',  ( -0.000000000000000000, 0.000000000000000000, 1.000000000000000000 ) ) ;
#3953 = CARTESIAN_POINT ( 'NONE',  ( 16.61788286210066801, 20.16277201088163196, 3.250000000000000444 ) ) ;
#3954 = VERTEX_POINT ( 'NONE', #7087 ) ;
#3955 = DIRECTION ( 'NONE',  ( -0.7071067811865474617, 0.7071067811865474617, 0.000000000000000000 ) ) ;
#3956 = VERTEX_POINT ( 'NONE', #2916 ) ;
#3957 = ORIENTED_EDGE ( 'NONE', *, *, #7187, .T. ) ;
#3958 = ADVANCED_FACE ( 'NONE', ( #7226 ), #6430, .F. ) ;
#3959 = DIRECTION ( 'NONE',  ( -1.000000000000000000, 0.000000000000000000, 0.000000000000000000 ) ) ;
#3960 = EDGE_CURVE ( 'NONE', #2144, #2651, #7840, .T. ) ;
#3961 = CARTESIAN_POINT ( 'NONE',  ( -52.38211713789932844, 16.07582173911838197, 4.000000000000000000 ) ) ;
#3962 = VECTOR ( 'NONE', #1473, 1000.000000000000000 ) ;
#3963 = CARTESIAN_POINT ( 'NONE',  ( -14.06788286210067263, 15.48641401289931174, 1.500000000000000444 ) ) ;
#3964 = CARTESIAN_POINT ( 'NONE',  ( -32.30364200201771041, 13.15429687499999112, 4.000000000000000000 ) ) ;
#3965 = LINE ( 'NONE', #417, #7970 ) ;
#3966 = CARTESIAN_POINT ( 'NONE',  ( 32.50364200201764930, 13.15429687500000355, 6.000000000000000000 ) ) ;
#3967 = VERTEX_POINT ( 'NONE', #781 ) ;
#3968 = CARTESIAN_POINT ( 'NONE',  ( 39.25000000000000000, 13.90429687500000178, 4.000000000000000000 ) ) ;
#3969 = EDGE_LOOP ( 'NONE', ( #4144, #5088, #7701, #1883, #8782, #342, #5734, #477, #683 ) ) ;
#3970 = VERTEX_POINT ( 'NONE', #2220 ) ;
#3971 = EDGE_CURVE ( 'NONE', #1012, #3204, #8639, .T. ) ;
#3972 = VECTOR ( 'NONE', #1815, 1000.000000000000000 ) ;
#3973 = ADVANCED_FACE ( 'NONE', ( #2835 ), #689, .F. ) ;
#3974 = PERSON_AND_ORGANIZATION ( #8110, #7771 ) ;
#3975 = CARTESIAN_POINT ( 'NONE',  ( -83.06788286210067440, 20.80448725967914925, 0.5000000000000004441 ) ) ;
#3976 = VECTOR ( 'NONE', #8378, 1000.000000000000000 ) ;
#3977 = CARTESIAN_POINT ( 'NONE',  ( -8.767882862100673691, 15.50448725967914143, 1.500000000000000444 ) ) ;
#3978 = VECTOR ( 'NONE', #6926, 1000.000000000000000 ) ;
#3979 = VERTEX_POINT ( 'NONE', #5776 ) ;
#3980 = ORIENTED_EDGE ( 'NONE', *, *, #1232, .T. ) ;
#3981 = CARTESIAN_POINT ( 'NONE',  ( -91.75000000000001421, 20.16277201088163196, 3.250000000000000444 ) ) ;
#3982 = EDGE_CURVE ( 'NONE', #2814, #7913, #1484, .T. ) ;
#3983 = VERTEX_POINT ( 'NONE', #6389 ) ;
#3984 = AXIS2_PLACEMENT_3D ( 'NONE', #6729, #940, #1640 ) ;
#3985 = LINE ( 'NONE', #1705, #7368 ) ;
#3986 = CARTESIAN_POINT ( 'NONE',  ( 45.85000000000000142, 25.25429687500000497, 0.000000000000000000 ) ) ;
#3987 = CARTESIAN_POINT ( 'NONE',  ( -82.41788286210069714, 20.78641401289931778, 0.5000000000000004441 ) ) ;
#3988 = CARTESIAN_POINT ( 'NONE',  ( -91.34999999999998010, 25.65429687500000355, 5.000000000000000000 ) ) ;
#3989 = VECTOR ( 'NONE', #3209, 1000.000000000000000 ) ;
#3990 = CARTESIAN_POINT ( 'NONE',  ( -39.41788286210071135, 20.23277201088163224, 3.745075751779463058 ) ) ;
#3991 = ORIENTED_EDGE ( 'NONE', *, *, #7067, .T. ) ;
#3992 = CARTESIAN_POINT ( 'NONE',  ( -84.75000000000001421, 22.40429687500000355, 4.000000000000000000 ) ) ;
#3993 = ORIENTED_EDGE ( 'NONE', *, *, #2990, .F. ) ;
#3994 = LINE ( 'NONE', #5444, #5954 ) ;
#3995 = ORIENTED_EDGE ( 'NONE', *, *, #1819, .F. ) ;
#3996 = CARTESIAN_POINT ( 'NONE',  ( 36.58211713789931707, 20.78641401289931778, 0.5000000000000004441 ) ) ;
#3997 = ORIENTED_EDGE ( 'NONE', *, *, #7348, .T. ) ;
#3998 = DIRECTION ( 'NONE',  ( 1.000000000000000000, -0.000000000000000000, 0.000000000000000000 ) ) ;
#3999 = LINE ( 'NONE', #7702, #5098 ) ;
#4000 = VECTOR ( 'NONE', #854, 1000.000000000000000 ) ;
#4001 = FACE_BOUND ( 'NONE', #4984, .T. ) ;
#4002 = ORIENTED_EDGE ( 'NONE', *, *, #8727, .T. ) ;
#4003 = FACE_OUTER_BOUND ( 'NONE', #8904, .T. ) ;
#4004 = ORIENTED_EDGE ( 'NONE', *, *, #6437, .T. ) ;
#4005 = ORIENTED_EDGE ( 'NONE', *, *, #4181, .F. ) ;
#4006 = DIRECTION ( 'NONE',  ( -1.000000000000000000, 0.000000000000000000, -0.000000000000000000 ) ) ;
#4007 = VECTOR ( 'NONE', #7627, 1000.000000000000000 ) ;
#4008 = DIRECTION ( 'NONE',  ( 1.000000000000000000, -0.000000000000000000, 0.000000000000000000 ) ) ;
#4009 = CARTESIAN_POINT ( 'NONE',  ( -39.41788286210071135, 20.23277201088163224, 3.745075751779463058 ) ) ;
#4010 = EDGE_CURVE ( 'NONE', #1177, #4106, #7888, .T. ) ;
#4011 = CARTESIAN_POINT ( 'NONE',  ( 39.25000000000000000, 13.15429687500000355, 6.000000000000000000 ) ) ;
#4012 = EDGE_CURVE ( 'NONE', #6556, #4978, #6294, .T. ) ;
#4013 = CARTESIAN_POINT ( 'NONE',  ( -29.38211713789932844, 20.16277201088163196, 3.250000000000000444 ) ) ;
#4014 = ORIENTED_EDGE ( 'NONE', *, *, #7963, .T. ) ;
#4015 = LINE ( 'NONE', #1963, #539 ) ;
#4016 = ORIENTED_EDGE ( 'NONE', *, *, #7973, .F. ) ;
#4017 = AXIS2_PLACEMENT_3D ( 'NONE', #2080, #5682, #8545 ) ;
#4018 = CARTESIAN_POINT ( 'NONE',  ( -55.41788286210067582, 20.78641401289931778, 1.500000000000000444 ) ) ;
#4019 = ORIENTED_EDGE ( 'NONE', *, *, #9056, .T. ) ;
#4020 = CARTESIAN_POINT ( 'NONE',  ( -89.25000000000001421, 13.15429687500000355, 0.000000000000000000 ) ) ;
#4021 = APPROVAL_PERSON_ORGANIZATION ( #8150, #5306, #1230 ) ;
#4022 = FACE_OUTER_BOUND ( 'NONE', #798, .T. ) ;
#4023 = DIRECTION ( 'NONE',  ( -1.000000000000000000, -0.000000000000000000, -0.000000000000000000 ) ) ;
#4024 = ADVANCED_FACE ( 'NONE', ( #4184 ), #7750, .F. ) ;
#4025 = EDGE_LOOP ( 'NONE', ( #135, #1131, #6222, #3022 ) ) ;
#4026 = VERTEX_POINT ( 'NONE', #7039 ) ;
#4027 = CARTESIAN_POINT ( 'NONE',  ( -62.41788286210071135, 16.07582173911837486, 2.757618389620108523 ) ) ;
#4028 = ORIENTED_EDGE ( 'NONE', *, *, #2620, .T. ) ;
#4029 = CARTESIAN_POINT ( 'NONE',  ( -59.47847513588165214, 13.13641401289931210, 1.500000000000000444 ) ) ;
#4030 = CARTESIAN_POINT ( 'NONE',  ( 46.25000000000000000, 25.65429687500000355, 0.3999999999999837019 ) ) ;
#4031 = EDGE_CURVE ( 'NONE', #7042, #5860, #2130, .T. ) ;
#4032 = EDGE_CURVE ( 'NONE', #227, #6999, #8593, .T. ) ;
#4033 = DIRECTION ( 'NONE',  ( -1.000000000000000000, -1.119176436114068839E-16, 0.000000000000000000 ) ) ;
#4034 = DIRECTION ( 'NONE',  ( 0.000000000000000000, 0.000000000000000000, -1.000000000000000000 ) ) ;
#4035 = DIRECTION ( 'NONE',  ( 1.259073490628327690E-16, -1.000000000000000000, 0.000000000000000000 ) ) ;
#4036 = ORIENTED_EDGE ( 'NONE', *, *, #6247, .T. ) ;
#4037 = CARTESIAN_POINT ( 'NONE',  ( -91.75000000000001421, 25.65429687500000355, 0.3999999999999837019 ) ) ;
#4038 = VERTEX_POINT ( 'NONE', #4322 ) ;
#4039 = CARTESIAN_POINT ( 'NONE',  ( 36.67847513588159813, 13.13641401289931210, 4.000000000000000000 ) ) ;
#4040 = ORIENTED_EDGE ( 'NONE', *, *, #6980, .T. ) ;
#4041 = VECTOR ( 'NONE', #3864, 1000.000000000000000 ) ;
#4042 = CARTESIAN_POINT ( 'NONE',  ( -84.75000000000001421, 13.15429687499998934, 4.000000000000000000 ) ) ;
#4043 = ORIENTED_EDGE ( 'NONE', *, *, #8101, .F. ) ;
#4044 = PLANE ( 'NONE',  #9241 ) ;
#4045 = LINE ( 'NONE', #5452, #6005 ) ;
#4046 = VECTOR ( 'NONE', #5630, 1000.000000000000000 ) ;
#4047 = LINE ( 'NONE', #1998, #5230 ) ;
#4048 = ORIENTED_EDGE ( 'NONE', *, *, #3446, .F. ) ;
#4049 = CARTESIAN_POINT ( 'NONE',  ( -91.61666666666666003, 25.38763020833332362, 0.2666666666666441254 ) ) ;
#4050 = VERTEX_POINT ( 'NONE', #5731 ) ;
#4051 = EDGE_LOOP ( 'NONE', ( #6947, #8324, #1028, #2830, #6884 ) ) ;
#4052 = CARTESIAN_POINT ( 'NONE',  ( -36.47847513588165214, 13.13641401289931210, 1.500000000000000444 ) ) ;
#4053 = VECTOR ( 'NONE', #4154, 1000.000000000000000 ) ;
#4054 = CARTESIAN_POINT ( 'NONE',  ( -89.25000000000001421, 23.15429687500000355, 0.5999999999999999778 ) ) ;
#4055 = CARTESIAN_POINT ( 'NONE',  ( 32.58211713789929576, 13.48641401289930997, 0.5000000000000004441 ) ) ;
#4056 = LINE ( 'NONE', #6917, #7115 ) ;
#4057 = DIRECTION ( 'NONE',  ( 0.000000000000000000, -1.000000000000000000, 0.000000000000000000 ) ) ;
#4058 = ORIENTED_EDGE ( 'NONE', *, *, #3332, .F. ) ;
#4059 = CARTESIAN_POINT ( 'NONE',  ( 39.25000000000000000, 13.15429687500000355, 4.000000000000000000 ) ) ;
#4060 = ORIENTED_EDGE ( 'NONE', *, *, #1460, .F. ) ;
#4061 = AXIS2_PLACEMENT_3D ( 'NONE', #552, #7616, #3447 ) ;
#4062 = EDGE_CURVE ( 'NONE', #7136, #5107, #3486, .T. ) ;
#4063 = LINE ( 'NONE', #4327, #6404 ) ;
#4064 = VERTEX_POINT ( 'NONE', #8069 ) ;
#4065 = VECTOR ( 'NONE', #1889, 1000.000000000000000 ) ;
#4066 = LINE ( 'NONE', #3733, #9152 ) ;
#4067 = EDGE_CURVE ( 'NONE', #1634, #2548, #7142, .T. ) ;
#4068 = ADVANCED_FACE ( 'NONE', ( #5961 ), #7462, .F. ) ;
#4069 = VECTOR ( 'NONE', #4841, 1000.000000000000000 ) ;
#4070 = DIRECTION ( 'NONE',  ( 1.000000000000000000, -1.734723475976806709E-18, -0.000000000000000000 ) ) ;
#4071 = LINE ( 'NONE', #6317, #1153 ) ;
#4072 = EDGE_LOOP ( 'NONE', ( #6882, #9098, #947, #5611, #2640, #8557, #8280, #3730, #9086, #6206 ) ) ;
#4073 = ORIENTED_EDGE ( 'NONE', *, *, #4204, .T. ) ;
#4074 = CYLINDRICAL_SURFACE ( 'NONE', #8203, 0.5000000000000004441 ) ;
#4075 = VECTOR ( 'NONE', #2112, 1000.000000000000000 ) ;
#4076 = VERTEX_POINT ( 'NONE', #1756 ) ;
#4077 = ADVANCED_FACE ( 'NONE', ( #3663 ), #6566, .F. ) ;
#4078 = EDGE_CURVE ( 'NONE', #3851, #409, #1661, .T. ) ;
#4079 = DIRECTION ( 'NONE',  ( 0.000000000000000000, 0.000000000000000000, -1.000000000000000000 ) ) ;
#4080 = PLANE ( 'NONE',  #545 ) ;
#4081 = CARTESIAN_POINT ( 'NONE',  ( -38.81788286210068151, 15.48641401289931174, 0.5000000000000004441 ) ) ;
#4082 = CARTESIAN_POINT ( 'NONE',  ( 0.000000000000000000, 0.000000000000000000, 4.000000000000000000 ) ) ;
#4083 = FACE_OUTER_BOUND ( 'NONE', #2795, .T. ) ;
#4084 = CARTESIAN_POINT ( 'NONE',  ( 69.00000000000000000, 0.000000000000000000, 0.5000000000000004441 ) ) ;
#4085 = EDGE_LOOP ( 'NONE', ( #7319, #8735, #2032, #7536, #4242, #3833 ) ) ;
#4086 = CARTESIAN_POINT ( 'NONE',  ( -39.00483313386396844, 15.66277201088163373, 3.503801376738356677 ) ) ;
#4087 = ORIENTED_EDGE ( 'NONE', *, *, #9180, .F. ) ;
#4088 = EDGE_CURVE ( 'NONE', #3449, #8581, #5822, .T. ) ;
#4089 = EDGE_CURVE ( 'NONE', #979, #5999, #8970, .T. ) ;
#4090 = FACE_OUTER_BOUND ( 'NONE', #581, .T. ) ;
#4091 = ORIENTED_EDGE ( 'NONE', *, *, #1626, .F. ) ;
#4092 = FACE_OUTER_BOUND ( 'NONE', #142, .T. ) ;
#4093 = FACE_OUTER_BOUND ( 'NONE', #94, .T. ) ;
#4094 = ORIENTED_EDGE ( 'NONE', *, *, #6994, .T. ) ;
#4095 = LINE ( 'NONE', #6911, #1304 ) ;
#4096 = VERTEX_POINT ( 'NONE', #6519 ) ;
#4097 = ORIENTED_EDGE ( 'NONE', *, *, #6131, .T. ) ;
#4098 = DIRECTION ( 'NONE',  ( 0.7071067811865466846, 0.7071067811865483499, 0.000000000000000000 ) ) ;
#4099 = EDGE_CURVE ( 'NONE', #4311, #7286, #5913, .T. ) ;
#4100 = ORIENTED_EDGE ( 'NONE', *, *, #1536, .T. ) ;
#4101 = CARTESIAN_POINT ( 'NONE',  ( -16.41788286210070424, 18.16277201088163196, 3.250000000000000444 ) ) ;
#4102 = LINE ( 'NONE', #4712, #2484 ) ;
#4103 = CARTESIAN_POINT ( 'NONE',  ( 39.25000000000000000, 13.15429687500000355, 4.000000000000000000 ) ) ;
#4104 = VERTEX_POINT ( 'NONE', #5870 ) ;
#4105 = CARTESIAN_POINT ( 'NONE',  ( -78.41788286210066872, 15.48641401289931174, 0.5000000000000004441 ) ) ;
#4106 = VERTEX_POINT ( 'NONE', #115 ) ;
#4107 = CARTESIAN_POINT ( 'NONE',  ( 14.23211713789931920, 15.50448725967914143, 0.5000000000000004441 ) ) ;
#4108 = CARTESIAN_POINT ( 'NONE',  ( -32.41788286210067582, 20.78641401289931778, 1.500000000000000444 ) ) ;
#4109 = DIRECTION ( 'NONE',  ( 1.000000000000000000, 4.336808689941999001E-16, 0.000000000000000000 ) ) ;
#4110 = EDGE_CURVE ( 'NONE', #7266, #3568, #8821, .T. ) ;
#4111 = PLANE ( 'NONE',  #6086 ) ;
#4112 = ADVANCED_FACE ( 'NONE', ( #211 ), #8167, .F. ) ;
#4113 = ORIENTED_EDGE ( 'NONE', *, *, #1056, .T. ) ;
#4114 = AXIS2_PLACEMENT_3D ( 'NONE', #906, #5809, #8677 ) ;
#4115 = DIRECTION ( 'NONE',  ( -0.7071067811865479058, -0.7071067811865471286, 0.000000000000000000 ) ) ;
#4116 = ORIENTED_EDGE ( 'NONE', *, *, #4907, .T. ) ;
#4117 = CARTESIAN_POINT ( 'NONE',  ( -29.38211713789932844, 20.23277201088161803, 1.500000000000000444 ) ) ;
#4118 = ORIENTED_EDGE ( 'NONE', *, *, #1083, .F. ) ;
#4119 = PLANE ( 'NONE',  #6315 ) ;
#4120 = VECTOR ( 'NONE', #4854, 1000.000000000000000 ) ;
#4121 = VECTOR ( 'NONE', #5411, 1000.000000000000000 ) ;
#4122 = PLANE ( 'NONE',  #6225 ) ;
#4123 = FACE_OUTER_BOUND ( 'NONE', #5158, .T. ) ;
#4124 = EDGE_CURVE ( 'NONE', #4662, #7925, #8514, .T. ) ;
#4125 = DIRECTION ( 'NONE',  ( -1.000000000000000000, 0.000000000000000000, -0.000000000000000000 ) ) ;
#4126 = ADVANCED_FACE ( 'NONE', ( #1616 ), #2400, .F. ) ;
#4127 = ORIENTED_EDGE ( 'NONE', *, *, #6825, .F. ) ;
#4128 = CARTESIAN_POINT ( 'NONE',  ( -36.47847513588163793, 23.17217973710070567, 6.000000000000000000 ) ) ;
#4129 = VERTEX_POINT ( 'NONE', #2357 ) ;
#4130 = AXIS2_PLACEMENT_3D ( 'NONE', #3689, #3504, #2989 ) ;
#4131 = FACE_OUTER_BOUND ( 'NONE', #2081, .T. ) ;
#4132 = PLANE ( 'NONE',  #4358 ) ;
#4133 = ORIENTED_EDGE ( 'NONE', *, *, #2014, .F. ) ;
#4134 = VECTOR ( 'NONE', #2094, 1000.000000000000000 ) ;
#4135 = FACE_OUTER_BOUND ( 'NONE', #3695, .T. ) ;
#4136 = ADVANCED_FACE ( 'NONE', ( #303 ), #5207, .F. ) ;
#4137 = CYLINDRICAL_SURFACE ( 'NONE', #6281, 0.5000000000000004441 ) ;
#4138 = VERTEX_POINT ( 'NONE', #8120 ) ;
#4139 = DIRECTION ( 'NONE',  ( 1.000000000000000000, -1.734723475976806709E-18, -0.000000000000000000 ) ) ;
#4140 = ORIENTED_EDGE ( 'NONE', *, *, #6424, .F. ) ;
#4141 = VERTEX_POINT ( 'NONE', #1708 ) ;
#4142 = LINE ( 'NONE', #5554, #5707 ) ;
#4143 = VECTOR ( 'NONE', #2389, 1000.000000000000000 ) ;
#4144 = ORIENTED_EDGE ( 'NONE', *, *, #6954, .T. ) ;
#4145 = CARTESIAN_POINT ( 'NONE',  ( -75.38211713789932844, 16.07582173911838197, 1.500000000000000444 ) ) ;
#4146 =( BOUNDED_CURVE ( )  B_SPLINE_CURVE ( 3, ( #1769, #5176, #1673, #974 ),
 .UNSPECIFIED., .F., .F. ) 
 B_SPLINE_CURVE_WITH_KNOTS ( ( 4, 4 ),
 ( 1.745585516796735348, 3.141592653589793116 ),
 .UNSPECIFIED. ) 
 CURVE ( )  GEOMETRIC_REPRESENTATION_ITEM ( )  RATIONAL_B_SPLINE_CURVE ( ( 1.000000000000000000, 0.8440845325001467003, 0.8440845325001467003, 1.000000000000000000 ) ) 
 REPRESENTATION_ITEM ( '' )  );
#4147 = CARTESIAN_POINT ( 'NONE',  ( -89.25000000000001421, 13.15429687500000355, 0.5999999999999999778 ) ) ;
#4148 = EDGE_CURVE ( 'NONE', #1710, #5860, #1160, .T. ) ;
#4149 = DIRECTION ( 'NONE',  ( -0.000000000000000000, 0.000000000000000000, -1.000000000000000000 ) ) ;
#4150 = ORIENTED_EDGE ( 'NONE', *, *, #6155, .T. ) ;
#4151 = EDGE_CURVE ( 'NONE', #2465, #7841, #6706, .T. ) ;
#4152 = LINE ( 'NONE', #2667, #3072 ) ;
#4153 = VERTEX_POINT ( 'NONE', #4690 ) ;
#4154 = DIRECTION ( 'NONE',  ( -0.000000000000000000, -0.000000000000000000, 1.000000000000000000 ) ) ;
#4155 = AXIS2_PLACEMENT_3D ( 'NONE', #668, #5667, #8531 ) ;
#4156 = DIRECTION ( 'NONE',  ( 0.000000000000000000, -0.000000000000000000, -1.000000000000000000 ) ) ;
#4157 = LINE ( 'NONE', #7633, #6227 ) ;
#4158 = AXIS2_PLACEMENT_3D ( 'NONE', #262, #3719, #3112 ) ;
#4159 = VERTEX_POINT ( 'NONE', #8214 ) ;
#4160 = DIRECTION ( 'NONE',  ( -0.000000000000000000, -0.000000000000000000, 1.000000000000000000 ) ) ;
#4161 = ORIENTED_EDGE ( 'NONE', *, *, #2157, .T. ) ;
#4162 = AXIS2_PLACEMENT_3D ( 'NONE', #1571, #7322, #2967 ) ;
#4163 = LINE ( 'NONE', #1376, #7657 ) ;
#4164 = VERTEX_POINT ( 'NONE', #1799 ) ;
#4165 = VECTOR ( 'NONE', #7316, 1000.000000000000114 ) ;
#4166 = CARTESIAN_POINT ( 'NONE',  ( -77.76788286210067724, 15.48641401289931174, -2.999999999999999112 ) ) ;
#4167 = LINE ( 'NONE', #101, #6969 ) ;
#4168 = FACE_OUTER_BOUND ( 'NONE', #4994, .T. ) ;
#4169 = DIRECTION ( 'NONE',  ( 0.000000000000000000, 0.000000000000000000, 1.000000000000000000 ) ) ;
#4170 = APPROVAL_PERSON_ORGANIZATION ( #2203, #626, #8672 ) ;
#4171 = PLANE ( 'NONE',  #469 ) ;
#4172 = ORIENTED_EDGE ( 'NONE', *, *, #3548, .F. ) ;
#4173 = CARTESIAN_POINT ( 'NONE',  ( -37.06788286210068151, 15.48641401289931174, -2.999999999999999112 ) ) ;
#4174 = EDGE_LOOP ( 'NONE', ( #691, #5375, #8137, #1278 ) ) ;
#4175 = CARTESIAN_POINT ( 'NONE',  ( -52.79516686613608556, 15.66277201088163729, 2.996198623261641103 ) ) ;
#4176 = EDGE_CURVE ( 'NONE', #2624, #401, #1848, .T. ) ;
#4177 = VERTEX_POINT ( 'NONE', #5347 ) ;
#4178 = EDGE_CURVE ( 'NONE', #4850, #3191, #1105, .T. ) ;
#4179 = LINE ( 'NONE', #3527, #4069 ) ;
#4180 = EDGE_CURVE ( 'NONE', #5725, #234, #487, .T. ) ;
#4181 = EDGE_CURVE ( 'NONE', #6026, #9009, #3894, .T. ) ;
#4182 = ORIENTED_EDGE ( 'NONE', *, *, #871, .F. ) ;
#4183 = CARTESIAN_POINT ( 'NONE',  ( 29.58211713789928154, 16.07582173911837486, 1.500000000000000444 ) ) ;
#4184 = FACE_OUTER_BOUND ( 'NONE', #6595, .T. ) ;
#4185 = CARTESIAN_POINT ( 'NONE',  ( 0.2499999999989316324, -20.34570312500106581, -45.59999999999948983 ) ) ;
#4186 = VERTEX_POINT ( 'NONE', #349 ) ;
#4187 = ORIENTED_EDGE ( 'NONE', *, *, #5113, .T. ) ;
#4188 = ORIENTED_EDGE ( 'NONE', *, *, #3210, .F. ) ;
#4189 = VECTOR ( 'NONE', #8333, 1000.000000000000000 ) ;
#4190 = CARTESIAN_POINT ( 'NONE',  ( -14.06788286210067263, 20.80448725967914925, 0.5000000000000004441 ) ) ;
#4191 = EDGE_CURVE ( 'NONE', #3593, #4491, #973, .T. ) ;
#4192 = VERTEX_POINT ( 'NONE', #3339 ) ;
#4193 = VECTOR ( 'NONE', #8679, 1000.000000000000000 ) ;
#4194 = CARTESIAN_POINT ( 'NONE',  ( 15.98211713789932098, 20.78641401289931778, 1.500000000000000444 ) ) ;
#4195 = DIRECTION ( 'NONE',  ( -0.000000000000000000, -0.000000000000000000, 1.000000000000000000 ) ) ;
#4196 = DIRECTION ( 'NONE',  ( 1.000000000000000000, 0.000000000000000000, -0.000000000000000000 ) ) ;
#4197 = ORIENTED_EDGE ( 'NONE', *, *, #5273, .F. ) ;
#4198 = DIRECTION ( 'NONE',  ( -0.000000000000000000, 1.000000000000000000, 0.000000000000000000 ) ) ;
#4199 = VERTEX_POINT ( 'NONE', #393 ) ;
#4200 = CARTESIAN_POINT ( 'NONE',  ( -78.41788286210066872, 15.48641401289931174, 0.5000000000000004441 ) ) ;
#4201 = ORIENTED_EDGE ( 'NONE', *, *, #846, .F. ) ;
#4202 = VECTOR ( 'NONE', #1547, 1000.000000000000000 ) ;
#4203 = EDGE_CURVE ( 'NONE', #3546, #3480, #6194, .T. ) ;
#4204 = EDGE_CURVE ( 'NONE', #201, #7787, #1939, .T. ) ;
#4205 = FACE_OUTER_BOUND ( 'NONE', #8195, .T. ) ;
#4206 = CARTESIAN_POINT ( 'NONE',  ( 23.00000000000000000, 0.000000000000000000, 0.5000000000000004441 ) ) ;
#4207 = VECTOR ( 'NONE', #7685, 1000.000000000000000 ) ;
#4208 = VECTOR ( 'NONE', #1984, 1000.000000000000000 ) ;
#4209 = ORIENTED_EDGE ( 'NONE', *, *, #1793, .T. ) ;
#4210 = DIRECTION ( 'NONE',  ( 0.5773502691896359451, 0.5773502691896306160, -0.5773502691896107430 ) ) ;
#4211 = EDGE_LOOP ( 'NONE', ( #7263, #8122, #3884, #109, #6871, #6957, #4236, #1771, #2769 ) ) ;
#4212 = CARTESIAN_POINT ( 'NONE',  ( -0.000000000000000000, 15.48641401289931174, 0.000000000000000000 ) ) ;
#4213 = ORIENTED_EDGE ( 'NONE', *, *, #5177, .F. ) ;
#4214 = AXIS2_PLACEMENT_3D ( 'NONE', #3949, #6107, #7517 ) ;
#4215 = EDGE_CURVE ( 'NONE', #6346, #4676, #7509, .T. ) ;
#4216 = LINE ( 'NONE', #4166, #8573 ) ;
#4217 = DIRECTION ( 'NONE',  ( -1.000000000000000000, 0.000000000000000000, 0.000000000000000000 ) ) ;
#4218 = DIRECTION ( 'NONE',  ( 0.000000000000000000, 0.000000000000000000, -1.000000000000000000 ) ) ;
#4219 = LINE ( 'NONE', #895, #2427 ) ;
#4220 = LINE ( 'NONE', #8628, #7410 ) ;
#4221 = CIRCLE ( 'NONE', #4363, 0.5000000000000000000 ) ;
#4222 = CARTESIAN_POINT ( 'NONE',  ( 39.25000000000000000, 13.15429687500000355, 6.000000000000000000 ) ) ;
#4223 = ORIENTED_EDGE ( 'NONE', *, *, #5128, .F. ) ;
#4224 = CARTESIAN_POINT ( 'NONE',  ( -54.76788286210067724, 15.50448725967914143, 1.500000000000000444 ) ) ;
#4225 = ORIENTED_EDGE ( 'NONE', *, *, #3612, .F. ) ;
#4226 = CARTESIAN_POINT ( 'NONE',  ( -75.38211713789932844, 17.66277201088163196, 3.250000000000000444 ) ) ;
#4227 = ORIENTED_EDGE ( 'NONE', *, *, #586, .T. ) ;
#4228 = DIRECTION ( 'NONE',  ( -0.000000000000000000, -0.000000000000000000, 1.000000000000000000 ) ) ;
#4229 = ORIENTED_EDGE ( 'NONE', *, *, #6528, .F. ) ;
#4230 = ADVANCED_FACE ( 'NONE', ( #1057 ), #5537, .F. ) ;
#4231 = DIRECTION ( 'NONE',  ( 0.000000000000000000, 0.7071067811865472397, -0.7071067811865479058 ) ) ;
#4232 = CARTESIAN_POINT ( 'NONE',  ( -91.75000000000001421, 18.66277201088163196, 3.250000000000000444 ) ) ;
#4233 = CARTESIAN_POINT ( 'NONE',  ( 16.36794860091052684, 15.82588747792824790, 3.698245413017321237 ) ) ;
#4234 = VERTEX_POINT ( 'NONE', #3988 ) ;
#4235 = ORIENTED_EDGE ( 'NONE', *, *, #8610, .F. ) ;
#4236 = ORIENTED_EDGE ( 'NONE', *, *, #6847, .T. ) ;
#4237 = CARTESIAN_POINT ( 'NONE',  ( -78.41788286210068293, 20.78641401289931778, 0.5000000000000004441 ) ) ;
#4238 = VERTEX_POINT ( 'NONE', #3199 ) ;
#4239 = LINE ( 'NONE', #1360, #8777 ) ;
#4240 = DIRECTION ( 'NONE',  ( 0.7071067811865466846, 0.7071067811865483499, 0.000000000000000000 ) ) ;
#4241 = DIRECTION ( 'NONE',  ( -0.000000000000000000, 0.000000000000000000, 1.000000000000000000 ) ) ;
#4242 = ORIENTED_EDGE ( 'NONE', *, *, #6031, .F. ) ;
#4243 = LINE ( 'NONE', #9224, #4558 ) ;
#4244 = EDGE_CURVE ( 'NONE', #4430, #6609, #6335, .T. ) ;
#4245 = EDGE_LOOP ( 'NONE', ( #2747, #7667, #800, #3738, #9270, #8475 ) ) ;
#4246 = ADVANCED_FACE ( 'NONE', ( #3292 ), #1890, .T. ) ;
#4247 = FACE_OUTER_BOUND ( 'NONE', #8136, .T. ) ;
#4248 = FACE_OUTER_BOUND ( 'NONE', #7826, .T. ) ;
#4249 = LINE ( 'NONE', #754, #1453 ) ;
#4250 = ORIENTED_EDGE ( 'NONE', *, *, #4997, .T. ) ;
#4251 = EDGE_CURVE ( 'NONE', #1941, #4992, #531, .T. ) ;
#4252 = EDGE_CURVE ( 'NONE', #7923, #227, #2297, .T. ) ;
#4253 = DIRECTION ( 'NONE',  ( 1.000000000000000000, 0.000000000000000000, -0.000000000000000000 ) ) ;
#4254 = ORIENTED_EDGE ( 'NONE', *, *, #5434, .T. ) ;
#4255 = DIRECTION ( 'NONE',  ( -1.000000000000000000, -0.000000000000000000, -0.000000000000000000 ) ) ;
#4256 = ORIENTED_EDGE ( 'NONE', *, *, #9128, .T. ) ;
#4257 =( BOUNDED_CURVE ( )  B_SPLINE_CURVE ( 3, ( #8987, #6674, #8187, #8285 ),
 .UNSPECIFIED., .F., .F. ) 
 B_SPLINE_CURVE_WITH_KNOTS ( ( 4, 4 ),
 ( 2.713276164354521125, 3.569909142825065107 ),
 .UNSPECIFIED. ) 
 CURVE ( )  GEOMETRIC_REPRESENTATION_ITEM ( )  RATIONAL_B_SPLINE_CURVE ( ( 1.000000000000000000, 0.9397775118185626164, 0.9397775118185626164, 1.000000000000000000 ) ) 
 REPRESENTATION_ITEM ( '' )  );
#4258 = LINE ( 'NONE', #9, #1546 ) ;
#4259 = DIRECTION ( 'NONE',  ( 0.000000000000000000, 1.000000000000000000, 0.000000000000000000 ) ) ;
#4260 = PLANE ( 'NONE',  #2349 ) ;
#4261 = VECTOR ( 'NONE', #2100, 1000.000000000000000 ) ;
#4262 = LINE ( 'NONE', #7738, #839 ) ;
#4263 = ADVANCED_FACE ( 'NONE', ( #5394 ), #6053, .F. ) ;
#4264 = DIRECTION ( 'NONE',  ( 1.000000000000000000, 1.259073490628327444E-16, -0.000000000000000000 ) ) ;
#4265 = EDGE_LOOP ( 'NONE', ( #2643, #3139, #514, #3400, #3639, #4345, #5606, #6782 ) ) ;
#4266 = EDGE_CURVE ( 'NONE', #287, #8875, #678, .T. ) ;
#4267 = LINE ( 'NONE', #2077, #3133 ) ;
#4268 = LINE ( 'NONE', #4976, #6109 ) ;
#4269 = ORIENTED_EDGE ( 'NONE', *, *, #263, .F. ) ;
#4270 = AXIS2_PLACEMENT_3D ( 'NONE', #6096, #2398, #7548 ) ;
#4271 = CARTESIAN_POINT ( 'NONE',  ( -15.81788286210067440, 20.80448725967914925, 0.5000000000000004441 ) ) ;
#4272 = ORIENTED_EDGE ( 'NONE', *, *, #8956, .T. ) ;
#4273 = DIRECTION ( 'NONE',  ( 0.000000000000000000, 0.000000000000000000, -1.000000000000000000 ) ) ;
#4274 = AXIS2_PLACEMENT_3D ( 'NONE', #4667, #6632, #6034 ) ;
#4275 = CARTESIAN_POINT ( 'NONE',  ( 39.25000000000000000, 20.60065487298227893, 1.500000000000000444 ) ) ;
#4276 = VECTOR ( 'NONE', #1092, 1000.000000000000000 ) ;
#4277 = ORIENTED_EDGE ( 'NONE', *, *, #6184, .F. ) ;
#4278 = ORIENTED_EDGE ( 'NONE', *, *, #8405, .T. ) ;
#4279 = ORIENTED_EDGE ( 'NONE', *, *, #14, .F. ) ;
#4280 = CARTESIAN_POINT ( 'NONE',  ( 39.25000000000000000, 20.60065487298227893, 3.008631818421418913 ) ) ;
#4281 = DIRECTION ( 'NONE',  ( 0.000000000000000000, -0.000000000000000000, 1.000000000000000000 ) ) ;
#4282 = VECTOR ( 'NONE', #9082, 1000.000000000000000 ) ;
#4283 = EDGE_LOOP ( 'NONE', ( #5709, #5693, #775, #523 ) ) ;
#4284 = FACE_OUTER_BOUND ( 'NONE', #3925, .T. ) ;
#4285 = DIRECTION ( 'NONE',  ( -0.7071067811865479058, -0.7071067811865471286, 0.000000000000000000 ) ) ;
#4286 = CARTESIAN_POINT ( 'NONE',  ( 29.58211713789928154, 20.16277201088163196, 3.250000000000000444 ) ) ;
#4287 = ORIENTED_EDGE ( 'NONE', *, *, #3163, .F. ) ;
#4288 = CARTESIAN_POINT ( 'NONE',  ( 9.503642002017661738, 13.15429687500000000, 1.500000000000000444 ) ) ;
#4289 = ORIENTED_EDGE ( 'NONE', *, *, #8019, .T. ) ;
#4290 = VERTEX_POINT ( 'NONE', #6750 ) ;
#4291 = AXIS2_PLACEMENT_3D ( 'NONE', #2442, #8907, #6739 ) ;
#4292 = CARTESIAN_POINT ( 'NONE',  ( -59.47847513588165214, 13.13641401289931210, 1.500000000000000444 ) ) ;
#4293 = EDGE_CURVE ( 'NONE', #1015, #4164, #991, .T. ) ;
#4294 = ADVANCED_FACE ( 'NONE', ( #2499 ), #5763, .F. ) ;
#4295 = EDGE_CURVE ( 'NONE', #2548, #8924, #4879, .T. ) ;
#4296 = DIRECTION ( 'NONE',  ( -1.000000000000000000, 0.000000000000000000, -0.000000000000000000 ) ) ;
#4297 = LINE ( 'NONE', #7248, #8015 ) ;
#4298 = ORIENTED_EDGE ( 'NONE', *, *, #7018, .T. ) ;
#4299 = VECTOR ( 'NONE', #8295, 1000.000000000000000 ) ;
#4300 = VECTOR ( 'NONE', #9211, 1000.000000000000000 ) ;
#4301 = CARTESIAN_POINT ( 'NONE',  ( 39.25000000000000000, 13.90429687500000178, 6.000000000000000000 ) ) ;
#4302 = EDGE_LOOP ( 'NONE', ( #8291, #5330, #5184, #8042, #2186, #160 ) ) ;
#4303 = LINE ( 'NONE', #714, #3607 ) ;
#4304 = EDGE_LOOP ( 'NONE', ( #4360, #4100, #1223, #3033 ) ) ;
#4305 = DIRECTION ( 'NONE',  ( -0.7071067811865471286, 0.7071067811865479058, 0.000000000000000000 ) ) ;
#4306 = VECTOR ( 'NONE', #8977, 1000.000000000000114 ) ;
#4307 = EDGE_CURVE ( 'NONE', #1920, #7331, #3430, .T. ) ;
#4308 = LINE ( 'NONE', #5103, #7871 ) ;
#4309 = CARTESIAN_POINT ( 'NONE',  ( 37.23211713789930855, 15.50448725967914143, 0.5000000000000004441 ) ) ;
#4310 = CARTESIAN_POINT ( 'NONE',  ( -78.30364200201769620, 23.15429687499998579, 4.000000000000000000 ) ) ;
#4311 = VERTEX_POINT ( 'NONE', #4310 ) ;
#4312 = CARTESIAN_POINT ( 'NONE',  ( -62.00483313386397555, 15.66277201088163373, 2.996198623261644212 ) ) ;
#4313 = ORIENTED_EDGE ( 'NONE', *, *, #8816, .F. ) ;
#4314 = VECTOR ( 'NONE', #1250, 1000.000000000000000 ) ;
#4315 = DIRECTION ( 'NONE',  ( 0.7071067811865479058, -0.7071067811865471286, -0.000000000000000000 ) ) ;
#4316 = EDGE_LOOP ( 'NONE', ( #6138, #2004, #8516, #383, #9040 ) ) ;
#4317 = DIRECTION ( 'NONE',  ( 0.000000000000000000, 1.000000000000000000, 0.000000000000000000 ) ) ;
#4318 = EDGE_CURVE ( 'NONE', #7140, #4866, #4262, .T. ) ;
#4319 = VERTEX_POINT ( 'NONE', #5629 ) ;
#4320 = EDGE_CURVE ( 'NONE', #1646, #8865, #57, .T. ) ;
#4321 = CARTESIAN_POINT ( 'NONE',  ( 31.93211713789931139, 20.78641401289931423, 0.000000000000000000 ) ) ;
#4322 = CARTESIAN_POINT ( 'NONE',  ( -78.41788286210068293, 20.78641401289931778, 0.5000000000000004441 ) ) ;
#4323 = LINE ( 'NONE', #4981, #6440 ) ;
#4324 = ORIENTED_EDGE ( 'NONE', *, *, #6540, .T. ) ;
#4325 = ORIENTED_EDGE ( 'NONE', *, *, #2497, .F. ) ;
#4326 = ORIENTED_EDGE ( 'NONE', *, *, #1500, .T. ) ;
#4327 = CARTESIAN_POINT ( 'NONE',  ( -91.75000000000001421, 25.25429687499997655, 6.000000000000000000 ) ) ;
#4328 = DIRECTION ( 'NONE',  ( 6.938893903907228378E-15, 1.000000000000000000, -0.000000000000000000 ) ) ;
#4329 = ORIENTED_EDGE ( 'NONE', *, *, #2023, .F. ) ;
#4330 = DIRECTION ( 'NONE',  ( 0.000000000000000000, 0.000000000000000000, -1.000000000000000000 ) ) ;
#4331 = LINE ( 'NONE', #2095, #8327 ) ;
#4332 = VECTOR ( 'NONE', #6533, 1000.000000000000000 ) ;
#4333 = CC_DESIGN_PERSON_AND_ORGANIZATION_ASSIGNMENT ( #5852, #8718, ( #204 ) ) ;
#4334 = DIRECTION ( 'NONE',  ( -0.5773502691896458261, 0.5773502691896258421, -0.5773502691896057470 ) ) ;
#4335 = VERTEX_POINT ( 'NONE', #6283 ) ;
#4336 = DIRECTION ( 'NONE',  ( -1.000000000000000000, -0.000000000000000000, -0.000000000000000000 ) ) ;
#4337 = VERTEX_POINT ( 'NONE', #15 ) ;
#4338 = VERTEX_POINT ( 'NONE', #7028 ) ;
#4339 = DIRECTION ( 'NONE',  ( 0.000000000000000000, -1.000000000000000000, 0.000000000000000000 ) ) ;
#4340 = ORIENTED_EDGE ( 'NONE', *, *, #8601, .T. ) ;
#4341 = VECTOR ( 'NONE', #4264, 1000.000000000000000 ) ;
#4342 = CYLINDRICAL_SURFACE ( 'NONE', #2493, 0.5000000000000004441 ) ;
#4343 = CARTESIAN_POINT ( 'NONE',  ( -16.41788286210070424, 20.23277201088163224, 3.745075751779463058 ) ) ;
#4344 = EDGE_CURVE ( 'NONE', #9124, #7727, #1338, .T. ) ;
#4345 = ORIENTED_EDGE ( 'NONE', *, *, #8666, .T. ) ;
#4346 = DIRECTION ( 'NONE',  ( 0.000000000000000000, -0.000000000000000000, -1.000000000000000000 ) ) ;
#4347 = EDGE_CURVE ( 'NONE', #7395, #6026, #7121, .T. ) ;
#4348 = LINE ( 'NONE', #4968, #2885 ) ;
#4349 = VECTOR ( 'NONE', #7234, 1000.000000000000000 ) ;
#4350 = DIRECTION ( 'NONE',  ( 1.000000000000000000, 0.000000000000000000, 0.000000000000000000 ) ) ;
#4351 = AXIS2_PLACEMENT_3D ( 'NONE', #5290, #8156, #4584 ) ;
#4352 = FACE_OUTER_BOUND ( 'NONE', #8186, .T. ) ;
#4353 = ORIENTED_EDGE ( 'NONE', *, *, #7362, .T. ) ;
#4354 = LINE ( 'NONE', #4222, #4341 ) ;
#4355 = ORIENTED_EDGE ( 'NONE', *, *, #6408, .F. ) ;
#4356 = EDGE_CURVE ( 'NONE', #4992, #6912, #7167, .T. ) ;
#4357 = EDGE_CURVE ( 'NONE', #502, #8398, #7784, .T. ) ;
#4358 = AXIS2_PLACEMENT_3D ( 'NONE', #4888, #6992, #1899 ) ;
#4359 = DIRECTION ( 'NONE',  ( -0.000000000000000000, -1.000000000000000000, -0.000000000000000000 ) ) ;
#4360 = ORIENTED_EDGE ( 'NONE', *, *, #8034, .F. ) ;
#4361 = DIRECTION ( 'NONE',  ( -0.000000000000000000, -0.000000000000000000, 1.000000000000000000 ) ) ;
#4362 = ORIENTED_EDGE ( 'NONE', *, *, #7987, .F. ) ;
#4363 = AXIS2_PLACEMENT_3D ( 'NONE', #457, #3872, #7483 ) ;
#4364 = CARTESIAN_POINT ( 'NONE',  ( 45.85000000000000142, 24.65429687500000711, 6.000000000000000000 ) ) ;
#4365 = DIRECTION ( 'NONE',  ( 1.000000000000000000, -0.000000000000000000, -0.000000000000000000 ) ) ;
#4366 = CARTESIAN_POINT ( 'NONE',  ( -78.41788286210068293, 20.78641401289931778, 0.5000000000000004441 ) ) ;
#4367 = ORIENTED_EDGE ( 'NONE', *, *, #3941, .T. ) ;
#4368 = LINE ( 'NONE', #7230, #2534 ) ;
#4369 = VERTEX_POINT ( 'NONE', #2908 ) ;
#4370 = ORIENTED_EDGE ( 'NONE', *, *, #8564, .T. ) ;
#4371 = EDGE_CURVE ( 'NONE', #1618, #4369, #2822, .T. ) ;
#4372 = CARTESIAN_POINT ( 'NONE',  ( -9.321524864118385878, 13.13641401289931210, 4.000000000000000000 ) ) ;
#4373 = EDGE_CURVE ( 'NONE', #771, #4951, #5613, .T. ) ;
#4374 = CARTESIAN_POINT ( 'NONE',  ( -29.38211713789932844, 16.07582173911838197, 3.742381610379892365 ) ) ;
#4375 = AXIS2_PLACEMENT_3D ( 'NONE', #233, #5942, #6731 ) ;
#4376 = CARTESIAN_POINT ( 'NONE',  ( -29.79516686613607135, 15.66277201088163373, 3.250000000000000444 ) ) ;
#4377 = ORIENTED_EDGE ( 'NONE', *, *, #1471, .F. ) ;
#4378 = CARTESIAN_POINT ( 'NONE',  ( 9.582117137899304637, 15.48641401289931174, 0.5000000000000004441 ) ) ;
#4379 = CARTESIAN_POINT ( 'NONE',  ( -59.49635799798232938, 13.15429687499999112, 1.500000000000000444 ) ) ;
#4380 = CARTESIAN_POINT ( 'NONE',  ( 36.58211713789933128, 15.48641401289931174, 1.500000000000000444 ) ) ;
#4381 = ORIENTED_EDGE ( 'NONE', *, *, #1611, .F. ) ;
#4382 = CARTESIAN_POINT ( 'NONE',  ( 32.58211713789929576, 20.78641401289931778, 0.5000000000000004441 ) ) ;
#4383 = ORIENTED_EDGE ( 'NONE', *, *, #3278, .T. ) ;
#4384 = EDGE_CURVE ( 'NONE', #4392, #1211, #677, .T. ) ;
#4385 = DIRECTION ( 'NONE',  ( 0.000000000000000000, -1.000000000000000000, 0.000000000000000000 ) ) ;
#4386 = ORIENTED_EDGE ( 'NONE', *, *, #787, .T. ) ;
#4387 = PLANE ( 'NONE',  #7116 ) ;
#4388 = LINE ( 'NONE', #849, #3531 ) ;
#4389 = DIRECTION ( 'NONE',  ( 1.000000000000000000, 2.478176394252582127E-16, -0.000000000000000000 ) ) ;
#4390 = ORIENTED_EDGE ( 'NONE', *, *, #4948, .F. ) ;
#4391 = CYLINDRICAL_SURFACE ( 'NONE', #6691, 0.5000000000000004441 ) ;
#4392 = VERTEX_POINT ( 'NONE', #4926 ) ;
#4393 = PLANE ( 'NONE',  #2237 ) ;
#4394 = CARTESIAN_POINT ( 'NONE',  ( 6.582117137899287762, 20.23277201088163224, 2.754924248220538274 ) ) ;
#4395 = ADVANCED_FACE ( 'NONE', ( #9246 ), #6985, .F. ) ;
#4396 = LINE ( 'NONE', #7258, #2805 ) ;
#4397 = DIRECTION ( 'NONE',  ( 0.000000000000000000, 0.000000000000000000, -1.000000000000000000 ) ) ;
#4398 = ORIENTED_EDGE ( 'NONE', *, *, #4907, .F. ) ;
#4399 = DIRECTION ( 'NONE',  ( -0.000000000000000000, -0.000000000000000000, 1.000000000000000000 ) ) ;
#4400 = ORIENTED_EDGE ( 'NONE', *, *, #4745, .T. ) ;
#4401 = DIRECTION ( 'NONE',  ( -0.000000000000000000, -0.000000000000000000, 1.000000000000000000 ) ) ;
#4402 = ORIENTED_EDGE ( 'NONE', *, *, #8676, .F. ) ;
#4403 = DIRECTION ( 'NONE',  ( -0.000000000000000000, -0.000000000000000000, 1.000000000000000000 ) ) ;
#4404 = VECTOR ( 'NONE', #6535, 1000.000000000000000 ) ;
#4405 = VERTEX_POINT ( 'NONE', #1383 ) ;
#4406 = EDGE_CURVE ( 'NONE', #2491, #1239, #4220, .T. ) ;
#4407 = EDGE_CURVE ( 'NONE', #409, #7847, #2116, .T. ) ;
#4408 = FACE_OUTER_BOUND ( 'NONE', #4884, .T. ) ;
#4409 = DIRECTION ( 'NONE',  ( 1.000000000000000000, -0.000000000000000000, 0.000000000000000000 ) ) ;
#4410 = PLANE ( 'NONE',  #1229 ) ;
#4411 = VERTEX_POINT ( 'NONE', #4971 ) ;
#4412 = CARTESIAN_POINT ( 'NONE',  ( -54.76788286210067724, 20.78641401289931778, -2.999999999999999112 ) ) ;
#4413 = ORIENTED_EDGE ( 'NONE', *, *, #6076, .T. ) ;
#4414 = EDGE_LOOP ( 'NONE', ( #9225, #5412, #6903, #6393, #9032, #9020 ) ) ;
#4415 = VECTOR ( 'NONE', #8039, 1000.000000000000000 ) ;
#4416 = CARTESIAN_POINT ( 'NONE',  ( -39.16794860091057728, 15.82588747792824080, 2.801754586982688533 ) ) ;
#4417 = CARTESIAN_POINT ( 'NONE',  ( -9.321524864118385878, 13.13641401289931210, 1.500000000000000444 ) ) ;
#4418 = ORIENTED_EDGE ( 'NONE', *, *, #755, .T. ) ;
#4419 = VECTOR ( 'NONE', #5753, 1000.000000000000000 ) ;
#4420 = ADVANCED_FACE ( 'NONE', ( #7831, #7692 ), #1291, .T. ) ;
#4421 = VECTOR ( 'NONE', #1185, 1000.000000000000000 ) ;
#4422 = CARTESIAN_POINT ( 'NONE',  ( 0.000000000000000000, 0.000000000000000000, 4.000000000000000000 ) ) ;
#4423 = CARTESIAN_POINT ( 'NONE',  ( -62.41788286210071135, 20.23277201088163224, 2.754924248220537386 ) ) ;
#4424 = CARTESIAN_POINT ( 'NONE',  ( 36.58211713789933128, 15.48641401289931174, 0.5000000000000004441 ) ) ;
#4425 = ORIENTED_EDGE ( 'NONE', *, *, #5639, .T. ) ;
#4426 = CARTESIAN_POINT ( 'NONE',  ( 30.18211713789931139, 15.48641401289931174, 0.5000000000000004441 ) ) ;
#4427 = ORIENTED_EDGE ( 'NONE', *, *, #667, .F. ) ;
#4428 = ORIENTED_EDGE ( 'NONE', *, *, #8789, .T. ) ;
#4429 = DIRECTION ( 'NONE',  ( 1.000000000000000000, 0.000000000000000000, 0.000000000000000000 ) ) ;
#4430 = VERTEX_POINT ( 'NONE', #8995 ) ;
#4431 = EDGE_CURVE ( 'NONE', #7000, #432, #7488, .T. ) ;
#4432 = DIRECTION ( 'NONE',  ( 0.000000000000000000, 1.000000000000000000, 0.000000000000000000 ) ) ;
#4433 = EDGE_CURVE ( 'NONE', #498, #1002, #6080, .T. ) ;
#4434 = CARTESIAN_POINT ( 'NONE',  ( -30.01788286210067724, 20.78641401289931778, 1.500000000000000444 ) ) ;
#4435 = VECTOR ( 'NONE', #7521, 1000.000000000000000 ) ;
#4436 = CARTESIAN_POINT ( 'NONE',  ( 16.61788286210066801, 20.23277201088161803, 1.500000000000000444 ) ) ;
#4437 = VERTEX_POINT ( 'NONE', #150 ) ;
#4438 = CARTESIAN_POINT ( 'NONE',  ( -60.06788286210068151, 15.48641401289931174, 0.000000000000000000 ) ) ;
#4439 = ORIENTED_EDGE ( 'NONE', *, *, #3574, .T. ) ;
#4440 = CARTESIAN_POINT ( 'NONE',  ( 29.58211713789928154, 16.07582173911837486, 4.000000000000000000 ) ) ;
#4441 = CARTESIAN_POINT ( 'NONE',  ( -82.47847513588165214, 13.13641401289931210, 1.500000000000000444 ) ) ;
#4442 = DIRECTION ( 'NONE',  ( 0.000000000000000000, 0.000000000000000000, -1.000000000000000000 ) ) ;
#4443 = AXIS2_PLACEMENT_3D ( 'NONE', #8054, #2153, #5002 ) ;
#4444 = CARTESIAN_POINT ( 'NONE',  ( -16.41788286210070424, 16.07582173911837486, 2.757618389620108967 ) ) ;
#4445 = ORIENTED_EDGE ( 'NONE', *, *, #5983, .F. ) ;
#4446 = CYLINDRICAL_SURFACE ( 'NONE', #4351, 0.5000000000000004441 ) ;
#4447 = VERTEX_POINT ( 'NONE', #8899 ) ;
#4448 = LINE ( 'NONE', #6559, #5367 ) ;
#4449 = ORIENTED_EDGE ( 'NONE', *, *, #2188, .F. ) ;
#4450 = AXIS2_PLACEMENT_3D ( 'NONE', #537, #7470, #3297 ) ;
#4451 = CARTESIAN_POINT ( 'NONE',  ( -36.41788286210069714, 13.48641401289930997, 0.5000000000000004441 ) ) ;
#4452 = ORIENTED_EDGE ( 'NONE', *, *, #3135, .T. ) ;
#4453 = DIRECTION ( 'NONE',  ( 1.000000000000000000, 0.000000000000000000, 0.000000000000000000 ) ) ;
#4454 = DIRECTION ( 'NONE',  ( 0.000000000000000000, 0.000000000000000000, 1.000000000000000000 ) ) ;
#4455 = AXIS2_PLACEMENT_3D ( 'NONE', #3008, #8633, #2350 ) ;
#4456 = EDGE_CURVE ( 'NONE', #432, #3710, #3005, .T. ) ;
#4457 = CARTESIAN_POINT ( 'NONE',  ( 6.582117137899287762, 16.07582173911837486, 6.000000000000000000 ) ) ;
#4458 = VERTEX_POINT ( 'NONE', #2254 ) ;
#4459 = CARTESIAN_POINT ( 'NONE',  ( 16.61788286210066801, 19.66277201088163196, 3.250000000000000444 ) ) ;
#4460 = VERTEX_POINT ( 'NONE', #1084 ) ;
#4461 = CARTESIAN_POINT ( 'NONE',  ( -36.41788286210069714, 13.48641401289930997, 0.5000000000000004441 ) ) ;
#4462 = LINE ( 'NONE', #741, #182 ) ;
#4463 = EDGE_CURVE ( 'NONE', #1717, #1920, #2524, .T. ) ;
#4464 = VECTOR ( 'NONE', #7273, 1000.000000000000000 ) ;
#4465 = CARTESIAN_POINT ( 'NONE',  ( -77.76788286210067724, 15.50448725967914143, 0.5000000000000004441 ) ) ;
#4466 = VECTOR ( 'NONE', #1108, 1000.000000000000000 ) ;
#4467 = ORIENTED_EDGE ( 'NONE', *, *, #4604, .F. ) ;
#4468 = CARTESIAN_POINT ( 'NONE',  ( -84.75000000000001421, 13.15429687499998934, 4.000000000000000000 ) ) ;
#4469 = DIRECTION ( 'NONE',  ( 0.000000000000000000, -1.000000000000000000, 0.000000000000000000 ) ) ;
#4470 = CARTESIAN_POINT ( 'NONE',  ( -83.06788286210067440, 20.80448725967914925, 1.000000000000000000 ) ) ;
#4471 = ORIENTED_EDGE ( 'NONE', *, *, #5415, .T. ) ;
#4472 = CARTESIAN_POINT ( 'NONE',  ( -54.76788286210067724, 20.78641401289931778, 0.000000000000000000 ) ) ;
#4473 = EDGE_LOOP ( 'NONE', ( #4367, #4964, #8314, #711, #1814, #8680, #1528, #5608, #6140 ) ) ;
#4474 = CARTESIAN_POINT ( 'NONE',  ( 16.61788286210066801, 20.23277201088161803, 3.745075751779463946 ) ) ;
#4475 = EDGE_LOOP ( 'NONE', ( #8892, #8296, #181, #630, #8417, #2235 ) ) ;
#4476 = EDGE_CURVE ( 'NONE', #4716, #6248, #2476, .T. ) ;
#4477 = CARTESIAN_POINT ( 'NONE',  ( -76.01788286210067724, 20.78641401289931778, 0.5000000000000004441 ) ) ;
#4478 = CARTESIAN_POINT ( 'NONE',  ( -91.75000000000001421, 13.90429687500000355, 1.000000000000000000 ) ) ;
#4479 = PLANE ( 'NONE',  #7945 ) ;
#4480 = EDGE_LOOP ( 'NONE', ( #7807, #6092, #6446, #2341 ) ) ;
#4481 = CARTESIAN_POINT ( 'NONE',  ( -38.81788286210068151, 15.48641401289931174, 0.5000000000000004441 ) ) ;
#4482 = ORIENTED_EDGE ( 'NONE', *, *, #718, .T. ) ;
#4483 = ADVANCED_FACE ( 'NONE', ( #3270 ), #8242, .F. ) ;
#4484 = VECTOR ( 'NONE', #8700, 1000.000000000000000 ) ;
#4485 = ADVANCED_FACE ( 'NONE', ( #8194 ), #8721, .F. ) ;
#4486 = DIRECTION ( 'NONE',  ( -6.938893903907222067E-15, 1.000000000000000000, 0.000000000000000000 ) ) ;
#4487 = CARTESIAN_POINT ( 'NONE',  ( 36.58211713789931707, 20.78641401289931778, 0.5000000000000004441 ) ) ;
#4488 = CARTESIAN_POINT ( 'NONE',  ( 31.93211713789931139, 15.48641401289931174, 0.5000000000000004441 ) ) ;
#4489 = DIRECTION ( 'NONE',  ( -0.000000000000000000, -0.000000000000000000, 1.000000000000000000 ) ) ;
#4490 = VECTOR ( 'NONE', #5440, 1000.000000000000000 ) ;
#4491 = VERTEX_POINT ( 'NONE', #7968 ) ;
#4492 = ORIENTED_EDGE ( 'NONE', *, *, #314, .F. ) ;
#4493 = CARTESIAN_POINT ( 'NONE',  ( -55.41788286210066161, 15.48641401289931174, 0.5000000000000004441 ) ) ;
#4494 = ADVANCED_FACE ( 'NONE', ( #5060 ), #1514, .F. ) ;
#4495 = VERTEX_POINT ( 'NONE', #1561 ) ;
#4496 = VECTOR ( 'NONE', #5225, 1000.000000000000000 ) ;
#4497 = PLANE ( 'NONE',  #6021 ) ;
#4498 = CARTESIAN_POINT ( 'NONE',  ( 7.012117137899274155, 20.66277201088163551, 3.511255977444313281 ) ) ;
#4499 = PLANE ( 'NONE',  #6599 ) ;
#4500 = DIRECTION ( 'NONE',  ( -1.000000000000000000, 0.000000000000000000, -0.000000000000000000 ) ) ;
#4501 = AXIS2_PLACEMENT_3D ( 'NONE', #1285, #525, #8880 ) ;
#4502 = PLANE ( 'NONE',  #922 ) ;
#4503 = ORIENTED_EDGE ( 'NONE', *, *, #1805, .F. ) ;
#4504 = CARTESIAN_POINT ( 'NONE',  ( -61.98788286210070453, 20.66277201088163196, 3.250000000000000444 ) ) ;
#4505 = ORIENTED_EDGE ( 'NONE', *, *, #8278, .T. ) ;
#4506 = VERTEX_POINT ( 'NONE', #3966 ) ;
#4507 = LINE ( 'NONE', #1065, #8559 ) ;
#4508 = DIRECTION ( 'NONE',  ( -0.000000000000000000, -1.000000000000000000, -0.000000000000000000 ) ) ;
#4509 = AXIS2_PLACEMENT_3D ( 'NONE', #5712, #2155, #5006 ) ;
#4510 = VERTEX_POINT ( 'NONE', #1780 ) ;
#4511 = EDGE_CURVE ( 'NONE', #3979, #5566, #6553, .T. ) ;
#4512 = CARTESIAN_POINT ( 'NONE',  ( -29.38211713789932844, 16.07582173911838197, 1.500000000000000444 ) ) ;
#4513 = CARTESIAN_POINT ( 'NONE',  ( -36.41788286210069714, 20.78641401289931778, 0.5000000000000004441 ) ) ;
#4514 = CARTESIAN_POINT ( 'NONE',  ( -14.06788286210067263, 15.48641401289931174, 0.5000000000000004441 ) ) ;
#4515 = ORIENTED_EDGE ( 'NONE', *, *, #7569, .T. ) ;
#4516 = CARTESIAN_POINT ( 'NONE',  ( 29.58211713789928154, 20.23277201088163224, 1.500000000000000444 ) ) ;
#4517 = ORIENTED_EDGE ( 'NONE', *, *, #6888, .T. ) ;
#4518 = ORIENTED_EDGE ( 'NONE', *, *, #1255, .F. ) ;
#4519 = VECTOR ( 'NONE', #1006, 1000.000000000000000 ) ;
#4520 = DIRECTION ( 'NONE',  ( -0.000000000000000000, -0.000000000000000000, 1.000000000000000000 ) ) ;
#4521 = VERTEX_POINT ( 'NONE', #4671 ) ;
#4522 = DIRECTION ( 'NONE',  ( 1.000000000000000000, -0.000000000000000000, -0.000000000000000000 ) ) ;
#4523 = FACE_OUTER_BOUND ( 'NONE', #3329, .T. ) ;
#4524 = EDGE_CURVE ( 'NONE', #4996, #8589, #8611, .T. ) ;
#4525 = FACE_OUTER_BOUND ( 'NONE', #7235, .T. ) ;
#4526 = ADVANCED_FACE ( 'NONE', ( #4352 ), #374, .F. ) ;
#4527 = PLANE ( 'NONE',  #5577 ) ;
#4528 = ORIENTED_EDGE ( 'NONE', *, *, #3658, .F. ) ;
#4529 = DIRECTION ( 'NONE',  ( 0.000000000000000000, 0.000000000000000000, 1.000000000000000000 ) ) ;
#4530 = ORIENTED_EDGE ( 'NONE', *, *, #1701, .F. ) ;
#4531 = CARTESIAN_POINT ( 'NONE',  ( -36.41788286210069714, 15.48641401289931174, 0.5000000000000004441 ) ) ;
#4532 = CARTESIAN_POINT ( 'NONE',  ( 39.25000000000000000, 23.15429687500000000, 4.000000000000000000 ) ) ;
#4533 = DIRECTION ( 'NONE',  ( 0.000000000000000000, 1.000000000000000000, 0.000000000000000000 ) ) ;
#4534 = EDGE_CURVE ( 'NONE', #4662, #249, #6603, .T. ) ;
#4535 = EDGE_CURVE ( 'NONE', #3308, #6934, #3653, .T. ) ;
#4536 = EDGE_LOOP ( 'NONE', ( #4505, #6769, #2802, #6299 ) ) ;
#4537 = CARTESIAN_POINT ( 'NONE',  ( -9.417882862100658059, 15.48641401289931174, 0.5000000000000004441 ) ) ;
#4538 = ORIENTED_EDGE ( 'NONE', *, *, #5638, .F. ) ;
#4539 = CARTESIAN_POINT ( 'NONE',  ( -78.32152486411841608, 23.17217973710070567, 1.500000000000000444 ) ) ;
#4540 = CARTESIAN_POINT ( 'NONE',  ( 13.67847513588157859, 23.17217973710070567, 6.000000000000000000 ) ) ;
#4541 = VERTEX_POINT ( 'NONE', #7311 ) ;
#4542 = AXIS2_PLACEMENT_3D ( 'NONE', #9108, #6796, #7550 ) ;
#4543 = CARTESIAN_POINT ( 'NONE',  ( -31.76788286210068080, 0.000000000000000000, 0.000000000000000000 ) ) ;
#4544 = CARTESIAN_POINT ( 'NONE',  ( 6.582117137899287762, 20.23277201088163224, 3.745075751779462170 ) ) ;
#4545 = EDGE_CURVE ( 'NONE', #2154, #7468, #6364, .T. ) ;
#4546 = ADVANCED_FACE ( 'NONE', ( #1606 ), #607, .F. ) ;
#4547 = DIRECTION ( 'NONE',  ( 1.000000000000000000, -1.734723475976806709E-18, -0.000000000000000000 ) ) ;
#4548 = DIRECTION ( 'NONE',  ( 0.000000000000000000, 0.000000000000000000, -1.000000000000000000 ) ) ;
#4549 = ORIENTED_EDGE ( 'NONE', *, *, #6319, .F. ) ;
#4550 = DIRECTION ( 'NONE',  ( 0.000000000000000000, -1.000000000000000000, 0.000000000000000000 ) ) ;
#4551 = EDGE_LOOP ( 'NONE', ( #7639, #8794, #1515, #835, #7402, #9102, #8577, #5766 ) ) ;
#4552 = LINE ( 'NONE', #5968, #8661 ) ;
#4553 = PLANE ( 'NONE',  #8859 ) ;
#4554 = CARTESIAN_POINT ( 'NONE',  ( 6.582117137899287762, 16.16277201088163551, 3.250000000000000444 ) ) ;
#4555 = VERTEX_POINT ( 'NONE', #3410 ) ;
#4556 = CARTESIAN_POINT ( 'NONE',  ( 13.58211713789932240, 13.48641401289931174, 0.5000000000000004441 ) ) ;
#4557 = CARTESIAN_POINT ( 'NONE',  ( -82.41788286210069714, 15.48641401289931174, 0.5000000000000004441 ) ) ;
#4558 = VECTOR ( 'NONE', #4952, 1000.000000000000000 ) ;
#4559 = CARTESIAN_POINT ( 'NONE',  ( -29.38211713789932844, 16.07582173911838197, 1.500000000000000444 ) ) ;
#4560 = VERTEX_POINT ( 'NONE', #5515 ) ;
#4561 = PLANE ( 'NONE',  #7564 ) ;
#4562 = ORIENTED_EDGE ( 'NONE', *, *, #2305, .F. ) ;
#4563 = VERTEX_POINT ( 'NONE', #562 ) ;
#4564 = DIRECTION ( 'NONE',  ( 1.000000000000000000, -1.734723475976806709E-18, -0.000000000000000000 ) ) ;
#4565 = VECTOR ( 'NONE', #5799, 1000.000000000000000 ) ;
#4566 = VECTOR ( 'NONE', #3337, 1000.000000000000000 ) ;
#4567 = CARTESIAN_POINT ( 'NONE',  ( -32.41788286210069003, 22.78641401289931778, 0.5000000000000004441 ) ) ;
#4568 = DIRECTION ( 'NONE',  ( -1.000000000000000000, -0.000000000000000000, -0.000000000000000000 ) ) ;
#4569 = DIRECTION ( 'NONE',  ( -6.938893903907222067E-15, 1.000000000000000000, 0.000000000000000000 ) ) ;
#4570 = LINE ( 'NONE', #1779, #1549 ) ;
#4571 = VECTOR ( 'NONE', #1024, 1000.000000000000000 ) ;
#4572 = VERTEX_POINT ( 'NONE', #9041 ) ;
#4573 = EDGE_CURVE ( 'NONE', #5950, #5172, #463, .T. ) ;
#4574 = DIRECTION ( 'NONE',  ( 1.000000000000000000, 4.336808689941999001E-16, 0.000000000000000000 ) ) ;
#4575 = ORIENTED_EDGE ( 'NONE', *, *, #3827, .F. ) ;
#4576 = CARTESIAN_POINT ( 'NONE',  ( 39.24999999999999289, 20.16277201088163196, 3.250000000000000444 ) ) ;
#4577 = EDGE_CURVE ( 'NONE', #7071, #4096, #4015, .T. ) ;
#4578 = EDGE_CURVE ( 'NONE', #4719, #7473, #1365, .T. ) ;
#4579 = PERSON_AND_ORGANIZATION_ROLE ( 'creator' ) ;
#4580 = VECTOR ( 'NONE', #1267, 1000.000000000000227 ) ;
#4581 = CARTESIAN_POINT ( 'NONE',  ( 114.9999999999999716, 20.78641401289936752, 0.000000000000000000 ) ) ;
#4582 = DIRECTION ( 'NONE',  ( -0.000000000000000000, 0.000000000000000000, 1.000000000000000000 ) ) ;
#4583 = ORIENTED_EDGE ( 'NONE', *, *, #3947, .F. ) ;
#4584 = DIRECTION ( 'NONE',  ( 0.000000000000000000, 1.000000000000000000, 0.000000000000000000 ) ) ;
#4585 = ORIENTED_EDGE ( 'NONE', *, *, #8955, .F. ) ;
#4586 = CARTESIAN_POINT ( 'NONE',  ( -54.76788286210067724, 15.50448725967914143, 0.5000000000000004441 ) ) ;
#4587 = CIRCLE ( 'NONE', #1467, 0.5000000000000000000 ) ;
#4588 = DIRECTION ( 'NONE',  ( 0.7071067811865483499, -0.7071067811865466846, 0.000000000000000000 ) ) ;
#4589 = ORIENTED_EDGE ( 'NONE', *, *, #3067, .T. ) ;
#4590 = ADVANCED_FACE ( 'NONE', ( #4763 ), #3319, .F. ) ;
#4591 = CARTESIAN_POINT ( 'NONE',  ( -9.417882862100670494, 20.78641401289931778, 0.5000000000000004441 ) ) ;
#4592 = CARTESIAN_POINT ( 'NONE',  ( 32.58211713789929576, 20.78641401289931423, 0.5000000000000004441 ) ) ;
#4593 = CARTESIAN_POINT ( 'NONE',  ( 39.25000000000000000, 13.15429687500000355, 4.000000000000000000 ) ) ;
#4594 = DIRECTION ( 'NONE',  ( 0.000000000000000000, -1.000000000000000000, 0.000000000000000000 ) ) ;
#4595 = CARTESIAN_POINT ( 'NONE',  ( 13.67847513588157859, 23.17217973710070567, 1.500000000000000444 ) ) ;
#4596 = ORIENTED_EDGE ( 'NONE', *, *, #646, .F. ) ;
#4597 = CARTESIAN_POINT ( 'NONE',  ( 13.58211713789933484, 15.48641401289931174, 1.500000000000000444 ) ) ;
#4598 = ORIENTED_EDGE ( 'NONE', *, *, #5739, .T. ) ;
#4599 = ORIENTED_EDGE ( 'NONE', *, *, #5100, .F. ) ;
#4600 = VECTOR ( 'NONE', #8853, 1000.000000000000114 ) ;
#4601 = CARTESIAN_POINT ( 'NONE',  ( -15.98788286210070453, 20.66277201088163196, 3.250000000000000444 ) ) ;
#4602 = AXIS2_PLACEMENT_3D ( 'NONE', #7522, #3952, #3257 ) ;
#4603 = LINE ( 'NONE', #6233, #7354 ) ;
#4604 = EDGE_CURVE ( 'NONE', #2550, #2154, #3660, .T. ) ;
#4605 = ADVANCED_FACE ( 'NONE', ( #2009 ), #4812, .T. ) ;
#4606 = CARTESIAN_POINT ( 'NONE',  ( 46.00000000000000000, 0.000000000000000000, 0.5000000000000004441 ) ) ;
#4607 = ORIENTED_EDGE ( 'NONE', *, *, #6588, .T. ) ;
#4608 = VECTOR ( 'NONE', #5077, 1000.000000000000000 ) ;
#4609 = CARTESIAN_POINT ( 'NONE',  ( -91.34999999999998010, 25.65429687500000355, 0.3999999999999837019 ) ) ;
#4610 = CARTESIAN_POINT ( 'NONE',  ( -13.41788286210068826, 13.48641401289930997, 1.500000000000000444 ) ) ;
#4611 = DIRECTION ( 'NONE',  ( 0.000000000000000000, 1.000000000000000000, 0.000000000000000000 ) ) ;
#4612 = VERTEX_POINT ( 'NONE', #7673 ) ;
#4613 = LINE ( 'NONE', #8793, #2182 ) ;
#4614 = ORIENTED_EDGE ( 'NONE', *, *, #7761, .F. ) ;
#4615 =( BOUNDED_CURVE ( )  B_SPLINE_CURVE ( 3, ( #1249, #8403, #6938, #1940 ),
 .UNSPECIFIED., .F., .F. ) 
 B_SPLINE_CURVE_WITH_KNOTS ( ( 4, 4 ),
 ( 2.637816084331790822, 3.141592653589793116 ),
 .UNSPECIFIED. ) 
 CURVE ( )  GEOMETRIC_REPRESENTATION_ITEM ( )  RATIONAL_B_SPLINE_CURVE ( ( 1.000000000000000000, 0.9789623503394502269, 0.9789623503394502269, 1.000000000000000000 ) ) 
 REPRESENTATION_ITEM ( '' )  );
#4616 = CARTESIAN_POINT ( 'NONE',  ( 31.93211713789931139, 20.80448725967914925, 0.5000000000000004441 ) ) ;
#4617 = VECTOR ( 'NONE', #5074, 1000.000000000000000 ) ;
#4618 = EDGE_CURVE ( 'NONE', #117, #8755, #6309, .T. ) ;
#4619 = FACE_BOUND ( 'NONE', #6200, .T. ) ;
#4620 = DIRECTION ( 'NONE',  ( 1.000000000000000000, -1.734723475976806709E-18, -0.000000000000000000 ) ) ;
#4621 = CARTESIAN_POINT ( 'NONE',  ( 45.85000000000000142, 10.65429687500000355, 0.3999999999999837019 ) ) ;
#4622 = LOCAL_TIME ( 20, 11, 32.00000000000000000, #6877 ) ;
#4623 = DIRECTION ( 'NONE',  ( 0.000000000000000000, 0.000000000000000000, -1.000000000000000000 ) ) ;
#4624 = DIRECTION ( 'NONE',  ( 0.000000000000000000, -0.000000000000000000, 1.000000000000000000 ) ) ;
#4625 = EDGE_LOOP ( 'NONE', ( #3750, #4770, #6671, #785 ) ) ;
#4626 = LINE ( 'NONE', #4018, #5499 ) ;
#4627 = ORIENTED_EDGE ( 'NONE', *, *, #3002, .F. ) ;
#4628 = ORIENTED_EDGE ( 'NONE', *, *, #2401, .F. ) ;
#4629 = CYLINDRICAL_SURFACE ( 'NONE', #7721, 0.5000000000000004441 ) ;
#4630 = EDGE_CURVE ( 'NONE', #6243, #5209, #7717, .T. ) ;
#4631 = CARTESIAN_POINT ( 'NONE',  ( -91.75000000000001421, 17.66277201088163196, 3.250000000000000444 ) ) ;
#4632 = EDGE_CURVE ( 'NONE', #9050, #2894, #2712, .T. ) ;
#4633 = ORIENTED_EDGE ( 'NONE', *, *, #4078, .T. ) ;
#4634 = AXIS2_PLACEMENT_3D ( 'NONE', #7611, #7703, #6296 ) ;
#4635 = FACE_OUTER_BOUND ( 'NONE', #945, .T. ) ;
#4636 = ORIENTED_EDGE ( 'NONE', *, *, #5584, .F. ) ;
#4637 = CYLINDRICAL_SURFACE ( 'NONE', #1031, 0.5000000000000004441 ) ;
#4638 = DIRECTION ( 'NONE',  ( -0.7071067811865479058, -0.7071067811865471286, 0.000000000000000000 ) ) ;
#4639 = AXIS2_PLACEMENT_3D ( 'NONE', #2222, #1527, #8640 ) ;
#4640 = CARTESIAN_POINT ( 'NONE',  ( -82.41788286210069714, 22.78641401289931778, 1.500000000000000444 ) ) ;
#4641 = DIRECTION ( 'NONE',  ( -1.000000000000000000, 0.000000000000000000, -0.000000000000000000 ) ) ;
#4642 = EDGE_CURVE ( 'NONE', #7971, #419, #7578, .T. ) ;
#4643 = DIRECTION ( 'NONE',  ( -6.546126324440781637E-16, 1.000000000000000000, 0.000000000000000000 ) ) ;
#4644 = EDGE_CURVE ( 'NONE', #8172, #7286, #5423, .T. ) ;
#4645 = CARTESIAN_POINT ( 'NONE',  ( 39.25000000000000000, 13.15429687500000355, 4.000000000000000000 ) ) ;
#4646 = ORIENTED_EDGE ( 'NONE', *, *, #8663, .F. ) ;
#4647 = DIRECTION ( 'NONE',  ( 1.000000000000000000, -0.000000000000000000, 0.000000000000000000 ) ) ;
#4648 = ORIENTED_EDGE ( 'NONE', *, *, #6695, .F. ) ;
#4649 = EDGE_LOOP ( 'NONE', ( #7539, #6617, #5699, #7891 ) ) ;
#4650 = VECTOR ( 'NONE', #3643, 1000.000000000000000 ) ;
#4651 = DIRECTION ( 'NONE',  ( 0.000000000000000000, -1.000000000000000000, 0.000000000000000000 ) ) ;
#4652 = LINE ( 'NONE', #5545, #6459 ) ;
#4653 = VERTEX_POINT ( 'NONE', #3500 ) ;
#4654 = CARTESIAN_POINT ( 'NONE',  ( -39.41788286210071135, 20.23277201088163224, 2.754924248220537830 ) ) ;
#4655 = AXIS2_PLACEMENT_3D ( 'NONE', #5022, #4231, #7887 ) ;
#4656 = PLANE ( 'NONE',  #4602 ) ;
#4657 = EDGE_CURVE ( 'NONE', #2152, #3865, #7766, .T. ) ;
#4658 = LINE ( 'NONE', #6720, #4041 ) ;
#4659 = EDGE_LOOP ( 'NONE', ( #3369, #3819, #8018, #5349, #3442, #844, #3077, #7170 ) ) ;
#4660 = EDGE_CURVE ( 'NONE', #8685, #3967, #4152, .T. ) ;
#4661 = CARTESIAN_POINT ( 'NONE',  ( -78.32152486411841608, 23.17217973710070567, 6.000000000000000000 ) ) ;
#4662 = VERTEX_POINT ( 'NONE', #1271 ) ;
#4663 = LINE ( 'NONE', #3263, #5548 ) ;
#4664 = VECTOR ( 'NONE', #4403, 1000.000000000000000 ) ;
#4665 = PLANE ( 'NONE',  #1403 ) ;
#4666 = LINE ( 'NONE', #4055, #2049 ) ;
#4667 = CARTESIAN_POINT ( 'NONE',  ( -14.06788286210067263, 20.78641401289931423, -2.999999999999999112 ) ) ;
#4668 = AXIS2_PLACEMENT_3D ( 'NONE', #8622, #6677, #281 ) ;
#4669 = CARTESIAN_POINT ( 'NONE',  ( -85.41788286210071135, 16.07582173911837486, 1.500000000000000444 ) ) ;
#4670 = ADVANCED_FACE ( 'NONE', ( #7012 ), #657, .F. ) ;
#4671 = CARTESIAN_POINT ( 'NONE',  ( 46.25000000000000000, 13.90429687500000355, 5.600000000000003197 ) ) ;
#4672 =( BOUNDED_CURVE ( )  B_SPLINE_CURVE ( 3, ( #2682, #1017, #969, #264 ),
 .UNSPECIFIED., .F., .F. ) 
 B_SPLINE_CURVE_WITH_KNOTS ( ( 4, 4 ),
 ( 1.745585516796721137, 3.141592653589793116 ),
 .UNSPECIFIED. ) 
 CURVE ( )  GEOMETRIC_REPRESENTATION_ITEM ( )  RATIONAL_B_SPLINE_CURVE ( ( 1.000000000000000000, 0.8440845325001437027, 0.8440845325001437027, 1.000000000000000000 ) ) 
 REPRESENTATION_ITEM ( '' )  );
#4673 = ORIENTED_EDGE ( 'NONE', *, *, #825, .F. ) ;
#4674 = CARTESIAN_POINT ( 'NONE',  ( 38.98211713789931565, 15.50448725967914143, 0.5000000000000004441 ) ) ;
#4675 = ORIENTED_EDGE ( 'NONE', *, *, #2899, .T. ) ;
#4676 = VERTEX_POINT ( 'NONE', #4715 ) ;
#4677 = AXIS2_PLACEMENT_3D ( 'NONE', #8095, #7576, #4623 ) ;
#4678 = DATE_AND_TIME ( #4722, #2986 ) ;
#4679 = CARTESIAN_POINT ( 'NONE',  ( -83.06788286210067440, 20.80448725967914925, 0.5000000000000004441 ) ) ;
#4680 = DIRECTION ( 'NONE',  ( 1.000000000000000000, -0.000000000000000000, 0.000000000000000000 ) ) ;
#4681 = EDGE_LOOP ( 'NONE', ( #8591, #1014, #8951, #2655 ) ) ;
#4682 = ORIENTED_EDGE ( 'NONE', *, *, #4089, .T. ) ;
#4683 = CARTESIAN_POINT ( 'NONE',  ( -9.321524864118412523, 23.17217973710070567, 6.000000000000000000 ) ) ;
#4684 = ORIENTED_EDGE ( 'NONE', *, *, #3106, .T. ) ;
#4685 = CARTESIAN_POINT ( 'NONE',  ( -60.06788286210068151, 20.80448725967914925, 0.5000000000000004441 ) ) ;
#4686 = EDGE_CURVE ( 'NONE', #4338, #2956, #1178, .T. ) ;
#4687 = CARTESIAN_POINT ( 'NONE',  ( 23.00000000000000000, 15.48641401289931174, 0.000000000000000000 ) ) ;
#4688 = VECTOR ( 'NONE', #2292, 1000.000000000000000 ) ;
#4689 = LINE ( 'NONE', #529, #7808 ) ;
#4690 = CARTESIAN_POINT ( 'NONE',  ( -14.06788286210067263, 20.80448725967914925, 0.5000000000000004441 ) ) ;
#4691 = FACE_OUTER_BOUND ( 'NONE', #1293, .T. ) ;
#4692 = CARTESIAN_POINT ( 'NONE',  ( 39.25000000000000711, 15.70793887701772640, 1.500000000000000444 ) ) ;
#4693 = ORIENTED_EDGE ( 'NONE', *, *, #2014, .T. ) ;
#4694 = LINE ( 'NONE', #3619, #6701 ) ;
#4695 = ORIENTED_EDGE ( 'NONE', *, *, #471, .T. ) ;
#4696 = CARTESIAN_POINT ( 'NONE',  ( -84.75000000000001421, 13.15429687499998934, 6.000000000000000000 ) ) ;
#4697 = EDGE_CURVE ( 'NONE', #1895, #5198, #1409, .T. ) ;
#4698 = ADVANCED_FACE ( 'NONE', ( #7994 ), #7242, .F. ) ;
#4699 = ORIENTED_EDGE ( 'NONE', *, *, #3417, .F. ) ;
#4700 = LINE ( 'NONE', #7562, #6832 ) ;
#4701 = DIRECTION ( 'NONE',  ( 1.000000000000000000, 1.259073490628327444E-16, -0.000000000000000000 ) ) ;
#4702 = LINE ( 'NONE', #9072, #3144 ) ;
#4703 = ORIENTED_EDGE ( 'NONE', *, *, #3354, .T. ) ;
#4704 = DIRECTION ( 'NONE',  ( -0.7071067811865479058, 0.7071067811865471286, 0.000000000000000000 ) ) ;
#4705 = EDGE_LOOP ( 'NONE', ( #5504, #7650, #5153, #2173, #861, #8283, #3387, #7372, #7189 ) ) ;
#4706 = ORIENTED_EDGE ( 'NONE', *, *, #1690, .F. ) ;
#4707 = LINE ( 'NONE', #7482, #1235 ) ;
#4708 = EDGE_CURVE ( 'NONE', #8357, #7697, #886, .T. ) ;
#4709 = DIRECTION ( 'NONE',  ( -0.000000000000000000, 1.000000000000000000, -0.000000000000000000 ) ) ;
#4710 = AXIS2_PLACEMENT_3D ( 'NONE', #1543, #4336, #7852 ) ;
#4711 = CARTESIAN_POINT ( 'NONE',  ( -15.98788286210070453, 20.66277201088163196, 3.250000000000000444 ) ) ;
#4712 = CARTESIAN_POINT ( 'NONE',  ( 9.521524864118363851, 23.17217973710070567, 1.500000000000000444 ) ) ;
#4713 = DIRECTION ( 'NONE',  ( -0.000000000000000000, -1.000000000000000000, -0.000000000000000000 ) ) ;
#4714 = ORIENTED_EDGE ( 'NONE', *, *, #3699, .F. ) ;
#4715 = CARTESIAN_POINT ( 'NONE',  ( -83.06788286210067440, 20.80448725967914925, 1.500000000000000444 ) ) ;
#4716 = VERTEX_POINT ( 'NONE', #4426 ) ;
#4717 = CARTESIAN_POINT ( 'NONE',  ( -55.32152486411839476, 13.13641401289931210, 1.500000000000000444 ) ) ;
#4718 = ORIENTED_EDGE ( 'NONE', *, *, #2409, .T. ) ;
#4719 = VERTEX_POINT ( 'NONE', #7950 ) ;
#4720 = VECTOR ( 'NONE', #7025, 1000.000000000000000 ) ;
#4721 = EDGE_CURVE ( 'NONE', #5953, #2786, #6958, .T. ) ;
#4722 = CALENDAR_DATE ( 2025, 30, 7 ) ;
#4723 = EDGE_CURVE ( 'NONE', #3693, #5830, #3641, .T. ) ;
#4724 = DIRECTION ( 'NONE',  ( -0.000000000000000000, -0.000000000000000000, 1.000000000000000000 ) ) ;
#4725 = VECTOR ( 'NONE', #7008, 1000.000000000000000 ) ;
#4726 = CARTESIAN_POINT ( 'NONE',  ( -9.417882862100658059, 15.48641401289931174, 0.5000000000000004441 ) ) ;
#4727 = VECTOR ( 'NONE', #4724, 1000.000000000000000 ) ;
#4728 = ORIENTED_EDGE ( 'NONE', *, *, #1400, .F. ) ;
#4729 = ORIENTED_EDGE ( 'NONE', *, *, #6722, .T. ) ;
#4730 = CARTESIAN_POINT ( 'NONE',  ( -16.41788286210070424, 20.23277201088163224, 1.500000000000000444 ) ) ;
#4731 = ORIENTED_EDGE ( 'NONE', *, *, #6019, .T. ) ;
#4732 = AXIS2_PLACEMENT_3D ( 'NONE', #1539, #4989, #3494 ) ;
#4733 = LINE ( 'NONE', #1936, #2135 ) ;
#4734 = DIRECTION ( 'NONE',  ( 0.000000000000000000, -0.000000000000000000, -1.000000000000000000 ) ) ;
#4735 = LINE ( 'NONE', #579, #4208 ) ;
#4736 = DIRECTION ( 'NONE',  ( 0.000000000000000000, 0.000000000000000000, -1.000000000000000000 ) ) ;
#4737 = VECTOR ( 'NONE', #8081, 1000.000000000000000 ) ;
#4738 = DIRECTION ( 'NONE',  ( 0.7071067811865474617, -0.7071067811865474617, 0.000000000000000000 ) ) ;
#4739 = PLANE ( 'NONE',  #8809 ) ;
#4740 = ORIENTED_EDGE ( 'NONE', *, *, #2980, .T. ) ;
#4741 = CARTESIAN_POINT ( 'NONE',  ( -85.41788286210071135, 16.07582173911837486, 4.000000000000000000 ) ) ;
#4742 = DIRECTION ( 'NONE',  ( 0.000000000000000000, 0.000000000000000000, 1.000000000000000000 ) ) ;
#4743 = EDGE_LOOP ( 'NONE', ( #3262, #1612, #2934, #6068 ) ) ;
#4744 = PLANE ( 'NONE',  #1911 ) ;
#4745 = EDGE_CURVE ( 'NONE', #1646, #6813, #3545, .T. ) ;
#4746 = DIRECTION ( 'NONE',  ( 0.000000000000000000, -0.000000000000000000, 1.000000000000000000 ) ) ;
#4747 = VECTOR ( 'NONE', #5141, 1000.000000000000000 ) ;
#4748 = AXIS2_PLACEMENT_3D ( 'NONE', #1351, #8553, #2085 ) ;
#4749 = CARTESIAN_POINT ( 'NONE',  ( 16.61788286210066801, 16.07582173911838197, 3.742381610379894141 ) ) ;
#4750 = ORIENTED_EDGE ( 'NONE', *, *, #7558, .T. ) ;
#4751 = ADVANCED_FACE ( 'NONE', ( #3680 ), #7101, .T. ) ;
#4752 = CARTESIAN_POINT ( 'NONE',  ( -62.41788286210071135, 20.23277201088163224, 1.500000000000000444 ) ) ;
#4753 =( BOUNDED_CURVE ( )  B_SPLINE_CURVE ( 3, ( #3071, #5928, #2464, #4423 ),
 .UNSPECIFIED., .F., .F. ) 
 B_SPLINE_CURVE_WITH_KNOTS ( ( 4, 4 ),
 ( 0.000000000000000000, 1.430334912085046595 ),
 .UNSPECIFIED. ) 
 CURVE ( )  GEOMETRIC_REPRESENTATION_ITEM ( )  RATIONAL_B_SPLINE_CURVE ( ( 1.000000000000000000, 0.8366556290180486855, 0.8366556290180486855, 1.000000000000000000 ) ) 
 REPRESENTATION_ITEM ( '' )  );
#4754 = ORIENTED_EDGE ( 'NONE', *, *, #1925, .F. ) ;
#4755 = EDGE_CURVE ( 'NONE', #5115, #5945, #130, .T. ) ;
#4756 = CARTESIAN_POINT ( 'NONE',  ( 13.58211713789933484, 15.48641401289931174, 0.5000000000000004441 ) ) ;
#4757 = VECTOR ( 'NONE', #3064, 1000.000000000000000 ) ;
#4758 = FACE_OUTER_BOUND ( 'NONE', #8350, .T. ) ;
#4759 = CARTESIAN_POINT ( 'NONE',  ( -32.41788286210067582, 13.48641401289931174, 1.500000000000000444 ) ) ;
#4760 = CARTESIAN_POINT ( 'NONE',  ( -75.38211713789932844, 20.23277201088161803, 4.000000000000000000 ) ) ;
#4761 = DIRECTION ( 'NONE',  ( 1.000000000000000000, -1.734723475976806709E-18, -0.000000000000000000 ) ) ;
#4762 = ORIENTED_EDGE ( 'NONE', *, *, #5584, .T. ) ;
#4763 = FACE_OUTER_BOUND ( 'NONE', #8173, .T. ) ;
#4764 = EDGE_CURVE ( 'NONE', #7770, #2977, #4243, .T. ) ;
#4765 = ORIENTED_EDGE ( 'NONE', *, *, #2240, .F. ) ;
#4766 = CIRCLE ( 'NONE', #4919, 0.2500000000000000000 ) ;
#4767 = EDGE_CURVE ( 'NONE', #1934, #7091, #694, .T. ) ;
#4768 = CARTESIAN_POINT ( 'NONE',  ( -55.41788286210066161, 15.48641401289931174, 0.5000000000000004441 ) ) ;
#4769 = ORIENTED_EDGE ( 'NONE', *, *, #7469, .F. ) ;
#4770 = ORIENTED_EDGE ( 'NONE', *, *, #6891, .F. ) ;
#4771 = FACE_OUTER_BOUND ( 'NONE', #4072, .T. ) ;
#4772 = CARTESIAN_POINT ( 'NONE',  ( -37.06788286210068151, 15.48641401289931174, 1.500000000000000444 ) ) ;
#4773 = ORIENTED_EDGE ( 'NONE', *, *, #1418, .T. ) ;
#4774 = EDGE_CURVE ( 'NONE', #697, #771, #5761, .T. ) ;
#4775 = ORIENTED_EDGE ( 'NONE', *, *, #4721, .F. ) ;
#4776 = EDGE_CURVE ( 'NONE', #7951, #4430, #7147, .T. ) ;
#4777 = CARTESIAN_POINT ( 'NONE',  ( -91.75000000000000000, 10.65429687500000355, 0.3999999999999837019 ) ) ;
#4778 = VERTEX_POINT ( 'NONE', #2803 ) ;
#4779 = DIRECTION ( 'NONE',  ( 1.000000000000000000, 0.000000000000000000, 0.000000000000000000 ) ) ;
#4780 = DIRECTION ( 'NONE',  ( 0.000000000000000000, -1.000000000000000000, 0.000000000000000000 ) ) ;
#4781 = VECTOR ( 'NONE', #3169, 1000.000000000000000 ) ;
#4782 = CARTESIAN_POINT ( 'NONE',  ( -29.38211713789932844, 20.23277201088161803, 2.754924248220536054 ) ) ;
#4783 = CARTESIAN_POINT ( 'NONE',  ( -83.06788286210067440, 15.48641401289931174, 1.500000000000000444 ) ) ;
#4784 = CARTESIAN_POINT ( 'NONE',  ( 69.00000000000000000, 0.000000000000000000, 0.5000000000000004441 ) ) ;
#4785 = ORIENTED_EDGE ( 'NONE', *, *, #5973, .F. ) ;
#4786 = EDGE_CURVE ( 'NONE', #3384, #9248, #8521, .T. ) ;
#4787 = DIRECTION ( 'NONE',  ( 1.000000000000000000, 0.000000000000000000, 0.000000000000000000 ) ) ;
#4788 = ORIENTED_EDGE ( 'NONE', *, *, #3404, .F. ) ;
#4789 = DIRECTION ( 'NONE',  ( -0.000000000000000000, -0.000000000000000000, 1.000000000000000000 ) ) ;
#4790 = ORIENTED_EDGE ( 'NONE', *, *, #8956, .F. ) ;
#4791 = AXIS2_PLACEMENT_3D ( 'NONE', #4595, #5208, #6567 ) ;
#4792 = CARTESIAN_POINT ( 'NONE',  ( 39.25000000000000000, 22.40429687500000355, 1.000000000000000000 ) ) ;
#4793 = EDGE_LOOP ( 'NONE', ( #5365, #260, #6586, #6929 ) ) ;
#4794 = DIRECTION ( 'NONE',  ( -0.7071067811865466846, -0.7071067811865483499, 0.000000000000000000 ) ) ;
#4795 = VECTOR ( 'NONE', #7058, 1000.000000000000000 ) ;
#4796 = CARTESIAN_POINT ( 'NONE',  ( -55.41788286210069003, 22.78641401289931778, 0.5000000000000004441 ) ) ;
#4797 = VERTEX_POINT ( 'NONE', #1450 ) ;
#4798 = LINE ( 'NONE', #1262, #3378 ) ;
#4799 = VERTEX_POINT ( 'NONE', #748 ) ;
#4800 = VERTEX_POINT ( 'NONE', #3592 ) ;
#4801 = DIRECTION ( 'NONE',  ( 1.000000000000000000, 6.938893903907222067E-15, 0.000000000000000000 ) ) ;
#4802 = EDGE_CURVE ( 'NONE', #8690, #5819, #6445, .T. ) ;
#4803 = AXIS2_PLACEMENT_3D ( 'NONE', #4986, #1441, #2320 ) ;
#4804 = ORIENTED_EDGE ( 'NONE', *, *, #1727, .F. ) ;
#4805 = ADVANCED_FACE ( 'NONE', ( #7813 ), #2893, .F. ) ;
#4806 = VECTOR ( 'NONE', #2336, 1000.000000000000000 ) ;
#4807 = DIRECTION ( 'NONE',  ( 0.000000000000000000, 0.000000000000000000, 1.000000000000000000 ) ) ;
#4808 =( BOUNDED_CURVE ( )  B_SPLINE_CURVE ( 3, ( #5647, #1354, #5599, #8461 ),
 .UNSPECIFIED., .F., .F. ) 
 B_SPLINE_CURVE_WITH_KNOTS ( ( 4, 4 ),
 ( 0.000000000000000000, 1.396007136793057990 ),
 .UNSPECIFIED. ) 
 CURVE ( )  GEOMETRIC_REPRESENTATION_ITEM ( )  RATIONAL_B_SPLINE_CURVE ( ( 1.000000000000000000, 0.8440845325001467003, 0.8440845325001467003, 1.000000000000000000 ) ) 
 REPRESENTATION_ITEM ( '' )  );
#4809 = LINE ( 'NONE', #2753, #1894 ) ;
#4810 = CARTESIAN_POINT ( 'NONE',  ( -60.06788286210068151, 15.48641401289931174, 1.500000000000000444 ) ) ;
#4811 = ORIENTED_EDGE ( 'NONE', *, *, #387, .T. ) ;
#4812 = PLANE ( 'NONE',  #2026 ) ;
#4813 = EDGE_LOOP ( 'NONE', ( #2038, #4703, #898, #167, #8911, #3525, #7279, #4718, #3350, #1698 ) ) ;
#4814 = VECTOR ( 'NONE', #5403, 1000.000000000000000 ) ;
#4815 = CARTESIAN_POINT ( 'NONE',  ( -89.50000000000001421, 0.000000000000000000, 0.5999999999999999778 ) ) ;
#4816 = VECTOR ( 'NONE', #2993, 1000.000000000000000 ) ;
#4817 = LINE ( 'NONE', #566, #2567 ) ;
#4818 = ADVANCED_FACE ( 'NONE', ( #2187 ), #7902, .T. ) ;
#4819 = EDGE_CURVE ( 'NONE', #5352, #8986, #364, .T. ) ;
#4820 = AXIS2_PLACEMENT_3D ( 'NONE', #5356, #400, #8224 ) ;
#4821 = DIRECTION ( 'NONE',  ( 0.000000000000000000, -1.000000000000000000, 0.000000000000000000 ) ) ;
#4822 = LINE ( 'NONE', #4772, #7285 ) ;
#4823 = ORIENTED_EDGE ( 'NONE', *, *, #7098, .F. ) ;
#4824 = ORIENTED_EDGE ( 'NONE', *, *, #6611, .T. ) ;
#4825 = DIRECTION ( 'NONE',  ( 1.000000000000000000, -1.734723475976806709E-18, -0.000000000000000000 ) ) ;
#4826 = VERTEX_POINT ( 'NONE', #5314 ) ;
#4827 = VECTOR ( 'NONE', #4079, 1000.000000000000000 ) ;
#4828 = CARTESIAN_POINT ( 'NONE',  ( -62.41788286210071135, 19.66277201088163196, 3.250000000000000444 ) ) ;
#4829 = ORIENTED_EDGE ( 'NONE', *, *, #2474, .T. ) ;
#4830 = CARTESIAN_POINT ( 'NONE',  ( 9.521524864118349640, 13.13641401289931210, 1.500000000000000444 ) ) ;
#4831 = EDGE_CURVE ( 'NONE', #8741, #5977, #6069, .T. ) ;
#4832 = LINE ( 'NONE', #5535, #7110 ) ;
#4833 = CARTESIAN_POINT ( 'NONE',  ( 0.000000000000000000, 0.000000000000000000, 0.5000000000000004441 ) ) ;
#4834 = DIRECTION ( 'NONE',  ( 1.000000000000000000, 0.000000000000000000, -0.000000000000000000 ) ) ;
#4835 = LINE ( 'NONE', #6987, #7343 ) ;
#4836 = ORIENTED_EDGE ( 'NONE', *, *, #8455, .F. ) ;
#4837 = CARTESIAN_POINT ( 'NONE',  ( -37.06788286210068151, 20.78641401289931068, 1.500000000000000444 ) ) ;
#4838 = ORIENTED_EDGE ( 'NONE', *, *, #1955, .F. ) ;
#4839 = DIRECTION ( 'NONE',  ( -0.000000000000000000, 1.000000000000000000, 0.000000000000000000 ) ) ;
#4840 = ORIENTED_EDGE ( 'NONE', *, *, #4786, .F. ) ;
#4841 = DIRECTION ( 'NONE',  ( -0.000000000000000000, -0.000000000000000000, 1.000000000000000000 ) ) ;
#4842 = EDGE_CURVE ( 'NONE', #4050, #7231, #6514, .T. ) ;
#4843 = ORIENTED_EDGE ( 'NONE', *, *, #5035, .T. ) ;
#4844 = EDGE_CURVE ( 'NONE', #3480, #7244, #8937, .T. ) ;
#4845 = PLANE ( 'NONE',  #930 ) ;
#4846 = CARTESIAN_POINT ( 'NONE',  ( 32.58211713789929576, 22.78641401289931778, 0.5000000000000004441 ) ) ;
#4847 = VERTEX_POINT ( 'NONE', #2515 ) ;
#4848 = CARTESIAN_POINT ( 'NONE',  ( -9.417882862100658059, 15.48641401289931174, 1.500000000000000444 ) ) ;
#4849 = ORIENTED_EDGE ( 'NONE', *, *, #4176, .F. ) ;
#4850 = VERTEX_POINT ( 'NONE', #7478 ) ;
#4851 = PLANE ( 'NONE',  #4061 ) ;
#4852 = ORIENTED_EDGE ( 'NONE', *, *, #4774, .T. ) ;
#4853 = DIRECTION ( 'NONE',  ( -1.000000000000000000, -0.000000000000000000, -0.000000000000000000 ) ) ;
#4854 = DIRECTION ( 'NONE',  ( -0.000000000000000000, -0.000000000000000000, -1.000000000000000000 ) ) ;
#4855 = EDGE_CURVE ( 'NONE', #6243, #4064, #6626, .T. ) ;
#4856 = CARTESIAN_POINT ( 'NONE',  ( -60.06788286210068151, 20.78641401289931423, 0.000000000000000000 ) ) ;
#4857 = ORIENTED_EDGE ( 'NONE', *, *, #3164, .F. ) ;
#4858 = DIRECTION ( 'NONE',  ( -1.000000000000000000, -0.000000000000000000, -0.000000000000000000 ) ) ;
#4859 = VERTEX_POINT ( 'NONE', #1121 ) ;
#4860 = DIRECTION ( 'NONE',  ( -1.000000000000000000, 0.000000000000000000, 0.000000000000000000 ) ) ;
#4861 = LINE ( 'NONE', #609, #5997 ) ;
#4862 = VECTOR ( 'NONE', #2161, 1000.000000000000000 ) ;
#4863 = CARTESIAN_POINT ( 'NONE',  ( -37.06788286210068151, 15.48641401289931174, 1.500000000000000444 ) ) ;
#4864 = LINE ( 'NONE', #1372, #1597 ) ;
#4865 = EDGE_CURVE ( 'NONE', #6736, #4026, #8746, .T. ) ;
#4866 = VERTEX_POINT ( 'NONE', #1723 ) ;
#4867 = VECTOR ( 'NONE', #3351, 1000.000000000000227 ) ;
#4868 = EDGE_CURVE ( 'NONE', #1015, #7468, #3032, .T. ) ;
#4869 = CARTESIAN_POINT ( 'NONE',  ( -59.47847513588163793, 23.17217973710070567, 1.500000000000000444 ) ) ;
#4870 = ORIENTED_EDGE ( 'NONE', *, *, #7856, .T. ) ;
#4871 = EDGE_CURVE ( 'NONE', #5107, #1012, #8889, .T. ) ;
#4872 = DIRECTION ( 'NONE',  ( 0.000000000000000000, 0.000000000000000000, 1.000000000000000000 ) ) ;
#4873 = ORIENTED_EDGE ( 'NONE', *, *, #113, .T. ) ;
#4874 = CARTESIAN_POINT ( 'NONE',  ( 13.67847513588160702, 13.13641401289931210, 4.000000000000000000 ) ) ;
#4875 = VECTOR ( 'NONE', #1128, 1000.000000000000114 ) ;
#4876 = AXIS2_PLACEMENT_3D ( 'NONE', #4488, #3091, #2441 ) ;
#4877 = LINE ( 'NONE', #435, #6362 ) ;
#4878 = CARTESIAN_POINT ( 'NONE',  ( 9.582117137899304637, 15.48641401289931174, 1.500000000000000444 ) ) ;
#4879 = LINE ( 'NONE', #628, #5305 ) ;
#4880 = CARTESIAN_POINT ( 'NONE',  ( -84.75000000000001421, 22.40429687500000355, 6.000000000000000000 ) ) ;
#4881 = VERTEX_POINT ( 'NONE', #4472 ) ;
#4882 = CARTESIAN_POINT ( 'NONE',  ( 32.58211713789929576, 15.48641401289931174, 0.5000000000000004441 ) ) ;
#4883 = VECTOR ( 'NONE', #316, 1000.000000000000000 ) ;
#4884 = EDGE_LOOP ( 'NONE', ( #3950, #7129, #1345, #5543 ) ) ;
#4885 = ADVANCED_FACE ( 'NONE', ( #5886 ), #4561, .T. ) ;
#4886 = CIRCLE ( 'NONE', #6082, 0.5000000000000000000 ) ;
#4887 = PLANE ( 'NONE',  #3419 ) ;
#4888 = CARTESIAN_POINT ( 'NONE',  ( -37.06788286210068151, 20.78641401289931423, -2.999999999999999112 ) ) ;
#4889 = ORIENTED_EDGE ( 'NONE', *, *, #5005, .T. ) ;
#4890 = VECTOR ( 'NONE', #4533, 1000.000000000000000 ) ;
#4891 = CARTESIAN_POINT ( 'NONE',  ( -31.76788286210068080, 15.50448725967914143, 1.500000000000000444 ) ) ;
#4892 = DIRECTION ( 'NONE',  ( 1.000000000000000000, -0.000000000000000000, 0.000000000000000000 ) ) ;
#4893 = LINE ( 'NONE', #7753, #611 ) ;
#4894 = ORIENTED_EDGE ( 'NONE', *, *, #8676, .T. ) ;
#4895 = VERTEX_POINT ( 'NONE', #2466 ) ;
#4896 = EDGE_CURVE ( 'NONE', #1636, #1123, #1772, .T. ) ;
#4897 = EDGE_CURVE ( 'NONE', #680, #6273, #226, .T. ) ;
#4898 = DIRECTION ( 'NONE',  ( 0.000000000000000000, -0.000000000000000000, 1.000000000000000000 ) ) ;
#4899 = VECTOR ( 'NONE', #4924, 1000.000000000000000 ) ;
#4900 = ORIENTED_EDGE ( 'NONE', *, *, #7865, .T. ) ;
#4901 = CARTESIAN_POINT ( 'NONE',  ( 31.93211713789931139, 15.48641401289931174, 0.5000000000000004441 ) ) ;
#4902 = CARTESIAN_POINT ( 'NONE',  ( -54.76788286210067724, 15.50448725967914143, 0.5000000000000004441 ) ) ;
#4903 = LINE ( 'NONE', #3360, #6137 ) ;
#4904 = ORIENTED_EDGE ( 'NONE', *, *, #926, .F. ) ;
#4905 = CARTESIAN_POINT ( 'NONE',  ( -16.00483313386397199, 15.66277201088163373, 2.996198623261645100 ) ) ;
#4906 = VERTEX_POINT ( 'NONE', #3075 ) ;
#4907 = EDGE_CURVE ( 'NONE', #7089, #7049, #4613, .T. ) ;
#4908 = LINE ( 'NONE', #2146, #6450 ) ;
#4909 = ORIENTED_EDGE ( 'NONE', *, *, #2401, .T. ) ;
#4910 = DIRECTION ( 'NONE',  ( 1.000000000000000000, -1.734723475976806709E-18, -0.000000000000000000 ) ) ;
#4911 = CARTESIAN_POINT ( 'NONE',  ( -77.76788286210067724, 15.48641401289931174, 0.000000000000000000 ) ) ;
#4912 = VECTOR ( 'NONE', #3322, 1000.000000000000000 ) ;
#4913 = ORIENTED_EDGE ( 'NONE', *, *, #6010, .F. ) ;
#4914 = LINE ( 'NONE', #617, #1184 ) ;
#4915 = VERTEX_POINT ( 'NONE', #2373 ) ;
#4916 = DIRECTION ( 'NONE',  ( 1.000000000000000000, -1.734723475976806709E-18, -0.000000000000000000 ) ) ;
#4917 = EDGE_LOOP ( 'NONE', ( #157, #8682, #4930, #6379 ) ) ;
#4918 =( BOUNDED_CURVE ( )  B_SPLINE_CURVE ( 3, ( #5233, #1688, #6777, #8145 ),
 .UNSPECIFIED., .F., .F. ) 
 B_SPLINE_CURVE_WITH_KNOTS ( ( 4, 4 ),
 ( 0.000000000000000000, 1.430334912085025723 ),
 .UNSPECIFIED. ) 
 CURVE ( )  GEOMETRIC_REPRESENTATION_ITEM ( )  RATIONAL_B_SPLINE_CURVE ( ( 1.000000000000000000, 0.8366556290180532374, 0.8366556290180532374, 1.000000000000000000 ) ) 
 REPRESENTATION_ITEM ( '' )  );
#4919 = AXIS2_PLACEMENT_3D ( 'NONE', #5256, #965, #3109 ) ;
#4920 = EDGE_CURVE ( 'NONE', #7770, #832, #2420, .T. ) ;
#4921 = DIRECTION ( 'NONE',  ( 0.000000000000000000, 0.000000000000000000, 1.000000000000000000 ) ) ;
#4922 = CARTESIAN_POINT ( 'NONE',  ( -59.41788286210069714, 13.48641401289930997, 1.500000000000000444 ) ) ;
#4923 = EDGE_CURVE ( 'NONE', #8439, #6828, #3773, .T. ) ;
#4924 = DIRECTION ( 'NONE',  ( 0.000000000000000000, -1.000000000000000000, 0.000000000000000000 ) ) ;
#4925 = CARTESIAN_POINT ( 'NONE',  ( -38.81788286210068151, 15.48641401289931174, 0.5000000000000004441 ) ) ;
#4926 = CARTESIAN_POINT ( 'NONE',  ( -60.06788286210068151, 20.80448725967914925, 1.500000000000000444 ) ) ;
#4927 = DIRECTION ( 'NONE',  ( 1.000000000000000000, 0.000000000000000000, 0.000000000000000000 ) ) ;
#4928 = ORIENTED_EDGE ( 'NONE', *, *, #1699, .F. ) ;
#4929 = DIRECTION ( 'NONE',  ( -0.000000000000000000, -0.000000000000000000, 1.000000000000000000 ) ) ;
#4930 = ORIENTED_EDGE ( 'NONE', *, *, #4776, .T. ) ;
#4931 = CARTESIAN_POINT ( 'NONE',  ( 32.58211713789929576, 13.48641401289930997, 0.5000000000000004441 ) ) ;
#4932 = LINE ( 'NONE', #1300, #6009 ) ;
#4933 = ORIENTED_EDGE ( 'NONE', *, *, #4723, .T. ) ;
#4934 = EDGE_CURVE ( 'NONE', #935, #8380, #8839, .T. ) ;
#4935 = EDGE_CURVE ( 'NONE', #5690, #337, #5270, .T. ) ;
#4936 = CARTESIAN_POINT ( 'NONE',  ( 0.000000000000000000, 0.000000000000000000, 4.000000000000000000 ) ) ;
#4937 = DIRECTION ( 'NONE',  ( -6.938893903907222067E-15, 1.000000000000000000, 0.000000000000000000 ) ) ;
#4938 = FACE_OUTER_BOUND ( 'NONE', #5236, .T. ) ;
#4939 = ORIENTED_EDGE ( 'NONE', *, *, #4657, .F. ) ;
#4940 = ORIENTED_EDGE ( 'NONE', *, *, #261, .F. ) ;
#4941 = ORIENTED_EDGE ( 'NONE', *, *, #6933, .T. ) ;
#4942 = CIRCLE ( 'NONE', #8237, 0.5000000000000000000 ) ;
#4943 = PLANE ( 'NONE',  #1388 ) ;
#4944 = ORIENTED_EDGE ( 'NONE', *, *, #8816, .T. ) ;
#4945 = ADVANCED_FACE ( 'NONE', ( #3818 ), #6672, .F. ) ;
#4946 = VECTOR ( 'NONE', #1573, 1000.000000000000114 ) ;
#4947 = CARTESIAN_POINT ( 'NONE',  ( 15.98211713789932098, 20.78641401289931778, 0.5000000000000004441 ) ) ;
#4948 = EDGE_CURVE ( 'NONE', #498, #8270, #3261, .T. ) ;
#4949 = CARTESIAN_POINT ( 'NONE',  ( -91.75000000000001421, 16.16277201088163551, 3.250000000000000444 ) ) ;
#4950 = DIRECTION ( 'NONE',  ( 1.000000000000000000, 0.000000000000000000, -0.000000000000000000 ) ) ;
#4951 = VERTEX_POINT ( 'NONE', #6253 ) ;
#4952 = DIRECTION ( 'NONE',  ( 0.000000000000000000, -0.000000000000000000, 1.000000000000000000 ) ) ;
#4953 = VERTEX_POINT ( 'NONE', #6860 ) ;
#4954 = CARTESIAN_POINT ( 'NONE',  ( 45.84999999999998721, 10.65429687500000355, 5.000000000000000000 ) ) ;
#4955 = VECTOR ( 'NONE', #1831, 1000.000000000000000 ) ;
#4956 = EDGE_CURVE ( 'NONE', #6735, #1211, #7705, .T. ) ;
#4957 = DIRECTION ( 'NONE',  ( 0.000000000000000000, 0.000000000000000000, -1.000000000000000000 ) ) ;
#4958 = EDGE_CURVE ( 'NONE', #1213, #1618, #4095, .T. ) ;
#4959 = LINE ( 'NONE', #7956, #2191 ) ;
#4960 = VECTOR ( 'NONE', #1401, 1000.000000000000000 ) ;
#4961 = VECTOR ( 'NONE', #6704, 1000.000000000000000 ) ;
#4962 = ORIENTED_EDGE ( 'NONE', *, *, #878, .F. ) ;
#4963 = CARTESIAN_POINT ( 'NONE',  ( -60.06788286210068151, 0.000000000000000000, 0.000000000000000000 ) ) ;
#4964 = ORIENTED_EDGE ( 'NONE', *, *, #2940, .T. ) ;
#4965 = CARTESIAN_POINT ( 'NONE',  ( -54.76788286210067724, 0.000000000000000000, 0.000000000000000000 ) ) ;
#4966 = ORIENTED_EDGE ( 'NONE', *, *, #4721, .T. ) ;
#4967 = VECTOR ( 'NONE', #6020, 1000.000000000000114 ) ;
#4968 = CARTESIAN_POINT ( 'NONE',  ( -55.30364200201771041, 13.15429687499999112, 1.500000000000000444 ) ) ;
#4969 = DIRECTION ( 'NONE',  ( 1.000000000000000000, 4.336808689941999001E-16, 0.000000000000000000 ) ) ;
#4970 = CARTESIAN_POINT ( 'NONE',  ( 6.995166866136020900, 15.66277201088163373, 3.250000000000000444 ) ) ;
#4971 = CARTESIAN_POINT ( 'NONE',  ( -82.41788286210069714, 20.78641401289931778, 1.500000000000000444 ) ) ;
#4972 = AXIS2_PLACEMENT_3D ( 'NONE', #483, #2068, #4921 ) ;
#4973 = CARTESIAN_POINT ( 'NONE',  ( 29.58211713789928154, 18.16277201088163196, 3.250000000000000444 ) ) ;
#4974 = VERTEX_POINT ( 'NONE', #9031 ) ;
#4975 = DIRECTION ( 'NONE',  ( 1.000000000000000000, 0.000000000000000000, 0.000000000000000000 ) ) ;
#4976 = CARTESIAN_POINT ( 'NONE',  ( -31.76788286210068080, 15.50448725967914143, 0.5000000000000004441 ) ) ;
#4977 = DIRECTION ( 'NONE',  ( 0.000000000000000000, -0.000000000000000000, 1.000000000000000000 ) ) ;
#4978 = VERTEX_POINT ( 'NONE', #6114 ) ;
#4979 = DIRECTION ( 'NONE',  ( 1.000000000000000000, 0.000000000000000000, 0.000000000000000000 ) ) ;
#4980 = CARTESIAN_POINT ( 'NONE',  ( -91.75000000000001421, 16.66277201088163551, 3.250000000000000444 ) ) ;
#4981 = CARTESIAN_POINT ( 'NONE',  ( -8.767882862100673691, 15.48641401289931174, -2.999999999999999112 ) ) ;
#4982 = ORIENTED_EDGE ( 'NONE', *, *, #3095, .T. ) ;
#4983 = ORIENTED_EDGE ( 'NONE', *, *, #2716, .F. ) ;
#4984 = EDGE_LOOP ( 'NONE', ( #6085, #4731 ) ) ;
#4985 = EDGE_CURVE ( 'NONE', #3252, #8439, #1307, .T. ) ;
#4986 = CARTESIAN_POINT ( 'NONE',  ( 69.00000000000000000, 0.000000000000000000, 0.5000000000000004441 ) ) ;
#4987 = EDGE_CURVE ( 'NONE', #1941, #84, #7567, .T. ) ;
#4988 = ORIENTED_EDGE ( 'NONE', *, *, #2850, .T. ) ;
#4989 = DIRECTION ( 'NONE',  ( 0.000000000000000000, -0.000000000000000000, 1.000000000000000000 ) ) ;
#4990 = PLANE ( 'NONE',  #3683 ) ;
#4991 = CARTESIAN_POINT ( 'NONE',  ( -91.48333333333333428, 10.78763020833334529, 0.2666666666666465124 ) ) ;
#4992 = VERTEX_POINT ( 'NONE', #9125 ) ;
#4993 = DIRECTION ( 'NONE',  ( 1.259073490628327690E-16, -1.000000000000000000, 0.000000000000000000 ) ) ;
#4994 = EDGE_LOOP ( 'NONE', ( #4278, #3492, #8878, #462 ) ) ;
#4995 = DIRECTION ( 'NONE',  ( 0.000000000000000000, 0.000000000000000000, 1.000000000000000000 ) ) ;
#4996 = VERTEX_POINT ( 'NONE', #1212 ) ;
#4997 = EDGE_CURVE ( 'NONE', #4778, #9215, #1168, .T. ) ;
#4998 = VECTOR ( 'NONE', #6146, 1000.000000000000000 ) ;
#4999 = CARTESIAN_POINT ( 'NONE',  ( -39.00483313386396844, 15.66277201088163373, 3.250000000000000444 ) ) ;
#5000 = FACE_OUTER_BOUND ( 'NONE', #2351, .T. ) ;
#5001 = ORIENTED_EDGE ( 'NONE', *, *, #8435, .T. ) ;
#5002 = DIRECTION ( 'NONE',  ( 0.7071067811865474617, -0.7071067811865474617, 0.000000000000000000 ) ) ;
#5003 = ORIENTED_EDGE ( 'NONE', *, *, #119, .T. ) ;
#5004 = ADVANCED_FACE ( 'NONE', ( #4003 ), #5455, .F. ) ;
#5005 = EDGE_CURVE ( 'NONE', #8658, #6473, #6775, .T. ) ;
#5006 = DIRECTION ( 'NONE',  ( 1.000000000000000000, 0.000000000000000000, -0.000000000000000000 ) ) ;
#5007 = ORIENTED_EDGE ( 'NONE', *, *, #6815, .T. ) ;
#5008 = PLANE ( 'NONE',  #5719 ) ;
#5009 = CARTESIAN_POINT ( 'NONE',  ( 16.20483313386390734, 15.66277201088163373, 3.250000000000000444 ) ) ;
#5010 = CARTESIAN_POINT ( 'NONE',  ( -6.382117137899323112, 16.07582173911838197, 3.742381610379891477 ) ) ;
#5011 = VECTOR ( 'NONE', #5858, 1000.000000000000000 ) ;
#5012 = DIRECTION ( 'NONE',  ( 0.000000000000000000, 0.7071067811865479058, 0.7071067811865472397 ) ) ;
#5013 = ORIENTED_EDGE ( 'NONE', *, *, #2960, .T. ) ;
#5014 = CARTESIAN_POINT ( 'NONE',  ( -59.47847513588163793, 23.17217973710070567, 1.500000000000000444 ) ) ;
#5015 = VERTEX_POINT ( 'NONE', #1862 ) ;
#5016 = DIRECTION ( 'NONE',  ( 0.000000000000000000, -1.000000000000000000, 0.000000000000000000 ) ) ;
#5017 = DIRECTION ( 'NONE',  ( 0.000000000000000000, -0.000000000000000000, 1.000000000000000000 ) ) ;
#5018 = VECTOR ( 'NONE', #1196, 1000.000000000000000 ) ;
#5019 = CARTESIAN_POINT ( 'NONE',  ( 9.582117137899304637, 13.48641401289930997, 1.500000000000000444 ) ) ;
#5020 = ORIENTED_EDGE ( 'NONE', *, *, #621, .F. ) ;
#5021 = CC_DESIGN_PERSON_AND_ORGANIZATION_ASSIGNMENT ( #2626, #8342, ( #146 ) ) ;
#5022 = CARTESIAN_POINT ( 'NONE',  ( -93.16421356237310647, 10.65429687500000355, 5.000000000000000000 ) ) ;
#5023 = VECTOR ( 'NONE', #5940, 1000.000000000000000 ) ;
#5024 = DIRECTION ( 'NONE',  ( 1.000000000000000000, -1.734723475976806709E-18, -0.000000000000000000 ) ) ;
#5025 = VECTOR ( 'NONE', #8860, 1000.000000000000000 ) ;
#5026 = DIRECTION ( 'NONE',  ( 0.7071067811865466846, 0.7071067811865483499, 0.000000000000000000 ) ) ;
#5027 = VERTEX_POINT ( 'NONE', #4848 ) ;
#5028 = EDGE_LOOP ( 'NONE', ( #5514, #5634 ) ) ;
#5029 = LINE ( 'NONE', #7893, #3117 ) ;
#5030 = DIRECTION ( 'NONE',  ( 6.938893903907228378E-15, 1.000000000000000000, -0.000000000000000000 ) ) ;
#5031 = VECTOR ( 'NONE', #8848, 1000.000000000000000 ) ;
#5032 = ORIENTED_EDGE ( 'NONE', *, *, #7503, .F. ) ;
#5033 = EDGE_CURVE ( 'NONE', #1123, #293, #6164, .T. ) ;
#5034 = CARTESIAN_POINT ( 'NONE',  ( -15.81788286210067440, 15.48641401289931174, 0.5000000000000004441 ) ) ;
#5035 = EDGE_CURVE ( 'NONE', #7913, #2798, #6208, .T. ) ;
#5036 = CARTESIAN_POINT ( 'NONE',  ( 36.67847513588159813, 13.13641401289931210, 1.500000000000000444 ) ) ;
#5037 = EDGE_CURVE ( 'NONE', #2874, #6102, #7662, .T. ) ;
#5038 = PLANE ( 'NONE',  #2103 ) ;
#5039 = ORIENTED_EDGE ( 'NONE', *, *, #186, .F. ) ;
#5040 = CARTESIAN_POINT ( 'NONE',  ( 8.932117137899320269, 20.80448725967914925, 1.500000000000000444 ) ) ;
#5041 = ORIENTED_EDGE ( 'NONE', *, *, #6424, .T. ) ;
#5042 = VECTOR ( 'NONE', #3234, 1000.000000000000114 ) ;
#5043 = DIRECTION ( 'NONE',  ( -0.000000000000000000, -0.000000000000000000, 1.000000000000000000 ) ) ;
#5044 = DIRECTION ( 'NONE',  ( 0.000000000000000000, 1.000000000000000000, 0.000000000000000000 ) ) ;
#5045 = EDGE_CURVE ( 'NONE', #8124, #4129, #7613, .T. ) ;
#5046 = DIRECTION ( 'NONE',  ( -6.938893903907222067E-15, 1.000000000000000000, 0.000000000000000000 ) ) ;
#5047 = EDGE_CURVE ( 'NONE', #7479, #2814, #503, .T. ) ;
#5048 = ORIENTED_EDGE ( 'NONE', *, *, #6955, .F. ) ;
#5049 = VECTOR ( 'NONE', #8902, 1000.000000000000000 ) ;
#5050 = AXIS2_PLACEMENT_3D ( 'NONE', #1903, #7610, #5408 ) ;
#5051 = CYLINDRICAL_SURFACE ( 'NONE', #727, 0.2500000000000000000 ) ;
#5052 = LINE ( 'NONE', #5578, #33 ) ;
#5053 = DIRECTION ( 'NONE',  ( 0.000000000000000000, -1.000000000000000000, 0.000000000000000000 ) ) ;
#5054 = CARTESIAN_POINT ( 'NONE',  ( -75.64080013677957481, 20.49145500976187151, 3.708499914937266162 ) ) ;
#5055 = VECTOR ( 'NONE', #7421, 1000.000000000000000 ) ;
#5056 = CARTESIAN_POINT ( 'NONE',  ( -82.41788286210069714, 13.48641401289930997, 1.500000000000000444 ) ) ;
#5057 = PLANE ( 'NONE',  #6387 ) ;
#5058 = EDGE_CURVE ( 'NONE', #1918, #5890, #4798, .T. ) ;
#5059 = ADVANCED_FACE ( 'NONE', ( #1054 ), #6794, .F. ) ;
#5060 = FACE_OUTER_BOUND ( 'NONE', #34, .T. ) ;
#5061 = ORIENTED_EDGE ( 'NONE', *, *, #941, .F. ) ;
#5062 = CARTESIAN_POINT ( 'NONE',  ( 37.23211713789930855, 15.50448725967914143, 1.500000000000000444 ) ) ;
#5063 = VERTEX_POINT ( 'NONE', #3986 ) ;
#5064 = VECTOR ( 'NONE', #214, 1000.000000000000000 ) ;
#5065 = LINE ( 'NONE', #295, #1935 ) ;
#5066 = EDGE_LOOP ( 'NONE', ( #5600, #2847, #2477, #2106, #6116, #5269, #738, #3910, #1046, #4094, #7358, #5396 ) ) ;
#5067 = CARTESIAN_POINT ( 'NONE',  ( -6.640800136779576590, 20.49145500976187151, 2.791500085062733394 ) ) ;
#5068 = ORIENTED_EDGE ( 'NONE', *, *, #4534, .T. ) ;
#5069 = EDGE_CURVE ( 'NONE', #3403, #5342, #7460, .T. ) ;
#5070 = CARTESIAN_POINT ( 'NONE',  ( 39.25000000000000000, 15.70793887701771929, 3.042330020610769292 ) ) ;
#5071 = DIRECTION ( 'NONE',  ( 0.000000000000000000, 0.000000000000000000, 1.000000000000000000 ) ) ;
#5072 = CARTESIAN_POINT ( 'NONE',  ( 45.84999999999998721, 25.65429687500000355, 5.000000000000000000 ) ) ;
#5073 = ORIENTED_EDGE ( 'NONE', *, *, #3868, .T. ) ;
#5074 = DIRECTION ( 'NONE',  ( -1.000000000000000000, -6.546126324440782623E-16, -0.000000000000000000 ) ) ;
#5075 = ORIENTED_EDGE ( 'NONE', *, *, #3687, .F. ) ;
#5076 = EDGE_LOOP ( 'NONE', ( #7404, #7229, #305, #7314, #4355, #1863, #3241, #7663, #1321, #2273 ) ) ;
#5077 = DIRECTION ( 'NONE',  ( -0.7071067811865479058, 0.7071067811865471286, 0.000000000000000000 ) ) ;
#5078 = DIRECTION ( 'NONE',  ( 1.000000000000000000, -0.000000000000000000, 0.000000000000000000 ) ) ;
#5079 = ORIENTED_EDGE ( 'NONE', *, *, #8263, .F. ) ;
#5080 = FACE_OUTER_BOUND ( 'NONE', #3665, .T. ) ;
#5081 = DIRECTION ( 'NONE',  ( -1.000000000000000000, 0.000000000000000000, -0.000000000000000000 ) ) ;
#5082 = AXIS2_PLACEMENT_3D ( 'NONE', #8229, #6670, #7335 ) ;
#5083 = DIRECTION ( 'NONE',  ( 1.000000000000000000, 1.259073490628327444E-16, -0.000000000000000000 ) ) ;
#5084 = ORIENTED_EDGE ( 'NONE', *, *, #4356, .F. ) ;
#5085 = DIRECTION ( 'NONE',  ( 1.000000000000000000, 0.000000000000000000, -0.000000000000000000 ) ) ;
#5086 = ORIENTED_EDGE ( 'NONE', *, *, #2317, .T. ) ;
#5087 = DIRECTION ( 'NONE',  ( 1.000000000000000000, -0.000000000000000000, -0.000000000000000000 ) ) ;
#5088 = ORIENTED_EDGE ( 'NONE', *, *, #8366, .T. ) ;
#5089 = EDGE_CURVE ( 'NONE', #4153, #4797, #8917, .T. ) ;
#5090 = AXIS2_PLACEMENT_3D ( 'NONE', #351, #257, #5254 ) ;
#5091 = DIRECTION ( 'NONE',  ( 0.000000000000000000, -0.000000000000000000, 1.000000000000000000 ) ) ;
#5092 = DIRECTION ( 'NONE',  ( -1.000000000000000000, -1.119176436114068839E-16, 0.000000000000000000 ) ) ;
#5093 = DIRECTION ( 'NONE',  ( -1.000000000000000000, -0.000000000000000000, -0.000000000000000000 ) ) ;
#5094 = ORIENTED_EDGE ( 'NONE', *, *, #8164, .F. ) ;
#5095 = VECTOR ( 'NONE', #8609, 1000.000000000000000 ) ;
#5096 = FACE_OUTER_BOUND ( 'NONE', #132, .T. ) ;
#5097 = VERTEX_POINT ( 'NONE', #3938 ) ;
#5098 = VECTOR ( 'NONE', #4746, 1000.000000000000000 ) ;
#5099 = EDGE_CURVE ( 'NONE', #7526, #9202, #3055, .T. ) ;
#5100 = EDGE_CURVE ( 'NONE', #7936, #7224, #8212, .T. ) ;
#5101 = DIRECTION ( 'NONE',  ( 0.000000000000000000, -0.000000000000000000, -1.000000000000000000 ) ) ;
#5102 = AXIS2_PLACEMENT_3D ( 'NONE', #5692, #8030, #32 ) ;
#5103 = CARTESIAN_POINT ( 'NONE',  ( 45.85000000000000142, 0.000000000000000000, 0.000000000000000000 ) ) ;
#5104 = AXIS2_PLACEMENT_3D ( 'NONE', #4936, #210, #1615 ) ;
#5105 = FACE_BOUND ( 'NONE', #5028, .T. ) ;
#5106 = CARTESIAN_POINT ( 'NONE',  ( 36.58211713789933128, 15.48641401289931174, 0.5000000000000004441 ) ) ;
#5107 = VERTEX_POINT ( 'NONE', #8117 ) ;
#5108 = DIRECTION ( 'NONE',  ( -0.7071067811865471286, 0.7071067811865479058, 0.000000000000000000 ) ) ;
#5109 = ORIENTED_EDGE ( 'NONE', *, *, #9095, .T. ) ;
#5110 = VECTOR ( 'NONE', #573, 1000.000000000000000 ) ;
#5111 = DIRECTION ( 'NONE',  ( -1.000000000000000000, 0.000000000000000000, 0.000000000000000000 ) ) ;
#5112 = VERTEX_POINT ( 'NONE', #958 ) ;
#5113 = EDGE_CURVE ( 'NONE', #7729, #4405, #5296, .T. ) ;
#5114 = DIRECTION ( 'NONE',  ( 1.000000000000000000, 4.336808689941999001E-16, 0.000000000000000000 ) ) ;
#5115 = VERTEX_POINT ( 'NONE', #3102 ) ;
#5116 = VECTOR ( 'NONE', #5534, 1000.000000000000000 ) ;
#5117 = CARTESIAN_POINT ( 'NONE',  ( 37.23211713789930855, 15.48641401289931174, 1.500000000000000444 ) ) ;
#5118 = CARTESIAN_POINT ( 'NONE',  ( -6.382117137899323112, 20.23277201088161803, 3.745075751779464834 ) ) ;
#5119 = CARTESIAN_POINT ( 'NONE',  ( -52.63205139908946251, 15.82588747792824968, 3.698245413017317240 ) ) ;
#5120 = ORIENTED_EDGE ( 'NONE', *, *, #2863, .T. ) ;
#5121 = DIRECTION ( 'NONE',  ( 1.000000000000000000, 0.000000000000000000, 0.000000000000000000 ) ) ;
#5122 = ORIENTED_EDGE ( 'NONE', *, *, #8594, .T. ) ;
#5123 = ORIENTED_EDGE ( 'NONE', *, *, #3916, .F. ) ;
#5124 = CARTESIAN_POINT ( 'NONE',  ( 29.84080013677951371, 20.49145500976188572, 3.708499914937254172 ) ) ;
#5125 = FACE_OUTER_BOUND ( 'NONE', #6798, .T. ) ;
#5126 = EDGE_CURVE ( 'NONE', #7674, #4653, #299, .T. ) ;
#5127 = VECTOR ( 'NONE', #1033, 1000.000000000000000 ) ;
#5128 = EDGE_CURVE ( 'NONE', #7787, #7181, #6748, .T. ) ;
#5129 = ORIENTED_EDGE ( 'NONE', *, *, #8686, .T. ) ;
#5130 = CARTESIAN_POINT ( 'NONE',  ( -78.41788286210068293, 13.48641401289931174, 0.5000000000000004441 ) ) ;
#5131 = DIRECTION ( 'NONE',  ( -0.000000000000000000, -0.000000000000000000, 1.000000000000000000 ) ) ;
#5132 = ORIENTED_EDGE ( 'NONE', *, *, #621, .T. ) ;
#5133 = DIRECTION ( 'NONE',  ( -1.000000000000000000, -0.000000000000000000, -0.000000000000000000 ) ) ;
#5134 = VERTEX_POINT ( 'NONE', #346 ) ;
#5135 = CARTESIAN_POINT ( 'NONE',  ( -60.06788286210068151, 15.48641401289931174, 0.5000000000000004441 ) ) ;
#5136 = ORIENTED_EDGE ( 'NONE', *, *, #2785, .T. ) ;
#5137 = PLANE ( 'NONE',  #6826 ) ;
#5138 = CARTESIAN_POINT ( 'NONE',  ( 6.582117137899287762, 16.66277201088163551, 3.250000000000000444 ) ) ;
#5139 = DIRECTION ( 'NONE',  ( -0.000000000000000000, -1.000000000000000000, -0.000000000000000000 ) ) ;
#5140 = EDGE_LOOP ( 'NONE', ( #7885, #1353, #1204, #6805 ) ) ;
#5141 = DIRECTION ( 'NONE',  ( 0.000000000000000000, 0.000000000000000000, -1.000000000000000000 ) ) ;
#5142 = EDGE_LOOP ( 'NONE', ( #8430, #8149, #2985, #7927 ) ) ;
#5143 = DIRECTION ( 'NONE',  ( -0.000000000000000000, 1.000000000000000000, -0.000000000000000000 ) ) ;
#5144 = AXIS2_PLACEMENT_3D ( 'NONE', #6845, #2688, #4736 ) ;
#5145 = CARTESIAN_POINT ( 'NONE',  ( -55.41788286210067582, 20.78641401289931778, 1.500000000000000444 ) ) ;
#5146 = EDGE_CURVE ( 'NONE', #5493, #8685, #7411, .T. ) ;
#5147 = CARTESIAN_POINT ( 'NONE',  ( -39.41788286210071135, 17.66277201088163196, 3.250000000000000444 ) ) ;
#5148 = ADVANCED_FACE ( 'NONE', ( #2544 ), #5392, .F. ) ;
#5149 = CARTESIAN_POINT ( 'NONE',  ( 45.85000000000000142, 24.65429687500000711, 6.000000000000000000 ) ) ;
#5150 = ORIENTED_EDGE ( 'NONE', *, *, #3466, .T. ) ;
#5151 = EDGE_CURVE ( 'NONE', #3352, #9202, #2495, .T. ) ;
#5152 = PLANE ( 'NONE',  #7204 ) ;
#5153 = ORIENTED_EDGE ( 'NONE', *, *, #3176, .T. ) ;
#5154 = FACE_OUTER_BOUND ( 'NONE', #5443, .T. ) ;
#5155 = ORIENTED_EDGE ( 'NONE', *, *, #8088, .T. ) ;
#5156 = CARTESIAN_POINT ( 'NONE',  ( -16.41788286210070424, 16.07582173911837486, 1.500000000000000444 ) ) ;
#5157 = AXIS2_PLACEMENT_3D ( 'NONE', #6419, #2865, #5012 ) ;
#5158 = EDGE_LOOP ( 'NONE', ( #3371, #6788, #5122, #5427, #5288, #7682, #2295, #5747, #1949 ) ) ;
#5159 =( BOUNDED_CURVE ( )  B_SPLINE_CURVE ( 3, ( #3808, #5124, #122, #5213 ),
 .UNSPECIFIED., .F., .F. ) 
 B_SPLINE_CURVE_WITH_KNOTS ( ( 4, 4 ),
 ( 4.852850395094560731, 6.283185307179586232 ),
 .UNSPECIFIED. ) 
 CURVE ( )  GEOMETRIC_REPRESENTATION_ITEM ( )  RATIONAL_B_SPLINE_CURVE ( ( 1.000000000000000000, 0.8366556290180533484, 0.8366556290180533484, 1.000000000000000000 ) ) 
 REPRESENTATION_ITEM ( '' )  );
#5160 = FACE_OUTER_BOUND ( 'NONE', #1355, .T. ) ;
#5161 = CARTESIAN_POINT ( 'NONE',  ( 16.61788286210066801, 18.16277201088163196, 3.250000000000000444 ) ) ;
#5162 = EDGE_CURVE ( 'NONE', #4460, #249, #3792, .T. ) ;
#5163 = DIRECTION ( 'NONE',  ( -1.000000000000000000, -0.000000000000000000, -0.000000000000000000 ) ) ;
#5164 = ORIENTED_EDGE ( 'NONE', *, *, #6577, .F. ) ;
#5165 = LINE ( 'NONE', #7417, #5064 ) ;
#5166 = ORIENTED_EDGE ( 'NONE', *, *, #8727, .F. ) ;
#5167 = ORIENTED_EDGE ( 'NONE', *, *, #3869, .F. ) ;
#5168 = VECTOR ( 'NONE', #977, 1000.000000000000000 ) ;
#5169 = DIRECTION ( 'NONE',  ( -0.7071067811865466846, -0.7071067811865483499, 0.000000000000000000 ) ) ;
#5170 = PLANE ( 'NONE',  #4803 ) ;
#5171 = LINE ( 'NONE', #8031, #1537 ) ;
#5172 = VERTEX_POINT ( 'NONE', #8968 ) ;
#5173 = VECTOR ( 'NONE', #2585, 1000.000000000000000 ) ;
#5174 = CIRCLE ( 'NONE', #2644, 0.5000000000000000000 ) ;
#5175 = CARTESIAN_POINT ( 'NONE',  ( -29.81211713789934237, 20.66277201088163196, 3.250000000000000444 ) ) ;
#5176 = CARTESIAN_POINT ( 'NONE',  ( -6.632051399089448296, 15.82588747792824080, 3.698245413017312355 ) ) ;
#5177 = EDGE_CURVE ( 'NONE', #363, #7479, #3848, .T. ) ;
#5178 = DIRECTION ( 'NONE',  ( -0.000000000000000000, -1.000000000000000000, -0.000000000000000000 ) ) ;
#5179 = EDGE_LOOP ( 'NONE', ( #1201, #1836, #2794, #6157, #6756, #6471 ) ) ;
#5180 = ADVANCED_FACE ( 'NONE', ( #1007 ), #3847, .F. ) ;
#5181 = CARTESIAN_POINT ( 'NONE',  ( -9.417882862100684704, 22.78641401289931778, 0.5000000000000004441 ) ) ;
#5182 = ORIENTED_EDGE ( 'NONE', *, *, #824, .T. ) ;
#5183 = DIRECTION ( 'NONE',  ( 6.938893903907228378E-15, 1.000000000000000000, 0.000000000000000000 ) ) ;
#5184 = ORIENTED_EDGE ( 'NONE', *, *, #1058, .F. ) ;
#5185 = VECTOR ( 'NONE', #2888, 1000.000000000000000 ) ;
#5186 = DIRECTION ( 'NONE',  ( -1.000000000000000000, 0.000000000000000000, -0.000000000000000000 ) ) ;
#5187 = DIRECTION ( 'NONE',  ( 0.000000000000000000, -0.000000000000000000, -1.000000000000000000 ) ) ;
#5188 = VECTOR ( 'NONE', #5831, 1000.000000000000000 ) ;
#5189 = PLANE ( 'NONE',  #5257 ) ;
#5190 = EDGE_CURVE ( 'NONE', #7135, #1934, #3152, .T. ) ;
#5191 = ORIENTED_EDGE ( 'NONE', *, *, #4844, .T. ) ;
#5192 = CARTESIAN_POINT ( 'NONE',  ( -89.25000000000001421, 13.15429687500000355, 0.3499999999999999223 ) ) ;
#5193 = ORIENTED_EDGE ( 'NONE', *, *, #1869, .T. ) ;
#5194 = CARTESIAN_POINT ( 'NONE',  ( -75.38211713789932844, 16.16277201088163551, 3.250000000000000444 ) ) ;
#5195 = DIRECTION ( 'NONE',  ( -1.000000000000000000, 0.000000000000000000, 0.000000000000000000 ) ) ;
#5196 = CARTESIAN_POINT ( 'NONE',  ( -6.382117137899323112, 18.16277201088163196, 3.250000000000000444 ) ) ;
#5197 = AXIS2_PLACEMENT_3D ( 'NONE', #4539, #7405, #3240 ) ;
#5198 = VERTEX_POINT ( 'NONE', #4592 ) ;
#5199 = VERTEX_POINT ( 'NONE', #624 ) ;
#5200 = CARTESIAN_POINT ( 'NONE',  ( 37.23211713789930855, 15.50448725967914143, 0.5000000000000004441 ) ) ;
#5201 = EDGE_CURVE ( 'NONE', #4076, #4719, #4877, .T. ) ;
#5202 = ORIENTED_EDGE ( 'NONE', *, *, #5345, .F. ) ;
#5203 = VECTOR ( 'NONE', #1714, 1000.000000000000000 ) ;
#5204 = LINE ( 'NONE', #3889, #650 ) ;
#5205 = DIRECTION ( 'NONE',  ( -0.000000000000000000, -0.000000000000000000, 1.000000000000000000 ) ) ;
#5206 = CARTESIAN_POINT ( 'NONE',  ( 36.58211713789930286, 22.78641401289931778, 0.5000000000000004441 ) ) ;
#5207 = PLANE ( 'NONE',  #9119 ) ;
#5208 = DIRECTION ( 'NONE',  ( 0.000000000000000000, 1.000000000000000000, 0.000000000000000000 ) ) ;
#5209 = VERTEX_POINT ( 'NONE', #1244 ) ;
#5210 = CARTESIAN_POINT ( 'NONE',  ( -91.75000000000001421, 16.16277201088163551, 3.250000000000000444 ) ) ;
#5211 = ORIENTED_EDGE ( 'NONE', *, *, #1333, .T. ) ;
#5212 = ORIENTED_EDGE ( 'NONE', *, *, #1323, .T. ) ;
#5213 = CARTESIAN_POINT ( 'NONE',  ( 30.01211713789926705, 20.66277201088163196, 3.250000000000000444 ) ) ;
#5214 = DIRECTION ( 'NONE',  ( 0.000000000000000000, -0.000000000000000000, -1.000000000000000000 ) ) ;
#5215 = DIRECTION ( 'NONE',  ( -1.000000000000000000, -0.000000000000000000, -0.000000000000000000 ) ) ;
#5216 = EDGE_CURVE ( 'NONE', #7697, #2491, #8353, .T. ) ;
#5217 = EDGE_CURVE ( 'NONE', #3642, #7833, #528, .T. ) ;
#5218 = ORIENTED_EDGE ( 'NONE', *, *, #2646, .T. ) ;
#5219 = CARTESIAN_POINT ( 'NONE',  ( 37.23211713789930855, 15.50448725967914143, 1.500000000000000444 ) ) ;
#5220 = LINE ( 'NONE', #4513, #8623 ) ;
#5221 = DIRECTION ( 'NONE',  ( -0.000000000000000000, 1.000000000000000000, 0.000000000000000000 ) ) ;
#5222 = ORIENTED_EDGE ( 'NONE', *, *, #4295, .F. ) ;
#5223 = DIRECTION ( 'NONE',  ( -0.7071067811865479058, -0.7071067811865471286, 0.000000000000000000 ) ) ;
#5224 = ORIENTED_EDGE ( 'NONE', *, *, #8992, .T. ) ;
#5225 = DIRECTION ( 'NONE',  ( -0.000000000000000000, -1.000000000000000000, -0.000000000000000000 ) ) ;
#5226 = ORIENTED_EDGE ( 'NONE', *, *, #8457, .F. ) ;
#5227 = ADVANCED_FACE ( 'NONE', ( #7780 ), #3472, .F. ) ;
#5228 = DIRECTION ( 'NONE',  ( -0.7071067811865479058, -0.7071067811865471286, 0.000000000000000000 ) ) ;
#5229 = EDGE_CURVE ( 'NONE', #9018, #3860, #5626, .T. ) ;
#5230 = VECTOR ( 'NONE', #9169, 1000.000000000000000 ) ;
#5231 = DIRECTION ( 'NONE',  ( -1.000000000000000000, 0.000000000000000000, 0.000000000000000000 ) ) ;
#5232 = PLANE ( 'NONE',  #1003 ) ;
#5233 = CARTESIAN_POINT ( 'NONE',  ( 7.012117137899273267, 20.66277201088163196, 3.250000000000000444 ) ) ;
#5234 = ORIENTED_EDGE ( 'NONE', *, *, #7119, .F. ) ;
#5235 = DIRECTION ( 'NONE',  ( -0.000000000000000000, -0.000000000000000000, 1.000000000000000000 ) ) ;
#5236 = EDGE_LOOP ( 'NONE', ( #4043, #7883, #2871, #4213 ) ) ;
#5237 = VECTOR ( 'NONE', #7430, 1000.000000000000000 ) ;
#5238 = ADVANCED_FACE ( 'NONE', ( #2592 ), #6144, .F. ) ;
#5239 = DIRECTION ( 'NONE',  ( 0.000000000000000000, -1.000000000000000000, 0.000000000000000000 ) ) ;
#5240 = EDGE_CURVE ( 'NONE', #4104, #3449, #9013, .T. ) ;
#5241 = CARTESIAN_POINT ( 'NONE',  ( -15.81788286210067440, 15.48641401289931174, 1.500000000000000444 ) ) ;
#5242 = DIRECTION ( 'NONE',  ( 0.000000000000000000, 0.000000000000000000, -1.000000000000000000 ) ) ;
#5243 = AXIS2_PLACEMENT_3D ( 'NONE', #5871, #5963, #3760 ) ;
#5244 = EDGE_LOOP ( 'NONE', ( #4370, #5713, #704, #9204, #1398 ) ) ;
#5245 = CARTESIAN_POINT ( 'NONE',  ( 29.58211713789928154, 20.23277201088163224, 2.754924248220538274 ) ) ;
#5246 = ORIENTED_EDGE ( 'NONE', *, *, #7619, .T. ) ;
#5247 = CARTESIAN_POINT ( 'NONE',  ( -32.41788286210069003, 22.78641401289931778, 1.500000000000000444 ) ) ;
#5248 = ORIENTED_EDGE ( 'NONE', *, *, #3930, .F. ) ;
#5249 = AXIS2_PLACEMENT_3D ( 'NONE', #3174, #4006, #6816 ) ;
#5250 = DIRECTION ( 'NONE',  ( 0.000000000000000000, -0.000000000000000000, -1.000000000000000000 ) ) ;
#5251 = CARTESIAN_POINT ( 'NONE',  ( -89.50000000000001421, 22.90429687500000355, 0.5999999999999999778 ) ) ;
#5252 = CARTESIAN_POINT ( 'NONE',  ( 32.58211713789929576, 15.48641401289931174, 1.500000000000000444 ) ) ;
#5253 = VECTOR ( 'NONE', #7139, 1000.000000000000000 ) ;
#5254 = DIRECTION ( 'NONE',  ( 1.000000000000000000, 0.000000000000000000, -0.000000000000000000 ) ) ;
#5255 = ORIENTED_EDGE ( 'NONE', *, *, #5583, .F. ) ;
#5256 = CARTESIAN_POINT ( 'NONE',  ( -90.00000000000001421, 13.15429687500000355, 0.2500000000000000000 ) ) ;
#5257 = AXIS2_PLACEMENT_3D ( 'NONE', #9155, #7249, #5585 ) ;
#5258 = VERTEX_POINT ( 'NONE', #1380 ) ;
#5259 = ORIENTED_EDGE ( 'NONE', *, *, #5843, .F. ) ;
#5260 = CARTESIAN_POINT ( 'NONE',  ( -39.00483313386396844, 15.66277201088163373, 3.250000000000000444 ) ) ;
#5261 = DIRECTION ( 'NONE',  ( 1.000000000000000000, 0.000000000000000000, 0.000000000000000000 ) ) ;
#5262 = LINE ( 'NONE', #1716, #3767 ) ;
#5263 = VECTOR ( 'NONE', #9165, 1000.000000000000000 ) ;
#5264 = ORIENTED_EDGE ( 'NONE', *, *, #7018, .F. ) ;
#5265 = CARTESIAN_POINT ( 'NONE',  ( -62.41788286210071135, 20.23277201088163224, 1.500000000000000444 ) ) ;
#5266 = EDGE_CURVE ( 'NONE', #8495, #6556, #7075, .T. ) ;
#5267 = DIRECTION ( 'NONE',  ( 1.000000000000000000, 0.000000000000000000, 0.000000000000000000 ) ) ;
#5268 = CARTESIAN_POINT ( 'NONE',  ( -91.75000000000001421, 17.66277201088163196, 3.250000000000000444 ) ) ;
#5269 = ORIENTED_EDGE ( 'NONE', *, *, #4618, .T. ) ;
#5270 = LINE ( 'NONE', #934, #3526 ) ;
#5271 = EDGE_CURVE ( 'NONE', #343, #5377, #8307, .T. ) ;
#5272 = ORIENTED_EDGE ( 'NONE', *, *, #787, .F. ) ;
#5273 = EDGE_CURVE ( 'NONE', #6273, #111, #4832, .T. ) ;
#5274 = AXIS2_PLACEMENT_3D ( 'NONE', #7504, #2396, #5250 ) ;
#5275 = LINE ( 'NONE', #7570, #9003 ) ;
#5276 = LINE ( 'NONE', #6866, #7518 ) ;
#5277 = PLANE ( 'NONE',  #1603 ) ;
#5278 = CARTESIAN_POINT ( 'NONE',  ( -59.41788286210069714, 15.48641401289931174, 0.5000000000000004441 ) ) ;
#5279 = DIRECTION ( 'NONE',  ( 1.000000000000000000, 0.000000000000000000, 0.000000000000000000 ) ) ;
#5280 = ORIENTED_EDGE ( 'NONE', *, *, #4476, .F. ) ;
#5281 = ADVANCED_FACE ( 'NONE', ( #485 ), #3379, .F. ) ;
#5282 = LINE ( 'NONE', #8950, #7152 ) ;
#5283 = ORIENTED_EDGE ( 'NONE', *, *, #5414, .F. ) ;
#5284 = VERTEX_POINT ( 'NONE', #9106 ) ;
#5285 = LINE ( 'NONE', #901, #3175 ) ;
#5286 = CARTESIAN_POINT ( 'NONE',  ( -83.06788286210067440, 20.80448725967914925, 1.500000000000000444 ) ) ;
#5287 = FACE_OUTER_BOUND ( 'NONE', #9135, .T. ) ;
#5288 = ORIENTED_EDGE ( 'NONE', *, *, #5844, .F. ) ;
#5289 = EDGE_CURVE ( 'NONE', #1385, #7612, #1288, .T. ) ;
#5290 = CARTESIAN_POINT ( 'NONE',  ( -91.75000000000001421, 20.16277201088163196, 3.250000000000000444 ) ) ;
#5291 = ORIENTED_EDGE ( 'NONE', *, *, #4985, .T. ) ;
#5292 = ADVANCED_FACE ( 'NONE', ( #5485 ), #4122, .T. ) ;
#5293 = CARTESIAN_POINT ( 'NONE',  ( -59.47847513588163793, 23.17217973710070567, 4.000000000000000000 ) ) ;
#5294 = ORIENTED_EDGE ( 'NONE', *, *, #131, .T. ) ;
#5295 = DIRECTION ( 'NONE',  ( -0.000000000000000000, -0.000000000000000000, 1.000000000000000000 ) ) ;
#5296 = LINE ( 'NONE', #2449, #1592 ) ;
#5297 = DIRECTION ( 'NONE',  ( -0.000000000000000000, -0.000000000000000000, 1.000000000000000000 ) ) ;
#5298 = CARTESIAN_POINT ( 'NONE',  ( 6.582117137899287762, 20.23277201088163224, 4.000000000000000000 ) ) ;
#5299 = DIRECTION ( 'NONE',  ( 0.000000000000000000, 0.000000000000000000, 1.000000000000000000 ) ) ;
#5300 = ORIENTED_EDGE ( 'NONE', *, *, #7958, .F. ) ;
#5301 = CARTESIAN_POINT ( 'NONE',  ( -75.38211713789932844, 16.16277201088163551, 3.250000000000000444 ) ) ;
#5302 = VERTEX_POINT ( 'NONE', #6982 ) ;
#5303 = VERTEX_POINT ( 'NONE', #6237 ) ;
#5304 = FACE_OUTER_BOUND ( 'NONE', #4245, .T. ) ;
#5305 = VECTOR ( 'NONE', #8541, 1000.000000000000000 ) ;
#5306 = APPROVAL ( #6133, 'UNSPECIFIED' ) ;
#5307 = DIRECTION ( 'NONE',  ( -0.000000000000000000, 0.000000000000000000, 1.000000000000000000 ) ) ;
#5308 = EDGE_LOOP ( 'NONE', ( #4870, #5001, #6166, #129, #5895, #7546, #6150, #9076, #2817, #7112 ) ) ;
#5309 = FACE_OUTER_BOUND ( 'NONE', #1574, .T. ) ;
#5310 = DIRECTION ( 'NONE',  ( 0.000000000000000000, 1.000000000000000000, 0.000000000000000000 ) ) ;
#5311 = VECTOR ( 'NONE', #7874, 1000.000000000000000 ) ;
#5312 = CARTESIAN_POINT ( 'NONE',  ( -89.50000000000001421, 13.40429687500000355, 0.5999999999999999778 ) ) ;
#5313 = ORIENTED_EDGE ( 'NONE', *, *, #7827, .F. ) ;
#5314 = CARTESIAN_POINT ( 'NONE',  ( 30.01211713789926705, 20.66277201088163196, 3.250000000000000444 ) ) ;
#5315 = ORIENTED_EDGE ( 'NONE', *, *, #7532, .T. ) ;
#5316 = CARTESIAN_POINT ( 'NONE',  ( -91.75000000000001421, 20.16277201088163196, 3.250000000000000444 ) ) ;
#5317 = ADVANCED_FACE ( 'NONE', ( #7642 ), #4080, .F. ) ;
#5318 = VECTOR ( 'NONE', #7821, 1000.000000000000000 ) ;
#5319 = VECTOR ( 'NONE', #7337, 1000.000000000000000 ) ;
#5320 = CARTESIAN_POINT ( 'NONE',  ( -8.767882862100673691, 15.50448725967914143, 0.5000000000000004441 ) ) ;
#5321 = EDGE_CURVE ( 'NONE', #7444, #2881, #8446, .T. ) ;
#5322 = CARTESIAN_POINT ( 'NONE',  ( -31.76788286210068080, 15.50448725967914143, 0.5000000000000004441 ) ) ;
#5323 = LINE ( 'NONE', #8191, #1741 ) ;
#5324 = CARTESIAN_POINT ( 'NONE',  ( -31.76788286210068080, 15.50448725967914143, 0.5000000000000004441 ) ) ;
#5325 = CARTESIAN_POINT ( 'NONE',  ( 36.58211713789933128, 15.48641401289931174, 0.5000000000000004441 ) ) ;
#5326 = AXIS2_PLACEMENT_3D ( 'NONE', #7052, #3636, #6488 ) ;
#5327 = ORIENTED_EDGE ( 'NONE', *, *, #2532, .F. ) ;
#5328 = VECTOR ( 'NONE', #5195, 1000.000000000000000 ) ;
#5329 = CARTESIAN_POINT ( 'NONE',  ( -52.38211713789932844, 18.66277201088163196, 3.250000000000000444 ) ) ;
#5330 = ORIENTED_EDGE ( 'NONE', *, *, #1180, .T. ) ;
#5331 = ORIENTED_EDGE ( 'NONE', *, *, #2841, .F. ) ;
#5332 = EDGE_CURVE ( 'NONE', #7457, #8608, #4167, .T. ) ;
#5333 = EDGE_CURVE ( 'NONE', #3507, #9049, #5762, .T. ) ;
#5334 = VECTOR ( 'NONE', #699, 1000.000000000000000 ) ;
#5335 = CARTESIAN_POINT ( 'NONE',  ( -91.34999999999998010, 10.65429687500000355, 6.000000000000000000 ) ) ;
#5336 = DIRECTION ( 'NONE',  ( 1.000000000000000000, -1.734723475976806709E-18, -0.000000000000000000 ) ) ;
#5337 = ORIENTED_EDGE ( 'NONE', *, *, #3186, .T. ) ;
#5338 = DIRECTION ( 'NONE',  ( -0.5773502691896252870, -0.5773502691896252870, 0.5773502691896268413 ) ) ;
#5339 = VERTEX_POINT ( 'NONE', #4394 ) ;
#5340 = DIRECTION ( 'NONE',  ( -1.000000000000000000, -1.119176436114068839E-16, 0.000000000000000000 ) ) ;
#5341 = VECTOR ( 'NONE', #360, 1000.000000000000000 ) ;
#5342 = VERTEX_POINT ( 'NONE', #7920 ) ;
#5343 = DIRECTION ( 'NONE',  ( -0.000000000000000000, 0.000000000000000000, 1.000000000000000000 ) ) ;
#5344 = EDGE_CURVE ( 'NONE', #82, #8452, #1604, .T. ) ;
#5345 = EDGE_CURVE ( 'NONE', #7837, #2387, #6372, .T. ) ;
#5346 = PLANE ( 'NONE',  #794 ) ;
#5347 = CARTESIAN_POINT ( 'NONE',  ( 32.52152486411834076, 13.13641401289931210, 6.000000000000000000 ) ) ;
#5348 = FACE_OUTER_BOUND ( 'NONE', #447, .T. ) ;
#5349 = ORIENTED_EDGE ( 'NONE', *, *, #4151, .T. ) ;
#5350 = CARTESIAN_POINT ( 'NONE',  ( -6.382117137899323112, 20.23277201088161803, 1.500000000000000444 ) ) ;
#5351 = ORIENTED_EDGE ( 'NONE', *, *, #7440, .F. ) ;
#5352 = VERTEX_POINT ( 'NONE', #3513 ) ;
#5353 = VECTOR ( 'NONE', #8256, 1000.000000000000000 ) ;
#5354 = CARTESIAN_POINT ( 'NONE',  ( -36.41788286210069714, 20.78641401289931423, 0.5000000000000004441 ) ) ;
#5355 = FACE_BOUND ( 'NONE', #2904, .T. ) ;
#5356 = CARTESIAN_POINT ( 'NONE',  ( -60.06788286210068151, 15.48641401289931174, 0.5000000000000004441 ) ) ;
#5357 = ORIENTED_EDGE ( 'NONE', *, *, #990, .T. ) ;
#5358 = EDGE_CURVE ( 'NONE', #7109, #2996, #7268, .T. ) ;
#5359 = CIRCLE ( 'NONE', #4450, 0.5000000000000000000 ) ;
#5360 = LINE ( 'NONE', #8227, #4435 ) ;
#5361 = CARTESIAN_POINT ( 'NONE',  ( 39.25000000000000000, 13.15429687500000355, 6.000000000000000000 ) ) ;
#5362 = CARTESIAN_POINT ( 'NONE',  ( -59.41788286210069714, 22.78641401289931778, 0.5000000000000004441 ) ) ;
#5363 = ORIENTED_EDGE ( 'NONE', *, *, #6772, .T. ) ;
#5364 = DIRECTION ( 'NONE',  ( 1.000000000000000000, 0.000000000000000000, 0.000000000000000000 ) ) ;
#5365 = ORIENTED_EDGE ( 'NONE', *, *, #7469, .T. ) ;
#5366 = PLANE ( 'NONE',  #3601 ) ;
#5367 = VECTOR ( 'NONE', #7406, 1000.000000000000000 ) ;
#5368 = CARTESIAN_POINT ( 'NONE',  ( -91.75000000000001421, 16.16277201088163551, 3.250000000000000444 ) ) ;
#5369 = CARTESIAN_POINT ( 'NONE',  ( -16.41788286210070424, 20.23277201088163224, 2.754924248220537830 ) ) ;
#5370 = DIRECTION ( 'NONE',  ( 1.000000000000000000, 0.000000000000000000, 0.000000000000000000 ) ) ;
#5371 = LOCAL_TIME ( 20, 11, 32.00000000000000000, #7446 ) ;
#5372 = EDGE_CURVE ( 'NONE', #6643, #6400, #7966, .T. ) ;
#5373 = CARTESIAN_POINT ( 'NONE',  ( -15.81788286210067440, 15.48641401289931174, 0.5000000000000004441 ) ) ;
#5374 = CARTESIAN_POINT ( 'NONE',  ( 8.932117137899320269, 15.48641401289931174, 1.500000000000000444 ) ) ;
#5375 = ORIENTED_EDGE ( 'NONE', *, *, #7455, .F. ) ;
#5376 = PLANE ( 'NONE',  #2367 ) ;
#5377 = VERTEX_POINT ( 'NONE', #5145 ) ;
#5378 = EDGE_CURVE ( 'NONE', #3620, #512, #3564, .T. ) ;
#5379 = ORIENTED_EDGE ( 'NONE', *, *, #5893, .T. ) ;
#5380 = DATE_AND_TIME ( #3928, #4622 ) ;
#5381 = CARTESIAN_POINT ( 'NONE',  ( -91.75000000000001421, 20.16277201088163196, 3.250000000000000444 ) ) ;
#5382 = DIRECTION ( 'NONE',  ( -0.000000000000000000, -0.000000000000000000, 1.000000000000000000 ) ) ;
#5383 = VERTEX_POINT ( 'NONE', #7072 ) ;
#5384 = AXIS2_PLACEMENT_3D ( 'NONE', #1721, #2418, #4611 ) ;
#5385 = VERTEX_POINT ( 'NONE', #2298 ) ;
#5386 = CARTESIAN_POINT ( 'NONE',  ( -75.38211713789932844, 16.07582173911838197, 1.500000000000000444 ) ) ;
#5387 = ADVANCED_FACE ( 'NONE', ( #2820 ), #2906, .F. ) ;
#5388 = EDGE_CURVE ( 'NONE', #7161, #1943, #5672, .T. ) ;
#5389 = ORIENTED_EDGE ( 'NONE', *, *, #532, .T. ) ;
#5390 = CARTESIAN_POINT ( 'NONE',  ( 15.98211713789932098, 20.78641401289931778, 0.5000000000000004441 ) ) ;
#5391 = CIRCLE ( 'NONE', #7050, 0.5000000000000000000 ) ;
#5392 = PLANE ( 'NONE',  #2333 ) ;
#5393 = LINE ( 'NONE', #7598, #6907 ) ;
#5394 = FACE_OUTER_BOUND ( 'NONE', #2436, .T. ) ;
#5395 = DIRECTION ( 'NONE',  ( 1.000000000000000000, 6.938893903907222067E-15, 0.000000000000000000 ) ) ;
#5396 = ORIENTED_EDGE ( 'NONE', *, *, #8831, .T. ) ;
#5397 = CARTESIAN_POINT ( 'NONE',  ( -52.81211713789934237, 20.66277201088163196, 3.250000000000000444 ) ) ;
#5398 = ORIENTED_EDGE ( 'NONE', *, *, #7551, .T. ) ;
#5399 = EDGE_CURVE ( 'NONE', #3933, #5424, #10, .T. ) ;
#5400 = VECTOR ( 'NONE', #4385, 1000.000000000000000 ) ;
#5401 = DIRECTION ( 'NONE',  ( -0.000000000000000000, -1.000000000000000000, -0.000000000000000000 ) ) ;
#5402 = ORIENTED_EDGE ( 'NONE', *, *, #4819, .F. ) ;
#5403 = DIRECTION ( 'NONE',  ( -1.000000000000000000, -6.546126324440781637E-16, 0.000000000000000000 ) ) ;
#5404 = VERTEX_POINT ( 'NONE', #2953 ) ;
#5405 = VECTOR ( 'NONE', #4328, 1000.000000000000000 ) ;
#5406 = CARTESIAN_POINT ( 'NONE',  ( -83.06788286210067440, 15.48641401289931174, 1.000000000000000000 ) ) ;
#5407 = AXIS2_PLACEMENT_3D ( 'NONE', #3662, #7839, #4273 ) ;
#5408 = DIRECTION ( 'NONE',  ( -1.000000000000000000, -1.119176436114068839E-16, 0.000000000000000000 ) ) ;
#5409 = CARTESIAN_POINT ( 'NONE',  ( 0.000000000000000000, 13.40429687500000355, 0.3499999999999999223 ) ) ;
#5410 = ORIENTED_EDGE ( 'NONE', *, *, #6269, .F. ) ;
#5411 = DIRECTION ( 'NONE',  ( -0.000000000000000000, -0.000000000000000000, 1.000000000000000000 ) ) ;
#5412 = ORIENTED_EDGE ( 'NONE', *, *, #4266, .F. ) ;
#5413 = EDGE_LOOP ( 'NONE', ( #8060, #4788, #954, #3945 ) ) ;
#5414 = EDGE_CURVE ( 'NONE', #8693, #6409, #5716, .T. ) ;
#5415 = EDGE_CURVE ( 'NONE', #5063, #5725, #4308, .T. ) ;
#5416 = CARTESIAN_POINT ( 'NONE',  ( -16.41788286210070424, 20.23277201088163224, 1.500000000000000444 ) ) ;
#5417 = CARTESIAN_POINT ( 'NONE',  ( -89.75000000000001421, 23.15429687500000355, 0.2500000000000000000 ) ) ;
#5418 = CARTESIAN_POINT ( 'NONE',  ( 46.02765300074576515, 10.83194987574576373, 4.926413717694815730 ) ) ;
#5419 = CARTESIAN_POINT ( 'NONE',  ( -0.01666666666985672229, 71.52096354166826586, 46.26666666666665861 ) ) ;
#5420 = VECTOR ( 'NONE', #8376, 1000.000000000000000 ) ;
#5421 = CARTESIAN_POINT ( 'NONE',  ( -60.06788286210068151, 20.80448725967914925, 0.5000000000000004441 ) ) ;
#5422 = ORIENTED_EDGE ( 'NONE', *, *, #9033, .T. ) ;
#5423 = LINE ( 'NONE', #8381, #989 ) ;
#5424 = VERTEX_POINT ( 'NONE', #5056 ) ;
#5425 = LINE ( 'NONE', #4717, #1343 ) ;
#5426 = VERTEX_POINT ( 'NONE', #859 ) ;
#5427 = ORIENTED_EDGE ( 'NONE', *, *, #1167, .T. ) ;
#5428 = CARTESIAN_POINT ( 'NONE',  ( -82.47847513588163793, 23.17217973710070567, 1.500000000000000444 ) ) ;
#5429 = DIRECTION ( 'NONE',  ( 0.000000000000000000, 1.000000000000000000, 0.000000000000000000 ) ) ;
#5430 = VERTEX_POINT ( 'NONE', #1423 ) ;
#5431 = EDGE_LOOP ( 'NONE', ( #8900, #966, #7982, #4894, #7538, #1368, #4599, #2479, #4269, #534 ) ) ;
#5432 = LINE ( 'NONE', #4683, #7596 ) ;
#5433 = ORIENTED_EDGE ( 'NONE', *, *, #681, .F. ) ;
#5434 = EDGE_CURVE ( 'NONE', #4199, #491, #5759, .T. ) ;
#5435 = CARTESIAN_POINT ( 'NONE',  ( 39.25000000000000000, 13.90429687500000178, 1.000000000000000000 ) ) ;
#5436 = CARTESIAN_POINT ( 'NONE',  ( -52.38211713789932844, 20.23277201088161803, 3.745075751779464834 ) ) ;
#5437 = EDGE_CURVE ( 'NONE', #1517, #84, #2159, .T. ) ;
#5438 = CARTESIAN_POINT ( 'NONE',  ( 29.99516686613601379, 15.66277201088163373, 3.250000000000000444 ) ) ;
#5439 = CARTESIAN_POINT ( 'NONE',  ( 46.25000000000000000, 18.93713958747462911, 12.71715728752538155 ) ) ;
#5440 = DIRECTION ( 'NONE',  ( -0.000000000000000000, 1.000000000000000000, -0.000000000000000000 ) ) ;
#5441 = EDGE_LOOP ( 'NONE', ( #2552, #3995, #8615, #7146 ) ) ;
#5442 = CARTESIAN_POINT ( 'NONE',  ( 15.98211713789932098, 20.78641401289931778, 0.5000000000000004441 ) ) ;
#5443 = EDGE_LOOP ( 'NONE', ( #5837, #1095, #9229, #7339 ) ) ;
#5444 = CARTESIAN_POINT ( 'NONE',  ( 29.58211713789928154, 20.23277201088163224, 1.500000000000000444 ) ) ;
#5445 = AXIS2_PLACEMENT_3D ( 'NONE', #8309, #8264, #3246 ) ;
#5446 = ORIENTED_EDGE ( 'NONE', *, *, #4644, .T. ) ;
#5447 = LINE ( 'NONE', #265, #2128 ) ;
#5448 = ORIENTED_EDGE ( 'NONE', *, *, #4191, .F. ) ;
#5449 = EDGE_CURVE ( 'NONE', #3879, #1644, #7165, .T. ) ;
#5450 = ADVANCED_FACE ( 'NONE', ( #6462, #3000 ), #5855, .T. ) ;
#5451 = LINE ( 'NONE', #8320, #716 ) ;
#5452 = CARTESIAN_POINT ( 'NONE',  ( -82.41788286210069714, 15.48641401289931174, 0.5000000000000004441 ) ) ;
#5453 = DIRECTION ( 'NONE',  ( -0.000000000000000000, 1.000000000000000000, 0.000000000000000000 ) ) ;
#5454 = ORIENTED_EDGE ( 'NONE', *, *, #2925, .F. ) ;
#5455 = CYLINDRICAL_SURFACE ( 'NONE', #3080, 0.5000000000000004441 ) ;
#5456 = ORIENTED_EDGE ( 'NONE', *, *, #4985, .F. ) ;
#5457 = ORIENTED_EDGE ( 'NONE', *, *, #8666, .F. ) ;
#5458 = FACE_BOUND ( 'NONE', #6165, .T. ) ;
#5459 = CARTESIAN_POINT ( 'NONE',  ( -83.06788286210067440, 15.48641401289931174, 0.5000000000000004441 ) ) ;
#5460 = ADVANCED_FACE ( 'NONE', ( #8104 ), #4629, .F. ) ;
#5461 = VECTOR ( 'NONE', #9156, 1000.000000000000000 ) ;
#5462 = DIRECTION ( 'NONE',  ( 0.7071067811865466846, 0.7071067811865483499, 0.000000000000000000 ) ) ;
#5463 = EDGE_CURVE ( 'NONE', #9192, #4915, #290, .T. ) ;
#5464 = CARTESIAN_POINT ( 'NONE',  ( -31.76788286210068080, 20.78641401289931778, 1.500000000000000444 ) ) ;
#5465 = LINE ( 'NONE', #4103, #3883 ) ;
#5466 = ORIENTED_EDGE ( 'NONE', *, *, #1729, .T. ) ;
#5467 = CARTESIAN_POINT ( 'NONE',  ( -84.75000000000001421, 0.000000000000000000, 1.500000000000000444 ) ) ;
#5468 = ORIENTED_EDGE ( 'NONE', *, *, #2496, .T. ) ;
#5469 = DIRECTION ( 'NONE',  ( 0.000000000000000000, 0.000000000000000000, -1.000000000000000000 ) ) ;
#5470 = ORIENTED_EDGE ( 'NONE', *, *, #4320, .F. ) ;
#5471 = ORIENTED_EDGE ( 'NONE', *, *, #5358, .F. ) ;
#5472 = VECTOR ( 'NONE', #2353, 1000.000000000000000 ) ;
#5473 = SHAPE_DEFINITION_REPRESENTATION ( #8049, #1864 ) ;
#5474 = FACE_OUTER_BOUND ( 'NONE', #1451, .T. ) ;
#5475 = ADVANCED_FACE ( 'NONE', ( #8760 ), #3790, .T. ) ;
#5476 = VECTOR ( 'NONE', #1594, 1000.000000000000000 ) ;
#5477 = DIRECTION ( 'NONE',  ( 0.000000000000000000, 0.000000000000000000, 1.000000000000000000 ) ) ;
#5478 = AXIS2_PLACEMENT_3D ( 'NONE', #1696, #8152, #2344 ) ;
#5479 = ORIENTED_EDGE ( 'NONE', *, *, #5333, .F. ) ;
#5480 = ORIENTED_EDGE ( 'NONE', *, *, #3437, .T. ) ;
#5481 = CARTESIAN_POINT ( 'NONE',  ( -75.38211713789932844, 16.07582173911838197, 4.000000000000000000 ) ) ;
#5482 = VERTEX_POINT ( 'NONE', #381 ) ;
#5483 = VECTOR ( 'NONE', #7247, 1000.000000000000000 ) ;
#5484 = CARTESIAN_POINT ( 'NONE',  ( 39.25000000000000000, 23.15429687500000000, 4.000000000000000000 ) ) ;
#5485 = FACE_OUTER_BOUND ( 'NONE', #4681, .T. ) ;
#5486 = CARTESIAN_POINT ( 'NONE',  ( 29.99516686613601024, 15.66277201088163373, 2.996198623261645100 ) ) ;
#5487 = DIRECTION ( 'NONE',  ( 0.5773502691896323924, -0.5773502691896323924, 0.5773502691896122974 ) ) ;
#5488 = CIRCLE ( 'NONE', #2660, 0.5000000000000000000 ) ;
#5489 = EDGE_CURVE ( 'NONE', #5566, #4563, #6786, .T. ) ;
#5490 = CARTESIAN_POINT ( 'NONE',  ( 29.58211713789928154, 20.23277201088163224, 1.500000000000000444 ) ) ;
#5491 = VERTEX_POINT ( 'NONE', #4441 ) ;
#5492 = CARTESIAN_POINT ( 'NONE',  ( -52.81211713789932816, 20.66277201088163551, 2.988744022555677837 ) ) ;
#5493 = VERTEX_POINT ( 'NONE', #6043 ) ;
#5494 = CARTESIAN_POINT ( 'NONE',  ( -91.75000000000001421, 19.66277201088163196, 3.250000000000000444 ) ) ;
#5495 = EDGE_CURVE ( 'NONE', #6433, #3673, #1787, .T. ) ;
#5496 = PLANE ( 'NONE',  #1687 ) ;
#5497 = EDGE_LOOP ( 'NONE', ( #8004, #8155, #5120, #216 ) ) ;
#5498 = DIRECTION ( 'NONE',  ( 1.000000000000000000, -0.000000000000000000, -0.000000000000000000 ) ) ;
#5499 = VECTOR ( 'NONE', #7443, 1000.000000000000000 ) ;
#5500 = VECTOR ( 'NONE', #4365, 1000.000000000000000 ) ;
#5501 = DIRECTION ( 'NONE',  ( 0.000000000000000000, 1.000000000000000000, 0.000000000000000000 ) ) ;
#5502 = ORIENTED_EDGE ( 'NONE', *, *, #558, .T. ) ;
#5503 = DIRECTION ( 'NONE',  ( -0.000000000000000000, -1.000000000000000000, -0.000000000000000000 ) ) ;
#5504 = ORIENTED_EDGE ( 'NONE', *, *, #8394, .F. ) ;
#5505 = ORIENTED_EDGE ( 'NONE', *, *, #7792, .T. ) ;
#5506 = EDGE_CURVE ( 'NONE', #2701, #4337, #6598, .T. ) ;
#5507 = CARTESIAN_POINT ( 'NONE',  ( 14.23211713789931920, 15.50448725967914143, 0.5000000000000004441 ) ) ;
#5508 = EDGE_CURVE ( 'NONE', #1634, #516, #1650, .T. ) ;
#5509 = AXIS2_PLACEMENT_3D ( 'NONE', #8313, #6244, #6199 ) ;
#5510 = DIRECTION ( 'NONE',  ( -1.000000000000000000, 0.000000000000000000, 0.000000000000000000 ) ) ;
#5511 = DIRECTION ( 'NONE',  ( 0.000000000000000000, 0.000000000000000000, -1.000000000000000000 ) ) ;
#5512 = DIRECTION ( 'NONE',  ( 1.000000000000000000, 1.259073490628327444E-16, -0.000000000000000000 ) ) ;
#5513 = FACE_OUTER_BOUND ( 'NONE', #3156, .T. ) ;
#5514 = ORIENTED_EDGE ( 'NONE', *, *, #2199, .T. ) ;
#5515 = CARTESIAN_POINT ( 'NONE',  ( -37.06788286210068151, 15.48641401289931174, 0.5000000000000004441 ) ) ;
#5516 = EDGE_LOOP ( 'NONE', ( #6512, #3170, #6939, #7148, #4762 ) ) ;
#5517 = VECTOR ( 'NONE', #3342, 1000.000000000000000 ) ;
#5518 = CARTESIAN_POINT ( 'NONE',  ( -13.41788286210068826, 20.78641401289931778, 0.5000000000000004441 ) ) ;
#5519 = LINE ( 'NONE', #1966, #4795 ) ;
#5520 = EDGE_CURVE ( 'NONE', #8452, #1308, #3880, .T. ) ;
#5521 = EDGE_CURVE ( 'NONE', #293, #1735, #2388, .T. ) ;
#5522 =( BOUNDED_CURVE ( )  B_SPLINE_CURVE ( 3, ( #17, #629, #4312, #9201 ),
 .UNSPECIFIED., .F., .F. ) 
 B_SPLINE_CURVE_WITH_KNOTS ( ( 4, 4 ),
 ( 4.887178170386528464, 6.283185307179586232 ),
 .UNSPECIFIED. ) 
 CURVE ( )  GEOMETRIC_REPRESENTATION_ITEM ( )  RATIONAL_B_SPLINE_CURVE ( ( 1.000000000000000000, 0.8440845325001467003, 0.8440845325001467003, 1.000000000000000000 ) ) 
 REPRESENTATION_ITEM ( '' )  );
#5523 = AXIS2_PLACEMENT_3D ( 'NONE', #5946, #8759, #8807 ) ;
#5524 = LINE ( 'NONE', #4863, #3978 ) ;
#5525 = DIRECTION ( 'NONE',  ( 1.000000000000000000, 0.000000000000000000, 0.000000000000000000 ) ) ;
#5526 = EDGE_LOOP ( 'NONE', ( #5466, #7290, #6875, #3172 ) ) ;
#5527 = EDGE_LOOP ( 'NONE', ( #6340, #2778, #1929, #2793, #842 ) ) ;
#5528 = CARTESIAN_POINT ( 'NONE',  ( -78.41788286210069714, 22.78641401289931778, 1.500000000000000444 ) ) ;
#5529 = VERTEX_POINT ( 'NONE', #5241 ) ;
#5530 = EDGE_CURVE ( 'NONE', #6447, #1283, #8906, .T. ) ;
#5531 = ADVANCED_FACE ( 'NONE', ( #3929 ), #3046, .F. ) ;
#5532 = DIRECTION ( 'NONE',  ( 0.000000000000000000, 1.000000000000000000, -0.000000000000000000 ) ) ;
#5533 = ORIENTED_EDGE ( 'NONE', *, *, #586, .F. ) ;
#5534 = DIRECTION ( 'NONE',  ( 1.000000000000000000, 0.000000000000000000, 0.000000000000000000 ) ) ;
#5535 = CARTESIAN_POINT ( 'NONE',  ( -78.41788286210068293, 13.48641401289931174, 0.5000000000000004441 ) ) ;
#5536 = DIRECTION ( 'NONE',  ( 1.000000000000000000, -1.734723475976806709E-18, -0.000000000000000000 ) ) ;
#5537 = PLANE ( 'NONE',  #5445 ) ;
#5538 = DIRECTION ( 'NONE',  ( -0.000000000000000000, -0.000000000000000000, 1.000000000000000000 ) ) ;
#5539 = ORIENTED_EDGE ( 'NONE', *, *, #3186, .F. ) ;
#5540 = FACE_OUTER_BOUND ( 'NONE', #6534, .T. ) ;
#5541 = ORIENTED_EDGE ( 'NONE', *, *, #7985, .T. ) ;
#5542 = CARTESIAN_POINT ( 'NONE',  ( -39.00483313386396844, 15.66277201088163373, 3.250000000000000444 ) ) ;
#5543 = ORIENTED_EDGE ( 'NONE', *, *, #3333, .T. ) ;
#5544 = VECTOR ( 'NONE', #2358, 1000.000000000000000 ) ;
#5545 = CARTESIAN_POINT ( 'NONE',  ( -62.41788286210071135, 16.07582173911837486, 1.500000000000000444 ) ) ;
#5546 = ORIENTED_EDGE ( 'NONE', *, *, #5437, .F. ) ;
#5547 = CARTESIAN_POINT ( 'NONE',  ( 6.582117137899287762, 20.23277201088163224, 1.500000000000000444 ) ) ;
#5548 = VECTOR ( 'NONE', #6771, 1000.000000000000000 ) ;
#5549 = LINE ( 'NONE', #2746, #2248 ) ;
#5550 = EDGE_LOOP ( 'NONE', ( #1804, #5740, #72, #2443 ) ) ;
#5551 = DIRECTION ( 'NONE',  ( 0.000000000000000000, 1.000000000000000000, 0.000000000000000000 ) ) ;
#5552 = ORIENTED_EDGE ( 'NONE', *, *, #7094, .F. ) ;
#5553 = ORIENTED_EDGE ( 'NONE', *, *, #7530, .F. ) ;
#5554 = CARTESIAN_POINT ( 'NONE',  ( -32.32152486411842318, 23.17217973710070567, 6.000000000000000000 ) ) ;
#5555 = VECTOR ( 'NONE', #6366, 1000.000000000000000 ) ;
#5556 = ORIENTED_EDGE ( 'NONE', *, *, #2277, .F. ) ;
#5557 = ADVANCED_FACE ( 'NONE', ( #2483 ), #7355, .F. ) ;
#5558 = VECTOR ( 'NONE', #9259, 1000.000000000000000 ) ;
#5559 = CARTESIAN_POINT ( 'NONE',  ( 9.582117137899304637, 20.78641401289931778, 0.5000000000000004441 ) ) ;
#5560 = ADVANCED_FACE ( 'NONE', ( #240 ), #2535, .F. ) ;
#5561 = LINE ( 'NONE', #4011, #6072 ) ;
#5562 = EDGE_CURVE ( 'NONE', #4676, #4974, #8810, .T. ) ;
#5563 = DIRECTION ( 'NONE',  ( -1.000000000000000000, -0.000000000000000000, -0.000000000000000000 ) ) ;
#5564 = ORIENTED_EDGE ( 'NONE', *, *, #5100, .T. ) ;
#5565 = CARTESIAN_POINT ( 'NONE',  ( 39.25000000000000000, 13.15429687500000355, 4.000000000000000000 ) ) ;
#5566 = VERTEX_POINT ( 'NONE', #3141 ) ;
#5567 = VECTOR ( 'NONE', #2125, 1000.000000000000000 ) ;
#5568 = CARTESIAN_POINT ( 'NONE',  ( 13.67847513588160702, 13.13641401289931210, 1.500000000000000444 ) ) ;
#5569 = CARTESIAN_POINT ( 'NONE',  ( 39.25000000000000000, 20.60065487298227893, 1.500000000000000444 ) ) ;
#5570 = VECTOR ( 'NONE', #575, 1000.000000000000000 ) ;
#5571 = LINE ( 'NONE', #8300, #4727 ) ;
#5572 = CARTESIAN_POINT ( 'NONE',  ( 14.23211713789931920, 20.78641401289931778, 0.000000000000000000 ) ) ;
#5573 = EDGE_CURVE ( 'NONE', #3507, #8843, #5995, .T. ) ;
#5574 = ORIENTED_EDGE ( 'NONE', *, *, #9226, .F. ) ;
#5575 = DIRECTION ( 'NONE',  ( -1.000000000000000000, -1.119176436114068839E-16, 0.000000000000000000 ) ) ;
#5576 = ORIENTED_EDGE ( 'NONE', *, *, #7067, .F. ) ;
#5577 = AXIS2_PLACEMENT_3D ( 'NONE', #5324, #8193, #6124 ) ;
#5578 = CARTESIAN_POINT ( 'NONE',  ( -75.38211713789932844, 16.07582173911838197, 1.500000000000000444 ) ) ;
#5579 = ORIENTED_EDGE ( 'NONE', *, *, #5933, .F. ) ;
#5580 =( BOUNDED_CURVE ( )  B_SPLINE_CURVE ( 3, ( #6431, #4233, #2880, #7799 ),
 .UNSPECIFIED., .F., .F. ) 
 B_SPLINE_CURVE_WITH_KNOTS ( ( 4, 4 ),
 ( 1.745585516796707148, 3.141592653589793116 ),
 .UNSPECIFIED. ) 
 CURVE ( )  GEOMETRIC_REPRESENTATION_ITEM ( )  RATIONAL_B_SPLINE_CURVE ( ( 1.000000000000000000, 0.8440845325001407051, 0.8440845325001407051, 1.000000000000000000 ) ) 
 REPRESENTATION_ITEM ( '' )  );
#5581 = CARTESIAN_POINT ( 'NONE',  ( -55.41788286210069003, 22.78641401289931778, 0.5000000000000004441 ) ) ;
#5582 = CARTESIAN_POINT ( 'NONE',  ( -52.81211713789932816, 20.66277201088163551, 3.511255977444322163 ) ) ;
#5583 = EDGE_CURVE ( 'NONE', #3191, #3352, #3189, .T. ) ;
#5584 = EDGE_CURVE ( 'NONE', #8986, #2988, #6738, .T. ) ;
#5585 = DIRECTION ( 'NONE',  ( 1.000000000000000000, 0.000000000000000000, 0.000000000000000000 ) ) ;
#5586 = CARTESIAN_POINT ( 'NONE',  ( -29.79516686613607135, 15.66277201088163729, 2.996198623261642879 ) ) ;
#5587 = DIRECTION ( 'NONE',  ( 0.000000000000000000, -0.7071067811865465735, 0.7071067811865483499 ) ) ;
#5588 = ORIENTED_EDGE ( 'NONE', *, *, #9198, .F. ) ;
#5589 = CARTESIAN_POINT ( 'NONE',  ( -77.76788286210067724, 15.50448725967914143, 0.5000000000000004441 ) ) ;
#5590 = ORIENTED_EDGE ( 'NONE', *, *, #6847, .F. ) ;
#5591 = DIRECTION ( 'NONE',  ( 0.000000000000000000, 1.000000000000000000, 0.000000000000000000 ) ) ;
#5592 = ORIENTED_EDGE ( 'NONE', *, *, #143, .F. ) ;
#5593 = DIRECTION ( 'NONE',  ( 1.000000000000000000, 0.000000000000000000, 0.000000000000000000 ) ) ;
#5594 = EDGE_LOOP ( 'NONE', ( #2168, #8648, #77, #6618 ) ) ;
#5595 = ADVANCED_FACE ( 'NONE', ( #4771 ), #5614, .F. ) ;
#5596 = DIRECTION ( 'NONE',  ( -1.000000000000000000, -0.000000000000000000, -0.000000000000000000 ) ) ;
#5597 = FACE_OUTER_BOUND ( 'NONE', #4473, .T. ) ;
#5598 = ORIENTED_EDGE ( 'NONE', *, *, #2061, .F. ) ;
#5599 = CARTESIAN_POINT ( 'NONE',  ( -62.16794860091058439, 15.82588747792824080, 3.698245413017312355 ) ) ;
#5600 = ORIENTED_EDGE ( 'NONE', *, *, #6423, .F. ) ;
#5601 = CARTESIAN_POINT ( 'NONE',  ( 29.58211713789928154, 16.66277201088163551, 3.250000000000000444 ) ) ;
#5602 = ORIENTED_EDGE ( 'NONE', *, *, #5099, .T. ) ;
#5603 = FACE_OUTER_BOUND ( 'NONE', #6790, .T. ) ;
#5604 = DIRECTION ( 'NONE',  ( 0.000000000000000000, 0.000000000000000000, 1.000000000000000000 ) ) ;
#5605 = CARTESIAN_POINT ( 'NONE',  ( -13.49635799798231872, 13.15429687499999289, 6.000000000000000000 ) ) ;
#5606 = ORIENTED_EDGE ( 'NONE', *, *, #4708, .T. ) ;
#5607 = DIRECTION ( 'NONE',  ( -0.000000000000000000, -0.000000000000000000, 1.000000000000000000 ) ) ;
#5608 = ORIENTED_EDGE ( 'NONE', *, *, #154, .F. ) ;
#5609 = EDGE_CURVE ( 'NONE', #5999, #979, #5174, .T. ) ;
#5610 = CARTESIAN_POINT ( 'NONE',  ( -37.06788286210068151, 20.78641401289931423, -2.999999999999999112 ) ) ;
#5611 = ORIENTED_EDGE ( 'NONE', *, *, #2264, .T. ) ;
#5612 = EDGE_CURVE ( 'NONE', #5529, #2504, #8437, .T. ) ;
#5613 = CIRCLE ( 'NONE', #6061, 0.5000000000000000000 ) ;
#5614 = PLANE ( 'NONE',  #853 ) ;
#5615 = CARTESIAN_POINT ( 'NONE',  ( -91.75000000000000000, 11.05429687500000036, 5.399999999999998579 ) ) ;
#5616 = ORIENTED_EDGE ( 'NONE', *, *, #1767, .F. ) ;
#5617 = VECTOR ( 'NONE', #5503, 1000.000000000000000 ) ;
#5618 = DIRECTION ( 'NONE',  ( -1.000000000000000000, -6.546126324440782623E-16, -0.000000000000000000 ) ) ;
#5619 = ORIENTED_EDGE ( 'NONE', *, *, #2542, .T. ) ;
#5620 = LINE ( 'NONE', #4117, #7199 ) ;
#5621 = ORIENTED_EDGE ( 'NONE', *, *, #9130, .F. ) ;
#5622 = EDGE_CURVE ( 'NONE', #6712, #6485, #1138, .T. ) ;
#5623 = EDGE_CURVE ( 'NONE', #8085, #8439, #7722, .T. ) ;
#5624 = LINE ( 'NONE', #1241, #4827 ) ;
#5625 = VECTOR ( 'NONE', #4195, 1000.000000000000000 ) ;
#5626 = LINE ( 'NONE', #8490, #5018 ) ;
#5627 = DIRECTION ( 'NONE',  ( -1.000000000000000000, 0.000000000000000000, 0.000000000000000000 ) ) ;
#5628 = DIRECTION ( 'NONE',  ( -1.000000000000000000, -1.119176436114068839E-16, 0.000000000000000000 ) ) ;
#5629 = CARTESIAN_POINT ( 'NONE',  ( -29.38211713789932844, 16.66277201088163551, 3.250000000000000444 ) ) ;
#5630 = DIRECTION ( 'NONE',  ( 1.000000000000000000, 0.000000000000000000, 0.000000000000000000 ) ) ;
#5631 = ORIENTED_EDGE ( 'NONE', *, *, #1879, .T. ) ;
#5632 = PLANE ( 'NONE',  #2976 ) ;
#5633 =( BOUNDED_CURVE ( )  B_SPLINE_CURVE ( 3, ( #1475, #2302, #1564, #5245 ),
 .UNSPECIFIED., .F., .F. ) 
 B_SPLINE_CURVE_WITH_KNOTS ( ( 4, 4 ),
 ( 0.000000000000000000, 1.430334912085025723 ),
 .UNSPECIFIED. ) 
 CURVE ( )  GEOMETRIC_REPRESENTATION_ITEM ( )  RATIONAL_B_SPLINE_CURVE ( ( 1.000000000000000000, 0.8366556290180532374, 0.8366556290180532374, 1.000000000000000000 ) ) 
 REPRESENTATION_ITEM ( '' )  );
#5634 = ORIENTED_EDGE ( 'NONE', *, *, #8654, .T. ) ;
#5635 = AXIS2_PLACEMENT_3D ( 'NONE', #8751, #4568, #3781 ) ;
#5636 = CARTESIAN_POINT ( 'NONE',  ( -9.303642002017701529, 13.15429687499999645, 1.500000000000000444 ) ) ;
#5637 = EDGE_LOOP ( 'NONE', ( #5772, #9097, #1340 ) ) ;
#5638 = EDGE_CURVE ( 'NONE', #6712, #4676, #1878, .T. ) ;
#5639 = EDGE_CURVE ( 'NONE', #4337, #6248, #1834, .T. ) ;
#5640 = CARTESIAN_POINT ( 'NONE',  ( -82.41788286210069714, 20.78641401289931778, 0.5000000000000004441 ) ) ;
#5641 = EDGE_LOOP ( 'NONE', ( #3341, #4515, #2489, #6568, #8028, #7093, #5041, #6187, #7497 ) ) ;
#5642 = AXIS2_PLACEMENT_3D ( 'NONE', #882, #3118, #3028 ) ;
#5643 = DIRECTION ( 'NONE',  ( 0.000000000000000000, 1.000000000000000000, 0.000000000000000000 ) ) ;
#5644 = DIRECTION ( 'NONE',  ( 6.938893903907228378E-15, 1.000000000000000000, 0.000000000000000000 ) ) ;
#5645 = LINE ( 'NONE', #7889, #3746 ) ;
#5646 = ORIENTED_EDGE ( 'NONE', *, *, #3188, .T. ) ;
#5647 = CARTESIAN_POINT ( 'NONE',  ( -62.00483313386396844, 15.66277201088163373, 3.250000000000000444 ) ) ;
#5648 = EDGE_LOOP ( 'NONE', ( #4988, #6175, #7748, #3786 ) ) ;
#5649 = ORIENTED_EDGE ( 'NONE', *, *, #772, .F. ) ;
#5650 = LINE ( 'NONE', #1357, #9161 ) ;
#5651 = EDGE_CURVE ( 'NONE', #9009, #1308, #5524, .T. ) ;
#5652 = EDGE_LOOP ( 'NONE', ( #6742, #1387, #47, #2488, #2691, #4383, #4036, #6993, #365 ) ) ;
#5653 = VECTOR ( 'NONE', #2857, 1000.000000000000000 ) ;
#5654 = DIRECTION ( 'NONE',  ( -0.5773502691896323924, -0.5773502691896323924, -0.5773502691896122974 ) ) ;
#5655 = DIRECTION ( 'NONE',  ( 0.000000000000000000, -1.000000000000000000, 0.000000000000000000 ) ) ;
#5656 = LINE ( 'NONE', #2097, #7484 ) ;
#5657 = ORIENTED_EDGE ( 'NONE', *, *, #2380, .F. ) ;
#5658 = CARTESIAN_POINT ( 'NONE',  ( 14.23211713789931920, 0.000000000000000000, 0.000000000000000000 ) ) ;
#5659 = ORIENTED_EDGE ( 'NONE', *, *, #3687, .T. ) ;
#5660 = DIRECTION ( 'NONE',  ( -1.000000000000000000, 0.000000000000000000, 0.000000000000000000 ) ) ;
#5661 = ORIENTED_EDGE ( 'NONE', *, *, #7503, .T. ) ;
#5662 = AXIS2_PLACEMENT_3D ( 'NONE', #5518, #4860, #6266 ) ;
#5663 = DIRECTION ( 'NONE',  ( 1.000000000000000000, -0.000000000000000000, 0.000000000000000000 ) ) ;
#5664 = LINE ( 'NONE', #7155, #4565 ) ;
#5665 = VECTOR ( 'NONE', #7649, 1000.000000000000000 ) ;
#5666 = EDGE_LOOP ( 'NONE', ( #8936, #6402, #5951, #2909 ) ) ;
#5667 = DIRECTION ( 'NONE',  ( -1.000000000000000000, 0.000000000000000000, -0.000000000000000000 ) ) ;
#5668 = EDGE_LOOP ( 'NONE', ( #8887, #4161, #5468, #6655, #4187, #6354, #3704, #662 ) ) ;
#5669 = LINE ( 'NONE', #7825, #2722 ) ;
#5670 = ORIENTED_EDGE ( 'NONE', *, *, #708, .T. ) ;
#5671 = FACE_OUTER_BOUND ( 'NONE', #1607, .T. ) ;
#5672 = LINE ( 'NONE', #8537, #554 ) ;
#5673 = DIRECTION ( 'NONE',  ( 0.000000000000000000, 1.000000000000000000, 0.000000000000000000 ) ) ;
#5674 = ADVANCED_FACE ( 'NONE', ( #8388 ), #1968, .F. ) ;
#5675 = CARTESIAN_POINT ( 'NONE',  ( -39.41788286210071135, 16.16277201088163551, 3.250000000000000444 ) ) ;
#5676 = VECTOR ( 'NONE', #7208, 1000.000000000000000 ) ;
#5677 = ADVANCED_FACE ( 'NONE', ( #6316 ), #6134, .F. ) ;
#5678 = DIRECTION ( 'NONE',  ( 0.000000000000000000, -0.000000000000000000, 1.000000000000000000 ) ) ;
#5679 = ORIENTED_EDGE ( 'NONE', *, *, #4124, .F. ) ;
#5680 = DIRECTION ( 'NONE',  ( -1.000000000000000000, -0.000000000000000000, -0.000000000000000000 ) ) ;
#5681 = ORIENTED_EDGE ( 'NONE', *, *, #1754, .T. ) ;
#5682 = DIRECTION ( 'NONE',  ( -1.000000000000000000, 0.000000000000000000, 0.000000000000000000 ) ) ;
#5683 = VERTEX_POINT ( 'NONE', #7017 ) ;
#5684 = ORIENTED_EDGE ( 'NONE', *, *, #1018, .F. ) ;
#5685 = DIRECTION ( 'NONE',  ( -1.000000000000000000, -6.546126324440781637E-16, 0.000000000000000000 ) ) ;
#5686 = CARTESIAN_POINT ( 'NONE',  ( -52.38211713789932844, 20.23277201088161803, 1.500000000000000444 ) ) ;
#5687 = ADVANCED_FACE ( 'NONE', ( #7679 ), #6971, .F. ) ;
#5688 = CARTESIAN_POINT ( 'NONE',  ( -84.75000000000001421, 15.40793887701768483, 4.000000000000000000 ) ) ;
#5689 = ORIENTED_EDGE ( 'NONE', *, *, #7622, .T. ) ;
#5690 = VERTEX_POINT ( 'NONE', #5428 ) ;
#5691 = CIRCLE ( 'NONE', #6883, 0.5000000000000000000 ) ;
#5692 = CARTESIAN_POINT ( 'NONE',  ( 0.000000000000000000, 0.000000000000000000, 4.000000000000000000 ) ) ;
#5693 = ORIENTED_EDGE ( 'NONE', *, *, #7153, .T. ) ;
#5694 = VECTOR ( 'NONE', #1486, 1000.000000000000000 ) ;
#5695 = DIRECTION ( 'NONE',  ( 1.000000000000000000, -0.000000000000000000, 0.000000000000000000 ) ) ;
#5696 = FACE_OUTER_BOUND ( 'NONE', #7453, .T. ) ;
#5697 = EDGE_CURVE ( 'NONE', #60, #4104, #5571, .T. ) ;
#5698 = CARTESIAN_POINT ( 'NONE',  ( -30.01788286210067724, 20.78641401289931778, 0.5000000000000004441 ) ) ;
#5699 = ORIENTED_EDGE ( 'NONE', *, *, #9268, .T. ) ;
#5700 = ADVANCED_FACE ( 'NONE', ( #4022 ), #1275, .F. ) ;
#5701 = DIRECTION ( 'NONE',  ( 0.000000000000000000, 0.000000000000000000, 1.000000000000000000 ) ) ;
#5702 = ORIENTED_EDGE ( 'NONE', *, *, #7238, .T. ) ;
#5703 = DIRECTION ( 'NONE',  ( 0.000000000000000000, 0.000000000000000000, 1.000000000000000000 ) ) ;
#5704 = AXIS2_PLACEMENT_3D ( 'NONE', #5610, #9139, #9186 ) ;
#5705 = CARTESIAN_POINT ( 'NONE',  ( -36.47847513588165214, 13.13641401289931210, 6.000000000000000000 ) ) ;
#5706 = CARTESIAN_POINT ( 'NONE',  ( -60.06788286210068151, 20.78641401289931423, 1.500000000000000444 ) ) ;
#5707 = VECTOR ( 'NONE', #8326, 1000.000000000000000 ) ;
#5708 = CIRCLE ( 'NONE', #1683, 0.5000000000000000000 ) ;
#5709 = ORIENTED_EDGE ( 'NONE', *, *, #960, .T. ) ;
#5710 = CARTESIAN_POINT ( 'NONE',  ( -91.75000000000001421, 20.16277201088163196, 3.250000000000000444 ) ) ;
#5711 = VERTEX_POINT ( 'NONE', #568 ) ;
#5712 = CARTESIAN_POINT ( 'NONE',  ( 114.9999999999999858, 0.000000000000000000, 0.5000000000000004441 ) ) ;
#5713 = ORIENTED_EDGE ( 'NONE', *, *, #98, .T. ) ;
#5714 = CIRCLE ( 'NONE', #1248, 0.5000000000000000000 ) ;
#5715 = PLANE ( 'NONE',  #6918 ) ;
#5716 = LINE ( 'NONE', #2114, #1456 ) ;
#5717 = LINE ( 'NONE', #815, #8344 ) ;
#5718 = CARTESIAN_POINT ( 'NONE',  ( -36.41788286210069714, 13.48641401289930997, 1.500000000000000444 ) ) ;
#5719 = AXIS2_PLACEMENT_3D ( 'NONE', #7389, #9242, #2204 ) ;
#5720 = LINE ( 'NONE', #5765, #4193 ) ;
#5721 = ORIENTED_EDGE ( 'NONE', *, *, #5321, .F. ) ;
#5722 = DIRECTION ( 'NONE',  ( -0.000000000000000000, -0.000000000000000000, 1.000000000000000000 ) ) ;
#5723 = CARTESIAN_POINT ( 'NONE',  ( 46.25000000000000000, 22.40429687500000355, 1.000000000000000000 ) ) ;
#5724 = EDGE_CURVE ( 'NONE', #1464, #7837, #6183, .T. ) ;
#5725 = VERTEX_POINT ( 'NONE', #2627 ) ;
#5726 = ADVANCED_FACE ( 'NONE', ( #5474 ), #8345, .F. ) ;
#5727 = LINE ( 'NONE', #8017, #4664 ) ;
#5728 = ADVANCED_FACE ( 'NONE', ( #3367 ), #2898, .F. ) ;
#5729 = ORIENTED_EDGE ( 'NONE', *, *, #708, .F. ) ;
#5730 = LINE ( 'NONE', #4183, #9164 ) ;
#5731 = CARTESIAN_POINT ( 'NONE',  ( 29.58211713789928154, 17.66277201088163196, 3.250000000000000444 ) ) ;
#5732 = CARTESIAN_POINT ( 'NONE',  ( -52.38211713789932844, 16.07582173911838197, 3.742381610379892809 ) ) ;
#5733 = ORIENTED_EDGE ( 'NONE', *, *, #8200, .F. ) ;
#5734 = ORIENTED_EDGE ( 'NONE', *, *, #8955, .T. ) ;
#5735 = EDGE_LOOP ( 'NONE', ( #8786, #6480, #4004, #171 ) ) ;
#5736 = DIRECTION ( 'NONE',  ( 1.000000000000000000, 0.000000000000000000, 0.000000000000000000 ) ) ;
#5737 = FACE_OUTER_BOUND ( 'NONE', #2563, .T. ) ;
#5738 = ADVANCED_FACE ( 'NONE', ( #4205 ), #4387, .F. ) ;
#5739 = EDGE_CURVE ( 'NONE', #978, #4199, #7910, .T. ) ;
#5740 = ORIENTED_EDGE ( 'NONE', *, *, #2620, .F. ) ;
#5741 = LINE ( 'NONE', #4194, #5334 ) ;
#5742 = APPLICATION_CONTEXT ( 'configuration controlled 3d designs of mechanical parts and assemblies' ) ;
#5743 = FACE_OUTER_BOUND ( 'NONE', #467, .T. ) ;
#5744 = FACE_OUTER_BOUND ( 'NONE', #5863, .T. ) ;
#5745 = ORIENTED_EDGE ( 'NONE', *, *, #4868, .F. ) ;
#5746 = CARTESIAN_POINT ( 'NONE',  ( 31.93211713789931139, 20.78641401289931423, -2.999999999999999112 ) ) ;
#5747 = ORIENTED_EDGE ( 'NONE', *, *, #300, .F. ) ;
#5748 = DIRECTION ( 'NONE',  ( -1.000000000000000000, -6.546126324440782623E-16, -0.000000000000000000 ) ) ;
#5749 = VECTOR ( 'NONE', #6239, 1000.000000000000000 ) ;
#5750 = ADVANCED_FACE ( 'NONE', ( #8528 ), #2150, .F. ) ;
#5751 = ADVANCED_FACE ( 'NONE', ( #1 ), #2060, .F. ) ;
#5752 = LINE ( 'NONE', #9231, #1750 ) ;
#5753 = DIRECTION ( 'NONE',  ( -0.000000000000000000, -0.000000000000000000, 1.000000000000000000 ) ) ;
#5754 = ORIENTED_EDGE ( 'NONE', *, *, #5033, .T. ) ;
#5755 = CARTESIAN_POINT ( 'NONE',  ( 23.00000000000000000, 0.000000000000000000, 0.5000000000000004441 ) ) ;
#5756 = LINE ( 'NONE', #8620, #5110 ) ;
#5757 = EDGE_CURVE ( 'NONE', #9258, #2465, #3597, .T. ) ;
#5758 = PLANE ( 'NONE',  #4668 ) ;
#5759 = LINE ( 'NONE', #8583, #8771 ) ;
#5760 = DIRECTION ( 'NONE',  ( 1.000000000000000000, 0.000000000000000000, 0.000000000000000000 ) ) ;
#5761 = CIRCLE ( 'NONE', #1737, 0.5000000000000000000 ) ;
#5762 =( BOUNDED_CURVE ( )  B_SPLINE_CURVE ( 3, ( #5009, #1511, #9243, #3651 ),
 .UNSPECIFIED., .F., .F. ) 
 B_SPLINE_CURVE_WITH_KNOTS ( ( 4, 4 ),
 ( 3.141592653589793116, 4.537599790382879306 ),
 .UNSPECIFIED. ) 
 CURVE ( )  GEOMETRIC_REPRESENTATION_ITEM ( )  RATIONAL_B_SPLINE_CURVE ( ( 1.000000000000000000, 0.8440845325001405941, 0.8440845325001405941, 1.000000000000000000 ) ) 
 REPRESENTATION_ITEM ( '' )  );
#5763 = PLANE ( 'NONE',  #3057 ) ;
#5764 = VERTEX_POINT ( 'NONE', #753 ) ;
#5765 = CARTESIAN_POINT ( 'NONE',  ( -59.47847513588163793, 23.17217973710070567, 1.500000000000000444 ) ) ;
#5766 = ORIENTED_EDGE ( 'NONE', *, *, #8425, .F. ) ;
#5767 = CARTESIAN_POINT ( 'NONE',  ( -90.00000000000001421, 0.000000000000000000, 0.000000000000000000 ) ) ;
#5768 = ORIENTED_EDGE ( 'NONE', *, *, #2978, .T. ) ;
#5769 = VECTOR ( 'NONE', #1686, 1000.000000000000000 ) ;
#5770 = VECTOR ( 'NONE', #1981, 1000.000000000000000 ) ;
#5771 = CARTESIAN_POINT ( 'NONE',  ( -82.49635799798228675, 13.15429687499997513, 6.000000000000000000 ) ) ;
#5772 = ORIENTED_EDGE ( 'NONE', *, *, #2926, .F. ) ;
#5773 = EDGE_CURVE ( 'NONE', #2504, #7579, #663, .T. ) ;
#5774 = CARTESIAN_POINT ( 'NONE',  ( -84.75000000000001421, 22.40429687500000355, 1.000000000000000000 ) ) ;
#5775 = VECTOR ( 'NONE', #5267, 1000.000000000000000 ) ;
#5776 = CARTESIAN_POINT ( 'NONE',  ( -13.49635799798234714, 23.15429687499999289, 6.000000000000000000 ) ) ;
#5777 = DIRECTION ( 'NONE',  ( -0.000000000000000000, 0.000000000000000000, 1.000000000000000000 ) ) ;
#5778 = VERTEX_POINT ( 'NONE', #709 ) ;
#5779 = FACE_OUTER_BOUND ( 'NONE', #3444, .T. ) ;
#5780 = ADVANCED_FACE ( 'NONE', ( #2104 ), #2242, .F. ) ;
#5781 = ORIENTED_EDGE ( 'NONE', *, *, #6437, .F. ) ;
#5782 = CARTESIAN_POINT ( 'NONE',  ( -59.41788286210069714, 20.78641401289931778, 1.500000000000000444 ) ) ;
#5783 = CARTESIAN_POINT ( 'NONE',  ( -55.32152486411839476, 13.13641401289931210, 1.500000000000000444 ) ) ;
#5784 = DIRECTION ( 'NONE',  ( 0.000000000000000000, 0.000000000000000000, 1.000000000000000000 ) ) ;
#5785 = VECTOR ( 'NONE', #7051, 1000.000000000000000 ) ;
#5786 = ORIENTED_EDGE ( 'NONE', *, *, #4987, .F. ) ;
#5787 = PLANE ( 'NONE',  #8188 ) ;
#5788 = DIRECTION ( 'NONE',  ( -0.000000000000000000, -0.000000000000000000, 1.000000000000000000 ) ) ;
#5789 = CARTESIAN_POINT ( 'NONE',  ( -84.75000000000001421, 22.40429687500000355, 1.000000000000000000 ) ) ;
#5790 = ORIENTED_EDGE ( 'NONE', *, *, #1572, .F. ) ;
#5791 = DIRECTION ( 'NONE',  ( 1.000000000000000000, 1.259073490628327690E-16, 0.000000000000000000 ) ) ;
#5792 = EDGE_CURVE ( 'NONE', #234, #7090, #5752, .T. ) ;
#5793 = EDGE_LOOP ( 'NONE', ( #7512, #4439, #5167, #3143, #7324 ) ) ;
#5794 = ADVANCED_FACE ( 'NONE', ( #2194 ), #4342, .F. ) ;
#5795 = VECTOR ( 'NONE', #7332, 1000.000000000000000 ) ;
#5796 = LINE ( 'NONE', #180, #5095 ) ;
#5797 = ORIENTED_EDGE ( 'NONE', *, *, #6722, .F. ) ;
#5798 = DIRECTION ( 'NONE',  ( 0.7071067811865483499, -0.7071067811865466846, 0.000000000000000000 ) ) ;
#5799 = DIRECTION ( 'NONE',  ( -0.000000000000000000, -0.000000000000000000, 1.000000000000000000 ) ) ;
#5800 = LINE ( 'NONE', #8667, #3012 ) ;
#5801 = ORIENTED_EDGE ( 'NONE', *, *, #1018, .T. ) ;
#5802 = VECTOR ( 'NONE', #1192, 1000.000000000000000 ) ;
#5803 = ADVANCED_FACE ( 'NONE', ( #4248 ), #7105, .F. ) ;
#5804 = DIRECTION ( 'NONE',  ( 0.000000000000000000, 0.000000000000000000, -1.000000000000000000 ) ) ;
#5805 = APPROVAL_DATE_TIME ( #2952, #626 ) ;
#5806 = VECTOR ( 'NONE', #6017, 1000.000000000000000 ) ;
#5807 = CARTESIAN_POINT ( 'NONE',  ( -82.41788286210069714, 15.48641401289931174, 1.500000000000000444 ) ) ;
#5808 = CARTESIAN_POINT ( 'NONE',  ( -82.47847513588163793, 23.17217973710070567, 1.500000000000000444 ) ) ;
#5809 = DIRECTION ( 'NONE',  ( -6.546126324440781637E-16, 1.000000000000000000, 0.000000000000000000 ) ) ;
#5810 = ORIENTED_EDGE ( 'NONE', *, *, #7241, .F. ) ;
#5811 = EDGE_CURVE ( 'NONE', #5383, #7951, #6520, .T. ) ;
#5812 = DIRECTION ( 'NONE',  ( -1.000000000000000000, -0.000000000000000000, -0.000000000000000000 ) ) ;
#5813 = EDGE_LOOP ( 'NONE', ( #8462, #713, #587, #2739 ) ) ;
#5814 = EDGE_CURVE ( 'NONE', #8245, #3806, #2853, .T. ) ;
#5815 = VECTOR ( 'NONE', #4315, 1000.000000000000000 ) ;
#5816 = LINE ( 'NONE', #8815, #4165 ) ;
#5817 = ORIENTED_EDGE ( 'NONE', *, *, #5609, .T. ) ;
#5818 = CARTESIAN_POINT ( 'NONE',  ( -32.41788286210067582, 20.78641401289931778, 0.5000000000000004441 ) ) ;
#5819 = VERTEX_POINT ( 'NONE', #8574 ) ;
#5820 = AXIS2_PLACEMENT_3D ( 'NONE', #4084, #1386, #7743 ) ;
#5821 = CARTESIAN_POINT ( 'NONE',  ( -78.30364200201769620, 23.15429687499998579, 6.000000000000000000 ) ) ;
#5822 = LINE ( 'NONE', #2311, #6117 ) ;
#5823 = LINE ( 'NONE', #828, #8247 ) ;
#5824 = ORIENTED_EDGE ( 'NONE', *, *, #5724, .T. ) ;
#5825 = CARTESIAN_POINT ( 'NONE',  ( -60.06788286210068151, 15.48641401289931174, 1.500000000000000444 ) ) ;
#5826 = ORIENTED_EDGE ( 'NONE', *, *, #6333, .T. ) ;
#5827 = DIRECTION ( 'NONE',  ( 0.000000000000000000, 0.000000000000000000, -1.000000000000000000 ) ) ;
#5828 = DIRECTION ( 'NONE',  ( -0.000000000000000000, -0.000000000000000000, 1.000000000000000000 ) ) ;
#5829 = DIRECTION ( 'NONE',  ( 0.000000000000000000, -1.000000000000000000, 0.000000000000000000 ) ) ;
#5830 = VERTEX_POINT ( 'NONE', #4999 ) ;
#5831 = DIRECTION ( 'NONE',  ( -1.000000000000000000, 0.000000000000000000, 0.000000000000000000 ) ) ;
#5832 = DIRECTION ( 'NONE',  ( -0.7071067811865471286, 0.7071067811865479058, 0.000000000000000000 ) ) ;
#5833 = VECTOR ( 'NONE', #2007, 1000.000000000000000 ) ;
#5834 = CARTESIAN_POINT ( 'NONE',  ( -59.41788286210069714, 20.78641401289931778, 1.500000000000000444 ) ) ;
#5835 = ORIENTED_EDGE ( 'NONE', *, *, #4357, .T. ) ;
#5836 = DIRECTION ( 'NONE',  ( 0.000000000000000000, 1.000000000000000000, -0.000000000000000000 ) ) ;
#5837 = ORIENTED_EDGE ( 'NONE', *, *, #5811, .F. ) ;
#5838 = EDGE_LOOP ( 'NONE', ( #8294, #547, #2307, #3898 ) ) ;
#5839 = LINE ( 'NONE', #6493, #2414 ) ;
#5840 = ORIENTED_EDGE ( 'NONE', *, *, #6448, .T. ) ;
#5841 = ADVANCED_FACE ( 'NONE', ( #7860 ), #7955, .F. ) ;
#5842 = AXIS2_PLACEMENT_3D ( 'NONE', #9212, #2172, #5026 ) ;
#5843 = EDGE_CURVE ( 'NONE', #7925, #1598, #2942, .T. ) ;
#5844 = EDGE_CURVE ( 'NONE', #7653, #3845, #1730, .T. ) ;
#5845 = EDGE_CURVE ( 'NONE', #3860, #5385, #3917, .T. ) ;
#5846 = CARTESIAN_POINT ( 'NONE',  ( 45.84999999999998721, 24.65429687500000711, 6.000000000000000000 ) ) ;
#5847 = CARTESIAN_POINT ( 'NONE',  ( 16.61788286210066801, 16.07582173911838197, 1.500000000000000444 ) ) ;
#5848 = CARTESIAN_POINT ( 'NONE',  ( -52.79516686613607845, 15.66277201088163373, 3.250000000000000444 ) ) ;
#5849 = ORIENTED_EDGE ( 'NONE', *, *, #4347, .F. ) ;
#5850 = CARTESIAN_POINT ( 'NONE',  ( -75.38211713789932844, 18.66277201088163196, 3.250000000000000444 ) ) ;
#5851 = ORIENTED_EDGE ( 'NONE', *, *, #6638, .T. ) ;
#5852 = PERSON_AND_ORGANIZATION ( #8110, #7771 ) ;
#5853 = EDGE_CURVE ( 'NONE', #419, #7194, #282, .T. ) ;
#5854 = AXIS2_PLACEMENT_3D ( 'NONE', #6758, #7516, #1669 ) ;
#5855 = PLANE ( 'NONE',  #6974 ) ;
#5856 = CIRCLE ( 'NONE', #5407, 0.5000000000000000000 ) ;
#5857 = CARTESIAN_POINT ( 'NONE',  ( -29.81211713789934237, 20.66277201088163196, 3.250000000000000444 ) ) ;
#5858 = DIRECTION ( 'NONE',  ( 1.000000000000000000, 0.000000000000000000, 0.000000000000000000 ) ) ;
#5859 = ORIENTED_EDGE ( 'NONE', *, *, #2137, .F. ) ;
#5860 = VERTEX_POINT ( 'NONE', #2429 ) ;
#5861 = VECTOR ( 'NONE', #2602, 1000.000000000000000 ) ;
#5862 = CARTESIAN_POINT ( 'NONE',  ( 13.58211713789933484, 15.48641401289931174, 0.5000000000000004441 ) ) ;
#5863 = EDGE_LOOP ( 'NONE', ( #1332, #1817, #4769, #51, #5433, #2045 ) ) ;
#5864 = LINE ( 'NONE', #822, #639 ) ;
#5865 = ADVANCED_FACE ( 'NONE', ( #8047 ), #3735, .F. ) ;
#5866 = ORIENTED_EDGE ( 'NONE', *, *, #4987, .T. ) ;
#5867 = ADVANCED_FACE ( 'NONE', ( #4523 ), #5277, .F. ) ;
#5868 = VECTOR ( 'NONE', #3081, 1000.000000000000000 ) ;
#5869 = LINE ( 'NONE', #6565, #7200 ) ;
#5870 = CARTESIAN_POINT ( 'NONE',  ( -78.32152486411838765, 13.13641401289931210, 6.000000000000000000 ) ) ;
#5871 = CARTESIAN_POINT ( 'NONE',  ( 8.932117137899320269, 20.80448725967914925, 0.5000000000000004441 ) ) ;
#5872 = ORIENTED_EDGE ( 'NONE', *, *, #4099, .F. ) ;
#5873 = CARTESIAN_POINT ( 'NONE',  ( -91.75000000000001421, 16.16277201088163551, 3.250000000000000444 ) ) ;
#5874 = ORIENTED_EDGE ( 'NONE', *, *, #3354, .F. ) ;
#5875 = ORIENTED_EDGE ( 'NONE', *, *, #5495, .F. ) ;
#5876 = PLANE ( 'NONE',  #8804 ) ;
#5877 = DIRECTION ( 'NONE',  ( -0.000000000000000000, 1.000000000000000000, -0.000000000000000000 ) ) ;
#5878 = AXIS2_PLACEMENT_3D ( 'NONE', #373, #3921, #8947 ) ;
#5879 = FACE_OUTER_BOUND ( 'NONE', #9252, .T. ) ;
#5880 = ORIENTED_EDGE ( 'NONE', *, *, #1359, .F. ) ;
#5881 = EDGE_CURVE ( 'NONE', #2010, #5917, #6631, .T. ) ;
#5882 = CARTESIAN_POINT ( 'NONE',  ( -76.01788286210067724, 15.50448725967914143, 0.5000000000000004441 ) ) ;
#5883 = CARTESIAN_POINT ( 'NONE',  ( -75.64080013677957481, 20.49145500976187151, 2.791500085062733394 ) ) ;
#5884 = LINE ( 'NONE', #4991, #2554 ) ;
#5885 = EDGE_LOOP ( 'NONE', ( #4693, #8012 ) ) ;
#5886 = FACE_OUTER_BOUND ( 'NONE', #3006, .T. ) ;
#5887 = ORIENTED_EDGE ( 'NONE', *, *, #5229, .F. ) ;
#5888 = EDGE_LOOP ( 'NONE', ( #8325, #2946, #2541, #319, #4060, #670 ) ) ;
#5889 = DIRECTION ( 'NONE',  ( -0.000000000000000000, -0.000000000000000000, 1.000000000000000000 ) ) ;
#5890 = VERTEX_POINT ( 'NONE', #328 ) ;
#5891 = FACE_OUTER_BOUND ( 'NONE', #672, .T. ) ;
#5892 = CARTESIAN_POINT ( 'NONE',  ( -82.47847513588165214, 13.13641401289931210, 1.500000000000000444 ) ) ;
#5893 = EDGE_CURVE ( 'NONE', #6609, #4430, #7435, .T. ) ;
#5894 = FACE_OUTER_BOUND ( 'NONE', #863, .T. ) ;
#5895 = ORIENTED_EDGE ( 'NONE', *, *, #1970, .F. ) ;
#5896 = DIRECTION ( 'NONE',  ( -0.000000000000000000, -1.000000000000000000, -0.000000000000000000 ) ) ;
#5897 = ORIENTED_EDGE ( 'NONE', *, *, #3930, .T. ) ;
#5898 = EDGE_CURVE ( 'NONE', #3605, #572, #7437, .T. ) ;
#5899 = LINE ( 'NONE', #5994, #8414 ) ;
#5900 = CARTESIAN_POINT ( 'NONE',  ( 39.25000000000000000, 23.15429687500000000, 4.000000000000000000 ) ) ;
#5901 = DIRECTION ( 'NONE',  ( 0.000000000000000000, 1.000000000000000000, 0.000000000000000000 ) ) ;
#5902 = DIRECTION ( 'NONE',  ( 0.000000000000000000, -0.000000000000000000, 1.000000000000000000 ) ) ;
#5903 = ORIENTED_EDGE ( 'NONE', *, *, #8196, .T. ) ;
#5904 = ORIENTED_EDGE ( 'NONE', *, *, #5843, .T. ) ;
#5905 = ADVANCED_FACE ( 'NONE', ( #5891 ), #3178, .F. ) ;
#5906 = ADVANCED_FACE ( 'NONE', ( #2334 ), #5137, .F. ) ;
#5907 = LINE ( 'NONE', #865, #5962 ) ;
#5908 = EDGE_LOOP ( 'NONE', ( #1236, #6012, #3715, #7684 ) ) ;
#5909 = CARTESIAN_POINT ( 'NONE',  ( 92.00000000000000000, 0.000000000000000000, 0.5000000000000004441 ) ) ;
#5910 = AXIS2_PLACEMENT_3D ( 'NONE', #6401, #2143, #2282 ) ;
#5911 = DIRECTION ( 'NONE',  ( -1.000000000000000000, 4.956352788505169184E-16, -0.000000000000000000 ) ) ;
#5912 = DIRECTION ( 'NONE',  ( -1.000000000000000000, 0.000000000000000000, 0.000000000000000000 ) ) ;
#5913 = LINE ( 'NONE', #962, #4464 ) ;
#5914 = DIRECTION ( 'NONE',  ( 0.000000000000000000, 1.000000000000000000, 0.000000000000000000 ) ) ;
#5915 = ORIENTED_EDGE ( 'NONE', *, *, #2887, .F. ) ;
#5916 = DIRECTION ( 'NONE',  ( -0.000000000000000000, 0.000000000000000000, 1.000000000000000000 ) ) ;
#5917 = VERTEX_POINT ( 'NONE', #5322 ) ;
#5918 = ORIENTED_EDGE ( 'NONE', *, *, #6577, .T. ) ;
#5919 = EDGE_CURVE ( 'NONE', #3822, #5339, #3131, .T. ) ;
#5920 = CARTESIAN_POINT ( 'NONE',  ( 9.582117137899304637, 15.48641401289931174, 0.5000000000000004441 ) ) ;
#5921 = EDGE_CURVE ( 'NONE', #4572, #8546, #983, .T. ) ;
#5922 = DIRECTION ( 'NONE',  ( 6.938893903907228378E-15, 1.000000000000000000, -0.000000000000000000 ) ) ;
#5923 = DIRECTION ( 'NONE',  ( 1.000000000000000000, -1.734723475976806709E-18, -0.000000000000000000 ) ) ;
#5924 = ORIENTED_EDGE ( 'NONE', *, *, #6268, .T. ) ;
#5925 = VECTOR ( 'NONE', #5046, 1000.000000000000000 ) ;
#5926 = VECTOR ( 'NONE', #9047, 1000.000000000000000 ) ;
#5927 = DIRECTION ( 'NONE',  ( 1.000000000000000000, 0.000000000000000000, 0.000000000000000000 ) ) ;
#5928 = CARTESIAN_POINT ( 'NONE',  ( -61.98788286210071163, 20.66277201088163551, 2.988744022555682722 ) ) ;
#5929 = DIRECTION ( 'NONE',  ( 0.000000000000000000, 0.000000000000000000, -1.000000000000000000 ) ) ;
#5930 = ORIENTED_EDGE ( 'NONE', *, *, #8980, .T. ) ;
#5931 = DIRECTION ( 'NONE',  ( 1.000000000000000000, 1.259073490628327444E-16, -0.000000000000000000 ) ) ;
#5932 = ORIENTED_EDGE ( 'NONE', *, *, #6184, .T. ) ;
#5933 = EDGE_CURVE ( 'NONE', #5424, #111, #371, .T. ) ;
#5934 = EDGE_CURVE ( 'NONE', #6409, #6682, #8093, .T. ) ;
#5935 = CARTESIAN_POINT ( 'NONE',  ( -89.25000000000001421, 23.15429687500000355, 0.000000000000000000 ) ) ;
#5936 = ORIENTED_EDGE ( 'NONE', *, *, #1932, .F. ) ;
#5937 = VECTOR ( 'NONE', #8742, 1000.000000000000000 ) ;
#5938 = DIRECTION ( 'NONE',  ( -0.000000000000000000, -0.000000000000000000, 1.000000000000000000 ) ) ;
#5939 = DIRECTION ( 'NONE',  ( -0.000000000000000000, -0.000000000000000000, 1.000000000000000000 ) ) ;
#5940 = DIRECTION ( 'NONE',  ( 0.7071067811865479058, 0.7071067811865471286, 0.000000000000000000 ) ) ;
#5941 = VECTOR ( 'NONE', #5382, 1000.000000000000000 ) ;
#5942 = DIRECTION ( 'NONE',  ( -1.000000000000000000, 0.000000000000000000, -0.000000000000000000 ) ) ;
#5943 = ORIENTED_EDGE ( 'NONE', *, *, #8130, .T. ) ;
#5944 = LINE ( 'NONE', #1039, #5049 ) ;
#5945 = VERTEX_POINT ( 'NONE', #1034 ) ;
#5946 = CARTESIAN_POINT ( 'NONE',  ( 0.000000000000000000, 0.000000000000000000, 0.000000000000000000 ) ) ;
#5947 = DIRECTION ( 'NONE',  ( 0.000000000000000000, 1.000000000000000000, 0.000000000000000000 ) ) ;
#5948 = VECTOR ( 'NONE', #6065, 1000.000000000000000 ) ;
#5949 = AXIS2_PLACEMENT_3D ( 'NONE', #1209, #5596, #2171 ) ;
#5950 = VERTEX_POINT ( 'NONE', #7392 ) ;
#5951 = ORIENTED_EDGE ( 'NONE', *, *, #4433, .F. ) ;
#5952 = CARTESIAN_POINT ( 'NONE',  ( -39.41788286210071135, 16.07582173911837486, 1.500000000000000444 ) ) ;
#5953 = VERTEX_POINT ( 'NONE', #6587 ) ;
#5954 = VECTOR ( 'NONE', #9114, 1000.000000000000000 ) ;
#5955 = ADVANCED_FACE ( 'NONE', ( #2289 ), #7999, .F. ) ;
#5956 = LINE ( 'NONE', #8161, #8274 ) ;
#5957 = DIRECTION ( 'NONE',  ( 0.000000000000000000, 1.000000000000000000, 0.000000000000000000 ) ) ;
#5958 = EDGE_CURVE ( 'NONE', #3876, #8841, #7298, .T. ) ;
#5959 = EDGE_CURVE ( 'NONE', #5491, #1900, #8331, .T. ) ;
#5960 = CARTESIAN_POINT ( 'NONE',  ( -29.38211713789932844, 19.66277201088163196, 3.250000000000000444 ) ) ;
#5961 = FACE_OUTER_BOUND ( 'NONE', #9158, .T. ) ;
#5962 = VECTOR ( 'NONE', #5111, 1000.000000000000000 ) ;
#5963 = DIRECTION ( 'NONE',  ( 0.000000000000000000, 1.000000000000000000, 0.000000000000000000 ) ) ;
#5964 = ORIENTED_EDGE ( 'NONE', *, *, #2022, .T. ) ;
#5965 = LINE ( 'NONE', #8123, #6855 ) ;
#5966 = ORIENTED_EDGE ( 'NONE', *, *, #5437, .T. ) ;
#5967 = ORIENTED_EDGE ( 'NONE', *, *, #3014, .F. ) ;
#5968 = CARTESIAN_POINT ( 'NONE',  ( -82.47847513588165214, 13.13641401289931210, 6.000000000000000000 ) ) ;
#5969 = CARTESIAN_POINT ( 'NONE',  ( -60.06788286210068151, 15.48641401289931174, -2.999999999999999112 ) ) ;
#5970 = LINE ( 'NONE', #7471, #2877 ) ;
#5971 = VECTOR ( 'NONE', #7965, 1000.000000000000000 ) ;
#5972 = ORIENTED_EDGE ( 'NONE', *, *, #992, .T. ) ;
#5973 = EDGE_CURVE ( 'NONE', #4572, #2063, #3267, .T. ) ;
#5974 = PLANE ( 'NONE',  #2057 ) ;
#5975 = CARTESIAN_POINT ( 'NONE',  ( -75.81211713789933526, 20.66277201088163551, 2.988744022555677837 ) ) ;
#5976 = DIRECTION ( 'NONE',  ( 0.000000000000000000, 0.000000000000000000, -1.000000000000000000 ) ) ;
#5977 = VERTEX_POINT ( 'NONE', #509 ) ;
#5978 = DIRECTION ( 'NONE',  ( 0.000000000000000000, 0.000000000000000000, -1.000000000000000000 ) ) ;
#5979 = ORIENTED_EDGE ( 'NONE', *, *, #6980, .F. ) ;
#5980 = CARTESIAN_POINT ( 'NONE',  ( -30.01788286210067724, 15.50448725967914143, 0.5000000000000004441 ) ) ;
#5981 = ORIENTED_EDGE ( 'NONE', *, *, #9021, .F. ) ;
#5982 = CARTESIAN_POINT ( 'NONE',  ( -78.41788286210068293, 20.78641401289931778, 1.500000000000000444 ) ) ;
#5983 = EDGE_CURVE ( 'NONE', #5302, #3727, #1957, .T. ) ;
#5984 = AXIS2_PLACEMENT_3D ( 'NONE', #4846, #5453, #6858 ) ;
#5985 = DIRECTION ( 'NONE',  ( -0.000000000000000000, -0.000000000000000000, 1.000000000000000000 ) ) ;
#5986 = EDGE_CURVE ( 'NONE', #5027, #8125, #2615, .T. ) ;
#5987 = CARTESIAN_POINT ( 'NONE',  ( -84.75000000000001421, 15.40793887701768305, 1.500000000000000444 ) ) ;
#5988 = PLANE ( 'NONE',  #6770 ) ;
#5989 = ORIENTED_EDGE ( 'NONE', *, *, #4660, .T. ) ;
#5990 = DIRECTION ( 'NONE',  ( 0.000000000000000000, -0.000000000000000000, 1.000000000000000000 ) ) ;
#5991 = ORIENTED_EDGE ( 'NONE', *, *, #4511, .F. ) ;
#5992 = ORIENTED_EDGE ( 'NONE', *, *, #7296, .F. ) ;
#5993 = AXIS2_PLACEMENT_3D ( 'NONE', #4784, #8310, #8449 ) ;
#5994 = CARTESIAN_POINT ( 'NONE',  ( -82.41788286210069714, 15.48641401289931174, 0.5000000000000004441 ) ) ;
#5995 = LINE ( 'NONE', #1740, #4276 ) ;
#5996 = DIRECTION ( 'NONE',  ( 0.000000000000000000, -1.000000000000000000, 0.000000000000000000 ) ) ;
#5997 = VECTOR ( 'NONE', #6267, 1000.000000000000000 ) ;
#5998 = ORIENTED_EDGE ( 'NONE', *, *, #9116, .F. ) ;
#5999 = VERTEX_POINT ( 'NONE', #1174 ) ;
#6000 = DIRECTION ( 'NONE',  ( -1.000000000000000000, 0.000000000000000000, 0.000000000000000000 ) ) ;
#6001 = CARTESIAN_POINT ( 'NONE',  ( 13.58211713789932240, 20.78641401289931778, 0.5000000000000004441 ) ) ;
#6002 = ORIENTED_EDGE ( 'NONE', *, *, #2850, .F. ) ;
#6003 = AXIS2_PLACEMENT_3D ( 'NONE', #74, #5078, #7941 ) ;
#6004 = CARTESIAN_POINT ( 'NONE',  ( -32.41788286210067582, 20.78641401289931778, 0.5000000000000004441 ) ) ;
#6005 = VECTOR ( 'NONE', #8277, 1000.000000000000000 ) ;
#6006 = CARTESIAN_POINT ( 'NONE',  ( -89.75000000000001421, 23.15429687500000355, 0.2500000000000000000 ) ) ;
#6007 = PLANE ( 'NONE',  #3462 ) ;
#6008 = CARTESIAN_POINT ( 'NONE',  ( 6.832051399089413835, 15.82588747792824257, 2.801754586982690309 ) ) ;
#6009 = VECTOR ( 'NONE', #2037, 1000.000000000000000 ) ;
#6010 = EDGE_CURVE ( 'NONE', #7672, #6015, #1913, .T. ) ;
#6011 = CARTESIAN_POINT ( 'NONE',  ( -75.63205139908946251, 15.82588747792824968, 2.801754586982684092 ) ) ;
#6012 = ORIENTED_EDGE ( 'NONE', *, *, #4463, .F. ) ;
#6013 = DIRECTION ( 'NONE',  ( -0.7071067811865479058, -0.7071067811865471286, 0.000000000000000000 ) ) ;
#6014 = AXIS2_PLACEMENT_3D ( 'NONE', #3711, #2356, #3015 ) ;
#6015 = VERTEX_POINT ( 'NONE', #1822 ) ;
#6016 = ORIENTED_EDGE ( 'NONE', *, *, #2596, .F. ) ;
#6017 = DIRECTION ( 'NONE',  ( 1.000000000000000000, -1.734723475976806709E-18, -0.000000000000000000 ) ) ;
#6018 = CARTESIAN_POINT ( 'NONE',  ( 14.23211713789931920, 15.50448725967914143, 1.500000000000000444 ) ) ;
#6019 = EDGE_CURVE ( 'NONE', #3521, #5778, #4886, .T. ) ;
#6020 = DIRECTION ( 'NONE',  ( 0.7071067811865474617, 1.752335333352428150E-16, -0.7071067811865474617 ) ) ;
#6021 = AXIS2_PLACEMENT_3D ( 'NONE', #7366, #3797, #6649 ) ;
#6022 = ORIENTED_EDGE ( 'NONE', *, *, #1482, .F. ) ;
#6023 = DIRECTION ( 'NONE',  ( -0.000000000000000000, -0.000000000000000000, 1.000000000000000000 ) ) ;
#6024 = DIRECTION ( 'NONE',  ( 0.000000000000000000, 1.000000000000000000, 0.000000000000000000 ) ) ;
#6025 = FACE_OUTER_BOUND ( 'NONE', #8470, .T. ) ;
#6026 = VERTEX_POINT ( 'NONE', #4759 ) ;
#6027 = DIRECTION ( 'NONE',  ( -1.000000000000000000, -0.000000000000000000, -0.000000000000000000 ) ) ;
#6028 = VERTEX_POINT ( 'NONE', #3222 ) ;
#6029 = VECTOR ( 'NONE', #3150, 1000.000000000000000 ) ;
#6030 = EDGE_CURVE ( 'NONE', #4850, #3488, #8287, .T. ) ;
#6031 = EDGE_CURVE ( 'NONE', #7664, #4826, #6075, .T. ) ;
#6032 = CARTESIAN_POINT ( 'NONE',  ( -77.76788286210067724, 20.78641401289931778, 1.500000000000000444 ) ) ;
#6033 = DIRECTION ( 'NONE',  ( 0.000000000000000000, 0.7071067811865465735, -0.7071067811865483499 ) ) ;
#6034 = DIRECTION ( 'NONE',  ( -0.000000000000000000, 0.000000000000000000, 1.000000000000000000 ) ) ;
#6035 = CARTESIAN_POINT ( 'NONE',  ( -52.38211713789932844, 20.16277201088163196, 3.250000000000000444 ) ) ;
#6036 = DIRECTION ( 'NONE',  ( 1.000000000000000000, 0.000000000000000000, -0.000000000000000000 ) ) ;
#6037 = ORIENTED_EDGE ( 'NONE', *, *, #1075, .T. ) ;
#6038 = LINE ( 'NONE', #2577, #4299 ) ;
#6039 = ORIENTED_EDGE ( 'NONE', *, *, #4865, .F. ) ;
#6040 = LINE ( 'NONE', #4020, #623 ) ;
#6041 = EDGE_CURVE ( 'NONE', #5977, #2030, #3691, .T. ) ;
#6042 = EDGE_CURVE ( 'NONE', #7397, #498, #4666, .T. ) ;
#6043 = CARTESIAN_POINT ( 'NONE',  ( -52.38211713789932844, 16.07582173911838197, 1.500000000000000444 ) ) ;
#6044 = CARTESIAN_POINT ( 'NONE',  ( -61.81788286210068151, 20.80448725967914925, 0.5000000000000004441 ) ) ;
#6045 = VERTEX_POINT ( 'NONE', #7668 ) ;
#6046 = EDGE_LOOP ( 'NONE', ( #1992, #4197, #1837, #685 ) ) ;
#6047 = PLANE ( 'NONE',  #1922 ) ;
#6048 = EDGE_CURVE ( 'NONE', #70, #3480, #6213, .T. ) ;
#6049 = ORIENTED_EDGE ( 'NONE', *, *, #4180, .F. ) ;
#6050 = LINE ( 'NONE', #2494, #6029 ) ;
#6051 = CARTESIAN_POINT ( 'NONE',  ( 31.93211713789931139, 20.78641401289931423, -2.999999999999999112 ) ) ;
#6052 = LINE ( 'NONE', #2310, #6304 ) ;
#6053 = PLANE ( 'NONE',  #2763 ) ;
#6054 = LINE ( 'NONE', #918, #6435 ) ;
#6055 = EDGE_LOOP ( 'NONE', ( #3807, #267, #4857, #2921 ) ) ;
#6056 = CARTESIAN_POINT ( 'NONE',  ( 39.25000000000000000, 23.15429687500000000, 6.000000000000000000 ) ) ;
#6057 = ORIENTED_EDGE ( 'NONE', *, *, #3506, .F. ) ;
#6058 = ORIENTED_EDGE ( 'NONE', *, *, #911, .F. ) ;
#6059 = CARTESIAN_POINT ( 'NONE',  ( -16.41788286210070424, 16.07582173911837486, 3.742381610379890589 ) ) ;
#6060 = CARTESIAN_POINT ( 'NONE',  ( -78.41788286210066872, 15.48641401289931174, 1.500000000000000444 ) ) ;
#6061 = AXIS2_PLACEMENT_3D ( 'NONE', #5675, #3566, #4169 ) ;
#6062 = DIRECTION ( 'NONE',  ( 0.000000000000000000, 0.000000000000000000, 1.000000000000000000 ) ) ;
#6063 = EDGE_LOOP ( 'NONE', ( #9170, #1392, #6136, #1666 ) ) ;
#6064 = CARTESIAN_POINT ( 'NONE',  ( -84.75000000000001421, 20.80448725967914925, 0.5000000000000004441 ) ) ;
#6065 = DIRECTION ( 'NONE',  ( -0.000000000000000000, -0.000000000000000000, 1.000000000000000000 ) ) ;
#6066 = AXIS2_PLACEMENT_3D ( 'NONE', #5746, #6491, #8607 ) ;
#6067 = FACE_OUTER_BOUND ( 'NONE', #5813, .T. ) ;
#6068 = ORIENTED_EDGE ( 'NONE', *, *, #4371, .T. ) ;
#6069 = LINE ( 'NONE', #4516, #8174 ) ;
#6070 = ORIENTED_EDGE ( 'NONE', *, *, #4384, .T. ) ;
#6071 = DIRECTION ( 'NONE',  ( -0.000000000000000000, -0.000000000000000000, 1.000000000000000000 ) ) ;
#6072 = VECTOR ( 'NONE', #5512, 1000.000000000000000 ) ;
#6073 = VECTOR ( 'NONE', #6551, 1000.000000000000114 ) ;
#6074 = FACE_OUTER_BOUND ( 'NONE', #8372, .T. ) ;
#6075 = LINE ( 'NONE', #3405, #4282 ) ;
#6076 = EDGE_CURVE ( 'NONE', #2786, #5953, #3686, .T. ) ;
#6077 = CARTESIAN_POINT ( 'NONE',  ( -90.00000000000001421, 23.15429687500000355, 0.000000000000000000 ) ) ;
#6078 = EDGE_CURVE ( 'NONE', #8465, #5890, #2950, .T. ) ;
#6079 = LINE ( 'NONE', #2432, #7218 ) ;
#6080 = LINE ( 'NONE', #5325, #1882 ) ;
#6081 = ORIENTED_EDGE ( 'NONE', *, *, #7622, .F. ) ;
#6082 = AXIS2_PLACEMENT_3D ( 'NONE', #7006, #1868, #7618 ) ;
#6083 = LINE ( 'NONE', #7581, #2671 ) ;
#6084 = ORIENTED_EDGE ( 'NONE', *, *, #3014, .T. ) ;
#6085 = ORIENTED_EDGE ( 'NONE', *, *, #7391, .T. ) ;
#6086 = AXIS2_PLACEMENT_3D ( 'NONE', #6185, #1969, #2062 ) ;
#6087 = DIRECTION ( 'NONE',  ( 1.000000000000000000, -0.000000000000000000, 0.000000000000000000 ) ) ;
#6088 = FACE_BOUND ( 'NONE', #5735, .T. ) ;
#6089 = EDGE_CURVE ( 'NONE', #4847, #6962, #1220, .T. ) ;
#6090 = ORIENTED_EDGE ( 'NONE', *, *, #4010, .T. ) ;
#6091 = DIRECTION ( 'NONE',  ( 0.000000000000000000, -0.000000000000000000, 1.000000000000000000 ) ) ;
#6092 = ORIENTED_EDGE ( 'NONE', *, *, #3466, .F. ) ;
#6093 = CARTESIAN_POINT ( 'NONE',  ( 13.69635799798228248, 23.15429687500000000, 4.000000000000000000 ) ) ;
#6094 = ORIENTED_EDGE ( 'NONE', *, *, #5045, .F. ) ;
#6095 = LINE ( 'NONE', #8869, #3920 ) ;
#6096 = CARTESIAN_POINT ( 'NONE',  ( 39.25000000000000000, 13.15429687500000355, 4.000000000000000000 ) ) ;
#6097 = ADVANCED_FACE ( 'NONE', ( #2663 ), #3315, .F. ) ;
#6098 = EDGE_CURVE ( 'NONE', #491, #6026, #6259, .T. ) ;
#6099 = FACE_OUTER_BOUND ( 'NONE', #8348, .T. ) ;
#6100 = DIRECTION ( 'NONE',  ( -0.000000000000000000, -0.000000000000000000, 1.000000000000000000 ) ) ;
#6101 = DIRECTION ( 'NONE',  ( -0.000000000000000000, 0.000000000000000000, 1.000000000000000000 ) ) ;
#6102 = VERTEX_POINT ( 'NONE', #6121 ) ;
#6103 = LINE ( 'NONE', #8922, #2228 ) ;
#6104 = EDGE_LOOP ( 'NONE', ( #4150, #6724, #7451, #7317 ) ) ;
#6105 = AXIS2_PLACEMENT_3D ( 'NONE', #7429, #8743, #6024 ) ;
#6106 = DIRECTION ( 'NONE',  ( -0.000000000000000000, -0.000000000000000000, 1.000000000000000000 ) ) ;
#6107 = DIRECTION ( 'NONE',  ( 4.336808689941999001E-16, -1.000000000000000000, 0.000000000000000000 ) ) ;
#6108 = VERTEX_POINT ( 'NONE', #4009 ) ;
#6109 = VECTOR ( 'NONE', #7696, 1000.000000000000000 ) ;
#6110 = CARTESIAN_POINT ( 'NONE',  ( -14.06788286210067263, 15.48641401289931174, 0.5000000000000004441 ) ) ;
#6111 = LINE ( 'NONE', #5361, #6692 ) ;
#6112 = CYLINDRICAL_SURFACE ( 'NONE', #5384, 0.5000000000000004441 ) ;
#6113 = ORIENTED_EDGE ( 'NONE', *, *, #5271, .T. ) ;
#6114 = CARTESIAN_POINT ( 'NONE',  ( -52.38211713789932844, 20.23277201088161803, 4.000000000000000000 ) ) ;
#6115 = ORIENTED_EDGE ( 'NONE', *, *, #4577, .F. ) ;
#6116 = ORIENTED_EDGE ( 'NONE', *, *, #209, .F. ) ;
#6117 = VECTOR ( 'NONE', #162, 1000.000000000000000 ) ;
#6118 = CARTESIAN_POINT ( 'NONE',  ( -62.41788286210071135, 16.07582173911837486, 1.500000000000000444 ) ) ;
#6119 = VECTOR ( 'NONE', #165, 1000.000000000000114 ) ;
#6120 = CARTESIAN_POINT ( 'NONE',  ( 46.25000000000000000, 22.40429687500000355, 1.000000000000000000 ) ) ;
#6121 = CARTESIAN_POINT ( 'NONE',  ( -62.41788286210071135, 20.23277201088163224, 2.754924248220537386 ) ) ;
#6122 = DIRECTION ( 'NONE',  ( -0.7071067811865479058, -0.7071067811865471286, 0.000000000000000000 ) ) ;
#6123 = CC_DESIGN_APPROVAL ( #626, ( #6970 ) ) ;
#6124 = DIRECTION ( 'NONE',  ( 0.000000000000000000, -0.000000000000000000, -1.000000000000000000 ) ) ;
#6125 = DIRECTION ( 'NONE',  ( -0.000000000000000000, -0.000000000000000000, 1.000000000000000000 ) ) ;
#6126 = VERTEX_POINT ( 'NONE', #8990 ) ;
#6127 = EDGE_CURVE ( 'NONE', #4859, #8257, #6171, .T. ) ;
#6128 = LINE ( 'NONE', #1783, #2677 ) ;
#6129 = ORIENTED_EDGE ( 'NONE', *, *, #3647, .F. ) ;
#6130 = EDGE_LOOP ( 'NONE', ( #8305, #58, #4549 ) ) ;
#6131 = EDGE_CURVE ( 'NONE', #1717, #1885, #6397, .T. ) ;
#6132 = ADVANCED_FACE ( 'NONE', ( #78 ), #2931, .T. ) ;
#6133 = APPROVAL_STATUS ( 'not_yet_approved' ) ;
#6134 = PLANE ( 'NONE',  #1155 ) ;
#6135 = DIRECTION ( 'NONE',  ( 1.000000000000000000, 0.000000000000000000, 0.000000000000000000 ) ) ;
#6136 = ORIENTED_EDGE ( 'NONE', *, *, #6193, .T. ) ;
#6137 = VECTOR ( 'NONE', #3498, 1000.000000000000000 ) ;
#6138 = ORIENTED_EDGE ( 'NONE', *, *, #6215, .F. ) ;
#6139 = DIRECTION ( 'NONE',  ( 1.000000000000000000, -1.734723475976806709E-18, -0.000000000000000000 ) ) ;
#6140 = ORIENTED_EDGE ( 'NONE', *, *, #1280, .F. ) ;
#6141 = EDGE_CURVE ( 'NONE', #227, #6643, #2944, .T. ) ;
#6142 = LINE ( 'NONE', #9103, #3633 ) ;
#6143 = AXIS2_PLACEMENT_3D ( 'NONE', #2547, #5395, #1292 ) ;
#6144 = PLANE ( 'NONE',  #2481 ) ;
#6145 = CARTESIAN_POINT ( 'NONE',  ( 45.84999999999998721, 10.65429687500000355, 5.000000000000000000 ) ) ;
#6146 = DIRECTION ( 'NONE',  ( 0.000000000000000000, -0.7071067811865479058, -0.7071067811865472397 ) ) ;
#6147 = LINE ( 'NONE', #3383, #8547 ) ;
#6148 = VERTEX_POINT ( 'NONE', #1445 ) ;
#6149 = PLANE ( 'NONE',  #6265 ) ;
#6150 = ORIENTED_EDGE ( 'NONE', *, *, #2074, .T. ) ;
#6151 = CARTESIAN_POINT ( 'NONE',  ( -6.632051399089448296, 15.82588747792824080, 2.801754586982688533 ) ) ;
#6152 = ORIENTED_EDGE ( 'NONE', *, *, #8901, .F. ) ;
#6153 = AXIS2_PLACEMENT_3D ( 'NONE', #8415, #594, #2606 ) ;
#6154 = EDGE_CURVE ( 'NONE', #7244, #234, #1493, .T. ) ;
#6155 = EDGE_CURVE ( 'NONE', #8255, #8693, #9220, .T. ) ;
#6156 = FACE_OUTER_BOUND ( 'NONE', #6395, .T. ) ;
#6157 = ORIENTED_EDGE ( 'NONE', *, *, #1752, .T. ) ;
#6158 = VECTOR ( 'NONE', #9266, 1000.000000000000000 ) ;
#6159 = CARTESIAN_POINT ( 'NONE',  ( -14.06788286210067263, 20.78641401289931068, 0.5000000000000004441 ) ) ;
#6160 = VECTOR ( 'NONE', #6844, 1000.000000000000000 ) ;
#6161 = LINE ( 'NONE', #6203, #7654 ) ;
#6162 = DIRECTION ( 'NONE',  ( 1.000000000000000000, -1.734723475976806709E-18, -0.000000000000000000 ) ) ;
#6163 = EDGE_LOOP ( 'NONE', ( #5964, #5212, #3260, #5904, #3581, #726, #6258, #2008, #5887 ) ) ;
#6164 = LINE ( 'NONE', #407, #8322 ) ;
#6165 = EDGE_LOOP ( 'NONE', ( #5817, #4682 ) ) ;
#6166 = ORIENTED_EDGE ( 'NONE', *, *, #4524, .T. ) ;
#6167 = PLANE ( 'NONE',  #7798 ) ;
#6168 = VECTOR ( 'NONE', #7282, 1000.000000000000000 ) ;
#6169 = ADVANCED_FACE ( 'NONE', ( #8563 ), #5787, .T. ) ;
#6170 = CARTESIAN_POINT ( 'NONE',  ( -13.41788286210068826, 20.78641401289931778, 1.500000000000000444 ) ) ;
#6171 = LINE ( 'NONE', #9037, #6235 ) ;
#6172 = PLANE ( 'NONE',  #8770 ) ;
#6173 = VECTOR ( 'NONE', #7024, 1000.000000000000000 ) ;
#6174 = DIRECTION ( 'NONE',  ( -1.000000000000000000, -0.000000000000000000, -0.000000000000000000 ) ) ;
#6175 = ORIENTED_EDGE ( 'NONE', *, *, #5089, .F. ) ;
#6176 = DIRECTION ( 'NONE',  ( -0.000000000000000000, -0.000000000000000000, 1.000000000000000000 ) ) ;
#6177 = ORIENTED_EDGE ( 'NONE', *, *, #2698, .F. ) ;
#6178 = LINE ( 'NONE', #4815, #8053 ) ;
#6179 = ORIENTED_EDGE ( 'NONE', *, *, #2815, .T. ) ;
#6180 = ORIENTED_EDGE ( 'NONE', *, *, #5388, .F. ) ;
#6181 = COORDINATED_UNIVERSAL_TIME_OFFSET ( 5, 0, .BEHIND. ) ;
#6182 =( BOUNDED_CURVE ( )  B_SPLINE_CURVE ( 3, ( #5312, #8182, #6766, #7476 ),
 .UNSPECIFIED., .F., .F. ) 
 B_SPLINE_CURVE_WITH_KNOTS ( ( 4, 4 ),
 ( 1.570796326794896558, 3.141592653589793116 ),
 .UNSPECIFIED. ) 
 CURVE ( )  GEOMETRIC_REPRESENTATION_ITEM ( )  RATIONAL_B_SPLINE_CURVE ( ( 1.000000000000000000, 0.8047378541243649375, 0.8047378541243649375, 1.000000000000000000 ) ) 
 REPRESENTATION_ITEM ( '' )  );
#6183 = LINE ( 'NONE', #1233, #5926 ) ;
#6184 = EDGE_CURVE ( 'NONE', #3642, #1437, #7809, .T. ) ;
#6185 = CARTESIAN_POINT ( 'NONE',  ( 92.00000000000000000, 0.000000000000000000, 1.500000000000000444 ) ) ;
#6186 = ORIENTED_EDGE ( 'NONE', *, *, #7932, .T. ) ;
#6187 = ORIENTED_EDGE ( 'NONE', *, *, #8572, .T. ) ;
#6188 = CARTESIAN_POINT ( 'NONE',  ( -6.382117137899323112, 20.23277201088161803, 4.000000000000000000 ) ) ;
#6189 = ORIENTED_EDGE ( 'NONE', *, *, #507, .T. ) ;
#6190 = LINE ( 'NONE', #4874, #1986 ) ;
#6191 = CARTESIAN_POINT ( 'NONE',  ( -52.64080013677958192, 20.49145500976187151, 3.708499914937266162 ) ) ;
#6192 = CARTESIAN_POINT ( 'NONE',  ( -91.75000000000001421, 17.66277201088163196, 3.250000000000000444 ) ) ;
#6193 = EDGE_CURVE ( 'NONE', #2749, #2977, #8517, .T. ) ;
#6194 = LINE ( 'NONE', #5439, #4998 ) ;
#6195 = ADVANCED_FACE ( 'NONE', ( #4284 ), #7143, .F. ) ;
#6196 = CARTESIAN_POINT ( 'NONE',  ( 39.25000000000000000, 13.15429687500000355, 4.000000000000000000 ) ) ;
#6197 = EDGE_LOOP ( 'NONE', ( #6721, #9206, #225, #8254, #1745, #5363, #2303, #6325 ) ) ;
#6198 = ORIENTED_EDGE ( 'NONE', *, *, #8020, .F. ) ;
#6199 = DIRECTION ( 'NONE',  ( 0.000000000000000000, 1.000000000000000000, 0.000000000000000000 ) ) ;
#6200 = EDGE_LOOP ( 'NONE', ( #1266, #1759 ) ) ;
#6201 = CARTESIAN_POINT ( 'NONE',  ( -36.47847513588163793, 23.17217973710070567, 1.500000000000000444 ) ) ;
#6202 = ORIENTED_EDGE ( 'NONE', *, *, #2815, .F. ) ;
#6203 = CARTESIAN_POINT ( 'NONE',  ( -78.32152486411838765, 13.13641401289931210, 4.000000000000000000 ) ) ;
#6204 = EDGE_CURVE ( 'NONE', #8670, #8255, #603, .T. ) ;
#6205 = CARTESIAN_POINT ( 'NONE',  ( -91.48333333333333428, 25.52096354166665648, 0.2666666666666434593 ) ) ;
#6206 = ORIENTED_EDGE ( 'NONE', *, *, #4476, .T. ) ;
#6207 = ADVANCED_FACE ( 'NONE', ( #5080 ), #7191, .F. ) ;
#6208 = LINE ( 'NONE', #1906, #1146 ) ;
#6209 = ORIENTED_EDGE ( 'NONE', *, *, #8511, .F. ) ;
#6210 = CARTESIAN_POINT ( 'NONE',  ( -32.41788286210067582, 13.48641401289931174, 0.5000000000000004441 ) ) ;
#6211 = CARTESIAN_POINT ( 'NONE',  ( -91.75000000000001421, 13.90429687500000355, 6.000000000000000000 ) ) ;
#6212 = VECTOR ( 'NONE', #2848, 1000.000000000000000 ) ;
#6213 = LINE ( 'NONE', #5418, #4580 ) ;
#6214 = CARTESIAN_POINT ( 'NONE',  ( 29.58211713789928154, 18.66277201088163196, 3.250000000000000444 ) ) ;
#6215 = EDGE_CURVE ( 'NONE', #2798, #6694, #6441, .T. ) ;
#6216 = CARTESIAN_POINT ( 'NONE',  ( -7.017882862100671915, 20.78641401289931778, 0.5000000000000004441 ) ) ;
#6217 = EDGE_LOOP ( 'NONE', ( #5193, #3648, #7637, #2715 ) ) ;
#6218 = EDGE_CURVE ( 'NONE', #4716, #840, #9177, .T. ) ;
#6219 = DIRECTION ( 'NONE',  ( -0.000000000000000000, -0.000000000000000000, 1.000000000000000000 ) ) ;
#6220 = ORIENTED_EDGE ( 'NONE', *, *, #1558, .F. ) ;
#6221 = LINE ( 'NONE', #2717, #4912 ) ;
#6222 = ORIENTED_EDGE ( 'NONE', *, *, #2474, .F. ) ;
#6223 = VECTOR ( 'NONE', #7107, 1000.000000000000000 ) ;
#6224 = DIRECTION ( 'NONE',  ( 0.000000000000000000, 0.000000000000000000, -1.000000000000000000 ) ) ;
#6225 = AXIS2_PLACEMENT_3D ( 'NONE', #1937, #2731, #4780 ) ;
#6226 = CARTESIAN_POINT ( 'NONE',  ( -84.75000000000001421, 22.40429687500000355, 1.000000000000000000 ) ) ;
#6227 = VECTOR ( 'NONE', #1927, 1000.000000000000000 ) ;
#6228 = PLANE ( 'NONE',  #6513 ) ;
#6229 = AXIS2_PLACEMENT_3D ( 'NONE', #6359, #5798, #847 ) ;
#6230 = ORIENTED_EDGE ( 'NONE', *, *, #7520, .T. ) ;
#6231 = VERTEX_POINT ( 'NONE', #2139 ) ;
#6232 = DIRECTION ( 'NONE',  ( -0.7071067811865471286, 0.7071067811865479058, 0.000000000000000000 ) ) ;
#6233 = CARTESIAN_POINT ( 'NONE',  ( -8.767882862100673691, 0.000000000000000000, 0.000000000000000000 ) ) ;
#6234 = EDGE_LOOP ( 'NONE', ( #4790, #4849, #5649, #5840 ) ) ;
#6235 = VECTOR ( 'NONE', #5462, 1000.000000000000000 ) ;
#6236 = LINE ( 'NONE', #1334, #8871 ) ;
#6237 = CARTESIAN_POINT ( 'NONE',  ( -59.49635799798235780, 23.15429687499998579, 4.000000000000000000 ) ) ;
#6238 = DIRECTION ( 'NONE',  ( -0.7071067811865479058, -0.7071067811865471286, 0.000000000000000000 ) ) ;
#6239 = DIRECTION ( 'NONE',  ( 6.938893903907228378E-15, 1.000000000000000000, -0.000000000000000000 ) ) ;
#6240 = AXIS2_PLACEMENT_3D ( 'NONE', #4206, #7063, #5525 ) ;
#6241 = ORIENTED_EDGE ( 'NONE', *, *, #1648, .F. ) ;
#6242 = DIRECTION ( 'NONE',  ( -1.000000000000000000, 0.000000000000000000, 0.000000000000000000 ) ) ;
#6243 = VERTEX_POINT ( 'NONE', #1405 ) ;
#6244 = DIRECTION ( 'NONE',  ( 1.000000000000000000, -1.734723475976806709E-18, -0.000000000000000000 ) ) ;
#6245 = ADVANCED_FACE ( 'NONE', ( #5603 ), #8467, .F. ) ;
#6246 = CARTESIAN_POINT ( 'NONE',  ( 13.67847513588160702, 13.13641401289931210, 1.500000000000000444 ) ) ;
#6247 = EDGE_CURVE ( 'NONE', #3806, #1330, #4239, .T. ) ;
#6248 = VERTEX_POINT ( 'NONE', #7095 ) ;
#6249 = CARTESIAN_POINT ( 'NONE',  ( 6.582117137899287762, 16.07582173911837486, 1.500000000000000444 ) ) ;
#6250 = VECTOR ( 'NONE', #5575, 1000.000000000000000 ) ;
#6251 = DIRECTION ( 'NONE',  ( 0.000000000000000000, 1.000000000000000000, 0.000000000000000000 ) ) ;
#6252 = ORIENTED_EDGE ( 'NONE', *, *, #6521, .F. ) ;
#6253 = CARTESIAN_POINT ( 'NONE',  ( -39.41788286210071135, 16.07582173911837486, 2.757618389620108523 ) ) ;
#6254 = ORIENTED_EDGE ( 'NONE', *, *, #900, .F. ) ;
#6255 = PLANE ( 'NONE',  #7048 ) ;
#6256 = VECTOR ( 'NONE', #3205, 1000.000000000000000 ) ;
#6257 = EDGE_CURVE ( 'NONE', #2538, #4510, #5741, .T. ) ;
#6258 = ORIENTED_EDGE ( 'NONE', *, *, #314, .T. ) ;
#6259 = LINE ( 'NONE', #7713, #1010 ) ;
#6260 = LINE ( 'NONE', #5419, #8171 ) ;
#6261 = FACE_OUTER_BOUND ( 'NONE', #2681, .T. ) ;
#6262 = ORIENTED_EDGE ( 'NONE', *, *, #41, .F. ) ;
#6263 = CARTESIAN_POINT ( 'NONE',  ( -16.41788286210070424, 16.16277201088163551, 3.250000000000000444 ) ) ;
#6264 = ORIENTED_EDGE ( 'NONE', *, *, #6010, .T. ) ;
#6265 = AXIS2_PLACEMENT_3D ( 'NONE', #3897, #4647, #7601 ) ;
#6266 = DIRECTION ( 'NONE',  ( 0.000000000000000000, 0.000000000000000000, 1.000000000000000000 ) ) ;
#6267 = DIRECTION ( 'NONE',  ( 0.7071067811865466846, 0.7071067811865483499, 0.000000000000000000 ) ) ;
#6268 = EDGE_CURVE ( 'NONE', #7140, #5529, #2183, .T. ) ;
#6269 = EDGE_CURVE ( 'NONE', #1012, #2395, #173, .T. ) ;
#6270 = VECTOR ( 'NONE', #3705, 1000.000000000000000 ) ;
#6271 = CARTESIAN_POINT ( 'NONE',  ( -14.06788286210067263, 15.48641401289931174, 1.500000000000000444 ) ) ;
#6272 = CARTESIAN_POINT ( 'NONE',  ( 29.58211713789928154, 16.07582173911837486, 1.500000000000000444 ) ) ;
#6273 = VERTEX_POINT ( 'NONE', #5130 ) ;
#6274 = LINE ( 'NONE', #9146, #6250 ) ;
#6275 = ORIENTED_EDGE ( 'NONE', *, *, #6312, .T. ) ;
#6276 = CARTESIAN_POINT ( 'NONE',  ( -59.47847513588165214, 13.13641401289931210, 6.000000000000000000 ) ) ;
#6277 = ORIENTED_EDGE ( 'NONE', *, *, #4632, .T. ) ;
#6278 = EDGE_CURVE ( 'NONE', #3586, #8608, #126, .T. ) ;
#6279 = CARTESIAN_POINT ( 'NONE',  ( 114.9999999999999858, 0.000000000000000000, 0.5000000000000004441 ) ) ;
#6280 = DIRECTION ( 'NONE',  ( 0.7071067811865466846, 0.7071067811865483499, 0.000000000000000000 ) ) ;
#6281 = AXIS2_PLACEMENT_3D ( 'NONE', #6949, #1305, #6251 ) ;
#6282 = LINE ( 'NONE', #1382, #326 ) ;
#6283 = CARTESIAN_POINT ( 'NONE',  ( -8.767882862100673691, 15.50448725967914143, 0.5000000000000004441 ) ) ;
#6284 = CARTESIAN_POINT ( 'NONE',  ( 36.69635799798228248, 23.15429687500000000, 6.000000000000000000 ) ) ;
#6285 = ORIENTED_EDGE ( 'NONE', *, *, #4344, .F. ) ;
#6286 = CARTESIAN_POINT ( 'NONE',  ( -13.47847513588162904, 23.17217973710070567, 1.500000000000000444 ) ) ;
#6287 = ORIENTED_EDGE ( 'NONE', *, *, #1349, .T. ) ;
#6288 = FACE_OUTER_BOUND ( 'NONE', #3116, .T. ) ;
#6289 = EDGE_LOOP ( 'NONE', ( #7020, #7758, #4714, #5616, #8796, #9073, #3463, #5729, #4377, #7990, #4201, #7764, #8949, #2316, #915, #1665 ) ) ;
#6290 = VECTOR ( 'NONE', #3655, 1000.000000000000000 ) ;
#6291 = FACE_OUTER_BOUND ( 'NONE', #6332, .T. ) ;
#6292 = ORIENTED_EDGE ( 'NONE', *, *, #2169, .F. ) ;
#6293 = ADVANCED_FACE ( 'NONE', ( #972 ), #1629, .F. ) ;
#6294 = LINE ( 'NONE', #5686, #1479 ) ;
#6295 = VECTOR ( 'NONE', #7151, 1000.000000000000000 ) ;
#6296 = DIRECTION ( 'NONE',  ( -0.7071067811865479058, 0.7071067811865471286, 0.000000000000000000 ) ) ;
#6297 = ORIENTED_EDGE ( 'NONE', *, *, #4604, .T. ) ;
#6298 = ADVANCED_FACE ( 'NONE', ( #6622 ), #7991, .F. ) ;
#6299 = ORIENTED_EDGE ( 'NONE', *, *, #5959, .T. ) ;
#6300 = VERTEX_POINT ( 'NONE', #5175 ) ;
#6301 = LINE ( 'NONE', #2659, #633 ) ;
#6302 = VECTOR ( 'NONE', #3583, 1000.000000000000000 ) ;
#6303 = VERTEX_POINT ( 'NONE', #7287 ) ;
#6304 = VECTOR ( 'NONE', #4547, 1000.000000000000000 ) ;
#6305 = DIRECTION ( 'NONE',  ( 1.000000000000000000, 0.000000000000000000, 0.000000000000000000 ) ) ;
#6306 = LINE ( 'NONE', #3268, #3976 ) ;
#6307 = DIRECTION ( 'NONE',  ( -0.000000000000000000, -0.000000000000000000, 1.000000000000000000 ) ) ;
#6308 = EDGE_LOOP ( 'NONE', ( #6621, #2366, #823, #8840, #8359, #2970, #5129, #4209, #985 ) ) ;
#6309 = LINE ( 'NONE', #4105, #6501 ) ;
#6310 = ADVANCED_FACE ( 'NONE', ( #1581 ), #1023, .F. ) ;
#6311 = ORIENTED_EDGE ( 'NONE', *, *, #1659, .T. ) ;
#6312 = EDGE_CURVE ( 'NONE', #5303, #4311, #8834, .T. ) ;
#6313 = CIRCLE ( 'NONE', #2275, 0.5000000000000000000 ) ;
#6314 = CARTESIAN_POINT ( 'NONE',  ( -84.75000000000001421, 13.15429687499998934, 4.000000000000000000 ) ) ;
#6315 = AXIS2_PLACEMENT_3D ( 'NONE', #6279, #7733, #4779 ) ;
#6316 = FACE_OUTER_BOUND ( 'NONE', #7901, .T. ) ;
#6317 = CARTESIAN_POINT ( 'NONE',  ( 8.932117137899320269, 20.80448725967914925, 0.5000000000000004441 ) ) ;
#6318 = ORIENTED_EDGE ( 'NONE', *, *, #183, .F. ) ;
#6319 = EDGE_CURVE ( 'NONE', #7754, #8115, #8637, .T. ) ;
#6320 = EDGE_CURVE ( 'NONE', #1964, #8634, #3769, .T. ) ;
#6321 = PLANE ( 'NONE',  #2520 ) ;
#6322 = EDGE_LOOP ( 'NONE', ( #7903, #7553, #4900, #7499 ) ) ;
#6323 = CIRCLE ( 'NONE', #4677, 0.5000000000000000000 ) ;
#6324 = CARTESIAN_POINT ( 'NONE',  ( 31.93211713789931139, 15.48641401289931174, 0.5000000000000004441 ) ) ;
#6325 = ORIENTED_EDGE ( 'NONE', *, *, #8077, .T. ) ;
#6326 = LINE ( 'NONE', #622, #9025 ) ;
#6327 = CARTESIAN_POINT ( 'NONE',  ( -78.32152486411838765, 13.13641401289931210, 6.000000000000000000 ) ) ;
#6328 = DIRECTION ( 'NONE',  ( -0.000000000000000000, -0.000000000000000000, 1.000000000000000000 ) ) ;
#6329 = DIRECTION ( 'NONE',  ( 0.000000000000000000, 0.000000000000000000, 1.000000000000000000 ) ) ;
#6330 = DIRECTION ( 'NONE',  ( 1.000000000000000000, 4.336808689941999001E-16, 0.000000000000000000 ) ) ;
#6331 = CARTESIAN_POINT ( 'NONE',  ( -55.32152486411841608, 23.17217973710070567, 1.500000000000000444 ) ) ;
#6332 = EDGE_LOOP ( 'NONE', ( #8877, #3323, #4785, #3484 ) ) ;
#6333 = EDGE_CURVE ( 'NONE', #5352, #5711, #3724, .T. ) ;
#6334 = CARTESIAN_POINT ( 'NONE',  ( -75.38211713789932844, 16.07582173911838197, 3.742381610379892809 ) ) ;
#6335 = CIRCLE ( 'NONE', #7979, 0.5000000000000000000 ) ;
#6336 = ORIENTED_EDGE ( 'NONE', *, *, #803, .T. ) ;
#6337 = CARTESIAN_POINT ( 'NONE',  ( 39.25000000000000000, 13.15429687500000355, 4.000000000000000000 ) ) ;
#6338 = ORIENTED_EDGE ( 'NONE', *, *, #297, .F. ) ;
#6339 = DIRECTION ( 'NONE',  ( -0.000000000000000000, -1.000000000000000000, -0.000000000000000000 ) ) ;
#6340 = ORIENTED_EDGE ( 'NONE', *, *, #6154, .F. ) ;
#6341 = DIRECTION ( 'NONE',  ( 0.000000000000000000, -1.000000000000000000, 0.000000000000000000 ) ) ;
#6342 = DIRECTION ( 'NONE',  ( 1.000000000000000000, 4.336808689941999001E-16, 0.000000000000000000 ) ) ;
#6343 = FACE_OUTER_BOUND ( 'NONE', #1555, .T. ) ;
#6344 = ORIENTED_EDGE ( 'NONE', *, *, #4148, .F. ) ;
#6345 = ORIENTED_EDGE ( 'NONE', *, *, #2771, .T. ) ;
#6346 = VERTEX_POINT ( 'NONE', #7428 ) ;
#6347 = DIRECTION ( 'NONE',  ( -1.000000000000000000, -0.000000000000000000, -0.000000000000000000 ) ) ;
#6348 = ORIENTED_EDGE ( 'NONE', *, *, #6030, .T. ) ;
#6349 = CARTESIAN_POINT ( 'NONE',  ( -6.382117137899323112, 16.16277201088163551, 3.250000000000000444 ) ) ;
#6350 = DIRECTION ( 'NONE',  ( 0.7071067811865474617, -0.7071067811865474617, 0.000000000000000000 ) ) ;
#6351 = DIRECTION ( 'NONE',  ( -1.000000000000000000, 0.000000000000000000, -0.000000000000000000 ) ) ;
#6352 = ORIENTED_EDGE ( 'NONE', *, *, #8550, .T. ) ;
#6353 = CARTESIAN_POINT ( 'NONE',  ( -16.41788286210070424, 16.07582173911837486, 1.500000000000000444 ) ) ;
#6354 = ORIENTED_EDGE ( 'NONE', *, *, #8144, .T. ) ;
#6355 = FACE_OUTER_BOUND ( 'NONE', #2633, .T. ) ;
#6356 = VECTOR ( 'NONE', #6872, 1000.000000000000000 ) ;
#6357 = EDGE_CURVE ( 'NONE', #2711, #6045, #8035, .T. ) ;
#6358 = EDGE_CURVE ( 'NONE', #5258, #3157, #268, .T. ) ;
#6359 = CARTESIAN_POINT ( 'NONE',  ( -78.32152486411838765, 13.13641401289931210, 1.500000000000000444 ) ) ;
#6360 = CARTESIAN_POINT ( 'NONE',  ( -6.795166866136057138, 15.66277201088163373, 3.250000000000000444 ) ) ;
#6361 = ORIENTED_EDGE ( 'NONE', *, *, #6590, .T. ) ;
#6362 = VECTOR ( 'NONE', #4217, 1000.000000000000000 ) ;
#6363 = CARTESIAN_POINT ( 'NONE',  ( 39.24999999999999289, 20.66277201088163196, 3.250000000000000444 ) ) ;
#6364 =( BOUNDED_CURVE ( )  B_SPLINE_CURVE ( 3, ( #4444, #6963, #4905, #8335 ),
 .UNSPECIFIED., .F., .F. ) 
 B_SPLINE_CURVE_WITH_KNOTS ( ( 4, 4 ),
 ( 4.887178170386534681, 6.283185307179586232 ),
 .UNSPECIFIED. ) 
 CURVE ( )  GEOMETRIC_REPRESENTATION_ITEM ( )  RATIONAL_B_SPLINE_CURVE ( ( 1.000000000000000000, 0.8440845325001480326, 0.8440845325001480326, 1.000000000000000000 ) ) 
 REPRESENTATION_ITEM ( '' )  );
#6365 = ORIENTED_EDGE ( 'NONE', *, *, #2086, .F. ) ;
#6366 = DIRECTION ( 'NONE',  ( 0.000000000000000000, -1.000000000000000000, 0.000000000000000000 ) ) ;
#6367 = ORIENTED_EDGE ( 'NONE', *, *, #3827, .T. ) ;
#6368 = CARTESIAN_POINT ( 'NONE',  ( -89.25000000000001421, 13.15429687500000533, 0.4964466094067260249 ) ) ;
#6369 = VECTOR ( 'NONE', #3599, 1000.000000000000000 ) ;
#6370 = ADVANCED_FACE ( 'NONE', ( #5309 ), #5974, .T. ) ;
#6371 = VECTOR ( 'NONE', #8201, 1000.000000000000000 ) ;
#6372 = LINE ( 'NONE', #1469, #95 ) ;
#6373 = FACE_OUTER_BOUND ( 'NONE', #5648, .T. ) ;
#6374 = DIRECTION ( 'NONE',  ( -6.938893903907222067E-15, 1.000000000000000000, 0.000000000000000000 ) ) ;
#6375 = CARTESIAN_POINT ( 'NONE',  ( 46.25000000000000000, 13.90429687500000355, 1.000000000000000000 ) ) ;
#6376 = CARTESIAN_POINT ( 'NONE',  ( -15.81788286210067440, 20.80448725967914925, 1.500000000000000444 ) ) ;
#6377 = ORIENTED_EDGE ( 'NONE', *, *, #8802, .T. ) ;
#6378 = PLANE ( 'NONE',  #2833 ) ;
#6379 = ORIENTED_EDGE ( 'NONE', *, *, #5893, .F. ) ;
#6380 = AXIS2_PLACEMENT_3D ( 'NONE', #2799, #2051, #7898 ) ;
#6381 = CARTESIAN_POINT ( 'NONE',  ( -37.06788286210068151, 15.48641401289931174, 0.5000000000000004441 ) ) ;
#6382 = VERTEX_POINT ( 'NONE', #4512 ) ;
#6383 = DIRECTION ( 'NONE',  ( -0.000000000000000000, -0.000000000000000000, 1.000000000000000000 ) ) ;
#6384 = EDGE_CURVE ( 'NONE', #3023, #1464, #222, .T. ) ;
#6385 = ORIENTED_EDGE ( 'NONE', *, *, #871, .T. ) ;
#6386 = EDGE_CURVE ( 'NONE', #840, #9202, #8787, .T. ) ;
#6387 = AXIS2_PLACEMENT_3D ( 'NONE', #8106, #5996, #3190 ) ;
#6388 = DIRECTION ( 'NONE',  ( 1.000000000000000000, -1.734723475976806709E-18, -0.000000000000000000 ) ) ;
#6389 = CARTESIAN_POINT ( 'NONE',  ( -32.32152486411839476, 13.13641401289931210, 1.500000000000000444 ) ) ;
#6390 = DIRECTION ( 'NONE',  ( -0.000000000000000000, -0.000000000000000000, -1.000000000000000000 ) ) ;
#6391 = ORIENTED_EDGE ( 'NONE', *, *, #5162, .F. ) ;
#6392 = ORIENTED_EDGE ( 'NONE', *, *, #7045, .T. ) ;
#6393 = ORIENTED_EDGE ( 'NONE', *, *, #6031, .T. ) ;
#6394 = LINE ( 'NONE', #4756, #8103 ) ;
#6395 = EDGE_LOOP ( 'NONE', ( #2958, #8275, #538, #873 ) ) ;
#6396 = AXIS2_PLACEMENT_3D ( 'NONE', #3285, #3840, #6791 ) ;
#6397 = LINE ( 'NONE', #2844, #3395 ) ;
#6398 = LINE ( 'NONE', #4902, #250 ) ;
#6399 = LINE ( 'NONE', #746, #159 ) ;
#6400 = VERTEX_POINT ( 'NONE', #1768 ) ;
#6401 = CARTESIAN_POINT ( 'NONE',  ( -90.00000000000001421, 23.15429687500000355, 0.2500000000000000000 ) ) ;
#6402 = ORIENTED_EDGE ( 'NONE', *, *, #2264, .F. ) ;
#6403 = PLANE ( 'NONE',  #7040 ) ;
#6404 = VECTOR ( 'NONE', #5469, 1000.000000000000000 ) ;
#6405 = DIRECTION ( 'NONE',  ( 0.000000000000000000, -1.000000000000000000, 0.000000000000000000 ) ) ;
#6406 = DIRECTION ( 'NONE',  ( -0.000000000000000000, -0.000000000000000000, 1.000000000000000000 ) ) ;
#6407 = AXIS2_PLACEMENT_3D ( 'NONE', #5301, #9062, #2599 ) ;
#6408 = EDGE_CURVE ( 'NONE', #2874, #313, #2415, .T. ) ;
#6409 = VERTEX_POINT ( 'NONE', #4556 ) ;
#6410 = EDGE_CURVE ( 'NONE', #5426, #6716, #7380, .T. ) ;
#6411 = CARTESIAN_POINT ( 'NONE',  ( 32.52152486411835497, 23.17217973710070567, 1.500000000000000444 ) ) ;
#6412 = ORIENTED_EDGE ( 'NONE', *, *, #8196, .F. ) ;
#6413 = EDGE_CURVE ( 'NONE', #4974, #7544, #2821, .T. ) ;
#6414 = CARTESIAN_POINT ( 'NONE',  ( -60.06788286210068151, 20.78641401289931068, 0.5000000000000004441 ) ) ;
#6415 = ORIENTED_EDGE ( 'NONE', *, *, #6320, .F. ) ;
#6416 = LINE ( 'NONE', #8536, #4075 ) ;
#6417 = DIRECTION ( 'NONE',  ( 0.000000000000000000, -1.000000000000000000, 0.000000000000000000 ) ) ;
#6418 = CARTESIAN_POINT ( 'NONE',  ( 45.85000000000000142, 0.000000000000000000, 6.000000000000000000 ) ) ;
#6419 = CARTESIAN_POINT ( 'NONE',  ( 45.84999999999998721, 10.65429687500000355, 5.000000000000000000 ) ) ;
#6420 = CARTESIAN_POINT ( 'NONE',  ( -52.38211713789932844, 20.23277201088161803, 1.500000000000000444 ) ) ;
#6421 = ORIENTED_EDGE ( 'NONE', *, *, #8618, .F. ) ;
#6422 = LINE ( 'NONE', #2692, #7472 ) ;
#6423 = EDGE_CURVE ( 'NONE', #3361, #23, #3473, .T. ) ;
#6424 = EDGE_CURVE ( 'NONE', #7032, #1519, #1810, .T. ) ;
#6425 = ORIENTED_EDGE ( 'NONE', *, *, #6942, .T. ) ;
#6426 = LINE ( 'NONE', #22, #3334 ) ;
#6427 = VECTOR ( 'NONE', #7041, 1000.000000000000000 ) ;
#6428 = ORIENTED_EDGE ( 'NONE', *, *, #7507, .T. ) ;
#6429 = LINE ( 'NONE', #4364, #1972 ) ;
#6430 = PLANE ( 'NONE',  #7897 ) ;
#6431 = CARTESIAN_POINT ( 'NONE',  ( 16.61788286210066801, 16.07582173911838197, 3.742381610379894141 ) ) ;
#6432 = ORIENTED_EDGE ( 'NONE', *, *, #8384, .T. ) ;
#6433 = VERTEX_POINT ( 'NONE', #9027 ) ;
#6434 = ADVANCED_FACE ( 'NONE', ( #8276 ), #4044, .F. ) ;
#6435 = VECTOR ( 'NONE', #304, 1000.000000000000000 ) ;
#6436 = LINE ( 'NONE', #2669, #735 ) ;
#6437 = EDGE_CURVE ( 'NONE', #2122, #82, #8491, .T. ) ;
#6438 = LINE ( 'NONE', #7989, #1827 ) ;
#6439 = ORIENTED_EDGE ( 'NONE', *, *, #275, .F. ) ;
#6440 = VECTOR ( 'NONE', #1396, 1000.000000000000000 ) ;
#6441 = LINE ( 'NONE', #7944, #256 ) ;
#6442 = PLANE ( 'NONE',  #9227 ) ;
#6443 = DIRECTION ( 'NONE',  ( -0.000000000000000000, -0.000000000000000000, 1.000000000000000000 ) ) ;
#6444 = ORIENTED_EDGE ( 'NONE', *, *, #1137, .F. ) ;
#6445 = LINE ( 'NONE', #5040, #8162 ) ;
#6446 = ORIENTED_EDGE ( 'NONE', *, *, #3332, .T. ) ;
#6447 = VERTEX_POINT ( 'NONE', #499 ) ;
#6448 = EDGE_CURVE ( 'NONE', #606, #3605, #5451, .T. ) ;
#6449 = CARTESIAN_POINT ( 'NONE',  ( 46.25000000000000000, 11.65429687500000533, 5.600000000000002309 ) ) ;
#6450 = VECTOR ( 'NONE', #2670, 1000.000000000000000 ) ;
#6451 = DIRECTION ( 'NONE',  ( 1.000000000000000000, -1.734723475976806709E-18, -0.000000000000000000 ) ) ;
#6452 = PLANE ( 'NONE',  #3829 ) ;
#6453 = VECTOR ( 'NONE', #4916, 1000.000000000000000 ) ;
#6454 = VECTOR ( 'NONE', #6892, 1000.000000000000000 ) ;
#6455 = VERTEX_POINT ( 'NONE', #6856 ) ;
#6456 = DIRECTION ( 'NONE',  ( 1.000000000000000000, -1.734723475976806709E-18, -0.000000000000000000 ) ) ;
#6457 = DIRECTION ( 'NONE',  ( -1.000000000000000000, 0.000000000000000000, 0.000000000000000000 ) ) ;
#6458 = VERTEX_POINT ( 'NONE', #3951 ) ;
#6459 = VECTOR ( 'NONE', #3391, 1000.000000000000000 ) ;
#6460 = EDGE_CURVE ( 'NONE', #7136, #2504, #8933, .T. ) ;
#6461 = CARTESIAN_POINT ( 'NONE',  ( -93.16421356237310647, 24.65429687500000711, 6.000000000000000000 ) ) ;
#6462 = FACE_BOUND ( 'NONE', #8903, .T. ) ;
#6463 = ADVANCED_FACE ( 'NONE', ( #6906 ), #1902, .F. ) ;
#6464 = PLANE ( 'NONE',  #112 ) ;
#6465 = DIRECTION ( 'NONE',  ( 0.000000000000000000, 1.000000000000000000, 0.000000000000000000 ) ) ;
#6466 = ORIENTED_EDGE ( 'NONE', *, *, #5814, .F. ) ;
#6467 = VECTOR ( 'NONE', #3266, 1000.000000000000000 ) ;
#6468 = CARTESIAN_POINT ( 'NONE',  ( 13.69635799798228248, 23.15429687500000000, 6.000000000000000000 ) ) ;
#6469 = ORIENTED_EDGE ( 'NONE', *, *, #4535, .T. ) ;
#6470 = CARTESIAN_POINT ( 'NONE',  ( -84.75000000000001421, 0.000000000000000000, 1.500000000000000444 ) ) ;
#6471 = ORIENTED_EDGE ( 'NONE', *, *, #8436, .F. ) ;
#6472 = LINE ( 'NONE', #5156, #7815 ) ;
#6473 = VERTEX_POINT ( 'NONE', #4654 ) ;
#6474 = ADVANCED_FACE ( 'NONE', ( #450 ), #4744, .F. ) ;
#6475 =( BOUNDED_CURVE ( )  B_SPLINE_CURVE ( 3, ( #6644, #1653, #7360, #8864 ),
 .UNSPECIFIED., .F., .F. ) 
 B_SPLINE_CURVE_WITH_KNOTS ( ( 4, 4 ),
 ( 0.000000000000000000, 1.396007136793050885 ),
 .UNSPECIFIED. ) 
 CURVE ( )  GEOMETRIC_REPRESENTATION_ITEM ( )  RATIONAL_B_SPLINE_CURVE ( ( 1.000000000000000000, 0.8440845325001481436, 0.8440845325001481436, 1.000000000000000000 ) ) 
 REPRESENTATION_ITEM ( '' )  );
#6476 = EDGE_CURVE ( 'NONE', #7841, #7833, #1162, .T. ) ;
#6477 = DIRECTION ( 'NONE',  ( -0.000000000000000000, -0.000000000000000000, 1.000000000000000000 ) ) ;
#6478 = CARTESIAN_POINT ( 'NONE',  ( -16.41788286210070424, 16.07582173911837486, 6.000000000000000000 ) ) ;
#6479 = LINE ( 'NONE', #2836, #4946 ) ;
#6480 = ORIENTED_EDGE ( 'NONE', *, *, #3288, .T. ) ;
#6481 = EDGE_LOOP ( 'NONE', ( #8891, #9030, #1029, #6975, #6049, #7198 ) ) ;
#6482 = LINE ( 'NONE', #1965, #8506 ) ;
#6483 = LINE ( 'NONE', #7281, #2267 ) ;
#6484 = CARTESIAN_POINT ( 'NONE',  ( -59.41788286210069714, 20.78641401289931778, 0.5000000000000004441 ) ) ;
#6485 = VERTEX_POINT ( 'NONE', #6806 ) ;
#6486 = EDGE_CURVE ( 'NONE', #3501, #3554, #4587, .T. ) ;
#6487 = CARTESIAN_POINT ( 'NONE',  ( 39.25000000000000000, 23.15429687500000000, 6.000000000000000000 ) ) ;
#6488 = DIRECTION ( 'NONE',  ( 0.000000000000000000, 0.000000000000000000, 1.000000000000000000 ) ) ;
#6489 = CARTESIAN_POINT ( 'NONE',  ( -61.98788286210070453, 20.66277201088163196, 3.250000000000000444 ) ) ;
#6490 = ORIENTED_EDGE ( 'NONE', *, *, #3380, .T. ) ;
#6491 = DIRECTION ( 'NONE',  ( -6.546126324440781637E-16, 1.000000000000000000, 0.000000000000000000 ) ) ;
#6492 = ORIENTED_EDGE ( 'NONE', *, *, #2948, .F. ) ;
#6493 = CARTESIAN_POINT ( 'NONE',  ( -83.06788286210067440, 20.78641401289931423, 1.500000000000000444 ) ) ;
#6494 = EDGE_LOOP ( 'NONE', ( #5007, #5967, #4583, #7583, #2259, #7995, #591, #715, #3347, #2166 ) ) ;
#6495 = EDGE_CURVE ( 'NONE', #8255, #3710, #1381, .T. ) ;
#6496 = DIRECTION ( 'NONE',  ( 0.000000000000000000, -0.000000000000000000, -1.000000000000000000 ) ) ;
#6497 = ADVANCED_FACE ( 'NONE', ( #6373 ), #3514, .F. ) ;
#6498 = CARTESIAN_POINT ( 'NONE',  ( 45.85000000000000142, 13.90429687500000355, 6.000000000000000000 ) ) ;
#6499 = VERTEX_POINT ( 'NONE', #4609 ) ;
#6500 = DIRECTION ( 'NONE',  ( 0.000000000000000000, 0.000000000000000000, -1.000000000000000000 ) ) ;
#6501 = VECTOR ( 'NONE', #5607, 1000.000000000000000 ) ;
#6502 = CALENDAR_DATE ( 2025, 30, 7 ) ;
#6503 = DIRECTION ( 'NONE',  ( 1.000000000000000000, -1.734723475976806709E-18, -0.000000000000000000 ) ) ;
#6504 = DIRECTION ( 'NONE',  ( 1.000000000000000000, -1.734723475976806709E-18, -0.000000000000000000 ) ) ;
#6505 = CARTESIAN_POINT ( 'NONE',  ( 6.582117137899287762, 20.23277201088163224, 1.500000000000000444 ) ) ;
#6506 = VECTOR ( 'NONE', #9153, 1000.000000000000000 ) ;
#6507 = DIRECTION ( 'NONE',  ( -0.000000000000000000, -0.000000000000000000, 1.000000000000000000 ) ) ;
#6508 = ORIENTED_EDGE ( 'NONE', *, *, #6320, .T. ) ;
#6509 = DIRECTION ( 'NONE',  ( -0.7071067811865479058, -0.7071067811865471286, 0.000000000000000000 ) ) ;
#6510 = ORIENTED_EDGE ( 'NONE', *, *, #3380, .F. ) ;
#6511 = FACE_OUTER_BOUND ( 'NONE', #8432, .T. ) ;
#6512 = ORIENTED_EDGE ( 'NONE', *, *, #959, .T. ) ;
#6513 = AXIS2_PLACEMENT_3D ( 'NONE', #1880, #2764, #5477 ) ;
#6514 = CIRCLE ( 'NONE', #9219, 0.5000000000000000000 ) ;
#6515 = LINE ( 'NONE', #7884, #5567 ) ;
#6516 = ORIENTED_EDGE ( 'NONE', *, *, #8618, .T. ) ;
#6517 = DIRECTION ( 'NONE',  ( -1.000000000000000000, 0.000000000000000000, 0.000000000000000000 ) ) ;
#6518 = VECTOR ( 'NONE', #838, 1000.000000000000000 ) ;
#6519 = CARTESIAN_POINT ( 'NONE',  ( -91.75000000000000000, 11.65429687500000355, 6.000000000000000000 ) ) ;
#6520 = CIRCLE ( 'NONE', #8337, 0.5000000000000000000 ) ;
#6521 = EDGE_CURVE ( 'NONE', #5725, #1142, #5360, .T. ) ;
#6522 = LINE ( 'NONE', #116, #3306 ) ;
#6523 = EDGE_LOOP ( 'NONE', ( #3469, #2421, #4518, #1725 ) ) ;
#6524 = LINE ( 'NONE', #7277, #6119 ) ;
#6525 = ORIENTED_EDGE ( 'NONE', *, *, #6932, .T. ) ;
#6526 = DIRECTION ( 'NONE',  ( 0.7071067811865479058, 0.7071067811865471286, 0.000000000000000000 ) ) ;
#6527 = CARTESIAN_POINT ( 'NONE',  ( -29.79516686613607135, 15.66277201088163729, 3.503801376738358897 ) ) ;
#6528 = EDGE_CURVE ( 'NONE', #1598, #6400, #1117, .T. ) ;
#6529 = LINE ( 'NONE', #2975, #488 ) ;
#6530 = ORIENTED_EDGE ( 'NONE', *, *, #3529, .T. ) ;
#6531 = CARTESIAN_POINT ( 'NONE',  ( 36.67847513588156971, 23.17217973710070567, 1.500000000000000444 ) ) ;
#6532 = CARTESIAN_POINT ( 'NONE',  ( -82.49635799798235780, 23.15429687499998579, 1.500000000000000444 ) ) ;
#6533 = DIRECTION ( 'NONE',  ( 1.000000000000000000, 1.259073490628327444E-16, -0.000000000000000000 ) ) ;
#6534 = EDGE_LOOP ( 'NONE', ( #2936, #352, #8303, #2372 ) ) ;
#6535 = DIRECTION ( 'NONE',  ( 1.000000000000000000, -1.734723475976806709E-18, -0.000000000000000000 ) ) ;
#6536 = ORIENTED_EDGE ( 'NONE', *, *, #6891, .T. ) ;
#6537 = VECTOR ( 'NONE', #8008, 1000.000000000000000 ) ;
#6538 = CARTESIAN_POINT ( 'NONE',  ( -6.382117137899323112, 16.66277201088163551, 3.250000000000000444 ) ) ;
#6539 = ORIENTED_EDGE ( 'NONE', *, *, #6719, .F. ) ;
#6540 = EDGE_CURVE ( 'NONE', #1193, #6458, #4700, .T. ) ;
#6541 = DIRECTION ( 'NONE',  ( 0.000000000000000000, 1.000000000000000000, 0.000000000000000000 ) ) ;
#6542 = CARTESIAN_POINT ( 'NONE',  ( 36.58211713789931707, 20.78641401289931778, 1.500000000000000444 ) ) ;
#6543 = LINE ( 'NONE', #141, #4806 ) ;
#6544 = ORIENTED_EDGE ( 'NONE', *, *, #6215, .T. ) ;
#6545 = CARTESIAN_POINT ( 'NONE',  ( 38.98211713789931565, 20.78641401289931778, 1.500000000000000444 ) ) ;
#6546 = VERTEX_POINT ( 'NONE', #6159 ) ;
#6547 = EDGE_CURVE ( 'NONE', #7379, #7664, #7683, .T. ) ;
#6548 = ADVANCED_FACE ( 'NONE', ( #5105, #8626 ), #4260, .F. ) ;
#6549 = CARTESIAN_POINT ( 'NONE',  ( -13.47847513588164325, 13.13641401289931210, 1.500000000000000444 ) ) ;
#6550 = AXIS2_PLACEMENT_3D ( 'NONE', #6923, #8645, #2226 ) ;
#6551 = DIRECTION ( 'NONE',  ( 0.7071067811865474617, -0.7071067811865474617, 0.000000000000000000 ) ) ;
#6552 = DIRECTION ( 'NONE',  ( -0.000000000000000000, -0.000000000000000000, 1.000000000000000000 ) ) ;
#6553 = LINE ( 'NONE', #6778, #384 ) ;
#6554 = ORIENTED_EDGE ( 'NONE', *, *, #340, .F. ) ;
#6555 = DIRECTION ( 'NONE',  ( -1.119176436114068839E-16, 1.000000000000000000, 0.000000000000000000 ) ) ;
#6556 = VERTEX_POINT ( 'NONE', #1470 ) ;
#6557 = CARTESIAN_POINT ( 'NONE',  ( 31.93211713789931139, 20.78641401289931068, 0.5000000000000004441 ) ) ;
#6558 = VECTOR ( 'NONE', #9111, 1000.000000000000000 ) ;
#6559 = CARTESIAN_POINT ( 'NONE',  ( -55.32152486411839476, 13.13641401289931210, 6.000000000000000000 ) ) ;
#6560 = ADVANCED_FACE ( 'NONE', ( #2252 ), #6464, .F. ) ;
#6561 = ORIENTED_EDGE ( 'NONE', *, *, #8761, .F. ) ;
#6562 = CARTESIAN_POINT ( 'NONE',  ( 13.58211713789932240, 20.78641401289931778, 0.5000000000000004441 ) ) ;
#6563 = ORIENTED_EDGE ( 'NONE', *, *, #1996, .F. ) ;
#6564 = VECTOR ( 'NONE', #5722, 1000.000000000000000 ) ;
#6565 = CARTESIAN_POINT ( 'NONE',  ( 9.582117137899304637, 13.48641401289930997, 1.500000000000000444 ) ) ;
#6566 = PLANE ( 'NONE',  #4162 ) ;
#6567 = DIRECTION ( 'NONE',  ( 0.000000000000000000, -0.000000000000000000, 1.000000000000000000 ) ) ;
#6568 = ORIENTED_EDGE ( 'NONE', *, *, #1019, .F. ) ;
#6569 = DIRECTION ( 'NONE',  ( -0.000000000000000000, -0.000000000000000000, 1.000000000000000000 ) ) ;
#6570 = VERTEX_POINT ( 'NONE', #1512 ) ;
#6571 = ORIENTED_EDGE ( 'NONE', *, *, #8663, .T. ) ;
#6572 = CARTESIAN_POINT ( 'NONE',  ( 46.25000000000000000, 11.05429687500000036, 6.000000000000000000 ) ) ;
#6573 = DIRECTION ( 'NONE',  ( -0.000000000000000000, -0.000000000000000000, 1.000000000000000000 ) ) ;
#6574 = ORIENTED_EDGE ( 'NONE', *, *, #4110, .F. ) ;
#6575 = ADVANCED_FACE ( 'NONE', ( #3001 ), #905, .T. ) ;
#6576 = CARTESIAN_POINT ( 'NONE',  ( -91.75000000000000000, 10.65429687500000355, 6.000000000000000000 ) ) ;
#6577 = EDGE_CURVE ( 'NONE', #5711, #2988, #1605, .T. ) ;
#6578 = CARTESIAN_POINT ( 'NONE',  ( -31.76788286210068080, 15.50448725967914143, 0.5000000000000004441 ) ) ;
#6579 = VECTOR ( 'NONE', #3317, 1000.000000000000000 ) ;
#6580 = LINE ( 'NONE', #4380, #761 ) ;
#6581 = ORIENTED_EDGE ( 'NONE', *, *, #1098, .F. ) ;
#6582 = CARTESIAN_POINT ( 'NONE',  ( -82.41788286210069714, 13.48641401289930997, 0.5000000000000004441 ) ) ;
#6583 = ORIENTED_EDGE ( 'NONE', *, *, #5035, .F. ) ;
#6584 =( BOUNDED_CURVE ( )  B_SPLINE_CURVE ( 3, ( #1938, #1246, #5486, #5438 ),
 .UNSPECIFIED., .F., .F. ) 
 B_SPLINE_CURVE_WITH_KNOTS ( ( 4, 4 ),
 ( 4.887178170386534681, 6.283185307179586232 ),
 .UNSPECIFIED. ) 
 CURVE ( )  GEOMETRIC_REPRESENTATION_ITEM ( )  RATIONAL_B_SPLINE_CURVE ( ( 1.000000000000000000, 0.8440845325001480326, 0.8440845325001480326, 1.000000000000000000 ) ) 
 REPRESENTATION_ITEM ( '' )  );
#6585 = DIRECTION ( 'NONE',  ( 1.000000000000000000, -1.734723475976806709E-18, -0.000000000000000000 ) ) ;
#6586 = ORIENTED_EDGE ( 'NONE', *, *, #1699, .T. ) ;
#6587 = CARTESIAN_POINT ( 'NONE',  ( -16.41788286210070424, 18.66277201088163196, 3.250000000000000444 ) ) ;
#6588 = EDGE_CURVE ( 'NONE', #5690, #6828, #2299, .T. ) ;
#6589 = DIRECTION ( 'NONE',  ( 0.000000000000000000, 0.000000000000000000, 1.000000000000000000 ) ) ;
#6590 = EDGE_CURVE ( 'NONE', #5860, #9258, #7328, .T. ) ;
#6591 = CARTESIAN_POINT ( 'NONE',  ( -14.06788286210067263, 15.48641401289931174, -2.999999999999999112 ) ) ;
#6592 = ORIENTED_EDGE ( 'NONE', *, *, #6954, .F. ) ;
#6593 = AXIS2_PLACEMENT_3D ( 'NONE', #8386, #2102, #2013 ) ;
#6594 = DIRECTION ( 'NONE',  ( 0.000000000000000000, 1.000000000000000000, 0.000000000000000000 ) ) ;
#6595 = EDGE_LOOP ( 'NONE', ( #1257, #2156, #8863, #2247 ) ) ;
#6596 = DIRECTION ( 'NONE',  ( 0.000000000000000000, 1.000000000000000000, 0.000000000000000000 ) ) ;
#6597 = CIRCLE ( 'NONE', #6003, 0.5000000000000000000 ) ;
#6598 = LINE ( 'NONE', #3232, #5328 ) ;
#6599 = AXIS2_PLACEMENT_3D ( 'NONE', #8774, #8820, #2450 ) ;
#6600 = CARTESIAN_POINT ( 'NONE',  ( 32.58211713789929576, 13.48641401289930997, 1.500000000000000444 ) ) ;
#6601 = EDGE_CURVE ( 'NONE', #2063, #4159, #4396, .T. ) ;
#6602 = EDGE_CURVE ( 'NONE', #3554, #6300, #7988, .T. ) ;
#6603 = LINE ( 'NONE', #7215, #2177 ) ;
#6604 = EDGE_LOOP ( 'NONE', ( #2837, #1876, #4944, #8146 ) ) ;
#6605 = FACE_OUTER_BOUND ( 'NONE', #9194, .T. ) ;
#6606 = ORIENTED_EDGE ( 'NONE', *, *, #7412, .T. ) ;
#6607 = AXIS2_PLACEMENT_3D ( 'NONE', #6562, #7928, #7175 ) ;
#6608 = DIRECTION ( 'NONE',  ( 1.000000000000000000, 0.000000000000000000, 0.000000000000000000 ) ) ;
#6609 = VERTEX_POINT ( 'NONE', #5147 ) ;
#6610 = FACE_BOUND ( 'NONE', #7365, .T. ) ;
#6611 = EDGE_CURVE ( 'NONE', #5482, #935, #8720, .T. ) ;
#6612 = AXIS2_PLACEMENT_3D ( 'NONE', #2568, #3915, #8895 ) ;
#6613 = EDGE_CURVE ( 'NONE', #8589, #7674, #5717, .T. ) ;
#6614 = PLANE ( 'NONE',  #1390 ) ;
#6615 = CARTESIAN_POINT ( 'NONE',  ( 39.25000000000000000, 13.15429687500000355, 4.000000000000000000 ) ) ;
#6616 = DIRECTION ( 'NONE',  ( 0.000000000000000000, 1.000000000000000000, 0.000000000000000000 ) ) ;
#6617 = ORIENTED_EDGE ( 'NONE', *, *, #1044, .T. ) ;
#6618 = ORIENTED_EDGE ( 'NONE', *, *, #297, .T. ) ;
#6619 = LINE ( 'NONE', #7280, #1782 ) ;
#6620 = CARTESIAN_POINT ( 'NONE',  ( 7.182117137899318493, 15.48641401289931174, 0.5000000000000004441 ) ) ;
#6621 = ORIENTED_EDGE ( 'NONE', *, *, #6613, .F. ) ;
#6622 = FACE_OUTER_BOUND ( 'NONE', #1713, .T. ) ;
#6623 = DIRECTION ( 'NONE',  ( -0.7071067811865475727, -0.7071067811865475727, 0.000000000000000000 ) ) ;
#6624 = PLANE ( 'NONE',  #6 ) ;
#6625 = VERTEX_POINT ( 'NONE', #6600 ) ;
#6626 = LINE ( 'NONE', #5181, #242 ) ;
#6627 = ORIENTED_EDGE ( 'NONE', *, *, #8100, .T. ) ;
#6628 = ORIENTED_EDGE ( 'NONE', *, *, #4356, .T. ) ;
#6629 = LINE ( 'NONE', #228, #3754 ) ;
#6630 = ORIENTED_EDGE ( 'NONE', *, *, #3788, .F. ) ;
#6631 = LINE ( 'NONE', #7344, #564 ) ;
#6632 = DIRECTION ( 'NONE',  ( -1.000000000000000000, 0.000000000000000000, -0.000000000000000000 ) ) ;
#6633 = CARTESIAN_POINT ( 'NONE',  ( 29.58211713789928154, 19.66277201088163196, 3.250000000000000444 ) ) ;
#6634 = ORIENTED_EDGE ( 'NONE', *, *, #8445, .F. ) ;
#6635 = DIRECTION ( 'NONE',  ( 0.000000000000000000, -1.000000000000000000, 0.000000000000000000 ) ) ;
#6636 = ORIENTED_EDGE ( 'NONE', *, *, #3210, .T. ) ;
#6637 = DIRECTION ( 'NONE',  ( -1.000000000000000000, 4.956352788505169184E-16, -0.000000000000000000 ) ) ;
#6638 = EDGE_CURVE ( 'NONE', #6455, #6303, #3745, .T. ) ;
#6639 = ADVANCED_FACE ( 'NONE', ( #7166 ), #3047, .F. ) ;
#6640 = DIRECTION ( 'NONE',  ( -0.000000000000000000, -0.000000000000000000, 1.000000000000000000 ) ) ;
#6641 = CARTESIAN_POINT ( 'NONE',  ( -91.75000000000001421, 16.66277201088163551, 3.250000000000000444 ) ) ;
#6642 = PLANE ( 'NONE',  #7130 ) ;
#6643 = VERTEX_POINT ( 'NONE', #5010 ) ;
#6644 = CARTESIAN_POINT ( 'NONE',  ( -16.00483313386397199, 15.66277201088163373, 3.250000000000000444 ) ) ;
#6645 = EDGE_LOOP ( 'NONE', ( #1930, #3935, #4675, #2882 ) ) ;
#6646 = DIRECTION ( 'NONE',  ( -0.000000000000000000, -0.000000000000000000, 1.000000000000000000 ) ) ;
#6647 = ORIENTED_EDGE ( 'NONE', *, *, #6878, .F. ) ;
#6648 = EDGE_CURVE ( 'NONE', #8660, #8025, #7873, .T. ) ;
#6649 = DIRECTION ( 'NONE',  ( -6.938893903907222067E-15, 1.000000000000000000, 0.000000000000000000 ) ) ;
#6650 = AXIS2_PLACEMENT_3D ( 'NONE', #3225, #2300, #4397 ) ;
#6651 = CARTESIAN_POINT ( 'NONE',  ( -89.75000000000001421, 23.15429687500000355, 0.3499999999999999223 ) ) ;
#6652 = DIRECTION ( 'NONE',  ( -1.000000000000000000, 0.000000000000000000, -0.000000000000000000 ) ) ;
#6653 = CARTESIAN_POINT ( 'NONE',  ( -9.321524864118385878, 13.13641401289931210, 1.500000000000000444 ) ) ;
#6654 = DIRECTION ( 'NONE',  ( 0.000000000000000000, 0.000000000000000000, -1.000000000000000000 ) ) ;
#6655 = ORIENTED_EDGE ( 'NONE', *, *, #3301, .T. ) ;
#6656 = CARTESIAN_POINT ( 'NONE',  ( 7.182117137899318493, 20.80448725967914925, 0.5000000000000004441 ) ) ;
#6657 = ORIENTED_EDGE ( 'NONE', *, *, #3788, .T. ) ;
#6658 = ORIENTED_EDGE ( 'NONE', *, *, #4178, .F. ) ;
#6659 = VECTOR ( 'NONE', #1797, 1000.000000000000000 ) ;
#6660 = PLANE ( 'NONE',  #4158 ) ;
#6661 = DIRECTION ( 'NONE',  ( -0.000000000000000000, -0.000000000000000000, 1.000000000000000000 ) ) ;
#6662 = ADVANCED_FACE ( 'NONE', ( #2206 ), #5057, .F. ) ;
#6663 = EDGE_CURVE ( 'NONE', #2197, #2786, #3142, .T. ) ;
#6664 = CARTESIAN_POINT ( 'NONE',  ( 32.58211713789929576, 20.78641401289931778, 0.5000000000000004441 ) ) ;
#6665 = ORIENTED_EDGE ( 'NONE', *, *, #9021, .T. ) ;
#6666 = VECTOR ( 'NONE', #520, 1000.000000000000000 ) ;
#6667 = VECTOR ( 'NONE', #7872, 1000.000000000000114 ) ;
#6668 = DIRECTION ( 'NONE',  ( -0.000000000000000000, -0.000000000000000000, 1.000000000000000000 ) ) ;
#6669 = LINE ( 'NONE', #1582, #857 ) ;
#6670 = DIRECTION ( 'NONE',  ( 0.000000000000000000, -1.000000000000000000, 0.000000000000000000 ) ) ;
#6671 = ORIENTED_EDGE ( 'NONE', *, *, #5898, .F. ) ;
#6672 = PLANE ( 'NONE',  #9071 ) ;
#6673 = VERTEX_POINT ( 'NONE', #1139 ) ;
#6674 = CARTESIAN_POINT ( 'NONE',  ( 39.18881272280277983, 15.64675159982048669, 3.323659271042912255 ) ) ;
#6675 = ORIENTED_EDGE ( 'NONE', *, *, #1243, .F. ) ;
#6676 = AXIS2_PLACEMENT_3D ( 'NONE', #2471, #5186, #1080 ) ;
#6677 = DIRECTION ( 'NONE',  ( -0.000000000000000000, 1.000000000000000000, 0.000000000000000000 ) ) ;
#6678 = DIRECTION ( 'NONE',  ( 0.000000000000000000, 0.000000000000000000, -1.000000000000000000 ) ) ;
#6679 = FACE_OUTER_BOUND ( 'NONE', #1620, .T. ) ;
#6680 = VECTOR ( 'NONE', #199, 1000.000000000000000 ) ;
#6681 = CARTESIAN_POINT ( 'NONE',  ( -55.41788286210066161, 15.48641401289931174, 0.5000000000000004441 ) ) ;
#6682 = VERTEX_POINT ( 'NONE', #2536 ) ;
#6683 = CARTESIAN_POINT ( 'NONE',  ( -29.38211713789932844, 20.23277201088161803, 1.500000000000000444 ) ) ;
#6684 = ORIENTED_EDGE ( 'NONE', *, *, #1649, .T. ) ;
#6685 = ORIENTED_EDGE ( 'NONE', *, *, #4244, .T. ) ;
#6686 = DIRECTION ( 'NONE',  ( 1.000000000000000000, -1.734723475976806709E-18, -0.000000000000000000 ) ) ;
#6687 = CARTESIAN_POINT ( 'NONE',  ( 46.25000000000000000, 22.40429687500000355, 5.600000000000000533 ) ) ;
#6688 = DIRECTION ( 'NONE',  ( -1.000000000000000000, -0.000000000000000000, -0.000000000000000000 ) ) ;
#6689 = EDGE_CURVE ( 'NONE', #4141, #3128, #950, .T. ) ;
#6690 = PLANE ( 'NONE',  #1325 ) ;
#6691 = AXIS2_PLACEMENT_3D ( 'NONE', #5710, #6456, #52 ) ;
#6692 = VECTOR ( 'NONE', #4701, 1000.000000000000000 ) ;
#6693 = EDGE_CURVE ( 'NONE', #145, #8206, #7401, .T. ) ;
#6694 = VERTEX_POINT ( 'NONE', #3837 ) ;
#6695 = EDGE_CURVE ( 'NONE', #5764, #840, #3881, .T. ) ;
#6696 = FACE_OUTER_BOUND ( 'NONE', #4302, .T. ) ;
#6697 = EDGE_LOOP ( 'NONE', ( #7582, #3063, #2239, #4182 ) ) ;
#6698 = LINE ( 'NONE', #1096, #7295 ) ;
#6699 = CARTESIAN_POINT ( 'NONE',  ( -91.75000000000001421, 18.16277201088163196, 3.250000000000000444 ) ) ;
#6700 = VERTEX_POINT ( 'NONE', #426 ) ;
#6701 = VECTOR ( 'NONE', #8453, 1000.000000000000000 ) ;
#6702 = PLANE ( 'NONE',  #5274 ) ;
#6703 = DIRECTION ( 'NONE',  ( 0.000000000000000000, 0.000000000000000000, 1.000000000000000000 ) ) ;
#6704 = DIRECTION ( 'NONE',  ( 1.000000000000000000, 1.259073490628327444E-16, -0.000000000000000000 ) ) ;
#6705 = ADVANCED_FACE ( 'NONE', ( #1742, #8251, #341, #6088, #7496, #7357, #3282, #1835 ), #6690, .F. ) ;
#6706 = LINE ( 'NONE', #5298, #7315 ) ;
#6707 = VECTOR ( 'NONE', #3886, 1000.000000000000000 ) ;
#6708 = ADVANCED_FACE ( 'NONE', ( #291 ), #6642, .F. ) ;
#6709 = CARTESIAN_POINT ( 'NONE',  ( -14.06788286210067263, 15.48641401289931174, 1.500000000000000444 ) ) ;
#6710 = ORIENTED_EDGE ( 'NONE', *, *, #4099, .T. ) ;
#6711 = CARTESIAN_POINT ( 'NONE',  ( 16.61788286210066801, 16.07582173911838197, 2.757618389620106303 ) ) ;
#6712 = VERTEX_POINT ( 'NONE', #382 ) ;
#6713 = FACE_OUTER_BOUND ( 'NONE', #3503, .T. ) ;
#6714 = LINE ( 'NONE', #6620, #7502 ) ;
#6715 = LINE ( 'NONE', #1113, #4814 ) ;
#6716 = VERTEX_POINT ( 'NONE', #8862 ) ;
#6717 = DIRECTION ( 'NONE',  ( -1.000000000000000000, 0.000000000000000000, -0.000000000000000000 ) ) ;
#6718 = CARTESIAN_POINT ( 'NONE',  ( -83.06788286210067440, 0.000000000000000000, 0.000000000000000000 ) ) ;
#6719 = EDGE_CURVE ( 'NONE', #4164, #4319, #9093, .T. ) ;
#6720 = CARTESIAN_POINT ( 'NONE',  ( -78.41788286210068293, 20.78641401289931778, 0.5000000000000004441 ) ) ;
#6721 = ORIENTED_EDGE ( 'NONE', *, *, #5146, .T. ) ;
#6722 = EDGE_CURVE ( 'NONE', #1142, #1517, #2345, .T. ) ;
#6723 = DIRECTION ( 'NONE',  ( 1.000000000000000000, -1.734723475976806709E-18, -0.000000000000000000 ) ) ;
#6724 = ORIENTED_EDGE ( 'NONE', *, *, #5414, .T. ) ;
#6725 = ORIENTED_EDGE ( 'NONE', *, *, #4148, .T. ) ;
#6726 = LINE ( 'NONE', #5980, #474 ) ;
#6727 = FACE_OUTER_BOUND ( 'NONE', #4316, .T. ) ;
#6728 = VECTOR ( 'NONE', #3638, 1000.000000000000000 ) ;
#6729 = CARTESIAN_POINT ( 'NONE',  ( -7.017882862100671915, 20.78641401289931778, 0.5000000000000004441 ) ) ;
#6730 = CARTESIAN_POINT ( 'NONE',  ( -55.30364200201770331, 23.15429687499998934, 1.500000000000000444 ) ) ;
#6731 = DIRECTION ( 'NONE',  ( -0.000000000000000000, 0.000000000000000000, 1.000000000000000000 ) ) ;
#6732 = EDGE_CURVE ( 'NONE', #2996, #7109, #5488, .T. ) ;
#6733 = ORIENTED_EDGE ( 'NONE', *, *, #5612, .T. ) ;
#6734 = DIRECTION ( 'NONE',  ( -0.000000000000000000, -0.000000000000000000, 1.000000000000000000 ) ) ;
#6735 = VERTEX_POINT ( 'NONE', #6044 ) ;
#6736 = VERTEX_POINT ( 'NONE', #3977 ) ;
#6737 = CIRCLE ( 'NONE', #1956, 0.5000000000000000000 ) ;
#6738 = LINE ( 'NONE', #6226, #8016 ) ;
#6739 = DIRECTION ( 'NONE',  ( 0.000000000000000000, 0.000000000000000000, -1.000000000000000000 ) ) ;
#6740 = AXIS2_PLACEMENT_3D ( 'NONE', #4576, #1090, #3185 ) ;
#6741 = ORIENTED_EDGE ( 'NONE', *, *, #8341, .F. ) ;
#6742 = ORIENTED_EDGE ( 'NONE', *, *, #1310, .F. ) ;
#6743 = DIRECTION ( 'NONE',  ( -1.119176436114068839E-16, 1.000000000000000000, 0.000000000000000000 ) ) ;
#6744 = FACE_OUTER_BOUND ( 'NONE', #5652, .T. ) ;
#6745 = ORIENTED_EDGE ( 'NONE', *, *, #8599, .F. ) ;
#6746 = CARTESIAN_POINT ( 'NONE',  ( -91.75000000000001421, 20.66277201088163196, 3.250000000000000444 ) ) ;
#6747 = VECTOR ( 'NONE', #8552, 1000.000000000000000 ) ;
#6748 = LINE ( 'NONE', #4640, #6809 ) ;
#6749 = CARTESIAN_POINT ( 'NONE',  ( -38.81788286210068151, 15.48641401289931174, 1.500000000000000444 ) ) ;
#6750 = CARTESIAN_POINT ( 'NONE',  ( -6.382117137899323112, 20.23277201088161803, 2.754924248220536054 ) ) ;
#6751 = VECTOR ( 'NONE', #4508, 1000.000000000000000 ) ;
#6752 = CARTESIAN_POINT ( 'NONE',  ( -14.06788286210067263, 15.48641401289931174, -2.999999999999999112 ) ) ;
#6753 = ORIENTED_EDGE ( 'NONE', *, *, #1348, .T. ) ;
#6754 = DIRECTION ( 'NONE',  ( 0.7071067811865318076, 6.542051911182251369E-16, 0.7071067811865633379 ) ) ;
#6755 = ORIENTED_EDGE ( 'NONE', *, *, #6602, .T. ) ;
#6756 = ORIENTED_EDGE ( 'NONE', *, *, #4774, .F. ) ;
#6757 = LINE ( 'NONE', #4039, #6256 ) ;
#6758 = CARTESIAN_POINT ( 'NONE',  ( -91.75000000000001421, 20.16277201088163196, 3.250000000000000444 ) ) ;
#6759 = PLANE ( 'NONE',  #8867 ) ;
#6760 = ADVANCED_FACE ( 'NONE', ( #5287 ), #8153, .F. ) ;
#6761 = EDGE_CURVE ( 'NONE', #8172, #1074, #3843, .T. ) ;
#6762 = VECTOR ( 'NONE', #8116, 1000.000000000000000 ) ;
#6763 = ORIENTED_EDGE ( 'NONE', *, *, #8373, .F. ) ;
#6764 = DIRECTION ( 'NONE',  ( 0.000000000000000000, -1.000000000000000000, 0.000000000000000000 ) ) ;
#6765 = CARTESIAN_POINT ( 'NONE',  ( -91.75000000000001421, 18.16277201088163196, 3.250000000000000444 ) ) ;
#6766 = CARTESIAN_POINT ( 'NONE',  ( -89.75000000000001421, 13.15429687500000533, 0.4964466094067262469 ) ) ;
#6767 = VERTEX_POINT ( 'NONE', #1093 ) ;
#6768 = DIRECTION ( 'NONE',  ( 1.000000000000000000, 4.336808689941999001E-16, 0.000000000000000000 ) ) ;
#6769 = ORIENTED_EDGE ( 'NONE', *, *, #5697, .F. ) ;
#6770 = AXIS2_PLACEMENT_3D ( 'NONE', #4669, #8850, #3181 ) ;
#6771 = DIRECTION ( 'NONE',  ( -0.7071067811865479058, 0.7071067811865471286, 0.000000000000000000 ) ) ;
#6772 = EDGE_CURVE ( 'NONE', #313, #229, #3931, .T. ) ;
#6773 = CARTESIAN_POINT ( 'NONE',  ( -91.75000000000001421, 25.25429687499997655, 0.3999999999999837019 ) ) ;
#6774 = CARTESIAN_POINT ( 'NONE',  ( 39.25000000000000000, 15.70793887701771929, 1.500000000000000444 ) ) ;
#6775 =( BOUNDED_CURVE ( )  B_SPLINE_CURVE ( 3, ( #8282, #6951, #8418, #3309 ),
 .UNSPECIFIED., .F., .F. ) 
 B_SPLINE_CURVE_WITH_KNOTS ( ( 4, 4 ),
 ( 0.000000000000000000, 1.430334912085039711 ),
 .UNSPECIFIED. ) 
 CURVE ( )  GEOMETRIC_REPRESENTATION_ITEM ( )  RATIONAL_B_SPLINE_CURVE ( ( 1.000000000000000000, 0.8366556290180501287, 0.8366556290180501287, 1.000000000000000000 ) ) 
 REPRESENTATION_ITEM ( '' )  );
#6776 = CARTESIAN_POINT ( 'NONE',  ( -37.06788286210068151, 20.80448725967914925, 0.5000000000000004441 ) ) ;
#6777 = CARTESIAN_POINT ( 'NONE',  ( 6.840800136779523477, 20.49145500976187861, 2.791500085062746273 ) ) ;
#6778 = CARTESIAN_POINT ( 'NONE',  ( -13.49635799798233826, 23.15429687499999289, 1.500000000000000444 ) ) ;
#6779 = ORIENTED_EDGE ( 'NONE', *, *, #5773, .F. ) ;
#6780 = LINE ( 'NONE', #1734, #4600 ) ;
#6781 = ORIENTED_EDGE ( 'NONE', *, *, #7007, .T. ) ;
#6782 = ORIENTED_EDGE ( 'NONE', *, *, #7359, .T. ) ;
#6783 = UNCERTAINTY_MEASURE_WITH_UNIT (LENGTH_MEASURE( 1.000000000000000082E-05 ), #7256, 'distance_accuracy_value', 'NONE');
#6784 = ADVANCED_FACE ( 'NONE', ( #8958 ), #7680, .T. ) ;
#6785 = EDGE_CURVE ( 'NONE', #1517, #5063, #1276, .T. ) ;
#6786 = LINE ( 'NONE', #4532, #5025 ) ;
#6787 = CARTESIAN_POINT ( 'NONE',  ( -62.41788286210071135, 16.07582173911837486, 1.500000000000000444 ) ) ;
#6788 = ORIENTED_EDGE ( 'NONE', *, *, #6547, .T. ) ;
#6789 = DIRECTION ( 'NONE',  ( 0.000000000000000000, 1.000000000000000000, 0.000000000000000000 ) ) ;
#6790 = EDGE_LOOP ( 'NONE', ( #2276, #5084, #8096, #651, #7374 ) ) ;
#6791 = DIRECTION ( 'NONE',  ( -1.000000000000000000, 4.956352788505169184E-16, 0.000000000000000000 ) ) ;
#6792 = VERTEX_POINT ( 'NONE', #8389 ) ;
#6793 = DIRECTION ( 'NONE',  ( -0.000000000000000000, -0.000000000000000000, 1.000000000000000000 ) ) ;
#6794 = PLANE ( 'NONE',  #4270 ) ;
#6795 = CARTESIAN_POINT ( 'NONE',  ( 14.23211713789931920, 20.78641401289931778, 0.5000000000000004441 ) ) ;
#6796 = DIRECTION ( 'NONE',  ( -1.000000000000000000, -0.000000000000000000, -0.000000000000000000 ) ) ;
#6797 = CARTESIAN_POINT ( 'NONE',  ( -77.76788286210067724, 20.78641401289931778, 0.5000000000000004441 ) ) ;
#6798 = EDGE_LOOP ( 'NONE', ( #1990, #4097, #3335, #7755 ) ) ;
#6799 = CARTESIAN_POINT ( 'NONE',  ( -91.34999999999998010, 25.65429687500000355, 6.000000000000000000 ) ) ;
#6800 = ORIENTED_EDGE ( 'NONE', *, *, #772, .T. ) ;
#6801 = LINE ( 'NONE', #8361, #8360 ) ;
#6802 = LINE ( 'NONE', #8784, #2869 ) ;
#6803 = VECTOR ( 'NONE', #4858, 1000.000000000000000 ) ;
#6804 = DIRECTION ( 'NONE',  ( 1.000000000000000000, 1.259073490628327444E-16, -0.000000000000000000 ) ) ;
#6805 = ORIENTED_EDGE ( 'NONE', *, *, #154, .T. ) ;
#6806 = CARTESIAN_POINT ( 'NONE',  ( -84.81788286210067440, 20.80448725967914925, 0.5000000000000004441 ) ) ;
#6807 = ADVANCED_FACE ( 'NONE', ( #8478, #9002 ), #4111, .T. ) ;
#6808 = PLANE ( 'NONE',  #7801 ) ;
#6809 = VECTOR ( 'NONE', #3244, 1000.000000000000000 ) ;
#6810 = DIRECTION ( 'NONE',  ( -0.000000000000000000, -0.000000000000000000, 1.000000000000000000 ) ) ;
#6811 = ORIENTED_EDGE ( 'NONE', *, *, #7919, .T. ) ;
#6812 = CARTESIAN_POINT ( 'NONE',  ( 13.67847513588160702, 13.13641401289931210, 1.500000000000000444 ) ) ;
#6813 = VERTEX_POINT ( 'NONE', #5572 ) ;
#6814 = ORIENTED_EDGE ( 'NONE', *, *, #5399, .F. ) ;
#6815 = EDGE_CURVE ( 'NONE', #3110, #7023, #4822, .T. ) ;
#6816 = DIRECTION ( 'NONE',  ( -0.000000000000000000, 0.000000000000000000, 1.000000000000000000 ) ) ;
#6817 = AXIS2_PLACEMENT_3D ( 'NONE', #473, #9096, #2676 ) ;
#6818 = VECTOR ( 'NONE', #5901, 1000.000000000000000 ) ;
#6819 = DIRECTION ( 'NONE',  ( -0.000000000000000000, -0.000000000000000000, 1.000000000000000000 ) ) ;
#6820 = DIRECTION ( 'NONE',  ( -0.000000000000000000, -0.000000000000000000, 1.000000000000000000 ) ) ;
#6821 = PLANE ( 'NONE',  #2039 ) ;
#6822 = CARTESIAN_POINT ( 'NONE',  ( -16.41788286210070424, 16.07582173911837486, 4.000000000000000000 ) ) ;
#6823 = CARTESIAN_POINT ( 'NONE',  ( -13.41788286210068826, 20.78641401289931778, 0.5000000000000004441 ) ) ;
#6824 = ORIENTED_EDGE ( 'NONE', *, *, #3303, .T. ) ;
#6825 = EDGE_CURVE ( 'NONE', #2514, #2838, #569, .T. ) ;
#6826 = AXIS2_PLACEMENT_3D ( 'NONE', #5846, #2381, #6033 ) ;
#6827 = CARTESIAN_POINT ( 'NONE',  ( 46.25000000000000000, 22.40429687500000355, 1.000000000000000000 ) ) ;
#6828 = VERTEX_POINT ( 'NONE', #1327 ) ;
#6829 = LINE ( 'NONE', #3325, #3899 ) ;
#6830 = APPROVAL_DATE_TIME ( #5380, #5306 ) ;
#6831 = AXIS2_PLACEMENT_3D ( 'NONE', #1985, #3940, #4034 ) ;
#6832 = VECTOR ( 'NONE', #3304, 1000.000000000000000 ) ;
#6833 = CARTESIAN_POINT ( 'NONE',  ( -78.32152486411841608, 23.17217973710070567, 1.500000000000000444 ) ) ;
#6834 = CARTESIAN_POINT ( 'NONE',  ( -75.38211713789932844, 20.16277201088163196, 3.250000000000000444 ) ) ;
#6835 = ORIENTED_EDGE ( 'NONE', *, *, #3529, .F. ) ;
#6836 = EDGE_CURVE ( 'NONE', #8938, #3488, #7773, .T. ) ;
#6837 = EDGE_LOOP ( 'NONE', ( #7867, #8779, #9265, #8813 ) ) ;
#6838 = EDGE_CURVE ( 'NONE', #4234, #2744, #2721, .T. ) ;
#6839 = LINE ( 'NONE', #5293, #8045 ) ;
#6840 = ORIENTED_EDGE ( 'NONE', *, *, #6838, .T. ) ;
#6841 = CARTESIAN_POINT ( 'NONE',  ( -91.35000000000000853, 25.25429687500000497, 0.000000000000000000 ) ) ;
#6842 = AXIS2_PLACEMENT_3D ( 'NONE', #8578, #6635, #4346 ) ;
#6843 = CARTESIAN_POINT ( 'NONE',  ( -55.32152486411839476, 13.13641401289931210, 4.000000000000000000 ) ) ;
#6844 = DIRECTION ( 'NONE',  ( -0.000000000000000000, -1.000000000000000000, -0.000000000000000000 ) ) ;
#6845 = CARTESIAN_POINT ( 'NONE',  ( -6.382117137899323112, 16.16277201088163551, 3.250000000000000444 ) ) ;
#6846 = CARTESIAN_POINT ( 'NONE',  ( -36.41788286210069714, 15.48641401289931174, 0.5000000000000004441 ) ) ;
#6847 = EDGE_CURVE ( 'NONE', #6767, #3642, #4864, .T. ) ;
#6848 = FACE_BOUND ( 'NONE', #2703, .T. ) ;
#6849 = ORIENTED_EDGE ( 'NONE', *, *, #8445, .T. ) ;
#6850 = CIRCLE ( 'NONE', #8965, 0.5000000000000000000 ) ;
#6851 = CARTESIAN_POINT ( 'NONE',  ( -76.01788286210067724, 20.78641401289931778, 1.500000000000000444 ) ) ;
#6852 = ORIENTED_EDGE ( 'NONE', *, *, #6888, .F. ) ;
#6853 = DIRECTION ( 'NONE',  ( 0.000000000000000000, 0.000000000000000000, 1.000000000000000000 ) ) ;
#6854 = VERTEX_POINT ( 'NONE', #6272 ) ;
#6855 = VECTOR ( 'NONE', #5121, 1000.000000000000000 ) ;
#6856 = CARTESIAN_POINT ( 'NONE',  ( -14.06788286210067263, 15.48641401289931174, 0.000000000000000000 ) ) ;
#6857 = CARTESIAN_POINT ( 'NONE',  ( 23.00000000000000000, 0.000000000000000000, 0.5000000000000004441 ) ) ;
#6858 = DIRECTION ( 'NONE',  ( 0.000000000000000000, -0.000000000000000000, 1.000000000000000000 ) ) ;
#6859 = ORIENTED_EDGE ( 'NONE', *, *, #3615, .F. ) ;
#6860 = CARTESIAN_POINT ( 'NONE',  ( 6.582117137899287762, 17.66277201088163196, 3.250000000000000444 ) ) ;
#6861 = ORIENTED_EDGE ( 'NONE', *, *, #26, .F. ) ;
#6862 = VERTEX_POINT ( 'NONE', #4911 ) ;
#6863 = CARTESIAN_POINT ( 'NONE',  ( 9.521524864118349640, 13.13641401289931210, 1.500000000000000444 ) ) ;
#6864 = VECTOR ( 'NONE', #5053, 1000.000000000000000 ) ;
#6865 = EDGE_CURVE ( 'NONE', #2895, #337, #4157, .T. ) ;
#6866 = CARTESIAN_POINT ( 'NONE',  ( -8.767882862100673691, 15.50448725967914143, 0.5000000000000004441 ) ) ;
#6867 = EDGE_CURVE ( 'NONE', #9100, #7457, #664, .T. ) ;
#6868 = DIRECTION ( 'NONE',  ( 1.000000000000000000, 4.336808689941999001E-16, 0.000000000000000000 ) ) ;
#6869 = DIRECTION ( 'NONE',  ( 0.000000000000000000, 1.000000000000000000, 0.000000000000000000 ) ) ;
#6870 = DIRECTION ( 'NONE',  ( 0.000000000000000000, 1.000000000000000000, 0.000000000000000000 ) ) ;
#6871 = ORIENTED_EDGE ( 'NONE', *, *, #7186, .F. ) ;
#6872 = DIRECTION ( 'NONE',  ( -0.7071067811865479058, -0.7071067811865471286, 0.000000000000000000 ) ) ;
#6873 = EDGE_LOOP ( 'NONE', ( #6264, #7746, #5930, #8644, #3296, #7416, #8134, #54, #3165, #7347 ) ) ;
#6874 = LINE ( 'NONE', #9090, #7003 ) ;
#6875 = ORIENTED_EDGE ( 'NONE', *, *, #8100, .F. ) ;
#6876 = ORIENTED_EDGE ( 'NONE', *, *, #899, .T. ) ;
#6877 = COORDINATED_UNIVERSAL_TIME_OFFSET ( 5, 0, .BEHIND. ) ;
#6878 = EDGE_CURVE ( 'NONE', #3204, #5027, #9048, .T. ) ;
#6879 = ADVANCED_FACE ( 'NONE', ( #1234 ), #7019, .F. ) ;
#6880 = CARTESIAN_POINT ( 'NONE',  ( 9.582117137899304637, 13.48641401289930997, 0.5000000000000004441 ) ) ;
#6881 = FACE_OUTER_BOUND ( 'NONE', #8767, .T. ) ;
#6882 = ORIENTED_EDGE ( 'NONE', *, *, #1626, .T. ) ;
#6883 = AXIS2_PLACEMENT_3D ( 'NONE', #4286, #8566, #2141 ) ;
#6884 = ORIENTED_EDGE ( 'NONE', *, *, #7119, .T. ) ;
#6885 = CARTESIAN_POINT ( 'NONE',  ( 36.67847513588159813, 13.13641401289931210, 1.500000000000000444 ) ) ;
#6886 = EDGE_LOOP ( 'NONE', ( #5294, #2529, #1279, #2138, #6824, #7078, #1237, #1801 ) ) ;
#6887 = DIRECTION ( 'NONE',  ( -0.7071067811865466846, -0.7071067811865483499, 0.000000000000000000 ) ) ;
#6888 = EDGE_CURVE ( 'NONE', #1207, #476, #7588, .T. ) ;
#6889 = VECTOR ( 'NONE', #5587, 1000.000000000000114 ) ;
#6890 = CARTESIAN_POINT ( 'NONE',  ( -31.76788286210068080, 20.78641401289931778, -2.999999999999999112 ) ) ;
#6891 = EDGE_CURVE ( 'NONE', #572, #8690, #4071, .T. ) ;
#6892 = DIRECTION ( 'NONE',  ( -1.000000000000000000, -6.546126324440782623E-16, -0.000000000000000000 ) ) ;
#6893 = CARTESIAN_POINT ( 'NONE',  ( -83.06788286210067440, 20.78641401289931423, -2.999999999999999112 ) ) ;
#6894 = DIRECTION ( 'NONE',  ( 1.000000000000000000, -0.000000000000000000, 0.000000000000000000 ) ) ;
#6895 = ORIENTED_EDGE ( 'NONE', *, *, #5128, .T. ) ;
#6896 = LINE ( 'NONE', #306, #742 ) ;
#6897 = ORIENTED_EDGE ( 'NONE', *, *, #7296, .T. ) ;
#6898 = VECTOR ( 'NONE', #5889, 1000.000000000000000 ) ;
#6899 = CARTESIAN_POINT ( 'NONE',  ( -39.16794860091057728, 15.82588747792824080, 3.698245413017312355 ) ) ;
#6900 = ORIENTED_EDGE ( 'NONE', *, *, #9053, .F. ) ;
#6901 = DIRECTION ( 'NONE',  ( 0.000000000000000000, 1.000000000000000000, -0.000000000000000000 ) ) ;
#6902 = ADVANCED_FACE ( 'NONE', ( #9188 ), #6228, .F. ) ;
#6903 = ORIENTED_EDGE ( 'NONE', *, *, #8594, .F. ) ;
#6904 = ADVANCED_FACE ( 'NONE', ( #6881 ), #8346, .F. ) ;
#6905 = VECTOR ( 'NONE', #7422, 1000.000000000000000 ) ;
#6906 = FACE_OUTER_BOUND ( 'NONE', #3667, .T. ) ;
#6907 = VECTOR ( 'NONE', #6374, 1000.000000000000000 ) ;
#6908 = CARTESIAN_POINT ( 'NONE',  ( 39.25000000000000000, 13.15429687500000355, 4.000000000000000000 ) ) ;
#6909 = LINE ( 'NONE', #3349, #311 ) ;
#6910 = ORIENTED_EDGE ( 'NONE', *, *, #3789, .F. ) ;
#6911 = CARTESIAN_POINT ( 'NONE',  ( 39.25000000000000000, 22.40429687500000355, 1.000000000000000000 ) ) ;
#6912 = VERTEX_POINT ( 'NONE', #5615 ) ;
#6913 = CARTESIAN_POINT ( 'NONE',  ( -76.01788286210067724, 20.78641401289931778, 0.5000000000000004441 ) ) ;
#6914 = VECTOR ( 'NONE', #4228, 1000.000000000000000 ) ;
#6915 = DIRECTION ( 'NONE',  ( 0.000000000000000000, 1.000000000000000000, -0.000000000000000000 ) ) ;
#6916 = DIRECTION ( 'NONE',  ( 1.000000000000000000, 0.000000000000000000, 0.000000000000000000 ) ) ;
#6917 = CARTESIAN_POINT ( 'NONE',  ( -62.41788286210071135, 16.07582173911837486, 6.000000000000000000 ) ) ;
#6918 = AXIS2_PLACEMENT_3D ( 'NONE', #2379, #4305, #5228 ) ;
#6919 = CARTESIAN_POINT ( 'NONE',  ( -13.41788286210068826, 15.48641401289931174, 0.5000000000000004441 ) ) ;
#6920 = VERTEX_POINT ( 'NONE', #2243 ) ;
#6921 = DIRECTION ( 'NONE',  ( 0.000000000000000000, 0.7071067811865352493, 0.7071067811865597852 ) ) ;
#6922 = ORIENTED_EDGE ( 'NONE', *, *, #5651, .F. ) ;
#6923 = CARTESIAN_POINT ( 'NONE',  ( 114.9999999999999858, 0.000000000000000000, 1.500000000000000444 ) ) ;
#6924 = ORIENTED_EDGE ( 'NONE', *, *, #1098, .T. ) ;
#6925 = LINE ( 'NONE', #7015, #4053 ) ;
#6926 = DIRECTION ( 'NONE',  ( 1.000000000000000000, 0.000000000000000000, 0.000000000000000000 ) ) ;
#6927 = DIRECTION ( 'NONE',  ( 1.000000000000000000, 0.000000000000000000, 0.000000000000000000 ) ) ;
#6928 = EDGE_CURVE ( 'NONE', #620, #4186, #8664, .T. ) ;
#6929 = ORIENTED_EDGE ( 'NONE', *, *, #8165, .T. ) ;
#6930 = ORIENTED_EDGE ( 'NONE', *, *, #5058, .F. ) ;
#6931 = DIRECTION ( 'NONE',  ( -0.000000000000000000, -0.000000000000000000, 1.000000000000000000 ) ) ;
#6932 = EDGE_CURVE ( 'NONE', #2387, #6433, #3553, .T. ) ;
#6933 = EDGE_CURVE ( 'NONE', #1712, #7770, #4388, .T. ) ;
#6934 = VERTEX_POINT ( 'NONE', #6498 ) ;
#6935 = CARTESIAN_POINT ( 'NONE',  ( -75.38211713789932844, 18.16277201088163196, 3.250000000000000444 ) ) ;
#6936 = CARTESIAN_POINT ( 'NONE',  ( 30.18211713789931139, 15.48641401289931174, 0.5000000000000004441 ) ) ;
#6937 = DIRECTION ( 'NONE',  ( -0.000000000000000000, -0.000000000000000000, 1.000000000000000000 ) ) ;
#6938 = CARTESIAN_POINT ( 'NONE',  ( 39.18788286210063632, 20.66277201088163551, 3.165136981710065633 ) ) ;
#6939 = ORIENTED_EDGE ( 'NONE', *, *, #5113, .F. ) ;
#6940 = CARTESIAN_POINT ( 'NONE',  ( 8.932117137899320269, 20.78641401289931423, -2.999999999999999112 ) ) ;
#6941 = ORIENTED_EDGE ( 'NONE', *, *, #7284, .F. ) ;
#6942 = EDGE_CURVE ( 'NONE', #4491, #8465, #7737, .T. ) ;
#6943 = LINE ( 'NONE', #7652, #7757 ) ;
#6944 = VECTOR ( 'NONE', #8972, 1000.000000000000000 ) ;
#6945 = EDGE_LOOP ( 'NONE', ( #1576, #191, #7589, #3318, #6152, #5331 ) ) ;
#6946 = DIRECTION ( 'NONE',  ( 0.7071067811865483499, -0.7071067811865466846, 0.000000000000000000 ) ) ;
#6947 = ORIENTED_EDGE ( 'NONE', *, *, #1996, .T. ) ;
#6948 = PLANE ( 'NONE',  #7351 ) ;
#6949 = CARTESIAN_POINT ( 'NONE',  ( -91.75000000000001421, 20.16277201088163196, 3.250000000000000444 ) ) ;
#6950 = EDGE_LOOP ( 'NONE', ( #964, #6428, #550, #4040, #7561, #526, #2911, #445, #6287, #6432, #504 ) ) ;
#6951 = CARTESIAN_POINT ( 'NONE',  ( -38.98788286210070453, 20.66277201088163551, 2.988744022555684055 ) ) ;
#6952 = ORIENTED_EDGE ( 'NONE', *, *, #7045, .F. ) ;
#6953 = ORIENTED_EDGE ( 'NONE', *, *, #369, .T. ) ;
#6954 = EDGE_CURVE ( 'NONE', #8636, #4951, #4959, .T. ) ;
#6955 = EDGE_CURVE ( 'NONE', #4129, #9049, #1459, .T. ) ;
#6956 = DIRECTION ( 'NONE',  ( -6.938893903907222067E-15, 1.000000000000000000, 0.000000000000000000 ) ) ;
#6957 = ORIENTED_EDGE ( 'NONE', *, *, #414, .T. ) ;
#6958 = CIRCLE ( 'NONE', #4710, 0.5000000000000000000 ) ;
#6959 = CARTESIAN_POINT ( 'NONE',  ( -15.98788286210070275, 20.66277201088163551, 2.988744022555684055 ) ) ;
#6960 = CARTESIAN_POINT ( 'NONE',  ( 39.25000000000000000, 15.70793887701771929, 3.457669979389231152 ) ) ;
#6961 = CARTESIAN_POINT ( 'NONE',  ( -55.32152486411841608, 23.17217973710070567, 1.500000000000000444 ) ) ;
#6962 = VERTEX_POINT ( 'NONE', #8576 ) ;
#6963 = CARTESIAN_POINT ( 'NONE',  ( -16.16794860091058084, 15.82588747792824257, 2.801754586982690309 ) ) ;
#6964 = EDGE_LOOP ( 'NONE', ( #4966, #4413 ) ) ;
#6965 = LINE ( 'NONE', #9138, #584 ) ;
#6966 = VECTOR ( 'NONE', #7345, 1000.000000000000000 ) ;
#6967 = DIRECTION ( 'NONE',  ( 0.000000000000000000, -0.000000000000000000, 1.000000000000000000 ) ) ;
#6968 = ORIENTED_EDGE ( 'NONE', *, *, #4252, .T. ) ;
#6969 = VECTOR ( 'NONE', #7117, 1000.000000000000000 ) ;
#6970 = PRODUCT_DEFINITION ( 'UNKNOWN', '', #146, #8953 ) ;
#6971 = PLANE ( 'NONE',  #2339 ) ;
#6972 = VECTOR ( 'NONE', #3542, 1000.000000000000114 ) ;
#6973 = CARTESIAN_POINT ( 'NONE',  ( -0.000000000000000000, 25.25429687500000497, 0.000000000000000000 ) ) ;
#6974 = AXIS2_PLACEMENT_3D ( 'NONE', #8719, #765, #56 ) ;
#6975 = ORIENTED_EDGE ( 'NONE', *, *, #6154, .T. ) ;
#6976 = FACE_OUTER_BOUND ( 'NONE', #7196, .T. ) ;
#6977 = CARTESIAN_POINT ( 'NONE',  ( -84.75000000000001421, 22.40429687500000355, 1.000000000000000000 ) ) ;
#6978 = ORIENTED_EDGE ( 'NONE', *, *, #2553, .T. ) ;
#6979 = VECTOR ( 'NONE', #8708, 1000.000000000000000 ) ;
#6980 = EDGE_CURVE ( 'NONE', #9192, #8747, #2943, .T. ) ;
#6981 = DIRECTION ( 'NONE',  ( -1.000000000000000000, 0.000000000000000000, 0.000000000000000000 ) ) ;
#6982 = CARTESIAN_POINT ( 'NONE',  ( -36.49635799798235780, 23.15429687499998934, 6.000000000000000000 ) ) ;
#6983 = EDGE_CURVE ( 'NONE', #7161, #5015, #3646, .T. ) ;
#6984 = PLANE ( 'NONE',  #1980 ) ;
#6985 = PLANE ( 'NONE',  #5157 ) ;
#6986 = VECTOR ( 'NONE', #4489, 1000.000000000000000 ) ;
#6987 = CARTESIAN_POINT ( 'NONE',  ( -60.06788286210068151, 15.48641401289931174, -2.999999999999999112 ) ) ;
#6988 = CARTESIAN_POINT ( 'NONE',  ( -7.017882862100671915, 15.50448725967914143, 0.5000000000000004441 ) ) ;
#6989 = ORIENTED_EDGE ( 'NONE', *, *, #3739, .F. ) ;
#6990 = CARTESIAN_POINT ( 'NONE',  ( 16.18788286210066829, 20.66277201088163906, 3.511255977444319942 ) ) ;
#6991 = ORIENTED_EDGE ( 'NONE', *, *, #3497, .T. ) ;
#6992 = DIRECTION ( 'NONE',  ( -1.000000000000000000, 0.000000000000000000, -0.000000000000000000 ) ) ;
#6993 = ORIENTED_EDGE ( 'NONE', *, *, #75, .T. ) ;
#6994 = EDGE_CURVE ( 'NONE', #9063, #1973, #5664, .T. ) ;
#6995 = ADVANCED_FACE ( 'NONE', ( #3690 ), #7202, .F. ) ;
#6996 = DIRECTION ( 'NONE',  ( 0.000000000000000000, 0.000000000000000000, -1.000000000000000000 ) ) ;
#6997 = VECTOR ( 'NONE', #931, 1000.000000000000000 ) ;
#6998 = LINE ( 'NONE', #4185, #1506 ) ;
#6999 = VERTEX_POINT ( 'NONE', #5138 ) ;
#7000 = VERTEX_POINT ( 'NONE', #1551 ) ;
#7001 = VERTEX_POINT ( 'NONE', #8613 ) ;
#7002 = FACE_OUTER_BOUND ( 'NONE', #5526, .T. ) ;
#7003 = VECTOR ( 'NONE', #1273, 1000.000000000000000 ) ;
#7004 = ORIENTED_EDGE ( 'NONE', *, *, #3982, .F. ) ;
#7005 = EDGE_CURVE ( 'NONE', #7579, #2395, #4297, .T. ) ;
#7006 = CARTESIAN_POINT ( 'NONE',  ( -62.41788286210071135, 18.16277201088163196, 3.250000000000000444 ) ) ;
#7007 = EDGE_CURVE ( 'NONE', #4563, #6700, #8000, .T. ) ;
#7008 = DIRECTION ( 'NONE',  ( 1.000000000000000000, -1.734723475976806709E-18, -0.000000000000000000 ) ) ;
#7009 = AXIS2_PLACEMENT_3D ( 'NONE', #6653, #3058, #8775 ) ;
#7010 = CARTESIAN_POINT ( 'NONE',  ( 39.25000000000000711, 0.000000000000000000, 1.500000000000000444 ) ) ;
#7011 = ORIENTED_EDGE ( 'NONE', *, *, #8888, .T. ) ;
#7012 = FACE_OUTER_BOUND ( 'NONE', #3887, .T. ) ;
#7013 = ORIENTED_EDGE ( 'NONE', *, *, #1563, .F. ) ;
#7014 = VECTOR ( 'NONE', #6569, 1000.000000000000000 ) ;
#7015 = CARTESIAN_POINT ( 'NONE',  ( -16.41788286210070424, 16.07582173911837486, 1.500000000000000444 ) ) ;
#7016 =( GEOMETRIC_REPRESENTATION_CONTEXT ( 3 ) GLOBAL_UNCERTAINTY_ASSIGNED_CONTEXT ( ( #6783 ) ) GLOBAL_UNIT_ASSIGNED_CONTEXT ( ( #7256, #239, #1695 ) ) REPRESENTATION_CONTEXT ( 'NONE', 'WORKASPACE' ) );
#7017 = CARTESIAN_POINT ( 'NONE',  ( -60.06788286210068151, 15.48641401289931174, 0.5000000000000004441 ) ) ;
#7018 = EDGE_CURVE ( 'NONE', #3192, #8085, #4249, .T. ) ;
#7019 = CYLINDRICAL_SURFACE ( 'NONE', #851, 0.5000000000000004441 ) ;
#7020 = ORIENTED_EDGE ( 'NONE', *, *, #2787, .F. ) ;
#7021 = DIRECTION ( 'NONE',  ( 1.000000000000000000, 0.000000000000000000, 0.000000000000000000 ) ) ;
#7022 = LINE ( 'NONE', #9237, #6453 ) ;
#7023 = VERTEX_POINT ( 'NONE', #1414 ) ;
#7024 = DIRECTION ( 'NONE',  ( -0.000000000000000000, -0.000000000000000000, 1.000000000000000000 ) ) ;
#7025 = DIRECTION ( 'NONE',  ( -0.000000000000000000, -0.000000000000000000, 1.000000000000000000 ) ) ;
#7026 = AXIS2_PLACEMENT_3D ( 'NONE', #6919, #6351, #461 ) ;
#7027 = PLANE ( 'NONE',  #2569 ) ;
#7028 = CARTESIAN_POINT ( 'NONE',  ( 9.503642002017674173, 13.15429687499999467, 4.000000000000000000 ) ) ;
#7029 = DIRECTION ( 'NONE',  ( 0.000000000000000000, 0.000000000000000000, 1.000000000000000000 ) ) ;
#7030 = VERTEX_POINT ( 'NONE', #4434 ) ;
#7031 = FACE_OUTER_BOUND ( 'NONE', #1315, .T. ) ;
#7032 = VERTEX_POINT ( 'NONE', #7299 ) ;
#7033 = CARTESIAN_POINT ( 'NONE',  ( -52.63205139908946251, 15.82588747792824968, 2.801754586982684092 ) ) ;
#7034 = EDGE_CURVE ( 'NONE', #4491, #3128, #3505, .T. ) ;
#7035 = VECTOR ( 'NONE', #4738, 1000.000000000000114 ) ;
#7036 = DIRECTION ( 'NONE',  ( 0.000000000000000000, 1.000000000000000000, 0.000000000000000000 ) ) ;
#7037 = ORIENTED_EDGE ( 'NONE', *, *, #667, .T. ) ;
#7038 = CARTESIAN_POINT ( 'NONE',  ( 39.25000000000000711, 20.60065487298227183, 1.500000000000000444 ) ) ;
#7039 = CARTESIAN_POINT ( 'NONE',  ( -7.017882862100671915, 15.50448725967914143, 1.500000000000000444 ) ) ;
#7040 = AXIS2_PLACEMENT_3D ( 'NONE', #9278, #2851, #5703 ) ;
#7041 = DIRECTION ( 'NONE',  ( -0.000000000000000000, -0.000000000000000000, 1.000000000000000000 ) ) ;
#7042 = VERTEX_POINT ( 'NONE', #6360 ) ;
#7043 = ORIENTED_EDGE ( 'NONE', *, *, #8263, .T. ) ;
#7044 = ORIENTED_EDGE ( 'NONE', *, *, #5508, .T. ) ;
#7045 = EDGE_CURVE ( 'NONE', #2245, #5482, #2, .T. ) ;
#7046 = CARTESIAN_POINT ( 'NONE',  ( 36.58211713789931707, 13.48641401289931174, 0.5000000000000004441 ) ) ;
#7047 = ADVANCED_FACE ( 'NONE', ( #5000 ), #6452, .F. ) ;
#7048 = AXIS2_PLACEMENT_3D ( 'NONE', #2613, #7665, #7756 ) ;
#7049 = VERTEX_POINT ( 'NONE', #1081 ) ;
#7050 = AXIS2_PLACEMENT_3D ( 'NONE', #4973, #7832, #1426 ) ;
#7051 = DIRECTION ( 'NONE',  ( 1.000000000000000000, -0.000000000000000000, -0.000000000000000000 ) ) ;
#7052 = CARTESIAN_POINT ( 'NONE',  ( -62.41788286210071135, 18.16277201088163196, 3.250000000000000444 ) ) ;
#7053 = DIRECTION ( 'NONE',  ( 0.000000000000000000, 0.000000000000000000, -1.000000000000000000 ) ) ;
#7054 = ORIENTED_EDGE ( 'NONE', *, *, #8088, .F. ) ;
#7055 = DIRECTION ( 'NONE',  ( -0.000000000000000000, -0.000000000000000000, 1.000000000000000000 ) ) ;
#7056 = VERTEX_POINT ( 'NONE', #1823 ) ;
#7057 = VECTOR ( 'NONE', #5923, 1000.000000000000000 ) ;
#7058 = DIRECTION ( 'NONE',  ( 1.000000000000000000, 0.000000000000000000, 0.000000000000000000 ) ) ;
#7059 = ORIENTED_EDGE ( 'NONE', *, *, #8893, .F. ) ;
#7060 = EDGE_CURVE ( 'NONE', #5950, #2711, #231, .T. ) ;
#7061 = VECTOR ( 'NONE', #4522, 1000.000000000000000 ) ;
#7062 = DIRECTION ( 'NONE',  ( -0.000000000000000000, 0.000000000000000000, 1.000000000000000000 ) ) ;
#7063 = DIRECTION ( 'NONE',  ( -0.000000000000000000, 0.000000000000000000, 1.000000000000000000 ) ) ;
#7064 = ORIENTED_EDGE ( 'NONE', *, *, #2047, .F. ) ;
#7065 = PLANE ( 'NONE',  #4155 ) ;
#7066 = ORIENTED_EDGE ( 'NONE', *, *, #4307, .T. ) ;
#7067 = EDGE_CURVE ( 'NONE', #2225, #4460, #2337, .T. ) ;
#7068 = VECTOR ( 'NONE', #8898, 1000.000000000000000 ) ;
#7069 = EDGE_CURVE ( 'NONE', #7049, #4458, #2522, .T. ) ;
#7070 = LINE ( 'NONE', #4965, #1240 ) ;
#7071 = VERTEX_POINT ( 'NONE', #3736 ) ;
#7072 = CARTESIAN_POINT ( 'NONE',  ( -52.38211713789932844, 17.66277201088163196, 3.250000000000000444 ) ) ;
#7073 = CARTESIAN_POINT ( 'NONE',  ( -60.06788286210068151, 20.80448725967914925, 0.5000000000000004441 ) ) ;
#7074 = DIRECTION ( 'NONE',  ( 0.000000000000000000, 0.000000000000000000, 1.000000000000000000 ) ) ;
#7075 =( BOUNDED_CURVE ( )  B_SPLINE_CURVE ( 3, ( #7690, #5582, #6191, #5436 ),
 .UNSPECIFIED., .F., .F. ) 
 B_SPLINE_CURVE_WITH_KNOTS ( ( 4, 4 ),
 ( 3.141592653589793116, 4.571927565674860361 ),
 .UNSPECIFIED. ) 
 CURVE ( )  GEOMETRIC_REPRESENTATION_ITEM ( )  RATIONAL_B_SPLINE_CURVE ( ( 1.000000000000000000, 0.8366556290180442446, 0.8366556290180442446, 1.000000000000000000 ) ) 
 REPRESENTATION_ITEM ( '' )  );
#7076 = CARTESIAN_POINT ( 'NONE',  ( 0.000000000000000000, 0.000000000000000000, 1.000000000000000000 ) ) ;
#7077 = FACE_OUTER_BOUND ( 'NONE', #7137, .T. ) ;
#7078 = ORIENTED_EDGE ( 'NONE', *, *, #5449, .T. ) ;
#7079 = FACE_OUTER_BOUND ( 'NONE', #7577, .T. ) ;
#7080 = ORIENTED_EDGE ( 'NONE', *, *, #7481, .F. ) ;
#7081 = CARTESIAN_POINT ( 'NONE',  ( 16.18788286210066829, 20.66277201088163196, 3.250000000000000444 ) ) ;
#7082 = ORIENTED_EDGE ( 'NONE', *, *, #4431, .F. ) ;
#7083 = LINE ( 'NONE', #686, #9167 ) ;
#7084 = ORIENTED_EDGE ( 'NONE', *, *, #6089, .F. ) ;
#7085 = PRODUCT_RELATED_PRODUCT_CATEGORY ( 'detail', '', ( #204 ) ) ;
#7086 = DIRECTION ( 'NONE',  ( -0.000000000000000000, -0.000000000000000000, 1.000000000000000000 ) ) ;
#7087 = CARTESIAN_POINT ( 'NONE',  ( -84.81788286210067440, 15.48641401289931174, 0.5000000000000004441 ) ) ;
#7088 = CARTESIAN_POINT ( 'NONE',  ( 38.98211713789931565, 20.78641401289931778, 0.5000000000000004441 ) ) ;
#7089 = VERTEX_POINT ( 'NONE', #5278 ) ;
#7090 = VERTEX_POINT ( 'NONE', #4621 ) ;
#7091 = VERTEX_POINT ( 'NONE', #6077 ) ;
#7092 = DIRECTION ( 'NONE',  ( -1.000000000000000000, -1.119176436114068839E-16, 0.000000000000000000 ) ) ;
#7093 = ORIENTED_EDGE ( 'NONE', *, *, #666, .T. ) ;
#7094 = EDGE_CURVE ( 'NONE', #6962, #8806, #2335, .T. ) ;
#7095 = CARTESIAN_POINT ( 'NONE',  ( 30.18211713789931139, 15.48641401289931174, 1.500000000000000444 ) ) ;
#7096 = ADVANCED_FACE ( 'NONE', ( #6679 ), #1731, .F. ) ;
#7097 = DIRECTION ( 'NONE',  ( 0.000000000000000000, 0.000000000000000000, 1.000000000000000000 ) ) ;
#7098 = EDGE_CURVE ( 'NONE', #2393, #3727, #3874, .T. ) ;
#7099 = CARTESIAN_POINT ( 'NONE',  ( 39.25000000000000000, 23.15429687500000000, 4.000000000000000000 ) ) ;
#7100 = ORIENTED_EDGE ( 'NONE', *, *, #6495, .F. ) ;
#7101 = PLANE ( 'NONE',  #7254 ) ;
#7102 = ORIENTED_EDGE ( 'NONE', *, *, #3437, .F. ) ;
#7103 = PLANE ( 'NONE',  #1967 ) ;
#7104 = VECTOR ( 'NONE', #3747, 1000.000000000000000 ) ;
#7105 = PLANE ( 'NONE',  #4130 ) ;
#7106 = ADVANCED_FACE ( 'NONE', ( #330 ), #5232, .F. ) ;
#7107 = DIRECTION ( 'NONE',  ( -0.000000000000000000, -0.000000000000000000, 1.000000000000000000 ) ) ;
#7108 = ADVANCED_FACE ( 'NONE', ( #4525 ), #3179, .F. ) ;
#7109 = VERTEX_POINT ( 'NONE', #8800 ) ;
#7110 = VECTOR ( 'NONE', #1888, 1000.000000000000000 ) ;
#7111 = LINE ( 'NONE', #712, #1622 ) ;
#7112 = ORIENTED_EDGE ( 'NONE', *, *, #5146, .F. ) ;
#7113 = CARTESIAN_POINT ( 'NONE',  ( -82.47847513588163793, 23.17217973710070567, 6.000000000000000000 ) ) ;
#7114 = ORIENTED_EDGE ( 'NONE', *, *, #7034, .T. ) ;
#7115 = VECTOR ( 'NONE', #6350, 1000.000000000000114 ) ;
#7116 = AXIS2_PLACEMENT_3D ( 'NONE', #7772, #1370, #5091 ) ;
#7117 = DIRECTION ( 'NONE',  ( 1.000000000000000000, 0.000000000000000000, 0.000000000000000000 ) ) ;
#7118 = DIRECTION ( 'NONE',  ( -0.000000000000000000, 0.000000000000000000, 1.000000000000000000 ) ) ;
#7119 = EDGE_CURVE ( 'NONE', #5097, #7071, #8050, .T. ) ;
#7120 = ADVANCED_FACE ( 'NONE', ( #8094 ), #942, .F. ) ;
#7121 = LINE ( 'NONE', #5718, #2774 ) ;
#7122 = DIRECTION ( 'NONE',  ( 0.7071067811865471286, 0.7071067811865479058, 0.000000000000000000 ) ) ;
#7123 = VERTEX_POINT ( 'NONE', #2473 ) ;
#7124 = LINE ( 'NONE', #4128, #1051 ) ;
#7125 = VECTOR ( 'NONE', #7531, 1000.000000000000000 ) ;
#7126 = CARTESIAN_POINT ( 'NONE',  ( -52.38211713789932844, 20.23277201088161803, 4.000000000000000000 ) ) ;
#7127 = ORIENTED_EDGE ( 'NONE', *, *, #5639, .F. ) ;
#7128 = CARTESIAN_POINT ( 'NONE',  ( -6.812117137899337038, 20.66277201088163196, 3.250000000000000444 ) ) ;
#7129 = ORIENTED_EDGE ( 'NONE', *, *, #8562, .F. ) ;
#7130 = AXIS2_PLACEMENT_3D ( 'NONE', #8762, #241, #3093 ) ;
#7131 = EDGE_CURVE ( 'NONE', #3226, #4238, #5323, .T. ) ;
#7132 = CYLINDRICAL_SURFACE ( 'NONE', #1242, 0.5000000000000004441 ) ;
#7133 = DIRECTION ( 'NONE',  ( 6.938893903907228378E-15, 1.000000000000000000, -0.000000000000000000 ) ) ;
#7134 = DIRECTION ( 'NONE',  ( -1.000000000000000000, 0.000000000000000000, 0.000000000000000000 ) ) ;
#7135 = VERTEX_POINT ( 'NONE', #283 ) ;
#7136 = VERTEX_POINT ( 'NONE', #2383 ) ;
#7137 = EDGE_LOOP ( 'NONE', ( #5989, #3126, #522, #1671, #6745, #9190, #5389, #4449, #8074 ) ) ;
#7138 = LINE ( 'NONE', #3364, #9261 ) ;
#7139 = DIRECTION ( 'NONE',  ( -0.000000000000000000, -0.000000000000000000, 1.000000000000000000 ) ) ;
#7140 = VERTEX_POINT ( 'NONE', #893 ) ;
#7141 = VECTOR ( 'NONE', #809, 1000.000000000000000 ) ;
#7142 = CIRCLE ( 'NONE', #3113, 0.5000000000000000000 ) ;
#7143 = PLANE ( 'NONE',  #6380 ) ;
#7144 = LINE ( 'NONE', #7237, #8179 ) ;
#7145 = LINE ( 'NONE', #8744, #4484 ) ;
#7146 = ORIENTED_EDGE ( 'NONE', *, *, #4855, .T. ) ;
#7147 = LINE ( 'NONE', #7291, #2922 ) ;
#7148 = ORIENTED_EDGE ( 'NONE', *, *, #3647, .T. ) ;
#7149 = ORIENTED_EDGE ( 'NONE', *, *, #3417, .T. ) ;
#7150 = ADVANCED_FACE ( 'NONE', ( #1778 ), #984, .F. ) ;
#7151 = DIRECTION ( 'NONE',  ( -0.000000000000000000, -0.000000000000000000, 1.000000000000000000 ) ) ;
#7152 = VECTOR ( 'NONE', #1132, 1000.000000000000000 ) ;
#7153 = EDGE_CURVE ( 'NONE', #3031, #1733, #8945, .T. ) ;
#7154 = DIRECTION ( 'NONE',  ( 1.000000000000000000, 0.000000000000000000, 0.000000000000000000 ) ) ;
#7155 = CARTESIAN_POINT ( 'NONE',  ( -83.06788286210067440, 15.48641401289931174, -2.999999999999999112 ) ) ;
#7156 = CIRCLE ( 'NONE', #4455, 0.5000000000000000000 ) ;
#7157 = ORIENTED_EDGE ( 'NONE', *, *, #7805, .T. ) ;
#7158 = CARTESIAN_POINT ( 'NONE',  ( -52.38211713789932844, 16.07582173911838197, 1.500000000000000444 ) ) ;
#7159 = ORIENTED_EDGE ( 'NONE', *, *, #8235, .F. ) ;
#7160 = FACE_OUTER_BOUND ( 'NONE', #2453, .T. ) ;
#7161 = VERTEX_POINT ( 'NONE', #8240 ) ;
#7162 = EDGE_CURVE ( 'NONE', #3845, #8924, #3132, .T. ) ;
#7163 = EDGE_CURVE ( 'NONE', #6028, #5112, #6260, .T. ) ;
#7164 = LINE ( 'NONE', #55, #8717 ) ;
#7165 = LINE ( 'NONE', #3700, #6073 ) ;
#7166 = FACE_OUTER_BOUND ( 'NONE', #5441, .T. ) ;
#7167 = LINE ( 'NONE', #2073, #3962 ) ;
#7168 = ORIENTED_EDGE ( 'NONE', *, *, #5757, .T. ) ;
#7169 = CARTESIAN_POINT ( 'NONE',  ( -83.06788286210067440, 15.48641401289931174, 0.5000000000000004441 ) ) ;
#7170 = ORIENTED_EDGE ( 'NONE', *, *, #6528, .T. ) ;
#7171 = CARTESIAN_POINT ( 'NONE',  ( 16.35919986322042874, 20.49145500976187151, 3.708499914937262609 ) ) ;
#7172 = ORIENTED_EDGE ( 'NONE', *, *, #4802, .T. ) ;
#7173 = EDGE_CURVE ( 'NONE', #7913, #7123, #8991, .T. ) ;
#7174 = EDGE_CURVE ( 'NONE', #979, #4050, #1268, .T. ) ;
#7175 = DIRECTION ( 'NONE',  ( -6.938893903907222067E-15, 1.000000000000000000, 0.000000000000000000 ) ) ;
#7176 = VECTOR ( 'NONE', #6162, 1000.000000000000000 ) ;
#7177 = ORIENTED_EDGE ( 'NONE', *, *, #2212, .T. ) ;
#7178 = CARTESIAN_POINT ( 'NONE',  ( 32.58211713789929576, 20.78641401289931778, 1.500000000000000444 ) ) ;
#7179 = DIRECTION ( 'NONE',  ( -1.000000000000000000, -0.000000000000000000, -0.000000000000000000 ) ) ;
#7180 = DIRECTION ( 'NONE',  ( 0.000000000000000000, 0.000000000000000000, -1.000000000000000000 ) ) ;
#7181 = VERTEX_POINT ( 'NONE', #604 ) ;
#7182 = ORIENTED_EDGE ( 'NONE', *, *, #6719, .T. ) ;
#7183 = VECTOR ( 'NONE', #442, 1000.000000000000000 ) ;
#7184 = CARTESIAN_POINT ( 'NONE',  ( -91.75000000000001421, 22.40429687500000711, 1.000000000000000000 ) ) ;
#7185 = CARTESIAN_POINT ( 'NONE',  ( -84.75000000000001421, 13.90429687500000355, 6.000000000000000000 ) ) ;
#7186 = EDGE_CURVE ( 'NONE', #909, #3822, #4102, .T. ) ;
#7187 = EDGE_CURVE ( 'NONE', #6382, #4799, #2664, .T. ) ;
#7188 =( BOUNDED_CURVE ( )  B_SPLINE_CURVE ( 3, ( #7318, #7269, #2873, #7976 ),
 .UNSPECIFIED., .F., .F. ) 
 B_SPLINE_CURVE_WITH_KNOTS ( ( 4, 4 ),
 ( 3.141592653589793116, 4.571927565674860361 ),
 .UNSPECIFIED. ) 
 CURVE ( )  GEOMETRIC_REPRESENTATION_ITEM ( )  RATIONAL_B_SPLINE_CURVE ( ( 1.000000000000000000, 0.8366556290180442446, 0.8366556290180442446, 1.000000000000000000 ) ) 
 REPRESENTATION_ITEM ( '' )  );
#7189 = ORIENTED_EDGE ( 'NONE', *, *, #7963, .F. ) ;
#7190 = VECTOR ( 'NONE', #6585, 1000.000000000000000 ) ;
#7191 = PLANE ( 'NONE',  #7274 ) ;
#7192 = LINE ( 'NONE', #6532, #2937 ) ;
#7193 = DIRECTION ( 'NONE',  ( 0.000000000000000000, -1.000000000000000000, 0.000000000000000000 ) ) ;
#7194 = VERTEX_POINT ( 'NONE', #6960 ) ;
#7195 = DIRECTION ( 'NONE',  ( 1.000000000000000000, -1.734723475976806709E-18, -0.000000000000000000 ) ) ;
#7196 = EDGE_LOOP ( 'NONE', ( #179, #1455, #4904, #1077, #5079 ) ) ;
#7197 = LINE ( 'NONE', #1454, #6898 ) ;
#7198 = ORIENTED_EDGE ( 'NONE', *, *, #5415, .F. ) ;
#7199 = VECTOR ( 'NONE', #3468, 1000.000000000000000 ) ;
#7200 = VECTOR ( 'NONE', #1755, 1000.000000000000000 ) ;
#7201 = DIRECTION ( 'NONE',  ( 1.000000000000000000, 0.000000000000000000, 0.000000000000000000 ) ) ;
#7202 = PLANE ( 'NONE',  #7870 ) ;
#7203 = VECTOR ( 'NONE', #2913, 1000.000000000000000 ) ;
#7204 = AXIS2_PLACEMENT_3D ( 'NONE', #8766, #6555, #202 ) ;
#7205 = EDGE_LOOP ( 'NONE', ( #3111, #4471, #2362, #4729 ) ) ;
#7206 = FACE_OUTER_BOUND ( 'NONE', #4414, .T. ) ;
#7207 = VECTOR ( 'NONE', #6981, 1000.000000000000000 ) ;
#7208 = DIRECTION ( 'NONE',  ( -1.000000000000000000, -0.000000000000000000, -0.000000000000000000 ) ) ;
#7209 = DIRECTION ( 'NONE',  ( 0.000000000000000000, 0.000000000000000000, -1.000000000000000000 ) ) ;
#7210 = CARTESIAN_POINT ( 'NONE',  ( -91.75000000000001421, 25.65429687500000355, 0.3999999999999837019 ) ) ;
#7211 = EDGE_CURVE ( 'NONE', #6792, #8010, #7572, .T. ) ;
#7212 = CARTESIAN_POINT ( 'NONE',  ( 16.35919986322042874, 20.49145500976187151, 2.791500085062738279 ) ) ;
#7213 = EDGE_CURVE ( 'NONE', #7049, #1385, #7575, .T. ) ;
#7214 = ADVANCED_FACE ( 'NONE', ( #1870 ), #6172, .F. ) ;
#7215 = CARTESIAN_POINT ( 'NONE',  ( -91.75000000000001421, 20.66277201088163196, 3.250000000000000444 ) ) ;
#7216 = ORIENTED_EDGE ( 'NONE', *, *, #1296, .F. ) ;
#7217 = ADVANCED_FACE ( 'NONE', ( #1317 ), #6821, .F. ) ;
#7218 = VECTOR ( 'NONE', #5279, 1000.000000000000000 ) ;
#7219 = CARTESIAN_POINT ( 'NONE',  ( -59.41788286210069714, 20.78641401289931423, 0.5000000000000004441 ) ) ;
#7220 = ORIENTED_EDGE ( 'NONE', *, *, #1739, .F. ) ;
#7221 = LINE ( 'NONE', #4540, #2378 ) ;
#7222 = ORIENTED_EDGE ( 'NONE', *, *, #5345, .T. ) ;
#7223 = CARTESIAN_POINT ( 'NONE',  ( 46.00000000000000000, 0.000000000000000000, 1.500000000000000444 ) ) ;
#7224 = VERTEX_POINT ( 'NONE', #8468 ) ;
#7225 = CARTESIAN_POINT ( 'NONE',  ( -78.32152486411841608, 23.17217973710070567, 1.500000000000000444 ) ) ;
#7226 = FACE_OUTER_BOUND ( 'NONE', #4625, .T. ) ;
#7227 = EDGE_CURVE ( 'NONE', #6231, #2728, #6306, .T. ) ;
#7228 = FACE_OUTER_BOUND ( 'NONE', #5076, .T. ) ;
#7229 = ORIENTED_EDGE ( 'NONE', *, *, #7211, .T. ) ;
#7230 = CARTESIAN_POINT ( 'NONE',  ( 68.99999999999998579, 20.78641401289936752, 0.000000000000000000 ) ) ;
#7231 = VERTEX_POINT ( 'NONE', #6214 ) ;
#7232 = ORIENTED_EDGE ( 'NONE', *, *, #6155, .F. ) ;
#7233 = CARTESIAN_POINT ( 'NONE',  ( 32.52152486411835497, 23.17217973710070567, 1.500000000000000444 ) ) ;
#7234 = DIRECTION ( 'NONE',  ( -0.7071067811865479058, 0.7071067811865471286, 0.000000000000000000 ) ) ;
#7235 = EDGE_LOOP ( 'NONE', ( #1601, #1041, #2892, #8336 ) ) ;
#7236 = CARTESIAN_POINT ( 'NONE',  ( -37.06788286210068151, 20.80448725967914925, 0.5000000000000004441 ) ) ;
#7237 = CARTESIAN_POINT ( 'NONE',  ( 91.99999999999998579, 20.78641401289936752, 0.000000000000000000 ) ) ;
#7238 = EDGE_CURVE ( 'NONE', #1193, #2744, #9084, .T. ) ;
#7239 = DIRECTION ( 'NONE',  ( -0.000000000000000000, -0.000000000000000000, 1.000000000000000000 ) ) ;
#7240 = ORIENTED_EDGE ( 'NONE', *, *, #8909, .F. ) ;
#7241 = EDGE_CURVE ( 'NONE', #1239, #409, #5561, .T. ) ;
#7242 = PLANE ( 'NONE',  #2325 ) ;
#7243 = EDGE_LOOP ( 'NONE', ( #2435, #2517, #1692, #7177 ) ) ;
#7244 = VERTEX_POINT ( 'NONE', #7533 ) ;
#7245 = PLANE ( 'NONE',  #1379 ) ;
#7246 = ORIENTED_EDGE ( 'NONE', *, *, #6413, .F. ) ;
#7247 = DIRECTION ( 'NONE',  ( -0.000000000000000000, -0.000000000000000000, 1.000000000000000000 ) ) ;
#7248 = CARTESIAN_POINT ( 'NONE',  ( -13.41788286210068826, 13.48641401289930997, 1.500000000000000444 ) ) ;
#7249 = DIRECTION ( 'NONE',  ( -0.000000000000000000, 0.000000000000000000, 1.000000000000000000 ) ) ;
#7250 = EDGE_CURVE ( 'NONE', #395, #3979, #2616, .T. ) ;
#7251 = ORIENTED_EDGE ( 'NONE', *, *, #4032, .T. ) ;
#7252 = LINE ( 'NONE', #8756, #5653 ) ;
#7253 = ORIENTED_EDGE ( 'NONE', *, *, #8550, .F. ) ;
#7254 = AXIS2_PLACEMENT_3D ( 'NONE', #703, #3728, #42 ) ;
#7255 = DIRECTION ( 'NONE',  ( -0.000000000000000000, -1.000000000000000000, -0.000000000000000000 ) ) ;
#7256 =( LENGTH_UNIT ( ) NAMED_UNIT ( * ) SI_UNIT ( .MILLI., .METRE. ) );
#7257 = CARTESIAN_POINT ( 'NONE',  ( -6.382117137899323112, 16.07582173911838197, 1.500000000000000444 ) ) ;
#7258 = CARTESIAN_POINT ( 'NONE',  ( 9.582117137899304637, 20.78641401289931778, 0.5000000000000004441 ) ) ;
#7259 = VECTOR ( 'NONE', #3891, 1000.000000000000000 ) ;
#7260 = DIRECTION ( 'NONE',  ( 1.000000000000000000, 0.000000000000000000, 0.000000000000000000 ) ) ;
#7261 = ORIENTED_EDGE ( 'NONE', *, *, #960, .F. ) ;
#7262 = FACE_OUTER_BOUND ( 'NONE', #3145, .T. ) ;
#7263 = ORIENTED_EDGE ( 'NONE', *, *, #7558, .F. ) ;
#7264 = CARTESIAN_POINT ( 'NONE',  ( 15.98211713789932098, 15.50448725967914143, 0.5000000000000004441 ) ) ;
#7265 = EDGE_CURVE ( 'NONE', #5945, #2236, #2052, .T. ) ;
#7266 = VERTEX_POINT ( 'NONE', #3964 ) ;
#7267 = AXIS2_PLACEMENT_3D ( 'NONE', #6776, #8897, #3782 ) ;
#7268 = CIRCLE ( 'NONE', #3388, 0.5000000000000000000 ) ;
#7269 = CARTESIAN_POINT ( 'NONE',  ( -29.81211713789933881, 20.66277201088163551, 3.511255977444322163 ) ) ;
#7270 = EDGE_LOOP ( 'NONE', ( #5222, #2693, #3411, #5048, #6094, #937, #880, #8543, #4706 ) ) ;
#7271 = LINE ( 'NONE', #7369, #3621 ) ;
#7272 = CIRCLE ( 'NONE', #2492, 0.5000000000000000000 ) ;
#7273 = DIRECTION ( 'NONE',  ( 0.7071067811865479058, -0.7071067811865471286, -0.000000000000000000 ) ) ;
#7274 = AXIS2_PLACEMENT_3D ( 'NONE', #4947, #6305, #4330 ) ;
#7275 = LINE ( 'NONE', #2087, #3450 ) ;
#7276 = ORIENTED_EDGE ( 'NONE', *, *, #1795, .T. ) ;
#7277 = CARTESIAN_POINT ( 'NONE',  ( -39.41788286210071135, 16.07582173911837486, 6.000000000000000000 ) ) ;
#7278 = ORIENTED_EDGE ( 'NONE', *, *, #5609, .F. ) ;
#7279 = ORIENTED_EDGE ( 'NONE', *, *, #4266, .T. ) ;
#7280 = CARTESIAN_POINT ( 'NONE',  ( 39.25000000000000000, 23.15429687500000000, 6.000000000000000000 ) ) ;
#7281 = CARTESIAN_POINT ( 'NONE',  ( 32.52152486411834076, 13.13641401289931210, 1.500000000000000444 ) ) ;
#7282 = DIRECTION ( 'NONE',  ( -0.000000000000000000, -0.000000000000000000, 1.000000000000000000 ) ) ;
#7283 = EDGE_CURVE ( 'NONE', #6045, #597, #4809, .T. ) ;
#7284 = EDGE_CURVE ( 'NONE', #1308, #3384, #2006, .T. ) ;
#7285 = VECTOR ( 'NONE', #8438, 1000.000000000000000 ) ;
#7286 = VERTEX_POINT ( 'NONE', #4760 ) ;
#7287 = CARTESIAN_POINT ( 'NONE',  ( -8.767882862100673691, 15.48641401289931174, 0.000000000000000000 ) ) ;
#7288 = DIRECTION ( 'NONE',  ( 6.938893903907228378E-15, 1.000000000000000000, -0.000000000000000000 ) ) ;
#7289 = CARTESIAN_POINT ( 'NONE',  ( 29.58211713789928154, 20.23277201088163224, 1.500000000000000444 ) ) ;
#7290 = ORIENTED_EDGE ( 'NONE', *, *, #8738, .F. ) ;
#7291 = CARTESIAN_POINT ( 'NONE',  ( -91.75000000000001421, 18.66277201088163196, 3.250000000000000444 ) ) ;
#7292 = EDGE_LOOP ( 'NONE', ( #1286, #479, #1580, #2002, #2901, #3580 ) ) ;
#7293 = LINE ( 'NONE', #1590, #6295 ) ;
#7294 = ORIENTED_EDGE ( 'NONE', *, *, #2124, .F. ) ;
#7295 = VECTOR ( 'NONE', #8111, 1000.000000000000000 ) ;
#7296 = EDGE_CURVE ( 'NONE', #7606, #9166, #7621, .T. ) ;
#7297 = EDGE_CURVE ( 'NONE', #8581, #455, #4056, .T. ) ;
#7298 = LINE ( 'NONE', #187, #2652 ) ;
#7299 = CARTESIAN_POINT ( 'NONE',  ( -9.321524864118385878, 13.13641401289931210, 6.000000000000000000 ) ) ;
#7300 = DIRECTION ( 'NONE',  ( 1.000000000000000000, -0.000000000000000000, -0.000000000000000000 ) ) ;
#7301 = ORIENTED_EDGE ( 'NONE', *, *, #2355, .T. ) ;
#7302 = VECTOR ( 'NONE', #3602, 1000.000000000000000 ) ;
#7303 = FACE_OUTER_BOUND ( 'NONE', #8692, .T. ) ;
#7304 = ORIENTED_EDGE ( 'NONE', *, *, #1923, .T. ) ;
#7305 = LINE ( 'NONE', #1693, #7666 ) ;
#7306 = CARTESIAN_POINT ( 'NONE',  ( -76.01788286210067724, 20.78641401289931778, 0.5000000000000004441 ) ) ;
#7307 = EDGE_CURVE ( 'NONE', #5107, #7579, #796, .T. ) ;
#7308 = VECTOR ( 'NONE', #1875, 1000.000000000000000 ) ;
#7309 = DIRECTION ( 'NONE',  ( 1.000000000000000000, -1.734723475976806709E-18, -0.000000000000000000 ) ) ;
#7310 = DIRECTION ( 'NONE',  ( -0.000000000000000000, -0.000000000000000000, 1.000000000000000000 ) ) ;
#7311 = CARTESIAN_POINT ( 'NONE',  ( -83.06788286210067440, 20.78641401289931068, 0.5000000000000004441 ) ) ;
#7312 = ORIENTED_EDGE ( 'NONE', *, *, #4686, .T. ) ;
#7313 = DIRECTION ( 'NONE',  ( -0.000000000000000000, -1.000000000000000000, -0.000000000000000000 ) ) ;
#7314 = ORIENTED_EDGE ( 'NONE', *, *, #1202, .F. ) ;
#7315 = VECTOR ( 'NONE', #440, 1000.000000000000000 ) ;
#7316 = DIRECTION ( 'NONE',  ( 0.7071067811865474617, -0.7071067811865474617, 0.000000000000000000 ) ) ;
#7317 = ORIENTED_EDGE ( 'NONE', *, *, #6204, .T. ) ;
#7318 = CARTESIAN_POINT ( 'NONE',  ( -29.81211713789934237, 20.66277201088163196, 3.250000000000000444 ) ) ;
#7319 = ORIENTED_EDGE ( 'NONE', *, *, #2409, .F. ) ;
#7320 = AXIS2_PLACEMENT_3D ( 'NONE', #19, #2868, #9203 ) ;
#7321 = LINE ( 'NONE', #3056, #1089 ) ;
#7322 = DIRECTION ( 'NONE',  ( 1.259073490628327690E-16, -1.000000000000000000, 0.000000000000000000 ) ) ;
#7323 = PLANE ( 'NONE',  #5090 ) ;
#7324 = ORIENTED_EDGE ( 'NONE', *, *, #1101, .T. ) ;
#7325 = CARTESIAN_POINT ( 'NONE',  ( -62.15919986322045787, 20.49145500976188217, 3.708499914937259945 ) ) ;
#7326 = ORIENTED_EDGE ( 'NONE', *, *, #3627, .F. ) ;
#7327 = DIRECTION ( 'NONE',  ( -0.7071067811865475727, 0.7071067811865475727, 0.000000000000000000 ) ) ;
#7328 =( BOUNDED_CURVE ( )  B_SPLINE_CURVE ( 3, ( #4970, #7830, #7967, #3652 ),
 .UNSPECIFIED., .F., .F. ) 
 B_SPLINE_CURVE_WITH_KNOTS ( ( 4, 4 ),
 ( 0.000000000000000000, 1.396007136793050885 ),
 .UNSPECIFIED. ) 
 CURVE ( )  GEOMETRIC_REPRESENTATION_ITEM ( )  RATIONAL_B_SPLINE_CURVE ( ( 1.000000000000000000, 0.8440845325001481436, 0.8440845325001481436, 1.000000000000000000 ) ) 
 REPRESENTATION_ITEM ( '' )  );
#7329 = CARTESIAN_POINT ( 'NONE',  ( 0.000000000000000000, 0.000000000000000000, 4.000000000000000000 ) ) ;
#7330 = DIRECTION ( 'NONE',  ( -0.000000000000000000, -0.000000000000000000, 1.000000000000000000 ) ) ;
#7331 = VERTEX_POINT ( 'NONE', #1446 ) ;
#7332 = DIRECTION ( 'NONE',  ( -1.000000000000000000, 0.000000000000000000, 0.000000000000000000 ) ) ;
#7333 = CARTESIAN_POINT ( 'NONE',  ( -75.38211713789932844, 20.23277201088161803, 2.754924248220536054 ) ) ;
#7334 = CIRCLE ( 'NONE', #2852, 0.5000000000000000000 ) ;
#7335 = DIRECTION ( 'NONE',  ( 0.000000000000000000, -0.000000000000000000, -1.000000000000000000 ) ) ;
#7336 = EDGE_LOOP ( 'NONE', ( #3298, #7182, #5357, #3302, #4427, #821, #8217, #8703, #7054, #2751 ) ) ;
#7337 = DIRECTION ( 'NONE',  ( 0.000000000000000000, 1.000000000000000000, 0.000000000000000000 ) ) ;
#7338 = ADVANCED_FACE ( 'NONE', ( #5743 ), #6442, .F. ) ;
#7339 = ORIENTED_EDGE ( 'NONE', *, *, #4776, .F. ) ;
#7340 = EDGE_CURVE ( 'NONE', #8393, #4847, #4331, .T. ) ;
#7341 = FACE_OUTER_BOUND ( 'NONE', #285, .T. ) ;
#7342 = ORIENTED_EDGE ( 'NONE', *, *, #4786, .T. ) ;
#7343 = VECTOR ( 'NONE', #5538, 1000.000000000000000 ) ;
#7344 = CARTESIAN_POINT ( 'NONE',  ( -31.76788286210068080, 20.78641401289931778, 0.5000000000000004441 ) ) ;
#7345 = DIRECTION ( 'NONE',  ( -0.000000000000000000, -0.000000000000000000, 1.000000000000000000 ) ) ;
#7346 = LINE ( 'NONE', #7735, #2872 ) ;
#7347 = ORIENTED_EDGE ( 'NONE', *, *, #814, .F. ) ;
#7348 = EDGE_CURVE ( 'NONE', #7606, #3226, #6398, .T. ) ;
#7349 = PLANE ( 'NONE',  #6842 ) ;
#7350 = ORIENTED_EDGE ( 'NONE', *, *, #3982, .T. ) ;
#7351 = AXIS2_PLACEMENT_3D ( 'NONE', #2653, #8321, #2512 ) ;
#7352 = DIRECTION ( 'NONE',  ( 1.000000000000000000, -0.000000000000000000, 0.000000000000000000 ) ) ;
#7353 = LINE ( 'NONE', #7306, #902 ) ;
#7354 = VECTOR ( 'NONE', #5532, 1000.000000000000000 ) ;
#7355 = PLANE ( 'NONE',  #1599 ) ;
#7356 = VECTOR ( 'NONE', #5536, 1000.000000000000000 ) ;
#7357 = FACE_BOUND ( 'NONE', #3804, .T. ) ;
#7358 = ORIENTED_EDGE ( 'NONE', *, *, #3053, .F. ) ;
#7359 = EDGE_CURVE ( 'NONE', #7697, #9023, #2932, .T. ) ;
#7360 = CARTESIAN_POINT ( 'NONE',  ( -16.16794860091058439, 15.82588747792824257, 3.698245413017311023 ) ) ;
#7361 = ORIENTED_EDGE ( 'NONE', *, *, #6878, .T. ) ;
#7362 = EDGE_CURVE ( 'NONE', #7962, #8080, #7192, .T. ) ;
#7363 = VECTOR ( 'NONE', #8978, 1000.000000000000000 ) ;
#7364 = CARTESIAN_POINT ( 'NONE',  ( -75.81211713789934947, 20.66277201088163196, 3.250000000000000444 ) ) ;
#7365 = EDGE_LOOP ( 'NONE', ( #3425, #8362, #4596, #9127, #5592, #7800, #2301, #4840, #6941, #6922, #4005, #5849, #8419, #449, #4699, #4962 ) ) ;
#7366 = CARTESIAN_POINT ( 'NONE',  ( -32.41788286210067582, 20.78641401289931778, 0.5000000000000004441 ) ) ;
#7367 = CARTESIAN_POINT ( 'NONE',  ( 31.93211713789931139, 20.78641401289931423, -2.999999999999999112 ) ) ;
#7368 = VECTOR ( 'NONE', #252, 1000.000000000000114 ) ;
#7369 = CARTESIAN_POINT ( 'NONE',  ( -9.303642002017703305, 23.15429687499999289, 1.500000000000000444 ) ) ;
#7370 = CARTESIAN_POINT ( 'NONE',  ( -6.812117137899337038, 20.66277201088163196, 3.250000000000000444 ) ) ;
#7371 = CARTESIAN_POINT ( 'NONE',  ( -78.41788286210066872, 15.48641401289931174, 0.5000000000000004441 ) ) ;
#7372 = ORIENTED_EDGE ( 'NONE', *, *, #7455, .T. ) ;
#7373 = CARTESIAN_POINT ( 'NONE',  ( -59.47847513588163793, 23.17217973710070567, 6.000000000000000000 ) ) ;
#7374 = ORIENTED_EDGE ( 'NONE', *, *, #5530, .F. ) ;
#7375 = ORIENTED_EDGE ( 'NONE', *, *, #3658, .T. ) ;
#7376 = CARTESIAN_POINT ( 'NONE',  ( -13.47847513588162904, 23.17217973710070567, 4.000000000000000000 ) ) ;
#7377 = DIRECTION ( 'NONE',  ( 1.000000000000000000, 0.000000000000000000, 0.000000000000000000 ) ) ;
#7378 = DIRECTION ( 'NONE',  ( -1.000000000000000000, -0.000000000000000000, -0.000000000000000000 ) ) ;
#7379 = VERTEX_POINT ( 'NONE', #700 ) ;
#7380 = LINE ( 'NONE', #7236, #5188 ) ;
#7381 = DIRECTION ( 'NONE',  ( -1.000000000000000000, -1.119176436114068839E-16, 0.000000000000000000 ) ) ;
#7382 = VERTEX_POINT ( 'NONE', #7760 ) ;
#7383 = DIRECTION ( 'NONE',  ( -0.000000000000000000, -0.000000000000000000, 1.000000000000000000 ) ) ;
#7384 = ORIENTED_EDGE ( 'NONE', *, *, #4078, .F. ) ;
#7385 = ORIENTED_EDGE ( 'NONE', *, *, #7688, .T. ) ;
#7386 = FACE_BOUND ( 'NONE', #6964, .T. ) ;
#7387 = ORIENTED_EDGE ( 'NONE', *, *, #3106, .F. ) ;
#7388 = EDGE_CURVE ( 'NONE', #1567, #516, #7272, .T. ) ;
#7389 = CARTESIAN_POINT ( 'NONE',  ( -75.38211713789932844, 20.23277201088161803, 1.500000000000000444 ) ) ;
#7390 = EDGE_CURVE ( 'NONE', #2214, #6231, #7899, .T. ) ;
#7391 = EDGE_CURVE ( 'NONE', #5778, #3521, #1313, .T. ) ;
#7392 = CARTESIAN_POINT ( 'NONE',  ( -84.75000000000001421, 15.40793887701768305, 1.500000000000000444 ) ) ;
#7393 = CARTESIAN_POINT ( 'NONE',  ( -55.41788286210066161, 15.48641401289931174, 0.5000000000000004441 ) ) ;
#7394 = LINE ( 'NONE', #6822, #3483 ) ;
#7395 = VERTEX_POINT ( 'NONE', #8699 ) ;
#7396 = CARTESIAN_POINT ( 'NONE',  ( -82.41788286210069714, 13.48641401289930997, 0.5000000000000004441 ) ) ;
#7397 = VERTEX_POINT ( 'NONE', #1540 ) ;
#7398 = EDGE_CURVE ( 'NONE', #2798, #7479, #7946, .T. ) ;
#7399 = EDGE_CURVE ( 'NONE', #1123, #8581, #8604, .T. ) ;
#7400 = DIRECTION ( 'NONE',  ( 1.000000000000000000, -1.734723475976806709E-18, -0.000000000000000000 ) ) ;
#7401 = LINE ( 'NONE', #996, #5941 ) ;
#7402 = ORIENTED_EDGE ( 'NONE', *, *, #5216, .T. ) ;
#7403 = CARTESIAN_POINT ( 'NONE',  ( -53.01788286210067724, 15.50448725967914143, 0.5000000000000004441 ) ) ;
#7404 = ORIENTED_EDGE ( 'NONE', *, *, #612, .F. ) ;
#7405 = DIRECTION ( 'NONE',  ( 0.000000000000000000, 1.000000000000000000, 0.000000000000000000 ) ) ;
#7406 = DIRECTION ( 'NONE',  ( 0.7071067811865466846, 0.7071067811865483499, 0.000000000000000000 ) ) ;
#7407 = EDGE_LOOP ( 'NONE', ( #274, #8089, #560, #6081, #5936, #4250 ) ) ;
#7408 = DIRECTION ( 'NONE',  ( -0.7071067811865479058, 0.7071067811865471286, 0.000000000000000000 ) ) ;
#7409 = EDGE_CURVE ( 'NONE', #6813, #606, #7144, .T. ) ;
#7410 = VECTOR ( 'NONE', #768, 1000.000000000000000 ) ;
#7411 = LINE ( 'NONE', #1753, #7864 ) ;
#7412 = EDGE_CURVE ( 'NONE', #3352, #5764, #3496, .T. ) ;
#7413 = LINE ( 'NONE', #1008, #8260 ) ;
#7414 = DIRECTION ( 'NONE',  ( 0.000000000000000000, 0.000000000000000000, -1.000000000000000000 ) ) ;
#7415 = DIRECTION ( 'NONE',  ( -1.000000000000000000, -0.000000000000000000, -0.000000000000000000 ) ) ;
#7416 = ORIENTED_EDGE ( 'NONE', *, *, #4644, .F. ) ;
#7417 = CARTESIAN_POINT ( 'NONE',  ( -84.81788286210067440, 15.48641401289931174, 0.5000000000000004441 ) ) ;
#7418 = VECTOR ( 'NONE', #3452, 1000.000000000000000 ) ;
#7419 = ORIENTED_EDGE ( 'NONE', *, *, #2250, .F. ) ;
#7420 = VECTOR ( 'NONE', #4704, 1000.000000000000000 ) ;
#7421 = DIRECTION ( 'NONE',  ( -0.000000000000000000, -0.000000000000000000, 1.000000000000000000 ) ) ;
#7422 = DIRECTION ( 'NONE',  ( 0.000000000000000000, -1.000000000000000000, 0.000000000000000000 ) ) ;
#7423 = CARTESIAN_POINT ( 'NONE',  ( -91.75000000000001421, 19.66277201088163196, 3.250000000000000444 ) ) ;
#7424 = ORIENTED_EDGE ( 'NONE', *, *, #8909, .T. ) ;
#7425 = ADVANCED_FACE ( 'NONE', ( #5696 ), #8518, .F. ) ;
#7426 = VECTOR ( 'NONE', #745, 1000.000000000000000 ) ;
#7427 = VECTOR ( 'NONE', #8477, 1000.000000000000000 ) ;
#7428 = CARTESIAN_POINT ( 'NONE',  ( -83.06788286210067440, 20.78641401289931068, 1.500000000000000444 ) ) ;
#7429 = CARTESIAN_POINT ( 'NONE',  ( -91.75000000000001421, 16.16277201088163551, 3.250000000000000444 ) ) ;
#7430 = DIRECTION ( 'NONE',  ( 1.000000000000000000, -1.734723475976806709E-18, -0.000000000000000000 ) ) ;
#7431 = ORIENTED_EDGE ( 'NONE', *, *, #8832, .T. ) ;
#7432 = DIRECTION ( 'NONE',  ( 0.000000000000000000, 0.000000000000000000, 1.000000000000000000 ) ) ;
#7433 = ORIENTED_EDGE ( 'NONE', *, *, #3394, .T. ) ;
#7434 = DIRECTION ( 'NONE',  ( -0.000000000000000000, -0.000000000000000000, 1.000000000000000000 ) ) ;
#7435 = CIRCLE ( 'NONE', #5635, 0.5000000000000000000 ) ;
#7436 = CARTESIAN_POINT ( 'NONE',  ( -82.41788286210069714, 13.48641401289930997, 0.5000000000000004441 ) ) ;
#7437 = LINE ( 'NONE', #1593, #5031 ) ;
#7438 = DIRECTION ( 'NONE',  ( -1.000000000000000000, -0.000000000000000000, -0.000000000000000000 ) ) ;
#7439 = VECTOR ( 'NONE', #6927, 1000.000000000000000 ) ;
#7440 = EDGE_CURVE ( 'NONE', #2147, #935, #79, .T. ) ;
#7441 = CARTESIAN_POINT ( 'NONE',  ( 31.93211713789931139, 20.80448725967914925, 0.5000000000000004441 ) ) ;
#7442 = ORIENTED_EDGE ( 'NONE', *, *, #3092, .F. ) ;
#7443 = DIRECTION ( 'NONE',  ( -6.938893903907222067E-15, 1.000000000000000000, 0.000000000000000000 ) ) ;
#7444 = VERTEX_POINT ( 'NONE', #2845 ) ;
#7445 = EDGE_LOOP ( 'NONE', ( #7969, #4353, #8705, #1427, #3069, #4607 ) ) ;
#7446 = COORDINATED_UNIVERSAL_TIME_OFFSET ( 5, 0, .BEHIND. ) ;
#7447 = DIRECTION ( 'NONE',  ( 0.000000000000000000, 1.000000000000000000, 0.000000000000000000 ) ) ;
#7448 = CARTESIAN_POINT ( 'NONE',  ( -36.47847513588165214, 13.13641401289931210, 1.500000000000000444 ) ) ;
#7449 = AXIS2_PLACEMENT_3D ( 'NONE', #3740, #6594, #192 ) ;
#7450 = AXIS2_PLACEMENT_3D ( 'NONE', #827, #25, #5644 ) ;
#7451 = ORIENTED_EDGE ( 'NONE', *, *, #561, .T. ) ;
#7452 = CARTESIAN_POINT ( 'NONE',  ( -36.41788286210069714, 20.78641401289931778, 1.500000000000000444 ) ) ;
#7453 = EDGE_LOOP ( 'NONE', ( #1062, #3623, #7855, #4467, #3456, #6539 ) ) ;
#7454 = LINE ( 'NONE', #8963, #5353 ) ;
#7455 = EDGE_CURVE ( 'NONE', #7473, #8052, #8653, .T. ) ;
#7456 = ADVANCED_FACE ( 'NONE', ( #8565 ), #4990, .F. ) ;
#7457 = VERTEX_POINT ( 'NONE', #3211 ) ;
#7458 = VECTOR ( 'NONE', #2645, 1000.000000000000000 ) ;
#7459 = LINE ( 'NONE', #6004, #8118 ) ;
#7460 = LINE ( 'NONE', #8163, #8763 ) ;
#7461 = CARTESIAN_POINT ( 'NONE',  ( 9.582117137899304637, 15.48641401289931174, 0.5000000000000004441 ) ) ;
#7462 = PLANE ( 'NONE',  #7615 ) ;
#7463 = VECTOR ( 'NONE', #490, 1000.000000000000000 ) ;
#7464 = DIRECTION ( 'NONE',  ( 0.000000000000000000, 1.000000000000000000, 0.000000000000000000 ) ) ;
#7465 = ORIENTED_EDGE ( 'NONE', *, *, #1679, .T. ) ;
#7466 = LINE ( 'NONE', #1061, #4314 ) ;
#7467 = ORIENTED_EDGE ( 'NONE', *, *, #7794, .T. ) ;
#7468 = VERTEX_POINT ( 'NONE', #8835 ) ;
#7469 = EDGE_CURVE ( 'NONE', #2894, #4335, #3725, .T. ) ;
#7470 = DIRECTION ( 'NONE',  ( 1.000000000000000000, -0.000000000000000000, 0.000000000000000000 ) ) ;
#7471 = CARTESIAN_POINT ( 'NONE',  ( -96.61666666666677372, 15.92096354166659644, 5.266666666666525387 ) ) ;
#7472 = VECTOR ( 'NONE', #682, 1000.000000000000000 ) ;
#7473 = VERTEX_POINT ( 'NONE', #3863 ) ;
#7474 = CARTESIAN_POINT ( 'NONE',  ( 9.582117137899304637, 22.78641401289931778, 0.5000000000000004441 ) ) ;
#7475 = PLANE ( 'NONE',  #8959 ) ;
#7476 = CARTESIAN_POINT ( 'NONE',  ( -89.75000000000001421, 13.15429687500000355, 0.3499999999999999223 ) ) ;
#7477 = ORIENTED_EDGE ( 'NONE', *, *, #5506, .F. ) ;
#7478 = CARTESIAN_POINT ( 'NONE',  ( 37.23211713789930855, 15.48641401289931174, 0.000000000000000000 ) ) ;
#7479 = VERTEX_POINT ( 'NONE', #3770 ) ;
#7480 = EDGE_CURVE ( 'NONE', #1544, #9063, #8885, .T. ) ;
#7481 = EDGE_CURVE ( 'NONE', #2390, #6102, #4753, .T. ) ;
#7482 = CARTESIAN_POINT ( 'NONE',  ( -36.41788286210069714, 15.48641401289931174, 1.500000000000000444 ) ) ;
#7483 = DIRECTION ( 'NONE',  ( 0.000000000000000000, 0.000000000000000000, -1.000000000000000000 ) ) ;
#7484 = VECTOR ( 'NONE', #1318, 1000.000000000000000 ) ;
#7485 = CARTESIAN_POINT ( 'NONE',  ( 16.61788286210066801, 20.23277201088161803, 4.000000000000000000 ) ) ;
#7486 = DIRECTION ( 'NONE',  ( -0.000000000000000000, -0.000000000000000000, 1.000000000000000000 ) ) ;
#7487 = DIRECTION ( 'NONE',  ( 0.000000000000000000, 0.000000000000000000, -1.000000000000000000 ) ) ;
#7488 = LINE ( 'NONE', #200, #8463 ) ;
#7489 = ORIENTED_EDGE ( 'NONE', *, *, #5845, .T. ) ;
#7490 = CARTESIAN_POINT ( 'NONE',  ( -32.32152486411842318, 23.17217973710070567, 6.000000000000000000 ) ) ;
#7491 = ORIENTED_EDGE ( 'NONE', *, *, #8070, .T. ) ;
#7492 = EDGE_LOOP ( 'NONE', ( #3320, #9274, #1188, #5564 ) ) ;
#7493 = VECTOR ( 'NONE', #8919, 1000.000000000000114 ) ;
#7494 = DATE_AND_TIME ( #424, #1199 ) ;
#7495 = CARTESIAN_POINT ( 'NONE',  ( 39.25000000000000000, 13.15429687500000355, 4.000000000000000000 ) ) ;
#7496 = FACE_BOUND ( 'NONE', #7492, .T. ) ;
#7497 = ORIENTED_EDGE ( 'NONE', *, *, #8289, .F. ) ;
#7498 = CARTESIAN_POINT ( 'NONE',  ( 31.93211713789931139, 20.80448725967914925, 0.5000000000000004441 ) ) ;
#7499 = ORIENTED_EDGE ( 'NONE', *, *, #8034, .T. ) ;
#7500 = CARTESIAN_POINT ( 'NONE',  ( -59.41788286210069714, 22.78641401289931778, 1.500000000000000444 ) ) ;
#7501 = ORIENTED_EDGE ( 'NONE', *, *, #495, .F. ) ;
#7502 = VECTOR ( 'NONE', #218, 1000.000000000000000 ) ;
#7503 = EDGE_CURVE ( 'NONE', #2395, #5027, #6669, .T. ) ;
#7504 = CARTESIAN_POINT ( 'NONE',  ( -89.25000000000001421, 13.15429687500000355, 0.5999999999999999778 ) ) ;
#7505 = VECTOR ( 'NONE', #8119, 1000.000000000000000 ) ;
#7506 = ADVANCED_FACE ( 'NONE', ( #3814 ), #3908, .F. ) ;
#7507 = EDGE_CURVE ( 'NONE', #8503, #3229, #5220, .T. ) ;
#7508 = CARTESIAN_POINT ( 'NONE',  ( 8.932117137899320269, 20.78641401289931068, 0.5000000000000004441 ) ) ;
#7509 = LINE ( 'NONE', #4783, #6944 ) ;
#7510 = AXIS2_PLACEMENT_3D ( 'NONE', #6484, #2927, #5784 ) ;
#7511 = CARTESIAN_POINT ( 'NONE',  ( -75.38211713789932844, 16.07582173911838197, 2.757618389620107635 ) ) ;
#7512 = ORIENTED_EDGE ( 'NONE', *, *, #3672, .T. ) ;
#7513 = LINE ( 'NONE', #5442, #1042 ) ;
#7514 = ORIENTED_EDGE ( 'NONE', *, *, #7060, .F. ) ;
#7515 = LINE ( 'NONE', #9022, #2221 ) ;
#7516 = DIRECTION ( 'NONE',  ( 1.000000000000000000, -1.734723475976806709E-18, -0.000000000000000000 ) ) ;
#7517 = DIRECTION ( 'NONE',  ( 1.000000000000000000, 4.336808689941999001E-16, 0.000000000000000000 ) ) ;
#7518 = VECTOR ( 'NONE', #6819, 1000.000000000000000 ) ;
#7519 = ORIENTED_EDGE ( 'NONE', *, *, #247, .F. ) ;
#7520 = EDGE_CURVE ( 'NONE', #1283, #7090, #8132, .T. ) ;
#7521 = DIRECTION ( 'NONE',  ( -1.000000000000000000, 0.000000000000000000, 0.000000000000000000 ) ) ;
#7522 = CARTESIAN_POINT ( 'NONE',  ( 0.000000000000000000, 0.000000000000000000, 1.000000000000000000 ) ) ;
#7523 = CARTESIAN_POINT ( 'NONE',  ( -82.41788286210069714, 20.78641401289931778, 1.500000000000000444 ) ) ;
#7524 = ORIENTED_EDGE ( 'NONE', *, *, #6693, .F. ) ;
#7525 = DIRECTION ( 'NONE',  ( -0.000000000000000000, 0.000000000000000000, 1.000000000000000000 ) ) ;
#7526 = VERTEX_POINT ( 'NONE', #2417 ) ;
#7527 = VECTOR ( 'NONE', #331, 1000.000000000000000 ) ;
#7528 = CARTESIAN_POINT ( 'NONE',  ( -91.75000000000001421, 20.66277201088163196, 3.250000000000000444 ) ) ;
#7529 = LINE ( 'NONE', #3961, #9181 ) ;
#7530 = EDGE_CURVE ( 'NONE', #4177, #2491, #174, .T. ) ;
#7531 = DIRECTION ( 'NONE',  ( -0.000000000000000000, -0.000000000000000000, 1.000000000000000000 ) ) ;
#7532 = EDGE_CURVE ( 'NONE', #5917, #3384, #1720, .T. ) ;
#7533 = CARTESIAN_POINT ( 'NONE',  ( 46.25000000000000000, 11.05429687500000036, 0.3999999999999837019 ) ) ;
#7534 = DIRECTION ( 'NONE',  ( -0.000000000000000000, -1.000000000000000000, -0.000000000000000000 ) ) ;
#7535 = CARTESIAN_POINT ( 'NONE',  ( 38.98211713789931565, 20.78641401289931778, 0.5000000000000004441 ) ) ;
#7536 = ORIENTED_EDGE ( 'NONE', *, *, #3176, .F. ) ;
#7537 = LINE ( 'NONE', #376, #576 ) ;
#7538 = ORIENTED_EDGE ( 'NONE', *, *, #2086, .T. ) ;
#7539 = ORIENTED_EDGE ( 'NONE', *, *, #2990, .T. ) ;
#7540 = PERSON_AND_ORGANIZATION ( #8110, #7771 ) ;
#7541 = CARTESIAN_POINT ( 'NONE',  ( 46.25000000000000000, 13.90429687500000355, 1.000000000000000000 ) ) ;
#7542 = EDGE_CURVE ( 'NONE', #8025, #2514, #3119, .T. ) ;
#7543 = ORIENTED_EDGE ( 'NONE', *, *, #4191, .T. ) ;
#7544 = VERTEX_POINT ( 'NONE', #8082 ) ;
#7545 = PLANE ( 'NONE',  #5197 ) ;
#7546 = ORIENTED_EDGE ( 'NONE', *, *, #4012, .F. ) ;
#7547 = DIRECTION ( 'NONE',  ( -1.000000000000000000, 0.000000000000000000, 0.000000000000000000 ) ) ;
#7548 = DIRECTION ( 'NONE',  ( 1.000000000000000000, 1.259073490628327690E-16, 0.000000000000000000 ) ) ;
#7549 = DIRECTION ( 'NONE',  ( 0.000000000000000000, 0.7071067811865479058, 0.7071067811865472397 ) ) ;
#7550 = DIRECTION ( 'NONE',  ( 0.000000000000000000, 0.000000000000000000, 1.000000000000000000 ) ) ;
#7551 = EDGE_CURVE ( 'NONE', #3796, #8656, #1356, .T. ) ;
#7552 = FACE_BOUND ( 'NONE', #8714, .T. ) ;
#7553 = ORIENTED_EDGE ( 'NONE', *, *, #6357, .T. ) ;
#7554 = LINE ( 'NONE', #8170, #5665 ) ;
#7555 = ORIENTED_EDGE ( 'NONE', *, *, #2149, .F. ) ;
#7556 = FACE_OUTER_BOUND ( 'NONE', #3060, .T. ) ;
#7557 = ORIENTED_EDGE ( 'NONE', *, *, #3960, .F. ) ;
#7558 = EDGE_CURVE ( 'NONE', #4460, #7841, #223, .T. ) ;
#7559 = VECTOR ( 'NONE', #580, 1000.000000000000000 ) ;
#7560 = DIRECTION ( 'NONE',  ( 0.000000000000000000, 1.000000000000000000, 0.000000000000000000 ) ) ;
#7561 = ORIENTED_EDGE ( 'NONE', *, *, #1231, .F. ) ;
#7562 = CARTESIAN_POINT ( 'NONE',  ( 50.55264859759905960, 22.70639604679989176, 1.297351402400941156 ) ) ;
#7563 = CARTESIAN_POINT ( 'NONE',  ( -7.017882862100671915, 20.78641401289931778, 1.500000000000000444 ) ) ;
#7564 = AXIS2_PLACEMENT_3D ( 'NONE', #8231, #7525, #3171 ) ;
#7565 = DIRECTION ( 'NONE',  ( -0.000000000000000000, -0.000000000000000000, 1.000000000000000000 ) ) ;
#7566 = ORIENTED_EDGE ( 'NONE', *, *, #5190, .F. ) ;
#7567 = LINE ( 'NONE', #4049, #4867 ) ;
#7568 = VERTEX_POINT ( 'NONE', #4557 ) ;
#7569 = EDGE_CURVE ( 'NONE', #6643, #7042, #4146, .T. ) ;
#7570 = CARTESIAN_POINT ( 'NONE',  ( -91.75000000000001421, 25.65429687500000355, 0.3999999999999837019 ) ) ;
#7571 = ADVANCED_FACE ( 'NONE', ( #3168 ), #269, .F. ) ;
#7572 = CIRCLE ( 'NONE', #8923, 0.5000000000000000000 ) ;
#7573 = LINE ( 'NONE', #6032, #1839 ) ;
#7574 = CARTESIAN_POINT ( 'NONE',  ( -16.15919986322045787, 20.49145500976187861, 2.791500085062742720 ) ) ;
#7575 = LINE ( 'NONE', #3316, #7418 ) ;
#7576 = DIRECTION ( 'NONE',  ( 1.000000000000000000, -0.000000000000000000, 0.000000000000000000 ) ) ;
#7577 = EDGE_LOOP ( 'NONE', ( #7904, #8854, #6627, #7681, #7977 ) ) ;
#7578 = LINE ( 'NONE', #5565, #2630 ) ;
#7579 = VERTEX_POINT ( 'NONE', #4610 ) ;
#7580 = AXIS2_PLACEMENT_3D ( 'NONE', #7759, #9271, #3587 ) ;
#7581 = CARTESIAN_POINT ( 'NONE',  ( 16.61788286210066801, 20.23277201088161803, 1.500000000000000444 ) ) ;
#7582 = ORIENTED_EDGE ( 'NONE', *, *, #6732, .F. ) ;
#7583 = ORIENTED_EDGE ( 'NONE', *, *, #1047, .T. ) ;
#7584 = ADVANCED_FACE ( 'NONE', ( #8036 ), #7475, .F. ) ;
#7585 = EDGE_CURVE ( 'NONE', #3820, #7397, #6698, .T. ) ;
#7586 = VECTOR ( 'NONE', #8674, 1000.000000000000000 ) ;
#7587 = CARTESIAN_POINT ( 'NONE',  ( -93.16421356237310647, 24.65429687500000711, 6.000000000000000000 ) ) ;
#7588 = LINE ( 'NONE', #3460, #6666 ) ;
#7589 = ORIENTED_EDGE ( 'NONE', *, *, #1844, .F. ) ;
#7590 = ORIENTED_EDGE ( 'NONE', *, *, #1639, .F. ) ;
#7591 = DIRECTION ( 'NONE',  ( 1.000000000000000000, -1.734723475976806709E-18, -0.000000000000000000 ) ) ;
#7592 = EDGE_CURVE ( 'NONE', #443, #1598, #2446, .T. ) ;
#7593 = EDGE_CURVE ( 'NONE', #2505, #395, #5432, .T. ) ;
#7594 = ORIENTED_EDGE ( 'NONE', *, *, #3688, .T. ) ;
#7595 = CARTESIAN_POINT ( 'NONE',  ( -91.75000000000001421, 13.90429687500000355, 1.000000000000000000 ) ) ;
#7596 = VECTOR ( 'NONE', #6000, 1000.000000000000000 ) ;
#7597 = DIRECTION ( 'NONE',  ( 1.000000000000000000, 0.000000000000000000, 0.000000000000000000 ) ) ;
#7598 = CARTESIAN_POINT ( 'NONE',  ( 13.58211713789932240, 20.78641401289931778, 1.500000000000000444 ) ) ;
#7599 = DIRECTION ( 'NONE',  ( -1.000000000000000000, -6.546126324440781637E-16, 0.000000000000000000 ) ) ;
#7600 = DIRECTION ( 'NONE',  ( 0.000000000000000000, 0.000000000000000000, -1.000000000000000000 ) ) ;
#7601 = DIRECTION ( 'NONE',  ( 0.000000000000000000, 0.000000000000000000, -1.000000000000000000 ) ) ;
#7602 = EDGE_LOOP ( 'NONE', ( #3707, #2755, #1342, #3238, #2374, #1094, #8526, #3991, #4750, #3079 ) ) ;
#7603 = VECTOR ( 'NONE', #6526, 1000.000000000000000 ) ;
#7604 = LINE ( 'NONE', #3389, #9113 ) ;
#7605 = CARTESIAN_POINT ( 'NONE',  ( -91.34999999999998010, 10.65429687500000355, 0.3999999999999837019 ) ) ;
#7606 = VERTEX_POINT ( 'NONE', #4586 ) ;
#7607 = ADVANCED_FACE ( 'NONE', ( #8866 ), #6047, .F. ) ;
#7608 = VECTOR ( 'NONE', #4359, 1000.000000000000000 ) ;
#7609 = DIRECTION ( 'NONE',  ( 0.000000000000000000, -0.000000000000000000, 1.000000000000000000 ) ) ;
#7610 = DIRECTION ( 'NONE',  ( -1.119176436114068839E-16, 1.000000000000000000, 0.000000000000000000 ) ) ;
#7611 = CARTESIAN_POINT ( 'NONE',  ( 39.61788286210066445, 20.23277201088161803, 1.500000000000000444 ) ) ;
#7612 = VERTEX_POINT ( 'NONE', #294 ) ;
#7613 = LINE ( 'NONE', #6812, #390 ) ;
#7614 = ORIENTED_EDGE ( 'NONE', *, *, #5623, .F. ) ;
#7615 = AXIS2_PLACEMENT_3D ( 'NONE', #3712, #255, #4500 ) ;
#7616 = DIRECTION ( 'NONE',  ( 0.000000000000000000, 0.000000000000000000, -1.000000000000000000 ) ) ;
#7617 = CARTESIAN_POINT ( 'NONE',  ( 46.25000000000000000, 22.40429687500000355, 6.000000000000000000 ) ) ;
#7618 = DIRECTION ( 'NONE',  ( 0.000000000000000000, 0.000000000000000000, 1.000000000000000000 ) ) ;
#7619 = EDGE_CURVE ( 'NONE', #1735, #5303, #6839, .T. ) ;
#7620 = ADVANCED_FACE ( 'NONE', ( #431 ), #3146, .F. ) ;
#7621 = LINE ( 'NONE', #1221, #397 ) ;
#7622 = EDGE_CURVE ( 'NONE', #1213, #1462, #8158, .T. ) ;
#7623 = PLANE ( 'NONE',  #8428 ) ;
#7624 = ORIENTED_EDGE ( 'NONE', *, *, #2949, .T. ) ;
#7625 = CARTESIAN_POINT ( 'NONE',  ( -13.41788286210068826, 22.78641401289931778, 0.5000000000000004441 ) ) ;
#7626 = ORIENTED_EDGE ( 'NONE', *, *, #3375, .T. ) ;
#7627 = DIRECTION ( 'NONE',  ( 6.938893903907228378E-15, 1.000000000000000000, -0.000000000000000000 ) ) ;
#7628 = ORIENTED_EDGE ( 'NONE', *, *, #13, .T. ) ;
#7629 = VERTEX_POINT ( 'NONE', #7500 ) ;
#7630 = PERSON_AND_ORGANIZATION_ROLE ( 'classification_officer' ) ;
#7631 = AXIS2_PLACEMENT_3D ( 'NONE', #932, #1770, #5929 ) ;
#7632 = CARTESIAN_POINT ( 'NONE',  ( 31.93211713789931139, 15.48641401289931174, -2.999999999999999112 ) ) ;
#7633 = CARTESIAN_POINT ( 'NONE',  ( -84.75000000000001421, 20.90065487298232227, 1.500000000000000444 ) ) ;
#7634 = EDGE_CURVE ( 'NONE', #1918, #8424, #3885, .T. ) ;
#7635 = ORIENTED_EDGE ( 'NONE', *, *, #7932, .F. ) ;
#7636 = AXIS2_PLACEMENT_3D ( 'NONE', #6196, #4035, #7693 ) ;
#7637 = ORIENTED_EDGE ( 'NONE', *, *, #2674, .F. ) ;
#7638 = CARTESIAN_POINT ( 'NONE',  ( 36.69635799798228959, 13.15429687500000355, 1.500000000000000444 ) ) ;
#7639 = ORIENTED_EDGE ( 'NONE', *, *, #5853, .T. ) ;
#7640 = DIRECTION ( 'NONE',  ( 1.000000000000000000, 0.000000000000000000, 0.000000000000000000 ) ) ;
#7641 = VECTOR ( 'NONE', #6071, 1000.000000000000000 ) ;
#7642 = FACE_OUTER_BOUND ( 'NONE', #1852, .T. ) ;
#7643 = ADVANCED_FACE ( 'NONE', ( #2490 ), #7545, .F. ) ;
#7644 = ADVANCED_FACE ( 'NONE', ( #1000 ), #1746, .F. ) ;
#7645 = LINE ( 'NONE', #1290, #6454 ) ;
#7646 = DIRECTION ( 'NONE',  ( -1.000000000000000000, -0.000000000000000000, -0.000000000000000000 ) ) ;
#7647 = PLANE ( 'NONE',  #5993 ) ;
#7648 = ORIENTED_EDGE ( 'NONE', *, *, #8599, .T. ) ;
#7649 = DIRECTION ( 'NONE',  ( -0.000000000000000000, -0.000000000000000000, 1.000000000000000000 ) ) ;
#7650 = ORIENTED_EDGE ( 'NONE', *, *, #8328, .T. ) ;
#7651 = VECTOR ( 'NONE', #4564, 1000.000000000000000 ) ;
#7652 = CARTESIAN_POINT ( 'NONE',  ( 39.25000000000000000, 23.15429687500000000, 6.000000000000000000 ) ) ;
#7653 = VERTEX_POINT ( 'NONE', #6093 ) ;
#7654 = VECTOR ( 'NONE', #4794, 1000.000000000000000 ) ;
#7655 = PLANE ( 'NONE',  #8570 ) ;
#7656 = ORIENTED_EDGE ( 'NONE', *, *, #3637, .T. ) ;
#7657 = VECTOR ( 'NONE', #6457, 1000.000000000000000 ) ;
#7658 = VECTOR ( 'NONE', #3801, 1000.000000000000000 ) ;
#7659 = DIRECTION ( 'NONE',  ( -0.000000000000000000, 0.000000000000000000, 1.000000000000000000 ) ) ;
#7660 = CARTESIAN_POINT ( 'NONE',  ( -16.41788286210070424, 16.66277201088163551, 3.250000000000000444 ) ) ;
#7661 = EDGE_LOOP ( 'NONE', ( #4386, #4939, #4928, #921 ) ) ;
#7662 = LINE ( 'NONE', #4752, #2635 ) ;
#7663 = ORIENTED_EDGE ( 'NONE', *, *, #2841, .T. ) ;
#7664 = VERTEX_POINT ( 'NONE', #344 ) ;
#7665 = DIRECTION ( 'NONE',  ( 1.000000000000000000, -0.000000000000000000, 0.000000000000000000 ) ) ;
#7666 = VECTOR ( 'NONE', #6637, 1000.000000000000000 ) ;
#7667 = ORIENTED_EDGE ( 'NONE', *, *, #6413, .T. ) ;
#7668 = CARTESIAN_POINT ( 'NONE',  ( -84.75000000000001421, 13.90429687500000355, 4.000000000000000000 ) ) ;
#7669 = DIRECTION ( 'NONE',  ( -0.000000000000000000, -0.000000000000000000, 1.000000000000000000 ) ) ;
#7670 = VECTOR ( 'NONE', #2448, 1000.000000000000000 ) ;
#7671 = PLANE ( 'NONE',  #7782 ) ;
#7672 = VERTEX_POINT ( 'NONE', #5386 ) ;
#7673 = CARTESIAN_POINT ( 'NONE',  ( -75.38211713789932844, 16.66277201088163551, 3.250000000000000444 ) ) ;
#7674 = VERTEX_POINT ( 'NONE', #3193 ) ;
#7675 = EDGE_CURVE ( 'NONE', #8503, #1404, #7454, .T. ) ;
#7676 = CARTESIAN_POINT ( 'NONE',  ( -8.767882862100673691, 15.48641401289931174, 1.500000000000000444 ) ) ;
#7677 = LINE ( 'NONE', #7816, #3158 ) ;
#7678 = ADVANCED_FACE ( 'NONE', ( #8913 ), #1838, .F. ) ;
#7679 = FACE_OUTER_BOUND ( 'NONE', #176, .T. ) ;
#7680 = PLANE ( 'NONE',  #6240 ) ;
#7681 = ORIENTED_EDGE ( 'NONE', *, *, #2099, .T. ) ;
#7682 = ORIENTED_EDGE ( 'NONE', *, *, #481, .T. ) ;
#7683 =( BOUNDED_CURVE ( )  B_SPLINE_CURVE ( 3, ( #766, #7212, #7921, #1559 ),
 .UNSPECIFIED., .F., .F. ) 
 B_SPLINE_CURVE_WITH_KNOTS ( ( 4, 4 ),
 ( 1.711257741504739638, 3.141592653589793116 ),
 .UNSPECIFIED. ) 
 CURVE ( )  GEOMETRIC_REPRESENTATION_ITEM ( )  RATIONAL_B_SPLINE_CURVE ( ( 1.000000000000000000, 0.8366556290180471311, 0.8366556290180471311, 1.000000000000000000 ) ) 
 REPRESENTATION_ITEM ( '' )  );
#7684 = ORIENTED_EDGE ( 'NONE', *, *, #1819, .T. ) ;
#7685 = DIRECTION ( 'NONE',  ( 0.000000000000000000, -1.000000000000000000, 0.000000000000000000 ) ) ;
#7686 = ORIENTED_EDGE ( 'NONE', *, *, #8405, .F. ) ;
#7687 = ADVANCED_FACE ( 'NONE', ( #1792 ), #4637, .F. ) ;
#7688 = EDGE_CURVE ( 'NONE', #9263, #4560, #3331, .T. ) ;
#7689 = LINE ( 'NONE', #2591, #3776 ) ;
#7690 = CARTESIAN_POINT ( 'NONE',  ( -52.81211713789934237, 20.66277201088163196, 3.250000000000000444 ) ) ;
#7691 = LINE ( 'NONE', #4081, #184 ) ;
#7692 = FACE_OUTER_BOUND ( 'NONE', #6197, .T. ) ;
#7693 = DIRECTION ( 'NONE',  ( 1.000000000000000000, 1.259073490628327690E-16, 0.000000000000000000 ) ) ;
#7694 = CARTESIAN_POINT ( 'NONE',  ( -84.75000000000001421, 13.15429687499998934, 4.000000000000000000 ) ) ;
#7695 = VERTEX_POINT ( 'NONE', #4027 ) ;
#7696 = DIRECTION ( 'NONE',  ( 1.000000000000000000, 0.000000000000000000, 0.000000000000000000 ) ) ;
#7697 = VERTEX_POINT ( 'NONE', #6885 ) ;
#7698 = EDGE_CURVE ( 'NONE', #6148, #8233, #2065, .T. ) ;
#7699 = EDGE_CURVE ( 'NONE', #512, #3557, #4914, .T. ) ;
#7700 = LINE ( 'NONE', #8454, #1091 ) ;
#7701 = ORIENTED_EDGE ( 'NONE', *, *, #8436, .T. ) ;
#7702 = CARTESIAN_POINT ( 'NONE',  ( -32.30364200201770331, 23.15429687499999289, 1.500000000000000444 ) ) ;
#7703 = DIRECTION ( 'NONE',  ( 0.7071067811865471286, 0.7071067811865479058, 0.000000000000000000 ) ) ;
#7704 = EDGE_LOOP ( 'NONE', ( #9208, #8939, #6377, #779, #1408, #1816, #8198, #2043, #3125 ) ) ;
#7705 = LINE ( 'NONE', #8985, #2035 ) ;
#7706 = ORIENTED_EDGE ( 'NONE', *, *, #4318, .F. ) ;
#7707 = ORIENTED_EDGE ( 'NONE', *, *, #263, .T. ) ;
#7708 = VECTOR ( 'NONE', #6176, 1000.000000000000000 ) ;
#7709 = LINE ( 'NONE', #1312, #4349 ) ;
#7710 = ADVANCED_FACE ( 'NONE', ( #6976 ), #1375, .F. ) ;
#7711 = ORIENTED_EDGE ( 'NONE', *, *, #9053, .T. ) ;
#7712 = VECTOR ( 'NONE', #1706, 1000.000000000000000 ) ;
#7713 = CARTESIAN_POINT ( 'NONE',  ( -32.41788286210067582, 13.48641401289931174, 0.5000000000000004441 ) ) ;
#7714 = CARTESIAN_POINT ( 'NONE',  ( 45.84999999999998721, 24.65429687500000711, 6.000000000000000000 ) ) ;
#7715 = CARTESIAN_POINT ( 'NONE',  ( -84.81788286210067440, 15.48641401289931174, 1.000000000000000000 ) ) ;
#7716 = ORIENTED_EDGE ( 'NONE', *, *, #4511, .T. ) ;
#7717 = LINE ( 'NONE', #7625, #6803 ) ;
#7718 = ORIENTED_EDGE ( 'NONE', *, *, #143, .T. ) ;
#7719 = VECTOR ( 'NONE', #2854, 1000.000000000000000 ) ;
#7720 = CARTESIAN_POINT ( 'NONE',  ( -37.06788286210068151, 15.48641401289931174, 0.000000000000000000 ) ) ;
#7721 = AXIS2_PLACEMENT_3D ( 'NONE', #5381, #7400, #7447 ) ;
#7722 = LINE ( 'NONE', #6833, #251 ) ;
#7723 = VECTOR ( 'NONE', #2231, 1000.000000000000000 ) ;
#7724 = DIRECTION ( 'NONE',  ( -0.7071067811865479058, -0.7071067811865471286, 0.000000000000000000 ) ) ;
#7725 = VECTOR ( 'NONE', #7829, 1000.000000000000000 ) ;
#7726 = ADVANCED_FACE ( 'NONE', ( #9099 ), #6321, .T. ) ;
#7727 = VERTEX_POINT ( 'NONE', #5481 ) ;
#7728 = LINE ( 'NONE', #2813, #881 ) ;
#7729 = VERTEX_POINT ( 'NONE', #8349 ) ;
#7730 = LINE ( 'NONE', #7113, #802 ) ;
#7731 = ORIENTED_EDGE ( 'NONE', *, *, #2673, .T. ) ;
#7732 = AXIS2_PLACEMENT_3D ( 'NONE', #2979, #3813, #8698 ) ;
#7733 = DIRECTION ( 'NONE',  ( -0.000000000000000000, 0.000000000000000000, 1.000000000000000000 ) ) ;
#7734 = CARTESIAN_POINT ( 'NONE',  ( 13.58211713789930819, 22.78641401289931778, 0.5000000000000004441 ) ) ;
#7735 = CARTESIAN_POINT ( 'NONE',  ( -83.06788286210067440, 20.78641401289931423, -2.999999999999999112 ) ) ;
#7736 = EDGE_CURVE ( 'NONE', #2147, #7936, #1931, .T. ) ;
#7737 =( BOUNDED_CURVE ( )  B_SPLINE_CURVE ( 3, ( #4343, #8529, #8709, #2290 ),
 .UNSPECIFIED., .F., .F. ) 
 B_SPLINE_CURVE_WITH_KNOTS ( ( 4, 4 ),
 ( 4.852850395094546521, 6.283185307179586232 ),
 .UNSPECIFIED. ) 
 CURVE ( )  GEOMETRIC_REPRESENTATION_ITEM ( )  RATIONAL_B_SPLINE_CURVE ( ( 1.000000000000000000, 0.8366556290180501287, 0.8366556290180501287, 1.000000000000000000 ) ) 
 REPRESENTATION_ITEM ( '' )  );
#7738 = CARTESIAN_POINT ( 'NONE',  ( -14.06788286210067263, 15.48641401289931174, 0.5000000000000004441 ) ) ;
#7739 = ADVANCED_FACE ( 'NONE', ( #8483 ), #3372, .F. ) ;
#7740 = VECTOR ( 'NONE', #6668, 1000.000000000000000 ) ;
#7741 = CARTESIAN_POINT ( 'NONE',  ( -38.98788286210071874, 20.66277201088163196, 3.250000000000000444 ) ) ;
#7742 = ORIENTED_EDGE ( 'NONE', *, *, #1232, .F. ) ;
#7743 = DIRECTION ( 'NONE',  ( 1.000000000000000000, 0.000000000000000000, -0.000000000000000000 ) ) ;
#7744 = ORIENTED_EDGE ( 'NONE', *, *, #5521, .T. ) ;
#7745 = FACE_OUTER_BOUND ( 'NONE', #243, .T. ) ;
#7746 = ORIENTED_EDGE ( 'NONE', *, *, #9254, .T. ) ;
#7747 = CARTESIAN_POINT ( 'NONE',  ( -52.38211713789932844, 19.66277201088163196, 3.250000000000000444 ) ) ;
#7748 = ORIENTED_EDGE ( 'NONE', *, *, #2472, .F. ) ;
#7749 = DIRECTION ( 'NONE',  ( -9.251858538542971828E-16, 1.000000000000000000, 0.000000000000000000 ) ) ;
#7750 = PLANE ( 'NONE',  #4748 ) ;
#7751 = VECTOR ( 'NONE', #9235, 1000.000000000000000 ) ;
#7752 = ADVANCED_FACE ( 'NONE', ( #3556 ), #4074, .F. ) ;
#7753 = CARTESIAN_POINT ( 'NONE',  ( 8.932117137899320269, 20.78641401289931423, -2.999999999999999112 ) ) ;
#7754 = VERTEX_POINT ( 'NONE', #6363 ) ;
#7755 = ORIENTED_EDGE ( 'NONE', *, *, #4630, .T. ) ;
#7756 = DIRECTION ( 'NONE',  ( 0.000000000000000000, 0.000000000000000000, -1.000000000000000000 ) ) ;
#7757 = VECTOR ( 'NONE', #3900, 1000.000000000000000 ) ;
#7758 = ORIENTED_EDGE ( 'NONE', *, *, #2760, .F. ) ;
#7759 = CARTESIAN_POINT ( 'NONE',  ( -91.34999999999998010, 10.65429687500000355, 6.000000000000000000 ) ) ;
#7760 = CARTESIAN_POINT ( 'NONE',  ( -54.76788286210067724, 20.78641401289931778, 0.5000000000000004441 ) ) ;
#7761 = EDGE_CURVE ( 'NONE', #4906, #1142, #2726, .T. ) ;
#7762 = VECTOR ( 'NONE', #6937, 1000.000000000000000 ) ;
#7763 = CARTESIAN_POINT ( 'NONE',  ( -31.76788286210068080, 20.78641401289931778, 0.5000000000000004441 ) ) ;
#7764 = ORIENTED_EDGE ( 'NONE', *, *, #3467, .F. ) ;
#7765 = EDGE_CURVE ( 'NONE', #1239, #153, #571, .T. ) ;
#7766 = LINE ( 'NONE', #8471, #3221 ) ;
#7767 = EDGE_LOOP ( 'NONE', ( #5502, #8549, #7814, #5556, #6658, #6348 ) ) ;
#7768 = VECTOR ( 'NONE', #4839, 1000.000000000000000 ) ;
#7769 = CARTESIAN_POINT ( 'NONE',  ( 114.9999999999999858, 15.48641401289931174, 0.000000000000000000 ) ) ;
#7770 = VERTEX_POINT ( 'NONE', #3422 ) ;
#7771 = ORGANIZATION ( 'UNSPECIFIED', 'UNSPECIFIED', '' ) ;
#7772 = CARTESIAN_POINT ( 'NONE',  ( -36.41788286210069714, 22.78641401289931778, 0.5000000000000004441 ) ) ;
#7773 = LINE ( 'NONE', #2016, #7439 ) ;
#7774 = ORIENTED_EDGE ( 'NONE', *, *, #1795, .F. ) ;
#7775 = CARTESIAN_POINT ( 'NONE',  ( -54.76788286210067724, 15.48641401289931174, -2.999999999999999112 ) ) ;
#7776 = ORIENTED_EDGE ( 'NONE', *, *, #532, .F. ) ;
#7777 = DIRECTION ( 'NONE',  ( 0.000000000000000000, 1.000000000000000000, -0.000000000000000000 ) ) ;
#7778 = ORIENTED_EDGE ( 'NONE', *, *, #4180, .T. ) ;
#7779 = CARTESIAN_POINT ( 'NONE',  ( -13.41788286210068826, 20.78641401289931423, 0.5000000000000004441 ) ) ;
#7780 = FACE_OUTER_BOUND ( 'NONE', #5888, .T. ) ;
#7781 = CARTESIAN_POINT ( 'NONE',  ( 9.521524864118363851, 23.17217973710070567, 4.000000000000000000 ) ) ;
#7782 = AXIS2_PLACEMENT_3D ( 'NONE', #1176, #4196, #4149 ) ;
#7783 = DIRECTION ( 'NONE',  ( -1.000000000000000000, 0.000000000000000000, 0.000000000000000000 ) ) ;
#7784 = LINE ( 'NONE', #8448, #4862 ) ;
#7785 = ORIENTED_EDGE ( 'NONE', *, *, #9068, .F. ) ;
#7786 = LINE ( 'NONE', #2825, #2689 ) ;
#7787 = VERTEX_POINT ( 'NONE', #5528 ) ;
#7788 = DIRECTION ( 'NONE',  ( 0.000000000000000000, 0.000000000000000000, 1.000000000000000000 ) ) ;
#7789 = EDGE_CURVE ( 'NONE', #7224, #1789, #9191, .T. ) ;
#7790 = ORIENTED_EDGE ( 'NONE', *, *, #4357, .F. ) ;
#7791 = VECTOR ( 'NONE', #8595, 1000.000000000000000 ) ;
#7792 = EDGE_CURVE ( 'NONE', #8398, #6673, #8395, .T. ) ;
#7793 = LINE ( 'NONE', #8502, #8710 ) ;
#7794 = EDGE_CURVE ( 'NONE', #8052, #7653, #6274, .T. ) ;
#7795 = EDGE_LOOP ( 'NONE', ( #3286, #7862, #3734, #3436 ) ) ;
#7796 = LINE ( 'NONE', #5774, #5558 ) ;
#7797 = LINE ( 'NONE', #4275, #3415 ) ;
#7798 = AXIS2_PLACEMENT_3D ( 'NONE', #5416, #2424, #3127 ) ;
#7799 = CARTESIAN_POINT ( 'NONE',  ( 16.20483313386390734, 15.66277201088163373, 3.250000000000000444 ) ) ;
#7800 = ORIENTED_EDGE ( 'NONE', *, *, #8384, .F. ) ;
#7801 = AXIS2_PLACEMENT_3D ( 'NONE', #3305, #8228, #3348 ) ;
#7802 = ORIENTED_EDGE ( 'NONE', *, *, #3729, .F. ) ;
#7803 = ORIENTED_EDGE ( 'NONE', *, *, #8253, .F. ) ;
#7804 = DIRECTION ( 'NONE',  ( 1.000000000000000000, 1.259073490628327444E-16, -0.000000000000000000 ) ) ;
#7805 = EDGE_CURVE ( 'NONE', #2624, #1646, #8440, .T. ) ;
#7806 = VECTOR ( 'NONE', #4098, 1000.000000000000000 ) ;
#7807 = ORIENTED_EDGE ( 'NONE', *, *, #6663, .F. ) ;
#7808 = VECTOR ( 'NONE', #4033, 1000.000000000000000 ) ;
#7809 = LINE ( 'NONE', #2230, #8632 ) ;
#7810 = DIRECTION ( 'NONE',  ( -1.000000000000000000, -0.000000000000000000, -0.000000000000000000 ) ) ;
#7811 = CARTESIAN_POINT ( 'NONE',  ( -39.41788286210071135, 20.23277201088163224, 1.500000000000000444 ) ) ;
#7812 = VERTEX_POINT ( 'NONE', #4869 ) ;
#7813 = FACE_OUTER_BOUND ( 'NONE', #8185, .T. ) ;
#7814 = ORIENTED_EDGE ( 'NONE', *, *, #1348, .F. ) ;
#7815 = VECTOR ( 'NONE', #1613, 1000.000000000000114 ) ;
#7816 = CARTESIAN_POINT ( 'NONE',  ( -32.30364200201771041, 13.15429687499999467, 1.500000000000000444 ) ) ;
#7817 = EDGE_CURVE ( 'NONE', #5172, #3933, #7728, .T. ) ;
#7818 = ADVANCED_FACE ( 'NONE', ( #3464 ), #7065, .F. ) ;
#7819 = VECTOR ( 'NONE', #5295, 1000.000000000000000 ) ;
#7820 = DIRECTION ( 'NONE',  ( 0.000000000000000000, -1.000000000000000000, 0.000000000000000000 ) ) ;
#7821 = DIRECTION ( 'NONE',  ( 0.000000000000000000, 0.000000000000000000, -1.000000000000000000 ) ) ;
#7822 = ORIENTED_EDGE ( 'NONE', *, *, #4031, .T. ) ;
#7823 = CARTESIAN_POINT ( 'NONE',  ( -83.06788286210067440, 20.78641401289931423, 1.500000000000000444 ) ) ;
#7824 = ORIENTED_EDGE ( 'NONE', *, *, #5216, .F. ) ;
#7825 = CARTESIAN_POINT ( 'NONE',  ( 46.11666666666666714, 25.38763020833333428, 0.2666666666666542285 ) ) ;
#7826 = EDGE_LOOP ( 'NONE', ( #8668, #9144, #3993, #8597, #7216, #7465 ) ) ;
#7827 = EDGE_CURVE ( 'NONE', #6108, #6962, #7111, .T. ) ;
#7828 = CARTESIAN_POINT ( 'NONE',  ( 30.18211713789931139, 15.48641401289931174, 0.5000000000000004441 ) ) ;
#7829 = DIRECTION ( 'NONE',  ( 0.000000000000000000, -1.000000000000000000, 0.000000000000000000 ) ) ;
#7830 = CARTESIAN_POINT ( 'NONE',  ( 6.995166866136021788, 15.66277201088163551, 3.503801376738355344 ) ) ;
#7831 = FACE_BOUND ( 'NONE', #355, .T. ) ;
#7832 = DIRECTION ( 'NONE',  ( -1.000000000000000000, -0.000000000000000000, -0.000000000000000000 ) ) ;
#7833 = VERTEX_POINT ( 'NONE', #7866 ) ;
#7834 = DIRECTION ( 'NONE',  ( -1.000000000000000000, -6.546126324440781637E-16, 0.000000000000000000 ) ) ;
#7835 = DIRECTION ( 'NONE',  ( 1.000000000000000000, 0.000000000000000000, -0.000000000000000000 ) ) ;
#7836 = ORIENTED_EDGE ( 'NONE', *, *, #2887, .T. ) ;
#7837 = VERTEX_POINT ( 'NONE', #6545 ) ;
#7838 = EDGE_CURVE ( 'NONE', #3229, #9192, #8617, .T. ) ;
#7839 = DIRECTION ( 'NONE',  ( 1.000000000000000000, -0.000000000000000000, 0.000000000000000000 ) ) ;
#7840 = LINE ( 'NONE', #6478, #577 ) ;
#7841 = VERTEX_POINT ( 'NONE', #1505 ) ;
#7842 = ADVANCED_FACE ( 'NONE', ( #7961 ), #1554, .F. ) ;
#7843 = ORIENTED_EDGE ( 'NONE', *, *, #1019, .T. ) ;
#7844 = CARTESIAN_POINT ( 'NONE',  ( -75.38211713789932844, 20.23277201088161803, 3.745075751779464834 ) ) ;
#7845 = LINE ( 'NONE', #8600, #3759 ) ;
#7846 =( BOUNDED_CURVE ( )  B_SPLINE_CURVE ( 3, ( #8728, #5067, #1522, #7128 ),
 .UNSPECIFIED., .F., .F. ) 
 B_SPLINE_CURVE_WITH_KNOTS ( ( 4, 4 ),
 ( 1.711257741504725649, 3.141592653589793116 ),
 .UNSPECIFIED. ) 
 CURVE ( )  GEOMETRIC_REPRESENTATION_ITEM ( )  RATIONAL_B_SPLINE_CURVE ( ( 1.000000000000000000, 0.8366556290180442446, 0.8366556290180442446, 1.000000000000000000 ) ) 
 REPRESENTATION_ITEM ( '' )  );
#7847 = VERTEX_POINT ( 'NONE', #4301 ) ;
#7848 = DIRECTION ( 'NONE',  ( 1.000000000000000000, 0.000000000000000000, 0.000000000000000000 ) ) ;
#7849 = CARTESIAN_POINT ( 'NONE',  ( -36.41788286210069714, 15.48641401289931174, 0.5000000000000004441 ) ) ;
#7850 = LINE ( 'NONE', #884, #4332 ) ;
#7851 = ORIENTED_EDGE ( 'NONE', *, *, #6204, .F. ) ;
#7852 = DIRECTION ( 'NONE',  ( 0.000000000000000000, 0.000000000000000000, 1.000000000000000000 ) ) ;
#7853 = EDGE_CURVE ( 'NONE', #468, #7754, #2294, .T. ) ;
#7854 = VERTEX_POINT ( 'NONE', #5850 ) ;
#7855 = ORIENTED_EDGE ( 'NONE', *, *, #4545, .F. ) ;
#7856 = EDGE_CURVE ( 'NONE', #5493, #6570, #3694, .T. ) ;
#7857 = FACE_OUTER_BOUND ( 'NONE', #4649, .T. ) ;
#7858 = ORIENTED_EDGE ( 'NONE', *, *, #6932, .F. ) ;
#7859 = VECTOR ( 'NONE', #4198, 1000.000000000000000 ) ;
#7860 = FACE_OUTER_BOUND ( 'NONE', #2090, .T. ) ;
#7861 = CARTESIAN_POINT ( 'NONE',  ( -36.47847513588163793, 23.17217973710070567, 1.500000000000000444 ) ) ;
#7862 = ORIENTED_EDGE ( 'NONE', *, *, #3095, .F. ) ;
#7863 = EDGE_CURVE ( 'NONE', #4096, #6912, #7252, .T. ) ;
#7864 = VECTOR ( 'NONE', #5957, 1000.000000000000000 ) ;
#7865 = EDGE_CURVE ( 'NONE', #6045, #40, #8003, .T. ) ;
#7866 = CARTESIAN_POINT ( 'NONE',  ( 9.503642002017652857, 23.15429687499999645, 4.000000000000000000 ) ) ;
#7867 = ORIENTED_EDGE ( 'NONE', *, *, #340, .T. ) ;
#7868 = ORIENTED_EDGE ( 'NONE', *, *, #4896, .F. ) ;
#7869 = CARTESIAN_POINT ( 'NONE',  ( 29.58211713789928154, 16.07582173911837486, 6.000000000000000000 ) ) ;
#7870 = AXIS2_PLACEMENT_3D ( 'NONE', #139, #2991, #2151 ) ;
#7871 = VECTOR ( 'NONE', #1557, 1000.000000000000000 ) ;
#7872 = DIRECTION ( 'NONE',  ( -0.5773502691896366112, 0.5773502691896302830, 0.5773502691896102990 ) ) ;
#7873 = LINE ( 'NONE', #4309, #567 ) ;
#7874 = DIRECTION ( 'NONE',  ( -0.000000000000000000, -0.000000000000000000, 1.000000000000000000 ) ) ;
#7875 = ORIENTED_EDGE ( 'NONE', *, *, #9056, .F. ) ;
#7876 = ADVANCED_FACE ( 'NONE', ( #2340 ), #7349, .F. ) ;
#7877 = CARTESIAN_POINT ( 'NONE',  ( -16.41788286210070424, 20.23277201088163224, 4.000000000000000000 ) ) ;
#7878 = ORIENTED_EDGE ( 'NONE', *, *, #8512, .T. ) ;
#7879 = EDGE_CURVE ( 'NONE', #8393, #2598, #1645, .T. ) ;
#7880 = DIRECTION ( 'NONE',  ( -0.000000000000000000, -0.000000000000000000, 1.000000000000000000 ) ) ;
#7881 = VECTOR ( 'NONE', #3358, 1000.000000000000000 ) ;
#7882 = LINE ( 'NONE', #4931, #2079 ) ;
#7883 = ORIENTED_EDGE ( 'NONE', *, *, #2497, .T. ) ;
#7884 = CARTESIAN_POINT ( 'NONE',  ( 39.25000000000000000, 13.90429687500000178, 1.000000000000000000 ) ) ;
#7885 = ORIENTED_EDGE ( 'NONE', *, *, #5201, .T. ) ;
#7886 = VECTOR ( 'NONE', #5627, 1000.000000000000000 ) ;
#7887 = DIRECTION ( 'NONE',  ( 0.000000000000000000, 0.7071067811865479058, 0.7071067811865472397 ) ) ;
#7888 = LINE ( 'NONE', #68, #728 ) ;
#7889 = CARTESIAN_POINT ( 'NONE',  ( -89.75000000000001421, 13.15429687500000355, 0.5999999999999999778 ) ) ;
#7890 = ORIENTED_EDGE ( 'NONE', *, *, #4577, .T. ) ;
#7891 = ORIENTED_EDGE ( 'NONE', *, *, #8649, .T. ) ;
#7892 = ORIENTED_EDGE ( 'NONE', *, *, #6838, .F. ) ;
#7893 = CARTESIAN_POINT ( 'NONE',  ( 7.182117137899318493, 15.48641401289931174, 1.500000000000000444 ) ) ;
#7894 = PLANE ( 'NONE',  #5102 ) ;
#7895 = ORIENTED_EDGE ( 'NONE', *, *, #4871, .F. ) ;
#7896 = VECTOR ( 'NONE', #4160, 1000.000000000000000 ) ;
#7897 = AXIS2_PLACEMENT_3D ( 'NONE', #2040, #4892, #7934 ) ;
#7898 = DIRECTION ( 'NONE',  ( 0.000000000000000000, 0.000000000000000000, -1.000000000000000000 ) ) ;
#7899 = LINE ( 'NONE', #9272, #6972 ) ;
#7900 = DIRECTION ( 'NONE',  ( -0.000000000000000000, 1.000000000000000000, -0.000000000000000000 ) ) ;
#7901 = EDGE_LOOP ( 'NONE', ( #723, #7824, #8129, #4227 ) ) ;
#7902 = PLANE ( 'NONE',  #8466 ) ;
#7903 = ORIENTED_EDGE ( 'NONE', *, *, #8480, .T. ) ;
#7904 = ORIENTED_EDGE ( 'NONE', *, *, #8235, .T. ) ;
#7905 = CARTESIAN_POINT ( 'NONE',  ( -82.41788286210069714, 15.48641401289931174, 0.5000000000000004441 ) ) ;
#7906 = EDGE_LOOP ( 'NONE', ( #4324, #4627, #2629, #2502 ) ) ;
#7907 = VECTOR ( 'NONE', #740, 1000.000000000000000 ) ;
#7908 = ADVANCED_FACE ( 'NONE', ( #7206 ), #4391, .F. ) ;
#7909 = ADVANCED_FACE ( 'NONE', ( #3041 ), #2902, .F. ) ;
#7910 = LINE ( 'NONE', #806, #3087 ) ;
#7911 = CARTESIAN_POINT ( 'NONE',  ( -37.06788286210068151, 20.78641401289931423, -2.999999999999999112 ) ) ;
#7912 = VECTOR ( 'NONE', #3435, 1000.000000000000000 ) ;
#7913 = VERTEX_POINT ( 'NONE', #5192 ) ;
#7914 = CARTESIAN_POINT ( 'NONE',  ( -6.382117137899323112, 16.07582173911838197, 2.757618389620108523 ) ) ;
#7915 = CARTESIAN_POINT ( 'NONE',  ( 16.61788286210066801, 20.23277201088161803, 1.500000000000000444 ) ) ;
#7916 = VECTOR ( 'NONE', #6640, 1000.000000000000000 ) ;
#7917 = CARTESIAN_POINT ( 'NONE',  ( 32.58211713789929576, 13.48641401289930997, 1.500000000000000444 ) ) ;
#7918 = LINE ( 'NONE', #3824, #497 ) ;
#7919 = EDGE_CURVE ( 'NONE', #6716, #9263, #96, .T. ) ;
#7920 = CARTESIAN_POINT ( 'NONE',  ( 13.58211713789932240, 20.78641401289931778, 1.500000000000000444 ) ) ;
#7921 = CARTESIAN_POINT ( 'NONE',  ( 16.18788286210066829, 20.66277201088163906, 2.988744022555681390 ) ) ;
#7922 = DIRECTION ( 'NONE',  ( 6.938893903907228378E-15, 1.000000000000000000, 0.000000000000000000 ) ) ;
#7923 = VERTEX_POINT ( 'NONE', #7914 ) ;
#7924 = CARTESIAN_POINT ( 'NONE',  ( -38.81788286210068151, 15.48641401289931174, 1.500000000000000444 ) ) ;
#7925 = VERTEX_POINT ( 'NONE', #2200 ) ;
#7926 = CARTESIAN_POINT ( 'NONE',  ( -38.98788286210071874, 20.66277201088163196, 3.250000000000000444 ) ) ;
#7927 = ORIENTED_EDGE ( 'NONE', *, *, #5273, .T. ) ;
#7928 = DIRECTION ( 'NONE',  ( 1.000000000000000000, 6.938893903907222067E-15, 0.000000000000000000 ) ) ;
#7929 = ADVANCED_FACE ( 'NONE', ( #5096 ), #5051, .F. ) ;
#7930 = VECTOR ( 'NONE', #7193, 1000.000000000000000 ) ;
#7931 = ORIENTED_EDGE ( 'NONE', *, *, #5986, .F. ) ;
#7932 = EDGE_CURVE ( 'NONE', #5302, #8806, #2246, .T. ) ;
#7933 = DIRECTION ( 'NONE',  ( -0.000000000000000000, -0.000000000000000000, 1.000000000000000000 ) ) ;
#7934 = DIRECTION ( 'NONE',  ( 0.000000000000000000, 0.000000000000000000, -1.000000000000000000 ) ) ;
#7935 = CARTESIAN_POINT ( 'NONE',  ( -30.01788286210067724, 20.78641401289931778, 1.500000000000000444 ) ) ;
#7936 = VERTEX_POINT ( 'NONE', #4438 ) ;
#7937 = CARTESIAN_POINT ( 'NONE',  ( -14.06788286210067263, 20.78641401289931423, 1.500000000000000444 ) ) ;
#7938 = ORIENTED_EDGE ( 'NONE', *, *, #2978, .F. ) ;
#7939 = AXIS2_PLACEMENT_3D ( 'NONE', #8874, #163, #6654 ) ;
#7940 = FACE_OUTER_BOUND ( 'NONE', #4265, .T. ) ;
#7941 = DIRECTION ( 'NONE',  ( 0.000000000000000000, 0.000000000000000000, -1.000000000000000000 ) ) ;
#7942 = ORIENTED_EDGE ( 'NONE', *, *, #7388, .T. ) ;
#7943 = ADVANCED_FACE ( 'NONE', ( #7303 ), #897, .T. ) ;
#7944 = CARTESIAN_POINT ( 'NONE',  ( -89.25000000000001421, 23.15429687500000355, 0.5999999999999999778 ) ) ;
#7945 = AXIS2_PLACEMENT_3D ( 'NONE', #4925, #7783, #7074 ) ;
#7946 = LINE ( 'NONE', #2890, #7426 ) ;
#7947 = CC_DESIGN_PERSON_AND_ORGANIZATION_ASSIGNMENT ( #3974, #4579, ( #6970 ) ) ;
#7948 = CARTESIAN_POINT ( 'NONE',  ( -9.417882862100670494, 13.48641401289931174, 1.500000000000000444 ) ) ;
#7949 = ORIENTED_EDGE ( 'NONE', *, *, #6942, .F. ) ;
#7950 = CARTESIAN_POINT ( 'NONE',  ( 32.52152486411835497, 23.17217973710070567, 6.000000000000000000 ) ) ;
#7951 = VERTEX_POINT ( 'NONE', #5329 ) ;
#7952 = LINE ( 'NONE', #888, #2260 ) ;
#7953 = ORIENTED_EDGE ( 'NONE', *, *, #5934, .F. ) ;
#7954 = VECTOR ( 'NONE', #4399, 1000.000000000000000 ) ;
#7955 = CYLINDRICAL_SURFACE ( 'NONE', #1322, 0.2500000000000000000 ) ;
#7956 = CARTESIAN_POINT ( 'NONE',  ( -39.41788286210071135, 16.07582173911837486, 1.500000000000000444 ) ) ;
#7957 = VECTOR ( 'NONE', #7560, 1000.000000000000000 ) ;
#7958 = EDGE_CURVE ( 'NONE', #8724, #909, #6038, .T. ) ;
#7959 = LINE ( 'NONE', #1552, #475 ) ;
#7960 = ORIENTED_EDGE ( 'NONE', *, *, #8114, .F. ) ;
#7961 = FACE_OUTER_BOUND ( 'NONE', #7704, .T. ) ;
#7962 = VERTEX_POINT ( 'NONE', #1691 ) ;
#7963 = EDGE_CURVE ( 'NONE', #4192, #8052, #420, .T. ) ;
#7964 = AXIS2_PLACEMENT_3D ( 'NONE', #5909, #5343, #2543 ) ;
#7965 = DIRECTION ( 'NONE',  ( -1.000000000000000000, -1.119176436114068839E-16, 0.000000000000000000 ) ) ;
#7966 = LINE ( 'NONE', #7257, #9079 ) ;
#7967 = CARTESIAN_POINT ( 'NONE',  ( 6.832051399089412946, 15.82588747792824257, 3.698245413017311023 ) ) ;
#7968 = CARTESIAN_POINT ( 'NONE',  ( -16.41788286210070424, 20.23277201088163224, 3.745075751779463058 ) ) ;
#7969 = ORIENTED_EDGE ( 'NONE', *, *, #941, .T. ) ;
#7970 = VECTOR ( 'NONE', #3269, 1000.000000000000000 ) ;
#7971 = VERTEX_POINT ( 'NONE', #3968 ) ;
#7972 = EDGE_CURVE ( 'NONE', #831, #8724, #6083, .T. ) ;
#7973 = EDGE_CURVE ( 'NONE', #5377, #1295, #4626, .T. ) ;
#7974 = LINE ( 'NONE', #1703, #3279 ) ;
#7975 = VERTEX_POINT ( 'NONE', #7490 ) ;
#7976 = CARTESIAN_POINT ( 'NONE',  ( -29.38211713789932844, 20.23277201088161803, 3.745075751779464834 ) ) ;
#7977 = ORIENTED_EDGE ( 'NONE', *, *, #4318, .T. ) ;
#7978 = LINE ( 'NONE', #4593, #4961 ) ;
#7979 = AXIS2_PLACEMENT_3D ( 'NONE', #1149, #7646, #1247 ) ;
#7980 = DIRECTION ( 'NONE',  ( 1.000000000000000000, -0.000000000000000000, 0.000000000000000000 ) ) ;
#7981 = CARTESIAN_POINT ( 'NONE',  ( -16.41788286210070424, 17.66277201088163196, 3.250000000000000444 ) ) ;
#7982 = ORIENTED_EDGE ( 'NONE', *, *, #811, .F. ) ;
#7983 = LINE ( 'NONE', #6656, #7014 ) ;
#7984 = ORIENTED_EDGE ( 'NONE', *, *, #7593, .T. ) ;
#7985 = EDGE_CURVE ( 'NONE', #2516, #7629, #5944, .T. ) ;
#7986 = LINE ( 'NONE', #8175, #5806 ) ;
#7987 = EDGE_CURVE ( 'NONE', #2088, #4506, #2386, .T. ) ;
#7988 =( BOUNDED_CURVE ( )  B_SPLINE_CURVE ( 3, ( #3701, #149, #2864, #5857 ),
 .UNSPECIFIED., .F., .F. ) 
 B_SPLINE_CURVE_WITH_KNOTS ( ( 4, 4 ),
 ( 1.711257741504725649, 3.141592653589793116 ),
 .UNSPECIFIED. ) 
 CURVE ( )  GEOMETRIC_REPRESENTATION_ITEM ( )  RATIONAL_B_SPLINE_CURVE ( ( 1.000000000000000000, 0.8366556290180442446, 0.8366556290180442446, 1.000000000000000000 ) ) 
 REPRESENTATION_ITEM ( '' )  );
#7989 = CARTESIAN_POINT ( 'NONE',  ( 13.58211713789933484, 15.48641401289931174, 0.5000000000000004441 ) ) ;
#7990 = ORIENTED_EDGE ( 'NONE', *, *, #707, .F. ) ;
#7991 = PLANE ( 'NONE',  #1901 ) ;
#7992 = CARTESIAN_POINT ( 'NONE',  ( -89.35355339059326241, 23.05074348440672694, 0.5999999999999998668 ) ) ;
#7993 = ORIENTED_EDGE ( 'NONE', *, *, #8318, .T. ) ;
#7994 = FACE_OUTER_BOUND ( 'NONE', #2176, .T. ) ;
#7995 = ORIENTED_EDGE ( 'NONE', *, *, #5520, .F. ) ;
#7996 = EDGE_CURVE ( 'NONE', #8636, #8364, #6780, .T. ) ;
#7997 = CARTESIAN_POINT ( 'NONE',  ( -59.41788286210069714, 15.48641401289931174, 1.500000000000000444 ) ) ;
#7998 = ORIENTED_EDGE ( 'NONE', *, *, #1596, .F. ) ;
#7999 = CYLINDRICAL_SURFACE ( 'NONE', #1161, 0.5000000000000004441 ) ;
#8000 = LINE ( 'NONE', #807, #5476 ) ;
#8001 = FACE_OUTER_BOUND ( 'NONE', #3007, .T. ) ;
#8002 = ORIENTED_EDGE ( 'NONE', *, *, #929, .F. ) ;
#8003 = LINE ( 'NONE', #758, #3414 ) ;
#8004 = ORIENTED_EDGE ( 'NONE', *, *, #3842, .T. ) ;
#8005 = AXIS2_PLACEMENT_3D ( 'NONE', #1825, #4624, #6036 ) ;
#8006 = COORDINATED_UNIVERSAL_TIME_OFFSET ( 5, 0, .BEHIND. ) ;
#8007 = DIRECTION ( 'NONE',  ( 1.000000000000000000, -0.000000000000000000, 0.000000000000000000 ) ) ;
#8008 = DIRECTION ( 'NONE',  ( -0.000000000000000000, -1.000000000000000000, -0.000000000000000000 ) ) ;
#8009 = AXIS2_PLACEMENT_3D ( 'NONE', #1102, #1147, #6703 ) ;
#8010 = VERTEX_POINT ( 'NONE', #1087 ) ;
#8011 = DIRECTION ( 'NONE',  ( 0.000000000000000000, 0.000000000000000000, 1.000000000000000000 ) ) ;
#8012 = ORIENTED_EDGE ( 'NONE', *, *, #1727, .T. ) ;
#8013 = CARTESIAN_POINT ( 'NONE',  ( -78.41788286210066872, 15.48641401289931174, 1.500000000000000444 ) ) ;
#8014 = ORIENTED_EDGE ( 'NONE', *, *, #3841, .F. ) ;
#8015 = VECTOR ( 'NONE', #2105, 1000.000000000000000 ) ;
#8016 = VECTOR ( 'NONE', #2762, 1000.000000000000000 ) ;
#8017 = CARTESIAN_POINT ( 'NONE',  ( 9.582117137899304637, 13.48641401289930997, 0.5000000000000004441 ) ) ;
#8018 = ORIENTED_EDGE ( 'NONE', *, *, #1472, .T. ) ;
#8019 = EDGE_CURVE ( 'NONE', #201, #2405, #7537, .T. ) ;
#8020 = EDGE_CURVE ( 'NONE', #4369, #4778, #3228, .T. ) ;
#8021 = DIRECTION ( 'NONE',  ( 0.000000000000000000, -0.7071067811865352493, 0.7071067811865597852 ) ) ;
#8022 = CARTESIAN_POINT ( 'NONE',  ( -36.41788286210069714, 20.78641401289931778, 0.5000000000000004441 ) ) ;
#8023 = VECTOR ( 'NONE', #2005, 1000.000000000000000 ) ;
#8024 = LINE ( 'NONE', #7371, #1812 ) ;
#8025 = VERTEX_POINT ( 'NONE', #8805 ) ;
#8026 = CYLINDRICAL_SURFACE ( 'NONE', #3129, 0.5000000000000004441 ) ;
#8027 = EDGE_LOOP ( 'NONE', ( #8404, #3784, #7489, #3184, #321, #4773, #4589, #85 ) ) ;
#8028 = ORIENTED_EDGE ( 'NONE', *, *, #6127, .F. ) ;
#8029 = CARTESIAN_POINT ( 'NONE',  ( -78.41788286210066872, 15.48641401289931174, 0.5000000000000004441 ) ) ;
#8030 = DIRECTION ( 'NONE',  ( 0.000000000000000000, -0.000000000000000000, 1.000000000000000000 ) ) ;
#8031 = CARTESIAN_POINT ( 'NONE',  ( -32.41788286210066161, 15.48641401289931174, 0.5000000000000004441 ) ) ;
#8032 = AXIS2_PLACEMENT_3D ( 'NONE', #6576, #2462, #3676 ) ;
#8033 = ORIENTED_EDGE ( 'NONE', *, *, #6089, .T. ) ;
#8034 = EDGE_CURVE ( 'NONE', #40, #1116, #5282, .T. ) ;
#8035 = LINE ( 'NONE', #4468, #3697 ) ;
#8036 = FACE_OUTER_BOUND ( 'NONE', #2510, .T. ) ;
#8037 = DIRECTION ( 'NONE',  ( -1.119176436114068839E-16, 1.000000000000000000, 0.000000000000000000 ) ) ;
#8038 = ORIENTED_EDGE ( 'NONE', *, *, #5266, .F. ) ;
#8039 = DIRECTION ( 'NONE',  ( -1.000000000000000000, 0.000000000000000000, 0.000000000000000000 ) ) ;
#8040 =( BOUNDED_CURVE ( )  B_SPLINE_CURVE ( 3, ( #8827, #4416, #217, #5260 ),
 .UNSPECIFIED., .F., .F. ) 
 B_SPLINE_CURVE_WITH_KNOTS ( ( 4, 4 ),
 ( 4.887178170386528464, 6.283185307179586232 ),
 .UNSPECIFIED. ) 
 CURVE ( )  GEOMETRIC_REPRESENTATION_ITEM ( )  RATIONAL_B_SPLINE_CURVE ( ( 1.000000000000000000, 0.8440845325001467003, 0.8440845325001467003, 1.000000000000000000 ) ) 
 REPRESENTATION_ITEM ( '' )  );
#8041 = ORIENTED_EDGE ( 'NONE', *, *, #8564, .F. ) ;
#8042 = ORIENTED_EDGE ( 'NONE', *, *, #6078, .F. ) ;
#8043 = CARTESIAN_POINT ( 'NONE',  ( 0.000000000000000000, 0.000000000000000000, 0.5000000000000004441 ) ) ;
#8044 = ORIENTED_EDGE ( 'NONE', *, *, #494, .T. ) ;
#8045 = VECTOR ( 'NONE', #3934, 1000.000000000000000 ) ;
#8046 = ADVANCED_FACE ( 'NONE', ( #2528 ), #5376, .F. ) ;
#8047 = FACE_OUTER_BOUND ( 'NONE', #7661, .T. ) ;
#8048 = EDGE_CURVE ( 'NONE', #8025, #1464, #1828, .T. ) ;
#8049 = PRODUCT_DEFINITION_SHAPE ( 'NONE', 'NONE',  #6970 ) ;
#8050 = LINE ( 'NONE', #4478, #6966 ) ;
#8051 = DIRECTION ( 'NONE',  ( -1.119176436114068839E-16, 1.000000000000000000, 0.000000000000000000 ) ) ;
#8052 = VERTEX_POINT ( 'NONE', #3273 ) ;
#8053 = VECTOR ( 'NONE', #3412, 1000.000000000000000 ) ;
#8054 = CARTESIAN_POINT ( 'NONE',  ( -62.41788286210071135, 16.07582173911837486, 1.500000000000000444 ) ) ;
#8055 = ORIENTED_EDGE ( 'NONE', *, *, #666, .F. ) ;
#8056 = CARTESIAN_POINT ( 'NONE',  ( -77.76788286210067724, 15.48641401289931174, 1.500000000000000444 ) ) ;
#8057 = VECTOR ( 'NONE', #2829, 1000.000000000000000 ) ;
#8058 = DIRECTION ( 'NONE',  ( -0.000000000000000000, -0.000000000000000000, 1.000000000000000000 ) ) ;
#8059 = CARTESIAN_POINT ( 'NONE',  ( 31.93211713789931139, 15.48641401289931174, -2.999999999999999112 ) ) ;
#8060 = ORIENTED_EDGE ( 'NONE', *, *, #4755, .T. ) ;
#8061 = ORIENTED_EDGE ( 'NONE', *, *, #1296, .T. ) ;
#8062 = VECTOR ( 'NONE', #9059, 1000.000000000000000 ) ;
#8063 = VECTOR ( 'NONE', #97, 1000.000000000000000 ) ;
#8064 = CARTESIAN_POINT ( 'NONE',  ( 13.67847513588157859, 23.17217973710070567, 1.500000000000000444 ) ) ;
#8065 = ORIENTED_EDGE ( 'NONE', *, *, #1137, .T. ) ;
#8066 = CARTESIAN_POINT ( 'NONE',  ( 38.98211713789931565, 15.50448725967914143, 1.500000000000000444 ) ) ;
#8067 = CARTESIAN_POINT ( 'NONE',  ( 6.840800136779524365, 20.49145500976188572, 3.708499914937254172 ) ) ;
#8068 = CARTESIAN_POINT ( 'NONE',  ( 46.25000000000000000, 11.05429687500000036, 4.834314575050761675 ) ) ;
#8069 = CARTESIAN_POINT ( 'NONE',  ( -9.417882862100684704, 22.78641401289931778, 1.500000000000000444 ) ) ;
#8070 = EDGE_CURVE ( 'NONE', #5426, #4915, #6128, .T. ) ;
#8071 = CARTESIAN_POINT ( 'NONE',  ( -62.41788286210071135, 20.16277201088163196, 3.250000000000000444 ) ) ;
#8072 = ORIENTED_EDGE ( 'NONE', *, *, #6078, .T. ) ;
#8073 = CARTESIAN_POINT ( 'NONE',  ( 14.23211713789931920, 15.48641401289931174, 1.500000000000000444 ) ) ;
#8074 = ORIENTED_EDGE ( 'NONE', *, *, #1282, .F. ) ;
#8075 = ORIENTED_EDGE ( 'NONE', *, *, #1058, .T. ) ;
#8076 = DIRECTION ( 'NONE',  ( 1.000000000000000000, -6.938893903907228378E-15, 0.000000000000000000 ) ) ;
#8077 = EDGE_CURVE ( 'NONE', #620, #5493, #5425, .T. ) ;
#8078 = LINE ( 'NONE', #6018, #2576 ) ;
#8079 = EDGE_CURVE ( 'NONE', #2017, #2651, #334, .T. ) ;
#8080 = VERTEX_POINT ( 'NONE', #3088 ) ;
#8081 = DIRECTION ( 'NONE',  ( 0.000000000000000000, -1.000000000000000000, 0.000000000000000000 ) ) ;
#8082 = CARTESIAN_POINT ( 'NONE',  ( -84.75000000000001421, 20.80448725967914925, 1.000000000000000000 ) ) ;
#8083 = VECTOR ( 'NONE', #3726, 1000.000000000000000 ) ;
#8084 = CARTESIAN_POINT ( 'NONE',  ( -13.41788286210068826, 15.48641401289931174, 1.500000000000000444 ) ) ;
#8085 = VERTEX_POINT ( 'NONE', #3877 ) ;
#8086 = DIRECTION ( 'NONE',  ( -0.000000000000000000, -1.000000000000000000, -0.000000000000000000 ) ) ;
#8087 = ORIENTED_EDGE ( 'NONE', *, *, #185, .F. ) ;
#8088 = EDGE_CURVE ( 'NONE', #4799, #3554, #3832, .T. ) ;
#8089 = ORIENTED_EDGE ( 'NONE', *, *, #1925, .T. ) ;
#8090 = ADVANCED_FACE ( 'NONE', ( #2478 ), #286, .T. ) ;
#8091 = CIRCLE ( 'NONE', #168, 0.5000000000000000000 ) ;
#8092 = CARTESIAN_POINT ( 'NONE',  ( -75.38211713789932844, 20.23277201088161803, 3.745075751779464834 ) ) ;
#8093 = LINE ( 'NONE', #1777, #2343 ) ;
#8094 = FACE_OUTER_BOUND ( 'NONE', #8631, .T. ) ;
#8095 = CARTESIAN_POINT ( 'NONE',  ( -75.38211713789932844, 18.16277201088163196, 3.250000000000000444 ) ) ;
#8096 = ORIENTED_EDGE ( 'NONE', *, *, #1125, .F. ) ;
#8097 = VECTOR ( 'NONE', #4339, 1000.000000000000000 ) ;
#8098 = DIRECTION ( 'NONE',  ( 0.7071067811865479058, 0.7071067811865471286, 0.000000000000000000 ) ) ;
#8099 = ORIENTED_EDGE ( 'NONE', *, *, #3941, .F. ) ;
#8100 = EDGE_CURVE ( 'NONE', #4153, #1358, #6221, .T. ) ;
#8101 = EDGE_CURVE ( 'NONE', #2525, #363, #6178, .T. ) ;
#8102 = CARTESIAN_POINT ( 'NONE',  ( 6.582117137899287762, 16.07582173911837486, 3.742381610379890589 ) ) ;
#8103 = VECTOR ( 'NONE', #599, 1000.000000000000000 ) ;
#8104 = FACE_OUTER_BOUND ( 'NONE', #5637, .T. ) ;
#8105 = VECTOR ( 'NONE', #6329, 1000.000000000000000 ) ;
#8106 = CARTESIAN_POINT ( 'NONE',  ( 14.23211713789931920, 15.50448725967914143, 0.5000000000000004441 ) ) ;
#8107 = VERTEX_POINT ( 'NONE', #2623 ) ;
#8108 = CARTESIAN_POINT ( 'NONE',  ( 37.23211713789930855, 20.78641401289931778, 0.000000000000000000 ) ) ;
#8109 = ORIENTED_EDGE ( 'NONE', *, *, #7542, .F. ) ;
#8110 = PERSON ( 'UNSPECIFIED', 'UNSPECIFIED', 'UNSPECIFIED', ('UNSPECIFIED'), ('UNSPECIFIED'), ('UNSPECIFIED') ) ;
#8111 = DIRECTION ( 'NONE',  ( 0.000000000000000000, -1.000000000000000000, 0.000000000000000000 ) ) ;
#8112 = VECTOR ( 'NONE', #6339, 1000.000000000000000 ) ;
#8113 = CARTESIAN_POINT ( 'NONE',  ( 8.932117137899320269, 20.80448725967914925, 1.500000000000000444 ) ) ;
#8114 = EDGE_CURVE ( 'NONE', #4458, #2019, #8338, .T. ) ;
#8115 = VERTEX_POINT ( 'NONE', #4280 ) ;
#8116 = DIRECTION ( 'NONE',  ( 0.000000000000000000, 1.000000000000000000, -0.000000000000000000 ) ) ;
#8117 = CARTESIAN_POINT ( 'NONE',  ( -13.41788286210068826, 13.48641401289930997, 0.5000000000000004441 ) ) ;
#8118 = VECTOR ( 'NONE', #3846, 1000.000000000000000 ) ;
#8119 = DIRECTION ( 'NONE',  ( -1.000000000000000000, -1.119176436114068839E-16, 0.000000000000000000 ) ) ;
#8120 = CARTESIAN_POINT ( 'NONE',  ( -38.81788286210068151, 20.80448725967914925, 1.500000000000000444 ) ) ;
#8121 = CARTESIAN_POINT ( 'NONE',  ( -8.767882862100673691, 20.78641401289931778, 0.5000000000000004441 ) ) ;
#8122 = ORIENTED_EDGE ( 'NONE', *, *, #5162, .T. ) ;
#8123 = CARTESIAN_POINT ( 'NONE',  ( -13.47847513588164325, 13.13641401289931210, 6.000000000000000000 ) ) ;
#8124 = VERTEX_POINT ( 'NONE', #5568 ) ;
#8125 = VERTEX_POINT ( 'NONE', #7676 ) ;
#8126 = PLANE ( 'NONE',  #3861 ) ;
#8127 = CARTESIAN_POINT ( 'NONE',  ( -77.76788286210067724, 20.78641401289931778, 0.5000000000000004441 ) ) ;
#8128 = LINE ( 'NONE', #4696, #6751 ) ;
#8129 = ORIENTED_EDGE ( 'NONE', *, *, #4708, .F. ) ;
#8130 = EDGE_CURVE ( 'NONE', #2214, #1941, #4063, .T. ) ;
#8131 = CARTESIAN_POINT ( 'NONE',  ( -32.41788286210069003, 22.78641401289931778, 0.5000000000000004441 ) ) ;
#8132 = LINE ( 'NONE', #361, #4571 ) ;
#8133 = DIRECTION ( 'NONE',  ( 0.000000000000000000, 0.000000000000000000, 1.000000000000000000 ) ) ;
#8134 = ORIENTED_EDGE ( 'NONE', *, *, #6761, .T. ) ;
#8135 = DIRECTION ( 'NONE',  ( 0.7071067811865474617, -0.7071067811865474617, 0.000000000000000000 ) ) ;
#8136 = EDGE_LOOP ( 'NONE', ( #8460, #378, #743, #2575 ) ) ;
#8137 = ORIENTED_EDGE ( 'NONE', *, *, #3561, .T. ) ;
#8138 = CARTESIAN_POINT ( 'NONE',  ( -6.382117137899323112, 19.66277201088163196, 3.250000000000000444 ) ) ;
#8139 = FACE_OUTER_BOUND ( 'NONE', #7445, .T. ) ;
#8140 = APPLICATION_CONTEXT ( 'configuration controlled 3d designs of mechanical parts and assemblies' ) ;
#8141 = CARTESIAN_POINT ( 'NONE',  ( -82.41788286210069714, 13.48641401289930997, 1.500000000000000444 ) ) ;
#8142 = ADVANCED_FACE ( 'NONE', ( #7940, #1226 ), #1440, .T. ) ;
#8143 = DIRECTION ( 'NONE',  ( 0.000000000000000000, -1.000000000000000000, 0.000000000000000000 ) ) ;
#8144 = EDGE_CURVE ( 'NONE', #4405, #5097, #8433, .T. ) ;
#8145 = CARTESIAN_POINT ( 'NONE',  ( 6.582117137899287762, 20.23277201088163224, 2.754924248220538274 ) ) ;
#8146 = ORIENTED_EDGE ( 'NONE', *, *, #237, .F. ) ;
#8147 = CARTESIAN_POINT ( 'NONE',  ( 32.50364200201764930, 13.15429687500000178, 1.500000000000000444 ) ) ;
#8148 = ORIENTED_EDGE ( 'NONE', *, *, #7094, .T. ) ;
#8149 = ORIENTED_EDGE ( 'NONE', *, *, #4618, .F. ) ;
#8150 = PERSON_AND_ORGANIZATION ( #8110, #7771 ) ;
#8151 =( BOUNDED_CURVE ( )  B_SPLINE_CURVE ( 3, ( #128, #2982, #7992, #2371 ),
 .UNSPECIFIED., .F., .F. ) 
 B_SPLINE_CURVE_WITH_KNOTS ( ( 4, 4 ),
 ( 0.000000000000000000, 1.570796326794896558 ),
 .UNSPECIFIED. ) 
 CURVE ( )  GEOMETRIC_REPRESENTATION_ITEM ( )  RATIONAL_B_SPLINE_CURVE ( ( 1.000000000000000000, 0.8047378541243649375, 0.8047378541243649375, 1.000000000000000000 ) ) 
 REPRESENTATION_ITEM ( '' )  );
#8152 = DIRECTION ( 'NONE',  ( 0.000000000000000000, -0.000000000000000000, 1.000000000000000000 ) ) ;
#8153 = PLANE ( 'NONE',  #2202 ) ;
#8154 = ADVANCED_FACE ( 'NONE', ( #3631 ), #2012, .F. ) ;
#8155 = ORIENTED_EDGE ( 'NONE', *, *, #4897, .T. ) ;
#8156 = DIRECTION ( 'NONE',  ( 1.000000000000000000, -1.734723475976806709E-18, -0.000000000000000000 ) ) ;
#8157 = ORIENTED_EDGE ( 'NONE', *, *, #2555, .T. ) ;
#8158 = LINE ( 'NONE', #1884, #1775 ) ;
#8159 = PLANE ( 'NONE',  #3570 ) ;
#8160 = ORIENTED_EDGE ( 'NONE', *, *, #5739, .F. ) ;
#8161 = CARTESIAN_POINT ( 'NONE',  ( 16.61788286210066801, 20.23277201088161803, 6.000000000000000000 ) ) ;
#8162 = VECTOR ( 'NONE', #799, 1000.000000000000000 ) ;
#8163 = CARTESIAN_POINT ( 'NONE',  ( 13.58211713789932240, 20.78641401289931778, 0.5000000000000004441 ) ) ;
#8164 = EDGE_CURVE ( 'NONE', #2977, #4076, #2883, .T. ) ;
#8165 = EDGE_CURVE ( 'NONE', #2152, #2894, #1533, .T. ) ;
#8166 = CARTESIAN_POINT ( 'NONE',  ( 13.58211713789932240, 20.78641401289931778, 0.5000000000000004441 ) ) ;
#8167 = PLANE ( 'NONE',  #592 ) ;
#8168 = CARTESIAN_POINT ( 'NONE',  ( -75.79516686613607135, 15.66277201088163373, 3.250000000000000444 ) ) ;
#8169 = ORIENTED_EDGE ( 'NONE', *, *, #2725, .F. ) ;
#8170 = CARTESIAN_POINT ( 'NONE',  ( -84.81788286210067440, 20.80448725967914925, 0.5000000000000004441 ) ) ;
#8171 = VECTOR ( 'NONE', #3359, 1000.000000000000000 ) ;
#8172 = VERTEX_POINT ( 'NONE', #7844 ) ;
#8173 = EDGE_LOOP ( 'NONE', ( #7778, #2832, #1905, #5086, #8994, #6252 ) ) ;
#8174 = VECTOR ( 'NONE', #7383, 1000.000000000000000 ) ;
#8175 = CARTESIAN_POINT ( 'NONE',  ( -91.75000000000001421, 16.66277201088163551, 3.250000000000000444 ) ) ;
#8176 = LINE ( 'NONE', #6060, #482 ) ;
#8177 = PLANE ( 'NONE',  #3914 ) ;
#8178 = ORIENTED_EDGE ( 'NONE', *, *, #7569, .F. ) ;
#8179 = VECTOR ( 'NONE', #3677, 1000.000000000000000 ) ;
#8180 = CARTESIAN_POINT ( 'NONE',  ( 31.93211713789931139, 15.48641401289931174, 0.5000000000000004441 ) ) ;
#8181 = CARTESIAN_POINT ( 'NONE',  ( 32.52152486411834076, 13.13641401289931210, 6.000000000000000000 ) ) ;
#8182 = CARTESIAN_POINT ( 'NONE',  ( -89.64644660940673759, 13.25785026559327662, 0.5999999999999998668 ) ) ;
#8183 = ORIENTED_EDGE ( 'NONE', *, *, #329, .F. ) ;
#8184 = CARTESIAN_POINT ( 'NONE',  ( -13.41788286210068826, 13.48641401289930997, 0.5000000000000004441 ) ) ;
#8185 = EDGE_LOOP ( 'NONE', ( #6835, #388, #3741, #5602, #2631, #5255, #9118, #4127, #1110, #7222, #855 ) ) ;
#8186 = EDGE_LOOP ( 'NONE', ( #5824, #4983, #8109, #1263 ) ) ;
#8187 = CARTESIAN_POINT ( 'NONE',  ( 39.18881272280277983, 15.64675159982048669, 3.176340728957088189 ) ) ;
#8188 = AXIS2_PLACEMENT_3D ( 'NONE', #8652, #2752, #7848 ) ;
#8189 = FACE_OUTER_BOUND ( 'NONE', #1068, .T. ) ;
#8190 = CARTESIAN_POINT ( 'NONE',  ( 9.582117137899304637, 22.78641401289931778, 0.5000000000000004441 ) ) ;
#8191 = CARTESIAN_POINT ( 'NONE',  ( -53.01788286210067724, 15.50448725967914143, 0.5000000000000004441 ) ) ;
#8192 = AXIS2_PLACEMENT_3D ( 'NONE', #1424, #2160, #5902 ) ;
#8193 = DIRECTION ( 'NONE',  ( 0.000000000000000000, -1.000000000000000000, 0.000000000000000000 ) ) ;
#8194 = FACE_OUTER_BOUND ( 'NONE', #1773, .T. ) ;
#8195 = EDGE_LOOP ( 'NONE', ( #8157, #7524, #8002, #6508 ) ) ;
#8196 = EDGE_CURVE ( 'NONE', #2056, #2118, #6874, .T. ) ;
#8197 = DIRECTION ( 'NONE',  ( -0.7071067811865479058, 0.7071067811865471286, 0.000000000000000000 ) ) ;
#8198 = ORIENTED_EDGE ( 'NONE', *, *, #7297, .T. ) ;
#8199 = VERTEX_POINT ( 'NONE', #515 ) ;
#8200 = EDGE_CURVE ( 'NONE', #7612, #4800, #7138, .T. ) ;
#8201 = DIRECTION ( 'NONE',  ( -1.000000000000000000, 0.000000000000000000, 0.000000000000000000 ) ) ;
#8202 = DIRECTION ( 'NONE',  ( 1.000000000000000000, 0.000000000000000000, 0.000000000000000000 ) ) ;
#8203 = AXIS2_PLACEMENT_3D ( 'NONE', #3508, #4825, #1281 ) ;
#8204 = ORIENTED_EDGE ( 'NONE', *, *, #5372, .T. ) ;
#8205 = LINE ( 'NONE', #1790, #8707 ) ;
#8206 = VERTEX_POINT ( 'NONE', #3582 ) ;
#8207 = DIRECTION ( 'NONE',  ( 0.000000000000000000, 1.000000000000000000, 0.000000000000000000 ) ) ;
#8208 = ORIENTED_EDGE ( 'NONE', *, *, #5697, .T. ) ;
#8209 = AXIS2_PLACEMENT_3D ( 'NONE', #5723, #5591, #9162 ) ;
#8210 = EDGE_CURVE ( 'NONE', #2744, #1689, #6436, .T. ) ;
#8211 = CARTESIAN_POINT ( 'NONE',  ( 39.25000000000000000, 22.40429687500000355, 4.000000000000000000 ) ) ;
#8212 = LINE ( 'NONE', #4687, #7259 ) ;
#8213 = DIRECTION ( 'NONE',  ( 0.000000000000000000, 0.000000000000000000, -1.000000000000000000 ) ) ;
#8214 = CARTESIAN_POINT ( 'NONE',  ( 9.582117137899304637, 20.78641401289931778, 1.500000000000000444 ) ) ;
#8215 = VECTOR ( 'NONE', #7880, 1000.000000000000000 ) ;
#8216 = CARTESIAN_POINT ( 'NONE',  ( 39.25000000000000000, 13.15429687500000355, 4.000000000000000000 ) ) ;
#8217 = ORIENTED_EDGE ( 'NONE', *, *, #2137, .T. ) ;
#8218 = CARTESIAN_POINT ( 'NONE',  ( 29.99516686613601379, 15.66277201088163373, 3.250000000000000444 ) ) ;
#8219 = ORIENTED_EDGE ( 'NONE', *, *, #3493, .T. ) ;
#8220 = LINE ( 'NONE', #1806, #1485 ) ;
#8221 = CARTESIAN_POINT ( 'NONE',  ( -82.41788286210069714, 13.48641401289930997, 0.5000000000000004441 ) ) ;
#8222 = EDGE_CURVE ( 'NONE', #512, #8764, #8385, .T. ) ;
#8223 = EDGE_CURVE ( 'NONE', #8747, #5426, #6482, .T. ) ;
#8224 = DIRECTION ( 'NONE',  ( 0.000000000000000000, 0.000000000000000000, -1.000000000000000000 ) ) ;
#8225 = SECURITY_CLASSIFICATION ( '', '', #8248 ) ;
#8226 = ORIENTED_EDGE ( 'NONE', *, *, #2074, .F. ) ;
#8227 = CARTESIAN_POINT ( 'NONE',  ( 0.000000000000000000, 11.05429687500000036, 0.000000000000000000 ) ) ;
#8228 = DIRECTION ( 'NONE',  ( -6.546126324440781637E-16, 1.000000000000000000, 0.000000000000000000 ) ) ;
#8229 = CARTESIAN_POINT ( 'NONE',  ( -59.47847513588165214, 13.13641401289931210, 1.500000000000000444 ) ) ;
#8230 = ORIENTED_EDGE ( 'NONE', *, *, #7227, .T. ) ;
#8231 = CARTESIAN_POINT ( 'NONE',  ( 0.000000000000000000, 0.000000000000000000, 6.000000000000000000 ) ) ;
#8232 = EDGE_LOOP ( 'NONE', ( #7253, #236, #5781, #2557 ) ) ;
#8233 = VERTEX_POINT ( 'NONE', #73 ) ;
#8234 = LINE ( 'NONE', #7528, #7651 ) ;
#8235 = EDGE_CURVE ( 'NONE', #4866, #6546, #6965, .T. ) ;
#8236 = DIRECTION ( 'NONE',  ( 1.000000000000000000, -1.734723475976806709E-18, -0.000000000000000000 ) ) ;
#8237 = AXIS2_PLACEMENT_3D ( 'NONE', #1073, #1025, #8133 ) ;
#8238 = CARTESIAN_POINT ( 'NONE',  ( -39.41788286210071135, 20.23277201088163224, 4.000000000000000000 ) ) ;
#8239 = CC_DESIGN_DATE_AND_TIME_ASSIGNMENT ( #4678, #8299, ( #6970 ) ) ;
#8240 = CARTESIAN_POINT ( 'NONE',  ( -36.47847513588163793, 23.17217973710070567, 1.500000000000000444 ) ) ;
#8241 = PLANE ( 'NONE',  #5878 ) ;
#8242 = PLANE ( 'NONE',  #1439 ) ;
#8243 = ORIENTED_EDGE ( 'NONE', *, *, #6785, .F. ) ;
#8244 = DIRECTION ( 'NONE',  ( 4.336808689941999001E-16, -1.000000000000000000, 0.000000000000000000 ) ) ;
#8245 = VERTEX_POINT ( 'NONE', #2178 ) ;
#8246 = CARTESIAN_POINT ( 'NONE',  ( -13.41788286210068826, 22.78641401289931778, 1.500000000000000444 ) ) ;
#8247 = VECTOR ( 'NONE', #2268, 1000.000000000000000 ) ;
#8248 = SECURITY_CLASSIFICATION_LEVEL ( 'unclassified' ) ;
#8249 = CARTESIAN_POINT ( 'NONE',  ( 32.58211713789929576, 22.78641401289931778, 1.500000000000000444 ) ) ;
#8250 = EDGE_CURVE ( 'NONE', #5819, #432, #5029, .T. ) ;
#8251 = FACE_BOUND ( 'NONE', #106, .T. ) ;
#8252 = VECTOR ( 'NONE', #5087, 1000.000000000000000 ) ;
#8253 = EDGE_CURVE ( 'NONE', #7629, #2245, #2923, .T. ) ;
#8254 = ORIENTED_EDGE ( 'NONE', *, *, #2148, .T. ) ;
#8255 = VERTEX_POINT ( 'NONE', #5920 ) ;
#8256 = DIRECTION ( 'NONE',  ( 1.000000000000000000, 0.000000000000000000, 0.000000000000000000 ) ) ;
#8257 = VERTEX_POINT ( 'NONE', #3669 ) ;
#8258 = AXIS2_PLACEMENT_3D ( 'NONE', #7329, #4281, #8646 ) ;
#8259 = CARTESIAN_POINT ( 'NONE',  ( 29.58211713789928154, 16.07582173911837486, 3.742381610379890589 ) ) ;
#8260 = VECTOR ( 'NONE', #4453, 1000.000000000000000 ) ;
#8261 = CARTESIAN_POINT ( 'NONE',  ( -89.75000000000001421, 23.15429687500000000, 0.4964466094067262469 ) ) ;
#8262 = CARTESIAN_POINT ( 'NONE',  ( -62.41788286210071135, 17.66277201088163196, 3.250000000000000444 ) ) ;
#8263 = EDGE_CURVE ( 'NONE', #2744, #6028, #3765, .T. ) ;
#8264 = DIRECTION ( 'NONE',  ( 0.000000000000000000, 1.000000000000000000, 0.000000000000000000 ) ) ;
#8265 = ADVANCED_FACE ( 'NONE', ( #5304 ), #3855, .F. ) ;
#8266 = VECTOR ( 'NONE', #4486, 1000.000000000000000 ) ;
#8267 = CARTESIAN_POINT ( 'NONE',  ( 39.18788286210063632, 20.66277201088163196, 3.250000000000000444 ) ) ;
#8268 = ORIENTED_EDGE ( 'NONE', *, *, #7034, .F. ) ;
#8269 = FACE_OUTER_BOUND ( 'NONE', #801, .T. ) ;
#8270 = VERTEX_POINT ( 'NONE', #968 ) ;
#8271 = LINE ( 'NONE', #3345, #2968 ) ;
#8272 = EDGE_LOOP ( 'NONE', ( #7431, #8055, #178, #8643 ) ) ;
#8273 = FACE_OUTER_BOUND ( 'NONE', #7243, .T. ) ;
#8274 = VECTOR ( 'NONE', #7408, 1000.000000000000000 ) ;
#8275 = ORIENTED_EDGE ( 'NONE', *, *, #1520, .F. ) ;
#8276 = FACE_OUTER_BOUND ( 'NONE', #2332, .T. ) ;
#8277 = DIRECTION ( 'NONE',  ( 0.000000000000000000, -1.000000000000000000, 0.000000000000000000 ) ) ;
#8278 = EDGE_CURVE ( 'NONE', #1900, #4104, #4552, .T. ) ;
#8279 = DIRECTION ( 'NONE',  ( -1.000000000000000000, 0.000000000000000000, 0.000000000000000000 ) ) ;
#8280 = ORIENTED_EDGE ( 'NONE', *, *, #113, .F. ) ;
#8281 = EDGE_CURVE ( 'NONE', #4612, #8010, #7986, .T. ) ;
#8282 = CARTESIAN_POINT ( 'NONE',  ( -38.98788286210071874, 20.66277201088163196, 3.250000000000000444 ) ) ;
#8283 = ORIENTED_EDGE ( 'NONE', *, *, #8317, .T. ) ;
#8284 = ORIENTED_EDGE ( 'NONE', *, *, #6825, .T. ) ;
#8285 = CARTESIAN_POINT ( 'NONE',  ( 39.25000000000000000, 15.70793887701771929, 3.042330020610769292 ) ) ;
#8286 = CARTESIAN_POINT ( 'NONE',  ( -91.75000000000001421, 18.66277201088163196, 3.250000000000000444 ) ) ;
#8287 = LINE ( 'NONE', #2570, #8479 ) ;
#8288 = DIRECTION ( 'NONE',  ( -1.000000000000000000, -0.000000000000000000, -0.000000000000000000 ) ) ;
#8289 = EDGE_CURVE ( 'NONE', #6400, #1377, #8783, .T. ) ;
#8290 = CARTESIAN_POINT ( 'NONE',  ( -91.75000000000001421, 20.66277201088163196, 3.250000000000000444 ) ) ;
#8291 = ORIENTED_EDGE ( 'NONE', *, *, #6486, .F. ) ;
#8292 = ADVANCED_FACE ( 'NONE', ( #1623 ), #8126, .F. ) ;
#8293 = DIRECTION ( 'NONE',  ( -0.7071067811865475727, -0.7071067811865475727, 0.000000000000000000 ) ) ;
#8294 = ORIENTED_EDGE ( 'NONE', *, *, #5773, .T. ) ;
#8295 = DIRECTION ( 'NONE',  ( -1.000000000000000000, 0.000000000000000000, 0.000000000000000000 ) ) ;
#8296 = ORIENTED_EDGE ( 'NONE', *, *, #7699, .F. ) ;
#8297 = ORIENTED_EDGE ( 'NONE', *, *, #4545, .T. ) ;
#8298 =( BOUNDED_CURVE ( )  B_SPLINE_CURVE ( 3, ( #5542, #4086, #6899, #2601 ),
 .UNSPECIFIED., .F., .F. ) 
 B_SPLINE_CURVE_WITH_KNOTS ( ( 4, 4 ),
 ( 0.000000000000000000, 1.396007136793057990 ),
 .UNSPECIFIED. ) 
 CURVE ( )  GEOMETRIC_REPRESENTATION_ITEM ( )  RATIONAL_B_SPLINE_CURVE ( ( 1.000000000000000000, 0.8440845325001467003, 0.8440845325001467003, 1.000000000000000000 ) ) 
 REPRESENTATION_ITEM ( '' )  );
#8299 = DATE_TIME_ROLE ( 'creation_date' ) ;
#8300 = CARTESIAN_POINT ( 'NONE',  ( -78.32152486411838765, 13.13641401289931210, 1.500000000000000444 ) ) ;
#8301 = DIRECTION ( 'NONE',  ( -0.000000000000000000, -0.000000000000000000, 1.000000000000000000 ) ) ;
#8302 = EDGE_LOOP ( 'NONE', ( #5661, #6647, #87, #3943 ) ) ;
#8303 = ORIENTED_EDGE ( 'NONE', *, *, #7865, .F. ) ;
#8304 = DIRECTION ( 'NONE',  ( 0.000000000000000000, 0.000000000000000000, -1.000000000000000000 ) ) ;
#8305 = ORIENTED_EDGE ( 'NONE', *, *, #7853, .F. ) ;
#8306 = LINE ( 'NONE', #9054, #6173 ) ;
#8307 = LINE ( 'NONE', #2636, #5770 ) ;
#8308 = DIRECTION ( 'NONE',  ( 0.7071067811865471286, 0.7071067811865479058, 0.000000000000000000 ) ) ;
#8309 = CARTESIAN_POINT ( 'NONE',  ( 36.67847513588156971, 23.17217973710070567, 1.500000000000000444 ) ) ;
#8310 = DIRECTION ( 'NONE',  ( -0.000000000000000000, 0.000000000000000000, 1.000000000000000000 ) ) ;
#8311 = CARTESIAN_POINT ( 'NONE',  ( -32.41788286210066161, 15.48641401289931174, 1.500000000000000444 ) ) ;
#8312 = ORIENTED_EDGE ( 'NONE', *, *, #7265, .F. ) ;
#8313 = CARTESIAN_POINT ( 'NONE',  ( -91.75000000000001421, 16.16277201088163551, 3.250000000000000444 ) ) ;
#8314 = ORIENTED_EDGE ( 'NONE', *, *, #2926, .T. ) ;
#8315 = VECTOR ( 'NONE', #5836, 1000.000000000000000 ) ;
#8316 = FACE_OUTER_BOUND ( 'NONE', #8520, .T. ) ;
#8317 = EDGE_CURVE ( 'NONE', #3157, #4719, #1668, .T. ) ;
#8318 = EDGE_CURVE ( 'NONE', #4199, #7395, #3159, .T. ) ;
#8319 = ORIENTED_EDGE ( 'NONE', *, *, #6098, .F. ) ;
#8320 = CARTESIAN_POINT ( 'NONE',  ( 8.932117137899320269, 20.78641401289931423, -2.999999999999999112 ) ) ;
#8321 = DIRECTION ( 'NONE',  ( 0.000000000000000000, -1.000000000000000000, 0.000000000000000000 ) ) ;
#8322 = VECTOR ( 'NONE', #3955, 1000.000000000000114 ) ;
#8323 = DIRECTION ( 'NONE',  ( 1.000000000000000000, 4.336808689941999001E-16, 0.000000000000000000 ) ) ;
#8324 = ORIENTED_EDGE ( 'NONE', *, *, #7283, .F. ) ;
#8325 = ORIENTED_EDGE ( 'NONE', *, *, #7284, .T. ) ;
#8326 = DIRECTION ( 'NONE',  ( -1.000000000000000000, 0.000000000000000000, 0.000000000000000000 ) ) ;
#8327 = VECTOR ( 'NONE', #9221, 1000.000000000000114 ) ;
#8328 = EDGE_CURVE ( 'NONE', #7001, #4826, #5159, .T. ) ;
#8329 = AXIS2_PLACEMENT_3D ( 'NONE', #8662, #4296, #7062 ) ;
#8330 = LINE ( 'NONE', #7436, #5127 ) ;
#8331 = LINE ( 'NONE', #1316, #7125 ) ;
#8332 = DIRECTION ( 'NONE',  ( -0.000000000000000000, 1.000000000000000000, -0.000000000000000000 ) ) ;
#8333 = DIRECTION ( 'NONE',  ( 0.000000000000000000, 1.000000000000000000, 0.000000000000000000 ) ) ;
#8334 = EDGE_LOOP ( 'NONE', ( #2327, #8319, #3027, #7993 ) ) ;
#8335 = CARTESIAN_POINT ( 'NONE',  ( -16.00483313386397199, 15.66277201088163373, 3.250000000000000444 ) ) ;
#8336 = ORIENTED_EDGE ( 'NONE', *, *, #2169, .T. ) ;
#8337 = AXIS2_PLACEMENT_3D ( 'NONE', #3552, #5663, #4957 ) ;
#8338 = LINE ( 'NONE', #4768, #4007 ) ;
#8339 = ORIENTED_EDGE ( 'NONE', *, *, #1323, .F. ) ;
#8340 = ORIENTED_EDGE ( 'NONE', *, *, #8765, .T. ) ;
#8341 = EDGE_CURVE ( 'NONE', #3128, #5566, #1016, .T. ) ;
#8342 = PERSON_AND_ORGANIZATION_ROLE ( 'creator' ) ;
#8343 = ADVANCED_FACE ( 'NONE', ( #6713 ), #6660, .F. ) ;
#8344 = VECTOR ( 'NONE', #7310, 1000.000000000000000 ) ;
#8345 = CYLINDRICAL_SURFACE ( 'NONE', #1896, 0.5000000000000004441 ) ;
#8346 = CYLINDRICAL_SURFACE ( 'NONE', #6817, 0.5000000000000004441 ) ;
#8347 = ORIENTED_EDGE ( 'NONE', *, *, #4657, .T. ) ;
#8348 = EDGE_LOOP ( 'NONE', ( #1421, #3817, #3572, #4289 ) ) ;
#8349 = CARTESIAN_POINT ( 'NONE',  ( -84.75000000000001421, 22.40429687500000355, 1.000000000000000000 ) ) ;
#8350 = EDGE_LOOP ( 'NONE', ( #4235, #4933, #3236, #866, #8757, #1397 ) ) ;
#8351 = LINE ( 'NONE', #527, #7207 ) ;
#8352 = AXIS2_PLACEMENT_3D ( 'NONE', #734, #1525, #6342 ) ;
#8353 = LINE ( 'NONE', #9055, #4720 ) ;
#8354 = CARTESIAN_POINT ( 'NONE',  ( -75.38211713789932844, 20.23277201088161803, 1.500000000000000444 ) ) ;
#8355 = CARTESIAN_POINT ( 'NONE',  ( -32.41788286210066161, 15.48641401289931174, 1.500000000000000444 ) ) ;
#8356 = LINE ( 'NONE', #489, #4490 ) ;
#8357 = VERTEX_POINT ( 'NONE', #2973 ) ;
#8358 = CARTESIAN_POINT ( 'NONE',  ( 46.00000000000000000, 0.000000000000000000, 0.5000000000000004441 ) ) ;
#8359 = ORIENTED_EDGE ( 'NONE', *, *, #8077, .F. ) ;
#8360 = VECTOR ( 'NONE', #6106, 1000.000000000000000 ) ;
#8361 = CARTESIAN_POINT ( 'NONE',  ( -38.81788286210068151, 20.80448725967914925, 0.5000000000000004441 ) ) ;
#8362 = ORIENTED_EDGE ( 'NONE', *, *, #7838, .F. ) ;
#8363 = LINE ( 'NONE', #1945, #3624 ) ;
#8364 = VERTEX_POINT ( 'NONE', #8695 ) ;
#8365 = VECTOR ( 'NONE', #2270, 1000.000000000000000 ) ;
#8366 = EDGE_CURVE ( 'NONE', #4951, #5830, #8040, .T. ) ;
#8367 = LINE ( 'NONE', #1259, #9154 ) ;
#8368 = PLANE ( 'NONE',  #5984 ) ;
#8369 = ORIENTED_EDGE ( 'NONE', *, *, #2737, .F. ) ;
#8370 = ADVANCED_FACE ( 'NONE', ( #309 ), #5876, .F. ) ;
#8371 = DIRECTION ( 'NONE',  ( -0.000000000000000000, -0.000000000000000000, 1.000000000000000000 ) ) ;
#8372 = EDGE_LOOP ( 'NONE', ( #4452, #6725, #6361, #7168, #8532, #7312, #7836, #1063, #1157 ) ) ;
#8373 = EDGE_CURVE ( 'NONE', #1498, #3252, #6619, .T. ) ;
#8374 = CARTESIAN_POINT ( 'NONE',  ( 39.25000000000000000, 15.70793887701772285, 4.000000000000000000 ) ) ;
#8375 = AXIS2_PLACEMENT_3D ( 'NONE', #6940, #2119, #7834 ) ;
#8376 = DIRECTION ( 'NONE',  ( -1.000000000000000000, 0.000000000000000000, 0.000000000000000000 ) ) ;
#8377 = DIRECTION ( 'NONE',  ( -1.000000000000000000, -1.119176436114068839E-16, 0.000000000000000000 ) ) ;
#8378 = DIRECTION ( 'NONE',  ( 9.251858538542971828E-16, -1.000000000000000000, 0.000000000000000000 ) ) ;
#8379 = FACE_OUTER_BOUND ( 'NONE', #6308, .T. ) ;
#8380 = VERTEX_POINT ( 'NONE', #169 ) ;
#8381 = CARTESIAN_POINT ( 'NONE',  ( -75.38211713789932844, 20.23277201088161803, 1.500000000000000444 ) ) ;
#8382 = EDGE_CURVE ( 'NONE', #7089, #2914, #3024, .T. ) ;
#8383 = ORIENTED_EDGE ( 'NONE', *, *, #6384, .T. ) ;
#8384 = EDGE_CURVE ( 'NONE', #7030, #1553, #7604, .T. ) ;
#8385 = LINE ( 'NONE', #4107, #1628 ) ;
#8386 = CARTESIAN_POINT ( 'NONE',  ( -6.382117137899323112, 20.23277201088161803, 1.500000000000000444 ) ) ;
#8387 = VECTOR ( 'NONE', #5563, 1000.000000000000000 ) ;
#8388 = FACE_OUTER_BOUND ( 'NONE', #3138, .T. ) ;
#8389 = CARTESIAN_POINT ( 'NONE',  ( -62.41788286210071135, 16.07582173911837486, 3.742381610379891033 ) ) ;
#8390 = EDGE_LOOP ( 'NONE', ( #3594, #5410, #7895, #1496 ) ) ;
#8391 = EDGE_CURVE ( 'NONE', #7042, #7923, #1050, .T. ) ;
#8392 = AXIS2_PLACEMENT_3D ( 'NONE', #5014, #5108, #6509 ) ;
#8393 = VERTEX_POINT ( 'NONE', #1762 ) ;
#8394 = EDGE_CURVE ( 'NONE', #7001, #4192, #3994, .T. ) ;
#8395 = LINE ( 'NONE', #7823, #8501 ) ;
#8396 = ORIENTED_EDGE ( 'NONE', *, *, #4755, .F. ) ;
#8397 = PLANE ( 'NONE',  #4501 ) ;
#8398 = VERTEX_POINT ( 'NONE', #6851 ) ;
#8399 = LINE ( 'NONE', #9011, #1097 ) ;
#8400 = DIRECTION ( 'NONE',  ( 0.000000000000000000, -1.000000000000000000, 0.000000000000000000 ) ) ;
#8401 = DIRECTION ( 'NONE',  ( 0.000000000000000000, 0.000000000000000000, 1.000000000000000000 ) ) ;
#8402 = CARTESIAN_POINT ( 'NONE',  ( 8.932117137899320269, 15.48641401289931174, -2.999999999999999112 ) ) ;
#8403 = CARTESIAN_POINT ( 'NONE',  ( 39.20903353518417589, 20.64162133779809949, 3.082951941092010539 ) ) ;
#8404 = ORIENTED_EDGE ( 'NONE', *, *, #2607, .T. ) ;
#8405 = EDGE_CURVE ( 'NONE', #7962, #5711, #6943, .T. ) ;
#8406 = PLANE ( 'NONE',  #5820 ) ;
#8407 = ORIENTED_EDGE ( 'NONE', *, *, #9109, .T. ) ;
#8408 = CIRCLE ( 'NONE', #333, 0.5000000000000000000 ) ;
#8409 = DIRECTION ( 'NONE',  ( -1.000000000000000000, -0.000000000000000000, -0.000000000000000000 ) ) ;
#8410 = EDGE_LOOP ( 'NONE', ( #1531, #887, #2175, #3330 ) ) ;
#8411 = VECTOR ( 'NONE', #7313, 1000.000000000000000 ) ;
#8412 = DIRECTION ( 'NONE',  ( -1.000000000000000000, 0.000000000000000000, 0.000000000000000000 ) ) ;
#8413 = EDGE_LOOP ( 'NONE', ( #6070, #8481, #5790, #3217 ) ) ;
#8414 = VECTOR ( 'NONE', #8856, 1000.000000000000000 ) ;
#8415 = CARTESIAN_POINT ( 'NONE',  ( -6.382117137899323112, 20.16277201088163196, 3.250000000000000444 ) ) ;
#8416 = LINE ( 'NONE', #9029, #7176 ) ;
#8417 = ORIENTED_EDGE ( 'NONE', *, *, #4745, .F. ) ;
#8418 = CARTESIAN_POINT ( 'NONE',  ( -39.15919986322045787, 20.49145500976187861, 2.791500085062742720 ) ) ;
#8419 = ORIENTED_EDGE ( 'NONE', *, *, #387, .F. ) ;
#8420 = ORIENTED_EDGE ( 'NONE', *, *, #1114, .T. ) ;
#8421 = LINE ( 'NONE', #1265, #7806 ) ;
#8422 = CIRCLE ( 'NONE', #4972, 0.5000000000000000000 ) ;
#8423 = EDGE_CURVE ( 'NONE', #1438, #1900, #8271, .T. ) ;
#8424 = VERTEX_POINT ( 'NONE', #3253 ) ;
#8425 = EDGE_CURVE ( 'NONE', #419, #153, #6757, .T. ) ;
#8426 = DIRECTION ( 'NONE',  ( -0.000000000000000000, -0.000000000000000000, 1.000000000000000000 ) ) ;
#8427 = DIRECTION ( 'NONE',  ( 0.000000000000000000, -0.000000000000000000, -1.000000000000000000 ) ) ;
#8428 = AXIS2_PLACEMENT_3D ( 'NONE', #655, #3453, #2754 ) ;
#8429 = LINE ( 'NONE', #4810, #5833 ) ;
#8430 = ORIENTED_EDGE ( 'NONE', *, *, #789, .T. ) ;
#8431 = DIRECTION ( 'NONE',  ( 1.000000000000000000, -0.000000000000000000, 0.000000000000000000 ) ) ;
#8432 = EDGE_LOOP ( 'NONE', ( #2445, #8178, #608, #7251, #3718, #29 ) ) ;
#8433 = LINE ( 'NONE', #7184, #8515 ) ;
#8434 = FACE_OUTER_BOUND ( 'NONE', #6163, .T. ) ;
#8435 = EDGE_CURVE ( 'NONE', #6570, #4996, #1928, .T. ) ;
#8436 = EDGE_CURVE ( 'NONE', #5830, #697, #8298, .T. ) ;
#8437 = LINE ( 'NONE', #6271, #3831 ) ;
#8438 = DIRECTION ( 'NONE',  ( 1.000000000000000000, 0.000000000000000000, 0.000000000000000000 ) ) ;
#8439 = VERTEX_POINT ( 'NONE', #1853 ) ;
#8440 = LINE ( 'NONE', #2018, #3708 ) ;
#8441 = ORIENTED_EDGE ( 'NONE', *, *, #8649, .F. ) ;
#8442 = CARTESIAN_POINT ( 'NONE',  ( -62.41788286210071135, 20.23277201088163224, 3.745075751779463502 ) ) ;
#8443 = ORIENTED_EDGE ( 'NONE', *, *, #1520, .T. ) ;
#8444 = LINE ( 'NONE', #7595, #5116 ) ;
#8445 = EDGE_CURVE ( 'NONE', #6716, #4138, #6801, .T. ) ;
#8446 = LINE ( 'NONE', #7734, #1743 ) ;
#8447 = CARTESIAN_POINT ( 'NONE',  ( -84.75000000000001421, 22.40429687500000355, 1.000000000000000000 ) ) ;
#8448 = CARTESIAN_POINT ( 'NONE',  ( -76.01788286210067724, 20.78641401289931778, 0.5000000000000004441 ) ) ;
#8449 = DIRECTION ( 'NONE',  ( 1.000000000000000000, 0.000000000000000000, 0.000000000000000000 ) ) ;
#8450 = ORIENTED_EDGE ( 'NONE', *, *, #3237, .F. ) ;
#8451 = LINE ( 'NONE', #6286, #8671 ) ;
#8452 = VERTEX_POINT ( 'NONE', #1156 ) ;
#8453 = DIRECTION ( 'NONE',  ( 0.000000000000000000, 1.000000000000000000, 0.000000000000000000 ) ) ;
#8454 = CARTESIAN_POINT ( 'NONE',  ( 39.61788286210066445, 20.23277201088161803, 1.500000000000000444 ) ) ;
#8455 = EDGE_CURVE ( 'NONE', #8487, #4141, #7515, .T. ) ;
#8456 = ORIENTED_EDGE ( 'NONE', *, *, #5399, .T. ) ;
#8457 = EDGE_CURVE ( 'NONE', #7925, #377, #5359, .T. ) ;
#8458 = PLANE ( 'NONE',  #8352 ) ;
#8459 = FACE_OUTER_BOUND ( 'NONE', #8390, .T. ) ;
#8460 = ORIENTED_EDGE ( 'NONE', *, *, #1639, .T. ) ;
#8461 = CARTESIAN_POINT ( 'NONE',  ( -62.41788286210071135, 16.07582173911837486, 3.742381610379891033 ) ) ;
#8462 = ORIENTED_EDGE ( 'NONE', *, *, #6312, .F. ) ;
#8463 = VECTOR ( 'NONE', #6507, 1000.000000000000000 ) ;
#8464 = PLANE ( 'NONE',  #8845 ) ;
#8465 = VERTEX_POINT ( 'NONE', #4601 ) ;
#8466 = AXIS2_PLACEMENT_3D ( 'NONE', #83, #2935, #5085 ) ;
#8467 = PLANE ( 'NONE',  #7580 ) ;
#8468 = CARTESIAN_POINT ( 'NONE',  ( -54.76788286210067724, 15.48641401289931174, 0.000000000000000000 ) ) ;
#8469 = CARTESIAN_POINT ( 'NONE',  ( -29.38211713789932844, 17.66277201088163196, 3.250000000000000444 ) ) ;
#8470 = EDGE_LOOP ( 'NONE', ( #5182, #1169, #907, #6684 ) ) ;
#8471 = CARTESIAN_POINT ( 'NONE',  ( -7.017882862100671915, 20.78641401289931778, 0.5000000000000004441 ) ) ;
#8472 = ORIENTED_EDGE ( 'NONE', *, *, #4178, .T. ) ;
#8473 = VECTOR ( 'NONE', #1914, 1000.000000000000000 ) ;
#8474 = FACE_OUTER_BOUND ( 'NONE', #3062, .T. ) ;
#8475 = ORIENTED_EDGE ( 'NONE', *, *, #5638, .T. ) ;
#8476 = AXIS2_PLACEMENT_3D ( 'NONE', #994, #3836, #5947 ) ;
#8477 = DIRECTION ( 'NONE',  ( -0.000000000000000000, -0.000000000000000000, 1.000000000000000000 ) ) ;
#8478 = FACE_BOUND ( 'NONE', #6289, .T. ) ;
#8479 = VECTOR ( 'NONE', #9132, 1000.000000000000000 ) ;
#8480 = EDGE_CURVE ( 'NONE', #1116, #2711, #9064, .T. ) ;
#8481 = ORIENTED_EDGE ( 'NONE', *, *, #4956, .F. ) ;
#8482 = ADVANCED_FACE ( 'NONE', ( #7556 ), #446, .F. ) ;
#8483 = FACE_OUTER_BOUND ( 'NONE', #4705, .T. ) ;
#8484 = ORIENTED_EDGE ( 'NONE', *, *, #1857, .F. ) ;
#8485 = EDGE_CURVE ( 'NONE', #1462, #769, #1064, .T. ) ;
#8486 = LINE ( 'NONE', #6276, #1971 ) ;
#8487 = VERTEX_POINT ( 'NONE', #6059 ) ;
#8488 = VECTOR ( 'NONE', #1186, 1000.000000000000000 ) ;
#8489 = LINE ( 'NONE', #1195, #2589 ) ;
#8490 = CARTESIAN_POINT ( 'NONE',  ( -6.382117137899323112, 20.23277201088161803, 1.500000000000000444 ) ) ;
#8491 = LINE ( 'NONE', #2558, #4899 ) ;
#8492 = CARTESIAN_POINT ( 'NONE',  ( -55.30364200201769620, 23.15429687499998579, 6.000000000000000000 ) ) ;
#8493 = DIRECTION ( 'NONE',  ( -0.000000000000000000, -0.000000000000000000, 1.000000000000000000 ) ) ;
#8494 = LINE ( 'NONE', #2075, #8694 ) ;
#8495 = VERTEX_POINT ( 'NONE', #8927 ) ;
#8496 = LINE ( 'NONE', #9249, #8215 ) ;
#8497 = EDGE_LOOP ( 'NONE', ( #335, #7942, #574, #7742, #2287, #3421, #3343, #2736, #1569, #6421 ) ) ;
#8498 = EDGE_CURVE ( 'NONE', #8875, #2030, #2551, .T. ) ;
#8499 = CARTESIAN_POINT ( 'NONE',  ( -83.06788286210067440, 15.48641401289931174, 0.5000000000000004441 ) ) ;
#8500 = ORIENTED_EDGE ( 'NONE', *, *, #7789, .T. ) ;
#8501 = VECTOR ( 'NONE', #5618, 1000.000000000000000 ) ;
#8502 = CARTESIAN_POINT ( 'NONE',  ( -77.76788286210067724, 0.000000000000000000, 0.000000000000000000 ) ) ;
#8503 = VERTEX_POINT ( 'NONE', #5354 ) ;
#8504 = PLANE ( 'NONE',  #5104 ) ;
#8505 = DIRECTION ( 'NONE',  ( -0.000000000000000000, -0.000000000000000000, 1.000000000000000000 ) ) ;
#8506 = VECTOR ( 'NONE', #565, 1000.000000000000000 ) ;
#8507 = DIRECTION ( 'NONE',  ( 1.000000000000000000, -0.000000000000000000, 0.000000000000000000 ) ) ;
#8508 = ORIENTED_EDGE ( 'NONE', *, *, #8318, .F. ) ;
#8509 = CARTESIAN_POINT ( 'NONE',  ( 46.11975214338983164, 11.76603187127129324, 5.730247856610168000 ) ) ;
#8510 = ORIENTED_EDGE ( 'NONE', *, *, #773, .F. ) ;
#8511 = EDGE_CURVE ( 'NONE', #1211, #8233, #8220, .T. ) ;
#8512 = EDGE_CURVE ( 'NONE', #7244, #5199, #4694, .T. ) ;
#8513 = DIRECTION ( 'NONE',  ( 0.000000000000000000, 0.000000000000000000, 1.000000000000000000 ) ) ;
#8514 =( BOUNDED_CURVE ( )  B_SPLINE_CURVE ( 3, ( #7370, #917, #2266, #5118 ),
 .UNSPECIFIED., .F., .F. ) 
 B_SPLINE_CURVE_WITH_KNOTS ( ( 4, 4 ),
 ( 3.141592653589793116, 4.571927565674860361 ),
 .UNSPECIFIED. ) 
 CURVE ( )  GEOMETRIC_REPRESENTATION_ITEM ( )  RATIONAL_B_SPLINE_CURVE ( ( 1.000000000000000000, 0.8366556290180442446, 0.8366556290180442446, 1.000000000000000000 ) ) 
 REPRESENTATION_ITEM ( '' )  );
#8515 = VECTOR ( 'NONE', #466, 1000.000000000000000 ) ;
#8516 = ORIENTED_EDGE ( 'NONE', *, *, #1115, .T. ) ;
#8517 = LINE ( 'NONE', #6487, #5185 ) ;
#8518 = CYLINDRICAL_SURFACE ( 'NONE', #553, 0.5000000000000004441 ) ;
#8519 = FACE_OUTER_BOUND ( 'NONE', #5838, .T. ) ;
#8520 = EDGE_LOOP ( 'NONE', ( #6753, #2590, #2001, #8284 ) ) ;
#8521 = LINE ( 'NONE', #1497, #4261 ) ;
#8522 = ORIENTED_EDGE ( 'NONE', *, *, #6648, .F. ) ;
#8523 = VECTOR ( 'NONE', #3844, 1000.000000000000000 ) ;
#8524 = ADVANCED_FACE ( 'NONE', ( #6288 ), #4887, .T. ) ;
#8525 = CARTESIAN_POINT ( 'NONE',  ( -36.41788286210069714, 22.78641401289931778, 0.5000000000000004441 ) ) ;
#8526 = ORIENTED_EDGE ( 'NONE', *, *, #3092, .T. ) ;
#8527 = AXIS2_PLACEMENT_3D ( 'NONE', #5194, #2249, #3698 ) ;
#8528 = FACE_OUTER_BOUND ( 'NONE', #8781, .T. ) ;
#8529 = CARTESIAN_POINT ( 'NONE',  ( -16.15919986322045787, 20.49145500976187861, 3.708499914937258168 ) ) ;
#8530 = VERTEX_POINT ( 'NONE', #4226 ) ;
#8531 = DIRECTION ( 'NONE',  ( -0.000000000000000000, 0.000000000000000000, 1.000000000000000000 ) ) ;
#8532 = ORIENTED_EDGE ( 'NONE', *, *, #1472, .F. ) ;
#8533 = CARTESIAN_POINT ( 'NONE',  ( 39.25000000000000000, 20.60065487298227538, 4.000000000000000000 ) ) ;
#8534 = ORIENTED_EDGE ( 'NONE', *, *, #8890, .F. ) ;
#8535 = ADVANCED_FACE ( 'NONE', ( #684 ), #61, .F. ) ;
#8536 = CARTESIAN_POINT ( 'NONE',  ( 9.582117137899304637, 22.78641401289931778, 1.500000000000000444 ) ) ;
#8537 = CARTESIAN_POINT ( 'NONE',  ( -36.47847513588163793, 23.17217973710070567, 1.500000000000000444 ) ) ;
#8538 = EDGE_CURVE ( 'NONE', #6102, #759, #6850, .T. ) ;
#8539 = DIRECTION ( 'NONE',  ( 0.000000000000000000, 0.000000000000000000, -1.000000000000000000 ) ) ;
#8540 = VECTOR ( 'NONE', #5178, 1000.000000000000000 ) ;
#8541 = DIRECTION ( 'NONE',  ( -0.000000000000000000, -0.000000000000000000, 1.000000000000000000 ) ) ;
#8542 = LINE ( 'NONE', #1339, #6290 ) ;
#8543 = ORIENTED_EDGE ( 'NONE', *, *, #3854, .T. ) ;
#8544 = PLANE ( 'NONE',  #8375 ) ;
#8545 = DIRECTION ( 'NONE',  ( 0.000000000000000000, 0.000000000000000000, 1.000000000000000000 ) ) ;
#8546 = VERTEX_POINT ( 'NONE', #3524 ) ;
#8547 = VECTOR ( 'NONE', #533, 1000.000000000000000 ) ;
#8548 = FACE_OUTER_BOUND ( 'NONE', #2361, .T. ) ;
#8549 = ORIENTED_EDGE ( 'NONE', *, *, #9095, .F. ) ;
#8550 = EDGE_CURVE ( 'NONE', #4560, #8747, #1991, .T. ) ;
#8551 = EDGE_CURVE ( 'NONE', #5917, #3630, #4268, .T. ) ;
#8552 = DIRECTION ( 'NONE',  ( -0.000000000000000000, -1.000000000000000000, -0.000000000000000000 ) ) ;
#8553 = DIRECTION ( 'NONE',  ( 0.000000000000000000, -1.000000000000000000, 0.000000000000000000 ) ) ;
#8554 = AXIS2_PLACEMENT_3D ( 'NONE', #8043, #752, #8704 ) ;
#8555 = CARTESIAN_POINT ( 'NONE',  ( -91.75000000000001421, 22.40429687500000711, 6.000000000000000000 ) ) ;
#8556 = ORIENTED_EDGE ( 'NONE', *, *, #5844, .T. ) ;
#8557 = ORIENTED_EDGE ( 'NONE', *, *, #6030, .F. ) ;
#8558 = LINE ( 'NONE', #2842, #1086 ) ;
#8559 = VECTOR ( 'NONE', #5261, 1000.000000000000000 ) ;
#8560 = ORIENTED_EDGE ( 'NONE', *, *, #7153, .F. ) ;
#8561 = VECTOR ( 'NONE', #6477, 1000.000000000000000 ) ;
#8562 = EDGE_CURVE ( 'NONE', #7397, #6625, #7882, .T. ) ;
#8563 = FACE_OUTER_BOUND ( 'NONE', #1048, .T. ) ;
#8564 = EDGE_CURVE ( 'NONE', #1973, #4541, #2740, .T. ) ;
#8565 = FACE_OUTER_BOUND ( 'NONE', #453, .T. ) ;
#8566 = DIRECTION ( 'NONE',  ( -1.000000000000000000, -0.000000000000000000, -0.000000000000000000 ) ) ;
#8567 = ORIENTED_EDGE ( 'NONE', *, *, #757, .T. ) ;
#8568 = CARTESIAN_POINT ( 'NONE',  ( 39.25000000000000000, 13.15429687500000355, 4.000000000000000000 ) ) ;
#8569 = ORIENTED_EDGE ( 'NONE', *, *, #2897, .F. ) ;
#8570 = AXIS2_PLACEMENT_3D ( 'NONE', #6201, #9066, #9256 ) ;
#8571 = CARTESIAN_POINT ( 'NONE',  ( -36.47847513588165214, 13.13641401289931210, 1.500000000000000444 ) ) ;
#8572 = EDGE_CURVE ( 'NONE', #1519, #1377, #8588, .T. ) ;
#8573 = VECTOR ( 'NONE', #434, 1000.000000000000000 ) ;
#8574 = CARTESIAN_POINT ( 'NONE',  ( 7.182117137899318493, 20.80448725967914925, 1.500000000000000444 ) ) ;
#8575 = ADVANCED_FACE ( 'NONE', ( #7745 ), #725, .F. ) ;
#8576 = CARTESIAN_POINT ( 'NONE',  ( -39.41788286210071135, 20.23277201088163224, 4.000000000000000000 ) ) ;
#8577 = ORIENTED_EDGE ( 'NONE', *, *, #7765, .T. ) ;
#8578 = CARTESIAN_POINT ( 'NONE',  ( -91.75000000000001421, 25.65429687500000355, 6.000000000000000000 ) ) ;
#8579 = ORIENTED_EDGE ( 'NONE', *, *, #1500, .F. ) ;
#8580 = FACE_OUTER_BOUND ( 'NONE', #9115, .T. ) ;
#8581 = VERTEX_POINT ( 'NONE', #2165 ) ;
#8582 = DIRECTION ( 'NONE',  ( 1.000000000000000000, -1.734723475976806709E-18, -0.000000000000000000 ) ) ;
#8583 = CARTESIAN_POINT ( 'NONE',  ( -36.41788286210069714, 13.48641401289930997, 0.5000000000000004441 ) ) ;
#8584 = CARTESIAN_POINT ( 'NONE',  ( 69.00000000000000000, 15.48641401289931174, 0.000000000000000000 ) ) ;
#8585 = CARTESIAN_POINT ( 'NONE',  ( -29.63205139908946606, 15.82588747792824968, 2.801754586982685868 ) ) ;
#8586 = ORIENTED_EDGE ( 'NONE', *, *, #5986, .T. ) ;
#8587 = DIRECTION ( 'NONE',  ( -0.7071067811865479058, -0.7071067811865471286, 0.000000000000000000 ) ) ;
#8588 = LINE ( 'NONE', #5636, #7912 ) ;
#8589 = VERTEX_POINT ( 'NONE', #1429 ) ;
#8590 = LINE ( 'NONE', #2167, #338 ) ;
#8591 = ORIENTED_EDGE ( 'NONE', *, *, #2661, .F. ) ;
#8592 = DIRECTION ( 'NONE',  ( 0.000000000000000000, 0.000000000000000000, -1.000000000000000000 ) ) ;
#8593 = LINE ( 'NONE', #4980, #8651 ) ;
#8594 = EDGE_CURVE ( 'NONE', #7664, #287, #8954, .T. ) ;
#8595 = DIRECTION ( 'NONE',  ( -6.938893903907222067E-15, 1.000000000000000000, 0.000000000000000000 ) ) ;
#8596 = EDGE_LOOP ( 'NONE', ( #5745, #493, #3794, #6978, #3094, #4188 ) ) ;
#8597 = ORIENTED_EDGE ( 'NONE', *, *, #232, .F. ) ;
#8598 = DIRECTION ( 'NONE',  ( 0.000000000000000000, 1.000000000000000000, 0.000000000000000000 ) ) ;
#8599 = EDGE_CURVE ( 'NONE', #2393, #4978, #1344, .T. ) ;
#8600 = CARTESIAN_POINT ( 'NONE',  ( -91.75000000000001421, 22.40429687500000711, 1.000000000000000000 ) ) ;
#8601 = EDGE_CURVE ( 'NONE', #4974, #337, #3571, .T. ) ;
#8602 = ORIENTED_EDGE ( 'NONE', *, *, #1349, .F. ) ;
#8603 = DIRECTION ( 'NONE',  ( -0.000000000000000000, -0.000000000000000000, -1.000000000000000000 ) ) ;
#8604 = LINE ( 'NONE', #4379, #6518 ) ;
#8605 = LINE ( 'NONE', #5698, #8829 ) ;
#8606 = ORIENTED_EDGE ( 'NONE', *, *, #2240, .T. ) ;
#8607 = DIRECTION ( 'NONE',  ( -1.000000000000000000, -6.546126324440781637E-16, 0.000000000000000000 ) ) ;
#8608 = VERTEX_POINT ( 'NONE', #2033 ) ;
#8609 = DIRECTION ( 'NONE',  ( -0.000000000000000000, -0.000000000000000000, 1.000000000000000000 ) ) ;
#8610 = EDGE_CURVE ( 'NONE', #3693, #6570, #2603, .T. ) ;
#8611 = CIRCLE ( 'NONE', #6650, 0.5000000000000000000 ) ;
#8612 = DIRECTION ( 'NONE',  ( -0.5773502691896323924, -0.5773502691896323924, 0.5773502691896122974 ) ) ;
#8613 = CARTESIAN_POINT ( 'NONE',  ( 29.58211713789928154, 20.23277201088163224, 3.745075751779462170 ) ) ;
#8614 = AXIS2_PLACEMENT_3D ( 'NONE', #188, #7438, #1035 ) ;
#8615 = ORIENTED_EDGE ( 'NONE', *, *, #4630, .F. ) ;
#8616 = VECTOR ( 'NONE', #391, 1000.000000000000000 ) ;
#8617 = LINE ( 'NONE', #1600, #7302 ) ;
#8618 = EDGE_CURVE ( 'NONE', #9264, #4192, #634, .T. ) ;
#8619 = ADVANCED_FACE ( 'NONE', ( #4131 ), #3481, .F. ) ;
#8620 = CARTESIAN_POINT ( 'NONE',  ( -82.49635799798232938, 13.15429687499998934, 1.500000000000000444 ) ) ;
#8621 = APPLICATION_PROTOCOL_DEFINITION ( 'international standard', 'config_control_design', 1994, #8140 ) ;
#8622 = CARTESIAN_POINT ( 'NONE',  ( -59.41788286210069714, 22.78641401289931778, 0.5000000000000004441 ) ) ;
#8623 = VECTOR ( 'NONE', #883, 1000.000000000000000 ) ;
#8624 = VECTOR ( 'NONE', #7820, 1000.000000000000000 ) ;
#8625 = CARTESIAN_POINT ( 'NONE',  ( -6.382117137899323112, 18.16277201088163196, 3.250000000000000444 ) ) ;
#8626 = FACE_OUTER_BOUND ( 'NONE', #7602, .T. ) ;
#8627 = MANIFOLD_SOLID_BREP ( 'Cut-Extrude16', #2719 ) ;
#8628 = CARTESIAN_POINT ( 'NONE',  ( 36.67847513588159813, 13.13641401289931210, 6.000000000000000000 ) ) ;
#8629 = ORIENTED_EDGE ( 'NONE', *, *, #6638, .F. ) ;
#8630 = CARTESIAN_POINT ( 'NONE',  ( 9.521524864118349640, 13.13641401289931210, 1.500000000000000444 ) ) ;
#8631 = EDGE_LOOP ( 'NONE', ( #7159, #6989, #6861, #8979 ) ) ;
#8632 = VECTOR ( 'NONE', #3635, 1000.000000000000000 ) ;
#8633 = DIRECTION ( 'NONE',  ( -1.000000000000000000, -0.000000000000000000, -0.000000000000000000 ) ) ;
#8634 = VERTEX_POINT ( 'NONE', #5247 ) ;
#8635 = PLANE ( 'NONE',  #2440 ) ;
#8636 = VERTEX_POINT ( 'NONE', #5952 ) ;
#8637 = CIRCLE ( 'NONE', #5642, 0.5000000000000000000 ) ;
#8638 = LINE ( 'NONE', #2219, #8561 ) ;
#8639 = LINE ( 'NONE', #3532, #2216 ) ;
#8640 = DIRECTION ( 'NONE',  ( 0.000000000000000000, 0.000000000000000000, 1.000000000000000000 ) ) ;
#8641 = ORIENTED_EDGE ( 'NONE', *, *, #4923, .T. ) ;
#8642 = CYLINDRICAL_SURFACE ( 'NONE', #289, 0.5000000000000004441 ) ;
#8643 = ORIENTED_EDGE ( 'NONE', *, *, #8079, .T. ) ;
#8644 = ORIENTED_EDGE ( 'NONE', *, *, #4344, .T. ) ;
#8645 = DIRECTION ( 'NONE',  ( 0.000000000000000000, -0.000000000000000000, 1.000000000000000000 ) ) ;
#8646 = DIRECTION ( 'NONE',  ( 1.000000000000000000, 0.000000000000000000, -0.000000000000000000 ) ) ;
#8647 = CARTESIAN_POINT ( 'NONE',  ( -9.417882862100670494, 13.48641401289931174, 0.5000000000000004441 ) ) ;
#8648 = ORIENTED_EDGE ( 'NONE', *, *, #4871, .T. ) ;
#8649 = EDGE_CURVE ( 'NONE', #502, #693, #5065, .T. ) ;
#8650 = VECTOR ( 'NONE', #478, 1000.000000000000000 ) ;
#8651 = VECTOR ( 'NONE', #2879, 1000.000000000000000 ) ;
#8652 = CARTESIAN_POINT ( 'NONE',  ( 92.00000000000000000, 0.000000000000000000, 0.5000000000000004441 ) ) ;
#8653 = LINE ( 'NONE', #2140, #7723 ) ;
#8654 = EDGE_CURVE ( 'NONE', #4953, #6126, #7156, .T. ) ;
#8655 = LINE ( 'NONE', #4424, #8989 ) ;
#8656 = VERTEX_POINT ( 'NONE', #7364 ) ;
#8657 = DIRECTION ( 'NONE',  ( 0.000000000000000000, 0.000000000000000000, 1.000000000000000000 ) ) ;
#8658 = VERTEX_POINT ( 'NONE', #7926 ) ;
#8659 = LINE ( 'NONE', #2896, #4650 ) ;
#8660 = VERTEX_POINT ( 'NONE', #5200 ) ;
#8661 = VECTOR ( 'NONE', #2408, 1000.000000000000000 ) ;
#8662 = CARTESIAN_POINT ( 'NONE',  ( 31.93211713789931139, 20.78641401289931423, -2.999999999999999112 ) ) ;
#8663 = EDGE_CURVE ( 'NONE', #572, #5430, #5907, .T. ) ;
#8664 = LINE ( 'NONE', #92, #3377 ) ;
#8665 = VECTOR ( 'NONE', #2224, 1000.000000000000000 ) ;
#8666 = EDGE_CURVE ( 'NONE', #6854, #8357, #5816, .T. ) ;
#8667 = CARTESIAN_POINT ( 'NONE',  ( 9.582117137899304637, 22.78641401289931778, 0.5000000000000004441 ) ) ;
#8668 = ORIENTED_EDGE ( 'NONE', *, *, #1908, .T. ) ;
#8669 = DIRECTION ( 'NONE',  ( -0.000000000000000000, -0.000000000000000000, 1.000000000000000000 ) ) ;
#8670 = VERTEX_POINT ( 'NONE', #5862 ) ;
#8671 = VECTOR ( 'NONE', #1341, 1000.000000000000000 ) ;
#8672 = APPROVAL_ROLE ( '' ) ;
#8673 = DIRECTION ( 'NONE',  ( -0.000000000000000000, -0.000000000000000000, 1.000000000000000000 ) ) ;
#8674 = DIRECTION ( 'NONE',  ( -0.000000000000000000, -0.000000000000000000, 1.000000000000000000 ) ) ;
#8675 = ADVANCED_FACE ( 'NONE', ( #5154 ), #3706, .F. ) ;
#8676 = EDGE_CURVE ( 'NONE', #2019, #4800, #205, .T. ) ;
#8677 = DIRECTION ( 'NONE',  ( -1.000000000000000000, -6.546126324440781637E-16, 0.000000000000000000 ) ) ;
#8678 = EDGE_LOOP ( 'NONE', ( #7172, #7059, #4646, #6536 ) ) ;
#8679 = DIRECTION ( 'NONE',  ( -0.000000000000000000, -0.000000000000000000, 1.000000000000000000 ) ) ;
#8680 = ORIENTED_EDGE ( 'NONE', *, *, #4764, .T. ) ;
#8681 = DIRECTION ( 'NONE',  ( 0.000000000000000000, 1.000000000000000000, 0.000000000000000000 ) ) ;
#8682 = ORIENTED_EDGE ( 'NONE', *, *, #1923, .F. ) ;
#8683 = DIRECTION ( 'NONE',  ( 4.336808689941999001E-16, -1.000000000000000000, 0.000000000000000000 ) ) ;
#8684 = VECTOR ( 'NONE', #3259, 1000.000000000000000 ) ;
#8685 = VERTEX_POINT ( 'NONE', #3752 ) ;
#8686 = EDGE_CURVE ( 'NONE', #4186, #4447, #4448, .T. ) ;
#8687 = CARTESIAN_POINT ( 'NONE',  ( -91.75000000000001421, 25.65429687500000355, 6.000000000000000000 ) ) ;
#8688 = CARTESIAN_POINT ( 'NONE',  ( 39.25000000000000000, 13.15429687500000355, 4.000000000000000000 ) ) ;
#8689 = CYLINDRICAL_SURFACE ( 'NONE', #4639, 0.2500000000000000000 ) ;
#8690 = VERTEX_POINT ( 'NONE', #8113 ) ;
#8691 = LINE ( 'NONE', #8824, #1194 ) ;
#8692 = EDGE_LOOP ( 'NONE', ( #3249, #3528, #8962, #7566 ) ) ;
#8693 = VERTEX_POINT ( 'NONE', #1518 ) ;
#8694 = VECTOR ( 'NONE', #2866, 1000.000000000000000 ) ;
#8695 = CARTESIAN_POINT ( 'NONE',  ( -36.47847513588165214, 13.13641401289931210, 1.500000000000000444 ) ) ;
#8696 = CARTESIAN_POINT ( 'NONE',  ( -14.06788286210067263, 20.78641401289931423, -2.999999999999999112 ) ) ;
#8697 = ORIENTED_EDGE ( 'NONE', *, *, #4181, .T. ) ;
#8698 = DIRECTION ( 'NONE',  ( 0.000000000000000000, 0.000000000000000000, -1.000000000000000000 ) ) ;
#8699 = CARTESIAN_POINT ( 'NONE',  ( -36.41788286210069714, 13.48641401289930997, 1.500000000000000444 ) ) ;
#8700 = DIRECTION ( 'NONE',  ( 0.000000000000000000, 0.000000000000000000, -1.000000000000000000 ) ) ;
#8701 = ORIENTED_EDGE ( 'NONE', *, *, #8739, .T. ) ;
#8702 = DIRECTION ( 'NONE',  ( 1.000000000000000000, 0.000000000000000000, 0.000000000000000000 ) ) ;
#8703 = ORIENTED_EDGE ( 'NONE', *, *, #6486, .T. ) ;
#8704 = DIRECTION ( 'NONE',  ( 1.000000000000000000, 0.000000000000000000, 0.000000000000000000 ) ) ;
#8705 = ORIENTED_EDGE ( 'NONE', *, *, #8715, .F. ) ;
#8706 = VECTOR ( 'NONE', #3948, 1000.000000000000000 ) ;
#8707 = VECTOR ( 'NONE', #5338, 1000.000000000000000 ) ;
#8708 = DIRECTION ( 'NONE',  ( -0.000000000000000000, -0.000000000000000000, 1.000000000000000000 ) ) ;
#8709 = CARTESIAN_POINT ( 'NONE',  ( -15.98788286210070275, 20.66277201088163551, 3.511255977444316390 ) ) ;
#8710 = VECTOR ( 'NONE', #6901, 1000.000000000000000 ) ;
#8711 = DIRECTION ( 'NONE',  ( -0.7071067811865466846, -0.7071067811865483499, 0.000000000000000000 ) ) ;
#8712 = EDGE_LOOP ( 'NONE', ( #6685, #5379 ) ) ;
#8713 = CARTESIAN_POINT ( 'NONE',  ( -36.49635799798235070, 23.15429687499999289, 1.500000000000000444 ) ) ;
#8714 = EDGE_LOOP ( 'NONE', ( #3661, #3100 ) ) ;
#8715 = EDGE_CURVE ( 'NONE', #2895, #8080, #7974, .T. ) ;
#8716 = EDGE_CURVE ( 'NONE', #615, #6767, #7221, .T. ) ;
#8717 = VECTOR ( 'NONE', #1684, 1000.000000000000000 ) ;
#8718 = PERSON_AND_ORGANIZATION_ROLE ( 'design_owner' ) ;
#8719 = CARTESIAN_POINT ( 'NONE',  ( 69.00000000000000000, 0.000000000000000000, 1.500000000000000444 ) ) ;
#8720 = LINE ( 'NONE', #2115, #1172 ) ;
#8721 = PLANE ( 'NONE',  #4114 ) ;
#8722 = ORIENTED_EDGE ( 'NONE', *, *, #237, .T. ) ;
#8723 = CIRCLE ( 'NONE', #654, 0.5000000000000000000 ) ;
#8724 = VERTEX_POINT ( 'NONE', #8064 ) ;
#8725 = LINE ( 'NONE', #2258, #9269 ) ;
#8726 = ORIENTED_EDGE ( 'NONE', *, *, #4958, .F. ) ;
#8727 = EDGE_CURVE ( 'NONE', #2063, #3403, #8725, .T. ) ;
#8728 = CARTESIAN_POINT ( 'NONE',  ( -6.382117137899323112, 20.23277201088161803, 2.754924248220536054 ) ) ;
#8729 = ORIENTED_EDGE ( 'NONE', *, *, #369, .F. ) ;
#8730 = DIRECTION ( 'NONE',  ( 0.000000000000000000, 1.000000000000000000, 0.000000000000000000 ) ) ;
#8731 = DIRECTION ( 'NONE',  ( 1.000000000000000000, 1.259073490628327444E-16, -0.000000000000000000 ) ) ;
#8732 = DIRECTION ( 'NONE',  ( 0.000000000000000000, -1.000000000000000000, 0.000000000000000000 ) ) ;
#8733 = ORIENTED_EDGE ( 'NONE', *, *, #5506, .T. ) ;
#8734 = FACE_OUTER_BOUND ( 'NONE', #817, .T. ) ;
#8735 = ORIENTED_EDGE ( 'NONE', *, *, #8498, .T. ) ;
#8736 = CARTESIAN_POINT ( 'NONE',  ( -59.41788286210069714, 15.48641401289931174, 0.5000000000000004441 ) ) ;
#8737 = CARTESIAN_POINT ( 'NONE',  ( 8.932117137899320269, 20.80448725967914925, 0.5000000000000004441 ) ) ;
#8738 = EDGE_CURVE ( 'NONE', #1358, #3051, #3052, .T. ) ;
#8739 = EDGE_CURVE ( 'NONE', #278, #6700, #156, .T. ) ;
#8740 = CARTESIAN_POINT ( 'NONE',  ( -6.382117137899323112, 16.07582173911838197, 1.500000000000000444 ) ) ;
#8741 = VERTEX_POINT ( 'NONE', #1001 ) ;
#8742 = DIRECTION ( 'NONE',  ( -0.000000000000000000, -0.000000000000000000, 1.000000000000000000 ) ) ;
#8743 = DIRECTION ( 'NONE',  ( 1.000000000000000000, -1.734723475976806709E-18, -0.000000000000000000 ) ) ;
#8744 = CARTESIAN_POINT ( 'NONE',  ( -83.06788286210067440, 20.78641401289931423, -2.999999999999999112 ) ) ;
#8745 = ORIENTED_EDGE ( 'NONE', *, *, #4935, .T. ) ;
#8746 = LINE ( 'NONE', #1027, #3668 ) ;
#8747 = VERTEX_POINT ( 'NONE', #955 ) ;
#8748 = ORIENTED_EDGE ( 'NONE', *, *, #3869, .T. ) ;
#8749 = LINE ( 'NONE', #7997, #5400 ) ;
#8750 = EDGE_LOOP ( 'NONE', ( #3768, #3013, #3617, #5979 ) ) ;
#8751 = CARTESIAN_POINT ( 'NONE',  ( -39.41788286210071135, 18.16277201088163196, 3.250000000000000444 ) ) ;
#8752 =( BOUNDED_CURVE ( )  B_SPLINE_CURVE ( 3, ( #4374, #3670, #6527, #2974 ),
 .UNSPECIFIED., .F., .F. ) 
 B_SPLINE_CURVE_WITH_KNOTS ( ( 4, 4 ),
 ( 1.745585516796728243, 3.141592653589793116 ),
 .UNSPECIFIED. ) 
 CURVE ( )  GEOMETRIC_REPRESENTATION_ITEM ( )  RATIONAL_B_SPLINE_CURVE ( ( 1.000000000000000000, 0.8440845325001451460, 0.8440845325001451460, 1.000000000000000000 ) ) 
 REPRESENTATION_ITEM ( '' )  );
#8753 = DIRECTION ( 'NONE',  ( 1.000000000000000000, 6.938893903907222067E-15, 0.000000000000000000 ) ) ;
#8754 = FACE_OUTER_BOUND ( 'NONE', #308, .T. ) ;
#8755 = VERTEX_POINT ( 'NONE', #8013 ) ;
#8756 = CARTESIAN_POINT ( 'NONE',  ( -91.75000000000000000, 10.65429687500000355, 5.000000000000000888 ) ) ;
#8757 = ORIENTED_EDGE ( 'NONE', *, *, #1752, .F. ) ;
#8758 = AXIS2_PLACEMENT_3D ( 'NONE', #6263, #2574, #9184 ) ;
#8759 = DIRECTION ( 'NONE',  ( 0.000000000000000000, 0.000000000000000000, 1.000000000000000000 ) ) ;
#8760 = FACE_OUTER_BOUND ( 'NONE', #5, .T. ) ;
#8761 = EDGE_CURVE ( 'NONE', #7526, #2701, #2213, .T. ) ;
#8762 = CARTESIAN_POINT ( 'NONE',  ( 39.25000000000000000, 13.15429687500000355, 4.000000000000000000 ) ) ;
#8763 = VECTOR ( 'NONE', #5205, 1000.000000000000000 ) ;
#8764 = VERTEX_POINT ( 'NONE', #7264 ) ;
#8765 = EDGE_CURVE ( 'NONE', #7091, #3839, #2959, .T. ) ;
#8766 = CARTESIAN_POINT ( 'NONE',  ( 39.25000000000000000, 23.15429687500000000, 4.000000000000000000 ) ) ;
#8767 = EDGE_LOOP ( 'NONE', ( #8087, #4133, #5897, #3926 ) ) ;
#8768 = DIRECTION ( 'NONE',  ( 0.7071067811865479058, 0.7071067811865471286, 0.000000000000000000 ) ) ;
#8769 = ORIENTED_EDGE ( 'NONE', *, *, #8538, .F. ) ;
#8770 = AXIS2_PLACEMENT_3D ( 'NONE', #9038, #1175, #8427 ) ;
#8771 = VECTOR ( 'NONE', #148, 1000.000000000000000 ) ;
#8772 = DIRECTION ( 'NONE',  ( -0.000000000000000000, -0.000000000000000000, 1.000000000000000000 ) ) ;
#8773 = CARTESIAN_POINT ( 'NONE',  ( -84.81788286210067440, 15.48641401289931174, 0.5000000000000004441 ) ) ;
#8774 = CARTESIAN_POINT ( 'NONE',  ( -37.06788286210068151, 15.48641401289931174, 0.5000000000000004441 ) ) ;
#8775 = DIRECTION ( 'NONE',  ( 0.7071067811865466846, 0.7071067811865483499, 0.000000000000000000 ) ) ;
#8776 = ADVANCED_FACE ( 'NONE', ( #6511 ), #1566, .F. ) ;
#8777 = VECTOR ( 'NONE', #36, 1000.000000000000000 ) ;
#8778 = PLANE ( 'NONE',  #4791 ) ;
#8779 = ORIENTED_EDGE ( 'NONE', *, *, #7675, .T. ) ;
#8780 = DIRECTION ( 'NONE',  ( 1.000000000000000000, -1.734723475976806709E-18, -0.000000000000000000 ) ) ;
#8781 = EDGE_LOOP ( 'NONE', ( #2233, #4648, #8795, #1040 ) ) ;
#8782 = ORIENTED_EDGE ( 'NONE', *, *, #7340, .F. ) ;
#8783 = LINE ( 'NONE', #4372, #136 ) ;
#8784 = CARTESIAN_POINT ( 'NONE',  ( -59.41788286210069714, 15.48641401289931174, 0.5000000000000004441 ) ) ;
#8785 = VECTOR ( 'NONE', #8883, 1000.000000000000000 ) ;
#8786 = ORIENTED_EDGE ( 'NONE', *, *, #1460, .T. ) ;
#8787 = LINE ( 'NONE', #8180, #3098 ) ;
#8788 = DIRECTION ( 'NONE',  ( 1.000000000000000000, -1.734723475976806709E-18, -0.000000000000000000 ) ) ;
#8789 = EDGE_CURVE ( 'NONE', #3403, #7444, #3147, .T. ) ;
#8790 = CARTESIAN_POINT ( 'NONE',  ( -82.41788286210069714, 22.78641401289931778, 0.5000000000000004441 ) ) ;
#8791 = EDGE_LOOP ( 'NONE', ( #7102, #3074, #999, #2111, #1107, #9005 ) ) ;
#8792 = ADVANCED_FACE ( 'NONE', ( #6744 ), #8159, .F. ) ;
#8793 = CARTESIAN_POINT ( 'NONE',  ( -59.41788286210069714, 15.48641401289931174, 0.5000000000000004441 ) ) ;
#8794 = ORIENTED_EDGE ( 'NONE', *, *, #329, .T. ) ;
#8795 = ORIENTED_EDGE ( 'NONE', *, *, #7412, .F. ) ;
#8796 = ORIENTED_EDGE ( 'NONE', *, *, #3637, .F. ) ;
#8797 = AXIS2_PLACEMENT_3D ( 'NONE', #1975, #4, #2108 ) ;
#8798 = CARTESIAN_POINT ( 'NONE',  ( -54.76788286210067724, 15.48641401289931174, 1.500000000000000444 ) ) ;
#8799 = DIRECTION ( 'NONE',  ( 1.000000000000000000, 4.336808689941999001E-16, 0.000000000000000000 ) ) ;
#8800 = CARTESIAN_POINT ( 'NONE',  ( -6.382117137899323112, 18.66277201088163196, 3.250000000000000444 ) ) ;
#8801 = LINE ( 'NONE', #3224, #347 ) ;
#8802 = EDGE_CURVE ( 'NONE', #4555, #6792, #4808, .T. ) ;
#8803 = EDGE_LOOP ( 'NONE', ( #4272, #3201, #6571, #2780, #3523 ) ) ;
#8804 = AXIS2_PLACEMENT_3D ( 'NONE', #6572, #7327, #8879 ) ;
#8805 = CARTESIAN_POINT ( 'NONE',  ( 38.98211713789931565, 15.50448725967914143, 0.5000000000000004441 ) ) ;
#8806 = VERTEX_POINT ( 'NONE', #2748 ) ;
#8807 = DIRECTION ( 'NONE',  ( 1.000000000000000000, 0.000000000000000000, 0.000000000000000000 ) ) ;
#8808 =( BOUNDED_CURVE ( )  B_SPLINE_CURVE ( 3, ( #99, #6368, #717, #1422 ),
 .UNSPECIFIED., .F., .F. ) 
 B_SPLINE_CURVE_WITH_KNOTS ( ( 4, 4 ),
 ( 3.141592653589793116, 4.712388980384689674 ),
 .UNSPECIFIED. ) 
 CURVE ( )  GEOMETRIC_REPRESENTATION_ITEM ( )  RATIONAL_B_SPLINE_CURVE ( ( 1.000000000000000000, 0.8047378541243649375, 0.8047378541243649375, 1.000000000000000000 ) ) 
 REPRESENTATION_ITEM ( '' )  );
#8809 = AXIS2_PLACEMENT_3D ( 'NONE', #4037, #6754, #8975 ) ;
#8810 = LINE ( 'NONE', #5286, #6371 ) ;
#8811 = CARTESIAN_POINT ( 'NONE',  ( -91.34999999999998010, -8.451572774959004164E-14, 0.000000000000000000 ) ) ;
#8812 = ORIENTED_EDGE ( 'NONE', *, *, #6460, .F. ) ;
#8813 = ORIENTED_EDGE ( 'NONE', *, *, #929, .T. ) ;
#8814 = VECTOR ( 'NONE', #3016, 1000.000000000000000 ) ;
#8815 = CARTESIAN_POINT ( 'NONE',  ( 29.58211713789928154, 16.07582173911837486, 1.500000000000000444 ) ) ;
#8816 = EDGE_CURVE ( 'NONE', #3308, #3546, #645, .T. ) ;
#8817 = ORIENTED_EDGE ( 'NONE', *, *, #5240, .F. ) ;
#8818 = CARTESIAN_POINT ( 'NONE',  ( -83.06788286210067440, 20.78641401289931423, 0.000000000000000000 ) ) ;
#8819 = DIRECTION ( 'NONE',  ( 0.000000000000000000, 0.000000000000000000, 1.000000000000000000 ) ) ;
#8820 = DIRECTION ( 'NONE',  ( 1.000000000000000000, -0.000000000000000000, 0.000000000000000000 ) ) ;
#8821 = LINE ( 'NONE', #8688, #437 ) ;
#8822 = LINE ( 'NONE', #8216, #5544 ) ;
#8823 = EDGE_LOOP ( 'NONE', ( #1976, #1722, #7868, #7220 ) ) ;
#8824 = CARTESIAN_POINT ( 'NONE',  ( -55.41788286210067582, 20.78641401289931778, 0.5000000000000004441 ) ) ;
#8825 = ORIENTED_EDGE ( 'NONE', *, *, #3888, .T. ) ;
#8826 = ORIENTED_EDGE ( 'NONE', *, *, #3841, .T. ) ;
#8827 = CARTESIAN_POINT ( 'NONE',  ( -39.41788286210071135, 16.07582173911837486, 2.757618389620108523 ) ) ;
#8828 = LINE ( 'NONE', #2410, #6905 ) ;
#8829 = VECTOR ( 'NONE', #7900, 1000.000000000000000 ) ;
#8830 = LINE ( 'NONE', #1020, #4967 ) ;
#8831 = EDGE_CURVE ( 'NONE', #3954, #23, #5165, .T. ) ;
#8832 = EDGE_CURVE ( 'NONE', #2651, #7032, #5965, .T. ) ;
#8833 = ORIENTED_EDGE ( 'NONE', *, *, #7241, .T. ) ;
#8834 = LINE ( 'NONE', #315, #8785 ) ;
#8835 = CARTESIAN_POINT ( 'NONE',  ( -16.00483313386397199, 15.66277201088163373, 3.250000000000000444 ) ) ;
#8836 = AXIS2_PLACEMENT_3D ( 'NONE', #8071, #7415, #2452 ) ;
#8837 = CARTESIAN_POINT ( 'NONE',  ( 36.67847513588159813, 13.13641401289931210, 6.000000000000000000 ) ) ;
#8838 = ORIENTED_EDGE ( 'NONE', *, *, #8101, .T. ) ;
#8839 = LINE ( 'NONE', #1633, #5319 ) ;
#8840 = ORIENTED_EDGE ( 'NONE', *, *, #7856, .F. ) ;
#8841 = VERTEX_POINT ( 'NONE', #7373 ) ;
#8842 = CARTESIAN_POINT ( 'NONE',  ( -13.47847513588162904, 23.17217973710070567, 6.000000000000000000 ) ) ;
#8843 = VERTEX_POINT ( 'NONE', #1013 ) ;
#8844 = EDGE_CURVE ( 'NONE', #1733, #1621, #8691, .T. ) ;
#8845 = AXIS2_PLACEMENT_3D ( 'NONE', #4190, #9077, #4898 ) ;
#8846 = DIRECTION ( 'NONE',  ( -6.938893903907222067E-15, 1.000000000000000000, 0.000000000000000000 ) ) ;
#8847 = ADVANCED_FACE ( 'NONE', ( #5779 ), #8026, .F. ) ;
#8848 = DIRECTION ( 'NONE',  ( 0.000000000000000000, 1.000000000000000000, 0.000000000000000000 ) ) ;
#8849 = CARTESIAN_POINT ( 'NONE',  ( 16.61788286210066801, 16.07582173911838197, 4.000000000000000000 ) ) ;
#8850 = DIRECTION ( 'NONE',  ( -0.7071067811865475727, -0.7071067811865475727, 0.000000000000000000 ) ) ;
#8851 = ORIENTED_EDGE ( 'NONE', *, *, #3467, .T. ) ;
#8852 = VECTOR ( 'NONE', #3510, 1000.000000000000000 ) ;
#8853 = DIRECTION ( 'NONE',  ( 0.7071067811865474617, -0.7071067811865474617, 0.000000000000000000 ) ) ;
#8854 = ORIENTED_EDGE ( 'NONE', *, *, #2472, .T. ) ;
#8855 = ORIENTED_EDGE ( 'NONE', *, *, #1625, .T. ) ;
#8856 = DIRECTION ( 'NONE',  ( -0.000000000000000000, -0.000000000000000000, 1.000000000000000000 ) ) ;
#8857 = ADVANCED_FACE ( 'NONE', ( #118 ), #8642, .F. ) ;
#8858 = ADVANCED_FACE ( 'NONE', ( #8734 ), #1711, .F. ) ;
#8859 = AXIS2_PLACEMENT_3D ( 'NONE', #5969, #4651, #5214 ) ;
#8860 = DIRECTION ( 'NONE',  ( -1.000000000000000000, -1.119176436114068839E-16, 0.000000000000000000 ) ) ;
#8861 = VECTOR ( 'NONE', #5685, 1000.000000000000000 ) ;
#8862 = CARTESIAN_POINT ( 'NONE',  ( -38.81788286210068151, 20.80448725967914925, 0.5000000000000004441 ) ) ;
#8863 = ORIENTED_EDGE ( 'NONE', *, *, #1044, .F. ) ;
#8864 = CARTESIAN_POINT ( 'NONE',  ( -16.41788286210070424, 16.07582173911837486, 3.742381610379890589 ) ) ;
#8865 = VERTEX_POINT ( 'NONE', #8073 ) ;
#8866 = FACE_OUTER_BOUND ( 'NONE', #2460, .T. ) ;
#8867 = AXIS2_PLACEMENT_3D ( 'NONE', #4606, #5307, #3254 ) ;
#8868 = ORIENTED_EDGE ( 'NONE', *, *, #4251, .T. ) ;
#8869 = CARTESIAN_POINT ( 'NONE',  ( 14.23211713789931920, 20.78641401289931778, 1.500000000000000444 ) ) ;
#8870 = DIRECTION ( 'NONE',  ( 0.000000000000000000, 1.000000000000000000, 0.000000000000000000 ) ) ;
#8871 = VECTOR ( 'NONE', #9151, 1000.000000000000000 ) ;
#8872 = DIRECTION ( 'NONE',  ( -0.000000000000000000, -0.000000000000000000, 1.000000000000000000 ) ) ;
#8873 = CARTESIAN_POINT ( 'NONE',  ( 6.995166866136020900, 15.66277201088163373, 2.996198623261645100 ) ) ;
#8874 = CARTESIAN_POINT ( 'NONE',  ( -84.75000000000001421, 22.40429687500000355, 1.000000000000000000 ) ) ;
#8875 = VERTEX_POINT ( 'NONE', #4459 ) ;
#8876 = CARTESIAN_POINT ( 'NONE',  ( 29.58211713789928154, 16.07582173911837486, 2.757618389620108967 ) ) ;
#8877 = ORIENTED_EDGE ( 'NONE', *, *, #3699, .T. ) ;
#8878 = ORIENTED_EDGE ( 'NONE', *, *, #438, .F. ) ;
#8879 = DIRECTION ( 'NONE',  ( 0.000000000000000000, 0.000000000000000000, -1.000000000000000000 ) ) ;
#8880 = DIRECTION ( 'NONE',  ( 0.000000000000000000, 0.000000000000000000, -1.000000000000000000 ) ) ;
#8881 = LINE ( 'NONE', #1670, #7363 ) ;
#8882 = EDGE_LOOP ( 'NONE', ( #8014, #1586, #7442, #1085, #2723, #8339 ) ) ;
#8883 = DIRECTION ( 'NONE',  ( -1.000000000000000000, -1.119176436114068839E-16, 0.000000000000000000 ) ) ;
#8884 = EDGE_CURVE ( 'NONE', #1621, #2516, #3716, .T. ) ;
#8885 = LINE ( 'NONE', #6718, #4883 ) ;
#8886 = PLANE ( 'NONE',  #7631 ) ;
#8887 = ORIENTED_EDGE ( 'NONE', *, *, #6423, .T. ) ;
#8888 = EDGE_CURVE ( 'NONE', #4881, #7382, #2360, .T. ) ;
#8889 = LINE ( 'NONE', #8184, #5168 ) ;
#8890 = EDGE_CURVE ( 'NONE', #8233, #2914, #1664, .T. ) ;
#8891 = ORIENTED_EDGE ( 'NONE', *, *, #2617, .F. ) ;
#8892 = ORIENTED_EDGE ( 'NONE', *, *, #1471, .T. ) ;
#8893 = EDGE_CURVE ( 'NONE', #5430, #5819, #7983, .T. ) ;
#8894 = LINE ( 'NONE', #4616, #1521 ) ;
#8895 = DIRECTION ( 'NONE',  ( 0.7071067811865474617, -0.7071067811865474617, 0.000000000000000000 ) ) ;
#8896 = DIRECTION ( 'NONE',  ( 0.000000000000000000, 0.000000000000000000, -1.000000000000000000 ) ) ;
#8897 = DIRECTION ( 'NONE',  ( 0.000000000000000000, 1.000000000000000000, 0.000000000000000000 ) ) ;
#8898 = DIRECTION ( 'NONE',  ( 1.000000000000000000, 0.000000000000000000, 0.000000000000000000 ) ) ;
#8899 = CARTESIAN_POINT ( 'NONE',  ( -55.30364200201770331, 13.15429687499999467, 6.000000000000000000 ) ) ;
#8900 = ORIENTED_EDGE ( 'NONE', *, *, #8890, .T. ) ;
#8901 = EDGE_CURVE ( 'NONE', #819, #2390, #695, .T. ) ;
#8902 = DIRECTION ( 'NONE',  ( -0.000000000000000000, -0.000000000000000000, 1.000000000000000000 ) ) ;
#8903 = EDGE_LOOP ( 'NONE', ( #6002, #1999, #7326, #2573, #3775, #7240, #5272, #6039, #889, #7931, #5032, #1487, #6779, #1748, #7590, #9067 ) ) ;
#8904 = EDGE_LOOP ( 'NONE', ( #2811, #7822, #6344, #4530, #1436, #1829 ) ) ;
#8905 = PERSON_AND_ORGANIZATION ( #8110, #7771 ) ;
#8906 = LINE ( 'NONE', #5335, #3533 ) ;
#8907 = DIRECTION ( 'NONE',  ( 1.000000000000000000, -0.000000000000000000, 0.000000000000000000 ) ) ;
#8908 = ORIENTED_EDGE ( 'NONE', *, *, #4842, .F. ) ;
#8909 = EDGE_CURVE ( 'NONE', #3865, #2127, #2971, .T. ) ;
#8910 = VECTOR ( 'NONE', #9275, 1000.000000000000000 ) ;
#8911 = ORIENTED_EDGE ( 'NONE', *, *, #7162, .F. ) ;
#8912 = EDGE_CURVE ( 'NONE', #3839, #7135, #4766, .T. ) ;
#8913 = FACE_OUTER_BOUND ( 'NONE', #8791, .T. ) ;
#8914 = ORIENTED_EDGE ( 'NONE', *, *, #3301, .F. ) ;
#8915 = DIRECTION ( 'NONE',  ( -0.000000000000000000, 1.000000000000000000, -0.000000000000000000 ) ) ;
#8916 = VECTOR ( 'NONE', #6723, 1000.000000000000000 ) ;
#8917 = LINE ( 'NONE', #1658, #5472 ) ;
#8918 = CARTESIAN_POINT ( 'NONE',  ( -13.49635799798231872, 13.15429687499999289, 4.000000000000000000 ) ) ;
#8919 = DIRECTION ( 'NONE',  ( 0.7071067811865474617, -0.7071067811865474617, 0.000000000000000000 ) ) ;
#8920 = EDGE_LOOP ( 'NONE', ( #7594, #3644, #1499, #3753, #9183, #3544, #6781, #7037 ) ) ;
#8921 = EDGE_CURVE ( 'NONE', #6458, #9215, #1529, .T. ) ;
#8922 = CARTESIAN_POINT ( 'NONE',  ( -59.47847513588163793, 23.17217973710070567, 6.000000000000000000 ) ) ;
#8923 = AXIS2_PLACEMENT_3D ( 'NONE', #460, #8288, #510 ) ;
#8924 = VERTEX_POINT ( 'NONE', #1575 ) ;
#8925 = ORIENTED_EDGE ( 'NONE', *, *, #414, .F. ) ;
#8926 = VECTOR ( 'NONE', #3744, 1000.000000000000000 ) ;
#8927 = CARTESIAN_POINT ( 'NONE',  ( -52.81211713789934237, 20.66277201088163196, 3.250000000000000444 ) ) ;
#8928 = CARTESIAN_POINT ( 'NONE',  ( -53.01788286210067724, 20.78641401289931778, 0.5000000000000004441 ) ) ;
#8929 = LINE ( 'NONE', #1764, #5861 ) ;
#8930 = ORIENTED_EDGE ( 'NONE', *, *, #232, .T. ) ;
#8931 = VECTOR ( 'NONE', #5655, 1000.000000000000000 ) ;
#8932 = VECTOR ( 'NONE', #795, 1000.000000000000000 ) ;
#8933 = LINE ( 'NONE', #3906, #5341 ) ;
#8934 = CARTESIAN_POINT ( 'NONE',  ( -9.417882862100670494, 20.78641401289931778, 1.500000000000000444 ) ) ;
#8935 = LINE ( 'NONE', #5268, #5237 ) ;
#8936 = ORIENTED_EDGE ( 'NONE', *, *, #2241, .T. ) ;
#8937 = LINE ( 'NONE', #2328, #698 ) ;
#8938 = VERTEX_POINT ( 'NONE', #259 ) ;
#8939 = ORIENTED_EDGE ( 'NONE', *, *, #3044, .T. ) ;
#8940 = FACE_OUTER_BOUND ( 'NONE', #5413, .T. ) ;
#8941 = AXIS2_PLACEMENT_3D ( 'NONE', #6349, #5695, #3451 ) ;
#8942 = EDGE_CURVE ( 'NONE', #9050, #4495, #4368, .T. ) ;
#8943 = CYLINDRICAL_SURFACE ( 'NONE', #1103, 0.5000000000000004441 ) ;
#8944 = DIRECTION ( 'NONE',  ( 0.000000000000000000, 0.000000000000000000, 1.000000000000000000 ) ) ;
#8945 = LINE ( 'NONE', #3826, #1302 ) ;
#8946 = VECTOR ( 'NONE', #9196, 1000.000000000000000 ) ;
#8947 = DIRECTION ( 'NONE',  ( -6.938893903907222067E-15, 1.000000000000000000, 0.000000000000000000 ) ) ;
#8948 = DIRECTION ( 'NONE',  ( 0.000000000000000000, 0.000000000000000000, -1.000000000000000000 ) ) ;
#8949 = ORIENTED_EDGE ( 'NONE', *, *, #2355, .F. ) ;
#8950 = CARTESIAN_POINT ( 'NONE',  ( 39.25000000000000000, 13.15429687500000355, 4.000000000000000000 ) ) ;
#8951 = ORIENTED_EDGE ( 'NONE', *, *, #6540, .F. ) ;
#8952 = ORIENTED_EDGE ( 'NONE', *, *, #9240, .T. ) ;
#8953 = DESIGN_CONTEXT ( 'detailed design', #8140, 'design' ) ;
#8954 =( BOUNDED_CURVE ( )  B_SPLINE_CURVE ( 3, ( #7081, #6990, #7171, #1477 ),
 .UNSPECIFIED., .F., .F. ) 
 B_SPLINE_CURVE_WITH_KNOTS ( ( 4, 4 ),
 ( 3.141592653589793116, 4.571927565674846150 ),
 .UNSPECIFIED. ) 
 CURVE ( )  GEOMETRIC_REPRESENTATION_ITEM ( )  RATIONAL_B_SPLINE_CURVE ( ( 1.000000000000000000, 0.8366556290180471311, 0.8366556290180471311, 1.000000000000000000 ) ) 
 REPRESENTATION_ITEM ( '' )  );
#8955 = EDGE_CURVE ( 'NONE', #2598, #8245, #6524, .T. ) ;
#8956 = EDGE_CURVE ( 'NONE', #401, #3605, #3020, .T. ) ;
#8957 = CARTESIAN_POINT ( 'NONE',  ( -37.06788286210068151, 15.48641401289931174, 1.500000000000000444 ) ) ;
#8958 = FACE_OUTER_BOUND ( 'NONE', #30, .T. ) ;
#8959 = AXIS2_PLACEMENT_3D ( 'NONE', #1070, #6623, #2632 ) ;
#8960 = VERTEX_POINT ( 'NONE', #8876 ) ;
#8961 = PLANE ( 'NONE',  #336 ) ;
#8962 = ORIENTED_EDGE ( 'NONE', *, *, #4767, .F. ) ;
#8963 = CARTESIAN_POINT ( 'NONE',  ( -36.41788286210069714, 20.78641401289931778, 0.5000000000000004441 ) ) ;
#8964 = ORIENTED_EDGE ( 'NONE', *, *, #5201, .F. ) ;
#8965 = AXIS2_PLACEMENT_3D ( 'NONE', #774, #8409, #7788 ) ;
#8966 = CARTESIAN_POINT ( 'NONE',  ( -32.41788286210067582, 20.78641401289931778, 1.500000000000000444 ) ) ;
#8967 = ADVANCED_FACE ( 'NONE', ( #3202 ), #4739, .F. ) ;
#8968 = CARTESIAN_POINT ( 'NONE',  ( -84.75000000000001421, 15.48641401289931174, 1.500000000000000444 ) ) ;
#8969 = EDGE_CURVE ( 'NONE', #6485, #3443, #7554, .T. ) ;
#8970 = CIRCLE ( 'NONE', #3277, 0.5000000000000000000 ) ;
#8971 = LINE ( 'NONE', #6192, #7356 ) ;
#8972 = DIRECTION ( 'NONE',  ( 0.000000000000000000, 1.000000000000000000, 0.000000000000000000 ) ) ;
#8973 = VECTOR ( 'NONE', #1619, 1000.000000000000000 ) ;
#8974 = DIRECTION ( 'NONE',  ( 0.000000000000000000, -1.000000000000000000, 0.000000000000000000 ) ) ;
#8975 = DIRECTION ( 'NONE',  ( 9.251858538542971828E-16, -1.000000000000000000, 0.000000000000000000 ) ) ;
#8976 = ORIENTED_EDGE ( 'NONE', *, *, #7879, .F. ) ;
#8977 = DIRECTION ( 'NONE',  ( -0.7071067811865474617, 0.7071067811865474617, 0.000000000000000000 ) ) ;
#8978 = DIRECTION ( 'NONE',  ( 0.000000000000000000, -1.000000000000000000, 0.000000000000000000 ) ) ;
#8979 = ORIENTED_EDGE ( 'NONE', *, *, #1611, .T. ) ;
#8980 = EDGE_CURVE ( 'NONE', #4612, #9124, #441, .T. ) ;
#8981 = CARTESIAN_POINT ( 'NONE',  ( -6.382117137899323112, 16.07582173911838197, 4.000000000000000000 ) ) ;
#8982 = FACE_OUTER_BOUND ( 'NONE', #4174, .T. ) ;
#8983 = PLANE ( 'NONE',  #1066 ) ;
#8984 = VERTEX_POINT ( 'NONE', #4597 ) ;
#8985 = CARTESIAN_POINT ( 'NONE',  ( -61.81788286210068151, 20.80448725967914925, 0.5000000000000004441 ) ) ;
#8986 = VERTEX_POINT ( 'NONE', #3992 ) ;
#8987 = CARTESIAN_POINT ( 'NONE',  ( 39.25000000000000000, 15.70793887701771929, 3.457669979389231152 ) ) ;
#8988 = DIRECTION ( 'NONE',  ( 0.000000000000000000, -0.000000000000000000, -1.000000000000000000 ) ) ;
#8989 = VECTOR ( 'NONE', #3030, 1000.000000000000000 ) ;
#8990 = CARTESIAN_POINT ( 'NONE',  ( 6.582117137899287762, 18.66277201088163196, 3.250000000000000444 ) ) ;
#8991 = LINE ( 'NONE', #4147, #4120 ) ;
#8992 = EDGE_CURVE ( 'NONE', #702, #4510, #7513, .T. ) ;
#8993 = CARTESIAN_POINT ( 'NONE',  ( -37.06788286210068151, 20.78641401289931423, 0.000000000000000000 ) ) ;
#8994 = ORIENTED_EDGE ( 'NONE', *, *, #7761, .T. ) ;
#8995 = CARTESIAN_POINT ( 'NONE',  ( -39.41788286210071135, 18.66277201088163196, 3.250000000000000444 ) ) ;
#8996 = ORIENTED_EDGE ( 'NONE', *, *, #3854, .F. ) ;
#8997 = DIRECTION ( 'NONE',  ( -0.000000000000000000, -0.000000000000000000, 1.000000000000000000 ) ) ;
#8998 = ORIENTED_EDGE ( 'NONE', *, *, #3394, .F. ) ;
#8999 = EDGE_LOOP ( 'NONE', ( #8450, #3923, #5327, #5786, #3149 ) ) ;
#9000 = APPROVAL_ROLE ( '' ) ;
#9001 = DIRECTION ( 'NONE',  ( 0.000000000000000000, -0.7071067811865484609, -0.7071067811865466846 ) ) ;
#9002 = FACE_OUTER_BOUND ( 'NONE', #6886, .T. ) ;
#9003 = VECTOR ( 'NONE', #3959, 1000.000000000000000 ) ;
#9004 = ORIENTED_EDGE ( 'NONE', *, *, #2022, .F. ) ;
#9005 = ORIENTED_EDGE ( 'NONE', *, *, #8802, .F. ) ;
#9006 = DIRECTION ( 'NONE',  ( 0.000000000000000000, 1.000000000000000000, 0.000000000000000000 ) ) ;
#9007 = EDGE_CURVE ( 'NONE', #7090, #70, #6896, .T. ) ;
#9008 = EDGE_CURVE ( 'NONE', #769, #2749, #7466, .T. ) ;
#9009 = VERTEX_POINT ( 'NONE', #8311 ) ;
#9010 = VECTOR ( 'NONE', #6661, 1000.000000000000000 ) ;
#9011 = CARTESIAN_POINT ( 'NONE',  ( -14.06788286210067263, 20.78641401289931423, -2.999999999999999112 ) ) ;
#9012 = VECTOR ( 'NONE', #7549, 1000.000000000000000 ) ;
#9013 = LINE ( 'NONE', #6327, #1887 ) ;
#9014 = CARTESIAN_POINT ( 'NONE',  ( -76.01788286210067724, 15.50448725967914143, 0.5000000000000004441 ) ) ;
#9015 = DIRECTION ( 'NONE',  ( 9.251858538542971828E-16, -1.000000000000000000, 0.000000000000000000 ) ) ;
#9016 = AXIS2_PLACEMENT_3D ( 'NONE', #4451, #8683, #5114 ) ;
#9017 = CARTESIAN_POINT ( 'NONE',  ( 39.25000000000000000, 20.60065487298227893, 3.491368181578581531 ) ) ;
#9018 = VERTEX_POINT ( 'NONE', #5350 ) ;
#9019 = CARTESIAN_POINT ( 'NONE',  ( -83.06788286210067440, 15.48641401289931174, 0.000000000000000000 ) ) ;
#9020 = ORIENTED_EDGE ( 'NONE', *, *, #2382, .F. ) ;
#9021 = EDGE_CURVE ( 'NONE', #3979, #5404, #2503, .T. ) ;
#9022 = CARTESIAN_POINT ( 'NONE',  ( -16.41788286210070424, 16.07582173911837486, 1.500000000000000444 ) ) ;
#9023 = VERTEX_POINT ( 'NONE', #4692 ) ;
#9024 = FACE_OUTER_BOUND ( 'NONE', #3761, .T. ) ;
#9025 = VECTOR ( 'NONE', #9195, 1000.000000000000000 ) ;
#9026 = ORIENTED_EDGE ( 'NONE', *, *, #4384, .F. ) ;
#9027 = CARTESIAN_POINT ( 'NONE',  ( 36.58211713789930286, 22.78641401289931778, 1.500000000000000444 ) ) ;
#9028 = LINE ( 'NONE', #1811, #9105 ) ;
#9029 = CARTESIAN_POINT ( 'NONE',  ( -91.75000000000001421, 16.66277201088163551, 3.250000000000000444 ) ) ;
#9030 = ORIENTED_EDGE ( 'NONE', *, *, #926, .T. ) ;
#9031 = CARTESIAN_POINT ( 'NONE',  ( -84.75000000000001421, 20.80448725967914925, 1.500000000000000444 ) ) ;
#9032 = ORIENTED_EDGE ( 'NONE', *, *, #8328, .F. ) ;
#9033 = EDGE_CURVE ( 'NONE', #5404, #7975, #3944, .T. ) ;
#9034 = ADVANCED_FACE ( 'NONE', ( #6848, #1760 ), #6149, .F. ) ;
#9035 = LINE ( 'NONE', #1865, #4496 ) ;
#9036 = LINE ( 'NONE', #8286, #6467 ) ;
#9037 = CARTESIAN_POINT ( 'NONE',  ( -9.321524864118385878, 13.13641401289931210, 1.500000000000000444 ) ) ;
#9038 = CARTESIAN_POINT ( 'NONE',  ( -83.06788286210067440, 15.48641401289931174, -2.999999999999999112 ) ) ;
#9039 = DIRECTION ( 'NONE',  ( 1.000000000000000000, -0.000000000000000000, 0.000000000000000000 ) ) ;
#9040 = ORIENTED_EDGE ( 'NONE', *, *, #261, .T. ) ;
#9041 = CARTESIAN_POINT ( 'NONE',  ( 9.582117137899304637, 22.78641401289931778, 0.5000000000000004441 ) ) ;
#9042 = EDGE_LOOP ( 'NONE', ( #5166, #1166, #3774, #5218, #3454, #1545, #5646, #3409, #5224, #8567, #2385 ) ) ;
#9043 = CARTESIAN_POINT ( 'NONE',  ( -8.767882862100673691, 20.78641401289931778, 0.5000000000000004441 ) ) ;
#9044 = ORIENTED_EDGE ( 'NONE', *, *, #4865, .T. ) ;
#9045 = DIRECTION ( 'NONE',  ( 0.000000000000000000, -1.000000000000000000, 0.000000000000000000 ) ) ;
#9046 = APPROVAL_DATE_TIME ( #2581, #3083 ) ;
#9047 = DIRECTION ( 'NONE',  ( -0.000000000000000000, 1.000000000000000000, -0.000000000000000000 ) ) ;
#9048 = LINE ( 'NONE', #4726, #5173 ) ;
#9049 = VERTEX_POINT ( 'NONE', #6711 ) ;
#9050 = VERTEX_POINT ( 'NONE', #353 ) ;
#9051 = CARTESIAN_POINT ( 'NONE',  ( 39.25000000000000000, 23.15429687500000000, 4.000000000000000000 ) ) ;
#9052 = EDGE_LOOP ( 'NONE', ( #6367, #2044, #5754, #7744, #5246, #6275, #6710, #8420 ) ) ;
#9053 = EDGE_CURVE ( 'NONE', #8843, #1567, #9257, .T. ) ;
#9054 = CARTESIAN_POINT ( 'NONE',  ( -9.321524864118412523, 23.17217973710070567, 1.500000000000000444 ) ) ;
#9055 = CARTESIAN_POINT ( 'NONE',  ( 36.67847513588159813, 13.13641401289931210, 1.500000000000000444 ) ) ;
#9056 = EDGE_CURVE ( 'NONE', #8841, #1498, #6103, .T. ) ;
#9057 = EDGE_CURVE ( 'NONE', #6499, #4234, #3295, .T. ) ;
#9058 = CARTESIAN_POINT ( 'NONE',  ( -62.41788286210071135, 16.16277201088163551, 3.250000000000000444 ) ) ;
#9059 = DIRECTION ( 'NONE',  ( 0.000000000000000000, 1.000000000000000000, -0.000000000000000000 ) ) ;
#9060 = CARTESIAN_POINT ( 'NONE',  ( -75.38211713789932844, 20.16277201088163196, 3.250000000000000444 ) ) ;
#9061 = ORIENTED_EDGE ( 'NONE', *, *, #2157, .F. ) ;
#9062 = DIRECTION ( 'NONE',  ( 1.000000000000000000, -0.000000000000000000, 0.000000000000000000 ) ) ;
#9063 = VERTEX_POINT ( 'NONE', #9019 ) ;
#9064 = LINE ( 'NONE', #4741, #4306 ) ;
#9065 = VECTOR ( 'NONE', #418, 1000.000000000000000 ) ;
#9066 = DIRECTION ( 'NONE',  ( -0.7071067811865471286, 0.7071067811865479058, 0.000000000000000000 ) ) ;
#9067 = ORIENTED_EDGE ( 'NONE', *, *, #1729, .F. ) ;
#9068 = EDGE_CURVE ( 'NONE', #3967, #8495, #3551, .T. ) ;
#9069 = ADVANCED_FACE ( 'NONE', ( #8269 ), #2641, .T. ) ;
#9070 = CARTESIAN_POINT ( 'NONE',  ( 32.58211713789929576, 15.48641401289931174, 0.5000000000000004441 ) ) ;
#9071 = AXIS2_PLACEMENT_3D ( 'NONE', #272, #3124, #8135 ) ;
#9072 = CARTESIAN_POINT ( 'NONE',  ( -6.382117137899323112, 16.07582173911838197, 1.500000000000000444 ) ) ;
#9073 = ORIENTED_EDGE ( 'NONE', *, *, #757, .F. ) ;
#9074 = DIRECTION ( 'NONE',  ( -0.000000000000000000, 1.000000000000000000, -0.000000000000000000 ) ) ;
#9075 = EDGE_LOOP ( 'NONE', ( #8041, #3499, #2281, #3086 ) ) ;
#9076 = ORIENTED_EDGE ( 'NONE', *, *, #658, .T. ) ;
#9077 = DIRECTION ( 'NONE',  ( 0.000000000000000000, 1.000000000000000000, 0.000000000000000000 ) ) ;
#9078 = VECTOR ( 'NONE', #6589, 1000.000000000000000 ) ;
#9079 = VECTOR ( 'NONE', #8673, 1000.000000000000000 ) ;
#9080 = DIRECTION ( 'NONE',  ( 0.000000000000000000, -1.000000000000000000, 0.000000000000000000 ) ) ;
#9081 = ADVANCED_FACE ( 'NONE', ( #582 ), #5632, .F. ) ;
#9082 = DIRECTION ( 'NONE',  ( 1.000000000000000000, -1.734723475976806709E-18, -0.000000000000000000 ) ) ;
#9083 = EDGE_CURVE ( 'NONE', #1895, #3673, #8496, .T. ) ;
#9084 = LINE ( 'NONE', #7714, #4875 ) ;
#9085 = FACE_OUTER_BOUND ( 'NONE', #8920, .T. ) ;
#9086 = ORIENTED_EDGE ( 'NONE', *, *, #6218, .F. ) ;
#9087 = DIRECTION ( 'NONE',  ( 1.000000000000000000, 1.259073490628327690E-16, 0.000000000000000000 ) ) ;
#9088 = ORIENTED_EDGE ( 'NONE', *, *, #824, .F. ) ;
#9089 = VECTOR ( 'NONE', #2323, 1000.000000000000000 ) ;
#9090 = CARTESIAN_POINT ( 'NONE',  ( 31.93211713789931139, 20.80448725967914925, 0.5000000000000004441 ) ) ;
#9091 = ORIENTED_EDGE ( 'NONE', *, *, #4215, .F. ) ;
#9092 = CARTESIAN_POINT ( 'NONE',  ( -78.41788286210068293, 13.48641401289931174, 1.500000000000000444 ) ) ;
#9093 = CIRCLE ( 'NONE', #4291, 0.5000000000000000000 ) ;
#9094 = DIRECTION ( 'NONE',  ( -0.000000000000000000, -1.000000000000000000, -0.000000000000000000 ) ) ;
#9095 = EDGE_CURVE ( 'NONE', #8660, #3023, #2738, .T. ) ;
#9096 = DIRECTION ( 'NONE',  ( 1.000000000000000000, -1.734723475976806709E-18, -0.000000000000000000 ) ) ;
#9097 = ORIENTED_EDGE ( 'NONE', *, *, #7853, .T. ) ;
#9098 = ORIENTED_EDGE ( 'NONE', *, *, #3333, .F. ) ;
#9099 = FACE_OUTER_BOUND ( 'NONE', #9052, .T. ) ;
#9100 = VERTEX_POINT ( 'NONE', #5589 ) ;
#9101 = LINE ( 'NONE', #3858, #938 ) ;
#9102 = ORIENTED_EDGE ( 'NONE', *, *, #4406, .T. ) ;
#9103 = CARTESIAN_POINT ( 'NONE',  ( 31.93211713789931139, 15.48641401289931174, 1.500000000000000444 ) ) ;
#9104 = VECTOR ( 'NONE', #4210, 1000.000000000000114 ) ;
#9105 = VECTOR ( 'NONE', #5498, 1000.000000000000000 ) ;
#9106 = CARTESIAN_POINT ( 'NONE',  ( 8.932117137899320269, 20.78641401289931068, 1.500000000000000444 ) ) ;
#9107 = PLANE ( 'NONE',  #939 ) ;
#9108 = CARTESIAN_POINT ( 'NONE',  ( -16.41788286210070424, 20.16277201088163196, 3.250000000000000444 ) ) ;
#9109 = EDGE_CURVE ( 'NONE', #1002, #3820, #2031, .T. ) ;
#9110 = CARTESIAN_POINT ( 'NONE',  ( 46.25000000000000000, 24.87145416252538510, 5.217157287525385989 ) ) ;
#9111 = DIRECTION ( 'NONE',  ( -0.000000000000000000, -0.000000000000000000, 1.000000000000000000 ) ) ;
#9112 = ORIENTED_EDGE ( 'NONE', *, *, #1869, .F. ) ;
#9113 = VECTOR ( 'NONE', #492, 1000.000000000000000 ) ;
#9114 = DIRECTION ( 'NONE',  ( -0.000000000000000000, -0.000000000000000000, 1.000000000000000000 ) ) ;
#9115 = EDGE_LOOP ( 'NONE', ( #1264, #9238, #5903, #7276, #763 ) ) ;
#9116 = EDGE_CURVE ( 'NONE', #5385, #395, #8451, .T. ) ;
#9117 = CARTESIAN_POINT ( 'NONE',  ( -61.81788286210068151, 20.80448725967914925, 1.500000000000000444 ) ) ;
#9118 = ORIENTED_EDGE ( 'NONE', *, *, #2277, .T. ) ;
#9119 = AXIS2_PLACEMENT_3D ( 'NONE', #3802, #1009, #3105 ) ;
#9120 =( BOUNDED_CURVE ( )  B_SPLINE_CURVE ( 3, ( #8168, #3155, #6011, #7511 ),
 .UNSPECIFIED., .F., .F. ) 
 B_SPLINE_CURVE_WITH_KNOTS ( ( 4, 4 ),
 ( 3.141592653589793116, 4.537599790382865095 ),
 .UNSPECIFIED. ) 
 CURVE ( )  GEOMETRIC_REPRESENTATION_ITEM ( )  RATIONAL_B_SPLINE_CURVE ( ( 1.000000000000000000, 0.8440845325001437027, 0.8440845325001437027, 1.000000000000000000 ) ) 
 REPRESENTATION_ITEM ( '' )  );
#9121 = VECTOR ( 'NONE', #3762, 1000.000000000000114 ) ;
#9122 = DIRECTION ( 'NONE',  ( 1.000000000000000000, 0.000000000000000000, 0.000000000000000000 ) ) ;
#9123 = DIRECTION ( 'NONE',  ( -0.000000000000000000, -0.000000000000000000, 1.000000000000000000 ) ) ;
#9124 = VERTEX_POINT ( 'NONE', #6334 ) ;
#9125 = CARTESIAN_POINT ( 'NONE',  ( -91.75000000000000000, 11.05429687500000036, 0.3999999999999837019 ) ) ;
#9126 = ORIENTED_EDGE ( 'NONE', *, *, #1638, .F. ) ;
#9127 = ORIENTED_EDGE ( 'NONE', *, *, #2555, .F. ) ;
#9128 = EDGE_CURVE ( 'NONE', #5015, #5302, #7124, .T. ) ;
#9129 = CARTESIAN_POINT ( 'NONE',  ( -16.41788286210070424, 16.16277201088163551, 3.250000000000000444 ) ) ;
#9130 = EDGE_CURVE ( 'NONE', #3031, #2245, #4267, .T. ) ;
#9131 = EDGE_LOOP ( 'NONE', ( #8456, #1060, #9214, #5972 ) ) ;
#9132 = DIRECTION ( 'NONE',  ( -0.000000000000000000, -0.000000000000000000, 1.000000000000000000 ) ) ;
#9133 = CARTESIAN_POINT ( 'NONE',  ( -91.75000000000001421, 17.66277201088163196, 3.250000000000000444 ) ) ;
#9134 = LINE ( 'NONE', #7763, #8387 ) ;
#9135 = EDGE_LOOP ( 'NONE', ( #2456, #971, #7501, #2843 ) ) ;
#9136 = DIRECTION ( 'NONE',  ( -0.000000000000000000, 0.000000000000000000, 1.000000000000000000 ) ) ;
#9137 = ORIENTED_EDGE ( 'NONE', *, *, #8601, .F. ) ;
#9138 = CARTESIAN_POINT ( 'NONE',  ( -14.06788286210067263, 15.48641401289931174, 0.5000000000000004441 ) ) ;
#9139 = DIRECTION ( 'NONE',  ( -6.546126324440781637E-16, 1.000000000000000000, 0.000000000000000000 ) ) ;
#9140 = EDGE_CURVE ( 'NONE', #4335, #4437, #7786, .T. ) ;
#9141 = CIRCLE ( 'NONE', #3445, 0.5000000000000000000 ) ;
#9142 = DIRECTION ( 'NONE',  ( 1.000000000000000000, 0.000000000000000000, 0.000000000000000000 ) ) ;
#9143 = CARTESIAN_POINT ( 'NONE',  ( -77.76788286210067724, 15.50448725967914143, 0.5000000000000004441 ) ) ;
#9144 = ORIENTED_EDGE ( 'NONE', *, *, #6867, .F. ) ;
#9145 = CIRCLE ( 'NONE', #767, 0.5000000000000000000 ) ;
#9146 = CARTESIAN_POINT ( 'NONE',  ( 39.25000000000000000, 23.15429687500000000, 4.000000000000000000 ) ) ;
#9147 = ADVANCED_FACE ( 'NONE', ( #7079 ), #8406, .T. ) ;
#9148 = EDGE_CURVE ( 'NONE', #82, #4560, #2779, .T. ) ;
#9149 = DIRECTION ( 'NONE',  ( 1.000000000000000000, 0.000000000000000000, 0.000000000000000000 ) ) ;
#9150 = ORIENTED_EDGE ( 'NONE', *, *, #208, .F. ) ;
#9151 = DIRECTION ( 'NONE',  ( 0.000000000000000000, 0.000000000000000000, -1.000000000000000000 ) ) ;
#9152 = VECTOR ( 'NONE', #46, 1000.000000000000000 ) ;
#9153 = DIRECTION ( 'NONE',  ( 0.000000000000000000, 0.000000000000000000, -1.000000000000000000 ) ) ;
#9154 = VECTOR ( 'NONE', #7659, 1000.000000000000000 ) ;
#9155 = CARTESIAN_POINT ( 'NONE',  ( 0.000000000000000000, 0.000000000000000000, 6.000000000000000000 ) ) ;
#9156 = DIRECTION ( 'NONE',  ( -1.000000000000000000, -6.546126324440782623E-16, -0.000000000000000000 ) ) ;
#9157 = PLANE ( 'NONE',  #1072 ) ;
#9158 = EDGE_LOOP ( 'NONE', ( #385, #6530, #6090, #1399 ) ) ;
#9159 = FACE_BOUND ( 'NONE', #5885, .T. ) ;
#9160 = ORIENTED_EDGE ( 'NONE', *, *, #1793, .F. ) ;
#9161 = VECTOR ( 'NONE', #3356, 1000.000000000000000 ) ;
#9162 = DIRECTION ( 'NONE',  ( 0.000000000000000000, -0.000000000000000000, 1.000000000000000000 ) ) ;
#9163 = ORIENTED_EDGE ( 'NONE', *, *, #494, .F. ) ;
#9164 = VECTOR ( 'NONE', #7933, 1000.000000000000000 ) ;
#9165 = DIRECTION ( 'NONE',  ( 1.000000000000000000, 0.000000000000000000, 0.000000000000000000 ) ) ;
#9166 = VERTEX_POINT ( 'NONE', #4224 ) ;
#9167 = VECTOR ( 'NONE', #6383, 1000.000000000000000 ) ;
#9168 = DIRECTION ( 'NONE',  ( 0.7071067811865474617, -0.7071067811865474617, 0.000000000000000000 ) ) ;
#9169 = DIRECTION ( 'NONE',  ( -1.000000000000000000, -0.000000000000000000, -0.000000000000000000 ) ) ;
#9170 = ORIENTED_EDGE ( 'NONE', *, *, #6933, .F. ) ;
#9171 = ORIENTED_EDGE ( 'NONE', *, *, #7250, .F. ) ;
#9172 = ORIENTED_EDGE ( 'NONE', *, *, #9057, .T. ) ;
#9173 = LINE ( 'NONE', #2750, #2426 ) ;
#9174 = VECTOR ( 'NONE', #2352, 1000.000000000000000 ) ;
#9175 = ORIENTED_EDGE ( 'NONE', *, *, #5378, .T. ) ;
#9176 = ADVANCED_FACE ( 'NONE', ( #535 ), #8544, .F. ) ;
#9177 = LINE ( 'NONE', #4901, #5785 ) ;
#9178 = ADVANCED_FACE ( 'NONE', ( #9159, #3385 ), #724, .F. ) ;
#9179 = CARTESIAN_POINT ( 'NONE',  ( -13.47847513588162904, 23.17217973710070567, 6.000000000000000000 ) ) ;
#9180 = EDGE_CURVE ( 'NONE', #1330, #2144, #6422, .T. ) ;
#9181 = VECTOR ( 'NONE', #1866, 1000.000000000000000 ) ;
#9182 = DIRECTION ( 'NONE',  ( 0.000000000000000000, -0.000000000000000000, 1.000000000000000000 ) ) ;
#9183 = ORIENTED_EDGE ( 'NONE', *, *, #8341, .T. ) ;
#9184 = DIRECTION ( 'NONE',  ( 0.000000000000000000, 0.000000000000000000, 1.000000000000000000 ) ) ;
#9185 = ORIENTED_EDGE ( 'NONE', *, *, #5332, .F. ) ;
#9186 = DIRECTION ( 'NONE',  ( -1.000000000000000000, -6.546126324440781637E-16, 0.000000000000000000 ) ) ;
#9187 = DIRECTION ( 'NONE',  ( 0.000000000000000000, -1.000000000000000000, 0.000000000000000000 ) ) ;
#9188 = FACE_OUTER_BOUND ( 'NONE', #5550, .T. ) ;
#9189 = ADVANCED_FACE ( 'NONE', ( #7031 ), #3522, .F. ) ;
#9190 = ORIENTED_EDGE ( 'NONE', *, *, #7098, .T. ) ;
#9191 = LINE ( 'NONE', #7775, #7896 ) ;
#9192 = VERTEX_POINT ( 'NONE', #4837 ) ;
#9193 = DIRECTION ( 'NONE',  ( -1.000000000000000000, -0.000000000000000000, -0.000000000000000000 ) ) ;
#9194 = EDGE_LOOP ( 'NONE', ( #5574, #7635, #1122, #4823 ) ) ;
#9195 = DIRECTION ( 'NONE',  ( -0.000000000000000000, 1.000000000000000000, -0.000000000000000000 ) ) ;
#9196 = DIRECTION ( 'NONE',  ( 0.7071067811865479058, 0.7071067811865471286, 0.000000000000000000 ) ) ;
#9197 = ADVANCED_FACE ( 'NONE', ( #5540 ), #6378, .F. ) ;
#9198 = EDGE_CURVE ( 'NONE', #4437, #4026, #1294, .T. ) ;
#9199 = CARTESIAN_POINT ( 'NONE',  ( 39.25000000000000000, 23.15429687500000000, 4.000000000000000000 ) ) ;
#9200 = CARTESIAN_POINT ( 'NONE',  ( -29.79516686613607135, 15.66277201088163373, 3.250000000000000444 ) ) ;
#9201 = CARTESIAN_POINT ( 'NONE',  ( -62.00483313386396844, 15.66277201088163373, 3.250000000000000444 ) ) ;
#9202 = VERTEX_POINT ( 'NONE', #6557 ) ;
#9203 = DIRECTION ( 'NONE',  ( 0.000000000000000000, 0.000000000000000000, -1.000000000000000000 ) ) ;
#9204 = ORIENTED_EDGE ( 'NONE', *, *, #2047, .T. ) ;
#9205 = DIRECTION ( 'NONE',  ( 1.259073490628327690E-16, -1.000000000000000000, 0.000000000000000000 ) ) ;
#9206 = ORIENTED_EDGE ( 'NONE', *, *, #1282, .T. ) ;
#9207 = PLANE ( 'NONE',  #3326 ) ;
#9208 = ORIENTED_EDGE ( 'NONE', *, *, #1202, .T. ) ;
#9209 = ADVANCED_FACE ( 'NONE', ( #155 ), #4393, .F. ) ;
#9210 = LINE ( 'NONE', #3530, #3763 ) ;
#9211 = DIRECTION ( 'NONE',  ( 1.000000000000000000, -1.734723475976806709E-18, -0.000000000000000000 ) ) ;
#9212 = CARTESIAN_POINT ( 'NONE',  ( 36.67847513588159813, 13.13641401289931210, 1.500000000000000444 ) ) ;
#9213 = ORIENTED_EDGE ( 'NONE', *, *, #6611, .F. ) ;
#9214 = ORIENTED_EDGE ( 'NONE', *, *, #3842, .F. ) ;
#9215 = VERTEX_POINT ( 'NONE', #6687 ) ;
#9216 = AXIS2_PLACEMENT_3D ( 'NONE', #7535, #7260, #1130 ) ;
#9217 = CARTESIAN_POINT ( 'NONE',  ( 39.18788286210063632, 20.66277201088163196, 3.250000000000000444 ) ) ;
#9218 = ORIENTED_EDGE ( 'NONE', *, *, #5177, .T. ) ;
#9219 = AXIS2_PLACEMENT_3D ( 'NONE', #3215, #6027, #7432 ) ;
#9220 = LINE ( 'NONE', #4378, #8932 ) ;
#9221 = DIRECTION ( 'NONE',  ( -0.7071067811865474617, 0.7071067811865474617, 0.000000000000000000 ) ) ;
#9222 = CARTESIAN_POINT ( 'NONE',  ( 0.000000000000000000, 0.000000000000000000, 4.000000000000000000 ) ) ;
#9223 = ORIENTED_EDGE ( 'NONE', *, *, #7227, .F. ) ;
#9224 = CARTESIAN_POINT ( 'NONE',  ( 36.69635799798228248, 23.15429687500000000, 1.500000000000000444 ) ) ;
#9225 = ORIENTED_EDGE ( 'NONE', *, *, #8498, .F. ) ;
#9226 = EDGE_CURVE ( 'NONE', #8806, #2393, #3787, .T. ) ;
#9227 = AXIS2_PLACEMENT_3D ( 'NONE', #2981, #5832, #4285 ) ;
#9228 = PLANE ( 'NONE',  #27 ) ;
#9229 = ORIENTED_EDGE ( 'NONE', *, *, #4244, .F. ) ;
#9230 = AXIS2_PLACEMENT_3D ( 'NONE', #3608, #6504, #4259 ) ;
#9231 = CARTESIAN_POINT ( 'NONE',  ( -0.01666666666770566518, -35.21236979166773295, 46.26666666666613281 ) ) ;
#9232 = CARTESIAN_POINT ( 'NONE',  ( -16.41788286210070424, 20.23277201088163224, 1.500000000000000444 ) ) ;
#9233 = AXIS2_PLACEMENT_3D ( 'NONE', #4101, #4853, #4807 ) ;
#9234 = ORIENTED_EDGE ( 'NONE', *, *, #8921, .T. ) ;
#9235 = DIRECTION ( 'NONE',  ( 0.000000000000000000, 0.000000000000000000, -1.000000000000000000 ) ) ;
#9236 = ORIENTED_EDGE ( 'NONE', *, *, #1844, .T. ) ;
#9237 = CARTESIAN_POINT ( 'NONE',  ( -91.75000000000001421, 18.66277201088163196, 3.250000000000000444 ) ) ;
#9238 = ORIENTED_EDGE ( 'NONE', *, *, #1255, .T. ) ;
#9239 = EDGE_CURVE ( 'NONE', #6625, #8270, #2296, .T. ) ;
#9240 = EDGE_CURVE ( 'NONE', #1177, #2387, #196, .T. ) ;
#9241 = AXIS2_PLACEMENT_3D ( 'NONE', #7474, #1069, #2605 ) ;
#9242 = DIRECTION ( 'NONE',  ( 0.7071067811865471286, 0.7071067811865479058, 0.000000000000000000 ) ) ;
#9243 = CARTESIAN_POINT ( 'NONE',  ( 16.36794860091052328, 15.82588747792824790, 2.801754586982680095 ) ) ;
#9244 = DIRECTION ( 'NONE',  ( 1.000000000000000000, -0.000000000000000000, 0.000000000000000000 ) ) ;
#9245 = DIRECTION ( 'NONE',  ( -0.000000000000000000, -0.000000000000000000, 1.000000000000000000 ) ) ;
#9246 = FACE_OUTER_BOUND ( 'NONE', #2609, .T. ) ;
#9247 = PLANE ( 'NONE',  #3003 ) ;
#9248 = VERTEX_POINT ( 'NONE', #1509 ) ;
#9249 = CARTESIAN_POINT ( 'NONE',  ( 32.58211713789929576, 22.78641401289931778, 0.5000000000000004441 ) ) ;
#9250 = ORIENTED_EDGE ( 'NONE', *, *, #8715, .T. ) ;
#9251 = DIRECTION ( 'NONE',  ( -0.000000000000000000, -0.000000000000000000, 1.000000000000000000 ) ) ;
#9252 = EDGE_LOOP ( 'NONE', ( #739, #5621, #7261, #5541 ) ) ;
#9253 = VECTOR ( 'NONE', #1049, 1000.000000000000000 ) ;
#9254 = EDGE_CURVE ( 'NONE', #6015, #4612, #2540, .T. ) ;
#9255 = EDGE_CURVE ( 'NONE', #6694, #7123, #1602, .T. ) ;
#9256 = DIRECTION ( 'NONE',  ( -0.7071067811865479058, -0.7071067811865471286, 0.000000000000000000 ) ) ;
#9257 =( BOUNDED_CURVE ( )  B_SPLINE_CURVE ( 3, ( #8218, #1203, #1802, #444 ),
 .UNSPECIFIED., .F., .F. ) 
 B_SPLINE_CURVE_WITH_KNOTS ( ( 4, 4 ),
 ( 0.000000000000000000, 1.396007136793050885 ),
 .UNSPECIFIED. ) 
 CURVE ( )  GEOMETRIC_REPRESENTATION_ITEM ( )  RATIONAL_B_SPLINE_CURVE ( ( 1.000000000000000000, 0.8440845325001481436, 0.8440845325001481436, 1.000000000000000000 ) ) 
 REPRESENTATION_ITEM ( '' )  );
#9258 = VERTEX_POINT ( 'NONE', #8102 ) ;
#9259 = DIRECTION ( 'NONE',  ( -0.000000000000000000, 1.000000000000000000, -0.000000000000000000 ) ) ;
#9260 = LINE ( 'NONE', #4232, #4300 ) ;
#9261 = VECTOR ( 'NONE', #788, 1000.000000000000000 ) ;
#9262 = CARTESIAN_POINT ( 'NONE',  ( -29.38211713789932844, 18.16277201088163196, 3.250000000000000444 ) ) ;
#9263 = VERTEX_POINT ( 'NONE', #147 ) ;
#9264 = VERTEX_POINT ( 'NONE', #4440 ) ;
#9265 = ORIENTED_EDGE ( 'NONE', *, *, #1955, .T. ) ;
#9266 = DIRECTION ( 'NONE',  ( 1.000000000000000000, -0.000000000000000000, -0.000000000000000000 ) ) ;
#9267 = EDGE_CURVE ( 'NONE', #1295, #7629, #903, .T. ) ;
#9268 = EDGE_CURVE ( 'NONE', #3586, #502, #7353, .T. ) ;
#9269 = VECTOR ( 'NONE', #6608, 1000.000000000000000 ) ;
#9270 = ORIENTED_EDGE ( 'NONE', *, *, #5622, .F. ) ;
#9271 = DIRECTION ( 'NONE',  ( 0.7071067811865352493, 0.7071067811865597852, 0.000000000000000000 ) ) ;
#9272 = CARTESIAN_POINT ( 'NONE',  ( -91.75000000000001421, 24.65429687500000711, 5.999999999999999112 ) ) ;
#9273 = DIRECTION ( 'NONE',  ( 1.000000000000000000, 0.000000000000000000, 0.000000000000000000 ) ) ;
#9274 = ORIENTED_EDGE ( 'NONE', *, *, #1648, .T. ) ;
#9275 = DIRECTION ( 'NONE',  ( -0.000000000000000000, -1.000000000000000000, -0.000000000000000000 ) ) ;
#9276 = EDGE_LOOP ( 'NONE', ( #66, #5398, #9236, #5446, #5872, #3310, #5291, #7614, #5264 ) ) ;
#9277 = VERTEX_POINT ( 'NONE', #8056 ) ;
#9278 = CARTESIAN_POINT ( 'NONE',  ( -15.81788286210067440, 15.48641401289931174, 0.5000000000000004441 ) ) ;
ENDSEC;
END-ISO-10303-21;
